Date,Site,Nt Mutations,AA Mutations,Support DP,Total DP,Combined Freq,Overall Occurrence,Lineage Occurrence
1012026,BA.2_0.01_abundance_0.1,T416G;T670G,ORF1a:C51G;ORF1a:S135R,319,2381,0.1339773204535909,6,BQ.1.1.7:1;BA.5.2.9:1;BA.4.6:1;BA.2:2;BF.21:1
1012026,BA.2_0.01_abundance_0.1,T416G;C635G;T670G,ORF1a:C51G;ORF1a:R124G;ORF1a:S135R,57,2381,0.0239395212095758,0,
1012026,BA.2_0.01_abundance_0.1,T416G;C601A;T670G,ORF1a:C51G;ORF1a:G112G;ORF1a:S135R,143,2381,0.0600587988240235,0,
1012026,BA.2_0.01_abundance_0.1,T416G;C601A;C635G;T670G,ORF1a:C51G;ORF1a:G112G;ORF1a:R124G;ORF1a:S135R,32,2381,0.0134397312053758,0,
1012026,BA.2_0.01_abundance_0.1,T416G;A518G;T670G,ORF1a:C51G;ORF1a:M85V;ORF1a:S135R,24,2381,0.0100797984040319,0,
1012026,BA.2_0.01_abundance_0.1,A518G;T670G,ORF1a:M85V;ORF1a:S135R,68,2383,0.0285354595048258,572,BA.4.6.4:1;BQ.1.1.28:7;BA.5.3.1:7;BA.2.3.15:1;BA.4.1.2:3;BA.2.10:7;BQ.1.8:1;BA.2:188;CY.1:4;BA.2.12.1:23;BA.2.75:12;BA.5.1:45;BA.2.65:3;BE.1.1:11;BA.5.6:30;BA.5.2.12:1;BA.5.2.1:20;BA.2.3:7;BA.2.5:1;BA.5.1.1:1;BA.5.2:44;BN.1.3.1:1;BA.5:6;BF.5:1;BE.1.3:12;BF.1:14;BA.2.9:39;BF.7:5;BA.5.1.25:1;CH.1.1:1;BA.2.45:2;BF.7.10:1;BA.5.2.26:5;BE.1:3;BA.5.2.27:1;BA.5.1.2:2;BA.5.8:1;BA.5.9:1;BE.1.4.2:1;BE.1.1.2:1;BA.2.1:3;BA.2.36:1;BA.4.1:2;BA.5.1.24:4;BA.5.1.10:1;BQ.1.1:5;BE.7:1;BF.21:1;BA.2.3.1:2;BN.1.8:1;XAY.2:1;BA.2.31:1;BA.5.10:3;BF.19:2;BF.13:1;BA.2.24:1;BA.4.1.9:1;BQ.1.10.1:1;BA.2.38:1;BA.2.64:1;BA.5.5:1;BA.5.1.22:1;BA.5.1.3:1;BA.4.4:2;BA.2.47:2;BA.5.2.21:1;BQ.1.1.22:1;BN.1.3:2;BA.4:1;BA.5.2.20:1;BE.4.2:1;BA.5.1.30:1;BA.2.10.1:1;BQ.1.1.18:1;BA.2.76:1;BA.4.1.1:1;BA.5.2.7:2;BA.2.38.1:1;BA.2.25:1
1012026,BA.2_0.01_abundance_0.1,T523G;T670G,ORF1a:V86V;ORF1a:S135R,44,2383,0.0184641208560637,1379,BF.26:1;BA.2.3.1:18;BA.5.1:81;CG.1:8;BA.5.2.1:51;BA.4:17;BA.2.36:10;BA.2.10:18;BA.2.12.1:28;BA.4.1:10;BA.2.12:2;BA.5.2.20:4;BA.2.9.3:6;BA.2.18:18;BF.5:12;BF.21:2;BA.2:850;BF.10:2;BE.4:2;BA.5.1.19:1;BA.5.1.22:2;BE.1.1:14;BA.5.3:3;BA.2.3:15;BF.7:4;BA.4.6:6;BA.5.2:22;XBC.1:5;BA.5.1.17:4;BA.2.56:2;BA.2.32:1;BA.2.5:3;BA.5:6;BE.1.3:8;BA.2.31:11;BF.14:2;BQ.1.1.24:1;BA.2.29:3;BA.2.3.13:2;BA.2.9:54;BE.2:1;BA.5.1.2:1;BA.5.1.1:1;CL.1:6;BA.2.1:2;BA.5.1.18:2;BA.2.40.1:1;BA.4.1.9:1;BA.5.2.9:2;BE.1:4;BQ.1.1.4:5;BA.5.9:3;BA.2.51:1;XBB.1:1;BQ.1.1:5;BA.5.3.1:3;BA.5.5:7;BE.9:1;BA.5.6:3;BA.5.2.34:1;BA.5.1.24:1;BA.2.11:1;BA.2.75:1;BF.24:1;BA.2.3.17:1;BA.2.24:4;BA.4.4:1;BA.5.2.13:1;BF.28:1;BA.2.9.5:1;BQ.1.1.7:1;BA.2.7:1;BE.8:1;BA.4.6.4:1;BA.5.1.3:1;BA.2.8:1
1012026,BA.2_0.01_abundance_0.1,C601A;T670G,ORF1a:G112G;ORF1a:S135R,372,2383,0.156105749055812,88,BA.5.2:8;BA.5.1:18;BF.4:1;BA.2.12.1:6;BA.4.1:1;BA.4:1;BA.2:28;BF.8:1;BA.2.10:12;BA.2.5:1;BE.5:2;BF.31:3;BA.2.9:1;BE.1.1:4;BF.7:1
1012026,BA.2_0.01_abundance_0.1,C601A;C635G;T670G,ORF1a:G112G;ORF1a:R124G;ORF1a:S135R,74,2383,0.0310532941670163,0,
1012026,BA.2_0.01_abundance_0.1,C635G;T670G,ORF1a:R124G;ORF1a:S135R,183,2383,0.0767939571968107,2,BA.2.1:1;BA.5.2:1
1012026,BA.2_0.01_abundance_0.1,T670G;C958T,ORF1a:S135R;ORF1a:C231C,12,188,0.0638297872340425,4306,BA.5.1:39;BA.4.1:2325;BA.5.1.1:5;BA.4:62;BA.5.2.1:61;BA.5.2.4:17;BF.5:21;BA.2.64:57;BA.5.2.9:1;BA.2.18:1;BQ.1.23:1;BA.2.12.1:22;BE.1.1.1:292;BA.2.75:17;BA.5.2.6:3;BA.4.1.1:8;BA.5.6.2:2;BA.2:771;BQ.1.3:1;BE.4:3;BA.2.38:6;BA.5.2.44:1;BA.2.7:1;BA.5.2:137;BE.1:40;BA.2.29:1;BE.1.1:145;BA.2.10.2:1;BA.5.6:5;BA.2.3:12;BA.5.2.12:1;BF.7:5;XBB:3;XBB.1:3;BA.4.6:14;BA.5:17;BA.2.51:1;BA.2.3.18:3;BA.2.9:64;BA.5.2.24:1;BQ.1.1:22;BA.5.5:5;BF.7.5:1;BQ.1.9:1;BQ.1.1.13:58;BA.5.1.2:1;BA.5.1.6:1;BA.5.10:1;BF.23:1;BA.2.36:3;BA.5.2.21:2;BA.2.10:5;BA.5.2.35:4;BF.14:1;BA.2.3.2:1;BQ.1.1.15:1;DJ.1.1:1;BQ.1:1;BE.1.1.2:1;BE.3:1;BA.5.2.32:4;BA.2.48:1;BQ.1.1.12:1;BE.1.4:1;BF.7.4:2;BF.10:4;BA.2.37:2;BA.2.10.1:1;BQ.1.5:1;BA.5.1.3:1;BA.2.3.13:1;BA.2.34:1;BA.5.1.10:1;BF.26:1;BF.17:1;BA.2.65:1
1012026,BA.2_0.01_abundance_0.1,G1312T;C1500G,ORF1a:L349F;ORF1a:S412C,8,186,0.043010752688172,0,
1012026,BA.2_0.01_abundance_0.1,C2973T;C3037T;G3119A,ORF1a:A903V;ORF1a:F924F;ORF1a:E952K,124,492,0.2520325203252032,0,
1012026,BA.2_0.01_abundance_0.1,C2973T;C3037T;G3119A;C3176A,ORF1a:A903V;ORF1a:F924F;ORF1a:E952K;ORF1a:P971T,5,95,0.0526315789473684,0,
1012026,BA.2_0.01_abundance_0.1,C3037T;G3119A;C3176A,ORF1a:F924F;ORF1a:E952K;ORF1a:P971T,11,95,0.1157894736842105,0,
1012026,BA.2_0.01_abundance_0.1,C3176A;G3401C,ORF1a:P971T;ORF1a:V1046L,10,112,0.0892857142857142,0,
1012026,BA.2_0.01_abundance_0.1,T3352A;G3401C,ORF1a:S1029R;ORF1a:V1046L,33,628,0.0525477707006369,0,
1012026,BA.2_0.01_abundance_0.1,T6006C;A6024C,ORF1a:L1914P;ORF1a:Y1920S,28,684,0.0409356725146198,0,
1012026,BA.2_0.01_abundance_0.1,T6006C;C6213T,ORF1a:L1914P;ORF1a:A1983V,8,613,0.0130505709624796,0,
1012026,BA.2_0.01_abundance_0.1,A6024C;C6213T,ORF1a:Y1920S;ORF1a:A1983V,35,613,0.0570962479608482,0,
1012026,BA.2_0.01_abundance_0.1,C6213T;T6290G,ORF1a:A1983V;ORF1a:C2009G,23,517,0.0444874274661508,0,
1012026,BA.2_0.01_abundance_0.1,A7799G;T7931A,ORF1a:T2512A;ORF1a:S2556T,21,1133,0.0185348631950573,0,
1012026,BA.2_0.01_abundance_0.1,T8345G;T8392C,ORF1a:C2694G;ORF1a:I2709I,29,386,0.0751295336787564,0,
1012026,BA.2_0.01_abundance_0.1,T9029C;T9061G,ORF1a:F2922L;ORF1a:Y2932*,41,3035,0.0135090609555189,0,
1012026,BA.2_0.01_abundance_0.1,A9280G;C9344T;A9424G;C9534T,ORF1a:V3005V;ORF1a:L3027F;ORF1a:V3053V;ORF1a:T3090I,15,199,0.0753768844221105,515,BA.5.1.27:13;BF.21:6;BA.5.2.1:432;BA.2.12.1:6;BA.5.2.3:1;BA.5.1:3;BF.5:2;BA.2:15;BA.4.1:1;BA.5.2.18:4;BA.2.9:2;BA.2.3:1;BA.5.2:8;BF.7:3;BA.2.75:5;BA.5.1.22:1;BA.5.1.5:3;BA.5:1;BA.5.5:1;BA.2.13.1:1;BA.4.6.5:1;BA.5.1.6:1;BA.4.6:2;BA.2.65:1;BA.2.48:1
1012026,BA.2_0.01_abundance_0.1,C9534T;G9620C,ORF1a:T3090I;ORF1a:D3119H,128,2186,0.0585544373284538,0,
1012026,BA.2_0.01_abundance_0.1,C10029T;T10120A,ORF1a:T3255I;ORF1a:C3285*,8,13,0.6153846153846154,2,BA.5.2.1:1;BA.2.9:1
1012026,BA.2_0.01_abundance_0.1,C12880T;A13058C,ORF1a:I4205I;ORF1a:T4265P,39,523,0.0745697896749522,0,
1012026,BA.2_0.01_abundance_0.1,C12880T;A13066T,ORF1a:I4205I;ORF1a:L4267F,62,105,0.5904761904761905,0,
1012026,BA.2_0.01_abundance_0.1,A13058C;A13066T,ORF1a:T4265P;ORF1a:L4267F,137,2453,0.0558499796167957,0,
1012026,BA.2_0.01_abundance_0.1,A13058C;A13066T;A13367T,ORF1a:T4265P;ORF1a:L4267F;ORF1a:T4368S,6,282,0.0212765957446808,0,
1012026,BA.2_0.01_abundance_0.1,A13066T;A13367T,ORF1a:L4267F;ORF1a:T4368S,71,282,0.25177304964539,0,
1012026,BA.2_0.01_abundance_0.1,A13367T;T13565C,ORF1a:T4368S;ORF1b:V33A,9,55,0.1636363636363636,0,
1012026,BA.2_0.01_abundance_0.1,G15913A;T15918C,ORF1b:D816N;ORF1b:Y817Y,107,1454,0.0735900962861072,0,
1012026,BA.2_0.01_abundance_0.1,A18147C;A18163G,ORF1b:E1560D;ORF1b:I1566V,384,1523,0.2521339461588969,38,BA.5.2:9;BA.1.1:12;BA.5.1:3;BA.2.75:2;BA.1:1;BA.2:2;BA.4.1.1:1;BA.1.1.18:1;BA.2.36:1;BA.2.12.1:3;BA.1.15:1;BA.5.2.36:1;BF.10:1
1012026,BA.2_0.01_abundance_0.1,A18163G;T18218A,ORF1b:I1566V;ORF1b:F1584Y,32,1404,0.0227920227920227,1,BA.1:1
1012026,BA.2_0.01_abundance_0.1,C18501G;C18599A,ORF1b:Y1678*;ORF1b:A1711E,68,170,0.4,0,
1012026,BA.2_0.01_abundance_0.1,C22674T;T22679C;C22686T;A22688G;G22696C,S:S371F;S:S373P;S:S375F;S:T376A;S:K378N,23,88,0.2613636363636363,1,BA.2:1
1012026,BA.2_0.01_abundance_0.1,G22992A;C22995A;A23013C;A23014C;A23040G;A23063T,S:S477N;S:T478K;S:E484A;S:E484D;S:Q493R;S:N501Y,63,198,0.3181818181818182,107,BA.2:100;BA.2.3:2;BA.1.1:2;BA.1:1;BA.2.38:1;BA.1.1.2:1
1012026,BA.2_0.01_abundance_0.1,G22992A;C22995A;A23013C;A23040G;A23063T;C23117G,S:S477N;S:T478K;S:E484A;S:Q493R;S:N501Y;S:H519D,23,198,0.1161616161616161,7,BA.2:2;BA.1.1:1;BA.1:4
1012026,BA.2_0.01_abundance_0.1,G22992A;C22995A;A23013C;A23014C;A23040G;A23063T;C23117G,S:S477N;S:T478K;S:E484A;S:E484D;S:Q493R;S:N501Y;S:H519D,7,198,0.0353535353535353,0,
1012026,BA.2_0.01_abundance_0.1,G22992A;C22995A;A23013C;A23014C;A23040G,S:S477N;S:T478K;S:E484A;S:E484D;S:Q493R,5,214,0.0233644859813084,111,BA.2:104;BA.2.3:2;BA.1.1:2;BA.1:1;BA.2.38:1;BA.1.1.2:1
1012026,BA.2_0.01_abundance_0.1,A23403G;T23487C,S:D614G;S:V642A,20,258,0.0775193798449612,173,BQ.1.1:9;BA.5.2.1:4;BA.2.12.1:3;AY.44:2;AY.122:18;BA.2:49;B.1.1.7:3;B.1.637:1;AY.103:4;AY.9.2:1;BA.1:8;B.1.1.25:1;AY.3:5;BA.2.10:1;BA.1.1.18:1;BA.1.1:4;AY.43:3;AY.42:5;AY.4:2;BA.4.4:1;BA.5.2:3;BA.5.5:2;BA.2.75:3;BA.1.15:2;AY.112:2;B.1.1:1;BA.2.3:4;BA.1.15.1:1;B.1.617.2:3;BA.2.23:1;AY.25:4;BA.1.1.1:1;B.1.568:1;B.1.258.17:1;BF.5:1;BA.1.17.2:2;BA.4.1:1;AY.119:1;BA.2.13:1;BA.5.1:3;AY.2:2;BQ.1.1.5:1;AY.100:1;BF.7:1;B.1.232:1;AY.46:1;BA.2.36:2;AY.123:1
1012026,BA.2_0.01_abundance_0.1,T23487C;T23599G;C23604A,S:V642A;S:N679K;S:P681H,11,249,0.0441767068273092,109,BQ.1.1:9;BA.5.2.1:4;BA.2.12.1:3;BA.2:49;BA.1:8;BA.2.10:1;BA.1.1.18:1;BA.1.1:4;BA.5.2:3;BA.4.4:1;BA.5.5:2;BA.2.75:3;BA.1.15:2;BA.2.3:4;BA.1.15.1:1;BA.2.23:1;BA.1.1.1:1;BF.5:1;BA.1.17.2:2;BA.4.1:1;BA.2.13:1;BA.5.1:3;BQ.1.1.5:1;BF.7:1;BA.2.36:2
1012026,BA.2_0.01_abundance_0.1,C25000T;C25006G,S:D1146D;S:F1148L,369,1355,0.2723247232472324,3,BA.2:2;BA.1:1
1012026,BA.2_0.01_abundance_0.1,A25759G;T25827C,ORF3a:I123V;ORF3a:Y145Y,5,127,0.0393700787401574,0,
1012026,BA.2_0.01_abundance_0.1,G26158C;C26165T;C26270T,ORF3a:V256L;ORF3a:P258L;E:T9I,19,354,0.0536723163841807,0,
1012026,BA.2_0.01_abundance_0.1,G26158C;C26270T,ORF3a:V256L;E:T9I,12,354,0.0338983050847457,18,BA.5.2.1:15;BA.2.5:1;BA.1:1;BA.2:1
1012026,BA.2_0.01_abundance_0.1,C26165T;C26270T,ORF3a:P258L;E:T9I,214,354,0.6045197740112994,178,AY.122:1;BA.4.1:1;BQ.1.14:1;BA.1.1:21;BA.2:18;BQ.1.3:1;BA.5.2.8:1;BA.5.3.2:1;BA.2.3.7:16;BE.1.1:4;BA.5.2.1:7;BA.1.1.18:1;BA.5.1.23:9;BA.1.17:1;BA.1:22;BA.5.2.6:2;BA.1.20:5;BA.5.3.3:1;BA.1.15:8;BQ.1.23:1;BA.5.2:6;BA.2.38:3;BA.2.3:5;BA.2.9:2;BQ.1.12:1;BA.2.12.1:6;BA.5.5:3;BQ.1:1;CK.2.1.1:2;BA.5.1:3;BA.5.6:1;XAD:1;BF.7.4:1;BA.1.1.15:1;BA.1.1.2:1;BE.1:2;BA.2.75:4;BA.5.1.10:1;BA.1.17.2:3;BQ.1.1:4;BA.5.1.3:1;BF.7:1;BA.5.1.22:1;BA.2.25:1;BA.1.15.1:1
1012026,BA.2_0.01_abundance_0.1,C26270T;C26333G,E:T9I;E:T30R,30,178,0.1685393258426966,0,
1012026,BA.2_0.01_abundance_0.1,T27346A;G27382C;T27384C,ORF6:Y49N;ORF6:D61H;ORF6:D61D,93,527,0.1764705882352941,8,BA.2.9:1;BA.2:7
1012026,BA.2_0.01_abundance_0.1,C29509A;A29510C,N:S412R;N:S413R,14,521,0.0268714011516314,158,BA.5.1:84;BA.5.3.1:6;BA.5.2.1:9;BA.5.2:14;BA.5.2.7:1;BE.1:2;BA.2:9;BA.5:1;BA.2.75:13;BN.1.3.1:5;BF.11:1;BF.8:2;BA.2.3:1;BF.5:1;BQ.1.1:2;BA.2.13:4;BA.5.5:3
1082026,BA.2_0.01_abundance_0.1,C512T;T670G,ORF1a:H83Y;ORF1a:S135R,309,1450,0.213103448275862,1341,BU.3:1;BA.5.1:187;BA.4.1:7;BA.5.2.1:120;BQ.1.14:2;BA.5.2.9:6;BA.5.6:29;BA.2.12.1:227;BA.2.75:5;DB.1:16;BE.1.2:1;BA.2:354;BA.5.5:9;BA.5.1.22:2;BF.10:10;BA.5.2:61;BA.2.9.3:1;BA.4.6:5;BE.1.1:13;BA.5.2.21:2;BA.5.2.27:3;BA.5.3.1:16;BA.2.3:33;BQ.1.1.15:1;BA.5.9:5;BF.1:11;BQ.1.1.6:1;XBB.1:2;BF.18:2;BA.5.1.1:5;BE.1:5;CQ.1:1;BF.7:3;BA.5.2.34:2;BA.5.2.23:1;BF.7.5:2;CM.5:2;BA.5:30;BF.5:6;BA.5.2.20:1;BF.26:1;BA.2.9:63;BA.2.32:1;XBB.3:2;BA.2.25:1;BA.5.1.12:1;BF.21:3;BQ.1.13:2;BA.2.3.15:2;BA.4:8;BQ.1.1.4:7;BE.3:1;BF.8:1;BA.2.10:3;BA.5.1.4:1;BA.2.9.5:1;BF.14:1;BA.5.2.6:2;BQ.1:6;BA.5.1.2:1;BQ.1.1:8;BA.5.1.3:1;BA.4.4:1;BA.2.3.1:5;BA.5.1.8:1;BA.2.10.1:1;BA.2.3.2:1;BA.5.1.23:3;BQ.1.22:1;BF.28:1;BQ.1.10:1;BA.5.2.7:10;BA.2.22:1;BQ.1.1.7:1;BE.2:1;BA.2.65:1;BA.5.2.28:1;BA.2.7:1;BA.4.1.1:1;BA.5.5.1:1;BA.4.7:1
1082026,BA.2_0.01_abundance_0.1,T670G;T727G,ORF1a:S135R;ORF1a:Y154*,21,477,0.0440251572327044,0,
1082026,BA.2_0.01_abundance_0.1,T1016C;T1088G,ORF1a:L251L;ORF1a:F275V,14,350,0.04,1,BA.2:1
1082026,BA.2_0.01_abundance_0.1,T2122G;T2188C,ORF1a:T619T;ORF1a:F641F,8,249,0.0321285140562249,0,
1082026,BA.2_0.01_abundance_0.1,A2916G;C3037T,ORF1a:Q884R;ORF1a:F924F,91,551,0.1651542649727767,193,AY.4:8;AY.99.2:3;B.1.617.2:34;AY.61:1;B.1.612:2;BA.1.14:1;BA.5.2.1:14;BA.2.3:2;C.37:4;B.1.1.7:2;BA.2.9:8;AY.43:2;AY.122:9;BA.1.1:17;BA.2.40.1:1;BA.1.15:8;AY.103:4;BA.1.17.2:1;BA.1:6;P.1:5;BA.2.9.5:1;AY.44:4;BA.2:8;AY.124:2;AY.125:5;BA.2.12.1:5;AY.4.6:1;BA.2.38.3:1;BA.1.14.1:1;BA.5.2.9:1;AY.106:1;BA.2.10:1;AY.4.4:1;B.1.1:4;BA.4.6:2;BQ.1.11:1;AY.29:2;BA.1.18:2;BA.5.1.10:7;B.1.621:1;BA.1.1.13:1;BA.5.2:4;B.1.2:1;BF.1:1;BF.11:1;BE.1:1;AY.42:1
1082026,BA.2_0.01_abundance_0.1,C10029T;C10074A,ORF1a:T3255I;ORF1a:A3270E,31,135,0.2296296296296296,2,AY.44:1;BA.5.2.6:1
1082026,BA.2_0.01_abundance_0.1,C11487T;T11581G,ORF1a:T3741I;ORF1a:T3772T,40,962,0.0415800415800415,0,
1082026,BA.2_0.01_abundance_0.1,C11487T;T11489C,ORF1a:T3741I;ORF1a:S3742P,20,1026,0.0194931773879142,0,
1082026,BA.2_0.01_abundance_0.1,T11489C;T11581G,ORF1a:S3742P;ORF1a:T3772T,59,962,0.0613305613305613,0,
1082026,BA.2_0.01_abundance_0.1,A14729T;A14795C,ORF1b:K421M;ORF1b:D443A,16,318,0.050314465408805,0,
1082026,BA.2_0.01_abundance_0.1,C15714T;T15733A,ORF1b:L749L;ORF1b:C756S,281,3759,0.074753923915935,1,BA.5:1
1082026,BA.2_0.01_abundance_0.1,C16523T;G16629C,ORF1b:T1019I;ORF1b:K1054N,7,22,0.3181818181818182,0,
1082026,BA.2_0.01_abundance_0.1,G17257C;C17410T,ORF1b:E1264Q;ORF1b:R1315C,250,1743,0.1434308663224326,0,
1082026,BA.2_0.01_abundance_0.1,C17410T;T17610G,ORF1b:R1315C;ORF1b:D1381E,30,439,0.0683371298405467,3,BA.2.75:3
1082026,BA.2_0.01_abundance_0.1,C17410T;A17630C,ORF1b:R1315C;ORF1b:K1388T,134,414,0.323671497584541,0,
1082026,BA.2_0.01_abundance_0.1,C17410T;T17610G;A17630C,ORF1b:R1315C;ORF1b:D1381E;ORF1b:K1388T,22,414,0.0531400966183574,0,
1082026,BA.2_0.01_abundance_0.1,T17610G;A17630C,ORF1b:D1381E;ORF1b:K1388T,195,3846,0.0507020280811232,0,
1082026,BA.2_0.01_abundance_0.1,C18004G;A18163G,ORF1b:L1513V;ORF1b:I1566V,9,121,0.0743801652892562,0,
1082026,BA.2_0.01_abundance_0.1,A18066G;A18163G,ORF1b:K1533K;ORF1b:I1566V,39,226,0.1725663716814159,223,BA.5.1.10:22;BA.5.2.28:19;BA.5.2:11;BA.2.12.1:23;BA.4:5;BA.5.1:10;BA.2:52;BA.1.1:26;BA.1.15:1;BA.2.9:13;BA.1:2;BA.2.3.14:1;BA.5.2.1:8;BF.11.2:1;BA.1.1.18:2;BA.5.3.2:1;BE.1.1:1;BA.5:3;BA.5.1.22:1;BA.2.52:4;BA.1.1.2:1;BA.1.17.2:6;BA.2.3.13:1;BA.4.1.5:1;BA.2.76:1;BK.1:1;BA.2.49:2;BA.1.15.1:1;BQ.1.1.22:1;BF.10:1;BQ.1.1:1
1082026,BA.2_0.01_abundance_0.1,A18366G;T18435G,ORF1b:L1633L;ORF1b:D1656E,15,980,0.0153061224489795,0,
1082026,BA.2_0.01_abundance_0.1,T18435G;T18477C,ORF1b:D1656E;ORF1b:F1670F,17,982,0.0173116089613034,0,
1082026,BA.2_0.01_abundance_0.1,A19655C;C19862T,ORF1b:K2063T;ORF1b:A2132V,5,353,0.0141643059490084,0,
1082026,BA.2_0.01_abundance_0.1,C22674T;T22679C;C22686T;A22688G;T22768G;G22813T,S:S371F;S:S373P;S:S375F;S:T376A;S:I402M;S:K417N,56,221,0.253393665158371,1,BA.2.12.1:1
1082026,BA.2_0.01_abundance_0.1,G22992A;C22995A;A23013C;A23040G;A23055G;T23075C;T23115C,S:S477N;S:T478K;S:E484A;S:Q493R;S:Q498R;S:Y505H;S:L518P,84,363,0.2314049586776859,15,BA.2:6;BA.2.9:2;BA.2.23:1;BA.1.1:2;BA.2.12.1:1;BA.1:2;BA.1.17:1
1082026,BA.2_0.01_abundance_0.1,C23854A;A23941G;G23948T,S:N764K;S:P793P;S:D796Y,491,1313,0.3739527798933739,342,BA.5.1:71;BA.1.1:155;BA.2.1:30;BA.5.2.1:6;BF.28:7;BA.2.75:2;BA.5.2.2:6;BA.2:50;BA.1:5;BF.18:1;BA.2.10.2:1;BA.5.1.22:1;BA.2.9:2;BA.2.10.1:1;BA.1.1.18:1;BA.5.2:1;BA.2.12.1:1;BA.4.6.5:1
1082026,BA.2_0.01_abundance_0.1,C23854A;A23941G;G23948T;C24138T,S:N764K;S:P793P;S:D796Y;S:T859I,7,111,0.063063063063063,0,
1082026,BA.2_0.01_abundance_0.1,C23854A;G23948T;C24138T,S:N764K;S:D796Y;S:T859I,9,111,0.081081081081081,562,BA.5.1:13;BA.4.1:3;BA.5.2.1:16;BA.2.12.1:18;BA.2.3.18:1;BA.5.2.20:1;BA.4.6:2;BA.2.3.1:1;BA.2:98;BA.1.1.18:8;BA.2.75:2;BA.1.17:29;BA.1.16:6;BA.1.1.13:4;BA.1.1.14:3;BA.1.15:24;BA.2.10:3;BA.1.1.2:3;BA.5.2:31;BQ.1.5:1;BF.13:1;BA.2.10.1:4;BA.1.1:74;BF.5:4;BA.1:86;BQ.1.26:1;BE.1.1:3;BA.2.3:3;BA.2.9:25;BA.2.36:2;BE.1:1;BA.2.1:1;BA.1.19:4;BA.5.2.9:1;BA.2.29:1;BA.1.18:13;BA.1.20:1;BA.5.5:3;BA.4:2;BA.2.23:1;BA.2.7:1;BA.1.1.1:2;BA.1.17.2:27;BA.5.2.12:1;BQ.1.17:4;BF.22:1;BA.1.10:1;BF.7:1;BA.1.1.15:1;BA.5.6:1;BA.2.2:1;BA.5.2.3:2;BA.2.40.1:2;BE.1.1.2:1;BF.7.8:1;BQ.1.1.4:1;BA.2.68:1;BA.1.1.17:1;BF.4:1;BA.5.1.23:1;BQ.1.1.22:1;BL.1:1;BQ.1.1.1:1;BA.1.21:1;BA.2.13:1;BF.18:1;BA.5.3.1:1;BQ.1:2;BA.5.1.22:1;BA.4.6.1:1;BE.3:1
1082026,BA.2_0.01_abundance_0.1,C24138T;A24424T,S:T859I;S:Q954H,32,542,0.059040590405904,601,BA.5.1:13;BA.4.1:3;BA.1.17.2:34;BA.5.2.1:16;BA.2.12.1:20;BA.2.3.18:1;BA.5.2.20:1;BA.4.6:2;BA.2.3.1:1;BA.2:108;BA.1.1.18:10;BA.2.75:2;BA.1.17:35;BA.1.1.13:4;BA.1.1.14:3;BA.1.16:6;BF.3:1;BA.1.15:24;BA.2.10:3;BA.1.1.2:3;BA.5.2:31;BQ.1.5:1;BF.13:1;BA.2.10.1:4;BA.1.1:78;BF.5:4;BA.1:90;BQ.1.26:1;BE.1.1:3;BA.2.3:3;BA.2.9:25;BA.2.36:2;BE.1:1;BA.2.1:1;BA.1.19:4;BA.5.2.9:1;BA.2.29:1;BA.1.18:13;BA.1.20:1;BA.5.5:4;BA.4:2;BA.2.23:1;BA.2.7:1;BA.1.1.1:2;BA.5.2.12:1;BQ.1.17:4;BF.22:1;BA.1.10:1;BF.7:1;BA.1.1.15:1;BA.5.6:1;BA.1.14:1;BA.2.2:1;BA.5.2.3:2;BA.2.40.1:2;BE.1.1.2:1;BF.7.8:1;BQ.1.1.4:1;BA.2.68:1;BA.1.1.17:1;BF.4:1;BA.5.1.23:1;BQ.1.1.22:1;BL.1:1;BQ.1.1.1:1;BA.1.21:1;BA.2.13:1;BF.18:1;BA.5.3.1:1;AY.44:1;BQ.1:2;BA.5.1.22:1;BA.4.6.1:1;BE.3:1
1082026,BA.2_0.01_abundance_0.1,G24858T;C25000T,S:G1099V;S:D1146D,126,772,0.1632124352331606,37,BA.5.5:2;BA.5.2.1:14;BA.5.1.1:1;BA.2:3;BF.28:1;BQ.1.1.5:1;BA.1.15:1;BE.1.1:5;BA.4.6:1;BA.1.1:1;BA.1:2;BA.5.1:2;BA.1.18:1;BF.5:1;BA.5.1.23:1
1082026,BA.2_0.01_abundance_0.1,A27989T;T28071C,ORF8:V32V;ORF8:L60L,17,1258,0.0135135135135135,0,
1082026,BA.2_0.01_abundance_0.1,A27989T;A28096T,ORF8:V32V;ORF8:K68I,23,1253,0.0183559457302474,0,
1082026,BA.2_0.01_abundance_0.1,G28509C;C28585T,N:S79T;N:L104L,15,99,0.1515151515151515,0,
1082026,BA.2_0.01_abundance_0.1,C29137G;T29214G,N:D288E;N:F314C,427,2956,0.1444519621109607,0,
1082026,BA.2_0.01_abundance_0.1,A29510C;C29514T,N:S413R;N:A414V,23,529,0.0434782608695652,85,BQ.1.1:2;BA.5.2.1:27;BA.5.1.24:2;BA.5.2:8;BA.2:22;BA.5:1;BA.5.1.3:1;BA.2.3.1:1;BA.2.12.1:1;BS.1:2;BA.5.2.20:2;BA.5.2.12:1;BA.2.75:2;BA.5.1.23:1;BE.1:1;BS.1.2:1;BA.5.1.10:1;BA.5.1:4;BQ.1.1.18:1;BF.1:1;BA.5.1.1:1;BA.5.5:1;BF.7:1
1152026,BA.2_0.01_abundance_0.1,C609T;T670G,ORF1a:P115L;ORF1a:S135R,926,3265,0.2836140888208269,245,BA.2.5:17;BA.5.2.8:1;BA.2.3:3;BA.5.2:4;BA.5.2.1:9;BA.5.1:31;BA.5.2.20:1;BA.2.9:13;BA.2:102;BA.4.2:1;XBB.1:27;BA.5.2.22:1;DF.1:1;BQ.1.1.25:2;BA.2.12.1:4;BA.5.5:2;BA.5.1.2:1;BA.2.75:1;BQ.1.1.24:1;BA.2.10:1;BF.10:1;BA.2.73:1;BA.2.36:4;BF.5:4;BF.11:2;BA.4.1:2;BA.5.2.26:1;BA.5.1.3:2;BA.5.1.5:1;BF.7.13:1;BA.2.18:1;BQ.1.1.18:1;BQ.1.1:1
1152026,BA.2_0.01_abundance_0.1,G1742T;T1744G,ORF1a:G493C;ORF1a:G493G,59,1557,0.0378933847141939,0,
1152026,BA.2_0.01_abundance_0.1,C2727A;C2790T,ORF1a:T821K;ORF1a:T842I,62,212,0.2924528301886792,11,BA.2.12.1:1;BA.2.3.1:1;BA.2:7;BA.2.9:2
1152026,BA.2_0.01_abundance_0.1,C2727A;C2790T;C2838G,ORF1a:T821K;ORF1a:T842I;ORF1a:S858C,38,208,0.1826923076923076,0,
1152026,BA.2_0.01_abundance_0.1,C2790T;C2838G,ORF1a:T842I;ORF1a:S858C,41,208,0.1971153846153846,0,
1152026,BA.2_0.01_abundance_0.1,C3037T;T3136A,ORF1a:F924F;ORF1a:G957G,25,482,0.0518672199170124,4,AY.44:1;BA.2:1;B.1.1.7:2
1152026,BA.2_0.01_abundance_0.1,G5678C;A5795G,ORF1a:V1805L;ORF1a:T1844A,27,1353,0.0199556541019955,0,
1152026,BA.2_0.01_abundance_0.1,C9344T;A9424G;G9500T;C9534T,ORF1a:L3027F;ORF1a:V3053V;ORF1a:A3079S;ORF1a:T3090I,95,1266,0.0750394944707741,5,BA.5.1.7:1;BA.2.75:1;BA.4.1:2;BA.5.1:1
1152026,BA.2_0.01_abundance_0.1,C9344T;A9424G;G9500T,ORF1a:L3027F;ORF1a:V3053V;ORF1a:A3079S,17,1412,0.0120396600566572,6,BA.2.75:1;BA.4.1:2;BA.5.1:1;BA.2:1;BA.5.1.7:1
1152026,BA.2_0.01_abundance_0.1,C9534T;G9751A,ORF1a:T3090I;ORF1a:K3162K,177,1502,0.1178428761651131,69,BF.7:9;BA.5.2:11;BA.2.13:1;BA.2:7;BA.2.75:5;BQ.1.6:25;BA.2.9:3;BA.2.3:2;BA.4.6:1;BA.2.20:1;BA.2.3.7:1;BA.5.2.9:1;BA.5.1:2
1152026,BA.2_0.01_abundance_0.1,T11611C;T11675A,ORF1a:V3782V;ORF1a:F3804I,46,1084,0.0424354243542435,0,
1152026,BA.2_0.01_abundance_0.1,G11944A;G12041T,ORF1a:Q3893Q;ORF1a:D3926Y,159,1163,0.1367153912295786,0,
1152026,BA.2_0.01_abundance_0.1,T12394A;A12397T,ORF1a:D4043E;ORF1a:A4044A,34,258,0.1317829457364341,0,
1152026,BA.2_0.01_abundance_0.1,C12880T;T13044A,ORF1a:I4205I;ORF1a:V4260E,1290,1658,0.7780458383594693,0,
1152026,BA.2_0.01_abundance_0.1,T13044A;A13288C,ORF1a:V4260E;ORF1a:G4341G,219,591,0.3705583756345177,0,
1152026,BA.2_0.01_abundance_0.1,C14928G;G14999T,ORF1b:N487K;ORF1b:S511I,7,126,0.0555555555555555,0,
1152026,BA.2_0.01_abundance_0.1,G14999T;A15005G,ORF1b:S511I;ORF1b:E513G,11,126,0.0873015873015873,0,
1152026,BA.2_0.01_abundance_0.1,A15938G;G16117T,ORF1b:D824G;ORF1b:D884Y,187,3739,0.0500133725595078,0,
1152026,BA.2_0.01_abundance_0.1,A16108C;G16117T,ORF1b:K881Q;ORF1b:D884Y,55,3739,0.0147098154586787,0,
1152026,BA.2_0.01_abundance_0.1,G16117T;G16122T,ORF1b:D884Y;ORF1b:E885D,64,3737,0.0171260369280171,0,
1152026,BA.2_0.01_abundance_0.1,C17410T;A17645T,ORF1b:R1315C;ORF1b:Q1393L,31,162,0.191358024691358,16,BA.5.2.20:2;BA.4:6;BA.2.12.1:4;BA.2:4
1152026,BA.2_0.01_abundance_0.1,C17410T;T17591C;A17645T,ORF1b:R1315C;ORF1b:V1375A;ORF1b:Q1393L,5,162,0.0308641975308641,0,
1152026,BA.2_0.01_abundance_0.1,C17410T;T17591C,ORF1b:R1315C;ORF1b:V1375A,13,174,0.0747126436781609,1,BA.5.2:1
1152026,BA.2_0.01_abundance_0.1,C17410T;A17525C,ORF1b:R1315C;ORF1b:K1353T,21,174,0.1206896551724138,6,BA.2.3:4;BE.1.4:2
1152026,BA.2_0.01_abundance_0.1,A17525C;A17645T,ORF1b:K1353T;ORF1b:Q1393L,53,1345,0.0394052044609665,0,
1152026,BA.2_0.01_abundance_0.1,T17591C;A17645T,ORF1b:V1375A;ORF1b:Q1393L,27,1345,0.0200743494423791,0,
1152026,BA.2_0.01_abundance_0.1,A18163G;A18253T,ORF1b:I1566V;ORF1b:M1596L,21,564,0.0372340425531914,1,BA.4:1
1152026,BA.2_0.01_abundance_0.1,C21742A;G21987A,S:S60S;S:G142D,611,2288,0.2670454545454545,362,AY.39.1:1;AY.111:74;AY.122:7;AY.103:11;AY.4:46;AY.29:1;BA.2:3;AY.43:4;AY.125:113;AY.46:2;AY.26:55;AY.47:1;AY.39:2;AY.3:5;BA.5.2:3;AY.101:2;BE.1:1;B.1.617.2:15;BA.5.5:1;BA.5.2.1:1;BF.1:1;BA.2.75:2;BA.2.10:1;BA.4.1:1;AY.100:2;BN.1:1;AY.6:1;BA.5.1.22:1;BA.1.1:1;AY.44:1;BA.2.9:1;AY.46.5:1
1152026,BA.2_0.01_abundance_0.1,C21742A;G21824T;G21987A,S:S60S;S:D88Y;S:G142D,339,2288,0.1481643356643356,0,
1152026,BA.2_0.01_abundance_0.1,C21742A;G21824T,S:S60S;S:D88Y,76,2735,0.0277879341864716,0,
1152026,BA.2_0.01_abundance_0.1,G21824T;G21987A,S:D88Y;S:G142D,438,2288,0.1914335664335664,233,AY.4:28;AY.122:16;AY.25.1:16;AY.100:7;BA.5.2.1:9;B.1.617.2:12;AY.4.2:2;AY.54:3;AY.3:40;AY.27:2;BF.26:1;BQ.1.25:1;AY.126:2;AY.5.3:1;AY.99.2:3;BN.1.3:1;BA.2.10:2;AY.43:11;BQ.1.1.17:1;BA.2.23:1;AY.98:2;AY.69:1;BA.2.12.1:1;BA.5.2:6;AY.44:5;B.1.1.529:1;AY.88:1;AY.98.1:2;AY.14:1;BA.5:1;AY.34.1:1;BA.2.36:1;BA.5.2.20:2;AY.103:16;AY.29:2;AY.39:1;AY.5:3;AY.26:1;BF.11:2;BA.2.9:1;BA.2:1;AY.46:1;AY.68:1;BA.1:2;AY.3.1:1;AY.112:1;AY.41:1;BF.7:1;AY.134:1;BF.1:1;AY.47:1;BA.5.1:2;AY.4.5:2;BQ.1.1:2;AY.46.5:5
1152026,BA.2_0.01_abundance_0.1,T22016G;T22200G;C22269T,S:W152G;S:V213G;S:T236I,11,415,0.0265060240963855,0,
1152026,BA.2_0.01_abundance_0.1,T22016G;T22200G,S:W152G;S:V213G,35,444,0.0788288288288288,16,BA.5.2.1:4;BA.4.6.5:3;BA.5.2.27:1;BA.5.6:3;BA.5.1.5:1;BA.2.38.1:1;BA.5.2.34:3
1152026,BA.2_0.01_abundance_0.1,T22016G;A22121G;T22200G,S:W152G;S:K187E;S:V213G,6,444,0.0135135135135135,0,
1152026,BA.2_0.01_abundance_0.1,A22121G;T22200G,S:K187E;S:V213G,26,445,0.0584269662921348,58,BA.2.75:10;BA.4.2:3;BA.2:14;BA.4:1;BA.5.2:2;BF.11:2;BF.5:2;BA.5.1.6:1;BA.5.2.1:1;BA.2.6:1;BA.2.29:1;BA.2.10:4;BA.2.9:2;BA.2.12.1:1;BF.7:3;BA.5.2.21:1;BA.4.1:1;BF.10:1;BA.4.6:1;BA.5.1:1;BN.1.9:1;BN.1.2:1;BA.2.3:1;BM.1.1:1;BA.2.75.2:1
1152026,BA.2_0.01_abundance_0.1,A22121G;T22200G;C22269T,S:K187E;S:V213G;S:T236I,8,416,0.0192307692307692,0,
1152026,BA.2_0.01_abundance_0.1,T22200G;C22269T,S:V213G;S:T236I,92,416,0.2211538461538461,0,
1152026,BA.2_0.01_abundance_0.1,G22902T;G22992A;C22995A;A23013C;A23040G;A23063T,S:G447V;S:S477N;S:T478K;S:E484A;S:Q493R;S:N501Y,171,246,0.6951219512195121,0,
1152026,BA.2_0.01_abundance_0.1,G22902T;G22992A;C22995A;A23013C;A23040G,S:G447V;S:S477N;S:T478K;S:E484A;S:Q493R,12,263,0.0456273764258555,0,
1152026,BA.2_0.01_abundance_0.1,C23206G;A23403G,S:G548G;S:D614G,126,1490,0.0845637583892617,1,AY.98:1
1152026,BA.2_0.01_abundance_0.1,A23834T;G23948T,S:S758C;S:D796Y,11,135,0.0814814814814814,3,BA.5.2.1:1;BA.2:1;BA.1:1
1152026,BA.2_0.01_abundance_0.1,A23863C;G23948T,S:L767F;S:D796Y,10,137,0.072992700729927,0,
1152026,BA.2_0.01_abundance_0.1,T24261G;A24424T,S:M900R;S:Q954H,6,115,0.0521739130434782,0,
1152026,BA.2_0.01_abundance_0.1,C26270T;A26337C;T26407C,E:T9I;E:L31L;E:S55P,188,959,0.1960375391032325,0,
1152026,BA.2_0.01_abundance_0.1,C26270T;T26407C,E:T9I;E:S55P,124,959,0.1293013555787278,13,BA.1.15:3;BA.5:1;BA.2.12.1:1;BA.1.1:3;BF.25:1;BF.7:1;BA.2:1;BA.2.3:2
1152026,BA.2_0.01_abundance_0.1,C26270T;A26337C,E:T9I;E:L31L,285,959,0.29718456725756,1,BA.2.10:1
1152026,BA.2_0.01_abundance_0.1,C26270T;A26337C;G26361T;T26407C,E:T9I;E:L31L;E:L39F;E:S55P,30,959,0.0312825860271115,0,
1152026,BA.2_0.01_abundance_0.1,C26270T;A26337C;G26361T,E:T9I;E:L31L;E:L39F,55,959,0.0573514077163712,0,
1152026,BA.2_0.01_abundance_0.1,C26270T;G26361T,E:T9I;E:L39F,46,959,0.0479666319082377,12,BQ.1.1:1;BA.2.12.1:1;BA.4:1;BQ.1.1.21:1;BA.2.3:1;BA.1.1:3;BA.2:2;BA.5.1:2
1152026,BA.2_0.01_abundance_0.1,C26270T;G26361T;T26407C,E:T9I;E:L39F;E:S55P,23,959,0.0239833159541188,0,
1152026,BA.2_0.01_abundance_0.1,C26577G;G26709A;C26858T;T26861G,M:Q19E;M:A63T;M:F112F;M:N113K,76,1537,0.0494469746258946,0,
1152026,BA.2_0.01_abundance_0.1,C26577G;A26652C;G26709A;C26858T,M:Q19E;M:R44R;M:A63T;M:F112F,49,1593,0.0307595731324544,55,BA.2:54;BA.4.1:1
1152026,BA.2_0.01_abundance_0.1,C28311T;A28401G,N:P13L;N:Q43R,179,1368,0.1308479532163742,373,BA.4.1:7;B.1.617.2:1;BA.5.1:16;BA.5.6:7;BA.5.5:7;BA.5.1.4:1;BA.5.2.1:4;BA.1.14:1;BA.2.9:24;BA.5.2:2;BA.2.3.11:1;BA.2.12.1:9;BA.2:139;BA.2.9.3:49;BA.5.2.34:5;BA.1.1:43;BA.1.1.2:3;BA.1.17.2:4;BA.1:4;BA.5.1.22:1;BA.5.1.2:1;BA.2.3:13;BA.2.9.5:1;BE.1.1:1;XBB.1:1;BA.2.68:1;BA.1.1.1:1;BA.5.2.21:4;BA.5.2.9:2;BA.2.3.13:2;BF.26:2;BA.5.2.16:1;BA.5.1.10:2;BA.1.18:2;BA.5.5.2:1;BA.5.1.25:3;BA.1.16:1;BA.2.1:1;BQ.1.1.8:1;BQ.1.1.18:1;BA.1.19:1;BF.27:1;BF.7.4.1:1
1152026,BA.2_0.01_abundance_0.1,G28790A;G28881A;G28882A;G28883C,N:A173T;N:R203K;N:R203R;N:G204R,113,124,0.9112903225806452,102,BA.4.6.5:1;BA.5.1:9;BA.4.1:2;BA.5.2:7;BA.1:6;BF.26:2;BA.2.37:1;B.1.1.7:9;BF.7:3;BA.1.1:9;BA.2.12.1:1;BA.5.5:1;BA.2:27;BA.2.9:1;BA.5.2.1:8;BA.1.1.2:1;BA.5.1.1:1;BA.1.1.14:1;BA.5.6:1;P.1:1;B.1.1.214:1;BA.5.1.22:1;BA.5.2.6:1;BA.2.3:2;BA.2.10:1;BA.1.17:1;B.1.1.198:1;BA.1.15.1:1;BA.5:1
1152026,BA.2_0.01_abundance_0.1,G29425A;A29510C,N:Q384Q;N:S413R,16,593,0.026981450252951,498,BA.5.1:151;BA.5.2.6:29;BQ.1.1:12;BQ.1.2:3;BA.2.3.1:16;BA.5.2.1:21;BA.5.2:55;BF.5:32;BA.4.2:2;BA.2.13:1;BA.2.12.1:14;BF.10:8;BA.2:67;BF.6:8;BA.2.9:6;BA.5:8;BA.2.3:2;XBB.1:3;BA.2.76:6;BA.4.1:6;BE.1.1:4;BA.5.2.20:1;BA.2.75:4;BE.1.1.2:1;XG:2;BA.2.74:1;BA.5.6:13;BQ.1.1.18:1;BQ.1.1.8:1;BN.2:1;BQ.1.1.17:1;BA.2.65:1;DL.1:1;BA.5.1.16:1;BF.26:3;BA.4.6:1;BQ.1.1.1:1;BE.1:2;BA.5.1.23:1;BA.5.1.24:1;BA.5.1.5:1;BA.2.75.10:2;BA.5.2.27:1;BQ.1.1.13:1;BA.2.10.1:1
1222026,BA.2_0.01_abundance_0.1,T474C;T670G,ORF1a:F70S;ORF1a:S135R,58,1281,0.0452771272443403,342,BA.5.2:26;BA.2.22:3;BA.5.6.4:3;CL.1:50;BF.14:1;BA.2.9.5:1;BA.2.10.3:4;BA.5.3.1:1;BA.5.1:17;BA.2.39:9;BA.2.10:4;BA.2:103;BA.2.9:45;BE.1.1:7;BF.28:4;BF.5:2;BA.5.6:8;BA.5.5:3;BA.2.3:4;BA.2.12.1:11;BE.4:1;BA.5.1.3:3;BA.5.5.2:1;BA.2.38:1;BA.2.14:2;BA.5.2.1:6;BA.4.6:2;BA.4.1:2;BQ.1.2:1;BA.2.6:1;BA.2.71:2;BA.2.56:1;BE.3:1;BA.4.1.4:1;BA.5.8:1;BA.5.9:1;BQ.1.5:1;BF.7:1;BA.2.3.10:1;BA.2.18:1;BE.1:1;XBB.1.5:1;BQ.1.12:1;BA.5.1.18:1;BF.27:1
1222026,BA.2_0.01_abundance_0.1,T670G;G762A,ORF1a:S135R;ORF1a:S166N,9,327,0.0275229357798165,104,BA.5.1.22:13;BA.2.20:1;BA.5.1:11;BA.5.1.10:2;BA.5:1;BA.2.12.1:7;BF.5:5;BA.5.6:2;BA.2.9:2;BA.5.2.1:6;BA.4.6:1;BA.5.1.25:1;BA.2:14;BA.5.2:5;BA.2.75:1;BA.2.40.1:7;BE.1.1:4;BA.2.10:1;BA.2.3:1;BF.7:3;BA.2.3.11:6;BF.10:1;BF.2:1;BA.5.2.26:1;BA.5.3.1:1;BA.2.6:1;BA.2.3.2:1;BA.2.3.1:1;BA.2.5:1;BE.1:2
1222026,BA.2_0.01_abundance_0.1,A1691G;T1873C,ORF1a:I476V;ORF1a:F536F,78,4221,0.0184790334044065,0,
1222026,BA.2_0.01_abundance_0.1,C1779A;T1873C,ORF1a:S505Y;ORF1a:F536F,418,4224,0.0989583333333333,0,
1222026,BA.2_0.01_abundance_0.1,G2944A;G2946A;C3037T,ORF1a:L893L;ORF1a:G894D;ORF1a:F924F,41,411,0.0997566909975669,1,AY.7.1:1
1222026,BA.2_0.01_abundance_0.1,G2946A;T2985G;C3037T,ORF1a:G894D;ORF1a:L907*;ORF1a:F924F,10,411,0.024330900243309,0,
1222026,BA.2_0.01_abundance_0.1,C9534T;C9636T,ORF1a:T3090I;ORF1a:A3124V,409,1588,0.2575566750629723,64,BA.2.56:12;BA.2.12.1:3;BA.5.2.1:8;BA.5.2.28:1;BF.10:3;BA.5.1:7;XAZ:1;BA.5.1.23:1;BA.4.6:6;BA.2:6;XBB.1:1;BA.5.2:3;BA.5.5:1;BA.2.9:3;BF.7.6:1;BA.5.2.2:1;BF.11:1;BA.2.12:1;BA.2.67:2;BE.1:1;BA.2.18:1
1222026,BA.2_0.01_abundance_0.1,G10447A;A10555T;T10660A,ORF1a:R3394R;ORF1a:L3430F;ORF1a:V3465V,100,761,0.1314060446780552,0,
1222026,BA.2_0.01_abundance_0.1,G10447A;T10660A,ORF1a:R3394R;ORF1a:V3465V,161,761,0.2115637319316688,1,AY.108:1
1222026,BA.2_0.01_abundance_0.1,G10447A;A10555T,ORF1a:R3394R;ORF1a:L3430F,197,812,0.2426108374384236,0,
1222026,BA.2_0.01_abundance_0.1,T11069G;T11347G,ORF1a:L3602V;ORF1a:L3694L,128,749,0.1708945260347129,0,
1222026,BA.2_0.01_abundance_0.1,T11347G;C11469G,ORF1a:L3694L;ORF1a:A3735G,85,453,0.1876379690949227,0,
1222026,BA.2_0.01_abundance_0.1,T11347G;T11485C,ORF1a:L3694L;ORF1a:V3740V,5,453,0.0110375275938189,0,
1222026,BA.2_0.01_abundance_0.1,G12269T;A12275G;T12346G,ORF1a:E4002*;ORF1a:M4004V;ORF1a:S4027R,37,759,0.0487483530961791,0,
1222026,BA.2_0.01_abundance_0.1,G12269T;A12275G,ORF1a:E4002*;ORF1a:M4004V,75,759,0.0988142292490118,0,
1222026,BA.2_0.01_abundance_0.1,G12269T;T12346G,ORF1a:E4002*;ORF1a:S4027R,100,759,0.1317523056653491,0,
1222026,BA.2_0.01_abundance_0.1,A12275G;T12346G,ORF1a:M4004V;ORF1a:S4027R,39,759,0.0513833992094861,0,
1222026,BA.2_0.01_abundance_0.1,T12807A;C12880T,ORF1a:V4181E;ORF1a:I4205I,69,1758,0.0392491467576791,0,
1222026,BA.2_0.01_abundance_0.1,C12880T;G12907T,ORF1a:I4205I;ORF1a:R4214S,141,1758,0.0802047781569965,6,BA.2:1;BA.2.12.1:2;BE.1:1;BA.4.4:1;BA.1.1:1
1222026,BA.2_0.01_abundance_0.1,T14289C;C14408T,ORF1b:F274F;ORF1b:P314L,50,1056,0.0473484848484848,918,AY.126:60;BA.4.1:2;AY.121:1;B.1.160:20;B.1.351:2;AY.75:2;BA.5.2.1:7;AY.4.2.3:4;AY.47:1;BA.2.25:6;B.1.177.21:519;AY.4:10;AY.98:6;B.1.1.7:76;BA.5.1:9;BA.5.2:7;BA.2:31;BA.1.1:15;BA.5:1;BA.1.17.2:1;B.1.258.17:1;AY.103:3;AY.44:6;BA.1:10;BA.5.2.9:1;BA.2.40.1:1;BQ.1.3:2;BA.2.12.1:7;AY.112:2;AY.43:17;AY.113:2;AY.46:1;AY.100:6;AY.125:7;B.1.429:3;BA.4.6:2;BA.1.1.14:1;BA.2.3:1;BA.1.15:4;AY.120:2;BA.2.13.1:2;BA.5.1.30:4;AY.118:1;AY.102:6;B.1.1.385:2;BA.2.9:1;AY.3:2;B.1.2:5;BA.1.15.2:6;AY.122:6;BF.7:1;B.1.427:1;B.1.617.2:15;B.1.1:1;B.1.36:2;BQ.1.1:1;B.1.1.306:3
1222026,BA.2_0.01_abundance_0.1,C15688A;C15714T,ORF1b:R741S;ORF1b:L749L,165,5386,0.0306349795766802,1,BA.4.1:1
1222026,BA.2_0.01_abundance_0.1,A17739T;G17741T,ORF1b:T1424T;ORF1b:R1425L,10,485,0.0206185567010309,0,
1222026,BA.2_0.01_abundance_0.1,A17739T;A17946T,ORF1b:T1424T;ORF1b:V1493V,20,461,0.0433839479392624,0,
1222026,BA.2_0.01_abundance_0.1,C18118A;A18163G,ORF1b:L1551I;ORF1b:I1566V,26,593,0.0438448566610455,234,BA.5.2:4;BA.1.1.18:7;BQ.1.1:66;BA.1.1.2:16;BA.5.2.1:3;BA.2.3.15:1;BA.5.1.23:25;BA.1.20:3;BQ.1.1.1:1;BA.2:56;BA.4.1:2;BA.1.1:10;BQ.1:6;BA.4.1.1:1;BQ.1.1.17:1;BA.2.9:2;XBB.1:1;BA.5.1.12:1;BA.2.12.1:1;BA.2.75:1;BA.5.1.16:1;BA.2.1:1;BQ.1.1.24:5;BQ.1.1.19:1;BQ.1.1.18:13;BA.1.17:1;BA.5.1:1;BA.2.79.1:1;BA.1:2
1222026,BA.2_0.01_abundance_0.1,A18333G;C18568A,ORF1b:R1622R;ORF1b:L1701I,24,1820,0.0131868131868131,0,
1222026,BA.2_0.01_abundance_0.1,C18568A;G18615C,ORF1b:L1701I;ORF1b:L1716F,23,1739,0.0132259919493962,0,
1222026,BA.2_0.01_abundance_0.1,G21761C;G21987A,S:A67P;S:G142D,413,1475,0.28,22,AY.43:1;AY.122:14;AY.113:1;AY.100:1;AY.5:1;AY.4:1;AY.103:1;AY.110:1;BA.2:1
1222026,BA.2_0.01_abundance_0.1,T22195C;T22200G,S:N211N;S:V213G,66,730,0.0904109589041095,159,CK.2.1.1:5;BA.5.1:6;BQ.1.1:8;BA.5.6:2;BE.1.1:3;BA.5.5:3;BA.5.2:11;BA.5.2.1:14;BF.27:1;BA.5.1.22:1;BA.2.10.1:1;BA.2:29;BA.2.9:20;BA.5.2.20:1;BA.2.75:2;BA.2.12.1:7;BQ.1.1.5:1;BA.2.9.3:9;BA.4:1;DA.1:1;BQ.1.1.15:5;BA.2.10:1;BA.2.3.1:1;BA.2.23:1;BA.5.1.10:1;BQ.1:8;BF.5:4;BA.2.3:1;BA.2.3.2:1;BQ.1.13:1;BA.5.2.6:2;BE.1:1;BA.4.1:3;BF.21:1;BA.5.2.19:1;BQ.1.1.28:1
1222026,BA.2_0.01_abundance_0.1,T22200G;G22217T,S:V213G;S:G219C,46,679,0.0677466863033873,7,BA.5.2:1;BQ.1.3:1;BQ.1.5:1;B.1.1.529:1;BA.5.3.1:1;BF.26:1;BQ.1:1
1222026,BA.2_0.01_abundance_0.1,A23586C;T23599G;C23604A,S:Q675P;S:N679K;S:P681H,67,203,0.3300492610837438,15,BE.1.1:5;BA.5.1.22:2;BA.1.1:1;BA.4:1;BA.1.18:1;BA.5.1.10:5
1222026,BA.2_0.01_abundance_0.1,A24298T;A24424T,S:T912T;S:Q954H,24,122,0.1967213114754098,20,BA.1.1:1;BQ.1.1.4:1;BF.5:1;BA.2:10;BA.5.1.10:1;BF.7:2;BA.2.36:1;BA.2.12.1:1;BA.2.10.1:1;BA.5.2:1
1222026,BA.2_0.01_abundance_0.1,C24333A;A24424T,S:A924D;S:Q954H,12,122,0.0983606557377049,1,BA.2:1
1222026,BA.2_0.01_abundance_0.1,G25323T;T25580C;C25584T,S:C1254F;ORF3a:I63T;ORF3a:T64T,31,2443,0.0126893164142447,0,
1222026,BA.2_0.01_abundance_0.1,T25580C;C25584T,ORF3a:I63T;ORF3a:T64T,1475,2466,0.5981346309813463,583,BF.26:3;BQ.1.23:2;BA.5.1:30;BA.5.2.1:30;BA.5.5.2:1;BA.5.2.9:3;BA.2.12.1:19;BA.1.1:93;BA.5.2.25:2;BA.2:127;BA.1.1.18:5;BA.2.75:15;BA.5.1.22:4;BA.5.5:3;BA.1.1.14:27;BA.2.76:3;BF.7:7;BA.1.18:12;BA.5.2:23;BE.1:1;BA.2.56:3;BA.4:3;BA.1:53;BF.5:7;BE.1.1:12;BA.1.15:4;BC.1:1;BA.2.13:1;BA.5.1.27:1;BA.4.6.4:1;BA.5.2.3:4;BA.5.2.19:1;BQ.1:1;BA.2.9:7;BN.1.4:1;BA.1.14.1:3;BA.2.23:4;BA.1.1.1:3;BA.5.2.6:1;BA.4.2:2;BA.5:1;BE.1.3:2;BA.4.1:5;AY.43:1;BA.5.6:1;BQ.1.1:16;BF.10:1;BA.5.2.21:3;BA.2.65:1;BA.5.1.3:1;BA.2.10:2;BA.5.2.23:1;BA.4.6:2;BA.2.9.5:1;BN.6:1;B.1.1.529:1;XBB.2:1;B.1.1:1;BA.1.17.2:9;BA.1.20:1;AY.33:1;BA.5.3.1:1;BA.2.71:1;BA.2.75.1:1;BA.1.1.2:1;BA.2.1:1;BA.5.6.2:1;BA.1.1.11:1
1222026,BA.2_0.01_abundance_0.1,T25580C;C25584T;C25587T,ORF3a:I63T;ORF3a:T64T;ORF3a:L65L,390,2463,0.1583434835566382,0,
1222026,BA.2_0.01_abundance_0.1,A25998G;C26060T;C26270T,ORF3a:V202V;ORF3a:T223I;E:T9I,13,385,0.0337662337662337,283,BA.5.2.3:1;BW.1.1:3;BA.5.2.22:2;BA.2:87;BA.5.2.1:23;BA.2.12.1:37;BA.2.75:2;BA.2.38:1;BE.1.1:6;BF.21:1;BA.5.6:1;BF.7:2;BA.5.2.28:1;BA.5.2:46;BA.2.3:5;BA.2.6:1;BF.5:9;BA.2.39:1;BA.5:3;BA.5.1.12:1;BA.5.1:9;BA.5.5:3;BA.4:1;BA.5.2.24:1;BA.1.1:1;BQ.1.14:1;BA.5.9:2;BQ.1.25:1;BA.5.1.22:2;XBB.1:1;BA.4.6.5:1;BA.2.23:8;BA.5.1.1:1;BA.2.40.1:2;BQ.1:1;BA.5.2.12:2;BF.11:1;BA.2.38.2:1;BF.10:2;BQ.1.1.22:1;BE.1:1;BA.2.9:2;BA.4.6:1;BA.2.12:1;BF.1:1;BE.3:2
1222026,BA.2_0.01_abundance_0.1,A25998G;C26060T,ORF3a:V202V;ORF3a:T223I,6,510,0.0117647058823529,290,BA.5.2.3:1;BW.1.1:3;BA.5.2.22:2;BA.2:88;BA.5.2.1:23;BA.2.12.1:38;BA.2.75:2;BA.2.38:1;BE.1.1:6;BF.21:1;BA.5.6:1;BF.7:2;BA.5.2.28:1;BA.5.2:47;BA.2.3:5;BA.2.6:1;BF.5:9;BA.2.39:1;BA.5:3;BA.5.1.12:1;BA.5.1:9;BA.5.5:3;BA.4:1;BA.5.2.24:1;BA.1.1:1;BQ.1.14:1;BA.5.9:2;B.1.1.416:1;BQ.1.25:1;BA.5.1.22:2;XBB.1:1;BA.4.6.5:1;B.1.2:2;BA.2.23:8;BA.5.1.1:1;BA.2.40.1:2;BQ.1:1;BA.5.2.12:2;BF.11:1;BA.2.38.2:1;BA.5.1.3:1;BF.10:2;BQ.1.1.22:1;BE.1:1;BA.2.9:2;BA.4.6:1;BA.2.12:1;BF.1:1;BE.3:2
1222026,BA.2_0.01_abundance_0.1,C26060T;A26070C;C26270T,ORF3a:T223I;ORF3a:E226D;E:T9I,29,385,0.0753246753246753,1,BA.2:1
1222026,BA.2_0.01_abundance_0.1,C26060T;A26070C,ORF3a:T223I;ORF3a:E226D,8,510,0.0156862745098039,1,BA.2:1
1222026,BA.2_0.01_abundance_0.1,G27382C;A27383T;T27384C;C27448T,ORF6:D61H;ORF6:D61V;ORF6:D61D;ORF7a:H19Y,483,965,0.5005181347150259,39,BA.2.10:27;BA.4.4:8;BA.2:2;XBB.1:2
1222026,BA.2_0.01_abundance_0.1,A27897T;C27942G,ORF8:K2*;ORF8:H17D,153,3225,0.0474418604651162,0,
1222026,BA.2_0.01_abundance_0.1,A27897T;A27921G,ORF8:K2*;ORF8:I10V,58,3225,0.017984496124031,0,
1222026,BA.2_0.01_abundance_0.1,A27897T;A27921G;G27936T;C27942G,ORF8:K2*;ORF8:I10V;ORF8:A15S;ORF8:H17D,34,3225,0.0105426356589147,0,
1222026,BA.2_0.01_abundance_0.1,A27897T;G27936T;C27942G,ORF8:K2*;ORF8:A15S;ORF8:H17D,76,3225,0.0235658914728682,0,
1222026,BA.2_0.01_abundance_0.1,A27897T;G27936T,ORF8:K2*;ORF8:A15S,66,3225,0.0204651162790697,1,B.1.1.7:1
1222026,BA.2_0.01_abundance_0.1,A27897T;A27921G;C27942G,ORF8:K2*;ORF8:I10V;ORF8:H17D,71,3225,0.0220155038759689,0,
1222026,BA.2_0.01_abundance_0.1,A27921G;G27936T,ORF8:I10V;ORF8:A15S,127,3225,0.0393798449612403,1,BA.5.1:1
1222026,BA.2_0.01_abundance_0.1,A27921G;C27942G,ORF8:I10V;ORF8:H17D,306,3225,0.0948837209302325,0,
1222026,BA.2_0.01_abundance_0.1,A27921G;G27936T;C27942G,ORF8:I10V;ORF8:A15S;ORF8:H17D,144,3225,0.0446511627906976,0,
1222026,BA.2_0.01_abundance_0.1,G27936T;C27942G,ORF8:A15S;ORF8:H17D,355,3227,0.1100092965602727,0,
1222026,BA.2_0.01_abundance_0.1,A29510C;A29618T,N:S413R;ORF10:M21L,76,674,0.1127596439169139,31,BA.2:24;BF.5:5;BA.4:1;XBB.1.5:1
1292026,BA.2_0.01_abundance_0.1,T381C;T670G,ORF1a:L39S;ORF1a:S135R,342,2245,0.1523385300668151,42,BA.2.12.1:6;BA.5.1.27:1;BA.5.5:1;BA.2:15;BA.2.1:4;BA.5.2:1;BA.5:1;BF.28:1;BA.4.6:2;BA.5.2.3:2;BA.5.1.23:1;BF.10:1;BA.5.2.20:1;BF.5:1;BA.5.6:1;BA.5.1:2;BF.7:1
1292026,BA.2_0.01_abundance_0.1,T381C;T592C;T670G,ORF1a:L39S;ORF1a:P109P;ORF1a:S135R,347,2245,0.15456570155902,2,BA.5:1;BA.5.1:1
1292026,BA.2_0.01_abundance_0.1,T381C;T592C,ORF1a:L39S;ORF1a:P109P,31,2360,0.0131355932203389,3,BA.5:1;BA.5.1:1;BA.2:1
1292026,BA.2_0.01_abundance_0.1,A1402T;T1492G,ORF1a:G379G;ORF1a:C409W,32,643,0.0497667185069984,0,
1292026,BA.2_0.01_abundance_0.1,T1492G;T1531C,ORF1a:C409W;ORF1a:Y422Y,11,644,0.0170807453416149,0,
1292026,BA.2_0.01_abundance_0.1,G2891C;C3037T,ORF1a:A876P;ORF1a:F924F,2502,2994,0.8356713426853707,0,
1292026,BA.2_0.01_abundance_0.1,T3578G;A3807C,ORF1a:L1105V;ORF1a:N1181T,11,586,0.0187713310580204,0,
1292026,BA.2_0.01_abundance_0.1,T3578G;T3756G,ORF1a:L1105V;ORF1a:V1164G,69,703,0.0981507823613086,0,
1292026,BA.2_0.01_abundance_0.1,T3578G;C3714T;T3756G,ORF1a:L1105V;ORF1a:S1150L;ORF1a:V1164G,107,703,0.1522048364153627,0,
1292026,BA.2_0.01_abundance_0.1,T3578G;C3714T,ORF1a:L1105V;ORF1a:S1150L,51,703,0.0725462304409672,0,
1292026,BA.2_0.01_abundance_0.1,T3578G;C3714T;A3807C,ORF1a:L1105V;ORF1a:S1150L;ORF1a:N1181T,16,586,0.0273037542662116,0,
1292026,BA.2_0.01_abundance_0.1,T3578G;C3714T;T3756G;A3807C,ORF1a:L1105V;ORF1a:S1150L;ORF1a:V1164G;ORF1a:N1181T,23,586,0.0392491467576791,0,
1292026,BA.2_0.01_abundance_0.1,T3578G;T3756G;A3807C,ORF1a:L1105V;ORF1a:V1164G;ORF1a:N1181T,25,586,0.0426621160409556,0,
1292026,BA.2_0.01_abundance_0.1,C3714T;T3756G,ORF1a:S1150L;ORF1a:V1164G,125,704,0.1775568181818181,0,
1292026,BA.2_0.01_abundance_0.1,C3714T;A3807C,ORF1a:S1150L;ORF1a:N1181T,18,586,0.030716723549488,1,BA.2:1
1292026,BA.2_0.01_abundance_0.1,C3714T;T3756G;A3807C,ORF1a:S1150L;ORF1a:V1164G;ORF1a:N1181T,33,586,0.0563139931740614,0,
1292026,BA.2_0.01_abundance_0.1,T3756G;A3807C,ORF1a:V1164G;ORF1a:N1181T,17,586,0.0290102389078498,0,
1292026,BA.2_0.01_abundance_0.1,C9534T;T9578G,ORF1a:T3090I;ORF1a:Y3105D,537,872,0.6158256880733946,0,
1292026,BA.2_0.01_abundance_0.1,C9534T;T9578G;A9621G,ORF1a:T3090I;ORF1a:Y3105D;ORF1a:D3119G,54,872,0.0619266055045871,0,
1292026,BA.2_0.01_abundance_0.1,C9534T;A9621G,ORF1a:T3090I;ORF1a:D3119G,24,872,0.0275229357798165,2,BA.2.10.1:1;BA.5.5:1
1292026,BA.2_0.01_abundance_0.1,A12868G;C12880T,ORF1a:G4201G;ORF1a:I4205I,150,2428,0.0617792421746293,617,BA.5.1:454;BA.5.2.20:2;BA.4.1:2;BA.2.37:1;BA.2:108;BA.5.1.12:1;BA.2.3:2;BA.4.6:6;BA.5.2.16:1;BA.5.2.1:2;BF.5:11;BA.5:4;BA.2.9:2;BA.2.75:14;BF.7:1;BA.2.12.1:4;BA.4.1.8:1;BQ.1.1:1
1292026,BA.2_0.01_abundance_0.1,C12880T;A12980T,ORF1a:I4205I;ORF1a:R4239*,163,2268,0.0718694885361552,0,
1292026,BA.2_0.01_abundance_0.1,T15522C;C15714T,ORF1b:F685F;ORF1b:L749L,152,2240,0.0678571428571428,72,BA.5.2:3;BA.5.1:39;BA.2.12.1:3;BA.2:12;BE.1.1:1;BF.22:10;BQ.1.1:2;BF.5:1;BA.2.10.1:1
1292026,BA.2_0.01_abundance_0.1,C17133T;C17410T,ORF1b:Y1222Y;ORF1b:R1315C,97,4026,0.0240933929458519,372,BA.2.12.1:109;BA.2.10:3;BA.2:141;AY.87:1;BA.5.1:18;BA.5.2.1:9;BA.2.3:18;B.1.351:1;B.1:1;BA.2.23:3;BN.1.2:1;BA.2.52:7;BA.5.2:8;BA.2.8:1;BA.5.1.3:11;BF.7:3;BA.4.6:3;BK.1:4;BA.2.9:7;BE.1.1:2;BA.5.2.36:2;BA.2.13:2;BA.5.2.28:1;BA.5.6:1;BA.2.65:2;BA.5.1.23:1;BQ.1.1:1;BA.2.40.1:1;XBB.2:1;BE.1:1;BA.2.75:5;BF.5:2;BA.5.5:1
1292026,BA.2_0.01_abundance_0.1,G17170A;C17410T,ORF1b:A1235T;ORF1b:R1315C,220,4026,0.0546448087431694,19,BA.4.1:4;BA.5.3.1:1;BA.2:11;BQ.1.3:1;BA.5.6:1;BA.5.1.24:1
1292026,BA.2_0.01_abundance_0.1,A17789T;A17855T,ORF1b:Q1441L;ORF1b:E1463V,42,1592,0.0263819095477386,0,
1292026,BA.2_0.01_abundance_0.1,A20846T;G20998C,ORF1b:Y2460F;ORF1b:D2511H,38,257,0.1478599221789883,0,
1292026,BA.2_0.01_abundance_0.1,A20846T;T20920G;G20998C,ORF1b:Y2460F;ORF1b:W2485G;ORF1b:D2511H,14,257,0.0544747081712062,0,
1292026,BA.2_0.01_abundance_0.1,A20846T;T20920G,ORF1b:Y2460F;ORF1b:W2485G,5,257,0.0194552529182879,0,
1292026,BA.2_0.01_abundance_0.1,T20920G;G20998C,ORF1b:W2485G;ORF1b:D2511H,17,257,0.0661478599221789,0,
1292026,BA.2_0.01_abundance_0.1,G20998C;T21003C,ORF1b:D2511H;ORF1b:C2512C,11,257,0.0428015564202334,0,
1292026,BA.2_0.01_abundance_0.1,G21160C;C21297T,ORF1b:A2565P;ORF1b:G2610G,100,523,0.1912045889101338,0,
1292026,BA.2_0.01_abundance_0.1,G22578A;C22674T;T22679C;C22686T;A22688G;T22760G;G22775A;A22786C;G22813T;T22829A,S:G339D;S:S371F;S:S373P;S:S375F;S:T376A;S:F400V;S:D405N;S:R408S;S:K417N;S:Y423N,98,1388,0.0706051873198847,0,
1292026,BA.2_0.01_abundance_0.1,G22578A;G22638T;C22674T;T22679C;C22686T;A22688G;G22775A;A22786C;G22813T;T22829A,S:G339D;S:S359I;S:S371F;S:S373P;S:S375F;S:T376A;S:D405N;S:R408S;S:K417N;S:Y423N,102,1388,0.0734870317002881,0,
1292026,BA.2_0.01_abundance_0.1,G22578A;C22674T;T22679C;C22686T;A22688G;G22775A;A22786C;G22813T;T22829A,S:G339D;S:S371F;S:S373P;S:S375F;S:T376A;S:D405N;S:R408S;S:K417N;S:Y423N,871,1388,0.627521613832853,0,
1292026,BA.2_0.01_abundance_0.1,G22578A;C22674T;T22679C;C22686T;A22688G;T22760G;G22775A;A22786C;G22813T,S:G339D;S:S371F;S:S373P;S:S375F;S:T376A;S:F400V;S:D405N;S:R408S;S:K417N,15,1389,0.0107991360691144,0,
1292026,BA.2_0.01_abundance_0.1,G22578A;G22638T;C22674T;T22679C;C22686T;A22688G;G22775A;A22786C;G22813T,S:G339D;S:S359I;S:S371F;S:S373P;S:S375F;S:T376A;S:D405N;S:R408S;S:K417N,23,1389,0.0165586753059755,7,BQ.1.11:1;BA.2:3;BQ.1.1:2;BF.7:1
1292026,BA.2_0.01_abundance_0.1,T22829A;G22992A;C22995A;A23013C;A23040G,S:Y423N;S:S477N;S:T478K;S:E484A;S:Q493R,19,35,0.5428571428571428,4,BA.1.1:1;BA.2.38:2;BA.2:1
1292026,BA.2_0.01_abundance_0.1,T22829A;T22929G;G22992A;C22995A;A23013C;A23040G,S:Y423N;S:F456C;S:S477N;S:T478K;S:E484A;S:Q493R,9,35,0.2571428571428571,0,
1292026,BA.2_0.01_abundance_0.1,T22929G;G22992A;C22995A;A23013C;A23040G,S:F456C;S:S477N;S:T478K;S:E484A;S:Q493R,34,135,0.2518518518518518,3,BA.1.1.1:3
1292026,BA.2_0.01_abundance_0.1,C23525T;T23599G;C23604A;G23726C,S:H655Y;S:N679K;S:P681H;S:V722L,225,495,0.4545454545454545,1,BA.2:1
1292026,BA.2_0.01_abundance_0.1,G25939A;C26060T;C26270T,ORF3a:D183N;ORF3a:T223I;E:T9I,9,22,0.4090909090909091,47,BA.5.2:10;BA.5.1:3;BE.1.1.2:1;BQ.1.1.7:1;BA.2:7;BA.2.3:7;BA.2.12.1:1;BQ.1.1.8:1;BF.28:2;BF.31:1;BA.2.3.2:1;BA.4.1:1;BA.5.6:3;BA.5.2.1:1;BF.7.3:2;BA.4.1.10:1;BE.1:1;BF.5:1;BA.2.75:1;BA.2.18:1
1292026,BA.2_0.01_abundance_0.1,T27251A;G27382C;A27383T;T27384C,ORF6:I17N;ORF6:D61H;ORF6:D61V;ORF6:D61D,120,1267,0.0947119179163378,1,BA.2:1
1292026,BA.2_0.01_abundance_0.1,C29153T;C29171A,N:Q294*;N:H300N,12,1167,0.0102827763496143,0,
1292026,BA.2_0.01_abundance_0.1,A29510C;G29628A,N:S413R;ORF10:R24H,140,944,0.1483050847457627,338,BA.5.1.27:22;BA.4.1:5;BQ.1.2:1;BQ.1.23:1;BA.5.5:1;BQ.1.1.28:1;BA.2.9.3:1;BA.2.12.1:17;BA.5.3.1:2;BF.5:16;BA.2.9:27;BA.5.2:32;BA.5.2.20:3;BA.2:94;BQ.1.8:11;BA.2.12:2;BA.2.10:1;BE.1.2.1:5;BF.10:29;BA.2.3:3;BA.5.2.28:1;BE.1.3:1;BA.4.6:18;BA.2.10.1:3;BF.7:6;BA.4.1.5:1;BG.2:1;BA.2.9.5:1;BA.5.2.1:6;BA.5.2.12:1;BF.21:4;BA.4:2;BA.2.29:3;BF.23:1;BQ.1.1.1:1;BA.2.75:4;BE.4:2;BE.1:1;BN.1.2:2;BA.5.1.23:1;XBB.1:1;BA.5.1:3
2052026,BA.2_0.01_abundance_0.1,C1113A;C1185T,ORF1a:T283N;ORF1a:A307V,62,441,0.1405895691609977,0,
2052026,BA.2_0.01_abundance_0.1,T3036C;C3037T,ORF1a:F924S;ORF1a:F924F,16,275,0.0581818181818181,19,B.1.177:1;B.1:3;AY.43:4;AY.44:1;B.1.1:1;P.1:1;B.1.595:2;B.1.427:1;B.1.617.2:1;BA.1.1:1;B.1.2:3
2052026,BA.2_0.01_abundance_0.1,A4864T;T4895A,ORF1a:K1533N;ORF1a:F1544I,31,795,0.0389937106918239,0,
2052026,BA.2_0.01_abundance_0.1,C5654T;G5751T,ORF1a:L1797L;ORF1a:G1829V,18,508,0.0354330708661417,0,
2052026,BA.2_0.01_abundance_0.1,C8991A;G9116T,ORF1a:A2909E;ORF1a:D2951Y,7,695,0.0100719424460431,0,
2052026,BA.2_0.01_abundance_0.1,C8991A;T9078G,ORF1a:A2909E;ORF1a:V2938G,9,695,0.0129496402877697,0,
2052026,BA.2_0.01_abundance_0.1,T9078G;G9116T,ORF1a:V2938G;ORF1a:D2951Y,12,695,0.0172661870503597,0,
2052026,BA.2_0.01_abundance_0.1,C9344T;T9379G;A9424G;C9534T,ORF1a:L3027F;ORF1a:I3038M;ORF1a:V3053V;ORF1a:T3090I,10,156,0.0641025641025641,2,BA.2.9:1;BA.5.2.44:1
2052026,BA.2_0.01_abundance_0.1,C9344T;T9378G;A9424G;C9451G;C9534T,ORF1a:L3027F;ORF1a:I3038S;ORF1a:V3053V;ORF1a:Y3062*;ORF1a:T3090I,11,156,0.0705128205128205,0,
2052026,BA.2_0.01_abundance_0.1,C9344T;T9378G;A9424G;C9534T,ORF1a:L3027F;ORF1a:I3038S;ORF1a:V3053V;ORF1a:T3090I,33,156,0.2115384615384615,1,BA.2:1
2052026,BA.2_0.01_abundance_0.1,C9344T;T9379G;A9424G;C9451G;C9534T,ORF1a:L3027F;ORF1a:I3038M;ORF1a:V3053V;ORF1a:Y3062*;ORF1a:T3090I,7,156,0.0448717948717948,0,
2052026,BA.2_0.01_abundance_0.1,C9344T;A9424G;C9451G;C9534T,ORF1a:L3027F;ORF1a:V3053V;ORF1a:Y3062*;ORF1a:T3090I,28,156,0.1794871794871795,0,
2052026,BA.2_0.01_abundance_0.1,C9344T;T9378G;A9424G,ORF1a:L3027F;ORF1a:I3038S;ORF1a:V3053V,7,177,0.03954802259887,1,BA.2:1
2052026,BA.2_0.01_abundance_0.1,C9344T;T9378G;T9379G;A9424G;C9534T,ORF1a:L3027F;ORF1a:I3038S;ORF1a:I3038M;ORF1a:V3053V;ORF1a:T3090I,8,156,0.0512820512820512,0,
2052026,BA.2_0.01_abundance_0.1,C10029T;A10075T,ORF1a:T3255I;ORF1a:A3270A,5,14,0.3571428571428571,55,BQ.1:1;AY.43:1;BQ.1.1.4:22;AY.99.2:8;AY.113:1;BA.2:5;AY.5:2;AY.100:1;B.1.617.2:1;AY.4:1;BA.5.1:1;BA.5.2:1;BA.1.14:1;BA.5.5.2:1;BE.1.4:2;BA.1.17.2:1;AY.103:1;AY.125:2;AY.46:1;AY.3.1:1
2052026,BA.2_0.01_abundance_0.1,C10449A;T10566G,ORF1a:P3395H;ORF1a:V3434G,11,69,0.1594202898550724,0,
2052026,BA.2_0.01_abundance_0.1,T11509C;T11536A,ORF1a:V3748V;ORF1a:G3757G,37,898,0.0412026726057906,0,
2052026,BA.2_0.01_abundance_0.1,G12128T;C12183A,ORF1a:A3955S;ORF1a:S3973Y,20,1151,0.0173761946133796,0,
2052026,BA.2_0.01_abundance_0.1,A12808T;C12880T,ORF1a:V4181V;ORF1a:I4205I,20,1324,0.0151057401812688,0,
2052026,BA.2_0.01_abundance_0.1,A12808T;C12880T;A12935T,ORF1a:V4181V;ORF1a:I4205I;ORF1a:K4224*,22,1324,0.0166163141993957,0,
2052026,BA.2_0.01_abundance_0.1,C12880T;A12935T,ORF1a:I4205I;ORF1a:K4224*,496,1324,0.3746223564954682,0,
2052026,BA.2_0.01_abundance_0.1,C12880T;T13033G,ORF1a:I4205I;ORF1a:N4256K,47,1228,0.0382736156351791,19,BA.2:6;BA.5.1.10:1;BA.2.65:2;BA.5.1.1:3;BA.5.2.1:1;BA.4:1;BA.5.5:2;BA.2.75.3:1;BA.5.1:1;BA.5.3.1:1
2052026,BA.2_0.01_abundance_0.1,C12880T;A12935T;T13033G,ORF1a:I4205I;ORF1a:K4224*;ORF1a:N4256K,27,1228,0.021986970684039,0,
2052026,BA.2_0.01_abundance_0.1,C13119T;T13238C,ORF1a:A4285V;ORF1a:S4325P,135,1549,0.0871530019367333,0,
2052026,BA.2_0.01_abundance_0.1,C13119T;T13210C;T13238C,ORF1a:A4285V;ORF1a:N4315N;ORF1a:S4325P,99,1549,0.0639122014202711,0,
2052026,BA.2_0.01_abundance_0.1,C13119T;T13210C,ORF1a:A4285V;ORF1a:N4315N,90,1549,0.0581020012911555,0,
2052026,BA.2_0.01_abundance_0.1,T13210C;T13238C,ORF1a:N4315N;ORF1a:S4325P,200,1549,0.1291155584247902,0,
2052026,BA.2_0.01_abundance_0.1,A14010C;T14046C,ORF1b:V181V;ORF1b:V193V,96,1335,0.0719101123595505,0,
2052026,BA.2_0.01_abundance_0.1,A14010C;T14046C;T14171C,ORF1b:V181V;ORF1b:V193V;ORF1b:I235T,22,1234,0.0178282009724473,0,
2052026,BA.2_0.01_abundance_0.1,A14010C;T14171C,ORF1b:V181V;ORF1b:I235T,15,1234,0.0121555915721231,0,
2052026,BA.2_0.01_abundance_0.1,T14046C;T14171C,ORF1b:V193V;ORF1b:I235T,160,1234,0.1296596434359805,0,
2052026,BA.2_0.01_abundance_0.1,T15336G;A15422C,ORF1b:I623M;ORF1b:Q652P,30,1643,0.0182592818015824,0,
2052026,BA.2_0.01_abundance_0.1,A16060T;C16134A,ORF1b:N865Y;ORF1b:H889Q,40,2457,0.0162800162800162,0,
2052026,BA.2_0.01_abundance_0.1,A16815C;T16828A,ORF1b:V1116V;ORF1b:Y1121N,122,978,0.1247443762781186,0,
2052026,BA.2_0.01_abundance_0.1,A16815C;T16828A;G17081C,ORF1b:V1116V;ORF1b:Y1121N;ORF1b:G1205A,17,901,0.0188679245283018,0,
2052026,BA.2_0.01_abundance_0.1,A16815C;T16828A;G16968A,ORF1b:V1116V;ORF1b:Y1121N;ORF1b:E1167E,20,978,0.0204498977505112,0,
2052026,BA.2_0.01_abundance_0.1,T16828A;G16968A,ORF1b:Y1121N;ORF1b:E1167E,44,978,0.0449897750511247,0,
2052026,BA.2_0.01_abundance_0.1,T16828A;G17081C,ORF1b:Y1121N;ORF1b:G1205A,44,901,0.048834628190899,0,
2052026,BA.2_0.01_abundance_0.1,C17133A;C17410T,ORF1b:Y1222*;ORF1b:R1315C,283,2837,0.0997532604864293,0,
2052026,BA.2_0.01_abundance_0.1,C17410T;A17701G,ORF1b:R1315C;ORF1b:N1412D,13,103,0.1262135922330097,0,
2052026,BA.2_0.01_abundance_0.1,T17773C;G17816T;T17955G,ORF1b:S1436P;ORF1b:G1450V;ORF1b:L1496L,7,510,0.0137254901960784,0,
2052026,BA.2_0.01_abundance_0.1,T17773C;G17816T,ORF1b:S1436P;ORF1b:G1450V,7,548,0.0127737226277372,0,
2052026,BA.2_0.01_abundance_0.1,T17922G;T17955G,ORF1b:N1485K;ORF1b:L1496L,12,511,0.0234833659491193,0,
2052026,BA.2_0.01_abundance_0.1,A18161T;A18163G;T18209C,ORF1b:D1565V;ORF1b:I1566V;ORF1b:M1581T,8,372,0.021505376344086,0,
2052026,BA.2_0.01_abundance_0.1,A18376C;C18493T,ORF1b:T1637P;ORF1b:L1676F,15,769,0.0195058517555266,0,
2052026,BA.2_0.01_abundance_0.1,A18376C;T18614C,ORF1b:T1637P;ORF1b:L1716S,14,704,0.0198863636363636,0,
2052026,BA.2_0.01_abundance_0.1,C18493T;T18614C,ORF1b:L1676F;ORF1b:L1716S,25,704,0.0355113636363636,0,
2052026,BA.2_0.01_abundance_0.1,G21152A;A21309C,ORF1b:G2562D;ORF1b:E2614D,14,668,0.0209580838323353,0,
2052026,BA.2_0.01_abundance_0.1,A23403G;C23498T,S:D614G;S:R646C,10,22,0.4545454545454545,10,AY.44:1;B.1.1.7:3;B.1:1;AY.4:1;B.1.2:1;BA.5.2:1;AY.100:1;BA.5.2.2:1
2052026,BA.2_0.01_abundance_0.1,G24234T;A24424T,S:G891V;S:Q954H,40,113,0.3539823008849557,6,BA.5.1:2;BA.1.1:1;BA.2:3
2052026,BA.2_0.01_abundance_0.1,T25309C;C25584T,S:S1249S;ORF3a:T64T,296,634,0.4668769716088328,36,BA.5.2.1:3;BA.1:3;BA.2.12:1;BE.1.1:7;BA.5.8:1;BQ.1:1;BA.1.1.1:3;BA.1.1:1;BA.4.6:1;BA.5.1.24:6;BA.1.17.2:2;BA.2.9:1;BA.1.15:1;BA.1.1.2:1;BA.2:2;BA.5.1.22:1;BA.5.2:1
2052026,BA.2_0.01_abundance_0.1,T25309C;T25518A;C25584T,S:S1249S;ORF3a:P42P;ORF3a:T64T,46,634,0.0725552050473186,0,
2052026,BA.2_0.01_abundance_0.1,T25518A;C25584T,ORF3a:P42P;ORF3a:T64T,516,4321,0.1194168016662809,182,BA.5.1:154;BA.5.2.1:1;BA.5.2.26:2;BA.5:2;BA.1:1;BA.1.1:11;BF.5:2;BA.1.1.2:2;BA.1.17.2:1;BA.2:2;BA.5.2:4
2052026,BA.2_0.01_abundance_0.1,T25950C;C26270T,ORF3a:I186I;E:T9I,42,133,0.3157894736842105,183,BA.5.2:4;BA.2.12.1:25;BA.5.2.1:15;BA.2.3:28;BA.5.5:1;BA.2.71:3;BA.4:4;BA.1.1:18;BA.1.15:10;BA.1.17.2:1;BF.7:4;BA.1:5;BA.2:12;BA.2.75:1;BE.1.1:2;BA.1.17:2;BA.5.1:2;BQ.1.11:1;BA.5.3.2:6;BA.1.14.1:17;BE.3:13;BA.2.13:1;BA.1.1.2:1;BQ.1.1.20:1;BA.2.9.3:1;BA.5.2.2:2;BD.1:1;BF.3:1;BA.4.1:1
2052026,BA.2_0.01_abundance_0.1,C26577G;G26709A;G26814C;C26858T,M:Q19E;M:A63T;M:A98P;M:F112F,111,3699,0.0300081103000811,0,
2052026,BA.2_0.01_abundance_0.1,C28311T;C28379A,N:P13L;N:R36R,106,3590,0.0295264623955431,119,BA.5.1.5:52;BE.1.1:3;BA.5.2.1:10;BA.5.1:1;BA.1.1.12:23;BA.5:5;BA.1.17:1;BF.5:2;BA.2.10:2;BA.1.1.1:1;BA.1.1:4;B.6:1;BA.2:7;BA.2.9:1;BA.2.51:1;BA.5.6:3;BA.2.12.1:1;BA.5.2:1
2052026,BA.2_0.01_abundance_0.1,C28724A;G28881A;G28882A;G28883C,N:P151T;N:R203K;N:R203R;N:G204R,32,242,0.1322314049586777,76,BA.2.12.1:2;P.1.15:1;BA.1.1.8:2;BA.5.2.1:5;BA.2.3:11;B.1.1.7:2;BA.2:9;BA.2.10:9;BA.1.1.15:2;BA.1.1:3;BA.2.75:3;BA.2.38:1;BA.5.1:20;BA.1:1;BA.1.17:1;C.37:1;BA.5.2:1;BC.1:1;P.1:1
2052026,BA.2_0.01_abundance_0.1,C28724A;G28881A;G28882A;G28883C;G29017A,N:P151T;N:R203K;N:R203R;N:G204R;N:K248K,21,170,0.1235294117647058,0,
2052026,BA.2_0.01_abundance_0.1,G29017A;G29260A,N:K248K;N:T329T,14,513,0.0272904483430799,5,AD.2:5
2122026,BA.2_0.01_abundance_0.1,G351T;C449A;C450A;T508A;G530T,ORF1a:R29L;ORF1a:P62T;ORF1a:P62H;ORF1a:H81Q;ORF1a:V89L,12,754,0.0159151193633952,0,
2122026,BA.2_0.01_abundance_0.1,C449A;C450A;T508A;G530T,ORF1a:P62T;ORF1a:P62H;ORF1a:H81Q;ORF1a:V89L,65,4696,0.0138415672913117,0,
2122026,BA.2_0.01_abundance_0.1,A618C;T670G,ORF1a:Y118S;ORF1a:S135R,292,4176,0.0699233716475095,6,BA.5.1.22:5;BA.5.2.1:1
2122026,BA.2_0.01_abundance_0.1,A618C;T670G;C683A,ORF1a:Y118S;ORF1a:S135R;ORF1a:L140I,53,3093,0.0171354671839637,0,
2122026,BA.2_0.01_abundance_0.1,T670G;C683A,ORF1a:S135R;ORF1a:L140I,618,3329,0.185641333733854,37,BA.5.2.1:2;BA.4.6.5:14;BA.5.1.4:2;BA.4.1:6;BA.4.6:2;BA.2:4;BA.2.75:1;BQ.1:1;BA.5.1:2;XBB.1.5:1;BA.2.9:2
2122026,BA.2_0.01_abundance_0.1,C1092A;T1243A,ORF1a:P276H;ORF1a:C326*,50,1396,0.0358166189111747,0,
2122026,BA.2_0.01_abundance_0.1,T1152G;T1227G,ORF1a:F296C;ORF1a:M321R,20,1398,0.0143061516452074,0,
2122026,BA.2_0.01_abundance_0.1,C6558T;T6783C;A6798G,ORF1a:A2098V;ORF1a:F2173S;ORF1a:Q2178R,9,804,0.0111940298507462,0,
2122026,BA.2_0.01_abundance_0.1,C6558T;A6798G,ORF1a:A2098V;ORF1a:Q2178R,17,804,0.0211442786069651,0,
2122026,BA.2_0.01_abundance_0.1,A6616G;G6669C;T6718A,ORF1a:L2117L;ORF1a:W2135S;ORF1a:S2151R,9,803,0.0112079701120797,0,
2122026,BA.2_0.01_abundance_0.1,G6744C;A6798G,ORF1a:C2160S;ORF1a:Q2178R,12,804,0.0149253731343283,0,
2122026,BA.2_0.01_abundance_0.1,T6783C;A6798G,ORF1a:F2173S;ORF1a:Q2178R,70,804,0.0870646766169154,0,
2122026,BA.2_0.01_abundance_0.1,G7362A;T7546A,ORF1a:W2366*;ORF1a:V2427V,12,561,0.0213903743315508,0,
2122026,BA.2_0.01_abundance_0.1,C7703T;C7735G,ORF1a:P2480S;ORF1a:I2490M,22,824,0.0266990291262135,0,
2122026,BA.2_0.01_abundance_0.1,T8063A;A8089T;G8102A;A8239T;A8285C,ORF1a:S2600T;ORF1a:K2608N;ORF1a:V2613I;ORF1a:S2658S;ORF1a:M2674L,34,1717,0.0198019801980198,0,
2122026,BA.2_0.01_abundance_0.1,G8711C;C8715T,ORF1a:V2816L;ORF1a:T2817I,76,919,0.0826985854189336,1,BA.1.1.1:1
2122026,BA.2_0.01_abundance_0.1,T8944G;G9095C;A9099C;A9174T;A9218G,ORF1a:G2893G;ORF1a:A2944P;ORF1a:Y2945S;ORF1a:E2970V;ORF1a:R2985G,32,2985,0.0107202680067001,0,
2122026,BA.2_0.01_abundance_0.1,T8944G;G9095C;A9174T;A9218G,ORF1a:G2893G;ORF1a:A2944P;ORF1a:E2970V;ORF1a:R2985G,34,2985,0.0113902847571189,0,
2122026,BA.2_0.01_abundance_0.1,A9099C;T9200A,ORF1a:Y2945S;ORF1a:F2979I,466,3203,0.1454886044333437,0,
2122026,BA.2_0.01_abundance_0.1,G9290A;C9344T;A9406C;A9424G;A9533C;C9534T,ORF1a:D3009N;ORF1a:L3027F;ORF1a:I3047I;ORF1a:V3053V;ORF1a:T3090P;ORF1a:T3090I,5,101,0.0495049504950495,0,
2122026,BA.2_0.01_abundance_0.1,C9344T;G9413A;A9424G;C9534T,ORF1a:L3027F;ORF1a:G3050S;ORF1a:V3053V;ORF1a:T3090I,31,101,0.3069306930693069,3,BA.2:2;BA.2.7:1
2122026,BA.2_0.01_abundance_0.1,C9344T;G9413A;A9424G,ORF1a:L3027F;ORF1a:G3050S;ORF1a:V3053V,9,118,0.0762711864406779,3,BA.2:2;BA.2.7:1
2122026,BA.2_0.01_abundance_0.1,C9344T;G9413A;A9424G;A9533C;C9534T,ORF1a:L3027F;ORF1a:G3050S;ORF1a:V3053V;ORF1a:T3090P;ORF1a:T3090I,17,101,0.1683168316831683,0,
2122026,BA.2_0.01_abundance_0.1,C9344T;A9424G;A9533C;C9534T,ORF1a:L3027F;ORF1a:V3053V;ORF1a:T3090P;ORF1a:T3090I,11,101,0.1089108910891089,3,BA.4.1:2;BA.2.12.1:1
2122026,BA.2_0.01_abundance_0.1,A9533C;C9534T,ORF1a:T3090P;ORF1a:T3090I,366,1468,0.2493188010899182,3,BA.4.1:2;BA.2.12.1:1
2122026,BA.2_0.01_abundance_0.1,C10029T;A9970C,ORF1a:T3255I;ORF1a:A3235A,12,325,0.0369230769230769,22,BA.2.18:9;AY.44:1;BA.5.2.1:6;AY.122:1;BA.1.17.2:1;BA.1.1:3;BA.1:1
2122026,BA.2_0.01_abundance_0.1,T10006A;C10029T,ORF1a:D3247E;ORF1a:T3255I,38,325,0.1169230769230769,0,
2122026,BA.2_0.01_abundance_0.1,G10447A;C10641T,ORF1a:R3394R;ORF1a:T3459M,304,463,0.6565874730021598,348,BF.7.6:26;BA.4.1:9;BQ.1.2:1;BA.5.5.2:3;BQ.1.5:2;BA.2.10:2;BA.4:6;BA.2.67:1;BA.2.12.1:20;BA.5.2.12:36;BA.2:55;BA.5.2.1:28;BA.5.2:45;BA.5.1:12;BA.2.3.7:1;BF.7:10;BA.2.36:1;BQ.1.23:2;BA.2.3:10;BA.4.4:2;BA.5.1.12:2;CM.5:3;BA.2.9:24;BQ.1.12:1;BQ.1.13:1;BA.2.23:2;BQ.1.14:1;BA.5.2.34:3;BA.5.1.1:1;BQ.1.1:3;BN.1.4:1;BA.5.6:5;BA.5.2.28:7;BA.2.56:1;XBB.1:1;BA.5.3.1:1;BF.1:2;BA.2.75:2;BF.7.12:1;BT.2:1;BA.5.1.3:1;BA.4.6:2;BA.5.2.20:1;BA.5.11:1;BE.1.1:1;BF.10:1;BA.2.10.1:1;BE.1.2.1:1;BF.22:1;BA.5.2.16:1;BQ.1:1;BQ.1.3:1
2122026,BA.2_0.01_abundance_0.1,T11039A;T11046C,ORF1a:L3592I;ORF1a:L3594S,39,2030,0.0192118226600985,0,
2122026,BA.2_0.01_abundance_0.1,G11248T;G11306C,ORF1a:M3661I;ORF1a:D3681H,133,2703,0.0492045874953755,0,
2122026,BA.2_0.01_abundance_0.1,T11946G;A12040T;G12163T;C12171T;C12183A,ORF1a:L3894*;ORF1a:V3925V;ORF1a:Q3966H;ORF1a:A3969V;ORF1a:S3973Y,68,3034,0.022412656558998,0,
2122026,BA.2_0.01_abundance_0.1,G12163T;C12171T;C12183A;T12365C;A12402G;T12450A,ORF1a:Q3966H;ORF1a:A3969V;ORF1a:S3973Y;ORF1a:F4034L;ORF1a:N4046S;ORF1a:I4062K,16,809,0.0197775030902348,0,
2122026,BA.2_0.01_abundance_0.1,G12163T;C12171T;C12183A;T12365C;A12402G,ORF1a:Q3966H;ORF1a:A3969V;ORF1a:S3973Y;ORF1a:F4034L;ORF1a:N4046S,18,1650,0.0109090909090909,0,
2122026,BA.2_0.01_abundance_0.1,T12450A;T12531A;A12579C,ORF1a:I4062K;ORF1a:F4089Y;ORF1a:D4105A,13,415,0.0313253012048192,0,
2122026,BA.2_0.01_abundance_0.1,T12531A;A12579C,ORF1a:F4089Y;ORF1a:D4105A,24,1654,0.0145102781136638,0,
2122026,BA.2_0.01_abundance_0.1,A12777C;C12880T;G12911C,ORF1a:Y4171S;ORF1a:I4205I;ORF1a:V4216L,67,1476,0.0453929539295392,0,
2122026,BA.2_0.01_abundance_0.1,A12777C;C12880T,ORF1a:Y4171S;ORF1a:I4205I,409,1476,0.27710027100271,0,
2122026,BA.2_0.01_abundance_0.1,C12880T;G12911C,ORF1a:I4205I;ORF1a:V4216L,123,1476,0.0833333333333333,1,BA.5.2.1:1
2122026,BA.2_0.01_abundance_0.1,A13142T;G13205T,ORF1a:N4293Y;ORF1a:A4314S,33,660,0.05,0,
2122026,BA.2_0.01_abundance_0.1,A13142T;T13231C,ORF1a:N4293Y;ORF1a:G4322G,27,660,0.0409090909090909,0,
2122026,BA.2_0.01_abundance_0.1,A13142T;G13205T;T13231C,ORF1a:N4293Y;ORF1a:A4314S;ORF1a:G4322G,20,660,0.0303030303030303,0,
2122026,BA.2_0.01_abundance_0.1,G13205T;T13231C,ORF1a:A4314S;ORF1a:G4322G,64,661,0.096822995461422,0,
2122026,BA.2_0.01_abundance_0.1,G13205T;C13206G,ORF1a:A4314S;ORF1a:A4314G,7,661,0.010590015128593,0,
2122026,BA.2_0.01_abundance_0.1,A14031T;A14157G;A14163G;T14165A,ORF1b:R188R;ORF1b:S230S;ORF1b:L232L;ORF1b:M233K,22,1125,0.0195555555555555,0,
2122026,BA.2_0.01_abundance_0.1,T15225C;T15284G;T15350C;T15464A,ORF1b:Y586Y;ORF1b:M606R;ORF1b:V628A;ORF1b:V666D,78,3392,0.0229952830188679,0,
2122026,BA.2_0.01_abundance_0.1,T15552A;A15655G;C15712G;C15714T;T15771A;A15777G;T15825C,ORF1b:V695V;ORF1b:T730A;ORF1b:L749V;ORF1b:L749L;ORF1b:A768A;ORF1b:I770M;ORF1b:S786S,145,6521,0.0222358533967182,0,
2122026,BA.2_0.01_abundance_0.1,A17730C;T17773C;G17816T,ORF1b:E1421D;ORF1b:S1436P;ORF1b:G1450V,28,1207,0.0231980115990058,0,
2122026,BA.2_0.01_abundance_0.1,T18035G;A18161T;A18163G;T18209C,ORF1b:L1523*;ORF1b:D1565V;ORF1b:I1566V;ORF1b:M1581T,34,1520,0.0223684210526315,0,
2122026,BA.2_0.01_abundance_0.1,C18117G;A18163G,ORF1b:H1550Q;ORF1b:I1566V,58,1520,0.0381578947368421,0,
2122026,BA.2_0.01_abundance_0.1,T18667A;C18728G,ORF1b:C1734S;ORF1b:S1754C,20,1211,0.0165152766308835,0,
2122026,BA.2_0.01_abundance_0.1,T18989G;T19190G,ORF1b:V1841G;ORF1b:F1908C,28,1199,0.0233527939949958,0,
2122026,BA.2_0.01_abundance_0.1,A20898C;A20963C;T20967G;T20982C,ORF1b:P2477P;ORF1b:D2499A;ORF1b:F2500L;ORF1b:D2505D,17,815,0.0208588957055214,0,
2122026,BA.2_0.01_abundance_0.1,G21152A;T21197G;A21309C,ORF1b:G2562D;ORF1b:L2577R;ORF1b:E2614D,7,425,0.0164705882352941,0,
2122026,BA.2_0.01_abundance_0.1,G21210A;C21230G,ORF1b:M2581I;ORF1b:T2588R,8,425,0.0188235294117647,0,
2122026,BA.2_0.01_abundance_0.1,C21711G;T21889C;G21987A,S:S50*;S:T109T;S:G142D,39,2158,0.0180722891566265,0,
2122026,BA.2_0.01_abundance_0.1,G21778C;G21987A,S:G72G;S:G142D,86,2158,0.0398517145505097,5,BA.5.2.1:1;BA.1.1:1;BA.2:2;AY.108:1
2122026,BA.2_0.01_abundance_0.1,T22613G;C22674T;T22679C;C22686T;A22688G;G22775A,S:Y351D;S:S371F;S:S373P;S:S375F;S:T376A;S:D405N,154,340,0.4529411764705882,4,BA.2:3;BA.5.2:1
2122026,BA.2_0.01_abundance_0.1,T22613G;C22674T;T22679C;C22686T;A22688G,S:Y351D;S:S371F;S:S373P;S:S375F;S:T376A,16,373,0.0428954423592493,4,BA.2:3;BA.5.2:1
2122026,BA.2_0.01_abundance_0.1,G22992A;C22995A;A23013C;A23040G;C23043T,S:S477N;S:T478K;S:E484A;S:Q493R;S:S494L,7,107,0.0654205607476635,6,BA.1.1:2;BA.1:2;BA.1.15:1;BA.2.23:1
2122026,BA.2_0.01_abundance_0.1,T23197C;A23231G;A23370G;A23403G;C23447G,S:G545G;S:K557E;S:N603S;S:D614G;S:L629V,66,2995,0.0220367278797996,0,
2122026,BA.2_0.01_abundance_0.1,A23354G;A23403G,S:I598V;S:D614G,165,3001,0.0549816727757414,721,AY.114:6;BA.4.6.5:12;B.1.1.7:88;AY.29:205;B.1.570:3;BE.1.1:32;BA.1.1.9:1;AY.98:2;AY.100:39;B.1.36:1;BA.5.1:104;BF.10:1;BA.5.2.1:5;BA.2.12.1:16;AY.4:24;BF.5:6;AY.69:1;BA.2.45:1;AY.42:19;BA.4.6.1:1;BA.1.1:7;B.1.564:4;BA.4.6:3;BA.1:5;BA.5.1.15:1;AY.44:1;B.1.2:6;AY.45:1;BA.5.2:13;AY.3:2;AY.129:2;AY.43:5;AY.86:1;BA.2.53:2;AY.80:1;BA.2:6;BA.2.56:1;AY.39:1;AY.122:4;BA.5:6;B.1.234:1;BA.2.9:4;BA.5.5:2;BE.1.2:1;AY.125:6;BA.5.2.12:2;AY.25:2;AY.25.1:3;B.1.526:1;AY.103:1;BA.2.3:4;AY.4.6:1;BA.1.15.1:6;AY.20:2;BF.7:1;B.1:1;BE.1:2;BA.1.18:2;AY.98.1:1;AY.127:2;CK.2.1.1:1;XBD:1;AY.36:5;B.1.177:1;AY.5:2;BA.1.17.2:2;XBB.1:1;AY.6:1;B.1.1.189:2;B.1.221:1;BQ.1.1:6;BQ.1.1.1:1;BQ.1.1.18:1;AY.120:1;P.1:3;BA.4.2:1;BA.5.1.12:1;BF.11.2:1;CM.4:1;AY.126:1;B.1.621:1;BQ.1.1.15:1;AY.34:1
2122026,BA.2_0.01_abundance_0.1,A23403G;T23406A,S:D614G;S:V615D,201,3001,0.0669776741086304,0,
2122026,BA.2_0.01_abundance_0.1,T23599G;C23604A;T23640G,S:N679K;S:P681H;S:I693S,20,301,0.0664451827242525,3,BA.1.1:2;BA.2.9:1
2122026,BA.2_0.01_abundance_0.1,T23599G;C23604A;A23764G,S:N679K;S:P681H;S:T734T,60,279,0.2150537634408602,172,BA.1.17:3;BA.5.2.35:1;BA.2.3.1:2;BA.5.2.1:9;BA.2.12.1:11;BA.1:1;BA.5.1:23;BA.1.17.2:30;BA.1.21:5;BA.2.9:2;BA.5.1.25:2;BA.2:12;BA.2.3:3;BA.5.1.23:2;BA.1.1.4:1;BF.9:7;BA.5.8:9;BA.1.1.14:1;BA.1.1:21;BA.5.1.22:3;BA.5.2:3;BA.1.1.18:1;BE.1.1:1;BA.2.75:2;BA.2.63:1;BA.1.14:3;BA.1.1.13:1;BA.4.1:2;BQ.1.2:1;BA.1.15:2;BA.5.2.28:1;BF.21:1;BF.5:2;BA.2.10:1;BA.1.18:1;BA.5.2.33:1
2122026,BA.2_0.01_abundance_0.1,T23599G;C23604A;T23640G;A23764G,S:N679K;S:P681H;S:I693S;S:T734T,11,279,0.039426523297491,0,
2122026,BA.2_0.01_abundance_0.1,A24247T;A24424T,S:Q895H;S:Q954H,20,711,0.0281293952180028,16,BA.1.1:2;BA.2:4;XBB.2:1;BF.5:1;BA.1:6;BA.2.12.1:1;BA.2.38:1
2122026,BA.2_0.01_abundance_0.1,A24813T;G24883A;T24991C;C25000T,S:D1084V;S:R1107R;S:P1143P;S:D1146D,28,1142,0.0245183887915936,0,
2122026,BA.2_0.01_abundance_0.1,T25461A;T25547A;C25584T,ORF3a:A23A;ORF3a:L52H;ORF3a:T64T,45,2155,0.0208816705336426,0,
2122026,BA.2_0.01_abundance_0.1,C26270T;C26335T,E:T9I;E:L31L,17,31,0.5483870967741935,355,BA.5.1:40;BA.5.2.1:41;BA.2.12.1:8;CP.2:27;BA.2.75:5;BA.5.2.6:5;BA.2:62;BA.2.29:15;BE.1.1:20;BA.1.15:2;BA.4.6:2;BA.1.18:18;BA.1.1.18:1;BA.4.4:7;BA.1:6;BA.5.2.34:1;BA.5.2:18;BA.4.1.6:1;BA.5.1.2:2;BA.1.1.1:14;BA.2.3.20:1;BA.2.9:7;BA.1.1:21;BN.1.4:1;XB:2;BA.5:1;BA.4.1:1;BF.2:6;BA.2.10:5;BA.1.17:1;BA.2.3:2;BA.5.1.22:2;BA.2.23:1;BA.5.2.31:2;BF.7.4:1;BA.5.6:2;BA.5.1.10:1;BA.5.1.23:1;BQ.1.10:2
2122026,BA.2_0.01_abundance_0.1,A27239C;A27269C;G27382C;A27383T;T27384C,ORF6:E13A;ORF6:K23T;ORF6:D61H;ORF6:D61V;ORF6:D61D,26,1388,0.0187319884726224,0,
2122026,BA.2_0.01_abundance_0.1,T27305G;G27382C;A27383T;T27384C,ORF6:L35R;ORF6:D61H;ORF6:D61V;ORF6:D61D,477,1389,0.3434125269978402,28,BA.2:12;BA.2.12:7;BA.2.9:5;BA.2.45:4
2122026,BA.2_0.01_abundance_0.1,T27305G;T27324G;G27382C;A27383T;T27384C,ORF6:L35R;ORF6:S41S;ORF6:D61H;ORF6:D61V;ORF6:D61D,48,1389,0.0345572354211663,0,
2122026,BA.2_0.01_abundance_0.1,T27324G;G27382C;A27383T;T27384C,ORF6:S41S;ORF6:D61H;ORF6:D61V;ORF6:D61D,66,1389,0.0475161987041036,0,
2122026,BA.2_0.01_abundance_0.1,A28274G;C28311T;G28329T;G28392A,N:MX;N:P13L;N:G19V;N:R40H,48,2778,0.0172786177105831,0,
2122026,BA.2_0.01_abundance_0.1,C28311T;G28337T;G28395T,N:P13L;N:D22Y;N:R41L,46,2771,0.0166005052327679,0,
2122026,BA.2_0.01_abundance_0.1,C28473T;C28519G,N:P67L;N:D82E,15,693,0.0216450216450216,0,
2122026,BA.2_0.01_abundance_0.1,C29249G;G29315C;T29328G,N:P326A;N:D348H;N:L352W,74,3679,0.0201141614569176,0,
2122026,BA.2_0.01_abundance_0.1,T29328G;A29443T;A29510C,N:L352W;N:Q390H;N:S413R,9,333,0.027027027027027,0,
2122026,BA.2_0.01_abundance_0.1,C29421G;A29510C,N:P383R;N:S413R,14,478,0.0292887029288702,10,BA.5.2.1:4;BA.2:3;BE.1.1:2;BA.2.75:1
2122026,BA.2_0.01_abundance_0.1,C29421G;A29469G;A29510C,N:P383R;N:D399G;N:S413R,10,478,0.0209205020920502,0,
2122026,BA.2_0.01_abundance_0.1,A29469G;A29510C,N:D399G;N:S413R,87,478,0.1820083682008368,43,XAA:7;BA.2:30;BA.2.7:1;BA.4.1:1;BA.5.6:1;BA.5.1.21:2;BA.5.2.1:1
2192026,BA.2_0.01_abundance_0.1,G351T;C449A;C450A;T508A;G530T;T670C,ORF1a:R29L;ORF1a:P62T;ORF1a:P62H;ORF1a:H81Q;ORF1a:V89L;ORF1a:S135S,12,308,0.0389610389610389,0,
2192026,BA.2_0.01_abundance_0.1,C449A;C450A;T508A;G530T;T670C,ORF1a:P62T;ORF1a:P62H;ORF1a:H81Q;ORF1a:V89L;ORF1a:S135S,68,2028,0.0335305719921104,0,
2192026,BA.2_0.01_abundance_0.1,T670G;A993G,ORF1a:S135R;ORF1a:E243G,6,63,0.0952380952380952,95,BA.5.2:47;BQ.1.1.18:1;BA.2:35;BA.5.2.21:4;BF.5:2;BA.2.12.1:1;BA.2.9:1;BA.5.6:1;XBB.1.5:1;BA.4.1:1;BA.2.56:1
2192026,BA.2_0.01_abundance_0.1,G954A;A976G,ORF1a:C230Y;ORF1a:E237E,90,2742,0.0328227571115973,1,BA.2.10:1
2192026,BA.2_0.01_abundance_0.1,T1152G;T1227G,ORF1a:F296C;ORF1a:M321R,21,697,0.0301291248206599,0,
2192026,BA.2_0.01_abundance_0.1,G2246A;T2257G;G2273T;G2284C;G2323T;A2368G;G2494A,ORF1a:G661S;ORF1a:I664M;ORF1a:E670*;ORF1a:E673D;ORF1a:L686F;ORF1a:K701K;ORF1a:E743E,15,421,0.0356294536817102,0,
2192026,BA.2_0.01_abundance_0.1,T3178G;A3215C,ORF1a:P971P;ORF1a:S984R,7,423,0.0165484633569739,0,
2192026,BA.2_0.01_abundance_0.1,A3550T;A3712T,ORF1a:G1095G;ORF1a:L1149F,20,610,0.0327868852459016,0,
2192026,BA.2_0.01_abundance_0.1,G4520C;A4528C,ORF1a:G1419R;ORF1a:R1421S,29,758,0.0382585751978891,0,
2192026,BA.2_0.01_abundance_0.1,T5626G;C5639G;C5711T,ORF1a:C1787W;ORF1a:Q1792E;ORF1a:L1816F,11,225,0.0488888888888888,0,
2192026,BA.2_0.01_abundance_0.1,G6220C;A6418G,ORF1a:L1985F;ORF1a:V2051V,6,408,0.0147058823529411,0,
2192026,BA.2_0.01_abundance_0.1,A6616G;G6669C,ORF1a:L2117L;ORF1a:W2135S,10,407,0.0245700245700245,0,
2192026,BA.2_0.01_abundance_0.1,A7346T;G7362A,ORF1a:N2361Y;ORF1a:W2366*,22,534,0.0411985018726591,0,
2192026,BA.2_0.01_abundance_0.1,C7703T;C7735G;G7899A,ORF1a:P2480S;ORF1a:I2490M;ORF1a:G2545D,26,783,0.0332056194125159,0,
2192026,BA.2_0.01_abundance_0.1,T8063A;A8089T;G8102A;A8239T;A8285C,ORF1a:S2600T;ORF1a:K2608N;ORF1a:V2613I;ORF1a:S2658S;ORF1a:M2674L,21,640,0.0328125,0,
2192026,BA.2_0.01_abundance_0.1,A8285C;T8477G,ORF1a:M2674L;ORF1a:L2738V,6,308,0.0194805194805194,0,
2192026,BA.2_0.01_abundance_0.1,A8651C;G8787C,ORF1a:M2796L;ORF1a:R2841P,11,511,0.0215264187866927,0,
2192026,BA.2_0.01_abundance_0.1,T8944G;G9095C;A9174T;A9218G,ORF1a:G2893G;ORF1a:A2944P;ORF1a:E2970V;ORF1a:R2985G,51,1435,0.0355400696864111,0,
2192026,BA.2_0.01_abundance_0.1,G9290A;C9344T;A9406C;A9424G;A9533C;C9534T,ORF1a:D3009N;ORF1a:L3027F;ORF1a:I3047I;ORF1a:V3053V;ORF1a:T3090P;ORF1a:T3090I,11,247,0.0445344129554655,0,
2192026,BA.2_0.01_abundance_0.1,G9290A;C9344T;A9406C;A9424G,ORF1a:D3009N;ORF1a:L3027F;ORF1a:I3047I;ORF1a:V3053V,5,300,0.0166666666666666,0,
2192026,BA.2_0.01_abundance_0.1,A9533C;C9534T;C9661T;G9791C,ORF1a:T3090P;ORF1a:T3090I;ORF1a:F3132F;ORF1a:E3176Q,43,1180,0.0364406779661016,0,
2192026,BA.2_0.01_abundance_0.1,C9534T;T9612A,ORF1a:T3090I;ORF1a:L3116H,159,1284,0.1238317757009345,0,
2192026,BA.2_0.01_abundance_0.1,C10029T;A9970C,ORF1a:T3255I;ORF1a:A3235A,6,131,0.0458015267175572,22,BA.2.18:9;AY.44:1;BA.5.2.1:6;AY.122:1;BA.1.17.2:1;BA.1.1:3;BA.1:1
2192026,BA.2_0.01_abundance_0.1,C10029T;C9975A,ORF1a:T3255I;ORF1a:A3237D,42,131,0.3206106870229007,0,
2192026,BA.2_0.01_abundance_0.1,C10401A;T10438A;G10447A;G10700C,ORF1a:A3379D;ORF1a:C3391*;ORF1a:R3394R;ORF1a:D3479H,35,741,0.0472334682860998,0,
2192026,BA.2_0.01_abundance_0.1,T10438A;G10447A;G10700C,ORF1a:C3391*;ORF1a:R3394R;ORF1a:D3479H,18,1248,0.0144230769230769,0,
2192026,BA.2_0.01_abundance_0.1,T11039A;T11046C,ORF1a:L3592I;ORF1a:L3594S,19,731,0.0259917920656634,0,
2192026,BA.2_0.01_abundance_0.1,T11946G;A12040T;G12163T;C12171T;C12183A,ORF1a:L3894*;ORF1a:V3925V;ORF1a:Q3966H;ORF1a:A3969V;ORF1a:S3973Y,118,4055,0.0290998766954377,0,
2192026,BA.2_0.01_abundance_0.1,G12143T;T12447G,ORF1a:A3960S;ORF1a:I4061R,15,375,0.04,0,
2192026,BA.2_0.01_abundance_0.1,G12163T;C12171T;C12183A;T12365C;T12450A,ORF1a:Q3966H;ORF1a:A3969V;ORF1a:S3973Y;ORF1a:F4034L;ORF1a:I4062K,32,1291,0.0247869868319132,0,
2192026,BA.2_0.01_abundance_0.1,G12163T;C12171T;C12183A;T12365C,ORF1a:Q3966H;ORF1a:A3969V;ORF1a:S3973Y;ORF1a:F4034L,32,2538,0.0126083530338849,0,
2192026,BA.2_0.01_abundance_0.1,G12163T;C12171T;C12183A;T12365C;T12447G;T12450A,ORF1a:Q3966H;ORF1a:A3969V;ORF1a:S3973Y;ORF1a:F4034L;ORF1a:I4061R;ORF1a:I4062K,17,1291,0.0131680867544539,0,
2192026,BA.2_0.01_abundance_0.1,T12450A;T12531A;A12579C,ORF1a:I4062K;ORF1a:F4089Y;ORF1a:D4105A,9,369,0.024390243902439,0,
2192026,BA.2_0.01_abundance_0.1,T12531A;A12579C,ORF1a:F4089Y;ORF1a:D4105A,35,1593,0.0219711236660389,0,
2192026,BA.2_0.01_abundance_0.1,A12857G;C12880T,ORF1a:K4198E;ORF1a:I4205I,356,2737,0.1300694190719766,0,
2192026,BA.2_0.01_abundance_0.1,T12874G;C12880T;A12898G;T12944C;A12972C,ORF1a:G4203G;ORF1a:I4205I;ORF1a:P4211P;ORF1a:Y4227H;ORF1a:N4236T,72,2540,0.0283464566929133,0,
2192026,BA.2_0.01_abundance_0.1,A13099T;A13251T,ORF1a:K4278N;ORF1a:Y4329F,46,2387,0.019271051529116,0,
2192026,BA.2_0.01_abundance_0.1,A13099T;A13251T;G13268A,ORF1a:K4278N;ORF1a:Y4329F;ORF1a:D4335N,37,2387,0.0155006284038542,0,
2192026,BA.2_0.01_abundance_0.1,A13537G;T13638C,ORF1b:R24G;ORF1b:I57I,5,129,0.0387596899224806,0,
2192026,BA.2_0.01_abundance_0.1,T13638C;T13781C,ORF1b:I57I;ORF1b:I105T,20,522,0.0383141762452107,0,
2192026,BA.2_0.01_abundance_0.1,A14031T;A14157G;A14163G;T14165A,ORF1b:R188R;ORF1b:S230S;ORF1b:L232L;ORF1b:M233K,25,680,0.0367647058823529,0,
2192026,BA.2_0.01_abundance_0.1,C14407T;C14408T;C14481A;G14494C;A14519C,ORF1b:P314S;ORF1b:P314L;ORF1b:H338Q;ORF1b:G343R;ORF1b:N351T,19,774,0.024547803617571,0,
2192026,BA.2_0.01_abundance_0.1,T14769A;A14815T;T14835C,ORF1b:A434A;ORF1b:N450Y;ORF1b:D456D,10,373,0.0268096514745308,0,
2192026,BA.2_0.01_abundance_0.1,A14815T;G14894T,ORF1b:N450Y;ORF1b:G476V,14,38,0.3684210526315789,0,
2192026,BA.2_0.01_abundance_0.1,T15225C;T15284G;T15350C;C15356G;T15464A,ORF1b:Y586Y;ORF1b:M606R;ORF1b:V628A;ORF1b:A630G;ORF1b:V666D,11,736,0.014945652173913,0,
2192026,BA.2_0.01_abundance_0.1,T15225C;T15284G;T15350C;T15464A,ORF1b:Y586Y;ORF1b:M606R;ORF1b:V628A;ORF1b:V666D,13,736,0.0176630434782608,0,
2192026,BA.2_0.01_abundance_0.1,C15328G;C15356G,ORF1b:L621V;ORF1b:A630G,143,796,0.1796482412060301,0,
2192026,BA.2_0.01_abundance_0.1,C15328G;C15356G;T15505A,ORF1b:L621V;ORF1b:A630G;ORF1b:Y680N,12,686,0.0174927113702623,0,
2192026,BA.2_0.01_abundance_0.1,C15328G;T15505A,ORF1b:L621V;ORF1b:Y680N,9,686,0.0131195335276967,0,
2192026,BA.2_0.01_abundance_0.1,C15356G;T15505A,ORF1b:A630G;ORF1b:Y680N,36,686,0.0524781341107871,0,
2192026,BA.2_0.01_abundance_0.1,T15505A;C15714T,ORF1b:Y680N;ORF1b:L749L,29,260,0.1115384615384615,0,
2192026,BA.2_0.01_abundance_0.1,T15552A;A15655G;C15712G;C15714T;T15771A;A15777G;T15825C,ORF1b:V695V;ORF1b:T730A;ORF1b:L749V;ORF1b:L749L;ORF1b:A768A;ORF1b:I770M;ORF1b:S786S,129,4010,0.0321695760598503,0,
2192026,BA.2_0.01_abundance_0.1,G16825T;T16934G;T16944C;A17015C,ORF1b:E1120*;ORF1b:M1156R;ORF1b:S1159S;ORF1b:D1183A,23,1221,0.0188370188370188,0,
2192026,BA.2_0.01_abundance_0.1,G16825T;T16934G;T16944C;A17015C;C17111T,ORF1b:E1120*;ORF1b:M1156R;ORF1b:S1159S;ORF1b:D1183A;ORF1b:A1215V,23,742,0.0309973045822102,0,
2192026,BA.2_0.01_abundance_0.1,A16956T;C16985T,ORF1b:L1163L;ORF1b:T1173I,265,1310,0.2022900763358778,0,
2192026,BA.2_0.01_abundance_0.1,C17111T;A17295C;C17410T,ORF1b:A1215V;ORF1b:E1276D;ORF1b:R1315C,103,3148,0.0327191867852604,0,
2192026,BA.2_0.01_abundance_0.1,C17111T;A17295C,ORF1b:A1215V;ORF1b:E1276D,64,5069,0.0126257644505819,0,
2192026,BA.2_0.01_abundance_0.1,C17410T;T17535G,ORF1b:R1315C;ORF1b:G1356G,8,79,0.1012658227848101,0,
2192026,BA.2_0.01_abundance_0.1,A17730C;T17773C;G17816T,ORF1b:E1421D;ORF1b:S1436P;ORF1b:G1450V,165,4201,0.0392763627707688,0,
2192026,BA.2_0.01_abundance_0.1,T18035G;A18161T;A18163G;T18209C,ORF1b:L1523*;ORF1b:D1565V;ORF1b:I1566V;ORF1b:M1581T,31,1047,0.0296084049665711,0,
2192026,BA.2_0.01_abundance_0.1,T18035G;A18161T;A18163G;T18209C;A18234C,ORF1b:L1523*;ORF1b:D1565V;ORF1b:I1566V;ORF1b:M1581T;ORF1b:Q1589H,13,979,0.0132788559754851,0,
2192026,BA.2_0.01_abundance_0.1,A18163G;A18234C,ORF1b:I1566V;ORF1b:Q1589H,281,979,0.2870275791624106,25,BU.1:1;BA.1.1.2:5;BE.2:2;BA.2:2;BA.2.9:8;BA.2.7:1;BA.1.1:3;BQ.1.1:1;BA.1:2
2192026,BA.2_0.01_abundance_0.1,A18637T;T18667A;C18728G;G18838C;G18844C;T18863A,ORF1b:K1724*;ORF1b:C1734S;ORF1b:S1754C;ORF1b:A1791P;ORF1b:V1793L;ORF1b:I1799N,11,977,0.0112589559877175,0,
2192026,BA.2_0.01_abundance_0.1,A18637T;T18667A;A18706C;C18728G;G18838C;G18844C;T18863A,ORF1b:K1724*;ORF1b:C1734S;ORF1b:T1747P;ORF1b:S1754C;ORF1b:A1791P;ORF1b:V1793L;ORF1b:I1799N,10,977,0.0102354145342886,0,
2192026,BA.2_0.01_abundance_0.1,G18651C;A18706C,ORF1b:E1728D;ORF1b:T1747P,52,1302,0.0399385560675883,0,
2192026,BA.2_0.01_abundance_0.1,A18706C;C18886G,ORF1b:T1747P;ORF1b:H1807D,60,1226,0.0489396411092985,0,
2192026,BA.2_0.01_abundance_0.1,T19092C;A19188G,ORF1b:Y1875Y;ORF1b:L1907L,22,152,0.1447368421052631,0,
2192026,BA.2_0.01_abundance_0.1,T20282A;T20285C;T20409A,ORF1b:F2272Y;ORF1b:I2273T;ORF1b:F2314L,5,93,0.053763440860215,0,
2192026,BA.2_0.01_abundance_0.1,T20571A;T20606A,ORF1b:V2368V;ORF1b:F2380Y,10,608,0.0164473684210526,0,
2192026,BA.2_0.01_abundance_0.1,A20898C;G20925A;A20963C;T20967G;T20982C,ORF1b:P2477P;ORF1b:L2486L;ORF1b:D2499A;ORF1b:F2500L;ORF1b:D2505D,18,422,0.0426540284360189,0,
2192026,BA.2_0.01_abundance_0.1,G21152A;T21197G;A21309C;T21349A,ORF1b:G2562D;ORF1b:L2577R;ORF1b:E2614D;ORF1b:W2628R,18,521,0.0345489443378119,0,
2192026,BA.2_0.01_abundance_0.1,C21711G;T21889C;A21947T;A21948C;C21978T;G21987A,S:S50*;S:T109T;S:K129*;S:K129T;S:P139L;S:G142D,13,881,0.0147559591373439,0,
2192026,BA.2_0.01_abundance_0.1,A21764T;G21987A,S:I68L;S:G142D,57,881,0.0646992054483541,286,AY.4:121;AY.4.17:1;BA.5.2.1:15;B.1.617.2:7;BA.5.2:7;BF.5:2;BA.2.9:3;AY.122:2;BA.4:1;BA.2.3:3;BA.5:3;AY.98:2;BQ.1.1.6:1;BA.5.2.6:1;AY.39:6;BA.5.6:5;AY.25.1:1;BA.2:9;BF.10:2;AY.113:1;BA.2.12.1:32;BA.2.23:4;BA.2.75:1;BF.21:1;BA.5.5:4;BF.27:1;BE.1.4:1;BA.5.2.21:1;B.1.617.1:1;BE.1.1:1;AY.103:2;BA.2.17:1;BA.5.2.12:1;AY.4.6:1;BA.4.1:7;BN.1.3:1;AY.5:1;AY.119.2:1;AY.98.1:1;BF.8:1;AY.6:1;AY.43:3;BA.1.1:1;BA.4.6:1;BA.5.3:1;AY.127:2;BF.28:1;AY.44:1;BE.1:3;BA.5.1.1:1;BA.4.1.1:2;BA.5.1:9;AY.121.1:1;BQ.1.1:1;AY.122.6:1
2192026,BA.2_0.01_abundance_0.1,G21828A;G21987A,S:G89D;S:G142D,56,881,0.0635641316685584,24,AY.4:3;AY.4.2:2;AY.39:1;AY.43:2;AY.103:1;AY.61:1;AY.47:1;AY.122:2;AY.111:1;AY.46.6:1;BA.2:2;AY.36:1;BA.1:3;AY.124:1;B.1.617.2:1;AY.33:1
2192026,BA.2_0.01_abundance_0.1,G21828A;G21985A;G21987A,S:G89D;S:L141L;S:G142D,11,881,0.0124858115777525,0,
2192026,BA.2_0.01_abundance_0.1,T22177G;T22200G,S:S205S;S:V213G,54,308,0.1753246753246753,0,
2192026,BA.2_0.01_abundance_0.1,T22177G;T22200G;A22253G,S:S205S;S:V213G;S:I231V,6,295,0.0203389830508474,0,
2192026,BA.2_0.01_abundance_0.1,T22200G;T22287G,S:V213G;S:L242R,15,285,0.0526315789473684,0,
2192026,BA.2_0.01_abundance_0.1,G22578A;A22623T;C22674T;T22679C;C22686T;A22688G;G22775A;A22786C;G22813T,S:G339D;S:N354I;S:S371F;S:S373P;S:S375F;S:T376A;S:D405N;S:R408S;S:K417N,185,660,0.2803030303030303,48,BA.2.76:3;BA.2.10.1:1;BA.2.10:10;BA.2:25;BA.2.38:5;BA.2.37:2;BA.5.2:1;BA.2.12:1
2192026,BA.2_0.01_abundance_0.1,T23197C;A23231G;A23370G;A23403G;C23447G,S:G545G;S:K557E;S:N603S;S:D614G;S:L629V,66,1992,0.0331325301204819,0,
2192026,BA.2_0.01_abundance_0.1,T23599G;C23604A;A23667C;A23668C,S:N679K;S:P681H;S:E702A;S:E702D,9,98,0.0918367346938775,0,
2192026,BA.2_0.01_abundance_0.1,T23830G;G23948T,S:Y756*;S:D796Y,251,735,0.3414965986394558,0,
2192026,BA.2_0.01_abundance_0.1,A23931G;G23948T;A24005G,S:K790R;S:D796Y;S:R815G,20,903,0.0221483942414175,0,
2192026,BA.2_0.01_abundance_0.1,A24247T;G24368C;G24390C;A24424T,S:Q895H;S:D936H;S:S943T;S:Q954H,36,987,0.0364741641337386,0,
2192026,BA.2_0.01_abundance_0.1,A24247T;G24368C;G24390C,S:Q895H;S:D936H;S:S943T,14,1392,0.0100574712643678,0,
2192026,BA.2_0.01_abundance_0.1,A24424T;A24531C,S:Q954H;S:E990A,14,89,0.1573033707865168,12,BA.2.5:3;BA.2:2;BA.1.1:1;BF.5:1;BA.1:1;XBB.2:1;BW.1:1;BA.2.3.1:1;BA.2.12.1:1
2192026,BA.2_0.01_abundance_0.1,A24443C;G24488A;G24527A;T24711A,S:T961P;S:V976I;S:A989T;S:M1050K,13,368,0.0353260869565217,0,
2192026,BA.2_0.01_abundance_0.1,A24813T;G24883A;T24991C;C25000T,S:D1084V;S:R1107R;S:P1143P;S:D1146D,48,3059,0.0156914024190912,0,
2192026,BA.2_0.01_abundance_0.1,A24813T;G24883A;T24938A;T24991C;C25000T,S:D1084V;S:R1107R;S:C1126S;S:P1143P;S:D1146D,38,3059,0.0124223602484472,0,
2192026,BA.2_0.01_abundance_0.1,G24893T;C25000T,S:E1111*;S:D1146D,133,3061,0.0434498529892192,0,
2192026,BA.2_0.01_abundance_0.1,G24893T;T24938A;C25000T,S:E1111*;S:C1126S;S:D1146D,116,3061,0.0378961123815746,0,
2192026,BA.2_0.01_abundance_0.1,T24938A;C25000T,S:C1126S;S:D1146D,1228,3061,0.4011760862463247,4,BA.2:1;BA.2.58:1;BA.2.12.1:1;BA.1.17.2:1
2192026,BA.2_0.01_abundance_0.1,T25461A;T25547A;C25584T,ORF3a:A23A;ORF3a:L52H;ORF3a:T64T,55,1578,0.0348542458808618,0,
2192026,BA.2_0.01_abundance_0.1,C25584T;G25598A,ORF3a:T64T;ORF3a:W69*,1081,1577,0.6854787571337984,4,BA.2:4
2192026,BA.2_0.01_abundance_0.1,C27211G;A27239C;A27259C;A27269C;G27382C;A27383T;T27384C,ORF6:L4V;ORF6:E13A;ORF6:R20R;ORF6:K23T;ORF6:D61H;ORF6:D61V;ORF6:D61D,42,1003,0.0418743768693918,0,
2192026,BA.2_0.01_abundance_0.1,C27883T;T27908A;G27967C,ORF7b:A43V;ORF8:V5V;ORF8:C25S,57,1488,0.0383064516129032,0,
2192026,BA.2_0.01_abundance_0.1,A28274G;C28311T;G28329T;G28392A,N:MX;N:P13L;N:G19V;N:R40H,83,2548,0.032574568288854,0,
2192026,BA.2_0.01_abundance_0.1,C28473T;C28475T;C28519G,N:P67L;N:R68*;N:D82E,50,1533,0.0326157860404435,0,
2192026,BA.2_0.01_abundance_0.1,C28754G;G28881A;G28882A;G28883C,N:L161V;N:R203K;N:R203R;N:G204R,17,61,0.2786885245901639,26,BA.1.1:4;BA.2.12.1:1;B.1.1.7:11;BA.2.10:2;BA.5.1.6:3;BA.5.2:3;BA.5.1:1;BA.1:1
2192026,BA.2_0.01_abundance_0.1,A28848T;G28881A;G28882A;G28883C,N:N192I;N:R203K;N:R203R;N:G204R,7,61,0.1147540983606557,9,P.1.7:2;BA.2.3:2;BA.1.1.2:1;BA.4.6:3;BA.4:1
2192026,BA.2_0.01_abundance_0.1,T29023A;A29150T;A29158C;G29179C;C29249G;C29272T;G29315C;T29328G,N:S250S;N:R293*;N:G295G;N:P302P;N:P326A;N:Y333Y;N:D348H;N:L352W,34,1095,0.0310502283105022,0,
2192026,BA.2_0.01_abundance_0.1,A29150T;A29158C;G29179C;C29249G;C29272T;G29315C;T29328G,N:R293*;N:G295G;N:P302P;N:P326A;N:Y333Y;N:D348H;N:L352W,31,2116,0.0146502835538752,0,
2192026,BA.2_0.01_abundance_0.1,T29328G;C29353T;A29443T;A29510C;A29605G,N:L352W;N:Y360Y;N:Q390H;N:S413R;ORF10:L16L,20,656,0.0304878048780487,0,
2192026,BA.2_0.01_abundance_0.1,T29328G;C29353T;A29443T;T29479A;A29510C;A29605G,N:L352W;N:Y360Y;N:Q390H;N:D402E;N:S413R;ORF10:L16L,8,656,0.0121951219512195,0,
2192026,BA.2_0.01_abundance_0.1,T29479A;A29510C,N:D402E;N:S413R,261,1048,0.2490458015267175,3,BA.2:3
2262026,BA.2_0.01_abundance_0.1,A301G;G351T,ORF1a:T12T;ORF1a:R29L,73,1052,0.0693916349809885,0,
2262026,BA.2_0.01_abundance_0.1,G351T;C449A;C450A;T508A;G530T;T670C,ORF1a:R29L;ORF1a:P62T;ORF1a:P62H;ORF1a:H81Q;ORF1a:V89L;ORF1a:S135S,12,164,0.073170731707317,0,
2262026,BA.2_0.01_abundance_0.1,C449A;C450A;T508A;G530T;T670C,ORF1a:P62T;ORF1a:P62H;ORF1a:H81Q;ORF1a:V89L;ORF1a:S135S,65,1016,0.0639763779527559,0,
2262026,BA.2_0.01_abundance_0.1,T670C;G954A;A976G,ORF1a:S135S;ORF1a:C230Y;ORF1a:E237E,15,203,0.0738916256157635,1,BA.2.10:1
2262026,BA.2_0.01_abundance_0.1,G954A;A976G,ORF1a:C230Y;ORF1a:E237E,109,1940,0.0561855670103092,1,BA.2.10:1
2262026,BA.2_0.01_abundance_0.1,T1152G;T1227G;A976G,ORF1a:F296C;ORF1a:M321R;ORF1a:E237E,11,212,0.0518867924528301,0,
2262026,BA.2_0.01_abundance_0.1,T1152G;T1227G,ORF1a:F296C;ORF1a:M321R,40,913,0.0438116100766703,0,
2262026,BA.2_0.01_abundance_0.1,A1804C;G1823A,ORF1a:K513N;ORF1a:A520T,71,3552,0.0199887387387387,0,
2262026,BA.2_0.01_abundance_0.1,G2246A;T2257G;G2273T;G2284C;G2323T;A2368G;G2494A,ORF1a:G661S;ORF1a:I664M;ORF1a:E670*;ORF1a:E673D;ORF1a:L686F;ORF1a:K701K;ORF1a:E743E,54,949,0.0569020021074815,0,
2262026,BA.2_0.01_abundance_0.1,G2448C;G2492T,ORF1a:G728A;ORF1a:E743*,10,949,0.0105374077976817,0,
2262026,BA.2_0.01_abundance_0.1,C2610T;T2670G;T2734C;G2755C;A2758C,ORF1a:P782L;ORF1a:L802R;ORF1a:V823V;ORF1a:V830V;ORF1a:I831I,16,379,0.0422163588390501,0,
2262026,BA.2_0.01_abundance_0.1,C2610T;T2670G;T2734C;G2755C,ORF1a:P782L;ORF1a:L802R;ORF1a:V823V;ORF1a:V830V,7,379,0.0184696569920844,0,
2262026,BA.2_0.01_abundance_0.1,C2940G;C3037T,ORF1a:P892R;ORF1a:F924F,8,258,0.0310077519379844,10,B.1.1.7:4;AY.26:2;AY.13:2;B.1.36:1;BA.2:1
2262026,BA.2_0.01_abundance_0.1,C3033A;C3037T,ORF1a:S923Y;ORF1a:F924F,7,258,0.0271317829457364,80,AY.5:2;BA.1.21:15;AY.33:6;AY.4:52;B.1.427:1;B.1.400:1;B.1:2;B.1.1.7:1
2262026,BA.2_0.01_abundance_0.1,G4520C;A4528C,ORF1a:G1419R;ORF1a:R1421S,11,737,0.0149253731343283,0,
2262026,BA.2_0.01_abundance_0.1,G4520C;A4528C;G4646A,ORF1a:G1419R;ORF1a:R1421S;ORF1a:E1461K,30,610,0.0491803278688524,0,
2262026,BA.2_0.01_abundance_0.1,T5626G;C5639G;C5711T;A5843C;A5897C,ORF1a:C1787W;ORF1a:Q1792E;ORF1a:L1816F;ORF1a:K1860Q;ORF1a:K1878Q,10,212,0.0471698113207547,0,
2262026,BA.2_0.01_abundance_0.1,C6092G;A6108T,ORF1a:Q1943E;ORF1a:K1948M,10,200,0.05,0,
2262026,BA.2_0.01_abundance_0.1,A6616G;G6669C;T6718A;C6797A,ORF1a:L2117L;ORF1a:W2135S;ORF1a:S2151R;ORF1a:Q2178K,19,357,0.0532212885154061,0,
2262026,BA.2_0.01_abundance_0.1,A7346T;G7362A;T7438C;T7546A;G7650C,ORF1a:N2361Y;ORF1a:W2366*;ORF1a:Y2391Y;ORF1a:V2427V;ORF1a:S2462T,25,768,0.0325520833333333,0,
2262026,BA.2_0.01_abundance_0.1,A7346T;G7362A;T7546A;G7650C,ORF1a:N2361Y;ORF1a:W2366*;ORF1a:V2427V;ORF1a:S2462T,20,768,0.0260416666666666,0,
2262026,BA.2_0.01_abundance_0.1,T7438C;A7661G,ORF1a:Y2391Y;ORF1a:S2466G,12,153,0.0784313725490196,0,
2262026,BA.2_0.01_abundance_0.1,A7661G;T7694A,ORF1a:S2466G;ORF1a:F2477I,14,225,0.0622222222222222,0,
2262026,BA.2_0.01_abundance_0.1,T7694A;C7703T;C7735G;G7899A,ORF1a:F2477I;ORF1a:P2480S;ORF1a:I2490M;ORF1a:G2545D,16,700,0.0228571428571428,0,
2262026,BA.2_0.01_abundance_0.1,C7703T;C7735G;G7899A,ORF1a:P2480S;ORF1a:I2490M;ORF1a:G2545D,29,700,0.0414285714285714,0,
2262026,BA.2_0.01_abundance_0.1,T8063A;A8089T;G8102A;A8239T;A8285C,ORF1a:S2600T;ORF1a:K2608N;ORF1a:V2613I;ORF1a:S2658S;ORF1a:M2674L,43,731,0.0588235294117647,0,
2262026,BA.2_0.01_abundance_0.1,A8285C;T8477G,ORF1a:M2674L;ORF1a:L2738V,23,454,0.0506607929515418,0,
2262026,BA.2_0.01_abundance_0.1,A8651C;G8787C;T8866A;T8906G,ORF1a:M2796L;ORF1a:R2841P;ORF1a:P2867P;ORF1a:F2881V,28,889,0.0314960629921259,0,
2262026,BA.2_0.01_abundance_0.1,A8651C;G8787C;T8866A;T8906G;T8944G,ORF1a:M2796L;ORF1a:R2841P;ORF1a:P2867P;ORF1a:F2881V;ORF1a:G2893G,22,385,0.0571428571428571,0,
2262026,BA.2_0.01_abundance_0.1,T8944G;G9095C;A9174T;A9218G,ORF1a:G2893G;ORF1a:A2944P;ORF1a:E2970V;ORF1a:R2985G,19,402,0.0472636815920398,0,
2262026,BA.2_0.01_abundance_0.1,C9344T;T9378C;A9424G;C9534T,ORF1a:L3027F;ORF1a:I3038T;ORF1a:V3053V;ORF1a:T3090I,7,50,0.14,13,BA.2:13
2262026,BA.2_0.01_abundance_0.1,A9533C;C9534T;G9575C;C9661T;G9791C,ORF1a:T3090P;ORF1a:T3090I;ORF1a:V3104L;ORF1a:F3132F;ORF1a:E3176Q,26,1172,0.0221843003412969,0,
2262026,BA.2_0.01_abundance_0.1,A9533C;C9534T;C9661T;G9791C,ORF1a:T3090P;ORF1a:T3090I;ORF1a:F3132F;ORF1a:E3176Q,48,1172,0.0409556313993174,0,
2262026,BA.2_0.01_abundance_0.1,C9534T;G9575C,ORF1a:T3090I;ORF1a:V3104L,376,1287,0.2921522921522921,0,
2262026,BA.2_0.01_abundance_0.1,C9534T;A9826G,ORF1a:T3090I;ORF1a:K3187K,37,122,0.3032786885245901,683,BA.5.1:12;BA.2.27:1;BA.5.2.16:1;BA.5.2.1:219;BF.5:27;BF.26:6;BQ.1.1.2:1;BA.2.12.1:6;BA.2:107;BE.1:11;BA.2.10:2;BF.4:1;BE.1.1:36;BA.5.2.21:11;BF.1:1;BF.7:2;BA.4.1:3;BA.5.1.25:1;BA.5.2.26:2;BA.5.2:103;BA.4.6:4;BF.7.4:3;BA.5.6:17;BA.2.3:7;BA.5.5:9;BA.5.8:4;BA.2.10.1:3;BA.2.9:58;BA.5.3:2;CP.1.1:1;XBB.2:1;BA.2.3.1:2;BE.5:3;BA.5.2.28:1;BQ.1:1;AY.103:1;BA.5.1.22:3;BQ.1.5:1;BA.5.1.10:1;BF.3:1;BF.28:1;BA.2.37:1;BA.5.2.12:2;BA.2.3.7:3
2262026,BA.2_0.01_abundance_0.1,C9534T;G9575C;A9826G,ORF1a:T3090I;ORF1a:V3104L;ORF1a:K3187K,19,122,0.1557377049180328,0,
2262026,BA.2_0.01_abundance_0.1,C10401A;T10438A;G10700C,ORF1a:A3379D;ORF1a:C3391*;ORF1a:D3479H,28,506,0.0553359683794466,0,
2262026,BA.2_0.01_abundance_0.1,T10438A;G10700C,ORF1a:C3391*;ORF1a:D3479H,17,846,0.0200945626477541,0,
2262026,BA.2_0.01_abundance_0.1,T11039A;T11046C,ORF1a:L3592I;ORF1a:L3594S,51,1151,0.0443092962641181,0,
2262026,BA.2_0.01_abundance_0.1,A11462C;T11560A,ORF1a:M3733L;ORF1a:Y3765*,8,614,0.013029315960912,0,
2262026,BA.2_0.01_abundance_0.1,A11935T;T12006C,ORF1a:Q3890H;ORF1a:L3914P,24,1637,0.0146609651802076,0,
2262026,BA.2_0.01_abundance_0.1,T11946G;A12040T;G12163T;C12171T;C12183A,ORF1a:L3894*;ORF1a:V3925V;ORF1a:Q3966H;ORF1a:A3969V;ORF1a:S3973Y,49,1523,0.0321733420879842,0,
2262026,BA.2_0.01_abundance_0.1,T11946G;T12006C;A12040T;G12163T;C12171T;C12183A,ORF1a:L3894*;ORF1a:L3914P;ORF1a:V3925V;ORF1a:Q3966H;ORF1a:A3969V;ORF1a:S3973Y,26,1523,0.0170715692711753,0,
2262026,BA.2_0.01_abundance_0.1,G12163T;C12171T;C12183A;G12347A;T12365C;T12450A,ORF1a:Q3966H;ORF1a:A3969V;ORF1a:S3973Y;ORF1a:A4028T;ORF1a:F4034L;ORF1a:I4062K,11,515,0.0213592233009708,0,
2262026,BA.2_0.01_abundance_0.1,G12163T;C12171T;C12183A;T12365C;T12450A,ORF1a:Q3966H;ORF1a:A3969V;ORF1a:S3973Y;ORF1a:F4034L;ORF1a:I4062K,19,515,0.0368932038834951,0,
2262026,BA.2_0.01_abundance_0.1,G12163T;C12171T;C12183A;T12365C,ORF1a:Q3966H;ORF1a:A3969V;ORF1a:S3973Y;ORF1a:F4034L,24,1069,0.0224508886810102,0,
2262026,BA.2_0.01_abundance_0.1,G12347A;A12380G,ORF1a:A4028T;ORF1a:K4039E,47,1069,0.0439663236669784,0,
2262026,BA.2_0.01_abundance_0.1,T12450A;T12531A;A12579C,ORF1a:I4062K;ORF1a:F4089Y;ORF1a:D4105A,34,580,0.0586206896551724,0,
2262026,BA.2_0.01_abundance_0.1,T12531A;A12579C,ORF1a:F4089Y;ORF1a:D4105A,125,2790,0.0448028673835125,0,
2262026,BA.2_0.01_abundance_0.1,G12861A;C12880T;C12992G,ORF1a:S4199N;ORF1a:I4205I;ORF1a:L4243V,23,1186,0.0193929173693086,0,
2262026,BA.2_0.01_abundance_0.1,G12861A;C12880T,ORF1a:S4199N;ORF1a:I4205I,59,1277,0.0462020360219263,2,BA.5.2:1;BE.1.1:1
2262026,BA.2_0.01_abundance_0.1,G12861A;C12880T;C12932T,ORF1a:S4199N;ORF1a:I4205I;ORF1a:P4223S,13,1277,0.0101801096319498,0,
2262026,BA.2_0.01_abundance_0.1,T12874G;C12880T;A12898G;T12944C;A12972C,ORF1a:G4203G;ORF1a:I4205I;ORF1a:P4211P;ORF1a:Y4227H;ORF1a:N4236T,71,1186,0.0598650927487352,0,
2262026,BA.2_0.01_abundance_0.1,C12880T;C12992G,ORF1a:I4205I;ORF1a:L4243V,245,1186,0.2065767284991568,0,
2262026,BA.2_0.01_abundance_0.1,C12880T;C12932T;C12992G,ORF1a:I4205I;ORF1a:P4223S;ORF1a:L4243V,97,1186,0.081787521079258,0,
2262026,BA.2_0.01_abundance_0.1,C12880T;C12932T,ORF1a:I4205I;ORF1a:P4223S,189,1277,0.1480031323414252,44,B.1.526:1;BA.5.2.1:6;BA.2.9:9;BA.2:4;BA.2.12.1:3;B.1.2:1;BA.2.3.15:1;BA.5.1:8;BE.1.1:1;BF.5:1;BA.2.3:1;BA.2.56:1;BA.2.5:1;BA.5.2:2;BQ.1.1:2;BF.21:1;XAN:1
2262026,BA.2_0.01_abundance_0.1,A13099T;A13251T,ORF1a:K4278N;ORF1a:Y4329F,95,1768,0.0537330316742081,0,
2262026,BA.2_0.01_abundance_0.1,T13157C;C13176G,ORF1a:L4298L;ORF1a:T4304S,37,1911,0.0193615907901622,0,
2262026,BA.2_0.01_abundance_0.1,A13537G;T13638C,ORF1b:R24G;ORF1b:I57I,29,482,0.0601659751037344,0,
2262026,BA.2_0.01_abundance_0.1,A14031T;A14157G;A14163G;T14165A,ORF1b:R188R;ORF1b:S230S;ORF1b:L232L;ORF1b:M233K,32,752,0.0425531914893617,0,
2262026,BA.2_0.01_abundance_0.1,C14408T;T14416C,ORF1b:P314L;ORF1b:F317L,101,399,0.2531328320802005,53,BA.1.1:1;AY.43:2;BA.5.1.24:1;AY.2:2;AY.119.2:2;BA.2.12.1:1;BA.5.2.12:1;BA.2.9:1;AY.4:7;BA.2:6;B.1.1.7:9;BA.5.2.9:5;BA.5.2.1:2;P.1.17:2;B.1.1.28:1;B.1.1.33:1;AY.68:1;AY.100:1;AY.26:1;BA.1:2;B.1:1;BA.5.2:1;B.1.524:1;BA.1.1.1:1
2262026,BA.2_0.01_abundance_0.1,C14408T;C14481A;G14494C;A14519C,ORF1b:P314L;ORF1b:H338Q;ORF1b:G343R;ORF1b:N351T,19,368,0.0516304347826086,0,
2262026,BA.2_0.01_abundance_0.1,T14769A;T14835C;A14882T;A14888T,ORF1b:A434A;ORF1b:D456D;ORF1b:D472V;ORF1b:Y474F,28,470,0.0595744680851063,0,
2262026,BA.2_0.01_abundance_0.1,T14769A;T14835C;A14882T,ORF1b:A434A;ORF1b:D456D;ORF1b:D472V,27,982,0.0274949083503055,0,
2262026,BA.2_0.01_abundance_0.1,T14769A;T14835C,ORF1b:A434A;ORF1b:D456D,21,1310,0.016030534351145,13,B.1:10;B.1.1:1;B.1.371:1;B.1.1.51:1
2262026,BA.2_0.01_abundance_0.1,A14927T;A15055T,ORF1b:N487I;ORF1b:I530L,16,229,0.0698689956331877,0,
2262026,BA.2_0.01_abundance_0.1,T15225C;T15284G;T15350C;T15464A,ORF1b:Y586Y;ORF1b:M606R;ORF1b:V628A;ORF1b:V666D,69,1243,0.0555108608205953,0,
2262026,BA.2_0.01_abundance_0.1,T15552A;A15655G;C15712G;C15714T;T15771A;A15777G;T15825C,ORF1b:V695V;ORF1b:T730A;ORF1b:L749V;ORF1b:L749L;ORF1b:A768A;ORF1b:I770M;ORF1b:S786S,237,4942,0.0479562929987859,0,
2262026,BA.2_0.01_abundance_0.1,T15552A;A15655G;C15712G;C15714T;T15771A;A15777G;T15825C;G15826A,ORF1b:V695V;ORF1b:T730A;ORF1b:L749V;ORF1b:L749L;ORF1b:A768A;ORF1b:I770M;ORF1b:S786S;ORF1b:E787K,58,4925,0.0117766497461928,0,
2262026,BA.2_0.01_abundance_0.1,G15947A;A16169G,ORF1b:R827K;ORF1b:D901G,32,885,0.0361581920903954,0,
2262026,BA.2_0.01_abundance_0.1,G15947A;A15999T,ORF1b:R827K;ORF1b:T844T,29,1888,0.0153601694915254,0,
2262026,BA.2_0.01_abundance_0.1,G15976C;A15999T,ORF1b:D837H;ORF1b:T844T,45,1888,0.0238347457627118,0,
2262026,BA.2_0.01_abundance_0.1,G15976C;A16169G,ORF1b:D837H;ORF1b:D901G,66,885,0.0745762711864406,0,
2262026,BA.2_0.01_abundance_0.1,G15976C;A15999T;A16169G,ORF1b:D837H;ORF1b:T844T;ORF1b:D901G,24,885,0.0271186440677966,0,
2262026,BA.2_0.01_abundance_0.1,A15999T;A16169G,ORF1b:T844T;ORF1b:D901G,97,885,0.1096045197740113,0,
2262026,BA.2_0.01_abundance_0.1,A16169G;G16385A,ORF1b:D901G;ORF1b:C973Y,27,612,0.0441176470588235,0,
2262026,BA.2_0.01_abundance_0.1,G16825T;T16934G;T16944C;A17015C,ORF1b:E1120*;ORF1b:M1156R;ORF1b:S1159S;ORF1b:D1183A,18,915,0.0196721311475409,0,
2262026,BA.2_0.01_abundance_0.1,G16825T;T16934G;T16944C;A17015C;C17111T,ORF1b:E1120*;ORF1b:M1156R;ORF1b:S1159S;ORF1b:D1183A;ORF1b:A1215V,19,542,0.0350553505535055,0,
2262026,BA.2_0.01_abundance_0.1,C17111T;A17295C;C17410T,ORF1b:A1215V;ORF1b:E1276D;ORF1b:R1315C,87,1532,0.0567885117493472,0,
2262026,BA.2_0.01_abundance_0.1,C17111T;A17295C,ORF1b:A1215V;ORF1b:E1276D,56,2503,0.0223731522173391,0,
2262026,BA.2_0.01_abundance_0.1,C17410T;A17447T,ORF1b:R1315C;ORF1b:Q1327L,55,92,0.5978260869565217,0,
2262026,BA.2_0.01_abundance_0.1,C17410T;A17447T;G17616A,ORF1b:R1315C;ORF1b:Q1327L;ORF1b:K1383K,13,92,0.1413043478260869,0,
2262026,BA.2_0.01_abundance_0.1,A17447T;G17616A,ORF1b:Q1327L;ORF1b:K1383K,76,837,0.0908004778972521,0,
2262026,BA.2_0.01_abundance_0.1,A17447T;G17616A;T17692A,ORF1b:Q1327L;ORF1b:K1383K;ORF1b:S1409T,13,774,0.0167958656330749,0,
2262026,BA.2_0.01_abundance_0.1,A17447T;T17692A,ORF1b:Q1327L;ORF1b:S1409T,47,774,0.0607235142118863,0,
2262026,BA.2_0.01_abundance_0.1,A17730C;T17773C;G17816T,ORF1b:E1421D;ORF1b:S1436P;ORF1b:G1450V,23,555,0.0414414414414414,0,
2262026,BA.2_0.01_abundance_0.1,A17730C;T17773C;G17816T;T18035G,ORF1b:E1421D;ORF1b:S1436P;ORF1b:G1450V;ORF1b:L1523*,5,24,0.2083333333333333,0,
2262026,BA.2_0.01_abundance_0.1,A18416G;G18443A;C18460A;A18492G,ORF1b:D1650G;ORF1b:R1659K;ORF1b:P1665T;ORF1b:P1675P,8,259,0.0308880308880308,0,
2262026,BA.2_0.01_abundance_0.1,A18637T;T18667A;C18728G;G18838C;G18844C;T18863A,ORF1b:K1724*;ORF1b:C1734S;ORF1b:S1754C;ORF1b:A1791P;ORF1b:V1793L;ORF1b:I1799N,116,3196,0.0362953692115143,0,
2262026,BA.2_0.01_abundance_0.1,A18637T;T18667A;C18728G;A18735T;G18838C;G18844C;T18863A,ORF1b:K1724*;ORF1b:C1734S;ORF1b:S1754C;ORF1b:G1756G;ORF1b:A1791P;ORF1b:V1793L;ORF1b:I1799N,37,3196,0.0115769712140175,0,
2262026,BA.2_0.01_abundance_0.1,A18725G;T18765A,ORF1b:H1753R;ORF1b:I1766I,257,4128,0.0622577519379844,0,
2262026,BA.2_0.01_abundance_0.1,A18725G;A18735T,ORF1b:H1753R;ORF1b:G1756G,361,4128,0.0874515503875969,0,
2262026,BA.2_0.01_abundance_0.1,A18725G;A18735T;T18765A,ORF1b:H1753R;ORF1b:G1756G;ORF1b:I1766I,119,4128,0.0288275193798449,0,
2262026,BA.2_0.01_abundance_0.1,A18735T;T18765A,ORF1b:G1756G;ORF1b:I1766I,139,4128,0.033672480620155,0,
2262026,BA.2_0.01_abundance_0.1,T18989G;T19190G;A19251T,ORF1b:V1841G;ORF1b:F1908C;ORF1b:R1928S,34,707,0.048090523338048,0,
2262026,BA.2_0.01_abundance_0.1,G19598C;G19735T;T19797C;T19809G;G19852A,ORF1b:W2044S;ORF1b:D2090Y;ORF1b:A2110A;ORF1b:I2114M;ORF1b:D2129N,12,171,0.0701754385964912,0,
2262026,BA.2_0.01_abundance_0.1,A20898C;G20925A;A20963C;T20967G;T20982C,ORF1b:P2477P;ORF1b:L2486L;ORF1b:D2499A;ORF1b:F2500L;ORF1b:D2505D,25,344,0.0726744186046511,0,
2262026,BA.2_0.01_abundance_0.1,G21152A;T21197G;A21309C;T21349A,ORF1b:G2562D;ORF1b:L2577R;ORF1b:E2614D;ORF1b:W2628R,57,953,0.0598111227701993,0,
2262026,BA.2_0.01_abundance_0.1,C21711G;T21889C;A21947T;A21948C;C21978T;G21987A,S:S50*;S:T109T;S:K129*;S:K129T;S:P139L;S:G142D,116,2081,0.0557424315233061,0,
2262026,BA.2_0.01_abundance_0.1,T21890A;T21891A;G21987A,S:L110I;S:L110*;S:G142D,50,2082,0.0240153698366954,0,
2262026,BA.2_0.01_abundance_0.1,T21890A;G21987A,S:L110I;S:G142D,120,2082,0.0576368876080691,26,AY.44:1;AY.118:1;AY.122:2;BA.1.21.1:1;AY.4:3;BA.1.1:2;AY.47:1;B.1.617.2:1;AY.3:1;BA.1.1.7:1;AY.43:2;AY.25.1:1;BA.1:4;AY.4.4:1;AY.107:1;AY.39:1;AY.74:1;BA.1.15:1
2262026,BA.2_0.01_abundance_0.1,T21891A;G21987A,S:L110*;S:G142D,509,2082,0.24447646493756,15,AY.117:1;AY.25.1:1;AY.44:2;XBB.1:1;BA.2:2;AY.122:1;AY.103:3;AY.4:1;BA.1.1:1;AY.3:1;AY.112:1
2262026,BA.2_0.01_abundance_0.1,T21891A;A21979G;G21987A,S:L110*;S:P139P;S:G142D,73,2082,0.0350624399615754,0,
2262026,BA.2_0.01_abundance_0.1,A22029C;T22200G,S:E156A;S:V213G,100,1188,0.0841750841750841,93,BA.5.2.9:7;BA.5.1:29;BA.5.2:42;BF.4:1;BA.5.1.24:4;BQ.1.3:4;BF.5:1;BA.2.12.1:1;BA.2.56:1;BA.2:3
2262026,BA.2_0.01_abundance_0.1,G22583A;C22674T;T22679C;C22686T;A22688G;G22775A;A22786C,S:V341I;S:S371F;S:S373P;S:S375F;S:T376A;S:D405N;S:R408S,106,288,0.3680555555555556,112,XBB:1;BA.2.68:2;BA.5.5:4;BA.5.2:2;BA.5.1.25:4;BA.2.12.1:7;BA.2:53;BA.2.54:1;BA.5.6:3;BA.4.6:1;BA.2.9:5;BE.1.1:4;BA.2.75:2;BA.5.2.1:3;BA.5.1.10:1;BA.5.1:4;BA.2.3.11:1;BA.2.3:3;BA.2.20:1;BA.5.1.22:1;BA.5.1.1:1;BA.2.10:1;BF.7:1;BF.10:1;BA.2.24:1;BA.2.3.7:1;BA.5.2.20:1;BA.2.12:1;BA.5.2.9:1
2262026,BA.2_0.01_abundance_0.1,A22910C;G22992A;C22995A;A23013C;A23040G;A23063T,S:N450H;S:S477N;S:T478K;S:E484A;S:Q493R;S:N501Y,55,133,0.4135338345864661,3,BA.1.20:1;BA.2.38:1;BA.2:1
2262026,BA.2_0.01_abundance_0.1,A22958T;G22992A;C22995A;A23013C;A23040G;A23063T,S:R466*;S:S477N;S:T478K;S:E484A;S:Q493R;S:N501Y,6,133,0.0451127819548872,3,BA.2.38:3
2262026,BA.2_0.01_abundance_0.1,T23197C;A23231G;A23370G;A23403G;C23447G,S:G545G;S:K557E;S:N603S;S:D614G;S:L629V,26,602,0.0431893687707641,0,
2262026,BA.2_0.01_abundance_0.1,A23931G;G23948T;A24005G,S:K790R;S:D796Y;S:R815G,26,523,0.0497131931166348,0,
2262026,BA.2_0.01_abundance_0.1,A24167C;A24424T,S:M869L;S:Q954H,74,253,0.2924901185770751,0,
2262026,BA.2_0.01_abundance_0.1,A24167C;G24200T,S:M869L;S:G880C,8,384,0.0208333333333333,0,
2262026,BA.2_0.01_abundance_0.1,A24167C;G24200T;A24424T,S:M869L;S:G880C;S:Q954H,15,253,0.0592885375494071,0,
2262026,BA.2_0.01_abundance_0.1,G24200T;A24424T,S:G880C;S:Q954H,26,253,0.1027667984189723,0,
2262026,BA.2_0.01_abundance_0.1,A24247T;G24368C;G24390C;A24424T,S:Q895H;S:D936H;S:S943T;S:Q954H,12,254,0.0472440944881889,0,
2262026,BA.2_0.01_abundance_0.1,A24424T;A24443C;T24469A;G24488A;G24527A;T24711A,S:Q954H;S:T961P;S:N969K;S:V976I;S:A989T;S:M1050K,13,293,0.0443686006825938,0,
2262026,BA.2_0.01_abundance_0.1,A24443C;T24469A;G24488A;G24527A;T24711A,S:T961P;S:N969K;S:V976I;S:A989T;S:M1050K,61,1254,0.0486443381180223,0,
2262026,BA.2_0.01_abundance_0.1,A24813T;G24883A;T24991C;C25000T,S:D1084V;S:R1107R;S:P1143P;S:D1146D,113,1784,0.0633408071748879,0,
2262026,BA.2_0.01_abundance_0.1,A25372C;C25584T,S:L1270F;ORF3a:T64T,691,3213,0.2150638032990974,2,BA.1.1:1;BA.2:1
2262026,BA.2_0.01_abundance_0.1,T25461A;T25547A;C25584T,ORF3a:A23A;ORF3a:L52H;ORF3a:T64T,168,3215,0.0522550544323483,0,
2262026,BA.2_0.01_abundance_0.1,G26107A;C26270T,ORF3a:E239K;E:T9I,238,948,0.2510548523206751,228,BE.1.1:5;BA.5.2:4;BA.5:3;BA.2:46;BA.4.6:77;BA.1.1:71;BF.31.1:1;BA.4.1:2;BA.2.3.2:2;BA.2.9:7;BA.5.1.22:1;BQ.1.1.5:1;BA.1:2;BQ.1.2:1;BA.1.1.1:1;BA.5.2.1:2;BA.2.3.10:2
2262026,BA.2_0.01_abundance_0.1,C26270T;T26448A,E:T9I;E:S68S,25,547,0.0457038391224862,8,BA.5.2.1:1;BA.1.1:1;BA.1:1;BA.5.2:1;BQ.1.2:3;BA.5.2.3:1
2262026,BA.2_0.01_abundance_0.1,C27211G;A27239C;A27259C;A27269C;G27382C;A27383T;T27384C,ORF6:L4V;ORF6:E13A;ORF6:R20R;ORF6:K23T;ORF6:D61H;ORF6:D61V;ORF6:D61D,110,1708,0.0644028103044496,0,
2262026,BA.2_0.01_abundance_0.1,A27259C;G27382C;A27383T;T27384C;G27506C,ORF6:R20R;ORF6:D61H;ORF6:D61V;ORF6:D61D;ORF7a:G38A,16,87,0.1839080459770115,322,BA.4.6.5:3;BA.4.1:6;BA.2.24:47;BA.2.36:1;BA.2.9:125;BA.2:86;BN.1.5:1;BA.2.3:16;BA.2.9.5:6;BA.2.75:8;BA.4.6:4;BA.2.3.13:1;BA.2.65:1;BA.4.4:2;BA.2.10:5;BA.2.3.14:2;BA.2.3.1:1;BA.2.29:3;BN.1.3:1;BA.2.12.1:1;BA.2.81:1;XAB:1
2262026,BA.2_0.01_abundance_0.1,T27826G;C27883T;T27908A;G27967C,ORF7b:M24R;ORF7b:A43V;ORF8:V5V;ORF8:C25S,43,3201,0.0134333020930959,0,
2262026,BA.2_0.01_abundance_0.1,C27883T;T27908A;G27967C,ORF7b:A43V;ORF8:V5V;ORF8:C25S,158,3314,0.0476765238382619,0,
2262026,BA.2_0.01_abundance_0.1,T28203C;C28311T,ORF8:F104L;N:P13L,1216,2995,0.4060100166944908,421,BA.1.17.2:1;BA.4:259;BA.1.17:1;BA.5.2.1:10;XBB.3:1;BA.5.5:1;BA.1.1:24;BA.5.1:9;BA.1.15:49;BA.5.2.23:4;BA.2:21;BA.1:11;BA.4.1:1;BA.5.2:8;BA.5.1.22:4;BA.2.2:1;BA.2.31:2;BE.1.1:1;BA.2.5:2;BQ.1.12:3;BA.5.2.8:1;BQ.1.1:1;BA.5:1;BA.1.18:1;BA.5.1.12:1;BA.2.12.1:2;BA.2.3:1
2262026,BA.2_0.01_abundance_0.1,T28203C;A28274G;C28311T;G28329T;G28392A,ORF8:F104L;N:MX;N:P13L;N:G19V;N:R40H,68,2788,0.024390243902439,0,
2262026,BA.2_0.01_abundance_0.1,A28274G;C28311T;G28329T;G28392A,N:MX;N:P13L;N:G19V;N:R40H,81,2790,0.0290322580645161,0,
2262026,BA.2_0.01_abundance_0.1,C28473T;C28475T;C28519G,N:P67L;N:R68*;N:D82E,115,3248,0.0354064039408867,0,
2262026,BA.2_0.01_abundance_0.1,C28473T;C28475T;C28519G;A28566C,N:P67L;N:R68*;N:D82E;N:D98A,48,3248,0.0147783251231527,0,
2262026,BA.2_0.01_abundance_0.1,A28553G;A28566C,N:I94V;N:D98A,167,3248,0.0514162561576354,0,
2262026,BA.2_0.01_abundance_0.1,T29023A;A29150T;A29158C;G29179C;C29249G;C29272T;G29315C;T29328G,N:S250S;N:R293*;N:G295G;N:P302P;N:P326A;N:Y333Y;N:D348H;N:L352W,63,1185,0.0531645569620253,0,
2262026,BA.2_0.01_abundance_0.1,A29150T;A29158C;G29179C;C29249G;C29272T;G29315C;T29328G,N:R293*;N:G295G;N:P302P;N:P326A;N:Y333Y;N:D348H;N:L352W,59,2408,0.0245016611295681,0,
2262026,BA.2_0.01_abundance_0.1,T29328G;C29353T;A29443T;A29510C;A29605G,N:L352W;N:Y360Y;N:Q390H;N:S413R;ORF10:L16L,16,281,0.0569395017793594,0,
2262026,BA.2_0.01_abundance_0.1,C29353T;A29443T;A29510C;A29605G,N:Y360Y;N:Q390H;N:S413R;ORF10:L16L,5,391,0.0127877237851662,0,
2262026,BA.2_0.01_abundance_0.1,A29365G;A29510C,N:P364P;N:S413R,17,426,0.0399061032863849,107,BA.5.1:15;BA.4.1:4;BA.5.2.1:14;BA.2.12.1:4;BA.2.40.1:34;BA.2:10;BA.2.75:4;BE.1:6;BN.1.3:1;BA.2.23:1;BM.4.1:2;BA.5.5:2;BQ.1.1:1;BA.4.6:3;BM.4.1.1:2;BA.5.1.1:1;BM.2:1;BQ.1.23:1;BA.5.2:1
3052026,BA.2_0.01_abundance_0.1,A301G;G351T,ORF1a:T12T;ORF1a:R29L,63,596,0.1057046979865771,0,
3052026,BA.2_0.01_abundance_0.1,G351T;C449A;C450A;T508A;G530T;T670C,ORF1a:R29L;ORF1a:P62T;ORF1a:P62H;ORF1a:H81Q;ORF1a:V89L;ORF1a:S135S,44,534,0.0823970037453183,0,
3052026,BA.2_0.01_abundance_0.1,G351T;C449A;C450A;T508A;G530T;T646C;T670C,ORF1a:R29L;ORF1a:P62T;ORF1a:P62H;ORF1a:H81Q;ORF1a:V89L;ORF1a:G127G;ORF1a:S135S,6,534,0.0112359550561797,0,
3052026,BA.2_0.01_abundance_0.1,C449A;C450A;T508A;G530T;T670C,ORF1a:P62T;ORF1a:P62H;ORF1a:H81Q;ORF1a:V89L;ORF1a:S135S,208,3211,0.0647773279352226,0,
3052026,BA.2_0.01_abundance_0.1,T646C;T670G,ORF1a:G127G;ORF1a:S135R,267,3211,0.0831516661476175,104,BA.5.2:30;BA.5.2.1:23;BA.5.1.22:1;BA.2.3.13:1;BA.2:7;BA.2.3:2;BA.5.9:37;BA.2.9:1;BA.5.8:1;BA.2.12.1:1
3052026,BA.2_0.01_abundance_0.1,T670C;G954A;A976G,ORF1a:S135S;ORF1a:C230Y;ORF1a:E237E,7,116,0.0603448275862069,1,BA.2.10:1
3052026,BA.2_0.01_abundance_0.1,G954A;A976G,ORF1a:C230Y;ORF1a:E237E,100,1077,0.0928505106778087,1,BA.2.10:1
3052026,BA.2_0.01_abundance_0.1,T1152G;T1227G;A976G,ORF1a:F296C;ORF1a:M321R;ORF1a:E237E,8,111,0.072072072072072,0,
3052026,BA.2_0.01_abundance_0.1,T1152G;T1227G,ORF1a:F296C;ORF1a:M321R,54,549,0.0983606557377049,0,
3052026,BA.2_0.01_abundance_0.1,C1848G;T1920G,ORF1a:S528*;ORF1a:L552R,123,2216,0.0555054151624548,0,
3052026,BA.2_0.01_abundance_0.1,T1920G;T1949A;G1961A;C1973T;C2197T,ORF1a:L552R;ORF1a:L562I;ORF1a:A566T;ORF1a:L570L;ORF1a:D644D,30,1178,0.0254668930390492,0,
3052026,BA.2_0.01_abundance_0.1,T1949A;G1961A;C1973T;C2197T,ORF1a:L562I;ORF1a:A566T;ORF1a:L570L;ORF1a:D644D,82,1189,0.0689655172413793,0,
3052026,BA.2_0.01_abundance_0.1,G2246A;T2257G;G2273T;G2284C;G2323T;A2368G;G2494A,ORF1a:G661S;ORF1a:I664M;ORF1a:E670*;ORF1a:E673D;ORF1a:L686F;ORF1a:K701K;ORF1a:E743E,12,156,0.0769230769230769,0,
3052026,BA.2_0.01_abundance_0.1,A3636G;G3644A,ORF1a:K1124R;ORF1a:D1127N,12,131,0.0916030534351145,0,
3052026,BA.2_0.01_abundance_0.1,G4520C;A4528C;G4646A,ORF1a:G1419R;ORF1a:R1421S;ORF1a:E1461K,204,2164,0.0942698706099815,0,
3052026,BA.2_0.01_abundance_0.1,G4520C;A4528C,ORF1a:G1419R;ORF1a:R1421S,56,2627,0.0213170917396269,0,
3052026,BA.2_0.01_abundance_0.1,G5594A;T5626G;C5639G;C5711T;A5843C;A5897C,ORF1a:E1777K;ORF1a:C1787W;ORF1a:Q1792E;ORF1a:L1816F;ORF1a:K1860Q;ORF1a:K1878Q,6,47,0.1276595744680851,0,
3052026,BA.2_0.01_abundance_0.1,T5626G;C5639G;C5711T;A5843C;A5897C,ORF1a:C1787W;ORF1a:Q1792E;ORF1a:L1816F;ORF1a:K1860Q;ORF1a:K1878Q,19,243,0.0781893004115226,0,
3052026,BA.2_0.01_abundance_0.1,A6616G;G6669C;T6718A;C6797A,ORF1a:L2117L;ORF1a:W2135S;ORF1a:S2151R;ORF1a:Q2178K,10,102,0.0980392156862745,0,
3052026,BA.2_0.01_abundance_0.1,A7346T;G7362A;T7546A;G7650C,ORF1a:N2361Y;ORF1a:W2366*;ORF1a:V2427V;ORF1a:S2462T,27,341,0.0791788856304985,0,
3052026,BA.2_0.01_abundance_0.1,A7346T;G7362A;T7546A,ORF1a:N2361Y;ORF1a:W2366*;ORF1a:V2427V,20,495,0.0404040404040404,0,
3052026,BA.2_0.01_abundance_0.1,A7346T;G7362A;G7529A;T7546A;G7650C,ORF1a:N2361Y;ORF1a:W2366*;ORF1a:E2422K;ORF1a:V2427V;ORF1a:S2462T,5,341,0.0146627565982404,0,
3052026,BA.2_0.01_abundance_0.1,G7362A;T7546A;G7650C,ORF1a:W2366*;ORF1a:V2427V;ORF1a:S2462T,6,402,0.0149253731343283,0,
3052026,BA.2_0.01_abundance_0.1,T7499A;G7529A,ORF1a:C2412S;ORF1a:E2422K,11,589,0.0186757215619694,0,
3052026,BA.2_0.01_abundance_0.1,C7703T;C7735G;G7899A,ORF1a:P2480S;ORF1a:I2490M;ORF1a:G2545D,83,1126,0.0737122557726465,0,
3052026,BA.2_0.01_abundance_0.1,C7703T;C7735G,ORF1a:P2480S;ORF1a:I2490M,13,1192,0.0109060402684563,0,
3052026,BA.2_0.01_abundance_0.1,T8063A;A8089T;G8102A;A8239T;A8285C,ORF1a:S2600T;ORF1a:K2608N;ORF1a:V2613I;ORF1a:S2658S;ORF1a:M2674L,39,399,0.0977443609022556,0,
3052026,BA.2_0.01_abundance_0.1,T8063A;A8089T;G8102A;A8239T;A8276G;A8285C,ORF1a:S2600T;ORF1a:K2608N;ORF1a:V2613I;ORF1a:S2658S;ORF1a:N2671D;ORF1a:M2674L,5,399,0.012531328320802,0,
3052026,BA.2_0.01_abundance_0.1,T8063A;A8089T;G8102A;A8239T,ORF1a:S2600T;ORF1a:K2608N;ORF1a:V2613I;ORF1a:S2658S,5,428,0.0116822429906542,0,
3052026,BA.2_0.01_abundance_0.1,A8285C;T8477G,ORF1a:M2674L;ORF1a:L2738V,22,273,0.0805860805860805,0,
3052026,BA.2_0.01_abundance_0.1,T8477G;C8543T,ORF1a:L2738V;ORF1a:L2760F,8,724,0.011049723756906,0,
3052026,BA.2_0.01_abundance_0.1,A8651C;G8787C;T8866A;T8906G,ORF1a:M2796L;ORF1a:R2841P;ORF1a:P2867P;ORF1a:F2881V,20,235,0.0851063829787234,0,
3052026,BA.2_0.01_abundance_0.1,A8651C;G8787C;T8866A;T8906G;T8944G,ORF1a:M2796L;ORF1a:R2841P;ORF1a:P2867P;ORF1a:F2881V;ORF1a:G2893G,7,93,0.075268817204301,0,
3052026,BA.2_0.01_abundance_0.1,T8944G;G9095C;A9174T;A9218G,ORF1a:G2893G;ORF1a:A2944P;ORF1a:E2970V;ORF1a:R2985G,46,569,0.0808435852372583,0,
3052026,BA.2_0.01_abundance_0.1,T8944G;A8974C;G9095C;A9174T;A9218G,ORF1a:G2893G;ORF1a:I2903I;ORF1a:A2944P;ORF1a:E2970V;ORF1a:R2985G,9,569,0.015817223198594,0,
3052026,BA.2_0.01_abundance_0.1,G9290A;C9344T;A9406C;A9424G;A9533C;C9534T,ORF1a:D3009N;ORF1a:L3027F;ORF1a:I3047I;ORF1a:V3053V;ORF1a:T3090P;ORF1a:T3090I,34,446,0.0762331838565022,0,
3052026,BA.2_0.01_abundance_0.1,G9290A;C9344T;A9406C;A9424G,ORF1a:D3009N;ORF1a:L3027F;ORF1a:I3047I;ORF1a:V3053V,6,541,0.011090573012939,0,
3052026,BA.2_0.01_abundance_0.1,C9344T;A9424G;G9460C;C9534T,ORF1a:L3027F;ORF1a:V3053V;ORF1a:M3065I;ORF1a:T3090I,157,446,0.3520179372197309,0,
3052026,BA.2_0.01_abundance_0.1,C9344T;C9360A;A9424G;G9460C;C9534T,ORF1a:L3027F;ORF1a:T3032K;ORF1a:V3053V;ORF1a:M3065I;ORF1a:T3090I,15,446,0.0336322869955156,0,
3052026,BA.2_0.01_abundance_0.1,C9344T;A9424G;G9460C,ORF1a:L3027F;ORF1a:V3053V;ORF1a:M3065I,29,497,0.0583501006036217,0,
3052026,BA.2_0.01_abundance_0.1,C9344T;C9360A;A9424G;G9460C,ORF1a:L3027F;ORF1a:T3032K;ORF1a:V3053V;ORF1a:M3065I,5,497,0.0100603621730382,0,
3052026,BA.2_0.01_abundance_0.1,C9344T;C9360A;A9424G;C9534T,ORF1a:L3027F;ORF1a:T3032K;ORF1a:V3053V;ORF1a:T3090I,10,446,0.0224215246636771,25,BQ.1.1:3;BA.5.2.44:15;BQ.1.1.17:1;BA.2:2;BA.2.36:1;BA.5.2.1:3
3052026,BA.2_0.01_abundance_0.1,A9533C;C9534T;C9661T;T9743C;G9791C,ORF1a:T3090P;ORF1a:T3090I;ORF1a:F3132F;ORF1a:Y3160H;ORF1a:E3176Q,132,2479,0.0532472771278741,0,
3052026,BA.2_0.01_abundance_0.1,A9533C;C9534T;C9661T;G9791C,ORF1a:T3090P;ORF1a:T3090I;ORF1a:F3132F;ORF1a:E3176Q,104,2479,0.0419524001613553,0,
3052026,BA.2_0.01_abundance_0.1,C9534T;T9743C,ORF1a:T3090I;ORF1a:Y3160H,1022,2503,0.4083100279664403,14,BA.2.10:14
3052026,BA.2_0.01_abundance_0.1,C9534T;T9743C;G9805C,ORF1a:T3090I;ORF1a:Y3160H;ORF1a:L3180L,90,2323,0.0387430047352561,0,
3052026,BA.2_0.01_abundance_0.1,C9534T;G9805C,ORF1a:T3090I;ORF1a:L3180L,98,2323,0.04218682737839,14,BQ.1.23:1;BE.1.1:4;BA.2:3;BA.5.2.1:4;BA.2.76:1;BA.2.23:1
3052026,BA.2_0.01_abundance_0.1,C10401A;T10438A;G10447A;G10700C,ORF1a:A3379D;ORF1a:C3391*;ORF1a:R3394R;ORF1a:D3479H,26,266,0.0977443609022556,0,
3052026,BA.2_0.01_abundance_0.1,T10438A;G10447A;G10700C,ORF1a:C3391*;ORF1a:R3394R;ORF1a:D3479H,20,462,0.0432900432900432,0,
3052026,BA.2_0.01_abundance_0.1,G10700C;T11039A,ORF1a:D3479H;ORF1a:L3592I,6,122,0.0491803278688524,0,
3052026,BA.2_0.01_abundance_0.1,T11039A;T11046C,ORF1a:L3592I;ORF1a:L3594S,65,782,0.0831202046035805,0,
3052026,BA.2_0.01_abundance_0.1,A11117C;A11297G,ORF1a:I3618L;ORF1a:K3678E,79,910,0.0868131868131868,0,
3052026,BA.2_0.01_abundance_0.1,T11946G;A12040T;G12163T;C12171T;C12183A,ORF1a:L3894*;ORF1a:V3925V;ORF1a:Q3966H;ORF1a:A3969V;ORF1a:S3973Y,282,2956,0.0953991880920162,0,
3052026,BA.2_0.01_abundance_0.1,G12163T;C12171T;C12183A;T12365C,ORF1a:Q3966H;ORF1a:A3969V;ORF1a:S3973Y;ORF1a:F4034L,48,867,0.0553633217993079,0,
3052026,BA.2_0.01_abundance_0.1,G12163T;C12171T;C12183A;T12365C;T12450A,ORF1a:Q3966H;ORF1a:A3969V;ORF1a:S3973Y;ORF1a:F4034L;ORF1a:I4062K,37,429,0.0862470862470862,0,
3052026,BA.2_0.01_abundance_0.1,T12450A;T12531A;A12579C,ORF1a:I4062K;ORF1a:F4089Y;ORF1a:D4105A,37,607,0.0609555189456342,0,
3052026,BA.2_0.01_abundance_0.1,T12450A;T12531A;A12579C;C12729T,ORF1a:I4062K;ORF1a:F4089Y;ORF1a:D4105A;ORF1a:A4155V,6,575,0.0104347826086956,0,
3052026,BA.2_0.01_abundance_0.1,T12531A;A12579C,ORF1a:F4089Y;ORF1a:D4105A,169,2709,0.0623846437799926,0,
3052026,BA.2_0.01_abundance_0.1,T12874G;C12880T;A12898G;T12944C;A12972C,ORF1a:G4203G;ORF1a:I4205I;ORF1a:P4211P;ORF1a:Y4227H;ORF1a:N4236T,293,3075,0.0952845528455284,0,
3052026,BA.2_0.01_abundance_0.1,T12874G;C12880T;A12898G;T12944C;A12972C;T13071G,ORF1a:G4203G;ORF1a:I4205I;ORF1a:P4211P;ORF1a:Y4227H;ORF1a:N4236T;ORF1a:F4269C,8,77,0.1038961038961039,0,
3052026,BA.2_0.01_abundance_0.1,C12880T;T12901C,ORF1a:I4205I;ORF1a:P4212P,858,3293,0.2605526875189796,84,BA.5.2:7;BQ.1:20;BA.5.1:21;BA.2:26;BA.2.10:3;BA.5:1;BE.1:1;BA.2.3:3;BF.7.8:1;BA.5.2.1:1
3052026,BA.2_0.01_abundance_0.1,C12880T;T12901C;T13071G,ORF1a:I4205I;ORF1a:P4212P;ORF1a:F4269C,11,77,0.1428571428571428,0,
3052026,BA.2_0.01_abundance_0.1,C12880T;T12901C;G12929C,ORF1a:I4205I;ORF1a:P4212P;ORF1a:G4222R,53,3293,0.016094746431825,0,
3052026,BA.2_0.01_abundance_0.1,C12880T;G12929C,ORF1a:I4205I;ORF1a:G4222R,138,3293,0.0419070756149407,0,
3052026,BA.2_0.01_abundance_0.1,C12880T;T13071G,ORF1a:I4205I;ORF1a:F4269C,28,77,0.3636363636363636,1,BA.2:1
3052026,BA.2_0.01_abundance_0.1,T13071G;A13099T;A13251T,ORF1a:F4269C;ORF1a:K4278N;ORF1a:Y4329F,77,1438,0.0535465924895688,0,
3052026,BA.2_0.01_abundance_0.1,A13099T;A13251T,ORF1a:K4278N;ORF1a:Y4329F,43,1438,0.0299026425591098,0,
3052026,BA.2_0.01_abundance_0.1,G13508T;G13604T,ORF1b:G14V;ORF1b:R46L,22,493,0.0446247464503042,1,AY.23:1
3052026,BA.2_0.01_abundance_0.1,G13508T;A13537G;T13638C,ORF1b:G14V;ORF1b:R24G;ORF1b:I57I,10,488,0.0204918032786885,0,
3052026,BA.2_0.01_abundance_0.1,A13537G;T13638C,ORF1b:R24G;ORF1b:I57I,21,488,0.0430327868852459,0,
3052026,BA.2_0.01_abundance_0.1,A13537G;G13604T;T13638C,ORF1b:R24G;ORF1b:R46L;ORF1b:I57I,10,488,0.0204918032786885,0,
3052026,BA.2_0.01_abundance_0.1,T13638C;T13781C,ORF1b:I57I;ORF1b:I105T,66,642,0.102803738317757,0,
3052026,BA.2_0.01_abundance_0.1,A14031T;A14157G;A14163G;T14165A,ORF1b:R188R;ORF1b:S230S;ORF1b:L232L;ORF1b:M233K,164,1717,0.0955154338963308,0,
3052026,BA.2_0.01_abundance_0.1,C14318G;T14402A;C14408T,ORF1b:T284R;ORF1b:F312Y;ORF1b:P314L,120,949,0.1264488935721812,0,
3052026,BA.2_0.01_abundance_0.1,C14318G;T14402A;C14408T;C14481A;G14494C;A14519C,ORF1b:T284R;ORF1b:F312Y;ORF1b:P314L;ORF1b:H338Q;ORF1b:G343R;ORF1b:N351T,13,884,0.0147058823529411,0,
3052026,BA.2_0.01_abundance_0.1,T14402A;C14408T,ORF1b:F312Y;ORF1b:P314L,662,951,0.6961093585699264,34,AY.3:1;BA.5.2.1:2;B.1.1.529:1;BA.2.71:2;BA.2:1;B.1.1.7:2;BA.5.1:17;BF.27:1;AY.103:2;BA.1.17.2:1;AY.122:2;B.1.617.2:1;BA.2.76:1
3052026,BA.2_0.01_abundance_0.1,T14402A;C14408T;C14481A;G14494C;A14519C,ORF1b:F312Y;ORF1b:P314L;ORF1b:H338Q;ORF1b:G343R;ORF1b:N351T,67,886,0.0756207674943566,0,
3052026,BA.2_0.01_abundance_0.1,C14408T;C14481A;G14494C;A14519C,ORF1b:P314L;ORF1b:H338Q;ORF1b:G343R;ORF1b:N351T,9,886,0.010158013544018,0,
3052026,BA.2_0.01_abundance_0.1,T14769A;T14835C,ORF1b:A434A;ORF1b:D456D,46,1524,0.0301837270341207,13,B.1:10;B.1.1:1;B.1.371:1;B.1.1.51:1
3052026,BA.2_0.01_abundance_0.1,T14769A;T14835C;A14882T;A14888T,ORF1b:A434A;ORF1b:D456D;ORF1b:D472V;ORF1b:Y474F,43,504,0.0853174603174603,0,
3052026,BA.2_0.01_abundance_0.1,T14769A;T14835C;A14882T,ORF1b:A434A;ORF1b:D456D;ORF1b:D472V,54,1105,0.0488687782805429,0,
3052026,BA.2_0.01_abundance_0.1,T15225C;T15284G;T15350C;T15376G;T15464A,ORF1b:Y586Y;ORF1b:M606R;ORF1b:V628A;ORF1b:C637G;ORF1b:V666D,114,2208,0.0516304347826086,0,
3052026,BA.2_0.01_abundance_0.1,T15225C;T15284G;T15350C;T15464A,ORF1b:Y586Y;ORF1b:M606R;ORF1b:V628A;ORF1b:V666D,58,2208,0.0262681159420289,0,
3052026,BA.2_0.01_abundance_0.1,G15287A;T15376G,ORF1b:G607D;ORF1b:C637G,588,2363,0.248836225137537,0,
3052026,BA.2_0.01_abundance_0.1,G15287A;T15376G;G15438T,ORF1b:G607D;ORF1b:C637G;ORF1b:M657I,57,2208,0.0258152173913043,0,
3052026,BA.2_0.01_abundance_0.1,G15287A;G15438T,ORF1b:G607D;ORF1b:M657I,51,2208,0.0230978260869565,0,
3052026,BA.2_0.01_abundance_0.1,T15376G;G15438T,ORF1b:C637G;ORF1b:M657I,93,2209,0.0421004979628791,0,
3052026,BA.2_0.01_abundance_0.1,C15536T;C15714T,ORF1b:A690V;ORF1b:L749L,947,4988,0.1898556535685645,3,XBB.1:1;BA.5.2:1;BA.5.3:1
3052026,BA.2_0.01_abundance_0.1,C15536T;T15552A;A15655G;C15712G;C15714T;T15771A;A15777G;T15825C,ORF1b:A690V;ORF1b:V695V;ORF1b:T730A;ORF1b:L749V;ORF1b:L749L;ORF1b:A768A;ORF1b:I770M;ORF1b:S786S,91,4572,0.0199037620297462,0,
3052026,BA.2_0.01_abundance_0.1,T15552A;A15655G;C15712G;C15714T;T15771A;A15777G;T15825C,ORF1b:V695V;ORF1b:T730A;ORF1b:L749V;ORF1b:L749L;ORF1b:A768A;ORF1b:I770M;ORF1b:S786S,328,4573,0.071725344412858,0,
3052026,BA.2_0.01_abundance_0.1,C15680G;C15714T,ORF1b:A738G;ORF1b:L749L,129,4991,0.0258465237427369,0,
3052026,BA.2_0.01_abundance_0.1,T16800G;C16969A,ORF1b:T1111T;ORF1b:H1168N,65,2257,0.028799291094373,0,
3052026,BA.2_0.01_abundance_0.1,T16800G;T16974A,ORF1b:T1111T;ORF1b:Y1169*,556,2257,0.2463447053610988,0,
3052026,BA.2_0.01_abundance_0.1,T16800G;C16969A;T16974A,ORF1b:T1111T;ORF1b:H1168N;ORF1b:Y1169*,82,2257,0.0363314133805937,0,
3052026,BA.2_0.01_abundance_0.1,G16825T;T16934G;T16944C;A17015C;C17111T,ORF1b:E1120*;ORF1b:M1156R;ORF1b:S1159S;ORF1b:D1183A;ORF1b:A1215V,119,1288,0.092391304347826,0,
3052026,BA.2_0.01_abundance_0.1,G16825T;T16934G;T16944C;A17015C,ORF1b:E1120*;ORF1b:M1156R;ORF1b:S1159S;ORF1b:D1183A,70,2113,0.0331282536677709,0,
3052026,BA.2_0.01_abundance_0.1,C16969A;T16974A,ORF1b:H1168N;ORF1b:Y1169*,57,2261,0.0252100840336134,0,
3052026,BA.2_0.01_abundance_0.1,C17111T;A17295C;C17410T,ORF1b:A1215V;ORF1b:E1276D;ORF1b:R1315C,277,2720,0.1018382352941176,0,
3052026,BA.2_0.01_abundance_0.1,C17111T;A17295C,ORF1b:A1215V;ORF1b:E1276D,179,4497,0.0398043139871025,0,
3052026,BA.2_0.01_abundance_0.1,A17340C;A17406T;C17410T,ORF1b:A1291A;ORF1b:R1313S;ORF1b:R1315C,42,2733,0.0153677277716794,0,
3052026,BA.2_0.01_abundance_0.1,A17406T;C17410T,ORF1b:R1313S;ORF1b:R1315C,1847,2733,0.6758141236736187,1,BA.1.18:1
3052026,BA.2_0.01_abundance_0.1,C17410T;C17624G,ORF1b:R1315C;ORF1b:A1386G,221,269,0.8215613382899628,0,
3052026,BA.2_0.01_abundance_0.1,C17410T;T17519A;C17624G,ORF1b:R1315C;ORF1b:L1351H;ORF1b:A1386G,13,269,0.0483271375464684,0,
3052026,BA.2_0.01_abundance_0.1,C17410T;A17476C;C17624G,ORF1b:R1315C;ORF1b:K1337Q;ORF1b:A1386G,6,269,0.0223048327137546,0,
3052026,BA.2_0.01_abundance_0.1,A17476C;C17624G,ORF1b:K1337Q;ORF1b:A1386G,52,2140,0.0242990654205607,0,
3052026,BA.2_0.01_abundance_0.1,T17519A;C17624G,ORF1b:L1351H;ORF1b:A1386G,61,2140,0.0285046728971962,0,
3052026,BA.2_0.01_abundance_0.1,C17624G;A17730C,ORF1b:A1386G;ORF1b:E1421D,12,187,0.0641711229946524,0,
3052026,BA.2_0.01_abundance_0.1,A17730C;T17773C;G17816T,ORF1b:E1421D;ORF1b:S1436P;ORF1b:G1450V,64,657,0.0974124809741248,0,
3052026,BA.2_0.01_abundance_0.1,A17730C;T17773C;G17816T;G17915C,ORF1b:E1421D;ORF1b:S1436P;ORF1b:G1450V;ORF1b:R1483T,8,657,0.0121765601217656,0,
3052026,BA.2_0.01_abundance_0.1,A17730C;T17773C;G17816T;T18035G,ORF1b:E1421D;ORF1b:S1436P;ORF1b:G1450V;ORF1b:L1523*,6,26,0.2307692307692307,0,
3052026,BA.2_0.01_abundance_0.1,T18035G;A18161T;A18163G;T18209C,ORF1b:L1523*;ORF1b:D1565V;ORF1b:I1566V;ORF1b:M1581T,45,535,0.0841121495327102,0,
3052026,BA.2_0.01_abundance_0.1,A18416G;G18443A;C18460A;A18492G;T18537C;T18569C;T18586A;T18613A,ORF1b:D1650G;ORF1b:R1659K;ORF1b:P1665T;ORF1b:P1675P;ORF1b:I1690I;ORF1b:L1701P;ORF1b:F1707I;ORF1b:L1716M,14,250,0.056,0,
3052026,BA.2_0.01_abundance_0.1,A18637T;T18667A;C18728G;G18838C;G18844C;T18863A,ORF1b:K1724*;ORF1b:C1734S;ORF1b:S1754C;ORF1b:A1791P;ORF1b:V1793L;ORF1b:I1799N,130,1251,0.1039168665067945,0,
3052026,BA.2_0.01_abundance_0.1,T18667A;C18728G;G18838C;G18844C;T18863A,ORF1b:C1734S;ORF1b:S1754C;ORF1b:A1791P;ORF1b:V1793L;ORF1b:I1799N,25,1522,0.0164257555847569,0,
3052026,BA.2_0.01_abundance_0.1,T18989G;T19190G;A19251T,ORF1b:V1841G;ORF1b:F1908C;ORF1b:R1928S,20,290,0.0689655172413793,0,
3052026,BA.2_0.01_abundance_0.1,T18989G;T19001A;T19190G;A19251T,ORF1b:V1841G;ORF1b:L1845*;ORF1b:F1908C;ORF1b:R1928S,8,290,0.0275862068965517,0,
3052026,BA.2_0.01_abundance_0.1,T19001A;C19099T,ORF1b:L1845*;ORF1b:Q1878*,13,372,0.0349462365591397,0,
3052026,BA.2_0.01_abundance_0.1,G19598C;G19735T;T19797C;T19809G;G19852A,ORF1b:W2044S;ORF1b:D2090Y;ORF1b:A2110A;ORF1b:I2114M;ORF1b:D2129N,11,137,0.0802919708029197,0,
3052026,BA.2_0.01_abundance_0.1,A20898C;G20925A;A20963C;T20967G;T20982C,ORF1b:P2477P;ORF1b:L2486L;ORF1b:D2499A;ORF1b:F2500L;ORF1b:D2505D,54,565,0.095575221238938,0,
3052026,BA.2_0.01_abundance_0.1,G21152A;T21197G;A21309C;T21349A,ORF1b:G2562D;ORF1b:L2577R;ORF1b:E2614D;ORF1b:W2628R,14,134,0.1044776119402985,0,
3052026,BA.2_0.01_abundance_0.1,T21534A;A21555G;T21567G;C21618T;A21645G,ORF1b:S2689R;ORF1b:*2696X;S:F2C;S:T19I;S:Y28C,65,724,0.0897790055248618,0,
3052026,BA.2_0.01_abundance_0.1,T21534A;A21555G;T21567G;C21618T;A21645G;C21711G,ORF1b:S2689R;ORF1b:*2696X;S:F2C;S:T19I;S:Y28C;S:S50*,10,76,0.131578947368421,0,
3052026,BA.2_0.01_abundance_0.1,C21711G;T21889C;A21947T;A21948C;C21978T;G21987A,S:S50*;S:T109T;S:K129*;S:K129T;S:P139L;S:G142D,238,3347,0.0711084553331341,0,
3052026,BA.2_0.01_abundance_0.1,C21711G;T21756G;T21889C;A21947T;A21948C;C21978T;G21987A,S:S50*;S:F65C;S:T109T;S:K129*;S:K129T;S:P139L;S:G142D,78,3347,0.0233044517478338,0,
3052026,BA.2_0.01_abundance_0.1,T21756G;G21987A,S:F65C;S:G142D,658,3348,0.1965352449223417,10,AY.29:2;AY.43:1;AY.103:1;BF.5:1;AY.25:1;AY.44:1;AY.113:3
3052026,BA.2_0.01_abundance_0.1,T21756G;A21887T;G21987A,S:F65C;S:T109S;S:G142D,56,3348,0.016726403823178,0,
3052026,BA.2_0.01_abundance_0.1,A21887T;G21987A,S:T109S;S:G142D,132,3350,0.0394029850746268,17,B.1.617.2:2;AY.44:1;AY.54:1;BA.1.1:3;BA.2.12.1:2;AY.3:1;BA.1:6;AY.112:1
3052026,BA.2_0.01_abundance_0.1,T22200G;T22291A,S:V213G;S:A243A,53,805,0.0658385093167701,4,BA.5.2.1:1;BA.2.12.1:3
3052026,BA.2_0.01_abundance_0.1,G22578A;C22674T;T22679C;C22686T;A22688G;T22697G,S:G339D;S:S371F;S:S373P;S:S375F;S:T376A;S:C379G,8,126,0.0634920634920634,0,
3052026,BA.2_0.01_abundance_0.1,G22578A;C22674T;T22679C;C22686T;A22688G;T22697G;G22813T,S:G339D;S:S371F;S:S373P;S:S375F;S:T376A;S:C379G;S:K417N,71,112,0.6339285714285714,0,
3052026,BA.2_0.01_abundance_0.1,T23197C;A23231G;A23370G;A23403G;C23447G,S:G545G;S:K557E;S:N603S;S:D614G;S:L629V,190,2043,0.0930004894762604,0,
3052026,BA.2_0.01_abundance_0.1,T23197C;A23231G,S:G545G;S:K557E,29,2200,0.0131818181818181,0,
3052026,BA.2_0.01_abundance_0.1,C23595A;T23599G;C23604A,S:T678N;S:N679K;S:P681H,9,56,0.1607142857142857,24,BA.1.1:6;BA.5.5:7;BA.2:5;BF.5:2;BQ.1.1:1;BA.1.20:1;BA.1.1.15:1;BA.1.19:1
3052026,BA.2_0.01_abundance_0.1,T23836G;G23948T,S:S758R;S:D796Y,30,503,0.0596421471172962,5,BA.1.18:1;BA.1.15.1:1;BA.1.17.2:2;BA.1.1:1
3052026,BA.2_0.01_abundance_0.1,A23931G;G23948T;A24005G,S:K790R;S:D796Y;S:R815G,56,505,0.1108910891089108,0,
3052026,BA.2_0.01_abundance_0.1,A24247T;G24368C;G24390C,S:Q895H;S:D936H;S:S943T,12,270,0.0444444444444444,0,
3052026,BA.2_0.01_abundance_0.1,A24247T;G24368C;G24390C;A24424T,S:Q895H;S:D936H;S:S943T;S:Q954H,15,190,0.0789473684210526,0,
3052026,BA.2_0.01_abundance_0.1,A24424T;G24524T,S:Q954H;S:E988*,25,32,0.78125,0,
3052026,BA.2_0.01_abundance_0.1,A24443C;G24488A;G24527A;T24711A,S:T961P;S:V976I;S:A989T;S:M1050K,7,146,0.047945205479452,0,
3052026,BA.2_0.01_abundance_0.1,A24813T;G24883A;T24991C;C25000T,S:D1084V;S:R1107R;S:P1143P;S:D1146D,211,2211,0.0954319312528267,0,
3052026,BA.2_0.01_abundance_0.1,A25104G;A25235C,S:K1181R;S:I1225L,8,80,0.1,0,
3052026,BA.2_0.01_abundance_0.1,C25321A;A25450T;C25584T,S:C1253*;ORF3a:I20F;ORF3a:T64T,83,1393,0.059583632447954,0,
3052026,BA.2_0.01_abundance_0.1,A25450T;C25584T,ORF3a:I20F;ORF3a:T64T,1078,1452,0.7424242424242424,101,BF.27:1;BA.5.5:6;BA.1.1:25;BA.5.1:1;BA.2:31;BA.1.1.18:5;BA.5.2.1:1;BA.1:6;BE.1.1:4;BF.10:7;BE.1:2;BA.5.2:1;BA.2.75:1;BA.2.3.2:1;BA.2.3:1;BA.2.9:3;BA.5.2.13:4;BA.5.6:1
3052026,BA.2_0.01_abundance_0.1,T25461A;T25547A;C25584T,ORF3a:A23A;ORF3a:L52H;ORF3a:T64T,136,1452,0.09366391184573,0,
3052026,BA.2_0.01_abundance_0.1,T25994C;C26270T,ORF3a:V201A;E:T9I,324,533,0.6078799249530957,33,BA.1.17:2;BE.1.1:3;BA.5:5;BA.2:6;BQ.1.1:2;BA.2.9:3;BA.2.75:1;BA.1:2;BA.5.2:2;BA.1.1:4;BA.1.15:1;BF.5:1;BA.5.2.1:1
3052026,BA.2_0.01_abundance_0.1,T25994C;T26017C;C26270T,ORF3a:V201A;ORF3a:S209P;E:T9I,6,533,0.0112570356472795,0,
3052026,BA.2_0.01_abundance_0.1,T26017C;C26270T,ORF3a:S209P;E:T9I,6,533,0.0112570356472795,3,BA.2:2;BA.1.15:1
3052026,BA.2_0.01_abundance_0.1,T26987C;C27005T,M:H155H;M:I161I,5,15,0.3333333333333333,2,B.1:1;P.1.14:1
3052026,BA.2_0.01_abundance_0.1,C27211G;A27239C;A27269C;G27382C;A27383T;T27384C,ORF6:L4V;ORF6:E13A;ORF6:K23T;ORF6:D61H;ORF6:D61V;ORF6:D61D,28,359,0.0779944289693593,0,
3052026,BA.2_0.01_abundance_0.1,G27382C;A27383T;T27384C;G27457T,ORF6:D61H;ORF6:D61V;ORF6:D61D;ORF7a:E22*,17,359,0.0473537604456824,44,BA.2.23:1;BA.2:25;BA.2.3:5;BA.2.10:1;BA.2.9:2;BA.4.1:2;B.1:2;BA.4.6:3;BA.2.9.5:1;BA.4.7:1;B.1.621:1
3052026,BA.2_0.01_abundance_0.1,C27883T;T27908A;G27967C,ORF7b:A43V;ORF8:V5V;ORF8:C25S,139,1421,0.0978184377199155,0,
3052026,BA.2_0.01_abundance_0.1,A28274G;C28311T;G28329T;G28392A,N:MX;N:P13L;N:G19V;N:R40H,179,1999,0.0895447723861931,0,
3052026,BA.2_0.01_abundance_0.1,C28473T;C28475T;C28519G,N:P67L;N:R68*;N:D82E,34,309,0.1100323624595469,0,
3052026,BA.2_0.01_abundance_0.1,G28881A;G28882A;G28883C;G28985C;T29023A,N:R203K;N:R203R;N:G204R;N:G238R;N:S250S,6,45,0.1333333333333333,0,
3052026,BA.2_0.01_abundance_0.1,T29023A;A29150T;A29158C;G29179C;C29249G;C29272T;G29315C;T29328G,N:S250S;N:R293*;N:G295G;N:P302P;N:P326A;N:Y333Y;N:D348H;N:L352W,84,975,0.0861538461538461,0,
3052026,BA.2_0.01_abundance_0.1,T29023A;A29150T;A29158C;G29179C;C29249G;C29272T;G29315C,N:S250S;N:R293*;N:G295G;N:P302P;N:P326A;N:Y333Y;N:D348H,13,1100,0.0118181818181818,0,
3052026,BA.2_0.01_abundance_0.1,A29150T;A29158C;G29179C;C29249G;C29272T;G29315C;T29328G,N:R293*;N:G295G;N:P302P;N:P326A;N:Y333Y;N:D348H;N:L352W,81,2012,0.0402584493041749,0,
3052026,BA.2_0.01_abundance_0.1,T29328G;C29353T;A29443T;A29510C;T29595A;A29605G,N:L352W;N:Y360Y;N:Q390H;N:S413R;ORF10:I13K;ORF10:L16L,8,192,0.0416666666666666,0,
3052026,BA.2_0.01_abundance_0.1,T29328G;C29353T;A29443T;A29510C;A29605G,N:L352W;N:Y360Y;N:Q390H;N:S413R;ORF10:L16L,14,192,0.0729166666666666,0,
3052026,BA.2_0.01_abundance_0.1,C29353T;A29443T;A29510C;A29605G,N:Y360Y;N:Q390H;N:S413R;ORF10:L16L,8,295,0.0271186440677966,0,
3052026,BA.2_0.01_abundance_0.1,A29510C;T29595A,N:S413R;ORF10:I13K,72,295,0.2440677966101695,5,BA.2.3:1;BA.2:4
