Date,Site,Nt Mutations,AA Mutations,Support DP,Total DP,Combined Freq,Overall Occurrence,Lineage Occurrence
1012026,BA.2_0.02_abundance_0.1,T585A;T670G,ORF1a:L107H;ORF1a:S135R,203,1250,0.1624,32,BA.2:21;BA.2.12.1:1;BA.5.1:3;BQ.1:1;BA.5.2.1:1;BA.2.9:2;BA.5.6:1;BE.1.1:1;BA.5.2:1
1012026,BA.2_0.02_abundance_0.1,T670G;G860C,ORF1a:S135R;ORF1a:E199Q,5,269,0.0185873605947955,0,
1012026,BA.2_0.02_abundance_0.1,G1337C;C1473G,ORF1a:G358R;ORF1a:T403S,13,302,0.043046357615894,0,
1012026,BA.2_0.02_abundance_0.1,G1337C;C1473G;T1476G;G1577C,ORF1a:G358R;ORF1a:T403S;ORF1a:I404S;ORF1a:V438L,8,275,0.029090909090909,0,
1012026,BA.2_0.02_abundance_0.1,G1337C;C1473G;T1476G,ORF1a:G358R;ORF1a:T403S;ORF1a:I404S,6,302,0.0198675496688741,0,
1012026,BA.2_0.02_abundance_0.1,G1337C;C1473G;G1577C,ORF1a:G358R;ORF1a:T403S;ORF1a:V438L,8,275,0.029090909090909,0,
1012026,BA.2_0.02_abundance_0.1,G1337C;T1476G,ORF1a:G358R;ORF1a:I404S,6,302,0.0198675496688741,0,
1012026,BA.2_0.02_abundance_0.1,G1337C;T1476G;G1577C,ORF1a:G358R;ORF1a:I404S;ORF1a:V438L,5,275,0.0181818181818181,0,
1012026,BA.2_0.02_abundance_0.1,C1473G;G1577C,ORF1a:T403S;ORF1a:V438L,32,275,0.1163636363636363,0,
1012026,BA.2_0.02_abundance_0.1,C1473G;T1476G;G1577C,ORF1a:T403S;ORF1a:I404S;ORF1a:V438L,39,275,0.1418181818181818,0,
1012026,BA.2_0.02_abundance_0.1,C1473G;T1476G,ORF1a:T403S;ORF1a:I404S,24,302,0.0794701986754966,0,
1012026,BA.2_0.02_abundance_0.1,T1476G;G1577C,ORF1a:I404S;ORF1a:V438L,21,275,0.0763636363636363,0,
1012026,BA.2_0.02_abundance_0.1,A4429T;C4611G,ORF1a:L1388F;ORF1a:P1449R,32,1314,0.0243531202435312,0,
1012026,BA.2_0.02_abundance_0.1,G7363A;C7536A,ORF1a:W2366*;ORF1a:T2424K,51,205,0.248780487804878,0,
1012026,BA.2_0.02_abundance_0.1,A8081C;G8117C,ORF1a:M2606L;ORF1a:A2618P,32,827,0.0386940749697702,0,
1012026,BA.2_0.02_abundance_0.1,T9340C;C9344T;A9424G;C9534T,ORF1a:N3025N;ORF1a:L3027F;ORF1a:V3053V;ORF1a:T3090I,178,429,0.4149184149184149,64,BA.2:33;BA.2.37:2;BA.5:4;BA.2.12.1:1;BA.5.3.3:4;BA.2.3.1:1;BE.1.2:1;BA.5.1.24:4;BA.5.2.1:2;BA.5.1:4;BA.5.2:3;BA.2.38:1;BA.5.2.9:1;BE.3:2;BA.2.75:1
1012026,BA.2_0.02_abundance_0.1,T9340C;C9344T;A9424G,ORF1a:N3025N;ORF1a:L3027F;ORF1a:V3053V,38,510,0.0745098039215686,65,BA.2:34;BA.2.37:2;BA.5:4;BA.2.12.1:1;BA.5.3.3:4;BA.2.3.1:1;BE.1.2:1;BA.5.1.24:4;BA.5.2.1:2;BA.5.1:4;BA.5.2:3;BA.2.38:1;BA.5.2.9:1;BE.3:2;BA.2.75:1
1012026,BA.2_0.02_abundance_0.1,T9340C;C9344T;A9424G;T9466A;C9534T,ORF1a:N3025N;ORF1a:L3027F;ORF1a:V3053V;ORF1a:F3067L;ORF1a:T3090I,25,429,0.0582750582750582,0,
1012026,BA.2_0.02_abundance_0.1,C9344T;A9424G;T9466A;C9534T,ORF1a:L3027F;ORF1a:V3053V;ORF1a:F3067L;ORF1a:T3090I,22,429,0.0512820512820512,0,
1012026,BA.2_0.02_abundance_0.1,C9534T;C9674T,ORF1a:T3090I;ORF1a:P3137S,464,2551,0.1818894551156409,4,BA.2:1;BF.5:1;BQ.1.1.3:1;BA.5.1:1
1012026,BA.2_0.02_abundance_0.1,C10449A;T10528G,ORF1a:P3395H;ORF1a:S3421S,152,1348,0.1127596439169139,25,BA.1:2;BA.5.2.1:15;BA.5.2:3;BA.1.1:1;BA.2.12.1:1;BA.1.14:1;BQ.1.1:1;BA.5.2.18:1
1012026,BA.2_0.02_abundance_0.1,C12880T;C12923G,ORF1a:I4205I;ORF1a:P4220A,872,2938,0.2968005445881552,0,
1012026,BA.2_0.02_abundance_0.1,T13145G;G13349T,ORF1a:C4294G;ORF1a:G4362C,201,1564,0.1285166240409207,0,
1012026,BA.2_0.02_abundance_0.1,C14408T;T14537C,ORF1b:P314L;ORF1b:L357P,12,129,0.0930232558139534,1,B.1.1.7:1
1012026,BA.2_0.02_abundance_0.1,C15251T;C15273T,ORF1b:T595I;ORF1b:N602N,317,3671,0.0863524925088531,1,BA.2.12.1:1
1012026,BA.2_0.02_abundance_0.1,A15609T;C15714T,ORF1b:L714F;ORF1b:L749L,181,5536,0.0326950867052023,1,BA.4:1
1012026,BA.2_0.02_abundance_0.1,A15609T;A15692G;C15714T,ORF1b:L714F;ORF1b:K742R;ORF1b:L749L,196,5536,0.0354046242774566,0,
1012026,BA.2_0.02_abundance_0.1,T15634G;C15714T,ORF1b:Y723D;ORF1b:L749L,242,5536,0.0437138728323699,0,
1012026,BA.2_0.02_abundance_0.1,T15634G;A15692G;C15714T,ORF1b:Y723D;ORF1b:K742R;ORF1b:L749L,247,5536,0.0446170520231213,0,
1012026,BA.2_0.02_abundance_0.1,A15692G;C15714T,ORF1b:K742R;ORF1b:L749L,2465,5538,0.4451065366558324,28,BF.7:14;BF.28:1;BA.2.12.1:2;BA.5.1.22:1;BA.5.2:2;BA.2:4;BA.5.2.19:1;BF.5:2;BA.2.75:1
1012026,BA.2_0.02_abundance_0.1,T16860A;G17049T,ORF1b:A1131A;ORF1b:K1194N,45,916,0.0491266375545851,0,
1012026,BA.2_0.02_abundance_0.1,T16860A;C17093G,ORF1b:A1131A;ORF1b:T1209S,27,893,0.0302351623740201,0,
1012026,BA.2_0.02_abundance_0.1,C17093G;A17277G,ORF1b:T1209S;ORF1b:K1270K,12,648,0.0185185185185185,0,
1012026,BA.2_0.02_abundance_0.1,C17093G;A17277G;C17410T,ORF1b:T1209S;ORF1b:K1270K;ORF1b:R1315C,11,387,0.0284237726098191,0,
1012026,BA.2_0.02_abundance_0.1,C17093G;C17410T,ORF1b:T1209S;ORF1b:R1315C,19,387,0.0490956072351421,0,
1012026,BA.2_0.02_abundance_0.1,G17117A;C17410T,ORF1b:G1217D;ORF1b:R1315C,85,3575,0.0237762237762237,2,BA.2.12.1:2
1012026,BA.2_0.02_abundance_0.1,G17117A;A17277G;C17410T,ORF1b:G1217D;ORF1b:K1270K;ORF1b:R1315C,71,3575,0.0198601398601398,0,
1012026,BA.2_0.02_abundance_0.1,C17156T;A17277G,ORF1b:T1230I;ORF1b:K1270K,81,5824,0.013907967032967,0,
1012026,BA.2_0.02_abundance_0.1,C17156T;A17277G;C17410T,ORF1b:T1230I;ORF1b:K1270K;ORF1b:R1315C,140,3575,0.0391608391608391,0,
1012026,BA.2_0.02_abundance_0.1,C17156T;C17410T,ORF1b:T1230I;ORF1b:R1315C,161,3575,0.045034965034965,226,BA.5.2.1:10;BA.2.75:10;BA.2.12.1:2;BA.5.2:17;BG.2:1;DF.1:5;BA.2:59;BA.4.1:9;BA.5.2.20:2;BN.1.4:6;BA.5.5:3;XBB.1.5:1;BA.2.9.2:2;BA.2.18:3;BA.2.21:3;BA.5.1.23:2;BA.4.2:3;BA.5.1:9;DL.1:2;BA.2.9:17;BA.4.6:4;BF.7:1;BA.2.3:4;BF.13:1;BQ.1.1:19;BA.2.12:2;BA.4:1;BA.5.2.27:8;BE.1.1:1;BA.2.9.5:1;BF.22:1;BF.21:1;AY.87:1;BA.5:2;BQ.1.1.18:5;BQ.1.1.24:1;BA.5.2.28:1;BA.5.1.4:1;CK.1:1;BA.2.7:1;CL.1:1;BQ.1.23:1;BA.2.13:1
1012026,BA.2_0.02_abundance_0.1,T17200A;A17277G;C17410T,ORF1b:L1245I;ORF1b:K1270K;ORF1b:R1315C,63,3575,0.0176223776223776,0,
1012026,BA.2_0.02_abundance_0.1,T17200A;C17410T,ORF1b:L1245I;ORF1b:R1315C,63,3575,0.0176223776223776,13,BA.5.1:9;BA.2:3;BA.2.5:1
1012026,BA.2_0.02_abundance_0.1,T17220A;C17410T,ORF1b:D1251E;ORF1b:R1315C,156,3576,0.0436241610738255,1,BQ.1.1.15:1
1012026,BA.2_0.02_abundance_0.1,T17220A;A17277G,ORF1b:D1251E;ORF1b:K1270K,88,5825,0.015107296137339,0,
1012026,BA.2_0.02_abundance_0.1,T17220A;A17277G;C17410T,ORF1b:D1251E;ORF1b:K1270K;ORF1b:R1315C,110,3576,0.0307606263982102,0,
1012026,BA.2_0.02_abundance_0.1,A17277G;C17410T,ORF1b:K1270K;ORF1b:R1315C,1216,3576,0.3400447427293065,44,BA.2.9:1;BF.7:5;BA.5.1:9;BA.5.2.2:1;BA.5.2.1:3;BA.2.3.9:4;BA.5.6:3;BA.5.2.18:4;BA.4.1:1;BA.2:6;BA.2.18:1;BA.2.12.1:1;BE.1.1:2;BA.5.2:1;BA.5.1.1:1;BQ.1.1.3:1
1012026,BA.2_0.02_abundance_0.1,C17410T;C17439G,ORF1b:R1315C;ORF1b:D1324E,6,59,0.1016949152542373,0,
1012026,BA.2_0.02_abundance_0.1,A18163G;A18230G,ORF1b:I1566V;ORF1b:Y1588C,169,212,0.7971698113207547,197,BA.1.1.18:6;BA.2:33;BA.2.23:10;BA.5.2.1:14;BA.2.18:6;BA.4.4:3;BA.2.9.5:1;BA.1.17:6;BA.1.1:19;BE.1.1:1;BF.7:1;BQ.1:2;BA.5.6.2:1;BA.1.18:3;BA.2.12.1:5;BA.1.15:2;BA.1:10;BA.2.14:3;BA.5.1.3:2;BA.2.9:8;BA.5.2:14;BA.5.2.37:1;BA.1.1.2:2;BQ.1.1:3;BA.2.10.1:2;BA.5:1;BA.1.21:1;BA.1.15.1:3;BA.2.3:2;BA.5.2.20:1;BA.1.20:2;BA.5.6:1;BQ.1.8:3;BA.5.3:2;BA.4.1:2;BA.2.11:1;BA.5.2.3:1;BA.5.1.1:1;BQ.1.1.8:1;BQ.1.1.6:2;BQ.1.23:1;BA.2.13:2;BA.1.17.2:3;BA.5.1:3;CM.2:1;BA.1.1.1:2;BA.5.1.15:1;BQ.1.1.15:2
1012026,BA.2_0.02_abundance_0.1,A22459C;G22578A,S:T299T;S:G339D,5,22,0.2272727272727272,21,BA.4:1;BA.2.43:1;BA.2.3:1;BA.1.1:7;BA.5.2.1:2;BA.2:3;BF.7:1;BA.5.1.22:2;BA.2.10:1;BW.1.1:1;BA.5.2.6:1
1012026,BA.2_0.02_abundance_0.1,G22578A;C22674T;T22679C;C22686T;A22688G;A22753T,S:G339D;S:S371F;S:S373P;S:S375F;S:T376A;S:A397A,40,177,0.2259887005649717,75,BA.2.12.1:1;BA.2:40;BF.6:5;BA.5.2:3;BA.2.9:10;BA.5.1:7;BA.4.6:3;BA.5:1;BA.2.75:4;BE.1.1.2:1
1012026,BA.2_0.02_abundance_0.1,T23599G;C23604A;C23609G,S:N679K;S:P681H;S:R683G,183,300,0.61,0,
1012026,BA.2_0.02_abundance_0.1,T23599G;C23604A;C23609G;A23737T,S:N679K;S:P681H;S:R683G;S:E725D,18,276,0.0652173913043478,0,
1012026,BA.2_0.02_abundance_0.1,C24186T;C24258A,S:S875F;S:A899D,14,857,0.0163360560093348,0,
1012026,BA.2_0.02_abundance_0.1,C24186T;C24258A;A24424T,S:S875F;S:A899D;S:Q954H,29,543,0.0534069981583793,0,
1012026,BA.2_0.02_abundance_0.1,C24186T;C24210A;C24258A,S:S875F;S:T883N;S:A899D,13,857,0.0151691948658109,0,
1012026,BA.2_0.02_abundance_0.1,C24186T;C24210A;C24258A;A24424T,S:S875F;S:T883N;S:A899D;S:Q954H,12,543,0.0220994475138121,0,
1012026,BA.2_0.02_abundance_0.1,C24210A;C24258A;A24424T,S:T883N;S:A899D;S:Q954H,150,543,0.2762430939226519,0,
1012026,BA.2_0.02_abundance_0.1,C24210A;C24258A;T24331G;A24424T,S:T883N;S:A899D;S:I923M;S:Q954H,22,543,0.0405156537753222,0,
1012026,BA.2_0.02_abundance_0.1,C24210A;C24258A,S:T883N;S:A899D,94,857,0.1096849474912485,0,
1012026,BA.2_0.02_abundance_0.1,C24210A;T24331G;A24424T,S:T883N;S:I923M;S:Q954H,6,543,0.011049723756906,0,
1012026,BA.2_0.02_abundance_0.1,C24210A;C24258A;T24331G,S:T883N;S:A899D;S:I923M,15,792,0.0189393939393939,0,
1012026,BA.2_0.02_abundance_0.1,C24210A;A24424T,S:T883N;S:Q954H,27,543,0.0497237569060773,2,BF.7.8:1;BA.2:1
1012026,BA.2_0.02_abundance_0.1,C24258A;A24424T,S:A899D;S:Q954H,218,543,0.4014732965009208,1,BA.5.2:1
1012026,BA.2_0.02_abundance_0.1,C24258A;T24331G,S:A899D;S:I923M,12,792,0.0151515151515151,0,
1012026,BA.2_0.02_abundance_0.1,C24258A;T24331G;A24424T,S:A899D;S:I923M;S:Q954H,27,543,0.0497237569060773,0,
1012026,BA.2_0.02_abundance_0.1,A24456C;T24469A,S:Q965P;S:N969K,9,103,0.087378640776699,0,
1012026,BA.2_0.02_abundance_0.1,G24933C;C25000T;G25009T,S:G1124A;S:D1146D;S:K1149N,163,1259,0.1294678316123907,0,
1012026,BA.2_0.02_abundance_0.1,G24933C;C25000T,S:G1124A;S:D1146D,732,1267,0.5777426992896606,80,BA.2:15;BA.5.2:20;BA.2.44:1;BA.5:15;BA.4.1:1;BE.1.1:2;BA.1.1:1;BA.2.12.1:1;BA.5.1.21:2;BQ.1.1:13;BA.5.5:1;BA.5.2.1:1;DB.1:1;BA.1.20:2;BQ.1.1.3:1;BA.5.1:1;BA.5.2.21:2
1012026,BA.2_0.02_abundance_0.1,C25000T;G25009T,S:D1146D;S:K1149N,45,1259,0.0357426528991262,8,BA.5.1.10:2;BA.2:2;BF.7:1;BA.2.3.7:1;BA.2.9:1;BA.2.75:1
1012026,BA.2_0.02_abundance_0.1,C25355G;A25495G;C25584T;T25604A,S:L1265V;ORF3a:I35V;ORF3a:T64T;ORF3a:L71Q,22,2134,0.0103092783505154,0,
1012026,BA.2_0.02_abundance_0.1,C25355G;A25495G;C25584T,S:L1265V;ORF3a:I35V;ORF3a:T64T,61,2141,0.0284913591779542,0,
1012026,BA.2_0.02_abundance_0.1,C25355G;C25584T,S:L1265V;ORF3a:T64T,23,2141,0.0107426436244745,30,BA.2.3:1;BA.2:29
1012026,BA.2_0.02_abundance_0.1,A25495G;C25584T;T25604A,ORF3a:I35V;ORF3a:T64T;ORF3a:L71Q,352,2134,0.1649484536082474,0,
1012026,BA.2_0.02_abundance_0.1,A25495G;C25584T,ORF3a:I35V;ORF3a:T64T,1143,2141,0.5338626809901915,331,BF.27:6;BA.5.3.4:1;BA.1.21.1:9;BA.2.12.1:9;XAZ:43;BA.1:24;BA.2.9:9;BA.4:3;BA.2:43;BA.5.2.22:1;BA.5.5:12;BA.4.1.8:3;BA.1.1.2:5;BA.5.2:34;BA.2.40.1:1;BA.1.1:57;BA.1.1.18:4;BA.1.14:2;BA.4.6:11;BA.1.15:3;BF.5:2;AY.33:1;BA.2.3.2:1;BA.1.17.2:3;BA.5.5.1:2;BA.5.2.1:8;BA.2.3:5;BE.1.1:1;BA.5.3.1:3;BA.5.2.28:2;BA.5.1.22:1;BE.3:1;BA.2.10:1;BA.1.1.15:1;BA.5.2.9:1;BE.1:2;DJ.1:1;BQ.1.1.22:1;BA.5.1.5:1;BA.5.1.1:1;BA.1.17:2;BA.5.1:1;BA.2.9.5:1;BA.5.6:1;BA.5.1.25:1;BF.21:3;BA.4.1:1;BA.5:2
1012026,BA.2_0.02_abundance_0.1,C25584T;T25604A,ORF3a:T64T;ORF3a:L71Q,130,2134,0.0609184629803186,6,BA.2:4;BA.1.1:1;BA.5.6:1
1012026,BA.2_0.02_abundance_0.1,C26577G;T26632C;G26709A;C26858T,M:Q19E;M:F37S;M:A63T;M:F112F,113,2861,0.0394966794826983,5,BA.2.76:1;BA.2.58:1;BA.2.38:1;BA.2.75:1;BA.2.74:1
1012026,BA.2_0.02_abundance_0.1,C29420G;A29510C,N:P383A;N:S413R,7,342,0.0204678362573099,30,BA.5.2:5;BA.2.3:1;BA.5.1.1:2;CM.4:1;BF.10:2;BA.5.2.1:2;BA.2:6;BA.5.1:1;BA.2.3.13:1;BE.1.1:4;BA.2.36:1;BF.28:1;BA.4:2;BA.4.6:1
1082026,BA.2_0.02_abundance_0.1,A424G;T670G,ORF1a:L53L;ORF1a:S135R,1465,2869,0.5106308818403625,110,BA.2:14;BA.2.3.1:8;BA.5.2.20:1;BA.5.2:33;BF.11:1;BF.10:1;BA.5.1.5:1;BA.5.1.9:1;BE.1.1.1:26;BA.4.6:1;BA.2.9:4;BA.5.2.31:1;BA.5.1:1;BA.5.2.1:2;BA.4:1;BA.5.6:1;BA.5.5:2;BE.1.1:2;BA.2.12.1:2;BA.4.1:1;BA.2.9.5:3;BA.2.75:2;BA.5.1.1:1
1082026,BA.2_0.02_abundance_0.1,T670G;C807T,ORF1a:S135R;ORF1a:A181V,7,310,0.0225806451612903,215,BA.5.2.1:40;BA.2.9:26;BA.5.2.23:1;BA.2.12.1:38;BA.2.42:2;BA.2:57;BA.2.37:2;BA.5.2.7:1;BA.2.65:1;BQ.1.1:2;BA.4.6:1;BA.5.1:5;XBB.1:1;BF.7:2;BQ.1.1.23:1;BA.5.9:4;BA.5.2:5;BA.2.3.2:1;BQ.1:1;BA.2.3.13:1;BA.2.36:2;BA.2.3.14:5;BA.2.29:1;BA.4.2:1;BF.8:1;BA.5.5:3;BE.1.1:1;BA.4.1:1;BQ.1.5:1;BA.5.2.3:1;BA.2.56:1;BQ.1.1.3:1;BA.5:2;BA.2.75:1;BA.5.2.2:1
1082026,BA.2_0.02_abundance_0.1,C1415T;C1555T,ORF1a:L384F;ORF1a:N430N,11,320,0.034375,0,
1082026,BA.2_0.02_abundance_0.1,C1860G;T1863A,ORF1a:P532R;ORF1a:L533H,13,913,0.0142387732749178,0,
1082026,BA.2_0.02_abundance_0.1,A3021C;C3037T,ORF1a:H919P;ORF1a:F924F,55,127,0.4330708661417323,6,BA.2.38:2;AY.4:1;BA.1:2;AY.7.1:1
1082026,BA.2_0.02_abundance_0.1,A3021C;C3037T;G3062A,ORF1a:H919P;ORF1a:F924F;ORF1a:E933K,17,127,0.1338582677165354,0,
1082026,BA.2_0.02_abundance_0.1,C3037T;G3062A,ORF1a:F924F;ORF1a:E933K,7,127,0.0551181102362204,611,B.1.351:2;AY.43:9;BA.5.1.1:4;BC.1:4;BA.5.2.1:107;AY.3:25;AY.103:6;AY.4:25;B.1.2:183;BA.1.1:5;AY.122:11;B.1.1.7:2;BA.2.3:1;AY.25:2;AY.36:4;P.1:1;BA.2:17;BA.5.1:2;AY.5:7;BA.5.2:27;BA.1.21.1:1;B.1.221:3;BA.1.17.2:2;AY.98.1:85;BA.1.1.1:1;AY.112:4;BE.1:2;AY.39:2;B.1:2;BA.2.3.18:2;B.1.177:8;AY.46.6:4;BA.1.1.2:3;BA.5.1.23:1;B.1.617.2:12;AY.79:5;AY.44:1;AY.16:2;BE.5:1;BA.2.12.1:2;B.1.634:1;AY.39.1.1:1;AY.9.2:1;BA.1.17:1;AY.29:2;BA.1:4;AY.20:1;AY.121:1;AY.102:1;BA.1.20:1;BA.1.1.18:1;B.1.637:1;BA.5.2.9:1;BA.1.15:1;DG.1:3;BA.4:1;BA.4.6:1;P.1.4:1
1082026,BA.2_0.02_abundance_0.1,C4780A;T4848G,ORF1a:I1505I;ORF1a:L1528R,32,1426,0.0224403927068723,0,
1082026,BA.2_0.02_abundance_0.1,C4780A;G4904C,ORF1a:I1505I;ORF1a:D1547H,16,1322,0.0121028744326777,0,
1082026,BA.2_0.02_abundance_0.1,T4848G;G4904C,ORF1a:L1528R;ORF1a:D1547H,22,1322,0.0166414523449319,0,
1082026,BA.2_0.02_abundance_0.1,C9534T;C9700G,ORF1a:T3090I;ORF1a:I3145M,22,520,0.0423076923076923,7,BA.2.12.1:1;BA.5.2:5;BS.1.1:1
1082026,BA.2_0.02_abundance_0.1,T15665G;C15714T,ORF1b:V733G;ORF1b:L749L,822,4327,0.1899699560896695,1,BA.2:1
1082026,BA.2_0.02_abundance_0.1,C16260G;T16307G,ORF1b:C931W;ORF1b:F947C,39,87,0.4482758620689655,0,
1082026,BA.2_0.02_abundance_0.1,G18056T;A18163G;A18269C,ORF1b:G1530V;ORF1b:I1566V;ORF1b:E1601A,115,564,0.2039007092198581,0,
1082026,BA.2_0.02_abundance_0.1,G18056T;T18111C;A18163G;A18269C,ORF1b:G1530V;ORF1b:P1548P;ORF1b:I1566V;ORF1b:E1601A,71,564,0.125886524822695,0,
1082026,BA.2_0.02_abundance_0.1,G18056T;A18163G,ORF1b:G1530V;ORF1b:I1566V,109,604,0.1804635761589404,25,BA.5.1:6;BA.2:12;BA.1:1;BA.1.1:1;BA.5.2.7:1;BA.5.2.1:2;BF.10:1;BA.2.12.1:1
1082026,BA.2_0.02_abundance_0.1,G18056T;T18111C;A18163G,ORF1b:G1530V;ORF1b:P1548P;ORF1b:I1566V,68,604,0.1125827814569536,0,
1082026,BA.2_0.02_abundance_0.1,T18111C;A18163G,ORF1b:P1548P;ORF1b:I1566V,41,604,0.0678807947019867,323,BF.8:1;BA.1.1:22;BA.2:37;BA.5.2.1:12;BA.2.3.13:11;BE.1.1:36;BF.7:4;BF.17:6;BQ.1.1.20:1;BA.1.18:5;BA.2.12.1:19;BA.5.2.3:1;BA.2.31.1:1;BA.5.6:68;BA.5.2.7:9;AY.46.4:1;BA.1.17.2:3;BA.1.15:5;BA.5.1:7;BA.5.2:12;BA.1.14:1;BA.2.54:1;BA.5.1.2:1;BQ.1.1:7;BA.2.10:1;BF.27:2;BF.9:1;BA.1:15;BF.5:1;BA.5.2.20:2;BA.5.2.28:1;BA.2.9:1;BA.5.2.6:1;BA.2.3:1;BF.21:2;BA.2.3.12:1;BQ.1.8:1;BA.2.75:1;CP.1:1;BA.2.3.1:1;BA.2.23:1;BA.2.24:5;BA.2.38.2:1;BF.26:1;BA.5.1.22:1;BA.2.21:1;BA.4:1;BN.1.3:1;BF.11:1;BA.2.5:1;BA.5.2.35:1;BA.4.1.8:2;BA.2.8:2
1082026,BA.2_0.02_abundance_0.1,T18111C;A18163G;A18269C,ORF1b:P1548P;ORF1b:I1566V;ORF1b:E1601A,30,564,0.0531914893617021,0,
1082026,BA.2_0.02_abundance_0.1,A18163G;A18269C,ORF1b:I1566V;ORF1b:E1601A,61,564,0.1081560283687943,29,BA.2.10:18;BA.2.12.1:1;BA.5.2.1:3;BA.1.1:3;BA.2.9:1;BA.4.6:1;BA.1.18:1;BA.5.2:1
1082026,BA.2_0.02_abundance_0.1,A18163G;T18224C,ORF1b:I1566V;ORF1b:M1586T,8,565,0.0141592920353982,36,BA.2:8;BA.5.2.6:1;BA.1.1:8;BA.2.12.1:1;BA.1:2;BA.2.75:4;BA.2.9:3;BA.5.6:1;BA.5.2.1:5;BA.5.1:1;BA.5.2.20:1;BA.2.31.1:1
1082026,BA.2_0.02_abundance_0.1,C21904A;T21961C;G21987A,S:T114T;S:F133F;S:G142D,9,893,0.0100783874580067,0,
1082026,BA.2_0.02_abundance_0.1,C21904A;G21987A,S:T114T;S:G142D,155,893,0.173572228443449,72,AY.4:16;XBB.1:2;BA.5.5:4;BA.2.12.1:3;BA.2:7;BQ.1.13:1;BA.2.65:1;AY.25.1:3;BA.5.1:4;BF.14:2;AY.26:1;AY.117:5;AY.23:1;AY.122:2;B.1.617.2:1;AY.47:1;BA.5.2.22:1;AY.4.2:3;BA.5.1.24:1;BA.5.2.6:1;BE.1.1:2;BA.5.2.1:1;BA.2.3:1;AY.39.1.3:1;BA.4.4:1;BF.3:1;BA.5.3.2:1;AY.25:1;BA.5.2:1;BA.2.9:1;AY.34:1
1082026,BA.2_0.02_abundance_0.1,T21961C;G21987A,S:F133F;S:G142D,30,893,0.0335946248600224,333,AY.4:4;AY.43:3;BA.5.2.1:121;AY.99.2:6;AY.122:19;BA.2.75:6;AY.44:42;BM.1.1.1:1;BA.2.12.1:18;AY.111:3;BA.4.6:4;BA.2:39;BA.2.10:2;BA.2.76:1;BQ.1.1:1;B.1.617.2:3;BA.1.1:1;BA.2.3.20:2;BA.2.43:3;AY.114:1;BA.2.70:1;AY.116.1:4;AY.126:2;BA.2.36:1;AY.4.5:1;XBB.1:1;AY.103:3;AY.100:1;BA.2.38:3;BA.5.2:12;BE.1.1:2;BA.5.2.9:2;AY.3:1;BA.2.3:1;AY.23:1;CM.3:1;AY.9.2:1;BA.2.29:3;BA.5.1:4;AY.39:1;AY.4.2:1;AY.25:1;AY.25.1:1;BA.2.9:1;AY.34.1:1;BA.2.3.2:1;AY.127:1
1082026,BA.2_0.02_abundance_0.1,T22189G;T22200G,S:P209P;S:V213G,15,364,0.0412087912087912,3,BA.2:3
1082026,BA.2_0.02_abundance_0.1,G22493A;T22547A;G22578A,S:G311R;S:F329I;S:G339D,11,198,0.0555555555555555,0,
1082026,BA.2_0.02_abundance_0.1,T22547A;G22578A,S:F329I;S:G339D,155,242,0.640495867768595,2,BA.5.2:1;BF.26:1
1082026,BA.2_0.02_abundance_0.1,T22547A;G22578A;C22674T;T22679C;C22686T;A22688G;G22775A,S:F329I;S:G339D;S:S371F;S:S373P;S:S375F;S:T376A;S:D405N,29,40,0.725,2,BA.5.2:1;BF.26:1
1082026,BA.2_0.02_abundance_0.1,G22992A;C22995A;A23013C;A23040G;T23051A,S:S477N;S:T478K;S:E484A;S:Q493R;S:F497I,11,54,0.2037037037037037,3,BA.2:2;BA.2.9:1
1082026,BA.2_0.02_abundance_0.1,T23582C;T23599G;C23604A,S:Y674H;S:N679K;S:P681H,21,184,0.1141304347826086,73,BA.5.2.6:1;BQ.1.8:1;BA.1.1.1:4;BA.2.51:2;BA.1.1:11;BA.1:8;BA.1.17:2;BA.5.2.1:7;BE.1.1:1;BA.2:13;BA.1.1.18:1;BA.1.15.1:2;BA.5.2:2;BA.2.12.1:1;BA.2.3.13:1;BA.2.9:1;BA.5.5:1;BA.5.6:1;BA.1.15:3;BA.5.1:2;BA.2.3:2;BA.2.38:2;BA.4.5:1;BA.5.2.27:2;BA.2.10.1:1
1082026,BA.2_0.02_abundance_0.1,A24424T;T24469A;A24641G,S:Q954H;S:N969K;S:T1027A,13,128,0.1015625,37,BA.2:3;BA.1.18:1;BA.2.9:2;BA.5.2.20:15;BA.2.12.1:9;BA.1:1;BA.1.1:3;BA.4.1:1;BA.5.2.1:1;BA.1.15.1:1
1082026,BA.2_0.02_abundance_0.1,T24469A;A24641G,S:N969K;S:T1027A,43,552,0.0778985507246376,38,BA.2:3;BA.1.18:1;BA.2.9:2;BA.5.2.20:15;BA.2.12.1:9;BA.1:1;BA.1.1:4;BA.4.1:1;BA.5.2.1:1;BA.1.15.1:1
1082026,BA.2_0.02_abundance_0.1,T24469A;G24620T;A24641G,S:N969K;S:A1020S;S:T1027A,13,552,0.0235507246376811,0,
1082026,BA.2_0.02_abundance_0.1,G24834T;C25000T;A25026G,S:R1091L;S:D1146D;S:Y1155C,40,2538,0.0157604412923561,0,
1082026,BA.2_0.02_abundance_0.1,G24834T;A24874G;C25000T,S:R1091L;S:V1104V;S:D1146D,36,2874,0.0125260960334029,0,
1082026,BA.2_0.02_abundance_0.1,A24874G;C25000T,S:V1104V;S:D1146D,101,2874,0.0351426583159359,118,BA.2:32;BA.2.9:2;BA.1.1:16;BA.2.1:1;BA.5.2.1:16;BA.2.12.1:2;BA.4.6:3;BF.12:1;BA.4.2:5;BA.4.4:1;BF.5:1;BA.5.5:13;BF.1:1;BA.1.17.2:9;BA.5.5.2:2;BA.5.6:2;BE.1.1:1;BA.2.18:2;BA.1.1.18:4;BA.1:1;BA.1.1.15:1;BA.5.2.13:1;BA.5.2:1
1082026,BA.2_0.02_abundance_0.1,C25000T;A25026G,S:D1146D;S:Y1155C,97,2538,0.0382190701339637,3,B.1.1.529:1;BA.2:1;BA.2.9:1
1082026,BA.2_0.02_abundance_0.1,A25026G;A25087G,S:Y1155C;S:S1175S,13,910,0.0142857142857142,0,
1082026,BA.2_0.02_abundance_0.1,A25087G;A25247G,S:S1175S;S:M1229V,14,860,0.0162790697674418,0,
1082026,BA.2_0.02_abundance_0.1,G25429A;C25584T,ORF3a:V13I;ORF3a:T64T,341,1699,0.2007062978222484,201,BA.1.16:2;BA.2.9:49;BA.5.2:6;BA.5:2;BA.5.2.1:7;BA.4.6.4:4;BA.1.1.14:2;BA.2.12.1:9;BA.1.1:33;BA.1.17:5;BA.2:25;BE.1.1:2;BE.4:1;BA.1.1.1:1;BA.5.1:11;BF.5:1;XBB.1:4;BA.5.2.6:1;BA.2.38:1;BA.1.15.1:1;BF.22:6;BA.4.1.1:1;BQ.1.1:1;BA.1.1.2:1;BA.2.17:3;BA.5.2.23:1;BA.1.17.2:2;BA.1.15:6;BQ.1.1.19:1;BA.1:2;BA.4.1:1;BA.2.13:1;BA.5.1.30:1;BE.3:1;BA.1.1.18:1;BA.2.8:1;BA.5.5:1;CH.1.1:1;BA.2.3:1;CE.1:1
1082026,BA.2_0.02_abundance_0.1,G25429A;G25483C;C25584T,ORF3a:V13I;ORF3a:A31P;ORF3a:T64T,25,1699,0.0147145379635079,0,
1082026,BA.2_0.02_abundance_0.1,G25429A;C25469G;C25584T,ORF3a:V13I;ORF3a:S26*;ORF3a:T64T,23,1699,0.0135373749264273,0,
1082026,BA.2_0.02_abundance_0.1,C25469G;C25584T,ORF3a:S26*;ORF3a:T64T,71,1699,0.0417892878163625,0,
1082026,BA.2_0.02_abundance_0.1,G25483C;C25584T,ORF3a:A31P;ORF3a:T64T,88,1699,0.0517951736315479,49,BA.2.23:1;BA.1.17:1;BA.1.1:2;BA.2.37:28;BF.5:12;BA.2:1;BA.2.75:1;XBB.1:2;BE.1.1.2:1
1082026,BA.2_0.02_abundance_0.1,A26132C;C26270T,ORF3a:H247P;E:T9I,10,164,0.0609756097560975,0,
1082026,BA.2_0.02_abundance_0.1,C26577G;G26640C;G26709A;C26858T,M:Q19E;M:A40P;M:A63T;M:F112F,231,2704,0.0854289940828402,9,BA.2.12.1:3;BA.2.75:2;BA.2:3;BA.2.9:1
1082026,BA.2_0.02_abundance_0.1,C26577G;G26640C;G26709A,M:Q19E;M:A40P;M:A63T,34,3098,0.0109748224661071,49,BA.1.17:6;BA.5.2:2;BA.1.1.1:14;BA.1.1:6;BA.5.2.33:2;BA.2.12.1:3;BA.5.1:3;BA.5.6:1;BA.2.75:2;BA.1:1;BA.1.15:1;BA.2:3;BA.5.2.20:2;BA.1.17.2:1;BQ.1.1:1;BA.2.9:1
1082026,BA.2_0.02_abundance_0.1,C26577G;G26709A;C26858T;A26884C,M:Q19E;M:A63T;M:F112F;M:N121T,46,166,0.2771084337349397,0,
1082026,BA.2_0.02_abundance_0.1,T27875G;A28024C,ORF7b:T40T;ORF8:K44T,73,444,0.1644144144144144,0,
1082026,BA.2_0.02_abundance_0.1,C28311T;G28428T,N:P13L;N:W52L,119,648,0.1836419753086419,7,BA.2:1;BA.5.2.1:1;BA.5.1.30:1;BA.1.15:1;BA.1.17.2:1;BA.1.1:1;BA.5.2.13:1
1152026,BA.2_0.02_abundance_0.1,A1072C;G1247C,ORF1a:E269D;ORF1a:E328Q,56,1484,0.0377358490566037,0,
1152026,BA.2_0.02_abundance_0.1,A1079T;G1247C,ORF1a:N272Y;ORF1a:E328Q,22,1484,0.0148247978436657,0,
1152026,BA.2_0.02_abundance_0.1,G1167A;G1247C,ORF1a:R301Q;ORF1a:E328Q,24,1485,0.0161616161616161,0,
1152026,BA.2_0.02_abundance_0.1,C2918A;C3037T,ORF1a:P885T;ORF1a:F924F,10,406,0.0246305418719211,90,AY.6:39;AY.3:2;AY.4:10;AY.103:5;BA.2.9:2;AY.3.1:15;BA.5.2.1:1;AY.25.1:2;BQ.1:1;AY.44:2;BA.1.1:1;BA.5.1.5:1;AY.117:1;B.1.1.7:2;B.1.596:1;BA.2:1;BA.1:1;AY.100:1;B.1.177.21:1;B.1.429:1
1152026,BA.2_0.02_abundance_0.1,A5607C;C5758G,ORF1a:K1781T;ORF1a:Y1831*,34,446,0.0762331838565022,0,
1152026,BA.2_0.02_abundance_0.1,T6201A;A6293T,ORF1a:F1979Y;ORF1a:I2010L,17,404,0.042079207920792,0,
1152026,BA.2_0.02_abundance_0.1,A6293T;T6515G,ORF1a:I2010L;ORF1a:L2084V,8,253,0.0316205533596837,0,
1152026,BA.2_0.02_abundance_0.1,G7452A;A7634C,ORF1a:S2396N;ORF1a:T2457P,5,420,0.0119047619047619,0,
1152026,BA.2_0.02_abundance_0.1,C9344T;C9384A;A9424G;C9534T,ORF1a:L3027F;ORF1a:A3040D;ORF1a:V3053V;ORF1a:T3090I,96,1094,0.0877513711151736,0,
1152026,BA.2_0.02_abundance_0.1,C9344T;C9384A;A9424G,ORF1a:L3027F;ORF1a:A3040D;ORF1a:V3053V,23,1319,0.0174374526156178,0,
1152026,BA.2_0.02_abundance_0.1,C12880T;A12964C,ORF1a:I4205I;ORF1a:G4233G,185,2787,0.0663796196627197,97,BA.2.9:10;BA.5.2.32:1;BA.2:10;BA.5.2.31:4;BA.5.6:7;BA.2.12.1:3;BA.5.2:7;BA.4.6:2;BA.5.1:1;BF.5:45;BQ.1.1:2;BA.2.36:3;BA.2.3.13:1;BA.5.2.1:1
1152026,BA.2_0.02_abundance_0.1,T14349A;C14408T;G14430C,ORF1b:D294E;ORF1b:P314L;ORF1b:V321V,19,1015,0.0187192118226601,0,
1152026,BA.2_0.02_abundance_0.1,T14349A;C14408T,ORF1b:D294E;ORF1b:P314L,164,1015,0.1615763546798029,150,BA.2:26;B.1.1.7:79;AY.44:3;BA.2.9:5;AY.46:2;B.1.429:2;XBB.1:3;AY.119:15;B.1.319:1;B.1.177:2;BA.4.6:1;BA.2.12.1:1;BA.1.1:1;BA.1.17.2:1;B.1.1.519:1;P.1:1;BA.4.1:1;AY.4:1;AY.108:1;BF.5:1;AY.39:1;BA.1.15.1:1
1152026,BA.2_0.02_abundance_0.1,C14408T;G14430C,ORF1b:P314L;ORF1b:V321V,104,1015,0.1024630541871921,26,AY.125:1;BA.1.1:2;AY.122:1;BA.2.12.1:1;B.1.416:11;B.1.221:4;B.1.177:1;B.1.1.7:1;AY.36:1;BA.2.76:1;AY.4.2:1;AY.29:1
1152026,BA.2_0.02_abundance_0.1,A15914T;A15949G,ORF1b:D816V;ORF1b:I828V,98,2829,0.0346412159773771,0,
1152026,BA.2_0.02_abundance_0.1,T17264A;C17410T,ORF1b:F1266Y;ORF1b:R1315C,1111,2039,0.5448749386954389,0,
1152026,BA.2_0.02_abundance_0.1,T17264A;A17269T;C17410T,ORF1b:F1266Y;ORF1b:K1268*;ORF1b:R1315C,79,2039,0.0387444825895046,0,
1152026,BA.2_0.02_abundance_0.1,T17264A;A17269T,ORF1b:F1266Y;ORF1b:K1268*,63,3376,0.0186611374407582,0,
1152026,BA.2_0.02_abundance_0.1,T17264A;A17374T,ORF1b:F1266Y;ORF1b:T1303S,35,3135,0.011164274322169,0,
1152026,BA.2_0.02_abundance_0.1,T17264A;A17374T;C17410T,ORF1b:F1266Y;ORF1b:T1303S;ORF1b:R1315C,63,2039,0.0308974987739087,0,
1152026,BA.2_0.02_abundance_0.1,A17269T;C17410T,ORF1b:K1268*;ORF1b:R1315C,49,2039,0.0240313879352623,0,
1152026,BA.2_0.02_abundance_0.1,A17374T;C17410T,ORF1b:T1303S;ORF1b:R1315C,31,2039,0.015203531142717,2,BF.5:2
1152026,BA.2_0.02_abundance_0.1,A17743G;T17978C,ORF1b:N1426D;ORF1b:L1504P,15,1120,0.0133928571428571,0,
1152026,BA.2_0.02_abundance_0.1,A18706G;T18870A,ORF1b:T1747A;ORF1b:T1801T,35,2034,0.0172074729596853,0,
1152026,BA.2_0.02_abundance_0.1,A20055G;C20095A,ORF1b:E2196E;ORF1b:Q2210K,18,107,0.1682242990654205,1,BA.2:1
1152026,BA.2_0.02_abundance_0.1,A21851T;G21987A,S:K97*;S:G142D,130,1126,0.1154529307282415,0,
1152026,BA.2_0.02_abundance_0.1,T21919C;G21987A,S:I119I;S:G142D,25,1126,0.0222024866785079,206,AY.36:160;BA.5.2.1:1;BF.26:2;AY.98:1;BA.2.12.1:1;BA.2:12;BA.4.6:6;BA.2.14:1;BA.1.1.7:1;BA.5.2:1;AY.122:2;AY.44:1;AY.103:1;BQ.1.1:1;BF.21:1;AY.126:5;BA.2.26:1;AY.23:1;BA.2.12:1;BA.5.2.26:1;BA.5.1.10:1;AY.125:1;AY.4:1;BA.5.1.22:1;AY.127:1
1152026,BA.2_0.02_abundance_0.1,T22150A;T22200G,S:N196K;S:V213G,118,729,0.1618655692729766,1,BA.2.9:1
1152026,BA.2_0.02_abundance_0.1,T22175A;T22200G,S:S205T;S:V213G,33,729,0.0452674897119341,2,BA.2.10:2
1152026,BA.2_0.02_abundance_0.1,G22638T;C22674T;T22679C;C22686T;A22688G,S:S359I;S:S371F;S:S373P;S:S375F;S:T376A,11,630,0.0174603174603174,7,BA.2:3;BQ.1.11:1;BQ.1.1:2;BF.7:1
1152026,BA.2_0.02_abundance_0.1,G22638T;C22674T;T22679C;C22686T;A22688G;G22775A;A22786C;G22813T;C22839A,S:S359I;S:S371F;S:S373P;S:S375F;S:T376A;S:D405N;S:R408S;S:K417N;S:P426Q,38,580,0.0655172413793103,0,
1152026,BA.2_0.02_abundance_0.1,G22638T;C22674T;T22679C;C22686T;A22688G;G22775A;A22786C;G22813T,S:S359I;S:S371F;S:S373P;S:S375F;S:T376A;S:D405N;S:R408S;S:K417N,94,589,0.1595925297113752,7,BA.2:3;BQ.1.11:1;BQ.1.1:2;BF.7:1
1152026,BA.2_0.02_abundance_0.1,G22638T;A22656T;C22674T;T22679C;C22686T;A22688G;G22775A;A22786C;G22813T,S:S359I;S:Y365F;S:S371F;S:S373P;S:S375F;S:T376A;S:D405N;S:R408S;S:K417N,14,589,0.0237691001697792,0,
1152026,BA.2_0.02_abundance_0.1,A22656T;C22674T;T22679C;C22686T;A22688G;G22775A;A22786C;G22813T;C22839A,S:Y365F;S:S371F;S:S373P;S:S375F;S:T376A;S:D405N;S:R408S;S:K417N;S:P426Q,8,580,0.0137931034482758,0,
1152026,BA.2_0.02_abundance_0.1,A22656T;C22674T;T22679C;C22686T;A22688G;G22775A;A22786C;G22813T,S:Y365F;S:S371F;S:S373P;S:S375F;S:T376A;S:D405N;S:R408S;S:K417N,31,589,0.0526315789473684,0,
1152026,BA.2_0.02_abundance_0.1,C22674T;T22679C;C22686T;A22688G;G22775A;A22786C;G22813T;C22839A,S:S371F;S:S373P;S:S375F;S:T376A;S:D405N;S:R408S;S:K417N;S:P426Q,124,580,0.2137931034482758,0,
1152026,BA.2_0.02_abundance_0.1,C22839A;T22882G;G22992A;C22995A;A23013C;A23040G;T23075C,S:P426Q;S:N440K;S:S477N;S:T478K;S:E484A;S:Q493R;S:Y505H,69,187,0.3689839572192513,4,BA.2.38:1;BA.1.15.3:1;BA.1.1.1:1;BA.2:1
1152026,BA.2_0.02_abundance_0.1,A23267T;A23403G,S:I569F;S:D614G,281,1693,0.1659775546367395,292,AY.85:7;BA.1.1:2;B.1.160:2;AY.4:38;B.1.346:7;B.1.2:142;B.1.1.7:71;P.1.15:1;BA.2.12.1:2;BA.5:1;BF.14:2;BA.1.15.1:3;B.1.1.222:2;AY.118:1;BA.2:2;B.1.1.434:1;BA.5.5:1;P.1:1;AY.29:1;AY.26:1;B.1.243:1;AY.43:1;B.1.237:1;BA.1:1
1152026,BA.2_0.02_abundance_0.1,C23854A;G23879A;G23948T,S:N764K;S:E773K;S:D796Y,58,981,0.0591233435270132,1,BA.1.1:1
1152026,BA.2_0.02_abundance_0.1,A24424T;A24723C,S:Q954H;S:Q1054P,11,40,0.275,0,
1152026,BA.2_0.02_abundance_0.1,A24723C;C25000T,S:Q1054P;S:D1146D,18,94,0.1914893617021276,0,
1152026,BA.2_0.02_abundance_0.1,A24936C;C25000T,S:N1125T;S:D1146D,179,976,0.1834016393442623,5,BA.1.17:1;BA.1.1.15:1;BA.2.29:1;BA.2.10:1;BA.1.15:1
1152026,BA.2_0.02_abundance_0.1,A25397T;C25508G;C25584T,ORF3a:D2V;ORF3a:A39G;ORF3a:T64T,51,716,0.0712290502793296,0,
1152026,BA.2_0.02_abundance_0.1,A25397T;C25584T,ORF3a:D2V;ORF3a:T64T,54,716,0.0754189944134078,5,B.1.1.529:1;BA.5.2.1:1;BA.1.17.2:3
1152026,BA.2_0.02_abundance_0.1,C25508G;C25584T,ORF3a:A39G;ORF3a:T64T,310,716,0.4329608938547486,1,BA.1:1
1152026,BA.2_0.02_abundance_0.1,G25726A;T25813G,ORF3a:V112I;ORF3a:Y141D,16,478,0.0334728033472803,0,
1152026,BA.2_0.02_abundance_0.1,C26858T;C26958G,M:F112F;M:R146G,5,25,0.2,13,BA.2.10:10;BA.2.76:2;BA.2:1
1152026,BA.2_0.02_abundance_0.1,A27259C;T27384C;T27504A,ORF6:R20R;ORF6:D61D;ORF7a:S37S,29,42,0.6904761904761905,135,BA.2:89;BA.2.75:6;BA.2.3:4;BA.2.7:2;BA.4.6:3;BA.2.25.1:1;BA.2.9:3;BA.2.12.1:11;BA.2.10:3;BA.4:3;CH.1.1:2;BA.4.1:2;BA.2.73:1;BM.1.1.1:3;BA.4.4:1;BA.4.2:1
1222026,BA.2_0.02_abundance_0.1,T380G;T670G,ORF1a:L39V;ORF1a:S135R,54,1387,0.0389329488103821,18,BA.2:8;BE.2:1;BF.7:5;BF.8:1;BA.5.1:1;BA.2.12.1:1;BF.5:1
1222026,BA.2_0.02_abundance_0.1,T4708A;A4764C,ORF1a:D1481E;ORF1a:H1500P,5,181,0.0276243093922651,0,
1222026,BA.2_0.02_abundance_0.1,A4764C;C4927G,ORF1a:H1500P;ORF1a:D1554E,6,163,0.0368098159509202,0,
1222026,BA.2_0.02_abundance_0.1,G8084C;G8131C,ORF1a:E2607Q;ORF1a:K2622N,17,763,0.0222804718217562,0,
1222026,BA.2_0.02_abundance_0.1,G8084C;T8230A,ORF1a:E2607Q;ORF1a:L2655L,12,706,0.0169971671388102,0,
1222026,BA.2_0.02_abundance_0.1,G8131C;T8230A,ORF1a:K2622N;ORF1a:L2655L,27,706,0.0382436260623229,0,
1222026,BA.2_0.02_abundance_0.1,G8131C;T8209A,ORF1a:K2622N;ORF1a:T2648T,9,706,0.0127478753541076,0,
1222026,BA.2_0.02_abundance_0.1,T8209A;T8230A,ORF1a:T2648T;ORF1a:L2655L,10,706,0.0141643059490084,0,
1222026,BA.2_0.02_abundance_0.1,A9294T;C9303A;C9344T;A9424G;C9534T,ORF1a:Y3010F;ORF1a:S3013Y;ORF1a:L3027F;ORF1a:V3053V;ORF1a:T3090I,20,103,0.1941747572815534,0,
1222026,BA.2_0.02_abundance_0.1,A9294T;C9344T;A9424G;C9534T,ORF1a:Y3010F;ORF1a:L3027F;ORF1a:V3053V;ORF1a:T3090I,20,103,0.1941747572815534,3,BE.3:1;BA.5.6:1;BA.5.2:1
1222026,BA.2_0.02_abundance_0.1,C9303A;C9344T;A9424G;C9534T,ORF1a:S3013Y;ORF1a:L3027F;ORF1a:V3053V;ORF1a:T3090I,29,103,0.2815533980582524,16,BA.2.12.1:2;BA.5.2.1:5;BA.2.38.1:1;BA.2.9:1;BA.2.75:1;BA.2:5;BA.2.10.1:1
1222026,BA.2_0.02_abundance_0.1,C10029T;A9963G,ORF1a:T3255I;ORF1a:H3233R,9,28,0.3214285714285714,1,BA.2.3:1
1222026,BA.2_0.02_abundance_0.1,G10447A;C10449A;T10570C,ORF1a:R3394R;ORF1a:P3395H;ORF1a:H3435H,119,2495,0.0476953907815631,75,XBB.1:1;BA.5.2.1:12;BA.4.6.4:2;BA.2.12.1:8;BA.2.3:2;BA.5.1:4;BA.2.24:1;BA.2.9:1;BQ.1.1:1;BE.1:2;BA.2:14;BA.5.2:18;BE.1.1:1;BF.5:1;BA.4.1:2;BA.5.1.3:1;BA.5.5:1;BA.5.1.22:1;BQ.1.2:1;BA.5.1.2:1
1222026,BA.2_0.02_abundance_0.1,C11361G;A11433T,ORF1a:T3699S;ORF1a:Y3723F,127,2697,0.0470893585465331,0,
1222026,BA.2_0.02_abundance_0.1,T11366C;A11433T,ORF1a:Y3701H;ORF1a:Y3723F,162,2698,0.0600444773906597,0,
1222026,BA.2_0.02_abundance_0.1,G11998C;T12215C,ORF1a:M3911I;ORF1a:L3984L,33,556,0.0593525179856115,0,
1222026,BA.2_0.02_abundance_0.1,T13380C;C13506G,ORF1a:V4372A;ORF1b:C13W,11,100,0.11,0,
1222026,BA.2_0.02_abundance_0.1,C14408T;G14515T,ORF1b:P314L;ORF1b:V350L,139,348,0.3994252873563218,29,AY.4:4;B.1.1.7:2;B.1.1:1;B.1.177:6;B.1:1;AY.46.4:1;BA.2.12.1:1;AY.106:2;B.1.1.317:5;AY.25.1:1;AY.26:1;AY.9.2:2;BA.2:1;AY.4.2.3:1
1222026,BA.2_0.02_abundance_0.1,C14408T;T14465C,ORF1b:P314L;ORF1b:V333A,8,348,0.0229885057471264,45,AY.122:2;AY.100:2;AY.121:1;BF.14:2;AY.5:27;B.1:1;B.1.1.216:1;AY.27:1;BA.1.1:2;BA.5.1:1;AY.29.1:1;B.1.177:1;B.1.1.1:1;BF.1:1;B.1.617.2:1
1222026,BA.2_0.02_abundance_0.1,C14408T;T14465C;G14515T,ORF1b:P314L;ORF1b:V333A;ORF1b:V350L,6,348,0.0172413793103448,1,B.1.177:1
1222026,BA.2_0.02_abundance_0.1,C17410T;A17612G,ORF1b:R1315C;ORF1b:N1382S,14,350,0.04,287,BA.2:9;BA.5.2.1:222;BA.5.2:10;BA.2.7:2;BA.5.6:24;BA.5.5:9;BA.5:1;BA.5.2.28:1;BA.5.3.1:1;BA.2.9:5;BF.4:2;BA.2.10:1
1222026,BA.2_0.02_abundance_0.1,T18119A;A18163G,ORF1b:L1551H;ORF1b:I1566V,244,1091,0.2236480293308891,1,BA.1.1:1
1222026,BA.2_0.02_abundance_0.1,T18119A;A18163G;C18312A,ORF1b:L1551H;ORF1b:I1566V;ORF1b:V1615V,5,234,0.0213675213675213,0,
1222026,BA.2_0.02_abundance_0.1,A18163G;C18312A,ORF1b:I1566V;ORF1b:V1615V,7,234,0.0299145299145299,126,BA.2:30;BA.5.1.1:4;BA.2.9:4;BA.1.1:24;BA.5.1.22:1;BA.5.2.1:4;BA.5.2:27;BA.1.15:13;BA.1.18:1;BA.2.10:1;BE.1:1;BQ.1.23:1;BA.2.2:2;BA.1.17:1;BA.2.12.1:1;BA.2.75:1;BE.1.1:2;BA.5.6:8
1222026,BA.2_0.02_abundance_0.1,A18428C;A18629T,ORF1b:N1654T;ORF1b:Y1721F,10,378,0.0264550264550264,0,
1222026,BA.2_0.02_abundance_0.1,C18463T;A18629T,ORF1b:P1666S;ORF1b:Y1721F,6,378,0.0158730158730158,0,
1222026,BA.2_0.02_abundance_0.1,T19905G;A20055G,ORF1b:H2146Q;ORF1b:E2196E,15,171,0.087719298245614,2,BA.2:2
1222026,BA.2_0.02_abundance_0.1,G21753C;G21987A,S:W64S;S:G142D,410,1341,0.3057419835943326,3,AY.103:1;BA.5.2:1;AY.3:1
1222026,BA.2_0.02_abundance_0.1,A22034C;T22200G,S:R158R;S:V213G,222,796,0.278894472361809,7,BF.7.4:1;BE.1.1:2;BA.5.2.1:1;BA.2.38.1:1;BA.2:2
1222026,BA.2_0.02_abundance_0.1,A22034C;A22046C;T22200G,S:R158R;S:S162R;S:V213G,22,796,0.0276381909547738,0,
1222026,BA.2_0.02_abundance_0.1,A22034C;A22046C;T22200G;C22290T,S:R158R;S:S162R;S:V213G;S:A243V,16,717,0.0223152022315202,0,
1222026,BA.2_0.02_abundance_0.1,A22034C;T22200G;C22290T,S:R158R;S:V213G;S:A243V,145,717,0.202231520223152,0,
1222026,BA.2_0.02_abundance_0.1,A22034C;A22161G;T22200G,S:R158R;S:Y200C;S:V213G,16,796,0.0201005025125628,0,
1222026,BA.2_0.02_abundance_0.1,A22034C;A22161G;T22200G;C22290T,S:R158R;S:Y200C;S:V213G;S:A243V,11,717,0.0153417015341701,0,
1222026,BA.2_0.02_abundance_0.1,A22046C;T22200G;C22290T,S:S162R;S:V213G;S:A243V,17,717,0.0237099023709902,0,
1222026,BA.2_0.02_abundance_0.1,A22046C;T22200G,S:S162R;S:V213G,25,796,0.0314070351758793,0,
1222026,BA.2_0.02_abundance_0.1,A22161G;T22200G,S:Y200C;S:V213G,18,796,0.0226130653266331,508,BF.27:7;BA.5.2.1:108;BA.2.12.1:5;BE.1.1:11;BF.26:10;BA.5.1.30:3;BK.1:2;BA.5.10:10;BA.5.2:44;BA.5.1.5:9;BA.2.9:2;BA.5.1.1:11;CH.1.1:4;BA.5.1:77;BA.4.1:8;BA.5.11:7;BA.5.2.21:2;BA.5.5:9;BA.5.1.27:1;BG.2:1;BA.2:7;BA.5.2.9:10;BA.2.74:1;BF.10:6;BA.5.9:1;BA.2.75:5;BE.1:6;BA.5.1.6:2;BA.2.48:1;BQ.1.1.15:1;BA.4.6:6;BA.5.1.22:2;BA.5.1.10:1;BF.5:25;BA.5.2.6:7;BA.5.1.2:4;BF.14:2;BF.7:13;BF.21:5;BA.5.6:3;BA.5.2.26:1;BA.5.1.7:1;BA.5.1.12:4;BF.11.1:1;XAZ:1;BQ.1.10:1;BA.5.3.1:4;BF.11:3;CQ.2:1;BA.5.2.13:1;BA.5.6.3:1;BQ.1.1:3;BA.4:3;BQ.1.12:1;BA.5.1.3:1;BF.7.9:2;BA.5.2.19:2;BA.5.2.24:1;BA.5.1.25:4;BA.2.3:2;BA.5.5.1:1;BA.5.1.23:2;BQ.1.1.22:1;BA.5.1.24:2;BA.4.1.6:1;BA.2.75.9:1;BE.1.2:4;BA.5:2;BA.5.2.4:1;BF.9:1;BF.7.4:1;BA.4.6.5:1;BQ.1.1.3:1;BA.5.2.35:1;BQ.1:1;BE.3:2;BA.5.2.27:1;BF.28:1;BF.1:1;BA.1.1:1;BA.5.2.3:1;BQ.1.1.8:1;BQ.1.23:1;BA.5.1.8:1
1222026,BA.2_0.02_abundance_0.1,A22161G;T22200G;C22290T,S:Y200C;S:V213G;S:A243V,9,717,0.0125523012552301,0,
1222026,BA.2_0.02_abundance_0.1,T22200G;C22290T,S:V213G;S:A243V,110,717,0.1534170153417015,13,BF.10:2;BA.2:2;BA.5.2:2;BF.4:2;BA.5.5:1;BA.5.1:2;BA.5.10:1;BA.5:1
1222026,BA.2_0.02_abundance_0.1,A24424T;A24661T,S:Q954H;S:V1033V,6,10,0.6,1,BA.1.1:1
1222026,BA.2_0.02_abundance_0.1,T24744G;C25000T,S:V1061G;S:D1146D,33,530,0.0622641509433962,1,BA.2.52:1
1222026,BA.2_0.02_abundance_0.1,A24825T;C25000T,S:H1088L;S:D1146D,43,531,0.0809792843691148,4,BF.5:2;BA.5.2:1;BA.2:1
1222026,BA.2_0.02_abundance_0.1,C25380G;C25584T,S:T1273R;ORF3a:T64T,845,1690,0.5,4,BA.1.18:1;BA.2:2;BA.2.23:1
1222026,BA.2_0.02_abundance_0.1,C25380G;T25554C;C25584T,S:T1273R;ORF3a:A54A;ORF3a:T64T,225,1690,0.1331360946745562,0,
1222026,BA.2_0.02_abundance_0.1,T25554C;C25584T,ORF3a:A54A;ORF3a:T64T,138,1693,0.0815121086828115,112,BA.2:15;BE.1.1:29;BA.2.3:2;BA.5:1;BA.2.12.1:4;BA.1.1:16;BA.5.2.20:1;BF.10:1;BA.2.10:5;BA.2.10.1:3;BA.2.37:1;XBB.1:1;BA.5.6:1;BA.2.72:2;BA.5.2:6;BA.2.11:1;BA.1.20:2;BA.2.75:1;BA.1:5;BA.2.3.8:1;BA.5.2.1:5;BA.2.9:1;BE.1.1.2:2;BE.3:2;BA.5.2.10:1;BA.5.1:1;BA.2.9.5:2
1222026,BA.2_0.02_abundance_0.1,A27259C;T27384C;G27414A,ORF6:R20R;ORF6:D61D;ORF7a:L7L,1170,4548,0.2572559366754617,298,BA.2:208;BA.2.9:3;BA.1.1:20;BA.2.12.1:12;BA.2.9.3:1;BA.2.32:1;BA.1.1.11:15;BA.2.3:9;BA.4.1:6;BA.2.75:4;BA.4.5:1;BA.2.40.1:1;BA.4:3;BA.2.62:1;BA.4.1.1:1;BA.2.3.15:1;BA.5:1;BA.1.15:1;XBB.2:1;BA.2.38:3;BA.2.24:3;BA.4.6:1;BA.2.10.1:1
1222026,BA.2_0.02_abundance_0.1,C28311T;G28347T,N:P13L;N:G25V,813,2340,0.3474358974358974,190,BA.1.1:19;BA.2:86;BA.5:3;BA.2.10:9;BA.2.3.13:1;BA.5.5:2;BA.2.12.1:8;BA.5.2:15;BA.5.1:4;BA.1.17.2:1;BA.1:4;BA.2.3.1:1;BA.2.3:6;BF.5:1;BA.5.2.13:2;BA.2.75:2;BA.5.2.1:4;CH.1.1:1;BA.2.9:4;BF.11.2:2;BE.2:2;BE.1:1;BA.5.1.5:3;BA.4.1:1;BA.1.15:2;BA.1.1.15:1;BA.5.3.3:1;BA.4.6:2;BA.5.1.21:2
1222026,BA.2_0.02_abundance_0.1,A29510C;T29619A,N:S413R;ORF10:M21K,15,101,0.1485148514851485,38,BA.2:4;BA.5.2:3;BA.5:1;BA.2.12.1:7;BE.1.1:17;BA.5.2.1:3;BE.1:1;BQ.1.1:1;BA.2.3:1
1292026,BA.2_0.02_abundance_0.1,G579C;T670G,ORF1a:G105A;ORF1a:S135R,84,2903,0.0289355838787461,11,BQ.2:1;BA.5.1:1;BA.5.2:3;BA.5.6:1;BF.21:1;BA.5.2.9:1;BQ.1.3:1;BQ.1.1:1;BA.5.1.10:1
1292026,BA.2_0.02_abundance_0.1,T670G;A846T;G910A,ORF1a:S135R;ORF1a:D194V;ORF1a:L215L,25,527,0.0474383301707779,0,
1292026,BA.2_0.02_abundance_0.1,T670G;G910A,ORF1a:S135R;ORF1a:L215L,212,527,0.4022770398481973,340,BF.7.4:1;BA.2:62;BA.5.1.17:12;BE.1.1:9;BQ.1.1.7:4;BA.5.2.23:1;BA.2.75:13;BA.2.3.1:4;BF.26:9;BA.5.1:28;BA.5.2.1:34;BA.5:2;BA.2.12.1:7;BA.4.1:5;BA.5.2.20:14;BF.11:5;BA.5.3.1:1;BA.2.65:3;BA.5.2:34;XBB.1:8;BA.2.9:8;BA.5.1.1:1;BE.3:8;BA.5.5:4;BA.5.1.21:1;BE.1:2;BA.4.6:6;BA.2.48:15;BA.5.2.7:2;BA.5.1.2:1;BA.5.2.21:1;BA.5.1.20:7;BA.2.3:4;CK.1:1;BA.2.10.1:1;BA.5.2.27:1;BA.5.2.3:1;BA.5.6:3;BA.5.2.9:5;BA.2.24:1;BF.5:1;BA.5.1.22:1;CH.1.1:2;BA.2.62:1;BE.1.4:4;BA.5.2.34:2
1292026,BA.2_0.02_abundance_0.1,T670G;T998A,ORF1a:S135R;ORF1a:S245T,17,41,0.4146341463414634,17,BA.5.2:8;BA.2.10.1:1;BA.5.2.1:2;BF.26:1;BA.5.3.3:3;BA.2.9:1;BA.2:1
1292026,BA.2_0.02_abundance_0.1,T670G;G910A;T998A,ORF1a:S135R;ORF1a:L215L;ORF1a:S245T,13,41,0.3170731707317073,0,
1292026,BA.2_0.02_abundance_0.1,T670G;A846T,ORF1a:S135R;ORF1a:D194V,31,573,0.0541012216404886,0,
1292026,BA.2_0.02_abundance_0.1,A846T;G910A,ORF1a:D194V;ORF1a:L215L,225,5147,0.0437147853118321,0,
1292026,BA.2_0.02_abundance_0.1,A846T;T998A,ORF1a:D194V;ORF1a:S245T,12,340,0.0352941176470588,0,
1292026,BA.2_0.02_abundance_0.1,A846T;G910A;T998A,ORF1a:D194V;ORF1a:L215L;ORF1a:S245T,11,340,0.0323529411764705,0,
1292026,BA.2_0.02_abundance_0.1,G910A;T998A,ORF1a:L215L;ORF1a:S245T,91,340,0.2676470588235294,0,
1292026,BA.2_0.02_abundance_0.1,C1437G;G1584C,ORF1a:S391C;ORF1a:G440A,20,64,0.3125,0,
1292026,BA.2_0.02_abundance_0.1,G3000T;C3037T,ORF1a:G912V;ORF1a:F924F,412,1069,0.3854069223573433,24,AY.25:7;AY.100:7;BF.28:1;AY.4:2;AY.14:1;AY.118:2;AY.42:1;B.1:1;AY.122:1;B.1.416:1
1292026,BA.2_0.02_abundance_0.1,G3000T;C3037T;T3160G,ORF1a:G912V;ORF1a:F924F;ORF1a:T965T,25,897,0.027870680044593,0,
1292026,BA.2_0.02_abundance_0.1,T3199A;G3353C,ORF1a:D978E;ORF1a:G1030R,52,779,0.0667522464698331,0,
1292026,BA.2_0.02_abundance_0.1,C6330T;G6476T,ORF1a:S2022L;ORF1a:V2071F,13,393,0.0330788804071246,0,
1292026,BA.2_0.02_abundance_0.1,C7460G;A7496C,ORF1a:H2399D;ORF1a:M2411L,11,887,0.012401352874859,0,
1292026,BA.2_0.02_abundance_0.1,A9337G;C9344T;A9424T;C9534T,ORF1a:V3024V;ORF1a:L3027F;ORF1a:V3053V;ORF1a:T3090I,107,1123,0.095280498664292,0,
1292026,BA.2_0.02_abundance_0.1,A9337G;C9344T;A9424G,ORF1a:V3024V;ORF1a:L3027F;ORF1a:V3053V,40,1354,0.0295420974889217,232,BA.2.9:1;BA.2:133;BF.14:1;BA.2.10:4;XBB.1:2;BA.5.6:33;BA.2.12.1:3;BA.5.1:37;BA.2.23:6;BA.4.6:1;BA.5.2.9:5;BA.4.1:1;BE.1:2;BA.2.29:1;BA.5.2.1:1;BA.2.3:1
1292026,BA.2_0.02_abundance_0.1,A9337G;C9344T;A9424T,ORF1a:V3024V;ORF1a:L3027F;ORF1a:V3053V,22,1354,0.0162481536189069,0,
1292026,BA.2_0.02_abundance_0.1,A9337G;C9344T;A9424G;C9534T,ORF1a:V3024V;ORF1a:L3027F;ORF1a:V3053V;ORF1a:T3090I,163,1123,0.145146927871772,220,BA.2.9:1;BA.2:123;BF.14:1;BA.2.10:4;XBB.1:2;BA.5.6:32;BA.2.12.1:3;BA.5.1:37;BA.2.23:5;BA.4.6:1;BA.5.2.9:5;BA.4.1:1;BE.1:2;BA.2.29:1;BA.5.2.1:1;BA.2.3:1
1292026,BA.2_0.02_abundance_0.1,A9337G;C9344T;C9402G;A9424T;C9534T,ORF1a:V3024V;ORF1a:L3027F;ORF1a:S3046C;ORF1a:V3053V;ORF1a:T3090I,12,1123,0.0106856634016028,0,
1292026,BA.2_0.02_abundance_0.1,A9337G;C9344T;C9402G;A9424G;C9534T,ORF1a:V3024V;ORF1a:L3027F;ORF1a:S3046C;ORF1a:V3053V;ORF1a:T3090I,19,1123,0.0169189670525378,0,
1292026,BA.2_0.02_abundance_0.1,C9344T;C9402G;A9424T;C9534T,ORF1a:L3027F;ORF1a:S3046C;ORF1a:V3053V;ORF1a:T3090I,24,1124,0.0213523131672597,0,
1292026,BA.2_0.02_abundance_0.1,C9344T;C9402G;A9424G;C9534T,ORF1a:L3027F;ORF1a:S3046C;ORF1a:V3053V;ORF1a:T3090I,41,1124,0.0364768683274021,1,BA.2:1
1292026,BA.2_0.02_abundance_0.1,C9534T;C9592A,ORF1a:T3090I;ORF1a:Y3109*,151,2710,0.0557195571955719,0,
1292026,BA.2_0.02_abundance_0.1,C12880T;C13016T,ORF1a:I4205I;ORF1a:R4251C,45,1188,0.0378787878787878,2,BA.2.12.1:1;BA.2:1
1292026,BA.2_0.02_abundance_0.1,T13678G;T13902A,ORF1b:Y71D;ORF1b:D145E,6,202,0.0297029702970297,0,
1292026,BA.2_0.02_abundance_0.1,T14249G;T14299C;C14408T,ORF1b:L261W;ORF1b:F278L;ORF1b:P314L,11,259,0.0424710424710424,0,
1292026,BA.2_0.02_abundance_0.1,T14249G;C14408T,ORF1b:L261W;ORF1b:P314L,6,259,0.0231660231660231,8,B.1.1.7:1;BA.5.2:1;AY.104:1;B.1.617.2:5
1292026,BA.2_0.02_abundance_0.1,T14299C;C14408T,ORF1b:F278L;ORF1b:P314L,123,269,0.4572490706319702,1,BA.1:1
1292026,BA.2_0.02_abundance_0.1,C15407A;G15433T,ORF1b:A647D;ORF1b:E656*,275,1901,0.144660704892162,0,
1292026,BA.2_0.02_abundance_0.1,C15714T;T15728A,ORF1b:L749L;ORF1b:V754D,675,2564,0.2632605304212168,0,
1292026,BA.2_0.02_abundance_0.1,C15714T;T15817A,ORF1b:L749L;ORF1b:F784I,113,2549,0.0443311102393095,1,BA.2:1
1292026,BA.2_0.02_abundance_0.1,C15714T;T15728A;T15817A,ORF1b:L749L;ORF1b:V754D;ORF1b:F784I,41,2549,0.0160847391133777,0,
1292026,BA.2_0.02_abundance_0.1,A17092C;C17410T,ORF1b:T1209P;ORF1b:R1315C,7,204,0.034313725490196,0,
1292026,BA.2_0.02_abundance_0.1,T17200C;C17410T,ORF1b:L1245L;ORF1b:R1315C,285,2392,0.1191471571906354,108,BA.2.9:3;BQ.1.8:2;BA.2.12.1:50;BA.2:29;BA.4.6:3;BA.5.2:4;XBB.1:1;BA.5.2.33:1;BA.5.1.28:1;BA.5.2.1:5;BF.5:1;BQ.1.1:2;BA.5.2.19:1;BA.5.2.26:1;BA.5.1.23:1;BA.5.1:3
1292026,BA.2_0.02_abundance_0.1,A18130T;A18163G,ORF1b:T1555S;ORF1b:I1566V,160,1416,0.1129943502824858,1,BA.2.3.13:1
1292026,BA.2_0.02_abundance_0.1,A18130T;A18163G;T18177G,ORF1b:T1555S;ORF1b:I1566V;ORF1b:P1570P,19,1416,0.0134180790960451,0,
1292026,BA.2_0.02_abundance_0.1,A18163G;T18177G,ORF1b:I1566V;ORF1b:P1570P,109,1416,0.0769774011299435,1,BA.2.9.3:1
1292026,BA.2_0.02_abundance_0.1,A18378T;A18386G;G18469C,ORF1b:T1637T;ORF1b:N1640S;ORF1b:D1668H,19,1359,0.013980868285504,0,
1292026,BA.2_0.02_abundance_0.1,A18378T;A18386G,ORF1b:T1637T;ORF1b:N1640S,193,1359,0.1420161883738042,1,B.1.1.7:1
1292026,BA.2_0.02_abundance_0.1,A18386G;G18469C,ORF1b:N1640S;ORF1b:D1668H,39,1359,0.0286975717439293,0,
1292026,BA.2_0.02_abundance_0.1,T21272A;C21306T,ORF1b:F2602Y;ORF1b:R2613R,27,281,0.096085409252669,1,BA.5.2.6:1
1292026,BA.2_0.02_abundance_0.1,T21934C;G21987A,S:T124T;S:G142D,123,511,0.2407045009784735,221,AY.6:29;BF.8:3;AY.4.2.2:9;AY.43:10;AY.4:23;AY.3:2;BA.5.2.1:14;B.1.617.2:1;BE.1.4.1:1;BA.2:41;AY.44:4;BA.5.2.9:4;AY.33:1;AY.7.2:12;CH.1.1:1;BE.1.1:1;AY.103:5;BA.2.10:5;BA.2.9:5;AY.121.1:1;AY.122:5;BA.2.23:2;BA.2.36:1;BA.2.38:5;BQ.1.1.5:1;BF.10:3;AY.9:4;AY.126:2;AY.23:4;BA.5.2:5;AY.42:2;AY.117:2;BA.5.1:1;BA.2.12.1:1;AY.20:2;AY.46.5:1;BF.11:1;BA.1.1:2;BA.4:2;AY.125:1;BQ.1.1:2
1292026,BA.2_0.02_abundance_0.1,A22124G;T22200G,S:N188D;S:V213G,15,209,0.0717703349282296,56,BA.2.12.1:4;BA.2:9;BA.5.2.1:22;BF.1:4;BA.4.1:4;BA.5.2.22:1;BA.5.2:2;BA.5.2.20:1;BA.5.1:1;BQ.1.2:3;BA.2.75:2;BA.5.2.7:1;BA.2.3:1;BE.1.1:1
1292026,BA.2_0.02_abundance_0.1,G22992A;C22995A;A23013C;G23016C;A23040G,S:S477N;S:T478K;S:E484A;S:G485A;S:Q493R,23,295,0.0779661016949152,1,BA.1.1:1
1292026,BA.2_0.02_abundance_0.1,G22992A;C22995A;A23013C;A23040G;C23058G,S:S477N;S:T478K;S:E484A;S:Q493R;S:P499R,21,274,0.0766423357664233,7,BA.2.9:1;BA.1:2;BA.1.1.1:1;BA.2:3
1292026,BA.2_0.02_abundance_0.1,G22992A;C22995A;A23013C;A23040G;T23050G,S:S477N;S:T478K;S:E484A;S:Q493R;S:G496G,16,274,0.0583941605839416,5,BA.2.38:1;BA.2:2;BA.2.9:1;BA.2.10.1:1
1292026,BA.2_0.02_abundance_0.1,T23307A;A23403G,S:L582H;S:D614G,1292,2236,0.5778175313059034,44,AY.25.1:9;B.1.1.7:12;B.1.525:20;B.1:1;BA.5.2.34:1;B.1.617.2:1
1292026,BA.2_0.02_abundance_0.1,G23948T;A24090T,S:D796Y;S:D843V,101,194,0.520618556701031,4,BA.2.21:1;BF.5:2;BF.10:1
1292026,BA.2_0.02_abundance_0.1,G23948T;C23991A;A24090T,S:D796Y;S:S810*;S:D843V,17,194,0.0876288659793814,0,
1292026,BA.2_0.02_abundance_0.1,G23948T;C23991A,S:D796Y;S:S810*,15,199,0.0753768844221105,0,
1292026,BA.2_0.02_abundance_0.1,G24220A;A24424T,S:W886*;S:Q954H,125,407,0.3071253071253071,1,BA.1:1
1292026,BA.2_0.02_abundance_0.1,A24424T;A24677G,S:Q954H;S:R1039G,18,32,0.5625,1,BA.1.1:1
1292026,BA.2_0.02_abundance_0.1,A24424T;A24677G;T24688A,S:Q954H;S:R1039G;S:F1042L,5,32,0.15625,0,
1292026,BA.2_0.02_abundance_0.1,A24424T;T24688A,S:Q954H;S:F1042L,5,32,0.15625,0,
1292026,BA.2_0.02_abundance_0.1,A24677G;T24688A,S:R1039G;S:F1042L,13,130,0.1,0,
1292026,BA.2_0.02_abundance_0.1,C25700G;A25802T,ORF3a:A103G;ORF3a:N137I,9,37,0.2432432432432432,0,
1292026,BA.2_0.02_abundance_0.1,C26270T;A26287C,E:T9I;E:N15H,15,171,0.087719298245614,0,
1292026,BA.2_0.02_abundance_0.1,C26577G;C26625G;G26709A;C26858T,M:Q19E;M:L35V;M:A63T;M:F112F,1083,2528,0.4284018987341772,3,BA.2:2;BA.2.74:1
1292026,BA.2_0.02_abundance_0.1,C26577G;C26625G;G26709A,M:Q19E;M:L35V;M:A63T,176,2858,0.0615815255423373,7,BA.1:1;BA.2:2;BA.5.2.24:1;BA.1.1:1;BA.2.74:1;BA.5.2:1
1292026,BA.2_0.02_abundance_0.1,A27259C;G27361A;G27382C;A27383T;T27384C,ORF6:R20R;ORF6:E54K;ORF6:D61H;ORF6:D61V;ORF6:D61D,301,1576,0.190989847715736,16,BA.2.75:3;BA.2.3.1:4;BA.2.12.1:2;BA.2:4;BA.1.1:2;XBB.1:1
1292026,BA.2_0.02_abundance_0.1,A27259C;G27361A,ORF6:R20R;ORF6:E54K,22,1700,0.0129411764705882,23,BA.2.75:3;BA.2.3.1:4;BA.2.12.1:2;BA.1.1:7;BA.1.15:1;BA.2:5;XBB.1:1
1292026,BA.2_0.02_abundance_0.1,G28881A;G28882A;G28883C;C29002T,N:R203K;N:R203R;N:G204R;N:G243G,32,262,0.1221374045801526,451,BA.1.1.18:3;BA.2:76;BA.5.2.1:8;B.1.1.7:142;BA.5.6.2:1;BA.1.1:29;BF.7:2;BA.5.1:11;P.1.7:21;BA.2.12.1:15;BA.1:7;BA.5.1.23:1;BA.4.6:1;BQ.1.2:46;BA.1.15.2:1;BA.5.3:1;BA.1.17.2:2;BA.1.17:2;BA.2.3:22;BE.1.1:4;BA.5.1.3:6;BQ.1.1:2;BE.9:1;Q.3:1;BA.5.6:1;BA.2.36:2;B.1.1.37:1;BA.5.2:5;B.1.1.397:1;BF.10:6;BA.2.9:1;B.1.1.529:1;BA.1.15:9;BF.5:4;BA.2.75:1;BA.2.10.1:1;BA.1.1.1:1;BQ.1.1.19:1;BA.5.2.6:1;P.1:2;BA.4.1.1:1;B.1.1.329:2;B.1.1:1;BA.1.20:1;XAL:1;BA.1.18:1;C.37:1
1292026,BA.2_0.02_abundance_0.1,C29358G;A29510C,N:T362R;N:S413R,6,323,0.0185758513931888,40,BA.2.12.1:6;BF.28:14;BF.11:1;BA.5.1:3;BA.5.2.12:1;BA.2.3:1;BA.5.2:2;BE.4:1;BA.2:7;BF.8:1;BA.2.23:1;BA.5.1.16:1;BF.27:1
1292026,BA.2_0.02_abundance_0.1,T29448C;A29510C,N:V392A;N:S413R,107,323,0.3312693498452012,30,BQ.1.11:1;BA.2:11;BA.5.2.1:1;BA.2.10:1;BA.2.18:1;BA.5.2:4;BA.2.31:3;BA.4:1;BA.2.3:1;BA.2.1:1;BA.5.1.23:1;BA.2.40.1:1;XM:2;BA.5.5:1
1292026,BA.2_0.02_abundance_0.1,T29448C;A29510C;A29591C,N:V392A;N:S413R;ORF10:T12P,10,305,0.0327868852459016,0,
1292026,BA.2_0.02_abundance_0.1,A29510C;A29591C,N:S413R;ORF10:T12P,26,305,0.0852459016393442,0,
2052026,BA.2_0.02_abundance_0.1,T670G;T671C,ORF1a:S135R;ORF1a:Y136H,339,2587,0.1310398144568998,59,BA.2.9:5;BA.2:10;BA.5.5:3;BA.5.2.1:2;BQ.1.1:1;BA.5.2:2;BA.5.1:13;BA.4.1:3;BA.2.12.1:1;DJ.1:1;XBB.1.5:1;BF.5:1;BE.1.1.1:1;BF.10:2;BA.5.1.6:1;BE.1:1;BA.2.3.15:2;BL.3:1;BA.5:1;BA.2.75:3;BA.5.2.4:2;BA.4.6:1;BE.1.1:1
2052026,BA.2_0.02_abundance_0.1,T670G;T671C;A742T,ORF1a:S135R;ORF1a:Y136H;ORF1a:E159D,7,257,0.0272373540856031,0,
2052026,BA.2_0.02_abundance_0.1,T670G;A742T,ORF1a:S135R;ORF1a:E159D,33,257,0.1284046692607003,11,BA.2.2:1;BF.10:7;BA.2:1;BA.4.1:1;BA.2.10.1:1
2052026,BA.2_0.02_abundance_0.1,T1603C;G1738C,ORF1a:L446L;ORF1a:V491V,117,538,0.2174721189591078,0,
2052026,BA.2_0.02_abundance_0.1,T2643C;C2724A,ORF1a:I793T;ORF1a:P820Q,7,21,0.3333333333333333,0,
2052026,BA.2_0.02_abundance_0.1,A7089T;C7355A,ORF1a:N2275I;ORF1a:L2364I,9,114,0.0789473684210526,0,
2052026,BA.2_0.02_abundance_0.1,A7089T;T7204A,ORF1a:N2275I;ORF1a:S2313S,6,123,0.048780487804878,0,
2052026,BA.2_0.02_abundance_0.1,C9344T;G9416T;A9424G,ORF1a:L3027F;ORF1a:G3051C;ORF1a:V3053V,7,128,0.0546875,59,BA.5.2.1:1;BA.2:8;BA.5.2:33;BA.5.1:12;BA.2.7:1;BA.5:1;BA.5.2.27:2;BA.5.1.23:1
2052026,BA.2_0.02_abundance_0.1,C9344T;G9416T;A9424G;C9534T,ORF1a:L3027F;ORF1a:G3051C;ORF1a:V3053V;ORF1a:T3090I,42,109,0.3853211009174312,59,BA.5.2.1:1;BA.2:8;BA.5.2:33;BA.5.1:12;BA.2.7:1;BA.5:1;BA.5.2.27:2;BA.5.1.23:1
2052026,BA.2_0.02_abundance_0.1,A11519G;A11623T,ORF1a:M3752V;ORF1a:L3786F,8,773,0.0103492884864165,0,
2052026,BA.2_0.02_abundance_0.1,C12880T;A13015C,ORF1a:I4205I;ORF1a:V4250V,327,1309,0.2498090145148968,0,
2052026,BA.2_0.02_abundance_0.1,A15618G;C15714T,ORF1b:R717R;ORF1b:L749L,463,3372,0.1373072360616844,38,BA.2.37:1;BA.2.12.1:4;BA.5.3.1:6;BA.5.2.1:3;BA.2.9:1;BF.18:1;BA.5.2:12;XAZ:2;BA.2:3;BA.2.3.1:1;BA.2.76:1;BA.5.2.21:1;BA.5.1:1;BA.2.38:1
2052026,BA.2_0.02_abundance_0.1,G15994C;A16006C,ORF1b:G843R;ORF1b:I847L,400,1702,0.2350176263219741,0,
2052026,BA.2_0.02_abundance_0.1,G15994C;A16006C;C16101A,ORF1b:G843R;ORF1b:I847L;ORF1b:Y878*,18,1584,0.0113636363636363,0,
2052026,BA.2_0.02_abundance_0.1,G17248A;C17410T,ORF1b:A1261T;ORF1b:R1315C,2068,3715,0.5566621803499328,265,BA.5:13;BA.2:19;BA.5.1:88;BF.12:41;BF.22:8;BA.2.12.1:7;BA.5.2.1:33;BA.5.2:15;BF.5:9;BA.5.5:6;BA.2.3:1;BF.4:7;BF.7:8;BA.5.1.3:2;BF.2:1;BF.8:1;BA.5.3:1;BA.2.10:2;XBB.2:1;BA.2.9:1;BA.5.7:1
2052026,BA.2_0.02_abundance_0.1,G17248A;C17249G;C17410T,ORF1b:A1261T;ORF1b:A1261G;ORF1b:R1315C,51,3715,0.0137281292059219,0,
2052026,BA.2_0.02_abundance_0.1,C17410T;G17590T,ORF1b:R1315C;ORF1b:V1375L,9,83,0.108433734939759,65,BA.2:34;BA.5.2.1:2;BG.2:1;BA.2.3:10;BA.2.75:1;BA.4.1:3;BA.5.2.9:1;BQ.1.1:1;BF.7:1;BA.2.3.1:1;BA.5:1;BA.2.1:1;BA.2.12.1:1;BE.1:2;BA.5.2.35:1;BA.2.29:1;BA.5.9:1;BA.2.10:2
2052026,BA.2_0.02_abundance_0.1,G20932C;G20980A,ORF1b:G2489R;ORF1b:D2505N,21,1027,0.0204479065238558,0,
2052026,BA.2_0.02_abundance_0.1,T21790C;G21987A,S:T76T;S:G142D,480,1343,0.3574087862993299,195,AY.44:13;BA.2:11;AY.4:9;AY.103:12;BA.5.1:69;BA.5:3;BA.4.1:1;BA.2.12.1:3;AY.43:5;AY.100:10;AY.121:1;BA.5.1.21:1;AY.113:1;AY.122:2;B.1.617.2:5;AY.120:2;AY.4.5:1;BA.2.13:1;BA.2.56:2;AY.4.2:2;BA.5.2.1:1;BA.5.2:4;BF.7.5.1:1;AY.119.2:1;AY.29:1;BA.1.1:2;BA.2.38:4;AY.70:1;BA.5.2.6:1;BA.5.2.21:1;BA.2.76:1;BQ.1.1.18:17;BF.5:1;AY.30:2;BF.7.4.1:2;BF.27:1
2052026,BA.2_0.02_abundance_0.1,C22664T;C22674T;T22679C;C22686T;A22688G;A22786C,S:L368L;S:S371F;S:S373P;S:S375F;S:T376A;S:R408S,24,423,0.0567375886524822,196,BA.2:103;BF.14:1;BF.26:2;BA.5.1:9;BF.5:4;BA.5.2.1:5;BA.2.12.1:38;BA.2.65:1;BA.5.2.23:1;BA.4.6:1;BA.4:1;BA.2.75:4;BA.5.9:1;BA.5.2:6;BA.5.2.22:1;BA.5.1.6:2;BA.2.7:1;CK.2.1.1:3;BA.5.5:1;BA.5.1.19:1;BA.2.3:4;BA.2.9:2;BE.1.1:1;BA.4.1:1;BQ.1.11:2
2052026,BA.2_0.02_abundance_0.1,T23313C;A23403G,S:I584T;S:D614G,135,1891,0.0713907985193019,35,AY.25.1:1;B.1.1.7:19;BQ.1:1;AY.3:3;B.1.617.2:1;BA.5.2:1;AY.5.4:1;BQ.1.1.18:2;AY.26:1;BA.5.3.1:1;BA.2:1;AY.33:1;BF.7:1;B.1:1
2052026,BA.2_0.02_abundance_0.1,T23599G;C23604A;G23616T;A23631G,S:N679K;S:P681H;S:R685L;S:Q690R,14,295,0.047457627118644,0,
2052026,BA.2_0.02_abundance_0.1,T23599G;C23604A;A23631G,S:N679K;S:P681H;S:Q690R,96,295,0.3254237288135593,62,BA.2.9:2;BA.1.1:9;BA.2:8;BF.5:2;BA.1.17:1;BA.5:1;BC.1:3;BA.4.6:4;BA.2.75:7;BA.1:5;XBB.1:12;BA.1.15:1;BA.5.2.1:3;BA.5.6:1;BQ.1.1.3:1;BA.2.10:1;BA.5.1:1
2052026,BA.2_0.02_abundance_0.1,T23599G;C23604A;T23684G,S:N679K;S:P681H;S:S708A,8,295,0.0271186440677966,15,BQ.1.1:1;BA.2.62:4;BA.1.1:2;BA.5.1:1;BF.5:1;BA.2:1;BA.2.3:1;BF.10:1;BF.7.11:2;BA.5:1
2052026,BA.2_0.02_abundance_0.1,C23854A;G23948T;T23950C,S:N764K;S:D796Y;S:D796D,96,679,0.1413843888070692,327,BA.2.40.1:46;BA.1.1:64;BA.5.2.1:68;BQ.1.1.7:11;BF.11:1;BA.2.75:1;BA.5.6:1;BA.5.2.12:1;BA.2:39;BA.2.10:1;BA.1.1.1:1;BA.2.9:6;BA.2.3.1:1;BA.1.15.1:7;BA.2.15:1;BA.1.17.2:14;BA.2.12.1:2;BN.1.2:1;BA.5.2:24;BA.1.17:1;BE.1:5;BA.2.56:2;BF.27:1;BA.1.1.2:1;BQ.1:1;CM.2:1;BA.5:2;BE.1.1:1;BA.5.1:7;BA.4:3;BA.5.2.6:1;BQ.1.12:2;BA.1:7;BA.1.15:1;BQ.1.23:1
2052026,BA.2_0.02_abundance_0.1,C23854A;G23948T;T24012A,S:N764K;S:D796Y;S:F817Y,18,679,0.0265095729013254,17,BA.4.1:17
2052026,BA.2_0.02_abundance_0.1,G24257T;T24267G;A24424T,S:A899S;S:M902R;S:Q954H,10,486,0.0205761316872428,0,
2052026,BA.2_0.02_abundance_0.1,T24267G;A24424T,S:M902R;S:Q954H,26,486,0.0534979423868312,0,
2052026,BA.2_0.02_abundance_0.1,A24424T;A24518C,S:Q954H;S:K986Q,8,157,0.0509554140127388,10,XBD:8;BA.5.1:1;BA.2:1
2052026,BA.2_0.02_abundance_0.1,A24424T;T24637A,S:Q954H;S:A1025A,11,148,0.0743243243243243,344,BF.7:46;BA.2:89;BA.2.9:1;BF.7.5:105;BA.2.10:47;BA.1.1:10;BA.2.12.1:7;BA.1.20:1;BF.7.6:9;BA.5.2:12;BA.1.1.1:1;BF.5:2;BA.1:1;BA.1.17.2:1;BA.2.37:1;BA.5.2.20:1;BA.1.17:1;BA.2.44:1;BA.5.2.9:2;BA.5.2.1:2;BE.1.1:2;BA.2.13:1;BA.4.2:1
2052026,BA.2_0.02_abundance_0.1,C25584T;A25602G,ORF3a:T64T;ORF3a:Q70Q,459,1770,0.2593220338983051,278,BA.1.1:15;BA.2:86;BA.5.9:93;BA.5.1.24:1;BA.5.2.1:5;BA.5:1;BT.2:4;BA.5.2.12:6;BA.1.17:4;BA.5.6:1;BA.2.9.5:1;BA.1.1.2:1;BA.4.6:4;BA.1.17.2:6;BA.5.2.9:6;BF.8:2;BA.1.18:1;BF.14:1;BA.4:1;BA.5.1:8;BA.1.1.1:3;BA.1:7;BA.4.1:3;CM.2:1;BF.5:1;BA.5.2:2;BA.2.3:1;BA.5.1.10:1;BA.1.15:5;BA.1.1.13:3;BE.1.4:1;BF.1:1;BQ.1.1.22:1;BA.2.9:1
2052026,BA.2_0.02_abundance_0.1,C26270T;C26370G,E:T9I;E:Y42*,17,42,0.4047619047619047,2,BA.1.14.1:2
2052026,BA.2_0.02_abundance_0.1,T26632A;G26709A;C26858T,M:F37Y;M:A63T;M:F112F,230,2142,0.107376283846872,7,BA.2.38:1;BA.2.75:1;BM.1.1.1:1;BA.2:3;BA.2.74:1
2052026,BA.2_0.02_abundance_0.1,T26632A;G26709A,M:F37Y;M:A63T,37,2435,0.0151950718685831,11,BA.2.74:1;BA.5.2.9:1;BA.1.1:2;BA.2:3;BM.1.1.1:1;BA.2.38:1;BA.2.75:1;BA.5.1.1:1
2052026,BA.2_0.02_abundance_0.1,C27303T;G27382C;A27383T;T27384C,ORF6:N34N;ORF6:D61H;ORF6:D61V;ORF6:D61D,167,596,0.2802013422818792,324,BA.4:79;BA.2:103;BA.2.9:17;BA.1.1.15:1;BA.2.9.5:5;BA.2.3:6;BA.2.29:4;BA.2.75.1:1;BA.2.57:1;BA.2.12.1:46;BA.2.3.13:1;BA.4.6:14;BA.2.18:7;BA.2.37:16;BA.2.5:1;BA.4.1:1;BA.2.1:7;BA.2.24:1;BA.2.72:1;BA.2.76:3;BA.2.23:1;BA.5:1;BA.2.7:2;BA.2.38:1;BA.2.8:1;BA.2.75:2;BA.4.5:1
2052026,BA.2_0.02_abundance_0.1,G27593C;T27653A;T27694G;C27807T,ORF7a:C67S;ORF7a:F87Y;ORF7a:F101V;ORF7b:L18L,7,280,0.025,0,
2122026,BA.2_0.02_abundance_0.1,T380G;A391T;T484C;G495C;G545C;A652C;G663A;T670G,ORF1a:L39V;ORF1a:A42A;ORF1a:R73R;ORF1a:R77P;ORF1a:G94R;ORF1a:K129N;ORF1a:G133D;ORF1a:S135R,47,2847,0.0165086055497014,0,
2122026,BA.2_0.02_abundance_0.1,A391T;T670G,ORF1a:A42A;ORF1a:S135R,1697,2847,0.5960660344221989,26,BA.5.2:4;BQ.1.1:7;BE.1.1:2;BA.2.75:1;BA.5.6:1;BA.2:4;BQ.1:1;BA.2.82:2;BQ.1.1.17:1;BQ.1.1.18:2;BF.5:1
2122026,BA.2_0.02_abundance_0.1,A391T;C539T;T670G,ORF1a:A42A;ORF1a:L92F;ORF1a:S135R,119,2847,0.0417983842641376,0,
2122026,BA.2_0.02_abundance_0.1,A391T;A439T;T670G,ORF1a:A42A;ORF1a:K58N;ORF1a:S135R,103,2847,0.0361784334387074,0,
2122026,BA.2_0.02_abundance_0.1,A439T;T670G,ORF1a:K58N;ORF1a:S135R,35,2847,0.0122936424306287,8,BA.2:6;BA.2.12.1:1;BA.2.41:1
2122026,BA.2_0.02_abundance_0.1,C539T;T670G,ORF1a:L92F;ORF1a:S135R,56,2851,0.0196422307962118,1899,BA.2.1:48;BA.5.2.1:85;BQ.1:19;BA.5:20;BA.2.12.1:270;BA.2.75:15;BA.2:458;BA.2.52:1;BA.5.2.31:1;BA.5.2.20:13;BA.5.2:115;BA.2.76:1;BA.5.1.3:2;BA.2.9:98;BA.4:36;BF.7:31;BE.1.1:12;BF.1:1;BA.5.5:9;BA.5.1:174;BA.4.1:18;BE.3:5;BA.5.2.6:9;XBB.2:2;BA.2.10:15;BA.4.6:9;BQ.1.14:2;BA.2.65:3;BF.5:21;BA.5.6:16;BE.5:1;BA.5.2.9:8;BA.2.48:12;BA.2.38:2;XBB:2;BA.2.3.1:50;XBB.1:3;BF.27:7;BA.2.10.1:6;BA.2.18:2;BA.5.1.1:3;BA.5.1.23:7;BA.5.3.1:1;BF.7.12:1;BA.2.29:2;BA.2.5:1;DJ.1:1;BA.5.1.22:5;BA.5.9:4;BF.8:4;BA.5.1.15:2;BF.10:3;BA.2.31:2;BE.1:10;BE.4:4;BF.4:5;BF.7.5:1;BA.2.3:16;BA.5.3.4:3;BA.5.3.3:30;BQ.1.1.22:2;BA.5.1.2:2;BA.5.2.28:1;BQ.1.1:20;BQ.1.1.17:1;BQ.1.12:2;BA.5.2.7:1;BA.2.36:22;BA.5.1.10:1;BA.4.4:3;BQ.1.13:83;BA.5.2.44:1;BA.5.2.33:1;BQ.1.9:3;BA.2.37:1;BA.5.1.17:1;BQ.1.1.19:1;BA.2.9.3:7;BA.2.66:1;BA.2.56:3;BA.5.2.21:1;BF.21:1;BA.5.3:1;BA.5.1.24:3;XBB.1.5:1;BA.2.22:1;DA.1:1;BQ.1.26:2;BF.11.3:1;BA.4.1.1:1;BA.5.2.4:1;BQ.1.1.18:1;BE.1.2:1;BF.26:1;BQ.1.11:2;BA.4.6.5:1;BF.7.4:1;BQ.1.10.1:1;BA.5.2.13:1;BA.2.55:1;CK.1:1;BA.5.1.27:1;BQ.1.8:1;XBB.1.4.1:1;BG.5:1;BA.5.2.3:1;BA.5.1.6:1;BA.2.3.2:1;BA.5.10:1;BA.5.1.16:1;BA.5.2.25:1
2122026,BA.2_0.02_abundance_0.1,T670G;A939T,ORF1a:S135R;ORF1a:K225M,12,415,0.0289156626506024,45,BA.2:15;BA.5.6:17;BA.5.1.12:1;BF.28:1;BA.2.75:1;BA.5.2.20:4;BF.7:1;BQ.1.11:1;BA.2.55:2;BA.4.1.8:2
2122026,BA.2_0.02_abundance_0.1,T670G;G702T,ORF1a:S135R;ORF1a:G146V,8,505,0.0158415841584158,18,BA.2.9.3:9;BF.28:1;BA.2.9:1;XBB.1:1;BA.2:3;BE.1.1:3
2122026,BA.2_0.02_abundance_0.1,A1866C;A1900T,ORF1a:Y534S;ORF1a:R545R,47,3137,0.0149824673254701,0,
2122026,BA.2_0.02_abundance_0.1,A2275G;T2481C;T2489C,ORF1a:E670E;ORF1a:I739T;ORF1a:L742L,20,720,0.0277777777777777,0,
2122026,BA.2_0.02_abundance_0.1,A2907G;C3037T,ORF1a:K881R;ORF1a:F924F,42,156,0.2692307692307692,601,BA.2:25;BA.2.9.2:5;BA.1.1:8;BA.2.10:1;AY.3:10;AY.67:1;B.1.427:1;BA.2.12.1:2;B.1.621:4;AY.125:1;BA.1.15:3;P.1:3;BF.5:1;AY.25:7;BA.5.2.16:3;AY.98.1:423;AY.44:8;BA.1.1.18:3;BF.10:1;BA.5.2:2;BA.2.38.1:2;AY.122:6;BA.5.1:6;AY.4:2;BA.4.6:1;BA.2.10.1:5;B.1.617.2:7;B.1.1.7:22;BA.5.2.1:1;P.1.14:2;BA.5.6:1;AY.103:2;AY.35:5;AY.39:2;AY.54:1;BA.2.3.2:1;B.1.617.1:1;BA.1.15.1:1;B.1.526:1;B.1.1.277:1;BA.1.1.2:1;BA.1:4;B.1.177.86:1;CP.6:2;AY.26:1;AY.47:1;AY.85:1;BE.1:1;BF.24:1;BA.2.9:2;BF.8:2;BA.1.1.14:1;B.1.416:1
2122026,BA.2_0.02_abundance_0.1,A2907G;T3017G;C3037T,ORF1a:K881R;ORF1a:S918A;ORF1a:F924F,6,156,0.0384615384615384,0,
2122026,BA.2_0.02_abundance_0.1,C2980A;C3037T,ORF1a:Y905*;ORF1a:F924F,5,156,0.032051282051282,2,BF.28:1;B.1.497:1
2122026,BA.2_0.02_abundance_0.1,T3017G;C3037T,ORF1a:S918A;ORF1a:F924F,14,156,0.0897435897435897,177,BA.2:20;AY.4:9;BA.5.2.1:15;BF.25:40;BA.1.1:8;B.1.617.1:6;BA.2.12.1:1;B.1.621:1;BA.2.9:1;AY.33:7;BA.2.75:3;B.1.2:3;AY.44:3;BA.1.17:1;BA.2.3:1;AY.99.2:46;BA.4.2:1;AY.4.4:1;AY.75:3;B.1.1.33:1;AY.126:1;AY.118:1;AY.23:1;BA.5.1:1;B.1:1;AY.3:1
2122026,BA.2_0.02_abundance_0.1,G3824T;A3852T;T3882G,ORF1a:V1187F;ORF1a:E1196V;ORF1a:I1206S,5,149,0.0335570469798657,0,
2122026,BA.2_0.02_abundance_0.1,G3824T;A3852T,ORF1a:V1187F;ORF1a:E1196V,7,149,0.046979865771812,0,
2122026,BA.2_0.02_abundance_0.1,A3852T;T3981A,ORF1a:E1196V;ORF1a:V1239D,7,149,0.046979865771812,0,
2122026,BA.2_0.02_abundance_0.1,A3852T;T3882G,ORF1a:E1196V;ORF1a:I1206S,27,149,0.1812080536912751,0,
2122026,BA.2_0.02_abundance_0.1,A3852T;T3882G;T3981A,ORF1a:E1196V;ORF1a:I1206S;ORF1a:V1239D,8,149,0.0536912751677852,0,
2122026,BA.2_0.02_abundance_0.1,T3882G;T3981A,ORF1a:I1206S;ORF1a:V1239D,9,149,0.0604026845637583,0,
2122026,BA.2_0.02_abundance_0.1,G4694C;C4746T;G4802T,ORF1a:V1477L;ORF1a:S1494F;ORF1a:D1513Y,31,1511,0.0205162144275314,0,
2122026,BA.2_0.02_abundance_0.1,A5948G;A5970T;T5981G;T6038G;A6045G;T6053G;A6206G,ORF1a:K1895E;ORF1a:K1902I;ORF1a:Y1906D;ORF1a:F1925V;ORF1a:N1927S;ORF1a:F1930V;ORF1a:K1981E,10,382,0.0261780104712041,0,
2122026,BA.2_0.02_abundance_0.1,A6206G;T6287C;C6318A;G6364T;C6395G;T6407A,ORF1a:K1981E;ORF1a:W2008R;ORF1a:P2018Q;ORF1a:A2033A;ORF1a:L2044V;ORF1a:S2048T,9,335,0.026865671641791,0,
2122026,BA.2_0.02_abundance_0.1,T6287C;C6318A;G6364T;C6395G;T6407A,ORF1a:W2008R;ORF1a:P2018Q;ORF1a:A2033A;ORF1a:L2044V;ORF1a:S2048T,7,575,0.0121739130434782,0,
2122026,BA.2_0.02_abundance_0.1,A6613C;C6636G,ORF1a:V2116V;ORF1a:T2124S,26,1312,0.0198170731707317,0,
2122026,BA.2_0.02_abundance_0.1,C6997G;G7019T,ORF1a:I2244M;ORF1a:V2252F,5,60,0.0833333333333333,0,
2122026,BA.2_0.02_abundance_0.1,A7193C;T7202G;C7254G;C7279G,ORF1a:T2310P;ORF1a:S2313A;ORF1a:A2330G;ORF1a:F2338L,12,550,0.0218181818181818,0,
2122026,BA.2_0.02_abundance_0.1,A7451G;A7478C,ORF1a:S2396G;ORF1a:N2405H,135,3234,0.0417439703153988,0,
2122026,BA.2_0.02_abundance_0.1,T8707G;C8892T,ORF1a:G2814G;ORF1a:T2876I,81,321,0.2523364485981308,0,
2122026,BA.2_0.02_abundance_0.1,A9243C;G9269T;G9321C;C9344T;C9402G;G9414A;A9424G;C9534T,ORF1a:E2993A;ORF1a:G3002C;ORF1a:C3019S;ORF1a:L3027F;ORF1a:S3046C;ORF1a:G3050D;ORF1a:V3053V;ORF1a:T3090I,6,206,0.029126213592233,0,
2122026,BA.2_0.02_abundance_0.1,G9269T;G9321C;C9344T;C9402G;G9414A;A9424G;C9534T,ORF1a:G3002C;ORF1a:C3019S;ORF1a:L3027F;ORF1a:S3046C;ORF1a:G3050D;ORF1a:V3053V;ORF1a:T3090I,5,348,0.014367816091954,0,
2122026,BA.2_0.02_abundance_0.1,C9534T;A9752G,ORF1a:T3090I;ORF1a:R3163G,44,1613,0.0272783632982021,41,BA.2:11;BA.5.2:3;BA.2.75:11;BA.2.9:14;BA.5.2.1:1;BA.2.51:1
2122026,BA.2_0.02_abundance_0.1,C9534T;A9824G,ORF1a:T3090I;ORF1a:K3187E,33,240,0.1375,4,BA.2:3;BA.5.2:1
2122026,BA.2_0.02_abundance_0.1,C9534T;C9592G,ORF1a:T3090I;ORF1a:Y3109*,44,1723,0.0255368543238537,0,
2122026,BA.2_0.02_abundance_0.1,C9534T;C9592G;T9823A,ORF1a:T3090I;ORF1a:Y3109*;ORF1a:N3186K,5,302,0.0165562913907284,0,
2122026,BA.2_0.02_abundance_0.1,C10029T;A9824G;C9866T,ORF1a:T3255I;ORF1a:K3187E;ORF1a:L3201F,10,93,0.1075268817204301,4,BA.2:4
2122026,BA.2_0.02_abundance_0.1,C10432T;G10447A,ORF1a:Y3389Y;ORF1a:R3394R,48,390,0.123076923076923,825,BA.2.3.13:29;BA.2.10:4;BA.4.1.6:3;BA.2.12.1:53;BF.26:1;BQ.1:3;BF.5:24;BA.2:263;BN.1.5:1;BA.5.3.1:1;BA.5.2.20:2;BA.5.2:68;BQ.1.1.21:7;BA.5.10:1;BF.28:3;BA.2.9:36;CH.1.1:2;BA.5.1:25;BA.4.1:80;BA.2.12:1;BA.5.1.23:3;BA.2.65:1;BA.5.2.1:15;BA.2.3:54;BE.7:1;BQ.1.16:6;BA.5.2.9:2;BT.2:2;BA.5.5:8;BA.5.9:9;BA.5.2.35:17;BA.2.75:7;BA.5.2.36:1;BA.5.2.27:4;BA.4:16;BA.2.68:1;BE.1.1:5;BA.5:6;BA.5.1.22:4;BE.4:1;BA.2.1:4;BA.4.7:1;BQ.1.11:9;BA.2.24:3;BA.2.10.1:1;BA.4.6:9;BQ.1.1.7:3;BA.2.38:1;BQ.1.1:5;BF.3:1;BA.5.2.24:1;BA.2.23:1;BA.5.1.24:1;BA.2.7:1;BE.2:1;BQ.1.1.22:1;BF.7:1;BA.5.1.25:1;BA.2.22:1;BA.2.76:1;CQ.1:2;BA.5.6:1;BA.5.2.21:3;BE.1:2
2122026,BA.2_0.02_abundance_0.1,G10444C;G10447A;T10534C;C10544T;G10574A;G10575C;T10598A,ORF1a:M3393I;ORF1a:R3394R;ORF1a:C3423C;ORF1a:H3427Y;ORF1a:G3437S;ORF1a:G3437A;ORF1a:Y3445N,8,390,0.0205128205128205,0,
2122026,BA.2_0.02_abundance_0.1,T11038C;G11055A;T11110G;G11114A;T11129C;C11345A,ORF1a:L3591L;ORF1a:S3597N;ORF1a:A3615A;ORF1a:G3617S;ORF1a:S3622P;ORF1a:L3694I,15,676,0.022189349112426,0,
2122026,BA.2_0.02_abundance_0.1,C11345A;A11519G,ORF1a:L3694I;ORF1a:M3752V,13,509,0.0255402750491159,0,
2122026,BA.2_0.02_abundance_0.1,G11926C;C12043G;A12063G;A12065T;G12104T;G12185C;T12214G,ORF1a:L3887F;ORF1a:D3926E;ORF1a:E3933G;ORF1a:M3934L;ORF1a:E3947*;ORF1a:E3974Q;ORF1a:S3983S,25,1673,0.0149432157800358,0,
2122026,BA.2_0.02_abundance_0.1,G11926C;C12043G;A12063G;A12065T;G12104T;G12185C;T12214G;A12219C,ORF1a:L3887F;ORF1a:D3926E;ORF1a:E3933G;ORF1a:M3934L;ORF1a:E3947*;ORF1a:E3974Q;ORF1a:S3983S;ORF1a:N3985T,12,694,0.0172910662824207,0,
2122026,BA.2_0.02_abundance_0.1,G12185C;T12214G;A12219C;G12278C;A12324G;G12382T;G12386A;A12422G;G12428A,ORF1a:E3974Q;ORF1a:S3983S;ORF1a:N3985T;ORF1a:A4005P;ORF1a:D4020G;ORF1a:K4039N;ORF1a:D4041N;ORF1a:R4053G;ORF1a:G4055S,61,2488,0.0245176848874598,0,
2122026,BA.2_0.02_abundance_0.1,T12474A;G12721T,ORF1a:L4070Q;ORF1a:M4152I,106,1413,0.0750176928520877,0,
2122026,BA.2_0.02_abundance_0.1,G12833T;C12880T,ORF1a:D4190Y;ORF1a:I4205I,30,1101,0.0272479564032697,2,BA.5.2.1:2
2122026,BA.2_0.02_abundance_0.1,C13072A;C13130G;T13250G;G13287A;T13310C,ORF1a:F4269L;ORF1a:Q4289E;ORF1a:Y4329D;ORF1a:G4341E;ORF1a:Y4349H,41,2155,0.0190255220417633,0,
2122026,BA.2_0.02_abundance_0.1,A13121T;A13163C,ORF1a:S4286C;ORF1a:T4300P,359,2322,0.1546080964685615,0,
2122026,BA.2_0.02_abundance_0.1,A14282C;C14408T,ORF1b:K272T;ORF1b:P314L,194,1406,0.1379800853485064,6,BA.1.1:1;AY.103:1;BA.1:2;BA.1.1.2:1;AY.122:1
2122026,BA.2_0.02_abundance_0.1,A15205G;T15289C,ORF1b:I580V;ORF1b:W608R,138,1047,0.1318051575931232,0,
2122026,BA.2_0.02_abundance_0.1,T15244A;G15268T;T15281G;A15283T;C15319G;G15446A,ORF1b:L593I;ORF1b:E601*;ORF1b:L605R;ORF1b:M606L;ORF1b:P618A;ORF1b:C660Y,73,3859,0.0189168178284529,0,
2122026,BA.2_0.02_abundance_0.1,A15554C;G15658T;C15680A;T15682C;C15714T;G15724T;T15784G;A15831G,ORF1b:N696T;ORF1b:D731Y;ORF1b:A738E;ORF1b:Y739H;ORF1b:L749L;ORF1b:A753S;ORF1b:F773V;ORF1b:A788A,80,3711,0.0215575316626246,0,
2122026,BA.2_0.02_abundance_0.1,T15915A;A15948C;T15978C;A16108T;T16124G,ORF1b:D816E;ORF1b:R827S;ORF1b:D837D;ORF1b:K881*;ORF1b:L886*,56,2545,0.0220039292730844,0,
2122026,BA.2_0.02_abundance_0.1,C16215G;G16259C;A16296C;G16336T,ORF1b:Y916*;ORF1b:C931S;ORF1b:I943I;ORF1b:V957F,13,672,0.019345238095238,0,
2122026,BA.2_0.02_abundance_0.1,T16820G;T16834A;T16854A;A16981T,ORF1b:I1118R;ORF1b:F1123I;ORF1b:G1129G;ORF1b:I1172F,48,2109,0.0227596017069701,0,
2122026,BA.2_0.02_abundance_0.1,T16972A;A17071G,ORF1b:Y1169N;ORF1b:T1202A,110,1956,0.0562372188139059,0,
2122026,BA.2_0.02_abundance_0.1,C17125A;A17187G;A17289T;C17372T;C17410T,ORF1b:L1220I;ORF1b:L1240L;ORF1b:T1274T;ORF1b:A1302V;ORF1b:R1315C,86,4014,0.0214250124564025,0,
2122026,BA.2_0.02_abundance_0.1,C17430G;G17596C;C17597A;A17629G,ORF1b:Y1321*;ORF1b:A1377P;ORF1b:A1377D;ORF1b:K1388E,9,470,0.0191489361702127,0,
2122026,BA.2_0.02_abundance_0.1,A18052C;A18163G,ORF1b:T1529P;ORF1b:I1566V,76,884,0.085972850678733,0,
2122026,BA.2_0.02_abundance_0.1,A18052C;A18163G;A18195G,ORF1b:T1529P;ORF1b:I1566V;ORF1b:R1576R,15,884,0.0169683257918552,0,
2122026,BA.2_0.02_abundance_0.1,T18059C;A18163G,ORF1b:L1531P;ORF1b:I1566V,44,884,0.0497737556561085,0,
2122026,BA.2_0.02_abundance_0.1,A18116T;A18163G;T18164C,ORF1b:H1550L;ORF1b:I1566V;ORF1b:I1566T,15,884,0.0169683257918552,0,
2122026,BA.2_0.02_abundance_0.1,A18163G;A18195G,ORF1b:I1566V;ORF1b:R1576R,137,884,0.1549773755656108,114,BA.2:13;BA.1.17:3;BQ.1.11:1;BA.5.2:5;BA.1.1:10;BQ.1.1:56;BA.5.1.22:2;BA.2.10:1;BA.1.15.1:2;BF.10:1;BA.2.31:1;BA.2.9:1;BA.1.20:1;BA.1.14.1:1;BA.5.1:5;BA.1.1.15:3;BA.1.1.16:1;BA.1:1;BA.2.75:1;BA.2.3:1;BA.5.2.21:3;BA.1.17.2:1
2122026,BA.2_0.02_abundance_0.1,A18163G;T18164C,ORF1b:I1566V;ORF1b:I1566T,11,884,0.0124434389140271,44,BA.2:5;BQ.1.8:1;BA.2.9:1;BA.1.1:15;BA.2.3:5;BA.2.1:9;BF.7:1;BA.1.15.1:1;BA.1.21.1:1;BA.1.20:1;BA.5.1.22:1;BA.5.2.1:1;BA.1.15:1;BA.1.17:1
2122026,BA.2_0.02_abundance_0.1,A18416G;T18608C,ORF1b:D1650G;ORF1b:F1714S,6,209,0.0287081339712918,0,
2122026,BA.2_0.02_abundance_0.1,A18639T;C18681T,ORF1b:K1724N;ORF1b:A1738A,19,1480,0.0128378378378378,0,
2122026,BA.2_0.02_abundance_0.1,T20526G;T20573A;A20593C;G20672T,ORF1b:F2353L;ORF1b:V2369D;ORF1b:T2376P;ORF1b:W2402L,9,830,0.0108433734939759,0,
2122026,BA.2_0.02_abundance_0.1,T20526G;T20573A;A20593C;G20672T;T20722A,ORF1b:F2353L;ORF1b:V2369D;ORF1b:T2376P;ORF1b:W2402L;ORF1b:L2419I,8,774,0.0103359173126615,0,
2122026,BA.2_0.02_abundance_0.1,T20911A;C21013T;A21027T;G21044A;C21092G,ORF1b:L2482I;ORF1b:H2516Y;ORF1b:K2520N;ORF1b:S2526N;ORF1b:S2542C,34,1258,0.027027027027027,0,
2122026,BA.2_0.02_abundance_0.1,C21696A;G21987A,S:S45Y;S:G142D,295,1137,0.2594547053649956,31,BA.5.2:7;AY.44:20;B.1.617.2:1;AY.58:1;BA.4.6:1;AY.121.1:1
2122026,BA.2_0.02_abundance_0.1,T21752A;A21845C;G21987A,S:W64R;S:T95P;S:G142D,35,2266,0.0154457193292144,0,
2122026,BA.2_0.02_abundance_0.1,A21825G;G21987A,S:D88G;S:G142D,61,2267,0.0269078076753418,305,BA.2:3;AY.4:61;BA.5.1.23:1;BA.5.2.1:36;AY.51:1;BA.2.12.1:5;BA.5.1.2:5;AY.100:4;AY.67:1;AY.34:42;BF.26:3;AY.47:1;AY.25.1:8;BA.5.1:35;BA.2.3:1;AY.103:16;AY.44:5;AY.122:12;BA.5.2:7;AY.29:5;AY.43:3;BA.5:3;BA.5.2.20:1;AY.25:1;B.1.617.2:4;BF.7:1;AY.23:1;BF.3:2;AY.4.2.2:1;BQ.1.1:3;BA.5.2.35:1;AY.28:1;AY.36:1;AY.110:1;BF.10:2;AY.3.1:1;AY.26:1;BF.11.4:1;AY.4.2:1;AY.3:1;BF.27:1;BA.2.13:4;BE.5:1;AY.75:1;AY.4.7:1;AY.68:1;BQ.1.10:1;BF.21:1;AY.99.2:4;BQ.1.1.13:1;AY.122.5:1;BA.5.6:1;AY.126:1;BF.6:1;BA.1:1;AY.125:1
2122026,BA.2_0.02_abundance_0.1,C23854A;G23948T;T23990C,S:N764K;S:D796Y;S:S810P,161,290,0.5551724137931034,1,BA.2:1
2122026,BA.2_0.02_abundance_0.1,C23854A;T23943C;G23948T;T23959G;T23967A;A24002T,S:N764K;S:I794T;S:D796Y;S:G799G;S:F802Y;S:K814*,6,290,0.0206896551724137,0,
2122026,BA.2_0.02_abundance_0.1,C24176A;G24390T;A24424T,S:Q872K;S:S943I;S:Q954H,8,189,0.0423280423280423,0,
2122026,BA.2_0.02_abundance_0.1,C24176A;A24424T,S:Q872K;S:Q954H,62,189,0.328042328042328,4,BA.2:1;BA.5.2.31:1;XJ:1;BA.2.18:1
2122026,BA.2_0.02_abundance_0.1,C24176A;G24390T,S:Q872K;S:S943I,5,278,0.0179856115107913,0,
2122026,BA.2_0.02_abundance_0.1,G24390T;A24424T,S:S943I;S:Q954H,13,189,0.0687830687830687,93,BA.5.2.1:20;BA.1.1:9;BA.5.1:3;BA.2.12.1:4;BA.2.9:7;BA.5.1.23:3;BA.1.17.2:4;BA.2.29:1;BA.5.1.3:2;BE.1:2;BF.4:1;BF.7:1;BA.5.2.9:2;BA.1.1.2:1;BA.2:8;BA.1.14.1:1;BE.6:1;BF.1:1;BQ.1.1.10:1;BK.1:1;BE.1.1:2;BA.2.9.5:1;BA.1:8;BC.1:2;BF.21:1;BA.1.15:1;BA.5.2:2;BF.22:1;BA.2.3.1:1;BF.5:1
2122026,BA.2_0.02_abundance_0.1,A24424T;T24469A;T24716A,S:Q954H;S:N969K;S:F1052I,8,55,0.1454545454545454,2,BA.1.18:1;BA.2:1
2122026,BA.2_0.02_abundance_0.1,A24424T;T24469A;T24489A,S:Q954H;S:N969K;S:V976D,10,60,0.1666666666666666,0,
2122026,BA.2_0.02_abundance_0.1,T24469A;T24716A,S:N969K;S:F1052I,28,229,0.1222707423580786,2,BA.1.18:1;BA.2:1
2122026,BA.2_0.02_abundance_0.1,T24469A;T24489A,S:N969K;S:V976D,25,245,0.1020408163265306,0,
2122026,BA.2_0.02_abundance_0.1,T25496A;C25584T,ORF3a:I35K;ORF3a:T64T,66,2227,0.0296362819937135,160,BA.4:19;BQ.1:27;BA.1.17:3;BA.2:3;BQ.1.23:7;XBB.1:3;BA.2.9:5;BA.2.36:72;BF.5:1;BQ.1.16:1;BQ.1.1.3:1;BA.5.1:5;BA.2.75:3;BA.2.31:1;BE.1:2;BQ.1.1.25:1;BQ.1.1.28:2;BA.1.1:1;BA.5.1.25:2;BA.1.14.1:1
2122026,BA.2_0.02_abundance_0.1,T25496A;G25538C;C25584T,ORF3a:I35K;ORF3a:G49A;ORF3a:T64T,88,2227,0.0395150426582846,0,
2122026,BA.2_0.02_abundance_0.1,T25496A;G25538C;G25563T;C25584T,ORF3a:I35K;ORF3a:G49A;ORF3a:Q57H;ORF3a:T64T,24,2227,0.0107768298158958,0,
2122026,BA.2_0.02_abundance_0.1,T25496A;A25582T;C25584T,ORF3a:I35K;ORF3a:T64S;ORF3a:T64T,34,2227,0.015267175572519,0,
2122026,BA.2_0.02_abundance_0.1,T25496A;G25538C;A25582T;C25584T,ORF3a:I35K;ORF3a:G49A;ORF3a:T64S;ORF3a:T64T,42,2227,0.0188594521778176,0,
2122026,BA.2_0.02_abundance_0.1,G25538C;C25584T,ORF3a:G49A;ORF3a:T64T,719,2227,0.3228558599012124,11,BE.1.1:1;BA.1:1;BA.1.1.14:1;BA.2.10:1;BA.1.1:3;BA.5:1;BA.2:1;BA.5.2.21:1;BA.5.2.7:1
2122026,BA.2_0.02_abundance_0.1,G25538C;G25563T;A25582T;C25584T,ORF3a:G49A;ORF3a:Q57H;ORF3a:T64S;ORF3a:T64T,54,2227,0.0242478670857656,0,
2122026,BA.2_0.02_abundance_0.1,G25538C;A25582T;C25584T,ORF3a:G49A;ORF3a:T64S;ORF3a:T64T,270,2227,0.121239335428828,0,
2122026,BA.2_0.02_abundance_0.1,G25538C;G25563T;C25584T,ORF3a:G49A;ORF3a:Q57H;ORF3a:T64T,135,2227,0.060619667714414,0,
2122026,BA.2_0.02_abundance_0.1,G25563T;A25582T;C25584T,ORF3a:Q57H;ORF3a:T64S;ORF3a:T64T,26,2227,0.0116748989672204,0,
2122026,BA.2_0.02_abundance_0.1,A25582T;C25584T,ORF3a:T64S;ORF3a:T64T,173,2227,0.0776829815895824,40,BA.2:39;BA.1:1
2122026,BA.2_0.02_abundance_0.1,A25965C;A25966C;C26060T;T26156G;G26257C;C26270T,ORF3a:E191D;ORF3a:K192Q;ORF3a:T223I;ORF3a:V255G;E:V5L;E:T9I,6,90,0.0666666666666666,0,
2122026,BA.2_0.02_abundance_0.1,G27204A;T27257G;A27259C;A27301T;G27337C;C27352A;G27361T;G27382C;A27383T;T27384C,ORF6:MX;ORF6:M19R;ORF6:R20R;ORF6:N34Y;ORF6:E46Q;ORF6:Q51K;ORF6:E54*;ORF6:D61H;ORF6:D61V;ORF6:D61D,20,799,0.0250312891113892,0,
2122026,BA.2_0.02_abundance_0.1,T27835G;A27867T;A27868T;G28036A,ORF7b:I27S;ORF7b:N38Y;ORF7b:N38I;ORF8:R48K,20,703,0.0284495021337126,0,
2122026,BA.2_0.02_abundance_0.1,C28311T;G28346C,N:P13L;N:G25R,1269,3914,0.3242207460398569,23,BE.1:14;BA.4.4:1;BA.2.9:1;BA.5.2:1;BA.1.1:3;BA.2.3.1:1;BA.5:1;BA.5.1:1
2122026,BA.2_0.02_abundance_0.1,A28656G;C28698T,N:D128G;N:P142L,9,482,0.0186721991701244,0,
2122026,BA.2_0.02_abundance_0.1,T29059A;A29083T;A29150T;A29209G;C29211T,N:R262R;N:V270V;N:R293*;N:S312S;N:A313V,25,1853,0.0134916351861845,0,
2122026,BA.2_0.02_abundance_0.1,A29301T;A29313C,N:D343V;N:K347T,30,1698,0.0176678445229682,0,
2192026,BA.2_0.02_abundance_0.1,T277C;T322C,ORF1a:L4L;ORF1a:P19P,63,2203,0.0285973672265093,0,
2192026,BA.2_0.02_abundance_0.1,T380G;T484C;G495C;G545C;A652C;G663A;T670G,ORF1a:L39V;ORF1a:R73R;ORF1a:R77P;ORF1a:G94R;ORF1a:K129N;ORF1a:G133D;ORF1a:S135R,66,2127,0.0310296191819464,0,
2192026,BA.2_0.02_abundance_0.1,C551A;T670G,ORF1a:Q96K;ORF1a:S135R,117,2128,0.0549812030075188,14,BQ.1.1.22:1;BQ.1.10.1:1;BA.5.1:4;BF.5:1;XBB.1.4.1:1;BE.1.2:1;CK.3:1;BE.1.1:1;BA.2.75:1;BA.5.1.3:1;BA.5.2:1
2192026,BA.2_0.02_abundance_0.1,T670G;G991C,ORF1a:S135R;ORF1a:T242T,54,128,0.421875,6,BE.1:1;BA.5.3.4:1;BA.5.1:1;BA.5.1.10:3
2192026,BA.2_0.02_abundance_0.1,T670G;A893T,ORF1a:S135R;ORF1a:K210*,7,398,0.0175879396984924,0,
2192026,BA.2_0.02_abundance_0.1,A893T;G991C,ORF1a:K210*;ORF1a:T242T,15,1108,0.0135379061371841,0,
2192026,BA.2_0.02_abundance_0.1,T1030A;T1061C;G1085T;A1120C;A1137C;A1203G;T1216C;C1284A;G991C,ORF1a:F255L;ORF1a:F266L;ORF1a:V274L;ORF1a:Q285H;ORF1a:K291T;ORF1a:N313S;ORF1a:L317L;ORF1a:T340N;ORF1a:T242T,28,1698,0.0164899882214369,0,
2192026,BA.2_0.02_abundance_0.1,T1030A;T1061C;G1085T;A1120C;A1137C;A1203G;T1216C;C1284A,ORF1a:F255L;ORF1a:F266L;ORF1a:V274L;ORF1a:Q285H;ORF1a:K291T;ORF1a:N313S;ORF1a:L317L;ORF1a:T340N,39,1700,0.0229411764705882,0,
2192026,BA.2_0.02_abundance_0.1,A1866C;A1900T,ORF1a:Y534S;ORF1a:R545R,87,2205,0.0394557823129251,0,
2192026,BA.2_0.02_abundance_0.1,A2215G;A2275G;T2481C;T2489C;C2509A,ORF1a:K650K;ORF1a:E670E;ORF1a:I739T;ORF1a:L742L;ORF1a:P748P,5,92,0.0543478260869565,0,
2192026,BA.2_0.02_abundance_0.1,A2275G;T2481C;T2489C;C2509A,ORF1a:E670E;ORF1a:I739T;ORF1a:L742L;ORF1a:P748P,13,410,0.0317073170731707,0,
2192026,BA.2_0.02_abundance_0.1,T2597C;C2790T,ORF1a:L778L;ORF1a:T842I,23,138,0.1666666666666666,64,BA.5.1:4;BA.2.10:1;BA.2:25;BA.2.31.1:5;BE.1.3:1;BA.2.3.10:1;BQ.1.1.22:1;BA.5:7;BA.5.5:1;BF.1:3;BA.5.2.1:1;BE.1.1:1;B.1.429:2;BA.5.2.24:2;BA.5.2:3;BA.2.9:1;BQ.1.19:1;BF.10:1;BA.2.38:1;BN.1.1:1;BA.5.2.25:1
2192026,BA.2_0.02_abundance_0.1,T2597C;T2634A;C2790T,ORF1a:L778L;ORF1a:L790*;ORF1a:T842I,12,138,0.0869565217391304,0,
2192026,BA.2_0.02_abundance_0.1,T2597C;A2745T;C2790T,ORF1a:L778L;ORF1a:D827V;ORF1a:T842I,6,138,0.0434782608695652,0,
2192026,BA.2_0.02_abundance_0.1,T2634A;C2790T,ORF1a:L790*;ORF1a:T842I,23,138,0.1666666666666666,1,BA.2.9:1
2192026,BA.2_0.02_abundance_0.1,A2745T;C2790T,ORF1a:D827V;ORF1a:T842I,12,138,0.0869565217391304,15,BA.2.3:1;BA.2.10:8;BA.2.12.1:2;BA.2:2;BA.5.2.1:2
2192026,BA.2_0.02_abundance_0.1,T2868A;A2909T;C2980A;G2993C;C3037T;T3073A;T3118A,ORF1a:V868E;ORF1a:T882S;ORF1a:Y905*;ORF1a:E910Q;ORF1a:F924F;ORF1a:C936*;ORF1a:T951T,18,465,0.0387096774193548,0,
2192026,BA.2_0.02_abundance_0.1,T3256C;A3336G;A3344G;C3393A;A3414C;G3418C;A3430C;T3454A;G3483C,ORF1a:N997N;ORF1a:E1024G;ORF1a:S1027G;ORF1a:A1043E;ORF1a:K1050T;ORF1a:K1051N;ORF1a:T1055T;ORF1a:V1063V;ORF1a:G1073A,34,819,0.0415140415140415,0,
2192026,BA.2_0.02_abundance_0.1,A4222G;C4301G,ORF1a:K1319K;ORF1a:L1346V,5,111,0.045045045045045,0,
2192026,BA.2_0.02_abundance_0.1,A4495C;T4603C,ORF1a:K1410N;ORF1a:V1446V,25,292,0.0856164383561643,0,
2192026,BA.2_0.02_abundance_0.1,T4770A;A4903C,ORF1a:I1502N;ORF1a:L1546L,43,137,0.3138686131386861,0,
2192026,BA.2_0.02_abundance_0.1,A5948G;A5970T;T5981G;T6038G;A6045G;T6053G,ORF1a:K1895E;ORF1a:K1902I;ORF1a:Y1906D;ORF1a:F1925V;ORF1a:N1927S;ORF1a:F1930V,5,148,0.0337837837837837,0,
2192026,BA.2_0.02_abundance_0.1,A6542T;A6613C;T6614A;C6636G;A6677T,ORF1a:T2093S;ORF1a:V2116V;ORF1a:L2117I;ORF1a:T2124S;ORF1a:I2138L,9,480,0.01875,0,
2192026,BA.2_0.02_abundance_0.1,T7666A;C7688A;G7718C;G7866A;A7896C,ORF1a:D2467E;ORF1a:L2475I;ORF1a:D2485H;ORF1a:G2534D;ORF1a:D2544A,8,244,0.0327868852459016,0,
2192026,BA.2_0.02_abundance_0.1,T7861G;G7940T,ORF1a:T2532T;ORF1a:V2559F,6,351,0.017094017094017,0,
2192026,BA.2_0.02_abundance_0.1,A8636G;G8653C;T8822C;T8902A,ORF1a:T2791A;ORF1a:M2796I;ORF1a:L2853L;ORF1a:G2879G,25,710,0.0352112676056338,0,
2192026,BA.2_0.02_abundance_0.1,A8955C;A8995T;T9043A;A9058G;A9079G;G9128C,ORF1a:Y2897S;ORF1a:T2910T;ORF1a:S2926S;ORF1a:P2931P;ORF1a:V2938V;ORF1a:V2955L,13,400,0.0325,0,
2192026,BA.2_0.02_abundance_0.1,A9243C;G9269T;G9321C;C9344T;A9350C;C9402G;G9414A;A9424G;G9463T;T9464G;C9534T,ORF1a:E2993A;ORF1a:G3002C;ORF1a:C3019S;ORF1a:L3027F;ORF1a:N3029H;ORF1a:S3046C;ORF1a:G3050D;ORF1a:V3053V;ORF1a:R3066S;ORF1a:F3067V;ORF1a:T3090I,16,679,0.0235640648011782,0,
2192026,BA.2_0.02_abundance_0.1,A9243C;G9269T;G9321C;C9344T;C9402G;G9414A;A9424G;G9463T;T9464G;C9534T,ORF1a:E2993A;ORF1a:G3002C;ORF1a:C3019S;ORF1a:L3027F;ORF1a:S3046C;ORF1a:G3050D;ORF1a:V3053V;ORF1a:R3066S;ORF1a:F3067V;ORF1a:T3090I,8,679,0.0117820324005891,0,
2192026,BA.2_0.02_abundance_0.1,C9344T;A9350C;A9424G;C9534T,ORF1a:L3027F;ORF1a:N3029H;ORF1a:V3053V;ORF1a:T3090I,626,1152,0.5434027777777778,0,
2192026,BA.2_0.02_abundance_0.1,C9344T;A9350C;A9424G,ORF1a:L3027F;ORF1a:N3029H;ORF1a:V3053V,157,1402,0.1119828815977175,0,
2192026,BA.2_0.02_abundance_0.1,C9534T;C9592G;T9818A,ORF1a:T3090I;ORF1a:Y3109*;ORF1a:L3185I,20,841,0.0237812128418549,0,
2192026,BA.2_0.02_abundance_0.1,C9534T;C9592G,ORF1a:T3090I;ORF1a:Y3109*,29,1800,0.0161111111111111,0,
2192026,BA.2_0.02_abundance_0.1,C9534T;C9592G;T9818A;T9823A,ORF1a:T3090I;ORF1a:Y3109*;ORF1a:L3185I;ORF1a:N3186K,11,304,0.0361842105263157,0,
2192026,BA.2_0.02_abundance_0.1,C10419T;G10444C;T10534C;C10544T;G10574A;G10575C;T10598A,ORF1a:P3385L;ORF1a:M3393I;ORF1a:C3423C;ORF1a:H3427Y;ORF1a:G3437S;ORF1a:G3437A;ORF1a:Y3445N,24,476,0.0504201680672268,0,
2192026,BA.2_0.02_abundance_0.1,T10800C;G10850C;G10953T;T11038C,ORF1a:I3512T;ORF1a:A3529P;ORF1a:C3563F;ORF1a:L3591L,6,442,0.0135746606334841,0,
2192026,BA.2_0.02_abundance_0.1,G10850C;G10953T;T11038C,ORF1a:A3529P;ORF1a:C3563F;ORF1a:L3591L,15,442,0.0339366515837104,0,
2192026,BA.2_0.02_abundance_0.1,G10850C;G10953T,ORF1a:A3529P;ORF1a:C3563F,47,1858,0.0252960172228202,0,
2192026,BA.2_0.02_abundance_0.1,T11038C;G11055A;T11110G;G11114A;T11129C;A11279G;A11302C;C11345A,ORF1a:L3591L;ORF1a:S3597N;ORF1a:A3615A;ORF1a:G3617S;ORF1a:S3622P;ORF1a:T3672A;ORF1a:L3679L;ORF1a:L3694I,12,373,0.032171581769437,0,
2192026,BA.2_0.02_abundance_0.1,G11055A;T11110G;G11114A;T11129C;A11279G;A11302C;C11345A,ORF1a:S3597N;ORF1a:A3615A;ORF1a:G3617S;ORF1a:S3622P;ORF1a:T3672A;ORF1a:L3679L;ORF1a:L3694I,7,603,0.011608623548922,0,
2192026,BA.2_0.02_abundance_0.1,T11068A;A11226G,ORF1a:S3601S;ORF1a:Y3654C,18,752,0.0239361702127659,0,
2192026,BA.2_0.02_abundance_0.1,C11345A;A11519G,ORF1a:L3694I;ORF1a:M3752V,49,1486,0.0329744279946164,0,
2192026,BA.2_0.02_abundance_0.1,A11749T;G11800C,ORF1a:L3828L;ORF1a:L3845F,35,775,0.0451612903225806,0,
2192026,BA.2_0.02_abundance_0.1,G11926C;C12043G;A12063G;A12065T;G12104T;G12185C,ORF1a:L3887F;ORF1a:D3926E;ORF1a:E3933G;ORF1a:M3934L;ORF1a:E3947*;ORF1a:E3974Q,33,3001,0.0109963345551482,0,
2192026,BA.2_0.02_abundance_0.1,G11926C;C12043G;A12063G;A12065T;G12104T;G12185C;T12214G,ORF1a:L3887F;ORF1a:D3926E;ORF1a:E3933G;ORF1a:M3934L;ORF1a:E3947*;ORF1a:E3974Q;ORF1a:S3983S,43,1974,0.0217831813576494,0,
2192026,BA.2_0.02_abundance_0.1,G11926C;C12043G;A12063G;A12065T;G12104T;G12185C;T12214G;A12219C,ORF1a:L3887F;ORF1a:D3926E;ORF1a:E3933G;ORF1a:M3934L;ORF1a:E3947*;ORF1a:E3974Q;ORF1a:S3983S;ORF1a:N3985T,36,888,0.0405405405405405,0,
2192026,BA.2_0.02_abundance_0.1,G12185C;T12214G;A12219C;G12278C;A12324G;G12382T;G12386A;A12422G;G12428A,ORF1a:E3974Q;ORF1a:S3983S;ORF1a:N3985T;ORF1a:A4005P;ORF1a:D4020G;ORF1a:K4039N;ORF1a:D4041N;ORF1a:R4053G;ORF1a:G4055S,56,1573,0.0356007628734901,0,
2192026,BA.2_0.02_abundance_0.1,C12789T;C12880T;T13001C,ORF1a:T4175I;ORF1a:I4205I;ORF1a:L4246L,216,2044,0.1056751467710371,0,
2192026,BA.2_0.02_abundance_0.1,C12789T;C12880T;T12944A,ORF1a:T4175I;ORF1a:I4205I;ORF1a:Y4227N,148,2192,0.0675182481751824,0,
2192026,BA.2_0.02_abundance_0.1,C12789T;C12880T;T12944A;T13001C,ORF1a:T4175I;ORF1a:I4205I;ORF1a:Y4227N;ORF1a:L4246L,124,2044,0.060665362035225,0,
2192026,BA.2_0.02_abundance_0.1,T12799C;T12851G;T12862A;C12880A;T12908G;A12928G;C12970G,ORF1a:G4178G;ORF1a:F4196V;ORF1a:S4199R;ORF1a:I4205I;ORF1a:F4215V;ORF1a:K4221K;ORF1a:N4235K,29,2044,0.0141878669275929,0,
2192026,BA.2_0.02_abundance_0.1,C12880T;T13001C,ORF1a:I4205I;ORF1a:L4246L,411,2045,0.2009779951100244,35,BR.1.2:1;BA.4.6:9;BA.5.5:5;BA.2.75:4;BA.2.9:1;BA.5.2.30:1;BF.15:1;BA.4.6.5:1;BA.2:7;BA.4.1:1;BA.5.1:1;BG.5:2;BQ.1.1.5:1
2192026,BA.2_0.02_abundance_0.1,C12880T;T12944A,ORF1a:I4205I;ORF1a:Y4227N,242,2193,0.1103511171910624,0,
2192026,BA.2_0.02_abundance_0.1,C12880T;T12944A;T13001C,ORF1a:I4205I;ORF1a:Y4227N;ORF1a:L4246L,184,2045,0.0899755501222493,0,
2192026,BA.2_0.02_abundance_0.1,C13072A;A13121G;C13130G;T13250G;G13287A;T13310C,ORF1a:F4269L;ORF1a:S4286G;ORF1a:Q4289E;ORF1a:Y4329D;ORF1a:G4341E;ORF1a:Y4349H,24,864,0.0277777777777777,0,
2192026,BA.2_0.02_abundance_0.1,A13121G;T13155G,ORF1a:S4286G;ORF1a:M4297R,220,935,0.2352941176470588,0,
2192026,BA.2_0.02_abundance_0.1,A14010C;G14044C;T14094A;G14197T;C14204A;T14221A,ORF1b:V181V;ORF1b:V193L;ORF1b:D209E;ORF1b:A244S;ORF1b:S246*;ORF1b:L252I,28,1005,0.0278606965174129,0,
2192026,BA.2_0.02_abundance_0.1,C14376A;C14408T,ORF1b:N303K;ORF1b:P314L,371,1896,0.195675105485232,3,AY.68:1;BA.5.2:2
2192026,BA.2_0.02_abundance_0.1,C14376A;C14408T;T14565G,ORF1b:N303K;ORF1b:P314L;ORF1b:A366A,42,400,0.105,0,
2192026,BA.2_0.02_abundance_0.1,T14629C;A14634G;C14670G;T14684C;T14704C;C14768G;G14773T;C14842A;T14855G,ORF1b:S388P;ORF1b:V389V;ORF1b:V401V;ORF1b:F406S;ORF1b:F413L;ORF1b:A434G;ORF1b:D436Y;ORF1b:Q459K;ORF1b:V463G,7,675,0.0103703703703703,0,
2192026,BA.2_0.02_abundance_0.1,A14634G;C14670G;T14684C;T14704C;C14768G;G14773T;C14842A;T14855G,ORF1b:V389V;ORF1b:V401V;ORF1b:F406S;ORF1b:F413L;ORF1b:A434G;ORF1b:D436Y;ORF1b:Q459K;ORF1b:V463G,18,675,0.0266666666666666,0,
2192026,BA.2_0.02_abundance_0.1,T15244A;G15268T;T15281G;A15283T;C15319G;G15446A,ORF1b:L593I;ORF1b:E601*;ORF1b:L605R;ORF1b:M606L;ORF1b:P618A;ORF1b:C660Y,112,3704,0.0302375809935205,0,
2192026,BA.2_0.02_abundance_0.1,A15554C;G15658T;C15680A;T15682C;C15714T;G15724T;T15784G;A15831G,ORF1b:N696T;ORF1b:D731Y;ORF1b:A738E;ORF1b:Y739H;ORF1b:L749L;ORF1b:A753S;ORF1b:F773V;ORF1b:A788A,90,2664,0.0337837837837837,0,
2192026,BA.2_0.02_abundance_0.1,T15893A;A16095T,ORF1b:M809K;ORF1b:L876F,11,884,0.0124434389140271,0,
2192026,BA.2_0.02_abundance_0.1,T15915A;A15948C;T15978C;A16108T,ORF1b:D816E;ORF1b:R827S;ORF1b:D837D;ORF1b:K881*,14,884,0.0158371040723981,0,
2192026,BA.2_0.02_abundance_0.1,T15918G;A16095T,ORF1b:Y817*;ORF1b:L876F,23,884,0.0260180995475113,0,
2192026,BA.2_0.02_abundance_0.1,T15918G;T16024A,ORF1b:Y817*;ORF1b:L853I,15,938,0.0159914712153518,0,
2192026,BA.2_0.02_abundance_0.1,T15980G;A16095T,ORF1b:I838S;ORF1b:L876F,16,884,0.0180995475113122,0,
2192026,BA.2_0.02_abundance_0.1,T16024A;A16095T,ORF1b:L853I;ORF1b:L876F,17,884,0.0192307692307692,0,
2192026,BA.2_0.02_abundance_0.1,C16215G;G16259C;A16296C;G16336T,ORF1b:Y916*;ORF1b:C931S;ORF1b:I943I;ORF1b:V957F,33,1233,0.0267639902676399,0,
2192026,BA.2_0.02_abundance_0.1,T16820G;T16834A;T16854A;A16981T,ORF1b:I1118R;ORF1b:F1123I;ORF1b:G1129G;ORF1b:I1172F,38,2157,0.0176170607324988,0,
2192026,BA.2_0.02_abundance_0.1,T16820G;T16834A;T16854A;G16966T;A16981T,ORF1b:I1118R;ORF1b:F1123I;ORF1b:G1129G;ORF1b:E1167*;ORF1b:I1172F,37,2157,0.0171534538711172,0,
2192026,BA.2_0.02_abundance_0.1,G16966T;G17049T,ORF1b:E1167*;ORF1b:K1194N,26,2011,0.0129288910989557,0,
2192026,BA.2_0.02_abundance_0.1,C17125A;A17187G;A17289T;C17372T;C17410T,ORF1b:L1220I;ORF1b:L1240L;ORF1b:T1274T;ORF1b:A1302V;ORF1b:R1315C,71,1724,0.041183294663573,0,
2192026,BA.2_0.02_abundance_0.1,C17125A;A17187G;A17289T;C17372T,ORF1b:L1220I;ORF1b:L1240L;ORF1b:T1274T;ORF1b:A1302V,45,2640,0.0170454545454545,0,
2192026,BA.2_0.02_abundance_0.1,C17430G;G17596C;C17597A;A17629G;T17670G;A17691C;A17697G,ORF1b:Y1321*;ORF1b:A1377P;ORF1b:A1377D;ORF1b:K1388E;ORF1b:G1401G;ORF1b:S1408S;ORF1b:A1410A,50,1610,0.031055900621118,0,
2192026,BA.2_0.02_abundance_0.1,A18010C;A18163G,ORF1b:I1515L;ORF1b:I1566V,19,772,0.0246113989637305,2,BA.2.38:1;BA.2.24:1
2192026,BA.2_0.02_abundance_0.1,G18049T;G18090C;C18094T;A18116T;T18132G;A18153C;T18156G;A18163G;T18164C;G18194A;T18200A;A18272C,ORF1b:V1528L;ORF1b:G1541G;ORF1b:H1543Y;ORF1b:H1550L;ORF1b:T1555T;ORF1b:L1562F;ORF1b:C1563W;ORF1b:I1566V;ORF1b:I1566T;ORF1b:R1576K;ORF1b:L1578H;ORF1b:E1602A,14,725,0.0193103448275862,0,
2192026,BA.2_0.02_abundance_0.1,C18115A;G18124A;A18163G,ORF1b:H1550N;ORF1b:V1553I;ORF1b:I1566V,43,785,0.0547770700636942,0,
2192026,BA.2_0.02_abundance_0.1,C18115A;A18163G,ORF1b:H1550N;ORF1b:I1566V,119,785,0.151592356687898,38,BA.2.9:3;BA.2.10:8;BA.1.1:7;BA.1.1.1:1;BF.5:2;BA.5.2.1:4;BQ.1.1:2;BA.2.12.1:4;BA.2:4;BA.1:1;BA.4.1:1;BA.4.6:1
2192026,BA.2_0.02_abundance_0.1,G18124A;A18163G,ORF1b:V1553I;ORF1b:I1566V,155,785,0.197452229299363,1,BA.4.6:1
2192026,BA.2_0.02_abundance_0.1,C18356T;A18378C;T18537A;A18556G;G18578C;T18621A,ORF1b:P1630L;ORF1b:T1637T;ORF1b:I1690I;ORF1b:T1697A;ORF1b:R1704T;ORF1b:S1718S,34,975,0.0348717948717948,0,
2192026,BA.2_0.02_abundance_0.1,T18621A;A18639T;C18681T;C18860A;T18866G;C18894G;C18917T,ORF1b:S1718S;ORF1b:K1724N;ORF1b:A1738A;ORF1b:A1798E;ORF1b:M1800R;ORF1b:C1809W;ORF1b:T1817I,10,360,0.0277777777777777,0,
2192026,BA.2_0.02_abundance_0.1,A18639T;C18681T;C18860A;T18866G;C18894G;C18917T,ORF1b:K1724N;ORF1b:A1738A;ORF1b:A1798E;ORF1b:M1800R;ORF1b:C1809W;ORF1b:T1817I,153,4909,0.0311672438378488,0,
2192026,BA.2_0.02_abundance_0.1,C19152A;C19245A;T19260G,ORF1b:A1895A;ORF1b:D1926E;ORF1b:S1931S,5,191,0.0261780104712041,0,
2192026,BA.2_0.02_abundance_0.1,C19152A;C19245A,ORF1b:A1895A;ORF1b:D1926E,25,678,0.0368731563421828,0,
2192026,BA.2_0.02_abundance_0.1,T20520A;T20526G;A20546C;T20573A;A20593C;G20672T,ORF1b:D2351E;ORF1b:F2353L;ORF1b:Q2360P;ORF1b:V2369D;ORF1b:T2376P;ORF1b:W2402L,47,1135,0.0414096916299559,0,
2192026,BA.2_0.02_abundance_0.1,T20911A;C21013T;A21027T;G21044A;T21111C,ORF1b:L2482I;ORF1b:H2516Y;ORF1b:K2520N;ORF1b:S2526N;ORF1b:T2548T,18,407,0.0442260442260442,0,
2192026,BA.2_0.02_abundance_0.1,A21215G;G21227A;G21296T;C21304T;G21305C;G21316T,ORF1b:H2583R;ORF1b:W2587*;ORF1b:G2610V;ORF1b:R2613C;ORF1b:R2613P;ORF1b:D2617Y,5,190,0.0263157894736842,0,
2192026,BA.2_0.02_abundance_0.1,T21752A;T21773C;T21813A;T21823C;A21845C;A21884G;A21900C;C21978T;A21979T;T21980G;G21987A,S:W64R;S:S71P;S:L84Q;S:N87N;S:T95P;S:T108A;S:K113T;S:P139L;S:P139P;S:F140V;S:G142D,44,1738,0.0253164556962025,0,
2192026,BA.2_0.02_abundance_0.1,T21752A;T21773C;T21813A;T21823C;A21845C;A21884G;A21900C;C21978T;A21979T;T21980G;G21987A;A22003C,S:W64R;S:S71P;S:L84Q;S:N87N;S:T95P;S:T108A;S:K113T;S:P139L;S:P139P;S:F140V;S:G142D;S:K147N,9,344,0.0261627906976744,0,
2192026,BA.2_0.02_abundance_0.1,C21757G;G21987A,S:F65L;S:G142D,170,1738,0.097813578826237,3,AY.103:1;AY.25:1;AY.110:1
2192026,BA.2_0.02_abundance_0.1,T22200G;G22240C,S:V213G;S:L226F,27,56,0.4821428571428571,1,BA.2:1
2192026,BA.2_0.02_abundance_0.1,G22630A;C22674T;T22679C;C22686T;A22688G;G22775A;A22786C;G22813T,S:K356K;S:S371F;S:S373P;S:S375F;S:T376A;S:D405N;S:R408S;S:K417N,63,814,0.0773955773955774,239,BA.2:51;BA.2.75:98;BA.5.1.25:28;BA.5.1.23:1;BF.28:11;BA.2.12.1:2;BA.4.1:1;BA.5.2.1:7;BY.1:4;BA.5:2;BF.14:1;BA.5.2.20:1;BF.5:2;BA.5.6:1;BA.2.38:1;BF.7.4:1;BA.5.2:7;BA.5.1.3:2;BN.1.2:2;BA.5.1:3;BA.5.9:2;BF.7:1;BA.2.3.1:1;BA.2.9:2;BQ.1.1.3:4;BA.5.3.5:1;BA.1.1:1;BQ.1:1
2192026,BA.2_0.02_abundance_0.1,G22630A;C22674T;T22679C;C22686T;A22688G;A22742G;G22775A;A22786C;G22813T,S:K356K;S:S371F;S:S373P;S:S375F;S:T376A;S:N394D;S:D405N;S:R408S;S:K417N,17,814,0.0208845208845208,0,
2192026,BA.2_0.02_abundance_0.1,C22674T;T22679C;C22686T;A22688G;A22742G;G22775A;A22786C;G22813T,S:S371F;S:S373P;S:S375F;S:T376A;S:N394D;S:D405N;S:R408S;S:K417N,101,814,0.124078624078624,22,BA.2.12.1:1;BF.14:1;BA.5.1.1:2;BF.7:1;BA.5.2:1;BF.5:3;BF.4:1;BF.2:2;BA.5.2.1:3;BA.4.6:1;BA.5.2.20:1;BA.5.6:1;BA.5.2.27:1;BA.5.2.36:1;BQ.1.11:1;BA.5:1
2192026,BA.2_0.02_abundance_0.1,C22674T;T22679C;C22686T;A22688G;A22742G,S:S371F;S:S373P;S:S375F;S:T376A;S:N394D,10,874,0.011441647597254,23,BA.2.12.1:1;BF.14:1;BA.5.1.1:2;BF.7:1;BA.5.2:1;BA.5.1:1;BF.5:3;BF.4:1;BF.2:2;BA.5.2.1:3;BA.4.6:1;BA.5.2.20:1;BA.5.6:1;BA.5.2.27:1;BA.5.2.36:1;BQ.1.11:1;BA.5:1
2192026,BA.2_0.02_abundance_0.1,A23168G;G23273A;A23295C;C23297G;T23346C;T23374A;A23403G;G23429A;G23478A,S:N536D;S:D571N;S:D578A;S:P579A;S:V595A;S:T604T;S:D614G;S:A623T;S:G639D,32,1345,0.0237918215613382,0,
2192026,BA.2_0.02_abundance_0.1,A23168G;G23273A;A23295C;C23297G;T23346C;T23374A;A23403G;G23429A;G23478A;A23484G,S:N536D;S:D571N;S:D578A;S:P579A;S:V595A;S:T604T;S:D614G;S:A623T;S:G639D;S:N641S,22,592,0.0371621621621621,0,
2192026,BA.2_0.02_abundance_0.1,G23867A;A23938G;G23948T,S:G769R;S:P792P;S:D796Y,8,184,0.0434782608695652,0,
2192026,BA.2_0.02_abundance_0.1,A23899C;A23938G;T23943C;G23948T;T23959G;T23967A;A24002T,S:Q779H;S:P792P;S:I794T;S:D796Y;S:G799G;S:F802Y;S:K814*,5,184,0.0271739130434782,0,
2192026,BA.2_0.02_abundance_0.1,A23938G;G23948T,S:P792P;S:D796Y,130,184,0.7065217391304348,237,BA.5.1.23:1;BA.2:79;BA.2.12.1:8;BA.1.1:4;BA.5.2.20:1;BA.5.2:58;BA.1.17:1;BA.5.2.18:3;BA.2.3:53;BF.7:4;BA.1:4;XBB.1.5:1;BF.5:1;BA.1.15.1:2;BA.1.1.14:1;BA.1.1.2:1;BA.2.41:3;BA.5:1;BA.2.76:1;BA.5.1:2;BA.2.24:1;BA.1.15.2:1;BA.2.75:1;BA.1.1.18:2;BA.4.6:1;BA.2.9:1;BA.5.5:1
2192026,BA.2_0.02_abundance_0.1,A24347T;A24424T;A24425C,S:S929C;S:Q954H;S:N955H,23,334,0.0688622754491018,0,
2192026,BA.2_0.02_abundance_0.1,A24347T;A24424T,S:S929C;S:Q954H,128,347,0.3688760806916426,3,BA.5.7:1;BA.5.9:1;BA.2.9:1
2192026,BA.2_0.02_abundance_0.1,A24424T;A24425C,S:Q954H;S:N955H,60,424,0.1415094339622641,2,BA.1.17.2:1;BA.1.1:1
2192026,BA.2_0.02_abundance_0.1,T24460G;T24511A;T24622C;C24632G,S:L966L;S:R983R;S:A1020A;S:L1024V,10,388,0.0257731958762886,0,
2192026,BA.2_0.02_abundance_0.1,T24951A;A24952C;C25000T,S:I1130K;S:I1130I;S:D1146D,60,1637,0.0366524129505192,0,
2192026,BA.2_0.02_abundance_0.1,C25069A;A25105T;A25109T;G25112C;T25150A;C25275A,S:I1169I;S:K1181N;S:I1183F;S:D1184H;S:S1196S;S:T1238N,28,789,0.035487959442332,0,
2192026,BA.2_0.02_abundance_0.1,A25105T;T25265A,S:K1181N;S:C1235S,9,789,0.0114068441064638,0,
2192026,BA.2_0.02_abundance_0.1,A25105T;A25167T,S:K1181N;S:E1202V,18,845,0.0213017751479289,0,
2192026,BA.2_0.02_abundance_0.1,A25167T;T25265A,S:E1202V;S:C1235S,8,789,0.0101394169835234,0,
2192026,BA.2_0.02_abundance_0.1,A25368C;T25402C;T25529A;C25584T;A25591G;G25599C;A25602C,S:K1269T;ORF3a:F4L;ORF3a:L46H;ORF3a:T64T;ORF3a:K67E;ORF3a:W69C;ORF3a:Q70H,22,612,0.0359477124183006,0,
2192026,BA.2_0.02_abundance_0.1,C25584T;A25591G,ORF3a:T64T;ORF3a:K67E,65,614,0.1058631921824104,203,BA.1.1:11;BA.2:27;BA.5.2.1:8;BQ.1:41;BA.5.1:13;BA.5.5:23;BA.2.12.1:5;BA.1.15:16;BA.1.17.2:6;BA.5.1.5:2;BA.2.75:1;BF.6:2;BA.5.2:5;BA.4.1:2;BA.1:12;BA.2.10:1;BF.13:2;BA.5.6:1;BA.2.56:3;BA.1.1.18:3;BQ.1.1:1;BA.5.2.29:5;BA.1.15.1:4;BE.1.1:2;BA.1.1.2:3;BA.2.29:1;BA.2.3:1;BQ.1.12:1;BA.4:1
2192026,BA.2_0.02_abundance_0.1,C26060T;A26206C;C26270T,ORF3a:T223I;ORF3a:S272R;E:T9I,29,37,0.7837837837837838,0,
2192026,BA.2_0.02_abundance_0.1,C26060T;A26206C,ORF3a:T223I;ORF3a:S272R,11,49,0.2244897959183673,0,
2192026,BA.2_0.02_abundance_0.1,G26257C;C26270T,E:V5L;E:T9I,10,287,0.0348432055749128,3,BA.1.15:1;BA.2.18:1;BA.1.1.1:1
2192026,BA.2_0.02_abundance_0.1,C26577G;G26709A;G26747T;C26858T,M:Q19E;M:A63T;M:W75C;M:F112F,164,1629,0.1006752608962553,21,BA.2.12.1:4;BA.2:11;BA.4.4:1;BA.2.3:1;BA.4:1;BA.2.52:1;BA.2.10:2
2192026,BA.2_0.02_abundance_0.1,C26577G;G26709A;C26858T;A26864C,M:Q19E;M:A63T;M:F112F;M:P114P,45,1484,0.0303234501347708,2,BA.2.10:1;BA.2:1
2192026,BA.2_0.02_abundance_0.1,C26577G;G26709A;G26747T,M:Q19E;M:A63T;M:W75C,29,1851,0.0156672069151809,33,BA.2.12.1:4;BA.2:11;BA.4.4:1;BA.1:3;BA.1.1:2;BA.5.1.6:1;BE.6:1;BA.5.2.1:2;BA.2.3:1;BA.5.2:1;BA.4:1;BA.5.1:1;BA.2.52:1;BA.2.10:2;BA.1.15:1
2192026,BA.2_0.02_abundance_0.1,G27204A;T27257G;A27259C;A27301T;G27337C;C27352A;G27361T;G27382C;A27383T;T27384C;C27425T;C27476G;A27487T,ORF6:MX;ORF6:M19R;ORF6:R20R;ORF6:N34Y;ORF6:E46Q;ORF6:Q51K;ORF6:E54*;ORF6:D61H;ORF6:D61V;ORF6:D61D;ORF7a:T11I;ORF7a:T28R;ORF7a:K32*,30,1996,0.0150300601202404,0,
2192026,BA.2_0.02_abundance_0.1,G27204A;T27257G;A27259C;A27301T;G27337C;C27352A;G27361T;G27382C;A27383T;T27384C;C27425T;C27476G;A27487T;C27493T,ORF6:MX;ORF6:M19R;ORF6:R20R;ORF6:N34Y;ORF6:E46Q;ORF6:Q51K;ORF6:E54*;ORF6:D61H;ORF6:D61V;ORF6:D61D;ORF7a:T11I;ORF7a:T28R;ORF7a:K32*;ORF7a:P34S,43,1289,0.0333591931730023,0,
2192026,BA.2_0.02_abundance_0.1,T27835G;A27867T;A27868T;G28036A,ORF7b:I27S;ORF7b:N38Y;ORF7b:N38I;ORF8:R48K,28,1811,0.0154610712313638,0,
2192026,BA.2_0.02_abundance_0.1,T27835G;A27867T;A27868T;G28036A;C28132A,ORF7b:I27S;ORF7b:N38Y;ORF7b:N38I;ORF8:R48K;ORF8:T80K,31,941,0.0329436769394261,0,
2192026,BA.2_0.02_abundance_0.1,C28132A;G28276C;G28307A;C28311T;C28397A,ORF8:T80K;N:MX;N:A12T;N:P13L;N:P42T,46,1434,0.0320781032078103,0,
2192026,BA.2_0.02_abundance_0.1,T28570A;A28612T;T28662A;A28696C;T28726G;A28733C,N:G99G;N:L113L;N:I130N;N:T141T;N:P151P;N:N154H,50,2201,0.0227169468423443,0,
2192026,BA.2_0.02_abundance_0.1,A28574T;G28597A,N:M101L;N:W108*,139,2974,0.046738399462004,0,
2192026,BA.2_0.02_abundance_0.1,T29059A;A29083T;A29150T;A29209G;C29211T;T29278G;C29323A,N:R262R;N:V270V;N:R293*;N:S312S;N:A313V;N:G335G;N:V350V,37,1407,0.0262970859985785,0,
2192026,BA.2_0.02_abundance_0.1,C29323A;A29356G;T29452G;T29458C;C29498T;A29510C;T29602C;A29618T;A29630G,N:V350V;N:K361K;N:T393T;N:L395L;N:Q409*;N:S413R;ORF10:S15S;ORF10:M21L;ORF10:N25D,8,169,0.0473372781065088,0,
2192026,BA.2_0.02_abundance_0.1,A29356G;T29452G;T29458C;C29498T;A29510C;T29602C;A29618T;A29630G,N:K361K;N:T393T;N:L395L;N:Q409*;N:S413R;ORF10:S15S;ORF10:M21L;ORF10:N25D,16,560,0.0285714285714285,0,
2262026,BA.2_0.02_abundance_0.1,T380G;T484C;G495C;G545C;A652C;G663A;T670G,ORF1a:L39V;ORF1a:R73R;ORF1a:R77P;ORF1a:G94R;ORF1a:K129N;ORF1a:G133D;ORF1a:S135R,137,2847,0.0481208289427467,0,
2262026,BA.2_0.02_abundance_0.1,T380G;A438T;T484C;G495C;G545C;A652C;G663A;T670G,ORF1a:L39V;ORF1a:K58I;ORF1a:R73R;ORF1a:R77P;ORF1a:G94R;ORF1a:K129N;ORF1a:G133D;ORF1a:S135R,41,2847,0.014401123990165,0,
2262026,BA.2_0.02_abundance_0.1,A438T;T670G,ORF1a:K58I;ORF1a:S135R,557,2847,0.1956445381102915,6,BA.2.12.1:1;BA.2:2;BA.5.2:3
2262026,BA.2_0.02_abundance_0.1,T1030A;T1061C;G1085T;A1120C;A1137C;A1203G;T1216C;C1284A,ORF1a:F255L;ORF1a:F266L;ORF1a:V274L;ORF1a:Q285H;ORF1a:K291T;ORF1a:N313S;ORF1a:L317L;ORF1a:T340N,43,861,0.0499419279907084,0,
2262026,BA.2_0.02_abundance_0.1,C1284A;T1370A;C1415G;A1431G;T1443A;A1517C,ORF1a:T340N;ORF1a:Y369N;ORF1a:L384V;ORF1a:N389S;ORF1a:L393*;ORF1a:N418H,7,209,0.0334928229665071,0,
2262026,BA.2_0.02_abundance_0.1,A1345C;G1464T,ORF1a:L360F;ORF1a:G400V,5,244,0.0204918032786885,0,
2262026,BA.2_0.02_abundance_0.1,T1653C;A1866C;A1900T,ORF1a:I463T;ORF1a:Y534S;ORF1a:R545R,145,2600,0.0557692307692307,0,
2262026,BA.2_0.02_abundance_0.1,T1653C;T1864G,ORF1a:I463T;ORF1a:L533L,1116,2633,0.4238511203949867,0,
2262026,BA.2_0.02_abundance_0.1,A2215G;A2275G;T2481C;T2489C;C2509A,ORF1a:K650K;ORF1a:E670E;ORF1a:I739T;ORF1a:L742L;ORF1a:P748P,9,184,0.0489130434782608,0,
2262026,BA.2_0.02_abundance_0.1,A2275G;T2481C;T2489C;C2509A,ORF1a:E670E;ORF1a:I739T;ORF1a:L742L;ORF1a:P748P,31,728,0.0425824175824175,0,
2262026,BA.2_0.02_abundance_0.1,T2868A;A2909T;C2980A;G2993C;C3037T;T3073A;T3118A;A3132T,ORF1a:V868E;ORF1a:T882S;ORF1a:Y905*;ORF1a:E910Q;ORF1a:F924F;ORF1a:C936*;ORF1a:T951T;ORF1a:Q956L,93,1473,0.0631364562118126,0,
2262026,BA.2_0.02_abundance_0.1,T3256C;A3336G;A3344G;C3393A;A3414C;G3418C;A3430C;T3454A;G3483C,ORF1a:N997N;ORF1a:E1024G;ORF1a:S1027G;ORF1a:A1043E;ORF1a:K1050T;ORF1a:K1051N;ORF1a:T1055T;ORF1a:V1063V;ORF1a:G1073A,17,404,0.042079207920792,0,
2262026,BA.2_0.02_abundance_0.1,T3827C;A3915C,ORF1a:S1188P;ORF1a:E1217A,75,1168,0.0642123287671233,1,BA.2.10:1
2262026,BA.2_0.02_abundance_0.1,T3930A;G3994T;T4041A;A4070G;C4113A,ORF1a:V1222D;ORF1a:L1243L;ORF1a:I1259N;ORF1a:T1269A;ORF1a:A1283D,51,976,0.0522540983606557,0,
2262026,BA.2_0.02_abundance_0.1,G4694C;C4746T;G4802T;A4957G,ORF1a:V1477L;ORF1a:S1494F;ORF1a:D1513Y;ORF1a:E1564E,17,408,0.0416666666666666,0,
2262026,BA.2_0.02_abundance_0.1,A6206G;T6287C;C6318A;G6364T;C6395G;T6407A;C6432G;C6445A,ORF1a:K1981E;ORF1a:W2008R;ORF1a:P2018Q;ORF1a:A2033A;ORF1a:L2044V;ORF1a:S2048T;ORF1a:T2056S;ORF1a:D2060E,21,255,0.0823529411764705,0,
2262026,BA.2_0.02_abundance_0.1,T6287C;C6318A;G6364T;C6395G;T6407A;C6432G;C6445A,ORF1a:W2008R;ORF1a:P2018Q;ORF1a:A2033A;ORF1a:L2044V;ORF1a:S2048T;ORF1a:T2056S;ORF1a:D2060E,7,455,0.0153846153846153,0,
2262026,BA.2_0.02_abundance_0.1,A6613C;T6614A;C6636G;A6677T;T6736A;T6747G,ORF1a:V2116V;ORF1a:L2117I;ORF1a:T2124S;ORF1a:I2138L;ORF1a:V2157V;ORF1a:L2161*,7,85,0.0823529411764705,0,
2262026,BA.2_0.02_abundance_0.1,T7666A;C7688A;G7718C;G7866A;A7896C;C7955T;A7966G,ORF1a:D2467E;ORF1a:L2475I;ORF1a:D2485H;ORF1a:G2534D;ORF1a:D2544A;ORF1a:L2564F;ORF1a:Q2567Q,42,779,0.0539152759948652,0,
2262026,BA.2_0.02_abundance_0.1,C7688A;G7718C;G7866A;A7896C;C7955T;A7966G,ORF1a:L2475I;ORF1a:D2485H;ORF1a:G2534D;ORF1a:D2544A;ORF1a:L2564F;ORF1a:Q2567Q,19,1103,0.0172257479601087,0,
2262026,BA.2_0.02_abundance_0.1,A7750C;T7828G,ORF1a:T2495T;ORF1a:F2521L,337,1306,0.2580398162327718,0,
2262026,BA.2_0.02_abundance_0.1,A7750C;A7901T,ORF1a:T2495T;ORF1a:K2546*,23,1221,0.0188370188370188,0,
2262026,BA.2_0.02_abundance_0.1,A7750C;T7828G;A7901T,ORF1a:T2495T;ORF1a:F2521L;ORF1a:K2546*,20,1221,0.0163800163800163,0,
2262026,BA.2_0.02_abundance_0.1,A8636G;G8653C;T8822C;T8902A,ORF1a:T2791A;ORF1a:M2796I;ORF1a:L2853L;ORF1a:G2879G,28,504,0.0555555555555555,0,
2262026,BA.2_0.02_abundance_0.1,G8653C;T8822C;T8902A,ORF1a:M2796I;ORF1a:L2853L;ORF1a:G2879G,9,642,0.014018691588785,0,
2262026,BA.2_0.02_abundance_0.1,A8955C;A8995T;T9043A;A9058G;A9079G;G9128C;A9236G,ORF1a:Y2897S;ORF1a:T2910T;ORF1a:S2926S;ORF1a:P2931P;ORF1a:V2938V;ORF1a:V2955L;ORF1a:R2991G,5,82,0.0609756097560975,0,
2262026,BA.2_0.02_abundance_0.1,A8955C;A8995T;T9043A;A9058G;A9079G;G9128C,ORF1a:Y2897S;ORF1a:T2910T;ORF1a:S2926S;ORF1a:P2931P;ORF1a:V2938V;ORF1a:V2955L,25,487,0.0513347022587269,0,
2262026,BA.2_0.02_abundance_0.1,A9243C;G9269T;G9321C;C9344T;C9402G;G9414A;A9424G;G9463T;T9464G;C9534T,ORF1a:E2993A;ORF1a:G3002C;ORF1a:C3019S;ORF1a:L3027F;ORF1a:S3046C;ORF1a:G3050D;ORF1a:V3053V;ORF1a:R3066S;ORF1a:F3067V;ORF1a:T3090I,14,219,0.0639269406392694,0,
2262026,BA.2_0.02_abundance_0.1,G9269T;G9321C;C9344T;C9402G;G9414A;A9424G;G9463T;T9464G;C9534T,ORF1a:G3002C;ORF1a:C3019S;ORF1a:L3027F;ORF1a:S3046C;ORF1a:G3050D;ORF1a:V3053V;ORF1a:R3066S;ORF1a:F3067V;ORF1a:T3090I,12,378,0.0317460317460317,0,
2262026,BA.2_0.02_abundance_0.1,C9344T;A9424G;C9426T;C9534T,ORF1a:L3027F;ORF1a:V3053V;ORF1a:A3054V;ORF1a:T3090I,34,378,0.0899470899470899,2,BA.5.6:1;BA.2.9:1
2262026,BA.2_0.02_abundance_0.1,C9344T;A9424G;C9426T,ORF1a:L3027F;ORF1a:V3053V;ORF1a:A3054V,7,449,0.0155902004454342,2,BA.2.9:1;BA.5.6:1
2262026,BA.2_0.02_abundance_0.1,C9344T;A9424G;G9489C;C9534T,ORF1a:L3027F;ORF1a:V3053V;ORF1a:S3075T;ORF1a:T3090I,20,378,0.0529100529100529,2,BA.2.12.1:1;BA.5.2.1:1
2262026,BA.2_0.02_abundance_0.1,C9534T;C9592G,ORF1a:T3090I;ORF1a:Y3109*,62,1926,0.0321910695742471,0,
2262026,BA.2_0.02_abundance_0.1,C9534T;C9592G;T9818A;T9823A,ORF1a:T3090I;ORF1a:Y3109*;ORF1a:L3185I;ORF1a:N3186K,27,342,0.0789473684210526,0,
2262026,BA.2_0.02_abundance_0.1,C9534T;C9592G;T9818A,ORF1a:T3090I;ORF1a:Y3109*;ORF1a:L3185I,26,873,0.0297823596792668,0,
2262026,BA.2_0.02_abundance_0.1,C10029T;A9889T,ORF1a:T3255I;ORF1a:L3208F,13,66,0.1969696969696969,0,
2262026,BA.2_0.02_abundance_0.1,C10029T;T10076G;A9889T,ORF1a:T3255I;ORF1a:F3271V;ORF1a:L3208F,6,66,0.0909090909090909,0,
2262026,BA.2_0.02_abundance_0.1,C10029T;T10076G,ORF1a:T3255I;ORF1a:F3271V,13,66,0.1969696969696969,5,AY.4:1;AY.25.1:2;AY.39:1;BA.1:1
2262026,BA.2_0.02_abundance_0.1,C10419T;G10444C;G10447A;T10534C;C10544T;G10574A;G10575C;T10598A,ORF1a:P3385L;ORF1a:M3393I;ORF1a:R3394R;ORF1a:C3423C;ORF1a:H3427Y;ORF1a:G3437S;ORF1a:G3437A;ORF1a:Y3445N,22,324,0.0679012345679012,0,
2262026,BA.2_0.02_abundance_0.1,G10850C;G10953T,ORF1a:A3529P;ORF1a:C3563F,45,1028,0.0437743190661478,0,
2262026,BA.2_0.02_abundance_0.1,G10850C;G10953T;T11038C,ORF1a:A3529P;ORF1a:C3563F;ORF1a:L3591L,12,226,0.0530973451327433,0,
2262026,BA.2_0.02_abundance_0.1,T11038C;G11055A;T11110G;G11114A;T11129C;A11279G;A11302C;C11345A,ORF1a:L3591L;ORF1a:S3597N;ORF1a:A3615A;ORF1a:G3617S;ORF1a:S3622P;ORF1a:T3672A;ORF1a:L3679L;ORF1a:L3694I,48,724,0.0662983425414364,0,
2262026,BA.2_0.02_abundance_0.1,G11055A;T11110G;G11114A;T11129C;A11279G;A11302C;C11345A,ORF1a:S3597N;ORF1a:A3615A;ORF1a:G3617S;ORF1a:S3622P;ORF1a:T3672A;ORF1a:L3679L;ORF1a:L3694I,20,1210,0.0165289256198347,0,
2262026,BA.2_0.02_abundance_0.1,C11345A;A11519G,ORF1a:L3694I;ORF1a:M3752V,52,983,0.0528992878942014,0,
2262026,BA.2_0.02_abundance_0.1,G11926C;C12043G;A12063G;A12065T;G12104C;G12185C;T12214G;A12219C,ORF1a:L3887F;ORF1a:D3926E;ORF1a:E3933G;ORF1a:M3934L;ORF1a:E3947Q;ORF1a:E3974Q;ORF1a:S3983S;ORF1a:N3985T,12,444,0.027027027027027,0,
2262026,BA.2_0.02_abundance_0.1,G11926C;C12043G;A12063G;A12065T;G12104C;G12185C;T12214G,ORF1a:L3887F;ORF1a:D3926E;ORF1a:E3933G;ORF1a:M3934L;ORF1a:E3947Q;ORF1a:E3974Q;ORF1a:S3983S,14,1082,0.0129390018484288,0,
2262026,BA.2_0.02_abundance_0.1,G11926C;C12043G;A12063G;A12065T;G12104T;G12185C;T12214G,ORF1a:L3887F;ORF1a:D3926E;ORF1a:E3933G;ORF1a:M3934L;ORF1a:E3947*;ORF1a:E3974Q;ORF1a:S3983S,17,1082,0.0157116451016635,0,
2262026,BA.2_0.02_abundance_0.1,G11926C;C12043G;A12063G;A12065T;G12104T;G12185C;T12214G;A12219C,ORF1a:L3887F;ORF1a:D3926E;ORF1a:E3933G;ORF1a:M3934L;ORF1a:E3947*;ORF1a:E3974Q;ORF1a:S3983S;ORF1a:N3985T,8,444,0.018018018018018,0,
2262026,BA.2_0.02_abundance_0.1,T11945C;G12104C,ORF1a:L3894L;ORF1a:E3947Q,88,1775,0.0495774647887323,0,
2262026,BA.2_0.02_abundance_0.1,G12185C;T12214G;A12219C;G12278C;A12324G;G12382T;G12386A;A12422G;G12428A,ORF1a:E3974Q;ORF1a:S3983S;ORF1a:N3985T;ORF1a:A4005P;ORF1a:D4020G;ORF1a:K4039N;ORF1a:D4041N;ORF1a:R4053G;ORF1a:G4055S,84,1450,0.0579310344827586,0,
2262026,BA.2_0.02_abundance_0.1,C12621G;A12762C,ORF1a:S4119*;ORF1a:D4166A,26,1103,0.0235720761559383,0,
2262026,BA.2_0.02_abundance_0.1,T12799C;T12851G;T12862A;C12880A;T12908G;A12928G;C12970G,ORF1a:G4178G;ORF1a:F4196V;ORF1a:S4199R;ORF1a:I4205I;ORF1a:F4215V;ORF1a:K4221K;ORF1a:N4235K,97,1946,0.0498458376156217,0,
2262026,BA.2_0.02_abundance_0.1,C13072A;C13130G;T13250G;G13287A;T13310C,ORF1a:F4269L;ORF1a:Q4289E;ORF1a:Y4329D;ORF1a:G4341E;ORF1a:Y4349H,46,829,0.0554885404101326,0,
2262026,BA.2_0.02_abundance_0.1,G13425T;A13535G,ORF1a:R4387L;ORF1b:Y23C,27,406,0.0665024630541872,0,
2262026,BA.2_0.02_abundance_0.1,T13710A;G13726C;T13779G;G13793T;T13800C;T13905A,ORF1b:L81L;ORF1b:V87L;ORF1b:H104Q;ORF1b:R109L;ORF1b:T111T;ORF1b:D146E,61,1278,0.0477308294209702,0,
2262026,BA.2_0.02_abundance_0.1,A14010C;G14035C;G14044C;T14094A;G14197T;C14204A;T14221A;T14222C,ORF1b:V181V;ORF1b:A190P;ORF1b:V193L;ORF1b:D209E;ORF1b:A244S;ORF1b:S246*;ORF1b:L252I;ORF1b:L252S,34,1582,0.0214917825537294,0,
2262026,BA.2_0.02_abundance_0.1,A14010C;G14044C;T14094A;G14197T;C14204A;T14221A;T14222C,ORF1b:V181V;ORF1b:V193L;ORF1b:D209E;ORF1b:A244S;ORF1b:S246*;ORF1b:L252I;ORF1b:L252S,45,1582,0.0284450063211125,0,
2262026,BA.2_0.02_abundance_0.1,G14035C;T14091G,ORF1b:A190P;ORF1b:Y208*,49,1701,0.0288065843621399,0,
2262026,BA.2_0.02_abundance_0.1,T14378C;C14408T,ORF1b:F304S;ORF1b:P314L,126,473,0.266384778012685,1,BA.1.1:1
2262026,BA.2_0.02_abundance_0.1,A14634G;C14670G;T14684C;C14703G;T14704C;C14768G;G14773T;C14842A;T14855G,ORF1b:V389V;ORF1b:V401V;ORF1b:F406S;ORF1b:D412E;ORF1b:F413L;ORF1b:A434G;ORF1b:D436Y;ORF1b:Q459K;ORF1b:V463G,13,684,0.0190058479532163,0,
2262026,BA.2_0.02_abundance_0.1,A14634G;C14670G;T14684C;T14704C;C14768G;G14773T;C14842A;T14855G;T14892G,ORF1b:V389V;ORF1b:V401V;ORF1b:F406S;ORF1b:F413L;ORF1b:A434G;ORF1b:D436Y;ORF1b:Q459K;ORF1b:V463G;ORF1b:D475E,7,104,0.0673076923076923,0,
2262026,BA.2_0.02_abundance_0.1,A14634G;C14670G;T14684C;T14704C;C14768G;G14773T;C14842A;T14855G,ORF1b:V389V;ORF1b:V401V;ORF1b:F406S;ORF1b:F413L;ORF1b:A434G;ORF1b:D436Y;ORF1b:Q459K;ORF1b:V463G,22,684,0.0321637426900584,0,
2262026,BA.2_0.02_abundance_0.1,T14946G;G14966C,ORF1b:A493A;ORF1b:W500S,11,582,0.0189003436426116,0,
2262026,BA.2_0.02_abundance_0.1,T14951A;G14966C;T14988A;T15056G;T15072G;C15134A,ORF1b:F495Y;ORF1b:W500S;ORF1b:Y507*;ORF1b:I530R;ORF1b:L535L;ORF1b:T556N,21,542,0.0387453874538745,0,
2262026,BA.2_0.02_abundance_0.1,T14951A;T14988A;T15056G;T15072G;C15134A,ORF1b:F495Y;ORF1b:Y507*;ORF1b:I530R;ORF1b:L535L;ORF1b:T556N,9,542,0.0166051660516605,0,
2262026,BA.2_0.02_abundance_0.1,T15244A;G15268T;T15281G;A15283T;C15319G;G15446A,ORF1b:L593I;ORF1b:E601*;ORF1b:L605R;ORF1b:M606L;ORF1b:P618A;ORF1b:C660Y,35,676,0.051775147928994,0,
2262026,BA.2_0.02_abundance_0.1,A15554C;G15658T;C15680A;T15682C;T15704A;C15714T;G15724T;T15784G;A15831G,ORF1b:N696T;ORF1b:D731Y;ORF1b:A738E;ORF1b:Y739H;ORF1b:M746K;ORF1b:L749L;ORF1b:A753S;ORF1b:F773V;ORF1b:A788A,134,7035,0.019047619047619,0,
2262026,BA.2_0.02_abundance_0.1,A15554C;G15658T;C15680A;T15682C;C15714T;G15724T;T15784G;A15831G,ORF1b:N696T;ORF1b:D731Y;ORF1b:A738E;ORF1b:Y739H;ORF1b:L749L;ORF1b:A753S;ORF1b:F773V;ORF1b:A788A,315,7035,0.044776119402985,0,
2262026,BA.2_0.02_abundance_0.1,T15704A;C15714T,ORF1b:M746K;ORF1b:L749L,2230,8005,0.278575890068707,0,
2262026,BA.2_0.02_abundance_0.1,T15915A;A15948C;T15978C;A16108T;T16124G,ORF1b:D816E;ORF1b:R827S;ORF1b:D837D;ORF1b:K881*;ORF1b:L886*,46,1019,0.0451422963689892,0,
2262026,BA.2_0.02_abundance_0.1,G16588C;T16743A,ORF1b:G1041R;ORF1b:V1092V,15,158,0.0949367088607595,0,
2262026,BA.2_0.02_abundance_0.1,T16820G;T16834A;T16854A;A16981T,ORF1b:I1118R;ORF1b:F1123I;ORF1b:G1129G;ORF1b:I1172F,64,857,0.0746791131855309,0,
2262026,BA.2_0.02_abundance_0.1,C17125A;A17187G;A17289T;C17372T,ORF1b:L1220I;ORF1b:L1240L;ORF1b:T1274T;ORF1b:A1302V,61,2854,0.0213735108619481,0,
2262026,BA.2_0.02_abundance_0.1,C17125A;A17187G;A17289T;C17372T;C17410T,ORF1b:L1220I;ORF1b:L1240L;ORF1b:T1274T;ORF1b:A1302V;ORF1b:R1315C,94,1840,0.0510869565217391,0,
2262026,BA.2_0.02_abundance_0.1,C17430G;G17596C;C17597A;A17629G,ORF1b:Y1321*;ORF1b:A1377P;ORF1b:A1377D;ORF1b:K1388E,9,133,0.0676691729323308,0,
2262026,BA.2_0.02_abundance_0.1,G18049T;G18090C;C18094T;A18116T;T18132G;A18153C;T18156G;A18163G;T18164C;G18194A;T18200A;A18272C,ORF1b:V1528L;ORF1b:G1541G;ORF1b:H1543Y;ORF1b:H1550L;ORF1b:T1555T;ORF1b:L1562F;ORF1b:C1563W;ORF1b:I1566V;ORF1b:I1566T;ORF1b:R1576K;ORF1b:L1578H;ORF1b:E1602A,48,833,0.0576230492196878,0,
2262026,BA.2_0.02_abundance_0.1,A18163G;A18179G,ORF1b:I1566V;ORF1b:K1571R,288,901,0.3196448390677026,190,BF.11:26;BA.1.1:79;BA.2:6;BA.2.75:6;BE.1.1:6;BA.2.12.1:4;BF.5:2;BF.7:6;BA.5.2:21;BA.1:1;BA.5.1:12;BA.5.2.1:2;BA.4.1:3;BQ.1.1:2;BA.1.14.2:1;BA.2.9:1;BA.1.1.2:1;BA.1.15:3;BA.5.2.27:1;BA.2.3:2;BQ.1.1.1:1;BA.5.2.3:1;BA.5.2.9:1;BA.1.1.1:1;BA.1.17.2:1
2262026,BA.2_0.02_abundance_0.1,T18621A;A18639T;C18681T;C18860A;T18866G;C18894G;C18917T,ORF1b:S1718S;ORF1b:K1724N;ORF1b:A1738A;ORF1b:A1798E;ORF1b:M1800R;ORF1b:C1809W;ORF1b:T1817I,14,281,0.0498220640569395,0,
2262026,BA.2_0.02_abundance_0.1,A18639T;C18681T;C18860A;T18866G;C18894G;C18917T,ORF1b:K1724N;ORF1b:A1738A;ORF1b:A1798E;ORF1b:M1800R;ORF1b:C1809W;ORF1b:T1817I,197,3893,0.0506036475725661,0,
2262026,BA.2_0.02_abundance_0.1,C19152A;C19245A,ORF1b:A1895A;ORF1b:D1926E,30,746,0.0402144772117962,0,
2262026,BA.2_0.02_abundance_0.1,C19152A;C19245A;T19260G,ORF1b:A1895A;ORF1b:D1926E;ORF1b:S1931S,14,230,0.0608695652173913,0,
2262026,BA.2_0.02_abundance_0.1,T20004A;A20009C;A20055G,ORF1b:D2179E;ORF1b:Q2181P;ORF1b:E2196E,5,78,0.0641025641025641,0,
2262026,BA.2_0.02_abundance_0.1,T20037G;A20055G,ORF1b:N2190K;ORF1b:E2196E,21,78,0.2692307692307692,0,
2262026,BA.2_0.02_abundance_0.1,T20520A;T20526G;A20546C;T20573A;A20593C;G20672T,ORF1b:D2351E;ORF1b:F2353L;ORF1b:Q2360P;ORF1b:V2369D;ORF1b:T2376P;ORF1b:W2402L,50,874,0.05720823798627,0,
2262026,BA.2_0.02_abundance_0.1,T20911A;C21013T;A21027T;G21044A;C21092G;T21111C,ORF1b:L2482I;ORF1b:H2516Y;ORF1b:K2520N;ORF1b:S2526N;ORF1b:S2542C;ORF1b:T2548T,68,1042,0.0652591170825335,0,
2262026,BA.2_0.02_abundance_0.1,T21111C;A21215G;G21227A;G21296T;C21304T;G21305C;G21316T;A21360G;G21372C;T21384G,ORF1b:T2548T;ORF1b:H2583R;ORF1b:W2587*;ORF1b:G2610V;ORF1b:R2613C;ORF1b:R2613P;ORF1b:D2617Y;ORF1b:T2631T;ORF1b:Q2635H;ORF1b:Y2639*,7,120,0.0583333333333333,0,
2262026,BA.2_0.02_abundance_0.1,A21215G;G21227A;G21296T;C21304T;G21305C;G21316T;A21360G;G21372C;T21384G,ORF1b:H2583R;ORF1b:W2587*;ORF1b:G2610V;ORF1b:R2613C;ORF1b:R2613P;ORF1b:D2617Y;ORF1b:T2631T;ORF1b:Q2635H;ORF1b:Y2639*,13,329,0.0395136778115501,0,
2262026,BA.2_0.02_abundance_0.1,T21752A;T21773C;T21813A;T21823C;A21845C;A21884G;A21900C;G21987A,S:W64R;S:S71P;S:L84Q;S:N87N;S:T95P;S:T108A;S:K113T;S:G142D,8,282,0.0283687943262411,0,
2262026,BA.2_0.02_abundance_0.1,T21752A;T21773C;T21813A;T21823C;A21845C;A21884G;A21900C,S:W64R;S:S71P;S:L84Q;S:N87N;S:T95P;S:T108A;S:K113T,5,340,0.0147058823529411,0,
2262026,BA.2_0.02_abundance_0.1,A21862C;A21875C;G21987A,S:I100I;S:I105L;S:G142D,29,282,0.1028368794326241,0,
2262026,BA.2_0.02_abundance_0.1,A21862C;A21875C,S:I100I;S:I105L,6,340,0.0176470588235294,0,
2262026,BA.2_0.02_abundance_0.1,A21862C;G21987A,S:I100I;S:G142D,15,282,0.0531914893617021,8,BA.2:4;AY.4:1;AY.43:1;BA.4:1;B.1.617.2:1
2262026,BA.2_0.02_abundance_0.1,A21875C;G21987A,S:I105L;S:G142D,148,282,0.524822695035461,38,BA.5.1.5:4;AY.85:2;AY.4:2;BF.7.4:6;AY.25.1:3;BA.2:4;AY.3:1;AY.33:3;AY.122:1;AY.125:3;XBB.1:2;BA.2.10:1;AY.25:1;AY.43:1;BA.2.3:1;AY.4.2:1;AY.101:2
2262026,BA.2_0.02_abundance_0.1,C22033G;T22200G,S:F157L;S:V213G,58,122,0.4754098360655737,19,BA.2.75:4;BA.2.12.1:10;BA.5.8:4;BA.2.22:1
2262026,BA.2_0.02_abundance_0.1,A23168G;G23273A;A23295C;C23297G;T23346C;T23374A;A23403G;G23429A,S:N536D;S:D571N;S:D578A;S:P579A;S:V595A;S:T604T;S:D614G;S:A623T,56,3466,0.0161569532602423,0,
2262026,BA.2_0.02_abundance_0.1,A23168G;G23273A;A23295C;C23297G;T23346C;T23374A;A23403G;G23429A;G23478A;A23484G,S:N536D;S:D571N;S:D578A;S:P579A;S:V595A;S:T604T;S:D614G;S:A623T;S:G639D;S:N641S,59,1143,0.0516185476815398,0,
2262026,BA.2_0.02_abundance_0.1,A23168G;G23273A;A23295C;C23297G;T23346C;T23374A;A23403G;G23429A;G23478A,S:N536D;S:D571N;S:D578A;S:P579A;S:V595A;S:T604T;S:D614G;S:A623T;S:G639D,55,2510,0.0219123505976095,0,
2262026,BA.2_0.02_abundance_0.1,A23235T;T23316A;A23403G,S:K558M;S:L585H;S:D614G,36,3487,0.0103240607972469,0,
2262026,BA.2_0.02_abundance_0.1,T23316A;A23403G,S:L585H;S:D614G,299,3488,0.0857224770642201,0,
2262026,BA.2_0.02_abundance_0.1,G23478A;A23484G;A23523T;T23582A;A23588G;T23590G;C23591A;T23599G;C23604A;G23624A;T23659C;C23700A;G23724C;G23771A,S:G639D;S:N641S;S:E654V;S:Y674N;S:T676A;S:T676T;S:Q677K;S:N679K;S:P681H;S:A688T;S:L699L;S:A713D;S:S721T;S:D737N,17,174,0.0977011494252873,0,
2262026,BA.2_0.02_abundance_0.1,A23484G;A23523T;T23582A;A23588G;T23590G;C23591A;T23599G;C23604A;G23624A;T23659C;C23700A;G23724C;G23771A,S:N641S;S:E654V;S:Y674N;S:T676A;S:T676T;S:Q677K;S:N679K;S:P681H;S:A688T;S:L699L;S:A713D;S:S721T;S:D737N,12,431,0.0278422273781902,0,
2262026,BA.2_0.02_abundance_0.1,C23844T;T23850A;T23875C;A23899C;T23943C;G23948T;T23959G;T23967A;A24002T;T24091A,S:T761I;S:L763*;S:A771A;S:Q779H;S:I794T;S:D796Y;S:G799G;S:F802Y;S:K814*;S:D843E,64,1157,0.0553154710458081,0,
2262026,BA.2_0.02_abundance_0.1,G23948T;T24030G,S:D796Y;S:F823C,94,1233,0.0762368207623682,0,
2262026,BA.2_0.02_abundance_0.1,C24204T;A24424T,S:T881I;S:Q954H,17,153,0.1111111111111111,30,BA.2:8;BA.5.2:7;BA.5.6:1;BA.4.1:1;BA.5.2.1:3;BA.2.12.1:1;BA.1.1:1;BA.2.3:6;BA.2.75:2
2262026,BA.2_0.02_abundance_0.1,A24424T;C24466T,S:Q954H;S:S968S,7,29,0.2413793103448276,471,BA.1.1.18:1;BA.1.1:36;BE.1.4.2:22;BA.2:111;BA.2.3.5:1;BC.1:3;BA.2.3.9:2;BA.2.10:5;BF.7:8;BQ.1:1;BA.5.6:33;BA.5.2.28:3;BA.1.1.1:4;BA.2.12.1:6;BQ.1.1.17:1;BA.5.2.1:21;BA.5.1.22:9;BA.4.1:4;BA.5.1:30;BE.8:1;BQ.1.13:1;BA.1.21:2;BA.1.20:2;BA.1.17.2:3;BA.5.2.7:5;BA.2.3.1:17;BD.1:1;CH.1.1:9;BA.1.15:2;BA.5.1.9:1;BA.1.18:1;BA.2.43:5;BA.4.6:2;BF.13:3;BA.5.1.12:1;BA.5.8:4;BA.5.2:36;BA.1.17:2;BA.5:4;BA.2.9:3;BQ.1.1:4;BA.2.75:3;BA.2.38:3;BA.2.3:4;BA.1.15.1:2;BA.4.2:3;XE:17;BA.2.75.2:1;BA.1:3;CK.3:6;BA.1.1.2:2;BA.2.9.5:1;BA.1.1.13:4;BA.5.2.9:1;BF.24:1;BA.1.1.15:1;BQ.1.1.13:1;BA.5.2.6:1;BQ.1.1.18:1;BA.2.18:1;BA.2.24:1;BA.4:2;BG.5:2
2262026,BA.2_0.02_abundance_0.1,A24424T;C24465T;C24466T,S:Q954H;S:S968F;S:S968S,6,29,0.2068965517241379,0,
2262026,BA.2_0.02_abundance_0.1,C24465T;C24466T,S:S968F;S:S968S,13,127,0.1023622047244094,0,
2262026,BA.2_0.02_abundance_0.1,C24904G;C25000T,S:I1114M;S:D1146D,105,3119,0.0336646361013145,36,BA.5.2.1:5;BA.5.2:2;BA.1.1:3;BA.1:1;BA.2.75:13;BQ.1:1;BA.2:6;BA.1.17.2:1;BA.5.5:1;BA.5.2.9:1;BA.1.15:1;BF.7:1
2262026,BA.2_0.02_abundance_0.1,T24951A;A24952C;C25000T,S:I1130K;S:I1130I;S:D1146D,151,3119,0.0484129528695094,0,
2262026,BA.2_0.02_abundance_0.1,C25069A;A25105T;A25109T;G25112C;T25150A;C25275A,S:I1169I;S:K1181N;S:I1183F;S:D1184H;S:S1196S;S:T1238N,55,801,0.0686641697877653,0,
2262026,BA.2_0.02_abundance_0.1,A25368C;T25402C;T25529A;C25584T;A25591G;G25599C;A25602C,S:K1269T;ORF3a:F4L;ORF3a:L46H;ORF3a:T64T;ORF3a:K67E;ORF3a:W69C;ORF3a:Q70H,77,1655,0.0465256797583081,0,
2262026,BA.2_0.02_abundance_0.1,A25965C;A25966C;T26156G;G26257C;C26270T,ORF3a:E191D;ORF3a:K192Q;ORF3a:V255G;E:V5L;E:T9I,7,96,0.0729166666666666,0,
2262026,BA.2_0.02_abundance_0.1,G26257C;C26270T;G26526T,E:V5L;E:T9I;M:A2S,30,452,0.0663716814159292,0,
2262026,BA.2_0.02_abundance_0.1,C26270T;T26331G,E:T9I;E:V29V,11,486,0.022633744855967,2,BA.2:2
2262026,BA.2_0.02_abundance_0.1,C26577G;G26709A;C26801A,M:Q19E;M:A63T;M:L93L,127,3215,0.03950233281493,554,BA.2:7;BF.5:15;BA.1.17.2:511;BA.1.1:1;BA.1.17:1;BA.1.15:5;BA.5.2:3;BE.1:1;BA.5.1:1;BA.2.9:2;BA.5.5:1;BA.2.3:2;BA.5.2.21:1;BA.5.2.10:1;BA.1:1;BA.1.18:1
2262026,BA.2_0.02_abundance_0.1,C26577G;G26709A;C26801A;C26858T,M:Q19E;M:A63T;M:L93L;M:F112F,1639,3017,0.5432548889625456,12,BA.2:7;BE.1:1;BA.2.9:2;BA.2.3:2
2262026,BA.2_0.02_abundance_0.1,C26577G;G26709A;A26759T;C26801A;C26858T,M:Q19E;M:A63T;M:G79G;M:L93L;M:F112F,171,3017,0.0566788200198873,0,
2262026,BA.2_0.02_abundance_0.1,C26577G;G26709A;A26759T;C26858T,M:Q19E;M:A63T;M:G79G;M:F112F,122,3017,0.0404375207159429,5,BA.2:1;BA.2.9:4
2262026,BA.2_0.02_abundance_0.1,G27204A;T27257G;A27259C;A27301T;G27337C;C27352A;G27361T;A27383T;T27384C;C27425T;C27476G;A27487T;C27493T,ORF6:MX;ORF6:M19R;ORF6:R20R;ORF6:N34Y;ORF6:E46Q;ORF6:Q51K;ORF6:E54*;ORF6:D61V;ORF6:D61D;ORF7a:T11I;ORF7a:T28R;ORF7a:K32*;ORF7a:P34S,16,372,0.043010752688172,0,
2262026,BA.2_0.02_abundance_0.1,G27204A;T27257G;A27259C;A27301T;G27337C;C27352A;G27361T;A27383T;T27384C;C27425T;C27476G;A27487T,ORF6:MX;ORF6:M19R;ORF6:R20R;ORF6:N34Y;ORF6:E46Q;ORF6:Q51K;ORF6:E54*;ORF6:D61V;ORF6:D61D;ORF7a:T11I;ORF7a:T28R;ORF7a:K32*,16,633,0.0252764612954186,0,
2262026,BA.2_0.02_abundance_0.1,G27204A;T27257G;A27259C;A27301T;G27337C;C27352A;G27361T;A27383T;T27384C;C27425T;C27476G,ORF6:MX;ORF6:M19R;ORF6:R20R;ORF6:N34Y;ORF6:E46Q;ORF6:Q51K;ORF6:E54*;ORF6:D61V;ORF6:D61D;ORF7a:T11I;ORF7a:T28R,8,765,0.0104575163398692,0,
2262026,BA.2_0.02_abundance_0.1,T27835G;A27867T;A27868T;G28036A;C28132A,ORF7b:I27S;ORF7b:N38Y;ORF7b:N38I;ORF8:R48K;ORF8:T80K,7,177,0.03954802259887,0,
2262026,BA.2_0.02_abundance_0.1,T27835G;A27867T;A27868T;G28036A,ORF7b:I27S;ORF7b:N38Y;ORF7b:N38I;ORF8:R48K,13,361,0.0360110803324099,0,
2262026,BA.2_0.02_abundance_0.1,C28132A;G28276C;G28307A;C28311T;C28397A,ORF8:T80K;N:MX;N:A12T;N:P13L;N:P42T,197,3124,0.0630601792573623,0,
2262026,BA.2_0.02_abundance_0.1,T28570A;A28612T;T28662A;A28696C;T28726G;A28733C,N:G99G;N:L113L;N:I130N;N:T141T;N:P151P;N:N154H,28,479,0.0584551148225469,0,
2262026,BA.2_0.02_abundance_0.1,A29012G;T29059A;A29083T;A29150T;A29209G;C29211T;C29323A;T29327G,N:T247A;N:R262R;N:V270V;N:R293*;N:S312S;N:A313V;N:V350V;N:L352V,7,236,0.0296610169491525,0,
2262026,BA.2_0.02_abundance_0.1,A29012G;T29059A;A29083T;A29150T;A29209G;C29211T;C29323A,N:T247A;N:R262R;N:V270V;N:R293*;N:S312S;N:A313V;N:V350V,8,246,0.032520325203252,0,
2262026,BA.2_0.02_abundance_0.1,T29059A;A29083T;A29150T;A29209G;C29211T;C29323A;T29327G,N:R262R;N:V270V;N:R293*;N:S312S;N:A313V;N:V350V;N:L352V,56,2689,0.0208255857195983,0,
2262026,BA.2_0.02_abundance_0.1,T29059A;A29083T;A29150T;A29209G;C29211T;C29323A,N:R262R;N:V270V;N:R293*;N:S312S;N:A313V;N:V350V,105,2825,0.0371681415929203,0,
2262026,BA.2_0.02_abundance_0.1,T29327G;A29510C,N:L352V;N:S413R,27,77,0.3506493506493506,0,
2262026,BA.2_0.02_abundance_0.1,A29356G;T29452G;T29458C;C29498T;A29510C,N:K361K;N:T393T;N:L395L;N:Q409*;N:S413R,7,146,0.047945205479452,0,
3052026,BA.2_0.02_abundance_0.1,T277C;T322C,ORF1a:L4L;ORF1a:P19P,30,271,0.1107011070110701,0,
3052026,BA.2_0.02_abundance_0.1,T380G;T484C;G495C;G545C;A652C;G663A;T670G,ORF1a:L39V;ORF1a:R73R;ORF1a:R77P;ORF1a:G94R;ORF1a:K129N;ORF1a:G133D;ORF1a:S135R,309,2887,0.1070315206096293,0,
3052026,BA.2_0.02_abundance_0.1,T670G;A752G,ORF1a:S135R;ORF1a:T163A,14,265,0.0528301886792452,14,BA.2.9:1;BA.2:9;BF.7.5:2;BE.1.1:1;BA.5.2:1
3052026,BA.2_0.02_abundance_0.1,T1029C;T1030A;T1061C;G1085T;A1120C;A1137C;A1203G;T1216C;C1284A,ORF1a:F255S;ORF1a:F255L;ORF1a:F266L;ORF1a:V274L;ORF1a:Q285H;ORF1a:K291T;ORF1a:N313S;ORF1a:L317L;ORF1a:T340N,42,2250,0.0186666666666666,0,
3052026,BA.2_0.02_abundance_0.1,T1030A;T1061C;G1085T;A1120C;A1137C;A1203G;T1216C;C1284A,ORF1a:F255L;ORF1a:F266L;ORF1a:V274L;ORF1a:Q285H;ORF1a:K291T;ORF1a:N313S;ORF1a:L317L;ORF1a:T340N,211,2250,0.0937777777777777,0,
3052026,BA.2_0.02_abundance_0.1,C1284A;T1370A;C1415G;A1431G;T1443A;C1513G;A1517C;A1566C,ORF1a:T340N;ORF1a:Y369N;ORF1a:L384V;ORF1a:N389S;ORF1a:L393*;ORF1a:C416W;ORF1a:N418H;ORF1a:N434T,118,1328,0.0888554216867469,0,
3052026,BA.2_0.02_abundance_0.1,A1866C;A1900T,ORF1a:Y534S;ORF1a:R545R,236,2444,0.0965630114566284,0,
3052026,BA.2_0.02_abundance_0.1,C2065T;T2128G;A2215G,ORF1a:Y600Y;ORF1a:Y621*;ORF1a:K650K,6,139,0.0431654676258992,0,
3052026,BA.2_0.02_abundance_0.1,C2065T;T2128G;T2181A;A2215G,ORF1a:Y600Y;ORF1a:Y621*;ORF1a:V639E;ORF1a:K650K,9,139,0.0647482014388489,0,
3052026,BA.2_0.02_abundance_0.1,T2181A;T2190G,ORF1a:V639E;ORF1a:L642R,13,153,0.0849673202614379,0,
3052026,BA.2_0.02_abundance_0.1,A2215G;A2275G;A2337T;T2481C;T2489C;C2509A,ORF1a:K650K;ORF1a:E670E;ORF1a:D691V;ORF1a:I739T;ORF1a:L742L;ORF1a:P748P,5,192,0.0260416666666666,0,
3052026,BA.2_0.02_abundance_0.1,A2215G;T2234A;A2275G;T2481C;T2489C;C2509A,ORF1a:K650K;ORF1a:C657S;ORF1a:E670E;ORF1a:I739T;ORF1a:L742L;ORF1a:P748P,5,192,0.0260416666666666,0,
3052026,BA.2_0.02_abundance_0.1,T2234A;A2337T,ORF1a:C657S;ORF1a:D691V,162,718,0.2256267409470752,0,
3052026,BA.2_0.02_abundance_0.1,T2234A;A2275G;A2337T;T2481C;T2489C;C2509A,ORF1a:C657S;ORF1a:E670E;ORF1a:D691V;ORF1a:I739T;ORF1a:L742L;ORF1a:P748P,13,676,0.0192307692307692,0,
3052026,BA.2_0.02_abundance_0.1,T2234A;A2275G;T2481C;T2489C;C2509A,ORF1a:C657S;ORF1a:E670E;ORF1a:I739T;ORF1a:L742L;ORF1a:P748P,11,676,0.0162721893491124,0,
3052026,BA.2_0.02_abundance_0.1,A2275G;A2337T;T2481C;T2489C;C2509A,ORF1a:E670E;ORF1a:D691V;ORF1a:I739T;ORF1a:L742L;ORF1a:P748P,19,676,0.0281065088757396,0,
3052026,BA.2_0.02_abundance_0.1,A2275G;T2481C;T2489C;C2509A,ORF1a:E670E;ORF1a:I739T;ORF1a:L742L;ORF1a:P748P,12,676,0.0177514792899408,0,
3052026,BA.2_0.02_abundance_0.1,T2771G;C2790T,ORF1a:Y836D;ORF1a:T842I,41,155,0.2645161290322581,0,
3052026,BA.2_0.02_abundance_0.1,C2790T;A2807T;A2825T,ORF1a:T842I;ORF1a:R848W;ORF1a:N854Y,15,155,0.0967741935483871,0,
3052026,BA.2_0.02_abundance_0.1,T2868A;A2909T;C2980A;G2993C;C3037T;T3073A;T3118A;A3132T,ORF1a:V868E;ORF1a:T882S;ORF1a:Y905*;ORF1a:E910Q;ORF1a:F924F;ORF1a:C936*;ORF1a:T951T;ORF1a:Q956L,11,119,0.0924369747899159,0,
3052026,BA.2_0.02_abundance_0.1,C3037T;A3057C,ORF1a:F924F;ORF1a:E931A,9,130,0.0692307692307692,127,BF.8:2;B.1.1.7:3;AY.25.1:55;AY.43:3;B.1.540:1;BA.4.6:1;BA.5.1.24:2;BA.1.20:1;AY.103:2;AY.44:11;BA.1.1:3;B.1.1.519:2;B.1.617.2:2;BA.2.38:1;BA.2:13;AY.4.4:1;B.1.637:1;BA.1.15:3;AY.4:1;BA.5.2.1:1;BF.27:4;AY.85:2;AY.102:1;AY.5:2;AY.116.1:4;BA.1:1;BA.5.1.1:1;BF.7.6:1;AY.39:1;BA.5.1:1
3052026,BA.2_0.02_abundance_0.1,T3256C;A3336G;A3344G;C3393A;A3414C;G3418C;A3430C;T3454A;G3483C,ORF1a:N997N;ORF1a:E1024G;ORF1a:S1027G;ORF1a:A1043E;ORF1a:K1050T;ORF1a:K1051N;ORF1a:T1055T;ORF1a:V1063V;ORF1a:G1073A,12,82,0.1463414634146341,0,
3052026,BA.2_0.02_abundance_0.1,T3930A;G3994T;T4041A;A4070G,ORF1a:V1222D;ORF1a:L1243L;ORF1a:I1259N;ORF1a:T1269A,8,614,0.013029315960912,0,
3052026,BA.2_0.02_abundance_0.1,T3930A;G3994T;T4041A;A4070G;C4113A,ORF1a:V1222D;ORF1a:L1243L;ORF1a:I1259N;ORF1a:T1269A;ORF1a:A1283D,45,546,0.0824175824175824,0,
3052026,BA.2_0.02_abundance_0.1,G4694C;C4746T;G4802T;A4957G,ORF1a:V1477L;ORF1a:S1494F;ORF1a:D1513Y;ORF1a:E1564E,54,479,0.1127348643006263,0,
3052026,BA.2_0.02_abundance_0.1,A5948G;A5970T;T5981G;T6038G;A6045G;T6053G;A6122C;C6147T;A6206G,ORF1a:K1895E;ORF1a:K1902I;ORF1a:Y1906D;ORF1a:F1925V;ORF1a:N1927S;ORF1a:F1930V;ORF1a:R1953R;ORF1a:P1961L;ORF1a:K1981E,17,144,0.1180555555555555,0,
3052026,BA.2_0.02_abundance_0.1,A6206G;T6287C;C6318A;G6364T;C6395G;T6407A;C6432G;C6445A,ORF1a:K1981E;ORF1a:W2008R;ORF1a:P2018Q;ORF1a:A2033A;ORF1a:L2044V;ORF1a:S2048T;ORF1a:T2056S;ORF1a:D2060E,10,176,0.0568181818181818,0,
3052026,BA.2_0.02_abundance_0.1,T6287C;C6318A;G6364T;C6395G;T6407A;C6432G;C6445A,ORF1a:W2008R;ORF1a:P2018Q;ORF1a:A2033A;ORF1a:L2044V;ORF1a:S2048T;ORF1a:T2056S;ORF1a:D2060E,14,300,0.0466666666666666,0,
3052026,BA.2_0.02_abundance_0.1,A6613C;T6614A;C6636G;A6677T;T6736A;T6747G,ORF1a:V2116V;ORF1a:L2117I;ORF1a:T2124S;ORF1a:I2138L;ORF1a:V2157V;ORF1a:L2161*,60,623,0.0963081861958266,0,
3052026,BA.2_0.02_abundance_0.1,A7069T;A7193C;T7202G;C7254G;C7279G;T7325C;G7331C,ORF1a:E2268D;ORF1a:T2310P;ORF1a:S2313A;ORF1a:A2330G;ORF1a:F2338L;ORF1a:F2354L;ORF1a:V2356L,37,389,0.0951156812339331,0,
3052026,BA.2_0.02_abundance_0.1,A7193C;T7202G;C7254G;C7279G;T7325C;G7331C,ORF1a:T2310P;ORF1a:S2313A;ORF1a:A2330G;ORF1a:F2338L;ORF1a:F2354L;ORF1a:V2356L,103,1495,0.0688963210702341,0,
3052026,BA.2_0.02_abundance_0.1,T7666A;C7688A;G7718C;G7866A;A7896C;C7955T;A7966G,ORF1a:D2467E;ORF1a:L2475I;ORF1a:D2485H;ORF1a:G2534D;ORF1a:D2544A;ORF1a:L2564F;ORF1a:Q2567Q,13,206,0.0631067961165048,0,
3052026,BA.2_0.02_abundance_0.1,C7688A;G7718C;G7866A;A7896C;C7955T;A7966G,ORF1a:L2475I;ORF1a:D2485H;ORF1a:G2534D;ORF1a:D2544A;ORF1a:L2564F;ORF1a:Q2567Q,10,309,0.0323624595469255,0,
3052026,BA.2_0.02_abundance_0.1,A8636G;G8653C;T8822C;T8902A,ORF1a:T2791A;ORF1a:M2796I;ORF1a:L2853L;ORF1a:G2879G,37,350,0.1057142857142857,0,
3052026,BA.2_0.02_abundance_0.1,G8653C;T8822C;T8902A,ORF1a:M2796I;ORF1a:L2853L;ORF1a:G2879G,10,429,0.0233100233100233,0,
3052026,BA.2_0.02_abundance_0.1,A8955C;A8995T;T9043A;A9058G;A9079G;G9128C,ORF1a:Y2897S;ORF1a:T2910T;ORF1a:S2926S;ORF1a:P2931P;ORF1a:V2938V;ORF1a:V2955L,54,1167,0.0462724935732647,0,
3052026,BA.2_0.02_abundance_0.1,A8955C;A8995T;T9043A;A9058G;A9079G;G9128C;T9155A,ORF1a:Y2897S;ORF1a:T2910T;ORF1a:S2926S;ORF1a:P2931P;ORF1a:V2938V;ORF1a:V2955L;ORF1a:F2964I,43,1086,0.0395948434622467,0,
3052026,BA.2_0.02_abundance_0.1,A8955C;A8995T;T9043A;A9058G;A9079G;G9128C;A9236G,ORF1a:Y2897S;ORF1a:T2910T;ORF1a:S2926S;ORF1a:P2931P;ORF1a:V2938V;ORF1a:V2955L;ORF1a:R2991G,8,210,0.0380952380952381,0,
3052026,BA.2_0.02_abundance_0.1,A8955C;A8995T;T9043A;A9058G;A9079G;G9128C;T9155A;A9236G,ORF1a:Y2897S;ORF1a:T2910T;ORF1a:S2926S;ORF1a:P2931P;ORF1a:V2938V;ORF1a:V2955L;ORF1a:F2964I;ORF1a:R2991G,7,210,0.0333333333333333,0,
3052026,BA.2_0.02_abundance_0.1,T9155A;G9216A,ORF1a:F2964I;ORF1a:C2984Y,184,1019,0.1805691854759568,0,
3052026,BA.2_0.02_abundance_0.1,A9236G;A9243C;G9269T;G9321C;C9344T;C9402G;G9414A;A9424G;G9463T;T9464G,ORF1a:R2991G;ORF1a:E2993A;ORF1a:G3002C;ORF1a:C3019S;ORF1a:L3027F;ORF1a:S3046C;ORF1a:G3050D;ORF1a:V3053V;ORF1a:R3066S;ORF1a:F3067V,5,172,0.0290697674418604,0,
3052026,BA.2_0.02_abundance_0.1,A9236G;A9243C;G9269T;G9321C;C9344T;C9402G;G9414A;A9424G;G9463T;T9464G;C9534T,ORF1a:R2991G;ORF1a:E2993A;ORF1a:G3002C;ORF1a:C3019S;ORF1a:L3027F;ORF1a:S3046C;ORF1a:G3050D;ORF1a:V3053V;ORF1a:R3066S;ORF1a:F3067V;ORF1a:T3090I,15,148,0.1013513513513513,0,
3052026,BA.2_0.02_abundance_0.1,A9243C;G9269T;G9321C;C9344T;C9402G;G9414A;A9424G;G9463T;T9464G;C9534T,ORF1a:E2993A;ORF1a:G3002C;ORF1a:C3019S;ORF1a:L3027F;ORF1a:S3046C;ORF1a:G3050D;ORF1a:V3053V;ORF1a:R3066S;ORF1a:F3067V;ORF1a:T3090I,28,421,0.0665083135391924,0,
3052026,BA.2_0.02_abundance_0.1,G9269T;G9321C;C9344T;C9402G;G9414A;A9424G;G9463T;T9464G;C9534T,ORF1a:G3002C;ORF1a:C3019S;ORF1a:L3027F;ORF1a:S3046C;ORF1a:G3050D;ORF1a:V3053V;ORF1a:R3066S;ORF1a:F3067V;ORF1a:T3090I,35,752,0.0465425531914893,0,
3052026,BA.2_0.02_abundance_0.1,C9308T;C9344T;A9424G;C9534T,ORF1a:P3015S;ORF1a:L3027F;ORF1a:V3053V;ORF1a:T3090I,43,752,0.0571808510638297,185,BF.7.6:5;BA.2.9:26;BE.1.1:3;BA.2:40;BA.5.2.1:4;BA.2.75.1:1;BA.2.12.1:16;BA.5.1.23:1;BA.5.1:16;BF.5:4;BA.5.3.2:32;BA.2.3.4:1;BA.2.3.13:1;BA.4:1;BA.4.1:1;BA.5.5:5;BA.5.2.6:2;BA.2.6:1;BA.2.23:2;XAZ:3;BQ.1.1:9;BF.21:1;BF.3:1;BA.5.2:1;BA.2.36:2;BQ.1:1;BA.4.6:1;BE.1:1;BF.10:1;BA.2.10:1;BA.5.1.22:1
3052026,BA.2_0.02_abundance_0.1,G9321C;C9344T;A9424G;C9534T,ORF1a:C3019S;ORF1a:L3027F;ORF1a:V3053V;ORF1a:T3090I,10,752,0.0132978723404255,1,BA.5.3.1:1
3052026,BA.2_0.02_abundance_0.1,C9534T;C9592G,ORF1a:T3090I;ORF1a:Y3109*,66,1223,0.0539656582174979,0,
3052026,BA.2_0.02_abundance_0.1,C9534T;A9785T,ORF1a:T3090I;ORF1a:T3174S,137,1120,0.1223214285714285,0,
3052026,BA.2_0.02_abundance_0.1,C9534T;C9592G;T9818A,ORF1a:T3090I;ORF1a:Y3109*;ORF1a:L3185I,27,577,0.046793760831889,0,
3052026,BA.2_0.02_abundance_0.1,C9534T;C9592G;T9818A;T9823A,ORF1a:T3090I;ORF1a:Y3109*;ORF1a:L3185I;ORF1a:N3186K,18,230,0.0782608695652174,0,
3052026,BA.2_0.02_abundance_0.1,C9534T;C9592G;A9785T;T9818A,ORF1a:T3090I;ORF1a:Y3109*;ORF1a:T3174S;ORF1a:L3185I,9,577,0.0155979202772963,0,
3052026,BA.2_0.02_abundance_0.1,T10387G;C10419T;G10444C;G10447A;C10449A;T10534C;C10544T;G10574A;G10575C;T10598A,ORF1a:T3374T;ORF1a:P3385L;ORF1a:M3393I;ORF1a:R3394R;ORF1a:P3395H;ORF1a:C3423C;ORF1a:H3427Y;ORF1a:G3437S;ORF1a:G3437A;ORF1a:Y3445N,18,171,0.1052631578947368,0,
3052026,BA.2_0.02_abundance_0.1,C10419T;G10444C;G10447A;C10449A;T10534C;C10544T;G10574A;G10575C;T10598A,ORF1a:P3385L;ORF1a:M3393I;ORF1a:R3394R;ORF1a:P3395H;ORF1a:C3423C;ORF1a:H3427Y;ORF1a:G3437S;ORF1a:G3437A;ORF1a:Y3445N,208,2686,0.0774385703648548,0,
3052026,BA.2_0.02_abundance_0.1,T10428A;G10447A;C10449A,ORF1a:V3388D;ORF1a:R3394R;ORF1a:P3395H,169,2686,0.0629188384214445,0,
3052026,BA.2_0.02_abundance_0.1,G10447A;C10449A;T10528A,ORF1a:R3394R;ORF1a:P3395H;ORF1a:S3421S,242,2686,0.090096798212956,45,BF.7:43;BA.5.2:1;BA.2:1
3052026,BA.2_0.02_abundance_0.1,G10850C;G10953T,ORF1a:A3529P;ORF1a:C3563F,77,1116,0.0689964157706093,0,
3052026,BA.2_0.02_abundance_0.1,G10850C;G10953T;T11038C,ORF1a:A3529P;ORF1a:C3563F;ORF1a:L3591L,28,272,0.1029411764705882,0,
3052026,BA.2_0.02_abundance_0.1,T11038C;G11055A;T11110G;G11114A;T11129C;A11279G;A11302C,ORF1a:L3591L;ORF1a:S3597N;ORF1a:A3615A;ORF1a:G3617S;ORF1a:S3622P;ORF1a:T3672A;ORF1a:L3679L,14,670,0.0208955223880597,0,
3052026,BA.2_0.02_abundance_0.1,T11038C;G11055A;T11110G;G11114A;T11129C;A11279G;A11302C;C11345A,ORF1a:L3591L;ORF1a:S3597N;ORF1a:A3615A;ORF1a:G3617S;ORF1a:S3622P;ORF1a:T3672A;ORF1a:L3679L;ORF1a:L3694I,49,583,0.0840480274442538,0,
3052026,BA.2_0.02_abundance_0.1,G11055A;T11110G;G11114A;T11129C;A11279G;A11302C;C11345A,ORF1a:S3597N;ORF1a:A3615A;ORF1a:G3617S;ORF1a:S3622P;ORF1a:T3672A;ORF1a:L3679L;ORF1a:L3694I,30,927,0.0323624595469255,0,
3052026,BA.2_0.02_abundance_0.1,C11345A;A11519G,ORF1a:L3694I;ORF1a:M3752V,20,470,0.0425531914893617,0,
3052026,BA.2_0.02_abundance_0.1,C11345A;A11519G;G11649A,ORF1a:L3694I;ORF1a:M3752V;ORF1a:G3795D,25,315,0.0793650793650793,0,
3052026,BA.2_0.02_abundance_0.1,A11519G;G11649A,ORF1a:M3752V;ORF1a:G3795D,20,536,0.0373134328358208,0,
3052026,BA.2_0.02_abundance_0.1,G11649A;A11749T;G11800C,ORF1a:G3795D;ORF1a:L3828L;ORF1a:L3845F,5,74,0.0675675675675675,0,
3052026,BA.2_0.02_abundance_0.1,G11926C;C12043G;A12063G;A12065T;G12104T;G12185C;T12214G;A12219C,ORF1a:L3887F;ORF1a:D3926E;ORF1a:E3933G;ORF1a:M3934L;ORF1a:E3947*;ORF1a:E3974Q;ORF1a:S3983S;ORF1a:N3985T,59,576,0.1024305555555555,0,
3052026,BA.2_0.02_abundance_0.1,G11926C;C12043G;A12063G;A12065T;G12104T;G12185C,ORF1a:L3887F;ORF1a:D3926E;ORF1a:E3933G;ORF1a:M3934L;ORF1a:E3947*;ORF1a:E3974Q,78,1992,0.0391566265060241,0,
3052026,BA.2_0.02_abundance_0.1,G11926C;C12043G;A12063G;A12065T;G12104T;T12169C;G12185C;T12214G;A12219C,ORF1a:L3887F;ORF1a:D3926E;ORF1a:E3933G;ORF1a:M3934L;ORF1a:E3947*;ORF1a:V3968V;ORF1a:E3974Q;ORF1a:S3983S;ORF1a:N3985T,7,576,0.0121527777777777,0,
3052026,BA.2_0.02_abundance_0.1,G11926C;C12043G;A12063G;A12065T;G12104T;G12185C;T12214G,ORF1a:L3887F;ORF1a:D3926E;ORF1a:E3933G;ORF1a:M3934L;ORF1a:E3947*;ORF1a:E3974Q;ORF1a:S3983S,53,1313,0.0403655750190403,0,
3052026,BA.2_0.02_abundance_0.1,T12169C;A12359C,ORF1a:V3968V;ORF1a:M4032L,9,676,0.0133136094674556,0,
3052026,BA.2_0.02_abundance_0.1,G12185C;T12214G;A12219C;G12278C;A12324G;G12382T;G12386A;A12422G;G12428A,ORF1a:E3974Q;ORF1a:S3983S;ORF1a:N3985T;ORF1a:A4005P;ORF1a:D4020G;ORF1a:K4039N;ORF1a:D4041N;ORF1a:R4053G;ORF1a:G4055S,48,659,0.0728376327769347,0,
3052026,BA.2_0.02_abundance_0.1,G12185C;T12214G;A12219C;G12278C;A12324G;T12375C;G12382T;G12386A;A12422G;G12428A,ORF1a:E3974Q;ORF1a:S3983S;ORF1a:N3985T;ORF1a:A4005P;ORF1a:D4020G;ORF1a:L4037P;ORF1a:K4039N;ORF1a:D4041N;ORF1a:R4053G;ORF1a:G4055S,13,659,0.0197268588770864,0,
3052026,BA.2_0.02_abundance_0.1,G12185C;T12214G;A12219C;G12278C;A12324G,ORF1a:E3974Q;ORF1a:S3983S;ORF1a:N3985T;ORF1a:A4005P;ORF1a:D4020G,10,737,0.0135685210312075,0,
3052026,BA.2_0.02_abundance_0.1,A12359C;A12381T,ORF1a:M4032L;ORF1a:K4039M,8,676,0.0118343195266272,0,
3052026,BA.2_0.02_abundance_0.1,A12359C;T12375C,ORF1a:M4032L;ORF1a:L4037P,45,676,0.0665680473372781,0,
3052026,BA.2_0.02_abundance_0.1,T12375C;A12381T,ORF1a:L4037P;ORF1a:K4039M,7,676,0.0103550295857988,0,
3052026,BA.2_0.02_abundance_0.1,T12799C;T12851G;T12862A;C12880A;T12908G;A12928G;C12970G,ORF1a:G4178G;ORF1a:F4196V;ORF1a:S4199R;ORF1a:I4205I;ORF1a:F4215V;ORF1a:K4221K;ORF1a:N4235K,115,1256,0.0915605095541401,0,
3052026,BA.2_0.02_abundance_0.1,C13072A;C13130G;C13217A;T13250G;G13287A;T13310C,ORF1a:F4269L;ORF1a:Q4289E;ORF1a:Q4318K;ORF1a:Y4329D;ORF1a:G4341E;ORF1a:Y4349H,103,2728,0.0377565982404692,0,
3052026,BA.2_0.02_abundance_0.1,C13072A;C13130G;T13250G;G13287A;T13310C,ORF1a:F4269L;ORF1a:Q4289E;ORF1a:Y4329D;ORF1a:G4341E;ORF1a:Y4349H,109,2728,0.0399560117302052,0,
3052026,BA.2_0.02_abundance_0.1,C13072A;C13130G;C13217A;T13250G;G13287A;T13289G;T13310C,ORF1a:F4269L;ORF1a:Q4289E;ORF1a:Q4318K;ORF1a:Y4329D;ORF1a:G4341E;ORF1a:F4342V;ORF1a:Y4349H,31,2728,0.0113636363636363,0,
3052026,BA.2_0.02_abundance_0.1,C13072A;C13130G;T13250G;G13287A;T13289G;T13310C,ORF1a:F4269L;ORF1a:Q4289E;ORF1a:Y4329D;ORF1a:G4341E;ORF1a:F4342V;ORF1a:Y4349H,40,2728,0.0146627565982404,0,
3052026,BA.2_0.02_abundance_0.1,G13074C;T13289G,ORF1a:C4270S;ORF1a:F4342V,102,2730,0.0373626373626373,0,
3052026,BA.2_0.02_abundance_0.1,G13425T;A13535G,ORF1a:R4387L;ORF1b:Y23C,49,708,0.0692090395480226,0,
3052026,BA.2_0.02_abundance_0.1,G13425T;G13475C;A13535G,ORF1a:R4387L;ORF1b:C3S;ORF1b:Y23C,10,708,0.0141242937853107,0,
3052026,BA.2_0.02_abundance_0.1,T13710A;G13726C;T13779G;G13793T;T13800C;T13905A,ORF1b:L81L;ORF1b:V87L;ORF1b:H104Q;ORF1b:R109L;ORF1b:T111T;ORF1b:D146E,82,727,0.1127922971114167,0,
3052026,BA.2_0.02_abundance_0.1,A14010C;G14044C;T14094A;G14197T;C14204A;T14221A;T14222C,ORF1b:V181V;ORF1b:V193L;ORF1b:D209E;ORF1b:A244S;ORF1b:S246*;ORF1b:L252I;ORF1b:L252S,68,691,0.0984081041968162,0,
3052026,BA.2_0.02_abundance_0.1,T14360G;C14408T,ORF1b:I298S;ORF1b:P314L,93,220,0.4227272727272727,18,B.1.1:2;B.1.525:7;B.1.1.7:2;AY.4:3;B.1.617.2:2;AY.68:1;BA.2:1
3052026,BA.2_0.02_abundance_0.1,A14634G;C14670G;T14684C;T14704C;C14768G;G14773T;C14842A;T14855G,ORF1b:V389V;ORF1b:V401V;ORF1b:F406S;ORF1b:F413L;ORF1b:A434G;ORF1b:D436Y;ORF1b:Q459K;ORF1b:V463G,89,1161,0.0766580534022394,0,
3052026,BA.2_0.02_abundance_0.1,A14634G;C14670G;T14684C;T14704C;C14768G;G14773T;C14842A;T14855G;T14892G,ORF1b:V389V;ORF1b:V401V;ORF1b:F406S;ORF1b:F413L;ORF1b:A434G;ORF1b:D436Y;ORF1b:Q459K;ORF1b:V463G;ORF1b:D475E,15,176,0.0852272727272727,0,
3052026,BA.2_0.02_abundance_0.1,T14951A;T14988A;T15056G;T15072G;C15134A,ORF1b:F495Y;ORF1b:Y507*;ORF1b:I530R;ORF1b:L535L;ORF1b:T556N,11,95,0.1157894736842105,0,
3052026,BA.2_0.02_abundance_0.1,T15244A;G15268T;T15281G;A15283T;C15319G;G15446A,ORF1b:L593I;ORF1b:E601*;ORF1b:L605R;ORF1b:M606L;ORF1b:P618A;ORF1b:C660Y,55,812,0.0677339901477832,0,
3052026,BA.2_0.02_abundance_0.1,A15554C;G15658T;C15680A;T15682C;C15714T;G15724T;T15784G;T15816G;A15831G,ORF1b:N696T;ORF1b:D731Y;ORF1b:A738E;ORF1b:Y739H;ORF1b:L749L;ORF1b:A753S;ORF1b:F773V;ORF1b:V783V;ORF1b:A788A,260,3450,0.0753623188405797,0,
3052026,BA.2_0.02_abundance_0.1,A15554C;G15658T;C15680A;T15682C;C15714T;G15724T;T15784G;A15831G,ORF1b:N696T;ORF1b:D731Y;ORF1b:A738E;ORF1b:Y739H;ORF1b:L749L;ORF1b:A753S;ORF1b:F773V;ORF1b:A788A,89,3450,0.0257971014492753,0,
3052026,BA.2_0.02_abundance_0.1,A15668G;C15714T;T15816G,ORF1b:N734S;ORF1b:L749L;ORF1b:V783V,81,3648,0.022203947368421,0,
3052026,BA.2_0.02_abundance_0.1,C15714T;T15816G,ORF1b:L749L;ORF1b:V783V,2236,3648,0.6129385964912281,0,
3052026,BA.2_0.02_abundance_0.1,T15915A;A15948C;T15978C;A16108T;T16124G,ORF1b:D816E;ORF1b:R827S;ORF1b:D837D;ORF1b:K881*;ORF1b:L886*,207,2106,0.0982905982905982,0,
3052026,BA.2_0.02_abundance_0.1,C16215G;G16259C;A16296C;G16336T;A16421C;T16444A;C16469A,ORF1b:Y916*;ORF1b:C931S;ORF1b:I943I;ORF1b:V957F;ORF1b:Q985P;ORF1b:Y993N;ORF1b:P1001H,11,62,0.1774193548387097,0,
3052026,BA.2_0.02_abundance_0.1,T16820G;T16834A;T16854A;A16981T,ORF1b:I1118R;ORF1b:F1123I;ORF1b:G1129G;ORF1b:I1172F,185,1799,0.1028349082823791,0,
3052026,BA.2_0.02_abundance_0.1,T16820G;T16834A;T16854A;A16981T;C17125A,ORF1b:I1118R;ORF1b:F1123I;ORF1b:G1129G;ORF1b:I1172F;ORF1b:L1220I,5,65,0.0769230769230769,0,
3052026,BA.2_0.02_abundance_0.1,C17125A;A17187G;A17289T;C17372T;C17410T,ORF1b:L1220I;ORF1b:L1240L;ORF1b:T1274T;ORF1b:A1302V;ORF1b:R1315C,185,2037,0.0908198330878743,0,
3052026,BA.2_0.02_abundance_0.1,C17125A;A17187G;A17289T;C17372T,ORF1b:L1220I;ORF1b:L1240L;ORF1b:T1274T;ORF1b:A1302V,129,3107,0.0415191503057611,0,
3052026,BA.2_0.02_abundance_0.1,C17125A;A17187G;A17289T;C17372T;C17410T;C17430G,ORF1b:L1220I;ORF1b:L1240L;ORF1b:T1274T;ORF1b:A1302V;ORF1b:R1315C;ORF1b:Y1321*,7,43,0.1627906976744186,0,
3052026,BA.2_0.02_abundance_0.1,C17410T;C17430G;G17596C;C17597A;A17629G;T17670G;A17691C;A17697G,ORF1b:R1315C;ORF1b:Y1321*;ORF1b:A1377P;ORF1b:A1377D;ORF1b:K1388E;ORF1b:G1401G;ORF1b:S1408S;ORF1b:A1410A,5,99,0.0505050505050505,0,
3052026,BA.2_0.02_abundance_0.1,C17430G;G17596C;C17597A;A17629G;T17670G;A17691C;A17697G,ORF1b:Y1321*;ORF1b:A1377P;ORF1b:A1377D;ORF1b:K1388E;ORF1b:G1401G;ORF1b:S1408S;ORF1b:A1410A,72,900,0.08,0,
3052026,BA.2_0.02_abundance_0.1,G18002T;A18163G,ORF1b:S1512I;ORF1b:I1566V,5,138,0.036231884057971,44,BA.1.1:12;BA.2:2;BA.1.15.1:5;BA.1:2;BA.1.17:1;BF.7:2;BA.4.1:4;BA.2.75:2;BA.2.12.1:1;BA.1.17.2:3;BN.1.3:1;BA.5.2:3;BA.1.18:1;BA.5.1.1:1;BA.5.1.5:2;BA.2.3.20:1;BA.5:1
3052026,BA.2_0.02_abundance_0.1,G18007A;A18163G,ORF1b:E1514K;ORF1b:I1566V,45,317,0.1419558359621451,42,BA.5.9:1;CN.1:2;BF.7.5:4;BA.1:4;BA.1.1:11;BA.2.12.1:3;BQ.1.1.22:2;BA.2.9:2;BA.1.1.1:5;XBB.1.5:2;BF.31:1;BA.1.17.2:2;BA.2.3:1;BA.1.15:1;BA.2:1
3052026,BA.2_0.02_abundance_0.1,G18049T;G18090C;C18094T;A18116T;T18132G;A18153C;T18156G;A18163G;T18164C;G18194A;T18200A;A18272C,ORF1b:V1528L;ORF1b:G1541G;ORF1b:H1543Y;ORF1b:H1550L;ORF1b:T1555T;ORF1b:L1562F;ORF1b:C1563W;ORF1b:I1566V;ORF1b:I1566T;ORF1b:R1576K;ORF1b:L1578H;ORF1b:E1602A,35,368,0.0951086956521739,0,
3052026,BA.2_0.02_abundance_0.1,G18340C;C18356T;A18378C;T18537A;A18556G;G18578C;A18611G;T18621A,ORF1b:V1625L;ORF1b:P1630L;ORF1b:T1637T;ORF1b:I1690I;ORF1b:T1697A;ORF1b:R1704T;ORF1b:E1715G;ORF1b:S1718S,11,306,0.0359477124183006,0,
3052026,BA.2_0.02_abundance_0.1,C18356T;A18378C;T18537A;A18556G;G18578C;A18611G;T18621A,ORF1b:P1630L;ORF1b:T1637T;ORF1b:I1690I;ORF1b:T1697A;ORF1b:R1704T;ORF1b:E1715G;ORF1b:S1718S,17,306,0.0555555555555555,0,
3052026,BA.2_0.02_abundance_0.1,T18621A;A18639T;C18681T;C18860A;T18866G;C18894G;C18917T,ORF1b:S1718S;ORF1b:K1724N;ORF1b:A1738A;ORF1b:A1798E;ORF1b:M1800R;ORF1b:C1809W;ORF1b:T1817I,25,183,0.1366120218579235,0,
3052026,BA.2_0.02_abundance_0.1,A18639T;C18681T;C18860A;T18866G;C18894G;C18917T,ORF1b:K1724N;ORF1b:A1738A;ORF1b:A1798E;ORF1b:M1800R;ORF1b:C1809W;ORF1b:T1817I,231,2471,0.093484419263456,0,
3052026,BA.2_0.02_abundance_0.1,T20520A;T20526G;A20546C;T20573A;A20593C;G20672T,ORF1b:D2351E;ORF1b:F2353L;ORF1b:Q2360P;ORF1b:V2369D;ORF1b:T2376P;ORF1b:W2402L,21,168,0.125,0,
3052026,BA.2_0.02_abundance_0.1,T20911A;C21013T;A21027T;G21044A;C21092G;T21111C,ORF1b:L2482I;ORF1b:H2516Y;ORF1b:K2520N;ORF1b:S2526N;ORF1b:S2542C;ORF1b:T2548T,145,1454,0.0997248968363136,0,
3052026,BA.2_0.02_abundance_0.1,T21111C;A21215G;G21227A;G21296T;C21304T;G21305C;G21316T;A21360G;G21372C;T21384G,ORF1b:T2548T;ORF1b:H2583R;ORF1b:W2587*;ORF1b:G2610V;ORF1b:R2613C;ORF1b:R2613P;ORF1b:D2617Y;ORF1b:T2631T;ORF1b:Q2635H;ORF1b:Y2639*,12,281,0.0427046263345195,0,
3052026,BA.2_0.02_abundance_0.1,T21111C;C21143G;A21215G;G21227A;G21296T;C21304T;G21305C;G21316T;A21360G;G21372C;T21384G,ORF1b:T2548T;ORF1b:A2559G;ORF1b:H2583R;ORF1b:W2587*;ORF1b:G2610V;ORF1b:R2613C;ORF1b:R2613P;ORF1b:D2617Y;ORF1b:T2631T;ORF1b:Q2635H;ORF1b:Y2639*,11,281,0.0391459074733096,0,
3052026,BA.2_0.02_abundance_0.1,C21143G;T21246A,ORF1b:A2559G;ORF1b:N2593K,237,785,0.3019108280254777,0,
3052026,BA.2_0.02_abundance_0.1,C21143G;A21215G;G21227A;G21296T;C21304T;G21305C;G21316T;A21360G;G21372C;T21384G,ORF1b:A2559G;ORF1b:H2583R;ORF1b:W2587*;ORF1b:G2610V;ORF1b:R2613C;ORF1b:R2613P;ORF1b:D2617Y;ORF1b:T2631T;ORF1b:Q2635H;ORF1b:Y2639*,16,726,0.0220385674931129,0,
3052026,BA.2_0.02_abundance_0.1,A21215G;G21227A;G21296T;C21304T;G21305C;G21316T;A21360G;G21372C;T21384G,ORF1b:H2583R;ORF1b:W2587*;ORF1b:G2610V;ORF1b:R2613C;ORF1b:R2613P;ORF1b:D2617Y;ORF1b:T2631T;ORF1b:Q2635H;ORF1b:Y2639*,19,726,0.0261707988980716,0,
3052026,BA.2_0.02_abundance_0.1,A21215G;G21227A;G21296T;C21304T;G21305C;G21316T;A21360G;G21372C;T21384G;G21422A,ORF1b:H2583R;ORF1b:W2587*;ORF1b:G2610V;ORF1b:R2613C;ORF1b:R2613P;ORF1b:D2617Y;ORF1b:T2631T;ORF1b:Q2635H;ORF1b:Y2639*;ORF1b:R2652K,5,83,0.0602409638554216,0,
3052026,BA.2_0.02_abundance_0.1,T21246A;C21263T,ORF1b:N2593K;ORF1b:S2599F,10,785,0.0127388535031847,0,
3052026,BA.2_0.02_abundance_0.1,A21713C;T21756A;G21987A,S:T51P;S:F65Y;S:G142D,8,396,0.0202020202020202,0,
3052026,BA.2_0.02_abundance_0.1,T21752A;T21773C;T21813A;T21823C;A21845C;A21884G;A21900C,S:W64R;S:S71P;S:L84Q;S:N87N;S:T95P;S:T108A;S:K113T,8,485,0.0164948453608247,0,
3052026,BA.2_0.02_abundance_0.1,T21752A;T21773C;T21813A;T21823C;A21845C;A21884G;A21900C;C21978T;A21979T;T21980G;G21987A,S:W64R;S:S71P;S:L84Q;S:N87N;S:T95P;S:T108A;S:K113T;S:P139L;S:P139P;S:F140V;S:G142D,34,396,0.0858585858585858,0,
3052026,BA.2_0.02_abundance_0.1,T22200G;C22250G,S:V213G;S:P230A,104,389,0.2673521850899742,0,
3052026,BA.2_0.02_abundance_0.1,T22200G;C22290T,S:V213G;S:A243V,73,369,0.1978319783197832,13,BF.10:2;BA.2:2;BA.5.2:2;BF.4:2;BA.5.5:1;BA.5.1:2;BA.5.10:1;BA.5:1
3052026,BA.2_0.02_abundance_0.1,T22200G;C22250G;C22290T,S:V213G;S:P230A;S:A243V,51,369,0.1382113821138211,0,
3052026,BA.2_0.02_abundance_0.1,A23168G;G23273A;A23295C;C23297G;T23346C;T23374A;A23403G;G23429A;G23478A;A23484G,S:N536D;S:D571N;S:D578A;S:P579A;S:V595A;S:T604T;S:D614G;S:A623T;S:G639D;S:N641S,54,605,0.0892561983471074,0,
3052026,BA.2_0.02_abundance_0.1,A23168G;G23273A;A23295C;C23297G;T23346C;T23374A;A23403G;G23429A,S:N536D;S:D571N;S:D578A;S:P579A;S:V595A;S:T604T;S:D614G;S:A623T,52,1906,0.0272822665267576,0,
3052026,BA.2_0.02_abundance_0.1,A23168G;G23273A;A23295C;C23297G;T23346C;T23374A;A23403G;G23429A;G23478A,S:N536D;S:D571N;S:D578A;S:P579A;S:V595A;S:T604T;S:D614G;S:A623T;S:G639D,81,1384,0.0585260115606936,0,
3052026,BA.2_0.02_abundance_0.1,G23478A;A23484G;A23523T;T23582A;A23588G;T23590G;C23591A;T23599G;C23604A;G23624A;T23659C;C23700A;G23724C;G23771A,S:G639D;S:N641S;S:E654V;S:Y674N;S:T676A;S:T676T;S:Q677K;S:N679K;S:P681H;S:A688T;S:L699L;S:A713D;S:S721T;S:D737N,11,148,0.0743243243243243,0,
3052026,BA.2_0.02_abundance_0.1,A23484G;A23523T;T23582A;A23588G;T23590G;C23591A;T23599G;C23604A;G23624A;T23659C;C23700A;G23724C;G23771A,S:N641S;S:E654V;S:Y674N;S:T676A;S:T676T;S:Q677K;S:N679K;S:P681H;S:A688T;S:L699L;S:A713D;S:S721T;S:D737N,23,420,0.0547619047619047,0,
3052026,BA.2_0.02_abundance_0.1,A23523T;T23582A;A23588G;T23590G;C23591A;T23599G;C23604A;G23624A;T23659C;C23700A;G23724C;G23771A,S:E654V;S:Y674N;S:T676A;S:T676T;S:Q677K;S:N679K;S:P681H;S:A688T;S:L699L;S:A713D;S:S721T;S:D737N,9,512,0.017578125,0,
3052026,BA.2_0.02_abundance_0.1,C23556A;T23599G;C23604A,S:P665H;S:N679K;S:P681H,172,555,0.3099099099099099,1,BA.1.1:1
3052026,BA.2_0.02_abundance_0.1,C23844T;T23850A;C23854A;T23875C;A23899C;T23943C;G23948T;T23959G;T23967A;A24002T;T24091A,S:T761I;S:L763*;S:N764K;S:A771A;S:Q779H;S:I794T;S:D796Y;S:G799G;S:F802Y;S:K814*;S:D843E,24,281,0.0854092526690391,0,
3052026,BA.2_0.02_abundance_0.1,A24424T;T24447G;T24460G;T24511A;T24622C;C24632G;A24674G,S:Q954H;S:L962R;S:L966L;S:R983R;S:A1020A;S:L1024V;S:K1038E,5,72,0.0694444444444444,0,
3052026,BA.2_0.02_abundance_0.1,T24447G;T24460G;T24511A;T24622C;C24632G;A24674G,S:L962R;S:L966L;S:R983R;S:A1020A;S:L1024V;S:K1038E,30,322,0.093167701863354,0,
3052026,BA.2_0.02_abundance_0.1,C24795A;C25000T,S:A1078D;S:D1146D,144,601,0.2396006655574043,0,
3052026,BA.2_0.02_abundance_0.1,C24795A;T24951A;A24952C;C25000T,S:A1078D;S:I1130K;S:I1130I;S:D1146D,12,601,0.0199667221297836,0,
3052026,BA.2_0.02_abundance_0.1,T24951A;A24952C;C25000T,S:I1130K;S:I1130I;S:D1146D,38,602,0.0631229235880398,0,
3052026,BA.2_0.02_abundance_0.1,C25069A;A25105T;A25109T;G25112C;T25150A;C25275A,S:I1169I;S:K1181N;S:I1183F;S:D1184H;S:S1196S;S:T1238N,46,750,0.0613333333333333,0,
3052026,BA.2_0.02_abundance_0.1,A25368C;T25402C;T25529A;C25584T;A25591G;G25599C;A25602C,S:K1269T;ORF3a:F4L;ORF3a:L46H;ORF3a:T64T;ORF3a:K67E;ORF3a:W69C;ORF3a:Q70H,216,2473,0.0873433077234128,0,
3052026,BA.2_0.02_abundance_0.1,A25664G;C25685G;T25707G;T25722C;T25813G;A25826C;T25870G;T25887A;T25893A;C25924A,ORF3a:Y91C;ORF3a:A98G;ORF3a:F105L;ORF3a:A110A;ORF3a:Y141D;ORF3a:Y145S;ORF3a:Y160D;ORF3a:S165S;ORF3a:I167I;ORF3a:P178T,11,123,0.089430894308943,0,
3052026,BA.2_0.02_abundance_0.1,A25965C;A25966C,ORF3a:E191D;ORF3a:K192Q,5,367,0.0136239782016348,0,
3052026,BA.2_0.02_abundance_0.1,A25965C;A25966C;T26156G;T26163G;G26257C;C26270T,ORF3a:E191D;ORF3a:K192Q;ORF3a:V255G;ORF3a:N257K;E:V5L;E:T9I,7,259,0.027027027027027,0,
3052026,BA.2_0.02_abundance_0.1,A25965C;A25966C;T26156G;G26257C;C26270T,ORF3a:E191D;ORF3a:K192Q;ORF3a:V255G;E:V5L;E:T9I,19,259,0.0733590733590733,0,
3052026,BA.2_0.02_abundance_0.1,A25965C;A25966C;A26001G;T26156G;G26257C;C26270T,ORF3a:E191D;ORF3a:K192Q;ORF3a:L203L;ORF3a:V255G;E:V5L;E:T9I,7,259,0.027027027027027,0,
3052026,BA.2_0.02_abundance_0.1,A26001G;C26270T,ORF3a:L203L;E:T9I,74,259,0.2857142857142857,60,BA.5.1:18;BA.1.18:1;BA.2.3:2;BA.1.1.14:3;BA.1:5;BA.2:16;BA.1.17.2:3;BA.1.1:6;BA.5.2.1:3;BA.5.2:1;BA.2.9:1;BA.2.3.13:1
3052026,BA.2_0.02_abundance_0.1,A26001G;T26163G;C26270T,ORF3a:L203L;ORF3a:N257K;E:T9I,12,259,0.0463320463320463,0,
3052026,BA.2_0.02_abundance_0.1,A26001G;T26163G,ORF3a:L203L;ORF3a:N257K,5,343,0.0145772594752186,1,B.1.1.7:1
3052026,BA.2_0.02_abundance_0.1,T26163G;C26270T,ORF3a:N257K;E:T9I,22,259,0.0849420849420849,126,BA.2:88;BA.2.9:24;BA.2.75:1;BA.5.2.1:3;BA.1.1:1;BA.1:1;BA.5.2:1;BA.1.17.2:1;BA.2.12.1:2;BA.1.15:1;XAZ:1;BA.2.3:2
3052026,BA.2_0.02_abundance_0.1,G26257C;C26270T;G26526T,E:V5L;E:T9I;M:A2S,55,580,0.0948275862068965,0,
3052026,BA.2_0.02_abundance_0.1,C26270T;A26386C,E:T9I;E:N48H,58,639,0.0907668231611893,1,BA.1:1
3052026,BA.2_0.02_abundance_0.1,C26577G;C26688T;G26709A,M:Q19E;M:L56L;M:A63T,161,3579,0.0449846325789326,978,BA.2.18:6;BA.5.2.31:6;BA.2.75:2;BQ.1:1;BA.1.1:11;BA.5.2.21:3;BA.5.2.1:5;BA.2:6;BA.5.1:3;BA.4.6:2;BA.5.2:736;BQ.1.1:3;BE.1:27;BA.2.9:1;BE.1.1:3;BA.5.2.18:131;BA.1:6;BA.2.65:1;BA.5.2.22:2;BA.5.2.12:2;BA.5.2.28:2;BA.2.37:1;BA.5.2.20:1;BF.6:3;BQ.1.10:2;BA.1.15:1;BA.2.3:1;BA.2.10:1;BF.17:2;BA.5.2.24:1;BA.1.18:2;BF.3:1;BA.5.2.8:2;CH.1.1:1
3052026,BA.2_0.02_abundance_0.1,C26577G;C26688T;G26709A;C26858T,M:Q19E;M:L56L;M:A63T;M:F112F,1039,3160,0.3287974683544303,23,BA.2.18:6;BA.2.75:2;BA.2:6;BA.4.6:2;BA.2.9:1;BA.2.65:1;BA.2.37:1;BA.2.3:1;BA.2.10:1;BA.5.2:1;CH.1.1:1
3052026,BA.2_0.02_abundance_0.1,C26577G;C26688T;G26709A;G26832T;C26858T,M:Q19E;M:L56L;M:A63T;M:A104S;M:F112F,198,3160,0.0626582278481012,0,
3052026,BA.2_0.02_abundance_0.1,C26577G;G26709A;G26832T;C26858T,M:Q19E;M:A63T;M:A104S;M:F112F,225,3160,0.0712025316455696,21,BA.2:13;BA.4.1:2;BA.2.3.7:1;BA.2.22:2;BA.2.9:1;BA.2.12.1:1;BA.2.38:1
3052026,BA.2_0.02_abundance_0.1,C26577G;C26688T;G26709A;G26784T;C26858T,M:Q19E;M:L56L;M:A63T;M:V88L;M:F112F,158,3160,0.05,0,
3052026,BA.2_0.02_abundance_0.1,C26577G;G26709A;G26784T;C26858T,M:Q19E;M:A63T;M:V88L;M:F112F,174,3160,0.0550632911392405,56,BA.4:1;BA.2.9:2;BA.2:25;BA.2.12.1:8;BA.4.1:2;BA.2.10:4;BA.2.3:7;BA.2.29:2;BA.2.65:1;BA.2.24:4
3052026,BA.2_0.02_abundance_0.1,C26577G;G26709A;G26784T;G26832T;C26858T,M:Q19E;M:A63T;M:V88L;M:A104S;M:F112F,38,3160,0.0120253164556962,0,
3052026,BA.2_0.02_abundance_0.1,C26858T;G26991A,M:F112F;M:G157R,23,35,0.6571428571428571,1,BA.2:1
3052026,BA.2_0.02_abundance_0.1,C26892G;A26896C;G26925T;G26937C;A27045C;C27145A,M:L124V;M:H125P;M:E135*;M:V139L;M:T175P;M:T208K,41,596,0.0687919463087248,0,
3052026,BA.2_0.02_abundance_0.1,G26959C;G26991A,M:R146P;M:G157R,33,628,0.0525477707006369,0,
3052026,BA.2_0.02_abundance_0.1,G26959C;G26991A;T27072C,M:R146P;M:G157R;M:S184P,7,628,0.0111464968152866,0,
3052026,BA.2_0.02_abundance_0.1,G26991A;T27025A,M:G157R;M:I168N,34,629,0.054054054054054,0,
3052026,BA.2_0.02_abundance_0.1,G26991A;T27072C,M:G157R;M:S184P,43,629,0.068362480127186,1,BA.2:1
3052026,BA.2_0.02_abundance_0.1,G27204A;T27257G;A27259C;A27301T;G27337C;C27352A;G27361T;G27382C;A27383T;T27384C;C27425T;C27476G;A27487T;C27493T,ORF6:MX;ORF6:M19R;ORF6:R20R;ORF6:N34Y;ORF6:E46Q;ORF6:Q51K;ORF6:E54*;ORF6:D61H;ORF6:D61V;ORF6:D61D;ORF7a:T11I;ORF7a:T28R;ORF7a:K32*;ORF7a:P34S,28,398,0.0703517587939698,0,
3052026,BA.2_0.02_abundance_0.1,G27204A;T27257G;A27259C;A27301T;G27337C;C27352A;G27361T;G27382C;A27383T;T27384C;C27425T;C27476G,ORF6:MX;ORF6:M19R;ORF6:R20R;ORF6:N34Y;ORF6:E46Q;ORF6:Q51K;ORF6:E54*;ORF6:D61H;ORF6:D61V;ORF6:D61D;ORF7a:T11I;ORF7a:T28R,22,781,0.028169014084507,0,
3052026,BA.2_0.02_abundance_0.1,G27204A;T27257G;A27259C;A27301T;G27337C;C27352A;G27361T;G27382C;A27383T;T27384C;C27425T;C27476G;A27487T,ORF6:MX;ORF6:M19R;ORF6:R20R;ORF6:N34Y;ORF6:E46Q;ORF6:Q51K;ORF6:E54*;ORF6:D61H;ORF6:D61V;ORF6:D61D;ORF7a:T11I;ORF7a:T28R;ORF7a:K32*,22,636,0.0345911949685534,0,
3052026,BA.2_0.02_abundance_0.1,A27259C;G27382C;A27383T;T27384C;C27476G,ORF6:R20R;ORF6:D61H;ORF6:D61V;ORF6:D61D;ORF7a:T28R,8,781,0.0102432778489116,104,BA.2:53;BA.2.9:14;BA.2.12.1:3;BA.2.12:2;BA.2.75:2;BA.4.1:2;BA.2.20:1;BA.2.14:1;BA.2.10.2:1;BA.2.24:9;BA.2.23:1;BA.4.1.1:1;BA.2.3:5;BA.2.10:1;BA.4:1;BA.2.8:7
3052026,BA.2_0.02_abundance_0.1,T27835G;A27867T;A27868T;G28036A;C28132A,ORF7b:I27S;ORF7b:N38Y;ORF7b:N38I;ORF8:R48K;ORF8:T80K,71,894,0.0794183445190156,0,
3052026,BA.2_0.02_abundance_0.1,T27835G;A27867T;A27868T;G28036A,ORF7b:I27S;ORF7b:N38Y;ORF7b:N38I;ORF8:R48K,75,1760,0.0426136363636363,0,
3052026,BA.2_0.02_abundance_0.1,T27835G;A27867T;A27868T;C27928T;G28036A;C28132A,ORF7b:I27S;ORF7b:N38Y;ORF7b:N38I;ORF8:T12I;ORF8:R48K;ORF8:T80K,15,894,0.0167785234899328,0,
3052026,BA.2_0.02_abundance_0.1,C28132A;G28276C;G28307A;C28311T;C28397A,ORF8:T80K;N:MX;N:A12T;N:P13L;N:P42T,241,2389,0.1008790288823775,0,
3052026,BA.2_0.02_abundance_0.1,T28570A;A28612T,N:G99G;N:L113L,9,741,0.0121457489878542,1,BA.1:1
3052026,BA.2_0.02_abundance_0.1,T28570A;A28612T;T28662A;A28696C;T28726G;A28733C,N:G99G;N:L113L;N:I130N;N:T141T;N:P151P;N:N154H,43,545,0.0788990825688073,0,
3052026,BA.2_0.02_abundance_0.1,T28726G;A28733C;T28825G;C28876A;G28881A;G28882A;G28883C;C28932T;C28961A;A29012G,N:P151P;N:N154H;N:S184S;N:S201R;N:R203K;N:R203R;N:G204R;N:A220V;N:L230I;N:T247A,17,109,0.1559633027522936,0,
3052026,BA.2_0.02_abundance_0.1,A29012G;T29059A;A29083T;A29150T;A29209G;C29211T;C29323A,N:T247A;N:R262R;N:V270V;N:R293*;N:S312S;N:A313V;N:V350V,18,176,0.1022727272727272,0,
3052026,BA.2_0.02_abundance_0.1,T29059A;A29083T;A29150T;A29209G;C29211T;C29323A,N:R262R;N:V270V;N:R293*;N:S312S;N:A313V;N:V350V,165,1818,0.0907590759075907,0,
3052026,BA.2_0.02_abundance_0.1,C29323A;A29356G;T29452G;T29458C;C29498T;A29510C;T29602C;A29618T;A29630G,N:V350V;N:K361K;N:T393T;N:L395L;N:Q409*;N:S413R;ORF10:S15S;ORF10:M21L;ORF10:N25D,5,85,0.0588235294117647,0,
3052026,BA.2_0.02_abundance_0.1,A29356G;T29452G;T29458C;C29498T;A29510C;T29602C;A29618T;A29630G,N:K361K;N:T393T;N:L395L;N:Q409*;N:S413R;ORF10:S15S;ORF10:M21L;ORF10:N25D,11,238,0.0462184873949579,0,
