Date,Site,Nt Mutations,AA Mutations,Support DP,Total DP,Combined Freq,Overall Occurrence,Lineage Occurrence
1012026,BA.2_0.02_abundance_0.04,A518C;T670G,ORF1a:M85L;ORF1a:S135R,287,3854,0.0744680851063829,154,BA.2:86;BA.2.12.1:10;BA.5.3.1:8;BA.2.10:4;BA.2.3:7;BA.2.7:1;BA.2.9:13;BA.5.2.1:6;BQ.1.1.22:1;BA.5.1:1;BQ.1.1:1;XBB.1:1;BA.5.2.20:1;BA.2.42:1;BA.5:2;BA.2.34:1;BF.8:1;BA.2.10.1:1;BA.4.1:1;BA.2.21:1;BE.1.1:1;BA.4.6:1;BN.1.3:1;BF.10:1;BA.2.38:1;BA.5.2.24:1
1012026,BA.2_0.02_abundance_0.04,T670G;C842A,ORF1a:S135R;ORF1a:P193T,58,561,0.1033868092691622,63,BA.5.1:10;BA.2.9:1;BA.4.6:2;BQ.1:1;BA.5.2:2;BF.8:15;BA.5.2.1:2;BE.1.1:11;BQ.1.8:6;BA.2:12;BA.2.12.1:1
1012026,BA.2_0.02_abundance_0.04,T670G;T902A,ORF1a:S135R;ORF1a:C213S,45,521,0.0863723608445297,17,BA.5.2.1:1;BA.2.12.1:3;BA.5.5:1;BA.5.2:2;BA.2.9:2;BA.2:5;BQ.1.1:1;BA.5.1.22:1;BF.7:1
1012026,BA.2_0.02_abundance_0.04,C842A;T902A,ORF1a:P193T;ORF1a:C213S,57,4769,0.0119521912350597,0,
1012026,BA.2_0.02_abundance_0.04,T2959G;C3037T,ORF1a:D898E;ORF1a:F924F,72,316,0.2278481012658227,214,B.1:2;AY.25.1:1;B.1.2:9;AY.25:174;B.1.177:1;BA.4.1:1;BA.5.1:1;B.1.351:1;B.1.1.7:4;AY.59:2;AY.43:5;AY.39:8;AY.44:1;BQ.1.1.5:1;BA.5.2.1:1;BA.1.1:2
1012026,BA.2_0.02_abundance_0.04,T8036G;T8209A,ORF1a:F2591V;ORF1a:T2648T,16,1338,0.0119581464872944,0,
1012026,BA.2_0.02_abundance_0.04,C9534T;C9811G,ORF1a:T3090I;ORF1a:T3182T,233,1406,0.1657183499288762,1,BE.3:1
1012026,BA.2_0.02_abundance_0.04,C9534T;T9759C,ORF1a:T3090I;ORF1a:V3165A,125,1734,0.0720876585928489,1,BA.5.2:1
1012026,BA.2_0.02_abundance_0.04,G10447A;A10649G,ORF1a:R3394R;ORF1a:T3462A,87,1386,0.0627705627705627,123,BA.5.2.1:52;BA.2:42;BA.5.5:1;BA.5.2:2;BA.4.6:5;BA.5.3.3:2;BA.5.8:1;BQ.1.2:1;BA.2.56:1;BA.2.75:1;BA.2.12.1:2;BA.2.36:2;BF.27:3;BA.5.1.23:2;XBB.1:2;BA.5.2.27:1;BA.2.9:1;BA.5.1:1;BA.5.1.25:1
1012026,BA.2_0.02_abundance_0.04,T10941C;A11004C,ORF1a:V3559A;ORF1a:H3580P,10,297,0.0336700336700336,0,
1012026,BA.2_0.02_abundance_0.04,T11523G;T11592C,ORF1a:F3753C;ORF1a:L3776P,5,248,0.0201612903225806,0,
1012026,BA.2_0.02_abundance_0.04,T11592C;T11614G,ORF1a:L3776P;ORF1a:Y3783*,5,249,0.0200803212851405,0,
1012026,BA.2_0.02_abundance_0.04,T12101C;A12186C,ORF1a:S3946P;ORF1a:E3974A,301,2174,0.1384544618215271,0,
1012026,BA.2_0.02_abundance_0.04,T13417A;A13616T;A13640T,ORF1a:D4384E;ORF1b:K50M;ORF1b:D58V,41,1075,0.0381395348837209,0,
1012026,BA.2_0.02_abundance_0.04,T13417A;A13616T,ORF1a:D4384E;ORF1b:K50M,143,1108,0.1290613718411552,0,
1012026,BA.2_0.02_abundance_0.04,A13616T;A13640T,ORF1b:K50M;ORF1b:D58V,157,1075,0.1460465116279069,0,
1012026,BA.2_0.02_abundance_0.04,A13640T;A13875C,ORF1b:D58V;ORF1b:I136I,98,800,0.1225,0,
1012026,BA.2_0.02_abundance_0.04,A14302G;C14408T,ORF1b:K279E;ORF1b:P314L,534,1084,0.492619926199262,15,BA.2:3;BA.1.17:1;B.1.617.2:4;BA.5.2.1:1;BA.1.1:1;B.1.1.7:3;P.1:1;BA.1:1
1012026,BA.2_0.02_abundance_0.04,A14302G;C14408T;T14558C,ORF1b:K279E;ORF1b:P314L;ORF1b:V364A,166,723,0.2295988934993084,0,
1012026,BA.2_0.02_abundance_0.04,T14806A;G14881A,ORF1b:Y447N;ORF1b:D472N,125,1045,0.1196172248803827,0,
1012026,BA.2_0.02_abundance_0.04,T14806A;T14811A,ORF1b:Y447N;ORF1b:R448R,66,1360,0.0485294117647058,0,
1012026,BA.2_0.02_abundance_0.04,T14806A;G14863A,ORF1b:Y447N;ORF1b:V466I,136,1340,0.1014925373134328,0,
1012026,BA.2_0.02_abundance_0.04,T14806A;G14863A;G14881A,ORF1b:Y447N;ORF1b:V466I;ORF1b:D472N,68,1045,0.0650717703349282,0,
1012026,BA.2_0.02_abundance_0.04,T14806A;T14811A;G14881A,ORF1b:Y447N;ORF1b:R448R;ORF1b:D472N,29,1045,0.0277511961722488,0,
1012026,BA.2_0.02_abundance_0.04,T14806A;T14811A;G14863A;G14881A,ORF1b:Y447N;ORF1b:R448R;ORF1b:V466I;ORF1b:D472N,16,1045,0.0153110047846889,0,
1012026,BA.2_0.02_abundance_0.04,T14806A;T14811A;G14863A,ORF1b:Y447N;ORF1b:R448R;ORF1b:V466I,20,1340,0.0149253731343283,0,
1012026,BA.2_0.02_abundance_0.04,T14811A;G14881A,ORF1b:R448R;ORF1b:D472N,32,1045,0.0306220095693779,0,
1012026,BA.2_0.02_abundance_0.04,T14811A;G14863A,ORF1b:R448R;ORF1b:V466I,20,1340,0.0149253731343283,0,
1012026,BA.2_0.02_abundance_0.04,T14811A;G14863A;G14881A,ORF1b:R448R;ORF1b:V466I;ORF1b:D472N,11,1045,0.0105263157894736,0,
1012026,BA.2_0.02_abundance_0.04,G14863A;G14881A,ORF1b:V466I;ORF1b:D472N,40,1045,0.0382775119617224,0,
1012026,BA.2_0.02_abundance_0.04,C15654G;C15714T,ORF1b:D729E;ORF1b:L749L,1149,2948,0.3897557666214382,1,BA.2.12.1:1
1012026,BA.2_0.02_abundance_0.04,C15654G;C15714T;T15794G,ORF1b:D729E;ORF1b:L749L;ORF1b:V776G,69,2723,0.0253396988615497,0,
1012026,BA.2_0.02_abundance_0.04,C15714T;T15794G,ORF1b:L749L;ORF1b:V776G,109,2723,0.0400293793609989,0,
1012026,BA.2_0.02_abundance_0.04,T17283G;C17410T,ORF1b:N1272K;ORF1b:R1315C,817,2657,0.3074896499811818,0,
1012026,BA.2_0.02_abundance_0.04,A21113G;A21309C,ORF1b:Y2549C;ORF1b:E2614D,6,109,0.055045871559633,0,
1012026,BA.2_0.02_abundance_0.04,G22132A;T22200G,S:R190R;S:V213G,23,157,0.1464968152866242,703,BA.5.2.28:14;BA.5.2.1:44;BA.2.12.1:29;BA.2.75:8;BA.2.10:6;BA.2:321;BE.1.1:3;BA.5:2;BA.5.2.20:9;BA.5.1.17:5;BA.5.2:34;BF.7:42;BE.1.2:1;BA.2.3:17;BF.28:5;BA.4.5:1;BA.5.1:22;BA.2.9:52;BA.4.6:7;BA.1.1:2;BA.5.2.26:8;BA.4:6;BA.4.1:1;BA.2.3.1:3;BA.2.37:1;BF.5:9;BA.2.38:6;BA.2.4:1;BQ.1.1:4;BA.2.23:1;BA.5.3.1:1;BA.4.6.4:1;BQ.1.1.22:2;BA.5.2.23:3;BA.2.10.1:2;BA.5.1.22:3;BA.2.36:2;BQ.1:1;BA.5.2.21:1;BA.5.5.2:2;BA.4.1.1:1;BE.1:3;BA.5.5:4;BA.5.2.31:1;BA.5.1.3:1;BE.1.3:1;BA.5.1.10:1;BA.5.6:1;BA.5.2.7:1;BF.10:2;BA.5.2.3:1;BQ.1.23:1;BA.5.1.2:1;BA.2.76:1;BA.5.3:1
1012026,BA.2_0.02_abundance_0.04,G22578A;A22606T;C22674T;T22679C;C22686T;A22688G;G22775A;A22786C;G22813T,S:G339D;S:A348A;S:S371F;S:S373P;S:S375F;S:T376A;S:D405N;S:R408S;S:K417N,248,655,0.3786259541984733,81,BA.2.10:1;BA.2:20;BF.4:2;BA.5.1:6;BA.2.12.1:12;BA.5.2.1:3;BA.5.2:18;BQ.1.1.4:8;BA.2.3.20:1;XBB.1:1;BA.4.1:4;BA.2.12:1;BA.4.6:2;BA.5:1;BF.31.1:1
1012026,BA.2_0.02_abundance_0.04,G22578A;A22606T;C22674T;T22679C;C22686T;A22688G,S:G339D;S:A348A;S:S371F;S:S373P;S:S375F;S:T376A,10,696,0.014367816091954,92,BA.2.10:1;BA.2:23;BF.4:2;BA.2.12.1:13;BA.5.1:10;BA.5.2.1:3;BA.5.2:20;BQ.1.1.4:8;BA.2.3.20:1;XBB.1:1;BA.4.1:4;BA.5:2;BA.2.12:1;BA.4.6:2;BF.31.1:1
1012026,BA.2_0.02_abundance_0.04,G22992A;C22995A;A23013C;A23040G;A23055G;A23063T;A23181T,S:S477N;S:T478K;S:E484A;S:Q493R;S:Q498R;S:N501Y;S:N540I,11,19,0.5789473684210527,2,BA.2.36:1;BA.1.15:1
1012026,BA.2_0.02_abundance_0.04,A23181T;A23403G,S:N540I;S:D614G,414,744,0.5564516129032258,24,AY.117:1;B.1.36:2;B.1.2:1;AY.122:3;AY.4:1;AY.103:2;AY.25.1:2;BA.5.2.34:1;BA.2.36:1;BA.1.1:1;AY.43:3;AY.29:4;BA.1.15:1;BA.5.1:1
1012026,BA.2_0.02_abundance_0.04,C23854A;G23948T;C24044A,S:N764K;S:D796Y;S:L828I,125,1027,0.121713729308666,45,BA.5.1:14;BA.1.1:11;BA.5.2.1:2;BA.2.10.1:1;BF.10:2;BA.5.5:1;BA.2:3;BA.2.75:2;BA.1:2;BA.5.6:1;BF.4:1;BF.5:1;BA.5.2:1;BA.1.20:2;BA.1.1.1:1
1012026,BA.2_0.02_abundance_0.04,G24276A;A24424T,S:R905K;S:Q954H,15,46,0.3260869565217391,15,BA.5.2.1:1;BA.2:3;BA.1.1:3;BA.1:8
1012026,BA.2_0.02_abundance_0.04,A24424T;G24611C,S:Q954H;S:E1017Q,15,87,0.1724137931034483,2,BA.1.1:1;BA.1.15:1
1012026,BA.2_0.02_abundance_0.04,C26032T;C26270T,ORF3a:L214L;E:T9I,30,99,0.303030303030303,193,BA.2:44;BA.2.12.1:6;BQ.1.1.22:1;BA.1.17.2:5;BA.5.2:5;BA.2.9:3;BQ.1.1:28;BA.1.1:51;BA.5.2.20:2;BQ.1:1;BA.1.20:3;BA.5.1:9;BA.2.7:1;BA.2.75:2;BA.1.15:5;BQ.1.1.18:1;BF.7:3;BA.1:10;BA.5.1.4:1;BQ.1.18:1;BA.1.1.18:2;BA.5.7:2;XBB.1:1;BA.1.13.1:1;BA.5.2.1:1;BA.2.3:1;BA.4.1:1;BA.1.18:1;BA.4:1
1012026,BA.2_0.02_abundance_0.04,C26549A;C26577G;G26709A;C26858T,M:T9T;M:Q19E;M:A63T;M:F112F,34,351,0.0968660968660968,120,BA.2:68;BA.2.9:15;BA.2.3.1:22;BA.2.12.1:5;BN.1.2:1;BA.4:6;BA.2.9.2:1;BA.2.75:1;BA.2.38:1
1012026,BA.2_0.02_abundance_0.04,T26551G;C26577G;G26709A;C26858T,M:V10G;M:Q19E;M:A63T;M:F112F,10,464,0.021551724137931,1,BA.2.3:1
1012026,BA.2_0.02_abundance_0.04,C28311T;C28335G,N:P13L;N:S21*,240,2482,0.096696212731668,3,B.1.617.2:1;BA.1.1:2
1012026,BA.2_0.02_abundance_0.04,A29379T;A29510C,N:K369I;N:S413R,45,93,0.4838709677419355,92,BA.5.2.1:14;BA.2.9:21;BA.2:19;BA.2.3.1:1;XBB.1:1;BA.2.3.20:1;BA.5.2:2;BF.5:1;BA.2.12.1:11;BA.5.2.6:5;BA.5.1:2;BA.5.1.24:2;BA.5.6:1;BA.5.1.22:1;BA.5.2.22:1;BA.2.12:2;BA.5.1.23:1;BA.5.1.2:4;BA.2.3:1;BA.4.6:1
1082026,BA.2_0.02_abundance_0.04,T670G;G996A,ORF1a:S135R;ORF1a:R244H,39,67,0.582089552238806,4,BA.2.12.1:1;BA.5.2.3:1;BA.2.9:1;BA.5.5:1
1082026,BA.2_0.02_abundance_0.04,G1961A;C2147T,ORF1a:A566T;ORF1a:L628F,16,123,0.1300813008130081,2,BA.2:1;BA.2.10:1
1082026,BA.2_0.02_abundance_0.04,C2070A;C2147T,ORF1a:T602K;ORF1a:L628F,9,123,0.073170731707317,1,BA.2.10:1
1082026,BA.2_0.02_abundance_0.04,T2377G;C2485A,ORF1a:N704K;ORF1a:I740I,19,1320,0.0143939393939393,0,
1082026,BA.2_0.02_abundance_0.04,T2671G;C2790T,ORF1a:L802L;ORF1a:T842I,25,29,0.8620689655172413,550,BA.2.12.1:533;BA.5.2.1:1;BA.2.36:1;BA.5.2:2;BA.2.20:3;BA.2:5;BA.4.6:1;BA.2.3:2;BA.5.1:2
1082026,BA.2_0.02_abundance_0.04,A2982G;C3037T;A3079G,ORF1a:Y906C;ORF1a:F924F;ORF1a:E938E,18,1186,0.0151770657672849,0,
1082026,BA.2_0.02_abundance_0.04,C3290A;A3495G,ORF1a:Q1009K;ORF1a:K1077R,8,279,0.028673835125448,0,
1082026,BA.2_0.02_abundance_0.04,T7425A;A7616C,ORF1a:F2387Y;ORF1a:N2451H,6,48,0.125,0,
1082026,BA.2_0.02_abundance_0.04,C7923G;C7948G,ORF1a:S2553C;ORF1a:Y2561*,30,603,0.0497512437810945,0,
1082026,BA.2_0.02_abundance_0.04,A9075C;C9166A,ORF1a:N2937T;ORF1a:T2967T,20,835,0.0239520958083832,0,
1082026,BA.2_0.02_abundance_0.04,C9534T;G9730C,ORF1a:T3090I;ORF1a:W3155C,33,671,0.0491803278688524,0,
1082026,BA.2_0.02_abundance_0.04,T11420C;A11531C,ORF1a:Y3719H;ORF1a:R3756R,29,2019,0.0143635463100544,0,
1082026,BA.2_0.02_abundance_0.04,T12001G;T12034G,ORF1a:V3912V;ORF1a:G3923G,114,2186,0.0521500457456541,0,
1082026,BA.2_0.02_abundance_0.04,A12344C;A12444C,ORF1a:S4027R;ORF1a:N4060T,34,1602,0.0212234706616729,0,
1082026,BA.2_0.02_abundance_0.04,C12880T;A12888G,ORF1a:I4205I;ORF1a:E4208G,39,3620,0.0107734806629834,0,
1082026,BA.2_0.02_abundance_0.04,C12880T;G12938A,ORF1a:I4205I;ORF1a:V4225M,1974,3620,0.5453038674033149,318,BA.5.2.1:173;BA.2:90;BA.2.18:2;BA.2.12.1:2;BA.5.2.34:2;BA.4.6:19;BA.5.6:1;BA.2.10:6;BA.5.1:1;BF.5:1;BA.2.9:3;BA.5.8:2;BA.2.3.13:2;BA.2.65:1;BA.2.75:6;BA.5.1.22:1;BA.5.2:1;BA.5.2.8:2;XBB.1:1;BA.5.2.28:1;BQ.1.1:1
1082026,BA.2_0.02_abundance_0.04,C12880T;A12888G;G12938A,ORF1a:I4205I;ORF1a:E4208G;ORF1a:V4225M,67,3620,0.0185082872928176,0,
1082026,BA.2_0.02_abundance_0.04,A14388T;C14408T,ORF1b:L307F;ORF1b:P314L,188,383,0.4908616187989556,45,AY.4:31;AY.103:1;BA.5:1;BA.1.1:1;BE.1.1:1;AY.123:1;BF.10:2;BA.1.1.2:1;BF.21:5;B.1.595:1
1082026,BA.2_0.02_abundance_0.04,A14388T;C14391A;C14408T,ORF1b:L307F;ORF1b:F308L;ORF1b:P314L,42,383,0.1096605744125326,0,
1082026,BA.2_0.02_abundance_0.04,C14391A;C14408T,ORF1b:F308L;ORF1b:P314L,29,383,0.0757180156657963,59,AY.123:41;BA.2.3:1;BA.1.17.2:3;BA.1.6:1;B.1.1.306:1;AY.23:1;AY.99.2:1;AY.68:1;AY.4:4;BA.1.1:1;BA.2.9:1;B.1.617.1:2;AY.5.2:1
1082026,BA.2_0.02_abundance_0.04,A15657T;C15714T,ORF1b:T730T;ORF1b:L749L,909,2594,0.3504240555127216,40,BA.2.9:35;BA.2:1;BA.2.12.1:1;BQ.1.1.22:1;BA.5.1:1;BA.5.5:1
1082026,BA.2_0.02_abundance_0.04,G15961C;T16086G,ORF1b:G832R;ORF1b:H873Q,24,1545,0.0155339805825242,0,
1082026,BA.2_0.02_abundance_0.04,C16806A;G16903C,ORF1b:N1113K;ORF1b:D1146H,36,2517,0.0143027413587604,0,
1082026,BA.2_0.02_abundance_0.04,G17314C;C17410T,ORF1b:V1283L;ORF1b:R1315C,1414,2403,0.5884311277569705,1,BA.2:1
1082026,BA.2_0.02_abundance_0.04,A18068G;A18163G,ORF1b:D1534G;ORF1b:I1566V,19,452,0.0420353982300885,3,BA.5:1;BA.5.2:1;BA.2.74:1
1082026,BA.2_0.02_abundance_0.04,T20874G;A21134C,ORF1b:A2469A;ORF1b:Q2556P,11,93,0.1182795698924731,0,
1082026,BA.2_0.02_abundance_0.04,G21850T;G21987A,S:E96D;S:G142D,220,533,0.4127579737335834,650,BA.5.2.1:15;AY.103:47;BA.5.1.3:1;BE.1.1:2;BA.2:30;BA.5.2:20;AY.25.1:7;AY.126:7;AY.120:10;AY.119:4;AY.44:44;BA.5:1;AY.9.2:8;BF.4:1;AY.26:8;AY.43:22;B.1.617.2:25;AY.122:12;AY.109:1;AY.4:107;BE.1.4:1;BA.2.3:10;AY.57:2;BA.2.10:3;BA.4.1:2;AY.5:28;BA.5.1:17;BA.1:1;AY.121:4;AY.125:8;AY.27:2;BA.4:1;BA.5.1.2:1;AY.100:12;BA.2.23:4;AY.4.2:16;AY.98.1:15;AY.39:8;AY.85:6;BF.7.5:3;BQ.1.10:3;XG:39;BA.2.9:12;AY.46.5:6;AY.36:2;AY.78:1;AY.75:1;BF.7.4:6;AY.3:5;AY.9:2;BA.2.12.1:5;BQ.1:1;B.1.1:1;AY.77:2;BA.5.1.5:3;AY.25:3;AY.46.6:2;AY.127:1;AY.106:7;AY.70:1;BQ.1.1:4;AY.119.2:5;AY.5.4:1;BA.5.2.21:2;BE.1.1.2:2;AY.99.2:2;BQ.1.1.18:1;BA.5.2.20:1;BE.1:1;AY.20:2;AY.33:1;BA.5.5:1;BA.4.6:1;AY.30:1;BA.5.2.8:1;BA.2.75:2;BA.5.1.30:1;AY.65:1;CH.1.1:1
1082026,BA.2_0.02_abundance_0.04,G22067C;T22137A;T22200G,S:E169Q;S:F192Y;S:V213G,37,434,0.0852534562211981,0,
1082026,BA.2_0.02_abundance_0.04,G22067C;T22200G,S:E169Q;S:V213G,25,434,0.0576036866359447,3,BA.2.10:1;BA.2:2
1082026,BA.2_0.02_abundance_0.04,T22137A;T22200G,S:F192Y;S:V213G,231,434,0.532258064516129,5,BA.2:3;BA.2.18:1;BA.5.2.14:1
1082026,BA.2_0.02_abundance_0.04,C22425A;G22578A,S:A288D;S:G339D,214,613,0.3491027732463295,3,BA.1.1:3
1082026,BA.2_0.02_abundance_0.04,G22578A;C22674T;T22679C;C22686T;A22688G;A22786C;C22796G,S:G339D;S:S371F;S:S373P;S:S375F;S:T376A;S:R408S;S:P412A,25,219,0.1141552511415525,0,
1082026,BA.2_0.02_abundance_0.04,T23599G;C23604A;A23669G,S:N679K;S:P681H;S:N703D,26,438,0.0593607305936073,22,BA.1.1:9;BA.4.6.4:1;BA.1.1.14:1;BA.1.18:2;BA.5.1.30:1;BA.1.15:2;BA.2:2;BA.4:1;BN.1.2:1;BA.5.2.20:1;BA.5.2:1
1082026,BA.2_0.02_abundance_0.04,G23948T;T23953C,S:D796Y;S:F797F,108,298,0.3624161073825503,40,BA.2.3.4:1;BE.1.1:12;BA.1.1:2;BA.1.15:6;BA.5.1.30:1;BA.2.3:2;BA.2:9;BA.5.1:3;XBB.1:3;BA.2.9:1
1082026,BA.2_0.02_abundance_0.04,G23948T;A24018C,S:D796Y;S:E819A,45,298,0.1510067114093959,0,
1082026,BA.2_0.02_abundance_0.04,G23948T;T23953C;A24018C,S:D796Y;S:F797F;S:E819A,54,298,0.1812080536912751,0,
1082026,BA.2_0.02_abundance_0.04,G24941T;C25000T,S:D1127Y;S:D1146D,84,1311,0.0640732265446224,55,BF.26:1;BF.21:2;BA.5.2:36;BE.1.1:1;BA.2.10:1;BA.5.2.1:7;BA.5.2.21:2;BA.2.3.1:2;BF.5:1;BA.1.1:2
1082026,BA.2_0.02_abundance_0.04,A25332C;C25584T,S:D1257A;ORF3a:T64T,1378,4062,0.3392417528311177,1,BA.2:1
1082026,BA.2_0.02_abundance_0.04,C26577G;G26709A;T26740A;C26858T,M:Q19E;M:A63T;M:I73K;M:F112F,348,1522,0.228646517739816,0,
1082026,BA.2_0.02_abundance_0.04,C26577G;G26709A;C26770A;C26858T,M:Q19E;M:A63T;M:A83E;M:F112F,97,1521,0.0637738330046022,0,
1082026,BA.2_0.02_abundance_0.04,C26577G;G26709A;T26740A;C26770A;C26858T,M:Q19E;M:A63T;M:I73K;M:A83E;M:F112F,36,1521,0.0236686390532544,0,
1082026,BA.2_0.02_abundance_0.04,C26577G;G26709A;T26740A,M:Q19E;M:A63T;M:I73K,61,1712,0.0356308411214953,3,BA.5.6:1;BA.2:1;BA.1.18:1
1082026,BA.2_0.02_abundance_0.04,A27259C;G27382C;A27383T;T27384C;A27475G,ORF6:R20R;ORF6:D61H;ORF6:D61V;ORF6:D61D;ORF7a:T28A,300,890,0.3370786516853932,35,BA.2:11;BA.4.6.4:8;BA.4.6:3;BA.4:2;BA.2.12.1:5;BA.4.1:2;BA.2.3.1:2;BA.2.23:1;BA.2.44:1
1082026,BA.2_0.02_abundance_0.04,C28603A;C28623A,N:F110L;N:P117Q,99,422,0.2345971563981042,0,
1082026,BA.2_0.02_abundance_0.04,A29510C;A29594C,N:S413R;ORF10:I13L,9,219,0.0410958904109589,41,BA.2:27;BF.7:2;BA.5.2:9;BA.5.2.35:1;BA.2.12.1:1;BA.2.38:1
1082026,BA.2_0.02_abundance_0.04,A29510C;G29587A,N:S413R;ORF10:P10P,41,219,0.1872146118721461,325,BA.2:61;BF.5:26;BA.5.2.1:13;BA.5.1:5;BA.2.9.3:1;BA.4:3;BA.2.75:12;BF.7.5:81;BA.2.13:5;BQ.1.1:5;BA.2.12.1:11;BF.26:1;BE.1.1:2;BA.5.1.17:1;BA.5.3.1:4;BA.2.3.1:1;BA.5.2:17;BA.4.1:35;BA.2.3:4;BA.5.5:2;BE.1.1.2:1;BA.5.1.6:2;BA.5.6:2;BA.4.1.8:2;BA.2.38:1;BF.27:1;BA.5.10:1;XBB:1;BA.5.1.24:1;BA.2.9:5;BQ.1.16:6;BA.2.29:7;BA.5.1.23:1;BA.5:1;BA.4.4:1;XBB.1.5:1;BF.10:1
1152026,BA.2_0.02_abundance_0.04,T418A;G542T;T670G,ORF1a:C51*;ORF1a:E93*;ORF1a:S135R,49,1935,0.0253229974160206,0,
1152026,BA.2_0.02_abundance_0.04,T418A;T670G,ORF1a:C51*;ORF1a:S135R,141,1935,0.0728682170542635,3,BA.5.2.16:1;BA.5.6:1;BA.5.2.1:1
1152026,BA.2_0.02_abundance_0.04,T418A;T670G;A685C,ORF1a:C51*;ORF1a:S135R;ORF1a:L140L,13,1232,0.010551948051948,0,
1152026,BA.2_0.02_abundance_0.04,G542T;T670G;A685C,ORF1a:E93*;ORF1a:S135R;ORF1a:L140L,41,1232,0.0332792207792207,0,
1152026,BA.2_0.02_abundance_0.04,G625C;T670G,ORF1a:K120N;ORF1a:S135R,48,1936,0.024793388429752,14,BF.5:7;BA.5.1:1;BA.2:1;BA.2.12.1:1;BA.5.2.1:1;BA.2.9:1;BQ.1.2:2
1152026,BA.2_0.02_abundance_0.04,T670G;A685C,ORF1a:S135R;ORF1a:L140L,124,1443,0.0859320859320859,2,BA.2:2
1152026,BA.2_0.02_abundance_0.04,T670G;C722A,ORF1a:S135R;ORF1a:P153T,87,211,0.4123222748815165,4,BQ.1:1;BF.21:1;BA.5.1.1:1;BA.2:1
1152026,BA.2_0.02_abundance_0.04,T670G;A685C;C722A,ORF1a:S135R;ORF1a:L140L;ORF1a:P153T,17,211,0.0805687203791469,0,
1152026,BA.2_0.02_abundance_0.04,A685C;C722A,ORF1a:L140L;ORF1a:P153T,141,2010,0.0701492537313432,0,
1152026,BA.2_0.02_abundance_0.04,C2223A;T2326G,ORF1a:S653*;ORF1a:A687A,9,434,0.02073732718894,0,
1152026,BA.2_0.02_abundance_0.04,A3021T;C3037T,ORF1a:H919L;ORF1a:F924F,16,980,0.0163265306122449,478,AY.44:1;B.1.617.2:3;B.1.1.519:113;BA.5.2.1:3;AY.4:345;B.1:1;BA.2.9:2;BE.1.1:4;AY.116.1:2;BA.5.1.23:1;AY.4.6:2;B.1.351:1
1152026,BA.2_0.02_abundance_0.04,T5588A;G5683A,ORF1a:S1775T;ORF1a:M1806I,7,29,0.2413793103448276,0,
1152026,BA.2_0.02_abundance_0.04,A7719G;T7976C,ORF1a:D2485G;ORF1a:L2571L,8,184,0.0434782608695652,0,
1152026,BA.2_0.02_abundance_0.04,G9191C;C9198A,ORF1a:V2976L;ORF1a:T2978N,25,534,0.046816479400749,0,
1152026,BA.2_0.02_abundance_0.04,C9534T;T9678C,ORF1a:T3090I;ORF1a:F3138S,36,1283,0.0280592361652377,137,BA.2:28;BA.2.9:85;BA.5.1:5;BA.5.2:2;BA.4.6:5;BA.2.3:2;BA.5.6:1;BF.7.5:1;BA.5.2.1:1;BA.5.5:1;BA.5:2;XBB.1:1;AY.48:1;B.1.617.2:1;BQ.1.1.4:1
1152026,BA.2_0.02_abundance_0.04,G10447A;C10449A;A10558C,ORF1a:R3394R;ORF1a:P3395H;ORF1a:P3431P,54,771,0.0700389105058365,0,
1152026,BA.2_0.02_abundance_0.04,T11183A;A11188C,ORF1a:L3640M;ORF1a:L3641F,346,1748,0.1979405034324942,0,
1152026,BA.2_0.02_abundance_0.04,T11799G;G11865C,ORF1a:L3845W;ORF1a:C3867S,5,124,0.0403225806451612,0,
1152026,BA.2_0.02_abundance_0.04,T12178A;T12276G,ORF1a:G3971G;ORF1a:M4004R,14,1226,0.0114192495921696,0,
1152026,BA.2_0.02_abundance_0.04,A12841C;C12880T,ORF1a:K4192N;ORF1a:I4205I,121,1816,0.0666299559471365,1,BE.3:1
1152026,BA.2_0.02_abundance_0.04,T14043G;T14104G,ORF1b:I192M;ORF1b:F213V,72,2071,0.0347658136166103,0,
1152026,BA.2_0.02_abundance_0.04,C14323G;C14408T,ORF1b:H286D;ORF1b:P314L,672,804,0.835820895522388,0,
1152026,BA.2_0.02_abundance_0.04,A15405T;G15451C,ORF1b:L646F;ORF1b:G662R,334,1821,0.1834157056562328,0,
1152026,BA.2_0.02_abundance_0.04,A15405T;G15439C;G15451C,ORF1b:L646F;ORF1b:V658L;ORF1b:G662R,98,1821,0.0538165842943437,0,
1152026,BA.2_0.02_abundance_0.04,A15405T;G15439C,ORF1b:L646F;ORF1b:V658L,150,1821,0.0823723228995057,0,
1152026,BA.2_0.02_abundance_0.04,G15439C;G15451C,ORF1b:V658L;ORF1b:G662R,63,1821,0.0345963756177924,0,
1152026,BA.2_0.02_abundance_0.04,T17328A;C17410T,ORF1b:P1287P;ORF1b:R1315C,97,2513,0.0385992837246319,86,BA.2:35;BA.5.2.1:25;BA.5.6:1;BA.4:5;BA.4.6:1;BA.2.3:4;BA.2.3.2:2;BA.2.75:4;BA.5.3.1:2;BA.2.38:1;BA.2.9:1;BA.2.3.20:1;BA.2.12.1:1;BA.5.2:2;BA.5.1.21:1
1152026,BA.2_0.02_abundance_0.04,C17410T;G17716A,ORF1b:R1315C;ORF1b:G1417S,40,211,0.1895734597156398,10,BA.2:10
1152026,BA.2_0.02_abundance_0.04,C20384G;A20411C,ORF1b:A2306G;ORF1b:E2315A,6,370,0.0162162162162162,0,
1152026,BA.2_0.02_abundance_0.04,A20549C;G20691C,ORF1b:D2361A;ORF1b:M2408I,22,1597,0.0137758296806512,0,
1152026,BA.2_0.02_abundance_0.04,G20691C;C20768T,ORF1b:M2408I;ORF1b:P2434L,153,1485,0.103030303030303,0,
1152026,BA.2_0.02_abundance_0.04,T20861G;A20992C,ORF1b:I2465R;ORF1b:I2509L,12,665,0.0180451127819548,0,
1152026,BA.2_0.02_abundance_0.04,T22156A;T22200G,S:D198E;S:V213G,827,1897,0.4359515023721665,3,BQ.1.1.19:2;BA.2:1
1152026,BA.2_0.02_abundance_0.04,G22578A;T22579C;C22674T;T22679C;A22681C;C22686T;A22688G;G22775A;A22786C;G22813T,S:G339D;S:G339G;S:S371F;S:S373P;S:S373S;S:S375F;S:T376A;S:D405N;S:R408S;S:K417N,160,769,0.2080624187256176,0,
1152026,BA.2_0.02_abundance_0.04,G22578A;C22674T;T22679C;A22681C;C22686T;A22688G;G22775A;A22786C;G22813T,S:G339D;S:S371F;S:S373P;S:S373S;S:S375F;S:T376A;S:D405N;S:R408S;S:K417N,271,769,0.3524057217165149,901,BA.2:894;BA.2.56:1;BA.2.65:4;BA.5.1:1;BA.2.7:1
1152026,BA.2_0.02_abundance_0.04,G22578A;C22674T;T22679C;A22681C;C22686T;A22688G,S:G339D;S:S371F;S:S373P;S:S373S;S:S375F;S:T376A,22,829,0.0265379975874547,946,BA.2:939;BA.2.56:1;BA.2.65:4;BA.5.1:1;BA.2.7:1
1152026,BA.2_0.02_abundance_0.04,G22992A;C22995A;A23013C;A23040G;A23055G;C23058A;A23063T,S:S477N;S:T478K;S:E484A;S:Q493R;S:Q498R;S:P499H;S:N501Y,26,230,0.1130434782608695,1,BA.2:1
1152026,BA.2_0.02_abundance_0.04,A24253T;A24424T,S:P897P;S:Q954H,41,558,0.0734767025089605,113,BA.5.2.1:6;BA.5.2:12;BA.1.1:19;BA.2:32;BQ.1.12:1;BA.1.15:12;BA.5.1:2;BA.2.3:7;BA.1.1.9:1;BA.2.6:5;BA.1.1.15:1;BA.2.7:1;BA.2.12.1:1;BA.1:2;BQ.1.18:1;BA.5.2.28:2;BA.1.17.2:1;BF.7.5:1;BA.4.1.1:1;BA.5:1;BE.1.1:1;BA.5.1.24:1;BA.1.18:1;BQ.1.1.8:1
1152026,BA.2_0.02_abundance_0.04,C25000T;A25034G,S:D1146D;S:N1158D,33,430,0.0767441860465116,106,BA.2.10.1:24;BE.1.1:1;BA.2:4;BA.1.1:8;BA.2.36:1;BF.11:47;BF.5:5;BA.5.2.1:2;BA.5.1:1;BA.1:1;BE.1.1.2:1;BA.4.1:2;BA.1.15.1:2;BA.1.17.2:1;BA.2.12.1:4;BA.1.20:1;BF.1:1
1152026,BA.2_0.02_abundance_0.04,C26270T;A26431C,E:T9I;E:K63Q,712,1570,0.4535031847133758,0,
1152026,BA.2_0.02_abundance_0.04,C26270T;G26272C,E:T9I;E:G10R,45,1662,0.0270758122743682,1,BF.13:1
1152026,BA.2_0.02_abundance_0.04,C26270T;G26272C;A26431C,E:T9I;E:G10R;E:K63Q,40,1570,0.0254777070063694,0,
1152026,BA.2_0.02_abundance_0.04,T27206A;G27382C;A27383T;T27384C,ORF6:F2Y;ORF6:D61H;ORF6:D61V;ORF6:D61D,127,539,0.235621521335807,1,BA.2.9:1
1152026,BA.2_0.02_abundance_0.04,G28881A;G28882A;G28883C;T29026A,N:R203K;N:R203R;N:G204R;N:A251A,5,12,0.4166666666666667,62,BF.5:3;BF.7:20;BA.2.75:9;BA.5.2:12;BA.1:1;B.1.1.7:5;BA.2.75.1:1;BA.2.12.1:1;BA.1.17.2:1;BA.2.9:1;BL.1:1;P.1.10:1;R.1:1;BA.5.1.10:1;BA.5.1:1;BA.5:1;XBB.1:1;BA.1.1.10:1
1222026,BA.2_0.02_abundance_0.04,A3186T;G3345C,ORF1a:E974V;ORF1a:S1027T,16,315,0.0507936507936507,0,
1222026,BA.2_0.02_abundance_0.04,G4370C;C4633A,ORF1a:G1369R;ORF1a:G1456G,6,281,0.0213523131672597,0,
1222026,BA.2_0.02_abundance_0.04,C4410A;C4633A,ORF1a:A1382E;ORF1a:G1456G,7,281,0.0249110320284697,0,
1222026,BA.2_0.02_abundance_0.04,A6110C;C6147T,ORF1a:K1949Q;ORF1a:P1961L,6,420,0.0142857142857142,0,
1222026,BA.2_0.02_abundance_0.04,C9344T;A9424G;C9451G;C9534T,ORF1a:L3027F;ORF1a:V3053V;ORF1a:Y3062*;ORF1a:T3090I,88,883,0.0996602491506228,0,
1222026,BA.2_0.02_abundance_0.04,C9344T;A9424G;C9451G,ORF1a:L3027F;ORF1a:V3053V;ORF1a:Y3062*,17,998,0.0170340681362725,0,
1222026,BA.2_0.02_abundance_0.04,C9534T;T9578A,ORF1a:T3090I;ORF1a:Y3105N,226,1586,0.1424968474148802,4,BA.5.2.12:1;BA.5.2:2;BF.5:1
1222026,BA.2_0.02_abundance_0.04,C9534T;T9578A;T9677A,ORF1a:T3090I;ORF1a:Y3105N;ORF1a:F3138I,451,1586,0.2843631778058008,0,
1222026,BA.2_0.02_abundance_0.04,C9534T;T9677A,ORF1a:T3090I;ORF1a:F3138I,598,1586,0.3770491803278688,0,
1222026,BA.2_0.02_abundance_0.04,G10922C;G10961C,ORF1a:E3553Q;ORF1a:V3566L,86,2180,0.0394495412844036,0,
1222026,BA.2_0.02_abundance_0.04,A14338C;C14408T,ORF1b:N291H;ORF1b:P314L,115,1170,0.0982905982905982,2,AY.43:1;BA.5.2:1
1222026,BA.2_0.02_abundance_0.04,C15714T;G15734C;A15827G,ORF1b:L749L;ORF1b:C756S;ORF1b:E787G,191,5196,0.0367590454195535,0,
1222026,BA.2_0.02_abundance_0.04,C15714T;G15734C,ORF1b:L749L;ORF1b:C756S,1929,5371,0.3591509960901136,0,
1222026,BA.2_0.02_abundance_0.04,G17893C;A17911C,ORF1b:A1476P;ORF1b:N1482H,21,283,0.0742049469964664,0,
1222026,BA.2_0.02_abundance_0.04,A18789C;A18836C,ORF1b:T1774T;ORF1b:N1790T,28,1688,0.0165876777251184,0,
1222026,BA.2_0.02_abundance_0.04,A18836C;T18855A,ORF1b:N1790T;ORF1b:C1796*,45,1576,0.0285532994923857,0,
1222026,BA.2_0.02_abundance_0.04,T21704C;G21987A,S:L48L;S:G142D,90,2120,0.0424528301886792,123,AY.20:6;BA.2.75:16;BA.5.5:27;AY.4:4;BA.5.2:2;BA.2.12.1:3;BA.5.1.26:34;AY.9:1;BA.2:2;BF.27:1;AY.3.1:4;BA.2.9:2;BA.5.2.20:1;AY.124:11;AY.57:1;B.1.617.2:1;AY.122:1;AY.103:1;AY.112.3:1;AY.3:1;AY.98.1:1;AY.25:1;BQ.1.1:1
1222026,BA.2_0.02_abundance_0.04,T22195G;T22200G,S:N211K;S:V213G,86,318,0.270440251572327,41,BA.2.12.1:2;B.1.617.2:1;BA.2:5;BA.5.1:1;BA.5.2.1:3;BE.3:16;BA.5.10:3;BA.5.2:3;BA.2.10:2;BA.4.1:4;BF.5:1
1222026,BA.2_0.02_abundance_0.04,G22569A;C22674T;T22679C;C22686T;A22688G,S:C336Y;S:S371F;S:S373P;S:S375F;S:T376A,44,118,0.3728813559322034,9,BA.5.2:5;BA.2.3:1;BA.5.2.1:1;BA.2:1;BA.5.2.3:1
1222026,BA.2_0.02_abundance_0.04,G22933C;G22992A;C22995A;A23013C;C23029T;A23040G,S:R457S;S:S477N;S:T478K;S:E484A;S:Y489Y;S:Q493R,7,40,0.175,0,
1222026,BA.2_0.02_abundance_0.04,G22933C;G22992A;C22995A;A23013C;A23040G,S:R457S;S:S477N;S:T478K;S:E484A;S:Q493R,6,40,0.15,2,BA.2.65:1;BA.2.74:1
1222026,BA.2_0.02_abundance_0.04,G23821A;C23854A;G23948T,S:L753L;S:N764K;S:D796Y,224,437,0.5125858123569794,574,BA.2:48;BA.5.2.1:12;BA.1:404;BA.2.75:3;BA.2.12.1:4;BA.5.2:38;BA.1.17.2:13;BA.1.1:18;BA.5.6.1:2;BE.1.1.2:2;BA.5.1:3;BA.1.15:1;BA.2.38:2;BA.5.2.9:1;BA.5.2.32:3;BL.1:1;BA.2.9:1;BA.4.1:4;BA.2.17:1;BA.5.6:1;BA.2.38.2:3;BA.1.1.1:2;BA.1.1.14:1;BE.1.3:1;BA.1.17:1;BQ.1:1;BF.6:1;BG.4:1;BA.1.1.13:1
1222026,BA.2_0.02_abundance_0.04,T24243A;A24424T,S:L894*;S:Q954H,233,609,0.3825944170771757,1,BA.2:1
1222026,BA.2_0.02_abundance_0.04,T24243A;A24344G;A24424T,S:L894*;S:N928D;S:Q954H,13,609,0.0213464696223316,0,
1222026,BA.2_0.02_abundance_0.04,A24344G;A24424T,S:N928D;S:Q954H,25,609,0.0410509031198686,1,BA.2.3:1
1222026,BA.2_0.02_abundance_0.04,A24424T;C24609A,S:Q954H;S:A1016E,6,13,0.4615384615384615,1,BA.5.2.1:1
1222026,BA.2_0.02_abundance_0.04,A24993G;C25000T,S:E1144G;S:D1146D,528,2119,0.2491741387446908,27,BA.2.12.1:2;BA.5.2:2;BA.1.1:5;BA.4:1;BA.2.10.1:3;BA.1.1.18:1;BA.5.2.1:1;BA.2:7;BA.4.2:3;BA.2.3:1;BA.4.7:1
1222026,BA.2_0.02_abundance_0.04,C26270T;A26400G,E:T9I;E:V52V,8,21,0.3809523809523809,102,BA.5.1:21;BA.1.15.1:2;BA.2:7;BA.1.1:23;BA.1.1.8:35;BA.2.3:1;BA.1:1;BA.2.9:2;BF.31.1:1;BA.4.6:1;BA.5.2:3;BA.2.12.1:2;BA.2.29:1;BE.1.1:1;BA.2.10:1
1222026,BA.2_0.02_abundance_0.04,C26577G;G26690A;A26699G;G26709A;C26858T,M:Q19E;M:L56L;M:P59P;M:A63T;M:F112F,170,2040,0.0833333333333333,0,
1222026,BA.2_0.02_abundance_0.04,C26577G;A26699G;G26709A;C26858T,M:Q19E;M:P59P;M:A63T;M:F112F,809,2040,0.3965686274509803,43,BA.2:34;BA.2.10:3;BA.2.75:1;BA.4.1:1;BA.2.3:3;BA.5:1
1222026,BA.2_0.02_abundance_0.04,C26577G;G26690A;G26709A;C26858T,M:Q19E;M:L56L;M:A63T;M:F112F,165,2040,0.0808823529411764,95,BA.2:68;BA.2.18:1;BN.1.2:1;BA.4.1:2;BA.4:2;BA.4.6:1;BA.2.56:1;BA.2.9:3;BA.2.13:1;BA.4.6.5:2;BA.2.10:1;BA.2.12.1:6;BN.4:1;XBB.1:1;DC.1:1;BA.2.65:1;BA.2.75:1;BA.2.7:1
1222026,BA.2_0.02_abundance_0.04,C26577G;G26690A;A26699G;G26709A,M:Q19E;M:L56L;M:P59P;M:A63T,39,2313,0.0168612191958495,0,
1222026,BA.2_0.02_abundance_0.04,C26577G;G26690A;G26709A,M:Q19E;M:L56L;M:A63T,31,2313,0.0134025075659316,211,BA.2:68;BA.1.17.2:5;BA.2.18:1;BN.1.2:1;BA.1.1.1:3;BA.4.1:2;BA.5.2.34:11;BF.11.1:1;BA.4:2;BA.5.1.3:1;BA.4.6:1;BE.1.1.1:1;BA.1.1:8;BA.2.56:1;BA.5.1:13;BF.28:5;CQ.2:22;BA.2.9:3;BA.5.2.1:4;BA.5:1;BA.5.2:2;BF.2:8;BQ.1.1:1;BA.1:6;BA.2.13:1;BA.4.6.5:2;BA.1.18:5;BA.1.15:3;BA.2.10:1;BA.2.12.1:6;BN.4:1;XBB.1:1;BA.5.1.1:2;DC.1:1;BE.1:1;BA.5.2.20:1;BF.5:5;BA.2.65:1;BA.2.75:1;BF.14:1;BA.5.6:2;BF.1:2;BA.2.7:1;BA.1.1.2:2
1222026,BA.2_0.02_abundance_0.04,A26913G;C27150A,M:R131G;M:H210N,7,33,0.2121212121212121,0,
1222026,BA.2_0.02_abundance_0.04,G28193A;C28298T;C28311T,ORF8:V100V;N:Q9*;N:P13L,137,1680,0.081547619047619,0,
1222026,BA.2_0.02_abundance_0.04,G28193A;C28311T,ORF8:V100V;N:P13L,296,1680,0.1761904761904762,114,BA.2:7;BA.2.42:6;BA.1.1:41;BA.5.1.22:24;BA.2.12.1:1;BA.1.15:3;BA.1.17.2:1;BA.5.2:2;BA.2.12:2;BA.1:3;BA.2.9:10;BA.1.1.1:1;BA.5.2.1:2;BA.2.10:1;BL.2:1;BQ.1.11:1;BA.2.75:1;BA.5.6:2;BA.1.1.18:1;BA.5.1:2;BA.4.5:1;C.37:1
1222026,BA.2_0.02_abundance_0.04,C28298T;C28311T,N:Q9*;N:P13L,405,1680,0.2410714285714285,4,BA.1.1:2;BA.2.44:1;BA.1.15:1
1222026,BA.2_0.02_abundance_0.04,C28311T;A28343C,N:P13L;N:T24P,28,1583,0.0176879343019583,3,BA.5.5:1;BA.2:1;BA.5.6:1
1222026,BA.2_0.02_abundance_0.04,G28881A;G28882A;G28883C;A28959T,N:R203K;N:R203R;N:G204R;N:Q229L,64,349,0.1833810888252149,43,BA.1.1.18:1;B.1.1.7:26;BQ.1.1.22:1;BA.5.2.1:1;BA.1.1.12:1;BA.2.36:1;BA.5.2.6:1;BA.1:5;BA.2:1;BL.1:1;BA.1.15:2;BA.2.3:1;BA.1.1:1
1292026,BA.2_0.02_abundance_0.04,T670G;C854G,ORF1a:S135R;ORF1a:P197A,47,341,0.1378299120234604,6,BQ.1.14:3;BQ.1.1:1;BA.2.12.1:2
1292026,BA.2_0.02_abundance_0.04,C1860G;T1905A,ORF1a:P532R;ORF1a:I547N,67,3249,0.020621729763004,0,
1292026,BA.2_0.02_abundance_0.04,T7707A;A7965G,ORF1a:I2481K;ORF1a:Q2567R,46,1438,0.0319888734353268,0,
1292026,BA.2_0.02_abundance_0.04,T9046C;G9219A,ORF1a:G2927G;ORF1a:R2985K,36,724,0.0497237569060773,0,
1292026,BA.2_0.02_abundance_0.04,T9275A;C9344T;A9424G;C9534T,ORF1a:W3004R;ORF1a:L3027F;ORF1a:V3053V;ORF1a:T3090I,101,234,0.4316239316239316,0,
1292026,BA.2_0.02_abundance_0.04,T9275A;C9344T;A9424G,ORF1a:W3004R;ORF1a:L3027F;ORF1a:V3053V,14,269,0.0520446096654275,0,
1292026,BA.2_0.02_abundance_0.04,C9534T;G9832T,ORF1a:T3090I;ORF1a:M3189I,8,14,0.5714285714285714,61,BA.2.18:1;BA.2.12.1:9;BA.2:18;BE.1.1:4;BA.5.2:3;BA.5.2.31:1;BA.2.3:4;BA.2.9:6;BA.5.1:1;BA.5.2.1:4;BA.4:1;BA.2.14:1;BA.5.6:1;BF.5:2;BA.2.10:2;BA.2.3.1:1;BE.3:1;BA.5.5:1
1292026,BA.2_0.02_abundance_0.04,C9534T;T9612G,ORF1a:T3090I;ORF1a:L3116R,22,608,0.0361842105263157,0,
1292026,BA.2_0.02_abundance_0.04,A10767T;C10811G,ORF1a:N3501I;ORF1a:L3516V,12,579,0.0207253886010362,0,
1292026,BA.2_0.02_abundance_0.04,C10811G;A10950G,ORF1a:L3516V;ORF1a:Q3562R,26,537,0.0484171322160148,0,
1292026,BA.2_0.02_abundance_0.04,T11181A;T11227G,ORF1a:F3639Y;ORF1a:Y3654*,54,2311,0.0233665080051925,0,
1292026,BA.2_0.02_abundance_0.04,A12649T;A12652C,ORF1a:V4128V;ORF1a:T4129T,1269,2902,0.4372846312887664,0,
1292026,BA.2_0.02_abundance_0.04,C12880T;G12983T,ORF1a:I4205I;ORF1a:G4240C,102,2108,0.0483870967741935,1,BA.2:1
1292026,BA.2_0.02_abundance_0.04,A14315C;C14408T;G14414A,ORF1b:Q283P;ORF1b:P314L;ORF1b:S316N,121,529,0.2287334593572778,0,
1292026,BA.2_0.02_abundance_0.04,A14315C;C14408T,ORF1b:Q283P;ORF1b:P314L,40,529,0.0756143667296786,1,B.1.1.7:1
1292026,BA.2_0.02_abundance_0.04,C14408T;G14414A,ORF1b:P314L;ORF1b:S316N,265,529,0.500945179584121,4,BA.5.2.19:1;AY.103:1;B.1.1.216:1;B.1.1.28:1
1292026,BA.2_0.02_abundance_0.04,G14622A;G14785T,ORF1b:T385T;ORF1b:A440S,31,1563,0.019833653230966,0,
1292026,BA.2_0.02_abundance_0.04,T15047C;A15143C,ORF1b:I527T;ORF1b:N559T,12,51,0.2352941176470588,0,
1292026,BA.2_0.02_abundance_0.04,T15047C;A15143C;T15200G,ORF1b:I527T;ORF1b:N559T;ORF1b:V578G,7,45,0.1555555555555555,0,
1292026,BA.2_0.02_abundance_0.04,A15143C;T15200G,ORF1b:N559T;ORF1b:V578G,5,45,0.1111111111111111,0,
1292026,BA.2_0.02_abundance_0.04,T16502C;A16541C,ORF1b:V1012A;ORF1b:N1025T,59,258,0.2286821705426356,0,
1292026,BA.2_0.02_abundance_0.04,T16502C;T16625A,ORF1b:V1012A;ORF1b:L1053H,8,258,0.0310077519379844,0,
1292026,BA.2_0.02_abundance_0.04,G17390C;C17410T,ORF1b:S1308T;ORF1b:R1315C,1051,2762,0.3805213613323678,0,
1292026,BA.2_0.02_abundance_0.04,G17726T;T17904C,ORF1b:R1420I;ORF1b:C1479C,17,804,0.0211442786069651,0,
1292026,BA.2_0.02_abundance_0.04,C19594G;T19747A,ORF1b:L2043V;ORF1b:F2094I,5,184,0.0271739130434782,0,
1292026,BA.2_0.02_abundance_0.04,G20569C;A20576G,ORF1b:V2368L;ORF1b:K2370R,14,115,0.1217391304347826,0,
1292026,BA.2_0.02_abundance_0.04,C22183G;T22200G,S:H207Q;S:V213G,235,1369,0.1716581446311176,0,
1292026,BA.2_0.02_abundance_0.04,C22183G;T22200G;T22258C,S:H207Q;S:V213G;S:G232G,207,1272,0.1627358490566037,0,
1292026,BA.2_0.02_abundance_0.04,T22200G;T22258C,S:V213G;S:G232G,422,1272,0.3317610062893081,32,BA.2.9:8;BA.5.2:2;BA.2.3.2:2;BA.2.12.1:2;BA.2.5:9;BA.2:8;BA.5.2.1:1
1292026,BA.2_0.02_abundance_0.04,C22674T;T22679C;C22686T;A22688G;A22739C;G22775A;A22786C;G22813T,S:S371F;S:S373P;S:S375F;S:T376A;S:T393P;S:D405N;S:R408S;S:K417N,73,661,0.1104387291981845,0,
1292026,BA.2_0.02_abundance_0.04,C22674T;T22679C;C22686T;A22688G;A22739C,S:S371F;S:S373P;S:S375F;S:T376A;S:T393P,10,707,0.0141442715700141,0,
1292026,BA.2_0.02_abundance_0.04,C23854A;G23948T;G24104A,S:N764K;S:D796Y;S:D848N,179,958,0.1868475991649269,2,BA.2.2:1;BA.2.12.1:1
1292026,BA.2_0.02_abundance_0.04,G24104A;A24424T,S:D848N;S:Q954H,5,18,0.2777777777777778,3,BA.2:1;BA.2.2:1;BA.2.12.1:1
1292026,BA.2_0.02_abundance_0.04,T25467A;C25508A;C25584T,ORF3a:P25P;ORF3a:A39D;ORF3a:T64T,59,2152,0.0274163568773234,0,
1292026,BA.2_0.02_abundance_0.04,T25467A;C25584T,ORF3a:P25P;ORF3a:T64T,56,2152,0.0260223048327137,30,BA.2:4;BA.5.2.1:15;BA.5.1.22:1;BA.2.9:5;BA.5.1.24:1;BA.5.1:1;BA.2.9.5:1;BA.1.17:2
1292026,BA.2_0.02_abundance_0.04,C25508A;C25584T,ORF3a:A39D;ORF3a:T64T,944,2152,0.4386617100371747,314,BA.2:111;BA.2.9.5:6;BA.2.9:75;AY.26:1;BQ.1.1:25;BA.1.1:50;BA.5.1:4;B.1.1.7:1;BA.1.17.2:2;BF.24:1;BA.5.2:5;BA.2.12.1:3;BA.2.3:11;BA.1:4;BA.1.15.1:1;BA.1.20:1;BA.5.1.22:1;BQ.1:6;BQ.1.1.6:2;BQ.1.1.14:4
1292026,BA.2_0.02_abundance_0.04,C25508A;C25584T;T25645G,ORF3a:A39D;ORF3a:T64T;ORF3a:L85V,16,91,0.1758241758241758,0,
1292026,BA.2_0.02_abundance_0.04,C25584T;T25645G,ORF3a:T64T;ORF3a:L85V,9,91,0.0989010989010989,12,BA.2.40.1:1;BA.5.1.23:1;BA.5.2.23:4;BA.5.2.9:2;BA.1:1;BA.5.1.22:2;BA.2.9:1
1292026,BA.2_0.02_abundance_0.04,A25980T;C26060T,ORF3a:G196G;ORF3a:T223I,9,179,0.0502793296089385,21,BA.2.9:4;BA.5.1:12;BA.2:2;BE.1.4:1;BA.2.10:1;BA.5.2.35:1
1292026,BA.2_0.02_abundance_0.04,A25980T;C26060T;C26270T,ORF3a:G196G;ORF3a:T223I;E:T9I,12,131,0.0916030534351145,21,BA.2.9:4;BA.5.1:12;BA.2:2;BE.1.4:1;BA.2.10:1;BA.5.2.35:1
1292026,BA.2_0.02_abundance_0.04,A27259C;G27382C;A27383T;T27384C;A27397T,ORF6:R20R;ORF6:D61H;ORF6:D61V;ORF6:D61D;ORF7a:K2*,348,2167,0.1605906783571758,33,BA.2:29;BA.2.2:3;BA.4.6:1
1292026,BA.2_0.02_abundance_0.04,A27259C;G27382C;A27383T;T27384C;G27490C,ORF6:R20R;ORF6:D61H;ORF6:D61V;ORF6:D61D;ORF7a:E33Q,446,1493,0.2987273945077026,1,BA.2:1
1292026,BA.2_0.02_abundance_0.04,A27259C;G27382C;A27383T;T27384C;A27397T;G27490C,ORF6:R20R;ORF6:D61H;ORF6:D61V;ORF6:D61D;ORF7a:K2*;ORF7a:E33Q,129,1493,0.0864032150033489,0,
1292026,BA.2_0.02_abundance_0.04,G28221C;C28311T,ORF8:E110Q;N:P13L,477,4483,0.1064019629712246,549,BA.5.2.1:27;BA.2.12.1:20;BA.2.75:27;BA.1.1.1:3;BA.2:198;BA.4.1:2;BA.5.2:137;BF.5:2;BA.5.5.2:21;XBB:1;BA.1.1:39;BA.5:1;BA.4.6:2;BA.4:2;XAZ:1;BA.5.1:5;BA.1:7;BA.4.8:2;BA.2.9:6;BA.4.2:1;XBB.1:5;BA.1.17.2:4;BA.2.1:3;BA.1.18:2;B.6:1;BF.7:1;BE.1.1:3;BA.1.19:1;BQ.1.5:1;BA.5.2.9:2;BA.2.18:2;BA.2.3:4;BA.1.15:1;BA.5.6:2;BQ.1.1.18:1;BD.1:3;BQ.1.1.22:1;BA.1.17:1;C.37:1;BA.2.75.1:1;BA.5.5:1;BA.2.10:1;BA.5.9:1;BA.2.65:1;CM.2:1
1292026,BA.2_0.02_abundance_0.04,G28221C;G28314T,ORF8:E110Q;N:R14L,111,4483,0.0247602052197189,1,B.1.177:1
1292026,BA.2_0.02_abundance_0.04,C28311T;A28381C,N:P13L;N:R36R,185,4151,0.0445675740785352,175,BA.2:39;BA.2.9.1:22;BA.2.9.4:1;BV.2:1;BA.2.12.1:4;BA.1.14.1:1;BA.5.2:9;BA.4.1:7;BA.1.1:46;BA.4:2;BE.1.1:4;BA.5.1:6;BA.1.1.2:3;BF.5:1;BA.5.2.1:5;BA.2.9:6;BF.7:1;BA.2.3.15:2;BA.1.17.2:4;BA.2.3:2;BF.26:1;BA.1.1.1:4;BA.1:1;BA.5.2.33:2;BA.2.3.8:1
1292026,BA.2_0.02_abundance_0.04,G28827A;G28881A;G28882A;G28883C,N:R185H;N:R203K;N:R203R;N:G204R,119,437,0.2723112128146453,183,BA.1.17.2:3;BQ.1.1.23:3;B.1.1:3;BA.5.5:1;BA.1.1.15:6;BA.2:24;BA.2.12.1:8;BA.1:6;BA.5.2:7;BA.1.1:21;BA.2.3.13:1;B.1.1.7:38;B.1.1.337:1;BA.1.17:19;BA.4:2;BA.5.1:2;BA.1.15:2;BF.5:8;P.1:1;BA.5:1;BA.2.3:3;XBB.1.5:1;BA.2.10:2;BA.2.12:3;BE.1:1;BA.1.15.1:1;BA.5.2.6:4;P.1.10:3;BA.1.20:1;BA.2.9:1;C.37:1;BA.2.75:1;P.1.16:1;BA.4.1.1:1;BA.5.2.1:1;BA.4.6:1
1292026,BA.2_0.02_abundance_0.04,G28827A;G28881A;G28882A;G28883C;G28954C,N:R185H;N:R203K;N:R203R;N:G204R;N:L227F,16,416,0.0384615384615384,1,B.1.1.7:1
1292026,BA.2_0.02_abundance_0.04,G28881A;G28882A;G28883C;G28954C,N:R203K;N:R203R;N:G204R;N:L227F,26,416,0.0625,14,BA.1.1.2:1;BA.2:4;B.1.1.7:3;BA.5.2:1;BA.5.2.16:1;BA.1:1;BF.26:1;BE.1.1:2
2052026,BA.2_0.02_abundance_0.04,T403G;T670G,ORF1a:L46L;ORF1a:S135R,432,2581,0.1673769856644711,14,BA.5.2:12;BA.5.1.27:1;BA.2:1
2052026,BA.2_0.02_abundance_0.04,G440T;T670G,ORF1a:G59C;ORF1a:S135R,90,2581,0.0348702053467648,388,BA.2:110;BA.5.2.1:19;BF.5:10;BQ.1.5:2;BA.2.12.1:8;BF.10:5;BA.2.24:134;BA.5.2:16;BA.5.5:3;BF.4:1;BA.2.75:4;BA.5.2.7:2;BA.2.3.13:5;BA.5.2.21:6;BQ.1:4;BA.2.10.1:1;BF.27:1;BA.5:4;CL.1:1;BA.2.10:1;BA.5.10:1;BA.2.49:1;BQ.1.18:1;BA.4.1:2;BA.5.1:7;BE.4:4;BA.2.9:8;BA.5.2.34:1;BQ.1.23:2;BQ.1.1.8:1;BA.5.2.18:1;BQ.1.10:1;BA.2.74:2;BF.1:1;BA.5.1.5:1;BF.7.10:1;XBB.1:1;BQ.1.11:1;BF.7:2;BQ.1.1:5;BA.2.65:1;BA.5.1.23:1;BA.2.18:1;BA.5.6:1;BA.5.1.21:1;BE.3:1;BE.1:1
2052026,BA.2_0.02_abundance_0.04,T670G;C782A,ORF1a:S135R;ORF1a:L173I,23,289,0.0795847750865051,30,BE.1:1;BA.5:1;BE.5:1;BA.2.3:2;BA.5.2.1:3;BA.5.1:1;BA.2:12;BA.2.9:1;BA.5.2:3;BA.5.6:1;BA.2.12.1:1;BA.5.3.2:1;BA.5.2.26:1;BA.2.75:1
2052026,BA.2_0.02_abundance_0.04,G1148C;A1219T,ORF1a:G295R;ORF1a:S318S,140,1558,0.0898587933247753,0,
2052026,BA.2_0.02_abundance_0.04,A1219T;G1228A,ORF1a:S318S;ORF1a:M321I,20,1558,0.0128369704749679,0,
2052026,BA.2_0.02_abundance_0.04,A3978C;T3993A,ORF1a:E1238A;ORF1a:L1243Q,139,1543,0.0900842514581983,0,
2052026,BA.2_0.02_abundance_0.04,G4807A;C4876G,ORF1a:W1514*;ORF1a:Y1537*,115,614,0.1872964169381107,0,
2052026,BA.2_0.02_abundance_0.04,C5770A;A5877T,ORF1a:H1835Q;ORF1a:N1871I,23,1357,0.0169491525423728,0,
2052026,BA.2_0.02_abundance_0.04,C7712A;T7730C,ORF1a:P2483T;ORF1a:Y2489H,45,447,0.1006711409395973,0,
2052026,BA.2_0.02_abundance_0.04,C7712A;T7871G,ORF1a:P2483T;ORF1a:L2536V,67,422,0.1587677725118483,0,
2052026,BA.2_0.02_abundance_0.04,C7712A;T7730C;T7871G,ORF1a:P2483T;ORF1a:Y2489H;ORF1a:L2536V,24,422,0.0568720379146919,0,
2052026,BA.2_0.02_abundance_0.04,T7730C;T7871G,ORF1a:Y2489H;ORF1a:L2536V,10,422,0.0236966824644549,0,
2052026,BA.2_0.02_abundance_0.04,A8339C;G8552A,ORF1a:I2692L;ORF1a:G2763S,7,637,0.0109890109890109,0,
2052026,BA.2_0.02_abundance_0.04,A8661G;C8770G,ORF1a:H2799R;ORF1a:D2835E,29,1067,0.0271790065604498,0,
2052026,BA.2_0.02_abundance_0.04,C9534T;G9646C,ORF1a:T3090I;ORF1a:Q3127H,955,1504,0.6349734042553191,0,
2052026,BA.2_0.02_abundance_0.04,C9534T;T9699A,ORF1a:T3090I;ORF1a:I3145N,21,1504,0.0139627659574468,1,BA.2:1
2052026,BA.2_0.02_abundance_0.04,C9534T;G9646C;T9699A,ORF1a:T3090I;ORF1a:Q3127H;ORF1a:I3145N,33,1504,0.0219414893617021,0,
2052026,BA.2_0.02_abundance_0.04,C9534T;C9663A,ORF1a:T3090I;ORF1a:T3133K,18,1504,0.0119680851063829,0,
2052026,BA.2_0.02_abundance_0.04,C9534T;G9646C;C9663A,ORF1a:T3090I;ORF1a:Q3127H;ORF1a:T3133K,36,1504,0.0239361702127659,0,
2052026,BA.2_0.02_abundance_0.04,A12840C;C12880T,ORF1a:K4192T;ORF1a:I4205I,255,719,0.3546592489568845,0,
2052026,BA.2_0.02_abundance_0.04,A12840C;C12880T;A12927G,ORF1a:K4192T;ORF1a:I4205I;ORF1a:K4221R,23,719,0.0319888734353268,0,
2052026,BA.2_0.02_abundance_0.04,C12880T;A12927G,ORF1a:I4205I;ORF1a:K4221R,23,719,0.0319888734353268,118,BA.5.2.1:2;BA.2.12.1:29;BA.2.75:1;BA.2:45;BA.2.9:8;BF.7.4:5;BA.5.2:11;BA.5.1:5;BF.27:1;BQ.1.1:1;XAF:1;CM.2:1;BA.5:1;BA.5.2.13:1;BA.5.2.9:3;BA.5.2.28:1;BA.5.3.2:1;BA.2.52:1
2052026,BA.2_0.02_abundance_0.04,T13273A;T13314G,ORF1a:H4336Q;ORF1a:V4350G,57,580,0.0982758620689655,0,
2052026,BA.2_0.02_abundance_0.04,T13273A;A13300G,ORF1a:H4336Q;ORF1a:L4345L,19,581,0.0327022375215146,0,
2052026,BA.2_0.02_abundance_0.04,T13273A;A13300G;T13314G,ORF1a:H4336Q;ORF1a:L4345L;ORF1a:V4350G,8,580,0.0137931034482758,0,
2052026,BA.2_0.02_abundance_0.04,A13300G;T13314G,ORF1a:L4345L;ORF1a:V4350G,6,580,0.0103448275862068,0,
2052026,BA.2_0.02_abundance_0.04,C14408T;T14492A,ORF1b:P314L;ORF1b:L342Q,82,1095,0.0748858447488584,5,P.1:1;B.1.1.7:1;AY.46.6:1;BA.1:2
2052026,BA.2_0.02_abundance_0.04,A15217C;C15381G,ORF1b:K584Q;ORF1b:S638R,19,1172,0.0162116040955631,0,
2052026,BA.2_0.02_abundance_0.04,G15311T;C15381G,ORF1b:R615I;ORF1b:S638R,25,1177,0.0212404418011894,0,
2052026,BA.2_0.02_abundance_0.04,C15381G;G15493T,ORF1b:S638R;ORF1b:A676S,36,1111,0.0324032403240324,0,
2052026,BA.2_0.02_abundance_0.04,C15381G;G15488A,ORF1b:S638R;ORF1b:G674E,30,1115,0.0269058295964125,0,
2052026,BA.2_0.02_abundance_0.04,A15990C;A16144G,ORF1b:T841T;ORF1b:M893V,57,3663,0.0155610155610155,0,
2052026,BA.2_0.02_abundance_0.04,T17229G;C17410T,ORF1b:S1254R;ORF1b:R1315C,85,3679,0.0231041043761891,0,
2052026,BA.2_0.02_abundance_0.04,C17312G;C17410T,ORF1b:T1282S;ORF1b:R1315C,291,1322,0.2201210287443268,0,
2052026,BA.2_0.02_abundance_0.04,C17312G;A17317T;C17410T,ORF1b:T1282S;ORF1b:N1284Y;ORF1b:R1315C,33,1322,0.0249621785173978,0,
2052026,BA.2_0.02_abundance_0.04,A17317T;C17410T,ORF1b:N1284Y;ORF1b:R1315C,165,3680,0.0448369565217391,0,
2052026,BA.2_0.02_abundance_0.04,C17410T;T17685G,ORF1b:R1315C;ORF1b:D1406E,20,66,0.303030303030303,1,BA.2:1
2052026,BA.2_0.02_abundance_0.04,C17410T;T17445A,ORF1b:R1315C;ORF1b:A1326A,8,69,0.1159420289855072,14,XAZ:2;BA.5.2:4;BA.5.2.1:1;BA.2.9:1;BA.2:5;BA.2.19:1
2052026,BA.2_0.02_abundance_0.04,T17445A;T17685G,ORF1b:A1326A;ORF1b:D1406E,25,482,0.0518672199170124,0,
2052026,BA.2_0.02_abundance_0.04,G18078C;A18163G,ORF1b:K1537N;ORF1b:I1566V,21,317,0.0662460567823343,3,BA.1.1:1;BA.1.13.1:1;BA.5.2.1:1
2052026,BA.2_0.02_abundance_0.04,T21818C;G21987A,S:F86L;S:G142D,108,1167,0.0925449871465295,62,BA.2.10:1;AY.61:1;AY.39:2;AY.4.2:5;AY.29:9;BA.2:2;BA.1.1:2;AY.43:3;AY.4:3;AY.111:1;AY.106:1;B.1.617.2:3;AY.117:1;AY.46:1;AY.108:1;BA.2.13:1;AY.129:1;AY.103:1;BA.1:2;AY.4.11:1;AY.3:1;AY.119:1;BA.5.2.21:1;BA.1.1.7:1;BA.5.2:1;AY.113:2;AY.44:2;AY.9.2:1;AY.4.2.2:1;AY.122:2;AY.29.1:1;AY.4.2.1:2;AY.7:1;AY.2:1;AY.3.1:1;BQ.1.1:1
2052026,BA.2_0.02_abundance_0.04,T22928C;G22992A;C22995A;A23013C;A23040G;A23076T,S:F456L;S:S477N;S:T478K;S:E484A;S:Q493R;S:Y505F,5,220,0.0227272727272727,0,
2052026,BA.2_0.02_abundance_0.04,G22992A;C22995A;A23013C;A23040G;A23076T,S:S477N;S:T478K;S:E484A;S:Q493R;S:Y505F,97,220,0.4409090909090909,1,BA.2:1
2052026,BA.2_0.02_abundance_0.04,A24424T;T24427G,S:Q954H;S:N955K,194,996,0.1947791164658634,1,BA.2:1
2052026,BA.2_0.02_abundance_0.04,A24424T;T24427G;T24469A,S:Q954H;S:N955K;S:N969K,67,238,0.2815126050420168,1,BA.2:1
2052026,BA.2_0.02_abundance_0.04,T24427G;T24469A,S:N955K;S:N969K,41,393,0.104325699745547,1,BA.2:1
2052026,BA.2_0.02_abundance_0.04,C26060T;C26192T;C26270T,ORF3a:T223I;ORF3a:P267L;E:T9I,110,371,0.2964959568733153,962,BA.5.2.1:63;BA.2.75:24;BA.2.12.1:19;BA.2.76:1;BA.5.5:7;BA.2:236;BQ.1.1:52;BA.2.10:3;BA.2.36:4;BA.5.10:1;BE.1:4;BA.5.2:50;BA.5.2.22:4;BF.21:3;BA.5.1.24:10;BA.2.12:5;BQ.1.3:2;BN.1.3.1:1;BA.2.3:192;BF.7.8:1;BA.4:2;BA.2.9:96;BA.4.6:20;BE.1.1.2:10;BE.1.1:5;BF.5:22;BA.2.9.5:3;CK.3:2;CM.8:1;BA.5.1:15;BA.4.1:8;BA.5.3.1:1;BA.2.10.2:1;BQ.1.1.22:1;BA.2.23:1;BA.2.10.1:18;BA.5.2.44:2;BA.4.1.5:1;BA.2.13:4;BA.1.17.2:1;BA.2.3.12:1;BF.10:8;BA.2.33:1;BA.5.2.28:3;BF.11:2;BA.5.2.21:3;BQ.1.10:1;BA.5.1.22:5;BQ.1.6:1;BA.2.63:1;BA.2.3.13:1;BA.5.2.27:2;BA.5.1.25:1;BA.5.1.28:1;BA.2.3.9:4;BA.5.6:4;BA.2.56:1;BA.2.31.1:1;BA.2.3.7:1;BQ.1.1.5:1;BA.5.2.9:1;BE.1.1.1:1;XBB.1:1;BQ.1.1.25:1;BA.2.3.14:1;BQ.1.1.18:1;BA.5.2.4:4;BF.7.5:1;BA.5.2.12:1;BA.2.3.2:1;BQ.1.13:1;BF.28:1;BA.5.2.3:1;BN.3.1:1;BA.2.3.6:2;BA.2.74:1;BA.2.3.15:2;BA.2.3.1:1
2052026,BA.2_0.02_abundance_0.04,C26060T;C26192T,ORF3a:T223I;ORF3a:P267L,36,490,0.073469387755102,971,BA.5.2.1:63;BA.2.75:24;BA.2.12.1:19;BA.2.76:1;BA.5.5:7;BA.2:237;BQ.1.1:52;BA.2.10:3;BA.2.36:4;BA.5.10:1;BE.1:4;BA.5.2:54;BA.5.2.22:4;BF.21:3;BA.5.1.24:10;BA.2.12:5;B.1.637:1;B.1.1.7:1;BQ.1.3:2;BN.1.3.1:1;BA.2.3:192;BF.7.8:1;BA.4:2;BA.2.9:96;BA.4.6:20;BE.1.1.2:10;BE.1.1:5;BF.5:22;B.1.1.216:1;BA.2.9.5:3;CK.3:2;CM.8:1;BA.5.1:15;BA.4.1:8;BA.5.3.1:1;BA.2.10.2:1;BQ.1.1.22:1;BA.2.23:1;BA.2.10.1:18;BA.5.2.44:2;BA.4.1.5:1;BA.2.13:4;BA.1.17.2:1;BA.2.3.12:1;BF.10:8;BA.2.33:1;BA.5.2.28:3;BF.11:2;BA.5.2.21:3;BQ.1.10:1;BA.5.1.22:5;BQ.1.6:1;BA.2.63:1;BA.2.3.13:1;BA.5.2.27:2;B.1.2:1;BA.5.1.25:1;BA.5.1.28:1;BA.2.3.9:4;BA.5.6:4;BA.2.56:1;BA.2.31.1:1;BA.2.3.7:1;BQ.1.1.5:1;BA.5.2.9:1;BE.1.1.1:1;XBB.1:1;BQ.1.1.25:1;BA.2.3.14:1;BQ.1.1.18:1;BA.5.2.4:4;BF.7.5:1;BA.5.2.12:1;BA.2.3.2:1;BQ.1.13:1;BF.28:1;BA.5.2.3:1;BN.3.1:1;BA.2.3.6:2;BA.2.74:1;BA.2.3.15:2;BA.2.3.1:1
2052026,BA.2_0.02_abundance_0.04,C26270T;T26311G,E:T9I;E:F23V,11,235,0.0468085106382978,19,BF.5:1;BA.2:17;BA.2.10:1
2052026,BA.2_0.02_abundance_0.04,C26577G;G26709A;C26770A;C26858T,M:Q19E;M:A63T;M:A83E;M:F112F,1134,3441,0.3295553618134263,0,
2052026,BA.2_0.02_abundance_0.04,C26577G;G26709A;C26770A,M:Q19E;M:A63T;M:A83E,88,3649,0.0241161962181419,0,
2052026,BA.2_0.02_abundance_0.04,C28783G;G28881A;G28882A;G28883C;T28945A,N:G170G;N:R203K;N:R203R;N:G204R;N:L224L,26,151,0.1721854304635761,0,
2052026,BA.2_0.02_abundance_0.04,C28783G;G28881A;G28882A;G28883C,N:G170G;N:R203K;N:R203R;N:G204R,26,159,0.1635220125786163,0,
2052026,BA.2_0.02_abundance_0.04,C28821A;G28881A;G28882A;G28883C;T28945A,N:S183Y;N:R203K;N:R203R;N:G204R;N:L224L,5,151,0.0331125827814569,0,
2052026,BA.2_0.02_abundance_0.04,C28821A;G28881A;G28882A;G28883C,N:S183Y;N:R203K;N:R203R;N:G204R,7,159,0.0440251572327044,12,BA.5.2.1:1;B.1.1.28:1;BA.2:2;BQ.1.1.23:2;BA.1.1:4;B.1.1.7:1;BA.1.17.2:1
2052026,BA.2_0.02_abundance_0.04,G28881A;G28882A;G28883C;T28945A,N:R203K;N:R203R;N:G204R;N:L224L,38,151,0.2516556291390728,31,B.1.1.418:1;BA.2:8;B.1.1.318:4;BA.1.1:7;AS.1:2;BA.5.1:2;BQ.1.7:1;BA.1:1;CL.1:1;BA.2.3:1;BA.4.1:1;BA.1.17.2:1;BA.1.15:1
2052026,BA.2_0.02_abundance_0.04,T29344C;A29510C,N:I357I;N:S413R,7,245,0.0285714285714285,86,BA.2.75:6;BA.5.8:7;BA.2.9:4;BA.5.1:3;BA.2.1:14;BQ.1.23:5;BA.4.6:1;BA.2:8;BA.5.2:3;BF.7.4.1:21;XBB:1;BA.5.2.21:2;BF.7:1;BN.1.3:1;BA.2.3:1;BF.7.4:1;BA.4.1:1;BA.2.3.1:1;BA.5.2.1:2;BF.5:2;BA.2.30:1
2122026,BA.2_0.02_abundance_0.04,A1717C;C1869G,ORF1a:T484T;ORF1a:A535G,109,1232,0.0884740259740259,0,
2122026,BA.2_0.02_abundance_0.04,A2871C;C3037T,ORF1a:N869T;ORF1a:F924F,439,796,0.5515075376884422,153,N.5:1;AY.36:1;BF.5:6;BQ.1.1.4:10;BA.2.3:4;B.1.617.2:2;BA.5.2.1:2;BA.2:2;BA.5.1.18:2;B.1.1.519:1;AY.27:11;BA.1.1.18:1;BA.5.2.32:25;AY.44:5;BA.5.2:8;P.1:6;B.1.526:22;BA.5.1:4;BA.2.8:1;AY.122:1;AY.120:9;AY.43:2;BA.1.17.2:1;B.1.369:1;AY.103:4;B.1.177:2;BA.1:1;AY.26:2;B.1.1.7:2;B.1.1.8:1;AY.47:1;BA.2.12.1:1;B.1:2;B.1.1.128:1;BA.2.9:3;B.1.2:1;B.1.169:2;AY.9.2:1;B.1.1.291:1
2122026,BA.2_0.02_abundance_0.04,T4721C;C4820A,ORF1a:Y1486H;ORF1a:Q1519K,12,519,0.0231213872832369,0,
2122026,BA.2_0.02_abundance_0.04,T4721C;A4889T,ORF1a:Y1486H;ORF1a:T1542S,9,470,0.0191489361702127,0,
2122026,BA.2_0.02_abundance_0.04,T4721C;A4880T,ORF1a:Y1486H;ORF1a:S1539C,8,519,0.0154142581888246,0,
2122026,BA.2_0.02_abundance_0.04,A5729C;A5875T,ORF1a:T1822P;ORF1a:E1870D,5,43,0.1162790697674418,0,
2122026,BA.2_0.02_abundance_0.04,T7711A;A7799C,ORF1a:N2482K;ORF1a:T2512P,11,235,0.0468085106382978,0,
2122026,BA.2_0.02_abundance_0.04,G9323C;C9344T;A9424G;C9534T,ORF1a:G3020R;ORF1a:L3027F;ORF1a:V3053V;ORF1a:T3090I,358,715,0.5006993006993007,0,
2122026,BA.2_0.02_abundance_0.04,G9323C;C9344T;A9424G,ORF1a:G3020R;ORF1a:L3027F;ORF1a:V3053V,77,850,0.0905882352941176,0,
2122026,BA.2_0.02_abundance_0.04,G9323C;C9344T;G9355C;A9424G;C9534T,ORF1a:G3020R;ORF1a:L3027F;ORF1a:M3030I;ORF1a:V3053V;ORF1a:T3090I,19,715,0.0265734265734265,0,
2122026,BA.2_0.02_abundance_0.04,C9344T;G9355C;A9424G;C9534T,ORF1a:L3027F;ORF1a:M3030I;ORF1a:V3053V;ORF1a:T3090I,26,716,0.0363128491620111,64,BA.2:61;BA.5.1.10:1;BA.4.1:2
2122026,BA.2_0.02_abundance_0.04,G10447A;C10449A;C10681A,ORF1a:R3394R;ORF1a:P3395H;ORF1a:Y3472*,430,1084,0.3966789667896679,0,
2122026,BA.2_0.02_abundance_0.04,G10447A;C10449A;G10618T,ORF1a:R3394R;ORF1a:P3395H;ORF1a:R3451S,86,1086,0.0791896869244935,15,BA.2:2;BA.2.12.1:4;BA.5.1.30:1;BA.5.2.1:1;BA.2.75:1;BA.2.48:1;BA.5.2:2;BE.1.1.1:1;BA.2.9:1;BA.2.3:1
2122026,BA.2_0.02_abundance_0.04,G10447A;C10449A;G10618T;C10681A,ORF1a:R3394R;ORF1a:P3395H;ORF1a:R3451S;ORF1a:Y3472*,387,1084,0.3570110701107011,0,
2122026,BA.2_0.02_abundance_0.04,G10447A;C10449A;G10533A,ORF1a:R3394R;ORF1a:P3395H;ORF1a:C3423Y,17,1153,0.0147441457068516,21,BA.2.37:11;BA.2.10.1:2;BA.2:5;BA.4.1.1:1;BA.2.38:1;BA.5.1.17:1
2122026,BA.2_0.02_abundance_0.04,G10447A;C10449A;G10533A;G10618T;C10681A,ORF1a:R3394R;ORF1a:P3395H;ORF1a:C3423Y;ORF1a:R3451S;ORF1a:Y3472*,35,1084,0.0322878228782287,0,
2122026,BA.2_0.02_abundance_0.04,G10447A;C10449A;G10533A;C10681A,ORF1a:R3394R;ORF1a:P3395H;ORF1a:C3423Y;ORF1a:Y3472*,39,1084,0.0359778597785977,0,
2122026,BA.2_0.02_abundance_0.04,G10753T;G10772A,ORF1a:V3496V;ORF1a:E3503K,23,412,0.0558252427184466,0,
2122026,BA.2_0.02_abundance_0.04,G10753T;T10906G,ORF1a:V3496V;ORF1a:S3547R,19,412,0.0461165048543689,0,
2122026,BA.2_0.02_abundance_0.04,G10753T;G10772A;T10906G,ORF1a:V3496V;ORF1a:E3503K;ORF1a:S3547R,5,412,0.012135922330097,0,
2122026,BA.2_0.02_abundance_0.04,G10772A;T10906G,ORF1a:E3503K;ORF1a:S3547R,9,412,0.0218446601941747,0,
2122026,BA.2_0.02_abundance_0.04,G13313T;A13325C,ORF1a:V4350L;ORF1a:T4354P,12,1065,0.0112676056338028,0,
2122026,BA.2_0.02_abundance_0.04,A14321T;C14408T,ORF1b:Y285F;ORF1b:P314L,122,649,0.1879815100154083,1,B.1.1.7:1
2122026,BA.2_0.02_abundance_0.04,G14772T;A14891G,ORF1b:Q435H;ORF1b:D475G,5,438,0.0114155251141552,0,
2122026,BA.2_0.02_abundance_0.04,C15358T;G15424C,ORF1b:R631C;ORF1b:V653L,281,1294,0.2171561051004636,0,
2122026,BA.2_0.02_abundance_0.04,C15714T;T15741G,ORF1b:L749L;ORF1b:N758K,529,2349,0.2252022137079608,0,
2122026,BA.2_0.02_abundance_0.04,G16168C;G16414C,ORF1b:D901H;ORF1b:V983L,6,335,0.017910447761194,0,
2122026,BA.2_0.02_abundance_0.04,G17193C;C17410T,ORF1b:E1242D;ORF1b:R1315C,313,2415,0.1296066252587991,5,BA.5.1.10:1;BA.5.2.9:3;BA.5.1.6:1
2122026,BA.2_0.02_abundance_0.04,C17410T;T17605A,ORF1b:R1315C;ORF1b:Y1380N,5,180,0.0277777777777777,0,
2122026,BA.2_0.02_abundance_0.04,T17769A;C17821G,ORF1b:F1434L;ORF1b:P1452A,399,614,0.6498371335504886,0,
2122026,BA.2_0.02_abundance_0.04,G18090C;C18094T;A18116T;T18132G;A18153C;T18156G;A18163G;T18164C;G18194A;T18200A,ORF1b:G1541G;ORF1b:H1543Y;ORF1b:H1550L;ORF1b:T1555T;ORF1b:L1562F;ORF1b:C1563W;ORF1b:I1566V;ORF1b:I1566T;ORF1b:R1576K;ORF1b:L1578H,6,244,0.0245901639344262,0,
2122026,BA.2_0.02_abundance_0.04,G19069T;T19161C,ORF1b:A1868S;ORF1b:S1898S,29,566,0.0512367491166077,0,
2122026,BA.2_0.02_abundance_0.04,T19161C;A19175C,ORF1b:S1898S;ORF1b:D1903A,11,566,0.019434628975265,0,
2122026,BA.2_0.02_abundance_0.04,C21058A;T21116G,ORF1b:P2531T;ORF1b:I2550S,21,681,0.0308370044052863,0,
2122026,BA.2_0.02_abundance_0.04,T21832G;A21971T;G21987A,S:V90V;S:N137Y;S:G142D,42,158,0.2658227848101265,0,
2122026,BA.2_0.02_abundance_0.04,T21832G;G21987A,S:V90V;S:G142D,20,158,0.1265822784810126,30,BA.5.2.28:10;AY.34.1:1;B.1.617.2:1;BA.5.2:7;BE.1.1.2:2;AY.47:1;AY.103:1;BA.5:1;AY.25.1:1;AY.4.2.1:1;AY.33:1;AY.13:1;AY.43:1;AY.44:1
2122026,BA.2_0.02_abundance_0.04,T21832G;C21904A;A21971T;G21987A,S:V90V;S:T114T;S:N137Y;S:G142D,6,158,0.0379746835443038,0,
2122026,BA.2_0.02_abundance_0.04,T21832G;C21904A;G21987A,S:V90V;S:T114T;S:G142D,9,158,0.0569620253164556,0,
2122026,BA.2_0.02_abundance_0.04,T21832G;A21971T,S:V90V;S:N137Y,5,173,0.0289017341040462,0,
2122026,BA.2_0.02_abundance_0.04,C21904A;A21971T;G21987A,S:T114T;S:N137Y;S:G142D,10,158,0.0632911392405063,0,
2122026,BA.2_0.02_abundance_0.04,A21971T;G21987A,S:N137Y;S:G142D,44,158,0.2784810126582278,8,BA.5.2.1:1;BF.26:1;BA.1.1:1;BQ.1.1.14:1;AY.25.1:1;AY.120:1;BA.5.1:1;AY.4:1
2122026,BA.2_0.02_abundance_0.04,T22200G;A22245C,S:V213G;S:D228A,118,1872,0.063034188034188,1,BA.2.65:1
2122026,BA.2_0.02_abundance_0.04,T22345C;G22578A,S:G261G;S:G339D,25,50,0.5,81,BA.2:13;BA.2.3.1:1;BA.5.5:2;BA.1.1:25;BA.1.1.18:3;BA.1.15:3;BA.5.2:5;BA.1.1.2:2;BQ.1:1;BA.5.2.33:1;BA.5.2.7:1;BA.1.15.1:1;BA.5.2.1:5;BA.1.17.2:1;BA.1.1.14:1;BA.5.2.20:2;BA.2.56:1;BA.1:2;BA.5.1.22:1;BA.4.1:3;BA.2.12.1:1;BA.5.6:2;BA.2.38:1;BF.14:2;BF.5:1
2122026,BA.2_0.02_abundance_0.04,A24424T;T24469A;A24560C,S:Q954H;S:N969K;S:R1000R,8,239,0.0334728033472803,10,BQ.1:1;BA.5.3.1:1;BA.5.2.1:1;BA.2:4;BA.5.1:1;BF.11.2:2
2122026,BA.2_0.02_abundance_0.04,T24469A;A24560C,S:N969K;S:R1000R,24,1109,0.0216411181244364,10,BQ.1:1;BA.5.3.1:1;BA.5.2.1:1;BA.2:4;BA.5.1:1;BF.11.2:2
2122026,BA.2_0.02_abundance_0.04,C26270T;C26333A,E:T9I;E:T30K,7,63,0.1111111111111111,2,BA.1.1:1;BA.5.1:1
2122026,BA.2_0.02_abundance_0.04,A27822C;T27826A,ORF7b:I23L;ORF7b:M24K,21,1633,0.0128597672994488,0,
2122026,BA.2_0.02_abundance_0.04,T27826A;G27996C,ORF7b:M24K;ORF8:D35H,376,3161,0.1189496994621955,0,
2122026,BA.2_0.02_abundance_0.04,A28549G;T28723C,N:R92R;N:N150N,41,1478,0.0277401894451962,0,
2122026,BA.2_0.02_abundance_0.04,G28576C;T28723C,N:M101I;N:N150N,21,1478,0.0142083897158322,3,B.1:2;BA.2.75:1
2192026,BA.2_0.02_abundance_0.04,G526T;G660A;T670G,ORF1a:E87D;ORF1a:G132D;ORF1a:S135R,141,1379,0.1022480058013052,0,
2192026,BA.2_0.02_abundance_0.04,C1019G;T1155C,ORF1a:Q252E;ORF1a:M297T,338,2294,0.1473408892763731,0,
2192026,BA.2_0.02_abundance_0.04,C1019G;C1057G;T1155C,ORF1a:Q252E;ORF1a:D264E;ORF1a:M297T,79,2294,0.0344376634699215,0,
2192026,BA.2_0.02_abundance_0.04,C1019G;C1057G,ORF1a:Q252E;ORF1a:D264E,125,2294,0.0544899738448125,0,
2192026,BA.2_0.02_abundance_0.04,C1057G;T1155C,ORF1a:D264E;ORF1a:M297T,54,2294,0.023539668700959,1,BA.2:1
2192026,BA.2_0.02_abundance_0.04,T1656C;A1810G,ORF1a:V464A;ORF1a:K515K,945,2731,0.3460270963017209,0,
2192026,BA.2_0.02_abundance_0.04,A1810G;A1866C,ORF1a:K515K;ORF1a:Y534S,54,2555,0.0211350293542074,0,
2192026,BA.2_0.02_abundance_0.04,T2027A;A2172T,ORF1a:S588T;ORF1a:K636M,31,2009,0.0154305624688899,1,BA.2:1
2192026,BA.2_0.02_abundance_0.04,A2750C;C2790T,ORF1a:T829P;ORF1a:T842I,175,339,0.5162241887905604,0,
2192026,BA.2_0.02_abundance_0.04,T3256C;A3336G;A3344G;C3393A;A3414C;G3418C;A3430C;T3454A,ORF1a:N997N;ORF1a:E1024G;ORF1a:S1027G;ORF1a:A1043E;ORF1a:K1050T;ORF1a:K1051N;ORF1a:T1055T;ORF1a:V1063V,31,1388,0.0223342939481268,0,
2192026,BA.2_0.02_abundance_0.04,A3389T;T3489C,ORF1a:N1042Y;ORF1a:L1075S,29,906,0.032008830022075,0,
2192026,BA.2_0.02_abundance_0.04,C4065T;T4120C,ORF1a:S1267F;ORF1a:Y1285Y,10,74,0.1351351351351351,0,
2192026,BA.2_0.02_abundance_0.04,A4717G;C4832G,ORF1a:T1484T;ORF1a:L1523V,13,314,0.0414012738853503,0,
2192026,BA.2_0.02_abundance_0.04,C4746T;G4802T,ORF1a:S1494F;ORF1a:D1513Y,7,314,0.0222929936305732,0,
2192026,BA.2_0.02_abundance_0.04,T6595G;T6754G,ORF1a:P2110P;ORF1a:R2163R,5,313,0.0159744408945686,0,
2192026,BA.2_0.02_abundance_0.04,T6595G;T6826C,ORF1a:P2110P;ORF1a:N2187N,5,264,0.0189393939393939,0,
2192026,BA.2_0.02_abundance_0.04,A6613C;T6614A;C6636G;A6677T,ORF1a:V2116V;ORF1a:L2117I;ORF1a:T2124S;ORF1a:I2138L,5,337,0.0148367952522255,0,
2192026,BA.2_0.02_abundance_0.04,T6754G;T6826C,ORF1a:R2163R;ORF1a:N2187N,13,264,0.0492424242424242,0,
2192026,BA.2_0.02_abundance_0.04,A7680G;G7745T,ORF1a:D2472G;ORF1a:V2494F,47,430,0.1093023255813953,0,
2192026,BA.2_0.02_abundance_0.04,C9344G;G9407T;A9424G;T9449C;C9534T,ORF1a:L3027V;ORF1a:V3048L;ORF1a:V3053V;ORF1a:Y3062H;ORF1a:T3090I,29,831,0.0348977135980746,0,
2192026,BA.2_0.02_abundance_0.04,C9344G;A9424G;T9449C;C9534T,ORF1a:L3027V;ORF1a:V3053V;ORF1a:Y3062H;ORF1a:T3090I,37,831,0.0445246690734055,0,
2192026,BA.2_0.02_abundance_0.04,C9344G;A9424G;C9534T,ORF1a:L3027V;ORF1a:V3053V;ORF1a:T3090I,82,831,0.098676293622142,65,BA.2:60;BA.5.2.1:2;BA.5.2:1;BA.5.2.7:1;BA.2.3:1
2192026,BA.2_0.02_abundance_0.04,C9344G;G9407T;A9424G;C9534T,ORF1a:L3027V;ORF1a:V3048L;ORF1a:V3053V;ORF1a:T3090I,62,831,0.0746089049338146,0,
2192026,BA.2_0.02_abundance_0.04,C9344G;A9424G,ORF1a:L3027V;ORF1a:V3053V,13,969,0.0134158926728586,68,BA.2:63;BA.5.2.1:2;BA.5.2:1;BA.5.2.7:1;BA.2.3:1
2192026,BA.2_0.02_abundance_0.04,C9344T;G9407T;A9424G;C9534T,ORF1a:L3027F;ORF1a:V3048L;ORF1a:V3053V;ORF1a:T3090I,172,831,0.2069795427196149,261,BA.2.48:7;BA.2.9:2;BA.5.2.1:17;BA.2.12.1:2;BA.2.37:2;BF.23:1;BA.2:215;BA.2.3:1;BA.5.3.1:1;BA.2.38:1;BA.5.2:4;BA.5.6.1:1;BA.2.6:2;BA.4.1:2;BF.1:2;BA.5.2.22:1
2192026,BA.2_0.02_abundance_0.04,C9344T;G9407T;A9424G;T9449C;C9534T,ORF1a:L3027F;ORF1a:V3048L;ORF1a:V3053V;ORF1a:Y3062H;ORF1a:T3090I,97,831,0.1167268351383874,0,
2192026,BA.2_0.02_abundance_0.04,C9344T;A9424G;T9449C,ORF1a:L3027F;ORF1a:V3053V;ORF1a:Y3062H,13,907,0.0143329658213891,4,BA.5.1.24:1;BE.1:1;BA.5.2:1;BA.2:1
2192026,BA.2_0.02_abundance_0.04,C9344T;A9424G;T9449C;C9534T,ORF1a:L3027F;ORF1a:V3053V;ORF1a:Y3062H;ORF1a:T3090I,110,831,0.1323706377858002,4,BA.5.1.24:1;BA.5.2:1;BA.2:1;BE.1:1
2192026,BA.2_0.02_abundance_0.04,C9344T;G9407T;A9424G,ORF1a:L3027F;ORF1a:V3048L;ORF1a:V3053V,47,969,0.0485036119711042,261,BA.2:215;BA.5.2:4;BA.5.6.1:1;BA.5.2.1:17;BA.2.48:7;BF.23:1;BA.2.6:2;BA.5.2.22:1;BA.2.9:2;BA.2.3:1;BA.5.3.1:1;BA.2.37:2;BA.2.12.1:2;BA.2.38:1;BA.4.1:2;BF.1:2
2192026,BA.2_0.02_abundance_0.04,C10419T;G10444C;C10527G;T10534C;C10544T;G10574A;G10575C;T10598A,ORF1a:P3385L;ORF1a:M3393I;ORF1a:S3421C;ORF1a:C3423C;ORF1a:H3427Y;ORF1a:G3437S;ORF1a:G3437A;ORF1a:Y3445N,7,488,0.0143442622950819,0,
2192026,BA.2_0.02_abundance_0.04,G10850C;G10953T,ORF1a:A3529P;ORF1a:C3563F,41,2930,0.0139931740614334,0,
2192026,BA.2_0.02_abundance_0.04,G10850C;G10953T;T11038C,ORF1a:A3529P;ORF1a:C3563F;ORF1a:L3591L,17,720,0.0236111111111111,0,
2192026,BA.2_0.02_abundance_0.04,A11315T;T11329C,ORF1a:M3684L;ORF1a:A3688A,17,742,0.022911051212938,0,
2192026,BA.2_0.02_abundance_0.04,A11905T;T12009A,ORF1a:R3880S;ORF1a:L3915H,12,746,0.0160857908847185,0,
2192026,BA.2_0.02_abundance_0.04,G12278C;A12324G,ORF1a:A4005P;ORF1a:D4020G,10,301,0.0332225913621262,0,
2192026,BA.2_0.02_abundance_0.04,C12880T;A13021T,ORF1a:I4205I;ORF1a:L4252L,127,2844,0.0446554149085794,1,BA.5.2.22:1
2192026,BA.2_0.02_abundance_0.04,A13758G;G13763C,ORF1b:I97M;ORF1b:G99A,7,52,0.1346153846153846,0,
2192026,BA.2_0.02_abundance_0.04,A14033G;A14255T,ORF1b:N189S;ORF1b:K263I,26,758,0.0343007915567282,0,
2192026,BA.2_0.02_abundance_0.04,A14255T;C14408T,ORF1b:K263I;ORF1b:P314L,185,1664,0.1111778846153846,29,BA.2:20;BA.1.15:1;BA.5.2.1:1;AY.4:1;BA.5.6:2;BE.4.1.1:2;BA.5.2:1;BA.2.3.7:1
2192026,BA.2_0.02_abundance_0.04,T15244A;G15268T;T15281G;A15283T;C15319G;G15446A,ORF1b:L593I;ORF1b:E601*;ORF1b:L605R;ORF1b:M606L;ORF1b:P618A;ORF1b:C660Y,64,2842,0.0225193525686136,0,
2192026,BA.2_0.02_abundance_0.04,C15714T;A15806C,ORF1b:L749L;ORF1b:Q780P,371,4397,0.0843757107118489,0,
2192026,BA.2_0.02_abundance_0.04,G16237T;G16405T,ORF1b:A924S;ORF1b:V980F,41,472,0.086864406779661,0,
2192026,BA.2_0.02_abundance_0.04,T17041C;C17086A,ORF1b:Y1192H;ORF1b:P1207T,17,556,0.0305755395683453,0,
2192026,BA.2_0.02_abundance_0.04,T17161G;C17410T,ORF1b:C1232G;ORF1b:R1315C,118,3084,0.0382619974059662,4,BF.7:1;BF.25:1;BA.5.5:1;BA.2.9:1
2192026,BA.2_0.02_abundance_0.04,T17161G;C17213T;C17410T,ORF1b:C1232G;ORF1b:P1249L;ORF1b:R1315C,770,3084,0.2496757457846952,0,
2192026,BA.2_0.02_abundance_0.04,T17161G;C17213T,ORF1b:C1232G;ORF1b:P1249L,503,5088,0.0988600628930817,0,
2192026,BA.2_0.02_abundance_0.04,C17410T;C17430G;G17596C;C17597A;A17629G;T17670G;A17691C;A17697G,ORF1b:R1315C;ORF1b:Y1321*;ORF1b:A1377P;ORF1b:A1377D;ORF1b:K1388E;ORF1b:G1401G;ORF1b:S1408S;ORF1b:A1410A,6,304,0.0197368421052631,0,
2192026,BA.2_0.02_abundance_0.04,C17430G;G17596C;C17597A;A17629G;T17670G;A17691C;A17697G,ORF1b:Y1321*;ORF1b:A1377P;ORF1b:A1377D;ORF1b:K1388E;ORF1b:G1401G;ORF1b:S1408S;ORF1b:A1410A,40,2368,0.0168918918918918,0,
2192026,BA.2_0.02_abundance_0.04,C17774G;T17813G,ORF1b:S1436*;ORF1b:L1449W,18,317,0.056782334384858,0,
2192026,BA.2_0.02_abundance_0.04,A18163G;T18212G,ORF1b:I1566V;ORF1b:M1582R,90,600,0.15,0,
2192026,BA.2_0.02_abundance_0.04,A18163G;C18322T,ORF1b:I1566V;ORF1b:H1619Y,7,19,0.3684210526315789,985,BA.5.2.1:54;BA.2.75:5;BA.1.1.1:14;BA.2:239;BA.5.2:52;BF.5:9;BF.1:2;BA.4.1:7;BA.2.3.11:58;BA.1.1:103;BA.2.12:1;XBB:1;BA.5.1:62;BF.3:1;BA.2.3:42;BA.5.1.2:2;BQ.1.10:1;BA.5.6:1;BA.5.10:1;BA.2.9:17;BA.1:40;BE.1.1.2:1;BA.2.1:3;BA.1.15.1:4;BA.4:3;BA.2.10:6;CK.2.1.1:2;BE.3:14;BA.2.3.12:1;BA.1.15:19;BA.5.2.20:1;BA.1.17:8;BA.1.20:1;BA.5.3.2:1;BA.5.2.43:1;BA.5.2.9:3;BA.2.12.1:24;BA.5.8:1;BA.1.17.2:25;CM.4:1;BF.28:6;BA.5.2.2:1;BQ.1.1:2;BA.1.1.2:10;BA.5.3.1:1;BA.4.6:9;BA.5.5:16;BA.2.3.13:2;BA.2.37:7;BE.1.1:4;BA.2.23:3;BA.1.14:8;BA.5.1.23:2;BA.1.18:5;BE.1:5;BF.7:2;BA.5.2.4:2;BQ.1.1.18:2;BA.1.1.15:1;BA.2.8:2;XBB.2:1;BA.1.1.14:3;BQ.1:1;BF.21:2;BA.4.6.1:2;BA.5.2.21:5;BA.5.3.3:1;BQ.1.12:2;BA.5.1.10:1;BF.27:2;BA.5:1;BA.2.24:4;BA.4.1.1:3;BA.5.2.3:2;BF.10:1;BA.1.14.1:1;BA.1.19:1;BA.2.64:1;BA.5.1.3:2;BA.2.2:3;BA.1.1.18:5;BA.2.53:1;BA.2.76:1;BA.4.4:1;BS.1.1:1;BF.17:1;BA.2.65:2;BA.4.6.5:1;BA.1.16:1;BA.2.9.5:1;BA.5.2.12:1;BA.5.2.28:1;BA.2.9.3:1;BA.2.16:1;BA.5.9:1;BA.1.8:1;BQ.1.14:1;BG.2:1;BG.5:1;BA.2.3.16:1
2192026,BA.2_0.02_abundance_0.04,A18639T;C18681T;C18860A,ORF1b:K1724N;ORF1b:A1738A;ORF1b:A1798E,37,1738,0.0212888377445339,0,
2192026,BA.2_0.02_abundance_0.04,G19082C;T19090C,ORF1b:W1872S;ORF1b:Y1875H,12,166,0.072289156626506,0,
2192026,BA.2_0.02_abundance_0.04,A20538T;A20645C,ORF1b:I2357I;ORF1b:Y2393S,30,2061,0.0145560407569141,0,
2192026,BA.2_0.02_abundance_0.04,G23273A;A23295C;C23297G;T23346C;A23403G,S:D571N;S:D578A;S:P579A;S:V595A;S:D614G,9,480,0.01875,0,
2192026,BA.2_0.02_abundance_0.04,A23403G;T23458C,S:D614G;S:T632T,28,477,0.0587002096436058,285,CK.1:3;BA.2:19;B.1.617.2:5;BF.5:19;XBB.1:1;AY.39:4;BA.2.9:56;BA.2.12.1:2;BA.5.2.26:1;AY.7:2;BA.5.2:3;BA.2.37:1;AY.126:3;B.1.1.7:3;BN.1.4:3;AY.29:4;B.1.621:1;BA.1.1:4;AY.44:1;BA.1.17.2:1;B.1.595:4;AY.129:15;BA.5.2.1:19;BA.5.1:3;BA.2.75:17;BA.5.3.3:1;AY.122:2;BA.1.16:11;B.1:2;AY.4:7;BF.7:1;AY.120:1;BQ.1.14:1;BA.1:19;B.1.111:1;AY.103:2;AY.25:1;BA.4.1:9;AY.102:1;AY.100:7;BA.5.6:1;BA.1.1.2:2;BQ.1.3:1;BF.21:1;B.1.1.464:4;BU.3:1;AY.25.1:1;BA.1.17:3;AY.4.5:1;BA.5.1.5:1;AY.121:1;BQ.1.1:1;BA.2.36:2;AY.119:1;AY.43:2;AY.3:1;BA.5.2.24:1
2192026,BA.2_0.02_abundance_0.04,C23557A;T23599G;C23604A,S:P665P;S:N679K;S:P681H,11,73,0.1506849315068493,102,BA.2:7;BF.7:32;BA.1.1:5;BA.2.18:2;BA.5.2.1:13;BQ.1.10:22;BA.1.1.1:2;BE.1:4;BA.2.12.1:1;BA.5.2.3:1;BA.5.5:1;BA.2.9.3:1;BA.5.2:1;BF.5:2;BA.2.9:1;BA.2.3:1;XBB.1.4.1:1;BA.5:1;BA.1.15:1;BE.3:2;BQ.1.11:1
2192026,BA.2_0.02_abundance_0.04,C23854A;A23935C;G23948T,S:N764K;S:T791T;S:D796Y,221,1180,0.1872881355932203,8,BA.5.2.1:1;BA.2.75:1;BA.5.2:1;BE.1.1:4;BA.1:1
2192026,BA.2_0.02_abundance_0.04,T24136G;C24204T,S:L858L;S:T881I,7,147,0.0476190476190476,0,
2192026,BA.2_0.02_abundance_0.04,C24204T;A24424T,S:T881I;S:Q954H,48,95,0.5052631578947369,30,BA.2:8;BA.5.6:1;BA.5.2:7;BA.2.3:6;BA.5.2.1:3;BA.2.12.1:1;BA.1.1:1;BA.4.1:1;BA.2.75:2
2192026,BA.2_0.02_abundance_0.04,A24424T;T24671C;T24709C,S:Q954H;S:S1037P;S:L1049L,8,70,0.1142857142857142,0,
2192026,BA.2_0.02_abundance_0.04,A24424T;T24671C,S:Q954H;S:S1037P,14,70,0.2,0,
2192026,BA.2_0.02_abundance_0.04,T24447G;T24460G;T24511A;T24622C;C24632G,S:L962R;S:L966L;S:R983R;S:A1020A;S:L1024V,5,323,0.0154798761609907,0,
2192026,BA.2_0.02_abundance_0.04,T24671C;T24709C,S:S1037P;S:L1049L,34,299,0.1137123745819397,0,
2192026,BA.2_0.02_abundance_0.04,T25316G;C25584T,S:S1252A;ORF3a:T64T,45,1090,0.0412844036697247,15,BA.5.2.1:2;BA.2.3.18:1;BA.1.1:1;BQ.1.1:1;BA.2:6;BA.2.3:2;BE.1.1:1;BF.5:1
2192026,BA.2_0.02_abundance_0.04,A25368C;T25402C;T25529A;C25584T;A25591G;G25599C;A25602C,S:K1269T;ORF3a:F4L;ORF3a:L46H;ORF3a:T64T;ORF3a:K67E;ORF3a:W69C;ORF3a:Q70H,50,2528,0.0197784810126582,0,
2192026,BA.2_0.02_abundance_0.04,A25384T;C25584T,S:*1274TyrexX;ORF3a:T64T,84,2546,0.03299293008641,0,
2192026,BA.2_0.02_abundance_0.04,C26039T;C26270T,ORF3a:S216L;E:T9I,95,524,0.1812977099236641,583,BA.2:43;BA.1.17.2:2;BA.2.12.1:2;BA.1.1.2:26;BA.5.2.1:25;BA.1.1.1:2;BA.2.9:338;BA.2.10:34;BA.5.6.1:2;BA.5.5:6;BF.10:2;BQ.1.1.8:1;BA.5.3:1;BA.5.1.10:5;BA.1.20:5;BA.1.1:40;BA.1.15:3;BA.5.1:3;BA.5.2:5;BA.5.2.12:3;BA.4:1;BQ.1.23:1;BF.26:13;BA.2.75:2;BA.1:3;BE.1.1:2;BA.4.6:1;BA.5.1.30:1;BA.5:2;BA.5.1.23:1;BE.3:1;BF.7:1;BA.1.17:3;BA.2.4:1;BC.1:2
2192026,BA.2_0.02_abundance_0.04,C26270T;A26541T,E:T9I;M:T7S,125,685,0.1824817518248175,4,BA.5.2.1:3;BA.1.15:1
2192026,BA.2_0.02_abundance_0.04,A27860G;C28021T,ORF7b:Q35Q;ORF8:S43F,122,1202,0.1014975041597337,0,
2192026,BA.2_0.02_abundance_0.04,A28508T;G28628A,N:S79C;N:A119T,29,400,0.0725,0,
2262026,BA.2_0.02_abundance_0.04,C355A;T670G,ORF1a:G30G;ORF1a:S135R,13,452,0.0287610619469026,61,BA.5.2.1:12;BA.2:16;XBB.1:5;BF.26:15;BA.5.5:2;BA.5.1:1;BA.2.75:1;BA.5.6:2;BA.2.9:3;BA.5.1.25:2;BA.5.2:1;BF.5:1
2262026,BA.2_0.02_abundance_0.04,T380G;T484C;G495C;G545C;A652C;T670G,ORF1a:L39V;ORF1a:R73R;ORF1a:R77P;ORF1a:G94R;ORF1a:K129N;ORF1a:S135R,30,1488,0.0201612903225806,0,
2262026,BA.2_0.02_abundance_0.04,T670G;C673G,ORF1a:S135R;ORF1a:Y136*,225,1750,0.1285714285714285,1,BQ.1:1
2262026,BA.2_0.02_abundance_0.04,T670G;C841G,ORF1a:S135R;ORF1a:G192G,26,314,0.0828025477707006,1,BA.5.1:1
2262026,BA.2_0.02_abundance_0.04,T1030A;T1061C;G1085T;A1120C;A1137C;A1203G;T1216C,ORF1a:F255L;ORF1a:F266L;ORF1a:V274L;ORF1a:Q285H;ORF1a:K291T;ORF1a:N313S;ORF1a:L317L,22,675,0.0325925925925925,0,
2262026,BA.2_0.02_abundance_0.04,A1866C;A1900T,ORF1a:Y534S;ORF1a:R545R,45,1249,0.0360288230584467,0,
2262026,BA.2_0.02_abundance_0.04,C2065T;T2128G;A2215G,ORF1a:Y600Y;ORF1a:Y621*;ORF1a:K650K,14,416,0.0336538461538461,0,
2262026,BA.2_0.02_abundance_0.04,A2215G;A2275G;T2481C;T2489C;C2509A,ORF1a:K650K;ORF1a:E670E;ORF1a:I739T;ORF1a:L742L;ORF1a:P748P,13,468,0.0277777777777777,0,
2262026,BA.2_0.02_abundance_0.04,A2275G;T2481C;T2489C;C2509A,ORF1a:E670E;ORF1a:I739T;ORF1a:L742L;ORF1a:P748P,37,1753,0.0211066742726754,0,
2262026,BA.2_0.02_abundance_0.04,T2868A;A2909T;C2980A;G2993C;C3037T;T3073A,ORF1a:V868E;ORF1a:T882S;ORF1a:Y905*;ORF1a:E910Q;ORF1a:F924F;ORF1a:C936*,16,594,0.0269360269360269,0,
2262026,BA.2_0.02_abundance_0.04,T3256C;A3336G;A3344G;C3393A;A3414C;G3418C,ORF1a:N997N;ORF1a:E1024G;ORF1a:S1027G;ORF1a:A1043E;ORF1a:K1050T;ORF1a:K1051N,25,929,0.0269106566200215,0,
2262026,BA.2_0.02_abundance_0.04,A4373T;G4601C,ORF1a:T1370S;ORF1a:V1446L,5,408,0.0122549019607843,0,
2262026,BA.2_0.02_abundance_0.04,C6318A;G6364T;C6395G;T6407A,ORF1a:P2018Q;ORF1a:A2033A;ORF1a:L2044V;ORF1a:S2048T,10,471,0.0212314225053078,0,
2262026,BA.2_0.02_abundance_0.04,A6613C;G6660C,ORF1a:V2116V;ORF1a:S2132T,24,930,0.0258064516129032,0,
2262026,BA.2_0.02_abundance_0.04,A6613C;T6614A;C6636G;A6677T;T6736A;T6747G,ORF1a:V2116V;ORF1a:L2117I;ORF1a:T2124S;ORF1a:I2138L;ORF1a:V2157V;ORF1a:L2161*,18,866,0.0207852193995381,0,
2262026,BA.2_0.02_abundance_0.04,G6647C;G6660C,ORF1a:A2128P;ORF1a:S2132T,37,930,0.0397849462365591,0,
2262026,BA.2_0.02_abundance_0.04,A8636G;G8653C;T8822C,ORF1a:T2791A;ORF1a:M2796I;ORF1a:L2853L,16,775,0.0206451612903225,0,
2262026,BA.2_0.02_abundance_0.04,A8979T;G9092C,ORF1a:Y2905F;ORF1a:V2943L,565,2006,0.281655034895314,0,
2262026,BA.2_0.02_abundance_0.04,A8979T;T8989G;G9092C,ORF1a:Y2905F;ORF1a:F2908L;ORF1a:V2943L,42,2006,0.0209371884346959,0,
2262026,BA.2_0.02_abundance_0.04,A8979T;T8989G,ORF1a:Y2905F;ORF1a:F2908L,29,2006,0.0144566301096709,0,
2262026,BA.2_0.02_abundance_0.04,T8989G;G9092C,ORF1a:F2908L;ORF1a:V2943L,48,2006,0.0239282153539381,0,
2262026,BA.2_0.02_abundance_0.04,C9534T;C9592G,ORF1a:T3090I;ORF1a:Y3109*,24,1015,0.0236453201970443,0,
2262026,BA.2_0.02_abundance_0.04,G10850C;G10953T,ORF1a:A3529P;ORF1a:C3563F,32,1305,0.0245210727969348,0,
2262026,BA.2_0.02_abundance_0.04,G10850C;G10953T;T11038C,ORF1a:A3529P;ORF1a:C3563F;ORF1a:L3591L,15,300,0.05,0,
2262026,BA.2_0.02_abundance_0.04,T11038C;G11055A;T11110G;G11114A;T11129C;A11279G;A11302C;C11345A,ORF1a:L3591L;ORF1a:S3597N;ORF1a:A3615A;ORF1a:G3617S;ORF1a:S3622P;ORF1a:T3672A;ORF1a:L3679L;ORF1a:L3694I,27,1103,0.0244786944696282,0,
2262026,BA.2_0.02_abundance_0.04,C11345A;T11444A;A11519G,ORF1a:L3694I;ORF1a:L3727I;ORF1a:M3752V,16,1094,0.0146252285191956,0,
2262026,BA.2_0.02_abundance_0.04,T11444A;T11458C,ORF1a:L3727I;ORF1a:I3731I,23,1887,0.0121886592474827,0,
2262026,BA.2_0.02_abundance_0.04,T11444A;A11519G,ORF1a:L3727I;ORF1a:M3752V,20,1887,0.0105988341282458,0,
2262026,BA.2_0.02_abundance_0.04,G11926C;C12043G;A12063G;A12065T;G12104T;G12185C;T12214G,ORF1a:L3887F;ORF1a:D3926E;ORF1a:E3933G;ORF1a:M3934L;ORF1a:E3947*;ORF1a:E3974Q;ORF1a:S3983S,24,1565,0.0153354632587859,0,
2262026,BA.2_0.02_abundance_0.04,G11926C;C12043G;A12063G;A12065T;G12104T;G12185C;T12214G;A12219C,ORF1a:L3887F;ORF1a:D3926E;ORF1a:E3933G;ORF1a:M3934L;ORF1a:E3947*;ORF1a:E3974Q;ORF1a:S3983S;ORF1a:N3985T,19,696,0.0272988505747126,0,
2262026,BA.2_0.02_abundance_0.04,G11926C;C12043G;A12063G;A12065T;G12104T;G12185C,ORF1a:L3887F;ORF1a:D3926E;ORF1a:E3933G;ORF1a:M3934L;ORF1a:E3947*;ORF1a:E3974Q,29,2365,0.0122621564482029,0,
2262026,BA.2_0.02_abundance_0.04,G12185C;T12214G;A12219C;G12278C;A12324G,ORF1a:E3974Q;ORF1a:S3983S;ORF1a:N3985T;ORF1a:A4005P;ORF1a:D4020G,13,579,0.0224525043177892,0,
2262026,BA.2_0.02_abundance_0.04,T12816G;C12880T,ORF1a:L4184R;ORF1a:I4205I,68,641,0.1060842433697348,0,
2262026,BA.2_0.02_abundance_0.04,T12816G;C12853G;C12880T,ORF1a:L4184R;ORF1a:F4196L;ORF1a:I4205I,15,641,0.0234009360374415,0,
2262026,BA.2_0.02_abundance_0.04,C12853G;C12880T,ORF1a:F4196L;ORF1a:I4205I,51,642,0.0794392523364486,0,
2262026,BA.2_0.02_abundance_0.04,C13072A;C13130G;T13250G;G13287A;T13310C,ORF1a:F4269L;ORF1a:Q4289E;ORF1a:Y4329D;ORF1a:G4341E;ORF1a:Y4349H,31,1027,0.0301850048685491,0,
2262026,BA.2_0.02_abundance_0.04,A14010C;G14044C;T14094A,ORF1b:V181V;ORF1b:V193L;ORF1b:D209E,24,1163,0.0206362854686156,0,
2262026,BA.2_0.02_abundance_0.04,A14339G;C14408T,ORF1b:N291S;ORF1b:P314L,117,997,0.1173520561685055,414,B.1.258:1;BA.2:7;B.1.232:4;BA.2.12.1:3;AY.103:256;AY.4:20;AY.33:12;B.1.1.7:65;AY.122:1;BA.5.2.34:1;AW.1:1;B.1.351:3;BA.5.2:5;BA.1.15:1;AY.85:1;BA.1.1.1:4;BA.5.6:1;AY.112:1;AY.39.1:1;AY.39:1;AY.3.1:1;AY.74:1;AY.3:1;AY.44:3;P.1.16:1;AY.122.6:1;AY.9.2:2;BA.1:7;AY.43:3;BA.2.3:1;B.1.2:1;BA.1.1:1;BA.1.15.1:1;AY.46.4:1
2262026,BA.2_0.02_abundance_0.04,A14339G;C14408T;T14552C,ORF1b:N291S;ORF1b:P314L;ORF1b:L362S,37,805,0.0459627329192546,0,
2262026,BA.2_0.02_abundance_0.04,A14339G;A14359G;C14408T;T14552C,ORF1b:N291S;ORF1b:I298V;ORF1b:P314L;ORF1b:L362S,9,805,0.0111801242236024,0,
2262026,BA.2_0.02_abundance_0.04,A14359G;C14408T,ORF1b:I298V;ORF1b:P314L,90,997,0.0902708124373119,2541,BA.1.18:3;BA.5.2.1:3;AY.4.2.2:1;AY.122:4;B.1:4;B.1.361:6;B.1.2:1833;N.5:2;BA.2:15;BA.1.1.1:1;B.1.234:38;B.1.1.7:190;AY.44:14;AY.43:51;BA.5.2:42;BA.1.1:23;AY.47:18;B.1.617.2:13;AY.4:16;AY.101:3;P.1:9;AY.118:123;BA.1.15:6;AY.9.2:10;AY.3.1:6;BA.2.9:5;BA.1.17:6;BA.2.3:5;AY.103:5;AY.126:4;BF.5:2;BA.2.10:2;B.1.429:5;BF.7:18;BA.5.1.23:3;BA.2.3.12:1;BA.5.1:2;BA.2.23:1;BA.1.1.15:1;AY.64:2;BA.1.17.2:2;AY.3:1;BE.1.4:1;BA.1.15.1:1;AY.99.2:3;AY.46.3:1;B.1.428:1;BG.5:1;B.1.239:4;BF.8:1;BA.1:5;AY.4.2:2;BA.2.12.1:3;AY.100:2;BA.5.5:2;AY.98:1;B.1.1.222:1;BQ.1.1:1;B.1.177.57:1;AY.112:1;B.1.524:1;BA.4.6:2;BQ.1.1.5:1;AY.127:1;B.1.1.519:1;B.1.617.1:1;B.1.1.448:1;BA.2.75.5:1;AY.46.6:1
2262026,BA.2_0.02_abundance_0.04,A14359G;C14408T;T14552C,ORF1b:I298V;ORF1b:P314L;ORF1b:L362S,38,805,0.0472049689440993,0,
2262026,BA.2_0.02_abundance_0.04,A14634G;C14670G;T14684C;T14704C;C14768G;G14773T;C14842A,ORF1b:V389V;ORF1b:V401V;ORF1b:F406S;ORF1b:F413L;ORF1b:A434G;ORF1b:D436Y;ORF1b:Q459K,18,502,0.0358565737051792,0,
2262026,BA.2_0.02_abundance_0.04,T14951A;T14988A;T15056G;T15072G;C15134A,ORF1b:F495Y;ORF1b:Y507*;ORF1b:I530R;ORF1b:L535L;ORF1b:T556N,12,264,0.0454545454545454,0,
2262026,BA.2_0.02_abundance_0.04,T15244A;G15268T;T15281G;A15283T;C15319G;G15446A,ORF1b:L593I;ORF1b:E601*;ORF1b:L605R;ORF1b:M606L;ORF1b:P618A;ORF1b:C660Y,90,2865,0.031413612565445,0,
2262026,BA.2_0.02_abundance_0.04,A15554C;G15658T;C15680A;T15682C;C15714T;G15724T;T15784G;A15831G,ORF1b:N696T;ORF1b:D731Y;ORF1b:A738E;ORF1b:Y739H;ORF1b:L749L;ORF1b:A753S;ORF1b:F773V;ORF1b:A788A,63,5073,0.0124186871673565,0,
2262026,BA.2_0.02_abundance_0.04,C15712T;C15714T,ORF1b:L749F;ORF1b:L749L,2413,5742,0.420236851271334,3,BA.2:1;BA.5:1;BA.5.2:1
2262026,BA.2_0.02_abundance_0.04,T15915A;A15948C;T15968C;T15978C;A16108T;T16124G,ORF1b:D816E;ORF1b:R827S;ORF1b:F834S;ORF1b:D837D;ORF1b:K881*;ORF1b:L886*,41,2320,0.0176724137931034,0,
2262026,BA.2_0.02_abundance_0.04,C16215G;G16259C;A16296C;G16336T,ORF1b:Y916*;ORF1b:C931S;ORF1b:I943I;ORF1b:V957F,5,386,0.0129533678756476,0,
2262026,BA.2_0.02_abundance_0.04,T16820G;T16834A;T16854A;A16981T,ORF1b:I1118R;ORF1b:F1123I;ORF1b:G1129G;ORF1b:I1172F,35,2122,0.0164938737040527,0,
2262026,BA.2_0.02_abundance_0.04,T16820G;T16834A;T16854A;A16981T;T17067C,ORF1b:I1118R;ORF1b:F1123I;ORF1b:G1129G;ORF1b:I1172F;ORF1b:Y1200Y,33,1976,0.0167004048582995,0,
2262026,BA.2_0.02_abundance_0.04,C17125A;A17187G;A17289T;C17372T;C17410T,ORF1b:L1220I;ORF1b:L1240L;ORF1b:T1274T;ORF1b:A1302V;ORF1b:R1315C,36,2110,0.0170616113744075,0,
2262026,BA.2_0.02_abundance_0.04,C17212T;C17410T,ORF1b:P1249S;ORF1b:R1315C,398,2110,0.1886255924170616,2,BA.5.2.1:1;BA.2:1
2262026,BA.2_0.02_abundance_0.04,C17410T;C17430G;G17596C;C17597A;A17629G;T17670G;A17691C;A17697G,ORF1b:R1315C;ORF1b:Y1321*;ORF1b:A1377P;ORF1b:A1377D;ORF1b:K1388E;ORF1b:G1401G;ORF1b:S1408S;ORF1b:A1410A,10,351,0.0284900284900284,0,
2262026,BA.2_0.02_abundance_0.04,C17430G;G17596C;C17597A;A17629G;T17670G;A17691C;A17697G,ORF1b:Y1321*;ORF1b:A1377P;ORF1b:A1377D;ORF1b:K1388E;ORF1b:G1401G;ORF1b:S1408S;ORF1b:A1410A,64,2804,0.0228245363766048,0,
2262026,BA.2_0.02_abundance_0.04,G18049T;G18090C;C18094T;A18116T;T18132G;A18153C;T18156G;A18163G;T18164C;G18194A;T18200A;A18272C,ORF1b:V1528L;ORF1b:G1541G;ORF1b:H1543Y;ORF1b:H1550L;ORF1b:T1555T;ORF1b:L1562F;ORF1b:C1563W;ORF1b:I1566V;ORF1b:I1566T;ORF1b:R1576K;ORF1b:L1578H;ORF1b:E1602A,25,833,0.0300120048019207,0,
2262026,BA.2_0.02_abundance_0.04,A18130T;A18163G,ORF1b:T1555S;ORF1b:I1566V,41,900,0.0455555555555555,1,BA.2.3.13:1
2262026,BA.2_0.02_abundance_0.04,A18163G;G18316T,ORF1b:I1566V;ORF1b:G1617W,5,93,0.053763440860215,2,BA.5.2:2
2262026,BA.2_0.02_abundance_0.04,C18356T;A18378C;T18621A,ORF1b:P1630L;ORF1b:T1637T;ORF1b:S1718S,10,334,0.029940119760479,0,
2262026,BA.2_0.02_abundance_0.04,T18621A;A18639T;C18681T;C18860A;T18866G;C18894G;C18917T,ORF1b:S1718S;ORF1b:K1724N;ORF1b:A1738A;ORF1b:A1798E;ORF1b:M1800R;ORF1b:C1809W;ORF1b:T1817I,7,296,0.0236486486486486,0,
2262026,BA.2_0.02_abundance_0.04,A18639T;C18681T;C18860A;T18866G;C18894G;C18917T,ORF1b:K1724N;ORF1b:A1738A;ORF1b:A1798E;ORF1b:M1800R;ORF1b:C1809W;ORF1b:T1817I,87,4033,0.0215720307463426,0,
2262026,BA.2_0.02_abundance_0.04,A20255C;G20333A;T20353C;A20417T;T20520A;T20526G,ORF1b:D2263A;ORF1b:G2289E;ORF1b:L2296L;ORF1b:E2317V;ORF1b:D2351E;ORF1b:F2353L,7,327,0.0214067278287461,0,
2262026,BA.2_0.02_abundance_0.04,T20520A;T20526G;A20546C;T20573A;A20593C;G20672T,ORF1b:D2351E;ORF1b:F2353L;ORF1b:Q2360P;ORF1b:V2369D;ORF1b:T2376P;ORF1b:W2402L,18,1612,0.0111662531017369,0,
2262026,BA.2_0.02_abundance_0.04,C20543G;T20585C,ORF1b:S2359C;ORF1b:I2373T,246,1614,0.1524163568773234,0,
2262026,BA.2_0.02_abundance_0.04,G20875T;A21076G,ORF1b:G2470C;ORF1b:T2537A,49,161,0.3043478260869565,0,
2262026,BA.2_0.02_abundance_0.04,T21813A;G21987A,S:L84Q;S:G142D,6,299,0.020066889632107,18,AY.101:1;AY.34.1:1;BA.5.2.1:1;B.1.617.1:2;BA.5.9:1;AY.127:7;AY.103:1;B.1.617.2:2;AY.39:1;BA.5.2:1
2262026,BA.2_0.02_abundance_0.04,G22113C;T22200G,S:G184A;S:V213G,22,752,0.0292553191489361,1,BA.5:1
2262026,BA.2_0.02_abundance_0.04,T22200G;G22309A,S:V213G;S:L249L,7,181,0.0386740331491712,329,BA.5.2.1:51;BA.2.12.1:208;BA.2:16;BA.5.2.21:1;BF.13:5;BA.5.1:4;BA.2.18:4;BA.2.9.5:1;BQ.1.5:1;BE.1.1:2;BA.5.2:5;BA.4:1;BA.5.2.43:1;BA.2.10:4;BA.5.8:1;BA.2.3:1;BA.5:1;BA.5.1.2:12;BA.4.6:2;BA.4.1:1;BQ.1.1.17:1;BQ.1.1:3;BA.2.75:1;BF.18:1;BQ.1.8:1
2262026,BA.2_0.02_abundance_0.04,C22674T;T22679C;C22686T;A22688G;G22801A;G22813T,S:S371F;S:S373P;S:S375F;S:T376A;S:G413G;S:K417N,31,309,0.1003236245954692,281,BA.2:27;BF.28:6;BF.5:116;BA.5.2.1:5;BA.5.1.25:3;BF.7:4;BE.1.1:10;BA.2.75:8;BA.5.1:8;BQ.1.5:3;BA.2.3:2;BA.5.5:2;BA.5.2:9;BA.5.1.23:2;CM.2:16;BA.5.2.20:1;BA.4.6:2;BF.10:15;BA.2.25:5;BQ.1.1.24:1;BA.5:2;BA.4.7:4;BA.2.9:4;BQ.1.1.22:2;BA.4.1:5;BA.2.12.1:3;BA.2.38.2:4;BA.5.9:1;BA.5.1.18:1;BA.2.76:1;BA.5.2.6:1;BU.3:1;BF.13:1;BA.2.10:1;BE.1:2;BE.1.1.1:1;BN.5:1;BQ.1.11:1
2262026,BA.2_0.02_abundance_0.04,C22674T;T22679C;C22686T;A22688G;G22706T;G22813T,S:S371F;S:S373P;S:S375F;S:T376A;S:V382L;S:K417N,44,309,0.1423948220064725,76,BA.2:3;BA.5.5:2;BA.5.1:5;BE.1.1:5;BQ.1:1;BF.5:8;BA.5.2:11;BA.2.3:1;BE.1:7;BA.5.2.1:13;BF.14:3;BA.5.1.8:1;BA.4:1;BA.5.1.10:1;BF.7:2;BA.5.7:1;BF.10:2;BA.4.1:2;BA.5:1;BQ.1.1:2;BA.2.9:1;BA.2.47:1;CR.1:1;BA.4.6:1
2262026,BA.2_0.02_abundance_0.04,C22674T;T22679C;C22686T;A22688G;G22706T;G22801A;G22813T,S:S371F;S:S373P;S:S375F;S:T376A;S:V382L;S:G413G;S:K417N,5,309,0.0161812297734627,0,
2262026,BA.2_0.02_abundance_0.04,A23168G;G23258C;G23273A;A23295C;C23297G;T23346C;T23374A;A23403G;G23429A;G23478A;A23484G,S:N536D;S:G566R;S:D571N;S:D578A;S:P579A;S:V595A;S:T604T;S:D614G;S:A623T;S:G639D;S:N641S,9,710,0.0126760563380281,0,
2262026,BA.2_0.02_abundance_0.04,T23257G;G23258C;T23371C;A23403G,S:F565L;S:G566R;S:N603N;S:D614G,127,2214,0.0573622402890695,0,
2262026,BA.2_0.02_abundance_0.04,T23257G;G23258C;A23403G,S:F565L;S:G566R;S:D614G,363,2217,0.1637347767253044,0,
2262026,BA.2_0.02_abundance_0.04,T23257G;A23403G,S:F565L;S:D614G,92,2217,0.0414975191700496,15,BA.1.17.2:4;BF.26:1;BA.1.1.18:1;AY.44:1;B.1.1.7:2;BA.2.12.1:1;AY.29:1;AY.39.1:1;BA.5.2.1:1;AY.122:1;AY.25.1:1
2262026,BA.2_0.02_abundance_0.04,T23257G;T23371C;A23403G,S:F565L;S:N603N;S:D614G,28,2214,0.012646793134598,0,
2262026,BA.2_0.02_abundance_0.04,T23257G;G23258C,S:F565L;S:G566R,44,2381,0.0184796304073918,0,
2262026,BA.2_0.02_abundance_0.04,G23258C;T23371C;A23403G,S:G566R;S:N603N;S:D614G,253,2214,0.1142728093947606,0,
2262026,BA.2_0.02_abundance_0.04,G23258C;A23403G,S:G566R;S:D614G,788,2217,0.3554352728912945,1,BA.1:1
2262026,BA.2_0.02_abundance_0.04,G23258C;G23302T;A23403G,S:G566R;S:Q580H;S:D614G,43,2217,0.0193955796120884,0,
2262026,BA.2_0.02_abundance_0.04,G23258C;C23347T;A23403G,S:G566R;S:V595V;S:D614G,47,2217,0.0211998195760036,0,
2262026,BA.2_0.02_abundance_0.04,T23599G;C23604A;A23674C,S:N679K;S:P681H;S:S704S,10,227,0.0440528634361233,25,BA.1:14;BA.1.13.1:5;BA.1.1:2;BA.1.18:2;BA.1.1.18:1;BA.2.10:1
2262026,BA.2_0.02_abundance_0.04,T23599G;C23604A;T23654A,S:N679K;S:P681H;S:S698T,21,227,0.092511013215859,2,BA.5.2.6:1;BA.2.3:1
2262026,BA.2_0.02_abundance_0.04,T23599G;C23604A;A23618C,S:N679K;S:P681H;S:S686R,12,227,0.052863436123348,4,XBB.1:1;BA.1.1:1;BA.5.2.20:1;BA.2.10:1
2262026,BA.2_0.02_abundance_0.04,C23854A;A23933T;G23948T;T24015A,S:N764K;S:T791S;S:D796Y;S:I818N,95,497,0.1911468812877263,0,
2262026,BA.2_0.02_abundance_0.04,C23854A;G23948T;T24015A,S:N764K;S:D796Y;S:I818N,192,497,0.386317907444668,1,BA.2.75:1
2262026,BA.2_0.02_abundance_0.04,C23854A;A23933T;G23948T,S:N764K;S:T791S;S:D796Y,53,497,0.1066398390342052,0,
2262026,BA.2_0.02_abundance_0.04,C23854A;G23948T;T24015A;A24070C,S:N764K;S:D796Y;S:I818N;S:Q836H,36,457,0.0787746170678337,0,
2262026,BA.2_0.02_abundance_0.04,C23854A;G23948T;A24070C,S:N764K;S:D796Y;S:Q836H,15,457,0.0328227571115973,22,BA.1.15:1;BA.2:3;BA.2.9:6;BA.5.1:1;BA.5.1.10:3;BA.5.2:1;BA.2.40.1:1;BA.2.10:2;BA.1.1:2;BA.2.75:1;BA.1.20:1
2262026,BA.2_0.02_abundance_0.04,C23854A;A23933T;G23948T;T24015A;A24070C,S:N764K;S:T791S;S:D796Y;S:I818N;S:Q836H,11,457,0.024070021881838,0,
2262026,BA.2_0.02_abundance_0.04,C23854A;A23933T;G23948T;A24070C,S:N764K;S:T791S;S:D796Y;S:Q836H,8,457,0.0175054704595186,0,
2262026,BA.2_0.02_abundance_0.04,A24949G;C25000T,S:V1129V;S:D1146D,486,1294,0.3755795981452859,124,BA.1.17.2:3;BQ.1.1.22:1;BA.5.6:2;BA.2:11;BA.2.12.1:3;BA.5.2:5;BA.5.1:54;BA.2.38.1:1;BA.1.1:22;BA.2.3:1;BA.1.15:3;BA.1.18:1;BF.7.5:2;BA.5:2;BA.2.75:1;BA.1:1;BA.2.9:1;BA.4.6:3;BA.4.6.5:5;BA.1.15.1:1;BA.5.2.1:1
2262026,BA.2_0.02_abundance_0.04,A24949G;T24951A;A24952C;C25000T,S:V1129V;S:I1130K;S:I1130I;S:D1146D,13,1294,0.0100463678516228,0,
2262026,BA.2_0.02_abundance_0.04,T24951A;A24952C;C25000T,S:I1130K;S:I1130I;S:D1146D,17,1294,0.0131375579598145,0,
2262026,BA.2_0.02_abundance_0.04,C25069A;A25105T;A25109T;G25112C;T25150A;C25275A,S:I1169I;S:K1181N;S:I1183F;S:D1184H;S:S1196S;S:T1238N,27,1006,0.0268389662027833,0,
2262026,BA.2_0.02_abundance_0.04,T25707G;T25722C;T25813G;A25826C,ORF3a:F105L;ORF3a:A110A;ORF3a:Y141D;ORF3a:Y145S,8,374,0.0213903743315508,0,
2262026,BA.2_0.02_abundance_0.04,G26257C;C26270T;G26526T,E:V5L;E:T9I;M:A2S,45,1870,0.0240641711229946,0,
2262026,BA.2_0.02_abundance_0.04,C26270T;T26406G,E:T9I;E:P54P,195,2051,0.0950755728912725,9,BA.2:2;BA.5.2.1:2;BQ.1.5:1;BA.2.36:1;BA.1:1;BA.1.1:1;BA.1.17:1
2262026,BA.2_0.02_abundance_0.04,T26572A;C26577G;A26583T;G26709A;C26858T,M:L17H;M:Q19E;M:N21Y;M:A63T;M:F112F,42,3241,0.0129589632829373,0,
2262026,BA.2_0.02_abundance_0.04,T26572A;C26577G;G26709A;C26858T,M:L17H;M:Q19E;M:A63T;M:F112F,34,3241,0.0104905893242826,0,
2262026,BA.2_0.02_abundance_0.04,C26577G;A26583T;G26709A;C26858T,M:Q19E;M:N21Y;M:A63T;M:F112F,1886,3241,0.5819191607528541,1,BA.2.10:1
2262026,BA.2_0.02_abundance_0.04,C26577G;A26583T;G26709A,M:Q19E;M:N21Y;M:A63T,277,3690,0.0750677506775067,2,BA.2.10:1;BA.1:1
2262026,BA.2_0.02_abundance_0.04,G27204A;T27257G;A27301T;G27337C;C27352A;G27361T;G27382C;A27383T;T27384C,ORF6:MX;ORF6:M19R;ORF6:N34Y;ORF6:E46Q;ORF6:Q51K;ORF6:E54*;ORF6:D61H;ORF6:D61V;ORF6:D61D,18,980,0.0183673469387755,0,
2262026,BA.2_0.02_abundance_0.04,T27835G;A27867T;A27868T;G28036A,ORF7b:I27S;ORF7b:N38Y;ORF7b:N38I;ORF8:R48K,29,1905,0.0152230971128608,0,
2262026,BA.2_0.02_abundance_0.04,T27835G;A27867T;A27868T;G28036A;C28132A,ORF7b:I27S;ORF7b:N38Y;ORF7b:N38I;ORF8:R48K;ORF8:T80K,22,977,0.022517911975435,0,
2262026,BA.2_0.02_abundance_0.04,C28132A;G28276C;G28307A;C28311T;C28397A,ORF8:T80K;N:MX;N:A12T;N:P13L;N:P42T,79,3211,0.0246029274369355,0,
2262026,BA.2_0.02_abundance_0.04,C28471G;T28618C,N:F66L;N:T115T,12,576,0.0208333333333333,0,
2262026,BA.2_0.02_abundance_0.04,C28471G;T28570A;A28612T;T28662A,N:F66L;N:G99G;N:L113L;N:I130N,8,538,0.0148698884758364,0,
2262026,BA.2_0.02_abundance_0.04,T28570A;A28612T;T28662A,N:G99G;N:L113L;N:I130N,12,538,0.0223048327137546,0,
2262026,BA.2_0.02_abundance_0.04,T29059A;A29083T;A29150T;A29209G;C29211T;C29296A;C29323A,N:R262R;N:V270V;N:R293*;N:S312S;N:A313V;N:D341E;N:V350V,25,2410,0.0103734439834024,0,
2262026,BA.2_0.02_abundance_0.04,T29059A;A29083T;A29150T;A29209G;C29211T;C29323A,N:R262R;N:V270V;N:R293*;N:S312S;N:A313V;N:V350V,40,2410,0.0165975103734439,0,
3052026,BA.2_0.02_abundance_0.04,T277C;T322C,ORF1a:L4L;ORF1a:P19P,43,940,0.0457446808510638,0,
3052026,BA.2_0.02_abundance_0.04,T277C;T322C;T380G,ORF1a:L4L;ORF1a:P19P;ORF1a:L39V,6,84,0.0714285714285714,0,
3052026,BA.2_0.02_abundance_0.04,T380G;T484C;G495C;G545C;A652C;G663A;T670G,ORF1a:L39V;ORF1a:R73R;ORF1a:R77P;ORF1a:G94R;ORF1a:K129N;ORF1a:G133D;ORF1a:S135R,41,1390,0.0294964028776978,0,
3052026,BA.2_0.02_abundance_0.04,T432A;T670G,ORF1a:V56D;ORF1a:S135R,46,1390,0.0330935251798561,15,BA.2:3;BA.5.1.2:1;BF.8:1;BA.5.1:3;BA.2.36:1;BF.7:1;BA.5.2:1;BA.5.1.25:1;BA.2.12.1:1;BF.34:1;BA.5.1.10:1
3052026,BA.2_0.02_abundance_0.04,T562A;T670G,ORF1a:R99R;ORF1a:S135R,76,1394,0.0545193687230989,9,BE.1:1;BQ.1.1:4;BQ.1.1.24:1;BF.5:3
3052026,BA.2_0.02_abundance_0.04,T670G;C952A,ORF1a:S135R;ORF1a:Y229*,29,107,0.2710280373831775,2,BA.5.2.1:2
3052026,BA.2_0.02_abundance_0.04,T1030A;T1061C;G1085T;A1120C;A1137C;A1203G;T1216C;C1284A,ORF1a:F255L;ORF1a:F266L;ORF1a:V274L;ORF1a:Q285H;ORF1a:K291T;ORF1a:N313S;ORF1a:L317L;ORF1a:T340N,138,3406,0.0405167351732237,0,
3052026,BA.2_0.02_abundance_0.04,C1284A;T1370A;C1415G;A1431G;T1443A,ORF1a:T340N;ORF1a:Y369N;ORF1a:L384V;ORF1a:N389S;ORF1a:L393*,6,126,0.0476190476190476,0,
3052026,BA.2_0.02_abundance_0.04,A1866C;A1900T,ORF1a:Y534S;ORF1a:R545R,61,1585,0.0384858044164037,0,
3052026,BA.2_0.02_abundance_0.04,A2215G;A2275G;T2481C;T2489C;C2509A,ORF1a:K650K;ORF1a:E670E;ORF1a:I739T;ORF1a:L742L;ORF1a:P748P,6,181,0.0331491712707182,0,
3052026,BA.2_0.02_abundance_0.04,A2275G;T2481C;T2489C;C2509A,ORF1a:E670E;ORF1a:I739T;ORF1a:L742L;ORF1a:P748P,29,709,0.0409026798307475,0,
3052026,BA.2_0.02_abundance_0.04,C2980A;G2993C;C3037T;T3073A,ORF1a:Y905*;ORF1a:E910Q;ORF1a:F924F;ORF1a:C936*,5,132,0.0378787878787878,0,
3052026,BA.2_0.02_abundance_0.04,T3256C;A3336G;A3344G;C3393A;A3414C;G3418C;A3430C;T3454A,ORF1a:N997N;ORF1a:E1024G;ORF1a:S1027G;ORF1a:A1043E;ORF1a:K1050T;ORF1a:K1051N;ORF1a:T1055T;ORF1a:V1063V,18,476,0.0378151260504201,0,
3052026,BA.2_0.02_abundance_0.04,G4694C;C4746T;G4802T,ORF1a:V1477L;ORF1a:S1494F;ORF1a:D1513Y,6,125,0.048,0,
3052026,BA.2_0.02_abundance_0.04,A6206G;T6287C;C6318A;G6364T;C6395G;T6407A;C6432G;C6445A;A6493C,ORF1a:K1981E;ORF1a:W2008R;ORF1a:P2018Q;ORF1a:A2033A;ORF1a:L2044V;ORF1a:S2048T;ORF1a:T2056S;ORF1a:D2060E;ORF1a:I2076I,8,487,0.0164271047227926,0,
3052026,BA.2_0.02_abundance_0.04,A6206G;T6287C;C6318A;G6364T;C6395G;T6407A;C6432G;C6445A,ORF1a:K1981E;ORF1a:W2008R;ORF1a:P2018Q;ORF1a:A2033A;ORF1a:L2044V;ORF1a:S2048T;ORF1a:T2056S;ORF1a:D2060E,12,513,0.023391812865497,0,
3052026,BA.2_0.02_abundance_0.04,T6287C;C6318A;G6364T;C6395G;T6407A;C6432G;C6445A,ORF1a:W2008R;ORF1a:P2018Q;ORF1a:A2033A;ORF1a:L2044V;ORF1a:S2048T;ORF1a:T2056S;ORF1a:D2060E,9,866,0.010392609699769,0,
3052026,BA.2_0.02_abundance_0.04,T7176C;G7290A,ORF1a:L2304S;ORF1a:G2342E,7,345,0.0202898550724637,0,
3052026,BA.2_0.02_abundance_0.04,A7193C;T7202G;C7254G;C7279G,ORF1a:T2310P;ORF1a:S2313A;ORF1a:A2330G;ORF1a:F2338L,15,369,0.040650406504065,0,
3052026,BA.2_0.02_abundance_0.04,C7688A;G7718C;G7866A,ORF1a:L2475I;ORF1a:D2485H;ORF1a:G2534D,8,191,0.0418848167539267,0,
3052026,BA.2_0.02_abundance_0.04,A8054T;T8068G,ORF1a:T2597S;ORF1a:T2601T,150,2310,0.0649350649350649,0,
3052026,BA.2_0.02_abundance_0.04,A8636G;G8653C;T8822C,ORF1a:T2791A;ORF1a:M2796I;ORF1a:L2853L,13,217,0.0599078341013824,0,
3052026,BA.2_0.02_abundance_0.04,A8955C;A8995T;T9043A;A9058G;A9079G;G9128C,ORF1a:Y2897S;ORF1a:T2910T;ORF1a:S2926S;ORF1a:P2931P;ORF1a:V2938V;ORF1a:V2955L,41,1306,0.0313935681470137,0,
3052026,BA.2_0.02_abundance_0.04,A8955C;A8995T;T9043A;A9058G;A9079G;G9128C;A9236G;A9243C,ORF1a:Y2897S;ORF1a:T2910T;ORF1a:S2926S;ORF1a:P2931P;ORF1a:V2938V;ORF1a:V2955L;ORF1a:R2991G;ORF1a:E2993A,7,67,0.1044776119402985,0,
3052026,BA.2_0.02_abundance_0.04,A8955C;A8995T;T9043A;A9058G;A9079G;G9128C;A9236G,ORF1a:Y2897S;ORF1a:T2910T;ORF1a:S2926S;ORF1a:P2931P;ORF1a:V2938V;ORF1a:V2955L;ORF1a:R2991G,6,244,0.0245901639344262,0,
3052026,BA.2_0.02_abundance_0.04,A9243C;G9269T;G9321C;C9344T;C9402G;G9414A;A9424G;G9463T;T9464G;C9534T,ORF1a:E2993A;ORF1a:G3002C;ORF1a:C3019S;ORF1a:L3027F;ORF1a:S3046C;ORF1a:G3050D;ORF1a:V3053V;ORF1a:R3066S;ORF1a:F3067V;ORF1a:T3090I,5,223,0.0224215246636771,0,
3052026,BA.2_0.02_abundance_0.04,C9261G;C9344T;A9424G;C9534T,ORF1a:S2999C;ORF1a:L3027F;ORF1a:V3053V;ORF1a:T3090I,117,393,0.2977099236641221,0,
3052026,BA.2_0.02_abundance_0.04,C9261G;C9344T;A9424G,ORF1a:S2999C;ORF1a:L3027F;ORF1a:V3053V,19,461,0.0412147505422993,0,
3052026,BA.2_0.02_abundance_0.04,G9269T;G9321C;C9344T;C9402G;G9414A;A9424G;G9463T;T9464G;C9534T,ORF1a:G3002C;ORF1a:C3019S;ORF1a:L3027F;ORF1a:S3046C;ORF1a:G3050D;ORF1a:V3053V;ORF1a:R3066S;ORF1a:F3067V;ORF1a:T3090I,5,393,0.0127226463104325,0,
3052026,BA.2_0.02_abundance_0.04,C9534T;A9662C,ORF1a:T3090I;ORF1a:T3133P,212,932,0.2274678111587982,3,BA.5.1.10:1;BA.2:1;BA.2.9:1
3052026,BA.2_0.02_abundance_0.04,C9534T;C9592G;T9818A,ORF1a:T3090I;ORF1a:Y3109*;ORF1a:L3185I,9,431,0.0208816705336426,0,
3052026,BA.2_0.02_abundance_0.04,C9534T;C9592G,ORF1a:T3090I;ORF1a:Y3109*,21,932,0.0225321888412017,0,
3052026,BA.2_0.02_abundance_0.04,C9534T;C9592G;T9818A;T9823A,ORF1a:T3090I;ORF1a:Y3109*;ORF1a:L3185I;ORF1a:N3186K,7,161,0.0434782608695652,0,
3052026,BA.2_0.02_abundance_0.04,G10850C;G10953T,ORF1a:A3529P;ORF1a:C3563F,17,467,0.0364025695931477,0,
3052026,BA.2_0.02_abundance_0.04,T11038C;G11055A;T11110G;G11114A;T11129C;A11279G;A11302C;C11345A,ORF1a:L3591L;ORF1a:S3597N;ORF1a:A3615A;ORF1a:G3617S;ORF1a:S3622P;ORF1a:T3672A;ORF1a:L3679L;ORF1a:L3694I,41,756,0.0542328042328042,0,
3052026,BA.2_0.02_abundance_0.04,G11055A;T11110G;G11114A;T11129C;A11279G;A11302C;C11345A,ORF1a:S3597N;ORF1a:A3615A;ORF1a:G3617S;ORF1a:S3622P;ORF1a:T3672A;ORF1a:L3679L;ORF1a:L3694I,25,1322,0.018910741301059,0,
3052026,BA.2_0.02_abundance_0.04,C11345A;A11519G,ORF1a:L3694I;ORF1a:M3752V,29,662,0.0438066465256797,0,
3052026,BA.2_0.02_abundance_0.04,C11594T;C11812T,ORF1a:Q3777*;ORF1a:G3849G,44,623,0.0706260032102728,0,
3052026,BA.2_0.02_abundance_0.04,C11594T;A11908C,ORF1a:Q3777*;ORF1a:V3881V,5,371,0.013477088948787,0,
3052026,BA.2_0.02_abundance_0.04,A11749T;G11800C,ORF1a:L3828L;ORF1a:L3845F,28,1042,0.0268714011516314,0,
3052026,BA.2_0.02_abundance_0.04,C11812T;A11908C,ORF1a:G3849G;ORF1a:V3881V,55,634,0.0867507886435331,0,
3052026,BA.2_0.02_abundance_0.04,C11812T;A11841C,ORF1a:G3849G;ORF1a:Q3859P,29,1043,0.0278044103547459,1,B.1.1.7:1
3052026,BA.2_0.02_abundance_0.04,G11926C;C12043G;A12063G;A12065T;G12104T;G12185C,ORF1a:L3887F;ORF1a:D3926E;ORF1a:E3933G;ORF1a:M3934L;ORF1a:E3947*;ORF1a:E3974Q,55,5447,0.0100973012667523,0,
3052026,BA.2_0.02_abundance_0.04,G11926C;C12043G;A12063G;A12065T;G12104T;G12185C;T12214G;A12219C,ORF1a:L3887F;ORF1a:D3926E;ORF1a:E3933G;ORF1a:M3934L;ORF1a:E3947*;ORF1a:E3974Q;ORF1a:S3983S;ORF1a:N3985T,52,1511,0.0344142951687624,0,
3052026,BA.2_0.02_abundance_0.04,G11926C;C12043G;A12063G;A12065T;G12104T;G12185C;T12214G,ORF1a:L3887F;ORF1a:D3926E;ORF1a:E3933G;ORF1a:M3934L;ORF1a:E3947*;ORF1a:E3974Q;ORF1a:S3983S,71,3578,0.0198434879821129,0,
3052026,BA.2_0.02_abundance_0.04,G12185C;T12214G;A12219C;G12278C;A12324G;G12382T;G12386A;A12422G;G12428A,ORF1a:E3974Q;ORF1a:S3983S;ORF1a:N3985T;ORF1a:A4005P;ORF1a:D4020G;ORF1a:K4039N;ORF1a:D4041N;ORF1a:R4053G;ORF1a:G4055S,39,905,0.0430939226519337,0,
3052026,BA.2_0.02_abundance_0.04,T12799C;T12851G;T12862A;C12880A;T12908G;A12928G;C12970G,ORF1a:G4178G;ORF1a:F4196V;ORF1a:S4199R;ORF1a:I4205I;ORF1a:F4215V;ORF1a:K4221K;ORF1a:N4235K,99,2600,0.038076923076923,0,
3052026,BA.2_0.02_abundance_0.04,C12880T;G12983T,ORF1a:I4205I;ORF1a:G4240C,321,2602,0.1233666410453497,1,BA.2:1
3052026,BA.2_0.02_abundance_0.04,C13072A;C13130G;T13250G;G13287A;T13310C,ORF1a:F4269L;ORF1a:Q4289E;ORF1a:Y4329D;ORF1a:G4341E;ORF1a:Y4349H,79,2268,0.0348324514991181,0,
3052026,BA.2_0.02_abundance_0.04,G13425T;A13535G,ORF1a:R4387L;ORF1b:Y23C,20,486,0.0411522633744856,0,
3052026,BA.2_0.02_abundance_0.04,T13961G;A14001G;A14010C;G14044C;T14094A;G14197T;C14204A;T14221A;T14222C,ORF1b:V165G;ORF1b:L178L;ORF1b:V181V;ORF1b:V193L;ORF1b:D209E;ORF1b:A244S;ORF1b:S246*;ORF1b:L252I;ORF1b:L252S,13,733,0.0177353342428376,0,
3052026,BA.2_0.02_abundance_0.04,T13961G;A14001G,ORF1b:V165G;ORF1b:L178L,306,790,0.3873417721518987,0,
3052026,BA.2_0.02_abundance_0.04,C14408T;G14449T,ORF1b:P314L;ORF1b:G328C,268,689,0.3889695210449927,130,B.1.617.2:1;BA.4.1:2;B.1:3;BA.2:20;AY.4:12;AY.44:4;AY.127:34;AY.120:12;AY.59:14;C.16:1;BA.1.1:15;BA.5.2.9:1;BA.1:1;AY.75.2:1;AY.3:2;AY.6:1;B.1.1.7:1;AY.122:1;B.1.1.274:1;B.1.2:1;AY.118:1;AY.47:1
3052026,BA.2_0.02_abundance_0.04,C14408T;A14519C,ORF1b:P314L;ORF1b:N351T,40,638,0.0626959247648902,7,BA.1:2;BA.1.1.2:2;B.1:1;AY.85:1;AY.112:1
3052026,BA.2_0.02_abundance_0.04,C14408T;G14449T;A14519C,ORF1b:P314L;ORF1b:G328C;ORF1b:N351T,48,638,0.0752351097178683,0,
3052026,BA.2_0.02_abundance_0.04,A14634G;C14670G;T14684C;T14704C;C14768G;G14773T;C14842A;T14855G,ORF1b:V389V;ORF1b:V401V;ORF1b:F406S;ORF1b:F413L;ORF1b:A434G;ORF1b:D436Y;ORF1b:Q459K;ORF1b:V463G,28,746,0.0375335120643431,0,
3052026,BA.2_0.02_abundance_0.04,T14951A;T14988A;A14990C;T15056G;T15072G;C15134A,ORF1b:F495Y;ORF1b:Y507*;ORF1b:D508A;ORF1b:I530R;ORF1b:L535L;ORF1b:T556N,16,870,0.0183908045977011,0,
3052026,BA.2_0.02_abundance_0.04,T14951A;T14988A;T15056G;T15072G;C15134A,ORF1b:F495Y;ORF1b:Y507*;ORF1b:I530R;ORF1b:L535L;ORF1b:T556N,20,870,0.0229885057471264,0,
3052026,BA.2_0.02_abundance_0.04,A14990C;A15063C,ORF1b:D508A;ORF1b:Q532H,37,927,0.0399137001078748,0,
3052026,BA.2_0.02_abundance_0.04,T15244A;G15268T;T15281G;A15283T;C15319G;G15446A;G15463T,ORF1b:L593I;ORF1b:E601*;ORF1b:L605R;ORF1b:M606L;ORF1b:P618A;ORF1b:C660Y;ORF1b:V666F,59,3079,0.0191620656057161,0,
3052026,BA.2_0.02_abundance_0.04,T15244A;G15268T;T15281G;A15283T;C15319G;G15446A,ORF1b:L593I;ORF1b:E601*;ORF1b:L605R;ORF1b:M606L;ORF1b:P618A;ORF1b:C660Y,45,3079,0.0146151347840207,0,
3052026,BA.2_0.02_abundance_0.04,A15554C;A15583C;G15658T;C15680A;T15682C;C15714T;G15724T;T15784G;A15831G;G15840C,ORF1b:N696T;ORF1b:I706L;ORF1b:D731Y;ORF1b:A738E;ORF1b:Y739H;ORF1b:L749L;ORF1b:A753S;ORF1b:F773V;ORF1b:A788A;ORF1b:W791C,14,1046,0.0133843212237093,0,
3052026,BA.2_0.02_abundance_0.04,A15554C;G15658T;C15680A;T15682C;C15714T;G15724T;T15784G;A15831G;G15840C,ORF1b:N696T;ORF1b:D731Y;ORF1b:A738E;ORF1b:Y739H;ORF1b:L749L;ORF1b:A753S;ORF1b:F773V;ORF1b:A788A;ORF1b:W791C,11,1046,0.0105162523900573,0,
3052026,BA.2_0.02_abundance_0.04,A15583C;C15714T,ORF1b:I706L;ORF1b:L749L,349,1424,0.2450842696629213,1,BA.5.1:1
3052026,BA.2_0.02_abundance_0.04,A15583C;C15714T;G15840C,ORF1b:I706L;ORF1b:L749L;ORF1b:W791C,441,1046,0.4216061185468451,0,
3052026,BA.2_0.02_abundance_0.04,C15714T;G15840C,ORF1b:L749L;ORF1b:W791C,307,1046,0.2934990439770554,0,
3052026,BA.2_0.02_abundance_0.04,A15889G;T15915A;A15948C;T15978C;A16108T;T16124G,ORF1b:T808A;ORF1b:D816E;ORF1b:R827S;ORF1b:D837D;ORF1b:K881*;ORF1b:L886*,20,1530,0.0130718954248366,0,
3052026,BA.2_0.02_abundance_0.04,T15915A;A15948C;T15978C;A16108T;T16124G,ORF1b:D816E;ORF1b:R827S;ORF1b:D837D;ORF1b:K881*;ORF1b:L886*,29,1530,0.018954248366013,0,
3052026,BA.2_0.02_abundance_0.04,C16215G;G16259C;A16296C;G16336T;A16421C;T16444A,ORF1b:Y916*;ORF1b:C931S;ORF1b:I943I;ORF1b:V957F;ORF1b:Q985P;ORF1b:Y993N,16,345,0.0463768115942029,0,
3052026,BA.2_0.02_abundance_0.04,T16820G;T16834A;T16854A;A16981T,ORF1b:I1118R;ORF1b:F1123I;ORF1b:G1129G;ORF1b:I1172F,74,1808,0.040929203539823,0,
3052026,BA.2_0.02_abundance_0.04,C17125A;A17187G;A17289T;C17372T;T17387A;C17410T,ORF1b:L1220I;ORF1b:L1240L;ORF1b:T1274T;ORF1b:A1302V;ORF1b:L1307*;ORF1b:R1315C,100,3230,0.0309597523219814,0,
3052026,BA.2_0.02_abundance_0.04,C17125A;A17187G;A17289T;C17372T;T17387A,ORF1b:L1220I;ORF1b:L1240L;ORF1b:T1274T;ORF1b:A1302V;ORF1b:L1307*,56,4882,0.0114707087259319,0,
3052026,BA.2_0.02_abundance_0.04,T17387A;C17410T,ORF1b:L1307*;ORF1b:R1315C,2332,3233,0.7213114754098361,0,
3052026,BA.2_0.02_abundance_0.04,C17410T;G17534T,ORF1b:R1315C;ORF1b:G1356V,16,105,0.1523809523809524,1,BA.2:1
3052026,BA.2_0.02_abundance_0.04,C17430G;G17596C;C17597A;A17629G;T17670G;A17697G,ORF1b:Y1321*;ORF1b:A1377P;ORF1b:A1377D;ORF1b:K1388E;ORF1b:G1401G;ORF1b:A1410A,19,793,0.0239596469104665,0,
3052026,BA.2_0.02_abundance_0.04,T17731C;A17993T,ORF1b:F1422L;ORF1b:Q1509L,9,471,0.019108280254777,0,
3052026,BA.2_0.02_abundance_0.04,G18090C;A18116T;T18132G;A18153C;T18156G;A18163G;T18164C;G18194A;T18200A,ORF1b:G1541G;ORF1b:H1550L;ORF1b:T1555T;ORF1b:L1562F;ORF1b:C1563W;ORF1b:I1566V;ORF1b:I1566T;ORF1b:R1576K;ORF1b:L1578H,5,172,0.0290697674418604,0,
3052026,BA.2_0.02_abundance_0.04,C18356T;A18378C;T18537A;A18556G;G18578C;A18611G;T18621A,ORF1b:P1630L;ORF1b:T1637T;ORF1b:I1690I;ORF1b:T1697A;ORF1b:R1704T;ORF1b:E1715G;ORF1b:S1718S,30,665,0.0451127819548872,0,
3052026,BA.2_0.02_abundance_0.04,T18621A;A18639T;C18681T;C18860A;T18866G;C18894G;C18917T,ORF1b:S1718S;ORF1b:K1724N;ORF1b:A1738A;ORF1b:A1798E;ORF1b:M1800R;ORF1b:C1809W;ORF1b:T1817I,5,133,0.037593984962406,0,
3052026,BA.2_0.02_abundance_0.04,A18639T;C18681T;C18860A;T18866G;C18894G;C18917T,ORF1b:K1724N;ORF1b:A1738A;ORF1b:A1798E;ORF1b:M1800R;ORF1b:C1809W;ORF1b:T1817I,62,1733,0.0357761107905366,0,
3052026,BA.2_0.02_abundance_0.04,T20520A;T20526G;A20546C;T20573A;A20593C;G20672T,ORF1b:D2351E;ORF1b:F2353L;ORF1b:Q2360P;ORF1b:V2369D;ORF1b:T2376P;ORF1b:W2402L,35,1200,0.0291666666666666,0,
3052026,BA.2_0.02_abundance_0.04,T20911A;C21013T;A21027T;G21044A;C21092G;T21111C,ORF1b:L2482I;ORF1b:H2516Y;ORF1b:K2520N;ORF1b:S2526N;ORF1b:S2542C;ORF1b:T2548T,39,1069,0.0364826941066417,0,
3052026,BA.2_0.02_abundance_0.04,T21111C;A21215G;G21227A;G21296T;C21304T;G21305C;G21316T;A21360G;G21372C;T21384G,ORF1b:T2548T;ORF1b:H2583R;ORF1b:W2587*;ORF1b:G2610V;ORF1b:R2613C;ORF1b:R2613P;ORF1b:D2617Y;ORF1b:T2631T;ORF1b:Q2635H;ORF1b:Y2639*,11,242,0.0454545454545454,0,
3052026,BA.2_0.02_abundance_0.04,A21215G;G21227A;G21296T;C21304T;G21305C;G21316T;A21360G;G21372C;T21384G,ORF1b:H2583R;ORF1b:W2587*;ORF1b:G2610V;ORF1b:R2613C;ORF1b:R2613P;ORF1b:D2617Y;ORF1b:T2631T;ORF1b:Q2635H;ORF1b:Y2639*,20,672,0.0297619047619047,0,
3052026,BA.2_0.02_abundance_0.04,C21602A;C21618T,S:Q14K;S:T19I,64,162,0.3950617283950617,16,BQ.1.11:2;BA.5.2:11;BA.5.1.21:1;BA.2:1;BA.5.1:1
3052026,BA.2_0.02_abundance_0.04,T21752A;T21773C;T21813A;T21823C;A21845C;A21884G;A21900C,S:W64R;S:S71P;S:L84Q;S:N87N;S:T95P;S:T108A;S:K113T,29,2627,0.0110392082223068,0,
3052026,BA.2_0.02_abundance_0.04,T21752A;T21773C;T21813A;T21823C;A21845C;A21884G;A21900C;C21978T;A21979T;T21980G;G21987A,S:W64R;S:S71P;S:L84Q;S:N87N;S:T95P;S:T108A;S:K113T;S:P139L;S:P139P;S:F140V;S:G142D,75,2195,0.0341685649202733,0,
3052026,BA.2_0.02_abundance_0.04,T22200G;T22254A,S:V213G;S:I231K,428,618,0.6925566343042071,0,
3052026,BA.2_0.02_abundance_0.04,C22674T;T22679C;C22686T;A22688G;T22693G;A22786C;G22813T,S:S371F;S:S373P;S:S375F;S:T376A;S:F377L;S:R408S;S:K417N,170,484,0.3512396694214876,0,
3052026,BA.2_0.02_abundance_0.04,C22674T;T22679C;C22686T;A22688G;T22693G,S:S371F;S:S373P;S:S375F;S:T376A;S:F377L,14,528,0.0265151515151515,0,
3052026,BA.2_0.02_abundance_0.04,G23273A;A23295C;C23297G;G23343A;T23346C;T23374A;A23403G;G23429A;G23478A,S:D571N;S:D578A;S:P579A;S:G594D;S:V595A;S:T604T;S:D614G;S:A623T;S:G639D,33,2347,0.0140605027694929,0,
3052026,BA.2_0.02_abundance_0.04,G23273A;A23295C;C23297G;G23343A;T23346C;T23374A;A23403G;G23429A;G23478A;A23484G,S:D571N;S:D578A;S:P579A;S:G594D;S:V595A;S:T604T;S:D614G;S:A623T;S:G639D;S:N641S,27,1089,0.024793388429752,0,
3052026,BA.2_0.02_abundance_0.04,G23273A;A23295C;C23297G;T23346C;T23374A;A23403G;G23429A;G23478A;A23484G,S:D571N;S:D578A;S:P579A;S:V595A;S:T604T;S:D614G;S:A623T;S:G639D;S:N641S,12,1089,0.0110192837465564,0,
3052026,BA.2_0.02_abundance_0.04,G23343A;A23403G,S:G594D;S:D614G,1875,3160,0.5933544303797469,34,AY.44:2;AY.122:2;XBB.1:1;BA.1.1:4;B.1.1.7:7;AY.94:1;AY.29:3;BA.2.75:2;AY.99.2:1;BF.11:1;AY.5:1;AY.4:1;B.1.527:1;BA.2.12.2:1;B.1:1;BA.2:1;BA.1.20:1;BA.1:1;B.1.2:1;AY.4.2.2:1
3052026,BA.2_0.02_abundance_0.04,G23343A;A23403G;G23465C,S:G594D;S:D614G;S:V635L,110,3039,0.0361961171437973,0,
3052026,BA.2_0.02_abundance_0.04,A23403G;G23465C,S:D614G;S:V635L,43,3039,0.0141493912471207,3,AY.25:2;BA.4:1
3052026,BA.2_0.02_abundance_0.04,T23599G;C23604A;A23720T,S:N679K;S:P681H;S:I720F,81,247,0.3279352226720647,4,BA.1.1:2;BA.1.1.18:1;BA.2:1
3052026,BA.2_0.02_abundance_0.04,C23833T;G23948T,S:G757G;S:D796Y,51,176,0.2897727272727273,257,BA.2.3.13:11;BA.1.17.2:3;BA.2:55;BA.5.2.1:22;BQ.1.25:1;BA.2.75:4;BA.1.1.2:3;BA.2.12.1:15;BA.1:20;BA.5.5:3;BA.5.2:50;BA.1.1:20;BA.1.1.18:2;BA.5.10:1;BA.5.1.22:1;BQ.1.12:1;BA.1.15:6;BA.1.16:7;BA.5.1.10:4;BA.5.2.27:1;BA.5:1;BA.5.2.31:2;BA.5.1.31:1;BF.5:1;BA.2.3:5;BA.4.6.5:2;BQ.1.1.24:1;CH.1.1:1;BF.7.8:1;BA.2.9:2;BA.2.22:1;BF.7:1;BQ.1.1:1;BA.5.1:1;BA.1.18:2;BA.2.31:1;BA.2.10:1;BA.1.1.1:1;BF.27:1
3052026,BA.2_0.02_abundance_0.04,C23844T;T23850A;T23875C;A23899C;T23943C;G23948T;T23959G;T23967A;A24002T,S:T761I;S:L763*;S:A771A;S:Q779H;S:I794T;S:D796Y;S:G799G;S:F802Y;S:K814*,8,179,0.0446927374301676,0,
3052026,BA.2_0.02_abundance_0.04,T24447G;T24460G;T24511A;T24622C;C24632G;A24674G,S:L962R;S:L966L;S:R983R;S:A1020A;S:L1024V;S:K1038E,14,371,0.0377358490566037,0,
3052026,BA.2_0.02_abundance_0.04,C24912G;C25000T,S:T1117R;S:D1146D,85,1479,0.057471264367816,38,BA.1:28;BA.1.1.2:1;BA.5.1:3;BA.1.13.1:3;BA.2:2;BA.5:1
3052026,BA.2_0.02_abundance_0.04,T24951A;A24952C;C25000T,S:I1130K;S:I1130I;S:D1146D,53,1479,0.0358350236646382,0,
3052026,BA.2_0.02_abundance_0.04,T25059C;C25069A;A25105T;A25109T;G25112C;T25150A;C25275A,S:L1166S;S:I1169I;S:K1181N;S:I1183F;S:D1184H;S:S1196S;S:T1238N,7,176,0.0397727272727272,0,
3052026,BA.2_0.02_abundance_0.04,A25368C;T25402C;T25529A;C25584T;A25591G;G25599C;A25602C,S:K1269T;ORF3a:F4L;ORF3a:L46H;ORF3a:T64T;ORF3a:K67E;ORF3a:W69C;ORF3a:Q70H,146,3643,0.0400768597309909,0,
3052026,BA.2_0.02_abundance_0.04,A25965C;A25966C;C26060T;T26156G;G26257C;C26270T,ORF3a:E191D;ORF3a:K192Q;ORF3a:T223I;ORF3a:V255G;E:V5L;E:T9I,26,610,0.0426229508196721,0,
3052026,BA.2_0.02_abundance_0.04,A25965C;A25966C;C26060T;T26156G;G26257C,ORF3a:E191D;ORF3a:K192Q;ORF3a:T223I;ORF3a:V255G;E:V5L,9,773,0.0116429495472186,0,
3052026,BA.2_0.02_abundance_0.04,C26270T;A26432C,E:T9I;E:K63T,27,155,0.1741935483870967,4,BA.1.15:2;BA.2:1;BA.5.2:1
3052026,BA.2_0.02_abundance_0.04,C26577G;G26589A;G26709A;C26858T,M:Q19E;M:V23I;M:A63T;M:F112F,844,3119,0.2705995511381853,30,BA.2:16;BA.2.12.1:3;BA.2.9:3;BA.4:1;BA.2.75:3;BA.2.29:1;BA.2.3:2;BA.2.10.1:1
3052026,BA.2_0.02_abundance_0.04,C26577G;G26589A;G26709A,M:Q19E;M:V23I;M:A63T,144,3566,0.0403813796971396,219,BA.5.9:104;BA.2:16;BA.1.16:1;BA.5.2.1:18;BA.2.12.1:3;BA.2.9:3;BE.1.1:3;BA.1.1:26;BA.4:1;BA.5.1:5;BF.1:1;BA.5.2:16;BA.1.1.2:3;BA.2.75:3;BQ.1.1.12:1;BA.2.29:1;BA.1:3;BA.5.2.9:1;BA.2.3:2;BE.1:1;BA.5.6:1;BA.1.1.1:1;BA.2.10.1:1;BQ.1.1.5:1;BQ.1.1:1;BA.5.1.24:1;BA.1.15:1
3052026,BA.2_0.02_abundance_0.04,G27204A;T27257G;A27301T;G27337C;C27352A;G27361T;G27382C;A27383T;T27384C,ORF6:MX;ORF6:M19R;ORF6:N34Y;ORF6:E46Q;ORF6:Q51K;ORF6:E54*;ORF6:D61H;ORF6:D61V;ORF6:D61D,15,463,0.0323974082073434,0,
3052026,BA.2_0.02_abundance_0.04,G27382C;A27383T;T27384G,ORF6:D61H;ORF6:D61V;ORF6:D61E,158,463,0.3412526997840173,3,BA.2.9:2;BA.2:1
3052026,BA.2_0.02_abundance_0.04,T27835G;A27867T;A27868T;G28036A;C28132A,ORF7b:I27S;ORF7b:N38Y;ORF7b:N38I;ORF8:R48K;ORF8:T80K,7,185,0.0378378378378378,0,
3052026,BA.2_0.02_abundance_0.04,A27985G;T28017A,ORF8:Y31C;ORF8:Y42N,5,408,0.0122549019607843,0,
3052026,BA.2_0.02_abundance_0.04,T28017A;T28071C,ORF8:Y42N;ORF8:L60L,20,387,0.0516795865633074,0,
3052026,BA.2_0.02_abundance_0.04,C28132A;G28276C;G28307A;C28311T;C28397A,ORF8:T80K;N:MX;N:A12T;N:P13L;N:P42T,110,4031,0.0272885140163731,0,
3052026,BA.2_0.02_abundance_0.04,A28169G;T28181C;C28311T,ORF8:E92E;ORF8:G96G;N:P13L,265,4343,0.0610177296799447,0,
3052026,BA.2_0.02_abundance_0.04,A28169G;C28311T,ORF8:E92E;N:P13L,758,4343,0.1745337324430117,25,BA.5.2.1:3;BA.2.38:1;BA.5.1:3;BA.2:5;BQ.1.12:2;BA.5.2:2;BA.1.1:2;B.1.1.37:2;BA.2.75:1;BQ.1.18:3;BA.1.1.2:1
3052026,BA.2_0.02_abundance_0.04,T28181C;C28311T,ORF8:G96G;N:P13L,791,4343,0.1821321667050426,94,BA.2:18;BA.2.18:1;BA.1:3;BE.1.1:13;BA.1.15.1:4;C.37:15;BA.1.1:25;BA.1.15:2;BA.1.17:1;BA.2.75:1;BA.2.9:1;BQ.1.1.13:1;BA.5.2.9:1;BA.5.2:2;BA.2.3:1;BA.5.2.1:2;BA.1.1.18:1;BA.4.1:1;BF.1:1
3052026,BA.2_0.02_abundance_0.04,T28570A;A28612T;T28662A;A28696C;T28726G;A28733C,N:G99G;N:L113L;N:I130N;N:T141T;N:P151P;N:N154H,32,1112,0.0287769784172661,0,
3052026,BA.2_0.02_abundance_0.04,A29012G;T29059A;A29083T;A29150T;A29209G;C29211T;C29323A,N:T247A;N:R262R;N:V270V;N:R293*;N:S312S;N:A313V;N:V350V,6,163,0.0368098159509202,0,
3052026,BA.2_0.02_abundance_0.04,T29059A;A29083T;A29150T;A29209G;C29211T;C29323A,N:R262R;N:V270V;N:R293*;N:S312S;N:A313V;N:V350V,59,1658,0.0355850422195416,0,
3052026,BA.2_0.02_abundance_0.04,C29323A;A29356G;T29452G;T29458C;C29498T;A29510C,N:V350V;N:K361K;N:T393T;N:L395L;N:Q409*;N:S413R,10,119,0.0840336134453781,0,
