Date,Site,Nt Mutations,AA Mutations,Support DP,Total DP,Combined Freq,Overall Occurrence,Lineage Occurrence
1012026,BA.2_0.03_abundance_0.05,G587A;T631A;T670G,ORF1a:V108I;ORF1a:L122L;ORF1a:S135R,145,3045,0.0476190476190476,0,
1012026,BA.2_0.03_abundance_0.05,T631A;T670G,ORF1a:L122L;ORF1a:S135R,135,3046,0.0443204202232435,5,BF.5:1;BA.2.9:1;BA.2:2;BF.7:1
1012026,BA.2_0.03_abundance_0.05,A1996T;T2067C,ORF1a:S577S;ORF1a:I601T,5,330,0.0151515151515151,0,
1012026,BA.2_0.03_abundance_0.05,G6212C;G6513A,ORF1a:A1983P;ORF1a:S2083N,5,486,0.0102880658436214,0,
1012026,BA.2_0.03_abundance_0.05,T10012A;C10029T,ORF1a:L3249L;ORF1a:T3255I,82,541,0.1515711645101663,432,BA.5.1:2;AY.4:1;BA.2.12:1;BA.2:336;BA.5.3.1:1;BA.2.12.1:46;AY.43:2;BA.1.17:2;BA.2.9.5:1;BA.2.9:5;BA.1.1.2:2;BA.5.2.1:1;BA.5.5:1;BQ.1.23:1;BA.1.15:1;AY.20:1;BA.2.1:2;BA.1:1;BA.5.2.20:16;BA.4.1:2;BA.2.38:1;BA.5.2.28:1;BA.1.17.2:2;BA.5.1.3:1;AY.46.4:1;BA.1.1:1
1012026,BA.2_0.03_abundance_0.05,C12880T;T12913G,ORF1a:I4205I;ORF1a:V4216V,76,2247,0.0338228749443702,6,BA.2:6
1012026,BA.2_0.03_abundance_0.05,C14408T;C14479G,ORF1b:P314L;ORF1b:H338D,128,818,0.1564792176039119,2,B.1.1.216:1;B.1.617.1:1
1012026,BA.2_0.03_abundance_0.05,A15897T;A16010T,ORF1b:L810L;ORF1b:E848V,78,2468,0.0316045380875202,0,
1012026,BA.2_0.03_abundance_0.05,G17176A;C17410T,ORF1b:V1237I;ORF1b:R1315C,252,2190,0.1150684931506849,18,BA.5.2.1:3;BA.2:9;BF.10:1;BA.2.16:1;BA.2.9:4
1012026,BA.2_0.03_abundance_0.05,C17410T;C17518G,ORF1b:R1315C;ORF1b:L1351V,7,108,0.0648148148148148,1,BA.5.1:1
1012026,BA.2_0.03_abundance_0.05,A18076C;A18163G,ORF1b:K1537Q;ORF1b:I1566V,114,1420,0.080281690140845,0,
1012026,BA.2_0.03_abundance_0.05,G18394C;C18557A,ORF1b:A1643P;ORF1b:T1697K,40,203,0.1970443349753694,0,
1012026,BA.2_0.03_abundance_0.05,G18394C;T18413A;C18557A,ORF1b:A1643P;ORF1b:V1649D;ORF1b:T1697K,6,203,0.0295566502463054,0,
1012026,BA.2_0.03_abundance_0.05,T18413A;C18557A,ORF1b:V1649D;ORF1b:T1697K,10,203,0.0492610837438423,0,
1012026,BA.2_0.03_abundance_0.05,A18969C;G19177A,ORF1b:R1834S;ORF1b:G1904S,95,2342,0.0405636208368915,0,
1012026,BA.2_0.03_abundance_0.05,A18969C;G19272A,ORF1b:R1834S;ORF1b:L1935L,26,55,0.4727272727272727,0,
1012026,BA.2_0.03_abundance_0.05,T20901C;A21069G,ORF1b:G2478G;ORF1b:K2534K,19,545,0.0348623853211009,0,
1012026,BA.2_0.03_abundance_0.05,T20901C;T21021C,ORF1b:G2478G;ORF1b:A2518A,9,586,0.015358361774744,0,
1012026,BA.2_0.03_abundance_0.05,T21021C;A21069G,ORF1b:A2518A;ORF1b:K2534K,36,545,0.0660550458715596,0,
1012026,BA.2_0.03_abundance_0.05,T22031C;T22200G;A22234G,S:F157L;S:V213G;S:E224E,251,913,0.2749178532311062,0,
1012026,BA.2_0.03_abundance_0.05,T22200G;A22234G,S:V213G;S:E224E,170,913,0.1861993428258488,58,BA.2:24;BQ.1.8:1;BA.5.1:4;BA.5.2.1:11;BA.2.9:3;BN.1.3:1;BF.7:2;BA.5.2.6:1;BA.2.75:1;BA.2.12.1:2;BA.5.6:1;BE.1.1:1;BA.5.5.1:2;BA.2.38:1;BE.1.2:1;BA.2.12:1;XY:1
1012026,BA.2_0.03_abundance_0.05,G23343T;A23403G,S:G594V;S:D614G,784,1150,0.6817391304347826,27,AY.42:1;AY.3:6;AY.4:1;B.1.1.7:5;AY.92:3;AY.122:3;AY.44:1;P.1.16:1;AY.45:1;B.1.617.1:1;B.1.1.519:2;B.1:1;B.1.623:1
1012026,BA.2_0.03_abundance_0.05,C23525T;T23599G;C23604A;A23729T,S:H655Y;S:N679K;S:P681H;S:T723S,56,313,0.1789137380191693,22,BA.2:18;BA.2.12.1:3;BA.5.2.9:1
1012026,BA.2_0.03_abundance_0.05,C23525T;T23599G;C23604A;G23624T,S:H655Y;S:N679K;S:P681H;S:A688S,34,336,0.1011904761904761,544,BF.27:1;BF.1:1;BA.1.1.18:3;BA.4.1:10;BA.5.1.1:2;BE.1.1:4;BA.5.9:14;BA.5.2.20:2;BA.1.17.2:44;BA.2:51;BA.1.1:15;BA.2.12.1:253;BF.4:1;BA.5.1:21;BA.1:10;BA.4.6:1;BA.1.18:2;BQ.1:1;BA.2.9:14;BQ.1.1.6:1;BQ.1.1:46;BA.5.1.6:1;BA.5.5:3;BQ.1.1.22:1;BA.5.2.1:7;BQ.1.1.18:4;BA.5.2:5;BA.2.3.1:2;BT.2:2;BA.5.1.30:3;BA.4.1.8:2;BA.5.3:1;BQ.1.1.19:1;XBB:1;BA.1.1.2:3;BA.2.38:1;BA.2.31.1:1;BF.13:1;BA.2.2:3;BE.1:2;BA.5.1.22:2;BA.1.17:1
1012026,BA.2_0.03_abundance_0.05,G23948T;T24028A,S:D796Y;S:L822L,59,226,0.2610619469026549,6,BA.1.17.2:1;BA.5.7:2;BA.5.2.6:2;BA.5.2.1:1
1012026,BA.2_0.03_abundance_0.05,A24266G;A24424T,S:M902V;S:Q954H,64,960,0.0666666666666666,8,BN.1.3:1;BA.2:2;BA.1.1:1;BA.2.10:1;BA.4.1:2;BA.1:1
1012026,BA.2_0.03_abundance_0.05,C26577G;G26709A;G26718A;C26858T,M:Q19E;M:A63T;M:V66M;M:F112F,297,2392,0.1241638795986622,18,BA.4.4:1;BA.2.3:1;BA.2.75:12;BA.2.3.2:2;BA.2:2
1012026,BA.2_0.03_abundance_0.05,C26577G;G26709A;G26718A,M:Q19E;M:A63T;M:V66M,55,2729,0.0201539025283986,77,BE.1.4:16;BA.4.4:1;BA.2.3:1;BA.2.75:17;BA.1.1:1;BQ.1.1.28:1;BA.1.17.2:2;BA.5.1:25;BA.2.3.2:2;BA.1.1.2:1;BA.5:1;BA.2:2;BA.1.15:2;BV.1:1;BA.1.15.1:1;BA.1.1.18:1;BA.5.1.25:1;BA.5.6:1
1012026,BA.2_0.03_abundance_0.05,A28294T;C28311T,N:Q7H;N:P13L,147,1973,0.0745058286872782,51,BA.5:2;BA.2:7;BA.2.13:17;BA.2.10:2;BA.1.1:2;BA.5.2:2;BA.5.2.8:9;BA.2.38:1;BA.4.1:1;BA.1.15.1:1;BF.14:1;BA.1:1;BA.1.17:1;BA.5.1:1;BE.1:1;BF.10:2
1012026,BA.2_0.03_abundance_0.05,T28529G;A28530T,N:Y86D;N:Y86F,37,901,0.0410654827968923,0,
1082026,BA.2_0.03_abundance_0.05,G441C;T670G,ORF1a:G59A;ORF1a:S135R,1218,3108,0.3918918918918919,2,BF.8:1;BA.2.10.1:1
1082026,BA.2_0.03_abundance_0.05,T1617G;A1810G,ORF1a:L451R;ORF1a:K515K,95,2154,0.0441039925719591,0,
1082026,BA.2_0.03_abundance_0.05,T1617G;G1743T,ORF1a:L451R;ORF1a:G493V,58,2154,0.0269266480965645,0,
1082026,BA.2_0.03_abundance_0.05,G1743T;A1810G,ORF1a:G493V;ORF1a:K515K,50,2181,0.0229252636405318,0,
1082026,BA.2_0.03_abundance_0.05,C3037T;A3121T,ORF1a:F924F;ORF1a:E952D,6,39,0.1538461538461538,92,AY.42:1;BA.2.75:19;AY.27:26;BA.2.9:2;AY.4:2;BF.5:4;BA.5.1:1;BA.4.1:2;AY.9.2:1;AY.122:14;B.1.1.7:2;BA.5.2.1:5;BA.2.75.7:1;BY.1:4;BA.5.2.2:1;AY.127:1;AY.5:1;AA.7:1;BA.4.4:1;BA.1.1:1;BA.1.17:1;BA.1:1
1082026,BA.2_0.03_abundance_0.05,A7210G;T7302A,ORF1a:K2315K;ORF1a:I2346N,9,235,0.0382978723404255,0,
1082026,BA.2_0.03_abundance_0.05,A8181T;A8295C,ORF1a:Q2639L;ORF1a:Y2677S,57,1179,0.0483460559796437,0,
1082026,BA.2_0.03_abundance_0.05,A8214T;A8295C,ORF1a:D2650V;ORF1a:Y2677S,21,1179,0.0178117048346055,0,
1082026,BA.2_0.03_abundance_0.05,A8295C;T8607C,ORF1a:Y2677S;ORF1a:L2781P,39,409,0.0953545232273838,0,
1082026,BA.2_0.03_abundance_0.05,A8295C;A8585G,ORF1a:Y2677S;ORF1a:I2774V,15,435,0.0344827586206896,0,
1082026,BA.2_0.03_abundance_0.05,G8642C;A8769C;T8779A,ORF1a:V2793L;ORF1a:D2835A;ORF1a:F2838L,18,934,0.019271948608137,0,
1082026,BA.2_0.03_abundance_0.05,G8642C;T8928C,ORF1a:V2793L;ORF1a:V2888A,39,815,0.0478527607361963,0,
1082026,BA.2_0.03_abundance_0.05,G8642C;T8779A;T8928C,ORF1a:V2793L;ORF1a:F2838L;ORF1a:V2888A,49,815,0.060122699386503,0,
1082026,BA.2_0.03_abundance_0.05,G8642C;T8779A,ORF1a:V2793L;ORF1a:F2838L,128,934,0.1370449678800856,0,
1082026,BA.2_0.03_abundance_0.05,G8642C;A8769C,ORF1a:V2793L;ORF1a:D2835A,11,934,0.0117773019271948,0,
1082026,BA.2_0.03_abundance_0.05,G8642C;G8648C;T8779A,ORF1a:V2793L;ORF1a:V2795L;ORF1a:F2838L,11,934,0.0117773019271948,0,
1082026,BA.2_0.03_abundance_0.05,G8642C;G8648C;T8779A;T8928C,ORF1a:V2793L;ORF1a:V2795L;ORF1a:F2838L;ORF1a:V2888A,10,815,0.0122699386503067,0,
1082026,BA.2_0.03_abundance_0.05,G8648C;T8779A,ORF1a:V2795L;ORF1a:F2838L,20,935,0.0213903743315508,0,
1082026,BA.2_0.03_abundance_0.05,A8769C;T8928C,ORF1a:D2835A;ORF1a:V2888A,9,816,0.0110294117647058,0,
1082026,BA.2_0.03_abundance_0.05,A8769C;T8779A;T8928C,ORF1a:D2835A;ORF1a:F2838L;ORF1a:V2888A,13,816,0.0159313725490196,0,
1082026,BA.2_0.03_abundance_0.05,A8769C;T8779A,ORF1a:D2835A;ORF1a:F2838L,29,935,0.0310160427807486,0,
1082026,BA.2_0.03_abundance_0.05,T8779A;T8928C,ORF1a:F2838L;ORF1a:V2888A,71,816,0.0870098039215686,0,
1082026,BA.2_0.03_abundance_0.05,T8928C;G9038T,ORF1a:V2888A;ORF1a:A2925S,31,725,0.0427586206896551,0,
1082026,BA.2_0.03_abundance_0.05,T8928C;G8999A,ORF1a:V2888A;ORF1a:A2912T,43,725,0.0593103448275862,0,
1082026,BA.2_0.03_abundance_0.05,T8928C;G8999A;G9038T,ORF1a:V2888A;ORF1a:A2912T;ORF1a:A2925S,10,725,0.0137931034482758,0,
1082026,BA.2_0.03_abundance_0.05,G8999A;G9038T,ORF1a:A2912T;ORF1a:A2925S,41,1055,0.0388625592417061,0,
1082026,BA.2_0.03_abundance_0.05,T9262A;C9344T;A9424G;C9534T,ORF1a:S2999S;ORF1a:L3027F;ORF1a:V3053V;ORF1a:T3090I,14,46,0.3043478260869565,16,BA.2.75:7;BF.7:2;BA.5.2:1;BA.2.9:1;XBB.2:1;BA.2.75.1:2;BA.5.5:1;BA.5.2.1:1
1082026,BA.2_0.03_abundance_0.05,C9534T;C9778G,ORF1a:T3090I;ORF1a:S3171S,1015,2823,0.3595465816507261,1,BA.2.9:1
1082026,BA.2_0.03_abundance_0.05,C9534T;G9751T,ORF1a:T3090I;ORF1a:K3162N,161,2826,0.056970983722576,0,
1082026,BA.2_0.03_abundance_0.05,C9534T;G9751T;C9778G,ORF1a:T3090I;ORF1a:K3162N;ORF1a:S3171S,134,2823,0.0474672334396032,0,
1082026,BA.2_0.03_abundance_0.05,C10834A;G11011A,ORF1a:A3523A;ORF1a:W3582*,63,2227,0.0282891782667265,0,
1082026,BA.2_0.03_abundance_0.05,A12839T;C12880T,ORF1a:K4192*;ORF1a:I4205I,139,1414,0.0983026874115983,0,
1082026,BA.2_0.03_abundance_0.05,C14408T;T14416C,ORF1b:P314L;ORF1b:F317L,180,1137,0.158311345646438,53,AY.4:7;B.1.524:1;P.1.17:2;AY.26:1;AY.119.2:2;BA.1:2;BA.5.2.1:2;AY.100:1;B.1.1.28:1;BA.2:6;AY.68:1;BA.5.1.24:1;B.1.1.33:1;B.1:1;BA.5.2.9:5;BA.5.2:1;BA.2.12.1:1;BA.1.1:1;B.1.1.7:9;BA.1.1.1:1;BA.5.2.12:1;AY.2:2;BA.2.9:1;AY.43:2
1082026,BA.2_0.03_abundance_0.05,C14408T;A14469T,ORF1b:P314L;ORF1b:S334S,70,1054,0.0664136622390891,142,AY.4:80;B.1.617.2:27;AY.4.6:1;AY.122:1;AY.39.1:1;AY.100:1;B.1.1.7:1;P.1:1;AY.39:17;BA.5.2.1:1;B.1.2:2;BA.1.1:4;AY.4.7:1;BA.5.5:1;BA.1:1;BA.2:1;BA.1.15:1
1082026,BA.2_0.03_abundance_0.05,C14408T;T14416C;A14469T,ORF1b:P314L;ORF1b:F317L;ORF1b:S334S,13,1054,0.0123339658444022,0,
1082026,BA.2_0.03_abundance_0.05,C15714T;A15827T,ORF1b:L749L;ORF1b:E787V,1540,2823,0.5455189514700673,3,BA.2.23:1;BA.5.2:2
1082026,BA.2_0.03_abundance_0.05,A17276C;C17410T,ORF1b:K1270T;ORF1b:R1315C,654,2951,0.2216197899017282,0,
1082026,BA.2_0.03_abundance_0.05,C20555A;T20654C,ORF1b:S2363Y;ORF1b:L2396S,115,1746,0.065864833906071,0,
1082026,BA.2_0.03_abundance_0.05,C20555A;C20629T,ORF1b:S2363Y;ORF1b:H2388Y,326,1746,0.1867124856815578,0,
1082026,BA.2_0.03_abundance_0.05,C20555A;C20629T;T20654C,ORF1b:S2363Y;ORF1b:H2388Y;ORF1b:L2396S,58,1746,0.0332187857961053,0,
1082026,BA.2_0.03_abundance_0.05,C20629T;T20654C,ORF1b:H2388Y;ORF1b:L2396S,55,1746,0.0315005727376861,0,
1082026,BA.2_0.03_abundance_0.05,C22674T;T22679C;C22686T;A22688G;A22765T;A22786C;G22813T,S:S371F;S:S373P;S:S375F;S:T376A;S:V401V;S:R408S;S:K417N,28,206,0.1359223300970873,1,BA.5.2.28:1
1082026,BA.2_0.03_abundance_0.05,T22889C;G22992A;C22995A;A23013C;A23040G;A23055G;A23063T;T23075C,S:S443P;S:S477N;S:T478K;S:E484A;S:Q493R;S:Q498R;S:N501Y;S:Y505H,33,515,0.0640776699029126,4,BA.2.38:4
1082026,BA.2_0.03_abundance_0.05,T22889C;G22992A;C22995A;A23013C;A23040G,S:S443P;S:S477N;S:T478K;S:E484A;S:Q493R,6,555,0.0108108108108108,4,BA.2.38:4
1082026,BA.2_0.03_abundance_0.05,T22889C;G22992A;C22995A;A23013C;A23040G;A23055G;A23063T;T23075C;G23088C,S:S443P;S:S477N;S:T478K;S:E484A;S:Q493R;S:Q498R;S:N501Y;S:Y505H;S:R509T,6,515,0.0116504854368932,0,
1082026,BA.2_0.03_abundance_0.05,G22992A;C22995A;A23013C;A23040G;A23055G;A23063T;T23075C;G23088C,S:S477N;S:T478K;S:E484A;S:Q493R;S:Q498R;S:N501Y;S:Y505H;S:R509T,37,515,0.0718446601941747,1,BA.2:1
1082026,BA.2_0.03_abundance_0.05,A23829C;G23948T,S:Y756S;S:D796Y,25,176,0.1420454545454545,1,BA.2.31:1
1082026,BA.2_0.03_abundance_0.05,G23948T;T23966A,S:D796Y;S:F802I,28,240,0.1166666666666666,1,BA.1:1
1082026,BA.2_0.03_abundance_0.05,A24424T;A24545G,S:Q954H;S:R995G,12,110,0.109090909090909,21,B.1.1.529:6;BA.2:6;BA.1.1:4;BA.1.1.13:1;BA.2.9.5:1;BA.2.75:1;BA.1.10:1;BA.5.2:1
1082026,BA.2_0.03_abundance_0.05,T24924G;C25000T,S:F1121C;S:D1146D,562,1514,0.3712021136063408,0,
1082026,BA.2_0.03_abundance_0.05,T24924G;A24978T;C25000T,S:F1121C;S:D1139V;S:D1146D,102,1514,0.0673712021136063,0,
1082026,BA.2_0.03_abundance_0.05,A24978T;C25000T,S:D1139V;S:D1146D,119,1514,0.0785997357992074,9,BA.2.12.1:4;BA.5.2:1;BA.5.5:1;BA.2.29:1;BA.5.6:2
1082026,BA.2_0.03_abundance_0.05,A25101G;G25250C,S:Q1180R;S:V1230L,31,1700,0.018235294117647,0,
1082026,BA.2_0.03_abundance_0.05,G26155A;C26270T,ORF3a:V255I;E:T9I,41,1090,0.0376146788990825,89,BA.2.10:26;BA.4.6:32;BA.1.17:1;BA.1:4;BA.5.2:9;BA.5.5:1;BA.2.9:7;BA.1.1:3;BA.5.2.6:1;BA.2:3;BF.1:1;BA.1.15.1:1
1082026,BA.2_0.03_abundance_0.05,G26155A;T26210C;C26270T,ORF3a:V255I;ORF3a:V273A;E:T9I,103,1090,0.0944954128440367,0,
1082026,BA.2_0.03_abundance_0.05,G26155A;T26210C,ORF3a:V255I;ORF3a:V273A,27,1406,0.019203413940256,0,
1082026,BA.2_0.03_abundance_0.05,T26210C;C26270T,ORF3a:V273A;E:T9I,634,1091,0.5811182401466545,13,BA.1:2;BA.1.1:3;BQ.1.1.22:3;BQ.1.23:1;BA.2:1;BA.2.3:1;BA.2.12.1:1;BQ.1.1:1
1082026,BA.2_0.03_abundance_0.05,C26577G;G26614A;G26709A,M:Q19E;M:W31*;M:A63T,53,2327,0.0227761065749892,5,BA.2.75:2;BA.2.38:1;BA.1.17:1;BA.1.15:1
1082026,BA.2_0.03_abundance_0.05,C26577G;G26614A;G26709A;C26858T,M:Q19E;M:W31*;M:A63T;M:F112F,304,2059,0.1476444876153472,3,BA.2.75:2;BA.2.38:1
1082026,BA.2_0.03_abundance_0.05,T28118A;C28311T,ORF8:D75E;N:P13L,8,625,0.0128,3,BA.2.3:1;BA.1.1:2
1082026,BA.2_0.03_abundance_0.05,T28148C;C28311T,ORF8:P85P;N:P13L,100,1494,0.0669344042838018,266,BF.11.1:2;BA.1.1.18:2;BA.1.17:3;BF.5:169;BA.2.23:1;BA.2:13;BA.1.1:19;BA.1.17.2:1;BA.1:3;BA.2.62:1;BA.5.3.1:1;BA.2.65:4;BA.1.1.2:1;BA.5.2.1:38;BA.2.9:3;AY.3:1;BA.2.3:2;BF.8:1;BA.2.12.1:1
1082026,BA.2_0.03_abundance_0.05,T28148C;T28177A;C28311T,ORF8:P85P;ORF8:L95*;N:P13L,144,1494,0.0963855421686747,0,
1082026,BA.2_0.03_abundance_0.05,T28177A;C28311T,ORF8:L95*;N:P13L,710,1494,0.4752342704149933,37,BA.5.2.16:1;BA.5.2:22;BA.2.8:1;BA.5.2.1:2;BA.1.1:3;BA.1:4;BA.2.3:1;BQ.1.1:1;BA.5.6:1;BE.1:1
1082026,BA.2_0.03_abundance_0.05,G28563C;C28638A,N:G97A;N:P122H,23,1074,0.0214152700186219,0,
1082026,BA.2_0.03_abundance_0.05,A29078C;A29116G,N:N269H;N:Q281Q,161,4747,0.0339161575732041,0,
1082026,BA.2_0.03_abundance_0.05,A29078C;C29197T,N:N269H;N:A308A,63,4747,0.0132715399199494,0,
1082026,BA.2_0.03_abundance_0.05,T29480A;A29510C,N:F403I;N:S413R,10,52,0.1923076923076923,1,BA.2.10:1
1082026,BA.2_0.03_abundance_0.05,A29510C;T29568A,N:S413R;ORF10:I4K,8,51,0.1568627450980392,1,BA.2:1
1152026,BA.2_0.03_abundance_0.05,C1716T;T1826A,ORF1a:T484I;ORF1a:W521R,31,2119,0.0146295422369042,0,
1152026,BA.2_0.03_abundance_0.05,T2643A;T2743A,ORF1a:I793N;ORF1a:G826G,5,291,0.0171821305841924,0,
1152026,BA.2_0.03_abundance_0.05,T2743A;A2756C,ORF1a:G826G;ORF1a:I831L,19,270,0.0703703703703703,0,
1152026,BA.2_0.03_abundance_0.05,G2957A;C3037T,ORF1a:D898N;ORF1a:F924F,5,80,0.0625,540,BA.5.1:4;AY.4:23;BA.1.1.14:1;BA.2:65;BQ.1:1;AY.103:321;B.1.2:2;AY.98.1:5;BA.5.2:24;BA.1.1:10;B.1.597:1;AY.39.1.4:2;BA.1.17.2:2;AY.4.2:1;B.1.1.7:13;AY.3:4;BA.5.5:5;BA.5.2.1:8;BA.5.2.28:1;BF.1:3;AY.7.1:22;BA.1.15:1;AY.100:1;BA.5.2.6:2;B.1.221:1;B.1.564.1:2;BA.2.3:1;BC.1:1;B.1.1.519:1;AY.122:2;BA.2.9:2;BA.1.1.18:2;AY.43:3;BA.2.10:2;BA.1.15.2:1
1152026,BA.2_0.03_abundance_0.05,C3177A;T3279A,ORF1a:P971H;ORF1a:I1005N,10,387,0.0258397932816537,0,
1152026,BA.2_0.03_abundance_0.05,C3695G;C3717T,ORF1a:L1144V;ORF1a:A1151V,78,300,0.26,0,
1152026,BA.2_0.03_abundance_0.05,A4360G;C4374G,ORF1a:Q1365Q;ORF1a:T1370S,11,675,0.0162962962962962,0,
1152026,BA.2_0.03_abundance_0.05,A6316C;A6342C,ORF1a:K2017N;ORF1a:D2026A,14,290,0.0482758620689655,0,
1152026,BA.2_0.03_abundance_0.05,C9534T;T9736G,ORF1a:T3090I;ORF1a:F3157L,687,840,0.8178571428571428,0,
1152026,BA.2_0.03_abundance_0.05,G10447A;G10496T,ORF1a:R3394R;ORF1a:V3411F,316,565,0.5592920353982301,1,BA.5.2.20:1
1152026,BA.2_0.03_abundance_0.05,G10447A;A10564G,ORF1a:R3394R;ORF1a:G3433G,34,565,0.0601769911504424,98,BA.4.1:1;BA.2:43;BA.5.2.19:2;BA.2.12.1:5;BA.2.9:9;BA.5.2:4;BA.2.3.5:14;BA.2.10:1;BA.5.2.1:16;BA.2.3.2:1;BE.1.4.1:1;BA.2.3:1
1152026,BA.2_0.03_abundance_0.05,G10447A;G10496T;A10564G,ORF1a:R3394R;ORF1a:V3411F;ORF1a:G3433G,70,565,0.1238938053097345,0,
1152026,BA.2_0.03_abundance_0.05,G10882C;A10990T,ORF1a:M3539I;ORF1a:T3575T,95,1772,0.0536117381489842,0,
1152026,BA.2_0.03_abundance_0.05,G10882C;C10894G,ORF1a:M3539I;ORF1a:T3543T,35,1900,0.0184210526315789,0,
1152026,BA.2_0.03_abundance_0.05,G10882C;G10902T,ORF1a:M3539I;ORF1a:G3546V,62,1900,0.0326315789473684,0,
1152026,BA.2_0.03_abundance_0.05,G10902T;A10990T,ORF1a:G3546V;ORF1a:T3575T,27,1772,0.015237020316027,0,
1152026,BA.2_0.03_abundance_0.05,A11839G;A11854G,ORF1a:V3858V;ORF1a:S3863S,6,458,0.0131004366812227,0,
1152026,BA.2_0.03_abundance_0.05,A15217C;C15358A,ORF1b:K584Q;ORF1b:R631S,337,3490,0.0965616045845272,0,
1152026,BA.2_0.03_abundance_0.05,A15217C;A15250T;C15358A,ORF1b:K584Q;ORF1b:T595S;ORF1b:R631S,104,3490,0.0297994269340974,0,
1152026,BA.2_0.03_abundance_0.05,A15250T;C15358A,ORF1b:T595S;ORF1b:R631S,642,3504,0.1832191780821918,0,
1152026,BA.2_0.03_abundance_0.05,G15550T;C15714T,ORF1b:V695F;ORF1b:L749L,660,3524,0.1872871736662883,26,BA.5.2.1:23;BA.2:1;BA.2.9:1;BA.5.1.6:1
1152026,BA.2_0.03_abundance_0.05,G15586C;C15714T,ORF1b:A707P;ORF1b:L749L,93,3524,0.0263904653802497,0,
1152026,BA.2_0.03_abundance_0.05,C17410T;A17423T,ORF1b:R1315C;ORF1b:Y1319F,165,487,0.3388090349075975,0,
1152026,BA.2_0.03_abundance_0.05,A18163G;A18196T,ORF1b:I1566V;ORF1b:R1577*,191,1109,0.1722272317403065,1,BA.1.1:1
1152026,BA.2_0.03_abundance_0.05,A18360C;G18605C,ORF1b:L1631F;ORF1b:G1713A,17,209,0.0813397129186602,0,
1152026,BA.2_0.03_abundance_0.05,A21822T;G21987A,S:N87I;S:G142D,609,1769,0.3442622950819672,133,AY.4:95;AY.107:1;AY.103:2;AY.29:1;BA.5.2.9:1;BA.1:1;BA.1.1:2;AY.43:4;AY.122:6;AY.39:1;AY.4.2:2;BQ.1.1.22:1;BA.4.6:1;AY.100:2;B.1.617.2:4;BA.2:2;AY.4.2.2:1;BA.1.1.7:2;AY.3.1:1;BA.5.2:3
1152026,BA.2_0.03_abundance_0.05,A22091T;T22200G,S:M177L;S:V213G,35,332,0.1054216867469879,154,BA.5.2:5;BQ.1.1:88;BQ.1.1.6:2;BQ.1.1.19:2;BQ.1.1.17:1;BA.2:38;BA.2.49:1;BQ.1.1.18:8;BQ.1.1.8:2;BA.2.12.1:1;BF.10:2;BA.5.1:1;BQ.1:1;BQ.1.1.22:2
1152026,BA.2_0.03_abundance_0.05,T22200G;A22237G,S:V213G;S:P225P,11,309,0.0355987055016181,67,BA.5.1:8;BA.5.1.3:1;BA.2.24:3;BN.1.5:1;BA.5.2:10;BA.2:22;BA.5.2.1:1;BA.5.2.13:1;BA.2.3.13:1;BA.2.75:2;BA.2.45:5;BF.7:2;BQ.1.2:2;BE.1.1:1;BA.5.2.33:3;BA.2.65:1;BA.4.6:1;BA.2.9:1;BA.4:1
1152026,BA.2_0.03_abundance_0.05,G22578A;C22674T;T22679C;C22686T;A22688G;T22690A,S:G339D;S:S371F;S:S373P;S:S375F;S:T376A;S:T376T,25,258,0.0968992248062015,12,BA.5.2.4:1;BA.5.2.1:3;BA.2.9:6;BA.2:1;BA.2.12.1:1
1152026,BA.2_0.03_abundance_0.05,G22992A;C22995A;A23013C;A23040G;T23163C,S:S477N;S:T478K;S:E484A;S:Q493R;S:V534A,6,24,0.25,2,BA.2:1;BA.1.15:1
1152026,BA.2_0.03_abundance_0.05,T23163C;A23403G,S:V534A;S:D614G,345,1567,0.2201659221442246,51,B.1.637:1;AY.4:2;AY.33:1;AY.114:29;AY.25.1:1;BA.1.15:1;AY.122:2;B.1.1.7:1;AY.44:1;Q.2:1;AY.103:1;AY.126:1;BA.5.1.30:1;AY.9.2:1;B.1.617.2:2;B.1.525:1;BE.3:1;BA.2:1;AY.120:2
1152026,BA.2_0.03_abundance_0.05,G23948T;T23956G,S:D796Y;S:G798G,49,333,0.1471471471471471,1,BA.5.1.23:1
1152026,BA.2_0.03_abundance_0.05,G23948T;A24035G,S:D796Y;S:K825E,68,311,0.2186495176848874,15,BA.5.1.22:1;BG.5:1;BA.2:6;BA.5.2.23:2;BA.5.1:2;BA.5.2:1;BA.1.1:1;BA.2.56:1
1152026,BA.2_0.03_abundance_0.05,G23948T;T23956G;A24035G,S:D796Y;S:G798G;S:K825E,12,311,0.0385852090032154,0,
1152026,BA.2_0.03_abundance_0.05,A24166G;A24424T,S:E868E;S:Q954H,24,722,0.0332409972299169,193,BA.2.3:80;BA.1.1:10;BQ.1.1.4:54;BA.1:8;BA.5.1.6:6;BA.5.1.10:2;BA.2.3.2:4;CH.1.1:1;BA.5:1;BA.2:13;BA.2.75:1;BA.5.1.19:2;BA.1.1.2:2;B.1.1.529:1;BA.5.2.1:3;BA.5.1:1;BA.2.9:1;BQ.1.1.8:1;BA.1.1.18:1;BA.2.12.1:1
1152026,BA.2_0.03_abundance_0.05,A24170T;A24424T,S:I870F;S:Q954H,41,722,0.056786703601108,1,BA.2:1
1152026,BA.2_0.03_abundance_0.05,G24348T;A24424T,S:S929I;S:Q954H,45,722,0.0623268698060941,1192,BA.5.1.3:1;BA.5.1:75;BA.5.5:6;BF.7.4.2:74;BA.2:130;BE.1.1:21;BA.2.10:5;BA.4.1:50;BA.1:42;BA.4.6:24;BA.2.9.3:1;BA.5.2.1:52;BA.2.9:91;BQ.1.1.9:2;BA.4.1.5:9;BC.1:9;BA.1.1:139;BE.1:7;BA.1.15:5;BA.5.2:49;BA.5.2.26:6;BA.4.2:2;BA.1.17.2:41;BA.4.1.1:9;BA.2.5:27;BA.5.2.9:1;BA.1.1.18:3;BE.1.1.2:1;BF.4:2;BA.5.3:1;BA.2.75:6;BF.5:10;BA.5.2.30:5;BA.2.12.1:111;BA.1.17:9;BA.2.23:1;BA.4.6.5:7;BA.4.1.2:1;B.1.1.529:1;BA.2.3:11;BA.5.1.10:1;BA.2.1:6;BA.2.9.5:3;BA.5.2.19:1;BA.5.6:1;BA.1.14:6;BA.1.1.1:7;AY.118:1;BF.15:1;BA.5.3.4:4;BF.2:2;BA.5.2.21:2;BA.2.36:27;BA.2.42:2;BA.5.2.43:1;BA.2.81:1;BA.5.2.34:1;BA.5.1.2:1;BF.7:17;BA.5.5.2:1;BA.5.2.12:2;BA.1.20:5;BF.10:2;BA.4:15;BA.2.24:1;BA.5.1.6:1;BA.2.14:1;BA.1.1.15:6;BA.5.1.4:4;BA.2.21:1;BA.5.2.42:1;BA.5.2.23:1;BA.2.19:1;BE.1.4:1;BA.2.56:1;BA.1.1.2:1;BQ.1.11:1;BG.2:1;CK.1:1;BA.2.64:1;BA.2.3.20:1;BA.2.40.1:1;BA.5.1.1:1;BA.5.1.23:1;BA.5.1.5:1;BA.2.18:1;BQ.1.1.22:1;BA.1.1.14:1;BA.2.3.17:1;BA.5:1;BA.5.2.20:1
1152026,BA.2_0.03_abundance_0.05,G24807A;C24863G;C25000T,S:C1082Y;S:H1101D;S:D1146D,93,2572,0.036158631415241,0,
1152026,BA.2_0.03_abundance_0.05,G24807A;C25000T,S:C1082Y;S:D1146D,557,2572,0.2165629860031104,6,BA.5.3:1;BA.5.1:1;BA.5.2:1;BA.2:3
1152026,BA.2_0.03_abundance_0.05,C24863G;C25000T,S:H1101D;S:D1146D,280,2575,0.1087378640776699,133,BA.5.2:46;BA.1.20:1;BF.21:2;DJ.1.1:1;BA.5.2.28:2;CM.2:1;BA.1:6;BA.2:49;BA.2.31:2;BA.5.1:1;BA.5.2.6:3;BA.2.12.1:2;BA.5.2.1:1;BA.5.2.31:4;BA.1.1.14:1;BA.5.10:2;BA.2.9:1;BA.1.1:2;BF.7.4.1:1;BQ.1:3;BQ.1.2:1;BA.1.15.1:1
1152026,BA.2_0.03_abundance_0.05,A25943C;C26060T;C26270T,ORF3a:Y184S;ORF3a:T223I;E:T9I,20,929,0.0215285252960172,1,BA.2.31:1
1152026,BA.2_0.03_abundance_0.05,C26577G;G26709A;A26771G;C26858T,M:Q19E;M:A63T;M:A83A;M:F112F,196,3474,0.056419113413932,25,BA.2.3.20:20;BA.2.12.1:2;BA.2:2;BA.2.9:1
1152026,BA.2_0.03_abundance_0.05,A27259C;G27382C;A27383T;T27384C;T27413C,ORF6:R20R;ORF6:D61H;ORF6:D61V;ORF6:D61D;ORF7a:L7S,289,2428,0.1190280065897858,35,BA.2.9:3;BA.2.12.1:4;BA.4.6:1;BA.2:15;BA.2.1:6;BA.2.12:1;BA.2.75:3;BA.4.1.8:2
1222026,BA.2_0.03_abundance_0.05,G407C;T670G,ORF1a:D48H;ORF1a:S135R,113,1893,0.0596936080295826,3,BA.5.1.3:1;BA.2:1;BA.5.6:1
1222026,BA.2_0.03_abundance_0.05,G407C;C466G;T670G,ORF1a:D48H;ORF1a:P67P;ORF1a:S135R,32,1893,0.016904384574749,0,
1222026,BA.2_0.03_abundance_0.05,C466G;T670G,ORF1a:P67P;ORF1a:S135R,336,1893,0.1774960380348653,63,BF.5:60;BA.2:1;BA.5.6:1;BA.2.12.1:1
1222026,BA.2_0.03_abundance_0.05,T670G;T889C,ORF1a:S135R;ORF1a:A208A,15,374,0.0401069518716577,210,BA.5.1:120;BE.3:1;BF.26:1;BA.2.12.1:53;BA.5.1.10:1;BA.5.5.2:2;BF.3:1;BA.5.2:3;BE.1.1:2;BA.2:14;BA.5.2.1:6;BA.2.52:1;BF.27:1;XBB.3:1;BA.5.1.12:1;BA.5.2.28:1;BA.2.9:1
1222026,BA.2_0.03_abundance_0.05,A1011T;T1099C,ORF1a:Y249F;ORF1a:N278N,331,1628,0.2033169533169533,0,
1222026,BA.2_0.03_abundance_0.05,G6102C;A6184T,ORF1a:G1946A;ORF1a:K1973N,68,352,0.1931818181818181,0,
1222026,BA.2_0.03_abundance_0.05,G6102C;C6113G;A6184T,ORF1a:G1946A;ORF1a:P1950A;ORF1a:K1973N,9,352,0.0255681818181818,0,
1222026,BA.2_0.03_abundance_0.05,C6113G;A6184T,ORF1a:P1950A;ORF1a:K1973N,16,352,0.0454545454545454,0,
1222026,BA.2_0.03_abundance_0.05,T7227G;A7259G,ORF1a:F2321C;ORF1a:I2332V,36,871,0.0413318025258323,0,
1222026,BA.2_0.03_abundance_0.05,G7446A;T7554C,ORF1a:W2394*;ORF1a:V2430A,7,102,0.0686274509803921,0,
1222026,BA.2_0.03_abundance_0.05,T8082A;A8214G,ORF1a:M2606K;ORF1a:D2650G,11,941,0.0116896918172157,0,
1222026,BA.2_0.03_abundance_0.05,C9534T;G9771T,ORF1a:T3090I;ORF1a:G3169V,154,3108,0.0495495495495495,0,
1222026,BA.2_0.03_abundance_0.05,G11383C;T11612A,ORF1a:R3706S;ORF1a:Y3783N,49,622,0.0787781350482315,0,
1222026,BA.2_0.03_abundance_0.05,C12398A;T12456A,ORF1a:L4045I;ORF1a:L4064H,26,412,0.0631067961165048,0,
1222026,BA.2_0.03_abundance_0.05,C12880T;T12948A,ORF1a:I4205I;ORF1a:L4228*,650,3731,0.1742160278745644,0,
1222026,BA.2_0.03_abundance_0.05,T13472G;G13639A,ORF1b:V2G;ORF1b:D58N,43,240,0.1791666666666666,0,
1222026,BA.2_0.03_abundance_0.05,C14053T;T14145C,ORF1b:L196L;ORF1b:D226D,38,1646,0.0230862697448359,0,
1222026,BA.2_0.03_abundance_0.05,C14408T;T14516C,ORF1b:P314L;ORF1b:V350A,312,738,0.4227642276422764,135,BA.4.1:1;BA.1.1.18:1;AY.25:2;AY.20:1;BA.1.1:8;AY.103:42;AY.54:25;BA.1.1.13:1;BA.2.9:3;B.1.621:16;AY.26:2;BA.5.2.7:2;AY.118:1;P.1:1;AY.122:3;B.1:1;B.1.1.7:3;B.1.617.2:4;AY.39.1.2:1;B.1.36.29:1;AY.4:1;BA.5.2.45:1;BA.1.20:1;BA.2.12.1:1;AY.25.1:2;BA.2.10:1;AY.126:4;BA.1.15:1;BA.5.2.9:1;BA.5.2.1:1;BF.7.4:1;BA.2.62:1
1222026,BA.2_0.03_abundance_0.05,G17257A;C17410T,ORF1b:E1264K;ORF1b:R1315C,920,1735,0.5302593659942363,2,BA.5.2:1;BA.2.12.1:1
1222026,BA.2_0.03_abundance_0.05,C17410T;G17679C,ORF1b:R1315C;ORF1b:T1404T,23,197,0.116751269035533,1,BQ.1.2:1
1222026,BA.2_0.03_abundance_0.05,G18089A;A18163G,ORF1b:G1541E;ORF1b:I1566V,10,468,0.0213675213675213,39,BA.1.1.2:16;BA.1.21:1;XBB.1.5:1;BA.2.3:1;BF.7:3;BA.1.1:3;BA.1.1.1:3;BA.1:4;BA.5.2:4;BA.2:2;BA.1.17.2:1
1222026,BA.2_0.03_abundance_0.05,T19809G;C19903G,ORF1b:I2114M;ORF1b:H2146D,9,274,0.0328467153284671,0,
1222026,BA.2_0.03_abundance_0.05,T20526C;T20550G,ORF1b:F2353F;ORF1b:D2361E,156,619,0.2520193861066236,0,
1222026,BA.2_0.03_abundance_0.05,T20526C;A20849T,ORF1b:F2353F;ORF1b:N2461I,14,349,0.0401146131805157,0,
1222026,BA.2_0.03_abundance_0.05,C21618T;A21626C,S:T19I;S:T22P,23,247,0.0931174089068826,0,
1222026,BA.2_0.03_abundance_0.05,C22551A;C22674T;T22679C;C22686T;A22688G;G22775A;A22786C;G22813T,S:P330H;S:S371F;S:S373P;S:S375F;S:T376A;S:D405N;S:R408S;S:K417N,23,211,0.1090047393364928,4,BA.2.3:1;BA.2.12.1:1;BA.5.2.7:1;BA.5.2:1
1222026,BA.2_0.03_abundance_0.05,A22595G;C22674T;T22679C;C22686T;A22688G;G22775A;A22786C;G22813T,S:T345A;S:S371F;S:S373P;S:S375F;S:T376A;S:D405N;S:R408S;S:K417N,21,753,0.0278884462151394,6,BE.1.1.1:1;BA.5.2.1:1;BA.5.2:1;BA.2.12.1:1;BA.2:2
1222026,BA.2_0.03_abundance_0.05,T23190A;A23403G,S:F543Y;S:D614G,379,2114,0.1792809839167455,0,
1222026,BA.2_0.03_abundance_0.05,G23948T;A24065T,S:D796Y;S:K835*,266,509,0.5225933202357563,0,
1222026,BA.2_0.03_abundance_0.05,A24424T;T24615G,S:Q954H;S:I1018S,12,77,0.1558441558441558,0,
1222026,BA.2_0.03_abundance_0.05,T25123G;T25245G,S:N1187K;S:V1228G,9,286,0.0314685314685314,0,
1222026,BA.2_0.03_abundance_0.05,C25584T;A25590G,ORF3a:T64T;ORF3a:K66K,40,718,0.0557103064066852,127,BA.5.1.6:2;BA.1.17:5;BA.1.1:22;BA.1.1.1:2;BA.5.1:4;BC.1:7;BA.2.9:31;BA.5.5:2;BA.2.12.1:5;BA.5.2:17;BA.2:7;BA.1.1.2:2;BA.5.2.1:3;BA.5.2.6:4;BA.5.2.20:1;BF.26:1;BE.1:1;BE.7:1;BF.5:1;CP.2:1;BA.4:1;BA.1:3;BF.10:1;BF.4:1;BA.1.18:2
1222026,BA.2_0.03_abundance_0.05,G26209A;C26270T,ORF3a:V273M;E:T9I,51,141,0.3617021276595745,404,BA.5.2.28:10;BA.5.6:4;BA.4.1:4;BA.1:3;BA.5.2.1:55;BA.2.9:3;AY.29:1;BA.5.2:24;BA.1.1:59;BA.2.65:1;BA.2:41;BA.1.17.2:2;BA.2.9.6:1;BQ.1.12:2;BN.1.3:4;BA.5.3.2:20;BA.2.75:16;BF.5:6;BA.5.5:9;BA.2.3:1;BA.5.1:15;BQ.1.1:4;BQ.1.7:1;BC.1:1;BA.1.1.18:3;BA.2.36:6;BA.5.3.3:2;BQ.1.10:4;BA.1.18:1;BA.2.12.1:8;XBB.1:1;BE.1:12;BA.1.1.2:2;BA.2.42:1;BA.5.1.1:6;BA.5.1.6:1;BA.1.17:6;BA.5.2.30:1;BA.1.1.16:1;BA.5.1.2:9;BA.5.1.12:1;BE.3:1;BF.7.5:3;BE.1.1.1:1;BA.1.15:5;BA.5.2.20:3;BE.1.1:1;BF.1:1;BA.2.24:1;BQ.1:2;BA.5.2.9:1;BA.5.1.3:5;BV.2:1;BF.26:1;BA.1.1.15:1;BQ.1.15:1;BA.5.3.1:2;BE.5:1;BA.5.2.44:1;BQ.1.8:2;BQ.1.1.15:1;BA.5.1.10:1;BF.7:2;CG.1:2;BF.8:2;BQ.1.2:1;BA.1.15.1:1;BA.5.2.37:1;BF.20:1;BA.1.20:1;BA.5.1.17:1;BA.5.2.2:1;BF.2:2;BA.1.1.1:1
1222026,BA.2_0.03_abundance_0.05,C26270T;T26411A,E:T9I;E:F56Y,202,660,0.306060606060606,1,BA.2.10:1
1222026,BA.2_0.03_abundance_0.05,C26858T;A27045C,M:F112F;M:T175P,7,7,1.0,0,
1222026,BA.2_0.03_abundance_0.05,T27251A;G27382C;A27383T;T27384C,ORF6:I17N;ORF6:D61H;ORF6:D61V;ORF6:D61D,1137,2084,0.5455854126679462,1,BA.2:1
1222026,BA.2_0.03_abundance_0.05,A28058C;G28123A,ORF8:A55A;ORF8:G77D,204,919,0.2219804134929271,0,
1222026,BA.2_0.03_abundance_0.05,G28123A;C28311T,ORF8:G77D;N:P13L,280,1432,0.1955307262569832,110,BA.2.75:8;BA.5.2:36;BQ.1.1.4:3;BA.5:2;BA.5.1:21;BA.5.5.1:2;BA.5.2.1:3;BA.1:1;BA.1.1:11;BE.1:5;BA.1.1.18:1;BA.2:7;BA.1.17.2:1;BA.5.5:1;BA.2.9:1;BF.5:1;BN.2:1;BA.4.6:1;BA.1.15:1;BF.27:1;BA.2.75.5:2
1222026,BA.2_0.03_abundance_0.05,G28123A;C28311T;A28342C,ORF8:G77D;N:P13L;N:S23S,330,1329,0.2483069977426636,0,
1222026,BA.2_0.03_abundance_0.05,C28311T;A28342C,N:P13L;N:S23S,410,1387,0.2956020187454938,1,B.1.617.2:1
1222026,BA.2_0.03_abundance_0.05,C29095A;A29267G,N:F274L;N:T332A,249,2101,0.1185149928605426,0,
1292026,BA.2_0.03_abundance_0.05,T1641G;A1879C,ORF1a:V459G;ORF1a:S538S,223,2052,0.1086744639376218,0,
1292026,BA.2_0.03_abundance_0.05,T1641G;T1665C,ORF1a:V459G;ORF1a:F467S,25,2214,0.0112917795844625,0,
1292026,BA.2_0.03_abundance_0.05,T1665C;A1879C,ORF1a:F467S;ORF1a:S538S,44,2052,0.0214424951267056,0,
1292026,BA.2_0.03_abundance_0.05,G2154T;G2183A,ORF1a:W630L;ORF1a:E640K,58,740,0.0783783783783783,0,
1292026,BA.2_0.03_abundance_0.05,G3824A;T4096A,ORF1a:V1187I;ORF1a:T1277T,13,263,0.0494296577946768,0,
1292026,BA.2_0.03_abundance_0.05,A3938G;T4096A,ORF1a:R1225G;ORF1a:T1277T,22,264,0.0833333333333333,0,
1292026,BA.2_0.03_abundance_0.05,C9534T;A9696C,ORF1a:T3090I;ORF1a:Y3144S,1081,2072,0.5217181467181468,0,
1292026,BA.2_0.03_abundance_0.05,C9534T;A9696C;C9733A,ORF1a:T3090I;ORF1a:Y3144S;ORF1a:F3156L,330,1950,0.1692307692307692,0,
1292026,BA.2_0.03_abundance_0.05,C9534T;C9733A,ORF1a:T3090I;ORF1a:F3156L,147,1950,0.0753846153846153,207,BA.2:190;BA.5.5:1;BA.5.2.31:2;BA.5.1:4;BA.5.2.1:1;BA.2.9:1;BA.2.12.1:1;BA.5.2:3;BA.5.1.22:1;BA.1.1:2;BQ.1.1:1
1292026,BA.2_0.03_abundance_0.05,A11789T;T11818C,ORF1a:I3842F;ORF1a:P3851P,8,100,0.08,0,
1292026,BA.2_0.03_abundance_0.05,C14292G;T14336C;C14408T,ORF1b:D275E;ORF1b:V290A;ORF1b:P314L,163,2069,0.0787820202996616,0,
1292026,BA.2_0.03_abundance_0.05,C14292G;C14408T,ORF1b:D275E;ORF1b:P314L,78,2069,0.0376993716771387,1,BA.2:1
1292026,BA.2_0.03_abundance_0.05,C14292G;A14297C;T14336C;C14408T,ORF1b:D275E;ORF1b:Y277S;ORF1b:V290A;ORF1b:P314L,37,2069,0.0178830352827452,0,
1292026,BA.2_0.03_abundance_0.05,A14297C;T14336C;C14408T,ORF1b:Y277S;ORF1b:V290A;ORF1b:P314L,194,2069,0.0937651039149347,0,
1292026,BA.2_0.03_abundance_0.05,A14297C;C14408T,ORF1b:Y277S;ORF1b:P314L,76,2069,0.0367327211213146,0,
1292026,BA.2_0.03_abundance_0.05,A14315G;T14336C;C14408T,ORF1b:Q283R;ORF1b:V290A;ORF1b:P314L,51,2069,0.0246495891735137,1,B.1.1.7:1
1292026,BA.2_0.03_abundance_0.05,A14315G;C14408T,ORF1b:Q283R;ORF1b:P314L,22,2069,0.0106331561140647,5,B.1.177.45:1;BA.1.1.1:1;AY.122:1;B.1.1.7:2
1292026,BA.2_0.03_abundance_0.05,T14336C;C14408T,ORF1b:V290A;ORF1b:P314L,852,2069,0.4117931367810536,157,B.1.1.7:26;B.1.243:5;BF.28:1;BA.1.17.2:2;AY.23.1:1;B.1.1:5;XB:1;BA.1.1:9;B.1.160:1;AY.28:1;BA.1:5;AY.4.2:4;BF.18:1;BA.2.9:2;P.1.14:2;BA.5.5:1;BA.4.4:1;AY.4:12;BA.5.2:7;BA.5:1;AY.125:1;BE.1.1:5;BA.2:13;AY.4.15:1;AY.43:1;AY.29:2;BF.10:1;AY.127:1;BA.2.12.1:1;AY.103:4;AY.102:1;BA.1.20:18;AY.39:2;DF.1:1;BA.2.3:2;B.1:1;AY.85:1;BA.5.2.21:4;BA.5.1.22:2;BA.5.2.1:2;AY.3:1;BA.5.1:1;B.1.427:1;B.1.1.519:1;B.1.617.2:1
1292026,BA.2_0.03_abundance_0.05,T14336C;A14375G;C14408T,ORF1b:V290A;ORF1b:N303S;ORF1b:P314L,52,2069,0.0251329144514258,0,
1292026,BA.2_0.03_abundance_0.05,A14375G;C14408T,ORF1b:N303S;ORF1b:P314L,21,2070,0.0101449275362318,1,BA.2:1
1292026,BA.2_0.03_abundance_0.05,G16935C;G16957C,ORF1b:M1156I;ORF1b:V1164L,42,1962,0.0214067278287461,0,
1292026,BA.2_0.03_abundance_0.05,C18016A;A18163G,ORF1b:R1517S;ORF1b:I1566V,277,1066,0.2598499061913696,1,BA.5.1:1
1292026,BA.2_0.03_abundance_0.05,C18016A;A18163G;C18306G,ORF1b:R1517S;ORF1b:I1566V;ORF1b:F1613L,17,656,0.0259146341463414,0,
1292026,BA.2_0.03_abundance_0.05,A18163G;C18306G,ORF1b:I1566V;ORF1b:F1613L,42,657,0.0639269406392694,1,BA.1.1:1
1292026,BA.2_0.03_abundance_0.05,C18306G;A18448T,ORF1b:F1613L;ORF1b:S1661C,12,280,0.0428571428571428,0,
1292026,BA.2_0.03_abundance_0.05,T20590A;A20711G,ORF1b:Y2375N;ORF1b:Q2415R,7,488,0.0143442622950819,0,
1292026,BA.2_0.03_abundance_0.05,T21961C;G21987A,S:F133F;S:G142D,60,2216,0.0270758122743682,333,AY.44:42;AY.111:3;BA.2.75:6;CM.3:1;AY.100:1;BA.5.2.9:2;BA.5.1:4;BA.2:39;BA.2.29:3;AY.122:19;BE.1.1:2;BA.2.12.1:18;BA.2.70:1;BA.5.2.1:121;B.1.617.2:3;AY.4:4;BA.5.2:12;AY.39:1;AY.4.2:1;AY.114:1;BA.2.38:3;AY.3:1;XBB.1:1;BQ.1.1:1;AY.126:2;BA.2.3:1;BA.2.43:3;AY.25:1;AY.116.1:4;AY.23:1;BA.2.76:1;AY.103:3;BA.4.6:4;AY.99.2:6;BA.2.3.20:2;AY.43:3;AY.34.1:1;AY.9.2:1;AY.4.5:1;BA.2.10:2;BA.1.1:1;BM.1.1.1:1;BA.2.3.2:1;BA.2.9:1;AY.127:1;BA.2.36:1;AY.25.1:1
1292026,BA.2_0.03_abundance_0.05,G22139A;T22200G,S:V193M;S:V213G,163,793,0.2055485498108449,4,BA.4.2:1;BA.4.1:1;BA.5.2:1;BA.5.2.6:1
1292026,BA.2_0.03_abundance_0.05,G22578A;C22674T;T22679C;C22686T;A22688G;G22773C;G22775A;A22786C;G22813T,S:G339D;S:S371F;S:S373P;S:S375F;S:T376A;S:G404A;S:D405N;S:R408S;S:K417N,1116,1302,0.8571428571428571,1,BA.2:1
1292026,BA.2_0.03_abundance_0.05,G22578A;C22674T;T22679C;C22686T;A22688G;G22772T;G22773C;G22775A;A22786C;G22813T,S:G339D;S:S371F;S:S373P;S:S375F;S:T376A;S:G404C;S:G404A;S:D405N;S:R408S;S:K417N,26,1302,0.0199692780337941,0,
1292026,BA.2_0.03_abundance_0.05,A23229C;A23299T;A23403G,S:N556T;S:P579P;S:D614G,100,1594,0.0627352572145545,0,
1292026,BA.2_0.03_abundance_0.05,A23229C;A23403G,S:N556T;S:D614G,27,1594,0.0169385194479297,15,AY.43:3;AY.3:1;AY.4:4;BA.2.3.13:1;BA.2.3:1;BA.1.17.2:1;AY.20:1;B.1.1.214:1;AY.98.1:1;BA.1.1:1
1292026,BA.2_0.03_abundance_0.05,A23229C;T23272C;A23299T;A23403G,S:N556T;S:A570A;S:P579P;S:D614G,17,1594,0.0106649937264742,0,
1292026,BA.2_0.03_abundance_0.05,T23272C;A23299T;A23403G,S:A570A;S:P579P;S:D614G,146,1594,0.0915934755332496,0,
1292026,BA.2_0.03_abundance_0.05,T23272C;A23403G,S:A570A;S:D614G,31,1594,0.0194479297365119,692,BF.1:1;AY.129:39;AY.4:6;B.1.1.7:79;AY.27:2;AY.43:16;AY.46.1:35;BA.5.2:1;BA.5.2.20:12;BA.5.1:12;AY.25:12;BA.2:77;BA.1.1:33;AY.44:19;AY.100:3;AY.122:232;AY.101:3;BA.1.17:9;BA.1:4;AY.7.1:30;BA.2.75:2;B.1.2:2;BA.2.9:7;B.1.526:2;BA.5.2.6:2;BA.1.1.2:1;B.1.1.311:1;BA.1.15:2;BF.10:1;B.1.617.1:1;B.1:2;AY.5:1;B.1.564:1;BA.5.1.30:1;AY.29:13;BA.5:1;BA.4.6:1;BF.5:2;BA.1.1.18:1;BA.1.15.1:1;AY.125:2;B.1.637:1;BA.5.2.1:2;B.1.617.2:4;AY.3:2;AY.126:1;BA.4.1:1;XBB.1:2;AY.23:1;BA.2.3:1;AY.25.1:1;BA.5.2.33:1;AY.103:1;B.1.258:1;Q.4:1
1292026,BA.2_0.03_abundance_0.05,G23832A;C23854A;G23948T;A23973G,S:G757D;S:N764K;S:D796Y;S:Q804R,15,233,0.0643776824034334,0,
1292026,BA.2_0.03_abundance_0.05,G23832A;C23854A;G23948T,S:G757D;S:N764K;S:D796Y,105,233,0.4506437768240343,6,BA.2.3:1;BQ.1.11:2;BA.2.3.1:1;BA.2.12.1:1;BK.1:1
1292026,BA.2_0.03_abundance_0.05,C23854A;G23948T;A23973G,S:N764K;S:D796Y;S:Q804R,16,236,0.0677966101694915,14,BA.1.15:1;BA.5.2:2;BA.1:1;BA.2:1;BA.1.17:1;BA.1.1.2:1;BA.1.1:2;BE.1.1:1;BA.5.2.1:2;BA.2.12.1:1;BA.4.6:1
1292026,BA.2_0.03_abundance_0.05,G24161C;A24424T,S:D867H;S:Q954H,19,110,0.1727272727272727,3,BA.1:1;BA.2.3:1;BA.5.6:1
1292026,BA.2_0.03_abundance_0.05,A24424T;A24592C,S:Q954H;S:Q1010H,15,21,0.7142857142857143,2,BA.1:2
1292026,BA.2_0.03_abundance_0.05,A24592C;C24707T,S:Q1010H;S:L1049F,14,100,0.14,0,
1292026,BA.2_0.03_abundance_0.05,C25460A;C25584T,ORF3a:A23D;ORF3a:T64T,409,2167,0.1887401938163359,63,BE.3:3;BA.1.15:3;BA.1.18:5;BA.1.1:4;BA.2.9:6;BA.1:5;BA.5.2.1:3;BA.2.12.1:2;BA.5.2.7:5;BA.1.17.2:1;BA.5.5:1;BA.4:6;BA.2:9;BE.1:1;BA.1.13:1;BA.5.1:1;BA.5:2;BF.21:3;XBB:1;BA.5.1.22:1
1292026,BA.2_0.03_abundance_0.05,C26270T;C26527A,E:T9I;M:A2E,138,255,0.5411764705882353,219,BA.5.1:3;BA.1.1:21;CR.1:1;BA.2.3:1;BA.2.18:3;BA.2.9:159;BA.2.65:1;BA.5.3.1:1;BA.1.1.2:1;BA.2:20;BA.1.18:2;BA.1.1.1:1;BA.5.1.12:1;BF.7:1;BA.1:2;BA.5.2.5:1
1292026,BA.2_0.03_abundance_0.05,C26270T;A26420G;C26527A,E:T9I;E:Y59C;M:A2E,41,255,0.1607843137254902,0,
1292026,BA.2_0.03_abundance_0.05,C26270T;A26420G,E:T9I;E:Y59C,12,278,0.0431654676258992,3,BF.8:1;BA.2:2
1292026,BA.2_0.03_abundance_0.05,C26270T;T26312C;A26420G;C26527A,E:T9I;E:F23S;E:Y59C;M:A2E,10,255,0.0392156862745098,0,
1292026,BA.2_0.03_abundance_0.05,C26270T;T26312C;C26527A,E:T9I;E:F23S;M:A2E,7,255,0.0274509803921568,0,
1292026,BA.2_0.03_abundance_0.05,C26577G;G26709A;C26781G;C26858T,M:Q19E;M:A63T;M:L87V;M:F112F,52,2073,0.0250844187168355,3,BA.2:3
1292026,BA.2_0.03_abundance_0.05,T28187G;C28311T,ORF8:L98L;N:P13L,440,5174,0.0850405875531503,33,BF.5:1;BA.4.4:1;BA.5.2.1:1;BA.5.1:9;BA.2:6;BA.2.3:3;BA.2.12.1:2;BA.2.3.13:4;BQ.1.1.3:1;BQ.1.1.6:1;BA.5:1;BQ.1.12:1;BA.4:1;BA.5.2:1
2052026,BA.2_0.03_abundance_0.05,G587C;T670G,ORF1a:V108L;ORF1a:S135R,178,2110,0.0843601895734597,1,BE.3:1
2052026,BA.2_0.03_abundance_0.05,T1704C;A1749C,ORF1a:F480S;ORF1a:D495A,448,4353,0.1029175281415116,0,
2052026,BA.2_0.03_abundance_0.05,A2303C;G2525T,ORF1a:K680Q;ORF1a:E754*,155,974,0.1591375770020534,0,
2052026,BA.2_0.03_abundance_0.05,A2303C;A2389C,ORF1a:K680Q;ORF1a:T708T,29,1055,0.0274881516587677,0,
2052026,BA.2_0.03_abundance_0.05,A2303C;A2389C;G2525T,ORF1a:K680Q;ORF1a:T708T;ORF1a:E754*,22,974,0.0225872689938398,0,
2052026,BA.2_0.03_abundance_0.05,A2389C;G2525T,ORF1a:T708T;ORF1a:E754*,31,976,0.0317622950819672,0,
2052026,BA.2_0.03_abundance_0.05,T3229G;T3370A,ORF1a:V988V;ORF1a:T1035T,8,356,0.0224719101123595,0,
2052026,BA.2_0.03_abundance_0.05,G4787T;T4942A,ORF1a:A1508S;ORF1a:L1559L,16,767,0.0208604954367666,0,
2052026,BA.2_0.03_abundance_0.05,T4930A;T4942A,ORF1a:N1555K;ORF1a:L1559L,64,767,0.0834419817470664,0,
2052026,BA.2_0.03_abundance_0.05,T5865C;A5902T,ORF1a:F1867S;ORF1a:P1879P,231,1828,0.1263676148796499,0,
2052026,BA.2_0.03_abundance_0.05,C9534T;T9585A,ORF1a:T3090I;ORF1a:V3107D,40,1452,0.0275482093663911,0,
2052026,BA.2_0.03_abundance_0.05,C9534T;A9621G,ORF1a:T3090I;ORF1a:D3119G,36,1452,0.024793388429752,2,BA.2.10.1:1;BA.5.5:1
2052026,BA.2_0.03_abundance_0.05,C10755T;A10788T,ORF1a:A3497V;ORF1a:D3508V,31,2530,0.0122529644268774,0,
2052026,BA.2_0.03_abundance_0.05,A11506T;G11557A,ORF1a:V3747V;ORF1a:E3764E,42,1290,0.0325581395348837,1,BA.1:1
2052026,BA.2_0.03_abundance_0.05,A11506T;T11568G,ORF1a:V3747V;ORF1a:I3768S,22,1290,0.0170542635658914,0,
2052026,BA.2_0.03_abundance_0.05,G13567T;T13645C,ORF1b:A34S;ORF1b:Y60H,33,376,0.0877659574468085,0,
2052026,BA.2_0.03_abundance_0.05,G13567T;G13627A;T13645C,ORF1b:A34S;ORF1b:D54N;ORF1b:Y60H,19,376,0.050531914893617,0,
2052026,BA.2_0.03_abundance_0.05,G13567T;G13627A,ORF1b:A34S;ORF1b:D54N,8,398,0.0201005025125628,0,
2052026,BA.2_0.03_abundance_0.05,G13627A;T13645C,ORF1b:D54N;ORF1b:Y60H,73,384,0.1901041666666666,0,
2052026,BA.2_0.03_abundance_0.05,C14408T;C14425G,ORF1b:P314L;ORF1b:L320V,39,1093,0.0356816102470265,17,B.1.525:8;B.1.1.7:3;AY.4:2;BA.5.1.3:1;BA.2.26:2;AY.44:1
2052026,BA.2_0.03_abundance_0.05,C17410T;T17497G,ORF1b:R1315C;ORF1b:Y1344D,235,347,0.6772334293948127,0,
2052026,BA.2_0.03_abundance_0.05,A17844T;T17873A,ORF1b:S1459S;ORF1b:F1469Y,142,1896,0.0748945147679324,0,
2052026,BA.2_0.03_abundance_0.05,T17873A;T17970G,ORF1b:F1469Y;ORF1b:D1501E,47,1790,0.0262569832402234,0,
2052026,BA.2_0.03_abundance_0.05,G18149C;A18163G,ORF1b:G1561A;ORF1b:I1566V,15,402,0.0373134328358208,3,XBB.1:2;BA.2:1
2052026,BA.2_0.03_abundance_0.05,A20662C;C20710A;A20795G,ORF1b:S2399R;ORF1b:Q2415K;ORF1b:K2443R,70,1791,0.0390843104410943,0,
2052026,BA.2_0.03_abundance_0.05,A20662C;C20710A,ORF1b:S2399R;ORF1b:Q2415K,48,1922,0.0249739854318418,0,
2052026,BA.2_0.03_abundance_0.05,C20710A;A20795G,ORF1b:Q2415K;ORF1b:K2443R,688,1791,0.384142936906756,0,
2052026,BA.2_0.03_abundance_0.05,G22578A;C22674T;T22679C;C22686T;A22688G;T22693G;G22775A;A22786C;G22813T,S:G339D;S:S371F;S:S373P;S:S375F;S:T376A;S:F377L;S:D405N;S:R408S;S:K417N,24,96,0.25,0,
2052026,BA.2_0.03_abundance_0.05,G22992A;C22995A;C22998G;A23013C;A23040G;A23055G;A23063T;T23075C,S:S477N;S:T478K;S:P479R;S:E484A;S:Q493R;S:Q498R;S:N501Y;S:Y505H,186,519,0.3583815028901734,3,BA.1.1:1;BA.2:1;BA.2.38:1
2052026,BA.2_0.03_abundance_0.05,G22992A;C22995A;A23013C;T23026A;A23040G;A23055G;A23063T;T23075C,S:S477N;S:T478K;S:E484A;S:C488*;S:Q493R;S:Q498R;S:N501Y;S:Y505H,12,519,0.0231213872832369,0,
2052026,BA.2_0.03_abundance_0.05,G22992A;C22995A;C22998G;A23013C;T23026A;A23040G;A23055G;A23063T;T23075C,S:S477N;S:T478K;S:P479R;S:E484A;S:C488*;S:Q493R;S:Q498R;S:N501Y;S:Y505H,15,519,0.0289017341040462,0,
2052026,BA.2_0.03_abundance_0.05,G22992A;C22995A;C22998G;A23013C;A23040G,S:S477N;S:T478K;S:P479R;S:E484A;S:Q493R,12,553,0.0216998191681736,3,BA.1.1:1;BA.2:1;BA.2.38:1
2052026,BA.2_0.03_abundance_0.05,G22992A;C22995A;C22998G;A23013C;A23040G;A23055G;A23063T;T23075C;A23116T,S:S477N;S:T478K;S:P479R;S:E484A;S:Q493R;S:Q498R;S:N501Y;S:Y505H;S:L518L,13,519,0.02504816955684,0,
2052026,BA.2_0.03_abundance_0.05,G22992A;C22995A;C22998G;A23013C;A23040G;A23055G;A23063T;T23075C;C23099T,S:S477N;S:T478K;S:P479R;S:E484A;S:Q493R;S:Q498R;S:N501Y;S:Y505H;S:L513F,11,519,0.0211946050096339,0,
2052026,BA.2_0.03_abundance_0.05,G22992A;C22995A;A23013C;A23040G;A23055G;A23063T;T23075C;C23099T,S:S477N;S:T478K;S:E484A;S:Q493R;S:Q498R;S:N501Y;S:Y505H;S:L513F,16,519,0.0308285163776493,13,BA.2.7:1;BA.1:2;BA.2.12.1:1;BA.2:2;BA.1.1.2:2;BA.1.1:2;BA.2.23:1;BA.1.17.2:1;BA.1.15:1
2052026,BA.2_0.03_abundance_0.05,G22992A;C22995A;A23013C;A23040G;A23055G;A23063T;T23075C;A23116T,S:S477N;S:T478K;S:E484A;S:Q493R;S:Q498R;S:N501Y;S:Y505H;S:L518L,7,519,0.0134874759152215,14,BA.2:6;BA.1.14:1;BA.1.1:3;BA.1:4
2052026,BA.2_0.03_abundance_0.05,A23403G;T23407A,S:D614G;S:V615V,921,1652,0.5575060532687651,113,BA.1.1:2;AY.4:109;BA.1:1;BA.5.2:1
2052026,BA.2_0.03_abundance_0.05,C23525T;G23580A;T23599G;C23604A,S:H655Y;S:S673N;S:N679K;S:P681H,81,640,0.1265625,11,BA.1.18:1;BF.28:1;BA.2:4;BA.1.1.18:5
2052026,BA.2_0.03_abundance_0.05,G24216T;G24415C;A24424T,S:G885V;S:V951V;S:Q954H,9,193,0.0466321243523316,0,
2052026,BA.2_0.03_abundance_0.05,A24253T;G24415C,S:P897P;S:V951V,5,258,0.0193798449612403,0,
2052026,BA.2_0.03_abundance_0.05,A24253T;A24424T,S:P897P;S:Q954H,15,193,0.077720207253886,113,BA.1.15:12;BA.2:32;BA.1.1:19;BA.1:2;BA.2.3:7;BQ.1.1.8:1;BA.5.2:12;BA.5.1.24:1;BF.7.5:1;BA.5.2.1:6;BA.1.1.15:1;BA.2.6:5;BA.2.12.1:1;BA.4.1.1:1;BA.5.2.28:2;BA.2.7:1;BA.5.1:2;BE.1.1:1;BA.1.18:1;BA.1.1.9:1;BQ.1.18:1;BA.1.17.2:1;BQ.1.12:1;BA.5:1
2052026,BA.2_0.03_abundance_0.05,A24253T;G24415C;A24424T,S:P897P;S:V951V;S:Q954H,8,193,0.0414507772020725,0,
2052026,BA.2_0.03_abundance_0.05,G24415C;A24424T,S:V951V;S:Q954H,68,193,0.3523316062176165,18,BA.2.75:11;BA.5.1:4;BA.1.15:1;BA.5.2:2
2052026,BA.2_0.03_abundance_0.05,A24820T;C25000T,S:K1086N;S:D1146D,22,1071,0.0205415499533146,282,BA.5.2:276;BA.5.2.12:1;BE.1.1:1;BA.4:1;BA.2:1;CM.5:1;BF.7.4:1
2052026,BA.2_0.03_abundance_0.05,T24850A;C25000T,S:V1096V;S:D1146D,49,1071,0.0457516339869281,12,BE.1.1:2;BA.5.2.1:2;BA.4.6:3;BA.1.17.2:1;BA.2.12.1:1;BA.1.1:3
2052026,BA.2_0.03_abundance_0.05,A25369G;C25584T,S:K1269K;ORF3a:T64T,835,1557,0.5362877328195247,188,BA.1.1.2:3;BA.1.1.18:2;BA.2.75:1;BA.5.2:21;BA.2.3:31;BA.5.1:5;BA.2.9.5:5;BA.1.1:31;BA.2.29:14;BA.1:4;BA.2.12.1:3;BA.5.2.34:1;BF.16:1;BA.5.1.22:20;BQ.1.2:2;BA.5.3.3:1;BA.2:30;BA.1.15:2;BA.2.9:2;BA.5.2.22:1;BA.1.20:1;BA.1.17.2:2;BA.5.2.1:4;BA.2.10:1
2052026,BA.2_0.03_abundance_0.05,A25369G;C25584T;T25597A,S:K1269K;ORF3a:T64T;ORF3a:W69R,263,1555,0.1691318327974276,0,
2052026,BA.2_0.03_abundance_0.05,C25584T;T25597A,ORF3a:T64T;ORF3a:W69R,110,1555,0.0707395498392283,10,BA.1.17:3;BA.5.5:1;BA.2:1;BA.1.1:1;BF.22:1;BE.1:1;BA.5.2.6:1;BA.5.2:1
2052026,BA.2_0.03_abundance_0.05,C26270T;G26350A,E:T9I;E:A36T,46,68,0.6764705882352942,29,BA.5.1.22:3;BA.4.6.5:1;BA.5.2.1:1;BA.2:5;BA.5.2:3;BA.2.3:1;BA.2.9:2;BA.5.5:1;BA.1.15:2;BA.1.1:2;BA.1:2;BA.1.1.1:1;BA.2.37:3;BQ.1.1:1;BA.5.1:1
2052026,BA.2_0.03_abundance_0.05,C26577G;A26627T;G26709A,M:Q19E;M:L35L;M:A63T,29,2089,0.0138822403063666,24,BF.1:8;BA.2.76:1;BA.2.38:1;BA.2:2;BA.5.9:1;BA.1.1:3;BA.2.12.1:1;BA.1.1.1:1;BA.5.1:1;BA.4.1:1;BA.4.2:1;BA.1:1;BA.5.2:1;BK.1:1
2052026,BA.2_0.03_abundance_0.05,C26577G;A26627T;G26709A;C26858T,M:Q19E;M:L35L;M:A63T;M:F112F,192,1847,0.1039523551705468,7,BA.4.1:1;BA.4.2:1;BK.1:1;BA.2.76:1;BA.2.38:1;BA.2:1;BA.2.12.1:1
2052026,BA.2_0.03_abundance_0.05,G27204T;A27259C;G27382C;A27383T;T27384C,ORF6:MX;ORF6:R20R;ORF6:D61H;ORF6:D61V;ORF6:D61D,331,1146,0.2888307155322862,229,BA.2.10:8;BA.2.9.5:2;BA.2.3:13;BA.2:127;BA.2.3.11:18;BA.2.12.1:19;BA.2.19:1;BA.2.3.13:2;BA.4.1:7;BA.2.9:6;BA.2.10.1:2;BA.2.37:1;BA.2.65:1;BA.2.18:1;BA.2.3.17:1;BA.2.29:6;BA.2.36:2;BA.2.38:1;BA.2.75:2;BA.4.6:1;BA.2.3.1:2;BA.2.64:1;BA.2.3.12:1;BL.1:1;BA.2.39:1;BA.2.2:1;BA.2.52:1
2052026,BA.2_0.03_abundance_0.05,G27204T;A27259C,ORF6:MX;ORF6:R20R,32,1238,0.0258481421647819,324,BA.2.10:8;BA.1.13.1:1;BA.2.9.5:2;BA.1:11;BA.2.3:13;BA.2:134;BA.2.3.11:18;BA.1.1:38;BA.2.12.1:19;BA.1.17.2:5;BA.2.19:1;BA.2.3.13:2;BA.4.1:7;BA.2.9:6;BA.2.10.1:2;BA.2.37:1;BA.1.1.2:1;BA.2.65:1;BA.2.18:1;BA.1.21:1;BA.1.20:13;BA.2.3.17:1;BA.2.29:6;BA.2.36:2;BA.1.1.18:1;BA.2.38:1;BA.1.8:2;BA.2.75:2;BA.1.17:2;BA.4.6:1;BA.1.14:1;BA.1.15:4;BA.1.1.15:1;BA.1.18:4;BA.1.15.1:2;BA.2.3.1:2;BA.2.64:1;BA.2.3.12:1;BL.1:1;BC.1:1;BA.2.39:1;BA.2.2:1;BA.2.52:1
2052026,BA.2_0.03_abundance_0.05,T27792A;C27807T,ORF7b:F13I;ORF7b:L18L,12,140,0.0857142857142857,31,BA.4.1:1;BA.2:19;BA.2.23:1;BA.2.65:2;BA.1.1.2:2;BA.1.1.18:1;BA.4.1.8:3;BA.2.12.1:1;BA.1.17.2:1
2052026,BA.2_0.03_abundance_0.05,C28194A;C28311T,ORF8:R101S;N:P13L,113,2266,0.0498676081200353,21,BE.1.1:1;BA.5.2:2;BA.5.1.1:7;BA.1.1:8;BA.5.2.1:1;BA.2:1;BA.1:1
2052026,BA.2_0.03_abundance_0.05,A29510C;G29587C,N:S413R;ORF10:P10P,60,1481,0.0405131667792032,1,BA.2.10:1
2052026,BA.2_0.03_abundance_0.05,A29510C;A29617C,N:S413R;ORF10:R20S,510,1480,0.3445945945945945,8,BA.2:2;BA.2.12.1:4;BE.1:1;BA.4.1.1:1
2052026,BA.2_0.03_abundance_0.05,A29510C;G29587C;A29617C,N:S413R;ORF10:P10P;ORF10:R20S,26,1480,0.0175675675675675,0,
2122026,BA.2_0.03_abundance_0.05,G393C;A460C;T670G,ORF1a:R43P;ORF1a:E65D;ORF1a:S135R,388,2309,0.1680381117366825,0,
2122026,BA.2_0.03_abundance_0.05,G393C;A460C,ORF1a:R43P;ORF1a:E65D,64,2581,0.0247965904688105,0,
2122026,BA.2_0.03_abundance_0.05,G393C;T670G,ORF1a:R43P;ORF1a:S135R,303,2309,0.1312256388046773,1,BA.2:1
2122026,BA.2_0.03_abundance_0.05,G393C;C452A;A460C;T670G,ORF1a:R43P;ORF1a:Q63K;ORF1a:E65D;ORF1a:S135R,228,2309,0.0987440450411433,0,
2122026,BA.2_0.03_abundance_0.05,G393C;G596C;T670G,ORF1a:R43P;ORF1a:V111L;ORF1a:S135R,39,2309,0.0168904287570376,0,
2122026,BA.2_0.03_abundance_0.05,G393C;C452A;T670G,ORF1a:R43P;ORF1a:Q63K;ORF1a:S135R,182,2309,0.0788220008661758,0,
2122026,BA.2_0.03_abundance_0.05,G393C;A460C;G596C;T670G,ORF1a:R43P;ORF1a:E65D;ORF1a:V111L;ORF1a:S135R,63,2309,0.0272845387613685,0,
2122026,BA.2_0.03_abundance_0.05,G393C;C452A;G596C;T670G,ORF1a:R43P;ORF1a:Q63K;ORF1a:V111L;ORF1a:S135R,28,2309,0.0121264616717193,0,
2122026,BA.2_0.03_abundance_0.05,G393C;C452A;A460C;G596C;T670G,ORF1a:R43P;ORF1a:Q63K;ORF1a:E65D;ORF1a:V111L;ORF1a:S135R,27,2309,0.0116933737548722,0,
2122026,BA.2_0.03_abundance_0.05,C452A;A460C;T670G,ORF1a:Q63K;ORF1a:E65D;ORF1a:S135R,162,2309,0.0701602425292334,0,
2122026,BA.2_0.03_abundance_0.05,C452A;T670G,ORF1a:Q63K;ORF1a:S135R,140,2309,0.0606323083585967,11,BA.5.2.1:1;BE.2:1;BA.2.3:1;BA.2:1;BF.28:1;BA.2.10:1;BA.2.12.1:2;BA.2.9:1;BF.7.5:1;BA.5.1:1
2122026,BA.2_0.03_abundance_0.05,C452A;A460C,ORF1a:Q63K;ORF1a:E65D,33,2581,0.0127857419604804,0,
2122026,BA.2_0.03_abundance_0.05,C452A;G596C;T670G,ORF1a:Q63K;ORF1a:V111L;ORF1a:S135R,24,2309,0.0103941100043308,0,
2122026,BA.2_0.03_abundance_0.05,A460C;T670G,ORF1a:E65D;ORF1a:S135R,306,2309,0.1325249025552187,3,BA.5.1:1;BA.2:2
2122026,BA.2_0.03_abundance_0.05,A460C;G596C;T670G,ORF1a:E65D;ORF1a:V111L;ORF1a:S135R,33,2309,0.0142919012559549,0,
2122026,BA.2_0.03_abundance_0.05,G596C;T670G,ORF1a:V111L;ORF1a:S135R,32,2310,0.0138528138528138,4,BA.5.2.20:1;BA.5.2:1;BA.5.6:1;BA.2.9:1
2122026,BA.2_0.03_abundance_0.05,T2663C;G2686T;T2703C,ORF1a:C800R;ORF1a:M807I;ORF1a:F813S,6,271,0.022140221402214,0,
2122026,BA.2_0.03_abundance_0.05,A7755G;C7920A,ORF1a:K2497R;ORF1a:S2552*,179,1563,0.1145233525271913,0,
2122026,BA.2_0.03_abundance_0.05,A7755G;A7906C,ORF1a:K2497R;ORF1a:S2547S,26,1563,0.0166346769033909,0,
2122026,BA.2_0.03_abundance_0.05,A7906C;C7920A,ORF1a:S2547S;ORF1a:S2552*,22,1563,0.0140754958413307,0,
2122026,BA.2_0.03_abundance_0.05,A8638T;T8749C;T8826A,ORF1a:T2791T;ORF1a:A2828A;ORF1a:I2854N,12,668,0.0179640718562874,0,
2122026,BA.2_0.03_abundance_0.05,A8638T;T8749C,ORF1a:T2791T;ORF1a:A2828A,112,668,0.1676646706586826,0,
2122026,BA.2_0.03_abundance_0.05,A8638T;T8826A,ORF1a:T2791T;ORF1a:I2854N,10,668,0.0149700598802395,0,
2122026,BA.2_0.03_abundance_0.05,T8749C;T8826A,ORF1a:A2828A;ORF1a:I2854N,19,691,0.0274963820549927,0,
2122026,BA.2_0.03_abundance_0.05,T8978G;G8999A;G9014C;G9035C;G9063C;G9083C,ORF1a:Y2905D;ORF1a:A2912T;ORF1a:A2917P;ORF1a:D2924H;ORF1a:C2933S;ORF1a:E2940Q,14,547,0.0255941499085923,0,
2122026,BA.2_0.03_abundance_0.05,C9534T;A9673T,ORF1a:T3090I;ORF1a:V3136V,944,2980,0.3167785234899329,0,
2122026,BA.2_0.03_abundance_0.05,C10029T;A9879G;A9949T,ORF1a:T3255I;ORF1a:N3205S;ORF1a:E3228D,6,19,0.3157894736842105,0,
2122026,BA.2_0.03_abundance_0.05,C10029T;A9949T,ORF1a:T3255I;ORF1a:E3228D,6,19,0.3157894736842105,2,BQ.1.1.22:1;AY.4:1
2122026,BA.2_0.03_abundance_0.05,G11800A;A11822C,ORF1a:L3845L;ORF1a:I3853L,5,268,0.0186567164179104,0,
2122026,BA.2_0.03_abundance_0.05,A11822C;T11843G,ORF1a:I3853L;ORF1a:S3860A,5,268,0.0186567164179104,1,B.1.1.7:1
2122026,BA.2_0.03_abundance_0.05,C12880T;G12988A,ORF1a:I4205I;ORF1a:M4241I,125,1771,0.0705815923207227,16,BA.5.1.1:2;CH.1.1:2;BA.2.9:1;BA.5.2.1:2;BF.7.4.1:1;BA.5.1:2;BA.2.12.1:1;BA.2:3;BA.5.6:1;BA.5.2:1
2122026,BA.2_0.03_abundance_0.05,T13273A;T13292A,ORF1a:H4336Q;ORF1a:C4343S,33,1543,0.0213869086195722,0,
2122026,BA.2_0.03_abundance_0.05,C14408T;C14520T,ORF1b:P314L;ORF1b:N351N,123,544,0.2261029411764706,2708,AY.101:1;AY.4:795;BA.5.6:438;B.1.177.51:1;BA.5.2.6:2;BA.2.9:8;BA.5.5:3;AY.44:24;B.1.1.7:69;B.1.160:7;BA.2:216;AY.122:95;BA.2.3.1:51;BA.1.1.11:1;AY.43:4;BA.1:337;BA.5.3.1:2;C.36.3:2;BQ.1:25;B.1.240:1;B.1.258.17:1;AY.39:4;B.1.617.2:15;AY.29:6;AY.4.9:2;BA.1.1:85;AY.103:20;BA.1.15:9;BA.5.2.24:1;BA.2.3.13:12;AY.112:1;B.1.526:9;BA.5:22;AY.4.5:14;BL.1:2;BA.1.17.2:10;BA.4.1:92;B.1.351:3;BQ.1.12:1;AY.127:1;BA.5.3.2:1;BA.2.3:2;BA.2.75:11;BA.2.10:6;AY.46.6:1;BF.10:1;BA.1.18:7;BF.21:1;B.1.1.25:4;B.1.36:5;BA.2.12:6;B.1.1.519:3;BA.2.38:6;AY.113:1;AY.3:8;BA.2.12.1:10;BA.2.18:2;BA.2.36:2;B.1.241:3;BA.5.2.9:2;AY.120:2;XBB.1:1;BA.1.17:1;AY.4.2:1;BA.4:2;BA.1.14.1:1;BE.1:1;AY.6:10;BA.5.1.3:7;BF.7:1;B.1.1.529:3;B.1.416:1;BA.1.1.16:1;BA.5.2:35;B.1.565:1;B.1.2:13;AY.119.2:2;AY.122.1:1;AY.34.1:1;B.1:19;AY.36.1:1;BA.5.1.1:3;AY.25:10;BA.5.1:13;BQ.1.1.20:1;AY.46:1;C.37:1;B.1.177:1;C.32:1;AY.69:1;BA.5.2.13:1;BA.4.6:3;AY.4.2.1:3;B.1.1.153:2;AY.119:1;BA.1.1.18:13;AY.98:1;P.1:12;AY.85:1;B.1.427:2;B.1.1.301:1;BA.5.2.1:4;AY.87:1;B.1.36.36:1;AY.45:2;B.1.524:4;BF.5:2;B.1.289:1;AY.118:1;BA.1.1.2:1;B.1.1.318:1;AY.9.2:1;BA.2.3.18:1;C.36:1;AY.43.4:2;AY.26:1;AY.99.2:2;BF.1:2;AY.1:1;BA.5.1.10:1;BA.1.15.1:3;AY.20:1;BA.5.2.3:1;BA.1.20:1;B.1.1:2;P.1.7.1:1;AY.25.1:2;B.1.409:2;BA.5.2.44:1;BA.2.75.1:1;BA.1.1.1:2;BA.5.1.25:1;BA.2.13:1;B.1.1.434:1;B.1.1.214:4;P.1.2:1;BQ.1.1.22:2
2122026,BA.2_0.03_abundance_0.05,C14408T;C14423A,ORF1b:P314L;ORF1b:P319Q,85,594,0.143097643097643,11,AY.4.2:3;BF.5:3;B.1:1;AY.44:1;BA.1.16:1;AY.39.1.2:2
2122026,BA.2_0.03_abundance_0.05,C14408T;C14423A;C14520T,ORF1b:P314L;ORF1b:P319Q;ORF1b:N351N,32,544,0.0588235294117647,0,
2122026,BA.2_0.03_abundance_0.05,T15682A;C15714T,ORF1b:Y739N;ORF1b:L749L,295,3978,0.0741578682755153,3,BA.1.10:1;BA.5.6:1;BA.5.2.1:1
2122026,BA.2_0.03_abundance_0.05,C16234T;C16247G;T16287C;A16318C;A16341C;T16366A,ORF1b:Q923*;ORF1b:A927G;ORF1b:G940G;ORF1b:K951Q;ORF1b:I958I;ORF1b:S967T,7,170,0.0411764705882352,0,
2122026,BA.2_0.03_abundance_0.05,C18463A;A18556C,ORF1b:P1666T;ORF1b:T1697P,16,85,0.188235294117647,0,
2122026,BA.2_0.03_abundance_0.05,A18682T;G18791C,ORF1b:T1739S;ORF1b:G1775A,139,1800,0.0772222222222222,0,
2122026,BA.2_0.03_abundance_0.05,T21688A;G21987A,S:V42V;S:G142D,17,83,0.2048192771084337,13,AY.4:2;BA.2:2;BA.4.6:1;AY.43:2;AY.39:1;AY.26:2;BN.1.3:1;B.1.617.2:1;BA.2.75:1
2122026,BA.2_0.03_abundance_0.05,T21688A;C21843T;G21987A,S:V42V;S:S94F;S:G142D,6,83,0.072289156626506,0,
2122026,BA.2_0.03_abundance_0.05,C21843T;G21987A,S:S94F;S:G142D,138,681,0.2026431718061674,244,BF.1:1;BA.5:64;AY.5:15;AY.100:2;AY.25:8;AY.3:10;AY.46.6:4;AY.122:13;BA.5.2:32;AY.118:1;BF.5:3;BA.5.1.23:1;B.1.1.7:1;BA.5.3.1:1;BA.5.6:1;BA.5.1:20;BA.5.2.1:11;AY.4.2.2:1;BF.28:1;BA.2:6;B.1.617.1:1;AY.98.1:10;B.1.617.2:3;AY.34:1;AY.25.1:1;AY.33:1;BA.4.1:1;BQ.1.1.18:2;AY.4:1;BA.5.1.12:2;AY.9:1;BA.1:1;BF.14:1;AY.43:2;AY.99.2:1;AY.119:1;AY.103:6;AY.125:1;BA.2.12.1:2;AY.107:1;BE.1.1.2:1;AY.27:2;AY.39.1:3;BA.5.5:1;AY.122.5:1
2122026,BA.2_0.03_abundance_0.05,A21866C;G21987A,S:R102R;S:G142D,35,681,0.0513950073421439,83,AY.127:49;AY.25.1:15;AY.120.1:1;B.1.617.2:4;AY.122:3;AY.4:3;BA.2:3;AY.44:1;AY.4.5:1;BA.5.2:2;AY.4.2:1
2122026,BA.2_0.03_abundance_0.05,A23232G;A23403G,S:K557R;S:D614G,60,1434,0.0418410041841004,12,BA.1.17.2:1;B.1.160:1;BF.7.11:1;BA.5.2.1:5;AY.3:1;BA.5.2:1;BA.5.1.10:1;BH.1:1
2122026,BA.2_0.03_abundance_0.05,T23281C;A23372G;A23403G,S:T573T;S:T604A;S:D614G,19,1434,0.0132496513249651,0,
2122026,BA.2_0.03_abundance_0.05,A23372G;A23403G,S:T604A;S:D614G,89,1434,0.0620641562064156,366,B.1.1.519:260;BA.2.75:12;AY.103:18;BQ.1:1;BA.5.5:4;BA.1.15:4;B.1.617.2:12;BE.1:6;BA.1.1:5;BC.1:1;AY.119:2;BM.2:2;AY.119.1:2;BF.5:1;AY.26:1;B.1.2:1;B.1.1.7:5;BA.5.2.1:1;BA.2.75.5:2;B.1.36.31:3;BA.4:1;BA.5.2:3;AY.4:1;AY.44:1;AY.25.1:1;AY.75:1;AY.43:3;AY.122:1;BA.5.2.16:1;BA.1:1;AY.4.2.2:2;BA.1.17.2:1;B.1.466.2:1;AY.102:1;B.1.1:1;B.1.470:1;AY.4.2:1;BA.1.1.7:1
2122026,BA.2_0.03_abundance_0.05,G23562T;T23599G;C23604A,S:G667V;S:N679K;S:P681H,16,115,0.1391304347826087,6,BA.5.2:1;BA.5.2.1:3;BA.1.20:1;BA.1:1
2122026,BA.2_0.03_abundance_0.05,C23816T;C23854A;G23948T,S:L752F;S:N764K;S:D796Y,9,114,0.0789473684210526,1287,BE.3:4;BA.5.1.6:38;BE.1.1.1:1;BA.5.6:15;BA.5:27;BA.5.5:21;BA.5.2.18:4;BA.2:181;BA.5.1.30:3;BA.2.10:5;BA.5.1.19:2;BA.5.2.1:118;BA.5.2.3:2;BA.5.2.27:4;BA.2.9:18;BF.28:3;BA.5.2:207;BA.5.6.1:2;CL.1:6;BA.1.1:8;BE.1:10;BF.1:3;BQ.1.5:6;BA.2.33:2;XBB.1:7;BA.4.1:15;BA.2.77:2;BA.5.1:173;BQ.1.1:26;BF.12:1;BF.5:77;BQ.1.1.5:2;BF.26:4;BA.5.2.6:3;BA.2.76:1;BA.2.75:15;BA.2.12.1:25;BA.5.2.8:5;BA.5.2.9:6;BF.7:42;BA.5.1.23:8;BQ.1.10:1;BA.5.1.3:2;BA.2.44:1;BE.1.1:11;BA.1.15.1:1;XBB.1.5:1;BA.2.9.5:2;BA.5.1.1:2;BA.2.75.2:1;XAZ:1;BA.2.3.11:4;BA.2.10.2:19;BA.5.2.21:6;BA.2.18:2;CH.1.1:2;BA.5.1.22:5;BA.2.74:2;BA.2.22:1;BA.4.6:6;BF.14:2;BA.2.3:4;BA.5.2.26:2;BA.5.1.25:1;BA.5.2.19:1;BA.2.31:1;BA.1:4;BA.5.1.2:5;BA.5.1.10:2;BA.5.3.4:1;BA.5.1.21:1;BF.10:1;BA.4:5;XBB:1;BA.2.72:2;BF.7.6:1;BF.27:8;BQ.1.4:2;BA.2.1:2;BA.1.17.2:1;BA.5.2.28:1;BA.1.17:2;BE.1.1.2:2;BQ.1:8;B.1.1.529:1;BF.7.5:1;BA.1.15:2;BA.5.1.8:1;BA.2.3.10:1;BA.5.2.20:4;BA.5.1.15:1;BA.5.1.18:1;XE:1;BN.1.5:1;BA.5.2.44:1;BE.5:2;BA.2.56:2;BH.1:1;BA.4.1.1:1;BG.5:2;BF.11:1;BA.4.2:1;BA.5.1.5:3;CP.5:1;BA.5.1.24:1;BF.11.5:9;BA.2.65:1;BA.5.5.1:1;BA.2.23:1;BA.2.8:2;DJ.1.1:1;BA.2.45:1;BA.5.1.12:1;DA.1:1;BA.5.2.2:2;BA.4.4:4;BA.5.3.1:1
2122026,BA.2_0.03_abundance_0.05,A23826G;T23830A;C23854A;G23948T,S:Q755R;S:Y756*;S:N764K;S:D796Y,51,532,0.0958646616541353,0,
2122026,BA.2_0.03_abundance_0.05,A23826G;C23854A;G23948T,S:Q755R;S:N764K;S:D796Y,150,532,0.2819548872180451,17,BA.2:6;BF.7:6;BA.5.2:3;BA.5.1:1;BA.1.17:1
2122026,BA.2_0.03_abundance_0.05,T23830A;C23854A;G23948T,S:Y756*;S:N764K;S:D796Y,225,1096,0.2052919708029197,1,BA.1:1
2122026,BA.2_0.03_abundance_0.05,C23854A;G23948T;C24042G,S:N764K;S:D796Y;S:T827R,25,1239,0.0201775625504439,2,BA.2.75:1;BA.2.75.2:1
2122026,BA.2_0.03_abundance_0.05,G24800T;C25000T,S:A1080S;S:D1146D,44,1425,0.0308771929824561,30,BA.1.1:3;BF.14:2;BA.5.5:8;BA.5.2:2;BA.5.2.1:2;BA.5:1;BE.3:4;BF.4:1;BA.4:1;BA.2:3;BA.5.1:1;BA.1.1.1:1;XAZ:1
2122026,BA.2_0.03_abundance_0.05,T24827C;C25000T,S:F1089L;S:D1146D,300,1425,0.2105263157894736,3,BA.2.74:1;BN.1.3:1;BA.2:1
2122026,BA.2_0.03_abundance_0.05,C25463A;G25538A;C25584T,ORF3a:T24N;ORF3a:G49D;ORF3a:T64T,187,2219,0.0842721946822893,0,
2122026,BA.2_0.03_abundance_0.05,C25463A;C25584T,ORF3a:T24N;ORF3a:T64T,639,2219,0.28796755295178,70,BA.2.18:3;BA.1.1:14;BA.2.10:3;BA.2.12.1:2;BA.2.9:5;BA.2:9;BA.1.17.2:13;BA.1.1.15:1;BA.5.1:8;BA.5.2.1:4;BQ.1.1:2;BA.5.9:1;BA.5.2.20:1;BF.10:2;BA.1.17:1;BE.1:1
2122026,BA.2_0.03_abundance_0.05,G25538A;C25584T,ORF3a:G49D;ORF3a:T64T,356,2219,0.1604326273095989,1001,BA.1.13.1:1;BA.2.65:9;BA.1.17:2;BA.5.5:4;BA.1:19;BA.2:807;BA.5.2.9:1;BQ.1:1;BA.1.1:92;BA.1.1.1:8;BA.2.9:2;BA.5.1:2;BA.5:1;BA.2.37:3;BA.1.15:5;BA.2.54:1;BQ.1.1.3:1;BA.2.75:1;BA.5.2.1:3;BA.5.2:10;BA.2.12.1:6;BA.5.1.23:2;BQ.1.1.5:1;BA.2.7:2;BA.1.17.2:4;BA.1.1.18:3;BA.5.1.22:1;BA.1.18:1;BA.1.1.12:1;BA.1.20:2;XBB.3:3;BA.4.1:1;BA.2.1:1
2122026,BA.2_0.03_abundance_0.05,A25826T;C25840G,ORF3a:Y145F;ORF3a:H150D,17,97,0.1752577319587628,0,
2122026,BA.2_0.03_abundance_0.05,G25993A;C26270T,ORF3a:V201I;E:T9I,14,322,0.0434782608695652,108,BA.1.13.1:1;BA.5.6:7;BA.2.3:1;BA.1.15:2;BA.2.12:1;BE.1.1:6;BA.5.1.9:2;BA.2.9:4;BA.2.44:1;XBB.1:1;BA.1.1.6:3;BA.2.35:2;BA.1.1.18:1;BA.2.38:1;BA.2:35;BA.4.1.9:1;BA.4.6:1;BA.5.2:2;BA.5.2.1:15;BA.5.3.1:3;BA.5.1:6;BE.1.1.1:1;BQ.1.1.3:1;XBB:1;BA.1.1:3;BF.10:1;BA.5.3.5:1;BQ.1.2:2;BA.1.1.1:1;BA.2.12.1:1
2122026,BA.2_0.03_abundance_0.05,C26577G;G26709A;T26813A;C26858T,M:Q19E;M:A63T;M:I97I;M:F112F,142,3219,0.0441130785958372,13,BA.2.9.5:1;BA.2:4;BA.2.12.1:4;BA.2.9:3;BA.4:1
2122026,BA.2_0.03_abundance_0.05,T29448C;A29510C,N:V392A;N:S413R,46,704,0.065340909090909,30,BA.5.5:1;BA.2:11;BA.2.3:1;BA.2.1:1;BA.5.2:4;BA.2.40.1:1;XM:2;BA.5.2.1:1;BA.2.31:3;BA.5.1.23:1;BA.4:1;BA.2.10:1;BA.2.18:1;BQ.1.11:1
2192026,BA.2_0.03_abundance_0.05,A496T;T670G,ORF1a:R77R;ORF1a:S135R,1122,2579,0.4350523458704924,25,BA.5:1;BA.2:24
2192026,BA.2_0.03_abundance_0.05,T670G;A846C,ORF1a:S135R;ORF1a:D194A,100,126,0.7936507936507936,15,BA.2:2;BA.5.1:2;BF.7.5.1:2;BA.4.1:1;BF.18:1;BF.21:1;BA.5.2:1;BA.2.3:1;BA.4:1;BF.7:1;BA.2.75:1;BA.2.35:1
2192026,BA.2_0.03_abundance_0.05,T1641A;C1710A,ORF1a:V459D;ORF1a:A482D,280,2647,0.1057801284472988,0,
2192026,BA.2_0.03_abundance_0.05,T2963A;C2976G;A2994T;A3003G;C3037T;T3055A;A3063T,ORF1a:W900R;ORF1a:T904R;ORF1a:E910V;ORF1a:E913G;ORF1a:F924F;ORF1a:D930E;ORF1a:E933V,8,348,0.0229885057471264,0,
2192026,BA.2_0.03_abundance_0.05,A3235G;C3315G;G3323C;A3327T;A3332T;G3371A;G3392A;A3396G;A3408C;T3432A;A3461G;T3477G,ORF1a:Q990Q;ORF1a:T1017R;ORF1a:V1020L;ORF1a:Q1021L;ORF1a:I1023F;ORF1a:D1036N;ORF1a:A1043T;ORF1a:D1044G;ORF1a:E1048A;ORF1a:V1056E;ORF1a:K1066E;ORF1a:V1071G,39,1348,0.0289317507418397,0,
2192026,BA.2_0.03_abundance_0.05,T3877G;A3887C;A3904C;T3968G;A3988C;A4015C;A4044G,ORF1a:A1204A;ORF1a:K1208Q;ORF1a:P1213P;ORF1a:C1235G;ORF1a:T1241T;ORF1a:T1250T;ORF1a:N1260S,13,951,0.0136698212407991,0,
2192026,BA.2_0.03_abundance_0.05,A3988C;A4110C,ORF1a:T1241T;ORF1a:D1282A,96,884,0.1085972850678733,0,
2192026,BA.2_0.03_abundance_0.05,C4449A;T4615G,ORF1a:T1395N;ORF1a:L1450L,11,903,0.0121816168327796,0,
2192026,BA.2_0.03_abundance_0.05,G4678C;T4693G;C4716T;A4731T;T4738A;T4771G,ORF1a:V1471V;ORF1a:S1476S;ORF1a:T1484I;ORF1a:Y1489F;ORF1a:T1491T;ORF1a:I1502M,15,645,0.0232558139534883,0,
2192026,BA.2_0.03_abundance_0.05,A5026G;C5115G;T5127A,ORF1a:S1587S;ORF1a:T1617R;ORF1a:L1621*,12,471,0.0254777070063694,0,
2192026,BA.2_0.03_abundance_0.05,C6286A;A6332T;G6359A;C6363G;A6375C;A6400G;G6413A,ORF1a:T2007T;ORF1a:N2023Y;ORF1a:D2032N;ORF1a:A2033G;ORF1a:D2037A;ORF1a:K2045K;ORF1a:E2050K,5,204,0.0245098039215686,0,
2192026,BA.2_0.03_abundance_0.05,G6359A;C6363G,ORF1a:D2032N;ORF1a:A2033G,17,215,0.0790697674418604,0,
2192026,BA.2_0.03_abundance_0.05,G8018T;A8020T;T8038C;A8087T;T8119C;A8122T;A8159C;G8183T;A8211G,ORF1a:E2585*;ORF1a:E2585D;ORF1a:F2591F;ORF1a:K2608*;ORF1a:A2618A;ORF1a:E2619D;ORF1a:T2632P;ORF1a:G2640W;ORF1a:K2649R,43,2164,0.0198706099815157,0,
2192026,BA.2_0.03_abundance_0.05,C8025A;C8061T,ORF1a:A2587E;ORF1a:S2599L,31,2292,0.0135253054101221,0,
2192026,BA.2_0.03_abundance_0.05,G8404C;T8431C;A8446C;A8474C;A8475G,ORF1a:W2713C;ORF1a:S2722S;ORF1a:K2727N;ORF1a:N2737H;ORF1a:N2737S,11,460,0.0239130434782608,0,
2192026,BA.2_0.03_abundance_0.05,G8952T;T8978G;G8999A;G9014C;G9035C;G9063C;G9083C,ORF1a:C2896F;ORF1a:Y2905D;ORF1a:A2912T;ORF1a:A2917P;ORF1a:D2924H;ORF1a:C2933S;ORF1a:E2940Q,17,1053,0.0161443494776828,0,
2192026,BA.2_0.03_abundance_0.05,A9243G;G9273C;G9311A;G9335C;C9344T;A9353G;C9365A;G9414T;T9415G;A9424G;T9429A;T9513A;C9534T;T9540C,ORF1a:E2993G;ORF1a:R3003T;ORF1a:G3016R;ORF1a:V3024L;ORF1a:L3027F;ORF1a:M3030V;ORF1a:L3034I;ORF1a:G3050V;ORF1a:G3050G;ORF1a:V3053V;ORF1a:I3055N;ORF1a:L3083*;ORF1a:T3090I;ORF1a:L3092P,6,385,0.0155844155844155,0,
2192026,BA.2_0.03_abundance_0.05,C9344T;A9424G;T9485G;C9534T,ORF1a:L3027F;ORF1a:V3053V;ORF1a:Y3074D;ORF1a:T3090I,51,776,0.065721649484536,1,BA.2:1
2192026,BA.2_0.03_abundance_0.05,T9513A;C9534T;T9540C;C9745A;A9760T;T9765A;G9770A,ORF1a:L3083*;ORF1a:T3090I;ORF1a:L3092P;ORF1a:Y3160*;ORF1a:V3165V;ORF1a:F3167Y;ORF1a:G3169S,16,580,0.0275862068965517,0,
2192026,BA.2_0.03_abundance_0.05,C9534T;T9540C;C9745A;A9760T;T9765A;G9770A,ORF1a:T3090I;ORF1a:L3092P;ORF1a:Y3160*;ORF1a:V3165V;ORF1a:F3167Y;ORF1a:G3169S,24,1535,0.0156351791530944,0,
2192026,BA.2_0.03_abundance_0.05,A10760G;A10767G;T10769G;A10781G;A10884T,ORF1a:K3499E;ORF1a:N3501S;ORF1a:Y3502D;ORF1a:T3506A;ORF1a:N3540I,11,489,0.0224948875255623,0,
2192026,BA.2_0.03_abundance_0.05,A11041T;C11060G;T11099C;T11137C;C11152T;T11180G;G11198T;C11208G;G11222A;A11237T,ORF1a:L3592F;ORF1a:Q3599E;ORF1a:L3612L;ORF1a:F3624F;ORF1a:V3629V;ORF1a:F3639V;ORF1a:A3645S;ORF1a:A3648G;ORF1a:V3653I;ORF1a:S3658C,9,411,0.0218978102189781,0,
2192026,BA.2_0.03_abundance_0.05,T11099C;A11144C,ORF1a:L3612L;ORF1a:M3627L,214,429,0.4988344988344988,0,
2192026,BA.2_0.03_abundance_0.05,T11099C;A11144C;T11278G,ORF1a:L3612L;ORF1a:M3627L;ORF1a:D3671E,45,401,0.112219451371571,0,
2192026,BA.2_0.03_abundance_0.05,A11144C;T11278G,ORF1a:M3627L;ORF1a:D3671E,14,401,0.0349127182044887,0,
2192026,BA.2_0.03_abundance_0.05,T11675G;C11685G;T11705C;T11725C,ORF1a:F3804V;ORF1a:T3807S;ORF1a:L3814L;ORF1a:F3820F,6,408,0.0147058823529411,0,
2192026,BA.2_0.03_abundance_0.05,C11681G;A11825T,ORF1a:L3806V;ORF1a:K3854*,97,378,0.2566137566137566,0,
2192026,BA.2_0.03_abundance_0.05,T11918G;C11967G;T12017C;G12019A;C12029T;C12084G;T12109C;G12131T;T12204C,ORF1a:S3885A;ORF1a:A3901G;ORF1a:L3918L;ORF1a:L3918L;ORF1a:Q3922*;ORF1a:T3940S;ORF1a:F3948F;ORF1a:A3956S;ORF1a:L3980S,41,1980,0.0207070707070707,0,
2192026,BA.2_0.03_abundance_0.05,T12204C;A12250G;A12272G;A12306C;A12307T;G12311A;A12337T;G12373C;T12375A,ORF1a:L3980S;ORF1a:A3995A;ORF1a:K4003E;ORF1a:K4014T;ORF1a:K4014N;ORF1a:A4016T;ORF1a:K4024N;ORF1a:M4036I;ORF1a:L4037H,23,825,0.0278787878787878,0,
2192026,BA.2_0.03_abundance_0.05,A12782C;A12800C;C12809A;C12830A;T12856G;T12874A;C12880T;A12898G;A12936C;A12951T;A12960C;A12977T;G12989A;C13047G;C13056G,ORF1a:N4173H;ORF1a:R4179R;ORF1a:L4182I;ORF1a:Q4189K;ORF1a:P4197P;ORF1a:G4203G;ORF1a:I4205I;ORF1a:P4211P;ORF1a:K4224T;ORF1a:Y4229F;ORF1a:K4232T;ORF1a:N4238Y;ORF1a:V4242I;ORF1a:P4261R;ORF1a:S4264*,20,796,0.0251256281407035,0,
2192026,BA.2_0.03_abundance_0.05,C12880T;T12946C,ORF1a:I4205I;ORF1a:Y4227Y,491,1730,0.2838150289017341,341,AY.54:33;BA.2:15;BA.2.9:115;AY.16:6;B.1.617.2:32;AY.14:113;BA.5.9:1;BF.4:1;AY.15:1;BA.4.7:2;BA.2.24:1;BF.28:2;BA.5.3.2:9;BA.2.65:1;AY.40:3;BA.5.2:1;BA.5.2.1:1;BA.5.1.10:1;AY.16.1:1;BA.5.1.1:1;BA.2.9.5:1
2192026,BA.2_0.03_abundance_0.05,C12880T;T12946C;T12979A,ORF1a:I4205I;ORF1a:Y4227Y;ORF1a:N4238K,120,1621,0.0740283775447254,0,
2192026,BA.2_0.03_abundance_0.05,C12880T;T12946C;T12979A;C13056G,ORF1a:I4205I;ORF1a:Y4227Y;ORF1a:N4238K;ORF1a:S4264*,71,799,0.0888610763454317,0,
2192026,BA.2_0.03_abundance_0.05,C12880T;C13056G,ORF1a:I4205I;ORF1a:S4264*,190,799,0.2377972465581977,0,
2192026,BA.2_0.03_abundance_0.05,C12880T;T12979A,ORF1a:I4205I;ORF1a:N4238K,96,1621,0.0592227020357803,0,
2192026,BA.2_0.03_abundance_0.05,C12880T;T12946C;C13056G,ORF1a:I4205I;ORF1a:Y4227Y;ORF1a:S4264*,212,799,0.2653316645807259,0,
2192026,BA.2_0.03_abundance_0.05,C12880T;T12979A;C13056G,ORF1a:I4205I;ORF1a:N4238K;ORF1a:S4264*,55,799,0.0688360450563204,0,
2192026,BA.2_0.03_abundance_0.05,C13047G;C13056G;C13130G;A13204C;T13227C;C13236T;T13241C,ORF1a:P4261R;ORF1a:S4264*;ORF1a:Q4289E;ORF1a:E4313D;ORF1a:F4321S;ORF1a:A4324V;ORF1a:C4326R,11,895,0.012290502793296,0,
2192026,BA.2_0.03_abundance_0.05,C13056G;G13229T,ORF1a:S4264*;ORF1a:G4322C,57,936,0.0608974358974358,0,
2192026,BA.2_0.03_abundance_0.05,C13056G;T13149G,ORF1a:S4264*;ORF1a:V4295G,55,936,0.0587606837606837,0,
2192026,BA.2_0.03_abundance_0.05,A13675G;T13705G;A13712G;C13808T,ORF1b:N70D;ORF1b:L80V;ORF1b:K82R;ORF1b:T114I,8,253,0.0316205533596837,0,
2192026,BA.2_0.03_abundance_0.05,T13961G;G14131A,ORF1b:V165G;ORF1b:V222I,84,958,0.0876826722338204,0,
2192026,BA.2_0.03_abundance_0.05,C14006A;T14042G;T14064C;T14082G;A14107T;C14114A;C14115A;T14132C;T14152C;T14238A,ORF1b:T180K;ORF1b:I192S;ORF1b:D199D;ORF1b:G205G;ORF1b:I214L;ORF1b:T216N;ORF1b:T216T;ORF1b:V222A;ORF1b:Y229H;ORF1b:I257I,20,897,0.0222965440356744,0,
2192026,BA.2_0.03_abundance_0.05,A14634G;T14642G,ORF1b:V389V;ORF1b:L392R,91,641,0.1419656786271451,0,
2192026,BA.2_0.03_abundance_0.05,A14634G;G14772T,ORF1b:V389V;ORF1b:Q435H,40,641,0.0624024960998439,0,
2192026,BA.2_0.03_abundance_0.05,A14634G;T14642G;G14772T,ORF1b:V389V;ORF1b:L392R;ORF1b:Q435H,12,641,0.0187207488299532,0,
2192026,BA.2_0.03_abundance_0.05,T14642G;G14772T,ORF1b:L392R;ORF1b:Q435H,17,641,0.0265210608424337,0,
2192026,BA.2_0.03_abundance_0.05,T15560G;A15582C;T15584C;A15626T;T15686G;C15714T;T15733C;T15817A,ORF1b:L698R;ORF1b:K705N;ORF1b:I706T;ORF1b:E720V;ORF1b:L740W;ORF1b:L749L;ORF1b:C756R;ORF1b:F784I,53,2268,0.02336860670194,0,
2192026,BA.2_0.03_abundance_0.05,C15714T;T15854G,ORF1b:L749L;ORF1b:L796R,73,242,0.3016528925619834,1,BA.2.75:1
2192026,BA.2_0.03_abundance_0.05,T15854G;T15900G,ORF1b:L796R;ORF1b:V811V,10,181,0.0552486187845303,0,
2192026,BA.2_0.03_abundance_0.05,C16234T;C16247G;T16287C;A16318C;A16341C;T16366A,ORF1b:Q923*;ORF1b:A927G;ORF1b:G940G;ORF1b:K951Q;ORF1b:I958I;ORF1b:S967T,18,756,0.0238095238095238,0,
2192026,BA.2_0.03_abundance_0.05,T17353A;C17410T,ORF1b:F1296I;ORF1b:R1315C,1142,2880,0.3965277777777777,21,BA.2:20;BE.1.1:1
2192026,BA.2_0.03_abundance_0.05,C17410T;A17431G;A17477C;A17482G;C17483A;A17515G;A17542C;C17555T;A17576C;T17582C,ORF1b:R1315C;ORF1b:I1322V;ORF1b:K1337T;ORF1b:T1339A;ORF1b:T1339K;ORF1b:R1350G;ORF1b:M1359L;ORF1b:T1363I;ORF1b:E1370A;ORF1b:V1372A,7,318,0.0220125786163522,0,
2192026,BA.2_0.03_abundance_0.05,A17431G;A17477C;A17482G;C17483A;A17515G;A17542C;C17555T;A17576C;T17582C,ORF1b:I1322V;ORF1b:K1337T;ORF1b:T1339A;ORF1b:T1339K;ORF1b:R1350G;ORF1b:M1359L;ORF1b:T1363I;ORF1b:E1370A;ORF1b:V1372A,48,2715,0.0176795580110497,0,
2192026,BA.2_0.03_abundance_0.05,T18741A;C18747T;C18775G;A18798T;C18823A;C18828A;A18868C,ORF1b:D1758E;ORF1b:V1760V;ORF1b:Q1770E;ORF1b:L1777L;ORF1b:Q1786K;ORF1b:V1787V;ORF1b:T1801P,31,1951,0.0158892875448487,0,
2192026,BA.2_0.03_abundance_0.05,G18940T;G19096T,ORF1b:D1825Y;ORF1b:A1877S,5,147,0.0340136054421768,0,
2192026,BA.2_0.03_abundance_0.05,C20221G;A20284T;T20338C;T20376A;T20414A;G20419T,ORF1b:Q2252E;ORF1b:I2273F;ORF1b:F2291L;ORF1b:I2303I;ORF1b:L2316*;ORF1b:D2318Y,6,175,0.0342857142857142,0,
2192026,BA.2_0.03_abundance_0.05,C21707A;G21746C;T21842G;C21903G;G21950T;G21987A,S:H49N;S:V62L;S:S94A;S:T114S;S:V130F;S:G142D,26,1248,0.0208333333333333,0,
2192026,BA.2_0.03_abundance_0.05,T22085G;T22200G,S:F175V;S:V213G,116,192,0.6041666666666666,7,BA.5.2.1:2;BA.2:5
2192026,BA.2_0.03_abundance_0.05,T22117G;T22200G,S:N185K;S:V213G,5,192,0.0260416666666666,675,BA.2.75.2:1;BA.2.75:28;BA.5.2:9;BQ.1:2;BA.4.2:3;BA.5.2.1:615;BN.1.3:1;BA.5:1;BA.5.2.6:2;BF.7:1;BA.4:1;BA.2.9:3;BA.2.3:1;BA.2.75.3:1;BF.10:1;BF.1:1;BE.1:1;BA.2.12.1:2;BA.2.38:1
2192026,BA.2_0.03_abundance_0.05,A22640G;C22674T;T22679C;C22686T;A22688G;G22775A,S:N360D;S:S371F;S:S373P;S:S375F;S:T376A;S:D405N,10,399,0.025062656641604,10,BA.5:2;BE.1:1;BA.4.1:1;BF.10:1;BA.5.1:1;BF.7:2;BA.5.2.1:1;BF.7.5:1
2192026,BA.2_0.03_abundance_0.05,G23205C;A23403G,S:G548A;S:D614G,132,2536,0.0520504731861198,1,AY.103:1
2192026,BA.2_0.03_abundance_0.05,G23522T;T23599G;C23604A,S:E654*;S:N679K;S:P681H,15,238,0.0630252100840336,1,BA.5.2.1:1
2192026,BA.2_0.03_abundance_0.05,G23580A;T23599G;C23604A,S:S673N;S:N679K;S:P681H,9,238,0.0378151260504201,11,BA.1.18:1;BF.28:1;BA.2:4;BA.1.1.18:5
2192026,BA.2_0.03_abundance_0.05,T23599G;C23604A;G23749C,S:N679K;S:P681H;S:V729V,54,224,0.2410714285714285,0,
2192026,BA.2_0.03_abundance_0.05,T23599G;C23604A;A23674G,S:N679K;S:P681H;S:S704S,13,238,0.0546218487394958,62,BA.2.9.5:1;BA.2.3.5:3;BA.5.1.1:1;BA.5.2.1:4;BA.2:18;BA.1.1:15;BA.1.15:2;BA.1.1.18:2;BA.1:3;BA.2.9:2;BA.4.6:1;BA.1.18:1;BF.7.4:3;BA.5.2.31:1;BA.5.1:1;BA.5:1;BA.2.3.2:1;BA.5.2:2
2192026,BA.2_0.03_abundance_0.05,T23599G;C23604A;A23674G;G23749C,S:N679K;S:P681H;S:S704S;S:V729V,5,224,0.0223214285714285,0,
2192026,BA.2_0.03_abundance_0.05,C23854A;G23948T;C24042T,S:N764K;S:D796Y;S:T827I,22,158,0.1392405063291139,306,BA.5.1:3;BA.1.1.18:1;BA.5.2:12;BA.2:10;BA.5.5:2;BA.1.1:13;BA.2.10:1;BF.14:3;BF.7.4:67;BA.2.75:3;BA.4.6:3;BA.5.2.1:116;BA.2.9:8;CA.5:2;BA.1:3;BA.2.78:2;BA.5.2.21:4;BA.1.18:3;BA.2.12.1:20;BA.5.1.2:7;BA.5.7:1;BQ.1.3:2;BA.1.1.14:1;BA.5.2.26:1;BF.26:1;BA.5.2.20:1;BF.11:2;BA.1.17.2:3;BA.1.20:1;BA.2.48:3;BA.5.6.1:1;BL.1:1;BA.1.17:1;BA.1.1.2:1;BF.7:1;BA.5.11:1;BA.1.15.1:1
2192026,BA.2_0.03_abundance_0.05,A24424T;T24469A;T24658A,S:Q954H;S:N969K;S:C1032*,9,152,0.0592105263157894,0,
2192026,BA.2_0.03_abundance_0.05,T24469A;T24658A,S:N969K;S:C1032*,23,602,0.0382059800664451,0,
2192026,BA.2_0.03_abundance_0.05,A24783G;C25000T,S:N1074S;S:D1146D,744,3293,0.2259337989675068,28,AY.26:2;BA.5.1:3;BA.1.17.2:6;BA.2.76:2;BA.1:1;BA.2:2;BA.2.12.1:1;BA.1.17:1;BA.2.9:3;BA.1.1:1;BA.1.15:5;BA.5.2.1:1
2192026,BA.2_0.03_abundance_0.05,A24791C;C24792A;C24909A;T24929A;T24946G;A24952G;C24990A;C25000T;T25001G,S:T1077P;S:T1077N;S:T1116N;S:S1123T;S:V1128V;S:I1130M;S:P1143H;S:D1146D;S:S1147A,56,3292,0.017010935601458,0,
2192026,BA.2_0.03_abundance_0.05,A25426G;T25434C;G25437A;C25487G;A25512G;T25520C;T25557C;C25584T;G25593T;C25603T;T25604G;G25606C,ORF3a:T12A;ORF3a:T14T;ORF3a:L15L;ORF3a:T32S;ORF3a:S40S;ORF3a:F43S;ORF3a:V55V;ORF3a:T64T;ORF3a:K67N;ORF3a:L71L;ORF3a:L71R;ORF3a:A72P,72,3806,0.0189174986862848,0,
2192026,BA.2_0.03_abundance_0.05,C25508T;C25584T,ORF3a:A39V;ORF3a:T64T,628,3834,0.1637976004173187,62,BE.1.1:6;BA.1.17.2:5;CL.1:1;BA.1:1;BA.4.4:1;BA.1.1.17:2;BA.1.1:6;BA.5.2:5;BA.1.17:2;BF.7:2;BA.2:10;BA.2.12.1:7;BA.2.3.13:1;BA.1.1.14:1;BA.2.3:1;BA.5.1:1;BA.2.75:1;BA.5.1.1:2;BA.2.9:1;BA.5.2.1:1;BQ.1.25:1;BA.5.1.30:1;BA.5.1.10:2;BA.5.2.21:1
2192026,BA.2_0.03_abundance_0.05,G25972A;C26042A;T26052G;A26092G;C26270T,ORF3a:E194K;ORF3a:T217N;ORF3a:S220R;ORF3a:N234D;E:T9I,26,982,0.0264765784114052,0,
2192026,BA.2_0.03_abundance_0.05,C26270T;T26303G,E:T9I;E:F20C,25,149,0.1677852348993288,0,
2192026,BA.2_0.03_abundance_0.05,C26577G;C26642G;T26677A;A26702G;G26709A;T26723C;G26727A;T26756G;C26768G;T26819G;C26845A;C26858T,M:Q19E;M:A40A;M:I52N;M:V60V;M:A63T;M:L67L;M:A69T;M:G78G;M:I82M;M:S99S;M:S108Y;M:F112F,36,3377,0.0106603494225644,0,
2192026,BA.2_0.03_abundance_0.05,C26577G;C26642G;T26677A;A26702G;G26709A;T26723C;G26727A;T26756G;C26768G;T26819G;C26845A;C26858T;A26874C,M:Q19E;M:A40A;M:I52N;M:V60V;M:A63T;M:L67L;M:A69T;M:G78G;M:I82M;M:S99S;M:S108Y;M:F112F;M:I118L,31,1429,0.0216934919524142,0,
2192026,BA.2_0.03_abundance_0.05,T27178A;A27187T;G27217A;A27234C;T27251G;A27302G;A27313T;T27319G;G27366T;G27382C;A27383T;T27384C;A27417G,M:L219*;M:Q222L;ORF6:D6N;ORF6:I11I;ORF6:I17S;ORF6:N34S;ORF6:K38*;ORF6:L40V;ORF6:E55D;ORF6:D61H;ORF6:D61V;ORF6:D61D;ORF7a:A8A,11,521,0.0211132437619961,0,
2192026,BA.2_0.03_abundance_0.05,A27187T;G27217A;A27234C;T27251G;A27302G;A27313T;T27319G;G27366T;G27382C;A27383T;T27384C;A27417G,M:Q222L;ORF6:D6N;ORF6:I11I;ORF6:I17S;ORF6:N34S;ORF6:K38*;ORF6:L40V;ORF6:E55D;ORF6:D61H;ORF6:D61V;ORF6:D61D;ORF7a:A8A,14,1223,0.0114472608340147,0,
2192026,BA.2_0.03_abundance_0.05,T27851G;A27859T;T27863C;C27944T;T27953A;T28002A;T28017A;T28029C;A28126C,ORF7b:L32L;ORF7b:Q35L;ORF7b:D36D;ORF8:H17H;ORF8:C20*;ORF8:C37S;ORF8:Y42N;ORF8:Y46H;ORF8:N78T,18,787,0.0228716645489199,0,
2192026,BA.2_0.03_abundance_0.05,A28126C;G28178T;C28205A;T28206A;C28311T;G28325T;C28377T;A28387C,ORF8:N78T;ORF8:L95F;ORF8:F104L;ORF8:Y105N;N:P13L;N:G18C;N:A35V;N:K38N,43,3028,0.0142007926023778,0,
2192026,BA.2_0.03_abundance_0.05,A28126C;G28178T;C28205A;T28206A;C28311T;G28325T;C28377T;A28387C;G28429T,ORF8:N78T;ORF8:L95F;ORF8:F104L;ORF8:Y105N;N:P13L;N:G18C;N:A35V;N:K38N;N:W52C,12,579,0.0207253886010362,0,
2192026,BA.2_0.03_abundance_0.05,T28226C;C28311T,ORF8:Y111Y;N:P13L,151,3253,0.0464186904395942,260,BA.5.1:33;BA.5.1.22:5;BA.4.1:2;BE.3:1;BA.1.16:7;BA.2:77;BA.1.1:26;XBB.2:1;BA.1.1.13:5;C.36.3:2;BA.2.9:1;BA.1:6;BL.1:1;BA.1.1.2:2;BA.2.12.1:16;BA.5.2:7;BC.1:1;BA.5.5:1;BF.10:4;BA.5.2.1:33;BA.2.76:2;BA.5.1.25:1;BA.2.75:1;BA.4.6:1;BA.1.17.2:5;BA.1.1.1:1;BA.5.6:4;BA.5.2.34:1;BA.2.3:1;BA.2.12.2:1;BA.5.1.30:1;BQ.1.1.4:1;BA.2.3.11:1;XBB.1:1;BA.2.2:1;BE.1:1;BA.5.1.10:2;BA.1.1.14:1;BA.2.18:1;BA.5.2.6:1
2192026,BA.2_0.03_abundance_0.05,G28239A;C28311T,ORF8:V116I;N:P13L,124,3253,0.0381186596987396,28,BF.5:1;C.37:1;BA.1.1:12;BA.2:2;BE.1.4:1;BA.1.15:2;BA.5.1:1;BA.1:1;BA.5.6:1;BA.2.10:1;BA.4.6.4:1;BA.2.42:1;BA.5:1;BA.5.2:1;BA.2.9:1
2192026,BA.2_0.03_abundance_0.05,G28479A;A28496G;C28500T;C28512A;C28542T;A28549C;A28571T;T28640G,N:G69E;N:N75D;N:T76I;N:P80Q;N:A90V;N:R92S;N:K100*;N:Y123D,9,475,0.0189473684210526,0,
2192026,BA.2_0.03_abundance_0.05,C28776A;G28827C;A28874C;G28881A;G28882A;T28897G,N:P168Q;N:R185P;N:S201R;N:R203K;N:R203R;N:A208A,7,446,0.0156950672645739,0,
2192026,BA.2_0.03_abundance_0.05,C28873T;G28881A;G28882A;G28883C,N:G200G;N:R203K;N:R203R;N:G204R,114,447,0.2550335570469799,825,B.1.1.7:418;BA.5.2:10;C.36:1;BQ.1.1.17:1;BA.5.1:4;BA.2:206;P.1:5;BA.5.1.30:2;BA.1.1:39;BA.1:17;BE.1.1:3;BA.2.38:3;BA.5.1.2:7;BA.5.6:3;BF.7:4;BA.1.17.2:5;BA.5.3.1:2;BA.1.18:1;BF.5:5;BA.2.12.1:6;CQ.2:1;BA.5.2.1:29;BF.10:1;BM.1.1:1;B.1.1.525:1;BA.2.75:5;BA.2.9:3;B.1.1.25:1;BV.1:1;BA.2.13:1;BA.1.1.2:1;B.1.1.318:1;BQ.1.1:2;C.37:5;BA.1.1.1:2;B.1.1.284:1;BA.1.20:2;BA.2.3.13:1;BA.1.1.18:2;B.1.1:2;AZ.2:5;BA.5.1.3:1;BA.4.1.5:1;BA.5.5.2:3;XBB.1:1;BQ.1.12:2;BF.8:1;BE.5:1;BA.2.3:2;BA.5.1.24:2;BA.4.1.8:1
2192026,BA.2_0.03_abundance_0.05,C28873T;G28881A;G28882A;G28883C;G28931A,N:G200G;N:R203K;N:R203R;N:G204R;N:A220T,20,412,0.0485436893203883,0,
2192026,BA.2_0.03_abundance_0.05,G28881A;G28882A;G28883C;G28931A,N:R203K;N:R203R;N:G204R;N:A220T,31,412,0.0752427184466019,202,B.1.1:2;BA.5.1:5;BA.2.75:3;BA.2:117;BA.2.3.15:1;BA.2.3.11:1;BA.5.2.16:1;B.1.1.7:14;BA.2.12.1:19;BA.2.38:1;BA.1.1:16;BA.5.1.30:3;BA.1.17.2:3;BQ.1.1.7:2;BA.5.3.2:1;BA.5.2:2;BF.4:1;AP.1:1;BA.1:2;BA.1.1.2:1;BA.2.8:1;BA.2.10:1;B.1.1.33:1;BA.2.9:2;B.1.1.10:1
2192026,BA.2_0.03_abundance_0.05,G29329A;A29510C,N:L352L;N:S413R,95,179,0.5307262569832403,114,BE.1.1:2;BQ.1.1.18:1;BA.2.9:81;BQ.1.1.24:1;BA.2:7;BF.7:1;BA.4.1:2;BA.5.2:5;BA.2.9.5:2;BQ.1.1.3:2;BA.5.2.1:4;BA.5.6:1;BA.5.1:1;BA.2.75:1;BA.2.14:1;BA.2.7:1;BQ.1.1:1
2192026,BA.2_0.03_abundance_0.05,G29329A;A29469C;A29510C,N:L352L;N:D399A;N:S413R,12,179,0.0670391061452514,0,
2192026,BA.2_0.03_abundance_0.05,A29469C;A29510C,N:D399A;N:S413R,12,209,0.0574162679425837,11,BA.2.3:3;BA.2.9.1:5;BA.2.9.5:1;BA.5.2:1;BF.13:1
2262026,BA.2_0.03_abundance_0.05,C366T;T369G;C379T;A481T;C494G;A535T;T559G;A624C;A650C;T661A;T670G,ORF1a:S34F;ORF1a:V35G;ORF1a:V38V;ORF1a:K72N;ORF1a:R77G;ORF1a:A90A;ORF1a:G98G;ORF1a:K120T;ORF1a:K129Q;ORF1a:G132G;ORF1a:S135R,89,2941,0.0302618157089425,0,
2262026,BA.2_0.03_abundance_0.05,T559C;T670G,ORF1a:G98G;ORF1a:S135R,1763,2955,0.5966159052453469,175,BE.1.1:1;BA.5.2:13;BA.2.3:1;BA.2:37;BQ.1:1;BA.5.2.22:1;BQ.1.1.18:13;BQ.1.1.13:2;BA.5.6:10;BA.2.9:20;BA.2.75:1;BA.5.2.28:4;BA.5.2.6:1;BA.2.12.1:1;BH.1:2;BA.5.2.1:28;BA.5.5:1;BF.5:2;BA.2.1:1;BF.1:1;BA.5.1:1;BF.14:4;BQ.1.1:20;BA.5.2.23:1;BA.5.2.18:1;BF.7.5.1:1;BA.5.2.3:1;BA.5.1.27:1;BQ.1.1.12:2;XBB.1.5:1;BE.1:1
2262026,BA.2_0.03_abundance_0.05,T559C;C575A;T670G,ORF1a:G98G;ORF1a:L104I;ORF1a:S135R,438,2954,0.1482735274204468,0,
2262026,BA.2_0.03_abundance_0.05,T559C;C575A,ORF1a:G98G;ORF1a:L104I,35,3113,0.0112431737873434,0,
2262026,BA.2_0.03_abundance_0.05,C575A;T670G,ORF1a:L104I;ORF1a:S135R,108,2954,0.0365605958023019,94,BA.5.1:38;BA.5.2:4;BA.2:13;BA.2.3:3;BQ.1.26:3;BA.2.9.3:8;BF.17:2;BA.2.3.2:1;BA.4:2;BA.2.81:2;BE.2:1;BA.2.7:2;BA.5.5:6;BF.3:3;BA.2.9:1;BA.2.75:1;BA.5.2.1:3;BF.10:1
2262026,BA.2_0.03_abundance_0.05,T670G;G887T,ORF1a:S135R;ORF1a:A208S,24,328,0.073170731707317,16,BA.5.2:5;BA.5.2.1:5;BA.2:1;BA.5.1:2;BA.2.12.1:1;BA.5.3.1:1;BA.2.14:1
2262026,BA.2_0.03_abundance_0.05,C1026A;C1057G;T1081G;T1116A;A1133C;T1199C;C1201A;A1230C;A1249G;A1278C,ORF1a:P254H;ORF1a:D264E;ORF1a:N272K;ORF1a:I284N;ORF1a:K290Q;ORF1a:C312R;ORF1a:C312*;ORF1a:K322T;ORF1a:E328E;ORF1a:K338T,21,723,0.0290456431535269,0,
2262026,BA.2_0.03_abundance_0.05,C1616T;T1654A;G1655T;A1810G;C1825G;G1855A;C1889T,ORF1a:L451F;ORF1a:I463I;ORF1a:V464F;ORF1a:K515K;ORF1a:A520A;ORF1a:L530L;ORF1a:R542C,72,2568,0.02803738317757,0,
2262026,BA.2_0.03_abundance_0.05,A1638C;A1852T,ORF1a:K458T;ORF1a:I529I,401,2629,0.1525294788893115,0,
2262026,BA.2_0.03_abundance_0.05,T1726G;A1852T,ORF1a:F487L;ORF1a:I529I,54,2630,0.0205323193916349,0,
2262026,BA.2_0.03_abundance_0.05,G2582T;G2604T;C2607A;T2663C;G2686T;T2703C;A2767C;G2808T;T2823C,ORF1a:A773S;ORF1a:G780V;ORF1a:T781K;ORF1a:C800R;ORF1a:M807I;ORF1a:F813S;ORF1a:Q834H;ORF1a:R848M;ORF1a:L853P,9,225,0.04,0,
2262026,BA.2_0.03_abundance_0.05,C2610A;T2823C,ORF1a:P782Q;ORF1a:L853P,13,225,0.0577777777777777,1,BA.2:1
2262026,BA.2_0.03_abundance_0.05,A3235G;C3315G;G3323C;A3327T;A3332T;G3371A;G3392A;A3396G;A3408C,ORF1a:Q990Q;ORF1a:T1017R;ORF1a:V1020L;ORF1a:Q1021L;ORF1a:I1023F;ORF1a:D1036N;ORF1a:A1043T;ORF1a:D1044G;ORF1a:E1048A,14,484,0.0289256198347107,0,
2262026,BA.2_0.03_abundance_0.05,G4678C;T4693G;C4716T;A4731T;T4738A;T4771G;A4926G,ORF1a:V1471V;ORF1a:S1476S;ORF1a:T1484I;ORF1a:Y1489F;ORF1a:T1491T;ORF1a:I1502M;ORF1a:D1554G,27,733,0.0368349249658935,0,
2262026,BA.2_0.03_abundance_0.05,T5701C;A5782T,ORF1a:A1812A;ORF1a:I1839I,5,87,0.057471264367816,0,
2262026,BA.2_0.03_abundance_0.05,A5938T;A5949T;T6006G;A6013G;C6021T;A6090C;T6115G;G6220T,ORF1a:E1891D;ORF1a:K1895M;ORF1a:L1914R;ORF1a:P1916P;ORF1a:P1919L;ORF1a:N1942T;ORF1a:P1950P;ORF1a:L1985F,5,86,0.0581395348837209,0,
2262026,BA.2_0.03_abundance_0.05,G6220T;C6286A;A6332T;C6363G;A6375C;A6400G;G6413A,ORF1a:L1985F;ORF1a:T2007T;ORF1a:N2023Y;ORF1a:A2033G;ORF1a:D2037A;ORF1a:K2045K;ORF1a:E2050K,7,216,0.0324074074074074,0,
2262026,BA.2_0.03_abundance_0.05,C6606G;T6652C,ORF1a:S2114C;ORF1a:A2129A,5,219,0.0228310502283105,0,
2262026,BA.2_0.03_abundance_0.05,C6606G;C6762T,ORF1a:S2114C;ORF1a:T2166I,8,203,0.0394088669950738,0,
2262026,BA.2_0.03_abundance_0.05,C7093G;T7359C,ORF1a:V2276V;ORF1a:M2365T,32,212,0.1509433962264151,0,
2262026,BA.2_0.03_abundance_0.05,G8018T;A8020T;T8038C;A8087T;T8119C;A8122T;A8159C;G8183T;A8211G;A8223T;A8241T;A8298G,ORF1a:E2585*;ORF1a:E2585D;ORF1a:F2591F;ORF1a:K2608*;ORF1a:A2618A;ORF1a:E2619D;ORF1a:T2632P;ORF1a:G2640W;ORF1a:K2649R;ORF1a:E2653V;ORF1a:H2659L;ORF1a:N2678S,73,2380,0.030672268907563,0,
2262026,BA.2_0.03_abundance_0.05,A8298G;G8404C;T8431C;A8446C;A8474C;A8475G,ORF1a:N2678S;ORF1a:W2713C;ORF1a:S2722S;ORF1a:K2727N;ORF1a:N2737H;ORF1a:N2737S,11,423,0.0260047281323877,0,
2262026,BA.2_0.03_abundance_0.05,G8952T;T8978G;G8999A;G9014C;G9035C;G9063C;G9083C;C9159G,ORF1a:C2896F;ORF1a:Y2905D;ORF1a:A2912T;ORF1a:A2917P;ORF1a:D2924H;ORF1a:C2933S;ORF1a:E2940Q;ORF1a:P2965R,11,450,0.0244444444444444,0,
2262026,BA.2_0.03_abundance_0.05,G8952T;T8978G;G8999A;G9014C;T9020A;G9035C;G9063C;G9083C;C9159G,ORF1a:C2896F;ORF1a:Y2905D;ORF1a:A2912T;ORF1a:A2917P;ORF1a:C2919S;ORF1a:D2924H;ORF1a:C2933S;ORF1a:E2940Q;ORF1a:P2965R,5,450,0.0111111111111111,0,
2262026,BA.2_0.03_abundance_0.05,T9020A;A9193C,ORF1a:C2919S;ORF1a:V2976V,19,448,0.0424107142857142,0,
2262026,BA.2_0.03_abundance_0.05,C9344T;T9393G;A9424G,ORF1a:L3027F;ORF1a:I3043R;ORF1a:V3053V,7,449,0.0155902004454342,0,
2262026,BA.2_0.03_abundance_0.05,C9344T;T9393G;A9424G;C9534T,ORF1a:L3027F;ORF1a:I3043R;ORF1a:V3053V;ORF1a:T3090I,17,372,0.0456989247311828,0,
2262026,BA.2_0.03_abundance_0.05,T9513A;C9534T;T9540C;C9745A;A9760T;T9765A;G9770A,ORF1a:L3083*;ORF1a:T3090I;ORF1a:L3092P;ORF1a:Y3160*;ORF1a:V3165V;ORF1a:F3167Y;ORF1a:G3169S,8,311,0.0257234726688102,0,
2262026,BA.2_0.03_abundance_0.05,C9534T;T9540C;C9745A;A9760T;T9765A;G9770A,ORF1a:T3090I;ORF1a:L3092P;ORF1a:Y3160*;ORF1a:V3165V;ORF1a:F3167Y;ORF1a:G3169S,19,883,0.0215175537938844,0,
2262026,BA.2_0.03_abundance_0.05,C10029T;A9935T,ORF1a:T3255I;ORF1a:T3224S,12,74,0.1621621621621621,2,B.1.617.2:1;BA.1.1:1
2262026,BA.2_0.03_abundance_0.05,C10029T;T10047G;A9935T,ORF1a:T3255I;ORF1a:V3261G;ORF1a:T3224S,23,74,0.3108108108108108,0,
2262026,BA.2_0.03_abundance_0.05,C10029T;T10047G,ORF1a:T3255I;ORF1a:V3261G,25,74,0.3378378378378378,2,B.1.617.2:1;AY.46.4:1
2262026,BA.2_0.03_abundance_0.05,T10690A;A10760G;A10767G;T10769G;A10781G;A10884T;C10969G;G10986A,ORF1a:V3475V;ORF1a:K3499E;ORF1a:N3501S;ORF1a:Y3502D;ORF1a:T3506A;ORF1a:N3540I;ORF1a:F3568L;ORF1a:R3574K,8,177,0.0451977401129943,0,
2262026,BA.2_0.03_abundance_0.05,A10760G;A10767G;T10769G;A10781G;A10884T;C10969G;G10986A,ORF1a:K3499E;ORF1a:N3501S;ORF1a:Y3502D;ORF1a:T3506A;ORF1a:N3540I;ORF1a:F3568L;ORF1a:R3574K,48,2503,0.0191769876148621,0,
2262026,BA.2_0.03_abundance_0.05,A10760G;A10767G;T10769G;A10781G;A10884T;C10969G;G10986A;A11041T,ORF1a:K3499E;ORF1a:N3501S;ORF1a:Y3502D;ORF1a:T3506A;ORF1a:N3540I;ORF1a:F3568L;ORF1a:R3574K;ORF1a:L3592F,7,328,0.0213414634146341,0,
2262026,BA.2_0.03_abundance_0.05,A11041T;T11045A;G11310C,ORF1a:L3592F;ORF1a:L3594I;ORF1a:C3682S,6,519,0.0115606936416184,0,
2262026,BA.2_0.03_abundance_0.05,T11918G;C11967G;T12017C;G12019A;C12029T;C12084G;T12109C;G12131T;T12204C,ORF1a:S3885A;ORF1a:A3901G;ORF1a:L3918L;ORF1a:L3918L;ORF1a:Q3922*;ORF1a:T3940S;ORF1a:F3948F;ORF1a:A3956S;ORF1a:L3980S,66,2332,0.0283018867924528,0,
2262026,BA.2_0.03_abundance_0.05,T12204C;A12250G;A12272G;A12306C;A12307T;G12311A;A12337T;G12373C;T12375A;A12397G;G12419T,ORF1a:L3980S;ORF1a:A3995A;ORF1a:K4003E;ORF1a:K4014T;ORF1a:K4014N;ORF1a:A4016T;ORF1a:K4024N;ORF1a:M4036I;ORF1a:L4037H;ORF1a:A4044A;ORF1a:A4052S,12,640,0.01875,0,
2262026,BA.2_0.03_abundance_0.05,T12204C;A12250G;A12272G;A12306C;A12307T;G12311A;A12337T;G12373C;T12375A;A12397G;G12419T;T12447G,ORF1a:L3980S;ORF1a:A3995A;ORF1a:K4003E;ORF1a:K4014T;ORF1a:K4014N;ORF1a:A4016T;ORF1a:K4024N;ORF1a:M4036I;ORF1a:L4037H;ORF1a:A4044A;ORF1a:A4052S;ORF1a:I4061R,9,432,0.0208333333333333,0,
2262026,BA.2_0.03_abundance_0.05,G12322A;T12447G,ORF1a:E4019E;ORF1a:I4061R,41,432,0.0949074074074074,0,
2262026,BA.2_0.03_abundance_0.05,T12447G;T12588G,ORF1a:I4061R;ORF1a:I4108S,22,217,0.1013824884792626,0,
2262026,BA.2_0.03_abundance_0.05,T12447G;T12588G;C12596T,ORF1a:I4061R;ORF1a:I4108S;ORF1a:L4111F,5,217,0.0230414746543778,0,
2262026,BA.2_0.03_abundance_0.05,T12447G;C12596T,ORF1a:I4061R;ORF1a:L4111F,11,217,0.0506912442396313,0,
2262026,BA.2_0.03_abundance_0.05,T12588G;C12596T,ORF1a:I4108S;ORF1a:L4111F,48,1276,0.0376175548589341,0,
2262026,BA.2_0.03_abundance_0.05,T12771G;A12782C;A12800C;C12809A;C12830A;T12856G;T12874A;C12880T;A12898G;A12936C;A12951T;A12960C;A12977T;G12989A;C13047G,ORF1a:L4169*;ORF1a:N4173H;ORF1a:R4179R;ORF1a:L4182I;ORF1a:Q4189K;ORF1a:P4197P;ORF1a:G4203G;ORF1a:I4205I;ORF1a:P4211P;ORF1a:K4224T;ORF1a:Y4229F;ORF1a:K4232T;ORF1a:N4238Y;ORF1a:V4242I;ORF1a:P4261R,39,1531,0.0254735467015022,0,
2262026,BA.2_0.03_abundance_0.05,A12841T;C12880T,ORF1a:K4192N;ORF1a:I4205I,136,1947,0.0698510529019003,1,BA.5.2:1
2262026,BA.2_0.03_abundance_0.05,C13047G;C13130G;A13204C;T13227C;C13236T;T13241C;G13293A;A13300T;T13331A,ORF1a:P4261R;ORF1a:Q4289E;ORF1a:E4313D;ORF1a:F4321S;ORF1a:A4324V;ORF1a:C4326R;ORF1a:C4343Y;ORF1a:L4345F;ORF1a:C4356S,28,1336,0.0209580838323353,0,
2262026,BA.2_0.03_abundance_0.05,C14006A;T14042G;T14064C;T14082G;A14107T;C14114A;C14115A;T14132C;T14152C;T14238A,ORF1b:T180K;ORF1b:I192S;ORF1b:D199D;ORF1b:G205G;ORF1b:I214L;ORF1b:T216N;ORF1b:T216T;ORF1b:V222A;ORF1b:Y229H;ORF1b:I257I,6,391,0.0153452685421994,0,
2262026,BA.2_0.03_abundance_0.05,C14006A;T14042G;T14064C;T14082G;A14107T;C14114A;C14115A;T14132C;T14152C;T14238A;G14260T,ORF1b:T180K;ORF1b:I192S;ORF1b:D199D;ORF1b:G205G;ORF1b:I214L;ORF1b:T216N;ORF1b:T216T;ORF1b:V222A;ORF1b:Y229H;ORF1b:I257I;ORF1b:D265Y,7,173,0.0404624277456647,0,
2262026,BA.2_0.03_abundance_0.05,T14238A;G14260T;A14302G;C14318A;A14339G;A14355G;C14408T;T14418C;A14457T;T14543C,ORF1b:I257I;ORF1b:D265Y;ORF1b:K279E;ORF1b:T284K;ORF1b:N291S;ORF1b:R296R;ORF1b:P314L;ORF1b:F317F;ORF1b:P330P;ORF1b:F359S,5,146,0.0342465753424657,0,
2262026,BA.2_0.03_abundance_0.05,G14260T;A14302G;C14318A;A14339G;A14355G;C14408T;T14418C;A14457T;T14543C,ORF1b:D265Y;ORF1b:K279E;ORF1b:T284K;ORF1b:N291S;ORF1b:R296R;ORF1b:P314L;ORF1b:F317F;ORF1b:P330P;ORF1b:F359S,20,903,0.0221483942414175,0,
2262026,BA.2_0.03_abundance_0.05,T15560G;A15582C;T15584C;A15626T;T15686G;C15714T;T15733C;T15817A,ORF1b:L698R;ORF1b:K705N;ORF1b:I706T;ORF1b:E720V;ORF1b:L740W;ORF1b:L749L;ORF1b:C756R;ORF1b:F784I,90,3770,0.0238726790450928,0,
2262026,BA.2_0.03_abundance_0.05,T15560G;A15582C;T15584C;A15626T;T15686G;C15714T;T15733C;T15817A;G15850A,ORF1b:L698R;ORF1b:K705N;ORF1b:I706T;ORF1b:E720V;ORF1b:L740W;ORF1b:L749L;ORF1b:C756R;ORF1b:F784I;ORF1b:D795N,25,856,0.0292056074766355,0,
2262026,BA.2_0.03_abundance_0.05,T15880C;T15953A;T16023G;T16024C;T16025G;C16028T;G16075A;T16154G;T16157C;T16161G,ORF1b:S805P;ORF1b:L829Q;ORF1b:S852S;ORF1b:L853L;ORF1b:L853*;ORF1b:A854V;ORF1b:D870N;ORF1b:V896G;ORF1b:M897T;ORF1b:L898L,76,2731,0.0278286341999267,0,
2262026,BA.2_0.03_abundance_0.05,C16234T;C16247G;T16287C;A16318C;A16341C;T16366A,ORF1b:Q923*;ORF1b:A927G;ORF1b:G940G;ORF1b:K951Q;ORF1b:I958I;ORF1b:S967T,7,508,0.0137795275590551,0,
2262026,BA.2_0.03_abundance_0.05,T16796A;T16860G;T17016A;C17069G;C17077G,ORF1b:V1110E;ORF1b:A1131A;ORF1b:D1183E;ORF1b:S1201C;ORF1b:Q1204E,54,1854,0.029126213592233,0,
2262026,BA.2_0.03_abundance_0.05,C17410T;T17559A,ORF1b:R1315C;ORF1b:C1364*,245,472,0.5190677966101694,0,
2262026,BA.2_0.03_abundance_0.05,C17410T;A17431G;A17477C;A17482G;C17483A;A17515G;A17542C;C17555T;A17576C;T17582C,ORF1b:R1315C;ORF1b:I1322V;ORF1b:K1337T;ORF1b:T1339A;ORF1b:T1339K;ORF1b:R1350G;ORF1b:M1359L;ORF1b:T1363I;ORF1b:E1370A;ORF1b:V1372A,7,472,0.0148305084745762,0,
2262026,BA.2_0.03_abundance_0.05,C17410T;A17431G;A17477C;A17482G;C17483A;A17515G;A17542C;C17555T;T17559A;A17576C;T17582C,ORF1b:R1315C;ORF1b:I1322V;ORF1b:K1337T;ORF1b:T1339A;ORF1b:T1339K;ORF1b:R1350G;ORF1b:M1359L;ORF1b:T1363I;ORF1b:C1364*;ORF1b:E1370A;ORF1b:V1372A,6,472,0.0127118644067796,0,
2262026,BA.2_0.03_abundance_0.05,A17431G;A17477C;A17482G;C17483A;A17515G;A17542C;C17555T;A17576C;T17582C,ORF1b:I1322V;ORF1b:K1337T;ORF1b:T1339A;ORF1b:T1339K;ORF1b:R1350G;ORF1b:M1359L;ORF1b:T1363I;ORF1b:E1370A;ORF1b:V1372A,52,3578,0.014533258803801,0,
2262026,BA.2_0.03_abundance_0.05,A17431G;A17477C;A17482G;C17483A;A17515G;A17542C;C17555T;T17559A;A17576C;T17582C,ORF1b:I1322V;ORF1b:K1337T;ORF1b:T1339A;ORF1b:T1339K;ORF1b:R1350G;ORF1b:M1359L;ORF1b:T1363I;ORF1b:C1364*;ORF1b:E1370A;ORF1b:V1372A,62,3578,0.0173281162660704,0,
2262026,BA.2_0.03_abundance_0.05,C18419A;T18435G;C18460G;C18493G;A18503C;T18521G;G18627C,ORF1b:T1651K;ORF1b:D1656E;ORF1b:P1665A;ORF1b:L1676V;ORF1b:K1679T;ORF1b:V1685G;ORF1b:K1720N,13,327,0.0397553516819571,0,
2262026,BA.2_0.03_abundance_0.05,G18627C;T18741A;C18747T;C18775G;A18798T;C18823A;C18828A;A18868C,ORF1b:K1720N;ORF1b:D1758E;ORF1b:V1760V;ORF1b:Q1770E;ORF1b:L1777L;ORF1b:Q1786K;ORF1b:V1787V;ORF1b:T1801P,9,275,0.0327272727272727,0,
2262026,BA.2_0.03_abundance_0.05,T18741A;C18747T;C18775G;A18798T;C18823A;C18828A;A18868C,ORF1b:D1758E;ORF1b:V1760V;ORF1b:Q1770E;ORF1b:L1777L;ORF1b:Q1786K;ORF1b:V1787V;ORF1b:T1801P,44,1668,0.026378896882494,0,
2262026,BA.2_0.03_abundance_0.05,T19025G;C19097G;T19139G;A19214C,ORF1b:L1853R;ORF1b:A1877G;ORF1b:F1891C;ORF1b:Y1916S,5,497,0.0100603621730382,0,
2262026,BA.2_0.03_abundance_0.05,T19025G;C19097G;T19139G,ORF1b:L1853R;ORF1b:A1877G;ORF1b:F1891C,9,529,0.0170132325141776,0,
2262026,BA.2_0.03_abundance_0.05,T19122G;A19214C,ORF1b:Y1885*;ORF1b:Y1916S,74,497,0.1488933601609658,0,
2262026,BA.2_0.03_abundance_0.05,T20205A;C20221G;A20223C;A20284T;T20338C;T20376A;T20414A;G20419T;A20453C;A20460C;A20463T;G20493T,ORF1b:T2246T;ORF1b:Q2252E;ORF1b:Q2252H;ORF1b:I2273F;ORF1b:F2291L;ORF1b:I2303I;ORF1b:L2316*;ORF1b:D2318Y;ORF1b:Y2329S;ORF1b:I2331I;ORF1b:T2332T;ORF1b:V2342V,8,286,0.0279720279720279,0,
2262026,BA.2_0.03_abundance_0.05,C20221G;A20223C;A20284T;T20338C;T20376A;T20414A;G20419T;A20453C;A20460C;A20463T;G20493T,ORF1b:Q2252E;ORF1b:Q2252H;ORF1b:I2273F;ORF1b:F2291L;ORF1b:I2303I;ORF1b:L2316*;ORF1b:D2318Y;ORF1b:Y2329S;ORF1b:I2331I;ORF1b:T2332T;ORF1b:V2342V,23,1331,0.0172802404207362,0,
2262026,BA.2_0.03_abundance_0.05,C21707A;G21746C;C21762A;C21840T;T21841G;T21842G;A21865C;A21875T;C21903G;T21940A;G21950T;G21987A,S:H49N;S:V62L;S:A67D;S:A93V;S:A93A;S:S94A;S:I101I;S:I105F;S:T114S;S:V126V;S:V130F;S:G142D,25,914,0.0273522975929978,0,
2262026,BA.2_0.03_abundance_0.05,G21987A;G21989A,S:G142D;S:V143I,175,899,0.1946607341490545,330,AY.44:6;AY.3.1:35;AY.4:33;AY.3:8;AY.26:10;AY.34:41;AY.103:79;AY.100:15;BA.2:5;BA.2.10:26;BA.2.12.1:14;AY.43:1;B.1.36.29:1;BA.5.1:3;AY.98:4;B.1.617.2:4;BF.5:1;BA.1.1.1:1;AY.46.6:4;BA.1.1:2;AY.57:1;AY.20:1;AY.126:1;BA.4.1:4;BA.5:1;AY.4.2:1;BA.2.9:1;BA.1:4;AY.112:1;AY.33:1;BA.5.2:3;AY.39:1;AY.122:4;B.1.1.529:1;BA.5.9:1;AY.29:1;AY.25.1:2;BA.5.2.20:1;AY.4.6:1;BA.2.75:1;AY.54:1;BF.7:1;BQ.1.1.6:1;BE.1.1.2:2
2262026,BA.2_0.03_abundance_0.05,T22200G;A22271T,S:V213G;S:R237W,66,446,0.147982062780269,0,
2262026,BA.2_0.03_abundance_0.05,G22578A;A22656G;C22674T;T22679C;C22686T;A22688G;G22775A;A22786C,S:G339D;S:Y365C;S:S371F;S:S373P;S:S375F;S:T376A;S:D405N;S:R408S,88,513,0.1715399610136452,0,
2262026,BA.2_0.03_abundance_0.05,G22578A;A22656G;C22674T;T22679C;C22686T;A22688G,S:G339D;S:Y365C;S:S371F;S:S373P;S:S375F;S:T376A,7,551,0.0127041742286751,0,
2262026,BA.2_0.03_abundance_0.05,G22992A;C22995A;A23013C;T23023A;A23040G;T23075C,S:S477N;S:T478K;S:E484A;S:N487K;S:Q493R;S:Y505H,73,196,0.3724489795918367,0,
2262026,BA.2_0.03_abundance_0.05,G22992A;C22995A;A23013C;T23023A;A23040G,S:S477N;S:T478K;S:E484A;S:N487K;S:Q493R,9,211,0.0426540284360189,0,
2262026,BA.2_0.03_abundance_0.05,T23189C;A23232C;T23287A;A23305C;C23327G;T23338A;G23340C;A23379T;A23403G;T23421C;G23438C;C23439G;A23445T;A23446C;G23465A;T23466C,S:F543L;S:K557T;S:A575A;S:T581T;S:P589A;S:F592L;S:G593A;S:N606I;S:D614G;S:V620A;S:A626P;S:A626G;S:Q628L;S:Q628H;S:V635I;S:V635A,82,2531,0.0323982615566969,0,
2262026,BA.2_0.03_abundance_0.05,G23948T;A23999G,S:D796Y;S:S813G,9,23,0.391304347826087,255,BA.5:1;BA.2.18:14;BA.5.1:3;BA.4.4:2;BA.1.1:146;BA.2:26;BF.5:1;BA.1:5;BA.5.2.34:1;BA.2.12.1:1;BA.5.2:20;BF.27:1;BA.1.20:1;BF.10:12;BE.1.1:1;BA.1.17.2:1;BA.5.2.1:7;BF.7:1;BE.1:1;BA.5.3.1:1;XBD:1;CP.1.2:2;BA.2.3.11:4;BA.1.15:1;BA.2.9:1
2262026,BA.2_0.03_abundance_0.05,G24124T;T24125A;G24234T;A24241G;A24248T;C24270T;A24273T;T24274A;G24291A;G24301C;A24302C;T24304G;A24321C;A24325G;A24424T,S:K854N;S:F855I;S:G891V;S:A893A;S:I896L;S:A903V;S:Y904F;S:Y904*;S:G910E;S:Q913H;S:N914H;S:N914K;S:Q920P;S:K921K;S:Q954H,9,276,0.0326086956521739,0,
2262026,BA.2_0.03_abundance_0.05,A24791C;C24792A;C24909A;T24929A;T24946G;A24952G;C24990A;C25000T;T25001G,S:T1077P;S:T1077N;S:T1116N;S:S1123T;S:V1128V;S:I1130M;S:P1143H;S:D1146D;S:S1147A,83,2638,0.0314632297194844,0,
2262026,BA.2_0.03_abundance_0.05,G25364A;A25426G;T25434C;G25437A;C25487G;A25512G;T25520C;G25540A;T25557C;C25584T;G25593T;C25603T;T25604G;G25606C,S:V1268I;ORF3a:T12A;ORF3a:T14T;ORF3a:L15L;ORF3a:T32S;ORF3a:S40S;ORF3a:F43S;ORF3a:V50I;ORF3a:V55V;ORF3a:T64T;ORF3a:K67N;ORF3a:L71L;ORF3a:L71R;ORF3a:A72P,28,1063,0.0263405456255879,0,
2262026,BA.2_0.03_abundance_0.05,G25972A;C26042A;T26052G;A26092G;C26270T,ORF3a:E194K;ORF3a:T217N;ORF3a:S220R;ORF3a:N234D;E:T9I,7,216,0.0324074074074074,0,
2262026,BA.2_0.03_abundance_0.05,C26577G;C26642G;T26677A;A26702G;G26709A;T26723C;G26727A;T26756G;C26768G;T26819G;C26845A;C26858T,M:Q19E;M:A40A;M:I52N;M:V60V;M:A63T;M:L67L;M:A69T;M:G78G;M:I82M;M:S99S;M:S108Y;M:F112F,22,1263,0.0174188440221694,0,
2262026,BA.2_0.03_abundance_0.05,C26577G;C26642G;T26677A;A26702G;G26709A;T26723C;G26727A;T26756G;C26768G;T26819G;C26845A;C26858T;A26874C,M:Q19E;M:A40A;M:I52N;M:V60V;M:A63T;M:L67L;M:A69T;M:G78G;M:I82M;M:S99S;M:S108Y;M:F112F;M:I118L,10,554,0.0180505415162454,0,
2262026,BA.2_0.03_abundance_0.05,C26858T;G27043A,M:F112F;M:R174Q,20,45,0.4444444444444444,727,BS.1.1:1;BA.2.75:621;BA.2.24:1;BA.2:12;BA.2.3.11:13;BA.2.56:1;BA.2.23:1;BA.2.9:8;BA.2.12.1:3;BN.1.3:56;BA.2.3.2:1;BA.2.12:4;BA.2.38:1;BA.2.3:1;XBB.1:2;BA.4.1:1
2262026,BA.2_0.03_abundance_0.05,A26874C;C26917T;C26958G;A26973C;T27032A;C27085T;G27115A;G27127T;T27178A;A27187T,M:I118L;M:P132L;M:R146G;M:I151L;M:V170V;M:A188V;M:R198H;M:G202V;M:L219*;M:Q222L,5,163,0.0306748466257668,0,
2262026,BA.2_0.03_abundance_0.05,T27178A;A27187T;G27217A;A27234C;T27251G;A27302G;A27313T;T27319G;G27366T;G27382C;A27383T;C27416G;A27417G,M:L219*;M:Q222L;ORF6:D6N;ORF6:I11I;ORF6:I17S;ORF6:N34S;ORF6:K38*;ORF6:L40V;ORF6:E55D;ORF6:D61H;ORF6:D61V;ORF7a:A8G;ORF7a:A8A,8,179,0.0446927374301676,0,
2262026,BA.2_0.03_abundance_0.05,A27187T;G27217A;A27234C;T27251G;A27302G;A27313T;T27319G;G27366T;G27382C;A27383T;C27416G;A27417G,M:Q222L;ORF6:D6N;ORF6:I11I;ORF6:I17S;ORF6:N34S;ORF6:K38*;ORF6:L40V;ORF6:E55D;ORF6:D61H;ORF6:D61V;ORF7a:A8G;ORF7a:A8A,7,415,0.016867469879518,0,
2262026,BA.2_0.03_abundance_0.05,T27851G;A27859T;T27863C;C27944T;T27953A;T28002A;T28017A;T28029C;A28095G;A28126C,ORF7b:L32L;ORF7b:Q35L;ORF7b:D36D;ORF8:H17H;ORF8:C20*;ORF8:C37S;ORF8:Y42N;ORF8:Y46H;ORF8:K68E;ORF8:N78T,52,1524,0.0341207349081364,0,
2262026,BA.2_0.03_abundance_0.05,A28126C;G28178T;C28205A;T28206A;C28311T;G28325T;C28377T;A28387C;G28429T,ORF8:N78T;ORF8:L95F;ORF8:F104L;ORF8:Y105N;N:P13L;N:G18C;N:A35V;N:K38N;N:W52C,7,443,0.0158013544018058,0,
2262026,BA.2_0.03_abundance_0.05,A28126C;G28178T;C28205A;T28206A;C28311T;G28325T;C28377T;A28387C,ORF8:N78T;ORF8:L95F;ORF8:F104L;ORF8:Y105N;N:P13L;N:G18C;N:A35V;N:K38N,33,2221,0.014858171994597,0,
2262026,BA.2_0.03_abundance_0.05,A28126C;G28178T;T28187A;C28205A;T28206A;C28311T;G28325T;C28377T;A28387C;G28429T,ORF8:N78T;ORF8:L95F;ORF8:L98L;ORF8:F104L;ORF8:Y105N;N:P13L;N:G18C;N:A35V;N:K38N;N:W52C,7,443,0.0158013544018058,0,
2262026,BA.2_0.03_abundance_0.05,T28187A;C28311T,ORF8:L98L;N:P13L,585,2392,0.2445652173913043,53,BA.4.6:1;BE.1:39;BA.5.3.1:2;BA.2:4;BA.1.1:3;BA.2.12.1:1;BA.5:2;BA.1.17.2:1
2262026,BA.2_0.03_abundance_0.05,T28187A;C28311T;C28315G,ORF8:L98L;N:P13L;N:R14R,65,2392,0.0271739130434782,0,
2262026,BA.2_0.03_abundance_0.05,T28187A;C28311T;T28324G,ORF8:L98L;N:P13L;N:F17L,95,2392,0.0397157190635451,0,
2262026,BA.2_0.03_abundance_0.05,T28187A;C28311T;C28312A,ORF8:L98L;N:P13L;N:P13P,25,2392,0.0104515050167224,0,
2262026,BA.2_0.03_abundance_0.05,C28311T;C28315G,N:P13L;N:R14R,106,2394,0.0442773600668337,70,BA.4.7:58;BA.2:5;BA.1.10:1;BA.2.10:1;BA.5.1.23:1;BA.5.2:1;B.1.1.44:3
2262026,BA.2_0.03_abundance_0.05,C28311T;T28324G,N:P13L;N:F17L,188,2394,0.0785296574770259,7,BA.1.1.1:2;BA.1.1:4;BA.5.2:1
2262026,BA.2_0.03_abundance_0.05,C28311T;C28312A,N:P13L;N:P13P,60,2394,0.025062656641604,200,BA.5.2:3;BA.2:68;BA.5.2.21:20;BT.1:2;BQ.1.1.7:1;CH.1.1:1;BA.2.9:54;BA.2.38:8;BA.5.1:6;BA.1.1:12;BA.1.17.2:10;BF.7:1;BF.5:1;BA.2.75:1;BA.5.6.1:1;BA.4:1;BA.5.1.12:1;BA.5.2.3:1;BA.2.12.1:1;BA.1:2;BA.2.9.5:1;XBB.1:2;BA.1.1.18:1;BA.5.2.9:1
2262026,BA.2_0.03_abundance_0.05,G28479A;A28496G;C28500T;C28512A;C28542T;A28549C;A28571T;T28640G,N:G69E;N:N75D;N:T76I;N:P80Q;N:A90V;N:R92S;N:K100*;N:Y123D,10,749,0.0133511348464619,0,
2262026,BA.2_0.03_abundance_0.05,C29045G;A29078C;G29135A;A29168G;C29198G;C29211G;A29237T;G29240A;G29262T;C29268G;T29308G,N:P258A;N:N269H;N:D288N;N:K299E;N:P309A;N:A313G;N:M322L;N:E323K;N:W330L;N:T332S;N:N345K,69,2524,0.027337559429477,0,
2262026,BA.2_0.03_abundance_0.05,C29203G;C29236G,N:S310R;N:G321G,221,2534,0.0872138910812943,0,
2262026,BA.2_0.03_abundance_0.05,A29412G;A29428T;G29440C;T29461A;T29471C;A29510C;T29512C;T29581A;T29588G;A29596C;T29626G;G29648T,N:Q380R;N:R385S;N:Q389H;N:P396P;N:L400L;N:S413R;N:S413S;ORF10:A8A;ORF10:F11V;ORF10:I13I;ORF10:S23S;ORF10:D31Y,68,2493,0.0272763738467709,0,
2262026,BA.2_0.03_abundance_0.05,T29464A;A29510C,N:A397A;N:S413R,264,3505,0.075320970042796,63,BA.5.2.35:19;BA.5.2:5;BA.2.9:12;BA.2:15;BF.2:1;BA.5.2.41:1;BA.2.3:1;BE.1:1;BA.4.6.4:2;BA.2.9.5:1;BA.5.5:4;BA.2.2:1
3052026,BA.2_0.03_abundance_0.05,T276C;C292A;C366T;T369G,ORF1a:L4P;ORF1a:N9K;ORF1a:S34F;ORF1a:V35G,6,97,0.0618556701030927,0,
3052026,BA.2_0.03_abundance_0.05,C366T;T369G;C379T;A481T;C494G;A535T;T559G;A624C;A650C;T661A;T670G,ORF1a:S34F;ORF1a:V35G;ORF1a:V38V;ORF1a:K72N;ORF1a:R77G;ORF1a:A90A;ORF1a:G98G;ORF1a:K120T;ORF1a:K129Q;ORF1a:G132G;ORF1a:S135R,92,2665,0.0345215759849906,0,
3052026,BA.2_0.03_abundance_0.05,G411C;G645A;T670G,ORF1a:G49A;ORF1a:G127D;ORF1a:S135R,27,2671,0.010108573567952,0,
3052026,BA.2_0.03_abundance_0.05,G645A;T670G,ORF1a:G127D;ORF1a:S135R,269,2676,0.1005231689088191,188,BA.5:2;BA.5.1.22:2;BA.5.1:14;BA.2:68;BA.2.38:1;BE.1.1:5;BA.2.17:1;BA.2.12.1:11;BE.1.4:2;BA.5.1.23:1;BA.2.10:2;BA.5.6:3;BA.2.3:8;BA.5.2:2;BA.2.9:6;BA.5.5:9;CH.1.1:1;XBB.1.4:1;BQ.1.8:1;BA.4.1:4;BA.5.2.1:11;BF.1:1;BA.4.1.1:2;BA.5.3.1:1;BF.5:5;BF.28:1;BA.2.9.3:1;BQ.1.1:4;BA.5.1.18:1;BA.2.75:3;BA.2.9.5:1;BA.5.1.1:2;BA.2.3.13:2;CP.5:2;BA.2.18:1;BA.4:1;BA.2.47:2;BE.5:1;BQ.1.1.18:2
3052026,BA.2_0.03_abundance_0.05,T670G;C715A,ORF1a:S135R;ORF1a:G150G,88,302,0.2913907284768212,7,BA.5.2.1:5;BQ.1.14:1;BA.2.9:1
3052026,BA.2_0.03_abundance_0.05,T670G;G803C,ORF1a:S135R;ORF1a:G180R,9,302,0.0298013245033112,1,BN.1.1:1
3052026,BA.2_0.03_abundance_0.05,C715A;G803C,ORF1a:G150G;ORF1a:G180R,35,2924,0.011969904240766,0,
3052026,BA.2_0.03_abundance_0.05,C1026A;C1057G;T1081G;T1116A;A1133C;T1199C;C1201A;A1230C;A1249G;A1278C,ORF1a:P254H;ORF1a:D264E;ORF1a:N272K;ORF1a:I284N;ORF1a:K290Q;ORF1a:C312R;ORF1a:C312*;ORF1a:K322T;ORF1a:E328E;ORF1a:K338T,55,1230,0.0447154471544715,0,
3052026,BA.2_0.03_abundance_0.05,C1616T;T1654A;G1655T;A1810G;C1825G;G1855A;C1889T,ORF1a:L451F;ORF1a:I463I;ORF1a:V464F;ORF1a:K515K;ORF1a:A520A;ORF1a:L530L;ORF1a:R542C,128,2714,0.0471628592483419,0,
3052026,BA.2_0.03_abundance_0.05,T2087C;G2150A,ORF1a:L608L;ORF1a:D629N,129,962,0.1340956340956341,0,
3052026,BA.2_0.03_abundance_0.05,T2115G;G2150A,ORF1a:F617C;ORF1a:D629N,14,962,0.0145530145530145,0,
3052026,BA.2_0.03_abundance_0.05,C2262G;G2265C;T2298G;A2342C;A2380T;A2466G;A2473C,ORF1a:T666S;ORF1a:C667S;ORF1a:F678C;ORF1a:I693L;ORF1a:L705F;ORF1a:K734R;ORF1a:P736P,28,699,0.0400572246065808,0,
3052026,BA.2_0.03_abundance_0.05,C2892T;T2963A;C2976G;A2994T;A3003G;C3037T;T3055A;A3063T;A3098C;T3112G,ORF1a:A876V;ORF1a:W900R;ORF1a:T904R;ORF1a:E910V;ORF1a:E913G;ORF1a:F924F;ORF1a:D930E;ORF1a:E933V;ORF1a:T945P;ORF1a:Y949*,9,111,0.081081081081081,0,
3052026,BA.2_0.03_abundance_0.05,A3235G;C3315G;G3323C;A3327T;A3332T;G3371A;G3392A;A3396G;A3408C;T3432A;A3461G,ORF1a:Q990Q;ORF1a:T1017R;ORF1a:V1020L;ORF1a:Q1021L;ORF1a:I1023F;ORF1a:D1036N;ORF1a:A1043T;ORF1a:D1044G;ORF1a:E1048A;ORF1a:V1056E;ORF1a:K1066E,12,274,0.0437956204379562,0,
3052026,BA.2_0.03_abundance_0.05,G4678C;T4693G;C4716T;A4731T;T4738A;T4771G,ORF1a:V1471V;ORF1a:S1476S;ORF1a:T1484I;ORF1a:Y1489F;ORF1a:T1491T;ORF1a:I1502M,7,249,0.0281124497991967,0,
3052026,BA.2_0.03_abundance_0.05,G4836T;C4898T,ORF1a:G1524V;ORF1a:H1545Y,19,242,0.0785123966942148,1,BA.2:1
3052026,BA.2_0.03_abundance_0.05,G6220T;C6286A;A6332T;C6363G;A6375C;A6400G;G6413A,ORF1a:L1985F;ORF1a:T2007T;ORF1a:N2023Y;ORF1a:A2033G;ORF1a:D2037A;ORF1a:K2045K;ORF1a:E2050K,31,542,0.0571955719557195,0,
3052026,BA.2_0.03_abundance_0.05,G6557C;T6580A;A6581C;A6601G;T6634C;T6643G;A6677C;G6713T;T6820C,ORF1a:A2098P;ORF1a:L2105L;ORF1a:T2106P;ORF1a:E2112E;ORF1a:A2123A;ORF1a:G2126G;ORF1a:I2138L;ORF1a:V2150F;ORF1a:S2185S,31,544,0.056985294117647,0,
3052026,BA.2_0.03_abundance_0.05,G7070T;A7074C;C7101A;T7157A;T7166G;C7173G;T7217C;A7242G;T7288C;G7294C;C7307A;A7309C;T7325C;T7326C;T7327A,ORF1a:G2269C;ORF1a:Y2270S;ORF1a:A2279E;ORF1a:L2298I;ORF1a:Y2301D;ORF1a:S2303C;ORF1a:L2318L;ORF1a:E2326G;ORF1a:L2341L;ORF1a:L2343F;ORF1a:Q2348K;ORF1a:Q2348H;ORF1a:F2354L;ORF1a:F2354S;ORF1a:F2354L,6,128,0.046875,0,
3052026,BA.2_0.03_abundance_0.05,C7101A;T7157A;T7166G;C7173G;T7217C;A7242G;T7288C;G7294C;C7307A;A7309C;T7325C;T7326C;T7327A,ORF1a:A2279E;ORF1a:L2298I;ORF1a:Y2301D;ORF1a:S2303C;ORF1a:L2318L;ORF1a:E2326G;ORF1a:L2341L;ORF1a:L2343F;ORF1a:Q2348K;ORF1a:Q2348H;ORF1a:F2354L;ORF1a:F2354S;ORF1a:F2354L,12,433,0.0277136258660508,0,
3052026,BA.2_0.03_abundance_0.05,G8018T;A8020T;T8038C;A8087T;T8119C;A8122T;A8159C;G8183T;A8211G;A8223T;A8241T,ORF1a:E2585*;ORF1a:E2585D;ORF1a:F2591F;ORF1a:K2608*;ORF1a:A2618A;ORF1a:E2619D;ORF1a:T2632P;ORF1a:G2640W;ORF1a:K2649R;ORF1a:E2653V;ORF1a:H2659L,10,563,0.0177619893428063,0,
3052026,BA.2_0.03_abundance_0.05,G8018T;A8020T;T8038C;A8087T;T8119C;A8122T;A8159C;G8183T;A8211G;A8223T;A8241T;A8298G,ORF1a:E2585*;ORF1a:E2585D;ORF1a:F2591F;ORF1a:K2608*;ORF1a:A2618A;ORF1a:E2619D;ORF1a:T2632P;ORF1a:G2640W;ORF1a:K2649R;ORF1a:E2653V;ORF1a:H2659L;ORF1a:N2678S,10,399,0.025062656641604,0,
3052026,BA.2_0.03_abundance_0.05,A8298G;G8349T;G8404C;T8431C;A8446C;A8474C;A8475G;T8569G;G8591T,ORF1a:N2678S;ORF1a:S2695I;ORF1a:W2713C;ORF1a:S2722S;ORF1a:K2727N;ORF1a:N2737H;ORF1a:N2737S;ORF1a:N2768K;ORF1a:V2776F,7,661,0.010590015128593,0,
3052026,BA.2_0.03_abundance_0.05,A8298G;G8404C;T8431C;A8446C;A8474C;A8475G;T8569G;G8591T,ORF1a:N2678S;ORF1a:W2713C;ORF1a:S2722S;ORF1a:K2727N;ORF1a:N2737H;ORF1a:N2737S;ORF1a:N2768K;ORF1a:V2776F,30,661,0.0453857791225416,0,
3052026,BA.2_0.03_abundance_0.05,G8952T;T8978G;G8999A;G9014C;G9035C;G9063C;G9083C;C9159G;G9182C;G9190C;A9197C,ORF1a:C2896F;ORF1a:Y2905D;ORF1a:A2912T;ORF1a:A2917P;ORF1a:D2924H;ORF1a:C2933S;ORF1a:E2940Q;ORF1a:P2965R;ORF1a:V2973L;ORF1a:V2975V;ORF1a:T2978P,14,320,0.04375,0,
3052026,BA.2_0.03_abundance_0.05,G9273C;G9311A;G9335C;C9344T;A9353G;C9365A;G9414T;T9415G;A9424G;T9429A;T9455G;A9496G;T9513A;C9534T;T9540C,ORF1a:R3003T;ORF1a:G3016R;ORF1a:V3024L;ORF1a:L3027F;ORF1a:M3030V;ORF1a:L3034I;ORF1a:G3050V;ORF1a:G3050G;ORF1a:V3053V;ORF1a:I3055N;ORF1a:F3064V;ORF1a:V3077V;ORF1a:L3083*;ORF1a:T3090I;ORF1a:L3092P,5,223,0.0224215246636771,0,
3052026,BA.2_0.03_abundance_0.05,C9344T;A9424G;C9532A;C9534T,ORF1a:L3027F;ORF1a:V3053V;ORF1a:F3089L;ORF1a:T3090I,26,257,0.1011673151750972,25,BA.2:13;BA.2.9:2;BA.5:1;BA.4.2:1;BA.4.6:6;BA.5.2.20:1;BA.5.2:1
3052026,BA.2_0.03_abundance_0.05,C9344T;A9424G;T9465C;C9534T,ORF1a:L3027F;ORF1a:V3053V;ORF1a:F3067S;ORF1a:T3090I,13,257,0.0505836575875486,4,BA.4.1:2;BA.2.12.1:1;BA.2:1
3052026,BA.2_0.03_abundance_0.05,T9513A;C9534T;T9540C;T9622G;C9745A;A9760T;T9765A;G9770A;G9805A;T9813A;T9819A;A9820T,ORF1a:L3083*;ORF1a:T3090I;ORF1a:L3092P;ORF1a:D3119E;ORF1a:Y3160*;ORF1a:V3165V;ORF1a:F3167Y;ORF1a:G3169S;ORF1a:L3180L;ORF1a:F3183Y;ORF1a:L3185*;ORF1a:L3185F,5,223,0.0224215246636771,0,
3052026,BA.2_0.03_abundance_0.05,T9513A;C9534T;T9540C;T9622G;C9745A;A9760T;T9765A;G9770A;G9805A;T9813A,ORF1a:L3083*;ORF1a:T3090I;ORF1a:L3092P;ORF1a:D3119E;ORF1a:Y3160*;ORF1a:V3165V;ORF1a:F3167Y;ORF1a:G3169S;ORF1a:L3180L;ORF1a:F3183Y,6,507,0.0118343195266272,0,
3052026,BA.2_0.03_abundance_0.05,T9513A;C9534T;T9540C;C9745A;A9760T;T9765A;G9770A;G9805A;T9813A,ORF1a:L3083*;ORF1a:T3090I;ORF1a:L3092P;ORF1a:Y3160*;ORF1a:V3165V;ORF1a:F3167Y;ORF1a:G3169S;ORF1a:L3180L;ORF1a:F3183Y,6,507,0.0118343195266272,0,
3052026,BA.2_0.03_abundance_0.05,C9532A;C9534T;T9622G,ORF1a:F3089L;ORF1a:T3090I;ORF1a:D3119E,141,2017,0.0699058006941001,0,
3052026,BA.2_0.03_abundance_0.05,C9532A;C9534T,ORF1a:F3089L;ORF1a:T3090I,117,2274,0.0514511873350923,26,BA.2:14;BA.2.9:2;BA.5:1;BA.4.2:1;BA.4.6:6;BA.5.2.20:1;BA.5.2:1
3052026,BA.2_0.03_abundance_0.05,C9534T;T9622G,ORF1a:T3090I;ORF1a:D3119E,806,2017,0.3996033713435796,2,BF.8:1;CN.1:1
3052026,BA.2_0.03_abundance_0.05,C9534T;A9602C,ORF1a:T3090I;ORF1a:T3113P,89,2017,0.0441249380267724,0,
3052026,BA.2_0.03_abundance_0.05,C9534T;A9602C;T9622G,ORF1a:T3090I;ORF1a:T3113P;ORF1a:D3119E,109,2017,0.054040654437283,0,
3052026,BA.2_0.03_abundance_0.05,C9534T;T9540C;C9745A;A9760T;T9765A;G9770A;G9805A;T9813A;T9819A;A9820T,ORF1a:T3090I;ORF1a:L3092P;ORF1a:Y3160*;ORF1a:V3165V;ORF1a:F3167Y;ORF1a:G3169S;ORF1a:L3180L;ORF1a:F3183Y;ORF1a:L3185*;ORF1a:L3185F,10,639,0.0156494522691705,0,
3052026,BA.2_0.03_abundance_0.05,C9534T;T9540C;T9622G;C9745A;A9760T;T9765A;G9770A;G9805A;T9813A;T9819A;A9820T,ORF1a:T3090I;ORF1a:L3092P;ORF1a:D3119E;ORF1a:Y3160*;ORF1a:V3165V;ORF1a:F3167Y;ORF1a:G3169S;ORF1a:L3180L;ORF1a:F3183Y;ORF1a:L3185*;ORF1a:L3185F,8,639,0.0125195618153364,0,
3052026,BA.2_0.03_abundance_0.05,C10029T;G9841C,ORF1a:T3255I;ORF1a:K3192N,18,81,0.2222222222222222,4,BE.1.1:2;BA.2.3:1;AY.29:1
3052026,BA.2_0.03_abundance_0.05,G10413T;A10640T;T10679C,ORF1a:G3383V;ORF1a:T3459S;ORF1a:Y3472H,6,159,0.0377358490566037,0,
3052026,BA.2_0.03_abundance_0.05,G10413T;T10679C,ORF1a:G3383V;ORF1a:Y3472H,9,159,0.0566037735849056,0,
3052026,BA.2_0.03_abundance_0.05,A10640T;T10679C,ORF1a:T3459S;ORF1a:Y3472H,18,159,0.1132075471698113,0,
3052026,BA.2_0.03_abundance_0.05,A10760G;A10767G;T10769G;A10781G;A10884T;C10969G;A10984G;G10986A,ORF1a:K3499E;ORF1a:N3501S;ORF1a:Y3502D;ORF1a:T3506A;ORF1a:N3540I;ORF1a:F3568L;ORF1a:K3573K;ORF1a:R3574K,22,1129,0.0194862710363153,0,
3052026,BA.2_0.03_abundance_0.05,A10760G;A10767G;T10769G;A10781G;A10884T;C10969G;G10986A,ORF1a:K3499E;ORF1a:N3501S;ORF1a:Y3502D;ORF1a:T3506A;ORF1a:N3540I;ORF1a:F3568L;ORF1a:R3574K,12,1129,0.0106288751107174,0,
3052026,BA.2_0.03_abundance_0.05,A10760G;A10767G;T10769G;A10781G;A10884T;C10969G;A10984G;G10986A;A11041T,ORF1a:K3499E;ORF1a:N3501S;ORF1a:Y3502D;ORF1a:T3506A;ORF1a:N3540I;ORF1a:F3568L;ORF1a:K3573K;ORF1a:R3574K;ORF1a:L3592F,5,140,0.0357142857142857,0,
3052026,BA.2_0.03_abundance_0.05,C10775A;T10896G;A10984G,ORF1a:P3504T;ORF1a:I3544R;ORF1a:K3573K,27,1129,0.0239149689991142,0,
3052026,BA.2_0.03_abundance_0.05,T10896G;A10984G,ORF1a:I3544R;ORF1a:K3573K,480,1129,0.4251550044286979,0,
3052026,BA.2_0.03_abundance_0.05,A11041T;T11045A;C11060G;T11137C;C11152T;T11180G;G11198T;C11208G;G11222A;A11237T;A11270T;G11312T,ORF1a:L3592F;ORF1a:L3594I;ORF1a:Q3599E;ORF1a:F3624F;ORF1a:V3629V;ORF1a:F3639V;ORF1a:A3645S;ORF1a:A3648G;ORF1a:V3653I;ORF1a:S3658C;ORF1a:M3669L;ORF1a:V3683F,65,1227,0.0529747351263243,0,
3052026,BA.2_0.03_abundance_0.05,T11675G;C11685G;T11705C;T11725C;A11841T;T11864A;T11918G,ORF1a:F3804V;ORF1a:T3807S;ORF1a:L3814L;ORF1a:F3820F;ORF1a:Q3859L;ORF1a:C3867S;ORF1a:S3885A,6,88,0.0681818181818181,0,
3052026,BA.2_0.03_abundance_0.05,T11675G;C11685G;T11705C;T11725C;A11841T;T11864A,ORF1a:F3804V;ORF1a:T3807S;ORF1a:L3814L;ORF1a:F3820F;ORF1a:Q3859L;ORF1a:C3867S,57,1012,0.0563241106719367,0,
3052026,BA.2_0.03_abundance_0.05,T11918G;C11967G;T12017C;C12029T;C12084G;T12109C;G12131T;T12204C,ORF1a:S3885A;ORF1a:A3901G;ORF1a:L3918L;ORF1a:Q3922*;ORF1a:T3940S;ORF1a:F3948F;ORF1a:A3956S;ORF1a:L3980S,82,2118,0.0387157695939565,0,
3052026,BA.2_0.03_abundance_0.05,T12204C;A12250G;A12272G;A12306C;A12307T;A12337T;G12373C;T12375A;A12397G;G12419T,ORF1a:L3980S;ORF1a:A3995A;ORF1a:K4003E;ORF1a:K4014T;ORF1a:K4014N;ORF1a:K4024N;ORF1a:M4036I;ORF1a:L4037H;ORF1a:A4044A;ORF1a:A4052S,15,291,0.0515463917525773,0,
3052026,BA.2_0.03_abundance_0.05,T12567C;T12655A;A12687T,ORF1a:V4101A;ORF1a:A4130A;ORF1a:N4141I,496,2613,0.1898201301186375,0,
3052026,BA.2_0.03_abundance_0.05,T12567C;A12687T,ORF1a:V4101A;ORF1a:N4141I,588,2613,0.2250287026406429,0,
3052026,BA.2_0.03_abundance_0.05,T12567C;T12655A,ORF1a:V4101A;ORF1a:A4130A,145,2798,0.0518227305218012,0,
3052026,BA.2_0.03_abundance_0.05,T12655A;A12687T,ORF1a:A4130A;ORF1a:N4141I,525,2613,0.200918484500574,0,
3052026,BA.2_0.03_abundance_0.05,A12782C;A12800C;C12809A;C12830A;T12856G;T12874A;C12880T;A12898G;A12936C;A12951T;A12960C;A12977T;G12989A;C13047G,ORF1a:N4173H;ORF1a:R4179R;ORF1a:L4182I;ORF1a:Q4189K;ORF1a:P4197P;ORF1a:G4203G;ORF1a:I4205I;ORF1a:P4211P;ORF1a:K4224T;ORF1a:Y4229F;ORF1a:K4232T;ORF1a:N4238Y;ORF1a:V4242I;ORF1a:P4261R,114,3017,0.0377858800132582,0,
3052026,BA.2_0.03_abundance_0.05,A12787G;C12880T,ORF1a:T4174T;ORF1a:I4205I,345,4552,0.0757908611599297,112,BA.5.1:5;BA.5.1.21:2;BA.2:39;BA.5.2.6:5;BA.5.5:2;BA.4.6:27;BQ.1:2;BA.2.9:2;BA.5.2.27:1;BA.5.2.22:1;BA.5.1.25:1;BA.4.1:1;BF.7:8;BA.2.12.1:2;BA.2.13:1;BA.5.2:4;BQ.1.1:1;BE.1.1:2;BA.2.10.1:1;BA.5:1;BA.5.6:1;BA.5.2.1:1;BA.2.75:2
3052026,BA.2_0.03_abundance_0.05,C12880T;A12982G,ORF1a:I4205I;ORF1a:R4239R,364,4248,0.0856873822975518,47,BA.4:1;BA.2.56:11;BE.1.1:1;BA.5.3:1;BA.5.1:4;BA.2.9:4;BA.5.1.25:7;BS.1:1;BA.2:4;BA.5.2.1:2;BQ.1.1:1;BA.5.1.22:2;BF.1:2;BQ.1.1.15:1;BA.5.2:3;BA.2.12.1:2
3052026,BA.2_0.03_abundance_0.05,C13047G;C13130G;A13204C;T13227C;C13236T;T13241C;G13293A;A13300T;T13331A,ORF1a:P4261R;ORF1a:Q4289E;ORF1a:E4313D;ORF1a:F4321S;ORF1a:A4324V;ORF1a:C4326R;ORF1a:C4343Y;ORF1a:L4345F;ORF1a:C4356S,75,1486,0.0504710632570659,0,
3052026,BA.2_0.03_abundance_0.05,G13639C;T13648A;A13675G;A13691T;T13705G;A13712G;C13808T;A13922C;G13948T,ORF1b:D58H;ORF1b:F61I;ORF1b:N70D;ORF1b:E75V;ORF1b:L80V;ORF1b:K82R;ORF1b:T114I;ORF1b:D152A;ORF1b:D161Y,12,253,0.0474308300395256,0,
3052026,BA.2_0.03_abundance_0.05,G13639C;T13648A;A13675G;A13691T;T13705G;A13712G;C13808T;A13922C,ORF1b:D58H;ORF1b:F61I;ORF1b:N70D;ORF1b:E75V;ORF1b:L80V;ORF1b:K82R;ORF1b:T114I;ORF1b:D152A,39,1112,0.0350719424460431,0,
3052026,BA.2_0.03_abundance_0.05,T13648A;A13675G;A13691T;T13705G;A13712G;C13808T;A13922C,ORF1b:F61I;ORF1b:N70D;ORF1b:E75V;ORF1b:L80V;ORF1b:K82R;ORF1b:T114I;ORF1b:D152A,19,1581,0.0120177103099304,0,
3052026,BA.2_0.03_abundance_0.05,T13648A;A13675G;A13691T;T13705G;A13712G;C13808T;A13922C;G13948T,ORF1b:F61I;ORF1b:N70D;ORF1b:E75V;ORF1b:L80V;ORF1b:K82R;ORF1b:T114I;ORF1b:D152A;ORF1b:D161Y,6,369,0.016260162601626,0,
3052026,BA.2_0.03_abundance_0.05,G13948T;C14006A;T14042G;T14064C;T14082G;A14107T;C14114A;C14115A;T14132C;T14152C;A14205G;T14238A,ORF1b:D161Y;ORF1b:T180K;ORF1b:I192S;ORF1b:D199D;ORF1b:G205G;ORF1b:I214L;ORF1b:T216N;ORF1b:T216T;ORF1b:V222A;ORF1b:Y229H;ORF1b:S246S;ORF1b:I257I,6,182,0.0329670329670329,0,
3052026,BA.2_0.03_abundance_0.05,C14006A;T14042G;T14064C;T14082G;A14107T;C14114A;C14115A;T14132C;T14152C;A14205G;T14238A;G14260T,ORF1b:T180K;ORF1b:I192S;ORF1b:D199D;ORF1b:G205G;ORF1b:I214L;ORF1b:T216N;ORF1b:T216T;ORF1b:V222A;ORF1b:Y229H;ORF1b:S246S;ORF1b:I257I;ORF1b:D265Y,28,591,0.0473773265651438,0,
3052026,BA.2_0.03_abundance_0.05,C14006A;T14042G;T14064C;T14082G;A14107T;C14114A;C14115A;T14132C;T14152C;A14205G;T14238A,ORF1b:T180K;ORF1b:I192S;ORF1b:D199D;ORF1b:G205G;ORF1b:I214L;ORF1b:T216N;ORF1b:T216T;ORF1b:V222A;ORF1b:Y229H;ORF1b:S246S;ORF1b:I257I,26,1391,0.0186915887850467,0,
3052026,BA.2_0.03_abundance_0.05,T14238A;G14260T;A14302G;C14318A;A14339G;A14355G;C14408T;T14418C;A14457T;T14543C;A14550G,ORF1b:I257I;ORF1b:D265Y;ORF1b:K279E;ORF1b:T284K;ORF1b:N291S;ORF1b:R296R;ORF1b:P314L;ORF1b:F317F;ORF1b:P330P;ORF1b:F359S;ORF1b:E361E,7,218,0.0321100917431192,0,
3052026,BA.2_0.03_abundance_0.05,G14260T;A14302G;C14318A;A14339G;A14355G;C14408T;T14418C;A14457T;T14543C;A14550G;C14567G,ORF1b:D265Y;ORF1b:K279E;ORF1b:T284K;ORF1b:N291S;ORF1b:R296R;ORF1b:P314L;ORF1b:F317F;ORF1b:P330P;ORF1b:F359S;ORF1b:E361E;ORF1b:A367G,8,218,0.036697247706422,0,
3052026,BA.2_0.03_abundance_0.05,G14260T;A14302G;C14318A;A14339G;A14355G;C14408T;T14418C;A14457T;T14543C;A14550G,ORF1b:D265Y;ORF1b:K279E;ORF1b:T284K;ORF1b:N291S;ORF1b:R296R;ORF1b:P314L;ORF1b:F317F;ORF1b:P330P;ORF1b:F359S;ORF1b:E361E,48,1312,0.0365853658536585,0,
3052026,BA.2_0.03_abundance_0.05,A14607C;C14636G,ORF1b:L380L;ORF1b:A390G,24,203,0.1182266009852216,0,
3052026,BA.2_0.03_abundance_0.05,T15560G;A15582C;T15584C;A15626T;G15649T;T15686G;C15714T;T15733C;T15817A,ORF1b:L698R;ORF1b:K705N;ORF1b:I706T;ORF1b:E720V;ORF1b:V728F;ORF1b:L740W;ORF1b:L749L;ORF1b:C756R;ORF1b:F784I,59,5175,0.0114009661835748,0,
3052026,BA.2_0.03_abundance_0.05,T15560G;A15582C;T15584C;A15626T;T15686G;C15714T;T15733C;T15817A,ORF1b:L698R;ORF1b:K705N;ORF1b:I706T;ORF1b:E720V;ORF1b:L740W;ORF1b:L749L;ORF1b:C756R;ORF1b:F784I,91,5175,0.0175845410628019,0,
3052026,BA.2_0.03_abundance_0.05,T15560G;A15582C;T15584C;A15626T;T15686G;C15714T;T15733C;T15817A;G15850A,ORF1b:L698R;ORF1b:K705N;ORF1b:I706T;ORF1b:E720V;ORF1b:L740W;ORF1b:L749L;ORF1b:C756R;ORF1b:F784I;ORF1b:D795N,20,1187,0.016849199663016,0,
3052026,BA.2_0.03_abundance_0.05,T15560G;A15582C;T15584C;A15626T;G15649T;T15686G;C15714T;T15733C;T15817A;G15850A,ORF1b:L698R;ORF1b:K705N;ORF1b:I706T;ORF1b:E720V;ORF1b:V728F;ORF1b:L740W;ORF1b:L749L;ORF1b:C756R;ORF1b:F784I;ORF1b:D795N,13,1187,0.0109519797809604,0,
3052026,BA.2_0.03_abundance_0.05,C15587T;C15714T,ORF1b:A707V;ORF1b:L749L,427,5602,0.0762227775794359,158,BA.5.6:3;BA.2:58;BA.2.9.7:4;BA.2.9:9;BF.7.5:1;BE.4.2:1;BA.5.1:5;BA.2.12.1:11;BA.5.2:11;BF.7:2;BA.5.2.1:22;BA.5.2.22:2;BA.4:5;BA.2.75:4;BA.2.3.7:5;BA.2.10:1;BA.2.75.5:2;BA.5.2.7:1;BA.5.2.3:1;BQ.1.1:1;BA.2.23:1;BQ.1.6:1;BA.4.6:1;BE.1.1:3;CM.2:1;BA.5.1.10:1;BA.2.3.1:1
3052026,BA.2_0.03_abundance_0.05,C15587T;G15649T;C15714T,ORF1b:A707V;ORF1b:V728F;ORF1b:L749L,298,5602,0.053195287397358,0,
3052026,BA.2_0.03_abundance_0.05,G15649T;C15714T,ORF1b:V728F;ORF1b:L749L,1440,5603,0.2570051757986792,40,BA.2:11;BE.1.1:1;BF.5:5;CH.1.1:1;BF.7:2;BF.14:1;BA.5.2.1:7;BA.4.1:2;BE.4.1:3;BA.2.3:1;BA.2.9:4;BA.5.2.9:1;XBB.1:1
3052026,BA.2_0.03_abundance_0.05,G15649T;A15659G;C15714T,ORF1b:V728F;ORF1b:D731G;ORF1b:L749L,172,5603,0.03069784044262,0,
3052026,BA.2_0.03_abundance_0.05,G15649T;C15714T;T15790G,ORF1b:V728F;ORF1b:L749L;ORF1b:S775A,166,5207,0.0318801613212982,0,
3052026,BA.2_0.03_abundance_0.05,A15659G;C15714T,ORF1b:D731G;ORF1b:L749L,266,5603,0.0474745671961449,24,BQ.1.9:3;BE.1.1:5;XBB.1:1;BA.5.2.1:9;BA.2.9:1;BA.2.3:3;BA.2:1;BA.5.1:1
3052026,BA.2_0.03_abundance_0.05,C15714T;T15790G,ORF1b:L749L;ORF1b:S775A,199,5207,0.0382177837526406,7,BA.2.72:3;BA.2:1;BA.2.75:1;BA.5.2:2
3052026,BA.2_0.03_abundance_0.05,T15880C;T15953A;T16023G;T16024C;T16025G;C16028T;G16075A;T16154G;T16157C;T16161G,ORF1b:S805P;ORF1b:L829Q;ORF1b:S852S;ORF1b:L853L;ORF1b:L853*;ORF1b:A854V;ORF1b:D870N;ORF1b:V896G;ORF1b:M897T;ORF1b:L898L,52,1570,0.0331210191082802,0,
3052026,BA.2_0.03_abundance_0.05,T16154G;T16157C;T16161G;C16234T;C16247G;T16287C;A16318C;A16341C;T16366A;C16394A;C16418A;C16423A,ORF1b:V896G;ORF1b:M897T;ORF1b:L898L;ORF1b:Q923*;ORF1b:A927G;ORF1b:G940G;ORF1b:K951Q;ORF1b:I958I;ORF1b:S967T;ORF1b:P976Q;ORF1b:T984N;ORF1b:L986I,14,327,0.0428134556574923,0,
3052026,BA.2_0.03_abundance_0.05,T16157C;T16161G;C16234T;C16247G;T16287C;A16318C;A16341C;T16366A;C16394A;C16418A;C16423A,ORF1b:M897T;ORF1b:L898L;ORF1b:Q923*;ORF1b:A927G;ORF1b:G940G;ORF1b:K951Q;ORF1b:I958I;ORF1b:S967T;ORF1b:P976Q;ORF1b:T984N;ORF1b:L986I,14,532,0.0263157894736842,0,
3052026,BA.2_0.03_abundance_0.05,G16207C;C16351T,ORF1b:A914P;ORF1b:H962Y,52,976,0.0532786885245901,0,
3052026,BA.2_0.03_abundance_0.05,C16234T;C16247G;T16287C;A16318C;A16341C;T16366A;C16394A;C16418A;C16423A,ORF1b:Q923*;ORF1b:A927G;ORF1b:G940G;ORF1b:K951Q;ORF1b:I958I;ORF1b:S967T;ORF1b:P976Q;ORF1b:T984N;ORF1b:L986I,15,905,0.0165745856353591,0,
3052026,BA.2_0.03_abundance_0.05,T16860G;T17016A;C17069G;C17077G,ORF1b:A1131A;ORF1b:D1183E;ORF1b:S1201C;ORF1b:Q1204E,96,1998,0.048048048048048,0,
3052026,BA.2_0.03_abundance_0.05,G17211C;C17410T,ORF1b:L1248F;ORF1b:R1315C,585,1513,0.3866490416391275,0,
3052026,BA.2_0.03_abundance_0.05,C17410T;A17702C,ORF1b:R1315C;ORF1b:N1412T,57,304,0.1875,0,
3052026,BA.2_0.03_abundance_0.05,C17410T;A17431G;G17437A;A17477C;A17482G;C17483A;A17515G;A17542C;C17555T;A17576C;T17582C,ORF1b:R1315C;ORF1b:I1322V;ORF1b:D1324N;ORF1b:K1337T;ORF1b:T1339A;ORF1b:T1339K;ORF1b:R1350G;ORF1b:M1359L;ORF1b:T1363I;ORF1b:E1370A;ORF1b:V1372A,10,356,0.0280898876404494,0,
3052026,BA.2_0.03_abundance_0.05,C17410T;G17437A;A17702C,ORF1b:R1315C;ORF1b:D1324N;ORF1b:N1412T,70,304,0.2302631578947368,0,
3052026,BA.2_0.03_abundance_0.05,C17410T;G17437A,ORF1b:R1315C;ORF1b:D1324N,102,356,0.2865168539325842,1,BA.2.3:1
3052026,BA.2_0.03_abundance_0.05,A17431G;G17437A;A17477C;A17482G;C17483A;A17515G;A17542C;C17555T;A17576C;T17582C,ORF1b:I1322V;ORF1b:D1324N;ORF1b:K1337T;ORF1b:T1339A;ORF1b:T1339K;ORF1b:R1350G;ORF1b:M1359L;ORF1b:T1363I;ORF1b:E1370A;ORF1b:V1372A,41,2858,0.0143456962911126,0,
3052026,BA.2_0.03_abundance_0.05,A17431G;A17477C;A17482G;C17483A;A17515G;A17542C;C17555T;A17576C;T17582C,ORF1b:I1322V;ORF1b:K1337T;ORF1b:T1339A;ORF1b:T1339K;ORF1b:R1350G;ORF1b:M1359L;ORF1b:T1363I;ORF1b:E1370A;ORF1b:V1372A,33,2858,0.0115465360391882,0,
3052026,BA.2_0.03_abundance_0.05,G17437A;A17702C,ORF1b:D1324N;ORF1b:N1412T,526,2560,0.20546875,0,
3052026,BA.2_0.03_abundance_0.05,A17702C;A17783C,ORF1b:N1412T;ORF1b:N1439T,15,184,0.0815217391304347,0,
3052026,BA.2_0.03_abundance_0.05,C18419A;T18435G;C18460G;C18493G;A18503C;T18521G;A18563T;T18608G;G18627C,ORF1b:T1651K;ORF1b:D1656E;ORF1b:P1665A;ORF1b:L1676V;ORF1b:K1679T;ORF1b:V1685G;ORF1b:K1699I;ORF1b:F1714C;ORF1b:K1720N,13,271,0.047970479704797,0,
3052026,BA.2_0.03_abundance_0.05,C18419A;T18435G;C18460G;C18493G;A18503C;T18521G;A18563T;T18608G,ORF1b:T1651K;ORF1b:D1656E;ORF1b:P1665A;ORF1b:L1676V;ORF1b:K1679T;ORF1b:V1685G;ORF1b:K1699I;ORF1b:F1714C,5,345,0.0144927536231884,0,
3052026,BA.2_0.03_abundance_0.05,G18627C;T18741A;C18747T;C18775G;A18798T;C18823A;C18828A;A18868C,ORF1b:K1720N;ORF1b:D1758E;ORF1b:V1760V;ORF1b:Q1770E;ORF1b:L1777L;ORF1b:Q1786K;ORF1b:V1787V;ORF1b:T1801P,39,716,0.0544692737430167,0,
3052026,BA.2_0.03_abundance_0.05,T18741A;C18747T;C18775G;A18798T;C18823A;C18828A;A18868C,ORF1b:D1758E;ORF1b:V1760V;ORF1b:Q1770E;ORF1b:L1777L;ORF1b:Q1786K;ORF1b:V1787V;ORF1b:T1801P,203,4513,0.0449811655218258,0,
3052026,BA.2_0.03_abundance_0.05,T19025G;C19097G;T19139G;G19193T;A19210C;T19224C,ORF1b:L1853R;ORF1b:A1877G;ORF1b:F1891C;ORF1b:W1909L;ORF1b:R1915R;ORF1b:N1919N,14,306,0.0457516339869281,0,
3052026,BA.2_0.03_abundance_0.05,C21707A;G21746C;C21762A;C21840T;T21841G;T21842G;A21865C;A21875T;C21903G;T21940A;G21950T;G21987A,S:H49N;S:V62L;S:A67D;S:A93V;S:A93A;S:S94A;S:I101I;S:I105F;S:T114S;S:V126V;S:V130F;S:G142D,18,352,0.0511363636363636,0,
3052026,BA.2_0.03_abundance_0.05,T21733A;G21987A,S:P57P;S:G142D,16,352,0.0454545454545454,36,BN.1.3:1;AY.101:1;B.1.617.2:5;BA.2:9;BA.5.2.1:2;BQ.1.1.1:2;AY.4:15;AY.44:1
3052026,BA.2_0.03_abundance_0.05,T22076C;T22200G,S:S172P;S:V213G,40,375,0.1066666666666666,2,BE.1.1:2
3052026,BA.2_0.03_abundance_0.05,G22578A;C22674T;T22679C;C22686T;A22688G;A22723T;G22775A;A22786C,S:G339D;S:S371F;S:S373P;S:S375F;S:T376A;S:L387F;S:D405N;S:R408S,48,583,0.0823327615780446,2,BA.5.2.1:1;BA.2.12.1:1
3052026,BA.2_0.03_abundance_0.05,T22882G;C22968G;G22992A;C22995A;A23013C;A23040G;A23055G,S:N440K;S:S469*;S:S477N;S:T478K;S:E484A;S:Q493R;S:Q498R,16,73,0.2191780821917808,1,BA.1.1.18:1
3052026,BA.2_0.03_abundance_0.05,T23152A;C23154G;T23189C;A23232C;T23287A;A23305C;C23327G;T23338A;G23340C;A23379T;A23403G;T23421C;G23438C;C23439G;A23445T;A23446C;G23465A;T23466C,S:S530S;S:T531S;S:F543L;S:K557T;S:A575A;S:T581T;S:P589A;S:F592L;S:G593A;S:N606I;S:D614G;S:V620A;S:A626P;S:A626G;S:Q628L;S:Q628H;S:V635I;S:V635A,6,190,0.031578947368421,0,
3052026,BA.2_0.03_abundance_0.05,T23160C;A23403G,S:L533S;S:D614G,15,722,0.020775623268698,0,
3052026,BA.2_0.03_abundance_0.05,T23189C;A23232C;T23287A;A23305C;C23327G;T23338A;G23340C;A23379T;A23403G;T23421C;G23438C;C23439G;A23445T;A23446C;G23465A;T23466C,S:F543L;S:K557T;S:A575A;S:T581T;S:P589A;S:F592L;S:G593A;S:N606I;S:D614G;S:V620A;S:A626P;S:A626G;S:Q628L;S:Q628H;S:V635I;S:V635A,35,1380,0.0253623188405797,0,
3052026,BA.2_0.03_abundance_0.05,T23199C;A23403G,S:L546S;S:D614G,178,1452,0.1225895316804407,4,B.1.1.7:2;AY.103:1;BA.5.2:1
3052026,BA.2_0.03_abundance_0.05,T23199C;C23358G;A23403G,S:L546S;S:T599R;S:D614G,55,1452,0.0378787878787878,0,
3052026,BA.2_0.03_abundance_0.05,C23358G;A23403G,S:T599R;S:D614G,266,1452,0.1831955922865013,0,
3052026,BA.2_0.03_abundance_0.05,T23599G;C23604A;C23709G,S:N679K;S:P681H;S:T716R,53,385,0.1376623376623376,5,BA.1.17:1;BQ.1.14:2;BA.5.1:2
3052026,BA.2_0.03_abundance_0.05,T23599G;C23604A;A23656C,S:N679K;S:P681H;S:S698S,57,419,0.1360381861575179,6,BA.2:2;BA.5.2.1:1;BA.5.2.2:1;BA.5.2:1;CK.2:1
3052026,BA.2_0.03_abundance_0.05,T23599G;C23604A;A23656C;C23709G,S:N679K;S:P681H;S:S698S;S:T716R,13,385,0.0337662337662337,0,
3052026,BA.2_0.03_abundance_0.05,G23948T;T23978A;G24017A,S:D796Y;S:L806I;S:E819K,51,427,0.1194379391100702,0,
3052026,BA.2_0.03_abundance_0.05,G23948T;T23978A,S:D796Y;S:L806I,67,427,0.1569086651053864,1,BA.2:1
3052026,BA.2_0.03_abundance_0.05,G23948T;G24017A,S:D796Y;S:E819K,138,427,0.3231850117096019,3,BA.2:1;BA.2.3:1;BA.1:1
3052026,BA.2_0.03_abundance_0.05,C24138T;A24424T,S:T859I;S:Q954H,23,183,0.1256830601092896,601,BA.5.1.22:1;BA.2:108;BA.1:90;BA.1.17.2:34;BA.5.6:1;BA.4.6:2;BA.5.2.1:16;BA.2.9:25;BA.2.3.18:1;BA.5.2:31;BA.1.1:78;BA.5.2.20:1;BA.1.15:24;BA.4.1:3;BA.2.29:1;BQ.1.1.1:1;BA.1.18:13;BA.5.1:13;BA.2.3:3;BA.2.68:1;BA.2.10.1:4;BF.5:4;BA.2.12.1:20;BA.5.2.12:1;BA.5.3.1:1;BA.5.5:4;BA.1.17:35;BA.1.16:6;BA.2.2:1;BA.2.7:1;BQ.1.17:4;BF.7:1;BF.13:1;BL.1:1;BA.2.13:1;BA.2.36:2;BA.2.10:3;BA.1.21:1;BE.1.1.2:1;BQ.1.5:1;BF.22:1;BE.3:1;BA.4.6.1:1;BA.1.1.1:2;BA.1.1.15:1;BA.1.1.18:10;BA.1.20:1;BA.1.10:1;BA.5.1.23:1;AY.44:1;BA.4:2;BA.1.1.13:4;BQ.1:2;BA.2.75:2;BA.5.2.9:1;BA.2.40.1:2;BF.3:1;BA.1.1.2:3;BF.18:1;BE.1.1:3;BA.1.14:1;BA.2.3.1:1;BA.2.1:1;BA.1.1.14:3;BA.5.2.3:2;BA.1.19:4;BA.1.1.17:1;BF.4:1;BQ.1.1.22:1;BA.2.23:1;BQ.1.26:1;BE.1:1;BQ.1.1.4:1;BF.7.8:1
3052026,BA.2_0.03_abundance_0.05,G24234T;A24241G;A24248T;C24270T;A24273T;T24274A;G24291A;G24301C;A24302C;T24304G;A24321C;A24325G;A24336G;A24353C;T24379G;A24424T,S:G891V;S:A893A;S:I896L;S:A903V;S:Y904F;S:Y904*;S:G910E;S:Q913H;S:N914H;S:N914K;S:Q920P;S:K921K;S:N925S;S:I931L;S:S939S;S:Q954H,7,183,0.0382513661202185,0,
3052026,BA.2_0.03_abundance_0.05,A24791C;C24792A;C24909A;T24929A;T24946G;A24952G;C24990A;C25000T;T25001G,S:T1077P;S:T1077N;S:T1116N;S:S1123T;S:V1128V;S:I1130M;S:P1143H;S:D1146D;S:S1147A,37,768,0.0481770833333333,0,
3052026,BA.2_0.03_abundance_0.05,A24918G;C25000T,S:N1119S;S:D1146D,54,768,0.0703125,6,BA.5.6:1;BA.2.12.1:1;BA.5.2.16:1;BA.5.5:2;BA.1:1
3052026,BA.2_0.03_abundance_0.05,G25364A;A25426G;T25434C;G25437A;C25487G;A25512G;T25520C;G25540A;T25557C;C25584T;G25593T;C25603T;T25604G;G25606C,S:V1268I;ORF3a:T12A;ORF3a:T14T;ORF3a:L15L;ORF3a:T32S;ORF3a:S40S;ORF3a:F43S;ORF3a:V50I;ORF3a:V55V;ORF3a:T64T;ORF3a:K67N;ORF3a:L71L;ORF3a:L71R;ORF3a:A72P,88,2141,0.0411022886501634,0,
3052026,BA.2_0.03_abundance_0.05,T25488G;C25584T,ORF3a:T32T;ORF3a:T64T,232,2166,0.1071098799630655,13,BA.1.1.1:1;BA.2:7;BA.1.1.18:1;BA.2.12.1:2;BA.1.1:1;BA.5.2.1:1
3052026,BA.2_0.03_abundance_0.05,C26270T;A26431C,E:T9I;E:K63Q,34,46,0.7391304347826086,0,
3052026,BA.2_0.03_abundance_0.05,T26543C;C26577G;C26642G;T26677A;A26702G;G26709A;T26723C;G26727A;T26756G;C26768G;T26819G;C26845A;C26858T;A26874C,M:T7T;M:Q19E;M:A40A;M:I52N;M:V60V;M:A63T;M:L67L;M:A69T;M:G78G;M:I82M;M:S99S;M:S108Y;M:F112F;M:I118L,6,92,0.0652173913043478,0,
3052026,BA.2_0.03_abundance_0.05,C26577G;G26709A;C26858T;T26878G,M:Q19E;M:A63T;M:F112F;M:L119R,35,606,0.0577557755775577,0,
3052026,BA.2_0.03_abundance_0.05,C26577G;C26642G;T26677A;A26702G;G26709A;T26723C;G26727A;T26756G;C26768G;T26819G;C26845A;C26858T;A26874C,M:Q19E;M:A40A;M:I52N;M:V60V;M:A63T;M:L67L;M:A69T;M:G78G;M:I82M;M:S99S;M:S108Y;M:F112F;M:I118L,45,1285,0.0350194552529182,0,
3052026,BA.2_0.03_abundance_0.05,C26577G;C26642G;T26677A;A26702G;G26709A;T26723C;G26727A;T26756G;C26768G;T26819G;C26845A;C26858T,M:Q19E;M:A40A;M:I52N;M:V60V;M:A63T;M:L67L;M:A69T;M:G78G;M:I82M;M:S99S;M:S108Y;M:F112F,56,2807,0.0199501246882793,0,
3052026,BA.2_0.03_abundance_0.05,T27178A;A27187T;G27217A;A27234C;T27251G;A27259C;A27302G;A27313T;T27319G;G27366T;G27382C;A27383T;T27384C;C27416G;A27417G;A27477C,M:L219*;M:Q222L;ORF6:D6N;ORF6:I11I;ORF6:I17S;ORF6:R20R;ORF6:N34S;ORF6:K38*;ORF6:L40V;ORF6:E55D;ORF6:D61H;ORF6:D61V;ORF6:D61D;ORF7a:A8G;ORF7a:A8A;ORF7a:T28T,14,274,0.0510948905109489,0,
3052026,BA.2_0.03_abundance_0.05,A27187T;G27217A;A27234C;T27251G;A27259C;A27302G;A27313T;T27319G;G27366T;G27382C;A27383T;T27384C;C27416G;A27417G;A27477C,M:Q222L;ORF6:D6N;ORF6:I11I;ORF6:I17S;ORF6:R20R;ORF6:N34S;ORF6:K38*;ORF6:L40V;ORF6:E55D;ORF6:D61H;ORF6:D61V;ORF6:D61D;ORF7a:A8G;ORF7a:A8A;ORF7a:T28T,9,608,0.0148026315789473,0,
3052026,BA.2_0.03_abundance_0.05,T27221C;A27259C;G27382C;A27383T;T27384C,ORF6:F7S;ORF6:R20R;ORF6:D61H;ORF6:D61V;ORF6:D61D,163,636,0.2562893081761006,11,BA.2.10:3;BA.2:5;BA.2.38:1;BA.2.9:1;BA.2.24:1
3052026,BA.2_0.03_abundance_0.05,T27221C;A27259C,ORF6:F7S;ORF6:R20R,11,680,0.0161764705882352,31,BA.1.1.18:1;BA.2.10:3;BA.2:8;BA.1.1:10;BA.1:3;BA.1.15:2;BA.2.38:1;BA.2.9:1;BA.2.24:1;BA.1.17.2:1
3052026,BA.2_0.03_abundance_0.05,T27851G;A27859T;T27863C;C27944T;T27953A;T28002A;T28017A;T28029C;A28051G;A28095G;A28126C,ORF7b:L32L;ORF7b:Q35L;ORF7b:D36D;ORF8:H17H;ORF8:C20*;ORF8:C37S;ORF8:Y42N;ORF8:Y46H;ORF8:K53R;ORF8:K68E;ORF8:N78T,7,235,0.0297872340425531,0,
3052026,BA.2_0.03_abundance_0.05,A27868G;A28051G,ORF7b:N38S;ORF8:K53R,25,289,0.0865051903114186,3,BA.2:1;AY.3:1;B.1.1.7:1
3052026,BA.2_0.03_abundance_0.05,A28126C;G28178T;C28205A;T28206A;C28311T;G28325T;C28377T;A28387C,ORF8:N78T;ORF8:L95F;ORF8:F104L;ORF8:Y105N;N:P13L;N:G18C;N:A35V;N:K38N,102,3026,0.0337078651685393,0,
3052026,BA.2_0.03_abundance_0.05,A28126C;G28178T;C28205A;T28206A;C28311T;G28325T;C28377T;A28387C;G28429T,ORF8:N78T;ORF8:L95F;ORF8:F104L;ORF8:Y105N;N:P13L;N:G18C;N:A35V;N:K38N;N:W52C,21,529,0.0396975425330812,0,
3052026,BA.2_0.03_abundance_0.05,A28247T;C28311T,ORF8:L118F;N:P13L,533,3297,0.1616621170761298,7,BA.1:2;BA.1.1:5
3052026,BA.2_0.03_abundance_0.05,G28747T;C28776A;G28827C;A28874C;G28881A;G28882A;G28883T;T28897G,N:V158V;N:P168Q;N:R185P;N:S201R;N:R203K;N:R203R;N:G204*;N:A208A,7,155,0.0451612903225806,0,
3052026,BA.2_0.03_abundance_0.05,G28881A;G28882A;G28883C;T29029G,N:R203K;N:R203R;N:G204R;N:A252A,12,18,0.6666666666666666,102,BA.5.2.1:75;BA.2:3;B.1.1.7:2;BA.2.12.1:14;BA.1.1:2;BA.5.2:4;BA.1.1.18:1;BA.1.1.2:1
3052026,BA.2_0.03_abundance_0.05,T29021C;G29024T;T29029G;C29045G;A29078C;G29135A;A29168G;C29198G;C29211G;A29237T;G29240A;G29262T;C29268G;T29308G,N:S250P;N:A251S;N:A252A;N:P258A;N:N269H;N:D288N;N:K299E;N:P309A;N:A313G;N:M322L;N:E323K;N:W330L;N:T332S;N:N345K,13,406,0.0320197044334975,0,
3052026,BA.2_0.03_abundance_0.05,T29021C;G29024T;C29045G;A29078C;G29135A;A29168G;C29198G;C29211G;A29237T;G29240A;G29262T;C29268G;T29308G,N:S250P;N:A251S;N:P258A;N:N269H;N:D288N;N:K299E;N:P309A;N:A313G;N:M322L;N:E323K;N:W330L;N:T332S;N:N345K,5,406,0.0123152709359605,0,
3052026,BA.2_0.03_abundance_0.05,T29029G;T29062G,N:A252A;N:T263T,264,1132,0.2332155477031802,0,
3052026,BA.2_0.03_abundance_0.05,C29045G;A29078C;G29135A;A29168G;C29198G;C29211G;A29237T;G29240A;G29262T;C29268G;T29308G,N:P258A;N:N269H;N:D288N;N:K299E;N:P309A;N:A313G;N:M322L;N:E323K;N:W330L;N:T332S;N:N345K,46,1076,0.0427509293680297,0,
3052026,BA.2_0.03_abundance_0.05,A29412G;A29428T;G29440C;T29461A;T29471C;A29510C;T29512C;T29581A;T29588G;A29596C;T29626G;G29648T,N:Q380R;N:R385S;N:Q389H;N:P396P;N:L400L;N:S413R;N:S413S;ORF10:A8A;ORF10:F11V;ORF10:I13I;ORF10:S23S;ORF10:D31Y,14,321,0.043613707165109,0,
3052026,BA.2_0.03_abundance_0.05,A29430C;A29510C,N:Q386P;N:S413R,35,449,0.0779510022271715,3,BA.2.3:1;BA.2.12.1:1;BA.5.2.1:1
3052026,BA.2_0.03_abundance_0.05,A29510C;T29626G,N:S413R;ORF10:S23S,6,422,0.0142180094786729,5,BU.1:1;BF.10:2;BA.2.38:1;BA.2:1
