Date,Site,Nt Mutations,AA Mutations,Support DP,Total DP,Combined Freq,Overall Occurrence,Lineage Occurrence
1012026,BA.2_0.04_abundance_0.04,A413G;G578C;T580G;T670G,ORF1a:T50A;ORF1a:G105R;ORF1a:G105G;ORF1a:S135R,199,2524,0.0788431061806656,0,
1012026,BA.2_0.04_abundance_0.04,A413G;G578C;T670G,ORF1a:T50A;ORF1a:G105R;ORF1a:S135R,510,2524,0.2020602218700475,1,BF.26:1
1012026,BA.2_0.04_abundance_0.04,A413G;G578C,ORF1a:T50A;ORF1a:G105R,38,2642,0.0143830431491294,1,BF.26:1
1012026,BA.2_0.04_abundance_0.04,A413G;T580G;T670G,ORF1a:T50A;ORF1a:G105G;ORF1a:S135R,26,2524,0.0103011093502377,2,BA.5.6:1;BA.5.1:1
1012026,BA.2_0.04_abundance_0.04,G578C;T670G,ORF1a:G105R;ORF1a:S135R,1080,2524,0.4278922345483359,8,BA.2:1;BA.2.12.1:1;BA.5.1:1;BF.26:2;BF.21:1;BA.5:1;BA.5.2:1
1012026,BA.2_0.04_abundance_0.04,G578C;T580G;T670G,ORF1a:G105R;ORF1a:G105G;ORF1a:S135R,353,2524,0.1398573692551505,0,
1012026,BA.2_0.04_abundance_0.04,T580G;T670G,ORF1a:G105G;ORF1a:S135R,68,2524,0.0269413629160063,31,BA.2.12.1:3;BA.5.2:7;BA.5.1:3;BF.26:1;BA.2:2;BA.2.13:1;BF.10:1;BA.5.2.1:1;BA.5.2.9:1;BA.5.1.10:1;BF.21:1;BA.5.6:1;BA.2.3:1;BA.5.2.16:1;BQ.1.1:2;BQ.1.3:1;BQ.2:1;BA.5.5:1;BF.8:1
1012026,BA.2_0.04_abundance_0.04,T2896G;C3037T,ORF1a:D877E;ORF1a:F924F,44,605,0.0727272727272727,27,AY.4.5:2;BA.1.1:1;AY.25:1;BA.2.3:1;BA.2.42:3;BA.2:14;B.1.427:1;AY.103:1;BA.2.12.1:1;BA.1:1;B.1.1.7:1
1012026,BA.2_0.04_abundance_0.04,T3648G;A3660T,ORF1a:I1128S;ORF1a:K1132M,6,37,0.1621621621621621,0,
1012026,BA.2_0.04_abundance_0.04,G4142T;C4321T,ORF1a:E1293*;ORF1a:A1352A,35,487,0.0718685831622176,2,BA.2:2
1012026,BA.2_0.04_abundance_0.04,C4246G;C4321T,ORF1a:T1327T;ORF1a:A1352A,20,487,0.0410677618069815,1,BA.2:1
1012026,BA.2_0.04_abundance_0.04,C4321T;G4361A,ORF1a:A1352A;ORF1a:E1366K,20,486,0.0411522633744856,4,BA.5.2:1;AY.118:2;BF.5:1
1012026,BA.2_0.04_abundance_0.04,T7924A;C7973T,ORF1a:S2553S;ORF1a:L2570L,20,296,0.0675675675675675,0,
1012026,BA.2_0.04_abundance_0.04,C7973T;T8284C,ORF1a:L2570L;ORF1a:Y2673Y,8,102,0.0784313725490196,0,
1012026,BA.2_0.04_abundance_0.04,A8130C;T8284C,ORF1a:K2622T;ORF1a:Y2673Y,11,680,0.0161764705882352,0,
1012026,BA.2_0.04_abundance_0.04,A9328T;C9344T;A9424G;C9534T,ORF1a:V3021V;ORF1a:L3027F;ORF1a:V3053V;ORF1a:T3090I,14,69,0.2028985507246377,4,BA.5.10:1;BA.2:2;BA.5.1:1
1012026,BA.2_0.04_abundance_0.04,C9534T;C9644A,ORF1a:T3090I;ORF1a:Q3127K,244,509,0.4793713163064833,3,BA.2:3
1012026,BA.2_0.04_abundance_0.04,C9534T;T9630C;C9644A,ORF1a:T3090I;ORF1a:F3122S;ORF1a:Q3127K,65,509,0.1277013752455795,0,
1012026,BA.2_0.04_abundance_0.04,C9534T;T9630C,ORF1a:T3090I;ORF1a:F3122S,53,509,0.1041257367387033,1,BA.2:1
1012026,BA.2_0.04_abundance_0.04,C10029T;A9900C,ORF1a:T3255I;ORF1a:N3212T,16,45,0.3555555555555555,1,AY.122:1
1012026,BA.2_0.04_abundance_0.04,T10779A;T10935C,ORF1a:L3505Q;ORF1a:F3557S,214,1261,0.1697065820777161,0,
1012026,BA.2_0.04_abundance_0.04,T11803G;A11848T,ORF1a:G3846G;ORF1a:K3861N,13,365,0.0356164383561643,0,
1012026,BA.2_0.04_abundance_0.04,A11848T;G11876A,ORF1a:K3861N;ORF1a:V3871I,12,365,0.0328767123287671,0,
1012026,BA.2_0.04_abundance_0.04,T12803C;C12880T,ORF1a:F4180L;ORF1a:I4205I,130,730,0.1780821917808219,17,BA.5.2:2;BA.2:8;BA.5.1:1;BA.2.3:1;BA.2.75:3;BA.2.9.3:1;BA.2.10:1
1012026,BA.2_0.04_abundance_0.04,T12803C;A12814T;C12880T,ORF1a:F4180L;ORF1a:A4183A;ORF1a:I4205I,35,730,0.047945205479452,0,
1012026,BA.2_0.04_abundance_0.04,A12814T;C12880T,ORF1a:A4183A;ORF1a:I4205I,108,730,0.147945205479452,3,BA.2.9:1;BA.2.3:2
1012026,BA.2_0.04_abundance_0.04,C14352G;C14408T,ORF1b:D295E;ORF1b:P314L,36,1384,0.0260115606936416,1,B.1.1.7:1
1012026,BA.2_0.04_abundance_0.04,C14408T;C14423T,ORF1b:P314L;ORF1b:P319L,44,1384,0.0317919075144508,6,B.1.1.7:1;BA.5:1;AY.4:1;B.1.2:1;BA.1.1:1;B.1.182:1
1012026,BA.2_0.04_abundance_0.04,A15671G;C15714T,ORF1b:E735G;ORF1b:L749L,2013,3025,0.6654545454545454,80,BA.5:1;BE.2:2;BA.5.5:5;BA.5.2.1:14;BA.2:32;BA.2.54:3;BA.5.1.1:3;BA.4.7:1;BA.2.38.1:1;BA.2.12.1:4;BA.2.3:3;BA.2.3.2:1;BA.5.1:2;BF.26:1;BA.2.38:1;BF.11:1;BA.5.2.16:1;BE.4.1:3;BA.5.2.9:1
1012026,BA.2_0.04_abundance_0.04,C15951G;T16029A,ORF1b:I828M;ORF1b:A854A,36,1005,0.035820895522388,0,
1012026,BA.2_0.04_abundance_0.04,C15951G;C16043T,ORF1b:I828M;ORF1b:P859L,18,1005,0.017910447761194,0,
1012026,BA.2_0.04_abundance_0.04,T16029A;C16043T,ORF1b:A854A;ORF1b:P859L,82,1006,0.0815109343936381,0,
1012026,BA.2_0.04_abundance_0.04,T16029A;C16101G,ORF1b:A854A;ORF1b:Y878*,14,935,0.0149732620320855,0,
1012026,BA.2_0.04_abundance_0.04,C16043T;C16101G,ORF1b:P859L;ORF1b:Y878*,11,935,0.0117647058823529,0,
1012026,BA.2_0.04_abundance_0.04,T18748C;G18847C,ORF1b:Y1761H;ORF1b:A1794P,516,1835,0.2811989100817438,0,
1012026,BA.2_0.04_abundance_0.04,T18748C;A18950C,ORF1b:Y1761H;ORF1b:K1828T,6,106,0.0566037735849056,0,
1012026,BA.2_0.04_abundance_0.04,C22674T;T22679C;C22686T;A22688G;T22697G;G22775A;G22813T,S:S371F;S:S373P;S:S375F;S:T376A;S:C379G;S:D405N;S:K417N,12,166,0.072289156626506,0,
1012026,BA.2_0.04_abundance_0.04,C23191G;A23403G,S:F543L;S:D614G,295,2176,0.1355698529411764,20,AY.103:3;B.1.1.7:6;AY.4:5;P.1:3;BA.1.17.2:1;B.1.1.486:1;AY.100:1
1012026,BA.2_0.04_abundance_0.04,C24245T;A24424T,S:Q895*;S:Q954H,27,163,0.1656441717791411,3,BA.2:1;BA.2.12.1:1;BA.1:1
1012026,BA.2_0.04_abundance_0.04,A24424T;G24546C,S:Q954H;S:R995T,17,94,0.1808510638297872,0,
1012026,BA.2_0.04_abundance_0.04,C24897G;C25000T,S:P1112R;S:D1146D,762,3149,0.2419815814544299,0,
1012026,BA.2_0.04_abundance_0.04,T25547G;C25584T,ORF3a:L52R;ORF3a:T64T,46,1993,0.0230807827395885,1,BA.5.3.1:1
1012026,BA.2_0.04_abundance_0.04,T26080A;C26270T,ORF3a:F230I;E:T9I,34,1088,0.03125,12,BA.1.1.14:4;BA.2.75:4;BA.1.1:3;BA.2:1
1012026,BA.2_0.04_abundance_0.04,C26270T;G26391T,E:T9I;E:V49V,8,36,0.2222222222222222,136,BA.5.1:3;BA.5.2:7;BA.1.1.2:3;BF.10:1;BA.5.1.1:4;BA.1:10;XBB.1:1;BA.2:44;BQ.1.3:1;BA.2.29:7;BA.2.13:6;BA.1.1:8;BA.5.2.1:6;BA.2.75:1;BA.2.10:1;XBB:1;BA.1.1.14:1;BA.1.17.2:1;BQ.1.1:1;BA.1.1.1:10;BA.2.12.1:5;BA.2.76:1;BA.5:2;BA.2.56:3;BF.5:1;BA.2.7:1;BA.5.1.2:1;BA.1.15:1;BA.4:2;BA.2.9:1;BA.1.17:1
1012026,BA.2_0.04_abundance_0.04,C26577G;A26584G;G26709A;C26858T,M:Q19E;M:N21S;M:A63T;M:F112F,100,2818,0.0354861603974449,9,BA.2:5;XBB.1:1;BA.2.10:2;BA.2.38:1
1012026,BA.2_0.04_abundance_0.04,C26577G;C26684G;G26709A;C26858T,M:Q19E;M:L54L;M:A63T;M:F112F,1363,2818,0.4836763662171753,2,BA.2:1;XBB.1.5:1
1012026,BA.2_0.04_abundance_0.04,C26577G;A26584G;C26684G;G26709A;C26858T,M:Q19E;M:N21S;M:L54L;M:A63T;M:F112F,176,2818,0.0624556422995031,0,
1012026,BA.2_0.04_abundance_0.04,C26577G;C26684G;G26709A;C26858T;C26882G,M:Q19E;M:L54L;M:A63T;M:F112F;M:L120L,110,266,0.4135338345864661,0,
1012026,BA.2_0.04_abundance_0.04,C26577G;C26684G;G26709A,M:Q19E;M:L54L;M:A63T,246,3222,0.0763500931098696,4,BA.1:1;BA.2:1;XBB.1.5:1;BA.5.2:1
1012026,BA.2_0.04_abundance_0.04,C26577G;C26684G;G26709A;T26745A;C26858T,M:Q19E;M:L54L;M:A63T;M:W75R;M:F112F,121,2818,0.0429382540809084,0,
1012026,BA.2_0.04_abundance_0.04,C26577G;G26709A;C26858T;C26882G,M:Q19E;M:A63T;M:F112F;M:L120L,52,266,0.1954887218045112,42,BA.2.26:3;BA.2.43:1;BR.4:1;BA.2.10:14;BA.2.9:3;BA.2:17;BA.2.23:1;BA.2.12.1:2
1012026,BA.2_0.04_abundance_0.04,C26577G;G26709A;T26745A;C26858T,M:Q19E;M:A63T;M:W75R;M:F112F,47,2818,0.0166784953867991,7,BA.2.65:2;BA.2:2;BA.2.9:2;BA.2.3.14:1
1012026,BA.2_0.04_abundance_0.04,C26577G;A26584G;G26709A;C26858T;C26882G,M:Q19E;M:N21S;M:A63T;M:F112F;M:L120L,10,266,0.037593984962406,0,
1012026,BA.2_0.04_abundance_0.04,C26577G;A26584G;C26684G;G26709A;C26858T;C26882G,M:Q19E;M:N21S;M:L54L;M:A63T;M:F112F;M:L120L,22,266,0.0827067669172932,0,
1012026,BA.2_0.04_abundance_0.04,C26577G;G26709A;T26745A;C26858T;C26882G,M:Q19E;M:A63T;M:W75R;M:F112F;M:L120L,10,266,0.037593984962406,0,
1012026,BA.2_0.04_abundance_0.04,C26577G;C26684G;G26709A;T26745A;C26858T;C26882G,M:Q19E;M:L54L;M:A63T;M:W75R;M:F112F;M:L120L,6,266,0.0225563909774436,0,
1012026,BA.2_0.04_abundance_0.04,C26858T;C26882G,M:F112F;M:L120L,16,285,0.0561403508771929,44,BA.2.26:3;BA.2.43:1;BR.4:1;BA.2.10:14;BA.2.9:3;BA.2:18;BA.2.23:1;BA.2.3:1;BA.2.12.1:2
1012026,BA.2_0.04_abundance_0.04,C26882G;T26930G,M:L120L;M:S136R,27,281,0.096085409252669,0,
1082026,BA.2_0.04_abundance_0.04,C442A;T670G,ORF1a:G59G;ORF1a:S135R,312,4564,0.0683610867659947,37,BA.2:34;BF.10:1;BA.2.65:1;BA.5.2.20:1
1082026,BA.2_0.04_abundance_0.04,T1443G;A1445T,ORF1a:L393W;ORF1a:K394*,6,319,0.018808777429467,0,
1082026,BA.2_0.04_abundance_0.04,A2874C;C3037T,ORF1a:E870A;ORF1a:F924F,8,251,0.0318725099601593,194,BA.5.1:2;AY.3:63;B.1.177.54:9;B.1.1.306:3;AY.100:4;AY.7.2:1;BA.5.2.1:2;AY.122:12;AY.4:4;AY.25:27;B.1.1:1;BA.1.1:7;B.1.1.7:30;AY.39:3;BA.1:1;B.1.617.2:2;BA.1.14.1:1;AY.125:3;BF.11:1;AY.25.3:1;BA.1.17.2:1;XBB.1.4:1;AY.127:1;AY.103:4;BA.2.8:1;BA.2.9:1;BA.1.17:1;B.1.351:1;AY.25.1:1;BQ.1.1.6:1;BA.2:1;BF.10:1;AY.46.4:1;BA.5.1.24:1
1082026,BA.2_0.04_abundance_0.04,T2970C;C3037T,ORF1a:M902T;ORF1a:F924F,111,251,0.4422310756972111,191,BA.5.1:3;AY.3:7;B.1.1.7:38;BA.1.1.1:1;BA.2.3:1;BA.1.15:6;BA.1:8;B.1.617.2:3;BA.2:12;AY.122:7;BA.1.1:14;BA.5.2.1:2;AY.43:14;AY.4:9;AY.44:4;BF.7.6:3;AY.127.1:1;BA.2.12.1:4;BA.2.75:5;AY.20:12;B.1.429:1;BN.5:1;B.1.2:8;AY.103:8;BQ.1.1.8:3;BA.2.9:1;B.1:1;AY.102:5;BA.5.1.24:2;B.1.582:1;BA.1.17:1;AY.119:1;AY.5:1;AY.57:1;AY.46.2:2
1082026,BA.2_0.04_abundance_0.04,T2970C;C3037T;A3081T,ORF1a:M902T;ORF1a:F924F;ORF1a:E939V,8,232,0.0344827586206896,0,
1082026,BA.2_0.04_abundance_0.04,C3037T;A3081T,ORF1a:F924F;ORF1a:E939V,15,232,0.0646551724137931,76,AY.43:1;AY.26:1;BA.4:1;AY.112:2;BA.1:1;B.1.1.7:5;B.1.617.2:50;BA.5.2.9:1;AY.120.1:1;BA.5.2.1:1;AY.102:1;BA.2.3:3;AY.39:1;B.1.2:4;AY.47:1;AY.103:1;AY.122:1
1082026,BA.2_0.04_abundance_0.04,G3965C;G4024A,ORF1a:A1234P;ORF1a:L1253L,37,577,0.0641247833622183,0,
1082026,BA.2_0.04_abundance_0.04,G3965C;C4115G,ORF1a:A1234P;ORF1a:P1284A,20,495,0.0404040404040404,0,
1082026,BA.2_0.04_abundance_0.04,G3965C;G4024A;C4115G,ORF1a:A1234P;ORF1a:L1253L;ORF1a:P1284A,9,495,0.0181818181818181,0,
1082026,BA.2_0.04_abundance_0.04,G4024A;C4115G,ORF1a:L1253L;ORF1a:P1284A,17,495,0.0343434343434343,0,
1082026,BA.2_0.04_abundance_0.04,T4522G;T4630A,ORF1a:G1419G;ORF1a:H1455Q,19,108,0.1759259259259259,0,
1082026,BA.2_0.04_abundance_0.04,A7770C;C7811A,ORF1a:H2502P;ORF1a:H2516N,251,2017,0.1244422409519087,0,
1082026,BA.2_0.04_abundance_0.04,A7770C;T7872A,ORF1a:H2502P;ORF1a:L2536*,42,1849,0.0227149810708491,0,
1082026,BA.2_0.04_abundance_0.04,A7770C;C7819A,ORF1a:H2502P;ORF1a:L2518L,72,2017,0.0356965790778383,0,
1082026,BA.2_0.04_abundance_0.04,A7770C;A7983G,ORF1a:H2502P;ORF1a:D2573G,26,414,0.0628019323671497,0,
1082026,BA.2_0.04_abundance_0.04,A7770C;C7811A;A7983G,ORF1a:H2502P;ORF1a:H2516N;ORF1a:D2573G,8,414,0.0193236714975845,0,
1082026,BA.2_0.04_abundance_0.04,C7811A;A7983G,ORF1a:H2516N;ORF1a:D2573G,9,414,0.0217391304347826,0,
1082026,BA.2_0.04_abundance_0.04,C9344T;A9424G;T9513G;C9534T,ORF1a:L3027F;ORF1a:V3053V;ORF1a:L3083*;ORF1a:T3090I,27,52,0.5192307692307693,0,
1082026,BA.2_0.04_abundance_0.04,T9513G;C9534T,ORF1a:L3083*;ORF1a:T3090I,298,697,0.4275466284074605,0,
1082026,BA.2_0.04_abundance_0.04,G11981T;G12202C,ORF1a:E3906*;ORF1a:K3979N,162,3026,0.053536021150033,0,
1082026,BA.2_0.04_abundance_0.04,A12529C;T12549A,ORF1a:T4088T;ORF1a:L4095*,46,4030,0.0114143920595533,0,
1082026,BA.2_0.04_abundance_0.04,T12549A;A12626T,ORF1a:L4095*;ORF1a:N4121Y,51,4030,0.0126550868486352,0,
1082026,BA.2_0.04_abundance_0.04,C12880T;T12909C,ORF1a:I4205I;ORF1a:F4215S,367,1564,0.2346547314578005,1,BA.5:1
1082026,BA.2_0.04_abundance_0.04,C12880T;T12909C;G13061A,ORF1a:I4205I;ORF1a:F4215S;ORF1a:V4266I,11,260,0.0423076923076923,0,
1082026,BA.2_0.04_abundance_0.04,A13428T;A13512T,ORF1a:E4388V;ORF1b:T15T,17,371,0.045822102425876,0,
1082026,BA.2_0.04_abundance_0.04,C14408T;T14460A,ORF1b:P314L;ORF1b:F331L,31,970,0.0319587628865979,7,AY.122:2;AY.103:1;B.1.177:1;AY.43:1;B.1.160:1;B.1.617.2:1
1082026,BA.2_0.04_abundance_0.04,T15608C;C15714T,ORF1b:L714S;ORF1b:L749L,268,3111,0.0861459337833494,3,BA.5.2:1;BA.5.2.1:1;BA.2:1
1082026,BA.2_0.04_abundance_0.04,A18163G;T18249A,ORF1b:I1566V;ORF1b:P1594P,50,200,0.25,62,BQ.1.2:1;BA.2:35;BA.2.3:1;BA.2.9.6:7;BA.1.1:8;BA.4.1:4;BA.1:4;BA.1.18:1;BA.5.1.3:1
1082026,BA.2_0.04_abundance_0.04,T19192C;G19194A,ORF1b:W1909R;ORF1b:W1909*,109,992,0.1098790322580645,0,
1082026,BA.2_0.04_abundance_0.04,A20272T;T20445G,ORF1b:M2269L;ORF1b:V2326V,18,117,0.1538461538461538,0,
1082026,BA.2_0.04_abundance_0.04,G22578A;T22601G;C22674T;T22679C;C22686T;A22688G;G22775A;G22813T,S:G339D;S:F347V;S:S371F;S:S373P;S:S375F;S:T376A;S:D405N;S:K417N,27,531,0.0508474576271186,1,BA.2:1
1082026,BA.2_0.04_abundance_0.04,A23153C;T23316C;A23403G,S:T531P;S:L585P;S:D614G,16,244,0.0655737704918032,0,
1082026,BA.2_0.04_abundance_0.04,T23316C;A23403G,S:L585P;S:D614G,1097,1751,0.626499143346659,5,BA.1.1:1;AY.103:1;B.1.617.2:1;P.1.17:1;B.1.1.7:1
1082026,BA.2_0.04_abundance_0.04,C24252T;A24424T,S:P897L;S:Q954H,10,254,0.0393700787401574,1,BA.2:1
1082026,BA.2_0.04_abundance_0.04,G24953T;C25000T,S:G1131*;S:D1146D,432,1349,0.3202372127501853,5,BA.2.12.1:1;BA.1.1:3;BA.1.15.1:1
1082026,BA.2_0.04_abundance_0.04,C25452G;C25584T,ORF3a:I20M;ORF3a:T64T,166,696,0.2385057471264367,58,BA.2.38:30;BA.2:23;BA.5.2.1:1;BA.1.1:2;BA.2.24:2
1082026,BA.2_0.04_abundance_0.04,C25452G;A25545T;C25584T,ORF3a:I20M;ORF3a:A51A;ORF3a:T64T,38,696,0.0545977011494252,0,
1082026,BA.2_0.04_abundance_0.04,A25545T;C25584T,ORF3a:A51A;ORF3a:T64T,86,696,0.1235632183908046,22,BA.5.2:1;BQ.1:6;BA.1.17:9;BE.1:2;BA.1.1.18:1;BA.2.75:1;BA.1.1.2:2
1082026,BA.2_0.04_abundance_0.04,A26169T;C26270T,ORF3a:V259V;E:T9I,62,140,0.4428571428571428,27,BA.5.1:1;BQ.1.1.5:5;BA.1.10:1;BA.2:10;BA.5.2.9:2;BA.1.15:1;BA.5.2.20:1;BE.1:1;BA.1.1:1;BA.5.2.1:1;B.1.1.529:1;BA.2.27:1;BA.5.1.8:1
1082026,BA.2_0.04_abundance_0.04,C26270T;G26439T,E:T9I;E:L65L,358,578,0.6193771626297578,295,BA.1.17.2:7;B.1.1.529:10;BA.2.3.9:1;BA.2:116;BA.1:20;BE.1.1:1;BA.2.23:2;BE.1:6;BF.5:12;BA.2.12.1:3;BA.2.8:2;BE.1.1.2:1;BA.1.15:2;BA.2.6:2;BA.4:1;BQ.1:1;BA.5.1:11;BA.2.9:15;BA.2.36:1;BA.5.1.23:1;BA.5.1.9:1;BA.5.2.26:1;BA.2.50:2;BA.5.2:10;XH:1;BA.1.1.18:5;BA.5.2.1:11;BA.1.8:1;BA.5.3:1;BA.2.24:1;BA.2.3:3;BA.1.1:21;BA.2.10:3;BA.5.1.22:1;BA.5.1.2:1;BA.1.17:3;BA.2.37:1;BA.2.65:1;XBB.1:1;BF.7.12:2;BA.1.14:1;BA.1.1.15:1;BA.2.18:2;BA.2.1:1;BA.1.1.1:1;BA.2.10.1:1;BA.5:1;BA.2.3.1:1
1082026,BA.2_0.04_abundance_0.04,G27043C;G27088C,M:R174P;M:G189A,6,109,0.055045871559633,0,
1082026,BA.2_0.04_abundance_0.04,A27259C;G27382C;A27383T;T27384C;A27399G,ORF6:R20R;ORF6:D61H;ORF6:D61V;ORF6:D61D;ORF7a:K2K,158,1321,0.1196063588190764,172,BA.2:14;BA.2.12.1:1;BA.2.3.13:144;BA.2.12.2:11;BA.2.38:1;BA.2.9:1
1082026,BA.2_0.04_abundance_0.04,A29052T;G29254A,N:Q260L;N:S327S,531,3665,0.1448840381991814,0,
1152026,BA.2_0.04_abundance_0.04,G596A;T670G,ORF1a:V111M;ORF1a:S135R,226,3204,0.0705368289637952,443,BA.5.1:36;BA.5.2:24;BA.4.4:1;BA.5.3:112;BA.5.2.45:1;BA.2.18:4;BA.2.7:1;BQ.1.1.22:2;BA.2.44:1;BA.5.6:5;XBB.1:2;BA.5.1.22:1;BA.2.9:40;BA.2:67;BA.5.2.1:17;BF.26:2;BA.2.75:3;BA.2.12.1:54;BA.2.3:5;BA.5.5:1;BA.5.1.7:1;BF.6:3;BF.5:5;BA.2.31:1;BA.4.6:1;BA.5.1.10:1;BA.2.38:2;BF.7.4.1:1;BA.5.2.34:3;BA.5:2;BF.11:2;BH.1:1;BA.5.3.1:1;BA.2.37:7;BF.8:1;BA.5.2.6:1;BQ.1.1:2;BA.2.24:1;BA.2.32:1;BE.1:1;XBD:1;CP.1.2:1;BQ.1.24:1;BA.5.1.1:1;BA.5.1.24:1;BE.5:1;BA.2.10:2;BA.5.1.3:1;BA.5.2.28:1;BA.2.1:1;BE.1.1:2;BA.5.3.4:6;BQ.1.12:1;BA.4:1;BA.5.2.19:1;BA.2.41:1;BA.5.9:2;BA.2.36:1
1152026,BA.2_0.04_abundance_0.04,G656A;T670G,ORF1a:A131T;ORF1a:S135R,225,3204,0.0702247191011236,515,BA.5.1:43;BQ.1.1.1:3;BA.5.2:24;BA.2.31.1:1;BA.2.18:3;BA.2.10:5;BA.5.2.1:8;BA.5.5:4;BF.5:7;CM.2:3;BQ.1:2;BF.10:1;BA.5.2.6:2;BA.5.1.10:1;BQ.1.10:1;BA.5.1.23:4;BA.2:272;BA.2.76:2;BA.2.9:20;BA.2.4:1;BA.2.3:5;BA.2.3.1:1;BQ.1.2:10;BA.5:2;BA.2.8:3;BE.1.2:1;BA.2.75:2;BA.2.12.1:8;BE.1.1.2:1;BA.5.3.1:1;BA.5.6:3;BA.5.2.9:1;BE.1.1:4;BA.2.10.1:1;BA.4.1.10:1;BA.5.1.22:12;BF.21:1;BA.2.37:1;BA.4:7;BA.2.29:4;BQ.1.1.2:1;BA.5.2.31:1;BA.5.6.2:2;BQ.1.1.18:1;BA.4.1:2;BQ.1.1:3;BA.5.1.24:5;BE.1:9;BA.4.6:3;BF.1:3;BF.7:1;BV.1:1;BF.22:1;BE.3:1;BA.5.2.3:1;BF.7.6:1;BA.2.41:1;BA.5.2.23:1;BA.2.36:1
1152026,BA.2_0.04_abundance_0.04,G1161C;A1260C,ORF1a:R299T;ORF1a:Q332P,28,1078,0.0259740259740259,0,
1152026,BA.2_0.04_abundance_0.04,A2938T;C3037T,ORF1a:T891T;ORF1a:F924F,100,911,0.1097694840834248,8,BA.2.9:2;AY.44:1;B.1.1.7:3;BA.1.15:1;B.1.416:1
1152026,BA.2_0.04_abundance_0.04,G3320A;G3345C,ORF1a:V1019I;ORF1a:S1027T,13,530,0.0245283018867924,0,
1152026,BA.2_0.04_abundance_0.04,G3320A;G3345C;G3434C,ORF1a:V1019I;ORF1a:S1027T;ORF1a:V1057L,5,500,0.01,0,
1152026,BA.2_0.04_abundance_0.04,G3345C;G3434C,ORF1a:S1027T;ORF1a:V1057L,61,500,0.122,0,
1152026,BA.2_0.04_abundance_0.04,T4756C;A4759T,ORF1a:P1497P;ORF1a:E1498D,11,378,0.0291005291005291,0,
1152026,BA.2_0.04_abundance_0.04,A7692G;A7896T,ORF1a:Q2476R;ORF1a:D2544V,40,925,0.0432432432432432,0,
1152026,BA.2_0.04_abundance_0.04,G8349C;A8452T,ORF1a:S2695T;ORF1a:I2729I,22,212,0.1037735849056603,0,
1152026,BA.2_0.04_abundance_0.04,G9077C;G9225T,ORF1a:V2938L;ORF1a:G2987V,16,828,0.0193236714975845,0,
1152026,BA.2_0.04_abundance_0.04,C9344T;A9424G;T9449A;C9534T,ORF1a:L3027F;ORF1a:V3053V;ORF1a:Y3062N;ORF1a:T3090I,317,620,0.5112903225806451,1,BA.2.5:1
1152026,BA.2_0.04_abundance_0.04,C9344T;A9424G;T9449A,ORF1a:L3027F;ORF1a:V3053V;ORF1a:Y3062N,45,700,0.0642857142857142,1,BA.2.5:1
1152026,BA.2_0.04_abundance_0.04,G10447A;A10547C,ORF1a:R3394R;ORF1a:M3428L,65,652,0.0996932515337423,1,AY.108:1
1152026,BA.2_0.04_abundance_0.04,A10957G;A10978C,ORF1a:S3564S;ORF1a:A3571A,39,1130,0.0345132743362831,0,
1152026,BA.2_0.04_abundance_0.04,T12805A;C12880T;G12938T,ORF1a:F4180L;ORF1a:I4205I;ORF1a:V4225L,23,1113,0.0206648697214734,0,
1152026,BA.2_0.04_abundance_0.04,T12805A;C12880T,ORF1a:F4180L;ORF1a:I4205I,68,1113,0.0610961365678346,12,BQ.1:1;BA.2:8;BA.5.2.1:1;BA.5.5:2
1152026,BA.2_0.04_abundance_0.04,T12805A;C12880T;C12923T,ORF1a:F4180L;ORF1a:I4205I;ORF1a:P4220S,127,1113,0.1141060197663971,0,
1152026,BA.2_0.04_abundance_0.04,T12805A;C12880T;C12923T;G12938T,ORF1a:F4180L;ORF1a:I4205I;ORF1a:P4220S;ORF1a:V4225L,36,1113,0.0323450134770889,0,
1152026,BA.2_0.04_abundance_0.04,C12880T;C12923T;G12938T,ORF1a:I4205I;ORF1a:P4220S;ORF1a:V4225L,106,1114,0.0951526032315978,0,
1152026,BA.2_0.04_abundance_0.04,C12880T;C12923T,ORF1a:I4205I;ORF1a:P4220S,451,1114,0.4048473967684021,101,BF.5:5;BF.1:7;B.1.466.2:3;BA.5.3:2;BE.1.1:4;BA.5:14;BA.5.2:6;BA.5.1:8;BA.2.37:11;BA.2:10;XBB.1:1;BA.2.9:1;BA.2.12.1:1;BA.5.2.9:3;BA.2.3:3;BA.5.1.25:1;BA.2.3.14:1;AY.4:6;BA.5.2.1:3;BA.5.1.1:1;BA.5.6:1;BF.27:2;BQ.1.1:1;BQ.1.1.18:2;BA.4.7:1;BQ.1.13:1;BA.5.8:1;BA.5.1.24:1
1152026,BA.2_0.04_abundance_0.04,G14272T;C14408T;C14423G,ORF1b:E269*;ORF1b:P314L;ORF1b:P319R,13,1174,0.0110732538330494,0,
1152026,BA.2_0.04_abundance_0.04,G14272T;C14408T,ORF1b:E269*;ORF1b:P314L,12,1174,0.0102214650766609,4,AY.103:1;B.1.2:1;BA.2:2
1152026,BA.2_0.04_abundance_0.04,C14408T;C14423G,ORF1b:P314L;ORF1b:P319R,315,1174,0.2683134582623509,0,
1152026,BA.2_0.04_abundance_0.04,C14408T;T14496C,ORF1b:P314L;ORF1b:G343G,101,1096,0.0921532846715328,73,B.1.2:2;AY.34.1.1:1;B.1.1.7:12;BA.5.1:7;BA.2:11;AY.4:1;AY.59:2;AY.100:1;BA.2.10:4;B.1.466.2:1;AY.75:4;BA.1:4;AY.3:1;AY.103:14;B.1.1.529:1;BA.1.1:1;AY.29:1;BA.2.12.1:1;AY.101:1;AY.98:2;AY.23:1
1152026,BA.2_0.04_abundance_0.04,C14408T;C14423G;T14496C,ORF1b:P314L;ORF1b:P319R;ORF1b:G343G,35,1096,0.031934306569343,0,
1152026,BA.2_0.04_abundance_0.04,T14598C;A14640T,ORF1b:N377N;ORF1b:A391A,23,1737,0.0132412204951065,0,
1152026,BA.2_0.04_abundance_0.04,G15372T;A15423T,ORF1b:T635T;ORF1b:Q652H,60,2835,0.0211640211640211,0,
1152026,BA.2_0.04_abundance_0.04,G17395T;C17410T,ORF1b:V1310F;ORF1b:R1315C,539,3993,0.1349862258953168,0,
1152026,BA.2_0.04_abundance_0.04,C21696G;G21987A,S:S45C;S:G142D,33,314,0.1050955414012738,0,
1152026,BA.2_0.04_abundance_0.04,G22638T;C22674T;T22679C;C22686T;A22688G;G22813T,S:S359I;S:S371F;S:S373P;S:S375F;S:T376A;S:K417N,33,70,0.4714285714285714,7,BA.2:3;BF.7:1;BQ.1.1:2;BQ.1.11:1
1152026,BA.2_0.04_abundance_0.04,T23386C;A23403G,S:V608V;S:D614G,327,923,0.3542795232936078,609,BF.5:30;AY.44:4;B.1.351.2:1;AY.122:5;BA.5.2:2;AY.4:80;B.1.2:11;BA.1.1:7;BA.2:61;AY.75:340;AY.27:1;AY.4.6:2;B.1.525:3;BA.1:4;AY.39:1;R.1:5;AY.121:1;BA.1.1.18:5;BQ.1.1.3:1;AY.9.2:5;BA.5.2.1:3;BF.7.4:1;AY.25:1;AY.25.1:2;AY.3:1;AY.92:2;B.1.1.7:7;AY.5:1;AY.24:1;BQ.1.1:2;AY.103:2;BA.2.65:3;BA.2.13.1:1;BA.1.15:1;BA.5.1.1:1;AY.43:3;B.1.617.2:1;BA.5.2.21:1;AY.57:1;AY.7.1:1;AY.4.5:1;B.1.396:2;AY.100:1
1152026,BA.2_0.04_abundance_0.04,C23929T;G23948T;T23962C,S:Y789Y;S:D796Y;S:F800F,186,979,0.1899897854954034,0,
1152026,BA.2_0.04_abundance_0.04,G23948T;T23962C,S:D796Y;S:F800F,295,979,0.3013278855975485,56,BA.2.65:8;BA.1.1:6;BA.1.15:4;BA.2:23;BA.2.12.1:1;BA.5.1:6;BF.7.4:4;BA.5.2.1:2;BA.4:1;BA.5.2.9:1
1152026,BA.2_0.04_abundance_0.04,C24395A;A24424T,S:L945I;S:Q954H,81,410,0.1975609756097561,22,BA.1.17.2:2;BA.1.15:2;BA.1.1:5;BA.2.9:1;BA.2:2;BA.1:4;BA.1.1.15:1;BF.7:1;BA.1.1.1:1;BA.4.1:1;BA.5.1:2
1152026,BA.2_0.04_abundance_0.04,A24424T;A24500G,S:Q954H;S:I980V,11,45,0.2444444444444444,0,
1152026,BA.2_0.04_abundance_0.04,C24444T;A24500G,S:T961M;S:I980V,5,158,0.0316455696202531,0,
1152026,BA.2_0.04_abundance_0.04,C26270T;C26339G,E:T9I;E:A32G,31,215,0.1441860465116279,19,BA.5.2:1;BH.1:1;BA.5.2.1:2;BA.2.10:6;BA.2.38:1;BA.2.76:1;BA.2:3;BA.2.75:4
1152026,BA.2_0.04_abundance_0.04,T26572C;C26577G;G26709A;G26727T;C26858T,M:L17P;M:Q19E;M:A63T;M:A69S;M:F112F,305,2892,0.1054633471645919,0,
1152026,BA.2_0.04_abundance_0.04,T26572C;C26577G;G26709A;C26858T,M:L17P;M:Q19E;M:A63T;M:F112F,309,2892,0.1068464730290456,0,
1152026,BA.2_0.04_abundance_0.04,T26572C;C26577G;G26709A,M:L17P;M:Q19E;M:A63T,39,3284,0.0118757612667478,1,BA.1.15:1
1152026,BA.2_0.04_abundance_0.04,T26572C;C26577G;G26709A;G26727T,M:L17P;M:Q19E;M:A63T;M:A69S,44,3284,0.0133982947624847,0,
1152026,BA.2_0.04_abundance_0.04,C26858T;G26971C,M:F112F;M:R150P,10,24,0.4166666666666667,3,BA.2.75:1;BA.2.74:1;BA.2.38:1
1152026,BA.2_0.04_abundance_0.04,G27382C;A27383T;T27384C;T27405C,ORF6:D61H;ORF6:D61V;ORF6:D61D;ORF7a:I4I,361,1249,0.289031224979984,92,BA.2:72;BA.2.9:2;BA.4.1:2;BA.2.12.1:4;BA.4.6:1;BA.2.3.13:4;BA.2.76:5;BA.2.23:1;XBB.1.1:1
1152026,BA.2_0.04_abundance_0.04,C28311T;A28356C,N:P13L;N:Q28P,343,2378,0.1442388561816652,10,BA.2:4;BA.2.72:1;BA.2.12.1:1;BA.1.1:4
1152026,BA.2_0.04_abundance_0.04,C28311T;T28417A,N:P13L;N:N48K,650,1980,0.3282828282828283,5,BA.2:3;BA.1.14.1:1;BA.1.1:1
1152026,BA.2_0.04_abundance_0.04,C28311T;A28356C;T28417A,N:P13L;N:Q28P;N:N48K,228,1980,0.1151515151515151,0,
1222026,BA.2_0.04_abundance_0.04,T415G;T670G,ORF1a:T50T;ORF1a:S135R,40,1795,0.022284122562674,171,BA.2.9:46;BA.4:1;BA.5.2:92;BA.5.1:1;BA.2.12.1:2;BA.2:13;BA.5.5:2;BF.28:1;BF.10:1;BA.5.2.27:1;BA.2.3:5;BF.5:2;BA.5.2.16:1;BF.21:1;BA.5.6:1;BA.5.2.20:1
1222026,BA.2_0.04_abundance_0.04,T670G;A773G,ORF1a:S135R;ORF1a:T170A,117,208,0.5625,74,BA.2.9:2;BA.5.2.34:1;BA.5.2:5;BA.5.2.1:4;BA.2:10;BA.5.5:1;BF.1:18;BE.1.1.2:1;BA.5:2;BF.10:1;BA.5.2.6:14;XBB.1.5:2;BF.7:1;BA.2.12.1:5;BA.5.1:2;BQ.1.26:1;BQ.1.1.1:3;BA.4.6:1
1222026,BA.2_0.04_abundance_0.04,T670G;G943C,ORF1a:S135R;ORF1a:R226S,5,194,0.0257731958762886,2,BA.5.2:2
1222026,BA.2_0.04_abundance_0.04,T670G;A773G;G943C,ORF1a:S135R;ORF1a:T170A;ORF1a:R226S,11,194,0.056701030927835,0,
1222026,BA.2_0.04_abundance_0.04,A773G;G943C,ORF1a:T170A;ORF1a:R226S,85,2058,0.0413022351797862,0,
1222026,BA.2_0.04_abundance_0.04,A1388T;T1615C,ORF1a:N375Y;ORF1a:L450L,29,251,0.1155378486055776,0,
1222026,BA.2_0.04_abundance_0.04,T1615C;T1873C,ORF1a:L450L;ORF1a:F536F,52,2070,0.0251207729468599,0,
1222026,BA.2_0.04_abundance_0.04,A3195G;C3411G,ORF1a:E977G;ORF1a:A1049G,15,885,0.0169491525423728,0,
1222026,BA.2_0.04_abundance_0.04,C3589T;A3752C,ORF1a:H1108H;ORF1a:R1163R,40,406,0.0985221674876847,0,
1222026,BA.2_0.04_abundance_0.04,G4859A;A4880T,ORF1a:D1532N;ORF1a:S1539C,9,256,0.03515625,0,
1222026,BA.2_0.04_abundance_0.04,G5968A;A6073T,ORF1a:K1901K;ORF1a:K1936N,9,479,0.0187891440501043,1,BA.1.1:1
1222026,BA.2_0.04_abundance_0.04,T8970A;T9065G,ORF1a:L2902H;ORF1a:Y2934D,170,865,0.1965317919075144,0,
1222026,BA.2_0.04_abundance_0.04,T8989A;T9065G,ORF1a:F2908L;ORF1a:Y2934D,19,865,0.0219653179190751,0,
1222026,BA.2_0.04_abundance_0.04,T9065G;A9146G,ORF1a:Y2934D;ORF1a:I2961V,24,801,0.0299625468164794,0,
1222026,BA.2_0.04_abundance_0.04,C9344T;A9353C;A9424G;C9534T,ORF1a:L3027F;ORF1a:M3030L;ORF1a:V3053V;ORF1a:T3090I,88,781,0.1126760563380281,0,
1222026,BA.2_0.04_abundance_0.04,C9344T;A9424G;T9508A;C9534T,ORF1a:L3027F;ORF1a:V3053V;ORF1a:N3081K;ORF1a:T3090I,104,781,0.1331626120358514,0,
1222026,BA.2_0.04_abundance_0.04,C9344T;A9424G;T9508A,ORF1a:L3027F;ORF1a:V3053V;ORF1a:N3081K,17,877,0.0193842645381984,1,BF.5:1
1222026,BA.2_0.04_abundance_0.04,C9344T;A9353C;A9424G,ORF1a:L3027F;ORF1a:M3030L;ORF1a:V3053V,19,956,0.0198744769874477,0,
1222026,BA.2_0.04_abundance_0.04,C9344T;A9353C;A9424G;T9508A;C9534T,ORF1a:L3027F;ORF1a:M3030L;ORF1a:V3053V;ORF1a:N3081K;ORF1a:T3090I,12,781,0.0153649167733674,0,
1222026,BA.2_0.04_abundance_0.04,C9534T;T9605C,ORF1a:T3090I;ORF1a:F3114L,28,322,0.0869565217391304,16,BA.2:3;BA.2.12.1:2;BA.2.9:2;BA.2.3.1:2;BA.5:2;BA.5.2:1;BA.4:2;BA.2.18:1;BA.5.2.10:1
1222026,BA.2_0.04_abundance_0.04,C9534T;T9676C,ORF1a:T3090I;ORF1a:P3137P,7,322,0.0217391304347826,214,BF.18:79;BA.2:57;BA.4.1:11;BA.5.2:23;BA.2.9:2;BQ.1.3:8;BA.5.6:1;BA.5.1:9;BQ.1.5:1;BA.2.3:1;BF.7:2;BA.2.52:1;BA.4.4:1;BA.5.2.1:4;BA.2.12.1:3;BE.4.1:3;BF.10:1;BQ.1.1:1;BA.5.2.27:1;BA.5.2.22:2;BA.2.56:1;BF.21:2
1222026,BA.2_0.04_abundance_0.04,T10438C;C10714G,ORF1a:C3391C;ORF1a:L3483L,30,340,0.088235294117647,0,
1222026,BA.2_0.04_abundance_0.04,G11165T;T11244G,ORF1a:A3634S;ORF1a:V3660G,25,1122,0.0222816399286987,0,
1222026,BA.2_0.04_abundance_0.04,T12039A;C12132A,ORF1a:V3925E;ORF1a:A3956D,95,2361,0.0402371876323591,0,
1222026,BA.2_0.04_abundance_0.04,C12132A;G12223A,ORF1a:A3956D;ORF1a:V3986V,11,285,0.0385964912280701,0,
1222026,BA.2_0.04_abundance_0.04,G12223A;A12401C,ORF1a:V3986V;ORF1a:N4046H,9,886,0.010158013544018,0,
1222026,BA.2_0.04_abundance_0.04,G12328C;A12401C,ORF1a:K4021N;ORF1a:N4046H,46,887,0.0518602029312288,0,
1222026,BA.2_0.04_abundance_0.04,A14266C;C14408T,ORF1b:T267P;ORF1b:P314L,44,917,0.0479825517993456,0,
1222026,BA.2_0.04_abundance_0.04,A14266C;C14408T;A14463G,ORF1b:T267P;ORF1b:P314L;ORF1b:V332V,11,842,0.013064133016627,0,
1222026,BA.2_0.04_abundance_0.04,A14312T;C14408T,ORF1b:D282V;ORF1b:P314L,13,917,0.0141766630316248,1,B.1.1.7:1
1222026,BA.2_0.04_abundance_0.04,C14408T;A14463G,ORF1b:P314L;ORF1b:V332V,139,842,0.1650831353919239,2781,B.1.1.7:33;BA.5.2.9:9;BA.1.17.2:3;AY.99.1:3;AY.44:6;BA.1.1:20;BA.2:34;BF.1:9;AY.54:2;BA.1:6;B.1.243:2;BA.5.2.6:274;BA.4.6:4;BA.5.2:1428;BA.5.2.30:1;BA.2.12.1:608;BA.5.2.12:7;BA.5.2.1:19;B.1.2:45;BA.5.1:18;AY.103:53;AY.99.2:7;BA.5.5:2;BA.2.75:11;B.1.617.2:11;AY.4.2:3;BA.5.1.3:1;BA.2.12:1;BA.1.1.2:2;BA.1.15:1;AY.30:5;AY.92:6;BA.2.9:3;AY.126:2;AY.16:1;BF.5:1;B.1.1.519:4;AY.4.5:7;BA.1.18:5;AY.43.8:3;AY.70:9;BA.1.15.1:3;BA.1.1.1:1;AY.125:10;AY.119:2;BA.5.2.31:6;B.1.351:1;BA.2.3:4;B.1.1.316:5;AY.4:5;AY.85:2;BF.26:2;B.1:2;BA.4.1:1;AY.4.6:6;BA.5.6:1;BA.4:1;AY.122:8;B.1.1.33:1;B.1.507:5;BA.1.1.18:4;AY.100:2;B.1.1.159:2;BQ.1.1.22:3;BA.5.2.28:2;AY.29:2;BA.1.21:3;BA.1.1.14:1;AY.25:2;B.1.1.28:1;BA.5.1.12:1;AD.2:1;AY.131:1;BE.1:1;P.3:1;BA.5.2.21:1;BF.10:2;BA.5.2.34:1;P.1:2;BQ.1:1;B.1.1.273:2;AY.25.1:5;B.1.621:1;XB:1;BA.4.6.4:1;BA.4.4:1;BA.2.36:1
1222026,BA.2_0.04_abundance_0.04,A15271G;T15300A,ORF1b:N602D;ORF1b:P611P,99,2024,0.0489130434782608,0,
1222026,BA.2_0.04_abundance_0.04,A15271G;G15493T,ORF1b:N602D;ORF1b:A676S,50,1870,0.0267379679144385,0,
1222026,BA.2_0.04_abundance_0.04,A15271G;T15300A;G15493T,ORF1b:N602D;ORF1b:P611P;ORF1b:A676S,31,1870,0.0165775401069518,0,
1222026,BA.2_0.04_abundance_0.04,T15300A;G15493T,ORF1b:P611P;ORF1b:A676S,138,1870,0.0737967914438502,0,
1222026,BA.2_0.04_abundance_0.04,A15614T;C15714T,ORF1b:H716L;ORF1b:L749L,2153,3612,0.5960686600221484,9,BN.1.5:1;BN.1:3;BA.2.75:4;BN.1.4:1
1222026,BA.2_0.04_abundance_0.04,A15614T;C15714T;C15744A,ORF1b:H716L;ORF1b:L749L;ORF1b:S759R,57,3393,0.0167992926613616,0,
1222026,BA.2_0.04_abundance_0.04,T16383C;T16399C,ORF1b:V972V;ORF1b:C978R,59,559,0.1055456171735241,0,
1222026,BA.2_0.04_abundance_0.04,G16813C;G17053T,ORF1b:V1116L;ORF1b:G1196C,44,1591,0.0276555625392834,0,
1222026,BA.2_0.04_abundance_0.04,G16813C;T17031G,ORF1b:V1116L;ORF1b:N1188K,60,1592,0.0376884422110552,0,
1222026,BA.2_0.04_abundance_0.04,C17403G;C17410T,ORF1b:A1312A;ORF1b:R1315C,63,2120,0.0297169811320754,2,BA.2.12.1:1;BA.2.9:1
1222026,BA.2_0.04_abundance_0.04,C17410T;A17464C,ORF1b:R1315C;ORF1b:T1333P,9,72,0.125,0,
1222026,BA.2_0.04_abundance_0.04,C17410T;A17464C;G17511A,ORF1b:R1315C;ORF1b:T1333P;ORF1b:V1348V,28,72,0.3888888888888889,0,
1222026,BA.2_0.04_abundance_0.04,C17410T;A17464C;G17511A;T17549G,ORF1b:R1315C;ORF1b:T1333P;ORF1b:V1348V;ORF1b:L1361R,9,72,0.125,0,
1222026,BA.2_0.04_abundance_0.04,C17410T;G17511A,ORF1b:R1315C;ORF1b:V1348V,10,72,0.1388888888888889,79,BA.5.2:21;BQ.1:1;BF.10:13;BF.21:7;BA.2.23:3;BA.5.1.23:1;BA.2.75:3;BA.2:8;BA.2.12.1:7;BA.2.3:5;BA.5.1:2;BA.5.2.9:1;BQ.1.1:2;BA.5.2.1:2;BA.5.2.28:1;CH.1.1:2
1222026,BA.2_0.04_abundance_0.04,C17410T;G17511A;T17549G,ORF1b:R1315C;ORF1b:V1348V;ORF1b:L1361R,7,72,0.0972222222222222,0,
1222026,BA.2_0.04_abundance_0.04,A17464C;G17511A;T17549G,ORF1b:T1333P;ORF1b:V1348V;ORF1b:L1361R,74,572,0.1293706293706293,0,
1222026,BA.2_0.04_abundance_0.04,A17464C;G17511A,ORF1b:T1333P;ORF1b:V1348V,180,572,0.3146853146853147,0,
1222026,BA.2_0.04_abundance_0.04,A17464C;T17549G,ORF1b:T1333P;ORF1b:L1361R,22,572,0.0384615384615384,0,
1222026,BA.2_0.04_abundance_0.04,G17511A;T17549G,ORF1b:V1348V;ORF1b:L1361R,24,572,0.0419580419580419,0,
1222026,BA.2_0.04_abundance_0.04,A18163G;A18211T,ORF1b:I1566V;ORF1b:M1582L,133,473,0.281183932346723,0,
1222026,BA.2_0.04_abundance_0.04,A18163G;A18211T;T18287C,ORF1b:I1566V;ORF1b:M1582L;ORF1b:V1607A,73,466,0.1566523605150214,0,
1222026,BA.2_0.04_abundance_0.04,A18163G;T18287C,ORF1b:I1566V;ORF1b:V1607A,73,466,0.1566523605150214,64,BA.5.1:7;BA.5.2:4;BA.2.6:1;BF.5:17;BF.11:1;BA.5.5:1;BA.2:8;BA.1.1.18:1;BF.10:1;BA.1.1:9;BA.2.3:1;BA.2.65:3;BA.2.12.2:1;BF.24:1;BF.1:3;BA.2.18:1;BE.2:1;BQ.1.25:1;CP.1:1;BA.4.6:1
1222026,BA.2_0.04_abundance_0.04,A18163G;A18182T;A18211T;T18287C,ORF1b:I1566V;ORF1b:D1572V;ORF1b:M1582L;ORF1b:V1607A,6,466,0.0128755364806866,0,
1222026,BA.2_0.04_abundance_0.04,A18163G;A18182T;T18287C,ORF1b:I1566V;ORF1b:D1572V;ORF1b:V1607A,11,466,0.0236051502145922,0,
1222026,BA.2_0.04_abundance_0.04,A18163G;A18182T,ORF1b:I1566V;ORF1b:D1572V,21,509,0.0412573673870334,1,BA.1.1:1
1222026,BA.2_0.04_abundance_0.04,A18163G;A18182T;A18211T,ORF1b:I1566V;ORF1b:D1572V;ORF1b:M1582L,15,473,0.0317124735729386,0,
1222026,BA.2_0.04_abundance_0.04,T18287C;G18334C,ORF1b:V1607A;ORF1b:E1623Q,25,484,0.0516528925619834,0,
1222026,BA.2_0.04_abundance_0.04,C21721A;G21987A,S:D53E;S:G142D,191,1556,0.1227506426735218,179,AY.39:42;AY.100:3;AY.103:15;AY.122:1;BA.2:28;AY.4:5;AY.43:61;BA.5.2:2;AY.36:1;AY.25.1:2;AY.4.2:1;AY.5.4:1;AY.52:1;BA.5.2.1:4;BQ.1.1:1;BA.4:1;AY.127:1;AY.98.1:9
1222026,BA.2_0.04_abundance_0.04,G21754A;G21987A,S:W64*;S:G142D,50,1556,0.0321336760925449,14,B.1.617.2:1;BA.2:11;AY.127:1;BH.1:1
1222026,BA.2_0.04_abundance_0.04,T22200G;A22259G,S:V213G;S:I233V,391,1446,0.2704011065006915,119,BQ.1.1.5:3;BA.2.3:1;BA.4.1:9;BQ.1.1:10;BA.2.9:8;BA.5.2.1:8;BA.2:33;BE.3:4;BE.1:2;CK.2.1.1:1;BA.2.12.1:3;BA.2.38:5;BA.2.75:2;BQ.1.1.24:1;BA.5.2:3;BA.5.2.27:1;BA.2.9.5:1;BQ.1.1.22:1;BA.4.6:1;BA.4:4;BA.4.4:1;BA.2.56:1;BE.1.1:1;BA.2.10:1;BA.5.1:4;BA.5.10:1;BF.10:1;CH.1.1:2;BA.5.1.1:2;BA.1.1:1;BA.5.2.6:1;BF.21:1;BA.2.76:1
1222026,BA.2_0.04_abundance_0.04,T22200G;G22256T,S:V213G;S:G232C,181,1446,0.1251728907330567,42,BA.5.2:2;BA.4.6:3;BF.28:1;BA.2.3:2;BA.2.10:1;BA.2.12.1:10;BA.5.2.1:2;BA.5.1.23:1;BA.1.1:2;BA.2:7;BA.5.5:6;BA.5.2.6:1;BA.2.75:1;BA.4.1:1;BA.5.1:1;BA.5.2.3:1
1222026,BA.2_0.04_abundance_0.04,T22200G;G22256T;A22259G,S:V213G;S:G232C;S:I233V,82,1446,0.0567081604426002,0,
1222026,BA.2_0.04_abundance_0.04,G22578A;C22674T;T22679C;C22686T;A22688G;T22697C;G22813T,S:G339D;S:S371F;S:S373P;S:S375F;S:T376A;S:C379R;S:K417N,32,332,0.0963855421686747,0,
1222026,BA.2_0.04_abundance_0.04,G23262C;A23403G,S:R567T;S:D614G,2829,4222,0.6700615821885363,5,B.1.1.7:1;BA.1.1.18:3;BA.2.3:1
1222026,BA.2_0.04_abundance_0.04,G23948T;A23994G,S:D796Y;S:K811R,62,1076,0.0576208178438661,111,BA.5.1:4;BA.5.2.34:1;BA.5.5:12;BF.7:9;BA.1.1:11;BA.2.10:3;BF.26:1;BA.2.3.10:6;BA.5.1.23:1;BA.5.2.36:2;BF.3.1:2;BA.5.2.21:5;BA.5.2:9;BA.5.2.1:2;BA.2.12.1:16;BE.5:1;BA.5.2.13:1;BA.2:11;BA.2.9:3;BA.1.1.2:1;BA.1.15:1;BF.5:1;BA.1:2;BA.1.1.1:5;BQ.1.1.5:1
1222026,BA.2_0.04_abundance_0.04,A24424T;T24687G,S:Q954H;S:F1042C,15,39,0.3846153846153846,1,BA.5.2:1
1222026,BA.2_0.04_abundance_0.04,A24424T;C24502G,S:Q954H;S:I980M,5,41,0.1219512195121951,0,
1222026,BA.2_0.04_abundance_0.04,C24502G;T24687G,S:I980M;S:F1042C,9,189,0.0476190476190476,0,
1222026,BA.2_0.04_abundance_0.04,A24918C;C25000T,S:N1119T;S:D1146D,2392,2756,0.8679245283018868,0,
1222026,BA.2_0.04_abundance_0.04,A25351C;A25397T;C25584T,S:P1263P;ORF3a:D2V;ORF3a:T64T,56,1886,0.0296924708377518,0,
1222026,BA.2_0.04_abundance_0.04,A25351C;C25584T,S:P1263P;ORF3a:T64T,74,1886,0.0392364793213149,17,BA.2.9.3:3;BA.2:4;BA.1.1:2;BA.5.1:2;BA.1:2;BQ.1.16:1;BA.5.1.22:1;BE.1.1.2:2
1222026,BA.2_0.04_abundance_0.04,A25397T;C25584T,ORF3a:D2V;ORF3a:T64T,631,1887,0.3343932167461579,5,B.1.1.529:1;BA.1.17.2:3;BA.5.2.1:1
1222026,BA.2_0.04_abundance_0.04,A25397T;C25516T;C25584T,ORF3a:D2V;ORF3a:P42S;ORF3a:T64T,50,1887,0.0264970853206147,0,
1222026,BA.2_0.04_abundance_0.04,C26270T;A26435T,E:T9I;E:N64I,328,538,0.6096654275092936,2,BA.1.1:1;BA.1.15:1
1222026,BA.2_0.04_abundance_0.04,C26270T;A26435T;C26456T,E:T9I;E:N64I;E:P71L,57,510,0.1117647058823529,0,
1222026,BA.2_0.04_abundance_0.04,A27383T;T27460G,ORF6:D61V;ORF7a:C23G,98,900,0.1088888888888888,1,BA.2:1
1222026,BA.2_0.04_abundance_0.04,T27931A;A28025C,ORF8:V13E;ORF8:K44N,23,1649,0.0139478471801091,0,
1292026,BA.2_0.04_abundance_0.04,A1451C;T1499G,ORF1a:I396L;ORF1a:S412A,6,41,0.1463414634146341,0,
1292026,BA.2_0.04_abundance_0.04,A2590G;C2790T;A2802T,ORF1a:E775E;ORF1a:T842I;ORF1a:D846V,11,93,0.1182795698924731,0,
1292026,BA.2_0.04_abundance_0.04,A2590G;C2790T,ORF1a:E775E;ORF1a:T842I,19,93,0.2043010752688172,322,BA.5.1:73;BA.5.2:65;BF.5:2;BA.2.10.1:20;BA.5.2.1:14;BA.2.9:59;XBB.1:8;BA.2:41;BA.4.1:1;XBC.1:1;BE.1.1:4;BA.2.12.1:10;BA.4.6:2;B.1.582:1;BA.2.75.5:2;BA.2.10:2;BA.5.1.3:2;BA.5.3.5:1;BA.2.9.5:6;BA.5.2.26:1;BA.5:1;BA.5.5:1;BA.2.75:2;BA.5.2.21:2;BA.5.2.12:1
1292026,BA.2_0.04_abundance_0.04,C2790T;A2802T,ORF1a:T842I;ORF1a:D846V,13,93,0.1397849462365591,0,
1292026,BA.2_0.04_abundance_0.04,A7700T;T7774G,ORF1a:R2479*;ORF1a:L2503L,6,403,0.0148883374689826,0,
1292026,BA.2_0.04_abundance_0.04,A7700T;C7720G;A7953T,ORF1a:R2479*;ORF1a:D2485E;ORF1a:Q2563L,6,377,0.0159151193633952,0,
1292026,BA.2_0.04_abundance_0.04,A7700T;C7720G,ORF1a:R2479*;ORF1a:D2485E,11,403,0.0272952853598014,0,
1292026,BA.2_0.04_abundance_0.04,A7700T;A7953T,ORF1a:R2479*;ORF1a:Q2563L,8,377,0.0212201591511936,0,
1292026,BA.2_0.04_abundance_0.04,C7720G;A7953T,ORF1a:D2485E;ORF1a:Q2563L,22,377,0.0583554376657824,0,
1292026,BA.2_0.04_abundance_0.04,C7720G;T7774G;A7953T,ORF1a:D2485E;ORF1a:L2503L;ORF1a:Q2563L,6,377,0.0159151193633952,0,
1292026,BA.2_0.04_abundance_0.04,C7720G;T7774G,ORF1a:D2485E;ORF1a:L2503L,6,403,0.0148883374689826,0,
1292026,BA.2_0.04_abundance_0.04,T7774G;A7953T,ORF1a:L2503L;ORF1a:Q2563L,16,377,0.0424403183023872,0,
1292026,BA.2_0.04_abundance_0.04,A7918T;A7953T,ORF1a:E2551D;ORF1a:Q2563L,8,377,0.0212201591511936,0,
1292026,BA.2_0.04_abundance_0.04,C9534T;T9734G,ORF1a:T3090I;ORF1a:F3157V,375,2061,0.1819505094614265,1,BA.5.1:1
1292026,BA.2_0.04_abundance_0.04,C12880T;T12985A,ORF1a:I4205I;ORF1a:G4240G,663,1894,0.350052798310454,1,B.1:1
1292026,BA.2_0.04_abundance_0.04,G13161A;A13284G,ORF1a:C4299Y;ORF1a:K4340R,204,1340,0.1522388059701492,0,
1292026,BA.2_0.04_abundance_0.04,C13967G;G14099C,ORF1b:A167G;ORF1b:G211A,32,1336,0.0239520958083832,0,
1292026,BA.2_0.04_abundance_0.04,C14408T;T14560A,ORF1b:P314L;ORF1b:Y365N,19,272,0.0698529411764705,3,AY.33:1;AY.112:1;BA.2.1:1
1292026,BA.2_0.04_abundance_0.04,C15610A;C15714T,ORF1b:Q715K;ORF1b:L749L,1431,2222,0.644014401440144,0,
1292026,BA.2_0.04_abundance_0.04,C15610A;T15663A;C15714T,ORF1b:Q715K;ORF1b:F732L;ORF1b:L749L,198,2222,0.0891089108910891,0,
1292026,BA.2_0.04_abundance_0.04,C15610A;A15695G;C15714T,ORF1b:Q715K;ORF1b:H743R;ORF1b:L749L,136,2222,0.0612061206120612,0,
1292026,BA.2_0.04_abundance_0.04,T15663A;C15714T,ORF1b:F732L;ORF1b:L749L,46,2223,0.0206927575348628,4,BF.26:2;BA.5.2.1:1;BA.5.1:1
1292026,BA.2_0.04_abundance_0.04,A15695G;C15714T,ORF1b:H743R;ORF1b:L749L,36,2223,0.0161943319838056,0,
1292026,BA.2_0.04_abundance_0.04,A16184T;T16371C,ORF1b:Y906F;ORF1b:V968V,7,165,0.0424242424242424,0,
1292026,BA.2_0.04_abundance_0.04,G16935C;G17089C,ORF1b:M1156I;ORF1b:G1208R,30,1466,0.0204638472032742,0,
1292026,BA.2_0.04_abundance_0.04,G17089C;C17410T,ORF1b:G1208R;ORF1b:R1315C,24,162,0.1481481481481481,0,
1292026,BA.2_0.04_abundance_0.04,C17410T;A17625T,ORF1b:R1315C;ORF1b:A1386A,47,146,0.3219178082191781,0,
1292026,BA.2_0.04_abundance_0.04,C17410T;A17612T;A17625T,ORF1b:R1315C;ORF1b:N1382I;ORF1b:A1386A,52,146,0.3561643835616438,0,
1292026,BA.2_0.04_abundance_0.04,C17410T;A17612T,ORF1b:R1315C;ORF1b:N1382I,12,146,0.0821917808219178,0,
1292026,BA.2_0.04_abundance_0.04,C17410T;A17460T;A17625T,ORF1b:R1315C;ORF1b:P1331P;ORF1b:A1386A,8,146,0.0547945205479452,0,
1292026,BA.2_0.04_abundance_0.04,C17410T;A17460T;A17612T;A17625T,ORF1b:R1315C;ORF1b:P1331P;ORF1b:N1382I;ORF1b:A1386A,10,146,0.0684931506849315,0,
1292026,BA.2_0.04_abundance_0.04,A17460T;A17612T;A17625T,ORF1b:P1331P;ORF1b:N1382I;ORF1b:A1386A,73,1117,0.0653536257833482,0,
1292026,BA.2_0.04_abundance_0.04,A17460T;A17625T,ORF1b:P1331P;ORF1b:A1386A,53,1117,0.0474485228290062,0,
1292026,BA.2_0.04_abundance_0.04,A17460T;A17612T,ORF1b:P1331P;ORF1b:N1382I,20,1120,0.0178571428571428,0,
1292026,BA.2_0.04_abundance_0.04,A17612T;A17625T,ORF1b:N1382I;ORF1b:A1386A,330,1118,0.295169946332737,0,
1292026,BA.2_0.04_abundance_0.04,A17625T;G17668A,ORF1b:A1386A;ORF1b:G1401S,15,1022,0.0146771037181996,0,
1292026,BA.2_0.04_abundance_0.04,A18133G;A18163G,ORF1b:K1556E;ORF1b:I1566V,398,701,0.5677603423680456,1,BA.5.1.22:1
1292026,BA.2_0.04_abundance_0.04,A18133G;G18148C;A18163G,ORF1b:K1556E;ORF1b:G1561R;ORF1b:I1566V,149,701,0.2125534950071326,0,
1292026,BA.2_0.04_abundance_0.04,G18148C;A18163G,ORF1b:G1561R;ORF1b:I1566V,40,701,0.0570613409415121,3,BA.1:1;BA.1.1:1;BQ.1.12:1
1292026,BA.2_0.04_abundance_0.04,G19178T;C19220A,ORF1b:G1904V;ORF1b:A1918D,90,3154,0.0285351934051997,0,
1292026,BA.2_0.04_abundance_0.04,T21760C;G21987A,S:H66H;S:G142D,117,1941,0.0602782071097372,502,AY.34:16;BF.7:4;AY.44:10;AY.25:24;AY.122:169;BA.2:63;BA.5.2.1:21;BA.5.1.23:17;AY.121:1;B.1.617.2:16;BA.5.2:8;BF.24:1;BQ.1.1:20;AY.3:8;AY.103:14;AY.4:11;BA.5.1:11;AY.6:1;BA.2.3:2;BA.2.9.6:2;BQ.1.1.25:1;AY.119:3;AY.75:16;AY.100:2;BA.2.12.1:3;XD:3;BK.1:2;BA.2.9:6;BA.5.3.3:1;BQ.1.1.18:2;AY.117:1;AY.29:1;BA.5.1.22:1;AY.46:1;AY.43:2;AY.46.6:1;AY.127:2;BA.1.1:1;AY.25.1:2;BA.2.75:1;BQ.1.1.6:6;XBB.1:1;BQ.1.1.14:4;AY.4.2.1:1;AY.39:1;AY.30:1;DE.1:1;B.1.1.529:1;AY.20:1;AY.45:2;BA.4.6:1;AY.118:3;BQ.1.1.12:1;BA.5.2.44:3;AY.4.2:1;BA.5.2.20:1;BA.5.5:1;BA.5.1.1:1
1292026,BA.2_0.04_abundance_0.04,T23817A;C23854A;G23948T,S:L752H;S:N764K;S:D796Y,68,160,0.425,0,
1292026,BA.2_0.04_abundance_0.04,C23854A;C23936A;G23948T,S:N764K;S:P792T;S:D796Y,61,1384,0.0440751445086705,7,BA.5.2:4;BA.1.1:2;BQ.1.3:1
1292026,BA.2_0.04_abundance_0.04,C23854A;A23902C;G23948T,S:N764K;S:E780D;S:D796Y,81,1384,0.0585260115606936,83,BA.1.1:5;BA.2.3:2;BA.1:3;BF.10:48;BA.5.2:10;BF.5:1;BF.15:1;BK.1:3;BF.3:1;BA.2.79:2;BA.2.3.1:1;BA.2:3;BA.2.12.1:2;BA.5.2.20:1
1292026,BA.2_0.04_abundance_0.04,G24305T;A24424T,S:V915F;S:Q954H,5,155,0.032258064516129,3,BA.2:1;BA.1.15:1;BA.1.1:1
1292026,BA.2_0.04_abundance_0.04,G24386C;A24424T,S:A942P;S:Q954H,50,155,0.3225806451612903,1,BA.1.1:1
1292026,BA.2_0.04_abundance_0.04,T25370A;C25584T,S:L1270I;ORF3a:T64T,104,3746,0.0277629471436198,6,BA.4.7:1;BA.1:1;BA.2:3;BA.1.13:1
1292026,BA.2_0.04_abundance_0.04,C26270T;A26288T,E:T9I;E:N15I,295,555,0.5315315315315315,108,BA.2:24;BA.1.18:1;BA.1:7;BA.1.17.2:1;BA.1.1.1:18;BA.1.1:23;BA.2.9.5:1;B.1.1.529:26;BA.2.9:6;XAS:1
1292026,BA.2_0.04_abundance_0.04,C26577G;G26709A;G26730T;C26858T,M:Q19E;M:A63T;M:V70F;M:F112F,1435,4081,0.3516295025728988,395,BA.4.1:6;BA.2.9:62;BA.2:196;BA.2.3.1:6;BA.4.6:2;BA.2.12.1:26;BA.2.15:4;BA.2.75:6;BA.2.1:27;BA.2.10:3;BA.2.6:1;BA.2.33:4;BA.2.3:16;BA.2.38:2;BA.2.36:2;BA.2.76:1;BA.2.3.13:5;BA.2.21:1;BA.2.56:14;BA.2.5:1;BA.2.78:1;BA.2.9.5:1;BA.2.45:3;BA.2.12:1;BA.1.1:1;BA.2.3.15:1;BA.4.1.1:1;BA.4:1
1292026,BA.2_0.04_abundance_0.04,C26577G;T26665A;G26709A;G26730T;C26858T,M:Q19E;M:I48K;M:A63T;M:V70F;M:F112F,214,4081,0.052438127909826,0,
1292026,BA.2_0.04_abundance_0.04,C26577G;G26709A;C26858T;A26883T,M:Q19E;M:A63T;M:F112F;M:N121Y,84,277,0.3032490974729241,0,
1292026,BA.2_0.04_abundance_0.04,C26577G;G26709A;G26834A;C26858T,M:Q19E;M:A63T;M:A104A;M:F112F,210,4081,0.0514579759862778,230,BA.2:190;BA.2.18:1;BA.2.9:13;BA.2.5:4;BA.4.6:4;BA.2.3:1;XBB.1:1;BA.4.1:3;BA.2.12.1:4;BA.2.9.5:6;XAG:1;BA.4:1;BA.1.17.2:1
1292026,BA.2_0.04_abundance_0.04,C26577G;G26709A;G26730T;C26858T;A26883T,M:Q19E;M:A63T;M:V70F;M:F112F;M:N121Y,97,277,0.3501805054151624,0,
1292026,BA.2_0.04_abundance_0.04,C26577G;G26709A;G26730T,M:Q19E;M:A63T;M:V70F,264,4679,0.0564223124599273,789,BA.1.1:107;BA.4.1:6;BA.5.5:7;BA.5.2.3:1;BA.1.15:15;BF.28:9;BA.2.9:62;BF.5:5;BA.2:196;BA.1.1.2:14;BA.1:22;BA.2.3.1:6;BE.1:6;BA.5:11;BA.4.6:2;BE.1.1:6;BA.5.2:39;BA.2.12.1:26;BA.2.15:4;BA.2.75:6;BA.5.2.1:31;BA.1.1.1:5;BA.2.1:27;BA.2.10:3;BA.5.1:26;BA.1.17:6;BA.1.17.2:19;BA.2.6:1;BA.2.33:4;BA.2.3:16;BQ.1.1:15;BA.5.1.10:1;BA.2.38:2;BA.2.36:2;BA.5.1.16:2;BA.1.18:13;BQ.1.23:2;BA.5.2.20:2;BA.2.76:1;BQ.1.1.17:1;BQ.1:5;BE.1.2:1;BA.2.3.13:5;BA.2.21:1;BA.5.9:2;BA.1.1.18:3;BA.5.1.25:1;BA.2.56:14;BE.2:2;BA.5.2.44:2;BA.2.5:1;BA.2.78:1;BA.2.9.5:1;BA.5.6:4;BA.1.19:2;BQ.1.1.22:2;BA.2.45:3;BA.5.1.3:2;BA.2.12:1;BA.1.1.10:1;BA.2.3.15:1;BA.4.1.1:1;BA.5.2.6:2;BA.4:1;BA.5.1.30:1
1292026,BA.2_0.04_abundance_0.04,C26577G;G26709A;G26730T;G26834A;C26858T,M:Q19E;M:A63T;M:V70F;M:A104A;M:F112F,232,4081,0.0568488115657926,0,
1292026,BA.2_0.04_abundance_0.04,C26577G;G26709A;G26834A;C26858T;A26883T,M:Q19E;M:A63T;M:A104A;M:F112F;M:N121Y,15,277,0.0541516245487364,0,
1292026,BA.2_0.04_abundance_0.04,C26577G;T26665A;G26709A;C26858T,M:Q19E;M:I48K;M:A63T;M:F112F,172,4081,0.0421465327125704,1,BA.2.38:1
1292026,BA.2_0.04_abundance_0.04,C26577G;T26665A;G26709A;G26834A;C26858T;A26883T,M:Q19E;M:I48K;M:A63T;M:A104A;M:F112F;M:N121Y,5,277,0.0180505415162454,0,
1292026,BA.2_0.04_abundance_0.04,C26577G;G26709A;G26730T;G26834A;C26858T;A26883T,M:Q19E;M:A63T;M:V70F;M:A104A;M:F112F;M:N121Y,11,277,0.03971119133574,0,
1292026,BA.2_0.04_abundance_0.04,C26577G;T26665A;G26709A;G26730T;C26858T;A26883T,M:Q19E;M:I48K;M:A63T;M:V70F;M:F112F;M:N121Y,13,277,0.0469314079422382,0,
1292026,BA.2_0.04_abundance_0.04,C26577G;T26665A;G26709A;C26858T;A26883T,M:Q19E;M:I48K;M:A63T;M:F112F;M:N121Y,10,277,0.0361010830324909,0,
1292026,BA.2_0.04_abundance_0.04,C26858T;A26883T,M:F112F;M:N121Y,9,286,0.0314685314685314,0,
1292026,BA.2_0.04_abundance_0.04,A27898T;C27981A,ORF8:K2I;ORF8:P30T,97,1099,0.0882620564149226,0,
1292026,BA.2_0.04_abundance_0.04,T27913A;C27981A,ORF8:L7*;ORF8:P30T,22,1099,0.0200181983621474,0,
1292026,BA.2_0.04_abundance_0.04,A28303T;C28311T,N:R10R;N:P13L,718,4152,0.1729287090558766,359,BA.2.2:266;BA.5:1;BA.2.9:5;BA.1.15:2;BA.1.1.13:1;BA.2:22;BA.1.1:7;BA.2.1:8;BA.2.18:1;B.1.619.1:1;BA.1.1.2:6;C.37:7;BA.5.2.1:1;BA.2.3.9:1;BE.1:1;BA.1:6;BA.4.6:12;BA.2.75:5;BR.1.2:1;BA.2.12.1:4;BA.2.3:1
2052026,BA.2_0.04_abundance_0.04,T670G;C925A,ORF1a:S135R;ORF1a:D220E,31,170,0.1823529411764705,59,BA.5.2:4;BA.2.3:39;BA.5.1:1;BA.2:2;BA.2.10:1;BA.2.32:1;BA.5.2.1:1;BA.2.57:1;BA.2.12.1:2;BE.1.1.1:1;BE.1:1;BF.10:4;BA.4.1:1
2052026,BA.2_0.04_abundance_0.04,T2041C;C2227T,ORF1a:T592T;ORF1a:T654T,6,68,0.088235294117647,0,
2052026,BA.2_0.04_abundance_0.04,T6667G;T6783G,ORF1a:P2134P;ORF1a:F2173C,14,828,0.0169082125603864,0,
2052026,BA.2_0.04_abundance_0.04,A7668C;G7982C,ORF1a:E2468A;ORF1a:D2573H,23,223,0.1031390134529148,0,
2052026,BA.2_0.04_abundance_0.04,G7982C;G8114C,ORF1a:D2573H;ORF1a:E2617Q,68,957,0.0710553814002089,0,
2052026,BA.2_0.04_abundance_0.04,T9260C;C9344T;A9424G;C9534T,ORF1a:S2999P;ORF1a:L3027F;ORF1a:V3053V;ORF1a:T3090I,11,150,0.0733333333333333,1,BA.2:1
2052026,BA.2_0.04_abundance_0.04,T9260C;C9344T;A9424G,ORF1a:S2999P;ORF1a:L3027F;ORF1a:V3053V,5,177,0.0282485875706214,1,BA.2:1
2052026,BA.2_0.04_abundance_0.04,G9332A;C9344T;A9424G;C9534T,ORF1a:A3023T;ORF1a:L3027F;ORF1a:V3053V;ORF1a:T3090I,15,150,0.1,57,BQ.1.1:14;BA.2:19;BA.5.2:14;BA.2.3:5;BA.5.2.7:1;BA.5.2.1:2;BA.2.23:1;BA.2.36:1
2052026,BA.2_0.04_abundance_0.04,C9344T;C9363A;A9424G;C9534T,ORF1a:L3027F;ORF1a:P3033Q;ORF1a:V3053V;ORF1a:T3090I,20,150,0.1333333333333333,0,
2052026,BA.2_0.04_abundance_0.04,C9344T;A9424G;G9479A;C9534T,ORF1a:L3027F;ORF1a:V3053V;ORF1a:G3072S;ORF1a:T3090I,7,150,0.0466666666666666,10,BA.5.2.1:3;BA.2:4;BA.2.12:1;BA.2.9:1;BA.2.75:1
2052026,BA.2_0.04_abundance_0.04,C9534T;C9745T,ORF1a:T3090I;ORF1a:Y3160Y,550,2741,0.2006566946369938,546,BA.2.56:2;BA.4.1:2;BF.5:3;BE.1:1;BA.2:157;BA.5.2.1:47;BA.5.6:57;BQ.1.1.3:2;BF.7:5;BA.2.8:60;BA.2.38.1:9;BA.4.6:10;BQ.1.14:1;BA.5.2.19:14;BA.5.2:28;BA.2.12.1:25;BA.5.2.21:1;BF.28:4;BA.5.2.26:1;BA.5:5;BA.2.9:17;BA.5.1:26;BA.2.3:3;BM.1.1.3:3;BQ.1.1.1:1;BA.5.2.24:1;BA.5.1.22:2;BQ.1.1:4;BF.7.4:1;BQ.1.1.7:1;BA.2.5:1;BQ.1.1.18:1;XBB.1:1;BA.2.24:4;BA.2.75:3;BA.5.1.23:1;BF.27:1;BF.1:1;BA.4.1.10:1;BA.2.2:2;BQ.1.3:10;BA.5.1.1:1;BA.5.5:1;BA.2.3.12:2;BA.5.1.24:1;BF.7.6:1;BA.2.10:6;BA.5.2.6:1;BA.5.1.3:1;BQ.1.1.13:3;BF.10:2;BF.22:1;BE.1.3:2;BQ.1.1.24:1;BA.5.2.12:1;BA.2.38.2:1;CH.1.1:1;BF.7.5:1
2052026,BA.2_0.04_abundance_0.04,C17125G;C17410T,ORF1b:L1220V;ORF1b:R1315C,104,1245,0.0835341365461847,88,BA.5.1:2;BF.7.4:1;BA.2.12.1:1;BA.2:66;BA.5.2.19:1;BA.5.5:1;BA.4.6:1;BA.2.3.20:1;BA.5.2:2;BA.2.3:3;BE.4.1.1:1;BA.2.9:7;BA.5.6:1
2052026,BA.2_0.04_abundance_0.04,C17125G;A17244C;C17410T,ORF1b:L1220V;ORF1b:A1259A;ORF1b:R1315C,79,1245,0.0634538152610441,0,
2052026,BA.2_0.04_abundance_0.04,C17125G;A17244C,ORF1b:L1220V;ORF1b:A1259A,40,2017,0.0198314328210213,0,
2052026,BA.2_0.04_abundance_0.04,A17244C;C17410T,ORF1b:A1259A;ORF1b:R1315C,410,1245,0.3293172690763052,0,
2052026,BA.2_0.04_abundance_0.04,A18163G;T18207C,ORF1b:I1566V;ORF1b:S1580S,32,440,0.0727272727272727,283,BA.2.3:150;BA.2.10:71;BA.1.17.2:5;BA.1.1:4;BQ.1:2;BA.2.12.1:7;BA.5.2:3;BA.5.1:4;BA.2.23:1;BA.2.3.17:8;BA.5.2.6:2;BA.1.1.2:1;BA.1.1.18:2;BA.1:2;BA.2:14;BA.1.20:1;BA.5.6:1;BA.2.9:3;BA.1.18:2
2052026,BA.2_0.04_abundance_0.04,T21961G;G21987A,S:F133L;S:G142D,93,1933,0.0481117434040351,2,AY.122:1;BA.1.1.7:1
2052026,BA.2_0.04_abundance_0.04,A22110T;T22200G;A22237T,S:Q183L;S:V213G;S:P225P,136,1522,0.0893561103810775,1,BA.5.2:1
2052026,BA.2_0.04_abundance_0.04,T22200G;A22237T,S:V213G;S:P225P,585,1522,0.3843626806833114,36,BA.5.2:4;BF.7:1;BF.11:2;BA.2:4;BA.5.2.6:6;BA.5.2.28:1;BF.7.5:1;BA.5.2.1:2;BA.2.75:1;BA.2.12.1:2;BA.5.1.25:2;BA.5.1.3:1;BA.5.6:2;BA.4.6:5;BA.2.9:1;BA.5.5:1
2052026,BA.2_0.04_abundance_0.04,G23349C;A23403G,S:S596T;S:D614G,682,1740,0.3919540229885057,28,AY.121:4;BA.5.2.1:2;AY.3:1;AY.4:7;B.1.1.7:1;BA.1.15:1;BA.2:1;B.1.617.2:1;AY.69:1;AY.39.1:1;BA.5.2.18:2;BA.2.18:2;AY.5:2;BA.2.37:1;BA.2.12.1:1
2052026,BA.2_0.04_abundance_0.04,G23349C;A23403G;T23452C,S:S596T;S:D614G;S:T630T,49,1727,0.0283729009843659,0,
2052026,BA.2_0.04_abundance_0.04,C23525T;C23595A;T23599G;C23604A,S:H655Y;S:T678N;S:N679K;S:P681H,420,2415,0.1739130434782608,24,BQ.1.1:1;BA.1.19:1;BA.5.5:7;BA.2:5;BA.1.1:6;BF.5:2;BA.1.1.15:1;BA.1.20:1
2052026,BA.2_0.04_abundance_0.04,G23948T;A23964G,S:D796Y;S:N801S,13,146,0.0890410958904109,1,BA.1:1
2052026,BA.2_0.04_abundance_0.04,G23948T;G24098C,S:D796Y;S:A846P,10,140,0.0714285714285714,1,BA.2:1
2052026,BA.2_0.04_abundance_0.04,A24424T;G24473T,S:Q954H;S:G971C,21,263,0.0798479087452471,0,
2052026,BA.2_0.04_abundance_0.04,A24777G;C25000T,S:E1072G;S:D1146D,832,1491,0.5580147551978538,6,BF.7:3;BA.5.1.22:1;BA.2:1;BA.1.1.7:1
2052026,BA.2_0.04_abundance_0.04,G25447C;C25584T,ORF3a:E19Q;ORF3a:T64T,446,1618,0.2756489493201483,258,BA.1.1:4;BA.1:4;BA.2.37:13;BA.2:149;BA.5.2.1:8;BA.1.15:1;BA.5.5:3;BA.5.1.5:1;BA.5.1:1;BA.5.2:9;BA.2.75:1;BA.2.12.1:8;BA.2.12:45;BA.5.2.3:1;BA.1.1.18:1;BA.2.9:5;BA.2.65:1;BQ.1.13:1;B.1:1;BA.2.38:1
2052026,BA.2_0.04_abundance_0.04,G25447C;T25533C;C25584T,ORF3a:E19Q;ORF3a:I47I;ORF3a:T64T,382,1618,0.2360939431396786,0,
2052026,BA.2_0.04_abundance_0.04,T25533C;C25584T,ORF3a:I47I;ORF3a:T64T,350,1618,0.2163164400494437,132,BA.1.1:8;BA.2.38:2;BQ.1.1:46;BA.1:4;BA.2:35;BA.5.2.1:8;BF.7:2;BQ.1.1.24:5;BA.5:1;BQ.1.1.18:1;BQ.1.1.22:1;BA.5.1:4;BA.1.1.1:1;BA.1.15:1;BQ.1:1;BA.1.1.15:2;BA.1.17.2:1;BQ.1.1.6:2;BA.2.1:1;BA.5.2:1;BA.1.17:1;BA.4.1:3;BA.5.1.1:1
2052026,BA.2_0.04_abundance_0.04,G26266T;C26270T,E:E8*;E:T9I,1493,1816,0.822136563876652,2,BA.1.1.18:1;BA.5.1:1
2052026,BA.2_0.04_abundance_0.04,C26577G;G26709A;A26847C;C26858T,M:Q19E;M:A63T;M:M109L;M:F112F,1814,3535,0.5131541725601132,4,BA.4.1.1:2;BA.2:2
2052026,BA.2_0.04_abundance_0.04,C26577G;G26709A;A26847C,M:Q19E;M:A63T;M:M109L,111,3719,0.0298467329927399,16,BA.1.1:3;BA.5.2:2;BA.2:3;BA.1:1;BA.4.1.1:2;BA.1.17:1;BF.10:3;BA.1.1.2:1
2052026,BA.2_0.04_abundance_0.04,C28163A;C28311T,ORF8:C90*;N:P13L,189,4541,0.0416207883726051,85,BA.4:1;BF.10:2;BA.5.1:20;BA.5.2.1:6;BA.5.2.18:8;BA.1.18:1;BA.5.2.6:1;BA.4.1.4:1;BA.4.4:1;BA.1.1.18:1;BQ.1.1:2;BA.1.15:1;BA.5.6:9;BA.5.2:8;BA.1.17:1;BA.5.1.22:1;BA.2:7;BA.1.1:6;BQ.1.2:1;BA.2.3.13:4;BF.26:1;BE.1:1;BA.5.9:1
2052026,BA.2_0.04_abundance_0.04,C28311T;A28336G,N:P13L;N:S21S,148,4242,0.0348892032060348,312,BA.5.2:5;BA.1.1:52;BA.1.17.2:29;BF.21:1;BA.1.15:12;BE.1:28;BA.5.9:77;BA.2:38;BA.5.2.1:9;BE.1.1:13;BA.2.3:3;BA.1.1.2:4;BA.1:7;BA.5.5:2;BA.2.12.1:2;BA.5.2.20:4;BA.5.2.18:1;BA.1.16:2;BA.1.20:2;BF.10:1;BA.4.1:1;BA.4.1.1:2;BA.5.1:6;BA.1.17:1;BQ.1:1;BA.5.1.19:1;BA.2.9:2;C.37:2;BA.2.75:1;BA.5:2;BA.1.14.2:1
2052026,BA.2_0.04_abundance_0.04,G29111C;C29149T,N:E280Q;N:I292I,133,1945,0.0683804627249357,0,
2052026,BA.2_0.04_abundance_0.04,A29510C;A29600T,N:S413R;ORF10:S15C,13,71,0.1830985915492957,2,BA.4.1:1;BA.2:1
2122026,BA.2_0.04_abundance_0.04,A297C;G332T,ORF1a:K11T;ORF1a:V23F,12,438,0.0273972602739726,0,
2122026,BA.2_0.04_abundance_0.04,G510C;T670G,ORF1a:G82A;ORF1a:S135R,258,1872,0.1378205128205128,8,BQ.1:2;BA.5.1:1;BA.5.2:1;BA.2:2;BA.2.10:1;BA.2.75:1
2122026,BA.2_0.04_abundance_0.04,G510C;T670G;A687C,ORF1a:G82A;ORF1a:S135R;ORF1a:K141T,26,783,0.0332056194125159,0,
2122026,BA.2_0.04_abundance_0.04,T670G;A687C,ORF1a:S135R;ORF1a:K141T,248,1130,0.2194690265486725,14,BA.5.2:4;BA.2:6;BA.5.1:1;BA.5.2.1:1;BA.4.6:1;BA.5.2.6:1
2122026,BA.2_0.04_abundance_0.04,T1665G;G1820C,ORF1a:F467C;ORF1a:G519R,29,2004,0.0144710578842315,0,
2122026,BA.2_0.04_abundance_0.04,T1665G;A1668G,ORF1a:F467C;ORF1a:K468R,71,2121,0.0334747760490334,0,
2122026,BA.2_0.04_abundance_0.04,A1668G;G1820C,ORF1a:K468R;ORF1a:G519R,103,2004,0.0513972055888223,0,
2122026,BA.2_0.04_abundance_0.04,C5171A;T5256C,ORF1a:H1636N;ORF1a:L1664S,13,184,0.0706521739130434,0,
2122026,BA.2_0.04_abundance_0.04,T7136C;T7204G,ORF1a:C2291R;ORF1a:S2313S,9,477,0.0188679245283018,0,
2122026,BA.2_0.04_abundance_0.04,A8769C;A8771T,ORF1a:D2835A;ORF1a:T2836S,60,285,0.2105263157894736,0,
2122026,BA.2_0.04_abundance_0.04,A9259C;C9344T;A9424G;C9534T,ORF1a:V2998V;ORF1a:L3027F;ORF1a:V3053V;ORF1a:T3090I,85,323,0.2631578947368421,0,
2122026,BA.2_0.04_abundance_0.04,A9259C;C9344T;A9424G,ORF1a:V2998V;ORF1a:L3027F;ORF1a:V3053V,21,392,0.0535714285714285,0,
2122026,BA.2_0.04_abundance_0.04,T10906G;G10996C,ORF1a:S3547R;ORF1a:K3577N,52,487,0.1067761806981519,0,
2122026,BA.2_0.04_abundance_0.04,G11065A;G11327C,ORF1a:W3600*;ORF1a:A3688P,19,1277,0.0148786217697729,0,
2122026,BA.2_0.04_abundance_0.04,G11065A;T11142A,ORF1a:W3600*;ORF1a:M3626K,76,1379,0.0551124002900652,0,
2122026,BA.2_0.04_abundance_0.04,G11065A;T11274A,ORF1a:W3600*;ORF1a:V3670D,30,1284,0.0233644859813084,0,
2122026,BA.2_0.04_abundance_0.04,G11065A;T11271G,ORF1a:W3600*;ORF1a:M3669R,16,1284,0.0124610591900311,0,
2122026,BA.2_0.04_abundance_0.04,T11142A;T11274A,ORF1a:M3626K;ORF1a:V3670D,16,1286,0.0124416796267496,0,
2122026,BA.2_0.04_abundance_0.04,C12295T;G12429T,ORF1a:T4010T;ORF1a:G4055V,23,1116,0.0206093189964157,0,
2122026,BA.2_0.04_abundance_0.04,A14312T;C14408T,ORF1b:D282V;ORF1b:P314L,16,758,0.021108179419525,1,B.1.1.7:1
2122026,BA.2_0.04_abundance_0.04,C15714T;C15774A,ORF1b:L749L;ORF1b:S769R,1292,4332,0.2982456140350877,0,
2122026,BA.2_0.04_abundance_0.04,A16538C;A16627G,ORF1b:D1024A;ORF1b:K1054E,54,328,0.1646341463414634,0,
2122026,BA.2_0.04_abundance_0.04,T16898A;G17054A,ORF1b:V1144D;ORF1b:G1196D,174,1856,0.09375,0,
2122026,BA.2_0.04_abundance_0.04,T16898A;C17069A,ORF1b:V1144D;ORF1b:S1201Y,40,1855,0.0215633423180593,0,
2122026,BA.2_0.04_abundance_0.04,G17173A;C17410T,ORF1b:A1236T;ORF1b:R1315C,295,2272,0.1298415492957746,0,
2122026,BA.2_0.04_abundance_0.04,G17173A;G17257C,ORF1b:A1236T;ORF1b:E1264Q,38,3665,0.0103683492496589,0,
2122026,BA.2_0.04_abundance_0.04,G17173A;G17257C;C17410T,ORF1b:A1236T;ORF1b:E1264Q;ORF1b:R1315C,42,2272,0.0184859154929577,0,
2122026,BA.2_0.04_abundance_0.04,G17257C;C17410T,ORF1b:E1264Q;ORF1b:R1315C,255,2274,0.1121372031662269,0,
2122026,BA.2_0.04_abundance_0.04,A17332C;C17410T,ORF1b:T1289P;ORF1b:R1315C,90,2274,0.0395778364116095,1,BA.2:1
2122026,BA.2_0.04_abundance_0.04,G19021C;G19235A,ORF1b:V1852L;ORF1b:C1923Y,18,614,0.0293159609120521,0,
2122026,BA.2_0.04_abundance_0.04,G22578A;C22674T;T22679C;C22686T;A22688G;G22813T;A22852T,S:G339D;S:S371F;S:S373P;S:S375F;S:T376A;S:K417N;S:T430T,14,194,0.0721649484536082,31,BA.5:1;BA.5.9:2;BA.5.2:3;BA.2.12.1:1;BA.5.1.5:4;BA.2:10;BA.5.6:1;BA.2.9:1;BQ.1.1.24:2;BA.5.1:2;BA.5.2.21:1;BA.2.3.20:1;BF.11:1;BA.2.3.1:1
2122026,BA.2_0.04_abundance_0.04,C23226G;C23248G;A23403G,S:S555C;S:F562L;S:D614G,194,884,0.2194570135746606,0,
2122026,BA.2_0.04_abundance_0.04,C23226G;A23403G,S:S555C;S:D614G,254,884,0.2873303167420814,1,BA.2:1
2122026,BA.2_0.04_abundance_0.04,C23226G;C23248G,S:S555C;S:F562L,19,955,0.0198952879581151,0,
2122026,BA.2_0.04_abundance_0.04,C23248G;A23403G,S:F562L;S:D614G,166,884,0.1877828054298642,0,
2122026,BA.2_0.04_abundance_0.04,A24281G;A24424T,S:N907D;S:Q954H,21,368,0.0570652173913043,0,
2122026,BA.2_0.04_abundance_0.04,C26577G;G26709A;C26858T;T26878A,M:Q19E;M:A63T;M:F112F;M:L119H,288,973,0.2959917780061665,0,
2122026,BA.2_0.04_abundance_0.04,C26577G;T26674A;G26709A,M:Q19E;M:L51*;M:A63T,90,5447,0.016522856618322,1,BA.1.17:1
2122026,BA.2_0.04_abundance_0.04,C26577G;T26674A;G26709A;C26858T,M:Q19E;M:L51*;M:A63T;M:F112F,512,4769,0.1073600335500104,0,
2122026,BA.2_0.04_abundance_0.04,C26577G;G26709A;T26732A;C26858T,M:Q19E;M:A63T;M:V70V;M:F112F,161,4769,0.0337596980499056,0,
2122026,BA.2_0.04_abundance_0.04,C26577G;T26674A;G26709A;C26858T;T26878A,M:Q19E;M:L51*;M:A63T;M:F112F;M:L119H,37,973,0.0380267214799588,0,
2122026,BA.2_0.04_abundance_0.04,C26577G;G26709A;T26732A;C26858T;T26878A,M:Q19E;M:A63T;M:V70V;M:F112F;M:L119H,10,973,0.0102774922918807,0,
2122026,BA.2_0.04_abundance_0.04,A27259C;G27382C;A27383T;T27384C;T27496A,ORF6:R20R;ORF6:D61H;ORF6:D61V;ORF6:D61D;ORF7a:C35S,36,445,0.0808988764044943,23,BA.2:15;BA.4.6:3;BA.2.9:1;BA.4.1:2;BA.2.75:1;BA.2.5:1
2122026,BA.2_0.04_abundance_0.04,A27259C;G27382C;A27383T;T27384C;A27403T,ORF6:R20R;ORF6:D61H;ORF6:D61V;ORF6:D61D;ORF7a:I4F,189,1581,0.1195445920303605,42,BA.2.12.1:10;BA.2.3:7;BA.2:16;BA.2.10:4;BA.2.75:2;BA.2.9:1;BA.2.24:1;BH.1:1
2122026,BA.2_0.04_abundance_0.04,A27259C;G27382C;A27383T;T27384C;G27430C,ORF6:R20R;ORF6:D61H;ORF6:D61V;ORF6:D61D;ORF7a:A13P,121,1581,0.0765338393421884,0,
2122026,BA.2_0.04_abundance_0.04,A27259C;G27382C;A27383T;T27384C;A27403T;T27496A,ORF6:R20R;ORF6:D61H;ORF6:D61V;ORF6:D61D;ORF7a:I4F;ORF7a:C35S,8,445,0.0179775280898876,0,
2122026,BA.2_0.04_abundance_0.04,T27931C;T27986C,ORF8:V13A;ORF8:Y31Y,13,427,0.0304449648711943,0,
2122026,BA.2_0.04_abundance_0.04,A28259G;C28311T,ORF8:*122X;N:P13L,165,1939,0.0850954100051573,59,BA.5.1.22:1;BA.5.5:6;BA.1.1:17;BA.5.2.1:2;BA.1:2;BA.2.12.1:3;BA.2.25.1:1;BA.1.16:1;BA.2.3:3;BF.26:1;BA.5:1;BA.5.2:6;BA.2:6;BA.2.3.2:1;BA.1.20:1;BA.1.1.2:1;BA.5.1:1;BF.10:1;BA.5.2.21:1;BA.2.9:1;BA.1.1.1:1;BA.2.76:1
2122026,BA.2_0.04_abundance_0.04,C29363G;A29510C,N:P364A;N:S413R,5,36,0.1388888888888889,10,BA.4.6:1;BA.2:2;BF.11:1;BA.2.13:1;BA.5.2.1:1;BA.4.1:3;BE.1:1
2192026,BA.2_0.04_abundance_0.04,A408C;T670G,ORF1a:D48A;ORF1a:S135R,365,1330,0.2744360902255639,21,BA.5.1:1;BA.4:2;BA.5.1.21:2;BA.5.3.1:2;BA.2:7;BQ.1.1.18:4;BQ.1.1:2;BA.5.1.1:1
2192026,BA.2_0.04_abundance_0.04,T670G;T844C,ORF1a:S135R;ORF1a:P193P,109,358,0.3044692737430167,190,BA.5.1:70;BQ.1.1.2:15;BA.2:31;BF.5:4;BA.2.9:3;BA.2.1:17;XBB.1:1;BA.5:4;BE.1.1:1;BA.5.2.44:3;BA.4.1:3;BQ.1.13:1;BA.2.12.1:5;BA.5.1.12:2;BA.5.2.1:6;BA.2.12:1;BA.5.2:1;BA.2.10.1:1;BA.5.5:1;BA.5.2.6:13;BF.7:1;BA.2.40.1:1;BF.21:1;BF.10:2;BE.1:1;BG.5:1
2192026,BA.2_0.04_abundance_0.04,T6535A;T6556C;G6589C;T6598G;G6632A;T6668G;T6699G,ORF1a:V2090V;ORF1a:A2097A;ORF1a:K2108N;ORF1a:N2111K;ORF1a:A2123T;ORF1a:W2135G;ORF1a:F2145C,10,424,0.0235849056603773,0,
2192026,BA.2_0.04_abundance_0.04,T7464G;T7481A,ORF1a:V2400G;ORF1a:S2406T,150,1625,0.0923076923076923,0,
2192026,BA.2_0.04_abundance_0.04,T7481A;T7490C,ORF1a:S2406T;ORF1a:C2409R,32,1625,0.0196923076923076,0,
2192026,BA.2_0.04_abundance_0.04,C9534T;G9623T,ORF1a:T3090I;ORF1a:V3120F,552,2125,0.2597647058823529,27,BA.2.9:9;BA.2:4;BA.2.12.1:1;BF.26:1;BA.5.2.3:2;AY.4:1;BE.1:1;BA.2.38.1:2;BA.5.2:2;BA.4.1:1;BA.5.2.1:1;BA.5.6:1;BA.2.9.5:1
2192026,BA.2_0.04_abundance_0.04,C9534T;G9623T;T9728G,ORF1a:T3090I;ORF1a:V3120F;ORF1a:W3155G,36,1970,0.0182741116751269,0,
2192026,BA.2_0.04_abundance_0.04,C9534T;T9657G,ORF1a:T3090I;ORF1a:M3131R,68,2125,0.032,2,BA.2:1;BA.5.1.10:1
2192026,BA.2_0.04_abundance_0.04,C9534T;T9759C,ORF1a:T3090I;ORF1a:V3165A,86,1970,0.0436548223350253,1,BA.5.2:1
2192026,BA.2_0.04_abundance_0.04,C9534T;T9728G,ORF1a:T3090I;ORF1a:W3155G,53,1970,0.0269035532994923,0,
2192026,BA.2_0.04_abundance_0.04,C9534T;G9623T;T9759C,ORF1a:T3090I;ORF1a:V3120F;ORF1a:V3165A,31,1970,0.015736040609137,0,
2192026,BA.2_0.04_abundance_0.04,C9534T;G9623T;T9657G,ORF1a:T3090I;ORF1a:V3120F;ORF1a:M3131R,26,2125,0.012235294117647,0,
2192026,BA.2_0.04_abundance_0.04,A10829C;T10830A,ORF1a:I3522L;ORF1a:I3522N,12,1085,0.0110599078341013,0,
2192026,BA.2_0.04_abundance_0.04,A11140C;G11262C,ORF1a:A3625A;ORF1a:W3666S,14,378,0.037037037037037,0,
2192026,BA.2_0.04_abundance_0.04,A11140C;A11246C,ORF1a:A3625A;ORF1a:M3661L,6,378,0.0158730158730158,0,
2192026,BA.2_0.04_abundance_0.04,A11140C;C11352G,ORF1a:A3625A;ORF1a:T3696R,18,260,0.0692307692307692,0,
2192026,BA.2_0.04_abundance_0.04,A11140C;T11318A,ORF1a:A3625A;ORF1a:Y3685N,7,378,0.0185185185185185,0,
2192026,BA.2_0.04_abundance_0.04,C11352G;G11391T;A11477T,ORF1a:T3696R;ORF1a:W3709L;ORF1a:I3738F,39,2457,0.0158730158730158,0,
2192026,BA.2_0.04_abundance_0.04,C11352G;A11477T,ORF1a:T3696R;ORF1a:I3738F,232,2457,0.0944240944240944,0,
2192026,BA.2_0.04_abundance_0.04,G11391T;A11477T,ORF1a:W3709L;ORF1a:I3738F,262,2471,0.1060299473897207,0,
2192026,BA.2_0.04_abundance_0.04,T11940C;C11942A;A11952T;A11991G;T11997G;C12005G;A12030G;G12052T;C12099A;A12103T;T12112G;A12126T;A12130C,ORF1a:V3892A;ORF1a:Q3893K;ORF1a:N3896I;ORF1a:E3909G;ORF1a:M3911R;ORF1a:L3914V;ORF1a:Q3922R;ORF1a:K3929N;ORF1a:A3945D;ORF1a:S3946S;ORF1a:S3949R;ORF1a:Y3954F;ORF1a:A3955A,50,2487,0.0201045436268596,0,
2192026,BA.2_0.04_abundance_0.04,G13076A;G13100T;T13111A;C13134G;A13139G;G13148C;A13169C;A13187G;C13206T;A13237C;G13332T,ORF1a:A4271T;ORF1a:A4279S;ORF1a:D4282E;ORF1a:P4290R;ORF1a:T4292A;ORF1a:V4295L;ORF1a:T4302P;ORF1a:I4308V;ORF1a:A4314V;ORF1a:A4324A;ORF1a:C4356F,31,1244,0.0249196141479099,0,
2192026,BA.2_0.04_abundance_0.04,C13967A;A13969G;C13987T;A14012T;T14019A;G14020A;T14037C;C14057G;C14110G;A14121T;T14136A;A14142C;A14164T;G14187T;G14202A,ORF1b:A167D;ORF1b:N168D;ORF1b:R174C;ORF1b:Q182L;ORF1b:C184*;ORF1b:D185N;ORF1b:A190A;ORF1b:T197R;ORF1b:Q215E;ORF1b:P218P;ORF1b:P223P;ORF1b:V225V;ORF1b:M233L;ORF1b:R240S;ORF1b:E245E,11,894,0.0123042505592841,0,
2192026,BA.2_0.04_abundance_0.04,A13969G;C13987T;A14012T;T14019A;G14020A;T14037C;C14057G;C14110G;A14121T;T14136A;A14142C;A14164T;G14187T;G14202A,ORF1b:N168D;ORF1b:R174C;ORF1b:Q182L;ORF1b:C184*;ORF1b:D185N;ORF1b:A190A;ORF1b:T197R;ORF1b:Q215E;ORF1b:P218P;ORF1b:P223P;ORF1b:V225V;ORF1b:M233L;ORF1b:R240S;ORF1b:E245E,10,894,0.0111856823266219,0,
2192026,BA.2_0.04_abundance_0.04,T14384G;C14408T,ORF1b:V306G;ORF1b:P314L,447,1132,0.3948763250883392,1559,BA.5.1:541;B.1.1.7:24;BA.1.1:342;B.1.1.231:11;BA.5.1.23:2;BA.2.56:1;BE.4:1;P.1:6;BA.1.17.2:9;BA.5.5:209;BF.5:1;BA.2.9:254;BE.1:5;AY.26:1;B.1.1:1;BA.1:7;BA.5.1.10:1;AY.29:4;AY.100:5;BA.2:40;AY.39.1.1:2;AY.25.1:5;AY.33:1;BA.2.9.3:2;BA.1.15:1;AY.117:1;BA.2.12.1:8;BA.1.17:1;BA.5.1.12:5;BA.5.2.1:4;BA.1.14.1:9;BA.5:4;AY.119:4;B.1.1.33:1;AY.3:9;AY.103:3;B.1.351:1;BA.5.1.22:1;BE.1.1:1;BA.2.13:2;BA.5.2:5;B.1.617.2:2;AY.44:1;B.1.526:1;B.1.596.1:1;BF.10:1;B.1.621:1;B.1:1;BA.5.2.20:2;AY.47:1;BA.2.1:1;BF.21:1;AY.43:1;BA.2.2:1;BA.4.1:1;BA.4:1;AY.121:3;AY.4:2;BA.1.20:1;BA.2.38.2:1
2192026,BA.2_0.04_abundance_0.04,T14384G;C14408T;A14463G,ORF1b:V306G;ORF1b:P314L;ORF1b:V332V,19,1047,0.0181470869149952,5,BA.5.1:5
2192026,BA.2_0.04_abundance_0.04,C14408T;A14463G,ORF1b:P314L;ORF1b:V332V,25,1047,0.0238777459407831,2781,B.1.1.7:33;BA.5.2.9:9;BA.1.17.2:3;AY.99.1:3;AY.44:6;BA.1.1:20;BA.2:34;BF.1:9;AY.54:2;BA.1:6;B.1.243:2;BA.5.2.6:274;BA.4.6:4;BA.5.2:1428;BA.5.2.30:1;BA.2.12.1:608;BA.5.2.12:7;BA.5.2.1:19;B.1.2:45;BA.5.1:18;AY.103:53;AY.99.2:7;BA.5.5:2;BA.2.75:11;B.1.617.2:11;AY.4.2:3;BA.5.1.3:1;BA.2.12:1;BA.1.1.2:2;BA.1.15:1;AY.30:5;AY.92:6;BA.2.9:3;AY.126:2;AY.16:1;BF.5:1;B.1.1.519:4;AY.4.5:7;BA.1.18:5;AY.43.8:3;AY.70:9;BA.1.15.1:3;BA.1.1.1:1;AY.125:10;AY.119:2;BA.5.2.31:6;B.1.351:1;BA.2.3:4;B.1.1.316:5;AY.4:5;AY.85:2;BF.26:2;B.1:2;BA.4.1:1;AY.4.6:6;BA.5.6:1;BA.4:1;AY.122:8;B.1.1.33:1;B.1.507:5;BA.1.1.18:4;AY.100:2;B.1.1.159:2;BQ.1.1.22:3;BA.5.2.28:2;AY.29:2;BA.1.21:3;BA.1.1.14:1;AY.25:2;B.1.1.28:1;BA.5.1.12:1;AD.2:1;AY.131:1;BE.1:1;P.3:1;BA.5.2.21:1;BF.10:2;BA.5.2.34:1;P.1:2;BQ.1:1;B.1.1.273:2;AY.25.1:5;B.1.621:1;XB:1;BA.4.6.4:1;BA.4.4:1;BA.2.36:1
2192026,BA.2_0.04_abundance_0.04,T15584G;C15714T,ORF1b:I706S;ORF1b:L749L,103,3892,0.026464542651593,3,BA.4.1:1;BA.5.3.2:2
2192026,BA.2_0.04_abundance_0.04,C15714T;A15745G,ORF1b:L749L;ORF1b:T760A,143,3620,0.0395027624309392,69,BA.5.1:6;BA.5.8:18;BA.2.10.1:11;BA.5.2.19:9;BA.4.6:1;BA.5.2.1:1;BA.2.12.1:1;BA.2:12;BA.5.2:2;BA.2.3:1;BQ.1.1.18:1;BE.3:2;BE.1.1:1;BA.2.9:1;BA.2.10:2
2192026,BA.2_0.04_abundance_0.04,A16620C;T16631A;G16654C,ORF1b:E1051D;ORF1b:L1055H;ORF1b:A1063P,5,226,0.0221238938053097,0,
2192026,BA.2_0.04_abundance_0.04,C17762A;G17764T;T17771A;C17818T;T17859C;T17863G;C17885T;T17901G;T17922A;T17925G;A17969C,ORF1b:A1432D;ORF1b:V1433F;ORF1b:I1435N;ORF1b:L1451L;ORF1b:Y1464Y;ORF1b:Y1466D;ORF1b:T1473I;ORF1b:S1478S;ORF1b:N1485K;ORF1b:V1486V;ORF1b:D1501A,18,768,0.0234375,0,
2192026,BA.2_0.04_abundance_0.04,A18163G;G18241A,ORF1b:I1566V;ORF1b:G1592S,142,460,0.308695652173913,164,BA.2.3:59;BA.1.1:14;BF.5:1;BA.1:7;XBB.1:1;BA.4.1.4:1;BA.5.2.1:2;BA.2:52;BA.5.2:3;BA.2.12.1:3;BA.1.1.18:1;BE.1.1.2:3;BQ.1.1.5:1;BD.1:1;BA.5.8:2;BA.1.17.2:2;BA.1.15:1;BQ.1:1;BQ.1.1:1;BA.2.9:2;BA.4:1;BA.5.1:1;BA.1.13.1:2;BF.14:2
2192026,BA.2_0.04_abundance_0.04,C18486G;T18552G,ORF1b:L1673L;ORF1b:S1695R,80,1163,0.0687876182287188,0,
2192026,BA.2_0.04_abundance_0.04,A20222G;G20248A;T20286A;G20291T;C20325A;G20332A;G20335T;C20365T;T20408A,ORF1b:Q2252R;ORF1b:E2261K;ORF1b:I2273I;ORF1b:R2275L;ORF1b:I2286I;ORF1b:G2289R;ORF1b:D2290Y;ORF1b:H2300Y;ORF1b:F2314Y,8,307,0.0260586319218241,0,
2192026,BA.2_0.04_abundance_0.04,A21949C;G21987A,S:K129N;S:G142D,213,1823,0.1168403730115194,15,AY.122:1;AY.69:1;BA.2.3.13:1;BA.5.2.12:1;BF.1:2;AY.3:2;BA.5.2.1:3;AY.44:1;BF.4:1;AY.4:1;AY.120:1
2192026,BA.2_0.04_abundance_0.04,A21949C;G21987A;C22000A,S:K129N;S:G142D;S:H146Q,11,701,0.0156918687589158,0,
2192026,BA.2_0.04_abundance_0.04,C22000A;T22200G;C22224G,S:H146Q;S:V213G;S:S221W,18,170,0.1058823529411764,0,
2192026,BA.2_0.04_abundance_0.04,T22200G;C22224G,S:V213G;S:S221W,205,280,0.7321428571428571,3,BA.2:3
2192026,BA.2_0.04_abundance_0.04,G22578A;A22589C;C22674T;T22679C;C22686T;A22688G;G22775A,S:G339D;S:N343H;S:S371F;S:S373P;S:S375F;S:T376A;S:D405N,63,279,0.2258064516129032,0,
2192026,BA.2_0.04_abundance_0.04,C23854A;A23924C;G23948T,S:N764K;S:I788L;S:D796Y,111,1140,0.0973684210526315,90,BA.4.6:2;BA.5.2:60;BA.2.36:2;BA.5.2.1:6;BA.5.1:1;BF.14:2;BA.2:12;BQ.1.1.7:1;BF.5:3;BA.4.1:1
2192026,BA.2_0.04_abundance_0.04,C23854A;G23948T;G24114T,S:N764K;S:D796Y;S:C851F,28,1019,0.0274779195289499,2,BA.1.1.7:1;BA.1.1:1
2192026,BA.2_0.04_abundance_0.04,T24469A;G24743T,S:N969K;S:V1061F,17,181,0.0939226519337016,40,BA.2.3:1;BA.1:4;BA.5.2.1:6;BA.1.18:1;BA.1.1:11;BA.2.9:3;BA.4.1:2;BA.2.56:2;BA.2:3;BA.2.75:1;BA.5.1:3;BF.10:1;BA.1.15:1;BA.4.6:1
2192026,BA.2_0.04_abundance_0.04,G24743T;C25000T,S:V1061F;S:D1146D,86,929,0.092572658772874,42,BA.2.3:1;BA.1:4;BA.5.2.1:6;BA.1.18:1;BA.1.1:11;BA.2.9:3;BA.4.1:2;BA.2.56:2;BA.2:3;BA.2.75:1;BA.5.1:3;BF.10:1;BA.1.15:1;B.1.617.2:2;BA.4.6:1
2192026,BA.2_0.04_abundance_0.04,G24743T;T24796A;C25000T,S:V1061F;S:A1078A;S:D1146D,17,929,0.0182992465016146,0,
2192026,BA.2_0.04_abundance_0.04,T24796A;C25000T,S:A1078A;S:D1146D,192,930,0.2064516129032258,45,BA.1.17.2:1;BA.5.2.1:1;BA.5.2:2;BA.2:27;BA.5.1:2;BA.1:1;BF.7.4:1;BA.1.1:1;BA.5.2.20:2;BA.4:2;BA.4.6:5
2192026,BA.2_0.04_abundance_0.04,C25584T;A25596T,ORF3a:T64T;ORF3a:R68S,280,1580,0.1772151898734177,31,BA.1.1:3;BA.5.2:8;BA.2:5;BA.5.1:4;BA.1:3;BQ.1.1.4:5;BA.1.15:1;BA.2.76:1;BA.2.12.1:1
2192026,BA.2_0.04_abundance_0.04,T26000C;C26270T,ORF3a:L203S;E:T9I,15,35,0.4285714285714285,5,BA.1.1:1;BA.1:2;BA.1.20:1;BA.1.1.2:1
2192026,BA.2_0.04_abundance_0.04,A26547G;C26577G;G26709A;A26751G;C26858T,M:T9A;M:Q19E;M:A63T;M:T77A;M:F112F,7,216,0.0324074074074074,0,
2192026,BA.2_0.04_abundance_0.04,C26577G;G26709A;A26751G;C26858T,M:Q19E;M:A63T;M:T77A;M:F112F,1420,2397,0.5924071756362119,11,BA.2.71:1;BA.2:2;BA.4.1:2;BA.2.12.1:3;BA.4.1.1:2;BA.2.9:1
2192026,BA.2_0.04_abundance_0.04,C26577G;G26709A;A26751G,M:Q19E;M:A63T;M:T77A,218,2725,0.08,48,BA.1.1:12;BF.28:1;BA.2.71:1;BA.1:1;BA.1.17.2:1;BF.5:3;BA.1.15:6;BA.5.2:3;XBJ:1;BA.1.17:1;BA.1.20:2;BA.1.18:2;BA.2:2;BA.5.1.23:1;BA.4.1:2;BA.5.1:1;BA.5.5:1;BA.2.12.1:3;BA.4.1.1:2;BA.2.9:1;BQ.1.1:1
2192026,BA.2_0.04_abundance_0.04,C26858T;T26999G,M:F112F;M:C159W,5,11,0.4545454545454545,2,BA.2:2
2192026,BA.2_0.04_abundance_0.04,T29010C;T29036G;A29039C;C29061T;C29067G;A29079C;G29106T;G29132T;A29181T;G29204T;T29225G;A29237G;C29247T;A29267G;T29278C;C29280A;A29307G,N:V246A;N:S255A;N:K256Q;N:T263I;N:T265S;N:N269T;N:G278V;N:G287W;N:Q303L;N:A311S;N:S318A;N:M322V;N:T325I;N:T332A;N:G335G;N:A336D;N:N345S,7,216,0.0324074074074074,0,
2192026,BA.2_0.04_abundance_0.04,T29036G;A29039C;C29061T;C29067G;A29079C;G29106T;G29132T;A29181T;G29204T;T29225G;A29237G;C29247T;A29267G;T29278C;C29280A;A29307G,N:S255A;N:K256Q;N:T263I;N:T265S;N:N269T;N:G278V;N:G287W;N:Q303L;N:A311S;N:S318A;N:M322V;N:T325I;N:T332A;N:G335G;N:A336D;N:N345S,61,2972,0.0205248990578734,0,
2262026,BA.2_0.04_abundance_0.04,G373T;T670G,ORF1a:E36D;ORF1a:S135R,39,1793,0.0217512548800892,286,BQ.1.10:1;BA.2.9.3:1;BA.5.5:14;BA.5.2.1:75;BA.5.2:18;BE.1:6;BA.5.1:15;BF.5:11;BA.2.9:6;BA.2:50;XBB.1:1;BA.5.2.23:2;BA.5.1.1:1;BF.26:13;BA.2.29:1;BQ.1.13:1;BA.2.12.1:11;BA.2.75:4;BA.5.3.1:2;BQ.1.1.24:1;BQ.1.1.3:2;XBB:4;BA.5.8:1;BQ.1.1.22:5;BA.5.2.18:1;BA.5.1.10:1;BA.5.2.34:1;BA.5.1.25:1;BA.2.10:5;BA.5.6.1:1;BA.4.1:1;BE.1.1:1;BA.5.2.6:12;BA.5.1.2:1;BA.5.1.12:1;XBB.3:2;BQ.1.1.21:1;BQ.1.1:5;BA.4.6:1;BA.2.52:2;BF.27:2;BE.3:1
2262026,BA.2_0.04_abundance_0.04,G1018A;A1049G;T1073G;T1086C;A1109T;T1114C;C1122T;C1221A;T1240C;A1269C,ORF1a:L251L;ORF1a:K262E;ORF1a:C270G;ORF1a:V274A;ORF1a:K282*;ORF1a:T283T;ORF1a:P286L;ORF1a:T319N;ORF1a:H325H;ORF1a:D335A,38,1651,0.0230163537250151,0,
2262026,BA.2_0.04_abundance_0.04,G1607T;C1645A;A1646T;G1661C;C1663A;G1748A;A1799G;A1814G;A1844C;A1870T,ORF1a:D448Y;ORF1a:N460K;ORF1a:I461F;ORF1a:D466H;ORF1a:D466E;ORF1a:D495N;ORF1a:T512A;ORF1a:K517E;ORF1a:K527Q;ORF1a:A535A,8,305,0.0262295081967213,0,
2262026,BA.2_0.04_abundance_0.04,G2875T;G2946A;T2959C;A2977T;A2986G;T3001C;A3010T;T3026G;C3037T;C3045T;G3080A;A3094T;T3106C,ORF1a:E870D;ORF1a:G894D;ORF1a:D898D;ORF1a:T904T;ORF1a:L907L;ORF1a:G912G;ORF1a:K915N;ORF1a:Y921D;ORF1a:F924F;ORF1a:P927L;ORF1a:E939K;ORF1a:P943P;ORF1a:Y947Y,28,1115,0.0251121076233183,0,
2262026,BA.2_0.04_abundance_0.04,T3022G;C3037T,ORF1a:H919Q;ORF1a:F924F,104,1203,0.0864505403158769,5,BA.5.2:2;B.1.2:1;AY.29:1;BA.1.1:1
2262026,BA.2_0.04_abundance_0.04,C3987A;G4016C;A4019T,ORF1a:T1241K;ORF1a:E1251Q;ORF1a:N1252Y,5,279,0.017921146953405,0,
2262026,BA.2_0.04_abundance_0.04,A4496T;A4576G,ORF1a:I1411L;ORF1a:T1437T,26,660,0.0393939393939393,0,
2262026,BA.2_0.04_abundance_0.04,A7799C;C7952T,ORF1a:T2512P;ORF1a:Q2563*,14,155,0.0903225806451612,0,
2262026,BA.2_0.04_abundance_0.04,C8664T;G8696C;T8854A;T8870C;A8882T;T8886C;T8918G;G8939A,ORF1a:T2800I;ORF1a:A2811P;ORF1a:G2863G;ORF1a:L2869L;ORF1a:I2873L;ORF1a:L2874S;ORF1a:L2885V;ORF1a:V2892I,20,1152,0.0173611111111111,0,
2262026,BA.2_0.04_abundance_0.04,G8939A;T8954C;G8975C;G9003C;A9023G;T9089A;C9122G;G9130C;G9137A;C9163T;G9173A;T9178G,ORF1a:V2892I;ORF1a:Y2897H;ORF1a:E2904Q;ORF1a:C2913S;ORF1a:T2920A;ORF1a:S2942T;ORF1a:R2953G;ORF1a:V2955V;ORF1a:D2958N;ORF1a:N2966N;ORF1a:E2970K;ORF1a:G2971G,21,1422,0.0147679324894514,0,
2262026,BA.2_0.04_abundance_0.04,C9515G;C9534T;C9565G;T9574A;T9680A;T9695G;C9700A;G9705A;A9740C;A9748C;A9754C;C9755T,ORF1a:L3084V;ORF1a:T3090I;ORF1a:F3100L;ORF1a:G3103G;ORF1a:W3139R;ORF1a:Y3144D;ORF1a:I3145I;ORF1a:C3147Y;ORF1a:N3159H;ORF1a:L3161L;ORF1a:R3163S;ORF1a:R3164C,23,825,0.0278787878787878,0,
2262026,BA.2_0.04_abundance_0.04,C9534T;C9565G;T9574A;T9680A;T9695G;C9700A;G9705A;A9740C;A9748C;A9754C;C9755T,ORF1a:T3090I;ORF1a:F3100L;ORF1a:G3103G;ORF1a:W3139R;ORF1a:Y3144D;ORF1a:I3145I;ORF1a:C3147Y;ORF1a:N3159H;ORF1a:L3161L;ORF1a:R3163S;ORF1a:R3164C,20,1648,0.012135922330097,0,
2262026,BA.2_0.04_abundance_0.04,C10029T;T9991C,ORF1a:T3255I;ORF1a:S3242S,17,157,0.10828025477707,525,BA.5.2:45;CM.2:37;BF.7:1;AY.5:4;BQ.1.1:6;BA.5.6:2;BA.5.6.2:44;BA.1:25;BA.5.2.1:16;BA.1.1:53;BA.2:173;B.1.617.2:15;AY.43:2;BA.2.18:1;BA.2.9:6;AY.25:3;BA.2.76:3;BA.1.15.1:2;BA.1.1.2:1;BA.2.75:2;BA.2.24:2;BA.5.1.23:1;BA.5.2.8:1;BA.5.2.27:2;AY.122:2;BF.7.4:2;BA.2.38:1;BA.5.2.20:1;BA.5.1:13;B.1.621:1;BA.5.5:5;AY.23:1;BA.1.1.1:1;BQ.1.1.22:2;AY.4:2;BA.2.12.1:3;AY.25.1:3;AY.44:3;BA.5.2.6:1;AY.29:5;BA.4.6:3;AY.4.2:1;BA.5.1.1:1;BA.1.15:1;BA.1.17.2:2;AY.121:1;BQ.1.12:1;BA.5.1.6:3;BE.1:1;AY.3:2;AY.39:1;AY.126:2;BA.5.2.9:1;BA.2.3:1;B.1.258:2;BA.1.18:1;BF.4:1;BN.1.2:1;BA.5.8:1;BA.5.1.5:1;AY.116:3;BQ.1.1.18:1
2262026,BA.2_0.04_abundance_0.04,A10014C;C10029T;T9991C,ORF1a:Y3250S;ORF1a:T3255I;ORF1a:S3242S,5,157,0.0318471337579617,0,
2262026,BA.2_0.04_abundance_0.04,A10014C;C10029T,ORF1a:Y3250S;ORF1a:T3255I,14,157,0.0891719745222929,0,
2262026,BA.2_0.04_abundance_0.04,C10449A;G10719A,ORF1a:P3395H;ORF1a:R3485Q,315,580,0.5431034482758621,393,BQ.1.1:9;BF.11:3;BA.5.2:6;BF.7:9;BA.5.1.23:5;BA.1:31;BA.1.17.2:2;BA.1.1:60;BF.10:2;BA.5.6:2;BA.2.24:1;BA.5.2.6:3;BF.5:2;XBB.1:8;BA.1.21:3;BA.2:43;BA.5.2.1:5;BA.2.9:2;BA.1.15.1:3;BA.5.1:1;BA.1.15:3;BA.1.1.14:1;BA.5.1.3:1;BA.5.1.7:2;XBB.2:1;BA.4.6:1;BA.4.1:4;BA.1.1.1:1;BA.2.12.1:144;BE.7:1;BF.8:3;BF.19:1;BF.26:1;BA.1.17:4;BA.2.9.5:1;BE.1.1:1;BA.5.5:1;BQ.1.10.1:7;BA.5.1.2:6;BA.2.3:2;CH.1.1:1;BA.1.1.2:1;BQ.1.16:1;BA.5.2.32:1;BQ.1.1.24:2;BA.5.3.1:1
2262026,BA.2_0.04_abundance_0.04,C10449A;T10554A;G10719A,ORF1a:P3395H;ORF1a:L3430*;ORF1a:R3485Q,56,580,0.096551724137931,0,
2262026,BA.2_0.04_abundance_0.04,C10449A;C10485A,ORF1a:P3395H;ORF1a:S3407*,31,837,0.037037037037037,1,BA.1.15:1
2262026,BA.2_0.04_abundance_0.04,C10449A;C10485A;G10719A,ORF1a:P3395H;ORF1a:S3407*;ORF1a:R3485Q,39,580,0.0672413793103448,0,
2262026,BA.2_0.04_abundance_0.04,C10449A;T10554A,ORF1a:P3395H;ORF1a:L3430*,48,837,0.057347670250896,0,
2262026,BA.2_0.04_abundance_0.04,C10449A;C10485A;T10554A;G10719A,ORF1a:P3395H;ORF1a:S3407*;ORF1a:L3430*;ORF1a:R3485Q,10,580,0.0172413793103448,0,
2262026,BA.2_0.04_abundance_0.04,C10449A;C10681G;G10719A,ORF1a:P3395H;ORF1a:Y3472*;ORF1a:R3485Q,9,580,0.0155172413793103,0,
2262026,BA.2_0.04_abundance_0.04,G11064C;T11079G;T11107G;T11125G;T11135C;T11149A;T11164G;T11197G;G11230T,ORF1a:W3600S;ORF1a:F3605C;ORF1a:F3614L;ORF1a:A3620A;ORF1a:F3624L;ORF1a:F3628L;ORF1a:H3633Q;ORF1a:L3644L;ORF1a:M3655I,20,799,0.0250312891113892,0,
2262026,BA.2_0.04_abundance_0.04,T11940C;C11942A;A11952T;A11991G;T11997G;C12005G;A12030G;G12052T;C12099A;A12103T;T12112G;C12123G;A12126T;A12130C;T12168C,ORF1a:V3892A;ORF1a:Q3893K;ORF1a:N3896I;ORF1a:E3909G;ORF1a:M3911R;ORF1a:L3914V;ORF1a:Q3922R;ORF1a:K3929N;ORF1a:A3945D;ORF1a:S3946S;ORF1a:S3949R;ORF1a:S3953*;ORF1a:Y3954F;ORF1a:A3955A;ORF1a:V3968A,90,3470,0.0259365994236311,0,
2262026,BA.2_0.04_abundance_0.04,T11977A;T12016G,ORF1a:T3904T;ORF1a:V3917V,311,3741,0.0831328521785618,0,
2262026,BA.2_0.04_abundance_0.04,G12867T;C12880T,ORF1a:G4201V;ORF1a:I4205I,818,1686,0.4851720047449585,0,
2262026,BA.2_0.04_abundance_0.04,G13076A;G13100T;T13111A;C13134G;A13139G;G13148C;A13169C;A13187G;C13206T;A13237C,ORF1a:A4271T;ORF1a:A4279S;ORF1a:D4282E;ORF1a:P4290R;ORF1a:T4292A;ORF1a:V4295L;ORF1a:T4302P;ORF1a:I4308V;ORF1a:A4314V;ORF1a:A4324A,30,1177,0.0254885301614273,0,
2262026,BA.2_0.04_abundance_0.04,C13168G;C13264G,ORF1a:H4301Q;ORF1a:H4333Q,33,1109,0.0297565374211,0,
2262026,BA.2_0.04_abundance_0.04,C13168G;C13264G;A13278G,ORF1a:H4301Q;ORF1a:H4333Q;ORF1a:N4338S,25,1109,0.0225428313796212,0,
2262026,BA.2_0.04_abundance_0.04,C13168G;A13278G,ORF1a:H4301Q;ORF1a:N4338S,25,1109,0.0225428313796212,0,
2262026,BA.2_0.04_abundance_0.04,A13196T;C13264G;A13278G,ORF1a:T4311S;ORF1a:H4333Q;ORF1a:N4338S,13,1109,0.011722272317403,0,
2262026,BA.2_0.04_abundance_0.04,A13196T;C13264G,ORF1a:T4311S;ORF1a:H4333Q,13,1109,0.011722272317403,0,
2262026,BA.2_0.04_abundance_0.04,C13264G;A13278G,ORF1a:H4333Q;ORF1a:N4338S,336,1109,0.30297565374211,0,
2262026,BA.2_0.04_abundance_0.04,A13969G;C13987T;A14012T;T14019A;G14020A;T14037C;C14057G;C14110G;A14121T;T14136A;A14142C;A14164T;G14187T;G14202A,ORF1b:N168D;ORF1b:R174C;ORF1b:Q182L;ORF1b:C184*;ORF1b:D185N;ORF1b:A190A;ORF1b:T197R;ORF1b:Q215E;ORF1b:P218P;ORF1b:P223P;ORF1b:V225V;ORF1b:M233L;ORF1b:R240S;ORF1b:E245E,18,903,0.0199335548172757,0,
2262026,BA.2_0.04_abundance_0.04,T14287A;C14408T,ORF1b:F274I;ORF1b:P314L,501,1248,0.4014423076923077,3,AY.120:2;BA.1.1:1
2262026,BA.2_0.04_abundance_0.04,T14287A;C14408T;A14489C,ORF1b:F274I;ORF1b:P314L;ORF1b:E341A,86,1151,0.0747176368375325,0,
2262026,BA.2_0.04_abundance_0.04,C14408T;A14489C,ORF1b:P314L;ORF1b:E341A,92,1151,0.0799304952215464,53,AY.4:22;BA.5.1:1;AY.4.2:1;BA.5.2.1:2;B.1.1.7:6;AY.39.1.2:2;B.1.427:1;BA.2:3;BA.2.12.1:1;BA.2.9:1;AY.103:1;B.1.617.2:1;AY.72:1;BF.7:1;AY.25:1;AY.3:1;B.1.433:1;AY.121:1;BA.5.2:1;BA.1.15:1;BE.1:1;BA.1.1:1;B.1.2:1
2262026,BA.2_0.04_abundance_0.04,C14408T;T14492A,ORF1b:P314L;ORF1b:L342Q,17,1151,0.0147697654213727,5,BA.1:2;B.1.1.7:1;P.1:1;AY.46.6:1
2262026,BA.2_0.04_abundance_0.04,C14583T;G14587C;C14618A;A14651C;T14652C;G14701T;C14760A;T14769G;A14795C;T14828G;T14846G,ORF1b:H372H;ORF1b:A374P;ORF1b:T384N;ORF1b:N395T;ORF1b:N395N;ORF1b:D412Y;ORF1b:F431L;ORF1b:A434A;ORF1b:D443A;ORF1b:M454R;ORF1b:L460R,7,341,0.0205278592375366,0,
2262026,BA.2_0.04_abundance_0.04,G14587C;C14618A;A14651C;T14652C;G14701T;C14760A;T14769G;A14795C;T14828G;T14846G,ORF1b:A374P;ORF1b:T384N;ORF1b:N395T;ORF1b:N395N;ORF1b:D412Y;ORF1b:F431L;ORF1b:A434A;ORF1b:D443A;ORF1b:M454R;ORF1b:L460R,12,690,0.017391304347826,0,
2262026,BA.2_0.04_abundance_0.04,G15340C;G15374T;G15429C,ORF1b:A625P;ORF1b:C636F;ORF1b:L654F,28,1273,0.0219952867242733,0,
2262026,BA.2_0.04_abundance_0.04,G15340C;G15429C,ORF1b:A625P;ORF1b:L654F,118,1273,0.0926944226237234,0,
2262026,BA.2_0.04_abundance_0.04,G15340C;G15374T,ORF1b:A625P;ORF1b:C636F,17,1365,0.0124542124542124,0,
2262026,BA.2_0.04_abundance_0.04,G15374T;G15429C,ORF1b:C636F;ORF1b:L654F,139,1273,0.1091908876669285,0,
2262026,BA.2_0.04_abundance_0.04,A15541C;C15714T,ORF1b:T692P;ORF1b:L749L,254,4604,0.0551694178974804,2,BA.2.3:1;BA.5.2:1
2262026,BA.2_0.04_abundance_0.04,G15543A;G15550A;C15566A;A15580T;G15627C;G15649T;G15672A;C15714T;C15716T;T15729A;T15737A;A15742C;A15772G;A15845C,ORF1b:T692T;ORF1b:V695I;ORF1b:S700Y;ORF1b:K705*;ORF1b:E720D;ORF1b:V728F;ORF1b:E735E;ORF1b:L749L;ORF1b:S750F;ORF1b:V754V;ORF1b:F757Y;ORF1b:S759R;ORF1b:S769G;ORF1b:E793A,50,2038,0.0245338567222767,0,
2262026,BA.2_0.04_abundance_0.04,T15915G;T15916C;A15917T;T15920G;G15961C;T16004G;G16027C;A16055T;A16128T;G16130A,ORF1b:D816E;ORF1b:Y817H;ORF1b:Y817F;ORF1b:V818G;ORF1b:G832R;ORF1b:M846R;ORF1b:A854P;ORF1b:H863L;ORF1b:T887T;ORF1b:G888E,52,2281,0.0227970188513809,0,
2262026,BA.2_0.04_abundance_0.04,G16336A;A16458G,ORF1b:V957I;ORF1b:S997S,103,1331,0.0773854244928625,0,
2262026,BA.2_0.04_abundance_0.04,A16458G;T16612C,ORF1b:S997S;ORF1b:C1049R,14,58,0.2413793103448276,0,
2262026,BA.2_0.04_abundance_0.04,A16458G;T16530A;T16612C,ORF1b:S997S;ORF1b:V1021V;ORF1b:C1049R,7,58,0.1206896551724138,0,
2262026,BA.2_0.04_abundance_0.04,T16908A;T16913C;A16923C;C16928T;G16959C;A16967G;C17000A;A17037T;G17058A;T17067G,ORF1b:Y1147*;ORF1b:V1149A;ORF1b:S1152S;ORF1b:T1154I;ORF1b:V1164V;ORF1b:E1167G;ORF1b:T1178K;ORF1b:A1190A;ORF1b:M1197I;ORF1b:Y1200*,42,1677,0.0250447227191413,0,
2262026,BA.2_0.04_abundance_0.04,T17150G;T17208C;T17224G;T17226G;A17233G;A17269C;T17319C;T17364A;C17372A;T17379C;C17403G,ORF1b:V1228G;ORF1b:Y1247Y;ORF1b:C1253G;ORF1b:C1253W;ORF1b:I1256V;ORF1b:K1268Q;ORF1b:N1284N;ORF1b:I1299I;ORF1b:A1302D;ORF1b:N1304N;ORF1b:A1312A,51,4667,0.0109277908720805,0,
2262026,BA.2_0.04_abundance_0.04,T17150G;T17208C;T17224G;T17226G;A17233G;A17269C;T17319C;T17364A;C17372A;T17379C;C17403G;C17410T,ORF1b:V1228G;ORF1b:Y1247Y;ORF1b:C1253G;ORF1b:C1253W;ORF1b:I1256V;ORF1b:K1268Q;ORF1b:N1284N;ORF1b:I1299I;ORF1b:A1302D;ORF1b:N1304N;ORF1b:A1312A;ORF1b:R1315C,40,3511,0.0113927655938479,0,
2262026,BA.2_0.04_abundance_0.04,T17265A;C17410T,ORF1b:F1266L;ORF1b:R1315C,161,3512,0.0458428246013667,0,
2262026,BA.2_0.04_abundance_0.04,A17429C;T17442G;C17463A;G17469C;T17510G;A17525C;A17593G;G17602C;A17606C;A17614T;C17649T;C17710G,ORF1b:Y1321S;ORF1b:P1325P;ORF1b:R1332R;ORF1b:L1334F;ORF1b:V1348G;ORF1b:K1353T;ORF1b:S1376G;ORF1b:V1379L;ORF1b:Y1380S;ORF1b:K1383*;ORF1b:C1394C;ORF1b:Q1415E,22,971,0.0226570545829042,0,
2262026,BA.2_0.04_abundance_0.04,C17710G;C17762A;C17818T;T17859C;T17863G;C17885T;T17901G;T17922A;T17925G,ORF1b:Q1415E;ORF1b:A1432D;ORF1b:L1451L;ORF1b:Y1464Y;ORF1b:Y1466D;ORF1b:T1473I;ORF1b:S1478S;ORF1b:N1485K;ORF1b:V1486V,6,346,0.0173410404624277,0,
2262026,BA.2_0.04_abundance_0.04,C17762A;C17818T;T17859C;T17863G;C17885T;T17901G;T17922A;T17925G,ORF1b:A1432D;ORF1b:L1451L;ORF1b:Y1464Y;ORF1b:Y1466D;ORF1b:T1473I;ORF1b:S1478S;ORF1b:N1485K;ORF1b:V1486V,14,941,0.0148777895855472,0,
2262026,BA.2_0.04_abundance_0.04,C18041A;G18088C;C18094T;T18123G;G18145A;A18163G;G18213T,ORF1b:A1525D;ORF1b:G1541R;ORF1b:H1543Y;ORF1b:S1552R;ORF1b:E1560K;ORF1b:I1566V;ORF1b:M1582I,19,579,0.0328151986183074,0,
2262026,BA.2_0.04_abundance_0.04,A18130C;A18163G,ORF1b:T1555P;ORF1b:I1566V,26,613,0.0424143556280587,0,
2262026,BA.2_0.04_abundance_0.04,C18976G;C19018T;G19072T;C19089A;C19099A;C19103G;T19146C;G19177A;G19194C;G19207A;G19231A,ORF1b:Q1837E;ORF1b:P1851S;ORF1b:D1869Y;ORF1b:F1874L;ORF1b:Q1878K;ORF1b:P1879R;ORF1b:S1893S;ORF1b:G1904S;ORF1b:W1909C;ORF1b:D1914N;ORF1b:V1922I,28,970,0.0288659793814433,0,
2262026,BA.2_0.04_abundance_0.04,A19954C;A20055G,ORF1b:T2163P;ORF1b:E2196E,17,46,0.3695652173913043,45,BA.2.12.1:17;BA.2.9:6;BA.2:8;BA.5.2.1:4;BA.2.3:1;BA.5.1.23:1;BA.5.2.34:1;BF.10:3;BA.5.2.9:2;XBB.1:1;BF.22:1
2262026,BA.2_0.04_abundance_0.04,A20539G;C20544G;C20648A;T20701C;T20738G;A20741C;T20748G;G20750A;T20757G;A20761T;A20778C;C20803G;T20818C,ORF1b:K2358E;ORF1b:S2359S;ORF1b:P2394Q;ORF1b:Y2412H;ORF1b:L2424R;ORF1b:Q2425P;ORF1b:Y2427*;ORF1b:G2428D;ORF1b:S2430R;ORF1b:T2432S;ORF1b:I2437I;ORF1b:Q2446E;ORF1b:L2451L,21,1490,0.0140939597315436,0,
2262026,BA.2_0.04_abundance_0.04,A20539G;C20544G;C20648A;T20701C;T20738G;A20741C;T20748G;G20750A;T20757G;A20761T;A20778C;C20803G,ORF1b:K2358E;ORF1b:S2359S;ORF1b:P2394Q;ORF1b:Y2412H;ORF1b:L2424R;ORF1b:Q2425P;ORF1b:Y2427*;ORF1b:G2428D;ORF1b:S2430R;ORF1b:T2432S;ORF1b:I2437I;ORF1b:Q2446E,16,1495,0.0107023411371237,0,
2262026,BA.2_0.04_abundance_0.04,A20662T;T20818C,ORF1b:S2399C;ORF1b:L2451L,34,1491,0.0228034875922199,0,
2262026,BA.2_0.04_abundance_0.04,T20818C;T20982G,ORF1b:L2451L;ORF1b:D2505E,41,155,0.2645161290322581,0,
2262026,BA.2_0.04_abundance_0.04,T20818C;C20946G,ORF1b:L2451L;ORF1b:V2493V,12,155,0.0774193548387096,0,
2262026,BA.2_0.04_abundance_0.04,T20818C;C20946G;T20982G,ORF1b:L2451L;ORF1b:V2493V;ORF1b:D2505E,11,155,0.0709677419354838,0,
2262026,BA.2_0.04_abundance_0.04,C20946G;T20982G,ORF1b:V2493V;ORF1b:D2505E,136,834,0.1630695443645084,0,
2262026,BA.2_0.04_abundance_0.04,G22180C;T22200G,S:K206N;S:V213G,26,133,0.1954887218045112,0,
2262026,BA.2_0.04_abundance_0.04,G22578A;C22659T;C22674T;T22679C;C22686T;A22688G,S:G339D;S:S366F;S:S371F;S:S373P;S:S375F;S:T376A,15,32,0.46875,1,BA.1.1:1
2262026,BA.2_0.04_abundance_0.04,T22952G;G22992A;C22995A;A23013C;A23040G,S:F464V;S:S477N;S:T478K;S:E484A;S:Q493R,6,18,0.3333333333333333,4,BA.2.74:1;BA.2:2;BA.2.38:1
2262026,BA.2_0.04_abundance_0.04,A23148C;T23152A;T23178A;A23181C;T23183C;G23222T;G23264C;T23272A;C23280A;C23286G;G23288T;T23289A;T23308A;G23309C;T23322A;A23357G;T23377G;C23393A;A23397C;A23403G;T23421C;T23468A,S:K529T;S:S530S;S:V539D;S:N540T;S:F541L;S:E554*;S:D568H;S:A570A;S:T573N;S:A575G;S:V576F;S:V576D;S:L582L;S:E583Q;S:I587N;S:T599A;S:S605S;S:L611I;S:Y612S;S:D614G;S:V620A;S:Y636N,10,247,0.0404858299595141,0,
2262026,BA.2_0.04_abundance_0.04,T23152A;T23178A;A23181C;T23183C;G23222T;G23264C;T23272A;C23280A;C23286G;G23288T;T23289A;T23308A;G23309C;T23322A;A23357G;T23377G;C23393A;A23397C;A23403G;T23421C;T23468A,S:S530S;S:V539D;S:N540T;S:F541L;S:E554*;S:D568H;S:A570A;S:T573N;S:A575G;S:V576F;S:V576D;S:L582L;S:E583Q;S:I587N;S:T599A;S:S605S;S:L611I;S:Y612S;S:D614G;S:V620A;S:Y636N,5,452,0.0110619469026548,0,
2262026,BA.2_0.04_abundance_0.04,T23178A;A23181C;T23183C;G23222T;G23264C;T23272A;C23280A;C23286G;G23288T;T23289A;T23308A;G23309C;T23322A;A23357G;T23377G;C23393A;A23397C;A23403G;T23421C;T23468A,S:V539D;S:N540T;S:F541L;S:E554*;S:D568H;S:A570A;S:T573N;S:A575G;S:V576F;S:V576D;S:L582L;S:E583Q;S:I587N;S:T599A;S:S605S;S:L611I;S:Y612S;S:D614G;S:V620A;S:Y636N,60,3252,0.018450184501845,0,
2262026,BA.2_0.04_abundance_0.04,T23313C;A23403G,S:I584T;S:D614G,393,3493,0.1125107357572287,35,AY.26:1;BQ.1:1;BA.5.3.1:1;BA.5.2:1;B.1.1.7:19;BQ.1.1.18:2;AY.25.1:1;BF.7:1;B.1.617.2:1;AY.3:3;BA.2:1;B.1:1;AY.33:1;AY.5.4:1
2262026,BA.2_0.04_abundance_0.04,T23599G;C23604A;C23751A,S:N679K;S:P681H;S:S730Y,313,839,0.3730631704410012,34,BA.5.1:1;BQ.1:1;BA.1.17.2:6;BA.1.1.14:2;BA.2:6;BA.1.1:1;BA.2.9.5:7;BA.2.3:1;BA.5.2.1:4;BA.2.12:1;BA.1.17.1:1;BA.1:1;BA.2.3.13:1;BA.2.9:1
2262026,BA.2_0.04_abundance_0.04,T23599G;C23604A;C23751A;G23755T,S:N679K;S:P681H;S:S730Y;S:M731I,96,839,0.1144219308700834,0,
2262026,BA.2_0.04_abundance_0.04,T23599G;C23604A;G23755T,S:N679K;S:P681H;S:M731I,93,839,0.1108462455303933,255,BA.5.1:12;BA.1.1:46;BA.5.2:8;BA.1.17.2:7;BA.4:1;BA.5.5:4;BE.1:4;BA.1.1.4:6;BA.1:18;BA.2:42;BA.2.10.1:1;BA.2.12.1:13;CM.2:1;BA.2.3:4;BF.7:3;BA.5:3;BA.1.17:7;BA.2.75:1;BA.1.15:6;BF.7.6:4;BA.5.2.1:20;BA.5.1.8:1;BA.1.15.1:4;BQ.1.14:1;BA.5.1.22:1;BA.1.1.1:4;BA.5.1.3:1;BQ.1.1.1:1;BF.26:1;BE.1.1:1;BA.5.2.24:1;BA.2.10:1;XAP:1;BA.1.1.18:2;BA.2.56:1;BF.5:1;BQ.1.1:1;BA.4.1.1:1;BA.2.38:1;BA.2.9:3;BA.1.1.2:1;BA.5.1.30:3;BA.1.1.15:1;XBC.1:1;BA.4.4:1;BA.5.3.1:1;BQ.1.8:1;BF.10:1;BA.1.18:1;BF.28:2;CR.1:1;BF.7.4:2
2262026,BA.2_0.04_abundance_0.04,C23854A;G23948T;A24120C,S:N764K;S:D796Y;S:Q853P,8,222,0.036036036036036,1,BA.2.23:1
2262026,BA.2_0.04_abundance_0.04,A24120C;A24424T,S:Q853P;S:Q954H,36,1780,0.0202247191011235,0,
2262026,BA.2_0.04_abundance_0.04,C24297G;A24424T,S:T912R;S:Q954H,60,1831,0.0327689787001638,2,BA.1.15:1;BA.5.1:1
2262026,BA.2_0.04_abundance_0.04,T25058C;T25070G;G25116T;T25129C;C25151T;A25195C;A25255T;T25265C;C25318G,S:L1166L;S:S1170A;S:R1185L;S:V1189V;S:L1197F;S:K1211N;S:T1231T;S:C1235R;S:S1252S,24,886,0.0270880361173814,0,
2262026,BA.2_0.04_abundance_0.04,C25318G;T25343C;A25351G;T25370A;T25476G;C25484G;T25496G;C25508G;T25532G;C25549A;G25555A;C25584T;T25586A;T25627A,S:S1252S;S:S1261P;S:P1263P;S:L1270I;ORF3a:F28L;ORF3a:A31G;ORF3a:I35R;ORF3a:A39G;ORF3a:I47S;ORF3a:L53I;ORF3a:V55I;ORF3a:T64T;ORF3a:L65H;ORF3a:F79I,29,1187,0.0244313395113732,0,
2262026,BA.2_0.04_abundance_0.04,T25343C;A25351G;T25370A;T25476G;C25484G;T25496G;C25508G;T25532G;C25549A;G25555A;C25584T;T25586A;T25627A,S:S1261P;S:P1263P;S:L1270I;ORF3a:F28L;ORF3a:A31G;ORF3a:I35R;ORF3a:A39G;ORF3a:I47S;ORF3a:L53I;ORF3a:V55I;ORF3a:T64T;ORF3a:L65H;ORF3a:F79I,24,2005,0.0119700748129675,0,
2262026,BA.2_0.04_abundance_0.04,A25432G;C25584T,ORF3a:T14A;ORF3a:T64T,77,2522,0.0305313243457573,72,BA.5.2:3;BA.1.17.2:8;BA.1.1.2:1;BA.5.2.22:22;BA.2:19;BA.1.1:6;BA.1.15:2;BQ.1.25:1;BA.1.17:1;BA.1.20:1;BA.4.1:2;BA.5.1:1;BA.1:3;BA.2.9.5:1;BA.5.2.1:1
2262026,BA.2_0.04_abundance_0.04,T26064G;C26270T,ORF3a:G224G;E:T9I,133,303,0.4389438943894389,0,
2262026,BA.2_0.04_abundance_0.04,C26270T;G26525A,E:T9I;M:MX,12,82,0.1463414634146341,59,BA.1.15:1;BA.1.17:2;BA.2:1;BA.1:53;B.1.1.529:2
2262026,BA.2_0.04_abundance_0.04,C26577G;G26709A;C26858T;A26866T,M:Q19E;M:A63T;M:F112F;M:E115V,179,2541,0.0704447068083431,1,BA.4:1
2262026,BA.2_0.04_abundance_0.04,C26577G;T26580G;A26592G;A26643T;T26657C;G26660C;G26696A;G26709A;G26713A;C26725A;A26738T;G26779C;T26794A;T26837A;G26852A;C26858T,M:Q19E;M:W20G;M:I24V;M:N41Y;M:F45F;M:L46F;M:W58*;M:A63T;M:C64Y;M:A68D;M:R72S;M:C86S;M:M91K;M:R105R;M:W110*;M:F112F,52,2914,0.0178448867536032,0,
2262026,BA.2_0.04_abundance_0.04,A27234G;G27235C;A27237G;A27259C;C27263A;A27290G;A27293C;A27334T;C27352G;A27383T;T27384C;T27402G,ORF6:I11M;ORF6:A12P;ORF6:A12A;ORF6:R20R;ORF6:T21N;ORF6:D30G;ORF6:Y31S;ORF6:T45S;ORF6:Q51E;ORF6:D61V;ORF6:D61D;ORF7a:I3M,13,1049,0.0123927550047664,0,
2262026,BA.2_0.04_abundance_0.04,A27259C;C27352G;A27383T;T27384C,ORF6:R20R;ORF6:Q51E;ORF6:D61V;ORF6:D61D,611,1049,0.5824594852240229,0,
2262026,BA.2_0.04_abundance_0.04,A27259C;C27352G,ORF6:R20R;ORF6:Q51E,58,1137,0.0510114335971855,0,
2262026,BA.2_0.04_abundance_0.04,A27825C;T27837C;T27901G;T27902C;A27917G;A27965C;A27983T;T28010A;C28011A;T28130G,ORF7b:M24L;ORF7b:F28L;ORF8:F3C;ORF8:F3F;ORF8:G8G;ORF8:S24S;ORF8:P30P;ORF8:I39I;ORF8:H40N;ORF8:Y79*,22,837,0.026284348864994,0,
2262026,BA.2_0.04_abundance_0.04,G27841A;T27878C,ORF7b:W29*;ORF7b:C41C,25,1608,0.015547263681592,0,
2262026,BA.2_0.04_abundance_0.04,T28130G;A28173T;G28183A;T28192G;A28207C;T28224G;A28274C;C28291G;A28295T;G28307A;C28311T;G28337T;C28344A;G28375T,ORF8:Y79*;ORF8:K94*;ORF8:S97N;ORF8:V100G;ORF8:Y105S;ORF8:Y111D;N:MX;N:P6P;N:N8Y;N:A12T;N:P13L;N:D22Y;N:T24N;N:G34G,67,3276,0.0204517704517704,0,
2262026,BA.2_0.04_abundance_0.04,C28278A;C28311T,N:S2Y;N:P13L,501,3544,0.1413656884875846,21,BA.1.1:6;BA.2.32:1;BA.5.1:2;BA.1.1.2:3;BF.21:2;B.1.526:1;BA.2:5;BA.5.2.1:1
2262026,BA.2_0.04_abundance_0.04,C28437A;C28471A;C28512A;G28551T;G28580A;A28626T;A28633G;T28678A;C28687T;A28715C,N:A55D;N:F66L;N:P80Q;N:R93L;N:D103N;N:E118V;N:G120G;N:T135T;N:A138A;N:T148P,13,849,0.0153121319199057,0,
2262026,BA.2_0.04_abundance_0.04,C28437A;C28471A;C28512A;G28551T;G28580A;C28617A;A28626T;A28633G;T28678A;C28687T;A28715C,N:A55D;N:F66L;N:P80Q;N:R93L;N:D103N;N:T115N;N:E118V;N:G120G;N:T135T;N:A138A;N:T148P,15,849,0.0176678445229682,0,
2262026,BA.2_0.04_abundance_0.04,T29036G;A29039C;C29061T;C29067G;A29079C;G29106T;G29132T;A29181T;G29204T;T29225G;A29237G;C29247T;A29267G;T29278C;C29280A;A29307G,N:S255A;N:K256Q;N:T263I;N:T265S;N:N269T;N:G278V;N:G287W;N:Q303L;N:A311S;N:S318A;N:M322V;N:T325I;N:T332A;N:G335G;N:A336D;N:N345S,51,1887,0.027027027027027,0,
2262026,BA.2_0.04_abundance_0.04,T29461G;A29510C,N:P396P;N:S413R,135,271,0.4981549815498155,6,BA.2.31:3;BE.1.1:2;BA.4.6:1
2262026,BA.2_0.04_abundance_0.04,T29461G;A29510C;G29528T,N:P396P;N:S413R;N:A419S,53,271,0.1955719557195571,0,
3052026,BA.2_0.04_abundance_0.04,G271A;T317A;A339G,ORF1a:E2E;ORF1a:L18M;ORF1a:D25G,29,441,0.0657596371882086,0,
3052026,BA.2_0.04_abundance_0.04,T670G;A785C,ORF1a:S135R;ORF1a:M174L,50,174,0.2873563218390804,13,BA.5.1:9;BA.2:1;BA.5.2.1:3
3052026,BA.2_0.04_abundance_0.04,G1018A;A1049G;T1073G;T1086C;A1109T;T1114C;C1122T;C1221A;T1234G;T1240C,ORF1a:L251L;ORF1a:K262E;ORF1a:C270G;ORF1a:V274A;ORF1a:K282*;ORF1a:T283T;ORF1a:P286L;ORF1a:T319N;ORF1a:C323W;ORF1a:H325H,19,620,0.0306451612903225,0,
3052026,BA.2_0.04_abundance_0.04,G1607T;C1645A;A1646T;G1661C;C1663A;G1748A;C1762G;A1799G;A1814G;A1844C;A1870T,ORF1a:D448Y;ORF1a:N460K;ORF1a:I461F;ORF1a:D466H;ORF1a:D466E;ORF1a:D495N;ORF1a:F499L;ORF1a:T512A;ORF1a:K517E;ORF1a:K527Q;ORF1a:A535A,28,792,0.0353535353535353,0,
3052026,BA.2_0.04_abundance_0.04,C1645A;A1646T;G1661C;C1663A;G1748A;C1762G;A1799G;A1814G;A1844C;A1870T,ORF1a:N460K;ORF1a:I461F;ORF1a:D466H;ORF1a:D466E;ORF1a:D495N;ORF1a:F499L;ORF1a:T512A;ORF1a:K517E;ORF1a:K527Q;ORF1a:A535A,92,3028,0.0303830911492734,0,
3052026,BA.2_0.04_abundance_0.04,A2480T;A2542T,ORF1a:I739F;ORF1a:K759N,54,291,0.1855670103092783,0,
3052026,BA.2_0.04_abundance_0.04,A3210C;G3216C;A3309T;A3314T;G3353A;A3374C;T3378C;A3390C;G3407A;A3414C;G3443C;T3459G;A3461T,ORF1a:D982A;ORF1a:S984T;ORF1a:E1015V;ORF1a:T1017S;ORF1a:G1030S;ORF1a:N1037H;ORF1a:V1038A;ORF1a:N1042T;ORF1a:E1048K;ORF1a:K1050T;ORF1a:A1060P;ORF1a:L1065R;ORF1a:K1066*,23,428,0.0537383177570093,0,
3052026,BA.2_0.04_abundance_0.04,G3560T;C3583A;A3600G;G3614C;A3643G;A3674G;A3684C;T3700C;C3702G,ORF1a:V1099L;ORF1a:S1106R;ORF1a:K1112R;ORF1a:V1117L;ORF1a:E1126E;ORF1a:N1137D;ORF1a:Q1140P;ORF1a:L1145L;ORF1a:A1146G,8,209,0.0382775119617224,0,
3052026,BA.2_0.04_abundance_0.04,A3852T;T3862A;A3872C;G3878A;T3898C;T3930G;C3987A;G4016C;A4019T;A4032G;A4050T;C4058A,ORF1a:E1196V;ORF1a:V1199V;ORF1a:I1203L;ORF1a:E1205K;ORF1a:V1211V;ORF1a:V1222G;ORF1a:T1241K;ORF1a:E1251Q;ORF1a:N1252Y;ORF1a:Y1256C;ORF1a:N1262I;ORF1a:P1265T,7,508,0.0137795275590551,0,
3052026,BA.2_0.04_abundance_0.04,A3852T;T3862A;A3872C;G3878A;T3898C;T3930G;C3987A;G4016C;A4019T;A4032G;C4058A,ORF1a:E1196V;ORF1a:V1199V;ORF1a:I1203L;ORF1a:E1205K;ORF1a:V1211V;ORF1a:V1222G;ORF1a:T1241K;ORF1a:E1251Q;ORF1a:N1252Y;ORF1a:Y1256C;ORF1a:P1265T,9,508,0.0177165354330708,0,
3052026,BA.2_0.04_abundance_0.04,T5951A;A5970G;T5978G;T6047A;A6072T;A6098C;T6119A;G6123T;T6129C,ORF1a:L1896M;ORF1a:K1902R;ORF1a:S1905A;ORF1a:F1928I;ORF1a:K1936I;ORF1a:T1945P;ORF1a:S1952T;ORF1a:R1953I;ORF1a:L1955P,17,567,0.0299823633156966,0,
3052026,BA.2_0.04_abundance_0.04,A6512G;T6535A;G6536A;T6556C;G6589C;T6598G;G6632A;T6668G;T6699G;A6731T;C6774G,ORF1a:S2083G;ORF1a:V2090V;ORF1a:G2091S;ORF1a:A2097A;ORF1a:K2108N;ORF1a:N2111K;ORF1a:A2123T;ORF1a:W2135G;ORF1a:F2145C;ORF1a:I2156L;ORF1a:P2170R,21,634,0.0331230283911671,0,
3052026,BA.2_0.04_abundance_0.04,T7356C;C7392A;A7409G;G7476A;T7489A;T7499A;C7536G;A7569C;G7577A;G7599A;T7605G;T7612A;G7622A;G7629A,ORF1a:L2364P;ORF1a:P2376Q;ORF1a:R2382G;ORF1a:C2404Y;ORF1a:T2408T;ORF1a:C2412S;ORF1a:T2424R;ORF1a:Y2435S;ORF1a:A2438T;ORF1a:C2445Y;ORF1a:L2447R;ORF1a:N2449K;ORF1a:V2453I;ORF1a:C2455Y,17,334,0.0508982035928143,0,
3052026,BA.2_0.04_abundance_0.04,A8312T;A8378G;A8388T;T8421A;G8422C;A8500T;T8538G;T8545C;G8553C;T8554G,ORF1a:M2683L;ORF1a:K2705E;ORF1a:N2708I;ORF1a:M2719K;ORF1a:M2719I;ORF1a:A2745A;ORF1a:I2758R;ORF1a:L2760L;ORF1a:G2763A;ORF1a:G1945G,49,2141,0.0228865016347501,0,
3052026,BA.2_0.04_abundance_0.04,A8312T;A8378G;A8388T;T8421A;G8422C;A8500T;T8538G;T8545C;G8553C;T8554G;T8623G;C8626A,ORF1a:M2683L;ORF1a:K2705E;ORF1a:N2708I;ORF1a:M2719K;ORF1a:M2719I;ORF1a:A2745A;ORF1a:I2758R;ORF1a:L2760L;ORF1a:G2763A;ORF1a:G1945G;ORF1a:I2786M;ORF1a:F2787L,21,445,0.047191011235955,0,
3052026,BA.2_0.04_abundance_0.04,C8664T;G8696C;T8854A;T8918G;G8939A,ORF1a:T2800I;ORF1a:A2811P;ORF1a:G2863G;ORF1a:L2885V;ORF1a:V2892I,9,246,0.0365853658536585,0,
3052026,BA.2_0.04_abundance_0.04,G8939A;T8954C;G8975C;G9003C;A9023G;T9089A;C9122G;G9130C;G9137A;C9163T;T9178G,ORF1a:V2892I;ORF1a:Y2897H;ORF1a:E2904Q;ORF1a:C2913S;ORF1a:T2920A;ORF1a:S2942T;ORF1a:R2953G;ORF1a:V2955V;ORF1a:D2958N;ORF1a:N2966N;ORF1a:G2971G,14,408,0.034313725490196,0,
3052026,BA.2_0.04_abundance_0.04,C9344T;A9424G;T9449A;C9534T,ORF1a:L3027F;ORF1a:V3053V;ORF1a:Y3062N;ORF1a:T3090I,176,452,0.3893805309734513,1,BA.2.5:1
3052026,BA.2_0.04_abundance_0.04,C9344T;A9424G;T9449A,ORF1a:L3027F;ORF1a:V3053V;ORF1a:Y3062N,26,506,0.0513833992094861,1,BA.2.5:1
3052026,BA.2_0.04_abundance_0.04,C9534T;G9705T,ORF1a:T3090I;ORF1a:C3147F,29,764,0.037958115183246,33,BA.2:5;BA.2.9:1;BA.5.2.6:1;BA.5.2:3;BA.2.12.1:2;BA.2.3.9:1;BA.2.10:4;BA.4.1.8:3;BA.5.1.10:1;BA.5.5:4;BE.1.1:6;BA.5.2.1:1;BA.5.1:1
3052026,BA.2_0.04_abundance_0.04,C9534T;C9565G;T9574A;T9680A;T9695G;C9700A;G9705A,ORF1a:T3090I;ORF1a:F3100L;ORF1a:G3103G;ORF1a:W3139R;ORF1a:Y3144D;ORF1a:I3145I;ORF1a:C3147Y,19,764,0.0248691099476439,0,
3052026,BA.2_0.04_abundance_0.04,T10813G;A10842C;T10852A;C10871A;C10889G;T10913A;T10968G;A10972C;A10987G,ORF1a:L3516L;ORF1a:D3526A;ORF1a:A3529A;ORF1a:Q3536K;ORF1a:R3542G;ORF1a:L3550I;ORF1a:F3568C;ORF1a:Q3569H;ORF1a:R3574R,41,1159,0.0353753235547886,0,
3052026,BA.2_0.04_abundance_0.04,G11064C;T11079G;T11107G;T11125G;T11135C;T11149A;T11164G;T11197G;G11230T;G11310T;T11331A,ORF1a:W3600S;ORF1a:F3605C;ORF1a:F3614L;ORF1a:A3620A;ORF1a:F3624L;ORF1a:F3628L;ORF1a:H3633Q;ORF1a:L3644L;ORF1a:M3655I;ORF1a:C3682F;ORF1a:V3689E,27,701,0.0385164051355206,0,
3052026,BA.2_0.04_abundance_0.04,T11890C;T11940C;C11942A;A11952T;A11991G;T11997G;C12005G;A12030G;G12052T;C12099A;A12103T;T12112G;C12123G;A12126T;A12130C,ORF1a:V3875V;ORF1a:V3892A;ORF1a:Q3893K;ORF1a:N3896I;ORF1a:E3909G;ORF1a:M3911R;ORF1a:L3914V;ORF1a:Q3922R;ORF1a:K3929N;ORF1a:A3945D;ORF1a:S3946S;ORF1a:S3949R;ORF1a:S3953*;ORF1a:Y3954F;ORF1a:A3955A,7,306,0.022875816993464,0,
3052026,BA.2_0.04_abundance_0.04,T11940C;C11942A;A11952T;A11991G;T11997G;C12005G;A12030G;G12052T;C12099A;A12103T;T12112G;C12123G;A12126T;A12130C,ORF1a:V3892A;ORF1a:Q3893K;ORF1a:N3896I;ORF1a:E3909G;ORF1a:M3911R;ORF1a:L3914V;ORF1a:Q3922R;ORF1a:K3929N;ORF1a:A3945D;ORF1a:S3946S;ORF1a:S3949R;ORF1a:S3953*;ORF1a:Y3954F;ORF1a:A3955A,128,3474,0.0368451352907311,0,
3052026,BA.2_0.04_abundance_0.04,G12261C;C12296T,ORF1a:R3999P;ORF1a:Q4011*,17,511,0.0332681017612524,0,
3052026,BA.2_0.04_abundance_0.04,G12767T;C12880T,ORF1a:A4168S;ORF1a:I4205I,612,2701,0.2265827471306923,4,BA.5.1.22:1;BF.7:3
3052026,BA.2_0.04_abundance_0.04,G12767T;C12880T;A13063G,ORF1a:A4168S;ORF1a:I4205I;ORF1a:V4266V,47,290,0.1620689655172413,0,
3052026,BA.2_0.04_abundance_0.04,C12880T;G12963A,ORF1a:I4205I;ORF1a:G4233E,79,2526,0.0312747426761678,0,
3052026,BA.2_0.04_abundance_0.04,C12880T;A13063G,ORF1a:I4205I;ORF1a:V4266V,151,290,0.5206896551724138,1708,BA.2.45:2;BA.2:576;BA.5.1.21:1;BA.2.3:42;BF.5:1;BF.1:1;BE.1:3;BA.5.2.1:901;BA.4.6:4;BE.1.1:16;BA.5.2:35;BA.2.12.1:25;BF.28:1;BA.5.2.20:13;BA.5.1:7;BA.2.75:13;BA.2.10:3;BA.4.1:1;XBB.1:3;BA.2.9:11;BN.1.5:3;BA.2.38:1;BA.5.9:1;BQ.1.14:2;BF.4:7;BA.2.36:1;BA.2.3.1:1;BA.2.63:1;B.1.617.2:2;BA.2.56:1;BA.5.2.3:2;BQ.1.1:5;BQ.1.1.22:1;BA.5.5:2;BA.5.1.25:1;BA.5:1;BF.10:2;BF.7:1;BA.5.1.5:1;BA.5.1.23:1;BA.4:1;BE.1.4.2:1;BA.2.32:1;BN.3.1:1;AY.125:1;BA.5.1.6:1;B.1.1.529:1;BA.5.2.22:1;BA.4.8:1;BF.7.5:1;BQ.1.1.8:1;BA.5.2.10:1
3052026,BA.2_0.04_abundance_0.04,A13063G;G13179C,ORF1a:V4266V;ORF1a:G4305A,108,1149,0.0939947780678851,0,
3052026,BA.2_0.04_abundance_0.04,A13063G;G13076A;G13100T;T13111A;C13134G;A13139G;G13148C;A13169C;A13187G;C13206T;A13237C;G13332T;T13354C,ORF1a:V4266V;ORF1a:A4271T;ORF1a:A4279S;ORF1a:D4282E;ORF1a:P4290R;ORF1a:T4292A;ORF1a:V4295L;ORF1a:T4302P;ORF1a:I4308V;ORF1a:A4314V;ORF1a:A4324A;ORF1a:C4356F;ORF1a:F4363F,22,866,0.0254041570438799,0,
3052026,BA.2_0.04_abundance_0.04,A13969G;C13987T;A14012T;T14019A;G14020A;T14037C;C14057G;C14110G;A14121T;T14136A;A14142C;A14164T;G14187T;G14202A;T14221A,ORF1b:N168D;ORF1b:R174C;ORF1b:Q182L;ORF1b:C184*;ORF1b:D185N;ORF1b:A190A;ORF1b:T197R;ORF1b:Q215E;ORF1b:P218P;ORF1b:P223P;ORF1b:V225V;ORF1b:M233L;ORF1b:R240S;ORF1b:E245E;ORF1b:L252I,39,1459,0.0267306374228923,0,
3052026,BA.2_0.04_abundance_0.04,T14237A;C14408T,ORF1b:I257N;ORF1b:P314L,8,55,0.1454545454545454,4,AY.26:1;B.1.177.7:1;AY.4.2.3:1;BA.2:1
3052026,BA.2_0.04_abundance_0.04,G14587C;C14618A;A14651C;T14652C;G14701T;C14760A;T14769G;A14795C,ORF1b:A374P;ORF1b:T384N;ORF1b:N395T;ORF1b:N395N;ORF1b:D412Y;ORF1b:F431L;ORF1b:A434A;ORF1b:D443A,6,217,0.0276497695852534,0,
3052026,BA.2_0.04_abundance_0.04,G15543A;G15550A;C15566A;A15580T;G15627C;G15649T;G15672A;C15714T;C15716T;T15737A;A15742C;A15772G;A15845C,ORF1b:T692T;ORF1b:V695I;ORF1b:S700Y;ORF1b:K705*;ORF1b:E720D;ORF1b:V728F;ORF1b:E735E;ORF1b:L749L;ORF1b:S750F;ORF1b:F757Y;ORF1b:S759R;ORF1b:S769G;ORF1b:E793A,44,2417,0.0182043856019859,0,
3052026,BA.2_0.04_abundance_0.04,G15543A;G15550A;C15566A;A15580T;G15627C;G15649T;G15672A;C15714T;C15716T;T15729A;T15737A;A15742C;A15772G;A15845C,ORF1b:T692T;ORF1b:V695I;ORF1b:S700Y;ORF1b:K705*;ORF1b:E720D;ORF1b:V728F;ORF1b:E735E;ORF1b:L749L;ORF1b:S750F;ORF1b:V754V;ORF1b:F757Y;ORF1b:S759R;ORF1b:S769G;ORF1b:E793A,50,2344,0.0213310580204778,0,
3052026,BA.2_0.04_abundance_0.04,A15605G;C15714T,ORF1b:N713S;ORF1b:L749L,630,4212,0.1495726495726495,15,BA.2.13:1;BA.2:2;BA.5.2.1:1;BA.2.12.1:2;BF.4:2;BA.2.9:2;BA.2.38.1:2;BF.21:1;BA.2.36:2
3052026,BA.2_0.04_abundance_0.04,C15714T;A15860G,ORF1b:L749L;ORF1b:K798R,8,114,0.0701754385964912,121,BA.4:2;BA.5.3.2:5;BA.5.2:3;BF.7:1;BA.5.1:45;BF.14:30;BA.5.1.6:1;BA.5.2.1:3;BA.2.9:10;BA.5:1;BA.5.5.3:1;BE.5:2;BA.2:8;BE.1.1:2;BQ.1:1;BE.1:1;BA.2.75:1;CM.2:2;BA.5.1.24:2
3052026,BA.2_0.04_abundance_0.04,T15915G;T15916C;A15917T;T15920G;G15961C;T16004G;G16027C;A16055T;A16128T;G16130A,ORF1b:D816E;ORF1b:Y817H;ORF1b:Y817F;ORF1b:V818G;ORF1b:G832R;ORF1b:M846R;ORF1b:A854P;ORF1b:H863L;ORF1b:T887T;ORF1b:G888E,117,3491,0.0335147522199942,0,
3052026,BA.2_0.04_abundance_0.04,T15915G;T15916C;A15917T;T15920G;G15961C;T16004G;G16027C;A16055T;A16128T;G16130A;T16176G,ORF1b:D816E;ORF1b:Y817H;ORF1b:Y817F;ORF1b:V818G;ORF1b:G832R;ORF1b:M846R;ORF1b:A854P;ORF1b:H863L;ORF1b:T887T;ORF1b:G888E;ORF1b:T903T,14,443,0.0316027088036117,0,
3052026,BA.2_0.04_abundance_0.04,T16908A;T16913C;A16923C;C16928T;G16959C;A16967G;C17000A;A17037T;G17058A;T17067G,ORF1b:Y1147*;ORF1b:V1149A;ORF1b:S1152S;ORF1b:T1154I;ORF1b:V1164V;ORF1b:E1167G;ORF1b:T1178K;ORF1b:A1190A;ORF1b:M1197I;ORF1b:Y1200*,24,654,0.036697247706422,0,
3052026,BA.2_0.04_abundance_0.04,T17150G;T17208C;T17224G;T17226G;A17233G;A17269C;T17319C;T17364A;C17372A;T17379C,ORF1b:V1228G;ORF1b:Y1247Y;ORF1b:C1253G;ORF1b:C1253W;ORF1b:I1256V;ORF1b:K1268Q;ORF1b:N1284N;ORF1b:I1299I;ORF1b:A1302D;ORF1b:N1304N,40,3734,0.0107123727905731,0,
3052026,BA.2_0.04_abundance_0.04,T17150G;T17208C;T17224G;T17226G;A17233G;A17269C;T17319C;T17364A;C17372A;T17379C;C17403G;A17409G;C17410T;T17415C,ORF1b:V1228G;ORF1b:Y1247Y;ORF1b:C1253G;ORF1b:C1253W;ORF1b:I1256V;ORF1b:K1268Q;ORF1b:N1284N;ORF1b:I1299I;ORF1b:A1302D;ORF1b:N1304N;ORF1b:A1312A;ORF1b:L1314L;ORF1b:R1315C;ORF1b:A1316A,34,1037,0.0327868852459016,0,
3052026,BA.2_0.04_abundance_0.04,T17150G;T17208C;T17224G;T17226G;A17233G;A17269C;T17319C;T17364A;C17372A;T17379C;C17403G,ORF1b:V1228G;ORF1b:Y1247Y;ORF1b:C1253G;ORF1b:C1253W;ORF1b:I1256V;ORF1b:K1268Q;ORF1b:N1284N;ORF1b:I1299I;ORF1b:A1302D;ORF1b:N1304N;ORF1b:A1312A,59,3243,0.0181930311440024,0,
3052026,BA.2_0.04_abundance_0.04,C17249T;C17410T,ORF1b:A1261V;ORF1b:R1315C,62,2426,0.0255564715581203,185,BF.10:6;BF.5:14;BA.5.2.1:18;BA.2.65:4;BA.5.2:10;BA.2:66;BE.1.2:1;BA.2.36:4;BA.2.75:2;BA.4.1:5;BA.2.9:7;XAT:3;BA.2.12.1:1;BA.5.1.22:1;BA.2.10:1;BA.5.1:7;BA.5.11:1;BA.2.3:5;CN.1:1;BA.5.9:4;BA.5.2.27:1;BA.5.5:3;BT.1:5;BA.5.1.12:1;BF.7.4:1;BA.2.3.15:1;BA.2.2:1;BA.5.1.18:1;BF.7.2:1;AY.26:1;BA.5.1.24:1;XE:1;BQ.1.13:1;BA.4.6:2;BQ.1.1:1;BA.5:1;BF.14:1
3052026,BA.2_0.04_abundance_0.04,C17410T;C17617G,ORF1b:R1315C;ORF1b:L1384V,40,160,0.25,0,
3052026,BA.2_0.04_abundance_0.04,C17410T;C17617G;G17721A,ORF1b:R1315C;ORF1b:L1384V;ORF1b:V1418V,5,69,0.072463768115942,0,
3052026,BA.2_0.04_abundance_0.04,A17429C;T17442G;C17463A;G17469C;T17510G;A17525C;A17593G;G17602C;A17606C;A17614T;C17649T;C17710G;T17714A,ORF1b:Y1321S;ORF1b:P1325P;ORF1b:R1332R;ORF1b:L1334F;ORF1b:V1348G;ORF1b:K1353T;ORF1b:S1376G;ORF1b:V1379L;ORF1b:Y1380S;ORF1b:K1383*;ORF1b:C1394C;ORF1b:Q1415E;ORF1b:I1416K,25,1035,0.0241545893719806,0,
3052026,BA.2_0.04_abundance_0.04,C17617G;G17721A,ORF1b:L1384V;ORF1b:V1418V,24,645,0.0372093023255813,0,
3052026,BA.2_0.04_abundance_0.04,C17762A;G17764T;T17771A;C17818T;T17859C;T17863G;C17885T;T17901G;T17922A,ORF1b:A1432D;ORF1b:V1433F;ORF1b:I1435N;ORF1b:L1451L;ORF1b:Y1464Y;ORF1b:Y1466D;ORF1b:T1473I;ORF1b:S1478S;ORF1b:N1485K,7,594,0.0117845117845117,0,
3052026,BA.2_0.04_abundance_0.04,C18041A;G18088C;C18094T;T18123G;G18145A;A18163G;G18213T,ORF1b:A1525D;ORF1b:G1541R;ORF1b:H1543Y;ORF1b:S1552R;ORF1b:E1560K;ORF1b:I1566V;ORF1b:M1582I,12,311,0.0385852090032154,0,
3052026,BA.2_0.04_abundance_0.04,A18776T;C18888G,ORF1b:Q1770L;ORF1b:H1807Q,60,2435,0.0246406570841889,0,
3052026,BA.2_0.04_abundance_0.04,C18976G;C19018T;G19072T;C19089A;C19099A;C19103G;T19146C;G19177A;G19194C;G19207A;G19231A;A19237G;A19244T,ORF1b:Q1837E;ORF1b:P1851S;ORF1b:D1869Y;ORF1b:F1874L;ORF1b:Q1878K;ORF1b:P1879R;ORF1b:S1893S;ORF1b:G1904S;ORF1b:W1909C;ORF1b:D1914N;ORF1b:V1922I;ORF1b:R1924G;ORF1b:D1926V,17,742,0.022911051212938,0,
3052026,BA.2_0.04_abundance_0.04,C18976G;C19018T;G19072T;C19089A;C19099A;C19103G;T19146C;G19177A;G19194C;G19207A;G19231A;A19237G;A19244T;T19258G,ORF1b:Q1837E;ORF1b:P1851S;ORF1b:D1869Y;ORF1b:F1874L;ORF1b:Q1878K;ORF1b:P1879R;ORF1b:S1893S;ORF1b:G1904S;ORF1b:W1909C;ORF1b:D1914N;ORF1b:V1922I;ORF1b:R1924G;ORF1b:D1926V;ORF1b:S1931A,13,337,0.0385756676557863,0,
3052026,BA.2_0.04_abundance_0.04,T20211C;A20222G;C20234T;G20248A;T20286A;G20291T;C20312A;C20325A;G20332A;G20335T;C20365T;T20408A;T20430A;G20443T,ORF1b:S2248S;ORF1b:Q2252R;ORF1b:P2256L;ORF1b:E2261K;ORF1b:I2273I;ORF1b:R2275L;ORF1b:A2282D;ORF1b:I2286I;ORF1b:G2289R;ORF1b:D2290Y;ORF1b:H2300Y;ORF1b:F2314Y;ORF1b:P2321P;ORF1b:V2326F,6,211,0.0284360189573459,0,
3052026,BA.2_0.04_abundance_0.04,C20312A;T20343C,ORF1b:A2282D;ORF1b:S2292S,44,381,0.1154855643044619,0,
3052026,BA.2_0.04_abundance_0.04,G21159T;T21368C,ORF1b:V2564V;ORF1b:I2634T,25,887,0.0281848928974069,0,
3052026,BA.2_0.04_abundance_0.04,G21753C;G21987A,S:W64S;S:G142D,13,201,0.0646766169154228,3,BA.5.2:1;AY.3:1;AY.103:1
3052026,BA.2_0.04_abundance_0.04,G21753C;G21873T;G21987A,S:W64S;S:W104L;S:G142D,8,201,0.0398009950248756,0,
3052026,BA.2_0.04_abundance_0.04,G21776C;G21987A,S:G72R;S:G142D,28,201,0.1393034825870646,33,BA.2.12.1:3;BA.5.1:6;BG.5:1;AY.4:7;BQ.1.1.18:2;BA.5.2.27:3;AY.103:1;BF.27:1;BE.1.1:2;B.1.617.2:3;AY.85:1;BA.4.6:1;CM.4:1;BE.1.2.1:1
3052026,BA.2_0.04_abundance_0.04,G21776C;G21873T;G21987A,S:G72R;S:W104L;S:G142D,12,201,0.0597014925373134,0,
3052026,BA.2_0.04_abundance_0.04,G21873T;G21987A,S:W104L;S:G142D,47,201,0.2338308457711442,20,BA.1:1;AY.4.2:8;B.1.617.2:2;AY.129:1;AY.39.1.4:2;AY.100:1;AY.112:1;AY.106:1;AY.44:2;BA.2:1
3052026,BA.2_0.04_abundance_0.04,G22870C;T22882G;T22891A;T22937C;A22974C;G22992A;C22995A;A22996C;C22998G;G23001C;A23013C;T23032C;A23040G;A23055G;C23130A;A23148C;T23152A,S:W436C;S:N440K;S:S443S;S:S459P;S:E471A;S:S477N;S:T478K;S:T478T;S:P479R;S:C480S;S:E484A;S:F490F;S:Q493R;S:Q498R;S:T523N;S:K529T;S:S530S,20,322,0.062111801242236,0,
3052026,BA.2_0.04_abundance_0.04,T23178A;A23181C;T23183C;G23222T;G23264C;T23272A;C23280A;C23286G;G23288T;T23289A;T23308A;G23309C;T23322A;A23357G;T23377G;C23393A;A23397C;A23403G;T23421C;T23468A;T23479G,S:V539D;S:N540T;S:F541L;S:E554*;S:D568H;S:A570A;S:T573N;S:A575G;S:V576F;S:V576D;S:L582L;S:E583Q;S:I587N;S:T599A;S:S605S;S:L611I;S:Y612S;S:D614G;S:V620A;S:Y636N;S:G639G,27,919,0.029379760609358,0,
3052026,BA.2_0.04_abundance_0.04,T23178A;A23181C;T23183C;G23222T;G23264C;T23272A;C23280A;C23286G;G23288T;T23289A;T23308A;G23309C;T23322A;A23357G;T23377G;C23393A;A23397C;A23403G;T23421C;T23468A;T23479G;T23487A,S:V539D;S:N540T;S:F541L;S:E554*;S:D568H;S:A570A;S:T573N;S:A575G;S:V576F;S:V576D;S:L582L;S:E583Q;S:I587N;S:T599A;S:S605S;S:L611I;S:Y612S;S:D614G;S:V620A;S:Y636N;S:G639G;S:V642D,6,247,0.0242914979757085,0,
3052026,BA.2_0.04_abundance_0.04,A24424T;T24489C,S:Q954H;S:V976A,9,59,0.1525423728813559,29,BA.2.52:1;BA.2.9:2;BA.5.2:3;BF.27:1;BE.1:1;BF.5:1;BA.5.1:1;BA.5.3.1:1;BA.5.2.1:3;BE.1.1.1:1;BA.5.2.9:1;BA.2:6;BA.5.2.6:1;BA.2.3:1;BA.1.1:1;BA.1.1.10:1;BA.4.1.1:1;BA.1.15.1:1;BF.7.5:1
3052026,BA.2_0.04_abundance_0.04,A24772C;C25000T,S:A1070A;S:D1146D,292,1284,0.2274143302180685,6,BA.1.1.7:1;BA.1.1.2:1;BA.5.2.1:1;BA.2:1;BA.1.1:1;BA.1.18:1
3052026,BA.2_0.04_abundance_0.04,T25058C;T25070G;G25116T;T25129C;C25151T;A25195C;A25255T;T25265C;C25318G,S:L1166L;S:S1170A;S:R1185L;S:V1189V;S:L1197F;S:K1211N;S:T1231T;S:C1235R;S:S1252S,10,218,0.0458715596330275,0,
3052026,BA.2_0.04_abundance_0.04,C25318G;T25343C;A25351G;T25370A;T25476G;C25484G;T25496G;C25508G;T25532G;C25549A;C25584T;T25586A;T25627A;T25628A,S:S1252S;S:S1261P;S:P1263P;S:L1270I;ORF3a:F28L;ORF3a:A31G;ORF3a:I35R;ORF3a:A39G;ORF3a:I47S;ORF3a:L53I;ORF3a:T64T;ORF3a:L65H;ORF3a:F79I;ORF3a:F79Y,42,1061,0.0395852968897266,0,
3052026,BA.2_0.04_abundance_0.04,T25343C;A25351G;T25370A;T25476G;C25484G;T25496G;C25508G;T25532G;C25549A;C25584T;T25586A;T25627A;T25628A,S:S1261P;S:P1263P;S:L1270I;ORF3a:F28L;ORF3a:A31G;ORF3a:I35R;ORF3a:A39G;ORF3a:I47S;ORF3a:L53I;ORF3a:T64T;ORF3a:L65H;ORF3a:F79I;ORF3a:F79Y,34,1823,0.0186505759736697,0,
3052026,BA.2_0.04_abundance_0.04,T25550C;C25584T,ORF3a:L53P;ORF3a:T64T,65,2367,0.0274609209970426,8,BA.5.2:2;BA.1.1:1;B.1.1.529:1;BA.2:1;BQ.1.8:1;BA.1.18:1;B.1.617.2:1
3052026,BA.2_0.04_abundance_0.04,A25799C;C25867G;G25879T;C25919G,ORF3a:K136T;ORF3a:P159A;ORF3a:V163L;ORF3a:T176R,21,592,0.0354729729729729,0,
3052026,BA.2_0.04_abundance_0.04,A26059G;C26060T;T26080C;C26082T;A26115G;A26166C;T26168C;T26184G;G26196A;A26197T;C26270T,ORF3a:T223A;ORF3a:T223I;ORF3a:F230L;ORF3a:F230F;ORF3a:E241E;ORF3a:P258P;ORF3a:V259A;ORF3a:Y264*;ORF3a:T268T;ORF3a:T269S;E:T9I,10,226,0.0442477876106194,0,
3052026,BA.2_0.04_abundance_0.04,C26060T;T26061G,ORF3a:T223I;ORF3a:T223T,18,310,0.0580645161290322,4,BA.2.12.1:4
3052026,BA.2_0.04_abundance_0.04,C26060T;T26061G;C26270T,ORF3a:T223I;ORF3a:T223T;E:T9I,39,226,0.1725663716814159,4,BA.2.12.1:4
3052026,BA.2_0.04_abundance_0.04,A26547G;T26551A;C26577G;T26580G;A26592G;A26643T;T26657C;G26660C;G26696A;G26709A;G26713A;C26725A;A26738T;G26779C;T26794A;T26837A;G26852A;C26858T,M:T9A;M:V10D;M:Q19E;M:W20G;M:I24V;M:N41Y;M:F45F;M:L46F;M:W58*;M:A63T;M:C64Y;M:A68D;M:R72S;M:C86S;M:M91K;M:R105R;M:W110*;M:F112F,10,359,0.0278551532033426,0,
3052026,BA.2_0.04_abundance_0.04,C26577G;T26580G;A26592G;A26643T;T26657C;G26660C;G26696A;G26709A;G26713A;C26725A;A26738T;G26779C;T26794A;T26837A;G26852A;C26858T,M:Q19E;M:W20G;M:I24V;M:N41Y;M:F45F;M:L46F;M:W58*;M:A63T;M:C64Y;M:A68D;M:R72S;M:C86S;M:M91K;M:R105R;M:W110*;M:F112F,102,3843,0.0265417642466822,0,
3052026,BA.2_0.04_abundance_0.04,C27180T;T27184G;A27234G;G27235C;A27237G;A27259C;C27263A;A27290G;A27293C;A27334T;G27382C;A27383T;T27384C;T27402G;A27423C;A27475T,M:L220F;M:V221G;ORF6:I11M;ORF6:A12P;ORF6:A12A;ORF6:R20R;ORF6:T21N;ORF6:D30G;ORF6:Y31S;ORF6:T45S;ORF6:D61H;ORF6:D61V;ORF6:D61D;ORF7a:I3M;ORF7a:I10I;ORF7a:T28S,37,1440,0.0256944444444444,0,
3052026,BA.2_0.04_abundance_0.04,C27180T;T27184G;A27234G;G27235C;A27237G;A27259C;C27263A;A27290G;A27293C;A27334T;G27382C;A27383T;T27384C;T27402G;A27423C;A27475T;T27496G,M:L220F;M:V221G;ORF6:I11M;ORF6:A12P;ORF6:A12A;ORF6:R20R;ORF6:T21N;ORF6:D30G;ORF6:Y31S;ORF6:T45S;ORF6:D61H;ORF6:D61V;ORF6:D61D;ORF7a:I3M;ORF7a:I10I;ORF7a:T28S;ORF7a:C35G,7,409,0.0171149144254278,0,
3052026,BA.2_0.04_abundance_0.04,T27184G;A27234G;G27235C;A27237G;A27259C;C27263A;A27290G;A27293C;A27334T;G27382C;A27383T;T27384C;T27402G;A27423C;A27475T,M:V221G;ORF6:I11M;ORF6:A12P;ORF6:A12A;ORF6:R20R;ORF6:T21N;ORF6:D30G;ORF6:Y31S;ORF6:T45S;ORF6:D61H;ORF6:D61V;ORF6:D61D;ORF7a:I3M;ORF7a:I10I;ORF7a:T28S,31,2372,0.0130691399662731,0,
3052026,BA.2_0.04_abundance_0.04,T27184G;A27234G;G27235C;A27237G;A27259C;C27263A;A27290G;A27293C;A27334T;G27382C;A27383T;T27384C;T27402G;A27423C;A27475T;T27496G;C27500A,M:V221G;ORF6:I11M;ORF6:A12P;ORF6:A12A;ORF6:R20R;ORF6:T21N;ORF6:D30G;ORF6:Y31S;ORF6:T45S;ORF6:D61H;ORF6:D61V;ORF6:D61D;ORF7a:I3M;ORF7a:I10I;ORF7a:T28S;ORF7a:C35G;ORF7a:S36Y,5,282,0.0177304964539007,0,
3052026,BA.2_0.04_abundance_0.04,A27259C;G27382C;A27383T;T27384C;C27500A,ORF6:R20R;ORF6:D61H;ORF6:D61V;ORF6:D61D;ORF7a:S36Y,5,291,0.0171821305841924,53,BA.2.9.5:1;BA.2:30;BA.2.9:13;BA.2.56:1;XBB.1.5:1;BA.4.1:1;BA.2.12.1:2;BA.2.16:1;BA.2.3:2;BA.4:1
3052026,BA.2_0.04_abundance_0.04,A27825C;T27837C;T27901G;T27902C;A27917G;A27965C;A27983T;T28010A;C28011A;T28130G,ORF7b:M24L;ORF7b:F28L;ORF8:F3C;ORF8:F3F;ORF8:G8G;ORF8:S24S;ORF8:P30P;ORF8:I39I;ORF8:H40N;ORF8:Y79*,15,700,0.0214285714285714,0,
3052026,BA.2_0.04_abundance_0.04,A27825C;T27837C;T27901G;T27902C;A27917G;A27965C;A27983T;A27989G;T28010A;C28011A;T28130G,ORF7b:M24L;ORF7b:F28L;ORF8:F3C;ORF8:F3F;ORF8:G8G;ORF8:S24S;ORF8:P30P;ORF8:V32V;ORF8:I39I;ORF8:H40N;ORF8:Y79*,7,700,0.01,0,
3052026,BA.2_0.04_abundance_0.04,T27866C;A27989G,ORF7b:H37H;ORF8:V32V,20,1378,0.0145137880986937,0,
3052026,BA.2_0.04_abundance_0.04,A27989G;A28145G,ORF8:V32V;ORF8:L84L,6,50,0.12,2,BA.1.1:1;AY.58:1
3052026,BA.2_0.04_abundance_0.04,T28130G;A28173T;G28183A;T28192G;A28207C;T28224G;A28274C;C28291G;A28295T;G28307A;C28311T;G28337T;C28344A;G28375T,ORF8:Y79*;ORF8:K94*;ORF8:S97N;ORF8:V100G;ORF8:Y105S;ORF8:Y111D;N:MX;N:P6P;N:N8Y;N:A12T;N:P13L;N:D22Y;N:T24N;N:G34G,91,3152,0.0288705583756345,0,
3052026,BA.2_0.04_abundance_0.04,T28130G;A28145G;A28173T;G28183A;T28192G;A28207C;T28224G;A28274C;C28291G;A28295T;G28307A;C28311T;G28337T;C28344A;G28375T,ORF8:Y79*;ORF8:L84L;ORF8:K94*;ORF8:S97N;ORF8:V100G;ORF8:Y105S;ORF8:Y111D;N:MX;N:P6P;N:N8Y;N:A12T;N:P13L;N:D22Y;N:T24N;N:G34G,42,3152,0.0133248730964467,0,
3052026,BA.2_0.04_abundance_0.04,A28145G;C28311T,ORF8:L84L;N:P13L,823,3370,0.244213649851632,129,BA.5.2:20;BE.1.1:9;BA.2.56:5;BF.5:2;BQ.1.12:8;BA.1:9;BC.1:1;BA.1.1:22;BA.2.3:2;BA.2:13;BA.1.1.18:3;BA.5.1.4:1;BF.26:7;BA.2.75:2;BA.5.2.1:8;BA.2.12:2;BA.2.18:1;BF.8:1;BA.2.12.1:2;BQ.1.1.3:1;BF.28:1;BA.1.15:2;BA.5.1:3;BA.4.6:1;BA.2.10:3
3052026,BA.2_0.04_abundance_0.04,A28145G;C28311T;A28416C,ORF8:L84L;N:P13L;N:N48T,27,2664,0.0101351351351351,0,
3052026,BA.2_0.04_abundance_0.04,C28311T;A28416C,N:P13L;N:N48T,90,2665,0.0337711069418386,57,BA.1.1:6;BA.5.2.1:2;BA.1:35;BA.1.17.2:1;BE.5:7;BA.2:3;BA.2.3:2;BA.1.15:1
3052026,BA.2_0.04_abundance_0.04,A28480G;A28730G,N:G69G;N:N153D,7,110,0.0636363636363636,0,
3052026,BA.2_0.04_abundance_0.04,T29010C;T29036G;A29039C;C29061T;C29067G;A29079C;G29106T;G29132T;A29181T;G29204T;T29225G;A29237G;C29247T;A29267G;T29278C;C29280A;A29307G,N:V246A;N:S255A;N:K256Q;N:T263I;N:T265S;N:N269T;N:G278V;N:G287W;N:Q303L;N:A311S;N:S318A;N:M322V;N:T325I;N:T332A;N:G335G;N:A336D;N:N345S,5,187,0.0267379679144385,0,
3052026,BA.2_0.04_abundance_0.04,T29036G;A29039C;C29061T;C29067G;A29079C;G29106T;G29132T;A29181T;G29204T;T29225G;A29237G;C29247T;A29267G;T29278C;C29280A;A29307G,N:S255A;N:K256Q;N:T263I;N:T265S;N:N269T;N:G278V;N:G287W;N:Q303L;N:A311S;N:S318A;N:M322V;N:T325I;N:T332A;N:G335G;N:A336D;N:N345S,68,2374,0.0286436394271272,0,
