Date,Site,Nt Mutations,AA Mutations,Support DP,Total DP,Combined Freq,Overall Occurrence,Lineage Occurrence
1012026,BA.2_0.05_abundance_0.1,C478A;T670G,ORF1a:I71I;ORF1a:S135R,780,1449,0.5383022774327122,39,BA.5.2:24;BA.5.2.1:8;BF.10:1;BA.5.6.3:1;BA.2.75:1;BA.2.12.1:2;BA.5.2.21:1;BE.1:1
1012026,BA.2_0.05_abundance_0.1,T670G;A756C,ORF1a:S135R;ORF1a:K164T,9,235,0.0382978723404255,7,BA.2.24:1;BA.2.59:1;BA.2:3;BA.2.12.1:2
1012026,BA.2_0.05_abundance_0.1,T2487C;T2505G,ORF1a:F741S;ORF1a:L747R,8,373,0.0214477211796246,0,
1012026,BA.2_0.05_abundance_0.1,C2947G;C3037T,ORF1a:G894G;ORF1a:F924F,316,1309,0.241405653170359,7,BA.1.15:1;B.1.1.7:3;BA.2:1;B.1.234:2
1012026,BA.2_0.05_abundance_0.1,G4476C;C4626A,ORF1a:R1404P;ORF1a:T1454K,11,795,0.0138364779874213,0,
1012026,BA.2_0.05_abundance_0.1,T4600G;C4626A,ORF1a:L1445L;ORF1a:T1454K,60,795,0.0754716981132075,0,
1012026,BA.2_0.05_abundance_0.1,A7346T;C7391T,ORF1a:N2361Y;ORF1a:P2376S,11,417,0.026378896882494,0,
1012026,BA.2_0.05_abundance_0.1,C7768T;A7833G,ORF1a:I2501I;ORF1a:N2523S,22,1072,0.0205223880597014,0,
1012026,BA.2_0.05_abundance_0.1,T8038A;C8090A,ORF1a:F2591L;ORF1a:L2609I,174,3562,0.0488489612577203,0,
1012026,BA.2_0.05_abundance_0.1,T8038A;A8122T,ORF1a:F2591L;ORF1a:E2619D,67,3562,0.0188096574957888,0,
1012026,BA.2_0.05_abundance_0.1,C8090A;A8122T,ORF1a:L2609I;ORF1a:E2619D,142,3562,0.0398652442448062,0,
1012026,BA.2_0.05_abundance_0.1,C8090A;T8200C,ORF1a:L2609I;ORF1a:D2645D,41,3305,0.0124054462934947,0,
1012026,BA.2_0.05_abundance_0.1,C9534T;T9731C,ORF1a:T3090I;ORF1a:F3156L,163,1394,0.1169296987087517,47,BA.2.29:20;BA.5.2.1:3;BA.2.75:1;BA.5.1:4;BA.2:10;BA.2.3:4;BA.2.9:3;BF.5:1;BF.2:1
1012026,BA.2_0.05_abundance_0.1,T11475A;G11535T,ORF1a:I3737K;ORF1a:G3757V,29,1524,0.0190288713910761,0,
1012026,BA.2_0.05_abundance_0.1,A13263T;A13300T,ORF1a:H4333L;ORF1a:L4345F,34,416,0.0817307692307692,0,
1012026,BA.2_0.05_abundance_0.1,G13976T;T14054A,ORF1b:G170V;ORF1b:L196Q,159,2319,0.0685640362225097,0,
1012026,BA.2_0.05_abundance_0.1,G13976T;G14260T,ORF1b:G170V;ORF1b:D265Y,12,926,0.0129589632829373,0,
1012026,BA.2_0.05_abundance_0.1,A14339T;C14408T,ORF1b:N291I;ORF1b:P314L,52,251,0.2071713147410358,3,B.1.1:1;AY.4:1;BA.1.1:1
1012026,BA.2_0.05_abundance_0.1,A14339T;C14408T;T14429A,ORF1b:N291I;ORF1b:P314L;ORF1b:V321E,9,251,0.0358565737051792,0,
1012026,BA.2_0.05_abundance_0.1,C14408T;T14429A,ORF1b:P314L;ORF1b:V321E,17,251,0.0677290836653386,5,B.1:1;B.1.333:4
1012026,BA.2_0.05_abundance_0.1,T15284C;G15444A,ORF1b:M606T;ORF1b:M659I,138,1752,0.0787671232876712,0,
1012026,BA.2_0.05_abundance_0.1,T17394C;C17410T,ORF1b:V1309V;ORF1b:R1315C,143,2012,0.0710735586481113,75,BA.2:21;BA.5.5:34;BE.1.1:1;BA.5.2.7:3;BA.5.2:2;BA.5.2.1:7;BA.2.9:3;BA.2.23:3;BA.5.1:1
1012026,BA.2_0.05_abundance_0.1,G17923A;G17968A,ORF1b:V1486I;ORF1b:D1501N,33,2517,0.0131108462455303,0,
1012026,BA.2_0.05_abundance_0.1,T18125C;A18163G,ORF1b:V1553A;ORF1b:I1566V,370,943,0.3923647932131495,14,BA.1.1:4;BA.5.6:2;BE.1.1:1;BA.1.1.14:1;BA.5.2:1;BF.7.6:1;BA.2.3:1;BA.5.1:1;BA.1.1.2:1;BA.1:1
1012026,BA.2_0.05_abundance_0.1,T18125C;C18162A;A18163G,ORF1b:V1553A;ORF1b:D1565E;ORF1b:I1566V,15,943,0.0159066808059384,0,
1012026,BA.2_0.05_abundance_0.1,C18162A;A18163G,ORF1b:D1565E;ORF1b:I1566V,31,943,0.0328738069989395,49,BA.2.5:1;BA.1.15:2;BA.2:8;BA.2.12.1:8;BF.5:13;BA.2.12:1;BA.5.2:3;BA.2.75:8;BA.2.24:1;BA.1.1.1:1;BA.5.2.9:1;BF.7:1;BA.1.1:1
1012026,BA.2_0.05_abundance_0.1,T21252G;G21372T,ORF1b:N2595K;ORF1b:Q2635H,7,329,0.0212765957446808,0,
1012026,BA.2_0.05_abundance_0.1,T21256C;G21372T,ORF1b:S2597P;ORF1b:Q2635H,16,329,0.0486322188449848,0,
1012026,BA.2_0.05_abundance_0.1,T21256C;T21321C,ORF1b:S2597P;ORF1b:G2618G,6,329,0.0182370820668693,0,
1012026,BA.2_0.05_abundance_0.1,T22119G;T22200G,S:F186C;S:V213G,351,890,0.3943820224719101,4,BF.7.4:1;BA.5.2:2;BA.2.12.1:1
1012026,BA.2_0.05_abundance_0.1,T22119G;T22200G;C22267T,S:F186C;S:V213G;S:I235I,48,810,0.0592592592592592,0,
1012026,BA.2_0.05_abundance_0.1,T22200G;C22267T,S:V213G;S:I235I,62,810,0.0765432098765432,290,BA.5.2:4;BA.2:253;XAZ:2;BA.4:4;BA.5.1.19:1;BE.3:1;BA.2.12.1:1;BF.7:2;BA.2.12:1;BA.5.1:2;BA.2.3.16:1;BA.2.65:2;BA.5.6:9;BA.5.2.35:1;BQ.1.12:1;BF.26:2;BQ.1.1.15:1;BA.5.2.23:1;BQ.1.1:1
1012026,BA.2_0.05_abundance_0.1,C22674T;T22679C;C22686T;A22688G;T22714A;G22775A,S:S371F;S:S373P;S:S375F;S:T376A;S:P384P;S:D405N,12,26,0.4615384615384615,5,BA.5.2:1;BA.2.9:2;BA.5.2.1:1;BA.2.10:1
1012026,BA.2_0.05_abundance_0.1,C23381A;A23403G,S:Q607K;S:D614G,52,1451,0.0358373535492763,389,AY.39:9;AY.23:101;BA.2.56:6;BA.2:69;BA.5.2.1:19;BA.5.1:10;BA.1.21:2;B.1.1.7:44;AY.122:1;B.1.617.2:39;AY.9:1;AY.4:5;BA.1.1:6;BA.5.2:3;AY.103:2;XBB.1:1;BA.2.36:1;B.1.2:2;BF.5:3;BA.5.6:2;BA.1.15:3;B.1.1.519:2;BK.1:5;BA.2.3:1;AZ.2:23;AY.43:3;AY.44:1;B.1.429:1;AY.3:1;BA.2.14:1;B.1.177:1;B.1.36.31:1;AY.4.8:2;AY.100:3;BA.2.12.1:1;BF.26:1;BA.5.5:2;BF.28:2;BA.5.6.3:1;BA.1:2;BA.2.10.1:1;BA.1.1.1:1;AY.4.5:1;BA.5.2.16:1;BA.5.1.10:1;BA.1.17.2:1
1012026,BA.2_0.05_abundance_0.1,T23599G;C23604A;T23641A,S:N679K;S:P681H;S:I693I,31,226,0.1371681415929203,114,BA.2:14;BA.5.1:12;BA.2.12.1:24;BA.5.2:11;BA.1.1:7;BA.4.2:1;BA.1.1.18:4;BQ.1.1.18:3;BA.5.2.1:7;BA.1.17.2:1;BA.4.1:1;BA.1:3;BA.1.15.1:1;BA.5.6:4;BA.2.10:1;BA.5:1;BA.4.6:6;BA.2.3:2;BA.4:1;BA.1.15:2;BA.4.6.1:1;BQ.1.1.5:1;BA.2.23:1;BA.2.9:2;BA.2.75:1;BA.1.16:1;BF.7.6:1
1012026,BA.2_0.05_abundance_0.1,G23821A;C23854A;G23948T,S:L753L;S:N764K;S:D796Y,53,145,0.3655172413793103,574,BA.5.2:38;BA.5.2.1:12;BA.2:48;BA.1:404;BA.5.2.9:1;BA.1.1:18;BA.5.2.32:3;BA.1.17.2:13;BA.4.1:4;BG.4:1;BA.2.12.1:4;BQ.1:1;BA.1.15:1;BA.2.17:1;BE.1.1.2:2;BA.2.75:3;BE.1.3:1;BA.2.9:1;BA.1.1.1:2;BA.1.1.13:1;BA.1.1.14:1;BL.1:1;BF.6:1;BA.2.38.2:3;BA.5.6.1:2;BA.2.38:2;BA.1.17:1;BA.5.1:3;BA.5.6:1
1012026,BA.2_0.05_abundance_0.1,A24424T;T24469A;A24494T,S:Q954H;S:N969K;S:N978Y,78,263,0.2965779467680608,3,BA.1.15:1;BA.2:1;BA.5.2.2:1
1012026,BA.2_0.05_abundance_0.1,T24469A;A24494T,S:N969K;S:N978Y,311,1263,0.2462391132224861,3,BA.1.15:1;BA.2:1;BA.5.2.2:1
1012026,BA.2_0.05_abundance_0.1,T24469A;A24494T;A24758C,S:N969K;S:N978Y;S:T1066P,5,112,0.0446428571428571,0,
1012026,BA.2_0.05_abundance_0.1,A24758C;C25000T,S:T1066P;S:D1146D,165,1604,0.1028678304239401,1,BA.1.15:1
1012026,BA.2_0.05_abundance_0.1,C25499A;C25584T,ORF3a:P36Q;ORF3a:T64T,362,2934,0.1233810497614178,16,BA.2.10:1;BA.5.2:3;BA.2:3;BA.1:2;BA.5.1:1;BA.1.1.2:1;BA.1.1:3;BA.2.9:1;BA.1.1.15:1
1012026,BA.2_0.05_abundance_0.1,C25499A;A25576G;C25584T,ORF3a:P36Q;ORF3a:I62V;ORF3a:T64T,293,2934,0.0998636673483299,0,
1012026,BA.2_0.05_abundance_0.1,A25576G;C25584T,ORF3a:I62V;ORF3a:T64T,939,2934,0.320040899795501,170,BA.2:13;BA.2.10:5;BA.5.2.1:36;BA.5.2:9;BA.1.1:8;BE.3:7;BA.4.6:12;BQ.1.1.8:3;BA.1.1.1:5;BA.2.9.3:3;BA.1.16:1;BF.5:1;BA.2.38:1;BA.2.75:4;BA.1:26;BF.10:1;BA.1.15.2:3;BA.4.1:1;BQ.1.1:1;BA.5.1:5;BA.1.15.1:1;BA.2.12.1:4;BA.5.9:4;BA.1.18:2;BA.1.17:1;BA.5.2.3:1;BA.5.3.2:1;BN.1.3:1;BA.1.14:1;BA.2.10.1:3;BA.2.1:1;BA.1.19:1;BA.1.17.2:1;BF.32:1;BA.5.5:2
1012026,BA.2_0.05_abundance_0.1,C25671T;A25826T,ORF3a:H93H;ORF3a:Y145F,5,388,0.0128865979381443,1,BA.5.2.1:1
1012026,BA.2_0.05_abundance_0.1,A25965T;C26270T,ORF3a:E191D;E:T9I,34,302,0.1125827814569536,11,BA.5.2:2;BA.2:5;BA.1.1:1;BA.5.2.1:2;BA.5:1
1012026,BA.2_0.05_abundance_0.1,A25965T;C26088G;C26270T,ORF3a:E191D;ORF3a:I232M;E:T9I,5,302,0.0165562913907284,0,
1012026,BA.2_0.05_abundance_0.1,C26088G;C26270T,ORF3a:I232M;E:T9I,34,302,0.1125827814569536,1,BA.5.1:1
1012026,BA.2_0.05_abundance_0.1,C26577G;G26709A;T26856A;C26858T,M:Q19E;M:A63T;M:F112I;M:F112F,540,3986,0.1354741595584546,2,BA.2.3:1;BA.2:1
1012026,BA.2_0.05_abundance_0.1,C27219G;A27259C;G27382C;A27383T;T27384C,ORF6:D6E;ORF6:R20R;ORF6:D61H;ORF6:D61V;ORF6:D61D,590,2087,0.2827024436990896,22,BA.2:21;BA.2.18:1
1012026,BA.2_0.05_abundance_0.1,C27219G;A27259C,ORF6:D6E;ORF6:R20R,48,2257,0.0212671688081524,28,BA.2:21;BA.1.1:5;BA.2.18:1;BA.1.15.1:1
1012026,BA.2_0.05_abundance_0.1,T28208G;C28311T,ORF8:Y105*;N:P13L,81,2360,0.034322033898305,49,BE.1:39;BA.1.1:6;BQ.1.1.1:1;BA.4:1;BA.1:1;DJ.1.1:1
1012026,BA.2_0.05_abundance_0.1,A28454T;C28535A,N:K61*;N:R88R,13,244,0.0532786885245901,0,
1082026,BA.2_0.05_abundance_0.1,C449A;T670G,ORF1a:P62T;ORF1a:S135R,118,1464,0.0806010928961748,68,BA.2.36:7;BA.2:50;BA.5.2.1:2;BQ.1.8:1;BQ.1.5:1;BQ.1:2;BA.5.2:3;BF.7:1;BA.2.78:1
1082026,BA.2_0.05_abundance_0.1,A1435T;G1534C,ORF1a:E390D;ORF1a:W423C,10,92,0.108695652173913,0,
1082026,BA.2_0.05_abundance_0.1,A1733T;C1875T,ORF1a:T490S;ORF1a:A537V,64,3105,0.0206119162640901,0,
1082026,BA.2_0.05_abundance_0.1,T4431A;A4574T,ORF1a:M1389K;ORF1a:T1437S,11,811,0.0135635018495684,0,
1082026,BA.2_0.05_abundance_0.1,T6096C;A6122T,ORF1a:L1944S;ORF1a:R1953*,14,560,0.025,0,
1082026,BA.2_0.05_abundance_0.1,A6121T;A6122T,ORF1a:S1952S;ORF1a:R1953*,66,560,0.1178571428571428,0,
1082026,BA.2_0.05_abundance_0.1,G6306C;A6458C,ORF1a:W2014S;ORF1a:N2065H,8,414,0.0193236714975845,0,
1082026,BA.2_0.05_abundance_0.1,A8472C;T8514A;C8606T,ORF1a:N2736T;ORF1a:V2750D;ORF1a:L2781F,23,264,0.0871212121212121,0,
1082026,BA.2_0.05_abundance_0.1,A8472C;C8606T,ORF1a:N2736T;ORF1a:L2781F,52,264,0.1969696969696969,0,
1082026,BA.2_0.05_abundance_0.1,A8472C;T8514A,ORF1a:N2736T;ORF1a:V2750D,47,277,0.1696750902527075,0,
1082026,BA.2_0.05_abundance_0.1,T8514A;C8606T,ORF1a:V2750D;ORF1a:L2781F,6,264,0.0227272727272727,2,B.1.525:2
1082026,BA.2_0.05_abundance_0.1,C9303A;C9344T;A9424G;C9534T,ORF1a:S3013Y;ORF1a:L3027F;ORF1a:V3053V;ORF1a:T3090I,6,219,0.0273972602739726,16,BA.5.2.1:5;BA.2:5;BA.2.10.1:1;BA.2.38.1:1;BA.2.12.1:2;BA.2.75:1;BA.2.9:1
1082026,BA.2_0.05_abundance_0.1,C9344T;T9385A;A9424G;C9534T,ORF1a:L3027F;ORF1a:A3040A;ORF1a:V3053V;ORF1a:T3090I,18,219,0.0821917808219178,4,BA.5.1:2;BA.2.75:1;BQ.1.1:1
1082026,BA.2_0.05_abundance_0.1,C10029T;A9873C,ORF1a:T3255I;ORF1a:Q3203P,361,624,0.5785256410256411,5,BA.1:3;BA.5.3.2:2
1082026,BA.2_0.05_abundance_0.1,C10029T;A9873C;C9893A,ORF1a:T3255I;ORF1a:Q3203P;ORF1a:L3210I,74,624,0.1185897435897435,0,
1082026,BA.2_0.05_abundance_0.1,A9873C;C9893A,ORF1a:Q3203P;ORF1a:L3210I,7,664,0.0105421686746987,0,
1082026,BA.2_0.05_abundance_0.1,C10029T;C9893A,ORF1a:T3255I;ORF1a:L3210I,28,624,0.0448717948717948,91,BA.4.1:2;AY.122:11;AY.29:4;BA.4.6:2;BA.2.75:1;AY.4:1;BQ.1.1.18:1;BA.5:5;AY.100:10;B.1.1.529:1;AY.103:8;AY.20:1;BF.8:1;AY.43:1;BA.2.3:1;BA.1.15:1;BA.2:6;BA.2.23:1;BA.2.76:2;BA.5.2:1;BF.27:2;BA.2.12.1:27;BA.1:1
1082026,BA.2_0.05_abundance_0.1,C10029T;T9987G,ORF1a:T3255I;ORF1a:F3241C,7,624,0.0112179487179487,1,AY.127:1
1082026,BA.2_0.05_abundance_0.1,C10809T;C10894T,ORF1a:P3515L;ORF1a:T3543T,50,1700,0.0294117647058823,0,
1082026,BA.2_0.05_abundance_0.1,C10809T;T10942A,ORF1a:P3515L;ORF1a:V3559V,41,1598,0.0256570713391739,0,
1082026,BA.2_0.05_abundance_0.1,C10894T;T10942A,ORF1a:T3543T;ORF1a:V3559V,19,1598,0.0118898623279098,0,
1082026,BA.2_0.05_abundance_0.1,T11368A;C11564A,ORF1a:Y3701*;ORF1a:P3767T,29,544,0.0533088235294117,0,
1082026,BA.2_0.05_abundance_0.1,A13186C;G13332C,ORF1a:A4307A;ORF1a:C4356S,5,476,0.0105042016806722,0,
1082026,BA.2_0.05_abundance_0.1,A14315T;C14408T,ORF1b:Q283L;ORF1b:P314L,37,310,0.1193548387096774,15,B.1:4;AY.44:1;BA.5.1.12:1;B.1.438.1:1;BE.1.1:1;BA.1.1:1;B.1.1.7:2;BA.2.23:1;AY.24:1;B.1.1.222:1;AY.3.2:1
1082026,BA.2_0.05_abundance_0.1,G15508T;C15714T,ORF1b:A681S;ORF1b:L749L,132,357,0.3697478991596639,6,BA.5.3.3:1;BA.2:4;BQ.1:1
1082026,BA.2_0.05_abundance_0.1,G15508T;G15544C;C15714T,ORF1b:A681S;ORF1b:A693P;ORF1b:L749L,34,357,0.0952380952380952,0,
1082026,BA.2_0.05_abundance_0.1,G15508T;C15714T;T15723G,ORF1b:A681S;ORF1b:L749L;ORF1b:D752E,14,357,0.0392156862745098,0,
1082026,BA.2_0.05_abundance_0.1,G15508T;G15544C;C15714T;T15723G,ORF1b:A681S;ORF1b:A693P;ORF1b:L749L;ORF1b:D752E,6,357,0.0168067226890756,0,
1082026,BA.2_0.05_abundance_0.1,G15544C;C15714T,ORF1b:A693P;ORF1b:L749L,603,3928,0.1535132382892057,0,
1082026,BA.2_0.05_abundance_0.1,G15544C;C15714T;T15723G,ORF1b:A693P;ORF1b:L749L;ORF1b:D752E,51,3928,0.0129837067209775,0,
1082026,BA.2_0.05_abundance_0.1,C15714T;T15723G,ORF1b:L749L;ORF1b:D752E,267,3928,0.0679735234215885,0,
1082026,BA.2_0.05_abundance_0.1,A16006T;T16083G,ORF1b:I847F;ORF1b:F872L,58,2290,0.0253275109170305,0,
1082026,BA.2_0.05_abundance_0.1,C17410T;A17482T,ORF1b:R1315C;ORF1b:T1339S,29,93,0.3118279569892473,12,BA.2.12.1:5;BA.2:4;BF.7.5:3
1082026,BA.2_0.05_abundance_0.1,C17410T;A17477C;A17482T,ORF1b:R1315C;ORF1b:K1337T;ORF1b:T1339S,15,93,0.1612903225806451,0,
1082026,BA.2_0.05_abundance_0.1,C17410T;A17477C,ORF1b:R1315C;ORF1b:K1337T,14,93,0.1505376344086021,2,BA.2.9:1;BF.5:1
1082026,BA.2_0.05_abundance_0.1,A17477C;A17482T,ORF1b:K1337T;ORF1b:T1339S,106,855,0.1239766081871345,0,
1082026,BA.2_0.05_abundance_0.1,A17482T;T17661C,ORF1b:T1339S;ORF1b:F1398F,10,794,0.0125944584382871,0,
1082026,BA.2_0.05_abundance_0.1,A18163G;G18316T,ORF1b:I1566V;ORF1b:G1617W,14,27,0.5185185185185185,2,BA.5.2:2
1082026,BA.2_0.05_abundance_0.1,A18163G;T18243A,ORF1b:I1566V;ORF1b:G1592G,28,265,0.1056603773584905,3,BA.2:3
1082026,BA.2_0.05_abundance_0.1,T21184A;C21230G,ORF1b:W2573R;ORF1b:T2588R,5,19,0.2631578947368421,0,
1082026,BA.2_0.05_abundance_0.1,T21704A;T21919G;G21987A,S:L48I;S:I119M;S:G142D,243,1810,0.1342541436464088,0,
1082026,BA.2_0.05_abundance_0.1,T21704A;G21987A,S:L48I;S:G142D,250,1810,0.1381215469613259,4,AY.127:1;B.1.617.2:1;AY.44:1;BA.2.3:1
1082026,BA.2_0.05_abundance_0.1,T21919G;G21987A,S:I119M;S:G142D,636,1816,0.3502202643171806,4,AY.43:1;B.1.617.2:2;BA.1:1
1082026,BA.2_0.05_abundance_0.1,A22922C;G22992A;C22995A;A23013C;A23040G;A23055G;T23075C,S:R454R;S:S477N;S:T478K;S:E484A;S:Q493R;S:Q498R;S:Y505H,33,401,0.0822942643391521,2,BA.1:1;BA.1.1:1
1082026,BA.2_0.05_abundance_0.1,T23599G;C23604A;T23714C,S:N679K;S:P681H;S:F718L,9,68,0.1323529411764706,12,BA.4.4:1;BA.1.1:5;BA.2:2;BA.5.2.1:1;BA.1.15:1;BA.1:1;BA.2.2:1
1082026,BA.2_0.05_abundance_0.1,A23829C;G23948T,S:Y756S;S:D796Y,109,176,0.6193181818181818,1,BA.2.31:1
1082026,BA.2_0.05_abundance_0.1,A24424T;A24629T,S:Q954H;S:N1023Y,6,45,0.1333333333333333,112,BA.5.2:1;BF.11:80;BA.5.5.1:1;BE.1.2:2;BF.11.1:1;BA.1.17.2:6;BA.5.1.24:1;BA.1.1.1:1;BA.5.1.30:1;BA.2.75:2;XBB.1:12;BA.1:1;BA.1.1:1;BA.5.2.19:1;BA.2:1
1082026,BA.2_0.05_abundance_0.1,C24852A;A24913T;C25000T,S:S1097*;S:T1117T;S:D1146D,143,1710,0.083625730994152,0,
1082026,BA.2_0.05_abundance_0.1,C24852A;C25000T,S:S1097*;S:D1146D,58,1710,0.0339181286549707,0,
1082026,BA.2_0.05_abundance_0.1,A24913T;C25000T,S:T1117T;S:D1146D,1069,1710,0.6251461988304093,134,BA.2:38;BA.5.2.1:6;XBB.3:1;BA.5.5:1;BA.5.2:10;BA.1.1:8;BA.2.9:13;BA.5.1.30:2;BA.1.1.1:13;BQ.1.3:5;BA.2.71:3;BA.5.1.12:1;BF.7.6:1;BQ.1.26.1:1;BA.2.12.1:4;BA.2.3:6;BF.5:5;BA.1:2;BA.5.1:4;BF.15:1;BA.2.75:1;BA.2.18:1;BA.2.3.13:1;BA.4.1:1;BA.5.6:1;BF.7:1;BA.2.27:1;BA.2.36:1;BA.2.10:1
1082026,BA.2_0.05_abundance_0.1,A25374T;C25584T,S:H1271L;ORF3a:T64T,283,1641,0.1724558196221816,1,BA.1.15:1
1082026,BA.2_0.05_abundance_0.1,A25374T;A25454C;C25584T,S:H1271L;ORF3a:K21T;ORF3a:T64T,27,1641,0.016453382084095,0,
1082026,BA.2_0.05_abundance_0.1,A25454C;C25584T,ORF3a:K21T;ORF3a:T64T,134,1641,0.0816575258988421,15,BA.2.75:10;BA.2.12.1:2;BA.1.1:1;BA.1:1;BA.2:1
1082026,BA.2_0.05_abundance_0.1,C27223A;G27382C;A27383T;T27384C,ORF6:Q8K;ORF6:D61H;ORF6:D61V;ORF6:D61D,424,980,0.4326530612244898,16,BA.2:9;BA.2.12.1:2;BA.2.9:4;BA.2.18:1
1082026,BA.2_0.05_abundance_0.1,A28605T;C28634A,N:Y111F;N:L121I,32,616,0.0519480519480519,0,
1082026,BA.2_0.05_abundance_0.1,A29042C;T29165C,N:K257Q;N:Y298H,76,2053,0.0370189965903555,0,
1082026,BA.2_0.05_abundance_0.1,A29042C;G29240T,N:K257Q;N:E323*,55,1899,0.0289626119010005,0,
1082026,BA.2_0.05_abundance_0.1,A29042C;A29071T,N:K257Q;N:K266N,126,2053,0.0613735996103263,0,
1082026,BA.2_0.05_abundance_0.1,A29042C;A29071T;T29165C,N:K257Q;N:K266N;N:Y298H,27,2053,0.0131514856307842,0,
1082026,BA.2_0.05_abundance_0.1,A29042C;A29071T;G29240T,N:K257Q;N:K266N;N:E323*,24,1899,0.0126382306477093,0,
1082026,BA.2_0.05_abundance_0.1,A29071T;T29165C,N:K266N;N:Y298H,58,2054,0.0282375851996105,0,
1082026,BA.2_0.05_abundance_0.1,A29071T;G29240T,N:K266N;N:E323*,38,1900,0.02,0,
1082026,BA.2_0.05_abundance_0.1,T29165C;G29240T,N:Y298H;N:E323*,25,1901,0.0131509731720147,0,
1152026,BA.2_0.05_abundance_0.1,G500T;T637C;T670G,ORF1a:A79S;ORF1a:R124R;ORF1a:S135R,226,2830,0.0798586572438162,0,
1152026,BA.2_0.05_abundance_0.1,G500T;T670G,ORF1a:A79S;ORF1a:S135R,633,2830,0.2236749116607773,13,BA.4.6.1:1;BA.5:2;BA.5.2.6:2;BA.2:6;BA.4.1:1;BE.1.1:1
1152026,BA.2_0.05_abundance_0.1,T637C;T670G,ORF1a:R124R;ORF1a:S135R,539,2830,0.1904593639575971,107,BA.5.2:2;BA.2.9:2;BA.5.2.1:21;BA.2:46;BA.2.3.4:2;XBB.1:1;BA.2.12.1:1;BE.3:21;BA.2.74:4;BA.2.75:2;BA.5.1:2;BA.4.6:1;BA.2.52:1;CM.2:1
1152026,BA.2_0.05_abundance_0.1,T670G;G996C,ORF1a:S135R;ORF1a:R244P,20,28,0.7142857142857143,0,
1152026,BA.2_0.05_abundance_0.1,G1157C;G996C,ORF1a:G298R;ORF1a:R244P,236,1615,0.1461300309597523,0,
1152026,BA.2_0.05_abundance_0.1,C3037T;G3074T,ORF1a:F924F;ORF1a:E937*,13,232,0.0560344827586206,21,BA.1.1:1;B.1.525:9;B.1.1.7:9;AY.20:1;BA.1:1
1152026,BA.2_0.05_abundance_0.1,T7204A;T7342C,ORF1a:S2313S;ORF1a:I2359I,9,47,0.1914893617021276,0,
1152026,BA.2_0.05_abundance_0.1,T7204A;T7226G,ORF1a:S2313S;ORF1a:F2321V,11,49,0.2244897959183673,0,
1152026,BA.2_0.05_abundance_0.1,A7692T;A7881C,ORF1a:Q2476L;ORF1a:N2539T,13,749,0.0173564753004005,0,
1152026,BA.2_0.05_abundance_0.1,A8364T;C8481T,ORF1a:N2700I;ORF1a:P2739L,17,977,0.0174002047082906,0,
1152026,BA.2_0.05_abundance_0.1,A8805T;A8839G,ORF1a:N2847I;ORF1a:I2858M,176,1200,0.1466666666666666,0,
1152026,BA.2_0.05_abundance_0.1,C9534T;T9628G,ORF1a:T3090I;ORF1a:S3121S,34,1283,0.0265003897116134,3,BA.4:1;BA.2:2
1152026,BA.2_0.05_abundance_0.1,G10447A;C10449A;A10555T,ORF1a:R3394R;ORF1a:P3395H;ORF1a:L3430F,139,1069,0.1300280636108512,0,
1152026,BA.2_0.05_abundance_0.1,T13399C;A13516G,ORF1a:G4378G;ORF1b:T17A,62,525,0.1180952380952381,0,
1152026,BA.2_0.05_abundance_0.1,T13399C;T13504A,ORF1a:G4378G;ORF1b:C13S,40,525,0.0761904761904762,0,
1152026,BA.2_0.05_abundance_0.1,T13399C;T13504A;A13516G,ORF1a:G4378G;ORF1b:C13S;ORF1b:T17A,16,525,0.0304761904761904,0,
1152026,BA.2_0.05_abundance_0.1,T17250C;C17410T,ORF1b:A1261A;ORF1b:R1315C,1864,2809,0.6635813456746174,192,BA.5.2:42;BA.2:72;BA.2.3.13:9;BA.5.2.1:7;BA.5.1:11;BF.27:1;BA.2.12.1:7;BF.5:3;BA.2.3.7:2;BQ.1.1.1:8;BE.1.1:1;BF.10:1;BA.2.9:3;BA.5.6:2;BA.2.3:2;BA.5.1.22:1;BA.4.6:1;BQ.1:1;BQ.1.14:2;BA.2.75:8;BA.5.1.5:2;BA.4.1:2;XBB.1:1;BA.2.10:1;BQ.1.23:1;BA.5.1.12:1
1152026,BA.2_0.05_abundance_0.1,C17410T;G17616T,ORF1b:R1315C;ORF1b:K1383N,24,288,0.0833333333333333,20,BA.5.1.27:4;BA.2:3;BA.5.1:6;BA.2.12.1:2;BA.4.1:1;BA.5.1.1:1;BA.5.2:1;BA.5.2.1:2
1152026,BA.2_0.05_abundance_0.1,T18700C;C18744G,ORF1b:S1745P;ORF1b:Y1759*,86,2661,0.0323186771890266,0,
1152026,BA.2_0.05_abundance_0.1,T18700C;T18895C,ORF1b:S1745P;ORF1b:F1810L,141,2466,0.0571776155717761,0,
1152026,BA.2_0.05_abundance_0.1,C18744G;T18895C,ORF1b:Y1759*;ORF1b:F1810L,54,2468,0.0218800648298217,0,
1152026,BA.2_0.05_abundance_0.1,T23511A;C23525T;T23599G;C23604A,S:L650*;S:H655Y;S:N679K;S:P681H,31,77,0.4025974025974026,0,
1152026,BA.2_0.05_abundance_0.1,T24143C;G24348C;A24424T,S:L861L;S:S929T;S:Q954H,7,448,0.015625,0,
1152026,BA.2_0.05_abundance_0.1,G24348C;A24424T,S:S929T;S:Q954H,67,448,0.1495535714285714,1082,BA.5.2.1:29;BA.5.1.23:10;BA.1.21:1;BA.5.1:20;BA.2:762;BA.2.9:27;BA.2.9.5:1;BA.2.78:1;BA.1.15:3;BA.2.38:2;BA.1:25;BA.1.1:47;BA.2.20:6;BA.2.12.1:2;BA.2.3.11:4;BQ.1.1.4:1;BF.7.6:2;BA.4.1:11;BA.1.17.2:5;BQ.1.23:2;BA.2.75:36;BA.2.51:1;BA.5.2:9;BA.2.36:3;BA.1.1.2:1;BQ.1.1:4;XBB.1:1;BA.2.3:4;BN.1:1;BA.1.1.1:2;BF.7:7;BA.2.65:1;BE.3:2;BA.5.3.1:2;BA.1.17:1;BA.5.1.21:9;BE.1.1:1;BA.5.5:4;BA.1.1.18:3;BQ.1.12:1;BC.1:1;BA.2.76:1;BA.5.6:1;BA.5.2.30:2;BA.4.2:1;BA.5.1.30:1;BA.1.1.10:1;BE.1.1.1:2;BA.2.26:8;BF.5:1;BA.2.14:1;BA.4:2;BA.1.18:1;BA.2.25:1;BA.2.68:1;BA.5:1;BA.2.10:1;BA.2.10.1:1
1152026,BA.2_0.05_abundance_0.1,T25999G;C26270T,ORF3a:L203V;E:T9I,68,739,0.0920162381596752,13,BA.2:1;BA.4.1.8:1;BA.1.1:2;BA.1.17.2:8;BA.5.1.23:1
1152026,BA.2_0.05_abundance_0.1,C26270T;T26396A,E:T9I;E:L51H,97,565,0.1716814159292035,2,BA.2.10:1;BA.2:1
1152026,BA.2_0.05_abundance_0.1,C26577G;C26601A;G26709A;C26858T,M:Q19E;M:L27I;M:A63T;M:F112F,1868,2652,0.7043740573152338,47,BA.2.10:30;BA.2.10.2:2;BA.4.1.1:1;BA.2.12.1:1;BA.2:11;BA.2.9:2
1152026,BA.2_0.05_abundance_0.1,C26577G;C26601A;G26709A,M:Q19E;M:L27I;M:A63T,300,3003,0.0999000999000999,104,BA.5.2.26:1;BA.2.10:30;BA.2.10.2:2;BA.5.2.1:1;BA.1.1.1:1;BA.4.1.1:1;BA.5.6:38;BA.2.12.1:1;BA.1.1.18:1;BA.2:11;BA.5.1:1;BA.1.1:5;BA.1.1.15:1;BA.1.15:1;BA.5.2:3;BE.1.1.2:1;BA.2.9:2;BA.1.1.14:1;BA.1.18:2
1152026,BA.2_0.05_abundance_0.1,T27296A;G27382C;A27383T;T27384C,ORF6:I32N;ORF6:D61H;ORF6:D61V;ORF6:D61D,344,1750,0.1965714285714285,11,BA.2.75:1;BA.2:10
1152026,BA.2_0.05_abundance_0.1,T27296A;A27300G;A27302G;G27382C;A27383T;T27384C,ORF6:I32N;ORF6:I33M;ORF6:N34S;ORF6:D61H;ORF6:D61V;ORF6:D61D,70,1750,0.04,0,
1152026,BA.2_0.05_abundance_0.1,T27296A;A27300G;G27382C;A27383T;T27384C,ORF6:I32N;ORF6:I33M;ORF6:D61H;ORF6:D61V;ORF6:D61D,276,1750,0.1577142857142857,0,
1152026,BA.2_0.05_abundance_0.1,T27296A;A27302G;G27382C;A27383T;T27384C,ORF6:I32N;ORF6:N34S;ORF6:D61H;ORF6:D61V;ORF6:D61D,65,1750,0.0371428571428571,0,
1152026,BA.2_0.05_abundance_0.1,A27300G;A27302G;G27382C;A27383T;T27384C,ORF6:I33M;ORF6:N34S;ORF6:D61H;ORF6:D61V;ORF6:D61D,70,1750,0.04,0,
1152026,BA.2_0.05_abundance_0.1,A27300G;G27382C;A27383T;T27384C,ORF6:I33M;ORF6:D61H;ORF6:D61V;ORF6:D61D,320,1750,0.1828571428571428,104,BA.2.10:2;BA.2:44;BA.2.33:28;BA.2.1:4;BA.2.25:1;BA.4.1:2;BA.2.12.1:6;BA.2.3:8;BA.4.1.6:1;BA.2.3.13:2;BA.2.9:3;XBB.1:1;BA.2.75:1;BA.1.1:1
1152026,BA.2_0.05_abundance_0.1,A27302G;G27382C;A27383T;T27384C,ORF6:N34S;ORF6:D61H;ORF6:D61V;ORF6:D61D,111,1750,0.0634285714285714,9,BA.2:3;BA.2.10:1;BA.2.3:3;BA.2.75:1;CH.1.1:1
1152026,BA.2_0.05_abundance_0.1,C29411T;A29510C,N:Q380*;N:S413R,12,494,0.0242914979757085,1,BA.5.2:1
1222026,BA.2_0.05_abundance_0.1,A429C;T670G,ORF1a:E55A;ORF1a:S135R,79,2657,0.0297327813323296,165,BA.5.2:81;BA.5.2.1:17;BA.5.1:2;BA.2:15;BA.2.9.5:18;BA.4:4;BA.2.12.1:3;BA.2.7:1;XAZ:1;BF.5:8;BA.2.3:4;BA.4.5:1;BF.8:1;BA.5.2.6:1;BA.2.9:2;BA.5.1.22:1;BA.2.10:1;BA.5.5:1;BA.5.1.24:1;BA.5.1.23:1;BA.4.1:1
1222026,BA.2_0.05_abundance_0.1,C475A;T670G,ORF1a:F70L;ORF1a:S135R,143,2657,0.0538200978547233,60,BA.5.2:3;BA.5.2.1:4;BF.1:8;BA.5.2.20:1;BA.2.75:21;BA.5:1;BN.1.3:16;BA.2.10.1:1;BA.5.2.6:1;BA.4.4:1;BA.2:1;BA.4.6:1;BA.2.25.1:1
1222026,BA.2_0.05_abundance_0.1,T670G;G713C,ORF1a:S135R;ORF1a:G150R,6,200,0.03,0,
1222026,BA.2_0.05_abundance_0.1,A1410T;C1471G,ORF1a:H382L;ORF1a:R402R,18,139,0.1294964028776978,0,
1222026,BA.2_0.05_abundance_0.1,T1683C;C1780G,ORF1a:I473T;ORF1a:S505S,74,3991,0.0185417188674517,0,
1222026,BA.2_0.05_abundance_0.1,T2088G;C2119A,ORF1a:L608W;ORF1a:G618G,15,115,0.1304347826086956,0,
1222026,BA.2_0.05_abundance_0.1,T9260C;C9344T;A9424G;A9533G;C9534T,ORF1a:S2999P;ORF1a:L3027F;ORF1a:V3053V;ORF1a:T3090A;ORF1a:T3090I,499,1033,0.4830590513068732,0,
1222026,BA.2_0.05_abundance_0.1,T9260C;C9344T;A9424G,ORF1a:S2999P;ORF1a:L3027F;ORF1a:V3053V,108,1235,0.0874493927125506,1,BA.2:1
1222026,BA.2_0.05_abundance_0.1,T9260C;C9344T;A9424G;C9534T,ORF1a:S2999P;ORF1a:L3027F;ORF1a:V3053V;ORF1a:T3090I,70,1033,0.0677637947725072,1,BA.2:1
1222026,BA.2_0.05_abundance_0.1,T9260C;T9341C;C9344T;A9424G;A9533G;C9534T,ORF1a:S2999P;ORF1a:L3026L;ORF1a:L3027F;ORF1a:V3053V;ORF1a:T3090A;ORF1a:T3090I,28,1033,0.0271055179090029,0,
1222026,BA.2_0.05_abundance_0.1,T9260C;C9344T;A9424G;A9533G,ORF1a:S2999P;ORF1a:L3027F;ORF1a:V3053V;ORF1a:T3090A,14,1049,0.0133460438512869,0,
1222026,BA.2_0.05_abundance_0.1,T9341C;C9344T;A9424G;A9533G;C9534T,ORF1a:L3026L;ORF1a:L3027F;ORF1a:V3053V;ORF1a:T3090A;ORF1a:T3090I,15,1033,0.0145208131655372,0,
1222026,BA.2_0.05_abundance_0.1,C9344T;A9424G;A9533G;C9534T,ORF1a:L3027F;ORF1a:V3053V;ORF1a:T3090A;ORF1a:T3090I,336,1033,0.3252662149080348,327,BA.2:86;BA.2.44:1;BA.2.9:82;BA.5.2:6;BA.5.2.23:9;BE.4.1:6;BA.5.7:1;BQ.1.1:3;BA.5.1.10:4;BF.9:8;BA.2.10:3;BA.5.2.3:4;BA.5.5:14;BE.5:15;BF.5:21;BF.7.5:1;BF.7:2;BA.2.51:1;BA.5.2.1:13;BA.5.1.3:2;BA.2.12.1:11;BE.1:3;BA.5.1:3;BN.1.3.1:1;BA.5.1.23:2;BA.4:5;BA.2.65:1;BA.2.36:3;BE.3:1;BA.2.76:1;BA.2.75:3;BA.2.24:1;BF.31.1:1;BA.2.3.11:3;BE.1.1:3;BA.2.38:1;BA.5.2.6:1;BA.2.3.2:1
1222026,BA.2_0.05_abundance_0.1,C9344T;A9424G;A9533G,ORF1a:L3027F;ORF1a:V3053V;ORF1a:T3090A,15,1049,0.0142993326978074,328,BA.2:86;BA.2.44:1;BA.2.9:82;BA.5.2:6;BA.5.2.23:9;BE.4.1:6;BA.5.7:1;BQ.1.1:3;BA.5.1.10:4;BF.9:8;BA.2.10:3;BA.5.2.3:4;BA.5.5:14;BE.5:15;BF.5:21;BF.7.5:1;BF.7:2;BA.2.51:1;BA.5.2.1:13;BA.5.1.3:2;BA.2.12.1:11;BE.1:3;BA.5.1:3;BN.1.3.1:1;BA.5.1.23:2;BA.4:5;BA.2.65:1;BA.2.36:3;BE.3:1;BA.2.76:1;BA.2.75:4;BA.2.24:1;BF.31.1:1;BA.2.3.11:3;BE.1.1:3;BA.2.38:1;BA.5.2.6:1;BA.2.3.2:1
1222026,BA.2_0.05_abundance_0.1,A9533G;C9534T,ORF1a:T3090A;ORF1a:T3090I,1364,2872,0.4749303621169916,331,BA.2:86;BA.2.44:1;BA.2.9:83;BA.5.2:6;BA.5.2.23:9;BE.4.1:6;BA.5.7:1;BQ.1.1:3;BA.5.1.10:4;BF.9:8;BA.2.10:3;BA.5.2.3:4;BA.5.5:15;BE.5:16;BF.5:21;BF.7.5:1;BF.7:2;BA.2.51:1;BA.5.2.1:13;BA.5.1.3:2;BA.2.12.1:11;BE.1:3;BA.5.1:3;BN.1.3.1:1;BA.5.1.23:2;BA.4:5;BA.2.65:1;BA.2.36:3;BE.3:1;BA.2.76:1;BA.2.75:3;BA.2.24:1;BF.31.1:1;BA.2.3.11:3;BE.1.1:3;BA.2.38:2;BA.5.2.6:1;BA.2.3.2:1
1222026,BA.2_0.05_abundance_0.1,A9533G;C9534T;A9726C,ORF1a:T3090A;ORF1a:T3090I;ORF1a:Y3154S,242,1690,0.1431952662721893,1,BA.2:1
1222026,BA.2_0.05_abundance_0.1,C9534T;A9726C,ORF1a:T3090I;ORF1a:Y3154S,49,1690,0.0289940828402366,1,BA.2:1
1222026,BA.2_0.05_abundance_0.1,C10029T;G10086A,ORF1a:T3255I;ORF1a:G3274D,25,145,0.1724137931034483,1,B.1.617.2:1
1222026,BA.2_0.05_abundance_0.1,C10449A;T10689C,ORF1a:P3395H;ORF1a:V3475A,44,1072,0.0410447761194029,94,BA.2.9:9;BN.1.8:4;BA.1:5;BA.2.12.1:16;BF.10:1;BA.2:22;BA.5:2;BA.5.1:11;BA.2.26:1;BA.1.1.13:2;XBB.1:3;BA.2.52:1;BA.4:2;BA.1.1:6;BA.5.2:6;BA.2.75:1;BA.5.1.26:1;BF.21:1
1222026,BA.2_0.05_abundance_0.1,A13456T;C13605T,ORF1a:Q4397H;ORF1b:R46R,5,309,0.0161812297734627,0,
1222026,BA.2_0.05_abundance_0.1,T13855A;G13936A,ORF1b:C130S;ORF1b:V157I,106,770,0.1376623376623376,0,
1222026,BA.2_0.05_abundance_0.1,G16240T;T16248A,ORF1b:V925F;ORF1b:A927A,261,784,0.3329081632653061,0,
1222026,BA.2_0.05_abundance_0.1,A18163G;T18205C,ORF1b:I1566V;ORF1b:S1580P,10,77,0.1298701298701298,3,BA.1:1;BA.2:2
1222026,BA.2_0.05_abundance_0.1,A21779T;G21987A,S:T73S;S:G142D,198,702,0.282051282051282,161,AY.3:10;BA.2:20;AY.43:12;AY.103:5;AY.74:1;AY.4:16;BA.2.9:12;B.1.617.2:19;AY.25:4;AY.100:4;AY.122:10;AY.42:1;AY.75:1;BA.2.3:1;BQ.1:1;AY.98:3;AY.126:2;BA.5.2:1;AY.39:1;AY.9.2:2;AY.6:1;AY.45:2;BA.5.1.1:1;AY.4.2:2;AY.44:8;AY.121:3;AY.5:1;CV.1:1;AY.26:1;BA.2.75:1;BA.2.37:1;BA.2.12.1:1;AY.99.2:1;BA.2.3.20:1;AY.117:1;BQ.1.1.5:1;AY.33:1;AY.112:2;AY.25.1:1;AY.94:1;BA.2.14:1;AY.125:1;AY.98.1:1
1222026,BA.2_0.05_abundance_0.1,T21861C;G21987A,S:I100T;S:G142D,12,702,0.017094017094017,351,AY.44:10;BA.2:183;BA.2.75:3;BA.5.1.22:2;BF.7.5:4;BA.2.12.1:10;AY.43:12;AY.39:43;BA.5.2:5;AY.4:22;BA.5.1:11;AY.122:2;BA.4.1.7:1;BA.5.2.1:6;AY.99.2:3;BA.5.2.22:2;BQ.1.1:2;BF.5:1;AY.16:1;AY.3:1;AY.5:1;AY.27:1;BA.4.6:4;BA.5:1;BE.1.1:1;AY.122.5:1;BA.2.14:1;AY.100:1;AY.59:1;BA.4:2;B.1.617.2:2;BA.1:1;AY.33:1;AY.25:1;BA.2.9:2;AY.103:2;BA.5.9:1;BA.2.36:2;BA.1.1:1
1222026,BA.2_0.05_abundance_0.1,A23403G;C23439A,S:D614G;S:A626E,700,2154,0.3249767873723305,30,B.1.526:9;BA.5.2.1:4;BA.1:1;BA.2.18:1;AY.39:3;BA.1.1:1;BA.5.2:7;AY.26:2;B.1.525:1;BA.2:1
1222026,BA.2_0.05_abundance_0.1,A23942G;G23948T,S:I794V;S:D796Y,26,123,0.2113821138211382,127,BA.2.37:2;BA.2:23;BD.1:21;BA.1.21:1;BA.1.1:16;BA.5.5:9;BA.2.9:5;BA.1.17:4;BA.5.2.1:2;BA.4.1:1;BA.1:4;BF.7:4;BQ.1.23:2;BA.5.2:2;BA.2.24:1;BA.2.3:3;BA.1.18:1;BA.2.23:3;BA.2.75:1;BA.5.2.31:1;BA.5.2.2:1;BA.5.1:5;BA.5.1.21:1;BA.1.1.12:2;BA.2.12.1:7;BA.2.12:1;BA.1.15:1;BE.1.1:1;BA.1.1.16:1;BA.5.3.1:1
1222026,BA.2_0.05_abundance_0.1,T24349G;A24424T,S:S929R;S:Q954H,145,501,0.2894211576846307,5,BA.5.2:5
1222026,BA.2_0.05_abundance_0.1,C25584T;T25645A,ORF3a:T64T;ORF3a:L85M,5,37,0.1351351351351351,1,BA.2.3:1
1222026,BA.2_0.05_abundance_0.1,C26270T;A26378G,E:T9I;E:N45S,332,912,0.3640350877192982,1,BA.1:1
1222026,BA.2_0.05_abundance_0.1,C26858T;G27067T,M:F112F;M:G182V,5,12,0.4166666666666667,0,
1222026,BA.2_0.05_abundance_0.1,A27185G;A27259C;G27382C;A27383T;T27384C,M:V221V;ORF6:R20R;ORF6:D61H;ORF6:D61V;ORF6:D61D,15,1360,0.0110294117647058,12,BA.2:12
1222026,BA.2_0.05_abundance_0.1,A27185G;A27259C;G27382C;A27383T;T27384C;T27422G,M:V221V;ORF6:R20R;ORF6:D61H;ORF6:D61V;ORF6:D61D;ORF7a:I10R,23,1360,0.0169117647058823,0,
1222026,BA.2_0.05_abundance_0.1,A27259C;G27382C;A27383T;T27384C;T27422G,ORF6:R20R;ORF6:D61H;ORF6:D61V;ORF6:D61D;ORF7a:I10R,623,1386,0.4494949494949495,1,BA.2.7:1
1292026,BA.2_0.05_abundance_0.1,T409G;T670G,ORF1a:D48E;ORF1a:S135R,1151,3920,0.2936224489795918,15,BA.5.2:1;BA.5.1.2:2;BA.5.2.1:1;BA.2.75:5;BA.2.3:1;BA.2.10.1:1;BA.2:1;BE.1:1;BA.5.1:2
1292026,BA.2_0.05_abundance_0.1,T670G;A738G,ORF1a:S135R;ORF1a:Q158R,12,178,0.0674157303370786,52,BA.2:30;BQ.1.22:2;BA.2.75:3;BF.21:1;BF.5:2;BF.26:1;BA.5.2.1:7;BA.5.1:1;BA.5:1;BQ.1.1.3:1;BA.5.6:1;BF.8:1;BA.5.2:1
1292026,BA.2_0.05_abundance_0.1,T670G;C934A,ORF1a:S135R;ORF1a:D223E,8,169,0.0473372781065088,17,CM.2:1;BA.5.2.1:1;BA.5.2:3;BA.5.1.23:10;BA.5.5:1;BA.2:1
1292026,BA.2_0.05_abundance_0.1,G1335T;C1420G,ORF1a:C357F;ORF1a:A385A,13,201,0.0646766169154228,0,
1292026,BA.2_0.05_abundance_0.1,A3867C;A3945G,ORF1a:Q1201P;ORF1a:Q1227R,29,173,0.1676300578034682,0,
1292026,BA.2_0.05_abundance_0.1,G6513T;T6801A,ORF1a:S2083I;ORF1a:L2179*,21,985,0.0213197969543147,0,
1292026,BA.2_0.05_abundance_0.1,G6513T;C6828G,ORF1a:S2083I;ORF1a:S2188C,12,758,0.0158311345646438,0,
1292026,BA.2_0.05_abundance_0.1,G6554C;T6801A,ORF1a:A2097P;ORF1a:L2179*,21,987,0.0212765957446808,0,
1292026,BA.2_0.05_abundance_0.1,G6557T;T6801A,ORF1a:A2098S;ORF1a:L2179*,14,987,0.0141843971631205,0,
1292026,BA.2_0.05_abundance_0.1,T6663A;T6801A,ORF1a:V2133D;ORF1a:L2179*,18,987,0.0182370820668693,0,
1292026,BA.2_0.05_abundance_0.1,G6710T;T6801A,ORF1a:V2149F;ORF1a:L2179*,19,987,0.0192502532928064,0,
1292026,BA.2_0.05_abundance_0.1,T6801A;C6828G,ORF1a:L2179*;ORF1a:S2188C,8,760,0.0105263157894736,0,
1292026,BA.2_0.05_abundance_0.1,T7467G;G7650A,ORF1a:V2401G;ORF1a:S2462N,289,914,0.3161925601750547,0,
1292026,BA.2_0.05_abundance_0.1,C8481T;T8566A,ORF1a:P2739L;ORF1a:N2767K,11,249,0.0441767068273092,0,
1292026,BA.2_0.05_abundance_0.1,T8671G;T8806A,ORF1a:F2802L;ORF1a:N2847K,17,539,0.0315398886827458,0,
1292026,BA.2_0.05_abundance_0.1,C9344T;A9424G;G9463A;A9486T;C9534T,ORF1a:L3027F;ORF1a:V3053V;ORF1a:R3066R;ORF1a:Y3074F;ORF1a:T3090I,67,390,0.1717948717948718,0,
1292026,BA.2_0.05_abundance_0.1,C9344T;A9424G;G9463A;C9534T,ORF1a:L3027F;ORF1a:V3053V;ORF1a:R3066R;ORF1a:T3090I,80,390,0.2051282051282051,120,BA.5.2:31;BA.5.6:16;BA.2:20;BA.2.9:20;BE.1:2;BA.4.1.1:1;BE.1.4.4:1;BA.5.2.1:3;BF.5:8;BA.2.3.16:3;BA.2.3:3;BF.18:1;BA.5.1:2;BE.1.1:1;BA.2.12.1:1;BA.5.1.2:1;BQ.1.12:1;CH.1.1:2;BA.4.6:1;BA.5.1.10:1;BA.5.1.3:1
1292026,BA.2_0.05_abundance_0.1,C9344T;A9424G;A9486T;C9534T,ORF1a:L3027F;ORF1a:V3053V;ORF1a:Y3074F;ORF1a:T3090I,125,390,0.3205128205128205,1,BA.2:1
1292026,BA.2_0.05_abundance_0.1,C9344T;A9424G;A9486T,ORF1a:L3027F;ORF1a:V3053V;ORF1a:Y3074F,19,439,0.0432801822323462,1,BA.2:1
1292026,BA.2_0.05_abundance_0.1,C9344T;A9424G;G9463A,ORF1a:L3027F;ORF1a:V3053V;ORF1a:R3066R,7,439,0.0159453302961275,121,BA.5.2:31;BA.5.6:17;BA.2:20;BA.2.9:20;BE.1:2;BA.4.1.1:1;BE.1.4.4:1;BA.5.2.1:3;BF.5:8;BA.2.3.16:3;BA.2.3:3;BF.18:1;BA.5.1:2;BE.1.1:1;BA.2.12.1:1;BA.5.1.2:1;BQ.1.12:1;CH.1.1:2;BA.4.6:1;BA.5.1.10:1;BA.5.1.3:1
1292026,BA.2_0.05_abundance_0.1,C9344T;A9424G;G9463A;A9486T,ORF1a:L3027F;ORF1a:V3053V;ORF1a:R3066R;ORF1a:Y3074F,15,439,0.0341685649202733,0,
1292026,BA.2_0.05_abundance_0.1,C10449A;T10690G,ORF1a:P3395H;ORF1a:V3475V,332,521,0.6372360844529751,2,BA.1.1.18:1;BA.5.1.5:1
1292026,BA.2_0.05_abundance_0.1,A12500T;C12543A,ORF1a:T4079S;ORF1a:S4093*,22,1203,0.0182876142975893,0,
1292026,BA.2_0.05_abundance_0.1,A12500T;C12623G,ORF1a:T4079S;ORF1a:P4120A,50,1203,0.0415627597672485,0,
1292026,BA.2_0.05_abundance_0.1,C12880T;C12932T,ORF1a:I4205I;ORF1a:P4223S,138,1990,0.0693467336683417,44,BA.2.9:9;BA.2.56:1;B.1.526:1;BA.2.12.1:3;BA.5.2.1:6;BF.5:1;BA.2.5:1;BE.1.1:1;BA.2.3.15:1;BA.5.1:8;BA.5.2:2;B.1.2:1;BA.2.3:1;BA.2:4;BQ.1.1:2;BF.21:1;XAN:1
1292026,BA.2_0.05_abundance_0.1,C13965A;T14124A,ORF1b:Y166*;ORF1b:G219G,40,1166,0.0343053173241852,0,
1292026,BA.2_0.05_abundance_0.1,G14622C;T14726G,ORF1b:T385T;ORF1b:F420C,58,922,0.0629067245119305,0,
1292026,BA.2_0.05_abundance_0.1,G14622C;T14726G;T14799A,ORF1b:T385T;ORF1b:F420C;ORF1b:Y444*,11,856,0.0128504672897196,0,
1292026,BA.2_0.05_abundance_0.1,T14726G;T14799A,ORF1b:F420C;ORF1b:Y444*,10,857,0.0116686114352392,0,
1292026,BA.2_0.05_abundance_0.1,C15714T;T15797C,ORF1b:L749L;ORF1b:L777P,593,2239,0.264850379633765,3,BA.1.1:1;BA.2:1;BA.5.1:1
1292026,BA.2_0.05_abundance_0.1,C17410T;A17489G,ORF1b:R1315C;ORF1b:E1341G,63,143,0.4405594405594406,6,BA.4.1:2;BA.2:3;BA.5.1:1
1292026,BA.2_0.05_abundance_0.1,C17410T;A17666C,ORF1b:R1315C;ORF1b:K1400T,5,132,0.0378787878787878,0,
1292026,BA.2_0.05_abundance_0.1,A17489G;A17666C,ORF1b:E1341G;ORF1b:K1400T,19,1134,0.0167548500881834,0,
1292026,BA.2_0.05_abundance_0.1,T20520C;A20776C,ORF1b:D2351D;ORF1b:I2437L,30,532,0.056390977443609,0,
1292026,BA.2_0.05_abundance_0.1,C20611T;A20776C,ORF1b:L2382F;ORF1b:I2437L,38,533,0.0712945590994371,0,
1292026,BA.2_0.05_abundance_0.1,G22578A;G22583A;C22674T;T22679C;C22686T;A22688G;G22813T,S:G339D;S:V341I;S:S371F;S:S373P;S:S375F;S:T376A;S:K417N,189,643,0.2939346811819596,109,BA.2:54;BA.2.9:4;BA.4.6:1;BA.5.2:3;BA.5.5:4;BA.2.12.1:6;BA.5.2.9:1;BA.2.3:3;BA.2.3.7:1;BA.5.1.10:1;BA.2.75:2;BA.5.1.25:4;BA.5.2.1:3;BE.1.1:3;BA.2.68:2;BA.5.2.20:1;BA.5.1:5;BA.2.12:1;BA.5.1.1:1;BF.7:1;BA.5.6:3;BA.2.54:1;BA.5.1.22:1;BA.2.20:1;XBB:1;BF.10:1
1292026,BA.2_0.05_abundance_0.1,G22578A;G22583A;C22674T;T22679C;C22686T;A22688G;T22748G;G22813T,S:G339D;S:V341I;S:S371F;S:S373P;S:S375F;S:T376A;S:Y396D;S:K417N,13,643,0.0202177293934681,0,
1292026,BA.2_0.05_abundance_0.1,G22578A;G22583A;C22674T;T22679C;C22686T;A22688G,S:G339D;S:V341I;S:S371F;S:S373P;S:S375F;S:T376A,19,691,0.0274963820549927,114,BA.2:56;BA.2.9:5;BA.4.6:1;BA.5.2:3;BA.5.5:4;BA.2.12.1:7;BA.5.2.9:1;BA.2.3:3;BA.2.3.7:1;BA.5.1.10:1;BA.2.75:2;BA.5.1.25:4;BA.5.2.1:3;BE.1.1:4;BA.2.68:2;BA.5.2.20:1;BA.5.1:5;BA.2.12:1;BA.5.1.1:1;BF.7:1;BA.5.6:3;BA.2.54:1;BA.5.1.22:1;BA.2.20:1;XBB:1;BF.10:1
1292026,BA.2_0.05_abundance_0.1,G22578A;C22674T;T22679C;C22686T;A22688G;T22748G;G22813T,S:G339D;S:S371F;S:S373P;S:S375F;S:T376A;S:Y396D;S:K417N,26,643,0.0404354587869362,0,
1292026,BA.2_0.05_abundance_0.1,G22992T;C22995A;A23013C;A23040G;T23075C,S:S477I;S:T478K;S:E484A;S:Q493R;S:Y505H,14,356,0.0393258426966292,1,BA.2.38:1
1292026,BA.2_0.05_abundance_0.1,C23525T;T23599G;C23604A;A23712C,S:H655Y;S:N679K;S:P681H;S:N717T,57,412,0.1383495145631068,2,BA.1:1;BA.2.12:1
1292026,BA.2_0.05_abundance_0.1,T23860C;G23948T,S:A766A;S:D796Y,60,523,0.1147227533460803,79,BA.5.2.1:6;BA.2:11;BA.2.38:1;BA.5.2:2;BF.13:1;BA.1.1:11;BA.4.1:13;BA.1.20:2;BA.2.12.1:1;BA.1.1.1:7;BA.1.17.2:1;BQ.1.1.5:1;BA.2.75.1:1;BA.1.15:6;BA.5.1:3;BA.1:3;BA.2.10.1:1;BA.1.1.2:3;BE.1:1;BA.2.74:3;BA.1.18:1
1292026,BA.2_0.05_abundance_0.1,T24171C;A24424T,S:I870T;S:Q954H,232,1361,0.1704628949301984,21,BA.2:5;BA.5.2.1:1;BA.1:1;BA.1.1.13:1;BA.2.10:1;BA.1.1:1;BE.2:1;BQ.1.23:1;BA.5.2.23:4;BF.10:1;BA.5.6:1;BA.2.12.1:1;BA.2.3:1;BA.2.9:1
1292026,BA.2_0.05_abundance_0.1,C24830G;C25000T,S:P1090A;S:D1146D,134,2862,0.0468204053109713,0,
1292026,BA.2_0.05_abundance_0.1,C25517G;C25528T;C25584T,ORF3a:P42R;ORF3a:L46F;ORF3a:T64T,45,931,0.0483351235230934,0,
1292026,BA.2_0.05_abundance_0.1,C25517G;T25530G;C25584T,ORF3a:P42R;ORF3a:L46L;ORF3a:T64T,20,932,0.0214592274678111,0,
1292026,BA.2_0.05_abundance_0.1,C25517G;C25584T,ORF3a:P42R;ORF3a:T64T,50,932,0.0536480686695279,83,BA.5.2.1:46;BA.2.9:6;BA.1:5;BA.2.12.1:11;BF.7:1;BA.1.15:1;BA.1.1.1:4;BA.1.1:4;BA.1.14:1;BA.5.2:1;BA.5.10:1;BA.2.3:1;BA.2:1
1292026,BA.2_0.05_abundance_0.1,C25517G;C25528T;T25530G;C25584T,ORF3a:P42R;ORF3a:L46F;ORF3a:L46L;ORF3a:T64T,17,931,0.0182599355531686,0,
1292026,BA.2_0.05_abundance_0.1,C25528T;T25530G;C25584T,ORF3a:L46F;ORF3a:L46L;ORF3a:T64T,93,931,0.0998925886143931,0,
1292026,BA.2_0.05_abundance_0.1,C25528T;C25584T,ORF3a:L46F;ORF3a:T64T,282,931,0.3029001074113856,1010,BA.1.1.16:26;BQ.1.1.19:18;BA.5.2.9:2;BA.5.1.21:46;BA.2.9:12;BE.1.1:4;BA.2:240;BQ.1.5:6;BA.1.1.18:8;BA.4:7;BA.2.56:2;XBB.2:1;BA.1.14.1:2;BQ.1:1;BA.1.15.1:2;BA.1.17.2:49;BA.5.2:21;BA.5.1:12;BA.5.2.27:2;BA.2.3:4;BF.5:1;BA.1.20:38;BA.5.2.34:111;BA.1.1:159;BA.2.76:1;BF.7:1;BA.4.6:1;BA.1:10;BA.2.12.1:49;BA.1.18:65;BA.5.2.6:1;BF.28:6;BN.1.3:1;BA.2.75:2;BA.1.15:8;BA.1.1.9:3;BQ.1.3:1;BE.1:2;BA.1.21:1;BA.5.2.28:12;BA.5.2.1:18;BA.2.24:1;BE.3:1;BA.1.1.2:5;BA.5.2.7:3;BA.4.1:5;BA.1.17:1;BF.27:1;BE.1.4:8;BQ.1.23:1;BA.5.6:4;BF.13:1;BA.5.5:4;BA.5.1.2:1;B.1.1.529:2;BA.5.2.20:1;BA.2.10:2;BA.2.3.14:1;BE.1.4.4:2;BA.5.2.3:1;BE.1.1.2:1;BQ.1.1:3;BA.4.4:1;XBB.3:1;BA.5.3.1:1;BA.5.2.36:1;BA.5.1.1:1
1292026,BA.2_0.05_abundance_0.1,T25530G;C25584T,ORF3a:L46L;ORF3a:T64T,128,932,0.1373390557939914,1,BA.5.1:1
1292026,BA.2_0.05_abundance_0.1,A26041T;C26270T,ORF3a:T217S;E:T9I,6,49,0.1224489795918367,2,BA.5.1:1;BA.1.1:1
1292026,BA.2_0.05_abundance_0.1,C26270T;A26400C,E:T9I;E:V52V,409,667,0.6131934032983508,7,BA.5:1;BA.2.75:2;BA.1:1;BA.2:1;BA.5.1:1;BA.1.15:1
1292026,BA.2_0.05_abundance_0.1,C26858T;G27112T,M:F112F;M:S197I,10,23,0.4347826086956521,28,BA.2.1:4;BA.2.69:1;BA.2.12.1:6;BA.2.10:2;BA.2:13;BA.2.9:2
1292026,BA.2_0.05_abundance_0.1,A27007T;G27112T,M:K162M;M:S197I,38,404,0.094059405940594,0,
1292026,BA.2_0.05_abundance_0.1,A27262C;G27382C;T27384C,ORF6:T21P;ORF6:D61H;ORF6:D61D,79,767,0.1029986962190352,2,BA.2:1;BA.4.6:1
1292026,BA.2_0.05_abundance_0.1,A27262C;G27382C;T27384C;C27431T,ORF6:T21P;ORF6:D61H;ORF6:D61D;ORF7a:A13V,8,767,0.0104302477183833,0,
1292026,BA.2_0.05_abundance_0.1,G27382C;T27384C;C27431T,ORF6:D61H;ORF6:D61D;ORF7a:A13V,46,767,0.059973924380704,220,BA.2.10:69;BA.2:82;BA.2.47:1;BA.2.9.3:9;BA.2.65:8;XBB.1:1;BA.2.12.1:20;BA.2.41:11;XBB.2:4;BA.2.3:2;BA.2.29:1;BA.4.6:2;BA.2.9:6;XBB:1;BA.2.75:1;BA.2.75.7:1;BA.2.52:1
1292026,BA.2_0.05_abundance_0.1,A29510C;T29577A,N:S413R;ORF10:F7Y,29,323,0.0897832817337461,4,BA.5.1:2;BA.2:1;BA.4:1
2052026,BA.2_0.05_abundance_0.1,T670G;G864C,ORF1a:S135R;ORF1a:C200S,17,352,0.0482954545454545,0,
2052026,BA.2_0.05_abundance_0.1,T2665A;G2778T,ORF1a:C800*;ORF1a:S838I,11,131,0.0839694656488549,0,
2052026,BA.2_0.05_abundance_0.1,T4329A;A4353G,ORF1a:I1355N;ORF1a:E1363G,5,137,0.0364963503649635,0,
2052026,BA.2_0.05_abundance_0.1,G8355T;A8474G,ORF1a:R2697L;ORF1a:N2737D,8,161,0.0496894409937888,0,
2052026,BA.2_0.05_abundance_0.1,A8474G;T8526A,ORF1a:N2737D;ORF1a:V2754E,17,151,0.1125827814569536,0,
2052026,BA.2_0.05_abundance_0.1,C9534T;T9593A,ORF1a:T3090I;ORF1a:L3110M,68,1321,0.0514761544284632,0,
2052026,BA.2_0.05_abundance_0.1,T11056C;T11070A;A11085T;T11118G;T11151G;G11222T;G11243A,ORF1a:S3597S;ORF1a:L3602*;ORF1a:Y3607F;ORF1a:I3618S;ORF1a:V3629G;ORF1a:V3653F;ORF1a:V3660M,9,332,0.0271084337349397,0,
2052026,BA.2_0.05_abundance_0.1,T11073G;T11142C,ORF1a:F3603C;ORF1a:M3626T,5,332,0.0150602409638554,0,
2052026,BA.2_0.05_abundance_0.1,G11115A;T11142C,ORF1a:G3617D;ORF1a:M3626T,22,332,0.0662650602409638,0,
2052026,BA.2_0.05_abundance_0.1,T12635G;C12639A,ORF1a:W4124G;ORF1a:P4125H,52,1508,0.0344827586206896,0,
2052026,BA.2_0.05_abundance_0.1,C12854G;C12880T,ORF1a:P4197A;ORF1a:I4205I,190,903,0.2104097452934662,1,BA.2.31:1
2052026,BA.2_0.05_abundance_0.1,C14156T;T14208C,ORF1b:S230L;ORF1b:H247H,8,698,0.0114613180515759,0,
2052026,BA.2_0.05_abundance_0.1,C15631T;C15714T,ORF1b:L722F;ORF1b:L749L,823,2652,0.3103318250377074,39,BA.2.75:9;BQ.1.23:10;BE.1.1:4;BA.5.1:1;BA.2:2;BA.4:3;BN.1.3.1:3;BA.2.29:1;BE.3:2;BA.5.2.1:3;BA.4.1:1
2052026,BA.2_0.05_abundance_0.1,C15631T;C15714T;T15843C,ORF1b:L722F;ORF1b:L749L;ORF1b:T792T,186,1759,0.1057418988061398,0,
2052026,BA.2_0.05_abundance_0.1,C15714T;T15843C,ORF1b:L749L;ORF1b:T792T,278,1759,0.1580443433769187,80,BA.2:11;CQ.2:1;BA.4:1;BA.2.12.1:5;BA.5.2.3:18;BA.4.1:12;BE.1:1;BE.1.1:2;BA.2.3:1;BA.4.6:2;BA.5.1:6;BA.2.3.20:1;BA.5:1;BA.5.2:6;BA.2.38:8;BA.5.2.31:1;BA.5.2.1:2;BA.4.1.8:1
2052026,BA.2_0.05_abundance_0.1,G17151T;C17410T,ORF1b:V1228V;ORF1b:R1315C,200,2370,0.0843881856540084,12,BA.2:1;BQ.1:4;CR.1:1;AY.27:1;BA.5.2:3;XBB.1:1;CD.1:1
2052026,BA.2_0.05_abundance_0.1,C17410T;A17625G,ORF1b:R1315C;ORF1b:A1386A,47,283,0.166077738515901,96,BA.2.75:38;BA.5.5.1:42;BA.5.2.1:4;BA.2.75.2:2;BA.5.1.23:1;BA.2:2;BA.2.9:4;BA.5.1.30:1;BA.5.2:2
2052026,BA.2_0.05_abundance_0.1,A18969G;T19016G;G19056A;A19073G;G19086A;T19110A;A19116G;A19123T;A19134G;T19139C,ORF1b:R1834R;ORF1b:F1850C;ORF1b:K1863K;ORF1b:D1869G;ORF1b:K1873K;ORF1b:S1881R;ORF1b:K1883K;ORF1b:K1886*;ORF1b:E1889E;ORF1b:F1891S,7,308,0.0227272727272727,0,
2052026,BA.2_0.05_abundance_0.1,T20989G;C21110G,ORF1b:L2508V;ORF1b:T2548S,15,489,0.0306748466257668,0,
2052026,BA.2_0.05_abundance_0.1,T21756A;A21768C;G21795C;T21818C;C21843A;A21858G;G21869C;G21873T;A21875G;C21904G;G21987A,S:F65Y;S:H69P;S:R78T;S:F86L;S:S94Y;S:N99S;S:G103R;S:W104L;S:I105V;S:T114T;S:G142D,8,506,0.0158102766798418,0,
2052026,BA.2_0.05_abundance_0.1,C22079G;T22200G;T22297C,S:Q173E;S:V213G;S:H245H,95,691,0.1374819102749638,0,
2052026,BA.2_0.05_abundance_0.1,C22079G;T22200G,S:Q173E;S:V213G,59,852,0.0692488262910798,18,BA.5.2.1:9;BA.2.1:4;BA.2.24:2;BA.2.12.1:1;BE.1.1:2
2052026,BA.2_0.05_abundance_0.1,T22200G;T22297C,S:V213G;S:H245H,351,691,0.507959479015919,909,BA.5.2:21;BA.2:94;BF.10:470;BA.2.9:39;BA.2.75:10;BA.5.2.1:40;BA.2.1:39;BA.2.12.1:26;BA.5.5:11;BA.2.10.1:13;BA.4:8;BA.5.3.1:3;CP.5:1;BF.21:4;BA.4.1:1;BA.2.3:18;BA.2.9.5:2;BE.1.1:44;BF.7:7;BF.5:2;BQ.1.8:2;BA.1.1:1;BE.1.4:9;BA.5.2.8:2;BE.1:3;BQ.1.14:4;BA.4.6.5:1;BA.5.2.20:1;BA.5.1:9;BA.2.56:1;BA.2.13:1;BA.5.2.23:1;BQ.1.23:3;BA.2.32:1;BA.5.2.28:1;BQ.1.1:1;BA.2.10:2;BF.8:2;CM.7:1;BA.2.65:2;BF.12:1;BF.26:1;BQ.1:1;BA.5.9:3;BA.5.6:1;BA.5:1
2052026,BA.2_0.05_abundance_0.1,T22200G;T22297C;T22304A,S:V213G;S:H245H;S:Y248N,10,527,0.0189753320683111,0,
2052026,BA.2_0.05_abundance_0.1,G22578A;C22674T;C22675T;T22679C;C22686T;A22688G;A22786C;G22813T,S:G339D;S:S371F;S:S371S;S:S373P;S:S375F;S:T376A;S:R408S;S:K417N,75,889,0.0843644544431946,1181,BA.5.2:38;BA.2.9:5;BA.5.2.20:3;BA.2:881;BQ.1.5:1;BF.5:11;BA.5.2.1:24;BQ.1:6;BA.4.6:20;BF.15:1;BA.2.75:3;BA.2.10:2;BA.2.3:8;BA.2.74:1;BA.5.1:46;XM:1;BA.2.12.1:22;BA.5.9:10;BA.2.36:1;BA.2.1:1;BA.5.8:12;BA.2.10.1:2;BQ.1.10:1;BA.5.1.24:2;BF.10:10;BA.5.5:15;BA.5:10;BA.2.65:2;BA.2.68:6;BF.16:1;BA.2.37:3;BQ.1.11:3;BQ.1.1.4:2;BQ.1.16:1;BA.2.5:1;BA.5.2.6:1;BE.1.1:1;BA.4.1:3;BQ.1.22:2;BA.2.2:3;BA.2.62:2;BQ.1.1:3;DF.1:1;BA.5.1.6:1;BA.4:1;BA.5.2.3:2;BQ.1.1.11:1;BA.5.1.23:1;BF.7:2;BA.5.6:1
2052026,BA.2_0.05_abundance_0.1,G22578A;C22674T;T22679C;C22686T;A22688G;A22786C;G22813T;G22859T,S:G339D;S:S371F;S:S373P;S:S375F;S:T376A;S:R408S;S:K417N;S:V433F,74,669,0.1106128550074738,5,BA.2:2;BA.2.9:1;BA.5.2:1;BA.2.13:1
2052026,BA.2_0.05_abundance_0.1,G22859T;T22882G;G22992A;C22995A;A23013C;A23040G;A23063T;T23075C,S:V433F;S:N440K;S:S477N;S:T478K;S:E484A;S:Q493R;S:N501Y;S:Y505H,63,611,0.1031096563011456,2,BA.2:2
2052026,BA.2_0.05_abundance_0.1,C23854A;A23942C;G23948T,S:N764K;S:I794L;S:D796Y,125,1187,0.10530749789385,72,BQ.1.8:10;BA.2:12;BF.10:1;BA.1:4;BA.5.2.1:1;BQ.1.1:23;BA.2.3:8;BA.2.75:1;BA.1.16:3;BA.1.15:2;BA.1.15.1:2;BA.2.22:1;BA.5.2:1;BF.3:1;BQ.1.1.22:1;BA.1.1:1
2052026,BA.2_0.05_abundance_0.1,T26008G;C26270T,ORF3a:Y206D;E:T9I,7,96,0.0729166666666666,0,
2052026,BA.2_0.05_abundance_0.1,C26270T;G26467A,E:T9I;E:V75I,273,680,0.4014705882352941,34,BA.5.2:15;BA.2:7;BE.1.1:1;CK.1:1;BA.5.2.20:1;BA.1.1:1;BA.5.2.24:1;BA.4.6:1;BA.5.1:1;BA.1.17:1;BA.2.3:1;BA.1:1;BQ.1.1.10:1;BA.1.15:1
2052026,BA.2_0.05_abundance_0.1,T28078A;C28087G,ORF8:V62E;ORF8:A65G,70,446,0.1569506726457399,1,B.1.1.7:1
2052026,BA.2_0.05_abundance_0.1,C28194T;C28311T,ORF8:R101C;N:P13L,96,2464,0.0389610389610389,224,BA.5.2:16;BA.2:11;BA.5.2.18:65;BA.5.2.1:38;BA.5.2.9:1;BA.1.17:1;BA.1:3;BA.1.1:24;BF.27:10;BA.1.15:1;BA.4.1.9:1;BQ.1:2;BF.5:3;BQ.1.1:4;XBB.1:2;BF.1:4;BA.5:2;BA.5.1:2;BA.5.6:4;BA.4.6:3;BA.5.2.12:2;BE.1.1:1;BA.5.5:3;BA.2.9:1;CR.2:1;BF.14:2;BA.4.1:2;BA.5.2.28:2;BA.1.14.2:1;BA.1.18:1;BA.5.2.6:1;CH.1.1:1;BA.1.17.2:1;BQ.1.10:1;BQ.1.15:1;BQ.1.11:1;BA.1.1.11:1;BQ.1.1.22:3;CD.1:1
2052026,BA.2_0.05_abundance_0.1,C28567G;T28705A,N:D98E;N:D144E,9,283,0.0318021201413427,0,
2122026,BA.2_0.05_abundance_0.1,G269C;G353C;G359T;T369G,ORF1a:E2Q;ORF1a:G30R;ORF1a:G32*;ORF1a:V35G,7,369,0.018970189701897,0,
2122026,BA.2_0.05_abundance_0.1,G353C;G359T;T369G;C449T;G470T;G483C;G524T;G542T;G564C;T580G;C609T;A610C;G636A;A647C;A655T;T658C;T670G,ORF1a:G30R;ORF1a:G32*;ORF1a:V35G;ORF1a:P62S;ORF1a:V69L;ORF1a:R73P;ORF1a:E87*;ORF1a:E93*;ORF1a:S100T;ORF1a:G105G;ORF1a:P115L;ORF1a:P115P;ORF1a:R124H;ORF1a:N128H;ORF1a:G130G;ORF1a:A131A;ORF1a:S135R,13,453,0.0286975717439293,0,
2122026,BA.2_0.05_abundance_0.1,T369G;C449T;G470T;G483C;G524T;G542T;G564C;T580G;C609T;A610C;G636A;A647C;A655T;T658C;T670G,ORF1a:V35G;ORF1a:P62S;ORF1a:V69L;ORF1a:R73P;ORF1a:E87*;ORF1a:E93*;ORF1a:S100T;ORF1a:G105G;ORF1a:P115L;ORF1a:P115P;ORF1a:R124H;ORF1a:N128H;ORF1a:G130G;ORF1a:A131A;ORF1a:S135R,21,2099,0.0100047641734159,0,
2122026,BA.2_0.05_abundance_0.1,T631C;T670G,ORF1a:L122L;ORF1a:S135R,106,2105,0.0503562945368171,150,BA.5.2:36;BA.5.2.1:10;BE.3:1;BF.7:20;BA.5.1:10;BE.1.1:10;BA.2:16;BE.1.1.1:3;BA.5.5:25;BA.2.68:1;BA.5.3.3:1;BA.2.10:1;BA.2.48:7;BA.4.1:1;BF.5:1;BE.9:2;BA.5.1.2:1;BA.5.6:2;BA.5.2.28:1;BA.2.12.1:1
2122026,BA.2_0.05_abundance_0.1,T634C;T670G,ORF1a:L123L;ORF1a:S135R,101,2105,0.047980997624703,125,BQ.1.8:1;BA.2:47;BA.2.20:8;BF.10:4;BF.7.4.1:44;BA.4:2;BA.2.12.1:2;BA.5.2.1:4;BF.11:1;BA.2.3:1;BF.7.4:1;BA.5.2:6;BA.5.1:1;BA.5.2.22:1;BF.5:1;BA.2.9:1
2122026,BA.2_0.05_abundance_0.1,T670G;T795A,ORF1a:S135R;ORF1a:L177H,73,153,0.477124183006536,0,
2122026,BA.2_0.05_abundance_0.1,T1623A;A1629T;A1644G;A1646C;A1731C;T1745C;G1782C;G1784C;A1829G;A1852T;C1878G,ORF1a:I453K;ORF1a:Q455L;ORF1a:N460S;ORF1a:I461L;ORF1a:E489A;ORF1a:L494L;ORF1a:C506S;ORF1a:G507R;ORF1a:N522D;ORF1a:I529I;ORF1a:S538*,61,3154,0.0193405199746353,0,
2122026,BA.2_0.05_abundance_0.1,T2230C;C2245T;T2307A;A2345T;A2367G;C2371A;A2430G;G2447T;A2452T,ORF1a:C655C;ORF1a:V660V;ORF1a:L681H;ORF1a:I694F;ORF1a:K701R;ORF1a:A702A;ORF1a:K722R;ORF1a:G728C;ORF1a:L729L,13,511,0.0254403131115459,0,
2122026,BA.2_0.05_abundance_0.1,C4698T;C4780G;T4813C;G4854C;G4881C,ORF1a:S1478F;ORF1a:I1505M;ORF1a:Y1516Y;ORF1a:R1530T;ORF1a:S1539T,12,507,0.0236686390532544,0,
2122026,BA.2_0.05_abundance_0.1,G5625C;T5635G;G5708C;T5732A;G5750A,ORF1a:C1787S;ORF1a:G1790G;ORF1a:E1815Q;ORF1a:C1823S;ORF1a:G1829S,6,111,0.054054054054054,0,
2122026,BA.2_0.05_abundance_0.1,G6245T;A6276G;G6288A;T6298C;C6312G;A6325C;A6360C;A6426G,ORF1a:V1994F;ORF1a:K2004R;ORF1a:W2008*;ORF1a:R2011R;ORF1a:T2016R;ORF1a:E2020D;ORF1a:D2032A;ORF1a:N2054S,15,580,0.0258620689655172,0,
2122026,BA.2_0.05_abundance_0.1,T7348A;T7619A,ORF1a:N2361K;ORF1a:C2452S,8,238,0.0336134453781512,0,
2122026,BA.2_0.05_abundance_0.1,T7425A;T7438A;A7448C;C7485G;C7518A;G7526A;A7548C;T7554G,ORF1a:F2387Y;ORF1a:Y2391*;ORF1a:K2395Q;ORF1a:S2407*;ORF1a:A2418E;ORF1a:V2421I;ORF1a:N2428T;ORF1a:V2430G,6,245,0.0244897959183673,0,
2122026,BA.2_0.05_abundance_0.1,G11378C;T11429A;T11432G;G11464A;G11483A;C11494T;G11504T;T11517A;C11518T;G11528C;T11539C;T11547C;A11567G,ORF1a:A3705P;ORF1a:Y3722N;ORF1a:Y3723D;ORF1a:M3733I;ORF1a:V3740I;ORF1a:N3743N;ORF1a:V3747L;ORF1a:V3751D;ORF1a:V3751V;ORF1a:A3755P;ORF1a:I3758I;ORF1a:M3761T;ORF1a:I3768V,17,1641,0.0103595368677635,0,
2122026,BA.2_0.05_abundance_0.1,G11378C;T11429A;T11432G;G11464A;G11483A;C11494T;G11504T;T11517A;C11518T;T11526G;G11528C;T11539C;T11547C;A11567G,ORF1a:A3705P;ORF1a:Y3722N;ORF1a:Y3723D;ORF1a:M3733I;ORF1a:V3740I;ORF1a:N3743N;ORF1a:V3747L;ORF1a:V3751D;ORF1a:V3751V;ORF1a:L3754W;ORF1a:A3755P;ORF1a:I3758I;ORF1a:M3761T;ORF1a:I3768V,18,1641,0.0109689213893967,0,
2122026,BA.2_0.05_abundance_0.1,G14272C;C14408T,ORF1b:E269Q;ORF1b:P314L,143,2292,0.0623909249563699,0,
2122026,BA.2_0.05_abundance_0.1,C14408T;A14470T;C14491T,ORF1b:P314L;ORF1b:T335S;ORF1b:L342L,40,2149,0.0186133085155886,0,
2122026,BA.2_0.05_abundance_0.1,T15551G;A15564T;A15612C;C15631A;A15639C;G15644A;T15674C;C15714T;A15740T;C15746A;T15756G;T15801A;T15815G;T15816C;T15817G;A15820T,ORF1b:V695G;ORF1b:L699F;ORF1b:Q715H;ORF1b:L722I;ORF1b:R724S;ORF1b:R726K;ORF1b:F736S;ORF1b:L749L;ORF1b:N758I;ORF1b:T760N;ORF1b:S763S;ORF1b:Y778*;ORF1b:V783G;ORF1b:V783V;ORF1b:F784V;ORF1b:M785L,82,6328,0.0129582806573957,0,
2122026,BA.2_0.05_abundance_0.1,T15551G;A15564T;A15612C;C15631A;A15639C;G15644A;T15674C;C15714T;T15726C;A15740T;C15746A;T15756G;T15801A;T15815G;T15816C;T15817G;A15820T,ORF1b:V695G;ORF1b:L699F;ORF1b:Q715H;ORF1b:L722I;ORF1b:R724S;ORF1b:R726K;ORF1b:F736S;ORF1b:L749L;ORF1b:A753A;ORF1b:N758I;ORF1b:T760N;ORF1b:S763S;ORF1b:Y778*;ORF1b:V783G;ORF1b:V783V;ORF1b:F784V;ORF1b:M785L,39,1176,0.0331632653061224,0,
2122026,BA.2_0.05_abundance_0.1,A17101G;G17117T;C17119T;T17126C;G17162A;T17166C;T17169A;A17199C;T17210C;T17255A;T17263A;A17270G;A17294G;A17300G;T17306C;G17320A;G17331A;A17332T;T17353A;G17359C;T17400G;C17410T,ORF1b:S1212G;ORF1b:G1217V;ORF1b:L1218L;ORF1b:L1220P;ORF1b:C1232Y;ORF1b:S1233S;ORF1b:H1234Q;ORF1b:A1244A;ORF1b:L1248S;ORF1b:V1263E;ORF1b:F1266I;ORF1b:K1268R;ORF1b:E1276G;ORF1b:Y1278C;ORF1b:F1280S;ORF1b:A1285T;ORF1b:E1288E;ORF1b:T1289S;ORF1b:F1296I;ORF1b:E1298Q;ORF1b:N1311K;ORF1b:R1315C,16,1511,0.0105890138980807,0,
2122026,BA.2_0.05_abundance_0.1,A17101G;G17117T;C17119T;T17126C;G17162A;T17166C;T17169A;A17199C;T17210C;T17255A;T17263A;A17270G;A17294G;A17300G;T17306C;G17320A;T17328A;G17331A;A17332T;T17353A;G17359C;T17400G;C17410T,ORF1b:S1212G;ORF1b:G1217V;ORF1b:L1218L;ORF1b:L1220P;ORF1b:C1232Y;ORF1b:S1233S;ORF1b:H1234Q;ORF1b:A1244A;ORF1b:L1248S;ORF1b:V1263E;ORF1b:F1266I;ORF1b:K1268R;ORF1b:E1276G;ORF1b:Y1278C;ORF1b:F1280S;ORF1b:A1285T;ORF1b:P1287P;ORF1b:E1288E;ORF1b:T1289S;ORF1b:F1296I;ORF1b:E1298Q;ORF1b:N1311K;ORF1b:R1315C,18,1511,0.0119126406353408,0,
2122026,BA.2_0.05_abundance_0.1,A17277C;T17328A;C17410T,ORF1b:K1270N;ORF1b:P1287P;ORF1b:R1315C,262,4236,0.0618508026440037,0,
2122026,BA.2_0.05_abundance_0.1,A17277C;C17410T,ORF1b:K1270N;ORF1b:R1315C,201,4236,0.0474504249291784,1,BQ.1:1
2122026,BA.2_0.05_abundance_0.1,A17277C;T17328A,ORF1b:K1270N;ORF1b:P1287P,143,6605,0.0216502649507948,0,
2122026,BA.2_0.05_abundance_0.1,T17328A;C17410T,ORF1b:P1287P;ORF1b:R1315C,2083,4236,0.4917374881964117,86,BA.2.3.2:2;BA.5.6:1;BA.2:35;BA.5.2.1:25;BA.4:5;BA.2.75:4;BA.2.38:1;BA.2.3:4;BA.5.1.21:1;BA.5.3.1:2;BA.2.3.20:1;BA.2.12.1:1;BA.4.6:1;BA.5.2:2;BA.2.9:1
2122026,BA.2_0.05_abundance_0.1,G20548A;T20563A;T20570C;T20573G;T20579G;T20606G;T20609A;G20616T;G20618A;T20625G;C20629T;C20646A;T20671C;T20690G;G20691C;T20701G;A20711G;T20717A,ORF1b:D2361N;ORF1b:S2366T;ORF1b:V2368A;ORF1b:V2369G;ORF1b:V2371G;ORF1b:F2380C;ORF1b:M2381K;ORF1b:W2383C;ORF1b:C2384Y;ORF1b:D2386E;ORF1b:H2388Y;ORF1b:Y2393*;ORF1b:W2402R;ORF1b:M2408R;ORF1b:M2408I;ORF1b:Y2412D;ORF1b:Q2415R;ORF1b:M2417K,13,469,0.0277185501066098,0,
2122026,BA.2_0.05_abundance_0.1,T21471A;T21572C;C21618T,ORF1b:I2668I;S:F4L;S:T19I,163,1454,0.1121045392022008,0,
2122026,BA.2_0.05_abundance_0.1,T21471A;C21618T,ORF1b:I2668I;S:T19I,229,1454,0.1574965612104539,1,BA.5.2.6:1
2122026,BA.2_0.05_abundance_0.1,T21471A;C21618T;A21661C,ORF1b:I2668I;S:T19I;S:T33T,19,1453,0.0130763936682725,0,
2122026,BA.2_0.05_abundance_0.1,T21572C;C21618T,S:F4L;S:T19I,350,1455,0.2405498281786941,21,BA.2.3.1:7;BA.2.3:1;BA.2:5;BA.2.12.1:2;BA.4:1;BA.5.2:2;BA.5.2.1:2;BA.5.1.2:1
2122026,BA.2_0.05_abundance_0.1,T21572C;C21618T;A21661C,S:F4L;S:T19I;S:T33T,33,1454,0.0226960110041265,0,
2122026,BA.2_0.05_abundance_0.1,C21618T;A21661C,S:T19I;S:T33T,40,1454,0.0275103163686382,8,BA.4.1:1;BA.2.3:5;BA.2.13:1;BA.5.1:1
2122026,BA.2_0.05_abundance_0.1,T21702C;A21720T;T21756A;A21768C;G21795C;T21818C;C21843A;A21858G;G21869C;G21873T;A21875G;C21904G;C21910T;A21913T;A21917T;A21923C;T21937C;G21987A,S:V47A;S:D53V;S:F65Y;S:H69P;S:R78T;S:F86L;S:S94Y;S:N99S;S:G103R;S:W104L;S:I105V;S:T114T;S:S116S;S:L117L;S:I119F;S:N121H;S:N125N;S:G142D,27,1504,0.0179521276595744,0,
2122026,BA.2_0.05_abundance_0.1,G21850T;G21987A,S:E96D;S:G142D,83,1529,0.0542838456507521,650,AY.5:28;BF.7.4:6;AY.100:12;BF.7.5:3;AY.43:22;AY.44:44;AY.103:47;AY.26:8;AY.4:107;AY.121:4;AY.36:2;BA.2:30;AY.126:7;B.1.617.2:25;AY.9.2:8;AY.3:5;BA.2.3:10;AY.4.2:16;AY.78:1;AY.9:2;BA.5.2.21:2;AY.122:12;BA.5.1.2:1;AY.85:6;XG:39;BA.5.1.3:1;BA.5:1;BA.2.75:2;AY.27:2;BA.5.2:20;AY.39:8;BA.5.1:17;BA.2.9:12;AY.125:8;BQ.1.10:3;AY.127:1;AY.99.2:2;AY.120:10;AY.77:2;AY.46.6:2;AY.33:1;AY.119.2:5;AY.46.5:6;BA.5.2.8:1;BA.2.12.1:5;BA.5.2.1:15;AY.106:7;AY.25.1:7;BE.1.1:2;AY.98.1:15;BA.1:1;AY.25:3;BA.5.1.5:3;AY.75:1;BE.1.1.2:2;CH.1.1:1;AY.20:2;AY.57:2;BA.2.10:3;BA.2.23:4;AY.119:4;BQ.1.1:4;AY.70:1;AY.30:1;BA.4.1:2;BQ.1.1.18:1;BE.1:1;BA.5.2.20:1;BA.5.5:1;AY.5.4:1;BQ.1:1;BA.5.1.30:1;AY.65:1;BF.4:1;AY.109:1;BA.4:1;BA.4.6:1;B.1.1:1;BE.1.4:1
2122026,BA.2_0.05_abundance_0.1,A21892T;G21987A,S:L110F;S:G142D,64,1529,0.0418574231523871,50,AY.34.1:2;BA.2.12.1:5;AY.4:20;B.1.617.2:6;BA.2:1;BF.21:1;AY.30:1;BA.5.2:2;AY.9.2:3;BA.2.3.20:1;AY.69:1;BA.1.1:1;AY.3:1;BA.5.2.1:2;BA.4.1:1;BA.5.1.1:1;AY.125:1
2122026,BA.2_0.05_abundance_0.1,T22200G;G22232A,S:V213G;S:E224K,21,158,0.1329113924050632,14,BA.5.1:4;BA.2.12.1:1;BA.2.10:2;BA.5.2:2;BQ.1.23:1;BF.7:1;BE.1.1:1;BA.1.1:1;BA.1:1
2122026,BA.2_0.05_abundance_0.1,C22674T;T22679C;C22686T;A22688G;A22728C;G22775A;A22786C,S:S371F;S:S373P;S:S375F;S:T376A;S:D389A;S:D405N;S:R408S,228,273,0.8351648351648352,4,BA.5.2:2;BA.2:1;BQ.1:1
2122026,BA.2_0.05_abundance_0.1,C22674T;T22679C;C22686T;A22688G;A22728C,S:S371F;S:S373P;S:S375F;S:T376A;S:D389A,22,297,0.074074074074074,4,BA.5.2:2;BA.2:1;BQ.1:1
2122026,BA.2_0.05_abundance_0.1,C23525T;T23599G;C23604A;T23740A,S:H655Y;S:N679K;S:P681H;S:I726I,72,355,0.2028169014084507,37,BA.2.10:1;BA.2:28;BA.2.17:1;BA.1.1:2;BA.5.1:1;BA.5.2.1:1;BA.5.1.17:1;BA.1:1;BA.1.18:1
2122026,BA.2_0.05_abundance_0.1,C23525T;T23540G;A23566C;A23570G;A23588T;T23599G;C23604A;G23628A;A23665C;A23670C;G23675A;T23680G,S:H655Y;S:Y660D;S:A668A;S:I670V;S:T676S;S:N679K;S:P681H;S:S689N;S:A701A;S:N703T;S:V705I;S:A706A,6,377,0.0159151193633952,0,
2122026,BA.2_0.05_abundance_0.1,C24149G;A24424T,S:P863A;S:Q954H,49,459,0.1067538126361655,0,
2122026,BA.2_0.05_abundance_0.1,C24149G;A24329C,S:P863A;S:I923L,32,665,0.0481203007518797,0,
2122026,BA.2_0.05_abundance_0.1,C24149G;A24329C;A24424T,S:P863A;S:I923L;S:Q954H,56,459,0.1220043572984749,0,
2122026,BA.2_0.05_abundance_0.1,A24329C;A24424T,S:I923L;S:Q954H,203,459,0.4422657952069717,0,
2122026,BA.2_0.05_abundance_0.1,G24740C;G24757C;C24801G;A24820T;T24829A;A24860G;A24874C;C24878G;T24887G;A24894G;T24906G;G24933A;A24950G;T24951G;C24964G;C25000T,S:V1060L;S:V1065V;S:A1080G;S:K1086N;S:F1089L;S:T1100A;S:V1104V;S:Q1106E;S:F1109V;S:E1111G;S:I1115S;S:G1124D;S:I1130V;S:I1130R;S:N1134K;S:D1146D,31,1383,0.0224150397686189,0,
2122026,BA.2_0.05_abundance_0.1,C26270T;C26309G;G26314C;T26355C;C26376G;A26380C;T26409G;C26421G,E:T9I;E:A22G;E:V24L;E:L37L;E:C44W;E:I46L;E:S55S;E:Y59*,7,152,0.0460526315789473,0,
2122026,BA.2_0.05_abundance_0.1,A27340C;G27382C;A27383T;T27384C,ORF6:N47H;ORF6:D61H;ORF6:D61V;ORF6:D61D,51,1678,0.0303933253873659,35,BA.2.12.1:31;BA.2:1;BA.2.9:3
2122026,BA.2_0.05_abundance_0.1,T27824G;T28034A,ORF7b:I23M;ORF8:I47I,24,695,0.0345323741007194,0,
2122026,BA.2_0.05_abundance_0.1,T27824G;G28073C,ORF7b:I23M;ORF8:L60F,35,695,0.0503597122302158,0,
2122026,BA.2_0.05_abundance_0.1,T28034A;G28073C,ORF8:I47I;ORF8:L60F,20,1033,0.0193610842207163,1,BA.2.3:1
2122026,BA.2_0.05_abundance_0.1,G28191C;C28311T,ORF8:V100L;N:P13L,1043,3036,0.3435441370223979,3,BA.2.12.1:2;BA.5.6:1
2122026,BA.2_0.05_abundance_0.1,A28533G;G28670A,N:Y87C;N:V133I,82,1649,0.0497271073377804,0,
2122026,BA.2_0.05_abundance_0.1,C28535T;G28670A,N:R88*;N:V133I,57,1649,0.03456640388114,0,
2122026,BA.2_0.05_abundance_0.1,G28881A;G28882A;G28883C;G28954C;C29003G,N:R203K;N:R203R;N:G204R;N:L227F;N:Q244E,9,41,0.2195121951219512,0,
2122026,BA.2_0.05_abundance_0.1,G28881A;G28882A;G28883C;G28954C;G28960C;C29003G,N:R203K;N:R203R;N:G204R;N:L227F;N:Q229H;N:Q244E,12,41,0.2926829268292683,0,
2122026,BA.2_0.05_abundance_0.1,A29016T;G29030T;T29036G;C29048G;G29058T;A29078G;A29089G;C29091A;C29118G;G29156A;C29187A;T29194G;G29202A;G29240C;A29241G;G29254T;C29259T;T29264A;T29293G;C29304G;C29318A,N:K248M;N:E253*;N:S255A;N:R259G;N:R262L;N:N269D;N:Q272Q;N:A273D;N:T282S;N:G295R;N:A305E;N:F307L;N:S310N;N:E323Q;N:E323G;N:S327S;N:T329M;N:L331M;N:D340E;N:P344R;N:Q349K,11,317,0.0347003154574132,0,
2122026,BA.2_0.05_abundance_0.1,G29030T;T29036G;C29048G;G29058T;A29078G;A29089G;C29091A;C29118G;G29156A;C29187A;T29194G;G29202A;G29240C;A29241G;G29254T;C29259T;T29264A;T29293G;C29304G;C29318A,N:E253*;N:S255A;N:R259G;N:R262L;N:N269D;N:Q272Q;N:A273D;N:T282S;N:G295R;N:A305E;N:F307L;N:S310N;N:E323Q;N:E323G;N:S327S;N:T329M;N:L331M;N:D340E;N:P344R;N:Q349K,32,1949,0.0164186762442278,0,
2192026,BA.2_0.05_abundance_0.1,G269C;A297C;C307A;T312A;T334C;C344T;G353C;G359T;T369G,ORF1a:E2Q;ORF1a:K11T;ORF1a:V14V;ORF1a:L16H;ORF1a:V23V;ORF1a:L27F;ORF1a:G30R;ORF1a:G32*;ORF1a:V35G,17,728,0.0233516483516483,0,
2192026,BA.2_0.05_abundance_0.1,C344T;G353C;G359T;T369G;C449T;G470T;G483C;G524T;G542T;G564C;T580G;C609T;A610C;G636A;A647C;A655T;T658C;T670G,ORF1a:L27F;ORF1a:G30R;ORF1a:G32*;ORF1a:V35G;ORF1a:P62S;ORF1a:V69L;ORF1a:R73P;ORF1a:E87*;ORF1a:E93*;ORF1a:S100T;ORF1a:G105G;ORF1a:P115L;ORF1a:P115P;ORF1a:R124H;ORF1a:N128H;ORF1a:G130G;ORF1a:A131A;ORF1a:S135R,6,171,0.0350877192982456,0,
2192026,BA.2_0.05_abundance_0.1,G353C;G359T;T369G;C449T;G470T;G483C;G524T;G542T;G564C;T580G;C609T;A610C;G636A;A647C;A655T;T658C;T670G,ORF1a:G30R;ORF1a:G32*;ORF1a:V35G;ORF1a:P62S;ORF1a:V69L;ORF1a:R73P;ORF1a:E87*;ORF1a:E93*;ORF1a:S100T;ORF1a:G105G;ORF1a:P115L;ORF1a:P115P;ORF1a:R124H;ORF1a:N128H;ORF1a:G130G;ORF1a:A131A;ORF1a:S135R,17,581,0.0292598967297762,0,
2192026,BA.2_0.05_abundance_0.1,G359T;T369G;C449T;G470T;G483C;G524T;G542T;G564C;T580G;C609T;A610C;G636A;A647C;A655T;T658C;T670G,ORF1a:G32*;ORF1a:V35G;ORF1a:P62S;ORF1a:V69L;ORF1a:R73P;ORF1a:E87*;ORF1a:E93*;ORF1a:S100T;ORF1a:G105G;ORF1a:P115L;ORF1a:P115P;ORF1a:R124H;ORF1a:N128H;ORF1a:G130G;ORF1a:A131A;ORF1a:S135R,34,1554,0.0218790218790218,0,
2192026,BA.2_0.05_abundance_0.1,T369G;C449T;G470T;G483C;G524T;G542T;G564C;T580G;C609T;A610C;G636A;A647C;A655T;T658C;T670G,ORF1a:V35G;ORF1a:P62S;ORF1a:V69L;ORF1a:R73P;ORF1a:E87*;ORF1a:E93*;ORF1a:S100T;ORF1a:G105G;ORF1a:P115L;ORF1a:P115P;ORF1a:R124H;ORF1a:N128H;ORF1a:G130G;ORF1a:A131A;ORF1a:S135R,41,2661,0.0154077414505824,0,
2192026,BA.2_0.05_abundance_0.1,T670G;G903T,ORF1a:S135R;ORF1a:C213F,30,138,0.217391304347826,20,BA.5.2.1:3;BQ.1.1.22:2;BA.4.6:1;BA.2:4;BA.2.9:1;BA.5.1:4;BA.5.1.24:1;BA.2.10:1;BA.5.6:2;BA.5.2:1
2192026,BA.2_0.05_abundance_0.1,T1040C;A1279T,ORF1a:L259L;ORF1a:K338N,36,2317,0.0155373327578765,0,
2192026,BA.2_0.05_abundance_0.1,T1040C;T1073G,ORF1a:L259L;ORF1a:C270G,65,2546,0.0255302435192458,0,
2192026,BA.2_0.05_abundance_0.1,T1040C;A1180T,ORF1a:L259L;ORF1a:P305P,48,2546,0.01885310290652,0,
2192026,BA.2_0.05_abundance_0.1,T1073G;A1180T,ORF1a:C270G;ORF1a:P305P,101,2546,0.0396700706991359,0,
2192026,BA.2_0.05_abundance_0.1,T1073G;A1279T,ORF1a:C270G;ORF1a:K338N,84,2317,0.0362537764350453,0,
2192026,BA.2_0.05_abundance_0.1,A1180T;A1279T,ORF1a:P305P;ORF1a:K338N,56,2317,0.0241691842900302,0,
2192026,BA.2_0.05_abundance_0.1,T1623A;C1628A;A1629T;A1644G;A1646C;A1731C;T1745C;G1782C;G1784C;G1827A;A1829G;A1849T;A1850T;A1852T;C1878G;G1883A,ORF1a:I453K;ORF1a:Q455K;ORF1a:Q455L;ORF1a:N460S;ORF1a:I461L;ORF1a:E489A;ORF1a:L494L;ORF1a:C506S;ORF1a:G507R;ORF1a:W521*;ORF1a:N522D;ORF1a:S528S;ORF1a:I529L;ORF1a:I529I;ORF1a:S538*;ORF1a:A540T,26,2434,0.0106820049301561,0,
2192026,BA.2_0.05_abundance_0.1,T1708C;A1850T,ORF1a:S481S;ORF1a:I529L,652,2436,0.2676518883415435,0,
2192026,BA.2_0.05_abundance_0.1,T2216C;C2245T;T2307A;A2345T;A2367G;C2371A;A2430G;A2437C;G2447T;A2452T;C2453A;A2483G;G2494A;A2543T,ORF1a:F651L;ORF1a:V660V;ORF1a:L681H;ORF1a:I694F;ORF1a:K701R;ORF1a:A702A;ORF1a:K722R;ORF1a:R724S;ORF1a:G728C;ORF1a:L729L;ORF1a:L730I;ORF1a:I740V;ORF1a:E743E;ORF1a:T760S,6,122,0.0491803278688524,0,
2192026,BA.2_0.05_abundance_0.1,A2543T;A2554T;G2564T;C2567A;G2604C;T2605G;A2608G;A2645T;C2662G;C2708A;T2709A;A2725C;A2748T;A2766T;T2771C;C2790T;A2807C;A2848T;G2849C,ORF1a:T760S;ORF1a:L763F;ORF1a:E767*;ORF1a:Q768K;ORF1a:G780A;ORF1a:G780G;ORF1a:T781T;ORF1a:K794*;ORF1a:Y799*;ORF1a:L815I;ORF1a:L815H;ORF1a:P820P;ORF1a:D828V;ORF1a:Q834L;ORF1a:Y836H;ORF1a:T842I;ORF1a:R848R;ORF1a:T861T;ORF1a:V862L,26,843,0.0308422301304863,0,
2192026,BA.2_0.05_abundance_0.1,A2554T;G2564T;C2567A;G2604C;T2605G;A2608G;A2645T;C2662G;C2708A;T2709A;A2725C;A2748T;A2766T;T2771C;C2790T;A2807C;A2848T;G2849C,ORF1a:L763F;ORF1a:E767*;ORF1a:Q768K;ORF1a:G780A;ORF1a:G780G;ORF1a:T781T;ORF1a:K794*;ORF1a:Y799*;ORF1a:L815I;ORF1a:L815H;ORF1a:P820P;ORF1a:D828V;ORF1a:Q834L;ORF1a:Y836H;ORF1a:T842I;ORF1a:R848R;ORF1a:T861T;ORF1a:V862L,30,1691,0.0177409816676522,0,
2192026,BA.2_0.05_abundance_0.1,T2663G;C2790T,ORF1a:C800G;ORF1a:T842I,217,1809,0.1199557766721945,4,BA.2.5:2;BA.2:1;BA.4.6:1
2192026,BA.2_0.05_abundance_0.1,G2900A;T3017C;C3037T,ORF1a:V879I;ORF1a:S918P;ORF1a:F924F,67,526,0.1273764258555133,0,
2192026,BA.2_0.05_abundance_0.1,G2900A;T3017C;C3037T;T3043C,ORF1a:V879I;ORF1a:S918P;ORF1a:F924F;ORF1a:P926P,69,526,0.1311787072243346,0,
2192026,BA.2_0.05_abundance_0.1,G2900A;C3037T;T3043C,ORF1a:V879I;ORF1a:F924F;ORF1a:P926P,160,526,0.3041825095057034,0,
2192026,BA.2_0.05_abundance_0.1,T3017C;C3037T;T3043C,ORF1a:S918P;ORF1a:F924F;ORF1a:P926P,17,526,0.0323193916349809,0,
2192026,BA.2_0.05_abundance_0.1,T3017C;C3037T,ORF1a:S918P;ORF1a:F924F,15,526,0.0285171102661596,533,AY.122:7;B.1.1.519:9;BF.10:6;BA.2:4;B.1.221:2;BA.5.2.1:1;BE.1.4:1;BA.1.1.18:1;C.35:2;BA.2.12.1:20;B.1.526:4;AY.112:1;B.1.617.2:5;B.1.1.7:22;AY.25:374;BE.1.1:1;AY.23:1;BA.1.1:2;BA.5.5:1;BA.5.2.19:1;BA.1.17:2;AY.46.6:1;B.1:1;AY.120.2:1;AY.3:2;BQ.1.1:1;XBB.1:1;BA.5.1:1;AY.98.1:1;B.1.341:1;BQ.1.1.13:8;AY.25.1:3;AY.26:1;AY.125:1;AY.100:1;AY.39:3;AY.47:1;BA.1:13;P.1:1;B.1.36:1;AY.120:5;BA.2.9:4;AY.4:1;B.1.2:2;B.1.12:1;B.1.333:1;BA.5.2:2;AY.43:1;B.1.621:2;AY.54:4
2192026,BA.2_0.05_abundance_0.1,C3037T;T3043C,ORF1a:F924F;ORF1a:P926P,46,526,0.0874524714828897,886,BA.1.1.14:1;BA.5.2.1:121;AY.29:5;AY.100:1;B.1.177:4;B.1.526:2;B.1.525:1;AY.103:74;AY.4:60;AY.102:6;BA.5.1.25:1;BA.2:64;B.1.1.7:26;BA.2.13.1:1;AY.47:12;BA.2.9:4;B.1.426:1;BE.1:7;AY.39.2:11;BF.5:1;AY.80:18;BA.5.2.31:1;B.1.1:1;BE.1.1.1:1;AY.5:5;BA.5:140;BA.5.2:56;AY.36:1;B.1.429:3;B.1.2:15;BA.1.1:28;BA.2.76:1;B.1.1.174:1;D.2:30;BA.1.14:1;BA.2.75:1;B.1.351:1;BA.2.10:1;AY.122.4:4;BA.5.2.36:7;AY.4.2:5;AY.122:10;BA.5.3:14;BA.5.5:12;AY.3:2;BA.1.15.1:2;AY.44:9;BA.2.56:3;B.1.466:1;P.1:11;AY.26:2;BA.2.10.2:18;B.1.617.2:11;AY.39:1;BA.5.2.13:1;AY.20:14;BA.2.12.1:3;B.1.241:1;BA.5.1.22:1;BA.5.1:6;AY.33:1;B.1.619.1:1;BA.1:7;AY.98.1:1;B.1:4;BA.4.1:3;AY.25.1:1;AY.112:2;AY.4.2.3:2;AY.116.1:1;AY.46.4:1;B.1.1.519:1;AY.127:3;B.1.349:1;AY.25:1;AY.4.4:1;BF.7:1;AY.1:2;AY.4.9:4;B.1.609:1;XBB:1
2192026,BA.2_0.05_abundance_0.1,A3186G;G3239C;T3265C;A3273G;A3277T;T3282G;T3283G;G3320A;A3341C;G3345C;A3357C;A3374C;A3381C,ORF1a:E974G;ORF1a:D992H;ORF1a:T1000T;ORF1a:Q1003R;ORF1a:T1004T;ORF1a:V1006G;ORF1a:V1006V;ORF1a:V1019I;ORF1a:N1026H;ORF1a:S1027T;ORF1a:Y1031S;ORF1a:N1037H;ORF1a:Y1039S,9,295,0.0305084745762711,0,
2192026,BA.2_0.05_abundance_0.1,A3818T;G3824A;T3826C;T3827A;T3837A;T3843A;G3863C;A3895T;T3952A;T3981C;C3984T;A3989C;T4023A;A4034G;A4079G,ORF1a:K1185*;ORF1a:V1187I;ORF1a:V1187V;ORF1a:S1188T;ORF1a:L1191*;ORF1a:M1193K;ORF1a:E1200Q;ORF1a:E1210D;ORF1a:D1229E;ORF1a:V1239A;ORF1a:T1240I;ORF1a:T1242P;ORF1a:L1253*;ORF1a:I1257V;ORF1a:S1272G,15,416,0.0360576923076923,0,
2192026,BA.2_0.05_abundance_0.1,C5621A;G5625C;T5635G;G5708C;T5732A;G5750A;C5832G;T5854G;T5860G;G5861A,ORF1a:P1786T;ORF1a:C1787S;ORF1a:G1790G;ORF1a:E1815Q;ORF1a:C1823S;ORF1a:G1829S;ORF1a:S1856C;ORF1a:I1863M;ORF1a:D1865E;ORF1a:V1866I,11,382,0.0287958115183246,0,
2192026,BA.2_0.05_abundance_0.1,G5625C;T5635G;G5708C;T5732A;G5750A;C5832G;T5854G;T5860G;G5861A,ORF1a:C1787S;ORF1a:G1790G;ORF1a:E1815Q;ORF1a:C1823S;ORF1a:G1829S;ORF1a:S1856C;ORF1a:I1863M;ORF1a:D1865E;ORF1a:V1866I,5,382,0.013089005235602,0,
2192026,BA.2_0.05_abundance_0.1,T7075C;C7119G;T7141G;T7147C;T7168A;C7195G;A7208C;A7210C;T7226C;T7227C;T7228A;T7305C;T7341A;A7358G,ORF1a:Y2270Y;ORF1a:S2285C;ORF1a:L2292L;ORF1a:G2294G;ORF1a:Y2301*;ORF1a:T2310T;ORF1a:K2315Q;ORF1a:K2315N;ORF1a:F2321L;ORF1a:F2321S;ORF1a:F2321L;ORF1a:M2347T;ORF1a:I2359N;ORF1a:M2365V,11,447,0.0246085011185682,0,
2192026,BA.2_0.05_abundance_0.1,C7119G;T7141G;T7147C;T7168A;C7195G;A7208C;A7210C;T7226C;T7227C;T7228A;T7305C;T7341A;A7358G,ORF1a:S2285C;ORF1a:L2292L;ORF1a:G2294G;ORF1a:Y2301*;ORF1a:T2310T;ORF1a:K2315Q;ORF1a:K2315N;ORF1a:F2321L;ORF1a:F2321S;ORF1a:F2321L;ORF1a:M2347T;ORF1a:I2359N;ORF1a:M2365V,8,667,0.0119940029985007,0,
2192026,BA.2_0.05_abundance_0.1,A7358G;T7425A;T7438A;A7448C;C7485G;C7518A;G7526A;A7548C;T7554G;T7566G;C7578A,ORF1a:M2365V;ORF1a:F2387Y;ORF1a:Y2391*;ORF1a:K2395Q;ORF1a:S2407*;ORF1a:A2418E;ORF1a:V2421I;ORF1a:N2428T;ORF1a:V2430G;ORF1a:F2434C;ORF1a:A2438D,8,282,0.0283687943262411,0,
2192026,BA.2_0.05_abundance_0.1,C8318G;T8328G;A8343C;C8354A;A8360C;T8361C;T8439G;T8477G;T8484C;A8492G;C8493T;T8562G;A8565C;T8603G,ORF1a:P2685A;ORF1a:L2688R;ORF1a:D2693A;ORF1a:R2697S;ORF1a:I2699L;ORF1a:I2699T;ORF1a:L2725R;ORF1a:L2738V;ORF1a:F2740S;ORF1a:T2743A;ORF1a:T2743I;ORF1a:V2766G;ORF1a:N2767T;ORF1a:F2780V,24,629,0.0381558028616852,0,
2192026,BA.2_0.05_abundance_0.1,C9344T;A9347G;A9424G;C9534T,ORF1a:L3027F;ORF1a:T3028A;ORF1a:V3053V;ORF1a:T3090I,126,270,0.4666666666666667,326,BA.5.2:33;BA.2:176;BA.2.9:12;BA.5.1.2:12;BA.5.2.1:11;BA.2.9.1:12;BQ.1.1.24:1;BA.5.1.23:1;BA.5.5:2;BA.5.2.30:3;BA.5.1.24:2;BF.7.5:2;BE.1.1:1;BA.5.1.25:7;BE.4:2;BA.5.2.28:4;BQ.1.5:1;BQ.1.1:1;BA.2.3:10;BA.5.1:5;BA.5:1;BA.4.6:5;BA.2.12.1:3;BA.2.9.5:2;BA.2.39:1;BA.5.2.13:1;XBB.1.5:1;BA.5.2.20:1;BF.26:2;BA.2.10:5;BA.2.3.9:1;BA.5.2.27:1;BQ.1.1.4:3;BQ.1.1.22:1
2192026,BA.2_0.05_abundance_0.1,C9344T;A9347G;A9424G,ORF1a:L3027F;ORF1a:T3028A;ORF1a:V3053V,30,321,0.0934579439252336,329,BA.5.2:34;BA.2:178;BA.2.9:12;BA.5.1.2:12;BA.5.2.1:11;BA.2.9.1:12;BQ.1.1.24:1;BA.5.1.23:1;BA.5.5:2;BA.5.2.30:3;BA.5.1.24:2;BF.7.5:2;BE.1.1:1;BA.5.1.25:7;BE.4:2;BA.5.2.28:4;BQ.1.5:1;BQ.1.1:1;BA.2.3:10;BA.5.1:5;BA.5:1;BA.4.6:5;BA.2.12.1:3;BA.2.9.5:2;BA.2.39:1;BA.5.2.13:1;XBB.1.5:1;BA.5.2.20:1;BF.26:2;BA.2.10:5;BA.2.3.9:1;BA.5.2.27:1;BQ.1.1.4:3;BQ.1.1.22:1
2192026,BA.2_0.05_abundance_0.1,C9534T;T9599A,ORF1a:T3090I;ORF1a:L3112M,348,1481,0.2349763673193788,0,
2192026,BA.2_0.05_abundance_0.1,T10001G;C10029T;C9866T,ORF1a:S3246A;ORF1a:T3255I;ORF1a:L3201F,54,121,0.4462809917355372,4,BA.2.12.1:2;BA.2:2
2192026,BA.2_0.05_abundance_0.1,T11046G;T11056C;T11070A;A11085T;T11118G;T11151G;G11222T;G11243A;A11258T;A11277T,ORF1a:L3594*;ORF1a:S3597S;ORF1a:L3602*;ORF1a:Y3607F;ORF1a:I3618S;ORF1a:V3629G;ORF1a:V3653F;ORF1a:V3660M;ORF1a:T3665S;ORF1a:D3671V,20,778,0.0257069408740359,0,
2192026,BA.2_0.05_abundance_0.1,G11378C;T11429A;T11432G;G11464A;G11483A;C11494T;G11504T;T11517A;C11518T;G11528C;T11539C;T11547C;A11567G,ORF1a:A3705P;ORF1a:Y3722N;ORF1a:Y3723D;ORF1a:M3733I;ORF1a:V3740I;ORF1a:N3743N;ORF1a:V3747L;ORF1a:V3751D;ORF1a:V3751V;ORF1a:A3755P;ORF1a:I3758I;ORF1a:M3761T;ORF1a:I3768V,14,283,0.0494699646643109,0,
2192026,BA.2_0.05_abundance_0.1,G11683T;T11706A;T11729A;A11742T;A11759T;C11785A;T11806A;A11905G,ORF1a:L3806L;ORF1a:L3814*;ORF1a:Y3822N;ORF1a:Q3826L;ORF1a:K3832*;ORF1a:L3840L;ORF1a:V3847V;ORF1a:R3880R,7,368,0.0190217391304347,0,
2192026,BA.2_0.05_abundance_0.1,A11905G;A11911T;C11919G;G11944C;G11966T;T12013A;T12017G;A12026T;G12035A;T12039G;C12043A;C12081G;A12103G;T12112A;C12138T;T12142A;T12168G;T12204C;A12206C,ORF1a:R3880R;ORF1a:E3882D;ORF1a:S3885C;ORF1a:Q3893H;ORF1a:A3901S;ORF1a:S3916S;ORF1a:L3918V;ORF1a:M3921L;ORF1a:A3924T;ORF1a:V3925G;ORF1a:D3926E;ORF1a:A3939G;ORF1a:S3946S;ORF1a:S3949R;ORF1a:A3958V;ORF1a:T3959T;ORF1a:V3968G;ORF1a:L3980S;ORF1a:K3981Q,49,2718,0.018027961736571,0,
2192026,BA.2_0.05_abundance_0.1,A11905G;A11911T;C11919G;G11944C;G11966T;T12011C;T12013A;T12017G;A12026T;G12035A;T12039G;C12043A;C12081G;A12103G;T12112A;C12138T;T12142A;T12168G;T12204C;A12206C,ORF1a:R3880R;ORF1a:E3882D;ORF1a:S3885C;ORF1a:Q3893H;ORF1a:A3901S;ORF1a:S3916P;ORF1a:S3916S;ORF1a:L3918V;ORF1a:M3921L;ORF1a:A3924T;ORF1a:V3925G;ORF1a:D3926E;ORF1a:A3939G;ORF1a:S3946S;ORF1a:S3949R;ORF1a:A3958V;ORF1a:T3959T;ORF1a:V3968G;ORF1a:L3980S;ORF1a:K3981Q,28,2718,0.0103016924208977,0,
2192026,BA.2_0.05_abundance_0.1,T12168G;T12204C;A12206C;A12228G;T12244G;C12249G;A12286G;A12316T;T12319G;G12330A;A12335G;G12355A;C12398A,ORF1a:V3968G;ORF1a:L3980S;ORF1a:K3981Q;ORF1a:K3988R;ORF1a:R3993R;ORF1a:A3995G;ORF1a:Q4007Q;ORF1a:R4017S;ORF1a:S4018S;ORF1a:R4022K;ORF1a:K4024E;ORF1a:Q4030Q;ORF1a:L4045I,11,1061,0.0103675777568331,0,
2192026,BA.2_0.05_abundance_0.1,T12168G;T12204C;A12206C;A12228G;T12244G;A12286G;A12316T;T12319G;G12330A;A12335G;G12355A;C12398A,ORF1a:V3968G;ORF1a:L3980S;ORF1a:K3981Q;ORF1a:K3988R;ORF1a:R3993R;ORF1a:Q4007Q;ORF1a:R4017S;ORF1a:S4018S;ORF1a:R4022K;ORF1a:K4024E;ORF1a:Q4030Q;ORF1a:L4045I,14,1061,0.0131950989632422,0,
2192026,BA.2_0.05_abundance_0.1,C13439A;A13455G;C13458A;T13463A;C13490G;C13492A;G13514A;C13517T;G13624T,ORF1a:Q4392K;ORF1a:Q4397R;ORF1a:S4398*;ORF1a:L4400I;ORF1b:A8G;ORF1b:R9S;ORF1b:G16D;ORF1b:T17I;ORF1b:D53Y,14,243,0.0576131687242798,0,
2192026,BA.2_0.05_abundance_0.1,A13696G;A13702C;T13728G;C13735T;A13736C;G13762T;T13820A;G13856T,ORF1b:I77V;ORF1b:N79H;ORF1b:V87V;ORF1b:H90Y;ORF1b:H90P;ORF1b:G99C;ORF1b:L118H;ORF1b:C130F,9,275,0.0327272727272727,0,
2192026,BA.2_0.05_abundance_0.1,G14268T;A14317G;T14361C;T14378C;T14389C;C14403G;C14408T;G14419A;C14422G;A14470T;C14491T;G14495C;T14526A,ORF1b:T267T;ORF1b:T284A;ORF1b:I298I;ORF1b:F304S;ORF1b:F308L;ORF1b:F312L;ORF1b:P314L;ORF1b:G318R;ORF1b:P319A;ORF1b:T335S;ORF1b:L342L;ORF1b:G343A;ORF1b:H353Q,30,1020,0.0294117647058823,0,
2192026,BA.2_0.05_abundance_0.1,C14408T;C14468G,ORF1b:P314L;ORF1b:S334*,78,1025,0.0760975609756097,1,B.1.160:1
2192026,BA.2_0.05_abundance_0.1,G14923C;C14953A;A14977T;A14990T;T14992G;T15021C;C15024G;A15077C;T15084C;A15099C;G15115C,ORF1b:V486L;ORF1b:P496T;ORF1b:R504*;ORF1b:D508V;ORF1b:S509A;ORF1b:L518L;ORF1b:F519L;ORF1b:Y537S;ORF1b:I539I;ORF1b:R544S;ORF1b:G550R,6,123,0.048780487804878,0,
2192026,BA.2_0.05_abundance_0.1,T15551G;A15564T;A15612C;C15631A;A15639C;G15644A;T15674C;C15714T;A15740T;C15746A;T15756G;T15801A;T15815G;T15816C;T15817G;A15820T,ORF1b:V695G;ORF1b:L699F;ORF1b:Q715H;ORF1b:L722I;ORF1b:R724S;ORF1b:R726K;ORF1b:F736S;ORF1b:L749L;ORF1b:N758I;ORF1b:T760N;ORF1b:S763S;ORF1b:Y778*;ORF1b:V783G;ORF1b:V783V;ORF1b:F784V;ORF1b:M785L,57,5546,0.0102776776054814,0,
2192026,BA.2_0.05_abundance_0.1,T15551G;A15564T;A15612C;C15631A;A15639C;G15644A;T15674C;C15714T;T15726C;A15740T;C15746A;T15756G;T15801A;T15815G;T15816C;T15817G;A15820T,ORF1b:V695G;ORF1b:L699F;ORF1b:Q715H;ORF1b:L722I;ORF1b:R724S;ORF1b:R726K;ORF1b:F736S;ORF1b:L749L;ORF1b:A753A;ORF1b:N758I;ORF1b:T760N;ORF1b:S763S;ORF1b:Y778*;ORF1b:V783G;ORF1b:V783V;ORF1b:F784V;ORF1b:M785L,96,5454,0.0176017601760176,0,
2192026,BA.2_0.05_abundance_0.1,A15861G;C15904T;T15927C;G15955T;G15995C;G16027T;T16029A;T16074A;A16105G;C16134A;T16147A;T16155C;G16158A,ORF1b:K798K;ORF1b:Q813*;ORF1b:L820L;ORF1b:G830W;ORF1b:G843A;ORF1b:A854S;ORF1b:A854A;ORF1b:A869A;ORF1b:R880G;ORF1b:H889Q;ORF1b:Y894N;ORF1b:V896V;ORF1b:M897I,7,241,0.0290456431535269,0,
2192026,BA.2_0.05_abundance_0.1,C15904T;T15927C;G15955T;G15995C;G16027T;T16029A;T16074A;A16105G;C16134A;T16147A;T16155C;G16158A;A16172C,ORF1b:Q813*;ORF1b:L820L;ORF1b:G830W;ORF1b:G843A;ORF1b:A854S;ORF1b:A854A;ORF1b:A869A;ORF1b:R880G;ORF1b:H889Q;ORF1b:Y894N;ORF1b:V896V;ORF1b:M897I;ORF1b:N902T,7,320,0.021875,0,
2192026,BA.2_0.05_abundance_0.1,C15904T;T15927C;G15955T;G15995C;G16027T;T16029A;T16074A;A16105G;C16134A;T16147A;T16155C;G16158A,ORF1b:Q813*;ORF1b:L820L;ORF1b:G830W;ORF1b:G843A;ORF1b:A854S;ORF1b:A854A;ORF1b:A869A;ORF1b:R880G;ORF1b:H889Q;ORF1b:Y894N;ORF1b:V896V;ORF1b:M897I,21,994,0.0211267605633802,0,
2192026,BA.2_0.05_abundance_0.1,T16778G;A16804C;T16809C;A16819C;A16824T;G16855C;T16863C;T16884G;A16889C;A16895C;T16911A;T16926C;T16931G;C16952A;C16961T;C17028T;T17052A;A17063G;A17101G,ORF1b:V1104G;ORF1b:N1113H;ORF1b:S1114S;ORF1b:I1118L;ORF1b:G1119G;ORF1b:D1130H;ORF1b:V1132V;ORF1b:T1139T;ORF1b:K1141T;ORF1b:N1143T;ORF1b:F1148L;ORF1b:H1153H;ORF1b:V1155G;ORF1b:T1162K;ORF1b:P1165L;ORF1b:S1187S;ORF1b:V1195V;ORF1b:K1199R;ORF1b:S1212G,5,259,0.0193050193050193,0,
2192026,BA.2_0.05_abundance_0.1,A16804C;T16809C;A16819C;A16824T;G16855C;T16863C;T16884G;A16889C;A16895C;T16911A;T16926C;T16931G;C16952A;C16961T;C17028T;T17052A;A17063G;A17101G,ORF1b:N1113H;ORF1b:S1114S;ORF1b:I1118L;ORF1b:G1119G;ORF1b:D1130H;ORF1b:V1132V;ORF1b:T1139T;ORF1b:K1141T;ORF1b:N1143T;ORF1b:F1148L;ORF1b:H1153H;ORF1b:V1155G;ORF1b:T1162K;ORF1b:P1165L;ORF1b:S1187S;ORF1b:V1195V;ORF1b:K1199R;ORF1b:S1212G,42,1758,0.0238907849829351,0,
2192026,BA.2_0.05_abundance_0.1,A16804C;T16809C;A16819C;A16824T;G16855C;T16863C;T16884G;A16889C;A16895C;T16911A;T16926C;T16931G;C16952A;C16961T;C17028T;T17052A;A17063G;A17101G;G17117T;C17119T,ORF1b:N1113H;ORF1b:S1114S;ORF1b:I1118L;ORF1b:G1119G;ORF1b:D1130H;ORF1b:V1132V;ORF1b:T1139T;ORF1b:K1141T;ORF1b:N1143T;ORF1b:F1148L;ORF1b:H1153H;ORF1b:V1155G;ORF1b:T1162K;ORF1b:P1165L;ORF1b:S1187S;ORF1b:V1195V;ORF1b:K1199R;ORF1b:S1212G;ORF1b:G1217V;ORF1b:L1218L,5,253,0.0197628458498023,0,
2192026,BA.2_0.05_abundance_0.1,A17101G;G17117T;C17119T;T17126C;G17162A;T17166C;T17169A;A17199C;T17210C;T17255A;T17263A;A17270G;A17294G;A17300G;T17306C;G17320A;G17331A;A17332T;T17353A;G17359C;T17400G,ORF1b:S1212G;ORF1b:G1217V;ORF1b:L1218L;ORF1b:L1220P;ORF1b:C1232Y;ORF1b:S1233S;ORF1b:H1234Q;ORF1b:A1244A;ORF1b:L1248S;ORF1b:V1263E;ORF1b:F1266I;ORF1b:K1268R;ORF1b:E1276G;ORF1b:Y1278C;ORF1b:F1280S;ORF1b:A1285T;ORF1b:E1288E;ORF1b:T1289S;ORF1b:F1296I;ORF1b:E1298Q;ORF1b:N1311K,12,972,0.0123456790123456,0,
2192026,BA.2_0.05_abundance_0.1,A17101G;G17117T;C17119T;T17126C;G17162A;T17166C;T17169A;A17199C;T17210C;T17255A;T17263A;A17270G;A17294G;A17300G;T17306C;G17320A;G17331A;A17332T;T17353A;G17359C;T17400G;C17410T,ORF1b:S1212G;ORF1b:G1217V;ORF1b:L1218L;ORF1b:L1220P;ORF1b:C1232Y;ORF1b:S1233S;ORF1b:H1234Q;ORF1b:A1244A;ORF1b:L1248S;ORF1b:V1263E;ORF1b:F1266I;ORF1b:K1268R;ORF1b:E1276G;ORF1b:Y1278C;ORF1b:F1280S;ORF1b:A1285T;ORF1b:E1288E;ORF1b:T1289S;ORF1b:F1296I;ORF1b:E1298Q;ORF1b:N1311K;ORF1b:R1315C,23,693,0.0331890331890331,0,
2192026,BA.2_0.05_abundance_0.1,G17117T;C17119T;T17126C;G17162A;T17166C;T17169A;A17199C;T17210C;T17255A;T17263A;A17270G;A17294G;A17300G;T17306C;G17320A;G17331A;A17332T;T17353A;G17359C;T17400G;C17410T,ORF1b:G1217V;ORF1b:L1218L;ORF1b:L1220P;ORF1b:C1232Y;ORF1b:S1233S;ORF1b:H1234Q;ORF1b:A1244A;ORF1b:L1248S;ORF1b:V1263E;ORF1b:F1266I;ORF1b:K1268R;ORF1b:E1276G;ORF1b:Y1278C;ORF1b:F1280S;ORF1b:A1285T;ORF1b:E1288E;ORF1b:T1289S;ORF1b:F1296I;ORF1b:E1298Q;ORF1b:N1311K;ORF1b:R1315C,50,1959,0.0255232261357835,0,
2192026,BA.2_0.05_abundance_0.1,C17410T;T17468A,ORF1b:R1315C;ORF1b:L1334*,28,179,0.1564245810055866,0,
2192026,BA.2_0.05_abundance_0.1,A17791T;T17812A;G17815T;A17823G;A17853C;T17859A;A17889T,ORF1b:N1442Y;ORF1b:L1449M;ORF1b:G1450*;ORF1b:P1452P;ORF1b:S1462S;ORF1b:Y1464*;ORF1b:E1474D,7,272,0.025735294117647,0,
2192026,BA.2_0.05_abundance_0.1,G18055T;A18163G,ORF1b:G1530*;ORF1b:I1566V,10,107,0.0934579439252336,1,BA.1:1
2192026,BA.2_0.05_abundance_0.1,T18963A;C19220T,ORF1b:A1832A;ORF1b:A1918V,225,708,0.3177966101694915,1,AY.43:1
2192026,BA.2_0.05_abundance_0.1,A20055G;T20064A,ORF1b:E2196E;ORF1b:V2199V,8,21,0.3809523809523809,21,BA.2.75:2;BA.2:10;XBB.1:5;BA.2.9:2;BE.1:1;BA.2.1:1
2192026,BA.2_0.05_abundance_0.1,T21702C;A21720T;T21756A;A21768C;G21795C;T21818C;C21843A;A21858G;G21869C;G21873T;A21875G;C21904G;C21910T;A21913T;A21917T;A21923C;T21937C;C21962A;G21987A,S:V47A;S:D53V;S:F65Y;S:H69P;S:R78T;S:F86L;S:S94Y;S:N99S;S:G103R;S:W104L;S:I105V;S:T114T;S:S116S;S:L117L;S:I119F;S:N121H;S:N125N;S:Q134K;S:G142D,83,2388,0.0347571189279732,0,
2192026,BA.2_0.05_abundance_0.1,C22109T;T22200G,S:Q183*;S:V213G,193,860,0.2244186046511627,0,
2192026,BA.2_0.05_abundance_0.1,G22578A;C22674T;T22679C;C22686T;A22688G;G22775A;A22786C;G22813T;G22865C,S:G339D;S:S371F;S:S373P;S:S375F;S:T376A;S:D405N;S:R408S;S:K417N;S:A435P,27,405,0.0666666666666666,1,BA.5.2:1
2192026,BA.2_0.05_abundance_0.1,T23197C;T23221G;A23403G,S:G545G;S:T553T;S:D614G,201,2732,0.0735724743777452,0,
2192026,BA.2_0.05_abundance_0.1,T23221G;A23403G,S:T553T;S:D614G,1310,2732,0.479502196193265,40,AY.69:1;B.1.1.10:5;B.1.1.519:4;AY.127:7;AY.4:3;B.1.1:1;BA.1.1:6;AY.34.1:2;AY.103:2;CP.2:1;BA.5.2.1:1;BA.4.1:1;B.1.1.7:2;B.1:1;BE.4:1;B.1.351:1;AY.25:1
2192026,BA.2_0.05_abundance_0.1,T23221G;G23236C;A23403G,S:T553T;S:K558N;S:D614G,80,2732,0.0292825768667642,0,
2192026,BA.2_0.05_abundance_0.1,G23236C;A23403G,S:K558N;S:D614G,66,2732,0.0241581259150805,14,BA.1.1:4;AY.4:3;AY.114:1;BA.2:6
2192026,BA.2_0.05_abundance_0.1,T23599G;C23604A;G23808T,S:N679K;S:P681H;S:C749F,19,38,0.5,0,
2192026,BA.2_0.05_abundance_0.1,A24424T;A24617G,S:Q954H;S:R1019G,5,90,0.0555555555555555,2,BA.1:1;BA.1.1.1:1
2192026,BA.2_0.05_abundance_0.1,A24453G;C24458A;T24464G;A24468C;T24475A;C24477G;G24515A;G24533C;A24539C;C24555G;A24562T;A24602C;A24619T;T24625C;C24627A;A24630C;C24662A;A24673T;G24740C,S:K964R;S:L966I;S:S968A;S:N969T;S:G971G;S:A972G;S:D985N;S:V991L;S:I993L;S:T998R;S:R1000S;S:R1014R;S:R1019S;S:S1021S;S:A1022D;S:N1023T;S:L1034I;S:S1037S;S:V1060L,7,292,0.023972602739726,0,
2192026,BA.2_0.05_abundance_0.1,G24740C;G24757C;C24801G;A24820T;T24829A;A24860G;A24874C;C24878G;T24887G;A24894G;T24906G;G24933A;A24950G;T24951G;C24964G;C24986T,S:V1060L;S:V1065V;S:A1080G;S:K1086N;S:F1089L;S:T1100A;S:V1104V;S:Q1106E;S:F1109V;S:E1111G;S:I1115S;S:G1124D;S:I1130V;S:I1130R;S:N1134K;S:Q1142*,28,717,0.0390516039051603,0,
2192026,BA.2_0.05_abundance_0.1,T25343C;A25360C;A25367G;T25414C;T25461A;A25462C;C25584T;T25633A,S:S1261P;S:K1266N;S:K1269E;ORF3a:F8L;ORF3a:A23A;ORF3a:T24P;ORF3a:T64T;ORF3a:C81S,12,508,0.0236220472440944,0,
2192026,BA.2_0.05_abundance_0.1,T25343C;A25360C;A25367G;T25414C;G25444T;T25461A;A25462C;C25584T;T25633A,S:S1261P;S:K1266N;S:K1269E;ORF3a:F8L;ORF3a:G18C;ORF3a:A23A;ORF3a:T24P;ORF3a:T64T;ORF3a:C81S,7,508,0.0137795275590551,0,
2192026,BA.2_0.05_abundance_0.1,G25444T;C25584T,ORF3a:G18C;ORF3a:T64T,367,964,0.3807053941908713,132,BA.2:62;BA.5.5:3;BA.1:3;BA.1.1:20;BA.4.1:7;BA.5.3.3:1;BA.2.38:1;BA.5.2:10;BA.5.2.1:3;BA.1.17.2:1;BA.2.9:2;BF.7.4.2:1;BA.4.6:1;BA.2.12.1:2;BA.5.1:1;BA.4.6.5:1;BA.2.22:1;BA.5.1.1:2;BA.1.18:1;BA.1.15:2;BE.1.1:1;BF.26:1;B.1.1.519:1;BF.5:1;BA.1.17:1;BA.2.23:1;BA.2.10:1
2192026,BA.2_0.05_abundance_0.1,C26270T;A26332T,E:T9I;E:T30S,240,332,0.7228915662650602,16,BA.1.1:3;BA.2:11;BA.2.12.1:2
2192026,BA.2_0.05_abundance_0.1,C26270T;C26309G;G26314C;A26332T;T26355C;C26376G;A26380C;T26409G;C26421G,E:T9I;E:A22G;E:V24L;E:T30S;E:L37L;E:C44W;E:I46L;E:S55S;E:Y59*,11,332,0.0331325301204819,0,
2192026,BA.2_0.05_abundance_0.1,C27208A;G27225T;A27246C;A27259C;G27261C;C27263T;G27281A;T27291G;T27296G;A27317T;A27321C;G27327T;T27328G;A27359G;A27372G;G27382C;A27383T;T27384C;A27399G;G27420A;C27427A;G27430T;C27434A;T27483G;A27491T;C27494A,ORF6:H3N;ORF6:Q8H;ORF6:L15F;ORF6:R20R;ORF6:R20S;ORF6:T21I;ORF6:W27*;ORF6:D30E;ORF6:I32S;ORF6:N39I;ORF6:L40F;ORF6:K42N;ORF6:S43A;ORF6:D53G;ORF6:P57P;ORF6:D61H;ORF6:D61V;ORF6:D61D;ORF7a:K2K;ORF7a:L9L;ORF7a:L12I;ORF7a:A13S;ORF7a:T14N;ORF7a:L30L;ORF7a:E33V;ORF7a:P34H,18,718,0.0250696378830083,0,
2192026,BA.2_0.05_abundance_0.1,C27208A;G27225T;A27246C;A27259C;G27261C;C27263T;G27281A;T27291G;T27296G;A27317T;A27321C;G27327T;T27328G;A27359G;A27372G;G27382C;A27383T;T27384C;A27399G;G27420A;C27427A;G27430T;C27434A;T27483G;A27491T,ORF6:H3N;ORF6:Q8H;ORF6:L15F;ORF6:R20R;ORF6:R20S;ORF6:T21I;ORF6:W27*;ORF6:D30E;ORF6:I32S;ORF6:N39I;ORF6:L40F;ORF6:K42N;ORF6:S43A;ORF6:D53G;ORF6:P57P;ORF6:D61H;ORF6:D61V;ORF6:D61D;ORF7a:K2K;ORF7a:L9L;ORF7a:L12I;ORF7a:A13S;ORF7a:T14N;ORF7a:L30L;ORF7a:E33V,15,1100,0.0136363636363636,0,
2192026,BA.2_0.05_abundance_0.1,A27259C;A27290T;G27382C;A27383T;T27384C,ORF6:R20R;ORF6:D30V;ORF6:D61H;ORF6:D61V;ORF6:D61D,327,1678,0.1948748510131108,5,BA.2:1;BA.4.1:1;BA.2.12.1:1;BA.2.3:1;CH.1.1:1
2192026,BA.2_0.05_abundance_0.1,A27259C;A27290T,ORF6:R20R;ORF6:D30V,28,1801,0.0155469183786785,6,BA.2:1;BA.4.1:1;BA.1.1:1;BA.2.12.1:1;BA.2.3:1;CH.1.1:1
2192026,BA.2_0.05_abundance_0.1,A27259C;G27382C;A27383T;T27384C;T27502A,ORF6:R20R;ORF6:D61H;ORF6:D61V;ORF6:D61D;ORF7a:S37T,26,155,0.1677419354838709,25,BA.2.3:3;BA.2.7:2;BA.2:8;BA.2.34:1;BA.2.65:1;BA.2.12.1:6;BA.4.1:3;BA.2.36:1
2192026,BA.2_0.05_abundance_0.1,A27259C;A27290T;G27382C;A27383T;T27384C;T27502A,ORF6:R20R;ORF6:D30V;ORF6:D61H;ORF6:D61V;ORF6:D61D;ORF7a:S37T,7,155,0.0451612903225806,0,
2192026,BA.2_0.05_abundance_0.1,C28439T;A28446G;C28491A;C28500T;G28514T;T28524C;T28529G;A28547T;G28548C;T28561A;A28652G;A28692C,N:L56F;N:Q58R;N:P73Q;N:T76I;N:D81Y;N:I84T;N:Y86D;N:R92*;N:R92T;N:G96G;N:K127E;N:N140T,19,604,0.0314569536423841,0,
2192026,BA.2_0.05_abundance_0.1,A29016T;G29030T;T29036G;C29048G;G29058T;A29078G;A29089G;C29091A;C29118G;G29156A;C29187A;T29194G;G29202A;G29240C;A29241G;G29254T;C29259T;T29264A;T29293G;C29304G;A29313C;C29318A;A29319T;C29330G;T29335A,N:K248M;N:E253*;N:S255A;N:R259G;N:R262L;N:N269D;N:Q272Q;N:A273D;N:T282S;N:G295R;N:A305E;N:F307L;N:S310N;N:E323Q;N:E323G;N:S327S;N:T329M;N:L331M;N:D340E;N:P344R;N:K347T;N:Q349K;N:Q349L;N:L353V;N:N354K,17,634,0.0268138801261829,0,
2192026,BA.2_0.05_abundance_0.1,G29030T;T29036G;C29048G;G29058T;A29078G;A29089G;C29091A;C29118G;G29156A;C29187A;T29194G;G29202A;G29240C;A29241G;G29254T;C29259T;T29264A;T29293G;C29304G;A29313C;C29318A;A29319T;C29330G;T29335A,N:E253*;N:S255A;N:R259G;N:R262L;N:N269D;N:Q272Q;N:A273D;N:T282S;N:G295R;N:A305E;N:F307L;N:S310N;N:E323Q;N:E323G;N:S327S;N:T329M;N:L331M;N:D340E;N:P344R;N:K347T;N:Q349K;N:Q349L;N:L353V;N:N354K,85,3891,0.0218452839886918,0,
2262026,BA.2_0.05_abundance_0.1,G269C;A297C;C307A;T312A;T334C;C344T;G353C;G359T;T369G,ORF1a:E2Q;ORF1a:K11T;ORF1a:V14V;ORF1a:L16H;ORF1a:V23V;ORF1a:L27F;ORF1a:G30R;ORF1a:G32*;ORF1a:V35G,23,399,0.0576441102756892,0,
2262026,BA.2_0.05_abundance_0.1,G269C;A297C;C307A;T312A;T334C;C344T;G353C;G359T,ORF1a:E2Q;ORF1a:K11T;ORF1a:V14V;ORF1a:L16H;ORF1a:V23V;ORF1a:L27F;ORF1a:G30R;ORF1a:G32*,13,622,0.0209003215434083,0,
2262026,BA.2_0.05_abundance_0.1,C344T;G353C;G359T;T369G;C449T;G470T;G483C;G524T;G542T;G564C;T580G;C609T;A610C;G636A;A647C;A655T;T658C;T670G,ORF1a:L27F;ORF1a:G30R;ORF1a:G32*;ORF1a:V35G;ORF1a:P62S;ORF1a:V69L;ORF1a:R73P;ORF1a:E87*;ORF1a:E93*;ORF1a:S100T;ORF1a:G105G;ORF1a:P115L;ORF1a:P115P;ORF1a:R124H;ORF1a:N128H;ORF1a:G130G;ORF1a:A131A;ORF1a:S135R,5,180,0.0277777777777777,0,
2262026,BA.2_0.05_abundance_0.1,C344T;G353C;G359T;T369G;C449T;G470T;G483C;C503T;G524T;G542T;G564C;T580G;C609T;A610C;G636A;A647C;A655T;T658C;T670G,ORF1a:L27F;ORF1a:G30R;ORF1a:G32*;ORF1a:V35G;ORF1a:P62S;ORF1a:V69L;ORF1a:R73P;ORF1a:P80S;ORF1a:E87*;ORF1a:E93*;ORF1a:S100T;ORF1a:G105G;ORF1a:P115L;ORF1a:P115P;ORF1a:R124H;ORF1a:N128H;ORF1a:G130G;ORF1a:A131A;ORF1a:S135R,5,180,0.0277777777777777,0,
2262026,BA.2_0.05_abundance_0.1,G353C;G359T;T369G;C449T;G470T;G483C;G524T;G542T;G564C;T580G;C609T;A610C;G636A;A647C;A655T;T658C;T670G,ORF1a:G30R;ORF1a:G32*;ORF1a:V35G;ORF1a:P62S;ORF1a:V69L;ORF1a:R73P;ORF1a:E87*;ORF1a:E93*;ORF1a:S100T;ORF1a:G105G;ORF1a:P115L;ORF1a:P115P;ORF1a:R124H;ORF1a:N128H;ORF1a:G130G;ORF1a:A131A;ORF1a:S135R,20,644,0.031055900621118,0,
2262026,BA.2_0.05_abundance_0.1,G353C;G359T;T369G;C449T;G470T;G483C;C503T;G524T;G542T;G564C;T580G;C609T;A610C;G636A;A647C;A655T;T658C;T670G,ORF1a:G30R;ORF1a:G32*;ORF1a:V35G;ORF1a:P62S;ORF1a:V69L;ORF1a:R73P;ORF1a:P80S;ORF1a:E87*;ORF1a:E93*;ORF1a:S100T;ORF1a:G105G;ORF1a:P115L;ORF1a:P115P;ORF1a:R124H;ORF1a:N128H;ORF1a:G130G;ORF1a:A131A;ORF1a:S135R,15,644,0.0232919254658385,0,
2262026,BA.2_0.05_abundance_0.1,G359T;T369G;C449T;G470T;G483C;G524T;G542T;G564C;T580G;C609T;A610C;G636A;A647C;A655T;T658C;T670G,ORF1a:G32*;ORF1a:V35G;ORF1a:P62S;ORF1a:V69L;ORF1a:R73P;ORF1a:E87*;ORF1a:E93*;ORF1a:S100T;ORF1a:G105G;ORF1a:P115L;ORF1a:P115P;ORF1a:R124H;ORF1a:N128H;ORF1a:G130G;ORF1a:A131A;ORF1a:S135R,32,1650,0.0193939393939393,0,
2262026,BA.2_0.05_abundance_0.1,G359T;T369G;C449T;G470T;G483C;C503T;G524T;G542T;G564C;T580G;C609T;A610C;G636A;A647C;A655T;T658C;T670G,ORF1a:G32*;ORF1a:V35G;ORF1a:P62S;ORF1a:V69L;ORF1a:R73P;ORF1a:P80S;ORF1a:E87*;ORF1a:E93*;ORF1a:S100T;ORF1a:G105G;ORF1a:P115L;ORF1a:P115P;ORF1a:R124H;ORF1a:N128H;ORF1a:G130G;ORF1a:A131A;ORF1a:S135R,21,1650,0.0127272727272727,0,
2262026,BA.2_0.05_abundance_0.1,T369G;C449T;G470T;G483C;G524T;G542T;G564C;T580G;C609T;A610C;G636A;A647C;A655T;T658C;T670G,ORF1a:V35G;ORF1a:P62S;ORF1a:V69L;ORF1a:R73P;ORF1a:E87*;ORF1a:E93*;ORF1a:S100T;ORF1a:G105G;ORF1a:P115L;ORF1a:P115P;ORF1a:R124H;ORF1a:N128H;ORF1a:G130G;ORF1a:A131A;ORF1a:S135R,53,2798,0.0189421015010721,0,
2262026,BA.2_0.05_abundance_0.1,T369G;C449T;G470T;G483C;C503T;G524T;G542T;G564C;T580G;C609T;A610C;G636A;A647C;A655T;T658C;T670G,ORF1a:V35G;ORF1a:P62S;ORF1a:V69L;ORF1a:R73P;ORF1a:P80S;ORF1a:E87*;ORF1a:E93*;ORF1a:S100T;ORF1a:G105G;ORF1a:P115L;ORF1a:P115P;ORF1a:R124H;ORF1a:N128H;ORF1a:G130G;ORF1a:A131A;ORF1a:S135R,31,2798,0.0110793423874195,0,
2262026,BA.2_0.05_abundance_0.1,T1623A;C1628A;A1629T;A1644G;A1646C;A1731C;T1745C;G1782C;G1784C;G1827A;A1829G;A1849T;A1852T;C1878G;G1883A,ORF1a:I453K;ORF1a:Q455K;ORF1a:Q455L;ORF1a:N460S;ORF1a:I461L;ORF1a:E489A;ORF1a:L494L;ORF1a:C506S;ORF1a:G507R;ORF1a:W521*;ORF1a:N522D;ORF1a:S528S;ORF1a:I529I;ORF1a:S538*;ORF1a:A540T,68,1483,0.0458530006743088,0,
2262026,BA.2_0.05_abundance_0.1,T2216C;C2227G;T2230C;C2245T;T2307A;A2345T;A2367G;C2371A;A2430G;A2437C;G2447T;A2452T;C2453A;A2483G;G2494A;A2543T;A2554T,ORF1a:F651L;ORF1a:T654T;ORF1a:C655C;ORF1a:V660V;ORF1a:L681H;ORF1a:I694F;ORF1a:K701R;ORF1a:A702A;ORF1a:K722R;ORF1a:R724S;ORF1a:G728C;ORF1a:L729L;ORF1a:L730I;ORF1a:I740V;ORF1a:E743E;ORF1a:T760S;ORF1a:L763F,6,89,0.0674157303370786,0,
2262026,BA.2_0.05_abundance_0.1,C2227G;T2230C;C2245T;T2307A;A2345T;A2367G;C2371A;A2430G;A2437C;G2447T;A2452T;C2453A;A2483G;G2494A;A2543T,ORF1a:T654T;ORF1a:C655C;ORF1a:V660V;ORF1a:L681H;ORF1a:I694F;ORF1a:K701R;ORF1a:A702A;ORF1a:K722R;ORF1a:R724S;ORF1a:G728C;ORF1a:L729L;ORF1a:L730I;ORF1a:I740V;ORF1a:E743E;ORF1a:T760S,10,628,0.0159235668789808,0,
2262026,BA.2_0.05_abundance_0.1,C2227G;T2230C;C2245T;T2307A;A2345T;A2367G;C2371A;A2430G;A2437C;G2447T;A2452T;C2453A;A2483G;G2494A;A2543T;A2554T,ORF1a:T654T;ORF1a:C655C;ORF1a:V660V;ORF1a:L681H;ORF1a:I694F;ORF1a:K701R;ORF1a:A702A;ORF1a:K722R;ORF1a:R724S;ORF1a:G728C;ORF1a:L729L;ORF1a:L730I;ORF1a:I740V;ORF1a:E743E;ORF1a:T760S;ORF1a:L763F,7,257,0.0272373540856031,0,
2262026,BA.2_0.05_abundance_0.1,C2252T;C2325G,ORF1a:Q663*;ORF1a:A687G,61,771,0.0791180285343709,0,
2262026,BA.2_0.05_abundance_0.1,C2252T;A2415C,ORF1a:Q663*;ORF1a:Y717S,61,771,0.0791180285343709,0,
2262026,BA.2_0.05_abundance_0.1,C2252T;C2325G;A2415C,ORF1a:Q663*;ORF1a:A687G;ORF1a:Y717S,12,771,0.0155642023346303,0,
2262026,BA.2_0.05_abundance_0.1,A3180C;A3186G;G3239C;T3265C;A3273G;A3277T;G3320A;A3341C;G3345C;A3357C;A3374C;A3381C;G3410C;C3426T;A3428T,ORF1a:E972A;ORF1a:E974G;ORF1a:D992H;ORF1a:T1000T;ORF1a:Q1003R;ORF1a:T1004T;ORF1a:V1019I;ORF1a:N1026H;ORF1a:S1027T;ORF1a:Y1031S;ORF1a:N1037H;ORF1a:Y1039S;ORF1a:A1049P;ORF1a:P1054L;ORF1a:T1055S,13,293,0.0443686006825938,0,
2262026,BA.2_0.05_abundance_0.1,A3186G;G3239C;T3265C;A3273G;A3277T;G3320A;A3341C;G3345C;A3357C;A3374C;A3381C;G3410C;C3426T;A3428T,ORF1a:E974G;ORF1a:D992H;ORF1a:T1000T;ORF1a:Q1003R;ORF1a:T1004T;ORF1a:V1019I;ORF1a:N1026H;ORF1a:S1027T;ORF1a:Y1031S;ORF1a:N1037H;ORF1a:Y1039S;ORF1a:A1049P;ORF1a:P1054L;ORF1a:T1055S,15,758,0.0197889182058047,0,
2262026,BA.2_0.05_abundance_0.1,G3403C;C3448G,ORF1a:V1046V;ORF1a:A1061A,8,786,0.010178117048346,0,
2262026,BA.2_0.05_abundance_0.1,T3723G;C3768A,ORF1a:I1153S;ORF1a:T1168N,7,247,0.0283400809716599,0,
2262026,BA.2_0.05_abundance_0.1,C4338A;T4365C;G4432T;A4451C;C4499A;T4530G,ORF1a:S1358Y;ORF1a:I1367T;ORF1a:M1389I;ORF1a:K1396Q;ORF1a:Q1412K;ORF1a:F1422C,6,145,0.0413793103448275,0,
2262026,BA.2_0.05_abundance_0.1,C4698T;C4780G;T4813C;G4854C;G4881C;T4924A;G4925C;T4933A;T4946A;A4956T,ORF1a:S1478F;ORF1a:I1505M;ORF1a:Y1516Y;ORF1a:R1530T;ORF1a:S1539T;ORF1a:F1553L;ORF1a:D1554H;ORF1a:L1556L;ORF1a:S1561T;ORF1a:E1564V,28,746,0.0375335120643431,0,
2262026,BA.2_0.05_abundance_0.1,C4698T;C4780G;T4813C;G4854C;G4881C;T4924A;G4925C;T4933A;T4946A;A4956T;C4980T,ORF1a:S1478F;ORF1a:I1505M;ORF1a:Y1516Y;ORF1a:R1530T;ORF1a:S1539T;ORF1a:F1553L;ORF1a:D1554H;ORF1a:L1556L;ORF1a:S1561T;ORF1a:E1564V;ORF1a:T1572I,13,199,0.0653266331658291,0,
2262026,BA.2_0.05_abundance_0.1,G5625C;T5635G;G5708C;T5732A;G5750A;C5832G;T5854G;T5860G;G5861A;T5864G;T5909A,ORF1a:C1787S;ORF1a:G1790G;ORF1a:E1815Q;ORF1a:C1823S;ORF1a:G1829S;ORF1a:S1856C;ORF1a:I1863M;ORF1a:D1865E;ORF1a:V1866I;ORF1a:F1867V;ORF1a:Y1882N,17,311,0.0546623794212218,0,
2262026,BA.2_0.05_abundance_0.1,T5909A;T5928C;G5936T;C6005A;A6030T;G6056A;G6077A;A6081T;T6087C;A6133T;A6182T,ORF1a:Y1882N;ORF1a:V1888A;ORF1a:E1891*;ORF1a:L1914I;ORF1a:N1922I;ORF1a:V1931I;ORF1a:A1938T;ORF1a:D1939V;ORF1a:L1941S;ORF1a:K1956N;ORF1a:K1973*,12,287,0.0418118466898954,0,
2262026,BA.2_0.05_abundance_0.1,G6245T;A6276G;G6288A;T6298C;C6312G;A6325C;A6360C;A6425C;A6426G;A6466G;T6478G;T6489A;T6490A;A6493C,ORF1a:V1994F;ORF1a:K2004R;ORF1a:W2008*;ORF1a:R2011R;ORF1a:T2016R;ORF1a:E2020D;ORF1a:D2032A;ORF1a:N2054H;ORF1a:N2054S;ORF1a:K2067K;ORF1a:V2071V;ORF1a:I2075N;ORF1a:I2075I;ORF1a:I2076I,43,1022,0.0420743639921722,0,
2262026,BA.2_0.05_abundance_0.1,A7068T;T7075C;C7119G;T7141G;T7147C;T7168A;C7195G;A7208C;A7210C;T7226C;T7227C;T7228A;T7305C;T7341A;A7358G,ORF1a:E2268V;ORF1a:Y2270Y;ORF1a:S2285C;ORF1a:L2292L;ORF1a:G2294G;ORF1a:Y2301*;ORF1a:T2310T;ORF1a:K2315Q;ORF1a:K2315N;ORF1a:F2321L;ORF1a:F2321S;ORF1a:F2321L;ORF1a:M2347T;ORF1a:I2359N;ORF1a:M2365V,5,52,0.0961538461538461,0,
2262026,BA.2_0.05_abundance_0.1,T7075C;C7119G;T7141G;T7147C;T7168A;C7195G;A7208C;A7210C;T7226C;T7227C;T7228A;T7305C;T7341A;A7358G,ORF1a:Y2270Y;ORF1a:S2285C;ORF1a:L2292L;ORF1a:G2294G;ORF1a:Y2301*;ORF1a:T2310T;ORF1a:K2315Q;ORF1a:K2315N;ORF1a:F2321L;ORF1a:F2321S;ORF1a:F2321L;ORF1a:M2347T;ORF1a:I2359N;ORF1a:M2365V,5,217,0.0230414746543778,0,
2262026,BA.2_0.05_abundance_0.1,C7119G;T7141G;T7147C;T7168A;C7195G;A7208C;A7210C;T7226C;T7227C;T7228A;T7305C;T7341A;A7358G,ORF1a:S2285C;ORF1a:L2292L;ORF1a:G2294G;ORF1a:Y2301*;ORF1a:T2310T;ORF1a:K2315Q;ORF1a:K2315N;ORF1a:F2321L;ORF1a:F2321S;ORF1a:F2321L;ORF1a:M2347T;ORF1a:I2359N;ORF1a:M2365V,7,347,0.0201729106628242,0,
2262026,BA.2_0.05_abundance_0.1,A7863G;G7975A,ORF1a:K2533R;ORF1a:L2570L,9,708,0.0127118644067796,0,
2262026,BA.2_0.05_abundance_0.1,C8318G;T8328G;A8343C;C8354A;A8360C;T8361C;T8439G;A8465T;T8477G;T8484C;A8492G;C8493T;T8562G;A8565C;T8603G,ORF1a:P2685A;ORF1a:L2688R;ORF1a:D2693A;ORF1a:R2697S;ORF1a:I2699L;ORF1a:I2699T;ORF1a:L2725R;ORF1a:K2734*;ORF1a:L2738V;ORF1a:F2740S;ORF1a:T2743A;ORF1a:T2743I;ORF1a:V2766G;ORF1a:N2767T;ORF1a:F2780V,10,218,0.0458715596330275,0,
2262026,BA.2_0.05_abundance_0.1,C8318G;T8328G;A8343C;C8354A;A8360C;T8361C;T8439G;T8477G;T8484C;A8492G;C8493T;T8562G;A8565C;T8603G,ORF1a:P2685A;ORF1a:L2688R;ORF1a:D2693A;ORF1a:R2697S;ORF1a:I2699L;ORF1a:I2699T;ORF1a:L2725R;ORF1a:L2738V;ORF1a:F2740S;ORF1a:T2743A;ORF1a:T2743I;ORF1a:V2766G;ORF1a:N2767T;ORF1a:F2780V,7,218,0.0321100917431192,0,
2262026,BA.2_0.05_abundance_0.1,A9138C;A9153T,ORF1a:D2958A;ORF1a:Q2963L,131,1379,0.0949963741841914,0,
2262026,BA.2_0.05_abundance_0.1,A9138C;C9169G,ORF1a:D2958A;ORF1a:Y2968*,260,1379,0.1885424220449601,0,
2262026,BA.2_0.05_abundance_0.1,A9138C;A9153T;C9169G,ORF1a:D2958A;ORF1a:Q2963L;ORF1a:Y2968*,262,1379,0.1899927483683829,0,
2262026,BA.2_0.05_abundance_0.1,A9138C;A9153T;C9169G;T9230A,ORF1a:D2958A;ORF1a:Q2963L;ORF1a:Y2968*;ORF1a:C2989S,18,836,0.0215311004784689,0,
2262026,BA.2_0.05_abundance_0.1,A9138C;C9169G;T9230A,ORF1a:D2958A;ORF1a:Y2968*;ORF1a:C2989S,17,836,0.020334928229665,0,
2262026,BA.2_0.05_abundance_0.1,A9138C;A9153T;C9169G;C9170T,ORF1a:D2958A;ORF1a:Q2963L;ORF1a:Y2968*;ORF1a:L2969F,18,1379,0.0130529369108049,0,
2262026,BA.2_0.05_abundance_0.1,A9138C;A9153T;T9230A,ORF1a:D2958A;ORF1a:Q2963L;ORF1a:C2989S,9,836,0.0107655502392344,0,
2262026,BA.2_0.05_abundance_0.1,A9138C;C9169G;C9170T,ORF1a:D2958A;ORF1a:Y2968*;ORF1a:L2969F,17,1379,0.0123277737490935,0,
2262026,BA.2_0.05_abundance_0.1,A9153T;C9169G,ORF1a:Q2963L;ORF1a:Y2968*,146,1379,0.1058738216098622,0,
2262026,BA.2_0.05_abundance_0.1,C9169G;T9230A,ORF1a:Y2968*;ORF1a:C2989S,15,836,0.0179425837320574,0,
2262026,BA.2_0.05_abundance_0.1,A9310T;C9344T;A9424G;C9534T,ORF1a:P3015P;ORF1a:L3027F;ORF1a:V3053V;ORF1a:T3090I,190,801,0.2372034956304619,51,BA.5.2.1:1;BA.2.12.1:18;BA.2:9;BA.5.2.31:2;BQ.1.26:1;BF.27:11;BA.5.2.20:1;BA.5.2.2:1;BA.4.1:1;BA.2.9:2;BF.5:1;BA.4.6:3
2262026,BA.2_0.05_abundance_0.1,A9310T;C9344T;A9424G,ORF1a:P3015P;ORF1a:L3027F;ORF1a:V3053V,42,953,0.0440713536201469,51,BA.5.2.1:1;BA.2.12.1:18;BA.2:9;BA.5.2.31:2;BQ.1.26:1;BF.27:11;BA.5.2.20:1;BA.5.2.2:1;BA.4.1:1;BA.2.9:2;BF.5:1;BA.4.6:3
2262026,BA.2_0.05_abundance_0.1,C9534T;A9741T,ORF1a:T3090I;ORF1a:N3159I,224,918,0.2440087145969499,0,
2262026,BA.2_0.05_abundance_0.1,T11046G;T11056C;T11070A;A11085T;T11118G;T11151G;G11222T;G11243A;A11258T;A11277T,ORF1a:L3594*;ORF1a:S3597S;ORF1a:L3602*;ORF1a:Y3607F;ORF1a:I3618S;ORF1a:V3629G;ORF1a:V3653F;ORF1a:V3660M;ORF1a:T3665S;ORF1a:D3671V,59,742,0.0795148247978436,0,
2262026,BA.2_0.05_abundance_0.1,G11378C;T11429A;T11432G;G11464A;G11483A;C11494T;G11504T;T11517A;C11518T;G11528C;T11539C;T11547C;A11567G,ORF1a:A3705P;ORF1a:Y3722N;ORF1a:Y3723D;ORF1a:M3733I;ORF1a:V3740I;ORF1a:N3743N;ORF1a:V3747L;ORF1a:V3751D;ORF1a:V3751V;ORF1a:A3755P;ORF1a:I3758I;ORF1a:M3761T;ORF1a:I3768V,80,1233,0.064882400648824,0,
2262026,BA.2_0.05_abundance_0.1,A11905G;A11911T;C11919G;G11944C;G11966T;T12013A;T12017G;A12026T;G12035A;T12039G;C12043A;C12081G;A12103G;T12112A;C12138T;T12142A;T12168G;T12204C;A12206C,ORF1a:R3880R;ORF1a:E3882D;ORF1a:S3885C;ORF1a:Q3893H;ORF1a:A3901S;ORF1a:S3916S;ORF1a:L3918V;ORF1a:M3921L;ORF1a:A3924T;ORF1a:V3925G;ORF1a:D3926E;ORF1a:A3939G;ORF1a:S3946S;ORF1a:S3949R;ORF1a:A3958V;ORF1a:T3959T;ORF1a:V3968G;ORF1a:L3980S;ORF1a:K3981Q,64,2404,0.0266222961730449,0,
2262026,BA.2_0.05_abundance_0.1,A11905G;A11911T;C11919G;G11944C;G11966T;T12013A;T12017G;A12026T;G12035A;T12039G;C12043A;C12081G;A12103G;T12112A;C12138T;T12142A;T12168G;T12169G;T12204C;A12206C,ORF1a:R3880R;ORF1a:E3882D;ORF1a:S3885C;ORF1a:Q3893H;ORF1a:A3901S;ORF1a:S3916S;ORF1a:L3918V;ORF1a:M3921L;ORF1a:A3924T;ORF1a:V3925G;ORF1a:D3926E;ORF1a:A3939G;ORF1a:S3946S;ORF1a:S3949R;ORF1a:A3958V;ORF1a:T3959T;ORF1a:V3968G;ORF1a:V3968V;ORF1a:L3980S;ORF1a:K3981Q,72,2404,0.0299500831946755,0,
2262026,BA.2_0.05_abundance_0.1,A11905G;A11911T;C11919G;G11944C;G11966T;T12013A;T12017G;A12026T;G12035A;T12039G;C12043A;C12081G;A12103G;T12112A;C12138T;T12142A;T12168G;T12169G;T12204C;A12206C;A12228G,ORF1a:R3880R;ORF1a:E3882D;ORF1a:S3885C;ORF1a:Q3893H;ORF1a:A3901S;ORF1a:S3916S;ORF1a:L3918V;ORF1a:M3921L;ORF1a:A3924T;ORF1a:V3925G;ORF1a:D3926E;ORF1a:A3939G;ORF1a:S3946S;ORF1a:S3949R;ORF1a:A3958V;ORF1a:T3959T;ORF1a:V3968G;ORF1a:V3968V;ORF1a:L3980S;ORF1a:K3981Q;ORF1a:K3988R,6,137,0.0437956204379562,0,
2262026,BA.2_0.05_abundance_0.1,A11905G;A11911T;C11919G;G11944C;G11966T;T12013A;T12017G;A12026T;G12035A;T12039G;C12043A;C12081G;A12103G;T12112A;C12138T;T12142A;T12168G;T12204C;A12206C;A12228G,ORF1a:R3880R;ORF1a:E3882D;ORF1a:S3885C;ORF1a:Q3893H;ORF1a:A3901S;ORF1a:S3916S;ORF1a:L3918V;ORF1a:M3921L;ORF1a:A3924T;ORF1a:V3925G;ORF1a:D3926E;ORF1a:A3939G;ORF1a:S3946S;ORF1a:S3949R;ORF1a:A3958V;ORF1a:T3959T;ORF1a:V3968G;ORF1a:L3980S;ORF1a:K3981Q;ORF1a:K3988R,5,137,0.0364963503649635,0,
2262026,BA.2_0.05_abundance_0.1,T12122G;T12169G,ORF1a:S3953A;ORF1a:V3968V,55,2818,0.0195173882185947,0,
2262026,BA.2_0.05_abundance_0.1,T12168G;T12169G;T12204C;A12206C;A12228G;T12244G;A12286G;A12316T;T12319G;G12330A;A12335G;G12355A;C12398A;A12414G;C12420A,ORF1a:V3968G;ORF1a:V3968V;ORF1a:L3980S;ORF1a:K3981Q;ORF1a:K3988R;ORF1a:R3993R;ORF1a:Q4007Q;ORF1a:R4017S;ORF1a:S4018S;ORF1a:R4022K;ORF1a:K4024E;ORF1a:Q4030Q;ORF1a:L4045I;ORF1a:N4050S;ORF1a:A4052E,15,611,0.0245499181669394,0,
2262026,BA.2_0.05_abundance_0.1,T12168G;T12204C;A12206C;A12228G;T12244G;A12286G;A12316T;T12319G;G12330A;A12335G;G12355A;C12398A;A12414G;C12420A,ORF1a:V3968G;ORF1a:L3980S;ORF1a:K3981Q;ORF1a:K3988R;ORF1a:R3993R;ORF1a:Q4007Q;ORF1a:R4017S;ORF1a:S4018S;ORF1a:R4022K;ORF1a:K4024E;ORF1a:Q4030Q;ORF1a:L4045I;ORF1a:N4050S;ORF1a:A4052E,12,611,0.0196399345335515,0,
2262026,BA.2_0.05_abundance_0.1,G12758C;C12880T,ORF1a:D4165H;ORF1a:I4205I,212,2431,0.0872069107363225,5,BA.2.3.17:1;BA.2:3;BA.2.9:1
2262026,BA.2_0.05_abundance_0.1,A12831T;C12880T,ORF1a:Q4189L;ORF1a:I4205I,41,2434,0.0168447000821692,287,BA.5.1:49;BA.5.8:4;BA.2:145;BA.5.2.1:11;BA.5.1.22:3;BA.5.2.9:1;BA.5.2:20;BA.4.1:3;CL.1:1;AY.62:15;BA.5:5;BA.2.35:1;BA.2.12:1;BA.2.9:11;BE.1:2;BA.2.6:2;BA.5.1.3:3;BA.5.1.17:1;BA.5.9:1;BA.5.6:2;BA.5.2.2:1;BF.7:1;BA.4:1;BA.4.2:1;BF.5:2
2262026,BA.2_0.05_abundance_0.1,C12880T;G12996C,ORF1a:I4205I;ORF1a:G4244A,159,2276,0.0698594024604569,0,
2262026,BA.2_0.05_abundance_0.1,C13439A;A13455G;C13458A;T13463A;C13490G;C13492A;G13514A;C13517T;G13624T,ORF1a:Q4392K;ORF1a:Q4397R;ORF1a:S4398*;ORF1a:L4400I;ORF1b:A8G;ORF1b:R9S;ORF1b:G16D;ORF1b:T17I;ORF1b:D53Y,71,1196,0.0593645484949832,0,
2262026,BA.2_0.05_abundance_0.1,A13696G;A13702C;T13728G;C13735T;A13736C;G13762T;T13820A;A13833T;G13856T;T13878C,ORF1b:I77V;ORF1b:N79H;ORF1b:V87V;ORF1b:H90Y;ORF1b:H90P;ORF1b:G99C;ORF1b:L118H;ORF1b:L122F;ORF1b:C130F;ORF1b:L137L,7,103,0.0679611650485436,0,
2262026,BA.2_0.05_abundance_0.1,G14268T;A14317G;T14361C;T14378C;T14389C;C14403G;C14408T;G14419A;C14422G;A14470T;C14491T;G14495C;T14526A,ORF1b:T267T;ORF1b:T284A;ORF1b:I298I;ORF1b:F304S;ORF1b:F308L;ORF1b:F312L;ORF1b:P314L;ORF1b:G318R;ORF1b:P319A;ORF1b:T335S;ORF1b:L342L;ORF1b:G343A;ORF1b:H353Q,26,446,0.0582959641255605,0,
2262026,BA.2_0.05_abundance_0.1,G15262C;T15294A,ORF1b:D599H;ORF1b:D609E,194,2364,0.0820642978003384,0,
2262026,BA.2_0.05_abundance_0.1,T15551G;A15564T;A15612C;C15631A;A15639C;G15644A;T15674C;C15714T;T15726C;A15740T;C15746A;T15756G;T15801A;T15815G;T15816C;T15817G;A15820T,ORF1b:V695G;ORF1b:L699F;ORF1b:Q715H;ORF1b:L722I;ORF1b:R724S;ORF1b:R726K;ORF1b:F736S;ORF1b:L749L;ORF1b:A753A;ORF1b:N758I;ORF1b:T760N;ORF1b:S763S;ORF1b:Y778*;ORF1b:V783G;ORF1b:V783V;ORF1b:F784V;ORF1b:M785L,76,1470,0.0517006802721088,0,
2262026,BA.2_0.05_abundance_0.1,T15551G;A15564T;A15612C;C15631A;A15639C;G15644A;T15674C;C15714T;T15726C;A15740T;C15746A;T15756G;T15801A;T15815G;T15816C;T15817G;A15820T;A15861G,ORF1b:V695G;ORF1b:L699F;ORF1b:Q715H;ORF1b:L722I;ORF1b:R724S;ORF1b:R726K;ORF1b:F736S;ORF1b:L749L;ORF1b:A753A;ORF1b:N758I;ORF1b:T760N;ORF1b:S763S;ORF1b:Y778*;ORF1b:V783G;ORF1b:V783V;ORF1b:F784V;ORF1b:M785L;ORF1b:K798K,6,43,0.1395348837209302,0,
2262026,BA.2_0.05_abundance_0.1,C15714T;A15808C,ORF1b:L749L;ORF1b:N781H,86,1484,0.0579514824797843,0,
2262026,BA.2_0.05_abundance_0.1,C15714T;T15817C,ORF1b:L749L;ORF1b:F784L,135,1474,0.0915875169606512,3,BA.2.74:2;BQ.1.23:1
2262026,BA.2_0.05_abundance_0.1,A15861G;C15904T;T15927C;G15955T;G15995C;G16027T;T16029A;T16074A;A16105G;C16134A;T16147A;T16155C;G16158A,ORF1b:K798K;ORF1b:Q813*;ORF1b:L820L;ORF1b:G830W;ORF1b:G843A;ORF1b:A854S;ORF1b:A854A;ORF1b:A869A;ORF1b:R880G;ORF1b:H889Q;ORF1b:Y894N;ORF1b:V896V;ORF1b:M897I,14,360,0.0388888888888888,0,
2262026,BA.2_0.05_abundance_0.1,A15861G;C15904T;T15927C;G15955T;G15995C;G16027T;T16029A;T16074A;A16105G;C16134A;T16147A;T16155C;G16158A;A16172C,ORF1b:K798K;ORF1b:Q813*;ORF1b:L820L;ORF1b:G830W;ORF1b:G843A;ORF1b:A854S;ORF1b:A854A;ORF1b:A869A;ORF1b:R880G;ORF1b:H889Q;ORF1b:Y894N;ORF1b:V896V;ORF1b:M897I;ORF1b:N902T,5,120,0.0416666666666666,0,
2262026,BA.2_0.05_abundance_0.1,C15904T;T15927C;G15955T;G15995C;G16027T;T16029A;T16074A;A16105G;C16134A;T16147A;T16155C;G16158A;A16172C,ORF1b:Q813*;ORF1b:L820L;ORF1b:G830W;ORF1b:G843A;ORF1b:A854S;ORF1b:A854A;ORF1b:A869A;ORF1b:R880G;ORF1b:H889Q;ORF1b:Y894N;ORF1b:V896V;ORF1b:M897I;ORF1b:N902T,16,441,0.0362811791383219,0,
2262026,BA.2_0.05_abundance_0.1,C15904T;T15927C;G15955T;G15995C;G16027T;T16029A;T16074A;A16105G;C16134A;T16147A;T16155C;G16158A,ORF1b:Q813*;ORF1b:L820L;ORF1b:G830W;ORF1b:G843A;ORF1b:A854S;ORF1b:A854A;ORF1b:A869A;ORF1b:R880G;ORF1b:H889Q;ORF1b:Y894N;ORF1b:V896V;ORF1b:M897I,35,1432,0.0244413407821229,0,
2262026,BA.2_0.05_abundance_0.1,T16778G;A16804C;T16809C;A16819C;A16824T;G16855C;T16863C;T16884G;A16889C;A16895C;T16911A;T16926C;T16931G;C16952A;C16961T;C17028T;T17052A;A17063G;A17101G,ORF1b:V1104G;ORF1b:N1113H;ORF1b:S1114S;ORF1b:I1118L;ORF1b:G1119G;ORF1b:D1130H;ORF1b:V1132V;ORF1b:T1139T;ORF1b:K1141T;ORF1b:N1143T;ORF1b:F1148L;ORF1b:H1153H;ORF1b:V1155G;ORF1b:T1162K;ORF1b:P1165L;ORF1b:S1187S;ORF1b:V1195V;ORF1b:K1199R;ORF1b:S1212G,7,203,0.0344827586206896,0,
2262026,BA.2_0.05_abundance_0.1,A16804C;T16809C;A16819C;A16824T;G16855C;T16863C;T16884G;A16889C;A16895C;T16911A;T16926C;T16931G;C16952A;C16961T;C17028T;T17052A;A17063G;A17101G,ORF1b:N1113H;ORF1b:S1114S;ORF1b:I1118L;ORF1b:G1119G;ORF1b:D1130H;ORF1b:V1132V;ORF1b:T1139T;ORF1b:K1141T;ORF1b:N1143T;ORF1b:F1148L;ORF1b:H1153H;ORF1b:V1155G;ORF1b:T1162K;ORF1b:P1165L;ORF1b:S1187S;ORF1b:V1195V;ORF1b:K1199R;ORF1b:S1212G,45,1341,0.0335570469798657,0,
2262026,BA.2_0.05_abundance_0.1,A16804C;T16809C;A16819C;A16824T;G16855C;T16863C;T16884G;A16889C;A16895C;T16911A;T16926C;T16931G;C16952A;C16961T;C17028T;T17052A;A17063G;A17101G;G17117T;C17119T,ORF1b:N1113H;ORF1b:S1114S;ORF1b:I1118L;ORF1b:G1119G;ORF1b:D1130H;ORF1b:V1132V;ORF1b:T1139T;ORF1b:K1141T;ORF1b:N1143T;ORF1b:F1148L;ORF1b:H1153H;ORF1b:V1155G;ORF1b:T1162K;ORF1b:P1165L;ORF1b:S1187S;ORF1b:V1195V;ORF1b:K1199R;ORF1b:S1212G;ORF1b:G1217V;ORF1b:L1218L,5,172,0.0290697674418604,0,
2262026,BA.2_0.05_abundance_0.1,G16968C;G17017T,ORF1b:E1167D;ORF1b:E1184*,189,1498,0.1261682242990654,0,
2262026,BA.2_0.05_abundance_0.1,G16968C;T17020G,ORF1b:E1167D;ORF1b:F1185V,23,1498,0.0153538050734312,0,
2262026,BA.2_0.05_abundance_0.1,G16968C;G17017T;T17020G,ORF1b:E1167D;ORF1b:E1184*;ORF1b:F1185V,30,1498,0.0200267022696929,0,
2262026,BA.2_0.05_abundance_0.1,G17017T;T17020G,ORF1b:E1184*;ORF1b:F1185V,91,1498,0.0607476635514018,0,
2262026,BA.2_0.05_abundance_0.1,A17101G;G17117T;C17119T;T17126C;G17162A;T17166C;T17169A;A17199C;T17210C;T17255A;T17263A;A17270G;A17294G;A17300G;T17306C;G17320A;G17331A;A17332T;T17353A;G17359C;T17400G;C17410T,ORF1b:S1212G;ORF1b:G1217V;ORF1b:L1218L;ORF1b:L1220P;ORF1b:C1232Y;ORF1b:S1233S;ORF1b:H1234Q;ORF1b:A1244A;ORF1b:L1248S;ORF1b:V1263E;ORF1b:F1266I;ORF1b:K1268R;ORF1b:E1276G;ORF1b:Y1278C;ORF1b:F1280S;ORF1b:A1285T;ORF1b:E1288E;ORF1b:T1289S;ORF1b:F1296I;ORF1b:E1298Q;ORF1b:N1311K;ORF1b:R1315C,64,1245,0.0514056224899598,0,
2262026,BA.2_0.05_abundance_0.1,A17101G;G17117T;C17119T;T17126C;G17162A;T17166C;T17169A;A17199C;T17210C;T17255A;T17263A;A17270G;A17294G;A17300G;T17306C;G17320A;G17331A;A17332T;T17353A;G17359C;T17400G,ORF1b:S1212G;ORF1b:G1217V;ORF1b:L1218L;ORF1b:L1220P;ORF1b:C1232Y;ORF1b:S1233S;ORF1b:H1234Q;ORF1b:A1244A;ORF1b:L1248S;ORF1b:V1263E;ORF1b:F1266I;ORF1b:K1268R;ORF1b:E1276G;ORF1b:Y1278C;ORF1b:F1280S;ORF1b:A1285T;ORF1b:E1288E;ORF1b:T1289S;ORF1b:F1296I;ORF1b:E1298Q;ORF1b:N1311K,28,1740,0.0160919540229885,0,
2262026,BA.2_0.05_abundance_0.1,G17117T;C17119T;T17126C;G17162A;T17166C;T17169A;A17199C;T17210C;T17255A;T17263A;A17270G;A17294G;A17300G;T17306C;G17320A;G17331A;A17332T;T17353A;G17359C;T17400G;C17410T,ORF1b:G1217V;ORF1b:L1218L;ORF1b:L1220P;ORF1b:C1232Y;ORF1b:S1233S;ORF1b:H1234Q;ORF1b:A1244A;ORF1b:L1248S;ORF1b:V1263E;ORF1b:F1266I;ORF1b:K1268R;ORF1b:E1276G;ORF1b:Y1278C;ORF1b:F1280S;ORF1b:A1285T;ORF1b:E1288E;ORF1b:T1289S;ORF1b:F1296I;ORF1b:E1298Q;ORF1b:N1311K;ORF1b:R1315C,114,3541,0.0321942953967805,0,
2262026,BA.2_0.05_abundance_0.1,G17117T;C17119T;T17126C;G17162A;T17166C;T17169A;A17199C;T17210C;T17255A;T17263A;A17270G;A17294G;A17300G;T17306C;G17320A;G17331A;A17332T;T17353A;G17359C;T17400G,ORF1b:G1217V;ORF1b:L1218L;ORF1b:L1220P;ORF1b:C1232Y;ORF1b:S1233S;ORF1b:H1234Q;ORF1b:A1244A;ORF1b:L1248S;ORF1b:V1263E;ORF1b:F1266I;ORF1b:K1268R;ORF1b:E1276G;ORF1b:Y1278C;ORF1b:F1280S;ORF1b:A1285T;ORF1b:E1288E;ORF1b:T1289S;ORF1b:F1296I;ORF1b:E1298Q;ORF1b:N1311K,54,4945,0.0109201213346814,0,
2262026,BA.2_0.05_abundance_0.1,C17410T;T17486C,ORF1b:R1315C;ORF1b:L1340P,58,135,0.4296296296296296,2,BA.2:1;BF.7.5:1
2262026,BA.2_0.05_abundance_0.1,T17486C;G17561A,ORF1b:L1340P;ORF1b:R1365Q,14,1167,0.0119965724078834,0,
2262026,BA.2_0.05_abundance_0.1,G17749C;G17753T;A17775T;A17791T;T17812A;G17815T;A17823G;A17853C;T17859A;C17885T;A17889T;T17978C;A17984T,ORF1b:A1428P;ORF1b:W1429L;ORF1b:S1436S;ORF1b:N1442Y;ORF1b:L1449M;ORF1b:G1450*;ORF1b:P1452P;ORF1b:S1462S;ORF1b:Y1464*;ORF1b:T1473I;ORF1b:E1474D;ORF1b:L1504P;ORF1b:D1506V,10,616,0.0162337662337662,0,
2262026,BA.2_0.05_abundance_0.1,G17749C;G17753T;A17775T;A17791T;T17812A;G17815T;A17823G;A17853C;T17859A;A17889T;T17978C;A17984T,ORF1b:A1428P;ORF1b:W1429L;ORF1b:S1436S;ORF1b:N1442Y;ORF1b:L1449M;ORF1b:G1450*;ORF1b:P1452P;ORF1b:S1462S;ORF1b:Y1464*;ORF1b:E1474D;ORF1b:L1504P;ORF1b:D1506V,38,616,0.0616883116883116,0,
2262026,BA.2_0.05_abundance_0.1,A18163G;T18295C,ORF1b:I1566V;ORF1b:W1610R,235,1571,0.1495862507956715,2,BA.2:1;BA.2.12.1:1
2262026,BA.2_0.05_abundance_0.1,T18295C;A18579C,ORF1b:W1610R;ORF1b:R1704S,16,395,0.040506329113924,0,
2262026,BA.2_0.05_abundance_0.1,G18968A;A18969G;A18982G;T19016G;G19056A;A19073G;G19086A;T19110A;A19116G;A19123T;A19134G;T19139C;T19146G;T19149C;A19210G;G19211T;A19212C;G19219A;C19227T;T19233A;T19241C;T19248G;C19255G,ORF1b:R1834K;ORF1b:R1834R;ORF1b:M1839V;ORF1b:F1850C;ORF1b:K1863K;ORF1b:D1869G;ORF1b:K1873K;ORF1b:S1881R;ORF1b:K1883K;ORF1b:K1886*;ORF1b:E1889E;ORF1b:F1891S;ORF1b:S1893S;ORF1b:Y1894Y;ORF1b:R1915G;ORF1b:R1915I;ORF1b:R1915S;ORF1b:A1918T;ORF1b:S1920S;ORF1b:V1922V;ORF1b:F1925S;ORF1b:T1927T;ORF1b:L1930V,18,353,0.0509915014164305,0,
2262026,BA.2_0.05_abundance_0.1,G18968A;A18969G;A18982G;T19016G;G19056A;A19073G;G19086A;T19110A;A19116G;A19123T;A19134G;T19139C;T19146G;T19149C;A19210G;G19211T;A19212C;G19219A;C19227T;T19233A;T19241C;T19248G,ORF1b:R1834K;ORF1b:R1834R;ORF1b:M1839V;ORF1b:F1850C;ORF1b:K1863K;ORF1b:D1869G;ORF1b:K1873K;ORF1b:S1881R;ORF1b:K1883K;ORF1b:K1886*;ORF1b:E1889E;ORF1b:F1891S;ORF1b:S1893S;ORF1b:Y1894Y;ORF1b:R1915G;ORF1b:R1915I;ORF1b:R1915S;ORF1b:A1918T;ORF1b:S1920S;ORF1b:V1922V;ORF1b:F1925S;ORF1b:T1927T,7,450,0.0155555555555555,0,
2262026,BA.2_0.05_abundance_0.1,G20518A;G20548A;T20563A;T20570C;T20573G;T20579G;T20606G;T20609A;G20616T;G20618A;T20625G;C20629T;C20646A;T20671C;T20690G;G20691C;T20701G;A20711G;A20716C;T20717A;T20723C;A20744T;A20766G;C20790T;A20796T;G20808C,ORF1b:D2351N;ORF1b:D2361N;ORF1b:S2366T;ORF1b:V2368A;ORF1b:V2369G;ORF1b:V2371G;ORF1b:F2380C;ORF1b:M2381K;ORF1b:W2383C;ORF1b:C2384Y;ORF1b:D2386E;ORF1b:H2388Y;ORF1b:Y2393*;ORF1b:W2402R;ORF1b:M2408R;ORF1b:M2408I;ORF1b:Y2412D;ORF1b:Q2415R;ORF1b:M2417L;ORF1b:M2417K;ORF1b:L2419S;ORF1b:N2426I;ORF1b:L2433L;ORF1b:V2441V;ORF1b:K2443N;ORF1b:L2447L,36,1057,0.0340586565752128,0,
2262026,BA.2_0.05_abundance_0.1,G20518A;G20548A;T20563A;T20570C;T20573G;T20579G;T20606G;T20609A;G20616T;G20618A;T20625G;C20629T;C20646A;T20671C;T20690G;G20691C;T20701G;A20711G;T20717A;T20723C;A20744T;A20766G;C20790T;A20796T;G20808C,ORF1b:D2351N;ORF1b:D2361N;ORF1b:S2366T;ORF1b:V2368A;ORF1b:V2369G;ORF1b:V2371G;ORF1b:F2380C;ORF1b:M2381K;ORF1b:W2383C;ORF1b:C2384Y;ORF1b:D2386E;ORF1b:H2388Y;ORF1b:Y2393*;ORF1b:W2402R;ORF1b:M2408R;ORF1b:M2408I;ORF1b:Y2412D;ORF1b:Q2415R;ORF1b:M2417K;ORF1b:L2419S;ORF1b:N2426I;ORF1b:L2433L;ORF1b:V2441V;ORF1b:K2443N;ORF1b:L2447L,13,1057,0.0122989593188268,0,
2262026,BA.2_0.05_abundance_0.1,A20716C;C20823A,ORF1b:M2417L;ORF1b:N2452K,47,1061,0.0442978322337417,0,
2262026,BA.2_0.05_abundance_0.1,A20716C;G20788C,ORF1b:M2417L;ORF1b:V2441L,33,1064,0.0310150375939849,0,
2262026,BA.2_0.05_abundance_0.1,T21702C;C21711A;A21720T;T21756A;A21768C;G21795C;T21818C;C21843A;A21858G;G21869C;G21873T;A21875G;C21904G;C21910T;A21913T;A21917T;A21923C;T21937C;C21962A;G21987A,S:V47A;S:S50*;S:D53V;S:F65Y;S:H69P;S:R78T;S:F86L;S:S94Y;S:N99S;S:G103R;S:W104L;S:I105V;S:T114T;S:S116S;S:L117L;S:I119F;S:N121H;S:N125N;S:Q134K;S:G142D,40,1166,0.0343053173241852,0,
2262026,BA.2_0.05_abundance_0.1,T21702C;A21720T;T21756A;A21768C;G21795C;T21818C;C21843A;A21858G;G21869C;G21873T;A21875G;C21904G;C21910T;A21913T;A21917T;A21923C;T21937C;C21962A;G21987A,S:V47A;S:D53V;S:F65Y;S:H69P;S:R78T;S:F86L;S:S94Y;S:N99S;S:G103R;S:W104L;S:I105V;S:T114T;S:S116S;S:L117L;S:I119F;S:N121H;S:N125N;S:Q134K;S:G142D,24,1166,0.0205831903945111,0,
2262026,BA.2_0.05_abundance_0.1,C21711A;G21987A,S:S50*;S:G142D,791,1177,0.6720475785896347,4,AY.100:1;B.1.617.2:1;BA.2.12.1:1;AY.127:1
2262026,BA.2_0.05_abundance_0.1,G22578A;C22674T;T22679C;C22686T;A22688G;T22726A;G22775A,S:G339D;S:S371F;S:S373P;S:S375F;S:T376A;S:N388K;S:D405N,70,151,0.4635761589403973,3,BE.1.1:1;BA.5.2.23:1;BA.5.2.12:1
2262026,BA.2_0.05_abundance_0.1,G22578A;C22674T;T22679C;C22686T;A22688G;T22726A,S:G339D;S:S371F;S:S373P;S:S375F;S:T376A;S:N388K,7,162,0.0432098765432098,3,BE.1.1:1;BA.5.2.23:1;BA.5.2.12:1
2262026,BA.2_0.05_abundance_0.1,T23507A;C23530T;A23534C;T23540G;A23566C;A23570G;A23588T;T23599G;C23604A;G23628A;A23665C;A23670C;G23675A;T23680G;A23696G;A23760C;A23772G,S:C649S;S:V656V;S:N658H;S:Y660D;S:A668A;S:I670V;S:T676S;S:N679K;S:P681H;S:S689N;S:A701A;S:N703T;S:V705I;S:A706A;S:I712V;S:K733T;S:D737G,15,393,0.0381679389312977,0,
2262026,BA.2_0.05_abundance_0.1,T23507A;C23530T;A23534C;T23540G;A23566C;A23570G;A23588T;T23599G;C23604A;G23628A;A23665C;A23670C;G23675A;T23680G;A23696G;A23760C;A23772G;C23809T;A23810C,S:C649S;S:V656V;S:N658H;S:Y660D;S:A668A;S:I670V;S:T676S;S:N679K;S:P681H;S:S689N;S:A701A;S:N703T;S:V705I;S:A706A;S:I712V;S:K733T;S:D737G;S:C749C;S:S750R,8,122,0.0655737704918032,0,
2262026,BA.2_0.05_abundance_0.1,A24424T;T24469A;A24545G;C24627A,S:Q954H;S:N969K;S:R995G;S:A1022D,79,203,0.3891625615763547,0,
2262026,BA.2_0.05_abundance_0.1,A24424T;T24469A;A24545G,S:Q954H;S:N969K;S:R995G,40,203,0.1970443349753694,21,BA.2:6;BA.2.75:1;B.1.1.529:6;BA.1.1.13:1;BA.1.1:4;BA.5.2:1;BA.2.9.5:1;BA.1.10:1
2262026,BA.2_0.05_abundance_0.1,A24424T;T24469A;C24627A,S:Q954H;S:N969K;S:A1022D,51,203,0.2512315270935961,0,
2262026,BA.2_0.05_abundance_0.1,A24424T;A24433C;A24453G;C24458A;T24464G;A24468C;T24469A;T24475A;C24477G;G24515A;G24533C;A24539C;C24555G;A24562T;A24602C;A24619T;T24625C;C24627A;A24630C;C24662A;A24673T;C24720A;T24721A;G24740C,S:Q954H;S:Q957H;S:K964R;S:L966I;S:S968A;S:N969T;S:N969K;S:G971G;S:A972G;S:D985N;S:V991L;S:I993L;S:T998R;S:R1000S;S:R1014R;S:R1019S;S:S1021S;S:A1022D;S:N1023T;S:L1034I;S:S1037S;S:P1053H;S:P1053P;S:V1060L,10,164,0.0609756097560975,0,
2262026,BA.2_0.05_abundance_0.1,A24433C;A24453G;C24458A;T24464G;A24468C;T24469A;T24475A;C24477G;G24515A;G24533C;A24539C;C24555G;A24562T;A24602C;A24619T;T24625C;C24627A;A24630C;C24662A;A24673T;C24720A;T24721A;G24740C,S:Q957H;S:K964R;S:L966I;S:S968A;S:N969T;S:N969K;S:G971G;S:A972G;S:D985N;S:V991L;S:I993L;S:T998R;S:R1000S;S:R1014R;S:R1019S;S:S1021S;S:A1022D;S:N1023T;S:L1034I;S:S1037S;S:P1053H;S:P1053P;S:V1060L,28,688,0.0406976744186046,0,
2262026,BA.2_0.05_abundance_0.1,T24469A;A24545G;C24627A,S:N969K;S:R995G;S:A1022D,239,895,0.2670391061452514,0,
2262026,BA.2_0.05_abundance_0.1,T24469A;C24627A,S:N969K;S:A1022D,209,895,0.2335195530726257,1,B.1.1.7:1
2262026,BA.2_0.05_abundance_0.1,T24469A;A24545G,S:N969K;S:R995G,105,895,0.1173184357541899,22,BA.2:6;BA.2.75:1;B.1.1.529:7;BA.1.1:4;BA.5.2:1;BA.2.9.5:1;BA.1.10:1;BA.1.1.13:1
2262026,BA.2_0.05_abundance_0.1,G24740C;G24757C;C24801G;A24820T;T24829A;A24860G;A24874C;C24878G;T24887G;A24894G;T24906G;G24933A;A24950G;T24951G;C24964G;C24986T;C25000T;T25030A,S:V1060L;S:V1065V;S:A1080G;S:K1086N;S:F1089L;S:T1100A;S:V1104V;S:Q1106E;S:F1109V;S:E1111G;S:I1115S;S:G1124D;S:I1130V;S:I1130R;S:N1134K;S:Q1142*;S:D1146D;S:F1156L,106,2023,0.0523974295600593,0,
2262026,BA.2_0.05_abundance_0.1,T24866C;C25000T,S:W1102R;S:D1146D,140,2561,0.0546661460367044,8,BA.2:3;BA.1.18:1;BA.1:1;BA.2.37:1;BA.2.9:2
2262026,BA.2_0.05_abundance_0.1,G25311T;T25319C;G25331T;T25343C;A25360C;A25367G;T25414C;T25461A;A25462C;C25584T;T25633A,S:C1250F;S:C1253R;S:D1257Y;S:S1261P;S:K1266N;S:K1269E;ORF3a:F8L;ORF3a:A23A;ORF3a:T24P;ORF3a:T64T;ORF3a:C81S,7,157,0.0445859872611464,0,
2262026,BA.2_0.05_abundance_0.1,G25311T;T25319C;G25331T;T25343C;A25360C;A25367G;T25414C;T25461A;A25462C;C25584T,S:C1250F;S:C1253R;S:D1257Y;S:S1261P;S:K1266N;S:K1269E;ORF3a:F8L;ORF3a:A23A;ORF3a:T24P;ORF3a:T64T,7,281,0.0249110320284697,0,
2262026,BA.2_0.05_abundance_0.1,T25319C;G25331T;T25343C;A25360C;A25367G;T25414C;T25461A;A25462C;C25584T;T25633A,S:C1253R;S:D1257Y;S:S1261P;S:K1266N;S:K1269E;ORF3a:F8L;ORF3a:A23A;ORF3a:T24P;ORF3a:T64T;ORF3a:C81S,25,549,0.0455373406193078,0,
2262026,BA.2_0.05_abundance_0.1,T25319C;G25331T;T25343C;A25360C;A25367G;T25414C;T25461A;A25462C;C25584T,S:C1253R;S:D1257Y;S:S1261P;S:K1266N;S:K1269E;ORF3a:F8L;ORF3a:A23A;ORF3a:T24P;ORF3a:T64T,20,1053,0.0189933523266856,0,
2262026,BA.2_0.05_abundance_0.1,G25331T;T25343C;A25360C;A25367G;T25414C;T25461A;A25462C;C25584T,S:D1257Y;S:S1261P;S:K1266N;S:K1269E;ORF3a:F8L;ORF3a:A23A;ORF3a:T24P;ORF3a:T64T,16,1482,0.0107962213225371,0,
2262026,BA.2_0.05_abundance_0.1,G25331T;T25343C;A25360C;A25367G;T25414C;T25461A;A25462C;C25584T;T25633A,S:D1257Y;S:S1261P;S:K1266N;S:K1269E;ORF3a:F8L;ORF3a:A23A;ORF3a:T24P;ORF3a:T64T;ORF3a:C81S,13,748,0.017379679144385,0,
2262026,BA.2_0.05_abundance_0.1,C26060T;C26079G;C26270T,ORF3a:T223I;ORF3a:T229T;E:T9I,100,243,0.411522633744856,13,BA.2.65:1;BA.2.75:1;BA.2.9:6;BA.2.40.1:1;BA.2:2;BA.5.2.1:1;BA.5.2.21:1
2262026,BA.2_0.05_abundance_0.1,C26060T;T26080C;C26270T,ORF3a:T223I;ORF3a:F230L;E:T9I,25,243,0.102880658436214,19,BA.5.1.22:2;BA.2.3:3;BA.2.1:1;BA.5.2:2;BA.2.9:2;BA.5.5.2:1;BA.2:4;BA.2.24:1;BA.5.2.28:1;BE.1:1;BF.21:1
2262026,BA.2_0.05_abundance_0.1,C26060T;C26079G;T26080C;C26270T,ORF3a:T223I;ORF3a:T229T;ORF3a:F230L;E:T9I,62,243,0.2551440329218107,0,
2262026,BA.2_0.05_abundance_0.1,C26060T;T26080C,ORF3a:T223I;ORF3a:F230L,13,330,0.0393939393939393,21,BA.2:4;BA.2.3:3;BA.2.1:1;BA.5.2:2;BA.2.24:1;BE.1:1;AY.4:1;BF.21:1;B.1.497:1;BA.5.5.2:1;BA.2.9:2;BA.5.2.28:1;BA.5.1.22:2
2262026,BA.2_0.05_abundance_0.1,C26060T;C26079G;T26080C,ORF3a:T223I;ORF3a:T229T;ORF3a:F230L,25,330,0.0757575757575757,0,
2262026,BA.2_0.05_abundance_0.1,C26060T;C26079G,ORF3a:T223I;ORF3a:T229T,32,330,0.0969696969696969,13,BA.2.65:1;BA.2.75:1;BA.2.9:6;BA.2.40.1:1;BA.2:2;BA.5.2.1:1;BA.5.2.21:1
2262026,BA.2_0.05_abundance_0.1,C26858T;A27136G,M:F112F;M:K205R,16,19,0.8421052631578947,6,BA.5.2.1:1;BA.2.38:2;BA.4:1;BA.4.1:1;BA.2.10:1
2262026,BA.2_0.05_abundance_0.1,C27208A;G27225T;A27246C;A27259C;G27261C;C27263T;G27281A;T27291G;T27296G;A27317T;A27321C;G27327T;T27328G;A27359G;A27372G;G27382C;A27383T;T27384C;A27399G;G27420A;C27427A;G27430T;C27434A;T27483G,ORF6:H3N;ORF6:Q8H;ORF6:L15F;ORF6:R20R;ORF6:R20S;ORF6:T21I;ORF6:W27*;ORF6:D30E;ORF6:I32S;ORF6:N39I;ORF6:L40F;ORF6:K42N;ORF6:S43A;ORF6:D53G;ORF6:P57P;ORF6:D61H;ORF6:D61V;ORF6:D61D;ORF7a:K2K;ORF7a:L9L;ORF7a:L12I;ORF7a:A13S;ORF7a:T14N;ORF7a:L30L,14,809,0.0173053152039555,0,
2262026,BA.2_0.05_abundance_0.1,C27208A;G27225T;A27246C;A27259C;G27261C;C27263T;G27281A;T27291G;T27296G;A27317T;A27321C;G27327T;T27328G;A27359G;A27372G;G27382C;A27383T;T27384C;A27399G;G27420A;C27427A;G27430T;C27434A;T27483G;A27491T;C27494A,ORF6:H3N;ORF6:Q8H;ORF6:L15F;ORF6:R20R;ORF6:R20S;ORF6:T21I;ORF6:W27*;ORF6:D30E;ORF6:I32S;ORF6:N39I;ORF6:L40F;ORF6:K42N;ORF6:S43A;ORF6:D53G;ORF6:P57P;ORF6:D61H;ORF6:D61V;ORF6:D61D;ORF7a:K2K;ORF7a:L9L;ORF7a:L12I;ORF7a:A13S;ORF7a:T14N;ORF7a:L30L;ORF7a:E33V;ORF7a:P34H,11,389,0.0282776349614395,0,
2262026,BA.2_0.05_abundance_0.1,C27208A;G27225T;A27246C;A27259C;G27261C;C27263T;G27281A;T27291G;T27296G;A27317T;A27321C;G27327T;T27328G;A27359G;A27372G;G27382C;A27383T;T27384C;A27399G;G27420A;C27427A;G27430T;C27434A;T27483G;A27491T,ORF6:H3N;ORF6:Q8H;ORF6:L15F;ORF6:R20R;ORF6:R20S;ORF6:T21I;ORF6:W27*;ORF6:D30E;ORF6:I32S;ORF6:N39I;ORF6:L40F;ORF6:K42N;ORF6:S43A;ORF6:D53G;ORF6:P57P;ORF6:D61H;ORF6:D61V;ORF6:D61D;ORF7a:K2K;ORF7a:L9L;ORF7a:L12I;ORF7a:A13S;ORF7a:T14N;ORF7a:L30L;ORF7a:E33V,10,610,0.0163934426229508,0,
2262026,BA.2_0.05_abundance_0.1,G28183A;C28311T,ORF8:S97N;N:P13L,2523,4158,0.6067821067821068,293,BA.5.2:10;BA.2:174;BA.1:11;BA.1.1:48;BA.5.1.22:1;BA.1.17:1;BA.5.2.20:3;BA.5.1.24:1;BA.5.2.1:2;BA.2.12.1:18;BA.1.1.1:9;BF.8:3;DL.1:1;BA.1.15:1;BA.2.65:1;BA.1.17.2:2;BA.5.1:1;BA.5.6:4;BF.7.4:1;BA.5.2.2:1
2262026,BA.2_0.05_abundance_0.1,A28446G;C28491A;C28500T;G28514T;T28524C;T28529G;A28547T;G28548C;T28561A;A28652G,N:Q58R;N:P73Q;N:T76I;N:D81Y;N:I84T;N:Y86D;N:R92*;N:R92T;N:G96G;N:K127E,5,353,0.0141643059490084,0,
2262026,BA.2_0.05_abundance_0.1,A28446G;C28491A;C28500T;G28514T;A28518T;T28524C;T28529G;A28547T;G28548C;T28561A;A28652G,N:Q58R;N:P73Q;N:T76I;N:D81Y;N:D82V;N:I84T;N:Y86D;N:R92*;N:R92T;N:G96G;N:K127E,8,353,0.0226628895184136,0,
2262026,BA.2_0.05_abundance_0.1,A28865C;G28881A;G28882A;G28883C,N:T198P;N:R203K;N:R203R;N:G204R,22,78,0.282051282051282,8,B.1.1:1;BA.2.9:1;BF.28:5;BA.2.65:1
2262026,BA.2_0.05_abundance_0.1,A29016T;G29030T;T29036G;C29048G;G29058T;A29078G;A29089G;C29091A;C29118G;G29156A;C29187A;T29194G;G29202A;G29240C;A29241G;G29254T;C29259T;T29264A;T29293G;C29304G;A29313C,N:K248M;N:E253*;N:S255A;N:R259G;N:R262L;N:N269D;N:Q272Q;N:A273D;N:T282S;N:G295R;N:A305E;N:F307L;N:S310N;N:E323Q;N:E323G;N:S327S;N:T329M;N:L331M;N:D340E;N:P344R;N:K347T,10,231,0.0432900432900432,0,
2262026,BA.2_0.05_abundance_0.1,G29030T;T29036G;C29048G;G29058T;A29078G;A29089G;C29091A;C29118G;G29156A;C29187A;T29194G;G29202A;G29240C;A29241G;G29254T;C29259T;T29264A;T29293G;C29304G;A29313C,N:E253*;N:S255A;N:R259G;N:R262L;N:N269D;N:Q272Q;N:A273D;N:T282S;N:G295R;N:A305E;N:F307L;N:S310N;N:E323Q;N:E323G;N:S327S;N:T329M;N:L331M;N:D340E;N:P344R;N:K347T,49,1325,0.0369811320754717,0,
2262026,BA.2_0.05_abundance_0.1,A29324C;A29510C,N:I351L;N:S413R,32,215,0.1488372093023255,6,BA.2.36:5;BA.5.2.21:1
2262026,BA.2_0.05_abundance_0.1,A29324C;C29495A;A29510C,N:I351L;N:Q408K;N:S413R,9,215,0.041860465116279,0,
2262026,BA.2_0.05_abundance_0.1,C29495A;A29510C,N:Q408K;N:S413R,89,583,0.1526586620926243,0,
3052026,BA.2_0.05_abundance_0.1,G269C;A297C;C307A;T312A;T334C;C344T;G353C;G359T;T369G,ORF1a:E2Q;ORF1a:K11T;ORF1a:V14V;ORF1a:L16H;ORF1a:V23V;ORF1a:L27F;ORF1a:G30R;ORF1a:G32*;ORF1a:V35G,27,341,0.0791788856304985,0,
3052026,BA.2_0.05_abundance_0.1,G269C;A297C;C307A;T312A;T334C;C344T;G353C;G359T,ORF1a:E2Q;ORF1a:K11T;ORF1a:V14V;ORF1a:L16H;ORF1a:V23V;ORF1a:L27F;ORF1a:G30R;ORF1a:G32*,17,512,0.033203125,0,
3052026,BA.2_0.05_abundance_0.1,C344T;G353C;G359T;T369G;C449T;G470T;G483C;G524T;G542T;G564C;T580G;C609T;A610C;G636A;A647C;A655T;T658C;T670G,ORF1a:L27F;ORF1a:G30R;ORF1a:G32*;ORF1a:V35G;ORF1a:P62S;ORF1a:V69L;ORF1a:R73P;ORF1a:E87*;ORF1a:E93*;ORF1a:S100T;ORF1a:G105G;ORF1a:P115L;ORF1a:P115P;ORF1a:R124H;ORF1a:N128H;ORF1a:G130G;ORF1a:A131A;ORF1a:S135R,8,95,0.0842105263157894,0,
3052026,BA.2_0.05_abundance_0.1,G353C;G359T;T369G;C449T;G470T;G483C;G524T;G542T;G564C;T580G;C609T;A610C;G636A;A647C;A655T;T658C;T670G,ORF1a:G30R;ORF1a:G32*;ORF1a:V35G;ORF1a:P62S;ORF1a:V69L;ORF1a:R73P;ORF1a:E87*;ORF1a:E93*;ORF1a:S100T;ORF1a:G105G;ORF1a:P115L;ORF1a:P115P;ORF1a:R124H;ORF1a:N128H;ORF1a:G130G;ORF1a:A131A;ORF1a:S135R,18,319,0.0564263322884012,0,
3052026,BA.2_0.05_abundance_0.1,G359T;T369G;C449T;G470T;G483C;G524T;G542T;G564C;T580G;C609T;A610C;G636A;A647C;A655T;T658C;T670G,ORF1a:G32*;ORF1a:V35G;ORF1a:P62S;ORF1a:V69L;ORF1a:R73P;ORF1a:E87*;ORF1a:E93*;ORF1a:S100T;ORF1a:G105G;ORF1a:P115L;ORF1a:P115P;ORF1a:R124H;ORF1a:N128H;ORF1a:G130G;ORF1a:A131A;ORF1a:S135R,56,841,0.0665873959571938,0,
3052026,BA.2_0.05_abundance_0.1,T369G;C449T;G470T;G483C;G524T;G542T;G564C;T580G;C609T;A610C;G636A;A647C;A655T;T658C;T670G,ORF1a:V35G;ORF1a:P62S;ORF1a:V69L;ORF1a:R73P;ORF1a:E87*;ORF1a:E93*;ORF1a:S100T;ORF1a:G105G;ORF1a:P115L;ORF1a:P115P;ORF1a:R124H;ORF1a:N128H;ORF1a:G130G;ORF1a:A131A;ORF1a:S135R,45,1471,0.0305914343983684,0,
3052026,BA.2_0.05_abundance_0.1,T670G;T754C;T867G,ORF1a:S135R;ORF1a:T163T;ORF1a:I201S,11,294,0.0374149659863945,0,
3052026,BA.2_0.05_abundance_0.1,T670G;T754C,ORF1a:S135R;ORF1a:T163T,128,294,0.4353741496598639,93,BA.5.2:2;BA.5.6:28;BA.2:11;BA.5.5:34;BA.2.3:1;BA.5.2.9:1;BA.2.12.1:1;BA.2.9.3:3;BA.5.1.30:1;BE.1.1.1:3;BA.5.2.1:2;BA.5.1:1;BF.5:4;BA.5.2.6:1
3052026,BA.2_0.05_abundance_0.1,T670G;T867G,ORF1a:S135R;ORF1a:I201S,8,294,0.0272108843537414,0,
3052026,BA.2_0.05_abundance_0.1,T754C;T867G,ORF1a:T163T;ORF1a:I201S,47,2941,0.0159809588575314,0,
3052026,BA.2_0.05_abundance_0.1,T1623A;C1628A;A1629T;A1644G;A1646C;A1731C;T1745C;G1782C;G1784C;G1827A;A1829G;A1849T;A1852T;C1878G;G1883A,ORF1a:I453K;ORF1a:Q455K;ORF1a:Q455L;ORF1a:N460S;ORF1a:I461L;ORF1a:E489A;ORF1a:L494L;ORF1a:C506S;ORF1a:G507R;ORF1a:W521*;ORF1a:N522D;ORF1a:S528S;ORF1a:I529I;ORF1a:S538*;ORF1a:A540T,160,1836,0.0871459694989106,0,
3052026,BA.2_0.05_abundance_0.1,C2245T;T2307A;A2345T;A2367G;C2371A;A2430G;A2437C;G2447T;A2452T;C2453A;A2483G;G2494A;A2543T,ORF1a:V660V;ORF1a:L681H;ORF1a:I694F;ORF1a:K701R;ORF1a:A702A;ORF1a:K722R;ORF1a:R724S;ORF1a:G728C;ORF1a:L729L;ORF1a:L730I;ORF1a:I740V;ORF1a:E743E;ORF1a:T760S,22,294,0.0748299319727891,0,
3052026,BA.2_0.05_abundance_0.1,C2245T;T2307A;A2345T;A2367G;C2371A;A2430G;A2437C;G2447T;A2452T;C2453A;A2483G;G2494A,ORF1a:V660V;ORF1a:L681H;ORF1a:I694F;ORF1a:K701R;ORF1a:A702A;ORF1a:K722R;ORF1a:R724S;ORF1a:G728C;ORF1a:L729L;ORF1a:L730I;ORF1a:I740V;ORF1a:E743E,8,347,0.0230547550432276,0,
3052026,BA.2_0.05_abundance_0.1,A2543T;A2554T;G2564T;C2567A;G2604C;T2605G;A2608G;A2645T;C2662G;C2708A;T2709A;A2725C;A2748T;A2766T;T2771C;C2790T;A2807C;A2848T;G2849C,ORF1a:T760S;ORF1a:L763F;ORF1a:E767*;ORF1a:Q768K;ORF1a:G780A;ORF1a:G780G;ORF1a:T781T;ORF1a:K794*;ORF1a:Y799*;ORF1a:L815I;ORF1a:L815H;ORF1a:P820P;ORF1a:D828V;ORF1a:Q834L;ORF1a:Y836H;ORF1a:T842I;ORF1a:R848R;ORF1a:T861T;ORF1a:V862L,13,162,0.0802469135802469,0,
3052026,BA.2_0.05_abundance_0.1,A2554T;G2564T;C2567A;G2604C;T2605G;A2608G;A2645T;C2662G;C2708A;T2709A;A2725C;A2748T;A2766T;T2771C;C2790T;A2807C;A2848T;G2849C,ORF1a:L763F;ORF1a:E767*;ORF1a:Q768K;ORF1a:G780A;ORF1a:G780G;ORF1a:T781T;ORF1a:K794*;ORF1a:Y799*;ORF1a:L815I;ORF1a:L815H;ORF1a:P820P;ORF1a:D828V;ORF1a:Q834L;ORF1a:Y836H;ORF1a:T842I;ORF1a:R848R;ORF1a:T861T;ORF1a:V862L,9,323,0.0278637770897832,0,
3052026,BA.2_0.05_abundance_0.1,G2914T;C3037T,ORF1a:L883F;ORF1a:F924F,71,574,0.1236933797909407,56,AY.54:4;BA.1.18:1;B.1:2;B.1.1.7:1;AY.6:1;B.1.234:1;B.1.617.2:1;AY.25:1;AY.4:6;AY.127:3;B.1.162:1;AY.77:1;BA.1.1.18:2;BA.1.1:3;BA.5:1;BA.1.21:4;BF.5:1;B.1.1.153:1;BA.1.17.2:2;AY.3:2;B.1.1:3;BA.2.12.1:1;AY.44:4;AY.103:2;AY.26:1;P.1:2;AY.4.6:1;B.1.2:1;BA.1:1;AY.4.5:1
3052026,BA.2_0.05_abundance_0.1,A3186G;G3239C;T3265C;A3273G;A3277T;G3320A;A3341C;G3345C;A3357C;A3374C;A3381C;G3410C;C3426T;A3428T,ORF1a:E974G;ORF1a:D992H;ORF1a:T1000T;ORF1a:Q1003R;ORF1a:T1004T;ORF1a:V1019I;ORF1a:N1026H;ORF1a:S1027T;ORF1a:Y1031S;ORF1a:N1037H;ORF1a:Y1039S;ORF1a:A1049P;ORF1a:P1054L;ORF1a:T1055S,68,638,0.1065830721003134,0,
3052026,BA.2_0.05_abundance_0.1,G3239C;T3265C;A3273G;A3277T;G3320A;A3341C;G3345C;A3357C;A3374C;A3381C;G3410C;C3426T;A3428T,ORF1a:D992H;ORF1a:T1000T;ORF1a:Q1003R;ORF1a:T1004T;ORF1a:V1019I;ORF1a:N1026H;ORF1a:S1027T;ORF1a:Y1031S;ORF1a:N1037H;ORF1a:Y1039S;ORF1a:A1049P;ORF1a:P1054L;ORF1a:T1055S,7,666,0.0105105105105105,0,
3052026,BA.2_0.05_abundance_0.1,T4329C;C4338A;T4365C;A4395C;G4432T;A4451C;C4499A;T4530G;A4588C;G4592C;C4596G;A4604T;A4607G;T4608C;A4645T,ORF1a:I1355T;ORF1a:S1358Y;ORF1a:I1367T;ORF1a:E1377A;ORF1a:M1389I;ORF1a:K1396Q;ORF1a:Q1412K;ORF1a:F1422C;ORF1a:L1441L;ORF1a:E1443Q;ORF1a:T1444S;ORF1a:T1447S;ORF1a:M1448V;ORF1a:M1448T;ORF1a:E1460D,5,290,0.0172413793103448,0,
3052026,BA.2_0.05_abundance_0.1,T4329C;C4338A;T4365C;G4432T;A4451C;C4499A;T4530G;A4588C;G4592C;C4596G;A4604T;A4607G;T4608C;A4645T,ORF1a:I1355T;ORF1a:S1358Y;ORF1a:I1367T;ORF1a:M1389I;ORF1a:K1396Q;ORF1a:Q1412K;ORF1a:F1422C;ORF1a:L1441L;ORF1a:E1443Q;ORF1a:T1444S;ORF1a:T1447S;ORF1a:M1448V;ORF1a:M1448T;ORF1a:E1460D,15,290,0.0517241379310344,0,
3052026,BA.2_0.05_abundance_0.1,T4329C;C4338A;T4365C;C4404T;G4432T;A4451C;C4499A;T4530G;A4588C;G4592C;C4596G;A4604T;A4607G;T4608C;A4645T,ORF1a:I1355T;ORF1a:S1358Y;ORF1a:I1367T;ORF1a:A1380V;ORF1a:M1389I;ORF1a:K1396Q;ORF1a:Q1412K;ORF1a:F1422C;ORF1a:L1441L;ORF1a:E1443Q;ORF1a:T1444S;ORF1a:T1447S;ORF1a:M1448V;ORF1a:M1448T;ORF1a:E1460D,5,290,0.0172413793103448,0,
3052026,BA.2_0.05_abundance_0.1,T4329C;C4338A;T4365C;G4432T;A4451C;C4499A;T4530G;A4588C;G4592C;C4596G;A4604T;A4607G;T4608C;A4645T;T4660G,ORF1a:I1355T;ORF1a:S1358Y;ORF1a:I1367T;ORF1a:M1389I;ORF1a:K1396Q;ORF1a:Q1412K;ORF1a:F1422C;ORF1a:L1441L;ORF1a:E1443Q;ORF1a:T1444S;ORF1a:T1447S;ORF1a:M1448V;ORF1a:M1448T;ORF1a:E1460D;ORF1a:Y1465*,6,87,0.0689655172413793,0,
3052026,BA.2_0.05_abundance_0.1,C4338A;T4365C;G4432T;A4451C;C4499A;T4530G;A4588C;G4592C;C4596G;A4604T;A4607G;T4608C;A4645T,ORF1a:S1358Y;ORF1a:I1367T;ORF1a:M1389I;ORF1a:K1396Q;ORF1a:Q1412K;ORF1a:F1422C;ORF1a:L1441L;ORF1a:E1443Q;ORF1a:T1444S;ORF1a:T1447S;ORF1a:M1448V;ORF1a:M1448T;ORF1a:E1460D,31,953,0.0325288562434417,0,
3052026,BA.2_0.05_abundance_0.1,C4338A;T4365C;G4432T;A4451C;C4499A;T4530G;A4588C;G4592C;C4596G;A4604T;A4607G;T4608C;A4645T;T4660G,ORF1a:S1358Y;ORF1a:I1367T;ORF1a:M1389I;ORF1a:K1396Q;ORF1a:Q1412K;ORF1a:F1422C;ORF1a:L1441L;ORF1a:E1443Q;ORF1a:T1444S;ORF1a:T1447S;ORF1a:M1448V;ORF1a:M1448T;ORF1a:E1460D;ORF1a:Y1465*,7,257,0.0272373540856031,0,
3052026,BA.2_0.05_abundance_0.1,C4338A;T4365C;C4404T;G4432T;A4451C;C4499A;T4530G;A4588C;G4592C;C4596G;A4604T;A4607G;T4608C;A4645T,ORF1a:S1358Y;ORF1a:I1367T;ORF1a:A1380V;ORF1a:M1389I;ORF1a:K1396Q;ORF1a:Q1412K;ORF1a:F1422C;ORF1a:L1441L;ORF1a:E1443Q;ORF1a:T1444S;ORF1a:T1447S;ORF1a:M1448V;ORF1a:M1448T;ORF1a:E1460D,11,953,0.0115424973767051,0,
3052026,BA.2_0.05_abundance_0.1,C4338A;T4365C;G4432T;A4451C;C4499A;T4530G;A4588C;G4592C;C4596G;A4604T;A4607G;T4608C;A4645T;T4660G;T4667A,ORF1a:S1358Y;ORF1a:I1367T;ORF1a:M1389I;ORF1a:K1396Q;ORF1a:Q1412K;ORF1a:F1422C;ORF1a:L1441L;ORF1a:E1443Q;ORF1a:T1444S;ORF1a:T1447S;ORF1a:M1448V;ORF1a:M1448T;ORF1a:E1460D;ORF1a:Y1465*;ORF1a:S1468T,5,69,0.072463768115942,0,
3052026,BA.2_0.05_abundance_0.1,A4395C;C4404T,ORF1a:E1377A;ORF1a:A1380V,18,1150,0.0156521739130434,0,
3052026,BA.2_0.05_abundance_0.1,C4698T;C4780G;T4813C;G4854C;G4881C;T4924A;G4925C;T4933A;T4946A;A4956T,ORF1a:S1478F;ORF1a:I1505M;ORF1a:Y1516Y;ORF1a:R1530T;ORF1a:S1539T;ORF1a:F1553L;ORF1a:D1554H;ORF1a:L1556L;ORF1a:S1561T;ORF1a:E1564V,12,149,0.0805369127516778,0,
3052026,BA.2_0.05_abundance_0.1,T5059G;A5112G,ORF1a:Y1598*;ORF1a:K1616R,9,81,0.1111111111111111,0,
3052026,BA.2_0.05_abundance_0.1,G5625C;T5635G;G5708C;T5732A;G5750A;C5832G;T5854G;T5860G;G5861A;T5864G;T5909A,ORF1a:C1787S;ORF1a:G1790G;ORF1a:E1815Q;ORF1a:C1823S;ORF1a:G1829S;ORF1a:S1856C;ORF1a:I1863M;ORF1a:D1865E;ORF1a:V1866I;ORF1a:F1867V;ORF1a:Y1882N,15,130,0.1153846153846153,0,
3052026,BA.2_0.05_abundance_0.1,C5833T;T5864C,ORF1a:S1856S;ORF1a:F1867L,11,154,0.0714285714285714,0,
3052026,BA.2_0.05_abundance_0.1,G6245T;A6276G;G6288A;T6298C;C6312G;A6325C;A6360C;A6425C;A6426G;A6466G;T6478G;T6489A;T6490A;A6493C,ORF1a:V1994F;ORF1a:K2004R;ORF1a:W2008*;ORF1a:R2011R;ORF1a:T2016R;ORF1a:E2020D;ORF1a:D2032A;ORF1a:N2054H;ORF1a:N2054S;ORF1a:K2067K;ORF1a:V2071V;ORF1a:I2075N;ORF1a:I2075I;ORF1a:I2076I,44,495,0.0888888888888888,0,
3052026,BA.2_0.05_abundance_0.1,G7067T;A7068T;T7075C;C7119G;T7141G;T7147C;T7168A;C7195G;A7208C;A7210C;T7226C;T7227C;T7228A;T7305C;T7341A;A7358G,ORF1a:E2268*;ORF1a:E2268V;ORF1a:Y2270Y;ORF1a:S2285C;ORF1a:L2292L;ORF1a:G2294G;ORF1a:Y2301*;ORF1a:T2310T;ORF1a:K2315Q;ORF1a:K2315N;ORF1a:F2321L;ORF1a:F2321S;ORF1a:F2321L;ORF1a:M2347T;ORF1a:I2359N;ORF1a:M2365V,6,57,0.1052631578947368,0,
3052026,BA.2_0.05_abundance_0.1,T7075C;C7119G;T7141G;T7147C;T7168A;C7195G;A7208C;A7210C;T7226C;T7227C;T7228A;T7305C;T7341A;A7358G,ORF1a:Y2270Y;ORF1a:S2285C;ORF1a:L2292L;ORF1a:G2294G;ORF1a:Y2301*;ORF1a:T2310T;ORF1a:K2315Q;ORF1a:K2315N;ORF1a:F2321L;ORF1a:F2321S;ORF1a:F2321L;ORF1a:M2347T;ORF1a:I2359N;ORF1a:M2365V,17,193,0.0880829015544041,0,
3052026,BA.2_0.05_abundance_0.1,C7119G;T7141G;T7147C;T7168A;C7195G;A7208C;A7210C;T7226C;T7227C;T7228A;T7305C;T7341A;A7358G,ORF1a:S2285C;ORF1a:L2292L;ORF1a:G2294G;ORF1a:Y2301*;ORF1a:T2310T;ORF1a:K2315Q;ORF1a:K2315N;ORF1a:F2321L;ORF1a:F2321S;ORF1a:F2321L;ORF1a:M2347T;ORF1a:I2359N;ORF1a:M2365V,11,295,0.0372881355932203,0,
3052026,BA.2_0.05_abundance_0.1,T7341A;A7358G;T7425A;T7438A;A7448C;C7485G;C7518A;G7526A;A7548C;T7554G;G7561A;T7566G;T7576C;C7578A,ORF1a:I2359N;ORF1a:M2365V;ORF1a:F2387Y;ORF1a:Y2391*;ORF1a:K2395Q;ORF1a:S2407*;ORF1a:A2418E;ORF1a:V2421I;ORF1a:N2428T;ORF1a:V2430G;ORF1a:R2432R;ORF1a:F2434C;ORF1a:Y2437Y;ORF1a:A2438D,36,412,0.087378640776699,0,
3052026,BA.2_0.05_abundance_0.1,A7358G;T7425A;T7438A;A7448C;C7485G;C7518A;G7526A;A7548C;T7554G;G7561A;T7566G;T7576C;C7578A,ORF1a:M2365V;ORF1a:F2387Y;ORF1a:Y2391*;ORF1a:K2395Q;ORF1a:S2407*;ORF1a:A2418E;ORF1a:V2421I;ORF1a:N2428T;ORF1a:V2430G;ORF1a:R2432R;ORF1a:F2434C;ORF1a:Y2437Y;ORF1a:A2438D,56,1170,0.0478632478632478,0,
3052026,BA.2_0.05_abundance_0.1,C8318G;T8328G;A8343C;C8354A;A8360C;T8361C;T8439G;T8477G;T8484C;A8492G;C8493T;T8562G;A8565C;T8603G,ORF1a:P2685A;ORF1a:L2688R;ORF1a:D2693A;ORF1a:R2697S;ORF1a:I2699L;ORF1a:I2699T;ORF1a:L2725R;ORF1a:L2738V;ORF1a:F2740S;ORF1a:T2743A;ORF1a:T2743I;ORF1a:V2766G;ORF1a:N2767T;ORF1a:F2780V,16,106,0.1509433962264151,0,
3052026,BA.2_0.05_abundance_0.1,T8402C;G8498C,ORF1a:W2713R;ORF1a:A2745P,10,108,0.0925925925925925,0,
3052026,BA.2_0.05_abundance_0.1,C9344T;A9424G;A9428T,ORF1a:L3027F;ORF1a:V3053V;ORF1a:I3055F,28,621,0.0450885668276972,5,BE.1.1:1;BA.5.2.21:1;BA.2.39:1;BA.5:2
3052026,BA.2_0.05_abundance_0.1,C9344T;A9424G;A9428T;C9534T,ORF1a:L3027F;ORF1a:V3053V;ORF1a:I3055F;ORF1a:T3090I,88,517,0.1702127659574468,2,BA.5:2
3052026,BA.2_0.05_abundance_0.1,C9534T;C9565G,ORF1a:T3090I;ORF1a:F3100L,106,859,0.1233993015133876,0,
3052026,BA.2_0.05_abundance_0.1,C9534T;G9623A,ORF1a:T3090I;ORF1a:V3120I,95,859,0.1105937136204889,209,BA.2.9.5:4;BA.2:63;BA.2.9:95;BA.5.1.2:1;BA.5.2.20:8;BA.5.2.9:1;BA.2.65:1;BA.5.2:6;BA.2.12.1:5;BA.5.2.1:2;BQ.1.1.5:1;BA.2.10:4;BF.5:6;BE.1.1:1;BA.2.75:2;BA.4.1.8:2;BA.2.9.3:1;BQ.1.2:1;BA.5.1:1;BA.2.3.1:1;BA.5.1.24:2;BF.21:1
3052026,BA.2_0.05_abundance_0.1,C9534T;C9565G;G9623A,ORF1a:T3090I;ORF1a:F3100L;ORF1a:V3120I,13,859,0.0151338766006984,0,
3052026,BA.2_0.05_abundance_0.1,G10447A;T10529G,ORF1a:R3394R;ORF1a:F3422V,149,1870,0.0796791443850267,1,BA.5.7:1
3052026,BA.2_0.05_abundance_0.1,A10740T;C10889T,ORF1a:D3492V;ORF1a:R3542C,27,350,0.0771428571428571,0,
3052026,BA.2_0.05_abundance_0.1,T11046G;T11056C;T11070A;A11085T;T11118G;T11151G;G11222T;G11243A;A11258T;A11277T,ORF1a:L3594*;ORF1a:S3597S;ORF1a:L3602*;ORF1a:Y3607F;ORF1a:I3618S;ORF1a:V3629G;ORF1a:V3653F;ORF1a:V3660M;ORF1a:T3665S;ORF1a:D3671V,224,2346,0.0954816709292412,0,
3052026,BA.2_0.05_abundance_0.1,G11378C;T11429A;T11432G;G11464A;G11483A;C11494T;G11504T;T11517A;C11518T;G11528C;T11539C;T11547C;A11567G,ORF1a:A3705P;ORF1a:Y3722N;ORF1a:Y3723D;ORF1a:M3733I;ORF1a:V3740I;ORF1a:N3743N;ORF1a:V3747L;ORF1a:V3751D;ORF1a:V3751V;ORF1a:A3755P;ORF1a:I3758I;ORF1a:M3761T;ORF1a:I3768V,47,951,0.0494216614090431,0,
3052026,BA.2_0.05_abundance_0.1,G11378C;T11429A;T11432G;G11464A;G11483A;C11494T;G11504T;T11517A;C11518T;G11528C;T11539C;T11547C;T11554G;A11567G,ORF1a:A3705P;ORF1a:Y3722N;ORF1a:Y3723D;ORF1a:M3733I;ORF1a:V3740I;ORF1a:N3743N;ORF1a:V3747L;ORF1a:V3751D;ORF1a:V3751V;ORF1a:A3755P;ORF1a:I3758I;ORF1a:M3761T;ORF1a:V3763V;ORF1a:I3768V,36,951,0.0378548895899053,0,
3052026,BA.2_0.05_abundance_0.1,G11378C;T11429A;T11432G;G11464A;G11483A;C11494T;G11504T;T11517A;C11518T;G11528C;T11539C;T11547C;A11567G;T11569A,ORF1a:A3705P;ORF1a:Y3722N;ORF1a:Y3723D;ORF1a:M3733I;ORF1a:V3740I;ORF1a:N3743N;ORF1a:V3747L;ORF1a:V3751D;ORF1a:V3751V;ORF1a:A3755P;ORF1a:I3758I;ORF1a:M3761T;ORF1a:I3768V;ORF1a:I3768I,11,951,0.0115667718191377,0,
3052026,BA.2_0.05_abundance_0.1,T11554G;T11569A,ORF1a:V3763V;ORF1a:I3768I,69,951,0.0725552050473186,0,
3052026,BA.2_0.05_abundance_0.1,G11683T;T11706A;T11729A;A11742T;A11759T;C11785A;T11806A;G11807C;A11827G;G11828A;A11839G;C11844G;A11854G;A11856C;C11866T,ORF1a:L3806L;ORF1a:L3814*;ORF1a:Y3822N;ORF1a:Q3826L;ORF1a:K3832*;ORF1a:L3840L;ORF1a:V3847V;ORF1a:G3848R;ORF1a:K3854K;ORF1a:V3855I;ORF1a:V3858V;ORF1a:S3860C;ORF1a:S3863S;ORF1a:D3864A;ORF1a:C3867C,12,920,0.0130434782608695,0,
3052026,BA.2_0.05_abundance_0.1,G11683T;T11706A;T11729A;A11742T;A11759T;C11785A;T11806A;G11807C;A11827G;G11828A;A11839G;C11844G;A11854G;A11856C;C11866T;A11905G,ORF1a:L3806L;ORF1a:L3814*;ORF1a:Y3822N;ORF1a:Q3826L;ORF1a:K3832*;ORF1a:L3840L;ORF1a:V3847V;ORF1a:G3848R;ORF1a:K3854K;ORF1a:V3855I;ORF1a:V3858V;ORF1a:S3860C;ORF1a:S3863S;ORF1a:D3864A;ORF1a:C3867C;ORF1a:R3880R,21,676,0.0310650887573964,0,
3052026,BA.2_0.05_abundance_0.1,G11683T;T11706A;T11729A;A11742T;A11759T;C11785A;T11806A;G11807C;A11827G;G11828A;A11839G;C11844G;A11854G;A11856C;C11866T;A11905G;A11911T,ORF1a:L3806L;ORF1a:L3814*;ORF1a:Y3822N;ORF1a:Q3826L;ORF1a:K3832*;ORF1a:L3840L;ORF1a:V3847V;ORF1a:G3848R;ORF1a:K3854K;ORF1a:V3855I;ORF1a:V3858V;ORF1a:S3860C;ORF1a:S3863S;ORF1a:D3864A;ORF1a:C3867C;ORF1a:R3880R;ORF1a:E3882D,11,308,0.0357142857142857,0,
3052026,BA.2_0.05_abundance_0.1,A11905G;A11911T;C11919G;G11944C;G11966T;T12013A;T12017G;A12026T;G12035A;T12039G;C12043A;C12081G;A12103G;T12112A;G12137A;C12138T;T12142A;T12168G;T12204C;A12206C,ORF1a:R3880R;ORF1a:E3882D;ORF1a:S3885C;ORF1a:Q3893H;ORF1a:A3901S;ORF1a:S3916S;ORF1a:L3918V;ORF1a:M3921L;ORF1a:A3924T;ORF1a:V3925G;ORF1a:D3926E;ORF1a:A3939G;ORF1a:S3946S;ORF1a:S3949R;ORF1a:A3958T;ORF1a:A3958V;ORF1a:T3959T;ORF1a:V3968G;ORF1a:L3980S;ORF1a:K3981Q,133,2776,0.0479106628242074,0,
3052026,BA.2_0.05_abundance_0.1,A11905G;A11911T;C11919G;G11944C;G11966T;T12013A;T12017G;A12026T;G12035A;T12039G;C12043A;C12081G;A12103G;T12112A;C12138T;T12142A;T12168G;T12204C;A12206C;A12228G,ORF1a:R3880R;ORF1a:E3882D;ORF1a:S3885C;ORF1a:Q3893H;ORF1a:A3901S;ORF1a:S3916S;ORF1a:L3918V;ORF1a:M3921L;ORF1a:A3924T;ORF1a:V3925G;ORF1a:D3926E;ORF1a:A3939G;ORF1a:S3946S;ORF1a:S3949R;ORF1a:A3958V;ORF1a:T3959T;ORF1a:V3968G;ORF1a:L3980S;ORF1a:K3981Q;ORF1a:K3988R,6,152,0.0394736842105263,0,
3052026,BA.2_0.05_abundance_0.1,A11905G;A11911T;C11919G;G11944C;G11966T;T12013A;T12017G;A12026T;G12035A;T12039G;C12043A;C12081G;A12103G;T12112A;C12138T;T12142A;T12168G;T12204C;A12206C,ORF1a:R3880R;ORF1a:E3882D;ORF1a:S3885C;ORF1a:Q3893H;ORF1a:A3901S;ORF1a:S3916S;ORF1a:L3918V;ORF1a:M3921L;ORF1a:A3924T;ORF1a:V3925G;ORF1a:D3926E;ORF1a:A3939G;ORF1a:S3946S;ORF1a:S3949R;ORF1a:A3958V;ORF1a:T3959T;ORF1a:V3968G;ORF1a:L3980S;ORF1a:K3981Q,124,2776,0.0446685878962536,0,
3052026,BA.2_0.05_abundance_0.1,A11905G;A11911T;C11919G;G11944C;G11966T;T12013A;T12017G;A12026T;G12035A;T12039G;C12043A;C12081G;A12103G;T12112A;G12137A;C12138T;T12142A;T12168G;T12204C;A12206C;A12228G,ORF1a:R3880R;ORF1a:E3882D;ORF1a:S3885C;ORF1a:Q3893H;ORF1a:A3901S;ORF1a:S3916S;ORF1a:L3918V;ORF1a:M3921L;ORF1a:A3924T;ORF1a:V3925G;ORF1a:D3926E;ORF1a:A3939G;ORF1a:S3946S;ORF1a:S3949R;ORF1a:A3958T;ORF1a:A3958V;ORF1a:T3959T;ORF1a:V3968G;ORF1a:L3980S;ORF1a:K3981Q;ORF1a:K3988R,9,152,0.0592105263157894,0,
3052026,BA.2_0.05_abundance_0.1,A11957G;G12137A,ORF1a:I3898V;ORF1a:A3958T,39,3283,0.0118793786171184,0,
3052026,BA.2_0.05_abundance_0.1,G12137A;T12166G,ORF1a:A3958T;ORF1a:A3967A,48,3354,0.0143112701252236,0,
3052026,BA.2_0.05_abundance_0.1,C12138T;T12142A;T12168G;T12204C;A12206C;A12228G;T12244G;A12286G;A12316T;T12319G;G12330A;A12335G;G12355A;C12398A;A12414G;C12420A,ORF1a:A3958V;ORF1a:T3959T;ORF1a:V3968G;ORF1a:L3980S;ORF1a:K3981Q;ORF1a:K3988R;ORF1a:R3993R;ORF1a:Q4007Q;ORF1a:R4017S;ORF1a:S4018S;ORF1a:R4022K;ORF1a:K4024E;ORF1a:Q4030Q;ORF1a:L4045I;ORF1a:N4050S;ORF1a:A4052E,7,79,0.0886075949367088,0,
3052026,BA.2_0.05_abundance_0.1,T12168G;T12204C;A12206C;A12228G;T12244G;A12286G;A12316T;T12319G;G12330A;A12335G;G12355A;C12398A;A12414G;C12420A,ORF1a:V3968G;ORF1a:L3980S;ORF1a:K3981Q;ORF1a:K3988R;ORF1a:R3993R;ORF1a:Q4007Q;ORF1a:R4017S;ORF1a:S4018S;ORF1a:R4022K;ORF1a:K4024E;ORF1a:Q4030Q;ORF1a:L4045I;ORF1a:N4050S;ORF1a:A4052E,48,697,0.0688665710186513,0,
3052026,BA.2_0.05_abundance_0.1,T12775A;C12880T;A12998G,ORF1a:A4170A;ORF1a:I4205I;ORF1a:S4245G,145,1786,0.0811870100783874,0,
3052026,BA.2_0.05_abundance_0.1,T12775A;C12880T;A12998G;A13010G,ORF1a:A4170A;ORF1a:I4205I;ORF1a:S4245G;ORF1a:T4249A,19,1786,0.0106382978723404,0,
3052026,BA.2_0.05_abundance_0.1,T12775A;C12880T,ORF1a:A4170A;ORF1a:I4205I,74,1920,0.0385416666666666,11,BQ.1.1:1;BA.2:10
3052026,BA.2_0.05_abundance_0.1,C12880T;A12998G,ORF1a:I4205I;ORF1a:S4245G,964,1787,0.5394515948517068,39,BA.5.2.3:2;BA.2:7;BA.2.9:10;BA.5.2.1:1;BA.5.1:2;BA.5.1.23:1;BA.4.6:1;BA.2.56:7;BA.4.1.8:1;BQ.1.1:1;BA.5.2:1;BA.2.75:1;BA.2.49:1;BA.4.1:1;BA.2.12.1:2
3052026,BA.2_0.05_abundance_0.1,C12880T;A12998G;A13010G,ORF1a:I4205I;ORF1a:S4245G;ORF1a:T4249A,90,1787,0.0503637381085618,0,
3052026,BA.2_0.05_abundance_0.1,C12880T;A12905C;A12998G,ORF1a:I4205I;ORF1a:R4214R;ORF1a:S4245G,27,1787,0.0151091214325685,0,
3052026,BA.2_0.05_abundance_0.1,C12880T;A13010G,ORF1a:I4205I;ORF1a:T4249A,43,1787,0.0240626748740906,0,
3052026,BA.2_0.05_abundance_0.1,T13137A;T13162A,ORF1a:I4291N;ORF1a:C4299*,168,2040,0.0823529411764705,0,
3052026,BA.2_0.05_abundance_0.1,T13137A;A13152T;T13162A,ORF1a:I4291N;ORF1a:K4296M;ORF1a:C4299*,44,2040,0.0215686274509803,0,
3052026,BA.2_0.05_abundance_0.1,T13137A;A13152T,ORF1a:I4291N;ORF1a:K4296M,35,2040,0.017156862745098,0,
3052026,BA.2_0.05_abundance_0.1,A13152T;T13162A,ORF1a:K4296M;ORF1a:C4299*,224,2040,0.1098039215686274,0,
3052026,BA.2_0.05_abundance_0.1,C13439A;A13455G;C13458A;T13463A;C13490G;C13492A;G13514A;C13517T;G13624T,ORF1a:Q4392K;ORF1a:Q4397R;ORF1a:S4398*;ORF1a:L4400I;ORF1b:A8G;ORF1b:R9S;ORF1b:G16D;ORF1b:T17I;ORF1b:D53Y,39,474,0.0822784810126582,0,
3052026,BA.2_0.05_abundance_0.1,T13460A;G13601T,ORF1a:F4399I;ORF1b:C45F,5,474,0.010548523206751,0,
3052026,BA.2_0.05_abundance_0.1,A14283G;C14408T,ORF1b:K272K;ORF1b:P314L,62,1313,0.0472201066260472,258,AY.44:58;B.1.1.519:2;BA.2:6;BA.5.3.1:1;AY.98.1:1;AY.122:7;B.1.1:2;AY.103:69;BA.5.2:8;B.1.525:6;B.1.429:46;BQ.1.3:1;AY.4:1;BA.1.1:6;BA.2.12.1:1;AY.43.8:1;BA.2.24:17;B.1.1.523:2;BA.2.9:1;AY.43:1;BA.2.3:1;BQ.1.12:1;AY.5.4:1;BA.5.5:1;BA.2.10:1;AY.102:2;BA.5.2.28:2;B.1.582:1;B.1.617.2:2;BA.1.1.18:1;BA.1:1;B.1.1.7:1;BA.2.56:1;BA.1.1.15:1;BE.4:2;AY.7:1;AY.121:1
3052026,BA.2_0.05_abundance_0.1,A14317G;T14361C;T14378C;T14389C;C14403G;C14408T;G14419A;C14422G;A14470T;C14491T;G14495C;T14526A,ORF1b:T284A;ORF1b:I298I;ORF1b:F304S;ORF1b:F308L;ORF1b:F312L;ORF1b:P314L;ORF1b:G318R;ORF1b:P319A;ORF1b:T335S;ORF1b:L342L;ORF1b:G343A;ORF1b:H353Q,38,1206,0.0315091210613598,0,
3052026,BA.2_0.05_abundance_0.1,A14317G;T14361C;T14378C;T14389C;C14403G;C14408T;G14419A;C14422G;A14470T;C14491T;G14495C;T14526A;G14559A;T14560C,ORF1b:T284A;ORF1b:I298I;ORF1b:F304S;ORF1b:F308L;ORF1b:F312L;ORF1b:P314L;ORF1b:G318R;ORF1b:P319A;ORF1b:T335S;ORF1b:L342L;ORF1b:G343A;ORF1b:H353Q;ORF1b:V364V;ORF1b:Y365H,60,768,0.078125,0,
3052026,BA.2_0.05_abundance_0.1,G15311A;C15391G,ORF1b:R615K;ORF1b:R642G,176,2209,0.0796740606609325,0,
3052026,BA.2_0.05_abundance_0.1,T15551G;A15564T;A15612C;C15631A;A15639C;G15644A;T15674C;C15714T;T15726C;A15740T;C15746A;T15756G;T15801A;T15815G;T15816C;T15817G;A15820T;G15850A,ORF1b:V695G;ORF1b:L699F;ORF1b:Q715H;ORF1b:L722I;ORF1b:R724S;ORF1b:R726K;ORF1b:F736S;ORF1b:L749L;ORF1b:A753A;ORF1b:N758I;ORF1b:T760N;ORF1b:S763S;ORF1b:Y778*;ORF1b:V783G;ORF1b:V783V;ORF1b:F784V;ORF1b:M785L;ORF1b:D795N,32,832,0.0384615384615384,0,
3052026,BA.2_0.05_abundance_0.1,T15551G;A15564T;A15612C;C15631A;A15639C;G15644A;T15674C;C15714T;T15726C;A15740T;C15746A;T15756G;T15801A;T15815G;T15816C;T15817G;A15820T,ORF1b:V695G;ORF1b:L699F;ORF1b:Q715H;ORF1b:L722I;ORF1b:R724S;ORF1b:R726K;ORF1b:F736S;ORF1b:L749L;ORF1b:A753A;ORF1b:N758I;ORF1b:T760N;ORF1b:S763S;ORF1b:Y778*;ORF1b:V783G;ORF1b:V783V;ORF1b:F784V;ORF1b:M785L,253,3362,0.0752528256989887,0,
3052026,BA.2_0.05_abundance_0.1,T15551G;A15564T;A15612C;C15631A;A15639C;G15644A;T15674C;C15714T;T15726C;A15740T;C15746A;T15756G;T15801A;T15815G;T15816C;T15817G;A15820T;A15861G,ORF1b:V695G;ORF1b:L699F;ORF1b:Q715H;ORF1b:L722I;ORF1b:R724S;ORF1b:R726K;ORF1b:F736S;ORF1b:L749L;ORF1b:A753A;ORF1b:N758I;ORF1b:T760N;ORF1b:S763S;ORF1b:Y778*;ORF1b:V783G;ORF1b:V783V;ORF1b:F784V;ORF1b:M785L;ORF1b:K798K,5,79,0.0632911392405063,0,
3052026,BA.2_0.05_abundance_0.1,C15714T;G15850A,ORF1b:L749L;ORF1b:D795N,273,833,0.3277310924369748,131,BA.2:21;BA.4:4;BQ.1.1:30;BA.2.10:1;BA.5.2.26:2;BF.7:28;BA.5.1:12;BA.5.2:12;BQ.1:1;BA.2.12.1:3;BA.2.9:1;BE.1.1:1;BQ.1.1.18:2;BA.2.29:1;XBB.1:2;BA.5.2.1:3;BA.2.3:1;BF.5:1;BA.5.2.19:1;BA.2.36:2;BQ.1.23:1;BA.5.1.22:1
3052026,BA.2_0.05_abundance_0.1,C15714T;A15772C,ORF1b:L749L;ORF1b:S769R,191,3395,0.0562592047128129,0,
3052026,BA.2_0.05_abundance_0.1,C15714T;A15772C;G15850A,ORF1b:L749L;ORF1b:S769R;ORF1b:D795N,16,833,0.0192076830732292,0,
3052026,BA.2_0.05_abundance_0.1,A15861G;C15904T;T15927C;G15955T;G15995C;G16027T;T16029A;T16074A;A16105G;C16134A;T16147A;T16155C;G16158A,ORF1b:K798K;ORF1b:Q813*;ORF1b:L820L;ORF1b:G830W;ORF1b:G843A;ORF1b:A854S;ORF1b:A854A;ORF1b:A869A;ORF1b:R880G;ORF1b:H889Q;ORF1b:Y894N;ORF1b:V896V;ORF1b:M897I,25,440,0.0568181818181818,0,
3052026,BA.2_0.05_abundance_0.1,A15861G;C15904T;T15927C;G15955T;G15995C;G16027T;T16029A;T16074A;A16105G;C16134A;T16147A;T16155C;G16158A;A16172C,ORF1b:K798K;ORF1b:Q813*;ORF1b:L820L;ORF1b:G830W;ORF1b:G843A;ORF1b:A854S;ORF1b:A854A;ORF1b:A869A;ORF1b:R880G;ORF1b:H889Q;ORF1b:Y894N;ORF1b:V896V;ORF1b:M897I;ORF1b:N902T,6,138,0.0434782608695652,0,
3052026,BA.2_0.05_abundance_0.1,C15904T;T15927C;G15955T;G15995C;G16027T;T16029A;T16074A;A16105G;C16134A;T16147A;T16155C;G16158A;A16172C,ORF1b:Q813*;ORF1b:L820L;ORF1b:G830W;ORF1b:G843A;ORF1b:A854S;ORF1b:A854A;ORF1b:A869A;ORF1b:R880G;ORF1b:H889Q;ORF1b:Y894N;ORF1b:V896V;ORF1b:M897I;ORF1b:N902T,34,528,0.0643939393939393,0,
3052026,BA.2_0.05_abundance_0.1,C15904T;T15927C;G15955T;G15995C;G16027T;T16029A;T16074A;A16105G;C16134A;T16147A;T16155C;G16158A,ORF1b:Q813*;ORF1b:L820L;ORF1b:G830W;ORF1b:G843A;ORF1b:A854S;ORF1b:A854A;ORF1b:A869A;ORF1b:R880G;ORF1b:H889Q;ORF1b:Y894N;ORF1b:V896V;ORF1b:M897I,80,1672,0.0478468899521531,0,
3052026,BA.2_0.05_abundance_0.1,C15904T;T15927C;G15955T;G15995C;G16027T;T16029A;T16074A;A16105G;C16134A;T16147A;T16155C;G16158A;A16172C;A16179C,ORF1b:Q813*;ORF1b:L820L;ORF1b:G830W;ORF1b:G843A;ORF1b:A854S;ORF1b:A854A;ORF1b:A869A;ORF1b:R880G;ORF1b:H889Q;ORF1b:Y894N;ORF1b:V896V;ORF1b:M897I;ORF1b:N902T;ORF1b:S904S,8,131,0.0610687022900763,0,
3052026,BA.2_0.05_abundance_0.1,T16155C;G16158A;A16172C;A16179C;T16185C;A16214C;A16216T;A16227C;A16261T;A16268T;G16322C;C16409A;C16418T;C16457G,ORF1b:V896V;ORF1b:M897I;ORF1b:N902T;ORF1b:S904S;ORF1b:Y906Y;ORF1b:Y916S;ORF1b:T917S;ORF1b:T920T;ORF1b:N932Y;ORF1b:Q934L;ORF1b:C952S;ORF1b:T981K;ORF1b:T984I;ORF1b:S997*,13,268,0.0485074626865671,0,
3052026,BA.2_0.05_abundance_0.1,G16158A;A16172C;A16179C;T16185C;A16214C;A16216T;A16227C;A16261T;A16268T;G16322C;C16409A;C16418T;C16457G,ORF1b:M897I;ORF1b:N902T;ORF1b:S904S;ORF1b:Y906Y;ORF1b:Y916S;ORF1b:T917S;ORF1b:T920T;ORF1b:N932Y;ORF1b:Q934L;ORF1b:C952S;ORF1b:T981K;ORF1b:T984I;ORF1b:S997*,11,437,0.0251716247139588,0,
3052026,BA.2_0.05_abundance_0.1,A16172C;A16179C;T16185C;A16214C;A16216T;A16227C;A16261T;A16268T;G16322C;C16409A;C16418T;C16457G,ORF1b:N902T;ORF1b:S904S;ORF1b:Y906Y;ORF1b:Y916S;ORF1b:T917S;ORF1b:T920T;ORF1b:N932Y;ORF1b:Q934L;ORF1b:C952S;ORF1b:T981K;ORF1b:T984I;ORF1b:S997*,16,658,0.0243161094224924,0,
3052026,BA.2_0.05_abundance_0.1,T16778G;A16804C;T16809C;A16819C;A16824T;G16855C;T16863C;T16884G;A16889C;A16895C;T16911A;T16926C;T16931G;C16952A;C16961T;C17028T;T17052A;A17063G;A17101G,ORF1b:V1104G;ORF1b:N1113H;ORF1b:S1114S;ORF1b:I1118L;ORF1b:G1119G;ORF1b:D1130H;ORF1b:V1132V;ORF1b:T1139T;ORF1b:K1141T;ORF1b:N1143T;ORF1b:F1148L;ORF1b:H1153H;ORF1b:V1155G;ORF1b:T1162K;ORF1b:P1165L;ORF1b:S1187S;ORF1b:V1195V;ORF1b:K1199R;ORF1b:S1212G,15,200,0.075,0,
3052026,BA.2_0.05_abundance_0.1,A16804C;T16809C;A16819C;A16824T;G16855C;T16863C;T16884G;A16889C;A16895C;T16911A;T16926C;T16931G;C16952A;C16961T;C17028T;T17052A;A17063G;A17101G,ORF1b:N1113H;ORF1b:S1114S;ORF1b:I1118L;ORF1b:G1119G;ORF1b:D1130H;ORF1b:V1132V;ORF1b:T1139T;ORF1b:K1141T;ORF1b:N1143T;ORF1b:F1148L;ORF1b:H1153H;ORF1b:V1155G;ORF1b:T1162K;ORF1b:P1165L;ORF1b:S1187S;ORF1b:V1195V;ORF1b:K1199R;ORF1b:S1212G,84,1228,0.0684039087947882,0,
3052026,BA.2_0.05_abundance_0.1,A16804C;T16809C;A16819C;A16824T;G16855C;T16863C;T16884G;A16889C;A16895C;T16911A;T16926C;T16931G;C16952A;C16961T;C17028T;T17052A;A17063G;A17101G;G17117T,ORF1b:N1113H;ORF1b:S1114S;ORF1b:I1118L;ORF1b:G1119G;ORF1b:D1130H;ORF1b:V1132V;ORF1b:T1139T;ORF1b:K1141T;ORF1b:N1143T;ORF1b:F1148L;ORF1b:H1153H;ORF1b:V1155G;ORF1b:T1162K;ORF1b:P1165L;ORF1b:S1187S;ORF1b:V1195V;ORF1b:K1199R;ORF1b:S1212G;ORF1b:G1217V,14,248,0.0564516129032258,0,
3052026,BA.2_0.05_abundance_0.1,T16902A;A17018T,ORF1b:G1145G;ORF1b:E1184V,17,1368,0.0124269005847953,0,
3052026,BA.2_0.05_abundance_0.1,A17101G;G17117T;T17126C;G17162A;T17166C;T17169A;A17199C;T17210C;T17255A;T17263A;A17270G;A17294G;A17300G;T17306C;G17320A;G17331A;A17332T;T17353A;G17359C;T17400G;C17410T,ORF1b:S1212G;ORF1b:G1217V;ORF1b:L1220P;ORF1b:C1232Y;ORF1b:S1233S;ORF1b:H1234Q;ORF1b:A1244A;ORF1b:L1248S;ORF1b:V1263E;ORF1b:F1266I;ORF1b:K1268R;ORF1b:E1276G;ORF1b:Y1278C;ORF1b:F1280S;ORF1b:A1285T;ORF1b:E1288E;ORF1b:T1289S;ORF1b:F1296I;ORF1b:E1298Q;ORF1b:N1311K;ORF1b:R1315C,56,1441,0.0388619014573213,0,
3052026,BA.2_0.05_abundance_0.1,A17101G;G17117T;T17126C;G17162A;T17166C;T17169A;A17199C;T17210C;T17255A;T17263A;A17270G;A17294G;A17300G;T17306C;G17320A;G17331A;A17332T;T17353A;G17359C;T17400G,ORF1b:S1212G;ORF1b:G1217V;ORF1b:L1220P;ORF1b:C1232Y;ORF1b:S1233S;ORF1b:H1234Q;ORF1b:A1244A;ORF1b:L1248S;ORF1b:V1263E;ORF1b:F1266I;ORF1b:K1268R;ORF1b:E1276G;ORF1b:Y1278C;ORF1b:F1280S;ORF1b:A1285T;ORF1b:E1288E;ORF1b:T1289S;ORF1b:F1296I;ORF1b:E1298Q;ORF1b:N1311K,29,2045,0.0141809290953545,0,
3052026,BA.2_0.05_abundance_0.1,A17101G;G17117T;T17126C;G17162A;T17166C;T17169A;A17199C;T17210C;C17240A;T17255A;T17263A;A17270G;A17294G;A17300G;T17306C;G17320A;G17331A;A17332T;T17353A;G17359C;T17400G,ORF1b:S1212G;ORF1b:G1217V;ORF1b:L1220P;ORF1b:C1232Y;ORF1b:S1233S;ORF1b:H1234Q;ORF1b:A1244A;ORF1b:L1248S;ORF1b:P1258H;ORF1b:V1263E;ORF1b:F1266I;ORF1b:K1268R;ORF1b:E1276G;ORF1b:Y1278C;ORF1b:F1280S;ORF1b:A1285T;ORF1b:E1288E;ORF1b:T1289S;ORF1b:F1296I;ORF1b:E1298Q;ORF1b:N1311K,38,2045,0.0185819070904645,0,
3052026,BA.2_0.05_abundance_0.1,A17101G;G17117T;T17126C;G17162A;T17166C;T17169A;A17199C;T17210C;C17240A;T17255A;T17263A;A17270G;A17294G;A17300G;T17306C;G17320A;G17331A;A17332T;T17353A;G17359C;T17400G;C17410T,ORF1b:S1212G;ORF1b:G1217V;ORF1b:L1220P;ORF1b:C1232Y;ORF1b:S1233S;ORF1b:H1234Q;ORF1b:A1244A;ORF1b:L1248S;ORF1b:P1258H;ORF1b:V1263E;ORF1b:F1266I;ORF1b:K1268R;ORF1b:E1276G;ORF1b:Y1278C;ORF1b:F1280S;ORF1b:A1285T;ORF1b:E1288E;ORF1b:T1289S;ORF1b:F1296I;ORF1b:E1298Q;ORF1b:N1311K;ORF1b:R1315C,64,1441,0.04441360166551,0,
3052026,BA.2_0.05_abundance_0.1,G17117T;T17126C;G17162A;T17166C;T17169A;A17199C;T17210C;C17240A;T17255A;T17263A;A17270G;A17294G;A17300G;T17306C;G17320A;G17331A;A17332T;T17353A;G17359C;T17400G;C17410T,ORF1b:G1217V;ORF1b:L1220P;ORF1b:C1232Y;ORF1b:S1233S;ORF1b:H1234Q;ORF1b:A1244A;ORF1b:L1248S;ORF1b:P1258H;ORF1b:V1263E;ORF1b:F1266I;ORF1b:K1268R;ORF1b:E1276G;ORF1b:Y1278C;ORF1b:F1280S;ORF1b:A1285T;ORF1b:E1288E;ORF1b:T1289S;ORF1b:F1296I;ORF1b:E1298Q;ORF1b:N1311K;ORF1b:R1315C,96,4112,0.0233463035019455,0,
3052026,BA.2_0.05_abundance_0.1,G17117T;T17126C;G17162A;T17166C;T17169A;A17199C;T17210C;T17255A;T17263A;A17270G;A17294G;A17300G;T17306C;G17320A;G17331A;A17332T;T17353A;G17359C;T17400G,ORF1b:G1217V;ORF1b:L1220P;ORF1b:C1232Y;ORF1b:S1233S;ORF1b:H1234Q;ORF1b:A1244A;ORF1b:L1248S;ORF1b:V1263E;ORF1b:F1266I;ORF1b:K1268R;ORF1b:E1276G;ORF1b:Y1278C;ORF1b:F1280S;ORF1b:A1285T;ORF1b:E1288E;ORF1b:T1289S;ORF1b:F1296I;ORF1b:E1298Q;ORF1b:N1311K,58,5744,0.0100974930362117,0,
3052026,BA.2_0.05_abundance_0.1,G17117T;T17126C;G17162A;T17166C;T17169A;A17199C;T17210C;T17255A;T17263A;A17270G;A17294G;A17300G;T17306C;G17320A;G17331A;A17332T;T17353A;G17359C;T17400G;C17410T,ORF1b:G1217V;ORF1b:L1220P;ORF1b:C1232Y;ORF1b:S1233S;ORF1b:H1234Q;ORF1b:A1244A;ORF1b:L1248S;ORF1b:V1263E;ORF1b:F1266I;ORF1b:K1268R;ORF1b:E1276G;ORF1b:Y1278C;ORF1b:F1280S;ORF1b:A1285T;ORF1b:E1288E;ORF1b:T1289S;ORF1b:F1296I;ORF1b:E1298Q;ORF1b:N1311K;ORF1b:R1315C,118,4112,0.0286964980544747,0,
3052026,BA.2_0.05_abundance_0.1,C17240A;C17410T,ORF1b:P1258H;ORF1b:R1315C,1814,4112,0.441147859922179,0,
3052026,BA.2_0.05_abundance_0.1,C17240A;A17316G;C17410T,ORF1b:P1258H;ORF1b:V1283V;ORF1b:R1315C,50,4112,0.0121595330739299,0,
3052026,BA.2_0.05_abundance_0.1,A17316G;C17410T,ORF1b:V1283V;ORF1b:R1315C,49,4115,0.0119076549210206,156,BA.2:70;BA.2.12.1:64;BF.10:1;BA.5.2:10;BA.5.1.27:1;BA.2.56:1;BA.2.12:3;BA.5.2.1:2;BQ.1:1;BA.2.3:1;BA.2.75:2
3052026,BA.2_0.05_abundance_0.1,G17749C;G17753T;A17775T;A17791T;T17812A;G17815T;A17823G;A17853C;T17859A;A17889T;T17978C;A17984T,ORF1b:A1428P;ORF1b:W1429L;ORF1b:S1436S;ORF1b:N1442Y;ORF1b:L1449M;ORF1b:G1450*;ORF1b:P1452P;ORF1b:S1462S;ORF1b:Y1464*;ORF1b:E1474D;ORF1b:L1504P;ORF1b:D1506V,12,101,0.1188118811881188,0,
3052026,BA.2_0.05_abundance_0.1,G18968A;A18969G;A18982G;T19016G;G19056A;A19073G;G19086A;T19110A;A19116G;A19123T;A19134G;T19139C;T19146G;T19149C;A19210G;G19211T;A19212C;G19219A;C19227T;T19233A;T19241C;T19248G;C19255G,ORF1b:R1834K;ORF1b:R1834R;ORF1b:M1839V;ORF1b:F1850C;ORF1b:K1863K;ORF1b:D1869G;ORF1b:K1873K;ORF1b:S1881R;ORF1b:K1883K;ORF1b:K1886*;ORF1b:E1889E;ORF1b:F1891S;ORF1b:S1893S;ORF1b:Y1894Y;ORF1b:R1915G;ORF1b:R1915I;ORF1b:R1915S;ORF1b:A1918T;ORF1b:S1920S;ORF1b:V1922V;ORF1b:F1925S;ORF1b:T1927T;ORF1b:L1930V,71,806,0.0880893300248139,0,
3052026,BA.2_0.05_abundance_0.1,G18968A;A18969G;A18982G;T19016G;G19056A;A19073G;G19086A;T19110A;A19116G;A19123T;A19134G;T19139C;T19146G;T19149C;A19210G;G19211T;A19212C;G19219A;C19227T;T19233A;T19241C;T19248G,ORF1b:R1834K;ORF1b:R1834R;ORF1b:M1839V;ORF1b:F1850C;ORF1b:K1863K;ORF1b:D1869G;ORF1b:K1873K;ORF1b:S1881R;ORF1b:K1883K;ORF1b:K1886*;ORF1b:E1889E;ORF1b:F1891S;ORF1b:S1893S;ORF1b:Y1894Y;ORF1b:R1915G;ORF1b:R1915I;ORF1b:R1915S;ORF1b:A1918T;ORF1b:S1920S;ORF1b:V1922V;ORF1b:F1925S;ORF1b:T1927T,15,1041,0.0144092219020172,0,
3052026,BA.2_0.05_abundance_0.1,G20518A;G20548A;T20563A;T20570C;T20573G;T20579G;T20606G;T20609A;G20616T;G20618A;T20625G;C20629T;C20646A;T20671C;T20690G;G20691C;T20701G;A20711G;T20717A;T20723C;A20744T;A20766G;C20790T;A20796T;G20808C,ORF1b:D2351N;ORF1b:D2361N;ORF1b:S2366T;ORF1b:V2368A;ORF1b:V2369G;ORF1b:V2371G;ORF1b:F2380C;ORF1b:M2381K;ORF1b:W2383C;ORF1b:C2384Y;ORF1b:D2386E;ORF1b:H2388Y;ORF1b:Y2393*;ORF1b:W2402R;ORF1b:M2408R;ORF1b:M2408I;ORF1b:Y2412D;ORF1b:Q2415R;ORF1b:M2417K;ORF1b:L2419S;ORF1b:N2426I;ORF1b:L2433L;ORF1b:V2441V;ORF1b:K2443N;ORF1b:L2447L,160,1588,0.1007556675062972,0,
3052026,BA.2_0.05_abundance_0.1,T21147A;G21152T;G21159A;A21176C;T21184G;A21203C;T21206C;C21230A;C21257T;A21290T;G21316A;T21322A;A21343G;G21354C;T21382A;T21385G;T21391C;A21400C;C21410G;C21412A,ORF1b:L2560L;ORF1b:G2562V;ORF1b:V2564V;ORF1b:E2570A;ORF1b:W2573G;ORF1b:K2579T;ORF1b:L2580P;ORF1b:T2588K;ORF1b:S2597L;ORF1b:Y2608F;ORF1b:D2617N;ORF1b:Y2619N;ORF1b:I2626V;ORF1b:R2629S;ORF1b:Y2639N;ORF1b:S2640A;ORF1b:F2642L;ORF1b:S2645R;ORF1b:P2648R;ORF1b:L2649I,11,133,0.0827067669172932,0,
3052026,BA.2_0.05_abundance_0.1,T21147A;G21152T;G21159A;A21176C;T21184G;A21203C;T21206C;C21230A;C21257T;A21290T;G21316A;T21322A;A21343G;G21354C;T21382A;T21385G;T21391C;A21400C,ORF1b:L2560L;ORF1b:G2562V;ORF1b:V2564V;ORF1b:E2570A;ORF1b:W2573G;ORF1b:K2579T;ORF1b:L2580P;ORF1b:T2588K;ORF1b:S2597L;ORF1b:Y2608F;ORF1b:D2617N;ORF1b:Y2619N;ORF1b:I2626V;ORF1b:R2629S;ORF1b:Y2639N;ORF1b:S2640A;ORF1b:F2642L;ORF1b:S2645R,5,185,0.027027027027027,0,
3052026,BA.2_0.05_abundance_0.1,T21702C;A21720T;T21756A;A21768C;G21795C;T21818C;C21843A;A21858G;G21869C;G21873T;A21875G;C21904G;C21910T;A21913T;A21917T;A21923C;T21937C;C21962A;G21987A,S:V47A;S:D53V;S:F65Y;S:H69P;S:R78T;S:F86L;S:S94Y;S:N99S;S:G103R;S:W104L;S:I105V;S:T114T;S:S116S;S:L117L;S:I119F;S:N121H;S:N125N;S:Q134K;S:G142D,144,1834,0.0785169029443838,0,
3052026,BA.2_0.05_abundance_0.1,T21702C;A21720T;T21756A;A21768C;G21795C;T21818C;C21843A;A21858G;G21869C;G21873T;A21875G;C21904G;C21910T;A21913T;A21917T;A21923C;T21937C;C21962A,S:V47A;S:D53V;S:F65Y;S:H69P;S:R78T;S:F86L;S:S94Y;S:N99S;S:G103R;S:W104L;S:I105V;S:T114T;S:S116S;S:L117L;S:I119F;S:N121H;S:N125N;S:Q134K,33,2065,0.0159806295399515,0,
3052026,BA.2_0.05_abundance_0.1,T21879C;A21917T;G21987A,S:F106S;S:I119F;S:G142D,86,1854,0.0463861920172599,0,
3052026,BA.2_0.05_abundance_0.1,T21879C;G21987A,S:F106S;S:G142D,290,1854,0.1564185544768069,2,AY.44:1;BA.1.1:1
3052026,BA.2_0.05_abundance_0.1,A21917T;G21987A,S:I119F;S:G142D,302,1854,0.162891046386192,5,BA.1.1:1;B.1.617.2:1;BA.5:1;AY.4:2
3052026,BA.2_0.05_abundance_0.1,T22200G;T22222A,S:V213G;S:F220L,67,217,0.3087557603686636,48,BA.5.2.1:45;BQ.1.1.12:1;BA.5.1:1;BE.1.3:1
3052026,BA.2_0.05_abundance_0.1,C23855G;G23948T,S:R765G;S:D796Y,28,134,0.208955223880597,104,BA.1.17.2:3;BA.2.8:4;BA.5.6:63;BF.5:1;BA.5.2.1:1;BA.1.1:3;BA.5.1.2:16;BA.2:2;BQ.1.1.4:1;BA.5.2:1;BA.1.15:2;BA.2.3:3;BA.2.75.1:1;BA.5:1;BA.5.2.9:1;BA.5.1:1
3052026,BA.2_0.05_abundance_0.1,T24212C;A24424T,S:S884P;S:Q954H,9,109,0.0825688073394495,2,BA.5.5.3:1;BA.4:1
3052026,BA.2_0.05_abundance_0.1,T24212C;C24333G;A24424T,S:S884P;S:A924G;S:Q954H,30,109,0.2752293577981651,0,
3052026,BA.2_0.05_abundance_0.1,T24212C;C24333G,S:S884P;S:A924G,7,146,0.047945205479452,0,
3052026,BA.2_0.05_abundance_0.1,C24333G;A24424T,S:A924G;S:Q954H,53,109,0.4862385321100917,1,BA.5.2:1
3052026,BA.2_0.05_abundance_0.1,A24424T;T24469A;T24631G,S:Q954H;S:N969K;S:N1023K,12,249,0.0481927710843373,12,BA.5.2.1:4;BA.5.2.20:1;BA.1.18:1;BA.5.2:4;BA.1:1;BA.2.31:1
3052026,BA.2_0.05_abundance_0.1,A24424T;A24433C;A24453G;C24458A;T24464G;A24468C;T24469A;T24475A;C24477G;G24515A;G24533C;A24539C;C24555G;A24562T;A24602C;A24619T;T24625C;C24627A;A24630C;C24662A;A24673T;C24720A;T24721A;G24740C,S:Q954H;S:Q957H;S:K964R;S:L966I;S:S968A;S:N969T;S:N969K;S:G971G;S:A972G;S:D985N;S:V991L;S:I993L;S:T998R;S:R1000S;S:R1014R;S:R1019S;S:S1021S;S:A1022D;S:N1023T;S:L1034I;S:S1037S;S:P1053H;S:P1053P;S:V1060L,22,205,0.1073170731707317,0,
3052026,BA.2_0.05_abundance_0.1,A24424T;A24433C;A24453G;C24458A;T24464G;A24468C;T24469A;T24475A;C24477G;G24515A;G24533C;A24539C;C24555G;A24562T;A24602C;A24619T;T24625C;C24627A;A24630C;C24662A;A24673T;C24720A;T24721A,S:Q954H;S:Q957H;S:K964R;S:L966I;S:S968A;S:N969T;S:N969K;S:G971G;S:A972G;S:D985N;S:V991L;S:I993L;S:T998R;S:R1000S;S:R1014R;S:R1019S;S:S1021S;S:A1022D;S:N1023T;S:L1034I;S:S1037S;S:P1053H;S:P1053P,7,232,0.0301724137931034,0,
3052026,BA.2_0.05_abundance_0.1,A24433C;A24453G;C24458A;T24464G;A24468C;T24469A;T24475A;C24477G;G24515A;G24533C;A24539C;C24555G;A24562T;A24602C;A24619T;T24625C;C24627A;A24630C;C24662A;A24673T;C24720A;T24721A;G24740C,S:Q957H;S:K964R;S:L966I;S:S968A;S:N969T;S:N969K;S:G971G;S:A972G;S:D985N;S:V991L;S:I993L;S:T998R;S:R1000S;S:R1014R;S:R1019S;S:S1021S;S:A1022D;S:N1023T;S:L1034I;S:S1037S;S:P1053H;S:P1053P;S:V1060L,53,873,0.0607101947308132,0,
3052026,BA.2_0.05_abundance_0.1,A24433C;A24453G;C24458A;T24464G;A24468C;T24469A;T24475A;C24477G;G24515A;G24533C;A24539C;C24555G;A24562T;A24602C;A24619T;T24625C;C24627A;A24630C;C24662A;A24673T;C24720A;T24721A;G24740C;G24757C,S:Q957H;S:K964R;S:L966I;S:S968A;S:N969T;S:N969K;S:G971G;S:A972G;S:D985N;S:V991L;S:I993L;S:T998R;S:R1000S;S:R1014R;S:R1019S;S:S1021S;S:A1022D;S:N1023T;S:L1034I;S:S1037S;S:P1053H;S:P1053P;S:V1060L;S:V1065V,8,118,0.0677966101694915,0,
3052026,BA.2_0.05_abundance_0.1,T24469A;T24631G,S:N969K;S:N1023K,49,1102,0.0444646098003629,12,BA.5.2.1:4;BA.5.2.20:1;BA.1.18:1;BA.5.2:4;BA.1:1;BA.2.31:1
3052026,BA.2_0.05_abundance_0.1,G24740C;G24757C;C24801G;A24820T;T24829A;A24860G;A24874C;C24878G;T24887G;A24894G;T24906G;G24933A;A24950G;T24951G;C24964G;C24986T,S:V1060L;S:V1065V;S:A1080G;S:K1086N;S:F1089L;S:T1100A;S:V1104V;S:Q1106E;S:F1109V;S:E1111G;S:I1115S;S:G1124D;S:I1130V;S:I1130R;S:N1134K;S:Q1142*,62,454,0.1365638766519823,0,
3052026,BA.2_0.05_abundance_0.1,T25343C;A25360C;A25367G;T25414C;T25461A;A25462C;C25584T;T25633A,S:S1261P;S:K1266N;S:K1269E;ORF3a:F8L;ORF3a:A23A;ORF3a:T24P;ORF3a:T64T;ORF3a:C81S,61,699,0.0872675250357653,0,
3052026,BA.2_0.05_abundance_0.1,T25343C;A25360C;A25367G;T25414C;T25461A;A25462C;C25584T,S:S1261P;S:K1266N;S:K1269E;ORF3a:F8L;ORF3a:A23A;ORF3a:T24P;ORF3a:T64T,53,1414,0.0374823196605374,0,
3052026,BA.2_0.05_abundance_0.1,T25343C;A25360C;A25367G;T25414C;T25421A;T25461A;A25462C;C25584T;T25633A,S:S1261P;S:K1266N;S:K1269E;ORF3a:F8L;ORF3a:I10N;ORF3a:A23A;ORF3a:T24P;ORF3a:T64T;ORF3a:C81S,10,699,0.0143061516452074,0,
3052026,BA.2_0.05_abundance_0.1,T25421A;C25584T,ORF3a:I10N;ORF3a:T64T,152,1414,0.1074964639321075,122,BA.2.29:63;BA.2:53;BA.1.1:2;BA.4.6:1;BA.1.1.2:1;BA.5.1.5:2
3052026,BA.2_0.05_abundance_0.1,C25728T;T25888C,ORF3a:V112V;ORF3a:S166P,14,79,0.1772151898734177,0,
3052026,BA.2_0.05_abundance_0.1,C26577G;T26617C;G26709A,M:Q19E;M:I32T;M:A63T,414,4127,0.1003149987884662,4,BA.2:2;BF.3:1;BA.2.38:1
3052026,BA.2_0.05_abundance_0.1,C26577G;T26617C;G26709A;C26858T,M:Q19E;M:I32T;M:A63T;M:F112F,2468,3594,0.6867000556483027,3,BA.2:2;BA.2.38:1
3052026,BA.2_0.05_abundance_0.1,C27208A;G27225T;A27246C;A27259C;G27261C;C27263T;G27281A;T27291G;T27296G;A27317T;A27321C;G27327T;T27328G;A27359G;A27372G;G27382C;A27383T;T27384C;A27399G;G27420A;C27427A;G27430T;C27434A;T27483G,ORF6:H3N;ORF6:Q8H;ORF6:L15F;ORF6:R20R;ORF6:R20S;ORF6:T21I;ORF6:W27*;ORF6:D30E;ORF6:I32S;ORF6:N39I;ORF6:L40F;ORF6:K42N;ORF6:S43A;ORF6:D53G;ORF6:P57P;ORF6:D61H;ORF6:D61V;ORF6:D61D;ORF7a:K2K;ORF7a:L9L;ORF7a:L12I;ORF7a:A13S;ORF7a:T14N;ORF7a:L30L,40,1548,0.0258397932816537,0,
3052026,BA.2_0.05_abundance_0.1,C27208A;G27225T;A27246C;A27259C;G27261C;C27263T;G27281A;T27291G;T27296G;A27317T;A27321C;G27327T;T27328G;A27359G;A27372G;G27382C;A27383T;T27384C;A27399G;G27420A;C27427A;G27430T;C27434A;T27483G;A27491T,ORF6:H3N;ORF6:Q8H;ORF6:L15F;ORF6:R20R;ORF6:R20S;ORF6:T21I;ORF6:W27*;ORF6:D30E;ORF6:I32S;ORF6:N39I;ORF6:L40F;ORF6:K42N;ORF6:S43A;ORF6:D53G;ORF6:P57P;ORF6:D61H;ORF6:D61V;ORF6:D61D;ORF7a:K2K;ORF7a:L9L;ORF7a:L12I;ORF7a:A13S;ORF7a:T14N;ORF7a:L30L;ORF7a:E33V,40,1155,0.0346320346320346,0,
3052026,BA.2_0.05_abundance_0.1,C27208A;G27225T;A27246C;A27259C;G27261C;C27263T;G27281A;T27291G;T27296G;A27317T;A27321C;G27327T;T27328G;A27359G;A27372G;G27382C;A27383T;T27384C;A27399G;G27420A;C27427A;G27430T;C27434A;T27483G;A27491T;C27494A,ORF6:H3N;ORF6:Q8H;ORF6:L15F;ORF6:R20R;ORF6:R20S;ORF6:T21I;ORF6:W27*;ORF6:D30E;ORF6:I32S;ORF6:N39I;ORF6:L40F;ORF6:K42N;ORF6:S43A;ORF6:D53G;ORF6:P57P;ORF6:D61H;ORF6:D61V;ORF6:D61D;ORF7a:K2K;ORF7a:L9L;ORF7a:L12I;ORF7a:A13S;ORF7a:T14N;ORF7a:L30L;ORF7a:E33V;ORF7a:P34H,63,708,0.0889830508474576,0,
3052026,BA.2_0.05_abundance_0.1,C27208A;G27225T;A27246C;A27259C;G27261C;C27263T;G27281A;T27291G;T27296G;A27317T;A27321C;G27327T;T27328G;A27359G;A27372G;G27382C;A27383T;T27384C;A27399G;G27420A;C27427A;G27430T;C27434A,ORF6:H3N;ORF6:Q8H;ORF6:L15F;ORF6:R20R;ORF6:R20S;ORF6:T21I;ORF6:W27*;ORF6:D30E;ORF6:I32S;ORF6:N39I;ORF6:L40F;ORF6:K42N;ORF6:S43A;ORF6:D53G;ORF6:P57P;ORF6:D61H;ORF6:D61V;ORF6:D61D;ORF7a:K2K;ORF7a:L9L;ORF7a:L12I;ORF7a:A13S;ORF7a:T14N,23,1773,0.0129723632261703,0,
3052026,BA.2_0.05_abundance_0.1,C28439T;A28446G;C28491A;C28500T;G28514T;T28524C;T28529G;A28547T;G28548C;T28561A;A28652G;A28692C;A28709C,N:L56F;N:Q58R;N:P73Q;N:T76I;N:D81Y;N:I84T;N:Y86D;N:R92*;N:R92T;N:G96G;N:K127E;N:N140T;N:I146L,28,371,0.0754716981132075,0,
3052026,BA.2_0.05_abundance_0.1,A29016T;G29030T;T29036G;C29048G;G29058T;A29078G;A29089G;C29091A;C29118G;G29156A;C29187A;T29194G;G29202A;G29240C;A29241G;G29254T;C29259T;T29264A;A29273G;T29293G;C29304G;A29313C,N:K248M;N:E253*;N:S255A;N:R259G;N:R262L;N:N269D;N:Q272Q;N:A273D;N:T282S;N:G295R;N:A305E;N:F307L;N:S310N;N:E323Q;N:E323G;N:S327S;N:T329M;N:L331M;N:T334A;N:D340E;N:P344R;N:K347T,5,308,0.0162337662337662,0,
3052026,BA.2_0.05_abundance_0.1,A29016T;G29030T;T29036G;C29048G;G29058T;A29078G;A29089G;C29091A;C29118G;G29156A;C29187A;T29194G;G29202A;G29240C;A29241G;G29254T;C29259T;T29264A;T29293G;C29304G;A29313C,N:K248M;N:E253*;N:S255A;N:R259G;N:R262L;N:N269D;N:Q272Q;N:A273D;N:T282S;N:G295R;N:A305E;N:F307L;N:S310N;N:E323Q;N:E323G;N:S327S;N:T329M;N:L331M;N:D340E;N:P344R;N:K347T,23,308,0.0746753246753246,0,
3052026,BA.2_0.05_abundance_0.1,G29030T;T29036G;C29048G;G29058T;A29078G;A29089G;C29091A;C29118G;G29156A;C29187A;T29194G;G29202A;G29240C;A29241G;G29254T;C29259T;T29264A;T29293G;C29304G;A29313C,N:E253*;N:S255A;N:R259G;N:R262L;N:N269D;N:Q272Q;N:A273D;N:T282S;N:G295R;N:A305E;N:F307L;N:S310N;N:E323Q;N:E323G;N:S327S;N:T329M;N:L331M;N:D340E;N:P344R;N:K347T,97,1717,0.0564938846825859,0,
3052026,BA.2_0.05_abundance_0.1,G29030T;T29036G;C29048G;G29058T;A29078G;A29089G;C29091A;C29118G;G29156A;C29187A;T29194G;G29202A;G29240C;A29241G;G29254T;C29259T;T29264A;A29273G;T29293G;C29304G;A29313C,N:E253*;N:S255A;N:R259G;N:R262L;N:N269D;N:Q272Q;N:A273D;N:T282S;N:G295R;N:A305E;N:F307L;N:S310N;N:E323Q;N:E323G;N:S327S;N:T329M;N:L331M;N:T334A;N:D340E;N:P344R;N:K347T,33,1717,0.0192195690157251,0,
3052026,BA.2_0.05_abundance_0.1,A29510C;A29621C,N:S413R;ORF10:N22H,41,1173,0.0349531116794543,13,BF.11:10;BA.5.2:1;BA.2.75:1;BA.5.2.20:1
