Date,Site,Nt Mutations,AA Mutations,Support DP,Total DP,Combined Freq,Overall Occurrence,Lineage Occurrence
1012026,BA.2_0.03_abundance_0.03,T670G;T772A,ORF1a:S135R;ORF1a:V169V,123,305,0.4032786885245901,47,BA.2:3;BA.5.1.10:3;BA.5.2.1:22;BA.5.2:8;BA.5.1:4;BA.4.1:1;BA.5.1.24:5;BA.5.2.21:1
1012026,BA.2_0.03_abundance_0.03,A2238C;G2531C,ORF1a:E658A;ORF1a:V756L,71,486,0.1460905349794238,0,
1012026,BA.2_0.03_abundance_0.03,A2238C;C2459G,ORF1a:E658A;ORF1a:P732A,11,494,0.0222672064777327,0,
1012026,BA.2_0.03_abundance_0.03,A2238C;C2459G;G2531C,ORF1a:E658A;ORF1a:P732A;ORF1a:V756L,8,486,0.0164609053497942,0,
1012026,BA.2_0.03_abundance_0.03,C2459G;G2531C,ORF1a:P732A;ORF1a:V756L,5,486,0.0102880658436214,0,
1012026,BA.2_0.03_abundance_0.03,C3037T;T3055A,ORF1a:F924F;ORF1a:D930E,377,1264,0.298259493670886,280,B.1.1.7:37;BA.2.75:42;AY.112.2:1;AY.43:128;AY.44:3;B.1.400:1;AY.39:1;AY.121:1;BA.5.1.28:2;BQ.1.1:1;BN.1.3:5;BA.1.1.18:2;BA.1.15:1;AY.104:2;BA.5.2:4;BA.2:12;AY.25:5;BA.1.1:5;B.1.2:1;AY.20:1;BA.1.18:1;BA.1.17.2:5;BA.5.2.7:1;BA.2.12.1:1;BA.1:2;BA.5.1:2;AY.100:2;B.1.177:1;AY.42:4;BF.5:1;B.1.426:1;BA.4:1;BA.2.52:1;BQ.1.9:1;P.1:1
1012026,BA.2_0.03_abundance_0.03,C3037T;T3055A;T3106G,ORF1a:F924F;ORF1a:D930E;ORF1a:Y947*,40,1186,0.0337268128161888,0,
1012026,BA.2_0.03_abundance_0.03,C3037T;T3106G,ORF1a:F924F;ORF1a:Y947*,95,1186,0.0801011804384485,1,B.1.2:1
1012026,BA.2_0.03_abundance_0.03,A4850T;A4862T,ORF1a:K1529*;ORF1a:K1533*,19,1706,0.011137162954279,0,
1012026,BA.2_0.03_abundance_0.03,G5666A;A5692T,ORF1a:E1801K;ORF1a:A1809A,8,233,0.0343347639484978,0,
1012026,BA.2_0.03_abundance_0.03,C8090T;T8215G,ORF1a:L2609F;ORF1a:D2650E,8,344,0.0232558139534883,0,
1012026,BA.2_0.03_abundance_0.03,C9534T;T9695G,ORF1a:T3090I;ORF1a:Y3144D,69,2451,0.0281517747858017,1,BA.2.9:1
1012026,BA.2_0.03_abundance_0.03,C9534T;G9827T,ORF1a:T3090I;ORF1a:E3188*,61,196,0.3112244897959184,0,
1012026,BA.2_0.03_abundance_0.03,C10029T;G9827T,ORF1a:T3255I;ORF1a:E3188*,23,63,0.365079365079365,0,
1012026,BA.2_0.03_abundance_0.03,G10835A;A10964C,ORF1a:V3524I;ORF1a:T3567P,8,231,0.0346320346320346,0,
1012026,BA.2_0.03_abundance_0.03,G12545T;G12647A,ORF1a:A4094S;ORF1a:V4128I,18,1343,0.0134028294862248,0,
1012026,BA.2_0.03_abundance_0.03,C15714T;G15751T,ORF1b:L749L;ORF1b:A762S,392,3529,0.1110796259563615,14,BA.5.2:1;BA.2.10.2:1;BQ.1.3:12
1012026,BA.2_0.03_abundance_0.03,A15891C;T16164A,ORF1b:T808T;ORF1b:T899T,330,2714,0.1215917464996315,0,
1012026,BA.2_0.03_abundance_0.03,T16576A;G16714C,ORF1b:W1037R;ORF1b:D1083H,11,67,0.1641791044776119,0,
1012026,BA.2_0.03_abundance_0.03,T17379C;C17410T,ORF1b:N1304N;ORF1b:R1315C,62,1691,0.0366646954464813,37,BA.2.12.1:1;BF.10:2;BA.2:14;BA.5.2.1:3;BA.5.2.20:2;BA.2.9.5:2;BQ.1.13:1;CM.2:1;BA.2.75:1;BA.4.6:1;BA.4.6.5:1;BA.5.2:2;BQ.1.14:1;BA.2.9:3;BA.5:1;BA.2.3:1
1012026,BA.2_0.03_abundance_0.03,C17410T;T17475G,ORF1b:R1315C;ORF1b:T1336T,6,335,0.017910447761194,6,BA.5.2:5;BA.5:1
1012026,BA.2_0.03_abundance_0.03,C17410T;A17654C,ORF1b:R1315C;ORF1b:K1396T,8,314,0.0254777070063694,0,
1012026,BA.2_0.03_abundance_0.03,A17760T;A17844G,ORF1b:K1431N;ORF1b:S1459S,5,326,0.0153374233128834,0,
1012026,BA.2_0.03_abundance_0.03,A18163G;C18183G,ORF1b:I1566V;ORF1b:D1572E,16,452,0.0353982300884955,0,
1012026,BA.2_0.03_abundance_0.03,A18163G;T18237G,ORF1b:I1566V;ORF1b:V1590V,50,417,0.1199040767386091,3,BA.1:1;BA.1.13.1:2
1012026,BA.2_0.03_abundance_0.03,T18339A;C18493A,ORF1b:A1624A;ORF1b:L1676I,16,485,0.0329896907216494,0,
1012026,BA.2_0.03_abundance_0.03,C21903G;G21987A,S:T114S;S:G142D,172,826,0.2082324455205811,13,AY.100:3;BA.5:1;BA.1.1:3;AY.126:2;AY.20:1;BA.2:1;AY.3:1;BA.4:1
1012026,BA.2_0.03_abundance_0.03,T22200G;T22222G,S:V213G;S:F220L,49,292,0.1678082191780822,21,BA.5.2.1:2;BA.2:7;BE.1:5;BA.5.1.23:2;BA.5.1:1;BF.27:1;BA.5.2:3
1012026,BA.2_0.03_abundance_0.03,C22564T;G22578A,S:N334N;S:G339D,8,216,0.037037037037037,1972,BA.5.2.32:1;BF.14:2;BA.5.2:133;BE.1:3;BA.5.2.1:69;BA.2.10:100;BA.2.3:39;BA.5.1.22:493;BA.5.1:108;BF.7:17;BQ.1.1.18:40;BA.1.15:17;BF.21:5;BQ.1.1.8:4;BA.5:6;BA.5.2.21:14;BF.5:44;BQ.1.1.22:2;DB.1:22;BF.7.8:1;BA.2:291;BA.5.2.7:18;BA.5.1.2:3;BA.5.6:8;BA.1.1:36;BA.5.1.23:22;BA.2.75:13;BA.2.12.1:71;BA.5.11:1;BA.1.17.2:6;BQ.1.1.24:1;BS.1.1:3;BA.2.4:2;BA.2.9:88;BA.1:29;BA.2.19:5;BQ.1.1:73;BA.4.6:11;BF.7.4.1:11;BA.1.18:12;BA.1.1.18:1;BA.1.1.14:6;BQ.1.25:3;BE.1.1:14;BA.2.10.1:2;BA.5.2.6:1;BA.2.8:1;BF.2:2;BA.1.9:1;BA.1.12:2;BE.3:2;BA.5.2.28:1;BQ.1.6:1;BF.7.5:1;BA.4:15;BQ.1:1;BF.13:1;BA.5.1.8:1;BA.5.5:9;BA.1.17:3;BA.5.1.24:3;BF.28:4;BA.5.2.27:12;BA.2.40.1:5;BA.5.1.5:1;BA.4.1:5;BA.1.8:1;BF.1:1;BQ.1.8.2:5;BA.5.9:2;BA.1.1.1:3;BQ.1.1.17:4;BQ.1.1.3:2;BA.2.18:1;BQ.1.22:2;BA.2.23:2;BQ.1.5:1;BA.1.20:7;BQ.1.1.5:1;BA.2.26:1;BA.5.2.9:2;BA.2.10.2:1;BA.5.3.1:2;BQ.1.1.6:1;BA.4.1.1:1;BA.2.3.1:1;BA.5.1.27:3;BF.7.4:1;BA.5.3.2:1;BQ.1.11:1;BF.10:2;BF.26:1
1012026,BA.2_0.03_abundance_0.03,C22564T;G22578A;C22674T;T22679C;C22686T;A22688G;G22775A;A22786C;G22813T,S:N334N;S:G339D;S:S371F;S:S373P;S:S375F;S:T376A;S:D405N;S:R408S;S:K417N,77,189,0.4074074074074074,1656,BA.5.2.32:1;BF.14:2;BA.5.2:130;BE.1:3;BA.5.2.1:65;BA.2.10:99;BA.2.3:33;BA.5.1.22:465;BA.5.1:92;BF.7:15;BQ.1.1.18:35;BF.21:5;BQ.1.1.8:4;BA.5:5;BA.5.2.21:14;BF.5:44;BQ.1.1.22:2;DB.1:16;BF.7.8:1;BA.2:215;BA.5.2.7:14;BA.5.1.2:3;BA.5.6:7;BA.5.1.23:13;BA.2.75:13;BA.2.12.1:62;BA.5.11:1;BQ.1.1.24:1;BS.1.1:3;BA.2.4:2;BA.2.9:84;BA.2.19:5;BQ.1.1:72;BA.4.6:11;BF.7.4.1:10;BQ.1.25:2;BE.1.1:12;BA.2.10.1:2;BA.5.2.6:1;BA.2.8:1;BF.2:2;BE.3:2;BA.5.2.28:1;BQ.1.6:1;BF.7.5:1;BA.4:15;BF.13:1;BA.5.5:8;BA.5.1.24:2;BF.28:4;BA.5.2.27:12;BA.2.40.1:5;BQ.1.8.2:5;BA.5.9:1;BQ.1.1.17:3;BA.4.1:4;BQ.1.1.3:2;BA.2.18:1;BQ.1.22:2;BA.2.23:2;BQ.1.1.5:1;BA.2.26:1;BA.5.2.9:2;BA.2.10.2:1;BA.5.3.1:2;BQ.1.1.6:1;BA.4.1.1:1;BA.2.3.1:1;BA.5.1.27:3;BF.7.4:1;BA.5.3.2:1;BQ.1.11:1;BF.10:1
1012026,BA.2_0.03_abundance_0.03,C22564T;G22578A;C22674T;T22679C;C22686T;A22688G,S:N334N;S:G339D;S:S371F;S:S373P;S:S375F;S:T376A,6,199,0.0301507537688442,1817,BA.5.2.32:1;BF.14:2;BA.5.2:133;BE.1:3;BA.5.2.1:69;BA.2.10:100;BA.2.3:38;BA.5.1.22:491;BA.5.1:107;BF.7:17;BQ.1.1.18:39;BF.21:5;BQ.1.1.8:4;BA.5:6;BA.5.2.21:14;BF.5:44;BQ.1.1.22:2;DB.1:17;BF.7.8:1;BA.2:278;BA.5.2.7:17;BA.5.1.2:3;BA.5.6:8;BA.5.1.23:21;BA.2.75:13;BA.2.12.1:68;BA.5.11:1;BQ.1.1.24:1;BS.1.1:3;BA.2.4:2;BA.2.9:86;BA.2.19:5;BQ.1.1:72;BA.4.6:11;BF.7.4.1:11;BQ.1.25:3;BE.1.1:14;BA.2.10.1:2;BA.5.2.6:1;BA.2.8:1;BF.2:2;BE.3:2;BA.5.2.28:1;BQ.1.6:1;BF.7.5:1;BA.4:15;BQ.1:1;BF.13:1;BA.5.1.8:1;BA.5.5:9;BA.5.1.24:3;BF.28:4;BA.5.2.27:12;BA.2.40.1:5;BA.5.1.5:1;BA.4.1:5;BF.1:1;BQ.1.8.2:5;BA.5.9:2;BQ.1.1.17:4;BQ.1.1.3:2;BA.2.18:1;BQ.1.22:2;BA.2.23:2;BQ.1.5:1;BQ.1.1.5:1;BA.2.26:1;BA.5.2.9:2;BA.2.10.2:1;BA.5.3.1:2;BQ.1.1.6:1;BA.4.1.1:1;BA.2.3.1:1;BA.5.1.27:3;BF.7.4:1;BA.5.3.2:1;BQ.1.11:1;BF.10:2;BF.26:1
1012026,BA.2_0.03_abundance_0.03,A23534T;T23599G;C23604A,S:N658Y;S:N679K;S:P681H,25,47,0.5319148936170213,48,BA.5.6:1;BA.1.1.2:4;BA.5.2:10;BA.5.2.1:1;BE.1:1;BA.1.1:9;BA.1:8;BA.2.9:3;BA.5.1:1;BA.5.2.12:1;BA.1.17:2;BA.2.12.1:2;BF.1:1;BE.3:2;BA.2.12:1;BC.2:1
1012026,BA.2_0.03_abundance_0.03,C23854A;G23948T;A24121T,S:N764K;S:D796Y;S:Q853H,9,260,0.0346153846153846,12,BA.1.1:1;BA.1.15:10;BA.1:1
1012026,BA.2_0.03_abundance_0.03,A24121T;A24424T,S:Q853H;S:Q954H,39,1251,0.0311750599520383,13,BA.1.1:1;BA.1.15:11;BA.1:1
1012026,BA.2_0.03_abundance_0.03,T24835G;C25000T,S:R1091R;S:D1146D,35,788,0.0444162436548223,138,BA.5.3:1;BA.5.1:121;BF.5:3;BA.2.12.1:1;BA.1.1:5;BA.5.2:1;BA.1:2;BA.2:3;BN.1.3:1
1012026,BA.2_0.03_abundance_0.03,C26270T;T26360C,E:T9I;E:L39S,15,109,0.1376146788990825,5,BA.1.1:1;B.1.1.529:1;BA.1:2;BA.2:1
1012026,BA.2_0.03_abundance_0.03,C26577G;G26709A;G26849A;C26858T,M:Q19E;M:A63T;M:M109I;M:F112F,2345,3989,0.5878666332414139,21,BA.2:8;BA.5.2.1:1;BA.2.10:1;BA.2.3:1;BA.2.12.1:4;BA.2.36:1;BA.2.9:2;XBB.1:1;BA.2.57:2
1012026,BA.2_0.03_abundance_0.03,C26577G;G26709A;G26849A,M:Q19E;M:A63T;M:M109I,146,4192,0.0348282442748091,88,BA.2:8;BF.7.4:1;BA.5.1.24:2;BA.1.1:15;BA.5.2.1:2;BA.1.13:1;BA.1.17.2:3;BA.5.5:2;BA.2.10:1;BA.1:8;BA.2.3:1;BA.2.12.1:4;BQ.1.1.28:1;BA.2.36:1;BA.5.2.13:2;BA.5.1.3:2;BA.5.8:1;BA.2.9:2;XBB.1:1;BA.5.1.1:4;BA.5.2:2;BF.5:1;BA.1.1.2:1;BA.1.1.18:11;BA.2.57:2;BA.5.1.22:1;BF.31:2;BA.1.20:3;BA.5.1:2;BA.5.1.6:1
1012026,BA.2_0.03_abundance_0.03,C26577G;A26646T;G26709A;G26849A;C26858T,M:Q19E;M:R42W;M:A63T;M:M109I;M:F112F,383,3989,0.0960140386061669,0,
1012026,BA.2_0.03_abundance_0.03,C26577G;G26709A;G26774A;G26849A;C26858T,M:Q19E;M:A63T;M:M84I;M:M109I;M:F112F,209,3989,0.0523940837302582,0,
1012026,BA.2_0.03_abundance_0.03,C26577G;A26646T;G26709A;C26858T,M:Q19E;M:R42W;M:A63T;M:F112F,131,3989,0.0328403108548508,3,BA.4.1:1;BA.2.12.1:1;BA.2:1
1012026,BA.2_0.03_abundance_0.03,C26577G;G26709A;G26774A;C26858T,M:Q19E;M:A63T;M:M84I;M:F112F,69,3989,0.0172975683128603,43,BA.2:25;BA.2.12.1:9;BA.4.1.6:1;BA.2.9:6;BA.2.75:1;BA.4.1.9:1
1012026,BA.2_0.03_abundance_0.03,C26577G;A26646T;G26709A,M:Q19E;M:R42W;M:A63T,72,4596,0.0156657963446475,3,BA.4.1:1;BA.2.12.1:1;BA.2:1
1012026,BA.2_0.03_abundance_0.03,G27382C;A27383T;T27384C;A27440C,ORF6:D61H;ORF6:D61V;ORF6:D61D;ORF7a:E16A,144,577,0.2495667244367417,44,BA.2.64:32;XBB.1:4;BA.2.12.1:6;BA.2.5:1;BA.2:1
1012026,BA.2_0.03_abundance_0.03,T28196C;C28311T,ORF8:R101R;N:P13L,70,1965,0.0356234096692111,301,BA.5:4;BA.2.74:1;BA.5.2.1:20;BA.5.2.28:13;BA.2.9:2;BA.2:77;BQ.1.1:4;BA.5.3.5:10;BA.5.2.21:1;BA.5.1:14;BA.5.2:17;BF.7.11:1;BA.1.1:76;BA.4.6:4;BA.2.3.13:3;BA.2.75:6;BA.2.12.1:4;BF.5:1;BA.4:2;BA.1:7;BA.1.17.2:2;BA.1.15:7;BA.4.1:2;BA.5.1.10:1;BA.1.1.2:3;AY.25.1:1;BA.1.17:2;BA.5.2.2:2;BK.1:2;BA.2.3:2;BA.5.1.7:4;BQ.1.9:2;BA.2.38.1:1;BL.1:1;C.37:1;BA.2.5:1
1012026,BA.2_0.03_abundance_0.03,C28863T;G28881A;G28882A;G28883C,N:S197L;N:R203K;N:R203R;N:G204R,10,182,0.0549450549450549,1031,B.1.1.7:37;BA.2:412;BQ.1.23:1;BA.1.17:7;BA.5.2.1:15;XAF:2;BA.2.29:2;BA.5.2.27:1;BQ.1.1.18:19;BA.2.9:10;BA.1.15:12;BF.13:6;BA.1.1:156;BA.1.17.2:13;B.1.1.519:3;BA.5.6:2;BA.2.7:6;N.5:1;BA.4.6:6;BA.2.40.1:1;BA.1.1.2:10;BA.2.12.1:13;B.1.1.37:2;P.1:5;BA.1:36;BQ.1.1:34;BA.1.20:4;BE.3:5;BA.2.65:12;BA.1.1.1:3;BA.2.76:1;P.1.15:1;BA.2.37:7;BQ.1.1.22:2;BA.2.3:11;BA.1.1.18:2;DF.1:1;BA.5.1:21;BA.5:4;BQ.1.1.13:4;BA.5.2:23;B.1.1.28:1;BA.1.15.1:1;B.1.1.456:1;C.37:17;AD.2:1;BE.1.1:5;BF.27:1;BA.5.5:4;CL.1:2;B.1.1.284:2;B.1.1.368:2;BA.1.1.4:1;XBB.1:1;BA.2.18:1;B.1.1:2;BA.2.3.20:2;BA.4.1:2;BA.2.3.11:5;BA.5.1.1:1;BA.1.21:3;BA.1.13.1:3;BF.5:2;BA.5.2.24:1;B.1.1.54:1;BA.4:6;BF.26:7;BA.2.1:4;BA.2.38:1;BA.2.3.13:1;BE.1:3;BA.5.2.21:2;BA.2.10:4;BA.5.2.20:2;BA.5.1.3:4;BA.5.1.2:1;B.1.1.318:2;BA.2.36:2;BA.5.6.1:1;BA.2.9.5:1;B.1.1.222:1;BA.2.78:1;D.2:1;B.1.617.2:1;BQ.1.1.1:1;BA.5.2.7:1;BA.2.10.1:2;C.36:6;BQ.1.1.5:1
1082026,BA.2_0.03_abundance_0.03,C1419A;C1441G,ORF1a:A385D;ORF1a:G392G,16,196,0.0816326530612244,0,
1082026,BA.2_0.03_abundance_0.03,C1419A;T1456A,ORF1a:A385D;ORF1a:L397L,16,196,0.0816326530612244,0,
1082026,BA.2_0.03_abundance_0.03,G1681C;G1836C,ORF1a:E472D;ORF1a:G524A,141,2245,0.0628062360801781,0,
1082026,BA.2_0.03_abundance_0.03,T4557C;T4597G,ORF1a:V1431A;ORF1a:T1444T,19,197,0.0964467005076142,0,
1082026,BA.2_0.03_abundance_0.03,T4557C;G4652T,ORF1a:V1431A;ORF1a:A1463S,5,149,0.0335570469798657,0,
1082026,BA.2_0.03_abundance_0.03,G6503A;T6511A,ORF1a:A2080T;ORF1a:N2082K,6,243,0.0246913580246913,0,
1082026,BA.2_0.03_abundance_0.03,T7126C;C7267G,ORF1a:P2287P;ORF1a:F2334L,19,243,0.0781893004115226,0,
1082026,BA.2_0.03_abundance_0.03,A8444G;G8536A,ORF1a:K2727E;ORF1a:K2757K,23,186,0.1236559139784946,0,
1082026,BA.2_0.03_abundance_0.03,C9534T;T9789G,ORF1a:T3090I;ORF1a:F3175C,87,554,0.1570397111913357,0,
1082026,BA.2_0.03_abundance_0.03,G10447A;A10452G,ORF1a:R3394R;ORF1a:N3396S,30,145,0.2068965517241379,0,
1082026,BA.2_0.03_abundance_0.03,G10447A;G10658A,ORF1a:R3394R;ORF1a:V3465I,21,135,0.1555555555555555,52,BA.5.2:2;BA.5.2.1:27;BA.2.9:7;BA.2.3:1;BE.1.3:2;BA.2.12.1:2;BA.2:8;BA.4.1:1;BA.5.1:1;BA.5.2.9:1
1082026,BA.2_0.03_abundance_0.03,G10447A;A10452G;G10658A,ORF1a:R3394R;ORF1a:N3396S;ORF1a:V3465I,5,135,0.037037037037037,0,
1082026,BA.2_0.03_abundance_0.03,C10809A;T11015A,ORF1a:P3515H;ORF1a:L3584I,51,905,0.056353591160221,0,
1082026,BA.2_0.03_abundance_0.03,T11015A;T11037C,ORF1a:L3584I;ORF1a:L3591P,9,273,0.0329670329670329,0,
1082026,BA.2_0.03_abundance_0.03,T11037C;A11052T,ORF1a:L3591P;ORF1a:Q3596L,16,507,0.0315581854043392,0,
1082026,BA.2_0.03_abundance_0.03,C11407T;T11525A,ORF1a:V3714V;ORF1a:L3754M,40,3420,0.0116959064327485,0,
1082026,BA.2_0.03_abundance_0.03,A12476G;G12572T,ORF1a:M4071V;ORF1a:D4103Y,119,2129,0.0558947862846406,0,
1082026,BA.2_0.03_abundance_0.03,C12880T;G12893C,ORF1a:I4205I;ORF1a:E4210Q,383,2077,0.1844005777563793,1,AU.3:1
1082026,BA.2_0.03_abundance_0.03,G13178C;A13219T,ORF1a:G4305R;ORF1a:Q4318H,21,660,0.0318181818181818,0,
1082026,BA.2_0.03_abundance_0.03,A14041C;T14127A,ORF1b:I192L;ORF1b:S220R,56,2300,0.0243478260869565,0,
1082026,BA.2_0.03_abundance_0.03,A14359G;T14386G;C14408T,ORF1b:I298V;ORF1b:L307V;ORF1b:P314L,17,867,0.0196078431372549,0,
1082026,BA.2_0.03_abundance_0.03,A14359G;C14408T,ORF1b:I298V;ORF1b:P314L,89,867,0.1026528258362168,2541,P.1:9;B.1.1.7:190;AY.127:1;AY.4:16;AY.118:123;B.1.2:1833;AY.43:51;B.1.361:6;B.1.234:38;AY.47:18;AY.103:5;BA.1.15:6;BA.5.2:42;BA.1.1.15:1;BA.1.17:6;AY.126:4;AY.112:1;AY.9.2:10;AY.44:14;BA.1:5;AY.99.2:3;AY.64:2;BA.5.2.1:3;B.1.617.2:13;BA.1.1.1:1;BA.1.15.1:1;AY.3.1:6;BF.7:18;BF.5:2;BA.1.17.2:2;AY.101:3;B.1:4;BA.1.1:23;BA.5.5:2;BA.5.1:2;BA.2.10:2;BE.1.4:1;BA.2.9:5;AY.46.3:1;BA.2:15;B.1.524:1;BQ.1.1.5:1;BA.1.18:3;AY.4.2.2:1;AY.3:1;BA.2.3:5;BA.4.6:2;AY.46.6:1;BA.2.3.12:1;B.1.429:5;B.1.1.222:1;AY.98:1;AY.122:4;B.1.239:4;BG.5:1;BA.5.1.23:3;B.1.1.448:1;AY.4.2:2;BA.2.12.1:3;AY.100:2;BA.2.23:1;N.5:2;BA.2.75.5:1;B.1.1.519:1;BQ.1.1:1;BF.8:1;B.1.177.57:1;B.1.617.1:1;B.1.428:1
1082026,BA.2_0.03_abundance_0.03,T14386G;C14408T,ORF1b:L307V;ORF1b:P314L,154,867,0.1776239907727797,57,AY.9.2:13;BA.2:1;BA.2.3:1;BA.2.9:4;AY.103:24;BA.2.12.1:5;BQ.1.1.4:1;B.1.1.7:3;AY.3:3;AY.100:1;BA.5.2.1:1
1082026,BA.2_0.03_abundance_0.03,A15046C;T15051G,ORF1b:I527L;ORF1b:P528P,23,951,0.0241850683491062,0,
1082026,BA.2_0.03_abundance_0.03,T15051G;T15164A,ORF1b:P528P;ORF1b:L566*,78,902,0.0864745011086474,0,
1082026,BA.2_0.03_abundance_0.03,G15438T;A15489C,ORF1b:M657I;ORF1b:G674G,45,2458,0.0183075671277461,0,
1082026,BA.2_0.03_abundance_0.03,C15714T;T15726A,ORF1b:L749L;ORF1b:A753A,323,3203,0.1008429597252575,70,BA.5.2:7;BA.4.1:1;BA.2.38:48;BA.2:2;BA.5.1:1;BQ.1:1;BA.2.10.1:1;BA.5.2.1:5;BA.2.3.2:2;BE.1.1:2
1082026,BA.2_0.03_abundance_0.03,G22113C;T22200G,S:G184A;S:V213G,228,1118,0.2039355992844365,1,BA.5:1
1082026,BA.2_0.03_abundance_0.03,T22882G;G22992A;C22995A;A23013C;A23040G;T23045A;A23055G;A23063T,S:N440K;S:S477N;S:T478K;S:E484A;S:Q493R;S:Y495N;S:Q498R;S:N501Y,75,1034,0.0725338491295938,0,
1082026,BA.2_0.03_abundance_0.03,T22882G;G22992A;C22995A;A23013C;A23040G;A23055G;A23063T;G23175A,S:N440K;S:S477N;S:T478K;S:E484A;S:Q493R;S:Q498R;S:N501Y;S:C538Y,24,409,0.0586797066014669,1,BA.1:1
1082026,BA.2_0.03_abundance_0.03,G23175A;A23403G,S:C538Y;S:D614G,106,2116,0.0500945179584121,2,BA.1:1;B.1.1.7:1
1082026,BA.2_0.03_abundance_0.03,T23553A;A23586C;T23599G;C23604A,S:I664K;S:Q675P;S:N679K;S:P681H,6,74,0.081081081081081,0,
1082026,BA.2_0.03_abundance_0.03,T23553A;T23599G;C23604A,S:I664K;S:N679K;S:P681H,38,74,0.5135135135135135,1,BA.1.1:1
1082026,BA.2_0.03_abundance_0.03,A23586C;T23599G;C23604A,S:Q675P;S:N679K;S:P681H,5,74,0.0675675675675675,15,BA.5.1.10:5;BA.4:1;BE.1.1:5;BA.5.1.22:2;BA.1.18:1;BA.1.1:1
1082026,BA.2_0.03_abundance_0.03,C24404T;A24424T,S:L948F;S:Q954H,50,1398,0.0357653791130186,1,BE.1.1:1
1082026,BA.2_0.03_abundance_0.03,A24424T;A24599G,S:Q954H;S:I1013V,9,94,0.0957446808510638,16,BA.5.2:1;BA.1.17.2:1;BA.1:4;BA.2:1;BA.5.2.1:4;BA.1.1.4:2;BA.1.1:1;BA.5.1:2
1082026,BA.2_0.03_abundance_0.03,G25106T;G25126A,S:E1182*;S:E1188E,26,82,0.3170731707317073,0,
1082026,BA.2_0.03_abundance_0.03,G25106T;G25126A;G25320A,S:E1182*;S:E1188E;S:C1253Y,5,62,0.0806451612903225,0,
1082026,BA.2_0.03_abundance_0.03,G25320A;C25584T,S:C1253Y;ORF3a:T64T,100,1094,0.0914076782449725,181,BA.5.2.3:49;BA.2.9:6;BA.2.3:12;BA.1.15:1;BA.4.1:25;BA.2:16;BA.1:2;BA.2.1:1;BA.1.1.1:1;BA.1.15.1:4;BF.21:4;BA.4:1;BA.2.45:1;BA.5.2.20:2;BA.1.1:18;BF.26:7;BF.11.5:7;BA.5.2:4;BA.1.18:1;BA.5:1;XZ:1;BA.1.1.2:1;BA.2.12.1:4;BQ.1.1:3;BA.4.6:2;BA.5.1.15:1;BF.5:1;BA.5.2.9:1;BA.2.38:1;BA.5.2.1:2;BE.1.2:1
1082026,BA.2_0.03_abundance_0.03,C26270T;C26447T,E:T9I;E:S68F,5,29,0.1724137931034483,1380,BA.4.1.8:1;BA.5.2:108;BA.5.2.16:3;BF.10:2;BA.1.17:14;BA.5.2.1:77;BF.31:1;XBB.2:4;BA.5.1:47;BA.4.1:7;BA.1.1.18:13;BA.1.15.1:19;BA.1.15:33;BA.1.1:181;BA.5.1.10:5;BF.5:42;BA.2:250;BA.2.3.16:3;BA.2.36:6;BA.5.6.3:1;BA.1.17.2:35;BA.1.1.4:13;BE.1.1:5;BA.2.12.1:46;BA.1.7:5;BA.2.3.1:4;BA.1.20:10;XBB.1.4:1;BA.2.9:53;BF.18:1;BA.2.29:1;BA.1:129;BA.4.6:4;BE.5:1;BF.28:2;BQ.1.14:1;BA.5.6:8;BA.1.1.16:1;BA.2.1:1;BA.1.18:4;BA.1.1.1:6;BF.21:3;BE.1:2;BA.2.37:3;BA.1.14:1;CH.1.1:13;BF.7.4.1:6;BF.7:3;BF.27:2;BA.5.2.20:8;XAN:1;BA.2.3:13;BQ.1.3:1;BQ.1.1:1;BA.1.1.15:7;BQ.1.1.7:1;BA.5:4;BA.5.1.30:2;XBB.1:3;BA.4.4:2;BA.2.10:12;BN.5:2;BA.5.5:14;BA.4:3;BQ.1.11:4;BA.5.2.9:4;BA.2.75:27;BQ.1.9:1;BA.2.65:1;BA.2.38:6;BA.5.6.1:1;BA.2.9.3:2;BA.5.9:2;BA.5.2.12:1;BA.5.2.39:1;BA.2.18:2;BQ.1:2;BA.2.3.12:1;BQ.1.1.22:1;BQ.1.2:1;BA.5.2.3:2;BA.5.3.1:1;B.1.1.529:3;BU.1:1;BA.5.2.28:1;BF.7.6:2;BA.2.3.7:1;BA.5.2.2:1;BE.3:1;BA.2.3.2:1;BA.1.16:5;BA.4.2:1;BA.1.1.14:2;BQ.1.1.18:2;BA.5.1.22:1;BF.7.5.1:2;BA.2.68:2;BA.1.13:2;BA.5.2.23:1;BA.2.12:1;BA.5.8:1;XBB.1.1:1;BA.2.9.5:1;BA.4.6.5:2;BA.5.2.34:1;BA.1.3:1;BA.5.1.12:1;BF.7.4:1;BF.20:2;BA.2.56:1;CN.1:1;BA.1.1.2:5;BA.2.5:1;BQ.1.1.19:1;BA.1.1.9:1;BA.4.1.3:1;BF.1:2;BF.26:3;BF.1.1:1;BA.2.50:1;BA.2.3.14:1;BA.1.1.13:1;BA.5.1.5:1;BA.2.76:2;BA.5.2.27:1
1082026,BA.2_0.03_abundance_0.03,C26577G;A26703C;G26709A;C26858T,M:Q19E;M:T61P;M:A63T;M:F112F,1226,2197,0.5580336822940373,0,
1082026,BA.2_0.03_abundance_0.03,C26577G;A26703C;G26709A,M:Q19E;M:T61P;M:A63T,192,2498,0.076861489191353,0,
1082026,BA.2_0.03_abundance_0.03,C27612G;T27685G;C27807T,ORF7a:H73Q;ORF7a:S98A;ORF7b:L18L,17,40,0.425,0,
1082026,BA.2_0.03_abundance_0.03,C27612G;T27685G,ORF7a:H73Q;ORF7a:S98A,11,51,0.2156862745098039,0,
1082026,BA.2_0.03_abundance_0.03,T27685G;C27807T,ORF7a:S98A;ORF7b:L18L,11,40,0.275,104,BA.5.2.20:11;BF.7:1;BA.5.2.1:21;BA.2.11:1;BA.5.6:6;BA.5.2.21:1;BA.1.1.18:2;BA.1.1:12;BA.1:3;BA.2:17;BA.5:2;BA.5.1:3;BA.2.12.1:3;BQ.1:1;XAZ:5;BA.1.17.2:1;BA.2.75:1;BA.2.9:3;BA.2.3:2;BA.4:1;BA.5.5:2;BA.5.3.1:1;BA.1.15:1;BF.5:1;BA.5.1.21:1;BA.4.6:1
1082026,BA.2_0.03_abundance_0.03,C28542A;G28569T,N:A90D;N:G99V,187,1001,0.1868131868131868,0,
1082026,BA.2_0.03_abundance_0.03,C28542A;T28555G,N:A90D;N:I94M,44,1001,0.0439560439560439,0,
1082026,BA.2_0.03_abundance_0.03,C28542A;T28555G;G28569T,N:A90D;N:I94M;N:G99V,19,1001,0.0189810189810189,0,
1082026,BA.2_0.03_abundance_0.03,T28555G;G28569T,N:I94M;N:G99V,19,1001,0.0189810189810189,0,
1082026,BA.2_0.03_abundance_0.03,C29109G;T29185A,N:P279R;N:I304I,105,3325,0.031578947368421,0,
1152026,BA.2_0.03_abundance_0.03,G3838T;C3987A,ORF1a:L1191F;ORF1a:T1241K,9,457,0.0196936542669584,0,
1152026,BA.2_0.03_abundance_0.03,C3987A;A3988G,ORF1a:T1241K;ORF1a:T1241T,5,457,0.0109409190371991,1,BA.2:1
1152026,BA.2_0.03_abundance_0.03,T4814A;T4942G,ORF1a:S1517T;ORF1a:L1559L,33,2611,0.0126388356951359,0,
1152026,BA.2_0.03_abundance_0.03,G6101T;T6103A,ORF1a:G1946C;ORF1a:G1946G,12,474,0.0253164556962025,0,
1152026,BA.2_0.03_abundance_0.03,T6779C;T6789C,ORF1a:F2172L;ORF1a:L2175S,81,605,0.1338842975206611,0,
1152026,BA.2_0.03_abundance_0.03,C7350T;A7535T,ORF1a:S2362F;ORF1a:T2424S,22,327,0.0672782874617737,0,
1152026,BA.2_0.03_abundance_0.03,C8532G;T8611G,ORF1a:T2756R;ORF1a:F2782L,34,1337,0.025430067314884,0,
1152026,BA.2_0.03_abundance_0.03,T8611G;T8617C,ORF1a:F2782L;ORF1a:A2784A,19,1109,0.0171325518485121,0,
1152026,BA.2_0.03_abundance_0.03,T9320G;C9344T;A9424G;C9534T,ORF1a:C3019G;ORF1a:L3027F;ORF1a:V3053V;ORF1a:T3090I,6,63,0.0952380952380952,0,
1152026,BA.2_0.03_abundance_0.03,C9344T;T9386A;A9424G;C9534T,ORF1a:L3027F;ORF1a:L3041M;ORF1a:V3053V;ORF1a:T3090I,28,63,0.4444444444444444,4,BA.5.2.1:3;BA.5.2:1
1152026,BA.2_0.03_abundance_0.03,C9344T;T9386A;A9424G,ORF1a:L3027F;ORF1a:L3041M;ORF1a:V3053V,10,81,0.1234567901234567,4,BA.5.2.1:3;BA.5.2:1
1152026,BA.2_0.03_abundance_0.03,C10029T;G9957A,ORF1a:T3255I;ORF1a:C3231Y,5,161,0.031055900621118,22,BA.5:1;AY.29:3;AY.25:1;AY.5:4;AY.126:1;BA.1:4;AY.4.2.2:1;AY.4:2;AY.23:1;AY.122:2;BA.2:1;AY.4.2:1
1152026,BA.2_0.03_abundance_0.03,C10029T;A10034C,ORF1a:T3255I;ORF1a:I3257L,12,161,0.0745341614906832,0,
1152026,BA.2_0.03_abundance_0.03,G10447A;G10589C,ORF1a:R3394R;ORF1a:G3442R,9,252,0.0357142857142857,0,
1152026,BA.2_0.03_abundance_0.03,G10447A;T10532C,ORF1a:R3394R;ORF1a:C3423R,62,252,0.246031746031746,0,
1152026,BA.2_0.03_abundance_0.03,G10447A;A10471C,ORF1a:R3394R;ORF1a:S3402S,24,252,0.0952380952380952,6,BF.7:2;BA.2:2;BA.2.3.1:1;AY.106:1
1152026,BA.2_0.03_abundance_0.03,G10447A;A10471C;T10532C,ORF1a:R3394R;ORF1a:S3402S;ORF1a:C3423R,11,252,0.0436507936507936,0,
1152026,BA.2_0.03_abundance_0.03,G10447A;T10532C;G10589C,ORF1a:R3394R;ORF1a:C3423R;ORF1a:G3442R,5,252,0.0198412698412698,0,
1152026,BA.2_0.03_abundance_0.03,C12362A;C12439A,ORF1a:L4033I;ORF1a:P4058P,24,1406,0.0170697012802275,0,
1152026,BA.2_0.03_abundance_0.03,C12870A;C12880T,ORF1a:T4202N;ORF1a:I4205I,192,1466,0.1309686221009549,15,BF.7:3;BA.5.1:3;BA.5:1;BA.5.1.22:1;BA.2.1:1;BA.2.12.1:1;BA.2:2;BA.5.2:2;BQ.1.1:1
1152026,BA.2_0.03_abundance_0.03,C12870A;C12880T;G12963A,ORF1a:T4202N;ORF1a:I4205I;ORF1a:G4233E,16,1362,0.0117474302496328,0,
1152026,BA.2_0.03_abundance_0.03,C12880T;G12963A,ORF1a:I4205I;ORF1a:G4233E,79,1362,0.0580029368575624,0,
1152026,BA.2_0.03_abundance_0.03,T15630A;C15714T,ORF1b:C721*;ORF1b:L749L,1160,3167,0.366277233975371,0,
1152026,BA.2_0.03_abundance_0.03,C21758G;A21863T;G21987A,S:H66D;S:I101L;S:G142D,8,432,0.0185185185185185,0,
1152026,BA.2_0.03_abundance_0.03,A21863T;T21889G;G21987A,S:I101L;S:T109T;S:G142D,13,432,0.0300925925925925,0,
1152026,BA.2_0.03_abundance_0.03,T21889G;G21987A,S:T109T;S:G142D,5,432,0.011574074074074,66,BQ.1.1.22:40;BQ.1.1:1;BQ.1:22;BQ.1.1.18:1;AY.69:1;AY.46.5:1
1152026,BA.2_0.03_abundance_0.03,T22200G;C22202T,S:V213G;S:R214C,70,187,0.374331550802139,42,BQ.1.1.22:1;BA.5.2:2;BQ.1.5:2;BA.2:8;BK.1:3;BA.2.12.1:3;BE.3:1;BA.5.1:13;BA.5.2.1:2;CM.2:1;BA.2.9:1;BQ.1.1.1:1;BQ.1.1.13:1;BA.4.7:1;BA.2.75:1;CH.1.1:1
1152026,BA.2_0.03_abundance_0.03,T22558A;C22674T;T22679C;C22686T;A22688G;G22775A;G22813T,S:I332I;S:S371F;S:S373P;S:S375F;S:T376A;S:D405N;S:K417N,103,372,0.2768817204301075,52,BA.5.1:4;BA.5.2.1:1;BQ.1.1:1;BA.2.12.1:1;BA.5.1.2:6;BA.5.1.1:6;BA.5.1.6:1;BA.2.9:17;BA.5.2:8;BA.2.10:1;BA.4.6:1;BA.2:3;BQ.1.1.4:2
1152026,BA.2_0.03_abundance_0.03,T22558A;C22674T;T22679C;C22686T;A22688G,S:I332I;S:S371F;S:S373P;S:S375F;S:T376A,14,402,0.0348258706467661,57,BA.5.1:8;BA.5.2.1:1;BQ.1.1:1;BA.2.12.1:1;BA.5.1.2:6;BA.5.1.1:7;BA.5.1.6:1;BA.2.9:17;BA.5.2:8;BA.2.10:1;BA.4.6:1;BA.2:3;BQ.1.1.4:2
1152026,BA.2_0.03_abundance_0.03,T22558A;C22674T;T22679C;C22686T;A22688G;G22775A;A22784C;G22813T,S:I332I;S:S371F;S:S373P;S:S375F;S:T376A;S:D405N;S:R408R;S:K417N,27,372,0.0725806451612903,0,
1152026,BA.2_0.03_abundance_0.03,T22558A;C22674T;T22679C;C22686T;A22688G;T22690A;G22775A;G22813T,S:I332I;S:S371F;S:S373P;S:S375F;S:T376A;S:T376T;S:D405N;S:K417N,7,372,0.0188172043010752,0,
1152026,BA.2_0.03_abundance_0.03,C22674T;T22679C;C22686T;A22688G;G22775A;A22784C;G22813T,S:S371F;S:S373P;S:S375F;S:T376A;S:D405N;S:R408R;S:K417N,43,380,0.1131578947368421,2,BA.2.9:1;BA.5.2.1:1
1152026,BA.2_0.03_abundance_0.03,C22674T;T22679C;C22686T;A22688G;T22690A;G22775A;G22813T,S:S371F;S:S373P;S:S375F;S:T376A;S:T376T;S:D405N;S:K417N,7,380,0.0184210526315789,13,BA.2.9:6;BA.5.2.4:1;BA.2:2;BA.5.2.1:3;BA.2.12.1:1
1152026,BA.2_0.03_abundance_0.03,G23331A;A23403G,S:C590Y;S:D614G,206,1633,0.1261481935088793,2,B.1.1.7:1;BA.2:1
1152026,BA.2_0.03_abundance_0.03,G23331A;A23403G;G23405T,S:C590Y;S:D614G;S:V615F,92,1633,0.056338028169014,0,
1152026,BA.2_0.03_abundance_0.03,G23331A;A23403G;T23467C,S:C590Y;S:D614G;S:V635V,19,1534,0.0123859191655801,0,
1152026,BA.2_0.03_abundance_0.03,A23403G;G23405T,S:D614G;S:V615F,407,1633,0.2492345376607471,646,P.1:9;B.1.1.7:227;BA.5.2:3;AY.103:21;B.1.2:5;BA.5.1:3;BA.1.15:5;BA.2.8:1;AY.111:18;B.1.617.2:6;AY.121:6;AY.3:7;AY.122.6:1;B.1.177:16;AY.4:61;BA.2:10;AY.46.6:2;AY.122:4;AY.23:2;P.1.14:2;AY.122.2:1;AY.4.2:5;AY.45:1;B.1.1.83:2;B.1.631:13;AY.25.1:8;BA.2.23:1;AD.2:1;BA.2.75.2:1;BA.2.12.1:5;AY.43:14;BE.1:1;B.1.526:12;AY.40:1;AY.42:1;BA.5.2.28:1;B.1:2;AY.125:4;AY.44:15;BQ.1.1:1;BF.5:3;BA.2.9:2;AY.29:1;XB:4;AY.25:16;XBB.2:4;B.1.595:2;BA.1.1:5;AY.112:1;BA.4:4;B.1.309:1;AY.6:10;Q.8:1;B.1.1.28:1;BA.5.2.18:2;P.1.17:2;BA.5.2.1:12;AY.39:5;AY.119:1;AY.47:1;AY.117:5;AY.14:1;B.1.1.232:2;AY.98.1:6;B.1.36.28:1;B.1.617.1:1;AY.100:5;AY.75:1;BA.5.1.10:1;AY.129:1;AY.20:1;BF.28:1;AY.102:3;BA.1.18:2;B.1.160.20:3;AY.5:3;B.1.523:1;BA.5.1.12:1;BE.3:1;BA.1:4;B.1.558:1;BE.1.1:2;CM.7:1;BA.2.75:2;BA.1.17.2:1;BF.7.6:1;AY.120:3;AY.4.2.2:5;AY.36:1;BA.1.16:1;B.1.1.519:2;AY.33:1;BA.5.5.1:1;B.1.370:1;AY.85:2
1152026,BA.2_0.03_abundance_0.03,A23403G;T23467C,S:D614G;S:V635V,70,1534,0.0456323337679269,83,B.1.2:2;AY.3:41;BA.4.6:1;BQ.1.10:3;BA.2.76:1;AY.103:2;BA.2:2;B.1.1.7:1;AY.43.4:2;B.1.351:1;AY.43:1;BA.1.1:2;AY.4.2.2:6;B.1.617.2:1;BF.5:1;AY.9.2:1;AY.4:5;BA.1.1.2:1;BA.2.8:1;BA.5.2:1;AY.25.1:1;BA.1.16:1;BA.1:2;BA.2.75:1;AY.54:2
1152026,BA.2_0.03_abundance_0.03,A23403G;G23405T;T23467C,S:D614G;S:V615F;S:V635V,29,1534,0.0189048239895697,0,
1152026,BA.2_0.03_abundance_0.03,T23599G;C23604A;A23669C,S:N679K;S:P681H;S:N703H,6,40,0.15,149,BA.1:22;BA.2:6;BA.5.2.1:5;BA.2.29:97;BA.1.1:4;BA.5:3;BA.2.12.1:1;BA.5.2:1;BA.2.9:10
1152026,BA.2_0.03_abundance_0.03,T23599G;C23604A;T23686A,S:N679K;S:P681H;S:S708S,6,40,0.15,6,BA.5.1:2;BA.1.1:1;BA.2:1;BA.2.75:1;BA.5.2:1
1152026,BA.2_0.03_abundance_0.03,G23948T;T23978G,S:D796Y;S:L806V,11,46,0.2391304347826087,11,BA.5.2.1:1;BA.1.17:5;BA.5.1:1;BA.4.6.1:1;BA.5.1.17:1;BA.1.1:2
1152026,BA.2_0.03_abundance_0.03,C24916A;C25000T,S:D1118E;S:D1146D,1237,3653,0.3386257870243635,69,BA.1:3;BA.1.14:33;BA.5.5:4;BF.5:13;BF.7:1;BA.1.1:3;BQ.1.8:1;BA.2.3:1;BA.5.2:2;BA.4.6:1;BA.5.2.1:2;BA.2.9:4;BA.1.1.1:1
1152026,BA.2_0.03_abundance_0.03,A26021G;C26270T,ORF3a:D210G;E:T9I,71,427,0.1662763466042154,43,BA.1.15:2;BA.1.17.2:3;BE.3:1;BA.1:2;BA.1.1.18:3;BA.1.1:24;BQ.1.18:1;BA.2:1;BA.5.1.6:1;BA.5.1.2:1;BQ.1.1:1;BA.2.72:1;BA.5.6:1;BC.1:1
1152026,BA.2_0.03_abundance_0.03,C26577G;G26709A;T26782C;C26858T,M:Q19E;M:A63T;M:L87P;M:F112F,492,1308,0.3761467889908257,1,BA.4.1:1
1152026,BA.2_0.03_abundance_0.03,C26577G;G26709A;T26782C,M:Q19E;M:A63T;M:L87P,42,1382,0.0303907380607814,1,BA.4.1:1
1152026,BA.2_0.03_abundance_0.03,A27961G;A28133G,ORF8:Q23R;ORF8:T80T,54,937,0.0576307363927428,3,BA.1.1:3
1152026,BA.2_0.03_abundance_0.03,A28133G;C28311T,ORF8:T80T;N:P13L,216,2760,0.0782608695652174,126,BA.5.2.3:1;BF.5:10;BA.5.2:3;BA.5.2.1:24;BE.3:27;BA.2:4;BA.5.1.21:1;BA.5.1:18;BA.5.2.21:1;BA.2.12.1:8;BA.2.56:1;BA.1.1:17;BA.1.1.14:1;BA.1.15:1;BA.1:4;BA.1.15.1:1;BA.1.1.2:1;BA.1.10:1;BA.5:1;BF.10:1
1152026,BA.2_0.03_abundance_0.03,A28133G;T28203C;C28311T,ORF8:T80T;ORF8:F104L;N:P13L,33,2760,0.0119565217391304,0,
1152026,BA.2_0.03_abundance_0.03,G28180C;C28311T,ORF8:G96A;N:P13L,191,2760,0.0692028985507246,5,BQ.1.1.22:1;BQ.1.1:2;BQ.1.3:1;BQ.1.18:1
1152026,BA.2_0.03_abundance_0.03,T28203C;C28311T,ORF8:F104L;N:P13L,243,2760,0.0880434782608695,421,BA.4:259;BA.2.31:2;BA.1.15:49;BA.1.1:24;BA.2:21;BQ.1.1:1;BA.1:11;BQ.1.12:3;BA.5.2:8;BA.2.3:1;BA.2.2:1;BA.5.1:9;BA.2.5:2;BA.5:1;BA.5.1.22:4;BA.5.2.1:10;BA.5.5:1;BA.2.12.1:2;BA.4.1:1;BA.1.17:1;BE.1.1:1;BA.5.2.8:1;BA.5.2.23:4;XBB.3:1;BA.1.17.2:1;BA.5.1.12:1;BA.1.18:1
1152026,BA.2_0.03_abundance_0.03,T28277G;C28311T,N:S2A;N:P13L,45,2761,0.0162984425932633,6,BA.1.1.18:1;BA.1.15.1:4;C.37:1
1152026,BA.2_0.03_abundance_0.03,C29451A;A29510C,N:T393N;N:S413R,24,778,0.0308483290488431,5,BA.2:1;BA.5.2:2;BA.5.1:1;BA.5.2.1:1
1222026,BA.2_0.03_abundance_0.03,C450G;T670G,ORF1a:P62R;ORF1a:S135R,306,1744,0.1754587155963302,4,BA.5.2.1:1;BA.2.12.1:2;BA.5.2:1
1222026,BA.2_0.03_abundance_0.03,T2949A;C3037T,ORF1a:I895N;ORF1a:F924F,44,544,0.0808823529411764,8,B.1.1.7:5;B.1.525:3
1222026,BA.2_0.03_abundance_0.03,A4452C;A4482C,ORF1a:K1396T;ORF1a:Y1406S,12,598,0.020066889632107,0,
1222026,BA.2_0.03_abundance_0.03,C8660T;T8662C,ORF1a:H2799Y;ORF1a:H2799H,9,130,0.0692307692307692,0,
1222026,BA.2_0.03_abundance_0.03,C9344T;A9350T;A9424G;C9534T,ORF1a:L3027F;ORF1a:N3029Y;ORF1a:V3053V;ORF1a:T3090I,68,341,0.1994134897360703,0,
1222026,BA.2_0.03_abundance_0.03,C9344T;A9350T;A9424G,ORF1a:L3027F;ORF1a:N3029Y;ORF1a:V3053V,17,402,0.0422885572139303,0,
1222026,BA.2_0.03_abundance_0.03,C9534T;T9566A,ORF1a:T3090I;ORF1a:L3101I,380,2267,0.1676224084693427,8,BA.2:7;BA.5.1:1
1222026,BA.2_0.03_abundance_0.03,T10706C;C10809G,ORF1a:W3481R;ORF1a:P3515R,9,491,0.0183299389002036,0,
1222026,BA.2_0.03_abundance_0.03,T11427A;T11538A,ORF1a:V3721D;ORF1a:I3758N,60,4145,0.0144752714113389,0,
1222026,BA.2_0.03_abundance_0.03,T13150A;C13239G,ORF1a:V4295V;ORF1a:S4325W,13,1232,0.010551948051948,0,
1222026,BA.2_0.03_abundance_0.03,A13175T;C13239G,ORF1a:T4304S;ORF1a:S4325W,32,1233,0.0259529602595296,0,
1222026,BA.2_0.03_abundance_0.03,T14384C;C14408T,ORF1b:V306A;ORF1b:P314L,547,861,0.6353077816492451,235,B.1.429:1;C.35:3;AY.4:8;BA.1.15:2;P.1.13:55;AY.43:3;BA.1:14;BA.5.1:8;BA.5.1.12:1;B.1.1.7:14;B.1.617.2:36;BA.2:1;BA.2.9:3;BA.5.3.4:1;BF.21:1;BA.1.1.18:1;AY.33:5;BA.1.1:10;B.1.258.14:1;BA.1.1.15:4;AY.44:1;BA.5.3.1:3;BA.5.2.1:6;B.1.2:7;AY.46.1:1;B.1.258:1;B.1.177:1;BA.2.12.1:5;AY.38:1;AY.25.1:4;AY.3:2;BA.5:1;AY.125:2;BA.4.1:2;AY.42:1;AY.46:1;AY.103:2;BA.5.3.3:2;BQ.1.9:1;BA.1.16:1;AY.79:1;BA.5.2:1;AY.47:1;AY.36:1;B.1.1.519:3;BE.1:1;AY.108:1;BA.5.1.3:2;BA.2.76:1;BA.1.17:1;P.1:1;B.1:2;AY.23:2
1222026,BA.2_0.03_abundance_0.03,A15041G;A15130G,ORF1b:N525S;ORF1b:S555G,9,586,0.015358361774744,0,
1222026,BA.2_0.03_abundance_0.03,T17385A;C17410T,ORF1b:D1306E;ORF1b:R1315C,980,1508,0.649867374005305,1,BF.5:1
1222026,BA.2_0.03_abundance_0.03,C21962G;G21987A,S:Q134E;S:G142D,243,793,0.3064312736443884,55,AY.25:13;AY.46.6:2;AY.120.2:2;BA.5.6:2;AY.3:14;BA.2:3;BA.2.3.1:2;AY.122:2;BA.5.2:5;AY.100:1;BF.26:1;BA.1.1.7:1;AY.103:1;BA.5.2.34:1;BA.5:1;BA.2.3.18:1;BA.2.5:1;XBB:2
1222026,BA.2_0.03_abundance_0.03,C21962G;T21966A;G21987A,S:Q134E;S:F135Y;S:G142D,15,793,0.0189155107187894,1,BA.1.1.7:1
1222026,BA.2_0.03_abundance_0.03,T21966A;G21987A,S:F135Y;S:G142D,30,793,0.0378310214375788,9,BA.1:4;BA.1.21.1:1;BA.1.1.7:1;BA.1.15:1;BA.1.1:1;AY.122:1
1222026,BA.2_0.03_abundance_0.03,G22992A;C22995A;A23013C;A23040G;T23075C;C23114T,S:S477N;S:T478K;S:E484A;S:Q493R;S:Y505H;S:L518L,35,321,0.1090342679127725,3308,BA.2:470;BA.2.31.1:1;BA.2.10:18;BA.2.3:44;BD.1:5;BA.2.9:21;BA.1.1:229;BA.2.72:9;BA.2.69:17;BA.1.1.18:31;BA.2.9.3:31;BA.2.12:2;BA.1.1.2:3;BA.2.12.1:2161;BA.1.17.2:76;BA.1.1.4:1;BA.1.17:13;BA.1.16:1;BA.1:82;BA.1.1.15:2;BA.2.38:8;BA.1.15:16;BA.1.18:8;BA.1.1.1:6;BA.2.37:1;BA.2.23:7;BA.2.10.1:1;BA.2.3.13:1;BA.2.65:5;BA.2.3.11:1;BA.2.40.1:2;BA.1.1.10:3;BA.2.8:3;BA.2.30:1;BA.2.3.18:3;BA.2.7:1;BA.2.56:2;BA.1.1.13:1;BA.2.79:1;BA.1.15.2:1;BA.2.12.2:1;BA.2.36:3;BA.2.48:1;BA.2.76:1;BA.1.14.1:2;BA.2.62:2;BG.5:2;BA.1.20:2;BA.2.3.1:1;BA.1.13.1:1;BA.2.13.1:1;BA.2.18:1;BA.1.15.1:1
1222026,BA.2_0.03_abundance_0.03,C23525T;G23562T;T23599G;C23604A;A23614T,S:H655Y;S:G667V;S:N679K;S:P681H;S:A684A,26,453,0.0573951434878587,0,
1222026,BA.2_0.03_abundance_0.03,C23525T;G23562T;T23599G;C23604A,S:H655Y;S:G667V;S:N679K;S:P681H,201,453,0.4437086092715231,6,BA.5.2:1;BA.1:1;BA.5.2.1:3;BA.1.20:1
1222026,BA.2_0.03_abundance_0.03,C23525T;T23599G;C23604A;A23614T,S:H655Y;S:N679K;S:P681H;S:A684A,23,453,0.0507726269315673,16,BA.5.2:1;BA.2.10:1;BA.5.1:2;BA.2.9:6;BA.1:1;BA.1.17.2:1;BA.2:2;BE.3:1;BA.1.1:1
1222026,BA.2_0.03_abundance_0.03,T24286C;A24424T,S:G908G;S:Q954H,665,1237,0.5375909458367018,103,BA.2:23;BE.1.1:16;BQ.1:22;BA.2.9:3;BA.1.15.1:2;BA.5.5:11;BA.5.1:2;BA.1.1.14:3;BA.5.2:4;BA.1.1:3;BA.1.17:3;BA.2.12.1:1;BA.2.23:1;BF.7.5:1;BQ.1.1.19:4;BA.1.19:3;BA.1.15:1
1222026,BA.2_0.03_abundance_0.03,T24286C;A24323G;A24424T,S:G908G;S:K921E;S:Q954H,27,1237,0.0218270008084074,0,
1222026,BA.2_0.03_abundance_0.03,A24323G;A24424T,S:K921E;S:Q954H,22,1237,0.0177849636216653,18,BA.1.15.1:1;BA.1.1.18:1;BA.2.9:5;BA.5.1.12:2;BA.2.3:1;BA.1.1:7;BA.2.12:1
1222026,BA.2_0.03_abundance_0.03,A24424T;T24469A;G24570C,S:Q954H;S:N969K;S:S1003T,10,41,0.2439024390243902,23,BA.2.3.1:1;BA.2.75:21;BA.2.10:1
1222026,BA.2_0.03_abundance_0.03,T24469A;G24570C,S:N969K;S:S1003T,35,168,0.2083333333333333,23,BA.2.3.1:1;BA.2.75:21;BA.2.10:1
1222026,BA.2_0.03_abundance_0.03,T24469A;A24556T,S:N969K;S:T998T,7,168,0.0416666666666666,141,BA.4.3:1;BA.2:42;BF.5:60;BA.5.2.20:2;BA.1.1:18;BA.2.9:3;BA.4.1:2;BA.5.2.6:1;BQ.1.1:1;BA.2.38:2;BA.5.2:4;BA.5.2.1:1;BA.2.10.1:1;BA.1.17:1;BA.2.75:1;BE.1.1.2:1
1222026,BA.2_0.03_abundance_0.03,C24822T;C25000T,S:A1087V;S:D1146D,170,1905,0.0892388451443569,47,BA.2:5;BF.7:4;BA.1.17:2;BQ.1.22:1;BA.1.1:8;BA.2.12.1:4;BA.5.2:2;BE.1.1:2;BA.5.2.26:1;BA.5.2.1:1;BF.1:2;BA.5.5:1;BA.5.1:5;BA.4.1:1;BF.1.1:1;BA.1.17.2:1;BF.5:2;BA.1:3;BA.1.18:1
1222026,BA.2_0.03_abundance_0.03,C24822T;T24995C;C25000T,S:A1087V;S:L1145L;S:D1146D,24,1905,0.0125984251968503,0,
1222026,BA.2_0.03_abundance_0.03,T24995C;C25000T,S:L1145L;S:D1146D,202,1905,0.1060367454068241,185,BA.5.2.20:1;BQ.1.1.5:6;BA.5.2.16:2;BA.2.9:11;BA.1.1:13;BA.1.17:2;BA.2.10:2;BA.2.78:1;BA.5.2:21;BA.2:27;BF.5:3;BA.2.12.1:16;BA.2.9.3:21;BA.2.75.4:1;BA.2.22:2;BA.4:2;BA.2.5:1;BQ.1.1.22:3;BA.1.1.2:5;BA.5.1:2;BF.1:5;BA.2.3:1;BA.4.6:3;BA.5.1.7:2;BA.1.14:1;BA.5.2.1:9;BA.1.1.1:6;BA.1.19:2;BF.8:1;BA.1.15:3;BE.1.1:1;BA.5.5:1;BA.5.1.21:2;BA.1.17.2:3;XBB.2:1;BQ.1.1:1;BA.5.2.6:1
1222026,BA.2_0.03_abundance_0.03,C26270T;G26284A,E:T9I;E:V14I,379,793,0.4779319041614123,22,BA.1:1;BF.5:1;BA.5.2.1:4;BA.2.75:1;BE.1:1;BA.2:2;BA.5.2:2;BA.5.2.2:1;BA.1.1:4;BE.1.1:1;BA.2.13:1;BA.5.3.1:1;BF.1:1;BA.2.21:1
1222026,BA.2_0.03_abundance_0.03,C26270T;T26302A,E:T9I;E:F20I,39,771,0.0505836575875486,20,BA.1:1;BA.1.1.18:1;BA.2:4;BA.1.17.2:6;BA.1.9:1;BD.1:4;BA.4:1;BA.5.2.1:1;BA.4.4:1
1222026,BA.2_0.03_abundance_0.03,C26270T;G26284A;T26302A,E:T9I;E:V14I;E:F20I,42,771,0.0544747081712062,0,
1222026,BA.2_0.03_abundance_0.03,C26577G;G26709A;G26787A;C26858T,M:Q19E;M:A63T;M:G89S;M:F112F,270,3352,0.0805489260143198,37,BA.4.1:3;BA.2:21;XE:1;BA.2.3.2:1;BA.2.75:3;BA.2.9:2;BA.2.12.1:1;BA.2.17:3;XBB:1;CH.1.1:1
1222026,BA.2_0.03_abundance_0.03,C28311T;T28382A,N:P13L;N:S37T,326,2662,0.1224643125469571,19,BA.1.16:2;BA.5.5:1;CQ.2:1;BA.1.15:1;BA.2.3.1:2;BA.1.1:4;BA.1:1;BA.2.9:2;BA.1.15.1:2;BQ.1.1.18:2;BA.2:1
1222026,BA.2_0.03_abundance_0.03,A29510C;G29516T,N:S413R;N:D415Y,24,112,0.2142857142857142,30,BE.1.1:1;BA.5.1:14;BA.4.1:1;BA.5.5:5;BA.2.12.1:1;BA.5:1;XBB.2:1;BQ.1:2;XBB:2;BA.2.3:1;BQ.1.23:1
1292026,BA.2_0.03_abundance_0.03,T670G;A773G,ORF1a:S135R;ORF1a:T170A,129,222,0.581081081081081,74,XBB.1.5:2;BA.2.12.1:5;BA.5.2.1:4;BA.2:10;BA.2.9:2;BA.5.5:1;BA.5.2.34:1;BA.5.2.6:14;BF.7:1;BE.1.1.2:1;BA.5:2;BF.1:18;BA.4.6:1;BA.5.2:5;BQ.1.1.1:3;BF.10:1;BA.5.1:2;BQ.1.26:1
1292026,BA.2_0.03_abundance_0.03,T10750C;G10890T,ORF1a:L3495L;ORF1a:R3542L,464,2006,0.2313060817547358,0,
1292026,BA.2_0.03_abundance_0.03,G12239C;A12259G,ORF1a:D3992H;ORF1a:Q3998Q,25,1841,0.0135795763172189,0,
1292026,BA.2_0.03_abundance_0.03,T12486G;T12706A,ORF1a:I4074R;ORF1a:V4147V,317,2078,0.1525505293551491,0,
1292026,BA.2_0.03_abundance_0.03,C12880T;C12915A,ORF1a:I4205I;ORF1a:T4217K,95,981,0.0968399592252803,0,
1292026,BA.2_0.03_abundance_0.03,C14408T;A14549C,ORF1b:P314L;ORF1b:E361A,11,68,0.1617647058823529,35,AY.44:2;AY.25.1:21;B.1.177:1;B.1.1.7:5;BF.5:1;AY.131:1;BA.2:1;AY.4:1;BA.2.3:1;B.1:1
1292026,BA.2_0.03_abundance_0.03,C15714T;C15738G,ORF1b:L749L;ORF1b:F757L,415,3234,0.1283240568954854,0,
1292026,BA.2_0.03_abundance_0.03,C15714T;A15828G,ORF1b:L749L;ORF1b:E787E,270,3132,0.0862068965517241,115,BQ.1.1:1;BQ.1.1.22:18;BA.5:3;BA.5.2.1:11;BA.2.1:24;BE.1:1;BF.22:4;BA.2:10;BA.4:1;BA.4.1:5;BA.2.9:3;BA.5.1:4;BA.2.75:3;BA.5.5:1;BA.2.10:1;BF.7.5:1;BA.5.2:12;BA.2.12.1:3;BA.5.6:1;BF.7:1;BQ.1.18:1;BA.2.3.18:1;BA.2.38:1;BE.1.1.1:1;BA.5.1.1:1;XAN:1;BE.1.1:1
1292026,BA.2_0.03_abundance_0.03,C15714T;C15738G;A15828G,ORF1b:L749L;ORF1b:F757L;ORF1b:E787E,44,3132,0.0140485312899106,0,
1292026,BA.2_0.03_abundance_0.03,T17126A;T17260C;T17348G;C17410T,ORF1b:L1220H;ORF1b:C1265R;ORF1b:V1294G;ORF1b:R1315C,1638,3584,0.45703125,0,
1292026,BA.2_0.03_abundance_0.03,T17126A;T17260C;T17348G,ORF1b:L1220H;ORF1b:C1265R;ORF1b:V1294G,879,5411,0.1624468674921456,0,
1292026,BA.2_0.03_abundance_0.03,T17126A;T17260C;C17410T,ORF1b:L1220H;ORF1b:C1265R;ORF1b:R1315C,875,3584,0.244140625,0,
1292026,BA.2_0.03_abundance_0.03,T17126A;T17348G,ORF1b:L1220H;ORF1b:V1294G,120,5411,0.0221770467566069,0,
1292026,BA.2_0.03_abundance_0.03,T17126A;T17260C,ORF1b:L1220H;ORF1b:C1265R,746,5852,0.1274777853725222,0,
1292026,BA.2_0.03_abundance_0.03,T17126A;T17348G;C17410T,ORF1b:L1220H;ORF1b:V1294G;ORF1b:R1315C,214,3584,0.0597098214285714,0,
1292026,BA.2_0.03_abundance_0.03,T17126A;C17410T,ORF1b:L1220H;ORF1b:R1315C,129,3584,0.0359933035714285,41,BF.27:1;BA.4.6:1;BA.5.2.1:3;BA.5.1:4;BF.21:1;BA.2.12.1:3;BF.7.4:1;BA.4:2;BA.5.2:5;BA.2:15;BF.7.4.1:3;BA.2.75:1;BA.2.24:1
1292026,BA.2_0.03_abundance_0.03,T17260C;T17348G;C17410T,ORF1b:C1265R;ORF1b:V1294G;ORF1b:R1315C,396,3584,0.1104910714285714,0,
1292026,BA.2_0.03_abundance_0.03,T17260C;C17410T,ORF1b:C1265R;ORF1b:R1315C,200,3584,0.0558035714285714,0,
1292026,BA.2_0.03_abundance_0.03,T17260C;T17348G,ORF1b:C1265R;ORF1b:V1294G,203,5411,0.03751617076326,0,
1292026,BA.2_0.03_abundance_0.03,T17348G;C17410T,ORF1b:V1294G;ORF1b:R1315C,47,3585,0.0131101813110181,2,BF.1:1;BA.2:1
1292026,BA.2_0.03_abundance_0.03,A18163G;C18188T,ORF1b:I1566V;ORF1b:T1574I,408,834,0.4892086330935252,2,BA.1:1;BA.5.2:1
1292026,BA.2_0.03_abundance_0.03,G22578A;C22674T;T22679C;C22686T;A22688G;T22709C;G22775A;A22786C;G22813T,S:G339D;S:S371F;S:S373P;S:S375F;S:T376A;S:S383P;S:D405N;S:R408S;S:K417N,24,730,0.0328767123287671,0,
1292026,BA.2_0.03_abundance_0.03,T22954C;G22992A;C22995A;A23013C;A23040G;T23075C,S:F464F;S:S477N;S:T478K;S:E484A;S:Q493R;S:Y505H,12,143,0.0839160839160839,58,BA.2:28;BA.1.15:2;BA.1.1:7;BA.1:4;BA.2.38:5;BA.2.56:6;BA.2.3:2;BA.2.31:2;BA.2.9:1;BA.1.17.2:1
1292026,BA.2_0.03_abundance_0.03,A23279G;A23403G,S:T573A;S:D614G,247,1144,0.2159090909090909,83,BA.1.17.2:43;BA.1.1.18:1;B.1.2:3;BA.2:7;BA.1.15.1:4;BA.1:6;BA.1.15:1;B.1.1.7:3;BA.1.1:2;BA.2.2:1;AY.4:6;B.1.595:1;BA.1.12:2;B.1.526:2;BA.2.3.12:1
1292026,BA.2_0.03_abundance_0.03,C23854A;G23948T;A23975C,S:N764K;S:D796Y;S:I805L,23,343,0.0670553935860058,221,BA.1:8;BQ.1.5:1;BA.5.2.1:8;BA.2:155;BF.5:3;BA.1.1.15:4;BA.1.15.1:1;BA.1.1:16;BA.1.17.2:14;BA.5.1:2;BQ.1.4:1;BA.5.2.13:1;BA.2.75:1;BA.2.56:1;BA.2.12.1:1;BA.4.1.9:1;BA.1.17:2;BA.1.1.1:1
1292026,BA.2_0.03_abundance_0.03,C23854A;A23886C;G23948T,S:N764K;S:D775A;S:D796Y,11,343,0.032069970845481,0,
1292026,BA.2_0.03_abundance_0.03,A24424T;G24605A,S:Q954H;S:A1015T,104,271,0.3837638376383764,9,BA.2.74:2;BA.5.2.6:1;BA.2:3;BA.1.17:1;BA.1.18:1;BA.1:1
1292026,BA.2_0.03_abundance_0.03,G24776C;C25000T,S:E1072Q;S:D1146D,136,668,0.2035928143712574,52,BE.1.1:4;BA.2:7;BA.2.9:3;BA.2.11:1;BA.4.1.8:5;BA.5.11:1;BA.4:1;BA.5:1;BA.2.12.1:10;BA.5.1.24:5;XBB.1:1;BA.2.56:1;BQ.1:1;BA.5.2.1:6;BA.5.1:1;BA.1.15:1;BA.1.1:2;B.1.1.529:1
1292026,BA.2_0.03_abundance_0.03,A25457T;C25584T;A25616G,ORF3a:D22V;ORF3a:T64T;ORF3a:K75R,26,1134,0.0229276895943562,0,
1292026,BA.2_0.03_abundance_0.03,A25457T;C25584T,ORF3a:D22V;ORF3a:T64T,88,1183,0.0743871513102282,13,BA.1:2;BA.2:4;BA.2.36:1;BA.5.1:1;BA.2.3:1;BA.1.1:1;BA.5.2.1:2;CM.3:1
1292026,BA.2_0.03_abundance_0.03,C25584T;A25616G,ORF3a:T64T;ORF3a:K75R,301,1134,0.2654320987654321,349,BA.4.6:1;BA.1.15:1;BA.4.1.1:2;BA.2.9:15;BA.1.17:9;BA.5.2.1:15;BA.2:91;BA.1:16;BA.5.1:7;BA.4.1:1;BA.5.1.22:1;BA.2.9.5:4;BA.5.11:37;BA.2.12.1:32;BA.1.1:38;BA.2.23:2;BF.21:4;BA.5.2:17;BA.2.20:6;BE.1.1.1:26;BA.1.20:1;BQ.1:13;BA.2.21:1;BQ.1.1:2;BA.2.75:1;BA.5.5:1;BA.5:2;BA.1.17.2:1;XBB.1:1;BQ.1.3:1
1292026,BA.2_0.03_abundance_0.03,G26056T;C26270T,ORF3a:D222Y;E:T9I,35,70,0.5,180,BA.5.9:1;BA.1.1.16:1;BA.5.2.1:2;BA.2:75;BA.4.6:1;BA.1.17.2:3;BE.1:34;BA.2.9:5;BA.1.1.1:3;BA.1.1:12;BA.2.38:2;BA.1.1.15:2;BA.5.3.1:3;BA.5.2.20:2;BA.2.2:2;BA.1:3;BA.2.12.1:1;BA.5.1:3;BF.5:1;BA.5.6:2;BA.2.9.5:1;BA.2.56:1;BA.5.2:5;BA.1.17:2;BA.2.3.2:1;BA.4:1;BA.1.15:2;BA.2.75:3;BA.4.1:2;BA.1.18:2;BA.2.10:2
1292026,BA.2_0.03_abundance_0.03,C26270T;A26332G,E:T9I;E:T30A,13,61,0.2131147540983606,128,BA.2.3.11:34;BA.1.15:2;BA.2:20;BA.5.1:39;BA.5:2;BA.1.17.2:1;BA.2.10:2;BF.5:1;BF.8:1;BA.1.1:6;BA.5.5:1;BA.5.2:3;BA.5.2.7:1;BE.1.4.2:1;BA.2.75:1;BA.2.9:2;BA.5.6:1;XBB.1.5:1;BA.5.2.4:1;BA.1:2;BA.1.1.14:1;BA.5.2.1:2;BA.1.1.1:1;BA.5.1.5:1;BA.5.2.9:1
1292026,BA.2_0.03_abundance_0.03,C26577G;G26709A;T26729A;C26858T,M:Q19E;M:A63T;M:A69A;M:F112F,660,2230,0.2959641255605381,2,BA.2:1;BA.2.3:1
1292026,BA.2_0.03_abundance_0.03,C26577G;T26633G;G26709A;T26729A;C26858T,M:Q19E;M:F37L;M:A63T;M:A69A;M:F112F,521,2230,0.2336322869955157,0,
1292026,BA.2_0.03_abundance_0.03,C26577G;T26633G;G26709A;C26858T,M:Q19E;M:F37L;M:A63T;M:F112F,346,2230,0.1551569506726457,3,BA.2:3
1292026,BA.2_0.03_abundance_0.03,C26577G;G26709A;T26729A,M:Q19E;M:A63T;M:A69A,103,2524,0.0408082408874801,5,BA.2:1;BA.2.3:1;BA.1.1:2;BA.5.1:1
1292026,BA.2_0.03_abundance_0.03,C26577G;T26633G;G26709A;T26729A;T26732C;C26858T,M:Q19E;M:F37L;M:A63T;M:A69A;M:V70V;M:F112F,87,2230,0.0390134529147982,0,
1292026,BA.2_0.03_abundance_0.03,C26577G;T26633G;G26709A;T26732C;C26858T,M:Q19E;M:F37L;M:A63T;M:V70V;M:F112F,28,2230,0.0125560538116591,0,
1292026,BA.2_0.03_abundance_0.03,C26577G;T26633G;G26709A;T26729A,M:Q19E;M:F37L;M:A63T;M:A69A,79,2524,0.0312995245641838,0,
1292026,BA.2_0.03_abundance_0.03,C26577G;G26709A;T26729A;T26732C;C26858T,M:Q19E;M:A63T;M:A69A;M:V70V;M:F112F,80,2230,0.0358744394618834,0,
1292026,BA.2_0.03_abundance_0.03,C26577G;T26633G;G26709A,M:Q19E;M:F37L;M:A63T,47,2524,0.018621236133122,5,BA.2:3;BA.1:1;BF.3.1:1
1292026,BA.2_0.03_abundance_0.03,C26577G;G26709A;T26732C;C26858T,M:Q19E;M:A63T;M:V70V;M:F112F,46,2230,0.0206278026905829,36,BA.2:20;BA.2.9:1;BA.2.12.1:4;BA.2.75:6;BA.2.1:2;BA.2.76:1;BA.2.3:1;BL.2:1
1292026,BA.2_0.03_abundance_0.03,A27234G;G27382C;A27383T;T27384C,ORF6:I11M;ORF6:D61H;ORF6:D61V;ORF6:D61D,1183,1599,0.7398373983739838,61,BA.4.6:53;BA.2:5;BA.2.9:1;BA.2.3:1;BA.4.1.1:1
1292026,BA.2_0.03_abundance_0.03,A27234G;A27359G;G27382C;A27383T;T27384C,ORF6:I11M;ORF6:D53G;ORF6:D61H;ORF6:D61V;ORF6:D61D,201,1599,0.1257035647279549,0,
1292026,BA.2_0.03_abundance_0.03,A27234G;A27359G,ORF6:I11M;ORF6:D53G,20,1724,0.0116009280742459,0,
1292026,BA.2_0.03_abundance_0.03,A27359G;G27382C;A27383T;T27384C,ORF6:D53G;ORF6:D61H;ORF6:D61V;ORF6:D61D,20,1599,0.0125078173858661,82,BA.2.3:10;BA.2.9:47;BA.2.17:1;BN.1.3:3;CM.2:2;BA.2:12;BA.2.12.1:1;BA.2.76:1;BA.2.32:1;BA.4.1:2;BA.2.75:1;BA.2.75.1:1
1292026,BA.2_0.03_abundance_0.03,T29505A;A29510C,N:M411K;N:S413R,27,154,0.1753246753246753,0,
2052026,BA.2_0.03_abundance_0.03,T490C;A548T;T670G,ORF1a:D75D;ORF1a:I95F;ORF1a:S135R,136,2958,0.0459770114942528,0,
2052026,BA.2_0.03_abundance_0.03,T490C;T670G,ORF1a:D75D;ORF1a:S135R,944,2958,0.3191345503718729,341,BA.2.12.1:7;BE.1:33;BA.2.3:12;BA.2:99;BQ.1.1:1;BA.2.10:5;BA.5.2.1:13;BA.5:3;BA.2.32:37;BA.5.2:26;BA.5.1:7;BA.5.2.28:8;BA.4:1;BA.4.6:4;BZ.1:9;BA.4.1:1;BF.13:48;BE.1.4:1;BA.5.5:2;BA.2.9:8;BQ.1.3:1;BA.4.1.1:1;BF.5:2;BQ.1.8:2;BA.5.3.1:1;BA.5.2.20:1;BA.2.75:2;BA.5.1.23:1;BF.10:1;BQ.1.1.5:1;BQ.1.1.3:1;BN.1.3:1;BA.5.2.22:1
2052026,BA.2_0.03_abundance_0.03,A548T;T670G,ORF1a:I95F;ORF1a:S135R,210,2958,0.0709939148073022,23,BA.2.75:2;BA.2.9:1;BA.2.12.1:2;BA.5.1:1;BA.2.3:2;BA.5.2.1:3;BA.2:9;BQ.1.1.18:1;BF.7:1;BQ.1:1
2052026,BA.2_0.03_abundance_0.03,T670G;T766C,ORF1a:S135R;ORF1a:S167S,49,446,0.1098654708520179,34,BA.5.2:5;BA.4.1:1;BA.2:21;BA.5.2.1:1;BA.5.2.44:1;BF.10:1;BA.2.56:2;BA.4.6.1:2
2052026,BA.2_0.03_abundance_0.03,C1663A;C1762G,ORF1a:D466E;ORF1a:F499L,40,1769,0.0226116449971735,0,
2052026,BA.2_0.03_abundance_0.03,G4488A;C4582T,ORF1a:G1408D;ORF1a:N1439N,18,1314,0.0136986301369863,1,BA.2:1
2052026,BA.2_0.03_abundance_0.03,C6120A;G6164A,ORF1a:S1952*;ORF1a:V1967M,12,806,0.0148883374689826,0,
2052026,BA.2_0.03_abundance_0.03,G6164A;C6185G,ORF1a:V1967M;ORF1a:H1974D,73,808,0.0903465346534653,0,
2052026,BA.2_0.03_abundance_0.03,A8026G;A8062G,ORF1a:A2587A;ORF1a:S2599S,114,1709,0.0667056758338209,0,
2052026,BA.2_0.03_abundance_0.03,C9319T;C9344T;A9424G;C9534T,ORF1a:F3018F;ORF1a:L3027F;ORF1a:V3053V;ORF1a:T3090I,16,627,0.0255183413078149,2233,BA.2.1:207;BA.2:666;BA.5.2:188;BA.2.18:61;BF.10:3;BA.4.1:48;BA.5.2.1:116;BA.2.10:14;BA.5.5.1:7;BA.5.1:109;BA.5.5:29;BA.2.9:139;BA.2.7:2;BF.5:39;BA.5:29;BA.2.3.1:11;BA.5.6:4;BA.5.1.23:9;BA.2.12:1;BF.26:4;BE.1.1:37;BA.2.12.1:82;BA.4.6:14;BA.2.9.5:4;BA.5.2.22:2;BA.4.6.4:2;BQ.1.1.24:1;BQ.1.1.7:1;BA.5.1.6:5;BE.1.4:3;BF.27:2;BQ.1.15:1;BA.2.76:2;BA.2.75.2:2;BU.2:1;BF.7:30;BA.2.3.11:2;BQ.1.1:44;BA.2.3:31;BA.5.2.34:1;BQ.1:16;BA.4:22;BA.5.2.20:1;BA.5.1.12:3;BA.2.36:4;BA.2.13:4;CH.1.1:4;BA.5.3.1:1;BA.5.1.15:1;BA.5.2.12:1;BF.7.5:3;BA.5.1.3:6;BA.5.2.13:12;BA.5.1.24:1;BF.31:1;BF.11:1;BA.4.4:1;BF.28:65;BA.2.17:4;BA.2.56:1;BQ.1.1.5:4;BA.2.75:12;BE.1.2:8;CM.2:3;BF.7.4:5;BA.2.65:5;BA.2.26:1;BA.5.1.2:1;BA.2.3.9:1;BA.5.2.19:1;BA.5.1.22:5;BE.1:1;BE.1.2.1:1;BQ.1.10:2;BA.5.2.27:1;BA.5.3.5:2;BA.5.2.18:1;BA.2.29:4;BA.5.2.21:11;BE.1.1.1:3;BQ.1.1.22:2;BA.2.61:4;BE.1.1.2:2;BA.2.48:1;BA.2.38:3;BA.5.1.25:2;BA.4.2:1;BA.5.2.3:2;BA.5.1.17:3;BA.2.74:2;BA.4.1.8:1;BF.8:1;BA.2.75.4:1;BA.2.47:1;BA.2.24:3;XBB.1:7;BN.2:1;CF.1:1;BM.1.1:1;BA.5.5.2:1;BA.5.2.9:2;BA.5.2.2:2;BA.5.2.23:4;BA.5.1.30:1;BA.2.37:1;BA.2.3.20:1;DL.1:1;BA.5.1.1:1;BA.2.9.3:1;BA.5.2.6:1;BA.2.3.13:1
2052026,BA.2_0.03_abundance_0.03,C9344T;A9424G;C9534T;T9545G,ORF1a:L3027F;ORF1a:V3053V;ORF1a:T3090I;ORF1a:L3094V,60,348,0.1724137931034483,0,
2052026,BA.2_0.03_abundance_0.03,C9534T;A9650G,ORF1a:T3090I;ORF1a:M3129V,736,1397,0.5268432355046528,413,BA.2.3:266;BF.5:3;BA.2:40;BM.4.1.1:1;BA.2.12.1:8;BA.5.2:11;BA.2.9:3;BA.4.1:6;BQ.1.1:2;BA.2.3.5:1;BA.4.6:7;BA.5.2.6:8;BA.2.16:1;BA.2.75:2;BA.5.2.3:1;BF.10:2;BF.7.4:1;BA.5.1:20;BA.5.1.5:3;BF.7:2;BA.5.2.20:1;BA.5.1.1:1;BA.2.10:1;BA.2.12.2:2;BA.5.1.24:1;BA.5:1;BA.5.2.1:3;BA.2.65:3;BA.2.1:1;BA.5.5:1;BE.1.1:1;BA.5.6:1;BA.5.1.25:1;BA.2.2:1;BA.2.36:1;BA.2.3.2:2;BA.4.6.3:1;BA.2.37:1;BM.1.1:1
2052026,BA.2_0.03_abundance_0.03,C9534T;T9545G;A9650G,ORF1a:T3090I;ORF1a:L3094V;ORF1a:M3129V,152,1397,0.1088045812455261,0,
2052026,BA.2_0.03_abundance_0.03,C9534T;T9545G,ORF1a:T3090I;ORF1a:L3094V,96,1745,0.0550143266475644,0,
2052026,BA.2_0.03_abundance_0.03,T11239C;A11359T,ORF1a:S3658S;ORF1a:R3698S,67,283,0.2367491166077738,0,
2052026,BA.2_0.03_abundance_0.03,A11359T;C11497G,ORF1a:R3698S;ORF1a:Y3744*,80,566,0.1413427561837456,0,
2052026,BA.2_0.03_abundance_0.03,C12781G;C12880T,ORF1a:Y4172*;ORF1a:I4205I,1558,2307,0.6753359341135674,0,
2052026,BA.2_0.03_abundance_0.03,C12781G;T12810C;C12880T,ORF1a:Y4172*;ORF1a:L4182P;ORF1a:I4205I,267,2307,0.1157347204161248,0,
2052026,BA.2_0.03_abundance_0.03,T12810C;C12880T,ORF1a:L4182P;ORF1a:I4205I,58,2307,0.0251408755960121,0,
2052026,BA.2_0.03_abundance_0.03,G15666T;C15714T;G15751A,ORF1b:V733V;ORF1b:L749L;ORF1b:A762T,72,4918,0.0146400976006506,0,
2052026,BA.2_0.03_abundance_0.03,G15687A;C15714T,ORF1b:L740L;ORF1b:L749L,300,5285,0.0567644276253547,37,BA.2.36:1;BA.2:18;BF.7:7;BA.5.1.1:1;BA.2.12.1:2;BA.5.2:2;BA.5.2.16:1;BA.4:1;BA.2.9:1;BA.5.1:1;BA.5.2.20:1;BA.2.71:1
2052026,BA.2_0.03_abundance_0.03,G15687A;C15714T;G15751A,ORF1b:L740L;ORF1b:L749L;ORF1b:A762T,66,4918,0.0134200894672631,0,
2052026,BA.2_0.03_abundance_0.03,C15714T;G15751A,ORF1b:L749L;ORF1b:A762T,585,4918,0.1189507930052867,2,BA.5.2:1;BA.2:1
2052026,BA.2_0.03_abundance_0.03,T16701C;C16712T,ORF1b:R1078R;ORF1b:S1082F,17,375,0.0453333333333333,0,
2052026,BA.2_0.03_abundance_0.03,G17370T;C17410T,ORF1b:M1301I;ORF1b:R1315C,1017,2166,0.4695290858725762,12,BF.7.13:1;BA.5.2.1:1;BA.2:5;BF.11.2:1;BA.5.1:1;BA.5.2:1;BA.2.29:1;BA.2.10:1
2052026,BA.2_0.03_abundance_0.03,C21780G;G21987A,S:T73S;S:G142D,20,1684,0.01187648456057,4,AY.4.2:2;BA.4.4:1;AY.127:1
2052026,BA.2_0.03_abundance_0.03,C21780G;C21904G;G21987A,S:T73S;S:T114T;S:G142D,18,1684,0.010688836104513,0,
2052026,BA.2_0.03_abundance_0.03,C21904G;G21987A,S:T114T;S:G142D,755,1684,0.4483372921615202,1,AY.75:1
2052026,BA.2_0.03_abundance_0.03,G22578A;C22674T;T22679C;C22686T;A22688G;G22698A;G22775A;G22813T,S:G339D;S:S371F;S:S373P;S:S375F;S:T376A;S:C379Y;S:D405N;S:K417N,12,472,0.0254237288135593,0,
2052026,BA.2_0.03_abundance_0.03,C22855T;G22992A;C22995A;A23013C;A23040G,S:G431G;S:S477N;S:T478K;S:E484A;S:Q493R,8,67,0.1194029850746268,1225,BA.2:314;BA.1.1.15:3;BA.1.17:9;BA.1.1.18:2;BA.1.15:29;BA.1.1:468;BA.2.10.1:42;BA.2.9.3:3;BA.2.29:6;BA.2.18:2;BA.2.12.1:41;BA.2.40.1:3;BA.2.3.11:3;BA.1.1.2:13;BA.1.14:2;BA.1.14.1:1;BA.1.1.4:1;BA.2.36:4;BA.2.9:47;BA.1:115;BA.1.20:2;BA.1.21:1;BA.1.1.1:8;BA.2.38:5;BA.2.12:1;BA.1.1.13:14;BA.2.31:2;BA.2.65:3;BA.2.31.1:3;BA.2.3:17;BC.1:4;BA.2.3.12:6;BA.2.10:9;BA.1.18:8;BA.1.13.1:1;BA.1.17.2:16;BA.1.1.14:1;BA.2.23.1:3;BA.2.23:2;BA.2.3.15:1;BA.2.76:2;BA.2.33:1;BA.2.9.5:1;BA.2.56:4;BA.1.1.10:1;BA.2.2:1
2052026,BA.2_0.03_abundance_0.03,T23943G;G23948T,S:I794S;S:D796Y,15,279,0.053763440860215,5,BA.2:4;BA.1.1.18:1
2052026,BA.2_0.03_abundance_0.03,A24298T;A24424T,S:T912T;S:Q954H,14,63,0.2222222222222222,20,BA.2:10;BF.5:1;BF.7:2;BA.2.10.1:1;BA.1.1:1;BA.2.12.1:1;BA.5.2:1;BA.5.1.10:1;BA.2.36:1;BQ.1.1.4:1
2052026,BA.2_0.03_abundance_0.03,C24930T;C25000T,S:S1123F;S:D1146D,72,2281,0.031565103024989,8,BA.5.2.1:2;BA.5.2.16:1;BA.2:2;BA.5:1;BA.2.9:1;BA.5.1:1
2052026,BA.2_0.03_abundance_0.03,G26101C;C26270T,ORF3a:V237L;E:T9I,5,53,0.0943396226415094,0,
2052026,BA.2_0.03_abundance_0.03,C26577G;A26646G;G26709A;C26858T,M:Q19E;M:R42G;M:A63T;M:F112F,56,1643,0.0340839926962872,1,BA.2:1
2052026,BA.2_0.03_abundance_0.03,A27259C;T27299C;G27382C;A27383T;T27384C,ORF6:R20R;ORF6:I33T;ORF6:D61H;ORF6:D61V;ORF6:D61D,48,2190,0.021917808219178,641,BA.4:1;BA.2.3:254;BA.4.1:104;BA.2:178;BA.2.33:28;BA.2.1:6;BA.2.3.11:2;BA.2.9.5:4;BA.2.9:6;BA.2.68:1;BA.2.3.13:3;BA.2.12.1:22;XBB.2:1;XBB:1;BA.2.36:4;BA.2.17:1;BA.2.10:5;BA.2.3.16:3;BA.1.1:1;BA.2.25:1;BA.2.75:3;BA.2.65:1;BA.2.26:4;CH.1.1:1;BA.2.14:3;BA.2.38:1;BA.4.1.1:2
2052026,BA.2_0.03_abundance_0.03,A29371T;A29510C,N:T366T;N:S413R,45,195,0.2307692307692307,51,BA.2.12.1:22;BA.5.1:2;BA.5.2.21:1;BA.2:2;BA.2.3:1;BA.5.2:7;BE.1:1;BA.5.2.1:3;BA.2.3.4:1;BF.1:9;BA.5.2.23:1;BA.5.9:1
2052026,BA.2_0.03_abundance_0.03,A29371T;A29487C;A29510C,N:T366T;N:K405T;N:S413R,24,195,0.123076923076923,0,
2052026,BA.2_0.03_abundance_0.03,A29371T;A29378C;A29510C,N:T366T;N:K369Q;N:S413R,7,195,0.0358974358974358,0,
2052026,BA.2_0.03_abundance_0.03,A29378C;A29510C,N:K369Q;N:S413R,10,195,0.0512820512820512,18,BA.5.2:2;BA.5.2.1:2;BA.2:11;BA.2.3:1;BA.5.1:1;XBB.1:1
2052026,BA.2_0.03_abundance_0.03,A29381T;A29510C,N:K370*;N:S413R,8,195,0.041025641025641,0,
2052026,BA.2_0.03_abundance_0.03,A29487C;A29510C,N:K405T;N:S413R,17,195,0.0871794871794871,6,BA.2.75:3;CA.2:1;BA.4.1:1;BM.1.1.3:1
2122026,BA.2_0.03_abundance_0.03,A535T;T670G,ORF1a:A90A;ORF1a:S135R,554,3494,0.1585575271894676,60,BA.5.2:27;BA.2:11;BA.2.12.1:1;BF.10:2;BA.4.1:1;BA.5.3.3:4;BE.1.1:2;BA.2.9:3;BA.5.1:1;BA.2.75:2;XBB.2:1;BA.2.3:5
2122026,BA.2_0.03_abundance_0.03,A535T;T670G;G701C,ORF1a:A90A;ORF1a:S135R;ORF1a:G146R,6,80,0.075,0,
2122026,BA.2_0.03_abundance_0.03,T670G;G701C,ORF1a:S135R;ORF1a:G146R,99,517,0.1914893617021276,1,BF.7:1
2122026,BA.2_0.03_abundance_0.03,T670G;T879A,ORF1a:S135R;ORF1a:L205Q,31,437,0.0709382151029748,0,
2122026,BA.2_0.03_abundance_0.03,T670G;C788A,ORF1a:S135R;ORF1a:R175S,28,437,0.0640732265446224,25,BA.2:13;BA.5.2.20:1;BA.2.74:2;BA.5.2.2:1;BA.2.9:1;BA.2.29:1;BA.5.2:2;BA.5.2.6:4
2122026,BA.2_0.03_abundance_0.03,T670G;G701C;C788A,ORF1a:S135R;ORF1a:G146R;ORF1a:R175S,11,437,0.0251716247139588,0,
2122026,BA.2_0.03_abundance_0.03,T670G;G762A,ORF1a:S135R;ORF1a:S166N,17,437,0.0389016018306636,104,BE.1.1:4;BA.2:14;BF.7:3;BA.2.3.11:6;BA.2.9:2;BA.2.40.1:7;BA.5.1.10:2;BA.2.12.1:7;BA.5.1.22:13;BA.2.3.2:1;BF.10:1;BA.5.1:11;BA.5.6:2;BF.5:5;BA.5.2:5;BA.5.2.1:6;BA.5.3.1:1;BA.2.10:1;BA.4.6:1;BF.2:1;BA.2.75:1;BA.5.1.25:1;BA.5:1;BA.5.2.26:1;BA.2.3.1:1;BA.2.5:1;BE.1:2;BA.2.20:1;BA.2.3:1;BA.2.6:1
2122026,BA.2_0.03_abundance_0.03,T670G;G701C;T879A,ORF1a:S135R;ORF1a:G146R;ORF1a:L205Q,12,437,0.0274599542334096,0,
2122026,BA.2_0.03_abundance_0.03,G701C;C788A,ORF1a:G146R;ORF1a:R175S,92,3794,0.0242488139167105,0,
2122026,BA.2_0.03_abundance_0.03,G701C;T879A,ORF1a:G146R;ORF1a:L205Q,83,3794,0.0218766473379019,0,
2122026,BA.2_0.03_abundance_0.03,G701C;G762A,ORF1a:G146R;ORF1a:S166N,48,3794,0.0126515550869794,0,
2122026,BA.2_0.03_abundance_0.03,C788A;T879A,ORF1a:R175S;ORF1a:L205Q,39,3798,0.0102685624012638,0,
2122026,BA.2_0.03_abundance_0.03,G1439C;G1488T,ORF1a:G392R;ORF1a:G408V,24,346,0.0693641618497109,0,
2122026,BA.2_0.03_abundance_0.03,G1439C;G1488T;G1580C,ORF1a:G392R;ORF1a:G408V;ORF1a:V439L,8,344,0.0232558139534883,0,
2122026,BA.2_0.03_abundance_0.03,G1488T;G1580C,ORF1a:G408V;ORF1a:V439L,38,344,0.1104651162790697,0,
2122026,BA.2_0.03_abundance_0.03,C3037T;T3112A,ORF1a:F924F;ORF1a:Y949*,344,1147,0.2999128160418483,3,B.1.1.7:2;AY.44:1
2122026,BA.2_0.03_abundance_0.03,G5936T;G6109T,ORF1a:E1891*;ORF1a:K1948N,28,290,0.096551724137931,0,
2122026,BA.2_0.03_abundance_0.03,A8206G;T8273G,ORF1a:E2647E;ORF1a:C2670G,28,331,0.0845921450151057,0,
2122026,BA.2_0.03_abundance_0.03,C9344T;A9424G;T9429A;C9534T,ORF1a:L3027F;ORF1a:V3053V;ORF1a:I3055N;ORF1a:T3090I,6,81,0.074074074074074,4,BA.2:2;BA.5.2.1:1;BA.5.2:1
2122026,BA.2_0.03_abundance_0.03,C9534T;T9583A,ORF1a:T3090I;ORF1a:S3106S,31,1568,0.0197704081632653,3,BA.2:3
2122026,BA.2_0.03_abundance_0.03,C9534T;T9677A,ORF1a:T3090I;ORF1a:F3138I,53,1568,0.0338010204081632,0,
2122026,BA.2_0.03_abundance_0.03,C9534T;A9828C,ORF1a:T3090I;ORF1a:E3188A,17,90,0.1888888888888888,10,BA.2.7:2;BA.2.9:3;BA.4.1:2;BF.7:1;BA.5.5:1;BA.5.2.9:1
2122026,BA.2_0.03_abundance_0.03,T12236C;T12391G,ORF1a:F3991L;ORF1a:N4042K,9,109,0.0825688073394495,0,
2122026,BA.2_0.03_abundance_0.03,A12848T;C12880T,ORF1a:R4195*;ORF1a:I4205I,720,2074,0.3471552555448409,0,
2122026,BA.2_0.03_abundance_0.03,A14397C;C14408T,ORF1b:T310T;ORF1b:P314L,349,1102,0.3166969147005444,8,AY.106:2;B.1:1;AY.4:1;AY.103:1;BA.1.1:3
2122026,BA.2_0.03_abundance_0.03,G15327A;G15416C,ORF1b:M620I;ORF1b:C650S,26,1535,0.0169381107491856,0,
2122026,BA.2_0.03_abundance_0.03,G15327A;A15526G,ORF1b:M620I;ORF1b:I687V,26,224,0.1160714285714285,0,
2122026,BA.2_0.03_abundance_0.03,A15526G;C15714T,ORF1b:I687V;ORF1b:L749L,1482,4682,0.3165313968389577,27,XBB.1.5:1;BA.2:8;BF.5:4;BA.5.2.1:6;BA.5.5:1;BA.2.12.1:2;BE.1.1:1;BA.5.1:4
2122026,BA.2_0.03_abundance_0.03,G15878T;T16150A,ORF1b:C804F;ORF1b:S895T,166,2145,0.0773892773892774,0,
2122026,BA.2_0.03_abundance_0.03,T16150A;A16233C,ORF1b:S895T;ORF1b:L922F,8,48,0.1666666666666666,0,
2122026,BA.2_0.03_abundance_0.03,A16233C;T16419C,ORF1b:L922F;ORF1b:T984T,12,244,0.0491803278688524,0,
2122026,BA.2_0.03_abundance_0.03,A17184T;C17288T;C17410T,ORF1b:A1239A;ORF1b:T1274I;ORF1b:R1315C,119,4622,0.0257464301168325,0,
2122026,BA.2_0.03_abundance_0.03,A17184T;C17288T,ORF1b:A1239A;ORF1b:T1274I,107,7633,0.0140180793921131,0,
2122026,BA.2_0.03_abundance_0.03,A17184T;C17410T,ORF1b:A1239A;ORF1b:R1315C,644,4622,0.1393336218087408,10,BA.2:9;BA.2.12.1:1
2122026,BA.2_0.03_abundance_0.03,C18419A;T18435G;C18460G;C18493G;A18503C,ORF1b:T1651K;ORF1b:D1656E;ORF1b:P1665A;ORF1b:L1676V;ORF1b:K1679T,5,336,0.0148809523809523,0,
2122026,BA.2_0.03_abundance_0.03,A18549C;A18616T,ORF1b:L1694F;ORF1b:T1717S,18,318,0.0566037735849056,0,
2122026,BA.2_0.03_abundance_0.03,A21801T;G21987A,S:D80V;S:G142D,1277,2444,0.5225040916530278,74,BA.5.2:5;AY.4:61;BA.2.35:4;B.1.617.2:3;BA.2:1
2122026,BA.2_0.03_abundance_0.03,A21801T;C21843T;G21987A,S:D80V;S:S94F;S:G142D,91,2444,0.0372340425531914,0,
2122026,BA.2_0.03_abundance_0.03,C21843T;G21987A,S:S94F;S:G142D,54,2444,0.0220949263502455,244,BA.2:6;AY.122.5:1;AY.25:8;BA.5:64;AY.122:13;AY.5:15;BA.5.1.12:2;BA.5.2:32;AY.3:10;BA.5.1:20;BQ.1.1.18:2;AY.99.2:1;AY.107:1;AY.4.2.2:1;AY.4:1;BA.5.3.1:1;AY.39.1:3;AY.27:2;BA.5.2.1:11;B.1.617.1:1;BA.4.1:1;AY.98.1:10;BF.5:3;BE.1.1.2:1;AY.118:1;AY.119:1;AY.103:6;B.1.617.2:3;BA.5.1.23:1;BF.1:1;AY.33:1;AY.100:2;BA.5.5:1;BF.28:1;AY.25.1:1;AY.125:1;AY.46.6:4;AY.43:2;BA.1:1;B.1.1.7:1;BA.2.12.1:2;BA.5.6:1;BF.14:1;AY.9:1;AY.34:1
2122026,BA.2_0.03_abundance_0.03,T22200G;T22287G,S:V213G;S:L242R,75,148,0.5067567567567568,0,
2122026,BA.2_0.03_abundance_0.03,C23525T;T23599G;C23604A;G23661C,S:H655Y;S:N679K;S:P681H;S:G700A,45,208,0.2163461538461538,7,BA.5.1.1:1;BA.5.2:1;BA.1.1:2;BA.2:1;BA.2.12.1:2
2122026,BA.2_0.03_abundance_0.03,C23854A;C23882A;G23948T,S:N764K;S:Q774K;S:D796Y,322,1124,0.2864768683274021,0,
2122026,BA.2_0.03_abundance_0.03,C23854A;C23882A;A23930T;G23948T,S:N764K;S:Q774K;S:K790*;S:D796Y,119,1124,0.1058718861209964,0,
2122026,BA.2_0.03_abundance_0.03,C23854A;C23882A;A23889G;G23948T,S:N764K;S:Q774K;S:K776R;S:D796Y,33,1124,0.0293594306049822,0,
2122026,BA.2_0.03_abundance_0.03,C23854A;A23889G;G23948T,S:N764K;S:K776R;S:D796Y,56,1124,0.0498220640569395,24,BA.2:1;BQ.1.1:8;BA.5.2:2;BA.1.1:6;BE.1:1;BA.1.17:1;BA.2.10:1;BE.1.1:1;BA.5.2.1:1;BA.1.18:1;BA.5.6:1
2122026,BA.2_0.03_abundance_0.03,C23854A;A23930T;G23948T,S:N764K;S:K790*;S:D796Y,138,1124,0.1227758007117437,0,
2122026,BA.2_0.03_abundance_0.03,C23854A;C23882A;A23889G;A23930T;G23948T,S:N764K;S:Q774K;S:K776R;S:K790*;S:D796Y,16,1124,0.0142348754448398,0,
2122026,BA.2_0.03_abundance_0.03,C23854A;A23889G;A23930T;G23948T,S:N764K;S:K776R;S:K790*;S:D796Y,19,1124,0.0169039145907473,0,
2122026,BA.2_0.03_abundance_0.03,T24846G;C25000T,S:F1095C;S:D1146D,269,1203,0.2236076475477971,0,
2122026,BA.2_0.03_abundance_0.03,T24846G;C24912A;C25000T,S:F1095C;S:T1117K;S:D1146D,30,1203,0.0249376558603491,0,
2122026,BA.2_0.03_abundance_0.03,C24912A;C25000T,S:T1117K;S:D1146D,106,1203,0.0881130507065669,83,BF.26:30;BA.5.5:4;BA.2:11;BA.2.3:24;BE.1.1:5;BA.2.75:1;BA.1.1:4;BQ.1.1.22:1;BA.5.1:1;BA.1.17:1;BA.2.56:1
2122026,BA.2_0.03_abundance_0.03,T25479G;C25584T,ORF3a:V29V;ORF3a:T64T,60,1771,0.0338791643139469,33,BA.2.56:1;BA.2.9:2;BE.1.1:1;B.1.2:2;BA.1.1.18:2;BA.5.1:2;BA.2.12.1:4;BA.5.2.1:7;BA.1.1:1;BA.2:6;BA.1.21:1;BA.2.36:1;BA.5.2:1;BA.1.17.2:1;BA.2.3:1
2122026,BA.2_0.03_abundance_0.03,C26054T;C26270T,ORF3a:T221I;E:T9I,335,840,0.3988095238095238,138,AY.42:2;BA.1.1:11;BA.1:61;BA.2:7;BA.5.2:3;BA.1.1.1:1;BA.2.9:2;XBB.1:1;BA.2.29:1;BA.1.17.2:7;BA.2.12.1:4;BA.1.17:3;BA.2.3:1;BA.2.9.6:1;BA.2.37:1;BA.5.1:2;BA.5.2.1:8;BA.5.3.1:3;BA.5.5:2;BA.4:1;BA.5.6:3;BA.4.4:1;BA.1.15:2;BA.5.1.2:1;BA.1.18:2;BE.1.1.1:2;BA.5.2.33:1;BA.4.1.5:1;BA.1.1.18:1;BA.5.1.10:1;BA.2.24:1
2122026,BA.2_0.03_abundance_0.03,C26054T;T26083G;C26270T,ORF3a:T221I;ORF3a:F231V;E:T9I,66,840,0.0785714285714285,0,
2122026,BA.2_0.03_abundance_0.03,C26054T;T26083G,ORF3a:T221I;ORF3a:F231V,18,1144,0.0157342657342657,0,
2122026,BA.2_0.03_abundance_0.03,T26083G;C26270T,ORF3a:F231V;E:T9I,74,840,0.0880952380952381,11,BA.2:4;BA.1:1;BA.5:1;BE.1.1:2;BA.1.1:2;BA.1.17.2:1
2122026,BA.2_0.03_abundance_0.03,C26577G;G26709A;T26819G;C26858T,M:Q19E;M:A63T;M:S99S;M:F112F,74,1657,0.0446590223295111,7,BA.2.12.1:3;BA.2:3;BA.2.9:1
2122026,BA.2_0.03_abundance_0.03,A26973C;T27032A,M:I151L;M:V170V,5,221,0.0226244343891402,0,
2122026,BA.2_0.03_abundance_0.03,A29510C;C29625A,N:S413R;ORF10:S23Y,25,83,0.3012048192771084,2,BA.2.12.1:1;BA.2.23:1
2192026,BA.2_0.03_abundance_0.03,A468G;T670G,ORF1a:Y68C;ORF1a:S135R,1484,3652,0.4063526834611172,65,BA.2:14;BE.1.1:3;BA.5.2.1:8;BA.2.9:5;BA.4.1:1;BA.5.2.44:2;BA.2.3:1;BA.2.12:4;BF.34:1;BE.1:2;BF.7.5:13;BA.5.2.2:1;BA.5.2:6;BA.2.12.1:4
2192026,BA.2_0.03_abundance_0.03,T670G;G770C,ORF1a:S135R;ORF1a:V169L,15,229,0.0655021834061135,0,
2192026,BA.2_0.03_abundance_0.03,A1717T;A1763C,ORF1a:T484T;ORF1a:K500Q,24,1453,0.0165175498967653,0,
2192026,BA.2_0.03_abundance_0.03,C1762A;A1763C,ORF1a:F499L;ORF1a:K500Q,19,1454,0.0130674002751031,0,
2192026,BA.2_0.03_abundance_0.03,A2524C;T2552C,ORF1a:T753T;ORF1a:L763L,71,690,0.1028985507246376,2,B.1.617.2:2
2192026,BA.2_0.03_abundance_0.03,C3037T;T3154G,ORF1a:F924F;ORF1a:G963G,45,206,0.2184466019417475,8,BA.5.2.1:1;B.1.438.1:1;AY.5:1;AY.13:1;D.5:3;B.1.1.519:1
2192026,BA.2_0.03_abundance_0.03,T6602A;T6767C,ORF1a:L2113I;ORF1a:Y2168H,51,626,0.0814696485623003,0,
2192026,BA.2_0.03_abundance_0.03,C8092A;T8167G,ORF1a:L2609L;ORF1a:I2634M,34,1313,0.0258948971820258,0,
2192026,BA.2_0.03_abundance_0.03,C8092A;T8154A,ORF1a:L2609L;ORF1a:L2630*,21,1313,0.0159939070830159,0,
2192026,BA.2_0.03_abundance_0.03,T8154A;T8164A,ORF1a:L2630*;ORF1a:F2633L,15,1313,0.0114242193450114,0,
2192026,BA.2_0.03_abundance_0.03,T8154A;T8167G,ORF1a:L2630*;ORF1a:I2634M,18,1313,0.0137090632140137,0,
2192026,BA.2_0.03_abundance_0.03,T8164A;T8167G,ORF1a:F2633L;ORF1a:I2634M,23,1313,0.0175171363290175,0,
2192026,BA.2_0.03_abundance_0.03,C10449A;C10641T,ORF1a:P3395H;ORF1a:T3459M,45,942,0.0477707006369426,578,BA.1.1.2:4;BA.5.2:45;BQ.1.23:2;BA.4.1:9;BA.5.2.1:28;BA.5.2.28:7;BA.2.67:1;BA.2.3:10;BA.1.15:12;BA.5.2.12:36;BA.1.1:98;BA.2:55;BF.7:10;BA.4.4:2;BA.2.3.7:1;BA.5.6:5;BA.2.12.1:19;BA.1.17.2:7;CM.5:3;BF.7.6:26;BQ.1.5:2;BA.2.9:24;BA.1:25;BA.4.6:2;BA.5.2.34:3;BA.2.36:1;BQ.1.1:3;XBB.1:1;BA.1.1.18:66;BA.1.1.1:4;BA.1.14:1;BQ.1.2:1;BA.5.1:12;BA.1.17:7;BA.5.1.12:2;BA.2.56:1;BA.5.5.2:3;BA.1.18:2;BA.4:6;BA.2.23:2;BA.2.75:2;BA.1.1.15:1;BA.5.11:1;BF.22:1;BF.1:2;BN.1.4:1;BE.1.2.1:1;BQ.1.3:1;BA.2.10:2;BA.1.15.1:3;BA.5.1.3:1;BA.5.2.16:1;BQ.1.12:1;BA.5.3.1:1;BA.5.2.20:1;BT.2:1;BA.5.1.1:1;BE.1.1:1;BQ.1:1;BQ.1.13:1;BF.7.12:1;BF.10:1;B.1.617.2:1;BQ.1.14:1;BA.2.10.1:1
2192026,BA.2_0.03_abundance_0.03,C10449A;T10509A,ORF1a:P3395H;ORF1a:I3415K,65,998,0.065130260521042,1,BA.5.2.9:1
2192026,BA.2_0.03_abundance_0.03,G11150C;A11351T,ORF1a:V3629L;ORF1a:T3696S,15,469,0.0319829424307036,0,
2192026,BA.2_0.03_abundance_0.03,C11166T;A11351T,ORF1a:A3634V;ORF1a:T3696S,24,469,0.0511727078891258,0,
2192026,BA.2_0.03_abundance_0.03,C11193A;A11351T,ORF1a:S3643Y;ORF1a:T3696S,5,469,0.0106609808102345,0,
2192026,BA.2_0.03_abundance_0.03,A11332G;A11351T,ORF1a:V3689V;ORF1a:T3696S,41,501,0.0818363273453093,0,
2192026,BA.2_0.03_abundance_0.03,A11351T;G11441T;G11532A,ORF1a:T3696S;ORF1a:A3726S;ORF1a:R3756K,58,282,0.2056737588652482,0,
2192026,BA.2_0.03_abundance_0.03,A11351T;G11441T,ORF1a:T3696S;ORF1a:A3726S,30,282,0.1063829787234042,0,
2192026,BA.2_0.03_abundance_0.03,A11351T;G11532A,ORF1a:T3696S;ORF1a:R3756K,96,282,0.3404255319148936,0,
2192026,BA.2_0.03_abundance_0.03,G11441T;G11532A,ORF1a:A3726S;ORF1a:R3756K,8,283,0.0282685512367491,0,
2192026,BA.2_0.03_abundance_0.03,A12286C;C12325T,ORF1a:Q4007H;ORF1a:D4020D,24,1363,0.0176082171680117,0,
2192026,BA.2_0.03_abundance_0.03,T12837A;C12880T,ORF1a:L4191*;ORF1a:I4205I,187,1447,0.1292328956461644,0,
2192026,BA.2_0.03_abundance_0.03,T12837A;C12880T;C12885G,ORF1a:L4191*;ORF1a:I4205I;ORF1a:T4207R,21,1447,0.0145127850725639,0,
2192026,BA.2_0.03_abundance_0.03,T12837A;C12880T;A12918G,ORF1a:L4191*;ORF1a:I4205I;ORF1a:D4218G,18,1447,0.0124395300621976,0,
2192026,BA.2_0.03_abundance_0.03,C12880T;C12885G,ORF1a:I4205I;ORF1a:T4207R,86,1448,0.0593922651933701,0,
2192026,BA.2_0.03_abundance_0.03,C12880T;A12918G,ORF1a:I4205I;ORF1a:D4218G,78,1448,0.0538674033149171,0,
2192026,BA.2_0.03_abundance_0.03,C12880T;G12911C,ORF1a:I4205I;ORF1a:V4216L,33,1448,0.0227900552486187,1,BA.5.2.1:1
2192026,BA.2_0.03_abundance_0.03,C13724G;T13937C,ORF1b:A86G;ORF1b:V157A,35,285,0.1228070175438596,0,
2192026,BA.2_0.03_abundance_0.03,A14315C;C14408T,ORF1b:Q283P;ORF1b:P314L,42,248,0.1693548387096774,1,B.1.1.7:1
2192026,BA.2_0.03_abundance_0.03,C14318A;A14339G;A14355G;C14408T;T14418C;A14457T,ORF1b:T284K;ORF1b:N291S;ORF1b:R296R;ORF1b:P314L;ORF1b:F317F;ORF1b:P330P,6,236,0.0254237288135593,0,
2192026,BA.2_0.03_abundance_0.03,T17283C;C17410T,ORF1b:N1272N;ORF1b:R1315C,53,1697,0.0312315851502651,121,BQ.1.1.22:1;BA.2:15;BF.7:2;BA.5.2.16:1;BA.4.6:33;BA.2.12.1:15;BF.5:2;BA.5.1.10:6;BA.2.9:1;BA.5.2:5;BA.5.2.1:16;BA.2.56:1;BF.26:4;BA.2.75:2;BA.2.9.3:1;BA.5.5:1;BQ.1.1.4:1;BA.4.1:1;BQ.1.1.2:1;BA.2.3.1:1;BA.5:1;BA.5.6:1;BA.5.1:4;XBB:1;BE.1.1:4
2192026,BA.2_0.03_abundance_0.03,A17342C;C17410T,ORF1b:D1292A;ORF1b:R1315C,251,1697,0.1479080730701237,40,BA.5.1:30;BA.5.2.1:6;BA.2:2;BF.5:2
2192026,BA.2_0.03_abundance_0.03,A18163G;T18244A,ORF1b:I1566V;ORF1b:Y1593N,231,1311,0.1762013729977116,47,BA.2:4;BA.2.9:3;BA.1.17:1;BA.5.1.23:4;BA.1.1:2;BA.1.18:1;BA.1:1;BA.5.1:15;BQ.1.1:1;BA.2.9.5:1;BA.5.2.1:5;BA.5.1.1:1;BA.2.12.1:1;BA.1.1.1:4;BA.2.75:1;BA.4:1;BA.1.14:1
2192026,BA.2_0.03_abundance_0.03,A18163G;T18205G,ORF1b:I1566V;ORF1b:S1580A,78,1392,0.0560344827586206,26,BA.5.6:4;BA.5.2.1:7;BA.5.1:1;BA.2:1;BA.2.9:2;BA.5.1.22:3;BA.1.1:4;BA.5.2:4
2192026,BA.2_0.03_abundance_0.03,A18163G;T18205G;T18244A,ORF1b:I1566V;ORF1b:S1580A;ORF1b:Y1593N,21,1311,0.0160183066361556,0,
2192026,BA.2_0.03_abundance_0.03,A18399C;G18433T,ORF1b:V1644V;ORF1b:D1656Y,16,925,0.0172972972972972,0,
2192026,BA.2_0.03_abundance_0.03,A18427G;G18433T,ORF1b:N1654D;ORF1b:D1656Y,11,925,0.0118918918918918,1,AY.43:1
2192026,BA.2_0.03_abundance_0.03,T19136G;T19198C,ORF1b:L1890*;ORF1b:C1911R,54,327,0.1651376146788991,0,
2192026,BA.2_0.03_abundance_0.03,T20358G;T20488C,ORF1b:G2297G;ORF1b:C2341R,53,316,0.1677215189873417,0,
2192026,BA.2_0.03_abundance_0.03,T21813G;G21987A,S:L84R;S:G142D,274,827,0.3313180169286578,8,AY.112.2:1;AY.34:1;AY.36:1;BA.5.3.1:1;B.1.617.2:2;AY.127:1;BA.1.1:1
2192026,BA.2_0.03_abundance_0.03,C22050T;T22200G,S:A163V;S:V213G,6,230,0.0260869565217391,499,BA.5.2:75;BA.2.10:12;BA.2.23:2;BF.14:1;BA.2.3:17;BA.4.1:12;BA.2.3.15:3;BA.5.2.1:68;BA.2:44;BA.2.3.1:19;BK.1:2;BF.17:2;BA.5.1:181;BA.5:2;BA.4:3;BA.5.8:2;BF.7.6:1;BA.4.6.4:1;BA.5.2.33:2;BA.5.2.3:6;BA.5.2.9:2;BA.5.2.18:3;BF.5:6;BA.5.2.16:1;BQ.1:1;BA.2.13:1;BA.4.6:5;BA.2.75:5;BA.2.12.1:3;BA.5.1.3:1;BA.2.29:1;BA.2.38.1:1;BA.2.3.10:1;BA.2.56:1;BF.28:3;BQ.1.1.17:1;BA.2.31:4;BA.5.1.23:1;BA.5.2.11:1;BA.5.1.21:1;CL.1:1
2192026,BA.2_0.03_abundance_0.03,T22150G;T22200G,S:N196K;S:V213G,72,230,0.3130434782608696,0,
2192026,BA.2_0.03_abundance_0.03,G22604C;C22674T;T22679C;C22686T;A22688G;G22775A;G22813T,S:A348P;S:S371F;S:S373P;S:S375F;S:T376A;S:D405N;S:K417N,53,225,0.2355555555555555,252,BA.2:200;BA.2.9:11;BA.2.65:1;BA.2.3:26;BA.2.3.9:1;BE.1.1:1;BQ.1.21:1;BA.5.2.1:4;BA.2.7:2;BE.1:1;BA.5.2.6:1;BF.1:1;BA.5.1.18:1;BA.5.1:1
2192026,BA.2_0.03_abundance_0.03,G22604C;G22626C;C22674T;T22679C;C22686T;A22688G;G22775A;G22813T,S:A348P;S:R355T;S:S371F;S:S373P;S:S375F;S:T376A;S:D405N;S:K417N,7,225,0.0311111111111111,0,
2192026,BA.2_0.03_abundance_0.03,G22626C;C22674T;T22679C;C22686T;A22688G;G22775A;G22813T,S:R355T;S:S371F;S:S373P;S:S375F;S:T376A;S:D405N;S:K417N,23,225,0.1022222222222222,0,
2192026,BA.2_0.03_abundance_0.03,A23326T;A23403G,S:T588T;S:D614G,1047,1431,0.7316561844863732,35,BA.2:14;AY.46.6:4;AY.5:1;B.1.1.7:2;AY.43.4:2;AY.4:8;AY.44:1;BA.5.2.31:1;AY.6:1;BA.5.2.1:1
2192026,BA.2_0.03_abundance_0.03,G23948T;T24076C,S:D796Y;S:G838G,33,466,0.0708154506437768,92,BA.1.15:4;BA.2.12:1;BA.5.2.1:8;BA.1:7;BF.5:11;BA.1.1.1:1;BA.5.1:5;BQ.1.1.5:11;BA.2.22:1;BF.10:5;BA.2:12;BA.2.3:3;BA.1.1:6;BF.21:1;BA.1.17.2:1;BE.1:1;B.1.243:3;BA.5.2.20:1;BA.5.1.3:2;BA.5.5:1;BA.1.1.2:1;BA.2.38:1;BA.5.7:2;BA.2.44:1;BA.2.36:1;BE.1.1:1
2192026,BA.2_0.03_abundance_0.03,A24424T;A24661G,S:Q954H;S:V1033V,7,41,0.1707317073170731,61,BA.5.2.3:1;BA.5.2.1:3;BA.1.1.18:1;BA.5.1:11;BA.2:13;BA.1.15:2;BA.1.1.14:3;BF.5:2;BA.1.18:1;BA.1.1:6;BA.2.12.1:8;XBB.1:2;BQ.1.1:1;BA.1.17.2:1;BF.3:1;BQ.1:1;BA.5.2:1;BA.2.36:1;BA.1.15.1:1;BA.4.2:1
2192026,BA.2_0.03_abundance_0.03,T24849A;C25000T,S:V1096D;S:D1146D,34,520,0.0653846153846153,0,
2192026,BA.2_0.03_abundance_0.03,C26270T;A26431T,E:T9I;E:K63*,17,130,0.1307692307692307,2,BA.5.1:1;BA.2:1
2192026,BA.2_0.03_abundance_0.03,C26270T;T26457G,E:T9I;E:P71P,31,121,0.256198347107438,4,BA.2.9:1;BA.5.2.1:1;BA.2.10:1;BA.1.1:1
2192026,BA.2_0.03_abundance_0.03,G26695C;G26709A;C26858T,M:W58S;M:A63T;M:F112F,1328,2816,0.4715909090909091,0,
2192026,BA.2_0.03_abundance_0.03,G26695C;G26709A,M:W58S;M:A63T,227,3218,0.0705407085146053,0,
2192026,BA.2_0.03_abundance_0.03,G26695C;G26709A;G26834A;C26858T,M:W58S;M:A63T;M:A104A;M:F112F,149,2816,0.0529119318181818,0,
2192026,BA.2_0.03_abundance_0.03,G26709A;G26834A;C26858T,M:A63T;M:A104A;M:F112F,120,2816,0.0426136363636363,245,BA.4:1;BA.2:204;BA.2.9.5:6;BA.2.9:13;BA.2.18:1;BA.2.5:4;BA.2.12.1:4;BA.4.1:3;BA.2.75:1;XBB.1:1;BA.4.6:4;BA.1.17.2:1;BA.2.3:1;XAG:1
2192026,BA.2_0.03_abundance_0.03,A27259C;G27382C;A27383T;T27384C;A27424C,ORF6:R20R;ORF6:D61H;ORF6:D61V;ORF6:D61D;ORF7a:T11P,137,1249,0.1096877502001601,6,BA.2:4;BA.2.40.1:1;BH.1:1
2192026,BA.2_0.03_abundance_0.03,A27259C;G27382C;A27383T;T27384C;G27396T,ORF6:R20R;ORF6:D61H;ORF6:D61V;ORF6:D61D;ORF7a:MX,101,1249,0.0808646917534027,44,BA.2.1:7;BA.2:16;BA.4:4;BA.2.12.1:2;BA.2.9:4;BA.4.6:2;BA.4.1:2;BA.4.6.1:3;CM.4:2;BA.2.18:1;BA.2.75.2:1
2192026,BA.2_0.03_abundance_0.03,C28201T;C28311T,ORF8:S103L;N:P13L,311,3378,0.0920663114268798,1072,BA.5.1.2:129;BA.1.1.2:6;BA.5.2:89;BA.4.1:2;BA.5.2.1:36;BA.5.1.23:7;BA.5.1:56;BA.5.5:3;DF.1:41;BA.1.1.18:4;BA.2.60:1;BA.1.1:92;BF.10:15;BA.2.3.1:1;BQ.1.1.22:40;BE.1.2.1:7;BA.2.3.20:4;BA.1.15:5;BA.2.12.1:44;BF.7.1:1;BA.1.17.2:11;BA.5.3.1:142;BE.1:3;BQ.1.1.7:1;BA.1:13;BA.1.14:1;BA.1.1.1:8;BA.5.10.1:31;BQ.1.1.18:2;BA.2:32;BA.5.10:2;BF.7:5;B.1.258:47;BA.1.15.1:2;BQ.1.1:10;BF.14:2;BA.4.6:3;BA.5.2.3:1;BA.5.2.2:1;BA.2.3:11;BA.5.1.10:1;C.37:1;BA.5.2.9:14;BA.2.65:1;AY.43:1;BA.1.17:1;BF.28:1;BA.1.1.13:6;BA.5.1.3:1;BA.5.2.20:2;BA.1.19:1;BE.9:31;BQ.1:5;BA.5:5;BE.3:2;BA.5.2.31:1;BA.5.3:10;BA.2.23:3;BA.5.1.6:1;BA.2.75:15;BA.5.3.2:2;BA.4:1;BA.2.56:1;CK.2.1:1;BA.5.2.33:2;BQ.1.1.3:1;BA.1.16:2;BQ.1.1.1:1;XBB.1:9;BA.2.10:1;BE.1.1:3;BA.2.9:2;BA.1.20:1;BA.5.1.22:8;B.1.526:3;BF.8:1;B.1.1.7:2;B.1.429:2;BA.5.8:1;BA.1.18:1;B.1:1;BA.5.1.17:1;BA.2.37:1;BA.5.2.22:1;BA.1.1.16:1;BF.1:1;XBB.1.1:1;BA.5.1.27:1;BA.5.6.1:2;BA.5.2.19:2;BQ.1.1.20:1
2262026,BA.2_0.03_abundance_0.03,C366T;T369G;C379T;A481T;C494G;A535T;T559G;A624C;A650C;T670G,ORF1a:S34F;ORF1a:V35G;ORF1a:V38V;ORF1a:K72N;ORF1a:R77G;ORF1a:A90A;ORF1a:G98G;ORF1a:K120T;ORF1a:K129Q;ORF1a:S135R,32,1982,0.0161453077699293,0,
2262026,BA.2_0.03_abundance_0.03,A397G;T670G;C676A,ORF1a:Q44Q;ORF1a:S135R;ORF1a:G137G,49,1845,0.0265582655826558,0,
2262026,BA.2_0.03_abundance_0.03,T670G;C676A,ORF1a:S135R;ORF1a:G137G,580,2132,0.2720450281425891,57,BA.5.2:1;BA.2.3.9:1;BQ.1.1:16;BA.5.1.21:1;BF.11:14;BA.2:10;BF.21:1;BA.2.12.1:1;BA.5.1.22:11;BQ.1.1.19:1
2262026,BA.2_0.03_abundance_0.03,C1026A;C1057G;T1081G;T1116A;A1133C;T1199C;C1201A;A1230C,ORF1a:P254H;ORF1a:D264E;ORF1a:N272K;ORF1a:I284N;ORF1a:K290Q;ORF1a:C312R;ORF1a:C312*;ORF1a:K322T,36,1799,0.0200111172873818,0,
2262026,BA.2_0.03_abundance_0.03,T1654A;A1810G;C1825G;G1855A;C1889T,ORF1a:I463I;ORF1a:K515K;ORF1a:A520A;ORF1a:L530L;ORF1a:R542C,55,2643,0.0208096859629209,0,
2262026,BA.2_0.03_abundance_0.03,C2262G;G2265C;A2342C;A2380T;A2466G,ORF1a:T666S;ORF1a:C667S;ORF1a:I693L;ORF1a:L705F;ORF1a:K734R,18,858,0.0209790209790209,0,
2262026,BA.2_0.03_abundance_0.03,A3235G;C3315G;G3323C;A3327T;A3332T;G3371A;G3392A;A3396G;A3408C;T3432A;A3461G,ORF1a:Q990Q;ORF1a:T1017R;ORF1a:V1020L;ORF1a:Q1021L;ORF1a:I1023F;ORF1a:D1036N;ORF1a:A1043T;ORF1a:D1044G;ORF1a:E1048A;ORF1a:V1056E;ORF1a:K1066E,38,1536,0.0247395833333333,0,
2262026,BA.2_0.03_abundance_0.03,T4671C;G4678T,ORF1a:L1469P;ORF1a:V1471V,67,164,0.4085365853658536,0,
2262026,BA.2_0.03_abundance_0.03,G4678T;T4693G;C4716T;A4731T;T4738A;T4771G,ORF1a:V1471V;ORF1a:S1476S;ORF1a:T1484I;ORF1a:Y1489F;ORF1a:T1491T;ORF1a:I1502M,15,509,0.0294695481335952,0,
2262026,BA.2_0.03_abundance_0.03,T5028C;A5244T,ORF1a:M1588T;ORF1a:Q1660L,203,984,0.20630081300813,0,
2262026,BA.2_0.03_abundance_0.03,C7101A;T7157A;T7166G;C7169T;C7173G;T7217C;A7242G,ORF1a:A2279E;ORF1a:L2298I;ORF1a:Y2301D;ORF1a:P2302S;ORF1a:S2303C;ORF1a:L2318L;ORF1a:E2326G,9,644,0.0139751552795031,0,
2262026,BA.2_0.03_abundance_0.03,C7169T;C7194A,ORF1a:P2302S;ORF1a:T2310N,86,644,0.1335403726708074,0,
2262026,BA.2_0.03_abundance_0.03,G8018T;A8020T;T8038C;A8087T;T8119C;A8122T;A8159C;G8183T;A8211G;A8223T;A8241T;A8298G,ORF1a:E2585*;ORF1a:E2585D;ORF1a:F2591F;ORF1a:K2608*;ORF1a:A2618A;ORF1a:E2619D;ORF1a:T2632P;ORF1a:G2640W;ORF1a:K2649R;ORF1a:E2653V;ORF1a:H2659L;ORF1a:N2678S,52,2315,0.0224622030237581,0,
2262026,BA.2_0.03_abundance_0.03,A9238T;A9243G;G9273C;G9311A;G9335C;C9344T;C9348G;A9353G;C9365A;G9414T;T9415G;A9424G;T9429A;T9455G;C9534T,ORF1a:R2991S;ORF1a:E2993G;ORF1a:R3003T;ORF1a:G3016R;ORF1a:V3024L;ORF1a:L3027F;ORF1a:T3028S;ORF1a:M3030V;ORF1a:L3034I;ORF1a:G3050V;ORF1a:G3050G;ORF1a:V3053V;ORF1a:I3055N;ORF1a:F3064V;ORF1a:T3090I,5,321,0.0155763239875389,0,
2262026,BA.2_0.03_abundance_0.03,C9344T;C9348G;A9424G;C9534T,ORF1a:L3027F;ORF1a:T3028S;ORF1a:V3053V;ORF1a:T3090I,636,1211,0.5251857968620974,0,
2262026,BA.2_0.03_abundance_0.03,C9344T;C9348G;A9424G,ORF1a:L3027F;ORF1a:T3028S;ORF1a:V3053V,137,1439,0.0952050034746351,0,
2262026,BA.2_0.03_abundance_0.03,C9534T;C9755T,ORF1a:T3090I;ORF1a:R3164C,943,2251,0.4189249222567747,5,BA.2:2;BA.5.2:1;BA.2.9:1;BA.5:1
2262026,BA.2_0.03_abundance_0.03,C9534T;C9598T;C9755T,ORF1a:T3090I;ORF1a:Y3111Y;ORF1a:R3164C,549,2251,0.2438916037316748,0,
2262026,BA.2_0.03_abundance_0.03,C9534T;C9598T,ORF1a:T3090I;ORF1a:Y3111Y,306,2415,0.1267080745341615,634,BA.4.1:20;BF.10:126;BA.5.2.1:18;BA.5.2.21:3;BA.5.5.1:11;BA.5.1:74;BE.3:4;BA.2:131;BE.1.1.2:10;BA.2.75:21;BA.2.12.1:11;BQ.1.1.7:1;BA.2.9:20;BA.5.1.21:5;BQ.1.14:2;BQ.1.1:1;BE.4.1:4;BA.5.6:1;BF.21:10;BE.1:2;BA.2.38:3;XG:11;BA.5.2:54;BA.5.2.20:1;BF.7.5:1;BE.1.1:21;BA.2.40.1:1;BA.2.68:1;BA.2.36:3;BF.5:3;BA.5.2.9:1;BA.4.6:6;BA.2.7:1;BA.5.1.11:1;BA.2.10:1;CQ.1:1;BQ.1:5;BA.5.1.22:4;BA.5.1.6:1;BQ.1.16:1;BF.4:1;BA.4.1.8:2;BA.2.3:5;BQ.1.1.1:1;BA.5.1.24:1;BA.2.12:1;BF.1.1:1;BA.5:3;BQ.1.1.22:1;BA.2.3.15:1;BA.5.9:1;BA.5.1.1:1;BA.4.6.5:1;BA.5.5:2;BA.5.2.26:11;BA.5.1.16:1;BF.1:1;XBB.1:1;BF.26:1;BA.5.1.3:1
2262026,BA.2_0.03_abundance_0.03,G10523C;A10536C;A10622T;G10664T,ORF1a:V3420L;ORF1a:Y3424S;ORF1a:T3453S;ORF1a:V3467F,5,68,0.0735294117647058,0,
2262026,BA.2_0.03_abundance_0.03,A10536C;A10622T,ORF1a:Y3424S;ORF1a:T3453S,9,68,0.1323529411764706,0,
2262026,BA.2_0.03_abundance_0.03,A10536C;A10622T;G10664T,ORF1a:Y3424S;ORF1a:T3453S;ORF1a:V3467F,11,68,0.1617647058823529,0,
2262026,BA.2_0.03_abundance_0.03,A10536C;G10664T,ORF1a:Y3424S;ORF1a:V3467F,9,68,0.1323529411764706,0,
2262026,BA.2_0.03_abundance_0.03,G10916A;T11027C,ORF1a:E3551K;ORF1a:L3588L,5,208,0.0240384615384615,0,
2262026,BA.2_0.03_abundance_0.03,T11027C;C11050A,ORF1a:L3588L;ORF1a:V3595V,25,239,0.104602510460251,0,
2262026,BA.2_0.03_abundance_0.03,A11041T;T11045A;C11050A;C11060G;T11137C;C11152T;T11180G;G11198T;C11208G;G11222A;A11237T;A11270T;G11312T,ORF1a:L3592F;ORF1a:L3594I;ORF1a:V3595V;ORF1a:Q3599E;ORF1a:F3624F;ORF1a:V3629V;ORF1a:F3639V;ORF1a:A3645S;ORF1a:A3648G;ORF1a:V3653I;ORF1a:S3658C;ORF1a:M3669L;ORF1a:V3683F,24,2305,0.0104121475054229,0,
2262026,BA.2_0.03_abundance_0.03,A11041T;T11045A;C11060G;T11137C;C11152T;T11180G;G11198T;C11208G;G11222A;A11237T;A11270T;G11312T,ORF1a:L3592F;ORF1a:L3594I;ORF1a:Q3599E;ORF1a:F3624F;ORF1a:V3629V;ORF1a:F3639V;ORF1a:A3645S;ORF1a:A3648G;ORF1a:V3653I;ORF1a:S3658C;ORF1a:M3669L;ORF1a:V3683F,33,2305,0.0143167028199566,0,
2262026,BA.2_0.03_abundance_0.03,C11050A;G11185C,ORF1a:V3595V;ORF1a:L3640F,68,2546,0.0267085624509033,0,
2262026,BA.2_0.03_abundance_0.03,T12204C;A12250G;A12272G;A12306C;A12307T;G12311A;A12337T;G12373C;T12375A;A12397G,ORF1a:L3980S;ORF1a:A3995A;ORF1a:K4003E;ORF1a:K4014T;ORF1a:K4014N;ORF1a:A4016T;ORF1a:K4024N;ORF1a:M4036I;ORF1a:L4037H;ORF1a:A4044A,26,999,0.026026026026026,0,
2262026,BA.2_0.03_abundance_0.03,A12529T;T12629A,ORF1a:T4088T;ORF1a:L4122I,63,2168,0.0290590405904059,0,
2262026,BA.2_0.03_abundance_0.03,A12529T;T12548A,ORF1a:T4088T;ORF1a:L4095M,42,2168,0.0193726937269372,0,
2262026,BA.2_0.03_abundance_0.03,T12548A;T12629A,ORF1a:L4095M;ORF1a:L4122I,55,2168,0.0253690036900369,0,
2262026,BA.2_0.03_abundance_0.03,T12818A;C12880T,ORF1a:L4185I;ORF1a:I4205I,65,388,0.1675257731958762,0,
2262026,BA.2_0.03_abundance_0.03,T14238A;G14260T;C14318A;A14339G;A14355G;C14408T;T14418C;A14457T,ORF1b:I257I;ORF1b:D265Y;ORF1b:T284K;ORF1b:N291S;ORF1b:R296R;ORF1b:P314L;ORF1b:F317F;ORF1b:P330P,6,247,0.0242914979757085,0,
2262026,BA.2_0.03_abundance_0.03,G14260T;C14318A;A14339G;A14355G;C14408T;T14418C;A14457T,ORF1b:D265Y;ORF1b:T284K;ORF1b:N291S;ORF1b:R296R;ORF1b:P314L;ORF1b:F317F;ORF1b:P330P,26,1488,0.0174731182795698,0,
2262026,BA.2_0.03_abundance_0.03,T15317A;T15437G,ORF1b:M617K;ORF1b:M657R,99,1251,0.079136690647482,0,
2262026,BA.2_0.03_abundance_0.03,G15627T;C15714T,ORF1b:E720D;ORF1b:L749L,281,2877,0.0976711852624261,66,BQ.1.1.22:1;BA.5.2:3;BF.7:1;BA.5.2.3:6;BA.5.2.1:2;BA.5.2.12:1;BE.1.2:1;BA.2:29;BA.4.1:2;BF.13:1;BA.2.12.1:5;BA.2.9:2;BE.1.1:1;BA.5.1:3;BA.5.1.3:1;BA.5.6:3;BA.5.2.20:1;BA.2.38:1;BQ.1.1:1;BA.5.1.22:1
2262026,BA.2_0.03_abundance_0.03,C15714T;G15743A,ORF1b:L749L;ORF1b:S759N,104,2681,0.0387914957105557,52,BA.2.75:8;BA.2:15;BA.4.6:1;BA.5.1:2;BK.1:1;BA.2.9:5;BQ.1.12:1;BA.2.12.1:6;AY.33:1;BA.5.2.1:1;BQ.1.1.19:3;BA.5.6:1;BA.5.2:2;BQ.1.15:1;BQ.1.1:1;BA.5.1.25:1;BQ.1.11:1;BF.32:1
2262026,BA.2_0.03_abundance_0.03,T15870G;T15880C;T15953A;T16023G;T16024C;T16025G;C16028T;T16154G;T16157C;T16161G,ORF1b:H801Q;ORF1b:S805P;ORF1b:L829Q;ORF1b:S852S;ORF1b:L853L;ORF1b:L853*;ORF1b:A854V;ORF1b:V896G;ORF1b:M897T;ORF1b:L898L,62,4726,0.0131189166314007,0,
2262026,BA.2_0.03_abundance_0.03,T16154G;T16157C;T16161G;C16234T;C16247G;T16287C;A16318C;A16341C;T16366A;C16394A;C16418A;C16423A,ORF1b:V896G;ORF1b:M897T;ORF1b:L898L;ORF1b:Q923*;ORF1b:A927G;ORF1b:G940G;ORF1b:K951Q;ORF1b:I958I;ORF1b:S967T;ORF1b:P976Q;ORF1b:T984N;ORF1b:L986I,9,433,0.0207852193995381,0,
2262026,BA.2_0.03_abundance_0.03,T16796A;T16860G,ORF1b:V1110E;ORF1b:A1131A,35,1707,0.0205038078500292,0,
2262026,BA.2_0.03_abundance_0.03,C17410T;T17603G,ORF1b:R1315C;ORF1b:V1379G,9,221,0.0407239819004524,1,BA.4.6:1
2262026,BA.2_0.03_abundance_0.03,C17410T;T17497C,ORF1b:R1315C;ORF1b:Y1344H,5,221,0.0226244343891402,184,BA.5.2:16;CG.1:5;BA.2.74:5;BF.10:2;BA.5.2.21:1;BA.5.3.2:2;BF.7:10;BA.5.2.29:1;BA.2:48;BA.2.12.1:6;BA.4.6:4;BQ.1.23:1;BA.4.6.5:1;BA.2.75:1;BA.5.1:12;BA.2.10:1;BA.5.6:2;BF.27:6;BA.2.40.1:1;AY.44:4;BQ.1:4;BA.4:4;BA.5.2.1:3;BF.7.4.1:1;BF.5:1;BA.2.45:1;BF.3:2;BA.5.1.2:5;BA.4.1:2;BE.1.1.2:1;BA.5.5:4;BA.5.2.9:19;BA.5.2.33:1;BE.1.1:1;BA.5.2.2:4;BA.2.3:2
2262026,BA.2_0.03_abundance_0.03,C17410T;T17514A,ORF1b:R1315C;ORF1b:C1349*,10,221,0.0452488687782805,0,
2262026,BA.2_0.03_abundance_0.03,C17410T;G17648T,ORF1b:R1315C;ORF1b:C1394F,13,200,0.065,0,
2262026,BA.2_0.03_abundance_0.03,A17431G;C17483A,ORF1b:I1322V;ORF1b:T1339K,28,1773,0.0157924421883812,0,
2262026,BA.2_0.03_abundance_0.03,G17815C;C17878A,ORF1b:G1450R;ORF1b:Q1471K,37,474,0.0780590717299578,0,
2262026,BA.2_0.03_abundance_0.03,T18595A;G18627C,ORF1b:W1710R;ORF1b:K1720N,5,289,0.0173010380622837,0,
2262026,BA.2_0.03_abundance_0.03,G18627C;T18741A;C18747T;C18775G;A18798T;C18823A;C18828A;A18868C,ORF1b:K1720N;ORF1b:D1758E;ORF1b:V1760V;ORF1b:Q1770E;ORF1b:L1777L;ORF1b:Q1786K;ORF1b:V1787V;ORF1b:T1801P,14,552,0.0253623188405797,0,
2262026,BA.2_0.03_abundance_0.03,T18741A;C18747T;C18775G;A18798T;C18823A;C18828A;A18868C,ORF1b:D1758E;ORF1b:V1760V;ORF1b:Q1770E;ORF1b:L1777L;ORF1b:Q1786K;ORF1b:V1787V;ORF1b:T1801P,46,3456,0.0133101851851851,0,
2262026,BA.2_0.03_abundance_0.03,T19025G;C19097G;T19139G,ORF1b:L1853R;ORF1b:A1877G;ORF1b:F1891C,11,500,0.022,0,
2262026,BA.2_0.03_abundance_0.03,T21702C;G21987A,S:V47A;S:G142D,51,800,0.06375,47,BA.2.75:1;BA.2.12.1:1;B.1.1.529:1;BA.4.6.5:1;BQ.1.13:1;BA.5.1:6;AY.44:4;BF.5:5;AY.20:4;AY.25.1:1;BA.5.2.1:3;AY.43:2;BA.2:4;BA.2.38:1;AY.25:2;AY.4:1;BA.5.6:4;BA.1.1:1;AY.118:1;BA.5.2.8:1;AY.122:1;AY.119:1
2262026,BA.2_0.03_abundance_0.03,T21702C;G21746A;G21987A,S:V47A;S:V62I;S:G142D,13,800,0.01625,0,
2262026,BA.2_0.03_abundance_0.03,C21707A;C21762A;C21840T;T21841G;T21842G;A21865C;A21875T;C21903G;T21940A;G21950T;G21987A,S:H49N;S:A67D;S:A93V;S:A93A;S:S94A;S:I101I;S:I105F;S:T114S;S:V126V;S:V130F;S:G142D,14,804,0.017412935323383,0,
2262026,BA.2_0.03_abundance_0.03,G21746A;G21793A;G21987A,S:V62I;S:K77K;S:G142D,12,805,0.0149068322981366,2,AY.122:2
2262026,BA.2_0.03_abundance_0.03,T22175A;T22200G,S:S205T;S:V213G,5,449,0.0111358574610244,2,BA.2.10:2
2262026,BA.2_0.03_abundance_0.03,T22175A;T22200G;A22301T,S:S205T;S:V213G;S:S247C,13,314,0.0414012738853503,0,
2262026,BA.2_0.03_abundance_0.03,T22200G;A22301T,S:V213G;S:S247C,193,314,0.6146496815286624,2,BA.2.74:1;BA.2:1
2262026,BA.2_0.03_abundance_0.03,T22200G;A22234C,S:V213G;S:E224D,27,425,0.0635294117647058,0,
2262026,BA.2_0.03_abundance_0.03,T22200G;A22234C;A22301T,S:V213G;S:E224D;S:S247C,33,314,0.1050955414012738,0,
2262026,BA.2_0.03_abundance_0.03,T22619A;C22674T;T22679C;C22686T;A22688G;G22775A;A22810G,S:W353R;S:S371F;S:S373P;S:S375F;S:T376A;S:D405N;S:G416G,10,135,0.074074074074074,0,
2262026,BA.2_0.03_abundance_0.03,T22619A;C22674T;T22679C;C22686T;A22688G;G22775A,S:W353R;S:S371F;S:S373P;S:S375F;S:T376A;S:D405N,25,135,0.1851851851851851,10,BF.7.6:1;BA.2.38.2:1;BA.2:5;BA.2.38:3
2262026,BA.2_0.03_abundance_0.03,C22674T;T22679C;C22686T;A22688G;G22775A;A22810G,S:S371F;S:S373P;S:S375F;S:T376A;S:D405N;S:G416G,20,135,0.1481481481481481,72,BA.2:40;BA.5.5:2;BF.13:2;BF.5:6;BA.2.9:8;BA.5.2:2;BA.2.12.1:1;BA.2.36:2;BA.5.2.1:3;BA.4.1:1;BQ.1.1.14:1;BQ.1.23:1;BA.2.38:1;BF.1:1;BQ.1.1.6:1
2262026,BA.2_0.03_abundance_0.03,C22674T;T22679C;C22686T;A22688G;G22775A;A22788C,S:S371F;S:S373P;S:S375F;S:T376A;S:D405N;S:Q409P,9,135,0.0666666666666666,0,
2262026,BA.2_0.03_abundance_0.03,T23189C;A23232C;T23287A;A23305C;C23327G;T23338A;G23340C;A23379T;A23403G;T23421C;G23438C;C23439G;A23445T;A23446C,S:F543L;S:K557T;S:A575A;S:T581T;S:P589A;S:F592L;S:G593A;S:N606I;S:D614G;S:V620A;S:A626P;S:A626G;S:Q628L;S:Q628H,50,2476,0.0201938610662358,0,
2262026,BA.2_0.03_abundance_0.03,T23599G;C23604A;A23708T,S:N679K;S:P681H;S:T716S,190,1060,0.1792452830188679,13,BQ.1.1:4;BQ.1.13:3;BA.5.5:1;BA.1.1:1;BA.2.12.1:1;BA.2:1;BA.5.1:2
2262026,BA.2_0.03_abundance_0.03,A24344C;A24424T,S:N928H;S:Q954H,89,149,0.5973154362416108,0,
2262026,BA.2_0.03_abundance_0.03,A24424T;G24690A,S:Q954H;S:C1043Y,8,13,0.6153846153846154,0,
2262026,BA.2_0.03_abundance_0.03,A24791C;C24792A;C24909A;T24929A;T24946G;A24952G;C25000T;T25001G,S:T1077P;S:T1077N;S:T1116N;S:S1123T;S:V1128V;S:I1130M;S:D1146D;S:S1147A,43,2136,0.020131086142322,0,
2262026,BA.2_0.03_abundance_0.03,C25000T;T25001G,S:D1146D;S:S1147A,137,2137,0.0641085634066448,14,BA.5.2.1:2;BF.5:2;BA.2:3;BA.5.1:1;BA.1.1:2;BA.2.9:1;BA.1:3
2262026,BA.2_0.03_abundance_0.03,T25370G;C25584T,S:L1270V;ORF3a:T64T,139,2609,0.0532771176696052,5,BA.2:2;BA.5.3.1:3
2262026,BA.2_0.03_abundance_0.03,C26270T;T26324G;C26340A;T26342C;A26358T;C26370A,E:T9I;E:L27W;E:A32A;E:I33T;E:R38R;E:Y42*,14,688,0.0203488372093023,0,
2262026,BA.2_0.03_abundance_0.03,C26577G;G26709A;T26717C;C26858T,M:Q19E;M:A63T;M:F65F;M:F112F,957,2107,0.4542002847650688,12,BA.2:3;BA.2.10:2;BA.2.12.1:2;BA.2.9:4;BA.2.76:1
2262026,BA.2_0.03_abundance_0.03,C26577G;G26709A;T26717C,M:Q19E;M:A63T;M:F65F,168,2416,0.0695364238410596,35,BA.5.2.1:12;BA.2:3;BQ.1.1:2;BA.2.10:2;BA.2.12.1:2;BA.5.2:3;BF.10:1;BA.2.9:4;BQ.1.11:1;BA.1.1.2:2;BE.3:1;BA.2.76:1;BA.1.1:1
2262026,BA.2_0.03_abundance_0.03,C26577G;C26642G;T26677A;A26702G;G26709A;T26717C;T26723C;G26727A;T26756G;C26768G;T26819G;C26845A;C26858T;A26874C,M:Q19E;M:A40A;M:I52N;M:V60V;M:A63T;M:F65F;M:L67L;M:A69T;M:G78G;M:I82M;M:S99S;M:S108Y;M:F112F;M:I118L,15,951,0.0157728706624605,0,
2262026,BA.2_0.03_abundance_0.03,C26577G;C26642G;T26677A;A26702G;G26709A;T26723C;G26727A;T26756G;C26768G;T26819G;C26845A;C26858T;A26874C,M:Q19E;M:A40A;M:I52N;M:V60V;M:A63T;M:L67L;M:A69T;M:G78G;M:I82M;M:S99S;M:S108Y;M:F112F;M:I118L,11,951,0.0115667718191377,0,
2262026,BA.2_0.03_abundance_0.03,T27178A;A27187T;G27217A;A27234C;T27251G;A27259C;A27302G;A27313T;T27319G;G27366T;A27383T;T27384C;C27416G;A27417G;A27477C,M:L219*;M:Q222L;ORF6:D6N;ORF6:I11I;ORF6:I17S;ORF6:R20R;ORF6:N34S;ORF6:K38*;ORF6:L40V;ORF6:E55D;ORF6:D61V;ORF6:D61D;ORF7a:A8G;ORF7a:A8A;ORF7a:T28T,17,1120,0.0151785714285714,0,
2262026,BA.2_0.03_abundance_0.03,A27187T;G27217A;A27234C;T27251G;A27259C;A27302G;A27313T;T27319G;G27366T;A27383T;T27384C;C27416G;A27417G;A27477C,M:Q222L;ORF6:D6N;ORF6:I11I;ORF6:I17S;ORF6:R20R;ORF6:N34S;ORF6:K38*;ORF6:L40V;ORF6:E55D;ORF6:D61V;ORF6:D61D;ORF7a:A8G;ORF7a:A8A;ORF7a:T28T,30,2641,0.0113593335857629,0,
2262026,BA.2_0.03_abundance_0.03,A27259C;T27356A;A27383T;T27384C,ORF6:R20R;ORF6:L52*;ORF6:D61V;ORF6:D61D,325,2798,0.1161543959971408,1,BA.2:1
2262026,BA.2_0.03_abundance_0.03,A27259C;A27383T;T27384C;T27460G,ORF6:R20R;ORF6:D61V;ORF6:D61D;ORF7a:C23G,61,2788,0.0218794835007173,1,BA.2:1
2262026,BA.2_0.03_abundance_0.03,A28126C;G28178T;C28205A;T28206A;C28311T;G28325T;C28377T;A28387C,ORF8:N78T;ORF8:L95F;ORF8:F104L;ORF8:Y105N;N:P13L;N:G18C;N:A35V;N:K38N,42,2082,0.0201729106628242,0,
2262026,BA.2_0.03_abundance_0.03,A28802T;G28881A;G28882A;G28883C,N:R177*;N:R203K;N:R203R;N:G204R,42,99,0.4242424242424242,1,BA.2:1
2262026,BA.2_0.03_abundance_0.03,C29045G;A29078C;G29135A;A29168G;C29198G;C29211G;A29237T;G29240A;G29262T;C29268G;T29308G,N:P258A;N:N269H;N:D288N;N:K299E;N:P309A;N:A313G;N:M322L;N:E323K;N:W330L;N:T332S;N:N345K,53,2889,0.0183454482519903,0,
2262026,BA.2_0.03_abundance_0.03,T29410G;A29510C,N:T379T;N:S413R,85,239,0.3556485355648535,63,BA.4.6:16;BA.2.12.1:5;BA.5.2.1:4;BA.2.3.2:1;BA.5.1.23:3;BA.5.1:15;BA.2.75:4;BA.5.5:1;BA.5.2:2;BA.2:5;BA.2.9:4;BE.1.2:2;BQ.1:1
2262026,BA.2_0.03_abundance_0.03,T29410G;A29510C;T29568G,N:T379T;N:S413R;ORF10:I4R,8,221,0.0361990950226244,0,
2262026,BA.2_0.03_abundance_0.03,A29510C;T29568G,N:S413R;ORF10:I4R,8,221,0.0361990950226244,6,BA.2.12.1:1;BA.5.2.7:1;BA.2.3:3;BF.3:1
3052026,BA.2_0.03_abundance_0.03,T276C;C366T;T369G,ORF1a:L4P;ORF1a:S34F;ORF1a:V35G,8,250,0.032,0,
3052026,BA.2_0.03_abundance_0.03,C366T;T369G;C379T;A481T;C494G;A535T;T559G;A624C;A650C;T661A;T670G,ORF1a:S34F;ORF1a:V35G;ORF1a:V38V;ORF1a:K72N;ORF1a:R77G;ORF1a:A90A;ORF1a:G98G;ORF1a:K120T;ORF1a:K129Q;ORF1a:G132G;ORF1a:S135R,72,3267,0.0220385674931129,0,
3052026,BA.2_0.03_abundance_0.03,G599A;T670G,ORF1a:G112S;ORF1a:S135R,75,3277,0.022886786695148,896,BA.5.1.18:1;BA.5.2.21:41;BA.5.2.1:139;BA.5.8:4;BA.2.3:14;BA.5.1:33;CJ.1:1;BA.5.6:1;BF.7:75;BA.2.9:12;BA.5.1.6:2;BA.5.3.2:5;BF.5:3;BA.2:153;BA.2.75.5:1;BA.5.2.32:14;BA.5.2.20:3;BE.4.1:2;BQ.1.3:11;BA.2.12.1:19;BF.2:14;BQ.1.1.7:18;BA.5.2:88;BA.2.3.2:1;BA.5.2.28:2;BA.5.9:7;BA.2.76:8;BA.4.6:9;BA.5.1.10:3;BQ.1.1:22;BA.5:8;BA.5.1.12:1;BE.1.1:7;BF.8:4;BA.2.10:8;BA.2.12:8;BA.5.2.9:46;DF.1:4;BQ.1.26:2;BA.2.75:14;BA.5.1.30:3;BK.1:1;BA.5.1.23:1;BQ.1.1.22:10;BA.5.2.7:1;BA.5.2.18:3;BA.5.5:4;BA.5.2.12:2;BA.2.21:1;BA.5.6.1:1;BA.5.2.6:4;BA.2.31:3;BF.26:1;BF.10:6;BA.2.3.13:2;BE.1.2:2;BA.2.51:5;BA.5.1.22:5;BF.16:1;BQ.1:4;BE.1:2;BA.4.4:1;BF.6:1;BA.4.1:1;BA.5.1.25:2;CP.3:1;BA.5.2.34:2;XBB:1;BA.5.2.26:1;BQ.1.1.5:2;BE.4:1;BQ.1.1.25:3;BQ.1.1.10:1;BF.3:1;CH.1.1:1;BE.1.1.1:1;BF.7.4:1;BQ.1.1.18:3;BA.2.75.3:1;BQ.1.1.20:1
3052026,BA.2_0.03_abundance_0.03,T670G;T826A;T838G,ORF1a:S135R;ORF1a:D187E;ORF1a:C191W,19,328,0.0579268292682926,0,
3052026,BA.2_0.03_abundance_0.03,T670G;T826A,ORF1a:S135R;ORF1a:D187E,135,328,0.4115853658536585,0,
3052026,BA.2_0.03_abundance_0.03,T670G;T826A;G942A,ORF1a:S135R;ORF1a:D187E;ORF1a:R226K,35,306,0.1143790849673202,0,
3052026,BA.2_0.03_abundance_0.03,T670G;T838G,ORF1a:S135R;ORF1a:C191W,7,328,0.0213414634146341,0,
3052026,BA.2_0.03_abundance_0.03,T670G;C745T;T826A,ORF1a:S135R;ORF1a:N160N;ORF1a:D187E,12,328,0.0365853658536585,0,
3052026,BA.2_0.03_abundance_0.03,T670G;T826A;T877G,ORF1a:S135R;ORF1a:D187E;ORF1a:L204L,6,328,0.0182926829268292,0,
3052026,BA.2_0.03_abundance_0.03,C745T;T826A,ORF1a:N160N;ORF1a:D187E,114,2916,0.0390946502057613,0,
3052026,BA.2_0.03_abundance_0.03,C745T;T826A;G942A,ORF1a:N160N;ORF1a:D187E;ORF1a:R226K,41,2712,0.0151179941002949,0,
3052026,BA.2_0.03_abundance_0.03,T826A;T838G,ORF1a:D187E;ORF1a:C191W,97,2916,0.0332647462277091,0,
3052026,BA.2_0.03_abundance_0.03,T826A;G942A,ORF1a:D187E;ORF1a:R226K,313,2712,0.1154129793510324,0,
3052026,BA.2_0.03_abundance_0.03,T826A;T877G,ORF1a:D187E;ORF1a:L204L,34,2916,0.0116598079561042,0,
3052026,BA.2_0.03_abundance_0.03,T826A;T838G;G942A,ORF1a:D187E;ORF1a:C191W;ORF1a:R226K,43,2712,0.0158554572271386,0,
3052026,BA.2_0.03_abundance_0.03,C1026A;C1057G;T1081G;T1116A;A1133C;T1199C;C1201A;A1230C;A1249G;A1278C,ORF1a:P254H;ORF1a:D264E;ORF1a:N272K;ORF1a:I284N;ORF1a:K290Q;ORF1a:C312R;ORF1a:C312*;ORF1a:K322T;ORF1a:E328E;ORF1a:K338T,79,2834,0.0278757939308398,0,
3052026,BA.2_0.03_abundance_0.03,C1616T;T1654A;G1655T;A1810G;C1825G;G1855A;C1889T,ORF1a:L451F;ORF1a:I463I;ORF1a:V464F;ORF1a:K515K;ORF1a:A520A;ORF1a:L530L;ORF1a:R542C,31,1208,0.0256622516556291,0,
3052026,BA.2_0.03_abundance_0.03,C2262G;G2265C;A2342C;A2380T,ORF1a:T666S;ORF1a:C667S;ORF1a:I693L;ORF1a:L705F,7,191,0.0366492146596858,0,
3052026,BA.2_0.03_abundance_0.03,C2892T;T2963A;C2976G;A2994T;A3003G;C3037T;T3055A;A3063T,ORF1a:A876V;ORF1a:W900R;ORF1a:T904R;ORF1a:E910V;ORF1a:E913G;ORF1a:F924F;ORF1a:D930E;ORF1a:E933V,6,204,0.0294117647058823,0,
3052026,BA.2_0.03_abundance_0.03,T3199G;A3238C,ORF1a:D978E;ORF1a:Q991H,6,591,0.0101522842639593,0,
3052026,BA.2_0.03_abundance_0.03,A3235G;C3315G;G3323C;A3327T;A3332T;G3371A;G3392A;A3396G,ORF1a:Q990Q;ORF1a:T1017R;ORF1a:V1020L;ORF1a:Q1021L;ORF1a:I1023F;ORF1a:D1036N;ORF1a:A1043T;ORF1a:D1044G,10,555,0.018018018018018,0,
3052026,BA.2_0.03_abundance_0.03,T3877G;A3887C;A3904C;T3968G;A4015C;A4044G,ORF1a:A1204A;ORF1a:K1208Q;ORF1a:P1213P;ORF1a:C1235G;ORF1a:T1250T;ORF1a:N1260S,25,887,0.0281848928974069,0,
3052026,BA.2_0.03_abundance_0.03,G4678C;T4693G;C4716T;A4731T;T4738A;T4771G,ORF1a:V1471V;ORF1a:S1476S;ORF1a:T1484I;ORF1a:Y1489F;ORF1a:T1491T;ORF1a:I1502M,14,563,0.0248667850799289,0,
3052026,BA.2_0.03_abundance_0.03,C4820G;C4886T,ORF1a:Q1519E;ORF1a:P1541S,10,544,0.0183823529411764,0,
3052026,BA.2_0.03_abundance_0.03,G6220T;C6286A;A6332T;C6363G;A6375C;A6400G;G6413A,ORF1a:L1985F;ORF1a:T2007T;ORF1a:N2023Y;ORF1a:A2033G;ORF1a:D2037A;ORF1a:K2045K;ORF1a:E2050K,12,398,0.0301507537688442,0,
3052026,BA.2_0.03_abundance_0.03,G8018T;A8020T;T8038C;A8087T;T8119C;A8122T;A8159C;G8183T;A8211G;A8223T;A8241T;A8298G,ORF1a:E2585*;ORF1a:E2585D;ORF1a:F2591F;ORF1a:K2608*;ORF1a:A2618A;ORF1a:E2619D;ORF1a:T2632P;ORF1a:G2640W;ORF1a:K2649R;ORF1a:E2653V;ORF1a:H2659L;ORF1a:N2678S,20,406,0.0492610837438423,0,
3052026,BA.2_0.03_abundance_0.03,G8018T;A8020T;T8038C;A8087T;T8119C;A8122T;A8159C;G8183T;A8211G;A8223T;A8241T,ORF1a:E2585*;ORF1a:E2585D;ORF1a:F2591F;ORF1a:K2608*;ORF1a:A2618A;ORF1a:E2619D;ORF1a:T2632P;ORF1a:G2640W;ORF1a:K2649R;ORF1a:E2653V;ORF1a:H2659L,11,589,0.0186757215619694,0,
3052026,BA.2_0.03_abundance_0.03,A8298G;G8404C;T8431C;A8446C;A8474C;A8475G;T8569G;G8591T,ORF1a:N2678S;ORF1a:W2713C;ORF1a:S2722S;ORF1a:K2727N;ORF1a:N2737H;ORF1a:N2737S;ORF1a:N2768K;ORF1a:V2776F,20,579,0.0345423143350604,0,
3052026,BA.2_0.03_abundance_0.03,G8952C;G9003A,ORF1a:C2896S;ORF1a:C2913Y,28,835,0.0335329341317365,0,
3052026,BA.2_0.03_abundance_0.03,T8978G;G8999A;G9014C;G9035C;G9063C;G9083C,ORF1a:Y2905D;ORF1a:A2912T;ORF1a:A2917P;ORF1a:D2924H;ORF1a:C2933S;ORF1a:E2940Q,14,835,0.0167664670658682,0,
3052026,BA.2_0.03_abundance_0.03,A9291C;C9344T;A9424G;C9534T,ORF1a:D3009A;ORF1a:L3027F;ORF1a:V3053V;ORF1a:T3090I,55,84,0.6547619047619048,724,BF.11:11;BA.2.9:616;BA.2:37;BQ.1.1:8;XBB.1.5:1;BA.2.9.5:36;BA.4.1:1;BA.5.2.1:3;XBB.3:2;BA.5.2:1;BA.2.10:1;BA.2.12.1:1;BA.2.9.3:2;BF.26:1;BA.5.1:2;BA.2.3:1
3052026,BA.2_0.03_abundance_0.03,A9291C;C9344T;A9424G,ORF1a:D3009A;ORF1a:L3027F;ORF1a:V3053V,5,92,0.0543478260869565,726,BF.11:11;BA.2.9:617;BA.2:38;BQ.1.1:8;XBB.1.5:1;BA.2.9.5:36;BA.4.1:1;BA.5.2.1:3;XBB.3:2;BA.5.2:1;BA.2.10:1;BA.2.12.1:1;BA.2.9.3:2;BF.26:1;BA.5.1:2;BA.2.3:1
3052026,BA.2_0.03_abundance_0.03,T9513A;C9534T;T9540C;C9745A;A9760T,ORF1a:L3083*;ORF1a:T3090I;ORF1a:L3092P;ORF1a:Y3160*;ORF1a:V3165V,9,465,0.0193548387096774,0,
3052026,BA.2_0.03_abundance_0.03,C9534T;A9656G,ORF1a:T3090I;ORF1a:M3131V,375,1302,0.2880184331797235,10,XBB.3:1;BE.1.1:2;BA.5.2:3;BQ.1.1.8:1;BA.5.1.10:1;BA.2:1;BE.1.1.2:1
3052026,BA.2_0.03_abundance_0.03,C9534T;T9540C;C9745A;A9760T,ORF1a:T3090I;ORF1a:L3092P;ORF1a:Y3160*;ORF1a:V3165V,19,1213,0.0156636438582028,0,
3052026,BA.2_0.03_abundance_0.03,A10760G;A10767G;T10769G;A10781G;A10884T;C10969G;G10986A,ORF1a:K3499E;ORF1a:N3501S;ORF1a:Y3502D;ORF1a:T3506A;ORF1a:N3540I;ORF1a:F3568L;ORF1a:R3574K,16,485,0.0329896907216494,0,
3052026,BA.2_0.03_abundance_0.03,A11041T;T11045A;C11060G;T11137C;C11152T;T11180G;G11198T;C11208G;G11222A;A11237T;A11270T;G11312T,ORF1a:L3592F;ORF1a:L3594I;ORF1a:Q3599E;ORF1a:F3624F;ORF1a:V3629V;ORF1a:F3639V;ORF1a:A3645S;ORF1a:A3648G;ORF1a:V3653I;ORF1a:S3658C;ORF1a:M3669L;ORF1a:V3683F,26,664,0.0391566265060241,0,
3052026,BA.2_0.03_abundance_0.03,T11619A;T11638A;T11675G;C11685G;T11705C;T11725C;A11841T;T11864A,ORF1a:F3785Y;ORF1a:T3791T;ORF1a:F3804V;ORF1a:T3807S;ORF1a:L3814L;ORF1a:F3820F;ORF1a:Q3859L;ORF1a:C3867S,25,718,0.0348189415041782,0,
3052026,BA.2_0.03_abundance_0.03,T11918G;C11967G;T12017C;G12019A;C12029T;C12084G;T12109C;G12131T;T12204C,ORF1a:S3885A;ORF1a:A3901G;ORF1a:L3918L;ORF1a:L3918L;ORF1a:Q3922*;ORF1a:T3940S;ORF1a:F3948F;ORF1a:A3956S;ORF1a:L3980S,42,2952,0.0142276422764227,0,
3052026,BA.2_0.03_abundance_0.03,T11918G;C11967G;T12017C;G12019A;C12029T;C12084G;T12109C;G12131T;T12204C;A12207G,ORF1a:S3885A;ORF1a:A3901G;ORF1a:L3918L;ORF1a:L3918L;ORF1a:Q3922*;ORF1a:T3940S;ORF1a:F3948F;ORF1a:A3956S;ORF1a:L3980S;ORF1a:K3981R,30,2805,0.0106951871657754,0,
3052026,BA.2_0.03_abundance_0.03,G12070A;A12207G,ORF1a:L3935L;ORF1a:K3981R,42,3839,0.0109403490492315,0,
3052026,BA.2_0.03_abundance_0.03,T12204C;A12250G;A12272G;A12306C;A12307T;G12311A;A12337T;G12373C;T12375A;A12397G;G12419T,ORF1a:L3980S;ORF1a:A3995A;ORF1a:K4003E;ORF1a:K4014T;ORF1a:K4014N;ORF1a:A4016T;ORF1a:K4024N;ORF1a:M4036I;ORF1a:L4037H;ORF1a:A4044A;ORF1a:A4052S,18,1052,0.0171102661596958,0,
3052026,BA.2_0.03_abundance_0.03,T12204C;A12207G;A12250G;A12272G;A12306C;A12307T;G12311A;A12337T;G12373C;T12375A;A12397G;G12419T,ORF1a:L3980S;ORF1a:K3981R;ORF1a:A3995A;ORF1a:K4003E;ORF1a:K4014T;ORF1a:K4014N;ORF1a:A4016T;ORF1a:K4024N;ORF1a:M4036I;ORF1a:L4037H;ORF1a:A4044A;ORF1a:A4052S,18,1052,0.0171102661596958,0,
3052026,BA.2_0.03_abundance_0.03,T12771G;A12782C;A12800C;C12809A;C12830A;T12856G;T12874A;C12880T;A12898G;A12936C;A12951T;A12960C;A12977T;G12989A;C13047G,ORF1a:L4169*;ORF1a:N4173H;ORF1a:R4179R;ORF1a:L4182I;ORF1a:Q4189K;ORF1a:P4197P;ORF1a:G4203G;ORF1a:I4205I;ORF1a:P4211P;ORF1a:K4224T;ORF1a:Y4229F;ORF1a:K4232T;ORF1a:N4238Y;ORF1a:V4242I;ORF1a:P4261R,35,1318,0.0265553869499241,0,
3052026,BA.2_0.03_abundance_0.03,C12880T;C12919A,ORF1a:I4205I;ORF1a:D4218E,57,1648,0.0345873786407767,154,BA.2.75:76;BA.5.1:58;BA.5.2:6;BA.2:2;BA.2.12.1:1;BA.5.2.1:5;BY.1:2;BA.2.3:1;BA.5.2.28:1;BA.2.75.3:1;BQ.1.1:1
3052026,BA.2_0.03_abundance_0.03,C13047G;C13130G;A13204C;T13227C;C13236T;T13241C;G13293A;A13300T;T13331A,ORF1a:P4261R;ORF1a:Q4289E;ORF1a:E4313D;ORF1a:F4321S;ORF1a:A4324V;ORF1a:C4326R;ORF1a:C4343Y;ORF1a:L4345F;ORF1a:C4356S,77,2462,0.0312753858651502,0,
3052026,BA.2_0.03_abundance_0.03,C14006A;T14042G;T14064C;T14082G;A14107T;C14114A;C14115A;T14132C;T14152C;A14205G;T14238A;G14260T,ORF1b:T180K;ORF1b:I192S;ORF1b:D199D;ORF1b:G205G;ORF1b:I214L;ORF1b:T216N;ORF1b:T216T;ORF1b:V222A;ORF1b:Y229H;ORF1b:S246S;ORF1b:I257I;ORF1b:D265Y,5,408,0.0122549019607843,0,
3052026,BA.2_0.03_abundance_0.03,C14006A;T14042G;T14064C;T14082G;A14107T;C14114A;C14115A;T14132C;T14152C;A14205G;T14238A,ORF1b:T180K;ORF1b:I192S;ORF1b:D199D;ORF1b:G205G;ORF1b:I214L;ORF1b:T216N;ORF1b:T216T;ORF1b:V222A;ORF1b:Y229H;ORF1b:S246S;ORF1b:I257I,11,919,0.0119695321001088,0,
3052026,BA.2_0.03_abundance_0.03,C14006A;T14042G;T14064C;T14082G;A14107T;C14114A;C14115A;T14132C;T14152C;C14156A;A14205G;T14238A;G14260T,ORF1b:T180K;ORF1b:I192S;ORF1b:D199D;ORF1b:G205G;ORF1b:I214L;ORF1b:T216N;ORF1b:T216T;ORF1b:V222A;ORF1b:Y229H;ORF1b:S230*;ORF1b:S246S;ORF1b:I257I;ORF1b:D265Y,6,408,0.0147058823529411,0,
3052026,BA.2_0.03_abundance_0.03,T14238A;G14260T;A14302G;C14318A;A14339G;A14355G;C14408T;T14418C;A14457T;T14543C;A14550G,ORF1b:I257I;ORF1b:D265Y;ORF1b:K279E;ORF1b:T284K;ORF1b:N291S;ORF1b:R296R;ORF1b:P314L;ORF1b:F317F;ORF1b:P330P;ORF1b:F359S;ORF1b:E361E,6,174,0.0344827586206896,0,
3052026,BA.2_0.03_abundance_0.03,G14260T;A14302G;C14318A;A14339G;A14355G;C14408T;T14418C;A14457T;T14543C;A14550G,ORF1b:D265Y;ORF1b:K279E;ORF1b:T284K;ORF1b:N291S;ORF1b:R296R;ORF1b:P314L;ORF1b:F317F;ORF1b:P330P;ORF1b:F359S;ORF1b:E361E,24,892,0.0269058295964125,0,
3052026,BA.2_0.03_abundance_0.03,T14952C;A15130C,ORF1b:F495F;ORF1b:S555R,12,566,0.0212014134275618,0,
3052026,BA.2_0.03_abundance_0.03,T15560G;A15582C;T15584C;A15626T;T15686G;C15714T;T15733C;G15760T;T15817A,ORF1b:L698R;ORF1b:K705N;ORF1b:I706T;ORF1b:E720V;ORF1b:L740W;ORF1b:L749L;ORF1b:C756R;ORF1b:G765C;ORF1b:F784I,59,4698,0.0125585355470412,0,
3052026,BA.2_0.03_abundance_0.03,T15560G;A15582C;T15584C;A15626T;T15686G;C15714T;T15733C;G15760T;T15817A;G15850A,ORF1b:L698R;ORF1b:K705N;ORF1b:I706T;ORF1b:E720V;ORF1b:L740W;ORF1b:L749L;ORF1b:C756R;ORF1b:G765C;ORF1b:F784I;ORF1b:D795N,23,1079,0.0213160333642261,0,
3052026,BA.2_0.03_abundance_0.03,C15714T;G15760T,ORF1b:L749L;ORF1b:G765C,2656,4725,0.5621164021164021,28,BQ.1.1.22:3;BA.4.1:1;BA.2:5;BA.5.1:8;BF.12:1;BA.5.2.1:1;AY.38:2;BA.2.3:5;BF.21:1;BF.28:1
3052026,BA.2_0.03_abundance_0.03,C15714T;G15761C,ORF1b:L749L;ORF1b:G765A,159,4725,0.0336507936507936,0,
3052026,BA.2_0.03_abundance_0.03,C15714T;G15760T;G15761C,ORF1b:L749L;ORF1b:G765C;ORF1b:G765A,286,4725,0.0605291005291005,0,
3052026,BA.2_0.03_abundance_0.03,T15880C;T15953A;T16023G;T16024C;T16025G;C16028T;G16075A;T16154G;T16161G,ORF1b:S805P;ORF1b:L829Q;ORF1b:S852S;ORF1b:L853L;ORF1b:L853*;ORF1b:A854V;ORF1b:D870N;ORF1b:V896G;ORF1b:L898L,39,1552,0.0251288659793814,0,
3052026,BA.2_0.03_abundance_0.03,C15904A;G15961C,ORF1b:Q813K;ORF1b:G832R,39,1997,0.0195292939409113,0,
3052026,BA.2_0.03_abundance_0.03,T16154G;T16161G;C16234T;C16247G;T16287C;A16318C;A16341C;T16366A;C16394A,ORF1b:V896G;ORF1b:L898L;ORF1b:Q923*;ORF1b:A927G;ORF1b:G940G;ORF1b:K951Q;ORF1b:I958I;ORF1b:S967T;ORF1b:P976Q,8,265,0.030188679245283,0,
3052026,BA.2_0.03_abundance_0.03,C16234T;C16247G;T16287C;A16318C;A16341C;T16366A;C16394A,ORF1b:Q923*;ORF1b:A927G;ORF1b:G940G;ORF1b:K951Q;ORF1b:I958I;ORF1b:S967T;ORF1b:P976Q,9,701,0.0128388017118402,0,
3052026,BA.2_0.03_abundance_0.03,T16796A;T16860G;T17016A;C17069G;C17077G,ORF1b:V1110E;ORF1b:A1131A;ORF1b:D1183E;ORF1b:S1201C;ORF1b:Q1204E,38,2078,0.0182868142444658,0,
3052026,BA.2_0.03_abundance_0.03,T16796A;G16853C;T16860G;T17016A;C17069G;C17077G,ORF1b:V1110E;ORF1b:G1129A;ORF1b:A1131A;ORF1b:D1183E;ORF1b:S1201C;ORF1b:Q1204E,22,2078,0.0105871029836381,0,
3052026,BA.2_0.03_abundance_0.03,C16848A;G16853C,ORF1b:D1127E;ORF1b:G1129A,66,2221,0.029716343989194,0,
3052026,BA.2_0.03_abundance_0.03,G16853C;A16994T,ORF1b:G1129A;ORF1b:Y1176F,58,2076,0.0279383429672447,0,
3052026,BA.2_0.03_abundance_0.03,G16853C;C17002G,ORF1b:G1129A;ORF1b:L1179V,33,2081,0.015857760691975,0,
3052026,BA.2_0.03_abundance_0.03,T17305G;C17410T,ORF1b:F1280V;ORF1b:R1315C,509,2581,0.1972103835722588,1,BA.5.1.2:1
3052026,BA.2_0.03_abundance_0.03,T17305G;A17317C;C17410T,ORF1b:F1280V;ORF1b:N1284H;ORF1b:R1315C,405,2581,0.1569159240604417,0,
3052026,BA.2_0.03_abundance_0.03,T17305G;A17317C,ORF1b:F1280V;ORF1b:N1284H,241,3958,0.0608893380495199,0,
3052026,BA.2_0.03_abundance_0.03,A17317C;C17410T,ORF1b:N1284H;ORF1b:R1315C,780,2581,0.3022084463386284,0,
3052026,BA.2_0.03_abundance_0.03,C17410T;A17431G;A17477C;A17482G;C17483A;A17515G;A17542C;C17555T;A17576C;T17582C,ORF1b:R1315C;ORF1b:I1322V;ORF1b:K1337T;ORF1b:T1339A;ORF1b:T1339K;ORF1b:R1350G;ORF1b:M1359L;ORF1b:T1363I;ORF1b:E1370A;ORF1b:V1372A,5,166,0.0301204819277108,0,
3052026,BA.2_0.03_abundance_0.03,A17431G;A17477C;A17482G;C17483A;A17515G;A17542C;C17555T;A17576C;T17582C,ORF1b:I1322V;ORF1b:K1337T;ORF1b:T1339A;ORF1b:T1339K;ORF1b:R1350G;ORF1b:M1359L;ORF1b:T1363I;ORF1b:E1370A;ORF1b:V1372A,44,1308,0.0336391437308868,0,
3052026,BA.2_0.03_abundance_0.03,T18371G;C18461G,ORF1b:F1635C;ORF1b:P1665R,69,519,0.1329479768786127,0,
3052026,BA.2_0.03_abundance_0.03,G18627C;T18741A;C18747T;C18775G;A18798T;C18823A;C18828A;A18868C,ORF1b:K1720N;ORF1b:D1758E;ORF1b:V1760V;ORF1b:Q1770E;ORF1b:L1777L;ORF1b:Q1786K;ORF1b:V1787V;ORF1b:T1801P,11,512,0.021484375,0,
3052026,BA.2_0.03_abundance_0.03,A18722C;G18838A,ORF1b:H1752P;ORF1b:A1791T,142,3274,0.0433720219914477,0,
3052026,BA.2_0.03_abundance_0.03,T18741A;C18747T;C18775G;A18798T;C18823A;C18828A;A18868C,ORF1b:D1758E;ORF1b:V1760V;ORF1b:Q1770E;ORF1b:L1777L;ORF1b:Q1786K;ORF1b:V1787V;ORF1b:T1801P,68,3044,0.0223390275952693,0,
3052026,BA.2_0.03_abundance_0.03,T20866G;T21125C,ORF1b:F2467V;ORF1b:F2553S,11,794,0.0138539042821158,0,
3052026,BA.2_0.03_abundance_0.03,C21707A;G21746C;C21762A;C21840T;T21841G;T21842G;A21865C;A21875T;C21903G;T21940A;G21950T;G21987A,S:H49N;S:V62L;S:A67D;S:A93V;S:A93A;S:S94A;S:I101I;S:I105F;S:T114S;S:V126V;S:V130F;S:G142D,11,776,0.0141752577319587,0,
3052026,BA.2_0.03_abundance_0.03,C21707A;C21741G;G21746C;C21762A;C21840T;T21841G;T21842G;A21865C;A21875T;C21903G;T21940A;G21950T;G21987A,S:H49N;S:S60C;S:V62L;S:A67D;S:A93V;S:A93A;S:S94A;S:I101I;S:I105F;S:T114S;S:V126V;S:V130F;S:G142D,17,776,0.0219072164948453,0,
3052026,BA.2_0.03_abundance_0.03,C21741G;G21987A,S:S60C;S:G142D,294,776,0.3788659793814433,76,AY.4.5:68;AY.100:2;B.1.617.2:2;AY.4:2;BA.5.2.1:1;BA.2:1
3052026,BA.2_0.03_abundance_0.03,C21741G;C21767T;G21987A,S:S60C;S:H69Y;S:G142D,28,776,0.0360824742268041,0,
3052026,BA.2_0.03_abundance_0.03,C22033G;T22200G,S:F157L;S:V213G,281,649,0.4329738058551617,19,BA.2.75:4;BA.5.8:4;BA.2.12.1:10;BA.2.22:1
3052026,BA.2_0.03_abundance_0.03,C22033G;T22092C;T22200G,S:F157L;S:M177T;S:V213G,14,649,0.0215716486902927,0,
3052026,BA.2_0.03_abundance_0.03,C23154G;T23189C;A23232C;T23287A;A23305C;C23327G;T23338A;G23340C;A23379T;A23403G;T23421C;G23438C;C23439G;A23445T;A23446C;G23465A;T23466C;T23479A,S:T531S;S:F543L;S:K557T;S:A575A;S:T581T;S:P589A;S:F592L;S:G593A;S:N606I;S:D614G;S:V620A;S:A626P;S:A626G;S:Q628L;S:Q628H;S:V635I;S:V635A;S:G639G,6,274,0.0218978102189781,0,
3052026,BA.2_0.03_abundance_0.03,T23189C;A23232C;T23287A;A23305C;C23327G;T23338A;G23340C;A23379T;A23403G;T23421C;G23438C;C23439G;A23445T;A23446C;G23465A;T23466C;T23479A,S:F543L;S:K557T;S:A575A;S:T581T;S:P589A;S:F592L;S:G593A;S:N606I;S:D614G;S:V620A;S:A626P;S:A626G;S:Q628L;S:Q628H;S:V635I;S:V635A;S:G639G,22,1525,0.0144262295081967,0,
3052026,BA.2_0.03_abundance_0.03,A23403G;C23413A,S:D614G;S:C617*,132,2194,0.0601640838650866,0,
3052026,BA.2_0.03_abundance_0.03,A23532G;T23599G;C23604A,S:N657S;S:N679K;S:P681H,27,236,0.1144067796610169,42,BA.1.15:1;BA.5.3.2:1;BA.5.2.32:1;BA.2.9:1;BA.1.17.2:3;BA.5.2:8;BA.2.75:7;BA.1.1:6;BA.1.1.12:2;BA.2:8;BA.5.5:2;BA.2.12.1:1;BQ.1:1
3052026,BA.2_0.03_abundance_0.03,G24124T;T24125A;G24234T;A24241G;A24248T;C24270T;A24273T;T24274A;G24291A;G24301C;A24302C;T24304G;A24321C;A24325G;A24336G;A24353C;T24379G;A24409G;G24416C;A24424T,S:K854N;S:F855I;S:G891V;S:A893A;S:I896L;S:A903V;S:Y904F;S:Y904*;S:G910E;S:Q913H;S:N914H;S:N914K;S:Q920P;S:K921K;S:N925S;S:I931L;S:S939S;S:Q949Q;S:V952L;S:Q954H,15,606,0.0247524752475247,0,
3052026,BA.2_0.03_abundance_0.03,A24260G;A24424T,S:M900V;S:Q954H,26,608,0.0427631578947368,1,BA.2:1
3052026,BA.2_0.03_abundance_0.03,C24748G;C25000T,S:F1062L;S:D1146D,66,1487,0.0443846671149966,3,BA.5.5:1;BF.5:1;BN.1.3:1
3052026,BA.2_0.03_abundance_0.03,A24791C;C24792A;C24909A;T24929A;T24946G;A24952G;C24990A;C25000T;T25001G,S:T1077P;S:T1077N;S:T1116N;S:S1123T;S:V1128V;S:I1130M;S:P1143H;S:D1146D;S:S1147A,39,1487,0.0262273032952252,0,
3052026,BA.2_0.03_abundance_0.03,G25364A;A25426G;T25434C;G25437A;C25487G;A25512G;T25520C;G25540A;T25557C;C25584T;G25593T;C25603T;T25604G;G25606C,S:V1268I;ORF3a:T12A;ORF3a:T14T;ORF3a:L15L;ORF3a:T32S;ORF3a:S40S;ORF3a:F43S;ORF3a:V50I;ORF3a:V55V;ORF3a:T64T;ORF3a:K67N;ORF3a:L71L;ORF3a:L71R;ORF3a:A72P,54,3029,0.0178276658963354,0,
3052026,BA.2_0.03_abundance_0.03,A25506C;C25584T,ORF3a:Q38H;ORF3a:T64T,129,3056,0.0422120418848167,112,BA.1.1.2:13;BA.2:50;BA.1:4;BF.1:1;BA.5.2.9:1;BA.1.1:6;BA.2.12.1:25;BA.5:1;BA.2.3.1:8;BA.5.2:2;BA.5.6.1:1
3052026,BA.2_0.03_abundance_0.03,T25542C;C25584T,ORF3a:V50V;ORF3a:T64T,383,3056,0.12532722513089,75,BF.7:10;BA.2:4;BA.1.15:15;BF.28:1;BA.5.1:3;BA.2.9:1;BA.1.1:13;BA.1:12;BQ.1:1;BE.1.1.2:2;BA.1.18:2;BA.5.2.1:1;BQ.1.2:1;BA.5.1.16:1;BF.10:1;BA.4:2;BA.4.1:1;XE:1;BF.5:1;BA.1.1.1:1;BA.2.12.1:1
3052026,BA.2_0.03_abundance_0.03,C26177A;C26270T,ORF3a:P262Q;E:T9I,14,42,0.3333333333333333,34,BA.5.2:18;BA.2:4;BA.1.15:1;BA.1.17:1;BA.5.1.10:2;BA.2.12.1:2;BA.1.1.1:4;BF.7:1;BA.1.1:1
3052026,BA.2_0.03_abundance_0.03,C26256T;C26270T;T26324G;C26340A;T26342C;A26358T;C26370A;T26543C,E:F4F;E:T9I;E:L27W;E:A32A;E:I33T;E:R38R;E:Y42*;M:T7T,13,422,0.0308056872037914,0,
3052026,BA.2_0.03_abundance_0.03,T26543C;C26577G;C26642G;T26677A;A26702G;G26709A;T26723C;G26727A;T26756G;C26768G;T26819G;C26845A;C26858T,M:T7T;M:Q19E;M:A40A;M:I52N;M:V60V;M:A63T;M:L67L;M:A69T;M:G78G;M:I82M;M:S99S;M:S108Y;M:F112F,5,138,0.036231884057971,0,
3052026,BA.2_0.03_abundance_0.03,C26577G;G26709A;T26777G;C26858T,M:Q19E;M:A63T;M:A85A;M:F112F,746,4600,0.1621739130434782,32,BA.2:26;BA.2.3:2;BA.2.9:4
3052026,BA.2_0.03_abundance_0.03,C26577G;G26709A;T26777G,M:Q19E;M:A63T;M:A85A,57,4874,0.0116947066064833,262,CP.1:5;BA.5.1.10:3;BA.2:26;BA.1.1:7;BA.5.2.1:1;BA.2.3:2;BA.1:4;BA.1.17.2:1;CR.1:1;BA.2.9:4;BA.5.2:1;BA.1.13.1:206;BA.1.1.1:1
3052026,BA.2_0.03_abundance_0.03,C26577G;C26642G;T26677A;A26702G;G26709A;T26723C;G26727A;T26756G;C26768G;T26819G;C26845A;C26858T;A26874C,M:Q19E;M:A40A;M:I52N;M:V60V;M:A63T;M:L67L;M:A69T;M:G78G;M:I82M;M:S99S;M:S108Y;M:F112F;M:I118L,14,1165,0.0120171673819742,0,
3052026,BA.2_0.03_abundance_0.03,A27187T;G27217A;A27234C;T27251G;A27259C;A27302G;A27313T;T27319G;G27366T;G27382C,M:Q222L;ORF6:D6N;ORF6:I11I;ORF6:I17S;ORF6:R20R;ORF6:N34S;ORF6:K38*;ORF6:L40V;ORF6:E55D;ORF6:D61H,10,519,0.0192678227360308,0,
3052026,BA.2_0.03_abundance_0.03,A27259C;T27296A;G27382C,ORF6:R20R;ORF6:I32N;ORF6:D61H,27,521,0.0518234165067178,11,BA.2.75:1;BA.2:10
3052026,BA.2_0.03_abundance_0.03,A27259C;G27382C;A27446G,ORF6:R20R;ORF6:D61H;ORF7a:Y18C,25,521,0.0479846449136276,28,BA.4:5;XBB.1.5:1;XAJ:1;BA.2:9;BA.4.6:1;BA.2.18:1;XBB.1.1:1;BA.4.1:3;BA.2.12.1:2;BA.2.23:1;BA.2.36:2;BA.2.9:1
3052026,BA.2_0.03_abundance_0.03,A27259C;G27382C;T27395A,ORF6:R20R;ORF6:D61H;ORF7a:MX,33,521,0.0633397312859884,117,BA.2.75:2;BA.2.1:1;BA.2:64;BD.1:4;BA.2.33:1;BA.1.1:12;BA.2.3.15:3;BA.5:9;BA.2.12.1:4;BA.2.9:3;BA.1.15:2;BA.1.12:2;BA.1:3;BA.2.3:2;BA.1.18:1;BA.1.17.2:3;BA.2.10.1:1
3052026,BA.2_0.03_abundance_0.03,T27851G;A27859T;T27863C;C27944T;T27953A;T28002A;T28017A;T28029C;A28126C,ORF7b:L32L;ORF7b:Q35L;ORF7b:D36D;ORF8:H17H;ORF8:C20*;ORF8:C37S;ORF8:Y42N;ORF8:Y46H;ORF8:N78T,21,680,0.0308823529411764,0,
3052026,BA.2_0.03_abundance_0.03,A28126C;G28178T;C28205A;T28206A;C28311T;G28325T;C28377T;A28387C,ORF8:N78T;ORF8:L95F;ORF8:F104L;ORF8:Y105N;N:P13L;N:G18C;N:A35V;N:K38N,36,1718,0.0209545983701979,0,
3052026,BA.2_0.03_abundance_0.03,A28126C;G28178T;C28205A;T28206A;C28311T;G28325T;C28377T;A28387C;G28429T,ORF8:N78T;ORF8:L95F;ORF8:F104L;ORF8:Y105N;N:P13L;N:G18C;N:A35V;N:K38N;N:W52C,6,344,0.0174418604651162,0,
3052026,BA.2_0.03_abundance_0.03,G28429T;G28479A;A28496G;C28500T;C28512A;C28542T;A28549C;A28571T;T28640G;T28667A;C28708A,N:W52C;N:G69E;N:N75D;N:T76I;N:P80Q;N:A90V;N:R92S;N:K100*;N:Y123D;N:W132R;N:H145Q,9,364,0.0247252747252747,0,
3052026,BA.2_0.03_abundance_0.03,G28479A;A28496G;C28500T;C28512A;C28542T;A28549C;A28571T;T28640G;T28667A;C28708A,N:G69E;N:N75D;N:T76I;N:P80Q;N:A90V;N:R92S;N:K100*;N:Y123D;N:W132R;N:H145Q,17,1075,0.015813953488372,0,
3052026,BA.2_0.03_abundance_0.03,G28747T;C28776A;G28827T;A28874C;G28881A;G28882A;T28897G,N:V158V;N:P168Q;N:R185L;N:S201R;N:R203K;N:R203R;N:A208A,5,489,0.0102249488752556,0,
3052026,BA.2_0.03_abundance_0.03,G28763C;G28827T;G28881A;G28882A;G28883C,N:G164R;N:R185L;N:R203K;N:R203R;N:G204R,8,489,0.016359918200409,0,
3052026,BA.2_0.03_abundance_0.03,G28827T;A28856G;G28881A;G28882A;G28883C,N:R185L;N:R195G;N:R203K;N:R203R;N:G204R,207,489,0.4233128834355828,0,
3052026,BA.2_0.03_abundance_0.03,A28856G;G28881A;G28882A;G28883C,N:R195G;N:R203K;N:R203R;N:G204R,54,489,0.1104294478527607,167,B.1.1.7:15;BA.5.2:1;BA.1.1:20;BA.2:16;BQ.1.1:1;BF.7:1;BA.5.2.27:6;BA.2.9:4;BQ.1.6:1;P.1.15:2;BA.5.3.2:1;BA.5.2.20:1;BA.1:39;BA.2.60:1;B.1.1.519:3;BA.2.12.1:3;BA.4.1.1:2;BA.5.2.1:22;BF.1:2;BA.5.1:2;BA.4:2;B.1.1:6;BA.5.5:4;BA.2.10:1;BA.1.15:2;BE.1.1:1;B.1.1.372:1;BA.1.17.2:2;BA.1.15.1:1;BA.2.9.5:1;P.1:1;BA.4.2:2
3052026,BA.2_0.03_abundance_0.03,C29045G;A29078C;G29135A;A29168G;C29198G;C29211G;A29237T;G29240A;G29262T;C29268G;T29308G,N:P258A;N:N269H;N:D288N;N:K299E;N:P309A;N:A313G;N:M322L;N:E323K;N:W330L;N:T332S;N:N345K,100,3566,0.0280426247896803,0,
3052026,BA.2_0.03_abundance_0.03,T29461A;A29510C,N:P396P;N:S413R,5,119,0.042016806722689,150,BA.2.12.1:24;BA.2.65:1;BA.2:77;BA.5.6:2;BA.5.1.30:5;BA.5.1:14;BA.2.9:6;BQ.1.1.8:1;BA.5.2:5;BQ.1.11:1;BF.3:1;BF.5:1;BE.1:1;BA.5.2.1:2;BA.5.2.6:2;BA.4.1.6:4;BA.4.6.5:1;BA.4.1:1;BE.1.1:1
