Date,Site,Nt Mutations,AA Mutations,Support DP,Total DP,Combined Freq,Overall Occurrence,Lineage Occurrence
1012026,BA.2_0.02_abundance_0.15,T649C;T670G,ORF1a:N128N;ORF1a:S135R,378,3822,0.0989010989010989,275,BA.2.9.2:4;BA.5.2.1:11;BA.5.1:19;BA.5.8:1;BA.2:43;BA.2.75:23;BA.5.2:16;BE.1.1.1:1;BA.5.2.20:3;BF.5:20;BF.10:4;BE.1.4.2:23;BA.5:1;BQ.1.23:1;BA.5.2.27:1;BA.5.1.5:12;BA.2.9:10;BA.2.12.1:31;BE.1:3;BA.2.3:5;BF.7.4.1:18;BQ.1.13:2;BA.5.2.12:4;BE.1.3:1;BA.2.25.1:1;BQ.1.1:4;BA.4.1:2;BA.5.6:1;BF.27:1;BA.2.3.1:1;BA.5.1.22:2;BA.5.2.3:1;BA.4.6:1;BE.1.1:1;BA.5.5:1;BA.2.9.6:1;BF.7:1
1012026,BA.2_0.02_abundance_0.15,T670G;T898A,ORF1a:S135R;ORF1a:A211A,35,162,0.2160493827160493,11,BA.4:5;BA.5.2.1:3;BA.5.1.19:1;BA.5.1:1;BA.5.2.6:1
1012026,BA.2_0.02_abundance_0.15,T670G;A972G,ORF1a:S135R;ORF1a:H236R,10,154,0.0649350649350649,2,BA.5.2.34:1;BA.2:1
1012026,BA.2_0.02_abundance_0.15,T898A;A972G,ORF1a:A211A;ORF1a:H236R,17,1553,0.0109465550547327,0,
1012026,BA.2_0.02_abundance_0.15,T1921A;G2098T,ORF1a:L552L;ORF1a:Q611H,6,126,0.0476190476190476,0,
1012026,BA.2_0.02_abundance_0.15,T1921A;G2174A,ORF1a:L552L;ORF1a:E637K,5,121,0.0413223140495867,0,
1012026,BA.2_0.02_abundance_0.15,A2969C;C3037T,ORF1a:M902L;ORF1a:F924F,574,1134,0.5061728395061729,6,AY.59:1;AY.43:1;BA.1:1;B.1.466.2:1;AY.4:1;AY.72:1
1012026,BA.2_0.02_abundance_0.15,A2969C;C3037T;T3088G,ORF1a:M902L;ORF1a:F924F;ORF1a:F941L,131,1061,0.1234684260131951,0,
1012026,BA.2_0.02_abundance_0.15,A2969C;C3037T;T3087C,ORF1a:M902L;ORF1a:F924F;ORF1a:F941S,51,1061,0.0480678605089538,0,
1012026,BA.2_0.02_abundance_0.15,A2969C;C3037T;T3087C;T3088G,ORF1a:M902L;ORF1a:F924F;ORF1a:F941S;ORF1a:F941L,14,1061,0.0131950989632422,0,
1012026,BA.2_0.02_abundance_0.15,C3037T;T3088G,ORF1a:F924F;ORF1a:F941L,57,1061,0.0537229029217719,35,BA.5.2:2;B.1.2:1;BF.10:8;BA.1.1.14:1;BA.5.6:2;AY.127:1;AY.50:1;BA.5.2.20:3;AY.103:1;BA.1:1;BA.2:2;B.1:3;BA.5.2.1:1;AY.44:1;AY.4:1;AY.25:1;P.1:1;CR.1:1;BA.1.13:1;BA.1.1:2
1012026,BA.2_0.02_abundance_0.15,G4394A;T4458G,ORF1a:E1377K;ORF1a:I1398R,27,408,0.0661764705882353,0,
1012026,BA.2_0.02_abundance_0.15,C6330T;G6452T,ORF1a:S2022L;ORF1a:E2063*,54,478,0.1129707112970711,0,
1012026,BA.2_0.02_abundance_0.15,A6672C;A6768C;T6795G,ORF1a:D2136A;ORF1a:Y2168S;ORF1a:L2177R,9,830,0.0108433734939759,0,
1012026,BA.2_0.02_abundance_0.15,A6672C;A6768C,ORF1a:D2136A;ORF1a:Y2168S,80,832,0.0961538461538461,0,
1012026,BA.2_0.02_abundance_0.15,A6672C;T6712C,ORF1a:D2136A;ORF1a:V2149V,11,832,0.0132211538461538,0,
1012026,BA.2_0.02_abundance_0.15,A6672C;T6795G,ORF1a:D2136A;ORF1a:L2177R,17,830,0.0204819277108433,0,
1012026,BA.2_0.02_abundance_0.15,T6712C;A6768C,ORF1a:V2149V;ORF1a:Y2168S,22,832,0.0264423076923076,0,
1012026,BA.2_0.02_abundance_0.15,A6768C;T6795G,ORF1a:Y2168S;ORF1a:L2177R,13,830,0.0156626506024096,0,
1012026,BA.2_0.02_abundance_0.15,C8061G;A8223T,ORF1a:S2599*;ORF1a:E2653V,26,722,0.0360110803324099,0,
1012026,BA.2_0.02_abundance_0.15,C8061G;C8228A,ORF1a:S2599*;ORF1a:L2655I,67,722,0.092797783933518,0,
1012026,BA.2_0.02_abundance_0.15,C8061G;A8223T;C8228A,ORF1a:S2599*;ORF1a:E2653V;ORF1a:L2655I,18,722,0.0249307479224376,0,
1012026,BA.2_0.02_abundance_0.15,C8061G;T8151A,ORF1a:S2599*;ORF1a:V2629D,10,782,0.0127877237851662,0,
1012026,BA.2_0.02_abundance_0.15,A8223T;C8228A,ORF1a:E2653V;ORF1a:L2655I,24,722,0.0332409972299169,0,
1012026,BA.2_0.02_abundance_0.15,C10029T;G9854A;C9866T,ORF1a:T3255I;ORF1a:V3197M;ORF1a:L3201F,36,213,0.1690140845070422,19,BA.2:6;BA.2.3:13
1012026,BA.2_0.02_abundance_0.15,A11970T;T12154A,ORF1a:K3902I;ORF1a:A3963A,33,1627,0.0202827289489858,0,
1012026,BA.2_0.02_abundance_0.15,A11970T;T12018C,ORF1a:K3902I;ORF1a:L3918S,72,1745,0.0412607449856733,0,
1012026,BA.2_0.02_abundance_0.15,T12018C;T12154A,ORF1a:L3918S;ORF1a:A3963A,37,1628,0.0227272727272727,0,
1012026,BA.2_0.02_abundance_0.15,T13952C;T14059G,ORF1b:I162T;ORF1b:L198V,58,622,0.0932475884244373,0,
1012026,BA.2_0.02_abundance_0.15,T13952C;T14082C,ORF1b:I162T;ORF1b:G205G,33,622,0.0530546623794212,0,
1012026,BA.2_0.02_abundance_0.15,T13952C;T14059G;T14082C,ORF1b:I162T;ORF1b:L198V;ORF1b:G205G,7,622,0.0112540192926045,0,
1012026,BA.2_0.02_abundance_0.15,T14059G;T14082C,ORF1b:L198V;ORF1b:G205G,55,2369,0.0232165470662726,0,
1012026,BA.2_0.02_abundance_0.15,A14280C;C14408T,ORF1b:L271F;ORF1b:P314L,132,852,0.1549295774647887,136,AY.103:135;AY.122:1
1012026,BA.2_0.02_abundance_0.15,C14408T;A14421C,ORF1b:P314L;ORF1b:G318G,23,852,0.0269953051643192,9,B.1.1.306:2;AY.29.1:1;AY.103:4;AY.4:1;AY.68:1
1012026,BA.2_0.02_abundance_0.15,A18163G;T18217A,ORF1b:I1566V;ORF1b:F1584I,30,354,0.0847457627118644,2,BA.5.2.5:1;BA.1.13.1:1
1012026,BA.2_0.02_abundance_0.15,A18163G;T18258G,ORF1b:I1566V;ORF1b:F1597L,25,354,0.0706214689265536,0,
1012026,BA.2_0.02_abundance_0.15,A19084T;G19174C,ORF1b:K1873*;ORF1b:D1903H,18,1610,0.0111801242236024,0,
1012026,BA.2_0.02_abundance_0.15,C22060A;T22200G,S:C166*;S:V213G,52,1605,0.032398753894081,0,
1012026,BA.2_0.02_abundance_0.15,C22674T;T22679C;C22686T;A22688G;T22717A,S:S371F;S:S373P;S:S375F;S:T376A;S:T385T,11,48,0.2291666666666666,77,BA.2:29;BQ.1.1:12;BA.5.2:6;BA.5.3:3;BA.5.1.2:1;XAZ:3;BA.2.12.1:3;BA.5.1:1;BA.4:4;BQ.1.1.15:2;BA.2.10:1;BA.2.3:1;BQ.1.1.22:1;BQ.1:2;BA.2.75:1;BE.1.1:1;BA.5.1.3:1;XBE:1;BA.5.2.1:2;BA.5.1.30:1;BA.2.37:1
1012026,BA.2_0.02_abundance_0.15,A23403G;A23440C,S:D614G;S:A626A,115,1750,0.0657142857142857,27,BF.10:1;AY.103:1;BA.5.2.9:9;BA.1:1;BA.2:1;AY.50:5;BA.5.6:1;AY.44:1;AY.43:1;B.1.177:1;BA.1.15:1;AY.4:1;BA.1.1:2;BA.5.1.30:1
1012026,BA.2_0.02_abundance_0.15,C23854A;G23948T;G24087T,S:N764K;S:D796Y;S:G842V,160,1811,0.0883489784649365,54,BA.5.2:2;BF.5:2;CM.2:1;BF.7.4:1;BA.1.17:1;BA.5.2.1:8;BA.5.1:3;BA.1.20:2;BE.8:3;BA.5.2.4:2;BA.1.1.16:1;BA.1.1.2:1;BA.1:2;BA.2:7;BA.1.1:6;BA.2.3:1;BA.2.47:4;BA.1.1.18:1;BA.1.15:2;BA.5.3.1:1;BQ.1.1:1;BA.1.1.15:1;BA.2.9:1
1012026,BA.2_0.02_abundance_0.15,C23854A;G23856A;G23948T,S:N764K;S:R765H;S:D796Y,287,1931,0.1486276540652511,446,BA.2:274;CK.1:3;BA.1:27;BA.2.12.1:1;BA.5.2.1:41;BA.5.1:13;BA.2.9:6;BA.2.75:2;BF.7.11:1;BA.5.5:3;BA.1.1.2:1;CM.2:2;BA.1.1:40;BA.2.10:2;BA.1.17.2:2;BA.5.2.7:1;CH.1.1:1;BA.2.3:1;BA.1.20:1;BA.2.3.13:3;BA.4:1;CT.1:3;BF.7:2;BA.1.15:3;BA.1.13:1;BA.5.2:5;BA.1.18:1;BF.5:2;BA.2.65:1;BE.1.1:1;BF.26:1
1012026,BA.2_0.02_abundance_0.15,C23854A;G23856A;G23948T;G24087T,S:N764K;S:R765H;S:D796Y;S:G842V,31,1811,0.0171176145775814,0,
1012026,BA.2_0.02_abundance_0.15,G24201A;A24424T,S:G880D;S:Q954H,52,705,0.0737588652482269,1,BA.1.15:1
1012026,BA.2_0.02_abundance_0.15,A24424T;C24579T,S:Q954H;S:T1006I,105,245,0.4285714285714285,678,XAZ:1;BA.1:37;BA.5.1:84;BA.1.17.2:18;BA.5.2:65;BF.10:6;BA.5.2.1:67;BA.1.1:40;BA.5:4;BA.2.10:1;CR.1:2;BA.5.1.23:2;BF.28:10;BA.4.1:7;BA.1.1.18:20;BA.2:84;BQ.1.1:4;BA.5.2.31:1;BE.4:2;BA.5.2.9:1;BA.1.1.1:4;BA.5.1.1:2;CT.1:2;BA.1.1.2:1;BA.2.65:1;BF.26:2;BA.5.2.26:1;BA.5.2.6:2;BA.4:1;BF.5:9;BA.2.12.1:17;BA.2.12:1;BA.5.2.20:7;BA.5.2.13:1;BA.5.3:3;BA.5.5:9;BA.2.9:26;BA.5.1.16:31;BA.3.1:1;BF.7:6;BA.1.20:1;BA.2.3:2;BE.1.1:7;BQ.1.12:1;BA.2.3.13:3;BQ.1.15:1;BE.3:3;BA.1.15:12;XBB.1:1;BA.1.17:8;BF.1:2;BA.1.18:3;BA.1.15.1:5;BF.7.8:1;BQ.1.11:1;BA.5.1.22:1;BA.2.9.5:2;BF.8:1;BA.5.3.1:1;BA.5.1.5:3;BA.2.37:1;BA.4.1.1:1;BA.2.10.1:1;BA.5.2.35:1;BA.4.6:2;BA.2.3.17:1;BA.2.23:1;BA.5.1.3:3;BE.5:1;BA.2.5:1;BA.5.6:3;BQ.1.1.1:1;BA.5.1.18:1;CN.1:1;BA.2.75:4;BA.2.68:2;BA.2.38:1;BA.5.2.28:1;BA.5.2.2:1;BF.7.6:2;BA.5.1.30:2;BA.2.7:1;BE.1:1;BQ.1:1;BE.1.4:1
1012026,BA.2_0.02_abundance_0.15,A28850G;G28881A;G28882A;G28883C,N:S193G;N:R203K;N:R203R;N:G204R,20,172,0.1162790697674418,202,P.1.17:2;BA.5.5:9;BA.1:13;BA.2.12.1:15;BA.5.1:5;BF.7:3;BA.4.6:1;BA.2.12:1;BA.1.17.2:1;C.36.3:2;B.1.1.306:1;BA.1.1:10;BA.2:85;BA.2.38:1;B.1.1:2;B.1.1.7:29;BA.2.75.7:1;BF.26:1;B.1.1.519:1;BA.2.29:1;BA.5.1.8:1;BA.5.2.21:3;BE.1.1:1;BF.18:1;BA.2.9:5;BA.5.2.20:1;BA.2.3.14:1;XBB.1.5:1;BA.5.2.1:1;BA.1.1.12:1;BA.1.15.1:1;BA.2.75:1
1012026,BA.2_0.02_abundance_0.15,G29383A;A29510C,N:K370K;N:S413R,622,1470,0.4231292517006803,427,BA.4.6:16;BA.5.1:13;BA.2:56;BA.5.5:7;BA.2.12.1:22;BA.5.2.1:42;BA.5.2.34:1;BA.2.9:6;BE.1.1:13;BA.2.75:7;BF.19:9;BA.2.3:6;XBB.1:2;BA.5.1.25:2;BA.5.5.3:1;BF.5:160;BE.1:4;BA.5.2.5:4;BA.2.13:3;BA.2.23:4;BA.2.38:1;BA.2.9.5:1;CK.2:3;BA.4.1:4;BA.5.2.6:2;BA.5.2:13;BQ.1.1:2;BF.9:1;BA.5.3.3:2;BA.5.1.22:2;BA.5.1.1:1;BA.5.3.1:1;BA.5:4;BA.2.7:1;BA.2.76:1;BA.5.1.26:3;BQ.1.25:1;CD.1:2;BA.4.1.1:1;BA.4:1;BA.2.68:1;BF.21:1
1082026,BA.2_0.02_abundance_0.15,C442T;T670G,ORF1a:G59G;ORF1a:S135R,62,2224,0.0278776978417266,764,BA.5.1.17:1;BA.5.1:42;BA.5.2:105;BA.4.1:6;BA.2.9:26;BA.2:330;BA.4.5:3;BF.10:6;BA.5.1.2:14;BA.5:1;BA.5.6:8;BA.2.36:5;BA.5.1.23:1;BA.5.2.28:8;BE.1.1:9;BA.2.9.7:1;BQ.1.1:2;BE.4:3;BA.2.45:1;BA.2.3.13:1;BA.2.37:2;BL.1:1;BF.5:12;BA.2.12.1:34;BA.5.2.3:5;BF.14:4;BA.5.2.1:28;BA.2.1:3;BA.2.8:14;BA.4.6:2;BF.21:1;BF.7:9;BA.5.2.20:1;CM.7:1;XAZ:1;BA.2.3:3;BA.5.2.24:2;BA.2.3.1:16;BA.2.10:6;BA.2.17:1;BA.5.2.9:1;BE.1:2;BA.5.3.1:1;BA.2.76:1;BA.5.2.19:2;BA.5.2.6:1;BF.27:2;BA.5.2.34:1;BA.5.6.3:7;BA.2.38:2;BA.2.75:2;BQ.1.1.3:1;BF.1:2;BA.5.5:2;BA.2.14:1;BQ.1.14:1;BQ.1.2:1;BA.2.72:1;BA.5.1.11:1;BA.2.7:1;BF.7.6:4;BA.2.65:1;BQ.1.1.22:2;BA.4.6.5:1;BA.2.56:1;BA.5.10:2;BQ.1.1.4:1
1082026,BA.2_0.02_abundance_0.15,C442T;G599C;T670G,ORF1a:G59G;ORF1a:G112R;ORF1a:S135R,23,2224,0.010341726618705,0,
1082026,BA.2_0.02_abundance_0.15,G599C;T670G,ORF1a:G112R;ORF1a:S135R,700,2228,0.3141831238779174,0,
1082026,BA.2_0.02_abundance_0.15,C1479T;T1562C,ORF1a:A405V;ORF1a:C433R,23,584,0.0393835616438356,1,B.1.1.7:1
1082026,BA.2_0.02_abundance_0.15,T1705G;T1893C,ORF1a:F480L;ORF1a:V543A,80,1957,0.0408788962698007,0,
1082026,BA.2_0.02_abundance_0.15,G2017A;C2141G,ORF1a:M584I;ORF1a:P626A,42,189,0.2222222222222222,0,
1082026,BA.2_0.02_abundance_0.15,A2952T;C3037T;A3098G;G3145A,ORF1a:D896V;ORF1a:F924F;ORF1a:T945A;ORF1a:L960L,5,210,0.0238095238095238,0,
1082026,BA.2_0.02_abundance_0.15,A2952T;C3037T;G3145A,ORF1a:D896V;ORF1a:F924F;ORF1a:L960L,18,210,0.0857142857142857,0,
1082026,BA.2_0.02_abundance_0.15,C3037T;G3145A,ORF1a:F924F;ORF1a:L960L,150,210,0.7142857142857143,1135,BA.4.6:1;BA.5.2.3:2;BA.1.1.2:1;BA.1:97;BA.2.9:216;BA.2.78:44;BA.2.18:7;B.1.595:1;B.1.568:2;BA.5.2:10;B.1.2:14;AY.14:94;BA.1.1:27;BF.7.6:2;BA.5:6;AY.112:9;B.1.1.7:72;BA.1.20:1;BA.2.13:2;AY.121:43;B.1.429:9;AY.126:1;BA.4.1:1;B.1.526:16;BA.1.1.6:1;BA.2:120;AY.39:18;BA.5.1:9;AY.3:6;BA.2.3:2;P.1:10;BA.1.15:3;AY.99.2:8;AY.36:3;BA.5.2.1:21;AY.41:6;BQ.1.1.4:1;AY.100:2;AY.103:30;BA.2.76:1;BA.2.12.1:12;BA.2.9.5:7;AY.29:5;B.1.617.2:9;BQ.1.1.18:4;AY.122.1:3;BA.1.18:2;AY.25:1;AY.98.1:4;AY.106:2;BF.3:1;BA.5.2.20:6;B.1.1.37:1;AY.20:2;B.1.1.519:7;XBB.1:1;B.1.621:3;AY.5:1;BA.5.2.27:1;BA.2.56:5;BE.1.1:10;BF.5:2;AY.43:1;AY.102:1;AY.25.1:7;BA.2.1:1;B.1:3;B.1.160:1;AY.26:3;AY.92:3;B.1.1.306:1;AY.4:9;BF.7.5:2;BA.2.75:2;BA.1.15.1:1;AY.4.2:4;AY.116:2;AY.45:3;AY.44:2;B.1.517:1;BQ.1.1:1;AY.110:2;B.1.466.2:1;BA.1.17.2:4;AY.117:1;BA.4:1;B.1.177:9;BA.2.3.13:18;B.1.1.25:2;BA.5.5:5;BQ.1.8:1;AY.122:8;AY.70:1;AY.113:2;BE.1:1;B.1.351:1;BA.5.1.23:2;AY.23:1;BA.2.3.14:1;AY.42:1;BA.5.2.28:1;BF.7:1;BF.21:1;BA.5.2.6:1;B.1.474:1;AY.47:1;XBB:1;BE.1.1.2:1;BA.5.2.44:1;P.1.14:1;B.1.497:1;B.1.525:1;B.1.1:1;BA.1.1.18:1;AY.83:1;AY.118:2
1082026,BA.2_0.02_abundance_0.15,C3037T;C3045T;G3145A,ORF1a:F924F;ORF1a:P927L;ORF1a:L960L,9,210,0.0428571428571428,1,B.1.517:1
1082026,BA.2_0.02_abundance_0.15,C3037T;A3098G;G3145A,ORF1a:F924F;ORF1a:T945A;ORF1a:L960L,7,210,0.0333333333333333,0,
1082026,BA.2_0.02_abundance_0.15,T4092C;G4184A;C4321T,ORF1a:I1276T;ORF1a:G1307S;ORF1a:A1352A,10,428,0.0233644859813084,670,BA.5.1.5:12;BA.5.1:18;BA.5.2.6:1;BA.5.3:6;BA.2.9:18;BA.2.3:88;BA.5.2.1:19;BA.5:5;BA.5.5:7;BQ.1.1.12:3;BA.5.1.1:1;BA.2.75:8;BA.5.1.23:12;BQ.1.1.18:3;BA.4.6:4;BA.2.13:3;BM.4.1.1:2;BA.5.2.9:8;BA.5.2:33;BA.4.1:11;BA.2.50:1;BA.2.12.1:9;BA.2:317;BQ.1.1:15;BA.2.10:1;BQ.1.1.22:7;BQ.1:2;BA.4.6.5:2;BQ.1.1.1:2;BF.7:5;BA.5.1.25:2;BA.5.1.22:1;BF.7.5:1;BA.5.2.44:1;BA.5.3.1:2;BQ.1.3:1;BF.28:1;BA.5.6:1;BE.1.1:6;BF.2:1;BQ.1.1.6:1;BA.2.18:1;BA.2.14:1;BA.2.65:1;BA.5.2.7:2;XBB.1:1;BQ.1.2:1;BA.5.1.30:2;BF.10:10;BQ.1.14:1;BA.5.2.34:2;BA.5.2.28:1;BA.5.2.43:1;BE.1.4:1;BA.2.1:1;BA.2.36:1;BA.5.2.14:1;BA.5.1.10:1
1082026,BA.2_0.02_abundance_0.15,C4139A;G4184A;C4321T,ORF1a:Q1292K;ORF1a:G1307S;ORF1a:A1352A,31,875,0.0354285714285714,4,BA.2:4
1082026,BA.2_0.02_abundance_0.15,G4184A;A4277G;C4321T,ORF1a:G1307S;ORF1a:T1338A;ORF1a:A1352A,52,875,0.0594285714285714,1,BA.5.2:1
1082026,BA.2_0.02_abundance_0.15,T6038C;C6190G,ORF1a:F1925L;ORF1a:Y1975*,8,210,0.0380952380952381,0,
1082026,BA.2_0.02_abundance_0.15,T6345C;A6398G,ORF1a:V2027A;ORF1a:K2045E,76,437,0.1739130434782608,0,
1082026,BA.2_0.02_abundance_0.15,T7280C;C7318A,ORF1a:Y2339H;ORF1a:F2351L,123,1132,0.1086572438162544,0,
1082026,BA.2_0.02_abundance_0.15,G8131C;T8142A;C8292A,ORF1a:K2622N;ORF1a:L2626*;ORF1a:T2676N,107,1291,0.0828814872192099,0,
1082026,BA.2_0.02_abundance_0.15,G8131C;C8292A,ORF1a:K2622N;ORF1a:T2676N,87,1291,0.0673896204492641,0,
1082026,BA.2_0.02_abundance_0.15,G8131C;T8142A,ORF1a:K2622N;ORF1a:L2626*,220,1616,0.1361386138613861,0,
1082026,BA.2_0.02_abundance_0.15,T8142A;C8292A,ORF1a:L2626*;ORF1a:T2676N,149,1291,0.115414407436096,0,
1082026,BA.2_0.02_abundance_0.15,G8709C;A8755T,ORF1a:G2815A;ORF1a:K2830N,89,849,0.1048292108362779,0,
1082026,BA.2_0.02_abundance_0.15,A9294C;C9344T;A9424G;C9534T,ORF1a:Y3010S;ORF1a:L3027F;ORF1a:V3053V;ORF1a:T3090I,200,420,0.4761904761904761,0,
1082026,BA.2_0.02_abundance_0.15,A9294C;T9331C;C9344T;A9424G;C9534T,ORF1a:Y3010S;ORF1a:D3022D;ORF1a:L3027F;ORF1a:V3053V;ORF1a:T3090I,10,420,0.0238095238095238,0,
1082026,BA.2_0.02_abundance_0.15,A9294C;C9344T;A9424G,ORF1a:Y3010S;ORF1a:L3027F;ORF1a:V3053V,46,508,0.0905511811023622,0,
1082026,BA.2_0.02_abundance_0.15,A9294C;C9344T;T9387C;A9424G;C9534T,ORF1a:Y3010S;ORF1a:L3027F;ORF1a:L3041S;ORF1a:V3053V;ORF1a:T3090I,14,420,0.0333333333333333,0,
1082026,BA.2_0.02_abundance_0.15,T9331C;C9344T;A9424G;C9534T,ORF1a:D3022D;ORF1a:L3027F;ORF1a:V3053V;ORF1a:T3090I,10,420,0.0238095238095238,166,BA.5.1:22;BA.5.1.5:15;BA.2.12.1:61;BA.4.6:2;BA.5.2.8:2;BA.5.1.23:4;BF.7:4;XBB:4;BA.5.2.9:2;BA.2.9:1;BA.2:21;XBB.2:2;BF.32:2;BA.5.2.1:2;BA.5.2:14;BA.5.1.12:1;BA.2.22:1;BA.5.1.17:1;BA.5.1.25:2;BF.8:1;BF.13:1;BF.5:1
1082026,BA.2_0.02_abundance_0.15,C9344T;T9387C;A9424G;C9534T,ORF1a:L3027F;ORF1a:L3041S;ORF1a:V3053V;ORF1a:T3090I,8,420,0.019047619047619,4,BA.2.12.1:1;BA.2:1;BA.2.75:1;BA.5.2.1:1
1082026,BA.2_0.02_abundance_0.15,T11081C;C11162A;C11249A,ORF1a:L3606L;ORF1a:H3633N;ORF1a:R3662S,195,1949,0.1000513083632632,0,
1082026,BA.2_0.02_abundance_0.15,T11081C;C11249A,ORF1a:L3606L;ORF1a:R3662S,86,1949,0.0441251924063622,0,
1082026,BA.2_0.02_abundance_0.15,T11081C;C11162A,ORF1a:L3606L;ORF1a:H3633N,327,2088,0.1566091954022988,0,
1082026,BA.2_0.02_abundance_0.15,C11162A;C11249A,ORF1a:H3633N;ORF1a:R3662S,307,1949,0.1575166752180605,0,
1082026,BA.2_0.02_abundance_0.15,T11676A;A11854T,ORF1a:F3804Y;ORF1a:S3863S,6,122,0.0491803278688524,0,
1082026,BA.2_0.02_abundance_0.15,C12789G;C12880T,ORF1a:T4175R;ORF1a:I4205I,154,806,0.1910669975186104,3,BE.3:1;BA.5.2:1;BA.2.37:1
1082026,BA.2_0.02_abundance_0.15,C12880T;G13040T,ORF1a:I4205I;ORF1a:E4259*,39,731,0.0533515731874145,1,BQ.1.1:1
1082026,BA.2_0.02_abundance_0.15,G13040T;G13179A,ORF1a:E4259*;ORF1a:G4305D,5,261,0.0191570881226053,0,
1082026,BA.2_0.02_abundance_0.15,A14077C;T14180C,ORF1b:N204H;ORF1b:L238S,267,1701,0.1569664902998236,0,
1082026,BA.2_0.02_abundance_0.15,T15549C;A15616G;C15714T,ORF1b:N694N;ORF1b:R717G;ORF1b:L749L,68,3095,0.0219709208400646,0,
1082026,BA.2_0.02_abundance_0.15,T15549C;C15714T,ORF1b:N694N;ORF1b:L749L,517,3095,0.167043618739903,50,BA.2.75:2;BA.2:29;BF.12:3;BF.28:1;BA.5.2:2;BM.1.1.3:1;BA.2.12.1:1;BA.5.2.1:5;BM.2:2;BF.5:1;BA.5.6:2;BA.2.9:1
1082026,BA.2_0.02_abundance_0.15,A15616G;C15714T,ORF1b:R717G;ORF1b:L749L,290,3095,0.0936995153473344,36,BA.2.75:12;BA.4.6:4;BE.1:2;BA.2:11;BA.5.2.1:1;BA.2.75.1:2;BA.2.9:1;BA.5.6:1;BF.7:1;BA.5.1:1
1082026,BA.2_0.02_abundance_0.15,T17396G;C17410T,ORF1b:V1310G;ORF1b:R1315C,724,1946,0.3720452209660843,0,
1082026,BA.2_0.02_abundance_0.15,C17410T;T17591C,ORF1b:R1315C;ORF1b:V1375A,20,396,0.0505050505050505,1,BA.5.2:1
1082026,BA.2_0.02_abundance_0.15,A17916C;A17935C,ORF1b:R1483S;ORF1b:R1490R,184,305,0.6032786885245902,0,
1082026,BA.2_0.02_abundance_0.15,A17916C;A17935C;C18004G,ORF1b:R1483S;ORF1b:R1490R;ORF1b:L1513V,11,296,0.0371621621621621,0,
1082026,BA.2_0.02_abundance_0.15,A18066G;A18163G,ORF1b:K1533K;ORF1b:I1566V,79,242,0.3264462809917355,223,BA.5.2.28:19;BA.5.1:10;BA.2:52;BA.2.12.1:23;BA.2.49:2;BA.1.17.2:6;BQ.1.1:1;BA.5.2.1:8;BA.1.1:26;BA.5.2:11;BA.4:5;BA.2.9:13;BA.4.1.5:1;BA.5.1.10:22;BK.1:1;BA.5:3;BA.2.3.14:1;BQ.1.1.22:1;BA.5.3.2:1;BA.1.15:1;BF.11.2:1;BA.5.1.22:1;BA.2.52:4;BA.1.1.18:2;BA.1.1.2:1;BF.10:1;BA.1:2;BA.2.76:1;BE.1.1:1;BA.1.15.1:1;BA.2.3.13:1
1082026,BA.2_0.02_abundance_0.15,T20943G;C21036G,ORF1b:L2492L;ORF1b:L2523L,61,574,0.1062717770034843,0,
1082026,BA.2_0.02_abundance_0.15,A21026T;C21036G,ORF1b:K2520I;ORF1b:L2523L,13,574,0.0226480836236933,0,
1082026,BA.2_0.02_abundance_0.15,A22880G;G22992A;C22995A;A23013C;A23040G;T23075C,S:N440D;S:S477N;S:T478K;S:E484A;S:Q493R;S:Y505H,61,177,0.3446327683615819,3,BA.1.1:2;BA.2.38:1
1082026,BA.2_0.02_abundance_0.15,A22880G;G22992A;C22995A;A23013C;A23040G,S:N440D;S:S477N;S:T478K;S:E484A;S:Q493R,5,196,0.0255102040816326,3,BA.1.1:2;BA.2.38:1
1082026,BA.2_0.02_abundance_0.15,C23327G;A23403G,S:P589A;S:D614G,841,2710,0.3103321033210332,16,BA.5.2.1:2;BA.5.1:4;BA.5.2.8:1;BA.5.2:5;B.1.1.7:1;BA.5.6.3:1;BE.1.1:1;BF.5:1
1082026,BA.2_0.02_abundance_0.15,T23925A;G23948T;A23992T,S:I788N;S:D796Y;S:S810S,37,893,0.0414333706606942,0,
1082026,BA.2_0.02_abundance_0.15,T23925A;G23948T,S:I788N;S:D796Y,254,893,0.284434490481523,1,BA.1.15:1
1082026,BA.2_0.02_abundance_0.15,T23925A;G23948T;T23976A,S:I788N;S:D796Y;S:I805K,44,893,0.0492721164613661,0,
1082026,BA.2_0.02_abundance_0.15,G23948T;A23992T,S:D796Y;S:S810S,71,895,0.0793296089385474,63,BA.4.6:2;BQ.1.1.22:1;BA.1:5;BA.2.9:2;BF.10:6;BA.5.1.6:3;BA.1.1:7;BA.2.1:5;BA.2:11;BA.5.2.9:2;BF.7.4.1:2;BA.5.7:3;BA.5.1:1;BQ.1.1:2;BA.5.1.1:1;BA.1.17:1;BA.2.10.1:3;BA.2.3.1:1;XAV:1;BA.1.18:2;BA.4.2:1;BE.1:1
1082026,BA.2_0.02_abundance_0.15,G23948T;T23976A,S:D796Y;S:I805K,44,895,0.0491620111731843,2,BA.1.1:1;BA.2:1
1082026,BA.2_0.02_abundance_0.15,G23948T;T23976A;A23992T,S:D796Y;S:I805K;S:S810S,9,895,0.0100558659217877,0,
1082026,BA.2_0.02_abundance_0.15,A24260C;A24424T,S:M900L;S:Q954H,125,605,0.2066115702479339,0,
1082026,BA.2_0.02_abundance_0.15,A24424T;G24533C;C24559G,S:Q954H;S:V991L;S:G999G,8,56,0.1428571428571428,0,
1082026,BA.2_0.02_abundance_0.15,A24424T;G24533C,S:Q954H;S:V991L,15,56,0.2678571428571428,1,BA.1.1:1
1082026,BA.2_0.02_abundance_0.15,A24424T;C24559G,S:Q954H;S:G999G,11,56,0.1964285714285714,0,
1082026,BA.2_0.02_abundance_0.15,G24533C;C24559G,S:V991L;S:G999G,10,254,0.0393700787401574,0,
1082026,BA.2_0.02_abundance_0.15,T24892A;T24934C;C25000T,S:Y1110*;S:G1124G;S:D1146D,44,1653,0.0266182698124621,0,
1082026,BA.2_0.02_abundance_0.15,T24892A;T24910G;C25000T,S:Y1110*;S:T1116T;S:D1146D,18,1653,0.0108892921960072,0,
1082026,BA.2_0.02_abundance_0.15,T24892A;C25000T,S:Y1110*;S:D1146D,33,1653,0.0199637023593466,0,
1082026,BA.2_0.02_abundance_0.15,T24892A;T24910G;T24934C;C25000T,S:Y1110*;S:T1116T;S:G1124G;S:D1146D,50,1653,0.0302480338777979,0,
1082026,BA.2_0.02_abundance_0.15,T24910G;T24934C;C25000T,S:T1116T;S:G1124G;S:D1146D,378,1653,0.2286751361161524,0,
1082026,BA.2_0.02_abundance_0.15,T24910G;C25000T,S:T1116T;S:D1146D,274,1653,0.1657592256503327,2,BA.2.7:1;BA.1.21.1:1
1082026,BA.2_0.02_abundance_0.15,T24910G;T24934C,S:T1116T;S:G1124G,38,1778,0.0213723284589426,0,
1082026,BA.2_0.02_abundance_0.15,T24934C;C25000T,S:G1124G;S:D1146D,483,1653,0.2921960072595281,579,BA.5.1.3:279;BA.5.1:14;BE.1:5;BA.4.6:2;BA.1.1:16;BA.5.2.21:7;BA.5:11;BE.1.1.2:4;BQ.1.1.18:1;BA.2:52;BQ.1.1:40;XBB.1:2;BA.1.1.1:3;BE.1.1:1;BA.1.17:9;BA.2.12.1:12;BA.5.2:11;BA.2.9:4;BA.1.1.18:2;BA.5.5:24;BA.1.18:1;BA.5.2.1:16;BA.1:28;BA.1.17.2:3;BF.7:3;BA.1.15.1:4;B.1.1.529:1;BQ.1.1.17:2;BA.2.3:2;BA.5.3.1:2;BF.10:1;BA.2.3.1:1;BQ.1.1.22:1;BE.7:1;BA.1.1.14:2;BA.1.15:2;BA.5.2.20:1;BA.2.3.20:1;BA.2.27:1;BN.1.4:1;BA.2.12:2;BA.5.6:1;XBB:1;CH.1.1:1;BF.5:1
1082026,BA.2_0.02_abundance_0.15,A25960G;C26270T,ORF3a:T190A;E:T9I,12,88,0.1363636363636363,72,BA.5.2:1;BQ.1.1.13:10;BA.2.12.1:38;BF.7.6:2;BA.5.6:1;BF.10:3;BA.1.15:2;BA.5.2.1:2;BA.5.2.22:3;BF.8:1;BA.2:3;BA.1.1:2;BA.5.9:1;BA.4.6:1;BQ.1.18:1;BA.2.18:1
1082026,BA.2_0.02_abundance_0.15,A27249T;G27382C;A27383T;T27384C,ORF6:L16L;ORF6:D61H;ORF6:D61V;ORF6:D61D,204,800,0.255,0,
1082026,BA.2_0.02_abundance_0.15,G27717C;C27807T,ORF7a:V108V;ORF7b:L18L,26,192,0.1354166666666666,14,BA.2:12;BA.5.2:1;BA.2.9:1
1082026,BA.2_0.02_abundance_0.15,G27717C;C27807T;T27811A,ORF7a:V108V;ORF7b:L18L;ORF7b:F19Y,18,169,0.1065088757396449,0,
1082026,BA.2_0.02_abundance_0.15,C27807T;T27811A,ORF7b:L18L;ORF7b:F19Y,40,169,0.2366863905325443,174,BA.1:159;BA.2.12.1:1;BA.2:2;BA.5.2.21:1;BA.5.2.35:1;BA.1.1:1;BQ.1.11:2;BA.1.17.2:2;BA.2.9:1;BA.1.1.1:2;BE.1:1;BA.4.1.4:1
1082026,BA.2_0.02_abundance_0.15,T27811A;T27823C,ORF7b:F19Y;ORF7b:I23T,47,352,0.1335227272727272,0,
1152026,BA.2_0.02_abundance_0.15,C364A;T670G,ORF1a:D33E;ORF1a:S135R,2561,6282,0.4076727156956383,226,BQ.1.8.2:1;BA.2.12.1:89;BA.2:43;BA.2.68:5;BA.5.1.10:3;BA.5.1:6;BA.2.9:2;BQ.1.12:1;BA.5:2;BA.5.2.1:8;BA.2.3:17;BA.5.2:1;BA.5.1.22:1;BA.5.1.11:5;BE.1.1.2:1;CH.1.1:4;BF.5:8;BA.2.1:1;XBB.1:1;BA.4.4:1;BE.1.1:8;BQ.1.1:2;BF.1:1;BQ.1.1.5:1;BA.2.38:1;BQ.1.1.22:3;BA.2.75:7;BA.5.2.3:1;BA.5.2.32:1;BA.5.1.6:1
1152026,BA.2_0.02_abundance_0.15,C364A;A424G;T670G,ORF1a:D33E;ORF1a:L53L;ORF1a:S135R,296,6282,0.0471187519898121,0,
1152026,BA.2_0.02_abundance_0.15,A424G;T670G,ORF1a:L53L;ORF1a:S135R,348,6367,0.0546568242500392,110,BF.11:1;BA.5.2:33;BA.2.9.5:3;BE.1.1.1:26;BA.5.6:1;BA.2.9:4;BA.2:14;BA.2.3.1:8;BA.5.5:2;BA.5.1.5:1;BA.4.6:1;BA.4.1:1;BA.5.1:1;BE.1.1:2;BA.5.1.1:1;BA.2.75:2;BA.5.1.9:1;BA.5.2.20:1;BA.4:1;BA.2.12.1:2;BA.5.2.1:2;BF.10:1;BA.5.2.31:1
1152026,BA.2_0.02_abundance_0.15,T670G;A798G,ORF1a:S135R;ORF1a:N178S,5,166,0.0301204819277108,539,BA.5.1:45;XBB.2:2;BA.2.12.1:10;BA.2:128;BF.7:120;BA.5.2.1:31;BA.2.9:18;BF.18:11;BN.1.5:1;BA.2.75:11;BA.5.2:86;BQ.1.10:1;BA.4.6:5;BQ.1.3:1;XBB.1:1;BA.5.1.23:2;BA.5.6:6;BA.4:1;BQ.1.1.3:1;BA.4.1:2;BA.5.2.30:1;BE.1.1.2:1;BF.5:6;CP.1:11;BA.2.7:1;BA.2.37:1;BA.5:3;BE.1.1:3;BA.2.10:1;BA.2.38:1;BQ.1.1:1;BA.4.6.4:1;BA.2.18:2;BA.5.1.1:1;BA.5.2.20:2;BA.2.3.20:1;BA.5.1.22:1;BA.5.3.1:3;BF.21:2;BA.2.3:1;BA.5.5:4;BA.5.2.28:2;BA.5.3.3:1;BA.5.1.24:1;BA.5.2.12:1;CK.1:1;DF.1:1;BF.27:1
1152026,BA.2_0.02_abundance_0.15,C1734T;A1759G,ORF1a:T490I;ORF1a:A498A,105,2984,0.0351876675603217,0,
1152026,BA.2_0.02_abundance_0.15,A2982T;C3037T,ORF1a:Y906F;ORF1a:F924F,205,1405,0.1459074733096085,0,
1152026,BA.2_0.02_abundance_0.15,C4570T;C4575T,ORF1a:I1435I;ORF1a:T1437I,21,114,0.1842105263157894,2,BA.5.2.28:1;BA.2.12.1:1
1152026,BA.2_0.02_abundance_0.15,C4570T;C4573G,ORF1a:I1435I;ORF1a:N1436K,8,114,0.0701754385964912,0,
1152026,BA.2_0.02_abundance_0.15,C4573G;C4575T,ORF1a:N1436K;ORF1a:T1437I,6,114,0.0526315789473684,0,
1152026,BA.2_0.02_abundance_0.15,G8371T;A8527G,ORF1a:Q2702H;ORF1a:V2754V,71,963,0.0737279335410176,0,
1152026,BA.2_0.02_abundance_0.15,G9276T;C9344T;A9424G,ORF1a:W3004L;ORF1a:L3027F;ORF1a:V3053V,98,2632,0.0372340425531914,0,
1152026,BA.2_0.02_abundance_0.15,G9276T;C9344T;A9424G;C9534T,ORF1a:W3004L;ORF1a:L3027F;ORF1a:V3053V;ORF1a:T3090I,319,2172,0.1468692449355433,0,
1152026,BA.2_0.02_abundance_0.15,G9276T;C9344T;A9424G;A9514G;C9534T,ORF1a:W3004L;ORF1a:L3027F;ORF1a:V3053V;ORF1a:L3083L;ORF1a:T3090I,153,2172,0.0704419889502762,0,
1152026,BA.2_0.02_abundance_0.15,A9280C;C9344T;A9424G;C9534T,ORF1a:V3005V;ORF1a:L3027F;ORF1a:V3053V;ORF1a:T3090I,27,2172,0.0124309392265193,0,
1152026,BA.2_0.02_abundance_0.15,C9344T;A9424G;A9514G;C9534T,ORF1a:L3027F;ORF1a:V3053V;ORF1a:L3083L;ORF1a:T3090I,511,2174,0.2350505979760809,51,BA.2.9:36;BA.2:10;BA.5.2:3;BA.4.6:1;BF.5:1
1152026,BA.2_0.02_abundance_0.15,C9344T;A9424G;A9514G,ORF1a:L3027F;ORF1a:V3053V;ORF1a:L3083L,68,2445,0.0278118609406952,52,BA.2.9:36;BA.2:11;BA.5.2:3;BA.4.6:1;BF.5:1
1152026,BA.2_0.02_abundance_0.15,A9514G;C9534T,ORF1a:L3083L;ORF1a:T3090I,185,2870,0.0644599303135888,51,BA.2.9:36;BF.5:1;BA.2:10;BA.5.2:3;BA.4.6:1
1152026,BA.2_0.02_abundance_0.15,A9514G;C9534T;T9640C,ORF1a:L3083L;ORF1a:T3090I;ORF1a:H3125H,67,696,0.0962643678160919,0,
1152026,BA.2_0.02_abundance_0.15,C10029T;G9950T,ORF1a:T3255I;ORF1a:A3229S,7,25,0.28,10,B.1.177.86:2;BA.2.10:1;BA.1:1;BA.5:1;AY.127:1;AY.4:3;AY.25:1
1152026,BA.2_0.02_abundance_0.15,C12880T;T12947C,ORF1a:I4205I;ORF1a:L4228L,105,1856,0.0565732758620689,201,BA.5.1:2;BA.5.2:13;BA.2.23:38;BA.5.2.1:44;BQ.1.3:13;BA.2.75:13;BA.5.1.10:1;BA.2.10.2:1;BA.2:30;BA.5.2.6:1;BF.5:1;BA.5.2.21:3;BA.5:1;BE.1.4:3;BF.7:2;BQ.1.1.4:3;XBB.1:4;BE.1:4;BA.2.12:3;BA.5.2.26:1;BA.2.24:1;XAZ:1;BA.2.9:5;BA.5.1.25:1;BA.2.36:2;BA.2.12.1:2;BF.10:3;BA.2.56:1;CH.1.1:2;BA.2.81:1;BQ.1.2:1
1152026,BA.2_0.02_abundance_0.15,T13248G;C13280T,ORF1a:L4328R;ORF1a:P4339S,79,2306,0.0342584562012142,0,
1152026,BA.2_0.02_abundance_0.15,C13708G;A13919G,ORF1b:L81V;ORF1b:K151R,87,1693,0.0513880685174246,0,
1152026,BA.2_0.02_abundance_0.15,A14112C;G14123A,ORF1b:Q215H;ORF1b:G219D,200,920,0.217391304347826,0,
1152026,BA.2_0.02_abundance_0.15,A14112C;T14179G,ORF1b:Q215H;ORF1b:L238V,45,858,0.0524475524475524,0,
1152026,BA.2_0.02_abundance_0.15,A14112C;G14123A;T14179G,ORF1b:Q215H;ORF1b:G219D;ORF1b:L238V,73,858,0.085081585081585,0,
1152026,BA.2_0.02_abundance_0.15,G14123A;T14179G,ORF1b:G219D;ORF1b:L238V,74,858,0.0862470862470862,0,
1152026,BA.2_0.02_abundance_0.15,C14408T;A14434G,ORF1b:P314L;ORF1b:K323E,299,541,0.5526802218114603,1,B.1.1.7:1
1152026,BA.2_0.02_abundance_0.15,C14572G;C14649A,ORF1b:P369A;ORF1b:N394K,5,92,0.0543478260869565,0,
1152026,BA.2_0.02_abundance_0.15,C14649A;G14712C,ORF1b:N394K;ORF1b:V415V,105,1003,0.1046859421734795,0,
1152026,BA.2_0.02_abundance_0.15,T16845C;C17087T,ORF1b:G1126G;ORF1b:P1207L,72,2035,0.0353808353808353,0,
1152026,BA.2_0.02_abundance_0.15,C18109T;A18163G,ORF1b:P1548S;ORF1b:I1566V,29,326,0.0889570552147239,982,BA.1:23;BA.2.9:74;BA.5.1.10:2;BF.11.1:1;BA.5.2:74;BA.1.17.2:6;BA.4.6:3;BF.10:5;BA.5.2.1:258;BA.1.1.15:1;BQ.1.10:136;BA.1.20:1;BA.1.1.1:5;BA.1.18:9;BA.1.1:37;BA.1.15.1:2;BQ.1.1.4:1;BA.2:129;BA.5.1:36;BQ.1.1:5;BQ.1.26:2;BA.2.3:8;BF.7.5:3;BA.5.2.22:6;BA.2.3.14:2;BA.2.12.1:32;BA.4.1:4;BA.4:2;BA.5.2.3:1;BA.1.15:8;BQ.1.23:9;BF.7:1;BE.1.2:1;BE.1.1:6;BA.2.75:2;BA.5.5:4;BF.5:5;BA.5.2.8:1;BA.1.1.10:1;BQ.1.1.28:1;BE.3:10;BA.2.23:1;BA.2.31:1;BA.5.8:1;BN.1.2:1;BA.5.1.18:1;CK.2.1.1:1;BA.5.3.1:4;BA.2.3.11:1;BF.18:1;CH.1.1:2;BA.2.10:6;BA.2.12:1;BA.5.1.5:1;BA.4.1.1:1;BE.1:2;BA.2.18:1;BA.5.2.18:1;BA.1.15.2:1;BA.2.76:1;BA.5.3.5:1;BA.2.7:12;BQ.1.1.17:2;BA.5:1;XAZ:1;BF.8:1;BA.5.6:1;BA.5.1.1:1;BA.5.2.19:1;BA.4.1.6:1;BA.2.3.12:1;BA.2.1:1;BA.1.17:1;CR.1:1;BA.1.1.18:1;BA.1.19:1;BQ.1.1.22:1;BF.11.2:1;BA.5.2.21:3;BA.5.2.20:1;BA.5.2.28:1;BA.5.2.36:1
1152026,BA.2_0.02_abundance_0.15,T18439A;A18529C,ORF1b:S1658T;ORF1b:I1688L,84,880,0.0954545454545454,0,
1152026,BA.2_0.02_abundance_0.15,A20055G;A20122G,ORF1b:E2196E;ORF1b:I2219V,28,202,0.1386138613861386,105,BA.5.1:1;BA.2:78;BA.5.2:4;BA.4.6.4:4;BA.5.1.10:1;BA.4.1:2;BA.2.3.1:3;BA.5.1.25:1;BQ.1.1:2;BA.5.6:1;BA.5.3:1;BA.5.2.1:3;BA.2.18:1;BF.5:1;BE.1.1:2
1152026,BA.2_0.02_abundance_0.15,A20055G;G20210C,ORF1b:E2196E;ORF1b:S2248T,14,158,0.0886075949367088,0,
1152026,BA.2_0.02_abundance_0.15,C21805A;G21987A,S:N81K;S:G142D,16,391,0.0409207161125319,75,AY.121:1;BA.2.13:1;AY.100:1;AY.119:1;BA.5.2.1:3;XBB.5:1;AY.4:12;B.1.617.2:11;BA.2:9;AY.25:1;AY.4.2.1:2;BA.2.12.1:3;AY.38:1;AY.25.1:3;AY.4.2:1;BA.2.23:2;AY.46:1;AY.88:3;BA.5.1.2:4;AY.23:1;AY.122:1;AY.9.2:1;AY.92:1;AY.103:4;BA.5.1.1:1;XBB.3:1;AY.39:1;BA.2.9:1;AY.112:1;BA.1.1:1
1152026,BA.2_0.02_abundance_0.15,T21826G;G21987A,S:D88E;S:G142D,20,391,0.0511508951406649,27,BA.5.5:2;AY.122:1;AY.103:2;AY.61:1;BA.2.1:1;AY.4.2:1;BA.5.1.5:7;AY.46.6:1;BF.14:1;AY.34.1:1;BA.2.9:1;AY.121:1;AY.4:1;AY.39:1;BA.2.3:1;BA.2:1;AY.14:1;BA.5.2.1:1;AY.4.2.1:1
1152026,BA.2_0.02_abundance_0.15,G23580C;T23599G;C23604A,S:S673T;S:N679K;S:P681H,107,566,0.1890459363957597,105,BA.2:27;BA.5.2.1:31;BA.4.6:2;BA.1.13:2;BA.5.2:8;BA.1.1.10:4;BN.1:1;BF.7:1;XBB.1:2;BA.5.1:1;BA.1.1:1;BA.2.75:12;BA.5.6:1;BA.2.12.1:1;BN.1.5:1;BA.2.9:2;BA.1.13.1:1;BA.1.15:1;BA.4.1:1;BQ.1.1.5:1;BA.5.1.17:1;BE.1.1:1;BA.1.18:1;BA.2.18:1
1152026,BA.2_0.02_abundance_0.15,C24189G;A24424T,S:A876G;S:Q954H,80,396,0.202020202020202,0,
1152026,BA.2_0.02_abundance_0.15,C24189G;A24312T;A24424T,S:A876G;S:Y917F;S:Q954H,16,396,0.0404040404040404,0,
1152026,BA.2_0.02_abundance_0.15,C24189G;A24312T,S:A876G;S:Y917F,7,587,0.0119250425894378,0,
1152026,BA.2_0.02_abundance_0.15,C24189G;T24192A;A24424T,S:A876G;S:L877Q;S:Q954H,7,396,0.0176767676767676,0,
1152026,BA.2_0.02_abundance_0.15,T24192A;A24424T,S:L877Q;S:Q954H,23,396,0.058080808080808,0,
1152026,BA.2_0.02_abundance_0.15,A24312T;A24424T,S:Y917F;S:Q954H,42,396,0.106060606060606,8,BA.5.2.1:4;BA.2:4
1152026,BA.2_0.02_abundance_0.15,A24424T;A24569T,S:Q954H;S:S1003C,33,47,0.7021276595744681,4,BA.1.1:2;BA.5:1;BA.2:1
1152026,BA.2_0.02_abundance_0.15,A24569T;G24683T,S:S1003C;S:D1041Y,19,210,0.0904761904761904,0,
1152026,BA.2_0.02_abundance_0.15,A24803C;G24985T;C25000T,S:I1081L;S:L1141F;S:D1146D,102,947,0.1077085533262935,0,
1152026,BA.2_0.02_abundance_0.15,A24803C;C25000T,S:I1081L;S:D1146D,98,947,0.1034846884899683,19,BA.5.2.22:1;BA.2.12.1:1;BA.5.6:9;BA.5.1.18:1;BA.5.2.1:1;BA.1.1:1;BA.1.17:1;BA.5.2:1;BA.2.36:3
1152026,BA.2_0.02_abundance_0.15,A26108T;C26270T,ORF3a:E239V;E:T9I,10,10,1.0,34,BA.1:1;BF.7:2;BA.4.1.1:1;BA.2:7;BA.4.1:3;BA.1.1:14;BA.5.2.1:1;BA.1.15:1;BE.1.1:2;BA.2.75:1;BA.2.12.1:1
1152026,BA.2_0.02_abundance_0.15,C26270T;T26321A,E:T9I;E:F26Y,603,1940,0.3108247422680412,1,BA.2:1
1152026,BA.2_0.02_abundance_0.15,C26577G;C26704T;G26709A,M:Q19E;M:T61I;M:A63T,125,2485,0.0503018108651911,6,BA.1.1:2;BA.4.1:1;BA.2:1;BA.5.3.1:1;BA.2.12.1:1
1152026,BA.2_0.02_abundance_0.15,C26577G;C26704T;G26709A;C26858T,M:Q19E;M:T61I;M:A63T;M:F112F,797,2174,0.3666053357865685,3,BA.4.1:1;BA.2:1;BA.2.12.1:1
1152026,BA.2_0.02_abundance_0.15,C26577G;G26709A;T26780C;C26858T,M:Q19E;M:A63T;M:C86C;M:F112F,23,2174,0.0105795768169273,32,BA.2.3:4;BA.2.12.1:20;BA.2.75:2;BA.2:3;BA.4.1:2;BJ.1:1
1152026,BA.2_0.02_abundance_0.15,C26577G;G26709A;T26729C;C26858T,M:Q19E;M:A63T;M:A69A;M:F112F,74,2174,0.0340386384544618,122,BA.4.6:61;BA.2.75:4;BA.2:21;BA.4:2;BA.4.1:12;BA.2.12.1:21;BA.4.6.5:1
1152026,BA.2_0.02_abundance_0.15,C26577G;C26704T;G26709A;T26729C;C26858T,M:Q19E;M:T61I;M:A63T;M:A69A;M:F112F,55,2174,0.0252989880404783,3,BA.4.1:1;BA.2:1;BA.2.12.1:1
1152026,BA.2_0.02_abundance_0.15,C26858T;A27109C,M:F112F;M:Y196S,13,22,0.5909090909090909,0,
1152026,BA.2_0.02_abundance_0.15,C27085G;A27109C,M:A188G;M:Y196S,7,252,0.0277777777777777,0,
1152026,BA.2_0.02_abundance_0.15,A27317G;A27334G;G27382C;A27383T;T27384C,ORF6:N39S;ORF6:T45A;ORF6:D61H;ORF6:D61V;ORF6:D61D,37,719,0.0514603616133518,0,
1152026,BA.2_0.02_abundance_0.15,A27317G;G27382C;A27383T;T27384C,ORF6:N39S;ORF6:D61H;ORF6:D61V;ORF6:D61D,77,719,0.1070931849791377,18,BA.2.12.1:2;BA.2:14;BA.2.3:1;BA.2.9:1
1152026,BA.2_0.02_abundance_0.15,A27334G;G27382C;A27383T;T27384C,ORF6:T45A;ORF6:D61H;ORF6:D61V;ORF6:D61D,240,719,0.3337969401947149,86,BA.2:75;BA.2.14:1;BA.2.36:1;XBB.1:1;BA.2.72:2;BA.2.9:3;BA.2.12.1:2;BA.2.10:1
1152026,BA.2_0.02_abundance_0.15,A27867C;G28085C,ORF7b:N38H;ORF8:E64D,24,131,0.183206106870229,0,
1152026,BA.2_0.02_abundance_0.15,A28447C;T28693A,N:Q58H;N:N140K,33,252,0.1309523809523809,0,
1152026,BA.2_0.02_abundance_0.15,A28447C;A28664C;T28693A,N:Q58H;N:I131L;N:N140K,9,252,0.0357142857142857,0,
1152026,BA.2_0.02_abundance_0.15,C28511A;T28693A,N:P80T;N:N140K,5,252,0.0198412698412698,0,
1152026,BA.2_0.02_abundance_0.15,A28664C;T28693A,N:I131L;N:N140K,25,252,0.0992063492063492,0,
1152026,BA.2_0.02_abundance_0.15,A29396T;A29510C,N:K375*;N:S413R,9,15,0.6,0,
1152026,BA.2_0.02_abundance_0.15,A29396T;A29510C;T29597A,N:K375*;N:S413R;ORF10:Y14N,5,12,0.4166666666666667,0,
1222026,BA.2_0.02_abundance_0.15,T2149C;G2164T,ORF1a:L628L;ORF1a:E633D,8,154,0.0519480519480519,0,
1222026,BA.2_0.02_abundance_0.15,A5321G;A5452T,ORF1a:I1686V;ORF1a:R1729S,34,55,0.6181818181818182,0,
1222026,BA.2_0.02_abundance_0.15,A5321G;A5452T;G5480T,ORF1a:I1686V;ORF1a:R1729S;ORF1a:A1739S,5,52,0.0961538461538461,0,
1222026,BA.2_0.02_abundance_0.15,G5690C;T5727A,ORF1a:A1809P;ORF1a:F1821Y,5,152,0.0328947368421052,0,
1222026,BA.2_0.02_abundance_0.15,A12207C;A12272T,ORF1a:K3981T;ORF1a:K4003*,15,914,0.0164113785557986,0,
1222026,BA.2_0.02_abundance_0.15,G12872T;C12880T,ORF1a:G4203C;ORF1a:I4205I,186,790,0.2354430379746835,2,BF.7:1;BA.1.15:1
1222026,BA.2_0.02_abundance_0.15,G12872T;C12880T;C12932G,ORF1a:G4203C;ORF1a:I4205I;ORF1a:P4223A,35,790,0.0443037974683544,0,
1222026,BA.2_0.02_abundance_0.15,C12880T;C12932G,ORF1a:I4205I;ORF1a:P4223A,89,790,0.1126582278481012,0,
1222026,BA.2_0.02_abundance_0.15,A13703T;A13931C,ORF1b:N79I;ORF1b:D155A,11,269,0.0408921933085501,0,
1222026,BA.2_0.02_abundance_0.15,T13857A;A13931C,ORF1b:C130*;ORF1b:D155A,34,269,0.1263940520446096,0,
1222026,BA.2_0.02_abundance_0.15,C14914A;T15044C,ORF1b:Q483K;ORF1b:V526A,44,1069,0.0411599625818522,0,
1222026,BA.2_0.02_abundance_0.15,A14959T;T15044C,ORF1b:N498Y;ORF1b:V526A,17,1070,0.0158878504672897,0,
1222026,BA.2_0.02_abundance_0.15,G15233C;T15460A,ORF1b:W589S;ORF1b:Y665N,123,1228,0.1001628664495114,0,
1222026,BA.2_0.02_abundance_0.15,T15567A;C15714T,ORF1b:S700S;ORF1b:L749L,148,5431,0.0272509666728042,1,BA.5.1:1
1222026,BA.2_0.02_abundance_0.15,A15702C;C15714T,ORF1b:S745S;ORF1b:L749L,1149,5434,0.2114464482885535,19,BA.4.6:1;BA.5.1:16;BA.5.2.12:1;BA.5.6.1:1
1222026,BA.2_0.02_abundance_0.15,A15702C;C15714T;C15763A,ORF1b:S745S;ORF1b:L749L;ORF1b:L766I,129,5058,0.0255041518386714,0,
1222026,BA.2_0.02_abundance_0.15,C15714T;C15763A,ORF1b:L749L;ORF1b:L766I,441,5058,0.0871886120996441,31,BA.5.1:22;BA.5.2:4;BA.2:5
1222026,BA.2_0.02_abundance_0.15,T17262C;C17410T,ORF1b:C1265C;ORF1b:R1315C,414,2764,0.1497829232995658,31,AY.34:3;BA.4.6:2;BQ.1.1.22:3;BA.5.5:2;BA.2:4;BA.4.1.4:1;BA.5:2;BA.5.2:4;BA.2.76:1;BA.5.2.1:7;BA.2.12.1:1;BG.2:1
1222026,BA.2_0.02_abundance_0.15,C18701T;A18798G,ORF1b:S1745L;ORF1b:L1777L,212,3064,0.0691906005221932,0,
1222026,BA.2_0.02_abundance_0.15,A18798G;T18820A,ORF1b:L1777L;ORF1b:C1785S,40,3064,0.0130548302872062,0,
1222026,BA.2_0.02_abundance_0.15,G22578A;C22674T;T22679C;C22686T;A22688G;T22736A;G22775A;A22786C;G22813T,S:G339D;S:S371F;S:S373P;S:S375F;S:T376A;S:F392I;S:D405N;S:R408S;S:K417N,164,528,0.3106060606060606,0,
1222026,BA.2_0.02_abundance_0.15,G22578A;C22674T;T22679C;C22686T;A22688G;T22736A,S:G339D;S:S371F;S:S373P;S:S375F;S:T376A;S:F392I,7,569,0.0123022847100175,0,
1222026,BA.2_0.02_abundance_0.15,C23170A;T23197A;A23403G,S:N536K;S:G545G;S:D614G,399,3420,0.1166666666666666,0,
1222026,BA.2_0.02_abundance_0.15,C23170A;A23403G,S:N536K;S:D614G,216,3420,0.0631578947368421,74,AY.43:4;BA.5.2.3:1;BA.5.2.1:1;B.1.1.7:4;AY.4.2:2;BA.5.1.23:1;AY.103:10;B.1.1.48:1;B.1.400:2;AY.44:4;AY.110:2;B:1;BA.2.75:1;AY.77:3;BA.4.6:1;AY.3:1;BF.14:1;B.1.2:3;B.1.1.519:1;AY.98.1:1;BA.5.2:3;B.1.36.29:1;AY.46.6:1;BF.7:1;AY.25:1;BA.2:3;BA.5:1;B.1.177:1;AY.7.1:1;AY.35:1;XBB.1:1;B.1.396:1;AY.4:3;B.1.595:1;BA.2.10.1:1;AY.23:1;BA.1.1:2;BF.28:1;B.1.351.2:1;AY.99.2:3
1222026,BA.2_0.02_abundance_0.15,T23197A;A23403G,S:G545G;S:D614G,1828,3422,0.5341905318527177,1,BA.1.1:1
1222026,BA.2_0.02_abundance_0.15,G24291A;A24424T,S:G910E;S:Q954H,41,743,0.0551816958277254,2,BA.1.1:1;BA.1:1
1222026,BA.2_0.02_abundance_0.15,A24424T;C24466A,S:Q954H;S:S968S,5,33,0.1515151515151515,1010,BA.2:140;BF.7:13;BF.26:3;BA.2.12.1:4;BN.1.5:1;BE.1.1:2;BA.2.75:31;BA.1:40;BF.8:2;BQ.1.1:1;BA.5.2:12;BA.1.17.2:3;BA.5.3.1:2;BA.2.9:28;BE.1:3;BA.5.2.1:5;BF.5:88;BA.5:5;BA.1.1:23;BA.5.2.21:5;BA.5.1.1:1;BA.1.20:1;BA.1.1.2:1;BA.5.2.6:1;BA.4.1:1;BA.5.1:8;BA.1.18:1;BA.2.3:3;BA.5.1.7:1;BA.5.2.37:5;BA.4:7;BA.1.13:2;BA.1.15:533;BA.1.21:3;BA.4.6:2;BA.5.5:3;BA.1.1.18:1;BA.5.6:1;BA.1.1.1:2;BA.1.17:3;BA.5.2.32:1;BA.2.42:3;BA.2.6:1;BA.2.5:1;BA.2.10:1;BA.5.3:2;BA.2.76:2;BA.4.8:1;BA.2.75.5:1;BA.5.2.9:1;BA.5.1.30:2;BA.1.19:2;BA.1.14.1:1
1222026,BA.2_0.02_abundance_0.15,A24424T;G24620C,S:Q954H;S:A1020P,7,33,0.2121212121212121,1,BA.2.12.1:1
1222026,BA.2_0.02_abundance_0.15,A24825T;A24885G;C25000T,S:H1088L;S:N1108S;S:D1146D,48,931,0.0515574650912996,0,
1222026,BA.2_0.02_abundance_0.15,A24825T;C25000T,S:H1088L;S:D1146D,26,931,0.0279269602577873,4,BA.5.2:1;BF.5:2;BA.2:1
1222026,BA.2_0.02_abundance_0.15,A24885G;C25000T,S:N1108S;S:D1146D,530,933,0.5680600214362272,46,BA.5.1:5;BA.2.3:6;BA.2:3;AY.4:16;BA.1.17.2:1;BQ.1.1.23:2;BA.1.1:4;BA.5.2:2;BA.5.1.3:1;BA.2.12.1:1;BA.1.1.2:2;BA.2.75:1;BA.5.2.1:1;BA.2.9:1
1222026,BA.2_0.02_abundance_0.15,C25463G;C25584T,ORF3a:T24S;ORF3a:T64T,83,1942,0.0427394438722966,7,BA.2.1:4;BF.1:1;BA.1.1:2
1222026,BA.2_0.02_abundance_0.15,G25970C;C26270T,ORF3a:W193S;E:T9I,137,324,0.4228395061728395,24,BA.1.17.2:11;BA.2.12:2;BA.5.2.1:4;BA.5.6:1;BA.5.2:1;BA.1.1:3;BA.2:2
1222026,BA.2_0.02_abundance_0.15,C26270T;T26374C,E:T9I;E:C44R,20,107,0.1869158878504672,1,BA.1.17:1
1222026,BA.2_0.02_abundance_0.15,C26270T;A26341G,E:T9I;E:I33V,12,107,0.1121495327102803,2,BA.2.75.1:1;BA.2:1
1222026,BA.2_0.02_abundance_0.15,C26577G;C26697A;G26709A;C26858T,M:Q19E;M:P59T;M:A63T;M:F112F,279,6238,0.0447258736774607,2,BA.1:2
1222026,BA.2_0.02_abundance_0.15,G27382C;A27383T;T27384C;G27469T,ORF6:D61H;ORF6:D61V;ORF6:D61D;ORF7a:G26C,108,1634,0.0660954712362301,22,BA.2.12.1:1;BA.2.9:9;BA.2.41:1;BA.2:8;BA.2.67:1;BA.4.6:1;BA.2.75:1
1222026,BA.2_0.02_abundance_0.15,G28237C;C28311T,ORF8:R115P;N:P13L,567,2113,0.2683388547089446,49,BA.1.15.1:5;BA.5.2:1;BE.1.1:1;BA.5.1:24;BA.1.1.11:1;BA.5.2.1:5;BA.2.38:6;BA.5:2;BA.4:1;BQ.1.13:1;BA.1.1:1;BA.2.3:1
1222026,BA.2_0.02_abundance_0.15,C28589T;T28598G,N:P106S;N:Y109D,881,1722,0.5116144018583043,0,
1222026,BA.2_0.02_abundance_0.15,C28589T;T28598G;G28712C,N:P106S;N:Y109D;N:G147R,49,1584,0.0309343434343434,0,
1222026,BA.2_0.02_abundance_0.15,T28598G;G28712C,N:Y109D;N:G147R,24,1584,0.0151515151515151,0,
1222026,BA.2_0.02_abundance_0.15,T29501A;A29510C,N:S410T;N:S413R,52,522,0.0996168582375478,20,BA.2:4;BA.2.9:2;BA.5.1:1;BA.2.10:1;BA.5.1.3:2;BM.1.1.3:1;BA.5.10:1;BA.5.2.26:8
1292026,BA.2_0.02_abundance_0.15,G581A;T670G,ORF1a:V106I;ORF1a:S135R,935,2685,0.3482309124767225,547,BA.5.1:117;BA.5.2.3:3;BE.1:2;BF.7:6;BA.2.78:1;BA.2.12.1:43;BA.5.2.1:15;BA.2.9:7;BA.5.2.9:10;BA.2:150;BE.1.1:3;BA.5.1.2:5;BA.2.75:4;BA.4.6:6;BA.5.2:43;XBB.2:1;BA.5.1.1:2;BF.5:5;BF.10:1;BA.5.2.22:21;BA.5.6:10;BA.5:4;BA.2.38:1;BA.5.1.10:6;BA.5.1.12:2;BA.4.4:2;BA.2.3:18;BA.2.13:3;BA.5.3.1:2;BA.2.36:2;BA.2.3.1:1;BQ.1.1.2:1;BQ.1.1:6;BQ.1.8:10;BA.5.5:3;BN.1.3.1:1;BA.4:4;BQ.1.23:1;BA.4.1:1;BA.2.10:1;BA.2.3.2:2;BQ.1:2;BQ.1.10:1;BF.7.6:1;BF.22:1;BA.5.1.22:1;BA.2.29:1;CQ.1:1;BA.5.1.24:1;BA.2.62:1;BN.1.4:1;BE.5:1;BA.5.1.23:2;CM.7:4;BN.1:1;BA.5.9:1;BA.5.1.6:1
1292026,BA.2_0.02_abundance_0.15,T670G;A938T,ORF1a:S135R;ORF1a:K225*,120,339,0.3539823008849557,0,
1292026,BA.2_0.02_abundance_0.15,T670G;G992T,ORF1a:S135R;ORF1a:E243*,8,78,0.1025641025641025,0,
1292026,BA.2_0.02_abundance_0.15,A938T;G992T,ORF1a:K225*;ORF1a:E243*,46,717,0.0641562064156206,0,
1292026,BA.2_0.02_abundance_0.15,T2034A;A2064G,ORF1a:L590*;ORF1a:Y600C,8,463,0.0172786177105831,0,
1292026,BA.2_0.02_abundance_0.15,A2064G;T2148C,ORF1a:Y600C;ORF1a:L628P,5,428,0.0116822429906542,0,
1292026,BA.2_0.02_abundance_0.15,C3037T;G3113A,ORF1a:F924F;ORF1a:G950S,17,359,0.0473537604456824,429,BA.5.1.17:2;BQ.1.12:1;BA.2.10:2;AY.122:64;BA.5.2.1:10;BA.2.9:43;BA.4.6:1;CM.2:25;BA.1.1.14:2;BA.5.1:2;B.1.351:2;BA.1.17.2:3;BA.5.1.1:4;BA.5.5:4;BA.5.2:30;AY.44:9;AY.35:1;AY.103:4;BA.1.1:10;BA.2:53;BA.1.18:9;AY.119:1;AY.25.1:2;AY.7.1:1;B.1.617.2:10;BA.1:6;B.1.1.7:10;BA.2.3.15:1;B.1:1;BA.2.75:5;AY.43:7;AY.121.1:3;AY.26:9;B.1.2:2;BF.24:1;P.1:3;AY.20:5;B.1.466.2:1;B.1.429:1;AY.4:13;AY.69:1;AY.29:30;AY.25:4;BA.4.1:1;AY.5.3:3;BA.2.12.1:4;BA.2.3:1;AY.24:2;AY.109:4;BA.5.2.9:1;B.1.177:2;AY.9.2:1;B.1.36.29:2;BF.5:1;AY.121:1;AY.43.4:1;AY.100:2;BE.1.1:1;AY.98.1:1;BA.2.76:1;P.1.17:1;BA.5.1.24:1
1292026,BA.2_0.02_abundance_0.15,A3350C;A3413T,ORF1a:S1029R;ORF1a:K1050*,26,785,0.0331210191082802,0,
1292026,BA.2_0.02_abundance_0.15,G3518T;A3786G,ORF1a:V1085F;ORF1a:Y1174C,12,68,0.1764705882352941,0,
1292026,BA.2_0.02_abundance_0.15,C4795A;G4936A,ORF1a:S1510S;ORF1a:K1557K,125,484,0.2582644628099173,0,
1292026,BA.2_0.02_abundance_0.15,G5156T;T5265C,ORF1a:A1631S;ORF1a:I1667T,10,147,0.0680272108843537,0,
1292026,BA.2_0.02_abundance_0.15,A6531G;T6771G,ORF1a:E2089G;ORF1a:M2169R,11,171,0.0643274853801169,0,
1292026,BA.2_0.02_abundance_0.15,G7115A;G7116C,ORF1a:G2284S;ORF1a:G2284A,10,41,0.2439024390243902,1,B.1.617.2:1
1292026,BA.2_0.02_abundance_0.15,T7717C;A7880C,ORF1a:T2484T;ORF1a:N2539H,7,364,0.0192307692307692,0,
1292026,BA.2_0.02_abundance_0.15,T9316G;C9344T;A9424G;C9534T,ORF1a:V3017V;ORF1a:L3027F;ORF1a:V3053V;ORF1a:T3090I,38,1358,0.0279823269513991,11,BA.2.75:7;BA.2.75.6:1;BA.5.5:1;BA.5.1.6:2
1292026,BA.2_0.02_abundance_0.15,C9344T;A9424G;T9427G;C9534T,ORF1a:L3027F;ORF1a:V3053V;ORF1a:A3054A;ORF1a:T3090I,56,1360,0.0411764705882352,5,BA.5.1.24:1;BA.5.2.5:1;BE.1.1.1:3
1292026,BA.2_0.02_abundance_0.15,C9534T;T9642C,ORF1a:T3090I;ORF1a:I3126T,81,441,0.1836734693877551,30,BA.2.3.15:2;BA.5.2.18:1;BE.1:1;BA.2:8;BA.2.10.1:4;BA.5.5:4;BN.1.4:1;BA.2.12.1:1;BA.5.2:2;BA.5.2.33:1;BA.1:2;AY.39:1;BA.5.1:1;BA.2.9.5:1
1292026,BA.2_0.02_abundance_0.15,A12587G;C12596A,ORF1a:I4108V;ORF1a:L4111I,111,3399,0.0326566637246248,0,
1292026,BA.2_0.02_abundance_0.15,A12587G;A12595G;C12596A,ORF1a:I4108V;ORF1a:Q4110Q;ORF1a:L4111I,61,3399,0.0179464548396587,0,
1292026,BA.2_0.02_abundance_0.15,A12587G;A12595G,ORF1a:I4108V;ORF1a:Q4110Q,45,3399,0.0132391879964695,0,
1292026,BA.2_0.02_abundance_0.15,A12595G;C12596A,ORF1a:Q4110Q;ORF1a:L4111I,827,3399,0.2433068549573404,0,
1292026,BA.2_0.02_abundance_0.15,C12813G;A12850T;C12880T,ORF1a:A4183G;ORF1a:R4195S;ORF1a:I4205I,55,2624,0.0209603658536585,0,
1292026,BA.2_0.02_abundance_0.15,A12850T;C12880T,ORF1a:R4195S;ORF1a:I4205I,1850,2624,0.7050304878048781,0,
1292026,BA.2_0.02_abundance_0.15,G13257A;T13331G,ORF1a:R4331H;ORF1a:C4356G,32,1879,0.0170303352847259,0,
1292026,BA.2_0.02_abundance_0.15,C14408T;A14507C,ORF1b:P314L;ORF1b:N347T,51,886,0.0575620767494356,4,B.1:1;B.1.1.7:1;BA.5.2:1;B.1.466.2:1
1292026,BA.2_0.02_abundance_0.15,T15676G;C15714T,ORF1b:Y737D;ORF1b:L749L,199,5568,0.0357399425287356,0,
1292026,BA.2_0.02_abundance_0.15,C21396A;C21618T,ORF1b:D2643E;S:T19I,7,54,0.1296296296296296,3,BQ.1.1:1;BA.2:1;BA.5.2.6:1
1292026,BA.2_0.02_abundance_0.15,T21755A;G21987A,S:F65I;S:G142D,59,1689,0.0349319123741859,8,B.1.617.2:1;AY.119.2:1;BA.5.2:1;AY.4:2;BA.2.9:1;AY.121:1;AY.25:1
1292026,BA.2_0.02_abundance_0.15,T22200G;T22209C,S:V213G;S:L216P,387,738,0.524390243902439,12,BA.5.2.1:3;BA.4.6:2;BA.2.10:1;BA.1.1:2;BA.5.2.31:1;BE.1.3:1;BA.2:1;BA.2.75:1
1292026,BA.2_0.02_abundance_0.15,G22992A;C22995A;A23013C;A23040G;C23057T;T23075C,S:S477N;S:T478K;S:E484A;S:Q493R;S:P499S;S:Y505H,22,365,0.0602739726027397,8,BA.2:4;BA.1.17:1;BA.1.15:2;BA.2.12.1:1
1292026,BA.2_0.02_abundance_0.15,T23861A;G23948T,S:L767I;S:D796Y,27,1037,0.026036644165863,3,BA.2.38:1;BA.1.1:1;BA.2:1
1292026,BA.2_0.02_abundance_0.15,G23948T;A24036T,S:D796Y;S:K825I,103,973,0.105858170606372,2,BA.2.12.1:1;BQ.1.1:1
1292026,BA.2_0.02_abundance_0.15,T24225G;A24424T,S:F888C;S:Q954H,77,1392,0.0553160919540229,0,
1292026,BA.2_0.02_abundance_0.15,C26270T;A26566C,E:T9I;M:K15T,6,7,0.8571428571428571,3,BA.1.1:2;BA.2.75:1
1292026,BA.2_0.02_abundance_0.15,A26566C;C26577G;G26709A;C26858T,M:K15T;M:Q19E;M:A63T;M:F112F,2452,3641,0.6734413622631146,0,
1292026,BA.2_0.02_abundance_0.15,A26566C;C26577G;G26709A;G26849T;C26858T,M:K15T;M:Q19E;M:A63T;M:M109I;M:F112F,271,3641,0.0744301016204339,0,
1292026,BA.2_0.02_abundance_0.15,A26566C;C26577G;G26709A,M:K15T;M:Q19E;M:A63T,395,4128,0.095687984496124,2,BA.1.1:2
1292026,BA.2_0.02_abundance_0.15,C26577G;G26709A;G26849T;C26858T,M:Q19E;M:A63T;M:M109I;M:F112F,97,3651,0.0265680635442344,198,BA.4.6:17;BA.2.75.1:1;BA.2:82;BA.2.75:2;BA.2.29:1;BA.2.12:2;BA.2.36:3;XBB.1:18;BA.2.9.5:1;BA.2.66:1;BA.2.38:1;BA.4:6;BA.4.1.5:1;BA.2.9:9;BA.4.4:1;BA.2.3:10;BA.2.82:6;BA.2.23:3;BA.2.2:1;BA.2.10.1:1;BA.2.56:1;BA.2.10:3;BA.4.5:1;BA.4.1:3;BA.2.12.1:18;BA.2.3.6:1;BA.2.65:1;BA.2.37:2;BA.4.2:1
1292026,BA.2_0.02_abundance_0.15,T27080G;C27092T,M:R186R;M:D190D,27,174,0.1551724137931034,0,
1292026,BA.2_0.02_abundance_0.15,A27259C;C27263G;A27383T;T27384C,ORF6:R20R;ORF6:T21S;ORF6:D61V;ORF6:D61D,783,2819,0.2777580702376729,1,BA.2.12:1
1292026,BA.2_0.02_abundance_0.15,A27259C;C27263G,ORF6:R20R;ORF6:T21S,54,3024,0.0178571428571428,1,BA.2.12:1
1292026,BA.2_0.02_abundance_0.15,A27259C;C27367T;A27383T;T27384C,ORF6:R20R;ORF6:Q56*;ORF6:D61V;ORF6:D61D,40,2819,0.0141894288754877,27,BA.4.6:2;BA.2:18;BA.4.1:1;BA.2.12.1:3;BA.2.3:1;BA.2.10:1;BA.2.9:1
1292026,BA.2_0.02_abundance_0.15,A29387C;A29510C,N:K372Q;N:S413R,110,671,0.1639344262295081,9,BA.2.10:3;BA.2:3;BA.2.10.2:3
2052026,BA.2_0.02_abundance_0.15,G373T;T670G,ORF1a:E36D;ORF1a:S135R,301,2300,0.1308695652173913,286,BA.2.52:2;BA.2:50;BA.2.12.1:11;BA.5.2.1:75;BE.1:6;BA.5.2.6:12;BF.26:13;XBB:4;BA.5.2:18;BQ.1.1:5;BA.5.5:14;BF.5:11;BA.5.1.2:1;BA.5.1.1:1;BQ.1.1.24:1;BQ.1.1.21:1;BA.5.1:15;BA.5.6.1:1;BA.2.29:1;BA.2.75:4;XBB.3:2;BF.27:2;BE.3:1;BQ.1.1.3:2;BA.5.2.23:2;BA.2.10:5;BA.5.2.18:1;BQ.1.1.22:5;BA.5.2.34:1;BQ.1.13:1;BA.5.1.25:1;BA.4.1:1;BA.5.3.1:2;BA.5.1.10:1;BA.2.9:6;BA.4.6:1;BA.5.8:1;XBB.1:1;BQ.1.10:1;BA.2.9.3:1;BE.1.1:1;BA.5.1.12:1
2052026,BA.2_0.02_abundance_0.15,G373T;G431A;T670G,ORF1a:E36D;ORF1a:V56I;ORF1a:S135R,150,2300,0.0652173913043478,0,
2052026,BA.2_0.02_abundance_0.15,G431A;T670G,ORF1a:V56I;ORF1a:S135R,606,2301,0.2633637548891786,58,BA.5.1:2;BA.2.12.1:3;BA.2:9;BE.1:4;BA.2.3:8;BA.5.2:4;BA.5.5:1;BE.1.1:4;BQ.1.1:4;BF.3:1;BA.5.3.1:1;BA.2.10:9;BA.2.9:1;BE.5:2;BA.4.6:1;BF.8:1;BA.5.2.1:2;BW.1.1:1
2052026,BA.2_0.02_abundance_0.15,G431A;T670G;T694C,ORF1a:V56I;ORF1a:S135R;ORF1a:F143F,16,232,0.0689655172413793,0,
2052026,BA.2_0.02_abundance_0.15,T670G;T694C,ORF1a:S135R;ORF1a:F143F,96,634,0.1514195583596214,117,BA.5.2.19:1;BA.2:31;BA.5.2.12:1;BF.7:2;BA.2.9:2;BA.5.2:32;BA.5.2.1:2;BA.2.3.12:2;BY.1:1;BQ.1.1.22:3;BA.4:3;BF.5:4;BA.2.3:1;BA.4.1.9:1;BA.5.2.6:1;BA.2.12.1:9;BA.5.2.21:1;BQ.1.1:1;BA.5.6:1;BA.4.1:2;BA.5.2.18:1;BA.2.3.13:1;BA.5.2.44:1;BA.5.2.20:1;BA.5.1.24:1;BA.1.1:1;BA.2.75:2;BA.2.12.2:2;BA.4.1.1:1;BQ.1.1.4:1;BA.5.1:1;BA.5.5:1;BF.7.5:1;BA.4.6:1
2052026,BA.2_0.02_abundance_0.15,T6287C;C6318A;G6364T;C6395G;T6407A,ORF1a:W2008R;ORF1a:P2018Q;ORF1a:A2033A;ORF1a:L2044V;ORF1a:S2048T,5,246,0.0203252032520325,0,
2052026,BA.2_0.02_abundance_0.15,A8425T;A8555T,ORF1a:S2720S;ORF1a:K2764*,63,567,0.1111111111111111,0,
2052026,BA.2_0.02_abundance_0.15,C9534T;T9629A,ORF1a:T3090I;ORF1a:F3122I,232,634,0.3659305993690852,1,BA.2.3.17:1
2052026,BA.2_0.02_abundance_0.15,C9534T;C9603A,ORF1a:T3090I;ORF1a:T3113K,29,634,0.0457413249211356,0,
2052026,BA.2_0.02_abundance_0.15,C9534T;G9648A,ORF1a:T3090I;ORF1a:W3128*,20,634,0.0315457413249211,3,BA.5.2:1;BA.2:1;BA.5.1.1:1
2052026,BA.2_0.02_abundance_0.15,C9534T;T9629A;G9648A,ORF1a:T3090I;ORF1a:F3122I;ORF1a:W3128*,21,634,0.0331230283911671,0,
2052026,BA.2_0.02_abundance_0.15,C9534T;C9603A;T9629A,ORF1a:T3090I;ORF1a:T3113K;ORF1a:F3122I,27,634,0.0425867507886435,0,
2052026,BA.2_0.02_abundance_0.15,C9534T;T9628A,ORF1a:T3090I;ORF1a:S3121S,19,634,0.029968454258675,0,
2052026,BA.2_0.02_abundance_0.15,C9534T;T9628A;T9629A,ORF1a:T3090I;ORF1a:S3121S;ORF1a:F3122I,16,634,0.0252365930599369,0,
2052026,BA.2_0.02_abundance_0.15,T10003A;T10008A;A10014G;C10029T;A9873C;A9874T,ORF1a:S3246S;ORF1a:V3248D;ORF1a:Y3250C;ORF1a:T3255I;ORF1a:Q3203P;ORF1a:Q3203H,8,384,0.0208333333333333,0,
2052026,BA.2_0.02_abundance_0.15,C10029T;A10037C;G9947C,ORF1a:T3255I;ORF1a:T3258P;ORF1a:E3228Q,25,386,0.0647668393782383,0,
2052026,BA.2_0.02_abundance_0.15,C10029T;G9947C,ORF1a:T3255I;ORF1a:E3228Q,33,386,0.0854922279792746,2,BA.1.1:1;BA.2:1
2052026,BA.2_0.02_abundance_0.15,C10029T;A10037C,ORF1a:T3255I;ORF1a:T3258P,99,386,0.2564766839378238,1,BA.1.1:1
2052026,BA.2_0.02_abundance_0.15,G10447A;T10561C,ORF1a:R3394R;ORF1a:T3432T,39,692,0.0563583815028901,975,BA.2:804;BA.5.1.30:1;BA.2.56:6;BA.2.12.1:55;BA.2.23:1;BA.5.1:6;BA.2.24:3;BA.5.2.1:17;BA.4.6:7;BA.2.2:1;BA.2.18:2;BA.2.37:2;BA.5.2.9:1;BA.4.1:5;CH.1.1:5;BA.2.9:3;BA.4.4:1;BA.2.52:1;BE.1.1.2:1;BE.1.1:5;BA.5.5:1;BA.2.75:6;BF.10:4;BQ.1:4;BA.5.2:5;BA.2.38:1;BQ.1.1:1;BA.5.2.25:1;BA.4:2;BE.1:1;BA.2.10:1;XBB.1:1;BF.19:2;BA.5.3:3;BA.2.1:1;BA.2.31:1;BA.2.3:3;BF.11:1;BA.2.17:1;BA.5.2.20:1;BA.2.12:1;BA.5.2.33:3;BA.5.2.2:1;BA.2.3.9:2
2052026,BA.2_0.02_abundance_0.15,T11079C;G11327C,ORF1a:F3605S;ORF1a:A3688P,14,725,0.0193103448275862,0,
2052026,BA.2_0.02_abundance_0.15,T12799C;T12851G;T12862A;C12880A;T12908G;A12928G;C12970G,ORF1a:G4178G;ORF1a:F4196V;ORF1a:S4199R;ORF1a:I4205I;ORF1a:F4215V;ORF1a:K4221K;ORF1a:N4235K,24,1093,0.0219579139981701,0,
2052026,BA.2_0.02_abundance_0.15,T13710A;G13726C;T13779G;G13793T;T13800C,ORF1b:L81L;ORF1b:V87L;ORF1b:H104Q;ORF1b:R109L;ORF1b:T111T,9,385,0.0233766233766233,0,
2052026,BA.2_0.02_abundance_0.15,A14634G;C14670G;T14684C;T14704C;C14768G;G14773T,ORF1b:V389V;ORF1b:V401V;ORF1b:F406S;ORF1b:F413L;ORF1b:A434G;ORF1b:D436Y,26,1521,0.017094017094017,0,
2052026,BA.2_0.02_abundance_0.15,A14634G;C14670G;T14684C;T14704C;C14768G;G14773T;T14892G,ORF1b:V389V;ORF1b:V401V;ORF1b:F406S;ORF1b:F413L;ORF1b:A434G;ORF1b:D436Y;ORF1b:D475E,6,217,0.0276497695852534,0,
2052026,BA.2_0.02_abundance_0.15,C15714T;T15750G,ORF1b:L749L;ORF1b:Y761*,339,3289,0.1030708422012769,0,
2052026,BA.2_0.02_abundance_0.15,A16347G;T16384C,ORF1b:T960T;ORF1b:C973R,6,289,0.0207612456747404,0,
2052026,BA.2_0.02_abundance_0.15,A16882T;G17017A,ORF1b:T1139S;ORF1b:E1184K,79,1595,0.0495297805642633,0,
2052026,BA.2_0.02_abundance_0.15,G16945T;G17017A,ORF1b:A1160S;ORF1b:E1184K,53,1595,0.0332288401253918,0,
2052026,BA.2_0.02_abundance_0.15,C17410T;T17618C,ORF1b:R1315C;ORF1b:L1384P,5,40,0.125,0,
2052026,BA.2_0.02_abundance_0.15,C17410T;T17643G,ORF1b:R1315C;ORF1b:A1392A,5,39,0.1282051282051282,52,BA.5.2:37;AY.98:3;BA.2.12.1:1;BA.2:4;BL.1:1;BA.4.6:2;BA.5.2.1:2;BA.4:1;BA.5.1.22:1
2052026,BA.2_0.02_abundance_0.15,T17618C;T17643G,ORF1b:L1384P;ORF1b:A1392A,9,320,0.028125,0,
2052026,BA.2_0.02_abundance_0.15,C18109G;A18163G,ORF1b:P1548A;ORF1b:I1566V,161,590,0.2728813559322033,0,
2052026,BA.2_0.02_abundance_0.15,T20911A;C21013T;A21027T;G21044A;C21092G;T21111C,ORF1b:L2482I;ORF1b:H2516Y;ORF1b:K2520N;ORF1b:S2526N;ORF1b:S2542C;ORF1b:T2548T,57,2705,0.0210720887245841,0,
2052026,BA.2_0.02_abundance_0.15,T22665C;C22674T;T22679C;C22686T;A22688G;T22722A;G22775A,S:L368P;S:S371F;S:S373P;S:S375F;S:T376A;S:L387*;S:D405N,10,182,0.0549450549450549,0,
2052026,BA.2_0.02_abundance_0.15,C22674T;T22679C;C22686T;A22688G;T22722A;G22775A,S:S371F;S:S373P;S:S375F;S:T376A;S:L387*;S:D405N,120,182,0.6593406593406593,0,
2052026,BA.2_0.02_abundance_0.15,C22674T;T22679C;C22686T;A22688G;T22722A,S:S371F;S:S373P;S:S375F;S:T376A;S:L387*,10,199,0.050251256281407,0,
2052026,BA.2_0.02_abundance_0.15,T23278A;A23362C;A23403G,S:T572T;S:P600P;S:D614G,49,2087,0.0234786775275515,0,
2052026,BA.2_0.02_abundance_0.15,A23362C;A23403G,S:P600P;S:D614G,1093,2087,0.5237182558696694,30,AY.99.2:1;AY.4:4;BE.1.1:2;BA.5.5:1;BA.4.6:1;BA.1.15:2;B.1.582:10;BA.1.16:1;BA.2:1;AY.122:1;B.1.1.7:1;BQ.1.15:1;B.1.177:2;BA.1:1;BA.5.2.1:1
2052026,BA.2_0.02_abundance_0.15,A23362C;A23403G;G23461A,S:P600P;S:D614G;S:W633*,26,2045,0.0127139364303178,0,
2052026,BA.2_0.02_abundance_0.15,A23403G;G23461A,S:D614G;S:W633*,28,2045,0.0136919315403422,2,BA.1:2
2052026,BA.2_0.02_abundance_0.15,C23844T;C23854A;T23875C;A23899C;T23943C;G23948T;T23959G;T23967A;A24002T;T24029A,S:T761I;S:N764K;S:A771A;S:Q779H;S:I794T;S:D796Y;S:G799G;S:F802Y;S:K814*;S:F823I,5,496,0.0100806451612903,0,
2052026,BA.2_0.02_abundance_0.15,C23844T;C23854A;T23875C;A23899C;T23943C;G23948T;T23959G;T23967A;A24002T,S:T761I;S:N764K;S:A771A;S:Q779H;S:I794T;S:D796Y;S:G799G;S:F802Y;S:K814*,7,496,0.0141129032258064,0,
2052026,BA.2_0.02_abundance_0.15,C23854A;G23948T;T24029A,S:N764K;S:D796Y;S:F823I,205,496,0.4133064516129032,3,BA.1.15:1;BA.2:1;BA.2.12.1:1
2052026,BA.2_0.02_abundance_0.15,C23854A;G23948T;A23989G,S:N764K;S:D796Y;S:P809P,14,496,0.0282258064516129,1073,BA.5.1:377;XZ:1;BA.1.1.2:11;BA.5.5:6;CH.1.1:1;BA.2:306;BA.5.1.6:2;BA.2.12.1:41;BA.5.2.1:21;BA.4.7:4;BA.2.75:22;BA.5.2:30;BA.1.17.2:9;BQ.1.23:1;BF.10:22;BA.1.1.14:1;BA.4.1.8:1;BA.2.3.12:1;BA.1.1:101;BA.5.6:7;BE.3:2;BA.4.6:1;XBB.1:2;BA.4.1:10;BQ.1.1.15:1;BA.1:17;BA.1.20:1;BA.2.10:8;BA.2.65:1;BA.4:6;BQ.1.5:4;BF.16:2;BA.2.8:1;BF.14:3;BF.28:3;BA.2.3:2;BA.2.1:1;BQ.1.1:1;XBE:1;BL.1:1;BA.1.1.1:1;BA.1.1.16:2;BA.1.17:5;BA.2.9:2;BA.2.3.11:2;BF.7:1;BA.5.1.22:2;BA.1.1.18:6;BA.5:3;BA.1.15:3;BQ.1.6:1;BF.5:2;BA.5.1.23:4;BQ.1:1;BF.27:1;XBB.2:1;BA.5.2.9:1;BA.1.15.1:1;BA.4.1.1:1
2052026,BA.2_0.02_abundance_0.15,G24239T;A24424T,S:A893S;S:Q954H,14,292,0.047945205479452,163,BA.5.1:13;BA.5.2.1:6;BA.4.6:1;BF.26:1;BN.1.3:1;BA.2:29;BA.2.9:5;BA.1.1.15:2;BA.1.20:23;BA.5.1.6:1;BA.1.1:16;BA.5.6:1;BA.1.1.1:10;BA.1.1.14:2;BA.5:1;BA.4.1:4;BF.10:2;BA.2.12.1:6;BA.5.2:4;BA.5.1.24:5;BA.1.1.18:1;BA.1.15:4;BA.1:7;BF.8:2;BE.1.1.2:1;BA.1.1.2:1;BA.2.3:1;BF.21:1;BA.1.17:2;BA.2.23:2;BF.7.4.1:1;BA.5.1.22:1;BA.2.75.1:1;BE.1.1:1;BA.1.1.13:1;BA.1.17.2:2;BQ.1.1.4:1
2052026,BA.2_0.02_abundance_0.15,T24341C;A24424T,S:F927L;S:Q954H,13,292,0.0445205479452054,4,BA.2:2;BA.1.15:1;BA.1.1:1
2052026,BA.2_0.02_abundance_0.15,A24610C;C24720A,S:A1016A;S:P1053H,7,26,0.2692307692307692,0,
2052026,BA.2_0.02_abundance_0.15,T25303A;C25584T,S:C1247*;ORF3a:T64T,30,62,0.4838709677419355,1,BA.2.65:1
2052026,BA.2_0.02_abundance_0.15,A25664G;T25722C;T25813G;A25826C,ORF3a:Y91C;ORF3a:A110A;ORF3a:Y141D;ORF3a:Y145S,5,238,0.0210084033613445,0,
2052026,BA.2_0.02_abundance_0.15,A26162C;C26270T,ORF3a:N257T;E:T9I,42,116,0.3620689655172414,16,BA.1.13.1:3;BA.5.1.10:4;BA.5.1:1;BA.5.2:2;BA.5.2.1:1;BA.2.23:1;BA.1.1:3;BA.5.1.23:1
2052026,BA.2_0.02_abundance_0.15,C26577G;C26697T;G26709A;C26858T,M:Q19E;M:P59S;M:A63T;M:F112F,1000,2504,0.3993610223642173,1,BA.2.38:1
2052026,BA.2_0.02_abundance_0.15,C26577G;C26697T;G26709A,M:Q19E;M:P59S;M:A63T,191,2879,0.0663424800277874,1,BA.2.38:1
2052026,BA.2_0.02_abundance_0.15,C26577G;C26697T;G26709A;T26817G;C26858T,M:Q19E;M:P59S;M:A63T;M:S99A;M:F112F,354,2504,0.1413738019169329,0,
2052026,BA.2_0.02_abundance_0.15,C26577G;G26709A;T26817G;C26858T,M:Q19E;M:A63T;M:S99A;M:F112F,305,2504,0.1218051118210862,3,BA.2:3
2052026,BA.2_0.02_abundance_0.15,C26577G;C26697T;G26709A;T26817G,M:Q19E;M:P59S;M:A63T;M:S99A,29,2676,0.0108370702541106,0,
2052026,BA.2_0.02_abundance_0.15,T27210A;A27259C;G27382C;A27383T;T27384C,ORF6:H3Q;ORF6:R20R;ORF6:D61H;ORF6:D61V;ORF6:D61D,620,2462,0.2518277822908205,25,BA.2:20;BA.2.24:1;BA.2.5:4
2052026,BA.2_0.02_abundance_0.15,T27210A;A27259C,ORF6:H3Q;ORF6:R20R,49,2658,0.0184349134687735,28,BA.2:22;BA.1:1;BA.2.24:1;BA.2.5:4
2052026,BA.2_0.02_abundance_0.15,T27210A;A27259C;T27346G;G27382C;A27383T;T27384C,ORF6:H3Q;ORF6:R20R;ORF6:Y49D;ORF6:D61H;ORF6:D61V;ORF6:D61D,58,2462,0.0235580828594638,0,
2052026,BA.2_0.02_abundance_0.15,T27210A;A27259C;T27265G;G27382C;A27383T;T27384C,ORF6:H3Q;ORF6:R20R;ORF6:F22V;ORF6:D61H;ORF6:D61V;ORF6:D61D,26,2462,0.0105605199025182,0,
2052026,BA.2_0.02_abundance_0.15,A27259C;T27346G;G27382C;A27383T;T27384C,ORF6:R20R;ORF6:Y49D;ORF6:D61H;ORF6:D61V;ORF6:D61D,139,2463,0.0564352415753146,3,BA.1.1:2;BA.2.72:1
2052026,BA.2_0.02_abundance_0.15,A27259C;T27265G;G27382C;A27383T;T27384C,ORF6:R20R;ORF6:F22V;ORF6:D61H;ORF6:D61V;ORF6:D61D,59,2463,0.0239545269995939,4,BA.2:4
2052026,BA.2_0.02_abundance_0.15,G29033T;C29137T,N:A254S;N:D288D,48,1697,0.0282852091926929,0,
2122026,BA.2_0.02_abundance_0.15,G353T;T670G,ORF1a:G30C;ORF1a:S135R,13,265,0.0490566037735849,96,BA.2:55;BA.5.8:2;BQ.1.1:1;BA.5.2:5;BA.5.5:1;BA.2.3.11:1;BA.5.1.10:8;BA.2.36:1;BA.5.1:1;BA.2.12.1:4;BA.5.2.1:4;BQ.1.10.1:1;BA.2.3:1;BQ.1.1.22:1;BQ.1.1.7:1;BQ.1.1.4:1;BQ.1.1.15:1;BA.4.6:2;BA.2.65:1;BQ.1.25:1;BF.7:1;BA.2.9:1;BA.2.75:1
2122026,BA.2_0.02_abundance_0.15,T380G;T484C;G495C;G545C;T670G,ORF1a:L39V;ORF1a:R73R;ORF1a:R77P;ORF1a:G94R;ORF1a:S135R,25,1118,0.0223613595706618,0,
2122026,BA.2_0.02_abundance_0.15,T1030A;T1061C;G1085T;A1120C;A1137C;A1203G,ORF1a:F255L;ORF1a:F266L;ORF1a:V274L;ORF1a:Q285H;ORF1a:K291T;ORF1a:N313S,10,385,0.0259740259740259,0,
2122026,BA.2_0.02_abundance_0.15,A1866C;A1900T,ORF1a:Y534S;ORF1a:R545R,107,3325,0.0321804511278195,0,
2122026,BA.2_0.02_abundance_0.15,T2868A;A2909T;C2980A;G2993C;C3037T;T3073A;T3118A,ORF1a:V868E;ORF1a:T882S;ORF1a:Y905*;ORF1a:E910Q;ORF1a:F924F;ORF1a:C936*;ORF1a:T951T,18,534,0.0337078651685393,0,
2122026,BA.2_0.02_abundance_0.15,T2989C;C3037T,ORF1a:F908F;ORF1a:F924F,11,597,0.0184254606365159,539,B.1.1.7:394;BA.2:8;BA.1:2;B.1.466.2:2;BE.3:13;AY.4:3;BA.5.3.3:12;AY.44:3;BA.5.5:1;BA.5.2.1:16;BA.5.1:3;BA.1.1:5;BA.5:1;BN.1.2:1;AY.122:1;B.1.375:1;B.1.1.263:1;B.1.177:1;AY.4.5:1;BA.2.9:1;BA.1.15:1;BA.1.1.11:38;B.1.351:1;AY.118:2;AY.39:1;BA.2.10:2;BA.2.75:2;AY.3:1;BA.2.3.1:1;AY.4.2.1:3;BA.1.1.18:1;AY.5:5;AY.85:1;B.1.160:2;AY.100:5;BF.10:1;BA.4.6:1;BA.2.3.2:1
2122026,BA.2_0.02_abundance_0.15,G3259T;C3264T,ORF1a:Q998H;ORF1a:T1000I,9,107,0.0841121495327102,8,BQ.1.1:1;BA.5.8:2;B.1.1.294:1;BA.2.3:3;BA.5:1
2122026,BA.2_0.02_abundance_0.15,T3930A;G3994T;T4041A,ORF1a:V1222D;ORF1a:L1243L;ORF1a:I1259N,13,530,0.0245283018867924,0,
2122026,BA.2_0.02_abundance_0.15,G3947A;A4108C,ORF1a:D1228N;ORF1a:K1281N,27,513,0.0526315789473684,0,
2122026,BA.2_0.02_abundance_0.15,C4746T;G4802T,ORF1a:S1494F;ORF1a:D1513Y,10,344,0.0290697674418604,0,
2122026,BA.2_0.02_abundance_0.15,A6206G;T6287C;C6318A;G6364T;C6395G;T6407A;C6432G;C6445A,ORF1a:K1981E;ORF1a:W2008R;ORF1a:P2018Q;ORF1a:A2033A;ORF1a:L2044V;ORF1a:S2048T;ORF1a:T2056S;ORF1a:D2060E,21,919,0.0228509249183895,0,
2122026,BA.2_0.02_abundance_0.15,T6287C;C6318A;G6364T;C6395G;T6407A;C6432G;C6445A,ORF1a:W2008R;ORF1a:P2018Q;ORF1a:A2033A;ORF1a:L2044V;ORF1a:S2048T;ORF1a:T2056S;ORF1a:D2060E,18,1526,0.0117955439056356,0,
2122026,BA.2_0.02_abundance_0.15,A6613C;T6614A;C6636G;A6677T;T6736A;T6747G,ORF1a:V2116V;ORF1a:L2117I;ORF1a:T2124S;ORF1a:I2138L;ORF1a:V2157V;ORF1a:L2161*,18,608,0.0296052631578947,0,
2122026,BA.2_0.02_abundance_0.15,A7069T;A7193C;T7202G;C7254G;C7279G;T7325C;G7331C,ORF1a:E2268D;ORF1a:T2310P;ORF1a:S2313A;ORF1a:A2330G;ORF1a:F2338L;ORF1a:F2354L;ORF1a:V2356L,5,281,0.0177935943060498,0,
2122026,BA.2_0.02_abundance_0.15,A7193C;T7202G;C7254G;C7279G;T7325C;G7331C,ORF1a:T2310P;ORF1a:S2313A;ORF1a:A2330G;ORF1a:F2338L;ORF1a:F2354L;ORF1a:V2356L,25,1048,0.023854961832061,0,
2122026,BA.2_0.02_abundance_0.15,G8653C;T8822C,ORF1a:M2796I;ORF1a:L2853L,10,428,0.0233644859813084,1,B.1.2:1
2122026,BA.2_0.02_abundance_0.15,A8955C;A8995T;T9043A;A9058G;A9079G;G9128C,ORF1a:Y2897S;ORF1a:T2910T;ORF1a:S2926S;ORF1a:P2931P;ORF1a:V2938V;ORF1a:V2955L,13,390,0.0333333333333333,0,
2122026,BA.2_0.02_abundance_0.15,A8985T;A9204G,ORF1a:D2907V;ORF1a:D2980G,7,349,0.0200573065902578,0,
2122026,BA.2_0.02_abundance_0.15,C9534T;C9746G,ORF1a:T3090I;ORF1a:L3161V,473,1301,0.3635664873174481,2,BA.5.5.1:2
2122026,BA.2_0.02_abundance_0.15,C9534T;C9592G,ORF1a:T3090I;ORF1a:Y3109*,43,1378,0.0312046444121915,0,
2122026,BA.2_0.02_abundance_0.15,C10419T;G10444C;G10447A;T10534C;C10544T;G10574A;G10575C;T10598A,ORF1a:P3385L;ORF1a:M3393I;ORF1a:R3394R;ORF1a:C3423C;ORF1a:H3427Y;ORF1a:G3437S;ORF1a:G3437A;ORF1a:Y3445N,17,685,0.0248175182481751,0,
2122026,BA.2_0.02_abundance_0.15,T11038C;G11055A;T11110G;G11114A;T11129C;A11279G;A11302C;C11345A,ORF1a:L3591L;ORF1a:S3597N;ORF1a:A3615A;ORF1a:G3617S;ORF1a:S3622P;ORF1a:T3672A;ORF1a:L3679L;ORF1a:L3694I,21,812,0.0258620689655172,0,
2122026,BA.2_0.02_abundance_0.15,C11345A;A11519G,ORF1a:L3694I;ORF1a:M3752V,73,2096,0.0348282442748091,0,
2122026,BA.2_0.02_abundance_0.15,C12043G;A12063G;A12065T;G12104T;G12185C;T12214G,ORF1a:D3926E;ORF1a:E3933G;ORF1a:M3934L;ORF1a:E3947*;ORF1a:E3974Q;ORF1a:S3983S,17,1609,0.0105655686761963,0,
2122026,BA.2_0.02_abundance_0.15,C12043G;A12063G;A12065T;G12104T;G12185C;T12214G;A12219C,ORF1a:D3926E;ORF1a:E3933G;ORF1a:M3934L;ORF1a:E3947*;ORF1a:E3974Q;ORF1a:S3983S;ORF1a:N3985T,12,692,0.0173410404624277,0,
2122026,BA.2_0.02_abundance_0.15,T12094G;C12194G,ORF1a:A3943A;ORF1a:L3977V,28,2338,0.0119760479041916,0,
2122026,BA.2_0.02_abundance_0.15,G12185C;T12214G;A12219C;G12278C;A12324G,ORF1a:E3974Q;ORF1a:S3983S;ORF1a:N3985T;ORF1a:A4005P;ORF1a:D4020G,16,626,0.0255591054313099,0,
2122026,BA.2_0.02_abundance_0.15,T12799C;T12851G;T12862A;C12880A;T12908G;A12928G;C12970G,ORF1a:G4178G;ORF1a:F4196V;ORF1a:S4199R;ORF1a:I4205I;ORF1a:F4215V;ORF1a:K4221K;ORF1a:N4235K,36,1317,0.0273348519362186,0,
2122026,BA.2_0.02_abundance_0.15,G12859A;C12880T,ORF1a:K4198K;ORF1a:I4205I,102,1417,0.0719830628087508,27,BA.5.2:4;BA.5.6:1;BA.5.2.9:1;BA.2.12.1:7;BA.2.9:3;XBB.2:1;BQ.1:1;BA.2.3:4;BA.2:5
2122026,BA.2_0.02_abundance_0.15,G12859A;C12880T;G12984C,ORF1a:K4198K;ORF1a:I4205I;ORF1a:G4240A,130,1318,0.0986342943854324,0,
2122026,BA.2_0.02_abundance_0.15,C12880T;G12984C,ORF1a:I4205I;ORF1a:G4240A,617,1318,0.468133535660091,0,
2122026,BA.2_0.02_abundance_0.15,C13072A;C13130G;T13250G;G13287A;T13310C,ORF1a:F4269L;ORF1a:Q4289E;ORF1a:Y4329D;ORF1a:G4341E;ORF1a:Y4349H,38,1107,0.034327009936766,0,
2122026,BA.2_0.02_abundance_0.15,G13425T;A13535G,ORF1a:R4387L;ORF1b:Y23C,5,158,0.0316455696202531,0,
2122026,BA.2_0.02_abundance_0.15,T13952C;A14010C;G14044C;T14094A;G14197T;C14204A;T14221A;T14222C,ORF1b:I162T;ORF1b:V181V;ORF1b:V193L;ORF1b:D209E;ORF1b:A244S;ORF1b:S246*;ORF1b:L252I;ORF1b:L252S,6,579,0.0103626943005181,0,
2122026,BA.2_0.02_abundance_0.15,A14010C;G14044C;T14094A;G14197T;C14204A;T14221A;T14222C,ORF1b:V181V;ORF1b:V193L;ORF1b:D209E;ORF1b:A244S;ORF1b:S246*;ORF1b:L252I;ORF1b:L252S,48,2214,0.021680216802168,0,
2122026,BA.2_0.02_abundance_0.15,T14299C;C14408T,ORF1b:F278L;ORF1b:P314L,636,1115,0.5704035874439461,1,BA.1:1
2122026,BA.2_0.02_abundance_0.15,A14634G;C14670G;T14684C;T14704C;C14768G;G14773T;T14855G,ORF1b:V389V;ORF1b:V401V;ORF1b:F406S;ORF1b:F413L;ORF1b:A434G;ORF1b:D436Y;ORF1b:V463G,24,900,0.0266666666666666,0,
2122026,BA.2_0.02_abundance_0.15,T14951A;T14988A;T15056G;A15057C;T15072G,ORF1b:F495Y;ORF1b:Y507*;ORF1b:I530R;ORF1b:I530I;ORF1b:L535L,6,370,0.0162162162162162,0,
2122026,BA.2_0.02_abundance_0.15,T14951A;T14988A;T15056G;T15072G,ORF1b:F495Y;ORF1b:Y507*;ORF1b:I530R;ORF1b:L535L,6,370,0.0162162162162162,0,
2122026,BA.2_0.02_abundance_0.15,A14964C;A15057C,ORF1b:K499N;ORF1b:I530I,75,370,0.2027027027027027,0,
2122026,BA.2_0.02_abundance_0.15,T15244A;G15268T;T15281G;A15283T;C15319G;G15446A,ORF1b:L593I;ORF1b:E601*;ORF1b:L605R;ORF1b:M606L;ORF1b:P618A;ORF1b:C660Y,60,1862,0.0322234156820623,0,
2122026,BA.2_0.02_abundance_0.15,A15554C;G15658T;C15680A;T15682C;C15714T;G15724T;T15784G;A15831G,ORF1b:N696T;ORF1b:D731Y;ORF1b:A738E;ORF1b:Y739H;ORF1b:L749L;ORF1b:A753S;ORF1b:F773V;ORF1b:A788A,59,2302,0.025629887054735,0,
2122026,BA.2_0.02_abundance_0.15,T15915A;A15948C;T15978C;A16108T;T16124G,ORF1b:D816E;ORF1b:R827S;ORF1b:D837D;ORF1b:K881*;ORF1b:L886*,53,3899,0.0135932290330854,0,
2122026,BA.2_0.02_abundance_0.15,C16043G;C16084A,ORF1b:P859R;ORF1b:H873N,201,3906,0.0514592933947772,0,
2122026,BA.2_0.02_abundance_0.15,C16215G;G16259C;A16296C;G16336T,ORF1b:Y916*;ORF1b:C931S;ORF1b:I943I;ORF1b:V957F,7,338,0.0207100591715976,0,
2122026,BA.2_0.02_abundance_0.15,T16820G;T16834A;T16854A;A16981T,ORF1b:I1118R;ORF1b:F1123I;ORF1b:G1129G;ORF1b:I1172F,33,1617,0.0204081632653061,0,
2122026,BA.2_0.02_abundance_0.15,A16868T;A17006C,ORF1b:Y1134F;ORF1b:N1180T,20,1504,0.0132978723404255,0,
2122026,BA.2_0.02_abundance_0.15,C17125A;A17187G;A17289T;C17372T,ORF1b:L1220I;ORF1b:L1240L;ORF1b:T1274T;ORF1b:A1302V,40,3699,0.0108137334414706,0,
2122026,BA.2_0.02_abundance_0.15,C17125A;A17187G;A17289T;C17372T;C17410T,ORF1b:L1220I;ORF1b:L1240L;ORF1b:T1274T;ORF1b:A1302V;ORF1b:R1315C,63,2410,0.0261410788381742,0,
2122026,BA.2_0.02_abundance_0.15,C17410T;G17601A,ORF1b:R1315C;ORF1b:L1378L,60,308,0.1948051948051948,241,BA.5.1:13;BA.5.5:6;BA.5.2:14;BA.2.3.15:1;BA.5:2;BF.7:4;BF.10:39;BQ.1.12:2;BA.2.75:18;BA.2:82;BQ.1.1:1;BA.5.2.1:3;BQ.1.11:3;BQ.1.26:2;BQ.1.10:1;BE.1:4;BA.2.9:9;BA.2.3:2;BA.5.2.12:1;BA.5.1.24:1;BN.1.3:11;BA.2.29:1;BA.5.11:1;BA.5.6:1;BF.21:1;BA.4.1.7:2;BF.26:1;BF.11:1;BQ.1:1;BA.5.2.20:2;BA.2.10.1:1;BE.1.1:3;BA.5.1.25:1;BA.5.2.26:1;BA.5.1.1:1;BA.2.10:1;BN.6:1;BA.5.2.13:1;BA.5.2.30:1
2122026,BA.2_0.02_abundance_0.15,C17410T;C17430G;G17596C;C17597A;A17629G;T17670G;A17691C;A17697G,ORF1b:R1315C;ORF1b:Y1321*;ORF1b:A1377P;ORF1b:A1377D;ORF1b:K1388E;ORF1b:G1401G;ORF1b:S1408S;ORF1b:A1410A,7,287,0.024390243902439,0,
2122026,BA.2_0.02_abundance_0.15,C17410T;T17529A,ORF1b:R1315C;ORF1b:T1354T,7,308,0.0227272727272727,0,
2122026,BA.2_0.02_abundance_0.15,C17430G;G17596C;C17597A;A17629G;T17670G;A17691C;A17697G,ORF1b:Y1321*;ORF1b:A1377P;ORF1b:A1377D;ORF1b:K1388E;ORF1b:G1401G;ORF1b:S1408S;ORF1b:A1410A,52,2308,0.022530329289428,0,
2122026,BA.2_0.02_abundance_0.15,A18044G;A18163G,ORF1b:E1526G;ORF1b:I1566V,17,978,0.0173824130879345,16,BA.5.8:1;BA.1:11;BA.1.1:3;BA.2:1
2122026,BA.2_0.02_abundance_0.15,G18049T;G18090C;C18094T;A18116T;T18132G;A18153C;T18156G;A18163G;T18164C;G18194A;T18200A,ORF1b:V1528L;ORF1b:G1541G;ORF1b:H1543Y;ORF1b:H1550L;ORF1b:T1555T;ORF1b:L1562F;ORF1b:C1563W;ORF1b:I1566V;ORF1b:I1566T;ORF1b:R1576K;ORF1b:L1578H,14,978,0.0143149284253578,0,
2122026,BA.2_0.02_abundance_0.15,A18163G;C18204A,ORF1b:I1566V;ORF1b:I1579I,194,978,0.1983640081799591,43,BA.2:12;BA.5.5:1;BA.2.36:13;BA.2.75:2;BA.1.1:4;BQ.1.10:1;BQ.1.1.12:1;BA.1:1;BA.1.17:2;BA.5.2.1:2;BA.2.13:1;BA.2.65:1;BA.2.75.2:1;BA.1.15:1
2122026,BA.2_0.02_abundance_0.15,A18163G;C18183G,ORF1b:I1566V;ORF1b:D1572E,128,978,0.130879345603272,0,
2122026,BA.2_0.02_abundance_0.15,A18163G;C18183G;C18204A,ORF1b:I1566V;ORF1b:D1572E;ORF1b:I1579I,56,978,0.0572597137014314,0,
2122026,BA.2_0.02_abundance_0.15,A18163G;A18251C,ORF1b:I1566V;ORF1b:N1595T,23,921,0.0249728555917481,1,BA.1.1:1
2122026,BA.2_0.02_abundance_0.15,A18163G;C18204A;A18251C,ORF1b:I1566V;ORF1b:I1579I;ORF1b:N1595T,17,921,0.018458197611292,0,
2122026,BA.2_0.02_abundance_0.15,C18356T;A18378C;T18621A,ORF1b:P1630L;ORF1b:T1637T;ORF1b:S1718S,11,644,0.0170807453416149,0,
2122026,BA.2_0.02_abundance_0.15,T18621A;A18639T;C18681T;C18860A;T18866G;C18894G;C18917T,ORF1b:S1718S;ORF1b:K1724N;ORF1b:A1738A;ORF1b:A1798E;ORF1b:M1800R;ORF1b:C1809W;ORF1b:T1817I,6,205,0.0292682926829268,0,
2122026,BA.2_0.02_abundance_0.15,A18639T;C18681T;C18860A;T18866G;C18894G;C18917T,ORF1b:K1724N;ORF1b:A1738A;ORF1b:A1798E;ORF1b:M1800R;ORF1b:C1809W;ORF1b:T1817I,55,2734,0.0201170446232626,0,
2122026,BA.2_0.02_abundance_0.15,A19589C;T19597G;A19603C;A19779T;T19792G;T19797G;A19799T;C19814A,ORF1b:Y2041S;ORF1b:W2044G;ORF1b:T2046P;ORF1b:V2104V;ORF1b:W2109G;ORF1b:A2110A;ORF1b:K2111M;ORF1b:P2116Q,13,542,0.0239852398523985,0,
2122026,BA.2_0.02_abundance_0.15,G19645C;A19799T,ORF1b:V2060L;ORF1b:K2111M,161,669,0.2406576980568012,0,
2122026,BA.2_0.02_abundance_0.15,T20520A;T20526G;A20546C;T20573A;A20593C;G20672T,ORF1b:D2351E;ORF1b:F2353L;ORF1b:Q2360P;ORF1b:V2369D;ORF1b:T2376P;ORF1b:W2402L,56,2678,0.0209111277072442,0,
2122026,BA.2_0.02_abundance_0.15,G21175T;A21315G;C21342T,ORF1b:E2570*;ORF1b:I2616M;ORF1b:Y2625Y,10,214,0.0467289719626168,0,
2122026,BA.2_0.02_abundance_0.15,G21175T;A21315G,ORF1b:E2570*;ORF1b:I2616M,9,232,0.0387931034482758,0,
2122026,BA.2_0.02_abundance_0.15,G21175T;C21342T,ORF1b:E2570*;ORF1b:Y2625Y,6,214,0.02803738317757,0,
2122026,BA.2_0.02_abundance_0.15,G21175T;G21186C;A21315G,ORF1b:E2570*;ORF1b:W2573C;ORF1b:I2616M,5,232,0.021551724137931,0,
2122026,BA.2_0.02_abundance_0.15,G21186C;A21315G;C21342T,ORF1b:W2573C;ORF1b:I2616M;ORF1b:Y2625Y,22,214,0.102803738317757,0,
2122026,BA.2_0.02_abundance_0.15,G21186C;A21315G,ORF1b:W2573C;ORF1b:I2616M,13,232,0.0560344827586206,0,
2122026,BA.2_0.02_abundance_0.15,A21250C;A21315G;C21342T,ORF1b:N2595H;ORF1b:I2616M;ORF1b:Y2625Y,5,214,0.0233644859813084,0,
2122026,BA.2_0.02_abundance_0.15,A21250C;A21315G,ORF1b:N2595H;ORF1b:I2616M,7,232,0.0301724137931034,0,
2122026,BA.2_0.02_abundance_0.15,A21315G;C21342T,ORF1b:I2616M;ORF1b:Y2625Y,44,214,0.205607476635514,0,
2122026,BA.2_0.02_abundance_0.15,T21752A;T21773C;T21813A;T21823C;A21845C;A21884G;A21900C;G21987A,S:W64R;S:S71P;S:L84Q;S:N87N;S:T95P;S:T108A;S:K113T;S:G142D,13,589,0.0220713073005093,0,
2122026,BA.2_0.02_abundance_0.15,A23168G;G23273A;A23295C;C23297G;T23346C;T23374A;A23403G;G23429A;G23478A,S:N536D;S:D571N;S:D578A;S:P579A;S:V595A;S:T604T;S:D614G;S:A623T;S:G639D,24,1747,0.0137378362907842,0,
2122026,BA.2_0.02_abundance_0.15,A23168G;G23273A;A23295C;C23297G;T23346C;T23374A;A23403G;G23429A;G23478A;A23484G,S:N536D;S:D571N;S:D578A;S:P579A;S:V595A;S:T604T;S:D614G;S:A623T;S:G639D;S:N641S,27,794,0.0340050377833753,0,
2122026,BA.2_0.02_abundance_0.15,T23850A;T23875C;A23899C;T23943C;G23948T;T23959G;T23967A;A24002T,S:L763*;S:A771A;S:Q779H;S:I794T;S:D796Y;S:G799G;S:F802Y;S:K814*,5,138,0.036231884057971,0,
2122026,BA.2_0.02_abundance_0.15,C23934G;G23948T,S:T791R;S:D796Y,16,138,0.1159420289855072,4,BA.1.1:1;BA.5.2.1:3
2122026,BA.2_0.02_abundance_0.15,G23948T;A24090T,S:D796Y;S:D843V,8,133,0.0601503759398496,4,BA.2.21:1;BF.10:1;BF.5:2
2122026,BA.2_0.02_abundance_0.15,C24251T;C24387G;A24424T,S:P897S;S:A942G;S:Q954H,13,421,0.0308788598574821,0,
2122026,BA.2_0.02_abundance_0.15,C24251T;A24424T,S:P897S;S:Q954H,10,421,0.0237529691211401,0,
2122026,BA.2_0.02_abundance_0.15,C24387G;A24424T,S:A942G;S:Q954H,197,421,0.4679334916864608,3,BA.1.1:3
2122026,BA.2_0.02_abundance_0.15,T24951A;A24952C;C25000T,S:I1130K;S:I1130I;S:D1146D,50,1783,0.0280426247896803,0,
2122026,BA.2_0.02_abundance_0.15,A25368C;T25402C;T25529A;C25584T;A25591G;G25599C;A25602C,S:K1269T;ORF3a:F4L;ORF3a:L46H;ORF3a:T64T;ORF3a:K67E;ORF3a:W69C;ORF3a:Q70H,31,1078,0.0287569573283859,0,
2122026,BA.2_0.02_abundance_0.15,T25415G;C25584T,ORF3a:F8C;ORF3a:T64T,386,1082,0.3567467652495379,4,BA.1:2;BA.1.1:2
2122026,BA.2_0.02_abundance_0.15,C26577G;A26693T;G26709A;C26858T,M:Q19E;M:L57F;M:A63T;M:F112F,701,3464,0.2023672055427251,1,BA.2.9:1
2122026,BA.2_0.02_abundance_0.15,C26577G;A26693T;G26709A,M:Q19E;M:L57F;M:A63T,95,3941,0.0241055569652372,2,BA.2.9:1;BA.1.14:1
2122026,BA.2_0.02_abundance_0.15,C26577G;G26672C;G26709A;C26858T,M:Q19E;M:K50N;M:A63T;M:F112F,149,3464,0.043013856812933,0,
2122026,BA.2_0.02_abundance_0.15,C26577G;G26672C;A26693T;G26709A;C26858T,M:Q19E;M:K50N;M:L57F;M:A63T;M:F112F,46,3464,0.0132794457274826,0,
2122026,BA.2_0.02_abundance_0.15,G27204A;T27257G;A27259C;A27301T;G27337C;C27352A;G27361T;G27382C,ORF6:MX;ORF6:M19R;ORF6:R20R;ORF6:N34Y;ORF6:E46Q;ORF6:Q51K;ORF6:E54*;ORF6:D61H,19,595,0.0319327731092436,0,
2122026,BA.2_0.02_abundance_0.15,T27835G;A27867T;A27868T;G28036A;C28132A,ORF7b:I27S;ORF7b:N38Y;ORF7b:N38I;ORF8:R48K;ORF8:T80K,15,510,0.0294117647058823,0,
2122026,BA.2_0.02_abundance_0.15,T27835G;A27867T;A27868T;G28036A,ORF7b:I27S;ORF7b:N38Y;ORF7b:N38I;ORF8:R48K,13,1020,0.0127450980392156,0,
2122026,BA.2_0.02_abundance_0.15,C28132A;G28276C;G28307A;C28311T;C28397A,ORF8:T80K;N:MX;N:A12T;N:P13L;N:P42T,87,2834,0.0306986591390261,0,
2122026,BA.2_0.02_abundance_0.15,T28192A;C28311T,ORF8:V100E;N:P13L,88,3059,0.0287675711016672,15,BA.1.17.2:1;BA.1.1:12;BA.5.2.28:2
2122026,BA.2_0.02_abundance_0.15,T28570A;A28612T;A28733C,N:G99G;N:L113L;N:N154H,17,671,0.0253353204172876,0,
2122026,BA.2_0.02_abundance_0.15,T29059A;A29083T;A29150T;A29209G;C29211T;C29323A,N:R262R;N:V270V;N:R293*;N:S312S;N:A313V;N:V350V,73,2697,0.0270671116054875,0,
2122026,BA.2_0.02_abundance_0.15,T29080G;T29129C,N:N269K;N:F286L,484,3061,0.1581182620058804,0,
2122026,BA.2_0.02_abundance_0.15,C29323A;A29356G;T29452G;T29458C;C29498T;A29510C,N:V350V;N:K361K;N:T393T;N:L395L;N:Q409*;N:S413R,9,221,0.0407239819004524,0,
2122026,BA.2_0.02_abundance_0.15,A29356G;T29452G;T29458C;C29498T;A29510C,N:K361K;N:T393T;N:L395L;N:Q409*;N:S413R,8,729,0.0109739368998628,0,
2192026,BA.2_0.02_abundance_0.15,T277C;T322C,ORF1a:L4L;ORF1a:P19P,18,311,0.0578778135048231,0,
2192026,BA.2_0.02_abundance_0.15,T380G;C475A;T484C;G495C;G545C;A652C;G663A;T670G,ORF1a:L39V;ORF1a:F70L;ORF1a:R73R;ORF1a:R77P;ORF1a:G94R;ORF1a:K129N;ORF1a:G133D;ORF1a:S135R,115,2953,0.0389434473416864,0,
2192026,BA.2_0.02_abundance_0.15,C475A;T670G,ORF1a:F70L;ORF1a:S135R,2124,2953,0.7192685404673214,60,BA.4.4:1;BN.1.3:16;BA.2.75:21;BF.1:8;BA.2.10.1:1;BA.5.2:3;BA.5.2.20:1;BA.5:1;BA.5.2.6:1;BA.2:1;BA.5.2.1:4;BA.2.25.1:1;BA.4.6:1
2192026,BA.2_0.02_abundance_0.15,T1030A;T1061C;G1085T;A1120C;A1137C;A1203G;T1216C;C1284A,ORF1a:F255L;ORF1a:F266L;ORF1a:V274L;ORF1a:Q285H;ORF1a:K291T;ORF1a:N313S;ORF1a:L317L;ORF1a:T340N,146,3190,0.0457680250783699,0,
2192026,BA.2_0.02_abundance_0.15,C1284A;T1370A;C1415G;A1431G;T1443A;C1513G;A1517C;A1566C,ORF1a:T340N;ORF1a:Y369N;ORF1a:L384V;ORF1a:N389S;ORF1a:L393*;ORF1a:C416W;ORF1a:N418H;ORF1a:N434T,63,1544,0.0408031088082901,0,
2192026,BA.2_0.02_abundance_0.15,C1762T;A1764G,ORF1a:F499F;ORF1a:K500R,134,2596,0.0516178736517719,0,
2192026,BA.2_0.02_abundance_0.15,C1762T;A1866C;A1900T,ORF1a:F499F;ORF1a:Y534S;ORF1a:R545R,34,2384,0.0142617449664429,0,
2192026,BA.2_0.02_abundance_0.15,A1866C;A1900T,ORF1a:Y534S;ORF1a:R545R,58,2384,0.0243288590604026,0,
2192026,BA.2_0.02_abundance_0.15,A2215G;A2275G;T2481C;T2489C;C2509A,ORF1a:K650K;ORF1a:E670E;ORF1a:I739T;ORF1a:L742L;ORF1a:P748P,14,216,0.0648148148148148,0,
2192026,BA.2_0.02_abundance_0.15,A2275G;T2481C;T2489C;C2509A,ORF1a:E670E;ORF1a:I739T;ORF1a:L742L;ORF1a:P748P,25,802,0.0311720698254364,0,
2192026,BA.2_0.02_abundance_0.15,A2807T;A2825T,ORF1a:R848W;ORF1a:N854Y,13,417,0.0311750599520383,0,
2192026,BA.2_0.02_abundance_0.15,A2807T;A2825T;T2868A,ORF1a:R848W;ORF1a:N854Y;ORF1a:V868E,6,90,0.0666666666666666,0,
2192026,BA.2_0.02_abundance_0.15,T2868A;A2909T;C2980A;G2993C;C3037T;T3073A;T3118A;A3132T,ORF1a:V868E;ORF1a:T882S;ORF1a:Y905*;ORF1a:E910Q;ORF1a:F924F;ORF1a:C936*;ORF1a:T951T;ORF1a:Q956L,20,348,0.057471264367816,0,
2192026,BA.2_0.02_abundance_0.15,T3256C;A3336G;A3344G;C3393A;A3414C;G3418C;A3430C;T3454A;G3483C,ORF1a:N997N;ORF1a:E1024G;ORF1a:S1027G;ORF1a:A1043E;ORF1a:K1050T;ORF1a:K1051N;ORF1a:T1055T;ORF1a:V1063V;ORF1a:G1073A,40,1275,0.0313725490196078,0,
2192026,BA.2_0.02_abundance_0.15,C4113A;A4222G;C4301G;C4321T,ORF1a:A1283D;ORF1a:K1319K;ORF1a:L1346V;ORF1a:A1352A,23,703,0.0327169274537695,0,
2192026,BA.2_0.02_abundance_0.15,G4694C;C4746T;G4802T,ORF1a:V1477L;ORF1a:S1494F;ORF1a:D1513Y,14,403,0.0347394540942928,0,
2192026,BA.2_0.02_abundance_0.15,T4816G;T4867C,ORF1a:S1517S;ORF1a:S1534S,34,403,0.0843672456575682,0,
2192026,BA.2_0.02_abundance_0.15,A6206G;C6255A;T6287C;C6318A;G6364T;G6392T;C6395G;T6407A;C6432G;C6445A,ORF1a:K1981E;ORF1a:A1997E;ORF1a:W2008R;ORF1a:P2018Q;ORF1a:A2033A;ORF1a:D2043Y;ORF1a:L2044V;ORF1a:S2048T;ORF1a:T2056S;ORF1a:D2060E,7,364,0.0192307692307692,0,
2192026,BA.2_0.02_abundance_0.15,A6206G;T6287C;C6318A;G6364T;G6392T;C6395G;T6407A;C6432G;C6445A,ORF1a:K1981E;ORF1a:W2008R;ORF1a:P2018Q;ORF1a:A2033A;ORF1a:D2043Y;ORF1a:L2044V;ORF1a:S2048T;ORF1a:T2056S;ORF1a:D2060E,9,364,0.0247252747252747,0,
2192026,BA.2_0.02_abundance_0.15,C6255A;C6279T,ORF1a:A1997E;ORF1a:P2005L,16,645,0.0248062015503875,0,
2192026,BA.2_0.02_abundance_0.15,C6255A;C6279T;G6392T,ORF1a:A1997E;ORF1a:P2005L;ORF1a:D2043Y,89,645,0.137984496124031,0,
2192026,BA.2_0.02_abundance_0.15,C6255A;G6392T,ORF1a:A1997E;ORF1a:D2043Y,159,645,0.2465116279069767,0,
2192026,BA.2_0.02_abundance_0.15,C6255A;T6287C;C6318A;G6364T;G6392T;C6395G;T6407A;C6432G;C6445A,ORF1a:A1997E;ORF1a:W2008R;ORF1a:P2018Q;ORF1a:A2033A;ORF1a:D2043Y;ORF1a:L2044V;ORF1a:S2048T;ORF1a:T2056S;ORF1a:D2060E,7,603,0.011608623548922,0,
2192026,BA.2_0.02_abundance_0.15,C6279T;G6392T,ORF1a:P2005L;ORF1a:D2043Y,80,645,0.1240310077519379,0,
2192026,BA.2_0.02_abundance_0.15,T6287C;C6318A;G6364T;G6392T;C6395G;T6407A;C6432G;C6445A,ORF1a:W2008R;ORF1a:P2018Q;ORF1a:A2033A;ORF1a:D2043Y;ORF1a:L2044V;ORF1a:S2048T;ORF1a:T2056S;ORF1a:D2060E,8,603,0.0132669983416252,0,
2192026,BA.2_0.02_abundance_0.15,A6613C;T6614A;C6636G;A6677T;T6736A;T6747G,ORF1a:V2116V;ORF1a:L2117I;ORF1a:T2124S;ORF1a:I2138L;ORF1a:V2157V;ORF1a:L2161*,15,274,0.0547445255474452,0,
2192026,BA.2_0.02_abundance_0.15,T7666A;C7688A;G7718C;G7866A,ORF1a:D2467E;ORF1a:L2475I;ORF1a:D2485H;ORF1a:G2534D,9,167,0.0538922155688622,0,
2192026,BA.2_0.02_abundance_0.15,C7688A;G7718C;G7866A,ORF1a:L2475I;ORF1a:D2485H;ORF1a:G2534D,5,245,0.0204081632653061,0,
2192026,BA.2_0.02_abundance_0.15,A8636G;G8653C;T8822C;T8902A,ORF1a:T2791A;ORF1a:M2796I;ORF1a:L2853L;ORF1a:G2879G,38,1213,0.0313272877164056,0,
2192026,BA.2_0.02_abundance_0.15,A8636G;G8653C;T8822C;G8876A;T8902A,ORF1a:T2791A;ORF1a:M2796I;ORF1a:L2853L;ORF1a:G2871S;ORF1a:G2879G,18,1213,0.0148392415498763,0,
2192026,BA.2_0.02_abundance_0.15,A8955C;A8995T;T9043A;A9058G;A9079G;G9128C,ORF1a:Y2897S;ORF1a:T2910T;ORF1a:S2926S;ORF1a:P2931P;ORF1a:V2938V;ORF1a:V2955L,25,682,0.0366568914956011,0,
2192026,BA.2_0.02_abundance_0.15,A8955C;A8995T;T9043A;A9058G;A9079G;G9128C;A9236G,ORF1a:Y2897S;ORF1a:T2910T;ORF1a:S2926S;ORF1a:P2931P;ORF1a:V2938V;ORF1a:V2955L;ORF1a:R2991G,7,126,0.0555555555555555,0,
2192026,BA.2_0.02_abundance_0.15,A9243C;G9269T;G9321C;C9344T;C9402G;G9414A;A9424G;G9463T;T9464G;C9534T,ORF1a:E2993A;ORF1a:G3002C;ORF1a:C3019S;ORF1a:L3027F;ORF1a:S3046C;ORF1a:G3050D;ORF1a:V3053V;ORF1a:R3066S;ORF1a:F3067V;ORF1a:T3090I,8,190,0.0421052631578947,0,
2192026,BA.2_0.02_abundance_0.15,G9269T;G9321C;C9344T;C9402G;G9414A;A9424G;G9463T;T9464G;C9534T,ORF1a:G3002C;ORF1a:C3019S;ORF1a:L3027F;ORF1a:S3046C;ORF1a:G3050D;ORF1a:V3053V;ORF1a:R3066S;ORF1a:F3067V;ORF1a:T3090I,6,315,0.019047619047619,0,
2192026,BA.2_0.02_abundance_0.15,C9534T;C9592G,ORF1a:T3090I;ORF1a:Y3109*,31,1789,0.0173281162660704,0,
2192026,BA.2_0.02_abundance_0.15,C9534T;C9714G,ORF1a:T3090I;ORF1a:T3150R,78,1789,0.043599776411403,2,BA.5.2.1:1;BA.2:1
2192026,BA.2_0.02_abundance_0.15,C9534T;T9742G,ORF1a:T3090I;ORF1a:N3159K,301,1637,0.1838729383017715,0,
2192026,BA.2_0.02_abundance_0.15,C9534T;C9592G;T9818A;T9823A,ORF1a:T3090I;ORF1a:Y3109*;ORF1a:L3185I;ORF1a:N3186K,10,344,0.0290697674418604,0,
2192026,BA.2_0.02_abundance_0.15,C9534T;C9719T,ORF1a:T3090I;ORF1a:H3152Y,178,1788,0.0995525727069351,2,BA.5.2:1;BA.5.5:1
2192026,BA.2_0.02_abundance_0.15,C9534T;G9649C,ORF1a:T3090I;ORF1a:W3128C,66,1789,0.0368921185019564,0,
2192026,BA.2_0.02_abundance_0.15,C9534T;C9719T;T9742G,ORF1a:T3090I;ORF1a:H3152Y;ORF1a:N3159K,70,1637,0.0427611484422724,0,
2192026,BA.2_0.02_abundance_0.15,C9534T;C9592G;T9818A,ORF1a:T3090I;ORF1a:Y3109*;ORF1a:L3185I,18,837,0.021505376344086,0,
2192026,BA.2_0.02_abundance_0.15,C9534T;C9714G;T9742G,ORF1a:T3090I;ORF1a:T3150R;ORF1a:N3159K,20,1637,0.0122174709835064,0,
2192026,BA.2_0.02_abundance_0.15,C9534T;G9649C;T9742G,ORF1a:T3090I;ORF1a:W3128C;ORF1a:N3159K,25,1637,0.015271838729383,0,
2192026,BA.2_0.02_abundance_0.15,C10419T;G10444C;C10449A;T10534C;C10544T;G10574A;G10575C;T10598A,ORF1a:P3385L;ORF1a:M3393I;ORF1a:P3395H;ORF1a:C3423C;ORF1a:H3427Y;ORF1a:G3437S;ORF1a:G3437A;ORF1a:Y3445N,14,258,0.0542635658914728,0,
2192026,BA.2_0.02_abundance_0.15,T10742A;T10795A,ORF1a:F3493I;ORF1a:V3510V,21,705,0.0297872340425531,0,
2192026,BA.2_0.02_abundance_0.15,T10742A;G10850C;G10953T,ORF1a:F3493I;ORF1a:A3529P;ORF1a:C3563F,7,658,0.0106382978723404,0,
2192026,BA.2_0.02_abundance_0.15,T10742A;G10850C;G10953T;T11038C,ORF1a:F3493I;ORF1a:A3529P;ORF1a:C3563F;ORF1a:L3591L,5,158,0.0316455696202531,0,
2192026,BA.2_0.02_abundance_0.15,G10850C;G10953T,ORF1a:A3529P;ORF1a:C3563F,12,659,0.0182094081942336,0,
2192026,BA.2_0.02_abundance_0.15,G10850C;G10953T;T11038C,ORF1a:A3529P;ORF1a:C3563F;ORF1a:L3591L,6,158,0.0379746835443038,0,
2192026,BA.2_0.02_abundance_0.15,T11038C;G11055A;T11110G;G11114A;T11129C;A11279G;A11302C;C11308A;C11345A,ORF1a:L3591L;ORF1a:S3597N;ORF1a:A3615A;ORF1a:G3617S;ORF1a:S3622P;ORF1a:T3672A;ORF1a:L3679L;ORF1a:D3681E;ORF1a:L3694I,26,737,0.0352781546811397,0,
2192026,BA.2_0.02_abundance_0.15,G11055A;T11110G;G11114A;T11129C;A11279G;A11302C;C11308A;C11345A,ORF1a:S3597N;ORF1a:A3615A;ORF1a:G3617S;ORF1a:S3622P;ORF1a:T3672A;ORF1a:L3679L;ORF1a:D3681E;ORF1a:L3694I,21,1243,0.0168946098149637,0,
2192026,BA.2_0.02_abundance_0.15,T11227G;C11308A,ORF1a:Y3654*;ORF1a:D3681E,29,1451,0.019986216402481,0,
2192026,BA.2_0.02_abundance_0.15,C11345A;A11519G,ORF1a:L3694I;ORF1a:M3752V,19,414,0.0458937198067632,0,
2192026,BA.2_0.02_abundance_0.15,G11926C;C12043G;A12063G;A12065T;G12104T;G12185C;T12214G,ORF1a:L3887F;ORF1a:D3926E;ORF1a:E3933G;ORF1a:M3934L;ORF1a:E3947*;ORF1a:E3974Q;ORF1a:S3983S,40,1631,0.0245248313917841,0,
2192026,BA.2_0.02_abundance_0.15,G11926C;C12043G;A12063G;A12065T;G12104T;G12185C;T12214G;A12219C,ORF1a:L3887F;ORF1a:D3926E;ORF1a:E3933G;ORF1a:M3934L;ORF1a:E3947*;ORF1a:E3974Q;ORF1a:S3983S;ORF1a:N3985T,36,729,0.0493827160493827,0,
2192026,BA.2_0.02_abundance_0.15,G11926C;C12043G;A12063G;A12065T;G12104T;G12185C,ORF1a:L3887F;ORF1a:D3926E;ORF1a:E3933G;ORF1a:M3934L;ORF1a:E3947*;ORF1a:E3974Q,43,2431,0.0176881941587823,0,
2192026,BA.2_0.02_abundance_0.15,G12185C;T12214G;A12219C;G12278C;A12324G;G12382T;G12386A;A12422G;G12428A,ORF1a:E3974Q;ORF1a:S3983S;ORF1a:N3985T;ORF1a:A4005P;ORF1a:D4020G;ORF1a:K4039N;ORF1a:D4041N;ORF1a:R4053G;ORF1a:G4055S,32,713,0.0448807854137447,0,
2192026,BA.2_0.02_abundance_0.15,T12799C;T12851G;T12862A;C12880A;T12908G;A12928G;C12970G,ORF1a:G4178G;ORF1a:F4196V;ORF1a:S4199R;ORF1a:I4205I;ORF1a:F4215V;ORF1a:K4221K;ORF1a:N4235K,66,1439,0.0458651841556636,0,
2192026,BA.2_0.02_abundance_0.15,C13072A;C13130G;T13250G;G13287A;T13310C,ORF1a:F4269L;ORF1a:Q4289E;ORF1a:Y4329D;ORF1a:G4341E;ORF1a:Y4349H,104,2169,0.0479483633010604,0,
2192026,BA.2_0.02_abundance_0.15,A14010C;G14044C;T14094A;G14197T;C14204A;T14221A;T14222C,ORF1b:V181V;ORF1b:V193L;ORF1b:D209E;ORF1b:A244S;ORF1b:S246*;ORF1b:L252I;ORF1b:L252S,66,1190,0.0554621848739495,0,
2192026,BA.2_0.02_abundance_0.15,A14634G;C14670G;T14684C;T14704C;C14768G;G14773T;C14842A;T14855G,ORF1b:V389V;ORF1b:V401V;ORF1b:F406S;ORF1b:F413L;ORF1b:A434G;ORF1b:D436Y;ORF1b:Q459K;ORF1b:V463G,19,433,0.0438799076212471,0,
2192026,BA.2_0.02_abundance_0.15,T15244A;G15268T;T15281G;A15283T;C15319G;G15446A,ORF1b:L593I;ORF1b:E601*;ORF1b:L605R;ORF1b:M606L;ORF1b:P618A;ORF1b:C660Y,49,1043,0.046979865771812,0,
2192026,BA.2_0.02_abundance_0.15,A15554C;G15658T;C15680A;T15682C;C15714T;G15724T;T15784G;A15831G,ORF1b:N696T;ORF1b:D731Y;ORF1b:A738E;ORF1b:Y739H;ORF1b:L749L;ORF1b:A753S;ORF1b:F773V;ORF1b:A788A,125,2579,0.0484683986041101,0,
2192026,BA.2_0.02_abundance_0.15,C15714T;A15739C,ORF1b:L749L;ORF1b:N758H,227,2730,0.0831501831501831,0,
2192026,BA.2_0.02_abundance_0.15,T15915A;A15948C;T15978C;A16108T;T16124G,ORF1b:D816E;ORF1b:R827S;ORF1b:D837D;ORF1b:K881*;ORF1b:L886*,24,647,0.0370942812982998,0,
2192026,BA.2_0.02_abundance_0.15,C16215G;G16259C;A16296C;G16336T,ORF1b:Y916*;ORF1b:C931S;ORF1b:I943I;ORF1b:V957F,8,176,0.0454545454545454,0,
2192026,BA.2_0.02_abundance_0.15,T16820G;T16834A;T16854A;A16981T,ORF1b:I1118R;ORF1b:F1123I;ORF1b:G1129G;ORF1b:I1172F,100,1783,0.0560852495793606,0,
2192026,BA.2_0.02_abundance_0.15,C17125A;A17187G;A17289T;C17372T;C17410T,ORF1b:L1220I;ORF1b:L1240L;ORF1b:T1274T;ORF1b:A1302V;ORF1b:R1315C,96,2336,0.0410958904109589,0,
2192026,BA.2_0.02_abundance_0.15,C17125A;A17187G;A17289T;C17372T,ORF1b:L1220I;ORF1b:L1240L;ORF1b:T1274T;ORF1b:A1302V,70,3583,0.0195367010884733,0,
2192026,BA.2_0.02_abundance_0.15,C17125A;A17187G;A17289T;C17372T;C17410T;G17418T,ORF1b:L1220I;ORF1b:L1240L;ORF1b:T1274T;ORF1b:A1302V;ORF1b:R1315C;ORF1b:K1317N,9,566,0.0159010600706713,0,
2192026,BA.2_0.02_abundance_0.15,C17183G;T17237A;C17410T,ORF1b:A1239G;ORF1b:I1257K;ORF1b:R1315C,67,2337,0.0286692340607616,0,
2192026,BA.2_0.02_abundance_0.15,C17183G;T17237A,ORF1b:A1239G;ORF1b:I1257K,47,3839,0.0122427715550924,0,
2192026,BA.2_0.02_abundance_0.15,C17183G;C17410T,ORF1b:A1239G;ORF1b:R1315C,38,2337,0.016260162601626,1,BA.2.12.1:1
2192026,BA.2_0.02_abundance_0.15,C17183G;T17237A;C17410T;G17418T,ORF1b:A1239G;ORF1b:I1257K;ORF1b:R1315C;ORF1b:K1317N,6,566,0.0106007067137809,0,
2192026,BA.2_0.02_abundance_0.15,T17237A;C17410T,ORF1b:I1257K;ORF1b:R1315C,1283,2341,0.5480563861597608,1,BA.2:1
2192026,BA.2_0.02_abundance_0.15,T17237A;C17410T;G17418T,ORF1b:I1257K;ORF1b:R1315C;ORF1b:K1317N,154,567,0.2716049382716049,0,
2192026,BA.2_0.02_abundance_0.15,C17410T;G17418T,ORF1b:R1315C;ORF1b:K1317N,128,764,0.1675392670157068,52,BA.2.12.1:1;BA.5.2.1:3;BA.5.2.6:1;BF.10:1;BA.2:23;BA.2.3:7;BA.2.9:3;BA.5.1:1;BA.5.2:3;BA.5.1.3:1;BA.5.3.1:1;BA.2.75:1;BA.2.21:2;BA.5.5:1;BE.4.1.1:1;BA.2.56:1;BA.5.1.22:1
2192026,BA.2_0.02_abundance_0.15,C17410T;C17430G;G17596C;C17597A;A17629G;T17670G;A17691C;A17697G,ORF1b:R1315C;ORF1b:Y1321*;ORF1b:A1377P;ORF1b:A1377D;ORF1b:K1388E;ORF1b:G1401G;ORF1b:S1408S;ORF1b:A1410A,6,182,0.0329670329670329,0,
2192026,BA.2_0.02_abundance_0.15,G17418T;C17430G;G17596C;C17597A;A17629G;T17670G;A17691C;A17697G,ORF1b:K1317N;ORF1b:Y1321*;ORF1b:A1377P;ORF1b:A1377D;ORF1b:K1388E;ORF1b:G1401G;ORF1b:S1408S;ORF1b:A1410A,14,692,0.0202312138728323,0,
2192026,BA.2_0.02_abundance_0.15,C17430G;G17596C;C17597A;A17629G;T17670G;A17691C;A17697G,ORF1b:Y1321*;ORF1b:A1377P;ORF1b:A1377D;ORF1b:K1388E;ORF1b:G1401G;ORF1b:S1408S;ORF1b:A1410A,42,1700,0.0247058823529411,0,
2192026,BA.2_0.02_abundance_0.15,G18049T;G18090C;C18094T;A18116T;T18132G;A18153C;T18156G;A18163G;T18164C;G18194A;T18200A;A18272C,ORF1b:V1528L;ORF1b:G1541G;ORF1b:H1543Y;ORF1b:H1550L;ORF1b:T1555T;ORF1b:L1562F;ORF1b:C1563W;ORF1b:I1566V;ORF1b:I1566T;ORF1b:R1576K;ORF1b:L1578H;ORF1b:E1602A,58,1073,0.054054054054054,0,
2192026,BA.2_0.02_abundance_0.15,C18356T;A18378C;T18537A;A18556G;G18578C;A18611G;T18621A,ORF1b:P1630L;ORF1b:T1637T;ORF1b:I1690I;ORF1b:T1697A;ORF1b:R1704T;ORF1b:E1715G;ORF1b:S1718S,12,263,0.0456273764258555,0,
2192026,BA.2_0.02_abundance_0.15,T18621A;A18639T;C18681T;C18828A;C18860A;T18866G;C18894G;C18917T,ORF1b:S1718S;ORF1b:K1724N;ORF1b:A1738A;ORF1b:V1787V;ORF1b:A1798E;ORF1b:M1800R;ORF1b:C1809W;ORF1b:T1817I,11,356,0.0308988764044943,0,
2192026,BA.2_0.02_abundance_0.15,A18639T;C18681T;C18828A;C18860A;T18866G;C18894G;C18917T,ORF1b:K1724N;ORF1b:A1738A;ORF1b:V1787V;ORF1b:A1798E;ORF1b:M1800R;ORF1b:C1809W;ORF1b:T1817I,177,4942,0.0358154593282072,0,
2192026,BA.2_0.02_abundance_0.15,T18709C;C18828A,ORF1b:Y1748H;ORF1b:V1787V,117,5527,0.0211688076714311,0,
2192026,BA.2_0.02_abundance_0.15,T18987G;T19221A,ORF1b:V1840V;ORF1b:A1918A,35,480,0.0729166666666666,0,
2192026,BA.2_0.02_abundance_0.15,A18993C;T19221A,ORF1b:K1842N;ORF1b:A1918A,21,480,0.04375,0,
2192026,BA.2_0.02_abundance_0.15,C19152A;T19221A;C19245A,ORF1b:A1895A;ORF1b:A1918A;ORF1b:D1926E,13,434,0.0299539170506912,0,
2192026,BA.2_0.02_abundance_0.15,C19152A;C19245A,ORF1b:A1895A;ORF1b:D1926E,6,434,0.0138248847926267,0,
2192026,BA.2_0.02_abundance_0.15,T20217G;A20255C;G20333A;T20353C;A20417T;T20520A;T20526G,ORF1b:N2250K;ORF1b:D2263A;ORF1b:G2289E;ORF1b:L2296L;ORF1b:E2317V;ORF1b:D2351E;ORF1b:F2353L,6,188,0.0319148936170212,0,
2192026,BA.2_0.02_abundance_0.15,T20520A;T20526G;A20546C;T20573A;A20593C;A20667T;G20672T,ORF1b:D2351E;ORF1b:F2353L;ORF1b:Q2360P;ORF1b:V2369D;ORF1b:T2376P;ORF1b:Q2400H;ORF1b:W2402L,8,306,0.0261437908496732,0,
2192026,BA.2_0.02_abundance_0.15,T20520A;T20526G;A20546C;T20573A;A20593C;G20672T,ORF1b:D2351E;ORF1b:F2353L;ORF1b:Q2360P;ORF1b:V2369D;ORF1b:T2376P;ORF1b:W2402L,8,306,0.0261437908496732,0,
2192026,BA.2_0.02_abundance_0.15,T20911A;C21013T;A21027T;G21044A;C21092G;G21099C;T21111C,ORF1b:L2482I;ORF1b:H2516Y;ORF1b:K2520N;ORF1b:S2526N;ORF1b:S2542C;ORF1b:E2544D;ORF1b:T2548T,9,707,0.0127298444130127,0,
2192026,BA.2_0.02_abundance_0.15,T20911A;C21013T;A21027T;G21044A;C21092G;T21111C,ORF1b:L2482I;ORF1b:H2516Y;ORF1b:K2520N;ORF1b:S2526N;ORF1b:S2542C;ORF1b:T2548T,22,707,0.0311173974540311,0,
2192026,BA.2_0.02_abundance_0.15,T20928A;G21099C,ORF1b:P2487P;ORF1b:E2544D,39,731,0.0533515731874145,0,
2192026,BA.2_0.02_abundance_0.15,G21010A;G21099C,ORF1b:V2515I;ORF1b:E2544D,11,731,0.015047879616963,0,
2192026,BA.2_0.02_abundance_0.15,A21684T;T21752A;T21773C;T21813A;T21823C;A21845C;A21884G;A21900C;C21978T;A21979T;T21980G;G21987A,S:K41I;S:W64R;S:S71P;S:L84Q;S:N87N;S:T95P;S:T108A;S:K113T;S:P139L;S:P139P;S:F140V;S:G142D,5,46,0.108695652173913,0,
2192026,BA.2_0.02_abundance_0.15,T21752A;T21773C;T21813A;T21823C;A21845C;A21884G;A21900C;C21978T;A21979T;T21980G;G21987A,S:W64R;S:S71P;S:L84Q;S:N87N;S:T95P;S:T108A;S:K113T;S:P139L;S:P139P;S:F140V;S:G142D,25,532,0.0469924812030075,0,
2192026,BA.2_0.02_abundance_0.15,T21765C;A21936G;G21987A,S:I68T;S:N125S;S:G142D,14,532,0.0263157894736842,1,BA.1.1:1
2192026,BA.2_0.02_abundance_0.15,A21834G;G21987A,S:Y91C;S:G142D,6,532,0.0112781954887218,16,BA.1.1.7:1;AY.111:1;AY.122:1;BA.1:2;BA.5.2.14:1;B.1.617.2:3;AY.43:1;AY.127:1;XBB.5:1;BA.2:1;BA.1.1:1;AY.4.2.2:1;AY.4.2.1:1
2192026,BA.2_0.02_abundance_0.15,A21936G;G21987A,S:N125S;S:G142D,61,532,0.1146616541353383,87,AY.43:14;BA.4.6:8;BA.1:8;AY.9:9;BE.4:3;BA.5.2.1:3;BA.5.2.27:3;AY.116:12;B.1.617.2:4;BA.2.38.1:1;BE.1:1;BA.2:2;BA.1.1:1;BF.21:1;BA.5.2:3;AY.13:1;BA.2.12.1:2;AY.125:1;AY.122.5:1;AY.4.2:1;AY.103:2;AY.4:1;AY.25:1;AY.121:1;AY.44:1;AY.26:1;AY.112:1
2192026,BA.2_0.02_abundance_0.15,G22578A;C22674T;T22679C;C22686T;A22688G;G22775A;A22786C;G22809T;G22813T,S:G339D;S:S371F;S:S373P;S:S375F;S:T376A;S:D405N;S:R408S;S:G416V;S:K417N,25,637,0.0392464678178963,1,BA.2.9:1
2192026,BA.2_0.02_abundance_0.15,A23168G;G23273A;A23295C;C23297G;T23346C;T23374A;A23403G;G23429A,S:N536D;S:D571N;S:D578A;S:P579A;S:V595A;S:T604T;S:D614G;S:A623T,47,3593,0.0130809908154745,0,
2192026,BA.2_0.02_abundance_0.15,A23168G;G23273A;A23295C;C23297G;T23346C;T23374A;A23403G;G23429A;G23478A,S:N536D;S:D571N;S:D578A;S:P579A;S:V595A;S:T604T;S:D614G;S:A623T;S:G639D,59,2672,0.0220808383233532,0,
2192026,BA.2_0.02_abundance_0.15,A23168G;G23273A;A23295C;C23297G;T23346C;T23374A;A23403G;G23429A;G23478A;A23484G,S:N536D;S:D571N;S:D578A;S:P579A;S:V595A;S:T604T;S:D614G;S:A623T;S:G639D;S:N641S,58,1266,0.0458135860979462,0,
2192026,BA.2_0.02_abundance_0.15,A23403G;A23436T,S:D614G;S:H625L,249,3609,0.0689941812136325,29,AY.122.5:3;AY.43:2;B.1.1.7:9;B.1:1;AY.25.1:1;XB:2;AY.103:1;BA.5.1:1;AY.122:1;AY.4.9:1;BA.1:1;BF.7:1;BA.5.2.1:1;BA.4.6.5:1;AY.26:1;BA.4.6:1;BA.1.1:1
2192026,BA.2_0.02_abundance_0.15,A23484G;A23523T;C23525T;T23582A;A23588G;T23590G;C23591A;T23599G;C23604A;G23610A;G23611C;G23624A;T23659C;C23700A;G23724C;G23771A,S:N641S;S:E654V;S:H655Y;S:Y674N;S:T676A;S:T676T;S:Q677K;S:N679K;S:P681H;S:R683Q;S:R683R;S:A688T;S:L699L;S:A713D;S:S721T;S:D737N,8,195,0.041025641025641,0,
2192026,BA.2_0.02_abundance_0.15,C23844T;T23850A;C23854A;T23875C;A23899C;T23943C;G23948T;T23959G;T23967A;A24002T,S:T761I;S:L763*;S:N764K;S:A771A;S:Q779H;S:I794T;S:D796Y;S:G799G;S:F802Y;S:K814*,7,269,0.0260223048327137,0,
2192026,BA.2_0.02_abundance_0.15,C23854A;G23948T;T23967A;T24127C,S:N764K;S:D796Y;S:F802Y;S:F855F,7,161,0.0434782608695652,0,
2192026,BA.2_0.02_abundance_0.15,C23854A;G23948T;T24127C,S:N764K;S:D796Y;S:F855F,24,161,0.1490683229813664,430,BA.2.12.1:12;BA.5.5:1;BA.2:200;BA.5.1.22:2;BA.5.2.8:1;BA.5.2.1:41;BA.2.5:8;BE.4.1:2;BA.2.29:2;BA.4.6:1;BA.5.2.6:3;BA.2.36:24;BA.5.1:7;BA.5.2:29;BA.2.9:4;BA.2.3:13;BA.5.2.27:1;BA.1.17:2;BA.1.1:16;BA.2.56.1:1;BA.2.16:1;BA.1.1.2:5;BA.1:5;BA.1.17.2:1;BA.5.2.19:1;BF.7:1;BF.5:4;BA.2.3.1:4;BA.4.1:4;BA.1.15:1;BA.1.1.11:3;BA.1.18:3;BE.3:1;BQ.1.1:3;BA.5.6:3;XBB:1;BA.5.2.12:1;BA.4:1;BJ.1:1;BA.1.1.1:1;BA.2.9.1:1;BA.2.10.1:1;BQ.1.1.22:1;BA.1.19:1;BE.1.1:3;BQ.1.1.25:1;BA.5.2.9:1;BA.5.1.30:1;BA.2.9.2:1;BA.1.1.18:2;BA.1.15.1:1;BQ.1.2:1
2192026,BA.2_0.02_abundance_0.15,C23854A;G23948T;T23967A,S:N764K;S:D796Y;S:F802Y,32,269,0.1189591078066914,0,
2192026,BA.2_0.02_abundance_0.15,C23854A;C23865G;G23948T;T23967A,S:N764K;S:T768S;S:D796Y;S:F802Y,14,269,0.0520446096654275,0,
2192026,BA.2_0.02_abundance_0.15,C23854A;C23865G;G23948T,S:N764K;S:T768S;S:D796Y,34,269,0.1263940520446096,2,BA.5.1:1;BA.5.2:1
2192026,BA.2_0.02_abundance_0.15,C23854A;C23874A;G23948T,S:N764K;S:A771D;S:D796Y,8,269,0.0297397769516728,78,BA.5.1:3;BA.2.18:28;BF.31:1;BF.7:1;BA.2.12.1:1;BA.1.1:3;BA.5.8:1;BA.2.75:1;BA.2:17;BA.5.5:1;BE.1.1:2;BA.2.9:5;BA.2.10.1:1;BA.5.1.23:1;BQ.1.1:1;BA.2.10:1;BA.2.3:1;BQ.1.20:1;BA.5.1.3:3;BA.5.2:2;BA.2.3.17:1;BA.1.17.2:1;BA.1.15.1:1
2192026,BA.2_0.02_abundance_0.15,C23854A;C23865G;G23948T;T24127C,S:N764K;S:T768S;S:D796Y;S:F855F,6,161,0.0372670807453416,0,
2192026,BA.2_0.02_abundance_0.15,T24127C;A24424T,S:F855F;S:Q954H,68,274,0.2481751824817518,435,BA.2.12.1:12;BA.5.5:1;BA.2:201;BA.5.1.22:2;BA.5.2.8:1;BA.5.2.1:41;BA.2.5:10;BE.4.1:2;BA.4.6:1;BA.2.29:2;BA.5.2.6:3;BA.2.36:23;BA.5.1:7;BA.5.2:30;BA.2.9:4;BA.2.3:13;BA.5.2.27:1;BA.1.17:2;BA.1.1:16;BA.2.56.1:1;BA.2.16:1;BA.1.1.2:5;BA.1:5;BA.1.17.2:1;BA.5.2.19:1;BF.7:1;BF.5:4;BA.2.3.1:4;BA.4.1:4;BA.1.15:1;BA.1.1.11:3;BA.1.18:3;BE.7:1;BE.3:1;BQ.1.1:3;BA.5.6:3;XBB:1;BA.5.2.12:1;BA.4:1;BJ.1:1;BA.1.1.1:1;BA.2.9.1:1;BA.2.10.1:1;BQ.1.1.22:1;BA.1.19:1;BE.1.1:4;BQ.1.1.25:1;BA.5.2.9:1;BA.5.1.30:1;BA.2.9.2:1;BA.1.1.18:2;BA.1.15.1:1;BQ.1.2:1
2192026,BA.2_0.02_abundance_0.15,T24447G;T24460G;T24511A;T24622C;C24632G,S:L962R;S:L966L;S:R983R;S:A1020A;S:L1024V,5,61,0.081967213114754,0,
2192026,BA.2_0.02_abundance_0.15,T24951A;A24952C;C25000T,S:I1130K;S:I1130I;S:D1146D,196,4204,0.0466222645099904,0,
2192026,BA.2_0.02_abundance_0.15,C25069A;A25105T;A25109T;G25112C;T25150A,S:I1169I;S:K1181N;S:I1183F;S:D1184H;S:S1196S,13,243,0.0534979423868312,0,
2192026,BA.2_0.02_abundance_0.15,A25368C;T25402C;T25529A;C25584T;A25591G;G25599C;A25602C,S:K1269T;ORF3a:F4L;ORF3a:L46H;ORF3a:T64T;ORF3a:K67E;ORF3a:W69C;ORF3a:Q70H,53,2383,0.0222408728493495,0,
2192026,BA.2_0.02_abundance_0.15,A25368C;T25402C;T25529A;T25556A;C25584T;A25591G;G25599C;A25602C,S:K1269T;ORF3a:F4L;ORF3a:L46H;ORF3a:V55D;ORF3a:T64T;ORF3a:K67E;ORF3a:W69C;ORF3a:Q70H,46,2383,0.0193033990767939,0,
2192026,BA.2_0.02_abundance_0.15,T25556A;C25584T,ORF3a:V55D;ORF3a:T64T,1069,2398,0.4457881567973311,1,BA.2:1
2192026,BA.2_0.02_abundance_0.15,A25966T;C26270T,ORF3a:K192*;E:T9I,14,41,0.3414634146341463,1,BA.1.18:1
2192026,BA.2_0.02_abundance_0.15,G26257C;C26270T;G26526T,E:V5L;E:T9I;M:A2S,56,1282,0.0436817472698908,0,
2192026,BA.2_0.02_abundance_0.15,C26270T;C26339G,E:T9I;E:A32G,222,1388,0.1599423631123919,19,BA.5.2:1;BA.2.10:6;BA.2.38:1;BA.2.76:1;BA.2.75:4;BH.1:1;BA.2:3;BA.5.2.1:2
2192026,BA.2_0.02_abundance_0.15,C26577G;G26653A;G26709A;C26858T,M:Q19E;M:R44K;M:A63T;M:F112F,215,2520,0.0853174603174603,35,BA.2.75:7;BA.4.6:8;BN.1:5;BA.2.36:5;BA.2:4;BA.2.12.1:2;BA.2.9:1;BA.2.3:1;BA.2.3.2:1;BA.2.37:1
2192026,BA.2_0.02_abundance_0.15,C26577G;G26653A;G26709A,M:Q19E;M:R44K;M:A63T,33,2885,0.0114384748700173,293,BA.5.1.2:44;BA.1:16;BA.1.18:15;BA.5.1:8;BD.1:52;BA.2.75:10;BA.4.6:8;BA.1.17.2:9;BA.1.1:49;BN.1:5;BA.1.1.1:5;BA.1.13:1;BA.2.36:5;BA.1.15.1:37;BA.1.15:12;BA.5.2.26:1;BA.2:5;BA.2.12.1:2;BA.2.9:1;BA.1.17:3;BA.2.3:1;BA.2.3.2:1;BA.2.37:1;BA.1.16:2
2192026,BA.2_0.02_abundance_0.15,G27204A;T27257G;A27301T;G27337C;C27352A;G27361T;G27382C;A27383T;T27384C;C27425T;C27476G;A27487T;C27493T,ORF6:MX;ORF6:M19R;ORF6:N34Y;ORF6:E46Q;ORF6:Q51K;ORF6:E54*;ORF6:D61H;ORF6:D61V;ORF6:D61D;ORF7a:T11I;ORF7a:T28R;ORF7a:K32*;ORF7a:P34S,22,567,0.0388007054673721,0,
2192026,BA.2_0.02_abundance_0.15,G27204A;T27257G;A27301T;G27337C;C27352A;G27361T;G27382C;A27383T;T27384C;C27425T;C27476G;A27487T,ORF6:MX;ORF6:M19R;ORF6:N34Y;ORF6:E46Q;ORF6:Q51K;ORF6:E54*;ORF6:D61H;ORF6:D61V;ORF6:D61D;ORF7a:T11I;ORF7a:T28R;ORF7a:K32*,24,945,0.0253968253968253,0,
2192026,BA.2_0.02_abundance_0.15,G27382C;A27383T;T27384C;G27497T,ORF6:D61H;ORF6:D61V;ORF6:D61D;ORF7a:C35F,54,251,0.2151394422310757,45,BA.2.23:12;BA.2.75:2;BA.4.1:4;BA.2.3:4;BA.2:13;XBB.1:1;BA.2.12.1:5;BA.2.10:1;BA.2.9:2;BA.2.49:1
2192026,BA.2_0.02_abundance_0.15,T27835G;A27867T;A27868T;G28036A;C28132A,ORF7b:I27S;ORF7b:N38Y;ORF7b:N38I;ORF8:R48K;ORF8:T80K,17,429,0.0396270396270396,0,
2192026,BA.2_0.02_abundance_0.15,T27835G;A27867T;A27868T;G28036A,ORF7b:I27S;ORF7b:N38Y;ORF7b:N38I;ORF8:R48K,11,930,0.0118279569892473,0,
2192026,BA.2_0.02_abundance_0.15,T27835G;A27867T;A27868T;C27982T;G28036A,ORF7b:I27S;ORF7b:N38Y;ORF7b:N38I;ORF8:P30L;ORF8:R48K,11,930,0.0118279569892473,0,
2192026,BA.2_0.02_abundance_0.15,C28132A;G28276C;G28307A;C28311T;C28397A,ORF8:T80K;N:MX;N:A12T;N:P13L;N:P42T,89,1858,0.0479009687836383,0,
2192026,BA.2_0.02_abundance_0.15,A28159C;C28311T,ORF8:N89T;N:P13L,27,2015,0.0133995037220843,16,BA.5.1.22:1;BA.1:1;BA.2:2;BA.4.1:1;BA.2.75:2;BF.5:1;BF.7:3;BQ.1.1:1;BA.1.1:3;BA.2.18:1
2192026,BA.2_0.02_abundance_0.15,A28159C;G28191C;C28311T,ORF8:N89T;ORF8:V100L;N:P13L,22,2015,0.0109181141439205,0,
2192026,BA.2_0.02_abundance_0.15,G28191C;C28311T,ORF8:V100L;N:P13L,906,2015,0.4496277915632754,3,BA.2.12.1:2;BA.5.6:1
2192026,BA.2_0.02_abundance_0.15,T28450A;T28570A;A28612T;T28662A;A28696C;T28726G;A28733C,N:H59Q;N:G99G;N:L113L;N:I130N;N:T141T;N:P151P;N:N154H,6,441,0.0136054421768707,0,
2192026,BA.2_0.02_abundance_0.15,T28570A;A28612T;T28662A;A28696C;T28726G;A28733C,N:G99G;N:L113L;N:I130N;N:T141T;N:P151P;N:N154H,11,441,0.0249433106575963,0,
2192026,BA.2_0.02_abundance_0.15,T28570A;A28612T;T28662A;A28696C;T28726G,N:G99G;N:L113L;N:I130N;N:T141T;N:P151P,6,524,0.0114503816793893,0,
2192026,BA.2_0.02_abundance_0.15,T29059A;A29083T;A29150T;A29209G;C29211T;C29323A,N:R262R;N:V270V;N:R293*;N:S312S;N:A313V;N:V350V,32,731,0.0437756497948016,0,
2192026,BA.2_0.02_abundance_0.15,C29323A;A29356G;T29452G;T29458C;C29498T;A29510C;T29602C;A29618T;A29630G,N:V350V;N:K361K;N:T393T;N:L395L;N:Q409*;N:S413R;ORF10:S15S;ORF10:M21L;ORF10:N25D,8,309,0.0258899676375404,0,
2192026,BA.2_0.02_abundance_0.15,A29356G;G29402A;T29452G;T29458C;C29498T;A29510C;T29602C;A29618T;A29630G,N:K361K;N:D377N;N:T393T;N:L395L;N:Q409*;N:S413R;ORF10:S15S;ORF10:M21L;ORF10:N25D,13,991,0.0131180625630676,0,
2192026,BA.2_0.02_abundance_0.15,A29356G;T29452G;T29458C;C29498T;A29510C;T29602C;A29618T;A29630G,N:K361K;N:T393T;N:L395L;N:Q409*;N:S413R;ORF10:S15S;ORF10:M21L;ORF10:N25D,20,991,0.0201816347124117,0,
2192026,BA.2_0.02_abundance_0.15,A29359T;G29402A;A29510C,N:T362T;N:D377N;N:S413R,46,1077,0.042711234911792,0,
2192026,BA.2_0.02_abundance_0.15,A29359T;A29510C,N:T362T;N:S413R,121,1077,0.1123491179201485,83,BA.5:1;BA.4.6:4;BA.5.5:5;BE.5:1;BA.2.19:1;BA.5.2.1:18;BA.2:19;BA.2.75:2;BA.5.2:17;BA.5.2.28:1;BE.1.1:1;BA.2.12:1;BA.5.2.21:7;BA.5.2.27:2;BA.5.1:2;BF.13:1
2192026,BA.2_0.02_abundance_0.15,G29402A;A29510C,N:D377N;N:S413R,267,1077,0.2479108635097493,60,BA.2.3.10:1;BA.5.5:2;BQ.1.1.1:4;BA.4:1;BA.5.1:13;BQ.1.1.22:1;BA.2:11;BA.2.12.1:4;BE.1.1:1;BA.5.2.33:3;BA.2.18:1;BA.5.2.1:1;BA.4.6:14;BA.2.17:1;BA.2.24:1;BA.5.2.22:1
2262026,BA.2_0.02_abundance_0.15,T277C;T322C,ORF1a:L4L;ORF1a:P19P,33,496,0.0665322580645161,0,
2262026,BA.2_0.02_abundance_0.15,T380G;T484C;G495C;G545C;A652C;G663A;T670G,ORF1a:L39V;ORF1a:R73R;ORF1a:R77P;ORF1a:G94R;ORF1a:K129N;ORF1a:G133D;ORF1a:S135R,203,2382,0.0852225020990764,0,
2262026,BA.2_0.02_abundance_0.15,T670G;C706G,ORF1a:S135R;ORF1a:D147E,19,248,0.0766129032258064,2,BA.2.75:1;BQ.1.14:1
2262026,BA.2_0.02_abundance_0.15,T1030A;T1061C;G1085T;A1120C;A1137C;A1203G;T1216C;C1284A,ORF1a:F255L;ORF1a:F266L;ORF1a:V274L;ORF1a:Q285H;ORF1a:K291T;ORF1a:N313S;ORF1a:L317L;ORF1a:T340N,278,3223,0.0862550418864412,0,
2262026,BA.2_0.02_abundance_0.15,T1030A;T1061C;G1085T;A1120C;A1137C;A1203G;T1216C,ORF1a:F255L;ORF1a:F266L;ORF1a:V274L;ORF1a:Q285H;ORF1a:K291T;ORF1a:N313S;ORF1a:L317L,38,3502,0.010850942318675,0,
2262026,BA.2_0.02_abundance_0.15,A1604T;T1693A,ORF1a:N447Y;ORF1a:I476I,48,567,0.0846560846560846,0,
2262026,BA.2_0.02_abundance_0.15,A1604T;A1866C;A1900T,ORF1a:N447Y;ORF1a:Y534S;ORF1a:R545R,32,524,0.0610687022900763,0,
2262026,BA.2_0.02_abundance_0.15,A1604T;A1756C,ORF1a:N447Y;ORF1a:K497N,45,567,0.0793650793650793,0,
2262026,BA.2_0.02_abundance_0.15,A1866C;A1900T,ORF1a:Y534S;ORF1a:R545R,210,3086,0.068049254698639,0,
2262026,BA.2_0.02_abundance_0.15,C2065T;T2128G;A2215G,ORF1a:Y600Y;ORF1a:Y621*;ORF1a:K650K,6,30,0.2,0,
2262026,BA.2_0.02_abundance_0.15,A2275G;T2481C;T2489C;C2509A,ORF1a:E670E;ORF1a:I739T;ORF1a:L742L;ORF1a:P748P,27,364,0.0741758241758241,0,
2262026,BA.2_0.02_abundance_0.15,T2868A;A2909T;C2980A;G2993C;C3037T;T3073A;A3076T;T3118A;A3132T,ORF1a:V868E;ORF1a:T882S;ORF1a:Y905*;ORF1a:E910Q;ORF1a:F924F;ORF1a:C936*;ORF1a:E937D;ORF1a:T951T;ORF1a:Q956L,30,993,0.0302114803625377,0,
2262026,BA.2_0.02_abundance_0.15,T2868A;A2909T;C2980A;G2993C;C3037T;T3073A;T3118A;A3132T,ORF1a:V868E;ORF1a:T882S;ORF1a:Y905*;ORF1a:E910Q;ORF1a:F924F;ORF1a:C936*;ORF1a:T951T;ORF1a:Q956L,56,993,0.0563947633434038,0,
2262026,BA.2_0.02_abundance_0.15,C3037T;A3076T,ORF1a:F924F;ORF1a:E937D,337,1021,0.3300685602350636,45,AY.4:2;BA.1:2;AY.125:1;BA.5.5:1;AY.43:9;BA.5.2.1:2;B.1.1.7:3;P.1:1;B.1.243:2;AY.100:2;AY.25:1;B.1.1.1:5;B.1.1:4;BA.1.1:4;AY.29:1;BA.1.17.2:1;BA.1.15:1;BA.5.2.20:1;AY.99.2:1;BA.1.4:1
2262026,BA.2_0.02_abundance_0.15,T3256C;A3336G;A3344G;C3393A;A3414C;G3418C;A3430C;T3454A;G3483C,ORF1a:N997N;ORF1a:E1024G;ORF1a:S1027G;ORF1a:A1043E;ORF1a:K1050T;ORF1a:K1051N;ORF1a:T1055T;ORF1a:V1063V;ORF1a:G1073A,49,667,0.0734632683658171,0,
2262026,BA.2_0.02_abundance_0.15,T3256C;A3336G;A3344G;C3393A;A3414C;G3418C;A3430C;T3454A,ORF1a:N997N;ORF1a:E1024G;ORF1a:S1027G;ORF1a:A1043E;ORF1a:K1050T;ORF1a:K1051N;ORF1a:T1055T;ORF1a:V1063V,9,790,0.0113924050632911,0,
2262026,BA.2_0.02_abundance_0.15,T3256C;A3336G;A3344G;C3393A;A3414C;G3418C;A3430C;T3454A;G3483C;T3499G;C3501T,ORF1a:N997N;ORF1a:E1024G;ORF1a:S1027G;ORF1a:A1043E;ORF1a:K1050T;ORF1a:K1051N;ORF1a:T1055T;ORF1a:V1063V;ORF1a:G1073A;ORF1a:A1078A;ORF1a:T1079I,5,59,0.0847457627118644,0,
2262026,BA.2_0.02_abundance_0.15,T3930A;G3994T;T4041A;A4070G;C4113A,ORF1a:V1222D;ORF1a:L1243L;ORF1a:I1259N;ORF1a:T1269A;ORF1a:A1283D,67,775,0.0864516129032258,0,
2262026,BA.2_0.02_abundance_0.15,A4018C;A4107T,ORF1a:E1251D;ORF1a:K1281I,11,822,0.0133819951338199,0,
2262026,BA.2_0.02_abundance_0.15,G4694C;C4746T;G4802T;A4957G,ORF1a:V1477L;ORF1a:S1494F;ORF1a:D1513Y;ORF1a:E1564E,74,1008,0.0734126984126984,0,
2262026,BA.2_0.02_abundance_0.15,T5653G;G5813C,ORF1a:Y1796*;ORF1a:G1850R,6,167,0.0359281437125748,0,
2262026,BA.2_0.02_abundance_0.15,A6613C;T6614A;C6636G;A6677T;T6736A,ORF1a:V2116V;ORF1a:L2117I;ORF1a:T2124S;ORF1a:I2138L;ORF1a:V2157V,6,61,0.0983606557377049,0,
2262026,BA.2_0.02_abundance_0.15,T7666A;C7688A;G7718C;G7866A;A7896C;C7955T;A7966G,ORF1a:D2467E;ORF1a:L2475I;ORF1a:D2485H;ORF1a:G2534D;ORF1a:D2544A;ORF1a:L2564F;ORF1a:Q2567Q,33,452,0.0730088495575221,0,
2262026,BA.2_0.02_abundance_0.15,C7688A;G7718C;G7866A;A7896C;C7955T;A7966G,ORF1a:L2475I;ORF1a:D2485H;ORF1a:G2534D;ORF1a:D2544A;ORF1a:L2564F;ORF1a:Q2567Q,18,644,0.0279503105590062,0,
2262026,BA.2_0.02_abundance_0.15,A8636G;G8653C;T8822C;T8902A,ORF1a:T2791A;ORF1a:M2796I;ORF1a:L2853L;ORF1a:G2879G,154,1882,0.0818278427205101,0,
2262026,BA.2_0.02_abundance_0.15,G8653C;T8822C;T8902A,ORF1a:M2796I;ORF1a:L2853L;ORF1a:G2879G,38,2353,0.0161495962600934,0,
2262026,BA.2_0.02_abundance_0.15,A8955C;A8995T;T9043A;A9058G;A9079G;G9128C,ORF1a:Y2897S;ORF1a:T2910T;ORF1a:S2926S;ORF1a:P2931P;ORF1a:V2938V;ORF1a:V2955L,39,612,0.0637254901960784,0,
2262026,BA.2_0.02_abundance_0.15,A8955C;A8995T;T9043A;A9058G;A9079G;G9128C;A9236G,ORF1a:Y2897S;ORF1a:T2910T;ORF1a:S2926S;ORF1a:P2931P;ORF1a:V2938V;ORF1a:V2955L;ORF1a:R2991G,8,105,0.0761904761904762,0,
2262026,BA.2_0.02_abundance_0.15,C9534T;C9592G;T9818A,ORF1a:T3090I;ORF1a:Y3109*;ORF1a:L3185I,9,204,0.0441176470588235,0,
2262026,BA.2_0.02_abundance_0.15,C9534T;C9592G,ORF1a:T3090I;ORF1a:Y3109*,29,445,0.0651685393258427,0,
2262026,BA.2_0.02_abundance_0.15,C9534T;C9592G;T9818A;T9823A,ORF1a:T3090I;ORF1a:Y3109*;ORF1a:L3185I;ORF1a:N3186K,8,82,0.0975609756097561,0,
2262026,BA.2_0.02_abundance_0.15,C10419T;G10444C;T10534C;C10544T;G10574A;G10575C;T10598A,ORF1a:P3385L;ORF1a:M3393I;ORF1a:C3423C;ORF1a:H3427Y;ORF1a:G3437S;ORF1a:G3437A;ORF1a:Y3445N,5,38,0.131578947368421,0,
2262026,BA.2_0.02_abundance_0.15,G10850C;G10953T,ORF1a:A3529P;ORF1a:C3563F,15,360,0.0416666666666666,0,
2262026,BA.2_0.02_abundance_0.15,G10850C;G10953T;T11038C,ORF1a:A3529P;ORF1a:C3563F;ORF1a:L3591L,5,91,0.0549450549450549,0,
2262026,BA.2_0.02_abundance_0.15,C11034G;C11231G,ORF1a:S3590*;ORF1a:P3656A,29,796,0.0364321608040201,0,
2262026,BA.2_0.02_abundance_0.15,C11034G;T11038C;G11055A;T11110G;G11114A;T11129C;A11279G;A11302C;C11345A,ORF1a:S3590*;ORF1a:L3591L;ORF1a:S3597N;ORF1a:A3615A;ORF1a:G3617S;ORF1a:S3622P;ORF1a:T3672A;ORF1a:L3679L;ORF1a:L3694I,18,641,0.0280811232449297,0,
2262026,BA.2_0.02_abundance_0.15,T11038C;G11055A;T11110G;G11114A;T11129C;C11231G;A11279G;A11302C;C11345A,ORF1a:L3591L;ORF1a:S3597N;ORF1a:A3615A;ORF1a:G3617S;ORF1a:S3622P;ORF1a:P3656A;ORF1a:T3672A;ORF1a:L3679L;ORF1a:L3694I,17,1197,0.0142021720969089,0,
2262026,BA.2_0.02_abundance_0.15,T11038C;G11055A;T11110G;G11114A;T11129C;A11279G;A11302C;C11345A,ORF1a:L3591L;ORF1a:S3597N;ORF1a:A3615A;ORF1a:G3617S;ORF1a:S3622P;ORF1a:T3672A;ORF1a:L3679L;ORF1a:L3694I,75,1197,0.06265664160401,0,
2262026,BA.2_0.02_abundance_0.15,G11055A;T11110G;G11114A;T11129C;A11279G;A11302C;C11345A,ORF1a:S3597N;ORF1a:A3615A;ORF1a:G3617S;ORF1a:S3622P;ORF1a:T3672A;ORF1a:L3679L;ORF1a:L3694I,73,2072,0.0352316602316602,0,
2262026,BA.2_0.02_abundance_0.15,C11345A;A11519G,ORF1a:L3694I;ORF1a:M3752V,84,1076,0.0780669144981412,0,
2262026,BA.2_0.02_abundance_0.15,A11749T;G11800C,ORF1a:L3828L;ORF1a:L3845F,30,368,0.0815217391304347,0,
2262026,BA.2_0.02_abundance_0.15,G11926C;C12043G;A12063G;A12065T;G12104T;G12185C;T12214G;A12219C,ORF1a:L3887F;ORF1a:D3926E;ORF1a:E3933G;ORF1a:M3934L;ORF1a:E3947*;ORF1a:E3974Q;ORF1a:S3983S;ORF1a:N3985T,33,346,0.0953757225433526,0,
2262026,BA.2_0.02_abundance_0.15,G11926C;C12043G;A12063G;A12065T;G12104T;G12185C;T12214G,ORF1a:L3887F;ORF1a:D3926E;ORF1a:E3933G;ORF1a:M3934L;ORF1a:E3947*;ORF1a:E3974Q;ORF1a:S3983S,41,858,0.0477855477855477,0,
2262026,BA.2_0.02_abundance_0.15,G11926C;C12043G;A12063G;A12065T;G12104T;G12185C,ORF1a:L3887F;ORF1a:D3926E;ORF1a:E3933G;ORF1a:M3934L;ORF1a:E3947*;ORF1a:E3974Q,40,1348,0.029673590504451,0,
2262026,BA.2_0.02_abundance_0.15,G12185C;T12214G;A12219C;G12278C;A12324G;G12382T;G12386A;A12422G;G12428A,ORF1a:E3974Q;ORF1a:S3983S;ORF1a:N3985T;ORF1a:A4005P;ORF1a:D4020G;ORF1a:K4039N;ORF1a:D4041N;ORF1a:R4053G;ORF1a:G4055S,76,992,0.0766129032258064,0,
2262026,BA.2_0.02_abundance_0.15,T12739A;T12799C;T12851G;T12862A;C12880A;T12908G;A12928G;C12970G,ORF1a:T4158T;ORF1a:G4178G;ORF1a:F4196V;ORF1a:S4199R;ORF1a:I4205I;ORF1a:F4215V;ORF1a:K4221K;ORF1a:N4235K,8,223,0.0358744394618834,0,
2262026,BA.2_0.02_abundance_0.15,T12799C;C12813T;T12851G;T12862A;C12880A;T12908G;A12928G;C12970G,ORF1a:G4178G;ORF1a:A4183V;ORF1a:F4196V;ORF1a:S4199R;ORF1a:I4205I;ORF1a:F4215V;ORF1a:K4221K;ORF1a:N4235K,58,1809,0.0320619126589275,0,
2262026,BA.2_0.02_abundance_0.15,T12799C;T12851G;T12862A;C12880A;T12908G;A12928G;C12970G,ORF1a:G4178G;ORF1a:F4196V;ORF1a:S4199R;ORF1a:I4205I;ORF1a:F4215V;ORF1a:K4221K;ORF1a:N4235K,93,1809,0.0514096185737976,0,
2262026,BA.2_0.02_abundance_0.15,C13072A;C13130G;G13202C;T13250G;G13287A;T13310C,ORF1a:F4269L;ORF1a:Q4289E;ORF1a:E4313Q;ORF1a:Y4329D;ORF1a:G4341E;ORF1a:Y4349H,50,1417,0.0352858151023288,0,
2262026,BA.2_0.02_abundance_0.15,C13072A;C13130G;T13250G;G13287A;T13310C,ORF1a:F4269L;ORF1a:Q4289E;ORF1a:Y4329D;ORF1a:G4341E;ORF1a:Y4349H,52,1417,0.036697247706422,0,
2262026,BA.2_0.02_abundance_0.15,T13158A;G13202C,ORF1a:L4298*;ORF1a:E4313Q,17,1519,0.0111915734035549,0,
2262026,BA.2_0.02_abundance_0.15,G13202C;A13361C,ORF1a:E4313Q;ORF1a:K4366Q,17,550,0.0309090909090909,0,
2262026,BA.2_0.02_abundance_0.15,G13202C;T13312A,ORF1a:E4313Q;ORF1a:Y4349*,36,1418,0.0253878702397743,0,
2262026,BA.2_0.02_abundance_0.15,T13996A;G14028T,ORF1b:L177M;ORF1b:M187I,9,579,0.0155440414507772,0,
2262026,BA.2_0.02_abundance_0.15,A14010C;G14044C;T14094A;G14197T;C14204A;T14221A;T14222C,ORF1b:V181V;ORF1b:V193L;ORF1b:D209E;ORF1b:A244S;ORF1b:S246*;ORF1b:L252I;ORF1b:L252S,43,535,0.0803738317757009,0,
2262026,BA.2_0.02_abundance_0.15,A14634G;C14670G;T14684C;T14704C;C14768G;G14773T;C14842A;T14855G,ORF1b:V389V;ORF1b:V401V;ORF1b:F406S;ORF1b:F413L;ORF1b:A434G;ORF1b:D436Y;ORF1b:Q459K;ORF1b:V463G,35,968,0.0361570247933884,0,
2262026,BA.2_0.02_abundance_0.15,A14634G;C14670G;T14684C;T14704C;C14768G;G14773T;C14842A;T14855G;T14871G,ORF1b:V389V;ORF1b:V401V;ORF1b:F406S;ORF1b:F413L;ORF1b:A434G;ORF1b:D436Y;ORF1b:Q459K;ORF1b:V463G;ORF1b:D468E,36,921,0.0390879478827361,0,
2262026,BA.2_0.02_abundance_0.15,A14634G;C14670G;T14684C;T14704C;C14768G;G14773T;C14842A;T14855G;T14871G;T14892G,ORF1b:V389V;ORF1b:V401V;ORF1b:F406S;ORF1b:F413L;ORF1b:A434G;ORF1b:D436Y;ORF1b:Q459K;ORF1b:V463G;ORF1b:D468E;ORF1b:D475E,7,146,0.047945205479452,0,
2262026,BA.2_0.02_abundance_0.15,T14951A;T14988A;T15056G;T15072G;C15134A,ORF1b:F495Y;ORF1b:Y507*;ORF1b:I530R;ORF1b:L535L;ORF1b:T556N,5,110,0.0454545454545454,0,
2262026,BA.2_0.02_abundance_0.15,T15244A;G15268T;T15281G;A15283T;C15319G;G15446A,ORF1b:L593I;ORF1b:E601*;ORF1b:L605R;ORF1b:M606L;ORF1b:P618A;ORF1b:C660Y,124,1577,0.0786303107165504,0,
2262026,BA.2_0.02_abundance_0.15,A15554C;G15658T;C15680A;T15682C;C15714T;G15724T;T15784G;A15831G,ORF1b:N696T;ORF1b:D731Y;ORF1b:A738E;ORF1b:Y739H;ORF1b:L749L;ORF1b:A753S;ORF1b:F773V;ORF1b:A788A,168,2771,0.0606279321544568,0,
2262026,BA.2_0.02_abundance_0.15,A15554C;C15619A;G15658T;C15680A;T15682C;C15714T;G15724T;T15784G;A15831G,ORF1b:N696T;ORF1b:L718I;ORF1b:D731Y;ORF1b:A738E;ORF1b:Y739H;ORF1b:L749L;ORF1b:A753S;ORF1b:F773V;ORF1b:A788A,62,2771,0.0223745940093828,0,
2262026,BA.2_0.02_abundance_0.15,C15603T;C15619A;C15714T,ORF1b:R712R;ORF1b:L718I;ORF1b:L749L,222,3154,0.0703868103994927,0,
2262026,BA.2_0.02_abundance_0.15,C15619A;C15714T,ORF1b:L718I;ORF1b:L749L,494,3154,0.1566265060240964,31,BA.5.2:1;BA.2.9:9;BA.2.75:7;BA.5.2.1:3;BA.2.23:5;BA.2.12.1:2;BA.2:3;BA.2.3:1
2262026,BA.2_0.02_abundance_0.15,T15915A;A15948C;T15978C;A16108T;T16124G,ORF1b:D816E;ORF1b:R827S;ORF1b:D837D;ORF1b:K881*;ORF1b:L886*,136,1725,0.0788405797101449,0,
2262026,BA.2_0.02_abundance_0.15,C16215G;G16259C;A16296C;G16336T;A16421C;T16444A,ORF1b:Y916*;ORF1b:C931S;ORF1b:I943I;ORF1b:V957F;ORF1b:Q985P;ORF1b:Y993N,83,998,0.0831663326653306,0,
2262026,BA.2_0.02_abundance_0.15,G16269A;C16289A,ORF1b:Q934Q;ORF1b:A941D,65,1085,0.0599078341013824,0,
2262026,BA.2_0.02_abundance_0.15,T16820G;T16834A;T16854A;A16981T,ORF1b:I1118R;ORF1b:F1123I;ORF1b:G1129G;ORF1b:I1172F,107,1426,0.0750350631136044,0,
2262026,BA.2_0.02_abundance_0.15,T16820G;T16834A;T16854A;A16981T;T17112G,ORF1b:I1118R;ORF1b:F1123I;ORF1b:G1129G;ORF1b:I1172F;ORF1b:A1215A,20,662,0.0302114803625377,0,
2262026,BA.2_0.02_abundance_0.15,A16831T;T17112G,ORF1b:T1122S;ORF1b:A1215A,16,662,0.0241691842900302,0,
2262026,BA.2_0.02_abundance_0.15,T17112G;C17125A;A17187G;A17289T;C17372T;C17410T,ORF1b:A1215A;ORF1b:L1220I;ORF1b:L1240L;ORF1b:T1274T;ORF1b:A1302V;ORF1b:R1315C,97,2993,0.0324089542265285,0,
2262026,BA.2_0.02_abundance_0.15,T17112G;C17410T,ORF1b:A1215A;ORF1b:R1315C,1058,2993,0.3534914801202806,1,BQ.1.1.8:1
2262026,BA.2_0.02_abundance_0.15,T17112G;C17125A;A17187G;A17289T;C17372T,ORF1b:A1215A;ORF1b:L1220I;ORF1b:L1240L;ORF1b:T1274T;ORF1b:A1302V,58,4546,0.0127584689837219,0,
2262026,BA.2_0.02_abundance_0.15,C17125A;A17187G;A17289T;C17372T;C17410T,ORF1b:L1220I;ORF1b:L1240L;ORF1b:T1274T;ORF1b:A1302V;ORF1b:R1315C,147,2995,0.0490818030050083,0,
2262026,BA.2_0.02_abundance_0.15,C17125A;A17187G;A17289T;C17372T,ORF1b:L1220I;ORF1b:L1240L;ORF1b:T1274T;ORF1b:A1302V,84,4552,0.0184534270650263,0,
2262026,BA.2_0.02_abundance_0.15,C17410T;G17478A,ORF1b:R1315C;ORF1b:K1337K,167,413,0.4043583535108959,432,BA.5.2.6:2;BA.2:132;BA.2.9:87;BA.5.2.21:15;AY.3:32;BF.10:3;BA.5.6:7;BA.2.3:5;BA.2.3.20:1;BA.5.1:6;BQ.1.1:4;BA.2.10:2;BQ.1.23:3;BA.5.2:24;B.1.2:3;BA.5.1.30:2;BA.5.3.1:1;BA.5.2.1:28;BF.5:4;BA.5.6.2:1;BA.2.12.1:11;BA.4:4;BA.2.3.7:1;BA.5.2.9:20;AY.43:1;B.1.429:1;BE.1.1:3;BA.4.6:1;BA.4.3:2;BN.1.3.1:3;BA.2.31:1;BF.21:5;BA.4.1:3;CV.1:1;BA.5.1.25:1;BA.2.75:6;BA.5.2.12:1;BA.2.65:1;BA.5.1.26:1;BF.9:2;BA.5:1
2262026,BA.2_0.02_abundance_0.15,C17410T;G17478A;T17500A,ORF1b:R1315C;ORF1b:K1337K;ORF1b:F1345I,13,413,0.0314769975786924,0,
2262026,BA.2_0.02_abundance_0.15,C17410T;T17500A,ORF1b:R1315C;ORF1b:F1345I,12,413,0.0290556900726392,2,BA.5.2.1:2
2262026,BA.2_0.02_abundance_0.15,C17410T;C17430G;G17596C;C17597A;A17629G;T17670G;A17691C;A17697G,ORF1b:R1315C;ORF1b:Y1321*;ORF1b:A1377P;ORF1b:A1377D;ORF1b:K1388E;ORF1b:G1401G;ORF1b:S1408S;ORF1b:A1410A,30,376,0.0797872340425532,0,
2262026,BA.2_0.02_abundance_0.15,C17430G;G17596C;C17597A;A17629G;T17670G;A17691C;A17697G,ORF1b:Y1321*;ORF1b:A1377P;ORF1b:A1377D;ORF1b:K1388E;ORF1b:G1401G;ORF1b:S1408S;ORF1b:A1410A,188,2988,0.0629183400267737,0,
2262026,BA.2_0.02_abundance_0.15,G17478A;T17500A,ORF1b:K1337K;ORF1b:F1345I,83,3254,0.0255070682237246,0,
2262026,BA.2_0.02_abundance_0.15,G18049T;G18090C;C18094T;A18116T;T18132G;A18153C;T18156G;A18163G;T18164C;G18194A;T18200A;A18272C,ORF1b:V1528L;ORF1b:G1541G;ORF1b:H1543Y;ORF1b:H1550L;ORF1b:T1555T;ORF1b:L1562F;ORF1b:C1563W;ORF1b:I1566V;ORF1b:I1566T;ORF1b:R1576K;ORF1b:L1578H;ORF1b:E1602A,17,213,0.0798122065727699,0,
2262026,BA.2_0.02_abundance_0.15,A18639T;C18681T;C18860A;T18866G;C18894G;C18917T,ORF1b:K1724N;ORF1b:A1738A;ORF1b:A1798E;ORF1b:M1800R;ORF1b:C1809W;ORF1b:T1817I,62,760,0.081578947368421,0,
2262026,BA.2_0.02_abundance_0.15,G18997C;C19152A;C19245A,ORF1b:A1844P;ORF1b:A1895A;ORF1b:D1926E,17,1178,0.0144312393887945,0,
2262026,BA.2_0.02_abundance_0.15,C19152A;C19245A;T19260G,ORF1b:A1895A;ORF1b:D1926E;ORF1b:S1931S,25,352,0.0710227272727272,0,
2262026,BA.2_0.02_abundance_0.15,C19152A;C19245A,ORF1b:A1895A;ORF1b:D1926E,60,1179,0.0508905852417302,0,
2262026,BA.2_0.02_abundance_0.15,A19933C;A20055G,ORF1b:T2156P;ORF1b:E2196E,14,59,0.2372881355932203,1,BA.2:1
2262026,BA.2_0.02_abundance_0.15,T20004A;A20009C;A20055G;G20113C,ORF1b:D2179E;ORF1b:Q2181P;ORF1b:E2196E;ORF1b:V2216L,6,54,0.1111111111111111,0,
2262026,BA.2_0.02_abundance_0.15,T20217G;A20255C;G20333A;T20353C;A20417T;A20471G;T20520A;T20526G,ORF1b:N2250K;ORF1b:D2263A;ORF1b:G2289E;ORF1b:L2296L;ORF1b:E2317V;ORF1b:Q2335R;ORF1b:D2351E;ORF1b:F2353L,118,1456,0.081043956043956,0,
2262026,BA.2_0.02_abundance_0.15,T20520A;T20526G;A20546C;T20573A;A20593C;G20672T;T20789G,ORF1b:D2351E;ORF1b:F2353L;ORF1b:Q2360P;ORF1b:V2369D;ORF1b:T2376P;ORF1b:W2402L;ORF1b:V2441G,62,1497,0.0414161656646626,0,
2262026,BA.2_0.02_abundance_0.15,T20520A;T20526G;A20546C;T20573A;A20593C;G20672T,ORF1b:D2351E;ORF1b:F2353L;ORF1b:Q2360P;ORF1b:V2369D;ORF1b:T2376P;ORF1b:W2402L,67,1601,0.0418488444722048,0,
2262026,BA.2_0.02_abundance_0.15,A20608T;T20789G,ORF1b:M2381L;ORF1b:V2441G,19,1498,0.0126835781041388,0,
2262026,BA.2_0.02_abundance_0.15,T20787C;T20789G,ORF1b:N2440N;ORF1b:V2441G,84,1499,0.0560373582388258,0,
2262026,BA.2_0.02_abundance_0.15,T20911A;C21013T;A21027T;G21044A;C21092G;T21111C,ORF1b:L2482I;ORF1b:H2516Y;ORF1b:K2520N;ORF1b:S2526N;ORF1b:S2542C;ORF1b:T2548T,7,183,0.0382513661202185,0,
2262026,BA.2_0.02_abundance_0.15,T20911A;C21013T;A21027T;T21042A;G21044A;C21092G;T21111C,ORF1b:L2482I;ORF1b:H2516Y;ORF1b:K2520N;ORF1b:I2525I;ORF1b:S2526N;ORF1b:S2542C;ORF1b:T2548T,8,183,0.0437158469945355,0,
2262026,BA.2_0.02_abundance_0.15,T21042A;T21128C,ORF1b:I2525I;ORF1b:I2554T,9,123,0.073170731707317,0,
2262026,BA.2_0.02_abundance_0.15,T21752A;T21773C;T21813A;T21823C;A21845C;A21884G;A21900C;C21978T;A21979T;T21980G;G21987A;A22003C,S:W64R;S:S71P;S:L84Q;S:N87N;S:T95P;S:T108A;S:K113T;S:P139L;S:P139P;S:F140V;S:G142D;S:K147N,14,240,0.0583333333333333,0,
2262026,BA.2_0.02_abundance_0.15,T21752A;T21773C;T21813A;T21823C;A21845C;A21884G;A21900C;C21978T;A21979T;T21980G;G21987A,S:W64R;S:S71P;S:L84Q;S:N87N;S:T95P;S:T108A;S:K113T;S:P139L;S:P139P;S:F140V;S:G142D,68,1082,0.0628465804066543,0,
2262026,BA.2_0.02_abundance_0.15,T21752A;T21773C;T21813A;T21823C;A21845C;A21884G;A21900C,S:W64R;S:S71P;S:L84Q;S:N87N;S:T95P;S:T108A;S:K113T,13,1262,0.0103011093502377,0,
2262026,BA.2_0.02_abundance_0.15,T21895G;G21987A,S:D111E;S:G142D,458,1082,0.4232902033271719,63,AY.20:1;BA.5.1:7;AY.27:26;BA.2:1;AY.39.1:18;AY.4.2:4;AY.98.1:1;B.1.617.2:1;AY.69:1;BA.2.29:3
2262026,BA.2_0.02_abundance_0.15,T22549A;G22578A,S:F329L;S:G339D,11,149,0.0738255033557047,2,BA.1.1:1;BA.5.5:1
2262026,BA.2_0.02_abundance_0.15,T22549A;G22578A;C22674T;T22679C;C22686T;A22688G;G22775A;G22813T,S:F329L;S:G339D;S:S371F;S:S373P;S:S375F;S:T376A;S:D405N;S:K417N,38,123,0.3089430894308943,1,BA.5.5:1
2262026,BA.2_0.02_abundance_0.15,T22549A;G22578A;C22674T;T22679C;C22686T;A22688G;A22701T;G22775A;G22813T,S:F329L;S:G339D;S:S371F;S:S373P;S:S375F;S:T376A;S:Y380F;S:D405N;S:K417N,7,123,0.056910569105691,0,
2262026,BA.2_0.02_abundance_0.15,G22578A;C22674T;T22679C;C22686T;A22688G;A22701T;G22775A;G22813T,S:G339D;S:S371F;S:S373P;S:S375F;S:T376A;S:Y380F;S:D405N;S:K417N,78,532,0.1466165413533834,6,BA.5.2.1:4;BA.5.1:1;BA.5.2:1
2262026,BA.2_0.02_abundance_0.15,G22578A;T22657A;C22674T;T22679C;C22686T;A22688G;G22775A;G22813T,S:G339D;S:Y365*;S:S371F;S:S373P;S:S375F;S:T376A;S:D405N;S:K417N,10,532,0.018796992481203,1,BA.2:1
2262026,BA.2_0.02_abundance_0.15,G22578A;C22674T;T22679C;C22686T;A22688G;G22698C;G22775A;G22813T,S:G339D;S:S371F;S:S373P;S:S375F;S:T376A;S:C379S;S:D405N;S:K417N,12,532,0.0225563909774436,0,
2262026,BA.2_0.02_abundance_0.15,G22578A;C22674T;T22679C;C22686T;A22688G;A22701T,S:G339D;S:S371F;S:S373P;S:S375F;S:T376A;S:Y380F,7,578,0.0121107266435986,6,BA.5.2.1:4;BA.5.1:1;BA.5.2:1
2262026,BA.2_0.02_abundance_0.15,A23168G;G23273A;A23295C;C23297G;T23346C;T23374A;A23403G;G23429A,S:N536D;S:D571N;S:D578A;S:P579A;S:V595A;S:T604T;S:D614G;S:A623T,42,1978,0.0212335692618806,0,
2262026,BA.2_0.02_abundance_0.15,A23168G;G23273A;A23295C;C23297G;T23346C;T23374A;A23403G;G23429A;G23478A,S:N536D;S:D571N;S:D578A;S:P579A;S:V595A;S:T604T;S:D614G;S:A623T;S:G639D,68,1477,0.0460392687880839,0,
2262026,BA.2_0.02_abundance_0.15,A23168G;G23273A;A23295C;C23297G;T23346C;T23374A;A23403G;G23429A;G23478A;A23484G,S:N536D;S:D571N;S:D578A;S:P579A;S:V595A;S:T604T;S:D614G;S:A623T;S:G639D;S:N641S,57,694,0.0821325648414985,0,
2262026,BA.2_0.02_abundance_0.15,G23478A;A23484G;A23523T;T23582A;A23588G;T23590G;C23591A;T23599G;C23604A;G23610A;G23611C;G23624A;T23659C;C23700A;G23724C;G23771A,S:G639D;S:N641S;S:E654V;S:Y674N;S:T676A;S:T676T;S:Q677K;S:N679K;S:P681H;S:R683Q;S:R683R;S:A688T;S:L699L;S:A713D;S:S721T;S:D737N,7,34,0.2058823529411764,0,
2262026,BA.2_0.02_abundance_0.15,C23844T;T23850A;T23875C;A23899C;T23943C;G23948T;T23959G;T23967A;A24002T;T24091A,S:T761I;S:L763*;S:A771A;S:Q779H;S:I794T;S:D796Y;S:G799G;S:F802Y;S:K814*;S:D843E,8,77,0.1038961038961039,0,
2262026,BA.2_0.02_abundance_0.15,T24304A;A24424T,S:N914K;S:Q954H,371,604,0.6142384105960265,2,BA.1.1:1;BA.2.56:1
2262026,BA.2_0.02_abundance_0.15,A24424T;T24469A;T24756G,S:Q954H;S:N969K;S:V1065G,5,26,0.1923076923076923,2,BA.1.15:1;BA.1:1
2262026,BA.2_0.02_abundance_0.15,A24424T;T24447G;T24460G;T24469A;T24511A;T24622C;C24632G;A24674G,S:Q954H;S:L962R;S:L966L;S:N969K;S:R983R;S:A1020A;S:L1024V;S:K1038E,13,236,0.0550847457627118,0,
2262026,BA.2_0.02_abundance_0.15,T24447G;T24460G;T24469A;T24511A;T24622C;C24632G;A24674G,S:L962R;S:L966L;S:N969K;S:R983R;S:A1020A;S:L1024V;S:K1038E,71,1117,0.063563115487914,0,
2262026,BA.2_0.02_abundance_0.15,T24469A;T24756G,S:N969K;S:V1065G,26,149,0.174496644295302,2,BA.1.15:1;BA.1:1
2262026,BA.2_0.02_abundance_0.15,T24756G;C25000T,S:V1065G;S:D1146D,640,2579,0.2481582008530438,2,BA.1.15:1;BA.1:1
2262026,BA.2_0.02_abundance_0.15,T24756G;T24951A;A24952C;C25000T,S:V1065G;S:I1130K;S:I1130I;S:D1146D,51,2579,0.0197751066304769,0,
2262026,BA.2_0.02_abundance_0.15,T24951A;A24952C;C25000T,S:I1130K;S:I1130I;S:D1146D,162,2582,0.0627420604182804,0,
2262026,BA.2_0.02_abundance_0.15,C25069A;A25105T;A25109T;G25112C;T25150A;C25275A,S:I1169I;S:K1181N;S:I1183F;S:D1184H;S:S1196S;S:T1238N,81,2520,0.0321428571428571,0,
2262026,BA.2_0.02_abundance_0.15,C25069A;A25105T;A25109T;G25112C;T25150A;A25182C;C25275A,S:I1169I;S:K1181N;S:I1183F;S:D1184H;S:S1196S;S:E1207A;S:T1238N,117,2520,0.0464285714285714,0,
2262026,BA.2_0.02_abundance_0.15,T25178G;A25182C,S:Y1206D;S:E1207A,363,2695,0.1346938775510204,0,
2262026,BA.2_0.02_abundance_0.15,A25368C;T25402C;T25529A;C25584T;A25591G;G25599C;A25602C,S:K1269T;ORF3a:F4L;ORF3a:L46H;ORF3a:T64T;ORF3a:K67E;ORF3a:W69C;ORF3a:Q70H,102,2202,0.0463215258855585,0,
2262026,BA.2_0.02_abundance_0.15,A25368C;T25399G;T25402C;T25529A;C25584T;A25591G;G25599C;A25602C,S:K1269T;ORF3a:L3V;ORF3a:F4L;ORF3a:L46H;ORF3a:T64T;ORF3a:K67E;ORF3a:W69C;ORF3a:Q70H,45,2202,0.0204359673024523,0,
2262026,BA.2_0.02_abundance_0.15,T25399G;C25584T,ORF3a:L3V;ORF3a:T64T,609,2209,0.2756903576278859,2,BA.2:1;BA.5.2.9:1
2262026,BA.2_0.02_abundance_0.15,T25399G;G25567A;C25584T,ORF3a:L3V;ORF3a:A59T;ORF3a:T64T,49,2209,0.0221819827976459,0,
2262026,BA.2_0.02_abundance_0.15,A25664G;C25685G;T25707G;T25722C;T25813G;A25826C;T25870G;T25887A;T25893A;C25924A,ORF3a:Y91C;ORF3a:A98G;ORF3a:F105L;ORF3a:A110A;ORF3a:Y141D;ORF3a:Y145S;ORF3a:Y160D;ORF3a:S165S;ORF3a:I167I;ORF3a:P178T,15,124,0.1209677419354838,0,
2262026,BA.2_0.02_abundance_0.15,G26257C;C26270T;G26526T,E:V5L;E:T9I;M:A2S,78,1488,0.0524193548387096,0,
2262026,BA.2_0.02_abundance_0.15,G26257C;C26270T;T26406G;G26526T,E:V5L;E:T9I;E:P54P;M:A2S,56,1488,0.0376344086021505,0,
2262026,BA.2_0.02_abundance_0.15,C26270T;T26406G,E:T9I;E:P54P,498,1652,0.3014527845036319,9,BA.1:1;BA.5.2.1:2;BA.2.36:1;BQ.1.5:1;BA.2:2;BA.1.17:1;BA.1.1:1
2262026,BA.2_0.02_abundance_0.15,C26270T;C26348G;T26406G,E:T9I;E:T35S;E:P54P,28,1652,0.0169491525423728,0,
2262026,BA.2_0.02_abundance_0.15,C26270T;C26348G,E:T9I;E:T35S,29,1652,0.0175544794188861,0,
2262026,BA.2_0.02_abundance_0.15,C26892G;A26896C;G26925T;G26937C;A27045C;C27145A,M:L124V;M:H125P;M:E135*;M:V139L;M:T175P;M:T208K,26,401,0.0648379052369077,0,
2262026,BA.2_0.02_abundance_0.15,C26892G;A26896C;G26925T;T26935A;G26937C;A27045C;C27145A,M:L124V;M:H125P;M:E135*;M:L138H;M:V139L;M:T175P;M:T208K,12,401,0.0299251870324189,0,
2262026,BA.2_0.02_abundance_0.15,T26935A;A27027C,M:L138H;M:T169P,8,433,0.0184757505773672,0,
2262026,BA.2_0.02_abundance_0.15,T26935A;A27006C,M:L138H;M:K162Q,15,433,0.0346420323325635,0,
2262026,BA.2_0.02_abundance_0.15,G27204A;T27257G;A27301T;G27337C;C27352A;G27361T;G27382C;A27383T;T27384C;C27425T;C27476G;A27487T;C27493T,ORF6:MX;ORF6:M19R;ORF6:N34Y;ORF6:E46Q;ORF6:Q51K;ORF6:E54*;ORF6:D61H;ORF6:D61V;ORF6:D61D;ORF7a:T11I;ORF7a:T28R;ORF7a:K32*;ORF7a:P34S,75,1045,0.0717703349282296,0,
2262026,BA.2_0.02_abundance_0.15,G27204A;T27257G;A27301T;G27337C;C27352A;G27361T;G27382C;A27383T;T27384C;C27425T;C27476G;A27487T,ORF6:MX;ORF6:M19R;ORF6:N34Y;ORF6:E46Q;ORF6:Q51K;ORF6:E54*;ORF6:D61H;ORF6:D61V;ORF6:D61D;ORF7a:T11I;ORF7a:T28R;ORF7a:K32*,53,1672,0.0316985645933014,0,
2262026,BA.2_0.02_abundance_0.15,T27835G;A27867T;A27868T;G28036A,ORF7b:I27S;ORF7b:N38Y;ORF7b:N38I;ORF8:R48K,58,1894,0.0306230200633579,0,
2262026,BA.2_0.02_abundance_0.15,T27835G;T27840C;A27867T;A27868T;G28036A,ORF7b:I27S;ORF7b:W29R;ORF7b:N38Y;ORF7b:N38I;ORF8:R48K,27,1894,0.0142555438225976,0,
2262026,BA.2_0.02_abundance_0.15,T27835G;T27840C;A27867T;A27868T;G28036A;C28132A,ORF7b:I27S;ORF7b:W29R;ORF7b:N38Y;ORF7b:N38I;ORF8:R48K;ORF8:T80K,20,940,0.0212765957446808,0,
2262026,BA.2_0.02_abundance_0.15,T27835G;A27867T;A27868T;G28036A;C28132A,ORF7b:I27S;ORF7b:N38Y;ORF7b:N38I;ORF8:R48K;ORF8:T80K,57,940,0.0606382978723404,0,
2262026,BA.2_0.02_abundance_0.15,T27840C;A28037G,ORF7b:W29R;ORF8:R48R,105,1894,0.0554382259767687,0,
2262026,BA.2_0.02_abundance_0.15,C28132A;G28276C;G28307A;C28311T;C28397A,ORF8:T80K;N:MX;N:A12T;N:P13L;N:P42T,100,1250,0.08,0,
2262026,BA.2_0.02_abundance_0.15,T28570A;A28612T;T28662A;A28696C;T28726G;A28733C,N:G99G;N:L113L;N:I130N;N:T141T;N:P151P;N:N154H,34,351,0.0968660968660968,0,
2262026,BA.2_0.02_abundance_0.15,T28570A;A28612T,N:G99G;N:L113L,6,463,0.0129589632829373,1,BA.1:1
2262026,BA.2_0.02_abundance_0.15,T28726G;A28733C;T28825G;C28876A;G28881A;G28882A;G28883C;C28932T;C28961A;A29006T;A29012G,N:P151P;N:N154H;N:S184S;N:S201R;N:R203K;N:R203R;N:G204R;N:A220V;N:L230I;N:T245S;N:T247A,11,262,0.0419847328244274,0,
2262026,BA.2_0.02_abundance_0.15,T28726G;A28733C;T28825G;C28876A;G28881A;G28882A;G28883C,N:P151P;N:N154H;N:S184S;N:S201R;N:R203K;N:R203R;N:G204R,6,317,0.0189274447949526,0,
2262026,BA.2_0.02_abundance_0.15,G28881A;G28882A;G28883C;A29006T,N:R203K;N:R203R;N:G204R;N:T245S,176,279,0.6308243727598566,7,BA.2.9:1;BA.2.42:2;BA.4.1:1;B.1.1.7:1;XBB.1.4.1:1;B.1.1.50:1
2262026,BA.2_0.02_abundance_0.15,A29012G;T29059A;A29083T;A29150T;A29209G;C29211T;C29323A,N:T247A;N:R262R;N:V270V;N:R293*;N:S312S;N:A313V;N:V350V,19,204,0.0931372549019607,0,
2262026,BA.2_0.02_abundance_0.15,T29059A;A29083T;A29150T;A29209G;C29211T;C29323A,N:R262R;N:V270V;N:R293*;N:S312S;N:A313V;N:V350V,181,2308,0.07842287694974,0,
2262026,BA.2_0.02_abundance_0.15,C29323A;A29356G;T29452G;T29458C;C29498T;A29510C;T29602C;A29618T;A29630G,N:V350V;N:K361K;N:T393T;N:L395L;N:Q409*;N:S413R;ORF10:S15S;ORF10:M21L;ORF10:N25D,17,366,0.0464480874316939,0,
2262026,BA.2_0.02_abundance_0.15,A29356G;T29452G;T29458C;C29498T;A29510C;T29602C;A29618T;A29630G,N:K361K;N:T393T;N:L395L;N:Q409*;N:S413R;ORF10:S15S;ORF10:M21L;ORF10:N25D,35,1194,0.0293132328308207,0,
2262026,BA.2_0.02_abundance_0.15,T29404C;A29510C,N:D377D;N:S413R,146,1307,0.1117061973986228,1216,BT.2:10;BE.1:1;BA.2:432;BA.2.2:5;BA.5.2:111;BA.4.6:6;BA.5.6:9;BA.5.1.18:19;BA.2.56:1;BA.5:6;BA.2.38:36;BQ.1.1.18:2;BA.2.9:69;BF.7:3;BF.5:18;BE.1.2:1;BA.2.12.1:291;BQ.1:25;BE.1.1:2;BF.1:5;BA.5.2.1:15;BA.5.1.24:13;BN.1.3:1;BF.18:9;BA.2.3.6:36;BA.5.1:31;BA.2.75:9;BA.5.5:15;BA.2.3:6;BA.5.2.7:1;BA.4.4:2;BA.2.36:1;BA.4.1:2;BF.11:1;BA.2.58:1;BA.2.37:1;BA.2.3.1:1;BA.5.1.25:1;BA.4:1;BA.2.8:1;BA.2.76:1;BA.5.2.9:1;BF.6:1;BQ.1.9:1;BF.10:3;BA.5.1.31:1;CH.1.1:2;BA.5.2.34:1;BA.2.43:1;BF.9:2;BA.2.10:1;BA.4.6.3:1
2262026,BA.2_0.02_abundance_0.15,T29404C;C29441T;A29510C,N:D377D;N:Q390*;N:S413R,29,1307,0.0221882172915072,0,
2262026,BA.2_0.02_abundance_0.15,T29404C;A29510C;C29627G,N:D377D;N:S413R;ORF10:R24G,15,1199,0.012510425354462,0,
2262026,BA.2_0.02_abundance_0.15,C29441T;A29510C,N:Q390*;N:S413R,117,1307,0.0895179801071155,3,BA.2.10:1;BA.2:1;BA.5:1
2262026,BA.2_0.02_abundance_0.15,C29441T;A29510C;C29627G,N:Q390*;N:S413R;ORF10:R24G,20,1199,0.0166805671392827,0,
2262026,BA.2_0.02_abundance_0.15,A29510C;C29627G,N:S413R;ORF10:R24G,111,1199,0.0925771476230191,25,BA.5.6.1:1;BA.2:23;BA.5:1
3052026,BA.2_0.02_abundance_0.15,T277C;T322C,ORF1a:L4L;ORF1a:P19P,87,680,0.1279411764705882,0,
3052026,BA.2_0.02_abundance_0.15,T277C;T322C;T380G,ORF1a:L4L;ORF1a:P19P;ORF1a:L39V,5,48,0.1041666666666666,0,
3052026,BA.2_0.02_abundance_0.15,T380G;T484C;G495C;G545C;A652C;G663A;T670G,ORF1a:L39V;ORF1a:R73R;ORF1a:R77P;ORF1a:G94R;ORF1a:K129N;ORF1a:G133D;ORF1a:S135R,317,2563,0.1236831837690206,0,
3052026,BA.2_0.02_abundance_0.15,C527A;T670G,ORF1a:L88M;ORF1a:S135R,129,2564,0.0503120124804992,41,BA.5.9:1;BQ.1.1.4:7;BA.5.2.1:5;BA.5.1.22:1;BA.4.1:1;BQ.1:4;BF.5:2;BA.2.38:6;BQ.1.22:1;BA.2:3;BA.5.1:2;BE.1:1;BA.2.65:3;BA.5.2.20:1;BA.2.9:1;BA.5.2:1;BA.2.56:1
3052026,BA.2_0.02_abundance_0.15,T670G;C906A,ORF1a:S135R;ORF1a:T214N,62,392,0.1581632653061224,44,BA.5.1.1:1;BA.5.2:2;BA.2.12.1:6;BQ.1.1.19:1;BA.2:14;BA.5.8:4;BF.27:2;BA.5.6.1:1;BA.5.2.1:4;BA.2.9.1:1;BA.2.9:1;BA.5.1:3;BF.5:1;BA.2.9.5:3
3052026,BA.2_0.02_abundance_0.15,T670G;G910A,ORF1a:S135R;ORF1a:L215L,8,392,0.0204081632653061,340,BA.5.1:28;BA.2:62;BA.2.12.1:7;BA.5.2.34:2;BA.5.2.1:34;CK.1:1;BA.2.75:13;BA.5.2:34;BA.2.9:8;BA.5.1.20:7;BA.2.48:15;BA.5.2.20:14;BA.5.2.3:1;BE.1:2;BA.5.1.21:1;BF.26:9;XBB.1:8;BA.2.65:3;BA.5:2;CH.1.1:2;BE.1.1:9;BA.5.2.9:5;BA.4.1:5;BA.5.1.17:12;BA.5.6:3;BE.3:8;BA.2.3:4;BA.5.1.2:1;BA.2.3.1:4;BA.5.5:4;BQ.1.1.7:4;BF.11:5;BA.5.2.27:1;BA.2.62:1;BA.5.1.22:1;BA.4.6:6;BA.5.2.23:1;BA.5.3.1:1;BA.5.2.21:1;BA.2.24:1;BA.2.10.1:1;BA.5.2.7:2;BF.7.4:1;BA.5.1.1:1;BE.1.4:4;BF.5:1
3052026,BA.2_0.02_abundance_0.15,T1030A;T1061C;G1085T;A1120C;A1137C;A1203G;T1216C,ORF1a:F255L;ORF1a:F266L;ORF1a:V274L;ORF1a:Q285H;ORF1a:K291T;ORF1a:N313S;ORF1a:L317L,13,982,0.0132382892057026,0,
3052026,BA.2_0.02_abundance_0.15,T1030A;T1061C;G1085T;A1120C;A1137C;A1203G;T1216C;C1284A,ORF1a:F255L;ORF1a:F266L;ORF1a:V274L;ORF1a:Q285H;ORF1a:K291T;ORF1a:N313S;ORF1a:L317L;ORF1a:T340N,88,901,0.097669256381798,0,
3052026,BA.2_0.02_abundance_0.15,T1030A;T1061C;G1085T;A1120C;A1137C;A1203G;T1216C;T1240C;C1284A,ORF1a:F255L;ORF1a:F266L;ORF1a:V274L;ORF1a:Q285H;ORF1a:K291T;ORF1a:N313S;ORF1a:L317L;ORF1a:H325H;ORF1a:T340N,40,901,0.0443951165371809,0,
3052026,BA.2_0.02_abundance_0.15,C1284A;T1370A;C1415G;A1431G;T1443A;C1513G;A1517C;A1566C,ORF1a:T340N;ORF1a:Y369N;ORF1a:L384V;ORF1a:N389S;ORF1a:L393*;ORF1a:C416W;ORF1a:N418H;ORF1a:N434T,17,83,0.2048192771084337,0,
3052026,BA.2_0.02_abundance_0.15,C1766A;C1848A,ORF1a:Q501K;ORF1a:S528*,40,2755,0.014519056261343,0,
3052026,BA.2_0.02_abundance_0.15,C1766A;A1866C;A1900T,ORF1a:Q501K;ORF1a:Y534S;ORF1a:R545R,36,2721,0.0132304299889746,0,
3052026,BA.2_0.02_abundance_0.15,C1848A;A1866C;A1900T,ORF1a:S528*;ORF1a:Y534S;ORF1a:R545R,68,2721,0.0249908122013965,0,
3052026,BA.2_0.02_abundance_0.15,A1866C;A1900T,ORF1a:Y534S;ORF1a:R545R,294,2721,0.1080485115766262,0,
3052026,BA.2_0.02_abundance_0.15,A2215G;A2275G;T2481C;T2489C;C2509A,ORF1a:K650K;ORF1a:E670E;ORF1a:I739T;ORF1a:L742L;ORF1a:P748P,24,126,0.1904761904761904,0,
3052026,BA.2_0.02_abundance_0.15,T2257G;A2275G;T2481C;T2489C;C2509A,ORF1a:I664M;ORF1a:E670E;ORF1a:I739T;ORF1a:L742L;ORF1a:P748P,7,461,0.0151843817787418,0,
3052026,BA.2_0.02_abundance_0.15,A2275G;T2481C;T2489C;C2509A,ORF1a:E670E;ORF1a:I739T;ORF1a:L742L;ORF1a:P748P,42,461,0.0911062906724512,0,
3052026,BA.2_0.02_abundance_0.15,T2868A;A2909T;C2980A;G2993C;C3037T;T3073A;T3118A;A3132T,ORF1a:V868E;ORF1a:T882S;ORF1a:Y905*;ORF1a:E910Q;ORF1a:F924F;ORF1a:C936*;ORF1a:T951T;ORF1a:Q956L,20,149,0.1342281879194631,0,
3052026,BA.2_0.02_abundance_0.15,C3037T;A3111G,ORF1a:F924F;ORF1a:Y949C,18,154,0.1168831168831168,663,BA.2:121;P.1:6;AY.4:22;BA.5.2.1:4;BA.1.1:25;BA.2.75:1;B.1.351.2:19;B.1.525:1;B.1.1.7:81;BA.5.8:3;B.1.177.19:1;AY.4.2.1:1;BA.2.81:1;B:1;BA.2.3:3;BA.5.2:11;BQ.1.1:1;B.1.2:14;BA.2.3.5:95;AY.47:1;AY.23:1;AY.44:15;B.1.361:9;AY.25.3:1;BF.26:1;AY.118:3;AY.100:6;AY.29:9;AY.5:1;B.1.258:1;AY.113:1;B.1.177:15;AY.25:6;BA.2.23:3;BF.7:1;BA.2.57:2;AY.3.1:8;BA.5.2.20:2;B.1.427:3;AY.43.3:1;BA.5.1:11;BA.5.1.10:1;BA.4.2:3;BA.2.12.1:23;AY.39.1:8;B.1.1:2;B.1.1.323:1;BA.2.9:11;AY.126:1;AY.114:1;AY.20:1;B.1.243:1;BA.1:2;B.1.206:1;BA.1.1.15:1;AY.25.1:11;AY.39.1.1:2;C.37:1;AY.46.3:11;BA.2.3.20:1;BA.5.2.33:1;B.1.1.201:1;B.1.617.2:4;B.1.1.440:2;BQ.1.14:1;AY.121:1;P.1.2:1;BA.4.1.8:1;AY.3:7;AY.7.1:1;BA.5.3.1:3;AY.46:1;BA.1.15:1;BE.1:4;BF.5:1;AY.75.3:1;AY.103:1;XBB.1:2;AY.122:4;P.1.7.1:1;B.1:1;B.1.177.81:1;B.1.177.83:1;AY.39.2:1;AY.39:2;BA.5.9:1;P.1.8:3;BA.5.1.5:1;XBB.1.5:1;AY.57:7;AY.43:1;AY.102:1;BA.5.6:1;AY.111:1;AY.125:1;P.1.17:1;AY.119:1;BA.1.1.1:1;B.1.177.54:1;AY.46.6:1
3052026,BA.2_0.02_abundance_0.15,T3256C;A3336G;A3344G;C3393A;A3414C;G3418C;A3430C;T3454A;G3483C,ORF1a:N997N;ORF1a:E1024G;ORF1a:S1027G;ORF1a:A1043E;ORF1a:K1050T;ORF1a:K1051N;ORF1a:T1055T;ORF1a:V1063V;ORF1a:G1073A,202,2263,0.0892620415377817,0,
3052026,BA.2_0.02_abundance_0.15,T3256C;A3336G;A3344G;C3393A;A3414C;G3418C;A3430C;T3454A,ORF1a:N997N;ORF1a:E1024G;ORF1a:S1027G;ORF1a:A1043E;ORF1a:K1050T;ORF1a:K1051N;ORF1a:T1055T;ORF1a:V1063V,39,2630,0.014828897338403,0,
3052026,BA.2_0.02_abundance_0.15,T3256C;A3336G;A3344G;C3365G;C3393A;A3414C;G3418C;A3430C;T3454A;G3483C,ORF1a:N997N;ORF1a:E1024G;ORF1a:S1027G;ORF1a:L1034V;ORF1a:A1043E;ORF1a:K1050T;ORF1a:K1051N;ORF1a:T1055T;ORF1a:V1063V;ORF1a:G1073A,70,2263,0.0309323906319045,0,
3052026,BA.2_0.02_abundance_0.15,T3256C;A3336G;A3344G;C3365G;C3393A;A3414C;G3418C;A3430C;T3454A;G3483C;T3499G,ORF1a:N997N;ORF1a:E1024G;ORF1a:S1027G;ORF1a:L1034V;ORF1a:A1043E;ORF1a:K1050T;ORF1a:K1051N;ORF1a:T1055T;ORF1a:V1063V;ORF1a:G1073A;ORF1a:A1078A,5,287,0.0174216027874564,0,
3052026,BA.2_0.02_abundance_0.15,T3256C;A3336G;A3344G;C3393A;A3414C;G3418C;A3430C;T3454A;G3483C;T3499G;C3501T,ORF1a:N997N;ORF1a:E1024G;ORF1a:S1027G;ORF1a:A1043E;ORF1a:K1050T;ORF1a:K1051N;ORF1a:T1055T;ORF1a:V1063V;ORF1a:G1073A;ORF1a:A1078A;ORF1a:T1079I,16,179,0.0893854748603352,0,
3052026,BA.2_0.02_abundance_0.15,T3930A;G3994T;G4016T;T4041A;A4070G;C4113A,ORF1a:V1222D;ORF1a:L1243L;ORF1a:E1251*;ORF1a:I1259N;ORF1a:T1269A;ORF1a:A1283D,49,565,0.0867256637168141,0,
3052026,BA.2_0.02_abundance_0.15,T3930A;G3994T;T4041A;A4070G;C4113A,ORF1a:V1222D;ORF1a:L1243L;ORF1a:I1259N;ORF1a:T1269A;ORF1a:A1283D,43,565,0.0761061946902654,0,
3052026,BA.2_0.02_abundance_0.15,G4694C;C4746T;G4802T;A4957G,ORF1a:V1477L;ORF1a:S1494F;ORF1a:D1513Y;ORF1a:E1564E,132,893,0.1478163493840985,0,
3052026,BA.2_0.02_abundance_0.15,G4694C;C4746T;G4802T,ORF1a:V1477L;ORF1a:S1494F;ORF1a:D1513Y,15,982,0.015274949083503,0,
3052026,BA.2_0.02_abundance_0.15,A5948G;A5970T;T5981G;T6038G;A6045G;T6053G,ORF1a:K1895E;ORF1a:K1902I;ORF1a:Y1906D;ORF1a:F1925V;ORF1a:N1927S;ORF1a:F1930V,5,82,0.0609756097560975,0,
3052026,BA.2_0.02_abundance_0.15,A5948G;A5970T;T5981G;T6038G;A6045G;T6053G;A6122C;C6147T;A6206G,ORF1a:K1895E;ORF1a:K1902I;ORF1a:Y1906D;ORF1a:F1925V;ORF1a:N1927S;ORF1a:F1930V;ORF1a:R1953R;ORF1a:P1961L;ORF1a:K1981E,13,72,0.1805555555555555,0,
3052026,BA.2_0.02_abundance_0.15,A6206G;T6287C;C6318A;G6364T;C6395G;T6407A;C6432G;C6445A,ORF1a:K1981E;ORF1a:W2008R;ORF1a:P2018Q;ORF1a:A2033A;ORF1a:L2044V;ORF1a:S2048T;ORF1a:T2056S;ORF1a:D2060E,54,274,0.1970802919708029,0,
3052026,BA.2_0.02_abundance_0.15,T6287C;C6318A;G6364T;C6395G;T6407A;C6432G;C6445A,ORF1a:W2008R;ORF1a:P2018Q;ORF1a:A2033A;ORF1a:L2044V;ORF1a:S2048T;ORF1a:T2056S;ORF1a:D2060E,29,475,0.0610526315789473,0,
3052026,BA.2_0.02_abundance_0.15,A6613C;T6614A;C6636G;A6677T;T6736A;T6747G,ORF1a:V2116V;ORF1a:L2117I;ORF1a:T2124S;ORF1a:I2138L;ORF1a:V2157V;ORF1a:L2161*,16,107,0.1495327102803738,0,
3052026,BA.2_0.02_abundance_0.15,T7666A;C7688A;G7718C;G7866A;A7896C;C7955T;A7966G,ORF1a:D2467E;ORF1a:L2475I;ORF1a:D2485H;ORF1a:G2534D;ORF1a:D2544A;ORF1a:L2564F;ORF1a:Q2567Q,48,311,0.1543408360128617,0,
3052026,BA.2_0.02_abundance_0.15,T7666A;C7688A;G7718C;G7866A,ORF1a:D2467E;ORF1a:L2475I;ORF1a:D2485H;ORF1a:G2534D,7,359,0.0194986072423398,0,
3052026,BA.2_0.02_abundance_0.15,C7688A;G7718C;G7866A;A7896C;C7955T;A7966G,ORF1a:L2475I;ORF1a:D2485H;ORF1a:G2534D;ORF1a:D2544A;ORF1a:L2564F;ORF1a:Q2567Q,20,445,0.0449438202247191,0,
3052026,BA.2_0.02_abundance_0.15,T8335A;A8475T,ORF1a:A2690A;ORF1a:N2737I,6,291,0.0206185567010309,0,
3052026,BA.2_0.02_abundance_0.15,A8636G;G8653C;T8822C;T8902A,ORF1a:T2791A;ORF1a:M2796I;ORF1a:L2853L;ORF1a:G2879G,38,305,0.1245901639344262,0,
3052026,BA.2_0.02_abundance_0.15,G8653C;T8822C;T8902A,ORF1a:M2796I;ORF1a:L2853L;ORF1a:G2879G,8,360,0.0222222222222222,0,
3052026,BA.2_0.02_abundance_0.15,A8955C;A8995T;T9043A;A9058G;A9079G;G9128C;G9203T,ORF1a:Y2897S;ORF1a:T2910T;ORF1a:S2926S;ORF1a:P2931P;ORF1a:V2938V;ORF1a:V2955L;ORF1a:D2980Y,46,1476,0.0311653116531165,0,
3052026,BA.2_0.02_abundance_0.15,A8955C;A8995T;T9043A;A9058T;A9079G;G9128C,ORF1a:Y2897S;ORF1a:T2910T;ORF1a:S2926S;ORF1a:P2931P;ORF1a:V2938V;ORF1a:V2955L,34,1625,0.0209230769230769,0,
3052026,BA.2_0.02_abundance_0.15,A8955C;A8995T;T9043A;A9058G;A9079G;G9128C,ORF1a:Y2897S;ORF1a:T2910T;ORF1a:S2926S;ORF1a:P2931P;ORF1a:V2938V;ORF1a:V2955L,84,1625,0.0516923076923076,0,
3052026,BA.2_0.02_abundance_0.15,A8955C;A8995T;T9043A;A9058T;A9079G;G9128C;G9203T,ORF1a:Y2897S;ORF1a:T2910T;ORF1a:S2926S;ORF1a:P2931P;ORF1a:V2938V;ORF1a:V2955L;ORF1a:D2980Y,28,1476,0.018970189701897,0,
3052026,BA.2_0.02_abundance_0.15,A8955C;A8995T;T9043A;A9058G;A9079G;G9128C;G9203T;A9236G,ORF1a:Y2897S;ORF1a:T2910T;ORF1a:S2926S;ORF1a:P2931P;ORF1a:V2938V;ORF1a:V2955L;ORF1a:D2980Y;ORF1a:R2991G,6,290,0.0206896551724137,0,
3052026,BA.2_0.02_abundance_0.15,A8955C;A8995T;T9043A;A9058G;A9079G;G9128C;A9236G,ORF1a:Y2897S;ORF1a:T2910T;ORF1a:S2926S;ORF1a:P2931P;ORF1a:V2938V;ORF1a:V2955L;ORF1a:R2991G,7,290,0.0241379310344827,0,
3052026,BA.2_0.02_abundance_0.15,A8955C;A8995T;T9043A;A9058G;A9079G;G9128C;G9203T;A9236G;A9243C,ORF1a:Y2897S;ORF1a:T2910T;ORF1a:S2926S;ORF1a:P2931P;ORF1a:V2938V;ORF1a:V2955L;ORF1a:D2980Y;ORF1a:R2991G;ORF1a:E2993A,6,79,0.0759493670886076,0,
3052026,BA.2_0.02_abundance_0.15,A9058T;G9203T,ORF1a:P2931P;ORF1a:D2980Y,180,1477,0.1218686526743398,0,
3052026,BA.2_0.02_abundance_0.15,G9269T;G9321C;C9344T;C9402G;G9414A;A9424G;G9463T;T9464G;C9534T,ORF1a:G3002C;ORF1a:C3019S;ORF1a:L3027F;ORF1a:S3046C;ORF1a:G3050D;ORF1a:V3053V;ORF1a:R3066S;ORF1a:F3067V;ORF1a:T3090I,7,76,0.0921052631578947,0,
3052026,BA.2_0.02_abundance_0.15,C9534T;C9592G,ORF1a:T3090I;ORF1a:Y3109*,193,2243,0.0860454748105216,0,
3052026,BA.2_0.02_abundance_0.15,C9534T;C9592G;T9818A;T9823A,ORF1a:T3090I;ORF1a:Y3109*;ORF1a:L3185I;ORF1a:N3186K,45,400,0.1125,0,
3052026,BA.2_0.02_abundance_0.15,C9534T;C9592G;T9818A,ORF1a:T3090I;ORF1a:Y3109*;ORF1a:L3185I,78,1020,0.0764705882352941,0,
3052026,BA.2_0.02_abundance_0.15,G10850C;G10953T,ORF1a:A3529P;ORF1a:C3563F,178,1664,0.1069711538461538,0,
3052026,BA.2_0.02_abundance_0.15,G10850C;G10953T;T11038C,ORF1a:A3529P;ORF1a:C3563F;ORF1a:L3591L,52,374,0.1390374331550802,0,
3052026,BA.2_0.02_abundance_0.15,T11038C;G11055A;T11110G;G11114A;T11129C;A11279G;A11302C,ORF1a:L3591L;ORF1a:S3597N;ORF1a:A3615A;ORF1a:G3617S;ORF1a:S3622P;ORF1a:T3672A;ORF1a:L3679L,10,489,0.0204498977505112,0,
3052026,BA.2_0.02_abundance_0.15,T11038C;G11055A;T11110G;G11114A;T11129C;A11279G;A11302C;C11345A,ORF1a:L3591L;ORF1a:S3597N;ORF1a:A3615A;ORF1a:G3617S;ORF1a:S3622P;ORF1a:T3672A;ORF1a:L3679L;ORF1a:L3694I,48,431,0.111368909512761,0,
3052026,BA.2_0.02_abundance_0.15,T11038C;G11055A;T11110G;G11114A;T11129C;A11255C;A11279G;A11302C;C11345A,ORF1a:L3591L;ORF1a:S3597N;ORF1a:A3615A;ORF1a:G3617S;ORF1a:S3622P;ORF1a:M3664L;ORF1a:T3672A;ORF1a:L3679L;ORF1a:L3694I,15,431,0.0348027842227378,0,
3052026,BA.2_0.02_abundance_0.15,T11038C;G11055A;T11110G;G11114A;T11129C,ORF1a:L3591L;ORF1a:S3597N;ORF1a:A3615A;ORF1a:G3617S;ORF1a:S3622P,6,535,0.011214953271028,0,
3052026,BA.2_0.02_abundance_0.15,G11055A;T11110G;G11114A;T11129C;A11279G;A11302C;C11345A,ORF1a:S3597N;ORF1a:A3615A;ORF1a:G3617S;ORF1a:S3622P;ORF1a:T3672A;ORF1a:L3679L;ORF1a:L3694I,39,753,0.0517928286852589,0,
3052026,BA.2_0.02_abundance_0.15,G11055A;T11110G;G11114A;T11129C;A11255C;A11279G;A11302C;C11345A,ORF1a:S3597N;ORF1a:A3615A;ORF1a:G3617S;ORF1a:S3622P;ORF1a:M3664L;ORF1a:T3672A;ORF1a:L3679L;ORF1a:L3694I,12,753,0.0159362549800796,0,
3052026,BA.2_0.02_abundance_0.15,C11345A;A11519G,ORF1a:L3694I;ORF1a:M3752V,106,796,0.1331658291457286,0,
3052026,BA.2_0.02_abundance_0.15,C11345A;A11519G;T11660A,ORF1a:L3694I;ORF1a:M3752V;ORF1a:L3799I,7,107,0.0654205607476635,0,
3052026,BA.2_0.02_abundance_0.15,A11519G;T11660A,ORF1a:M3752V;ORF1a:L3799I,8,175,0.0457142857142857,0,
3052026,BA.2_0.02_abundance_0.15,T11660A;A11749T;G11800C,ORF1a:L3799I;ORF1a:L3828L;ORF1a:L3845F,16,263,0.0608365019011406,0,
3052026,BA.2_0.02_abundance_0.15,T11660A;T11723G;A11749T;G11800C,ORF1a:L3799I;ORF1a:F3820V;ORF1a:L3828L;ORF1a:L3845F,12,263,0.0456273764258555,0,
3052026,BA.2_0.02_abundance_0.15,T11723G;A11749T;G11800C,ORF1a:F3820V;ORF1a:L3828L;ORF1a:L3845F,7,263,0.026615969581749,0,
3052026,BA.2_0.02_abundance_0.15,A11749T;G11800C,ORF1a:L3828L;ORF1a:L3845F,7,263,0.026615969581749,0,
3052026,BA.2_0.02_abundance_0.15,G11926C;C12043G;A12063G;A12065T;G12104T;G12185C;T12214G;A12219C,ORF1a:L3887F;ORF1a:D3926E;ORF1a:E3933G;ORF1a:M3934L;ORF1a:E3947*;ORF1a:E3974Q;ORF1a:S3983S;ORF1a:N3985T,99,803,0.1232876712328767,0,
3052026,BA.2_0.02_abundance_0.15,G11926C;C12043G;A12063G;A12065T;G12104T;G12185C;T12214G,ORF1a:L3887F;ORF1a:D3926E;ORF1a:E3933G;ORF1a:M3934L;ORF1a:E3947*;ORF1a:E3974Q;ORF1a:S3983S,120,1764,0.0680272108843537,0,
3052026,BA.2_0.02_abundance_0.15,G11926C;A11969C;C12043G;A12063G;A12065T;G12104T;G12185C;T12214G,ORF1a:L3887F;ORF1a:K3902Q;ORF1a:D3926E;ORF1a:E3933G;ORF1a:M3934L;ORF1a:E3947*;ORF1a:E3974Q;ORF1a:S3983S,20,1764,0.0113378684807256,0,
3052026,BA.2_0.02_abundance_0.15,G11926C;C12043G;A12063G;A12065T;G12104T;G12185C,ORF1a:L3887F;ORF1a:D3926E;ORF1a:E3933G;ORF1a:M3934L;ORF1a:E3947*;ORF1a:E3974Q,137,2667,0.051368578927634,0,
3052026,BA.2_0.02_abundance_0.15,G11926C;C12043G;A12063G;A12065T;G12104T,ORF1a:L3887F;ORF1a:D3926E;ORF1a:E3933G;ORF1a:M3934L;ORF1a:E3947*,32,2900,0.0110344827586206,0,
3052026,BA.2_0.02_abundance_0.15,G11926C;A11969C;C12043G;A12063G;A12065T;G12104T;G12185C;T12214G;A12219C,ORF1a:L3887F;ORF1a:K3902Q;ORF1a:D3926E;ORF1a:E3933G;ORF1a:M3934L;ORF1a:E3947*;ORF1a:E3974Q;ORF1a:S3983S;ORF1a:N3985T,19,803,0.0236612702366127,0,
3052026,BA.2_0.02_abundance_0.15,G12185C;T12214G;A12219C;G12278C;A12297T;A12324G;G12382T;G12386A;A12422G;G12428A,ORF1a:E3974Q;ORF1a:S3983S;ORF1a:N3985T;ORF1a:A4005P;ORF1a:Q4011L;ORF1a:D4020G;ORF1a:K4039N;ORF1a:D4041N;ORF1a:R4053G;ORF1a:G4055S,41,411,0.0997566909975669,0,
3052026,BA.2_0.02_abundance_0.15,G12185C;T12214G;A12219C;G12278C;A12297T;A12324G;A12354G;G12382T;G12386A;A12422G;G12428A,ORF1a:E3974Q;ORF1a:S3983S;ORF1a:N3985T;ORF1a:A4005P;ORF1a:Q4011L;ORF1a:D4020G;ORF1a:Q4030R;ORF1a:K4039N;ORF1a:D4041N;ORF1a:R4053G;ORF1a:G4055S,10,411,0.024330900243309,0,
3052026,BA.2_0.02_abundance_0.15,G12185C;T12214G;A12219C;G12278C;A12324G;G12382T;G12386A;A12422G;G12428A,ORF1a:E3974Q;ORF1a:S3983S;ORF1a:N3985T;ORF1a:A4005P;ORF1a:D4020G;ORF1a:K4039N;ORF1a:D4041N;ORF1a:R4053G;ORF1a:G4055S,8,411,0.0194647201946472,0,
3052026,BA.2_0.02_abundance_0.15,A12297T;A12379C,ORF1a:Q4011L;ORF1a:R4038S,16,416,0.0384615384615384,0,
3052026,BA.2_0.02_abundance_0.15,A12297T;A12354G,ORF1a:Q4011L;ORF1a:Q4030R,45,449,0.1002227171492204,0,
3052026,BA.2_0.02_abundance_0.15,T12799C;T12851G;T12862A;C12880A;T12908G;A12928G;C12970G,ORF1a:G4178G;ORF1a:F4196V;ORF1a:S4199R;ORF1a:I4205I;ORF1a:F4215V;ORF1a:K4221K;ORF1a:N4235K,483,3624,0.1332781456953642,0,
3052026,BA.2_0.02_abundance_0.15,T12799C;T12851G;T12862A;C12880A;T12908G;A12928G;C12970G;C13072A,ORF1a:G4178G;ORF1a:F4196V;ORF1a:S4199R;ORF1a:I4205I;ORF1a:F4215V;ORF1a:K4221K;ORF1a:N4235K;ORF1a:F4269L,8,63,0.1269841269841269,0,
3052026,BA.2_0.02_abundance_0.15,C13072A;C13130G;T13250G;G13287A;T13310C,ORF1a:F4269L;ORF1a:Q4289E;ORF1a:Y4329D;ORF1a:G4341E;ORF1a:Y4349H,117,718,0.1629526462395543,0,
3052026,BA.2_0.02_abundance_0.15,G13425T;A13535G,ORF1a:R4387L;ORF1b:Y23C,13,126,0.1031746031746031,0,
3052026,BA.2_0.02_abundance_0.15,A14010C;G14044C;T14094A,ORF1b:V181V;ORF1b:V193L;ORF1b:D209E,26,2194,0.0118505013673655,0,
3052026,BA.2_0.02_abundance_0.15,A14010C;G14044C;T14094A;G14197T;C14204A;C14216T;T14221A;T14222C,ORF1b:V181V;ORF1b:V193L;ORF1b:D209E;ORF1b:A244S;ORF1b:S246*;ORF1b:T250I;ORF1b:L252I;ORF1b:L252S,61,2031,0.0300344657804037,0,
3052026,BA.2_0.02_abundance_0.15,A14010C;G14044C;T14094A;G14197T;C14204A;T14221A;T14222C,ORF1b:V181V;ORF1b:V193L;ORF1b:D209E;ORF1b:A244S;ORF1b:S246*;ORF1b:L252I;ORF1b:L252S,245,2031,0.1206302314130969,0,
3052026,BA.2_0.02_abundance_0.15,A14634G;C14670G;T14684C;T14704C;C14768G;G14773T;C14842A;T14855G,ORF1b:V389V;ORF1b:V401V;ORF1b:F406S;ORF1b:F413L;ORF1b:A434G;ORF1b:D436Y;ORF1b:Q459K;ORF1b:V463G,116,969,0.1197110423116615,0,
3052026,BA.2_0.02_abundance_0.15,A14634G;C14670G;T14684C;T14704C;C14768G;G14773T;C14842A;T14855G;T14892G,ORF1b:V389V;ORF1b:V401V;ORF1b:F406S;ORF1b:F413L;ORF1b:A434G;ORF1b:D436Y;ORF1b:Q459K;ORF1b:V463G;ORF1b:D475E,15,150,0.1,0,
3052026,BA.2_0.02_abundance_0.15,T14951A;T14988A;T15056G;T15072G;C15134A,ORF1b:F495Y;ORF1b:Y507*;ORF1b:I530R;ORF1b:L535L;ORF1b:T556N,61,409,0.1491442542787286,0,
3052026,BA.2_0.02_abundance_0.15,T15244A;G15268T;T15281G;A15283T;C15319G;G15446A,ORF1b:L593I;ORF1b:E601*;ORF1b:L605R;ORF1b:M606L;ORF1b:P618A;ORF1b:C660Y,235,1710,0.1374269005847953,0,
3052026,BA.2_0.02_abundance_0.15,A15554C;G15658T;C15680A;T15682C;C15714T;G15724T,ORF1b:N696T;ORF1b:D731Y;ORF1b:A738E;ORF1b:Y739H;ORF1b:L749L;ORF1b:A753S,49,4187,0.0117028898973011,0,
3052026,BA.2_0.02_abundance_0.15,A15554C;G15658T;C15680A;T15682C;C15714T;G15724T;T15733C;T15784G;A15831G,ORF1b:N696T;ORF1b:D731Y;ORF1b:A738E;ORF1b:Y739H;ORF1b:L749L;ORF1b:A753S;ORF1b:C756R;ORF1b:F773V;ORF1b:A788A,55,3721,0.0147809728567589,0,
3052026,BA.2_0.02_abundance_0.15,A15554C;G15658T;C15680A;T15682C;C15714T;G15724T;T15784G;A15831G,ORF1b:N696T;ORF1b:D731Y;ORF1b:A738E;ORF1b:Y739H;ORF1b:L749L;ORF1b:A753S;ORF1b:F773V;ORF1b:A788A,214,3725,0.0574496644295302,0,
3052026,BA.2_0.02_abundance_0.15,A15554C;G15658T;C15680A;T15682C;C15714T;G15724T;T15784G;G15822C;A15831G,ORF1b:N696T;ORF1b:D731Y;ORF1b:A738E;ORF1b:Y739H;ORF1b:L749L;ORF1b:A753S;ORF1b:F773V;ORF1b:M785I;ORF1b:A788A,64,3725,0.0171812080536912,0,
3052026,BA.2_0.02_abundance_0.15,A15554C;G15658T;C15680A;T15682C;C15714T;G15724T;T15784G;G15822C;A15827G;A15831G,ORF1b:N696T;ORF1b:D731Y;ORF1b:A738E;ORF1b:Y739H;ORF1b:L749L;ORF1b:A753S;ORF1b:F773V;ORF1b:M785I;ORF1b:E787G;ORF1b:A788A,38,3725,0.0102013422818791,0,
3052026,BA.2_0.02_abundance_0.15,A15554C;G15658T;C15680A;T15682C;C15714T;G15724T;T15784G;A15827G;A15831G,ORF1b:N696T;ORF1b:D731Y;ORF1b:A738E;ORF1b:Y739H;ORF1b:L749L;ORF1b:A753S;ORF1b:F773V;ORF1b:E787G;ORF1b:A788A,162,3725,0.043489932885906,0,
3052026,BA.2_0.02_abundance_0.15,C15714T;T15733C;A15827G,ORF1b:L749L;ORF1b:C756R;ORF1b:E787G,249,3818,0.0652173913043478,0,
3052026,BA.2_0.02_abundance_0.15,C15714T;T15733C,ORF1b:L749L;ORF1b:C756R,395,3937,0.1003302006604013,2,BA.1.1:1;BA.2.12.1:1
3052026,BA.2_0.02_abundance_0.15,T15915A;A15948C;T15978C;A16108T;T16124G,ORF1b:D816E;ORF1b:R827S;ORF1b:D837D;ORF1b:K881*;ORF1b:L886*,303,2069,0.1464475592073465,0,
3052026,BA.2_0.02_abundance_0.15,T15915A;A15948C;T15978C,ORF1b:D816E;ORF1b:R827S;ORF1b:D837D,26,2215,0.0117381489841986,0,
3052026,BA.2_0.02_abundance_0.15,C16215G;G16259C;A16296C;G16336T;A16421C;T16444A;C16469A,ORF1b:Y916*;ORF1b:C931S;ORF1b:I943I;ORF1b:V957F;ORF1b:Q985P;ORF1b:Y993N;ORF1b:P1001H,46,360,0.1277777777777777,0,
3052026,BA.2_0.02_abundance_0.15,C16215G;G16259C;A16296C;G16336T;A16421C;T16444A,ORF1b:Y916*;ORF1b:C931S;ORF1b:I943I;ORF1b:V957F;ORF1b:Q985P;ORF1b:Y993N,37,627,0.0590111642743221,0,
3052026,BA.2_0.02_abundance_0.15,T16820G;T16834A;T16854A;A16981T,ORF1b:I1118R;ORF1b:F1123I;ORF1b:G1129G;ORF1b:I1172F,386,2883,0.1338883107873742,0,
3052026,BA.2_0.02_abundance_0.15,T16820G;T16834A;T16854A;A16981T;C17125A,ORF1b:I1118R;ORF1b:F1123I;ORF1b:G1129G;ORF1b:I1172F;ORF1b:L1220I,21,120,0.175,0,
3052026,BA.2_0.02_abundance_0.15,C17125A;A17187G;A17289T;C17372T;C17410T,ORF1b:L1220I;ORF1b:L1240L;ORF1b:T1274T;ORF1b:A1302V;ORF1b:R1315C,324,2282,0.1419807186678352,0,
3052026,BA.2_0.02_abundance_0.15,C17125A;A17187G;A17289T;C17372T,ORF1b:L1220I;ORF1b:L1240L;ORF1b:T1274T;ORF1b:A1302V,193,3491,0.0552850186193067,0,
3052026,BA.2_0.02_abundance_0.15,C17125A;A17187G;A17289T;C17372T;C17410T;C17430G,ORF1b:L1220I;ORF1b:L1240L;ORF1b:T1274T;ORF1b:A1302V;ORF1b:R1315C;ORF1b:Y1321*,9,56,0.1607142857142857,0,
3052026,BA.2_0.02_abundance_0.15,C17410T;C17430G;G17596C;C17597A;A17629G;T17670G;A17691C;A17697G,ORF1b:R1315C;ORF1b:Y1321*;ORF1b:A1377P;ORF1b:A1377D;ORF1b:K1388E;ORF1b:G1401G;ORF1b:S1408S;ORF1b:A1410A,14,104,0.1346153846153846,0,
3052026,BA.2_0.02_abundance_0.15,C17430G;G17596C;C17597A;A17629G;T17670G;A17691C;A17697G,ORF1b:Y1321*;ORF1b:A1377P;ORF1b:A1377D;ORF1b:K1388E;ORF1b:G1401G;ORF1b:S1408S;ORF1b:A1410A,84,731,0.1149110807113543,0,
3052026,BA.2_0.02_abundance_0.15,G18049T;G18090C;C18094T;A18116T;T18132G;A18153C;T18156G;A18163G;T18164C;G18194A;T18200A,ORF1b:V1528L;ORF1b:G1541G;ORF1b:H1543Y;ORF1b:H1550L;ORF1b:T1555T;ORF1b:L1562F;ORF1b:C1563W;ORF1b:I1566V;ORF1b:I1566T;ORF1b:R1576K;ORF1b:L1578H,12,1122,0.0106951871657754,0,
3052026,BA.2_0.02_abundance_0.15,G18049T;G18090C;C18094T;A18116T;T18132G;A18153C;T18156G;A18163G;T18164C;G18194A;T18200A;A18272C,ORF1b:V1528L;ORF1b:G1541G;ORF1b:H1543Y;ORF1b:H1550L;ORF1b:T1555T;ORF1b:L1562F;ORF1b:C1563W;ORF1b:I1566V;ORF1b:I1566T;ORF1b:R1576K;ORF1b:L1578H;ORF1b:E1602A,147,1037,0.14175506268081,0,
3052026,BA.2_0.02_abundance_0.15,G18049T;A18081G;G18090C;C18094T;A18116T;T18132G;A18153C;T18156G;A18163G;T18164C;G18194A;T18200A;A18272C,ORF1b:V1528L;ORF1b:V1538V;ORF1b:G1541G;ORF1b:H1543Y;ORF1b:H1550L;ORF1b:T1555T;ORF1b:L1562F;ORF1b:C1563W;ORF1b:I1566V;ORF1b:I1566T;ORF1b:R1576K;ORF1b:L1578H;ORF1b:E1602A,11,1037,0.0106075216972034,0,
3052026,BA.2_0.02_abundance_0.15,A18081G;A18163G,ORF1b:V1538V;ORF1b:I1566V,72,1122,0.0641711229946524,105,BA.2.12.1:19;BA.5.2.1:8;BA.2:17;BA.5.2:10;BA.2.42:1;CA.3:1;BA.1.1:17;BA.2.38:1;BA.2.3:1;BA.1.17.2:1;BA.2.58:2;BA.1:12;BA.5.1.3:1;BA.5.6:1;BA.1.15:3;B.1.1.529:4;BA.1.15.1:1;BF.5:1;BA.1.17:1;BA.5.1:2;XBB.1.5:1
3052026,BA.2_0.02_abundance_0.15,T18158C;A18163G,ORF1b:V1564A;ORF1b:I1566V,33,1123,0.0293855743544078,48,BA.4.1:2;BA.2:17;BA.2.12.1:4;BA.1:1;BA.5.2.6:3;BA.1.1:14;BE.1.1:1;BA.5.2:2;BA.5.2.1:4
3052026,BA.2_0.02_abundance_0.15,C18356T;A18378C;T18537A;A18556G;G18578C;A18611G;T18621A,ORF1b:P1630L;ORF1b:T1637T;ORF1b:I1690I;ORF1b:T1697A;ORF1b:R1704T;ORF1b:E1715G;ORF1b:S1718S,189,1544,0.1224093264248704,0,
3052026,BA.2_0.02_abundance_0.15,C18356T;A18378C,ORF1b:P1630L;ORF1b:T1637T,19,1863,0.0101986044015029,0,
3052026,BA.2_0.02_abundance_0.15,C18356T;A18378C;T18537A;A18556G;G18578C;A18611G;T18621A;A18639T,ORF1b:P1630L;ORF1b:T1637T;ORF1b:I1690I;ORF1b:T1697A;ORF1b:R1704T;ORF1b:E1715G;ORF1b:S1718S;ORF1b:K1724N,29,223,0.1300448430493273,0,
3052026,BA.2_0.02_abundance_0.15,C18356T;A18378C;T18537A;A18556G;G18578C;A18611G,ORF1b:P1630L;ORF1b:T1637T;ORF1b:I1690I;ORF1b:T1697A;ORF1b:R1704T;ORF1b:E1715G,24,1692,0.0141843971631205,0,
3052026,BA.2_0.02_abundance_0.15,T18621A;A18639T;C18681T;C18860A;T18866G;C18894G;C18917T,ORF1b:S1718S;ORF1b:K1724N;ORF1b:A1738A;ORF1b:A1798E;ORF1b:M1800R;ORF1b:C1809W;ORF1b:T1817I,5,64,0.078125,0,
3052026,BA.2_0.02_abundance_0.15,A18639T;C18681T,ORF1b:K1724N;ORF1b:A1738A,10,980,0.010204081632653,0,
3052026,BA.2_0.02_abundance_0.15,A18639T;C18681T;C18860A;T18866G;C18894G;C18917T,ORF1b:K1724N;ORF1b:A1738A;ORF1b:A1798E;ORF1b:M1800R;ORF1b:C1809W;ORF1b:T1817I,135,889,0.1518560179977502,0,
3052026,BA.2_0.02_abundance_0.15,A18639T;C18681T;C18860A;A18862C;T18866G;C18894G;C18917T,ORF1b:K1724N;ORF1b:A1738A;ORF1b:A1798E;ORF1b:I1799L;ORF1b:M1800R;ORF1b:C1809W;ORF1b:T1817I,14,889,0.0157480314960629,0,
3052026,BA.2_0.02_abundance_0.15,T19015A;C19152A;C19245A;T19260G,ORF1b:F1850I;ORF1b:A1895A;ORF1b:D1926E;ORF1b:S1931S,8,73,0.1095890410958904,0,
3052026,BA.2_0.02_abundance_0.15,T19015A;C19152A;C19245A,ORF1b:F1850I;ORF1b:A1895A;ORF1b:D1926E,17,219,0.0776255707762557,0,
3052026,BA.2_0.02_abundance_0.15,C19152A;C19245A,ORF1b:A1895A;ORF1b:D1926E,9,219,0.0410958904109589,0,
3052026,BA.2_0.02_abundance_0.15,T20520A;T20526G;A20546C;T20573A;A20593C;G20672T,ORF1b:D2351E;ORF1b:F2353L;ORF1b:Q2360P;ORF1b:V2369D;ORF1b:T2376P;ORF1b:W2402L,48,236,0.2033898305084746,0,
3052026,BA.2_0.02_abundance_0.15,T20911A;C21013T;A21027T;G21044A;C21092G;T21111C,ORF1b:L2482I;ORF1b:H2516Y;ORF1b:K2520N;ORF1b:S2526N;ORF1b:S2542C;ORF1b:T2548T,134,929,0.1442411194833154,0,
3052026,BA.2_0.02_abundance_0.15,A21684T;T21752A;T21773C;T21813A;T21823C;A21845C;A21884G;A21900C;C21978T;A21979T;T21980G;G21987A,S:K41I;S:W64R;S:S71P;S:L84Q;S:N87N;S:T95P;S:T108A;S:K113T;S:P139L;S:P139P;S:F140V;S:G142D,8,103,0.0776699029126213,0,
3052026,BA.2_0.02_abundance_0.15,A21684T;T21752A;T21773C;T21813A;T21823C;A21845C;A21884G;A21900C,S:K41I;S:W64R;S:S71P;S:L84Q;S:N87N;S:T95P;S:T108A;S:K113T,5,128,0.0390625,0,
3052026,BA.2_0.02_abundance_0.15,T21752A;T21773C;T21813A;T21823C;A21845C;A21884G;A21900C;C21978T;A21979T;T21980G;G21987A,S:W64R;S:S71P;S:L84Q;S:N87N;S:T95P;S:T108A;S:K113T;S:P139L;S:P139P;S:F140V;S:G142D,116,1349,0.0859896219421793,0,
3052026,BA.2_0.02_abundance_0.15,T21752A;T21773C;T21813A;T21823C;A21845C;A21884G;A21900C,S:W64R;S:S71P;S:L84Q;S:N87N;S:T95P;S:T108A;S:K113T,37,1630,0.0226993865030674,0,
3052026,BA.2_0.02_abundance_0.15,T21752A;T21773C;T21813A;T21823C;A21845C;A21884G;A21900C;C21978T;A21979T;T21980G;G21987A;A22003C,S:W64R;S:S71P;S:L84Q;S:N87N;S:T95P;S:T108A;S:K113T;S:P139L;S:P139P;S:F140V;S:G142D;S:K147N,28,285,0.0982456140350877,0,
3052026,BA.2_0.02_abundance_0.15,T21752A;T21773C;T21813A;T21823C;A21845C;A21884G;A21900C;C21978T;A21979T;T21980G;G21987A;A22003C;A22013T,S:W64R;S:S71P;S:L84Q;S:N87N;S:T95P;S:T108A;S:K113T;S:P139L;S:P139P;S:F140V;S:G142D;S:K147N;S:S151C,7,42,0.1666666666666666,0,
3052026,BA.2_0.02_abundance_0.15,T21895C;T21921C;G21987A,S:D111D;S:V120A;S:G142D,15,1352,0.011094674556213,0,
3052026,BA.2_0.02_abundance_0.15,T21921C;G21987A,S:V120A;S:G142D,67,1352,0.0495562130177514,49,AY.44:20;AY.122:6;AY.47:1;BA.5.2:2;AY.103:2;AY.4.8:1;AY.34.1:2;AY.43:1;AY.119:1;AY.25.1:4;AY.125:1;AY.29:5;AY.46.6:1;BA.5.1:1;BQ.1.12:1
3052026,BA.2_0.02_abundance_0.15,A22562G;C22674T;T22679C;C22686T;A22688G;G22775A;A22786C;G22813T;A22832T,S:N334D;S:S371F;S:S373P;S:S375F;S:T376A;S:D405N;S:R408S;S:K417N;S:K424*,144,858,0.1678321678321678,0,
3052026,BA.2_0.02_abundance_0.15,A22562G;C22674T;T22679C;C22686T;A22688G;G22775A;A22786C;G22813T,S:N334D;S:S371F;S:S373P;S:S375F;S:T376A;S:D405N;S:R408S;S:K417N,17,861,0.0197444831591173,3,BA.5.2:1;BA.5.2.1:1;BA.5.2.35:1
3052026,BA.2_0.02_abundance_0.15,A22562G;G22632T;C22674T;T22679C;C22686T;A22688G;G22775A;A22786C;G22813T;A22832T,S:N334D;S:R357I;S:S371F;S:S373P;S:S375F;S:T376A;S:D405N;S:R408S;S:K417N;S:K424*,16,858,0.0186480186480186,0,
3052026,BA.2_0.02_abundance_0.15,A22562G;C22674T;T22679C;C22686T;A22688G,S:N334D;S:S371F;S:S373P;S:S375F;S:T376A,15,917,0.0163576881134133,4,BA.5.2:1;BA.5.2.1:1;BA.5.2.35:1;BA.2:1
3052026,BA.2_0.02_abundance_0.15,G22632T;C22674T;T22679C;C22686T;A22688G;G22775A;A22786C;G22813T;A22832T,S:R357I;S:S371F;S:S373P;S:S375F;S:T376A;S:D405N;S:R408S;S:K417N;S:K424*,51,861,0.0592334494773519,0,
3052026,BA.2_0.02_abundance_0.15,C22674T;T22679C;C22686T;A22688G;G22775A;A22786C;G22813T;A22832T,S:S371F;S:S373P;S:S375F;S:T376A;S:D405N;S:R408S;S:K417N;S:K424*,428,861,0.4970963995354239,0,
3052026,BA.2_0.02_abundance_0.15,C22674T;T22679C;C22686T;A22688G;G22751C;G22775A;A22786C;G22813T;A22832T,S:S371F;S:S373P;S:S375F;S:T376A;S:A397P;S:D405N;S:R408S;S:K417N;S:K424*,52,861,0.0603948896631823,0,
3052026,BA.2_0.02_abundance_0.15,C22674T;T22679C;C22686T;C22687A;A22688G;G22775A;A22786C;G22813T;A22832T,S:S371F;S:S373P;S:S375F;S:S375S;S:T376A;S:D405N;S:R408S;S:K417N;S:K424*,26,861,0.0301974448315911,0,
3052026,BA.2_0.02_abundance_0.15,C22674T;T22679C;C22686T;A22688G;G22751C;G22775A;A22786C;G22813T,S:S371F;S:S373P;S:S375F;S:T376A;S:A397P;S:D405N;S:R408S;S:K417N,9,864,0.0104166666666666,0,
3052026,BA.2_0.02_abundance_0.15,A23168G;G23273A;A23295C;C23297G;T23346C;T23374A;A23403G;G23429A,S:N536D;S:D571N;S:D578A;S:P579A;S:V595A;S:T604T;S:D614G;S:A623T,33,729,0.0452674897119341,0,
3052026,BA.2_0.02_abundance_0.15,A23168G;A23181G;G23273A;A23295C;C23297G;T23346C;T23374A;A23403G;G23429A;G23478A,S:N536D;S:N540S;S:D571N;S:D578A;S:P579A;S:V595A;S:T604T;S:D614G;S:A623T;S:G639D,7,526,0.0133079847908745,0,
3052026,BA.2_0.02_abundance_0.15,A23168G;G23273A;A23295C;C23297G;T23346C;T23374A;A23403G;G23429A;G23478A,S:N536D;S:D571N;S:D578A;S:P579A;S:V595A;S:T604T;S:D614G;S:A623T;S:G639D,28,526,0.053231939163498,0,
3052026,BA.2_0.02_abundance_0.15,A23168G;A23181G;G23273A;A23295C;C23297G;T23346C;T23374A;A23403G;G23429A,S:N536D;S:N540S;S:D571N;S:D578A;S:P579A;S:V595A;S:T604T;S:D614G;S:A623T,11,729,0.0150891632373113,0,
3052026,BA.2_0.02_abundance_0.15,A23168G;G23273A;A23295C;C23297G;T23346C;T23374A;A23403G;G23429A;G23478A;A23484G,S:N536D;S:D571N;S:D578A;S:P579A;S:V595A;S:T604T;S:D614G;S:A623T;S:G639D;S:N641S,25,257,0.0972762645914396,0,
3052026,BA.2_0.02_abundance_0.15,A23168G;A23181G;G23273A;A23295C;C23297G;T23346C;T23374A;A23403G;G23429A;G23478A;A23484G,S:N536D;S:N540S;S:D571N;S:D578A;S:P579A;S:V595A;S:T604T;S:D614G;S:A623T;S:G639D;S:N641S,5,257,0.0194552529182879,0,
3052026,BA.2_0.02_abundance_0.15,G23478A;A23484G;A23497G;A23523T;T23582A;A23588G;T23590G;C23591A;T23599G;C23604A;G23624A;T23659C;C23700A;G23724C;G23771A,S:G639D;S:N641S;S:T645T;S:E654V;S:Y674N;S:T676A;S:T676T;S:Q677K;S:N679K;S:P681H;S:A688T;S:L699L;S:A713D;S:S721T;S:D737N,11,134,0.0820895522388059,0,
3052026,BA.2_0.02_abundance_0.15,G23478A;A23484G;A23523T;T23582A;A23588G;T23590G;C23591A;T23599G;C23604A;G23624A;T23659C;C23700A;G23724C;G23771A,S:G639D;S:N641S;S:E654V;S:Y674N;S:T676A;S:T676T;S:Q677K;S:N679K;S:P681H;S:A688T;S:L699L;S:A713D;S:S721T;S:D737N,13,134,0.0970149253731343,0,
3052026,BA.2_0.02_abundance_0.15,A23484G;A23497G;A23523T;T23582A;A23588G;T23590G;C23591A;T23599G;C23604A;G23624A;T23659C;C23700A;G23724C;G23771A,S:N641S;S:T645T;S:E654V;S:Y674N;S:T676A;S:T676T;S:Q677K;S:N679K;S:P681H;S:A688T;S:L699L;S:A713D;S:S721T;S:D737N,11,340,0.0323529411764705,0,
3052026,BA.2_0.02_abundance_0.15,A23484G;A23523T;T23582A;A23588G;T23590G;C23591A;T23599G;C23604A;G23624A;T23659C;C23700A;G23724C;G23771A,S:N641S;S:E654V;S:Y674N;S:T676A;S:T676T;S:Q677K;S:N679K;S:P681H;S:A688T;S:L699L;S:A713D;S:S721T;S:D737N,14,340,0.0411764705882352,0,
3052026,BA.2_0.02_abundance_0.15,A23497G;T23599G;C23604A,S:T645T;S:N679K;S:P681H,115,447,0.2572706935123042,192,BA.5.1:14;BA.2.12.1:2;BQ.1.12:1;BA.5.2:11;BA.5.2.1:126;BA.2:10;BA.1:3;BF.5:3;BA.4.5:4;BA.1.1:3;BA.5.3.2:1;BA.1.1.12:1;CP.1:1;BA.1.15:1;BA.2.10:1;BA.2.79:1;BF.1:1;BA.1.17:1;BQ.1.1.21:1;BA.1.1.8:2;BA.1.1.18:2;BA.5.5:1;BA.4:1
3052026,BA.2_0.02_abundance_0.15,A23497G;A23523T;T23582A;A23588G;T23590G;C23591A;T23599G;C23604A;G23624A;T23659C;C23700A;G23724C;G23771A,S:T645T;S:E654V;S:Y674N;S:T676A;S:T676T;S:Q677K;S:N679K;S:P681H;S:A688T;S:L699L;S:A713D;S:S721T;S:D737N,7,426,0.0164319248826291,0,
3052026,BA.2_0.02_abundance_0.15,A23523T;T23582A;A23588G;T23590G;C23591A;T23599G;C23604A;G23624A;T23659C;C23700A;G23724C;G23771A,S:E654V;S:Y674N;S:T676A;S:T676T;S:Q677K;S:N679K;S:P681H;S:A688T;S:L699L;S:A713D;S:S721T;S:D737N,5,426,0.0117370892018779,0,
3052026,BA.2_0.02_abundance_0.15,C23844T;T23850A;C23854A;T23875C;A23899C;T23943C;G23948T;T23959G;T23967A;A24002T;T24091A,S:T761I;S:L763*;S:N764K;S:A771A;S:Q779H;S:I794T;S:D796Y;S:G799G;S:F802Y;S:K814*;S:D843E,102,699,0.1459227467811159,0,
3052026,BA.2_0.02_abundance_0.15,C23844T;T23850A;C23854A;T23875C;A23899C;T23943C;G23948T;T23959G;T23967A;A24002T,S:T761I;S:L763*;S:N764K;S:A771A;S:Q779H;S:I794T;S:D796Y;S:G799G;S:F802Y;S:K814*,8,747,0.0107095046854083,0,
3052026,BA.2_0.02_abundance_0.15,T24447G;T24460G;T24511A;T24622C;C24632G;A24674G,S:L962R;S:L966L;S:R983R;S:A1020A;S:L1024V;S:K1038E,7,127,0.0551181102362204,0,
3052026,BA.2_0.02_abundance_0.15,T24951A;A24952C;C25000T,S:I1130K;S:I1130I;S:D1146D,570,3966,0.1437216338880484,0,
3052026,BA.2_0.02_abundance_0.15,C25069A;A25105T;A25109T;G25112C;T25150A;C25275A,S:I1169I;S:K1181N;S:I1183F;S:D1184H;S:S1196S;S:T1238N,19,134,0.1417910447761194,0,
3052026,BA.2_0.02_abundance_0.15,A25368C;T25402C;T25529A;C25584T;A25591G;G25599C;A25602C,S:K1269T;ORF3a:F4L;ORF3a:L46H;ORF3a:T64T;ORF3a:K67E;ORF3a:W69C;ORF3a:Q70H,284,2761,0.1028612821441506,0,
3052026,BA.2_0.02_abundance_0.15,A25368C;T25402C;T25529A;C25584T;A25591G;G25595C;G25599C;A25602C,S:K1269T;ORF3a:F4L;ORF3a:L46H;ORF3a:T64T;ORF3a:K67E;ORF3a:R68T;ORF3a:W69C;ORF3a:Q70H,103,2761,0.0373053241579138,0,
3052026,BA.2_0.02_abundance_0.15,C25584T;G25595C,ORF3a:T64T;ORF3a:R68T,575,2773,0.2073566534439235,46,BA.5.5:3;BA.2.12.1:2;BA.5.1:7;BF.7:3;BA.1:5;BA.1.1:6;BA.2.2:1;BA.2:9;BA.5.2.1:1;BA.5.1.23:4;BA.5.2:2;BA.4.5:3
3052026,BA.2_0.02_abundance_0.15,T25953C;C26270T,ORF3a:G187G;E:T9I,11,51,0.2156862745098039,68,BA.2:20;BA.2.12.1:12;BA.5.2.1:2;BA.1.1:15;BA.5.1.22:4;BA.4.4:1;BA.4.6:1;BF.27:4;BQ.1.1:1;BQ.1.1.15:1;BA.2.75:1;BA.5.2:1;BA.1:1;BA.5.1:2;BA.5.1.21:1;CH.1.1:1
3052026,BA.2_0.02_abundance_0.15,G26257C;C26270T;G26526T,E:V5L;E:T9I;M:A2S,91,535,0.1700934579439252,0,
3052026,BA.2_0.02_abundance_0.15,G26257C;C26270T,E:V5L;E:T9I,10,627,0.0159489633173843,3,BA.1.15:1;BA.2.18:1;BA.1.1.1:1
3052026,BA.2_0.02_abundance_0.15,C26892G;A26896C;G26925T;G26937C;A27045C;C27145A,M:L124V;M:H125P;M:E135*;M:V139L;M:T175P;M:T208K,42,257,0.1634241245136186,0,
3052026,BA.2_0.02_abundance_0.15,C26892G;A26896C;G26925T;G26937C;A27045C,M:L124V;M:H125P;M:E135*;M:V139L;M:T175P,6,283,0.0212014134275618,0,
3052026,BA.2_0.02_abundance_0.15,G27204A;T27257G;A27301T;G27337C;C27352A;G27361T;G27382C;A27383T;T27384C;C27425T;C27476G,ORF6:MX;ORF6:M19R;ORF6:N34Y;ORF6:E46Q;ORF6:Q51K;ORF6:E54*;ORF6:D61H;ORF6:D61V;ORF6:D61D;ORF7a:T11I;ORF7a:T28R,18,645,0.027906976744186,0,
3052026,BA.2_0.02_abundance_0.15,G27204A;T27257G;A27301T;G27337C;C27352A;G27361T;G27382C;A27383T;T27384C;C27425T;C27476G;A27487T;C27493T,ORF6:MX;ORF6:M19R;ORF6:N34Y;ORF6:E46Q;ORF6:Q51K;ORF6:E54*;ORF6:D61H;ORF6:D61V;ORF6:D61D;ORF7a:T11I;ORF7a:T28R;ORF7a:K32*;ORF7a:P34S,48,339,0.1415929203539823,0,
3052026,BA.2_0.02_abundance_0.15,G27204A;T27257G;A27301T;G27337C;C27352A;G27361T;G27382C;A27383T;T27384C;C27425T;C27476G;A27487T,ORF6:MX;ORF6:M19R;ORF6:N34Y;ORF6:E46Q;ORF6:Q51K;ORF6:E54*;ORF6:D61H;ORF6:D61V;ORF6:D61D;ORF7a:T11I;ORF7a:T28R;ORF7a:K32*,23,527,0.0436432637571157,0,
3052026,BA.2_0.02_abundance_0.15,G27204A;T27257G;A27301T;G27337C;C27352A;G27361T;G27382C;A27383T;T27384C;C27425T,ORF6:MX;ORF6:M19R;ORF6:N34Y;ORF6:E46Q;ORF6:Q51K;ORF6:E54*;ORF6:D61H;ORF6:D61V;ORF6:D61D;ORF7a:T11I,7,673,0.0104011887072808,0,
3052026,BA.2_0.02_abundance_0.15,T27227A;G27382C;A27383T;T27384C,ORF6:V9D;ORF6:D61H;ORF6:D61V;ORF6:D61D,27,673,0.0401188707280832,0,
3052026,BA.2_0.02_abundance_0.15,T27835G;A27867T;A27868T;G28036A,ORF7b:I27S;ORF7b:N38Y;ORF7b:N38I;ORF8:R48K,43,716,0.0600558659217877,0,
3052026,BA.2_0.02_abundance_0.15,T27835G;A27867T;A27868T;G28036A;C28132A,ORF7b:I27S;ORF7b:N38Y;ORF7b:N38I;ORF8:R48K;ORF8:T80K,33,361,0.0914127423822714,0,
3052026,BA.2_0.02_abundance_0.15,T27835G;A27867T;A27868T,ORF7b:I27S;ORF7b:N38Y;ORF7b:N38I,8,768,0.0104166666666666,0,
3052026,BA.2_0.02_abundance_0.15,C28132A;G28276C;G28307A;C28311T;C28397A,ORF8:T80K;N:MX;N:A12T;N:P13L;N:P42T,340,2602,0.1306687163720215,0,
3052026,BA.2_0.02_abundance_0.15,C28132A;G28276C;C28298A;G28307A;C28311T;C28397A,ORF8:T80K;N:MX;N:Q9K;N:A12T;N:P13L;N:P42T,71,2602,0.0272867025365103,0,
3052026,BA.2_0.02_abundance_0.15,C28298A;C28311T,N:Q9K;N:P13L,451,2796,0.1613018597997138,23,BA.5.1.1:1;BF.27:2;BA.2.3.9:1;BA.5.2.14:1;BA.2.21:1;BA.2:8;BA.2.36:2;BA.1:1;BA.1.20:2;BA.5.2.44:1;BA.1.1:1;BA.2.6:1;BA.5.2.1:1
3052026,BA.2_0.02_abundance_0.15,G28506A;T28570A;A28612T;T28662A;A28696C;T28726G;A28733C,N:S78N;N:G99G;N:L113L;N:I130N;N:T141T;N:P151P;N:N154H,13,493,0.0263691683569979,0,
3052026,BA.2_0.02_abundance_0.15,T28570A;A28612T;T28662A;A28696C;T28726G;A28733C,N:G99G;N:L113L;N:I130N;N:T141T;N:P151P;N:N154H,64,493,0.1298174442190669,0,
3052026,BA.2_0.02_abundance_0.15,T28570A;A28612T;T28662A;A28696C;T28726G,N:G99G;N:L113L;N:I130N;N:T141T;N:P151P,9,560,0.0160714285714285,0,
3052026,BA.2_0.02_abundance_0.15,A29012G;T29059A;A29083T;A29150T;A29209G;C29211T;C29323A,N:T247A;N:R262R;N:V270V;N:R293*;N:S312S;N:A313V;N:V350V,55,382,0.143979057591623,0,
3052026,BA.2_0.02_abundance_0.15,A29012G;T29059A;A29083T;A29150T;A29209G;C29211T,N:T247A;N:R262R;N:V270V;N:R293*;N:S312S;N:A313V,7,429,0.0163170163170163,0,
3052026,BA.2_0.02_abundance_0.15,T29059A;A29083T;A29150T;A29209G;C29211T,N:R262R;N:V270V;N:R293*;N:S312S;N:A313V,93,4450,0.0208988764044943,0,
3052026,BA.2_0.02_abundance_0.15,T29059A;A29083T;A29150T;A29209G;C29211T;C29323A,N:R262R;N:V270V;N:R293*;N:S312S;N:A313V;N:V350V,523,3915,0.133588761174968,0,
3052026,BA.2_0.02_abundance_0.15,T29059A;A29083T;A29150T;A29209G;C29211T;C29323A;A29356G,N:R262R;N:V270V;N:R293*;N:S312S;N:A313V;N:V350V;N:K361K,7,75,0.0933333333333333,0,
3052026,BA.2_0.02_abundance_0.15,C29323A;A29356G;C29370T;T29452G;T29458C;C29498T;A29510C;T29602C;A29618T;A29630G,N:V350V;N:K361K;N:T366I;N:T393T;N:L395L;N:Q409*;N:S413R;ORF10:S15S;ORF10:M21L;ORF10:N25D,22,168,0.1309523809523809,0,
3052026,BA.2_0.02_abundance_0.15,A29356G;C29370T;T29452G;T29458C;C29498T;A29510C;T29602C;A29618T;A29630G,N:K361K;N:T366I;N:T393T;N:L395L;N:Q409*;N:S413R;ORF10:S15S;ORF10:M21L;ORF10:N25D,36,499,0.0721442885771543,0,
