Date,Site,Nt Mutations,AA Mutations,Support DP,Total DP,Combined Freq,Overall Occurrence,Lineage Occurrence
1012026,BA.2_0.05_abundance_0.2,T670G;A894G,ORF1a:S135R;ORF1a:K210R,128,339,0.3775811209439528,84,BA.2.12.1:68;BA.5.2.1:2;BA.4.6:1;BF.5:1;BA.5.2:1;BA.2.9:1;BA.5.1:2;BA.2.75:1;BE.3:4;BA.5.2.12:2;BQ.1.1.22:1
1012026,BA.2_0.05_abundance_0.2,T2904G;C3037T,ORF1a:I880R;ORF1a:F924F,51,1020,0.05,9,P.1:1;AY.45:4;B.1.1.519:1;BF.7:2;BA.1.20:1
1012026,BA.2_0.05_abundance_0.2,T2904G;C3037T;A3139G,ORF1a:I880R;ORF1a:F924F;ORF1a:K958K,20,946,0.0211416490486257,0,
1012026,BA.2_0.05_abundance_0.2,C3037T;A3139G,ORF1a:F924F;ORF1a:K958K,220,946,0.2325581395348837,210,B.1.1.7:37;AY.44:6;AY.126:5;BC.1:1;Q.3:4;BA.2:8;AY.4:4;BA.2.9:9;AY.3:14;BA.4:3;AY.124:6;BA.2.12.1:2;BA.5.5:6;BA.5.8:2;B.1:5;BE.1.1:6;XBB.1:3;AY.25:1;AY.122:4;AY.39.1:8;BA.1.1:11;BE.1:15;AY.127:2;AY.120:1;BA.1:2;AY.26:11;BQ.1.1.19:7;BA.5.1:6;BA.4.2:1;B.1.429:1;B.1.1.464:1;B.1.1.519:3;AY.39:1;B.1.617.1:1;BQ.1.1.4:1;BA.4.1:1;AY.29:1;BF.5:1;BA.1.17:2;BA.2.48:1;B.1.1.214:1;BA.1.1.1:1;AY.121:1;P.1:1;AY.125:1;BA.5:1
1012026,BA.2_0.05_abundance_0.2,C9534T;A9701C,ORF1a:T3090I;ORF1a:I3146L,112,1206,0.0928689883913764,1,BA.2:1
1012026,BA.2_0.05_abundance_0.2,C10029T;T9913G,ORF1a:T3255I;ORF1a:Y3216*,6,35,0.1714285714285714,0,
1012026,BA.2_0.05_abundance_0.2,C10029T;T10050G,ORF1a:T3255I;ORF1a:L3262W,5,35,0.1428571428571428,1,BA.2:1
1012026,BA.2_0.05_abundance_0.2,C11916T;T11938C,ORF1a:S3884L;ORF1a:C3891C,44,2183,0.0201557489693082,2,AY.27:2
1012026,BA.2_0.05_abundance_0.2,C12880T;C12921A,ORF1a:I4205I;ORF1a:T4219K,427,986,0.4330628803245436,33,BQ.1:1;BA.2:3;BF.8:1;BA.2.76:2;BF.27:1;BA.2.23:1;BA.5.2.1:1;BA.4.4:1;BA.2.3:1;BA.4.1:2;BA.5:4;BA.2.12.1:15
1012026,BA.2_0.05_abundance_0.2,C12880T;A12886C,ORF1a:I4205I;ORF1a:T4207T,65,986,0.0659229208924949,2,BA.5.1:1;BA.5.2:1
1012026,BA.2_0.05_abundance_0.2,C12880T;A12886C;C12921A,ORF1a:I4205I;ORF1a:T4207T;ORF1a:T4219K,79,986,0.0801217038539553,0,
1012026,BA.2_0.05_abundance_0.2,A15337G;G15377A;C15421T,ORF1b:M624V;ORF1b:C637Y;ORF1b:Q652*,50,1845,0.02710027100271,0,
1012026,BA.2_0.05_abundance_0.2,A15337G;G15374C;C15421T,ORF1b:M624V;ORF1b:C636S;ORF1b:Q652*,43,1845,0.0233062330623306,0,
1012026,BA.2_0.05_abundance_0.2,A15337G;C15421T,ORF1b:M624V;ORF1b:Q652*,125,1845,0.067750677506775,0,
1012026,BA.2_0.05_abundance_0.2,A15337G;A15486C,ORF1b:M624V;ORF1b:S673S,59,1841,0.0320478001086366,0,
1012026,BA.2_0.05_abundance_0.2,A15337G;G15374C;A15486C,ORF1b:M624V;ORF1b:C636S;ORF1b:S673S,19,1841,0.0103204780010863,0,
1012026,BA.2_0.05_abundance_0.2,A15337G;G15377A,ORF1b:M624V;ORF1b:C637Y,101,1998,0.0505505505505505,0,
1012026,BA.2_0.05_abundance_0.2,A15337G;C15421T;A15486C,ORF1b:M624V;ORF1b:Q652*;ORF1b:S673S,40,1841,0.0217273221075502,0,
1012026,BA.2_0.05_abundance_0.2,A15337G;G15374C;G15377A;C15421T,ORF1b:M624V;ORF1b:C636S;ORF1b:C637Y;ORF1b:Q652*,25,1845,0.013550135501355,0,
1012026,BA.2_0.05_abundance_0.2,A15337G;G15374C,ORF1b:M624V;ORF1b:C636S,75,1998,0.0375375375375375,0,
1012026,BA.2_0.05_abundance_0.2,A15337G;G15377A;C15421T;A15486C,ORF1b:M624V;ORF1b:C637Y;ORF1b:Q652*;ORF1b:S673S,26,1841,0.0141227593699076,0,
1012026,BA.2_0.05_abundance_0.2,A15337G;G15377A;A15486C,ORF1b:M624V;ORF1b:C637Y;ORF1b:S673S,24,1841,0.0130363932645301,0,
1012026,BA.2_0.05_abundance_0.2,A15337G;G15374C;G15377A,ORF1b:M624V;ORF1b:C636S;ORF1b:C637Y,26,1998,0.013013013013013,0,
1012026,BA.2_0.05_abundance_0.2,G15374C;C15421T,ORF1b:C636S;ORF1b:Q652*,31,1845,0.0168021680216802,0,
1012026,BA.2_0.05_abundance_0.2,G15374C;G15377A,ORF1b:C636S;ORF1b:C637Y,40,1998,0.02002002002002,0,
1012026,BA.2_0.05_abundance_0.2,G15374C;A15486C,ORF1b:C636S;ORF1b:S673S,34,1841,0.0184682237914177,0,
1012026,BA.2_0.05_abundance_0.2,G15377A;C15421T;A15486C,ORF1b:C637Y;ORF1b:Q652*;ORF1b:S673S,22,1841,0.0119500271591526,0,
1012026,BA.2_0.05_abundance_0.2,G15377A;C15421T,ORF1b:C637Y;ORF1b:Q652*,56,1845,0.0303523035230352,0,
1012026,BA.2_0.05_abundance_0.2,G15377A;A15486C,ORF1b:C637Y;ORF1b:S673S,29,1841,0.0157523085279739,0,
1012026,BA.2_0.05_abundance_0.2,C15421T;A15486C,ORF1b:Q652*;ORF1b:S673S,54,1841,0.0293318848451928,0,
1012026,BA.2_0.05_abundance_0.2,A15703C;C15714T;G15829C,ORF1b:M746L;ORF1b:L749L;ORF1b:A788P,425,3929,0.1081700178162382,0,
1012026,BA.2_0.05_abundance_0.2,A15703C;C15714T,ORF1b:M746L;ORF1b:L749L,343,4420,0.0776018099547511,2,BA.5.2.1:1;BA.2.75:1
1012026,BA.2_0.05_abundance_0.2,C15714T;G15829C,ORF1b:L749L;ORF1b:A788P,2078,3929,0.5288877576991601,0,
1012026,BA.2_0.05_abundance_0.2,C17251A;C17410T,ORF1b:R1262S;ORF1b:R1315C,1371,1812,0.7566225165562914,0,
1012026,BA.2_0.05_abundance_0.2,C17410T;G17575C,ORF1b:R1315C;ORF1b:E1370Q,21,233,0.0901287553648068,0,
1012026,BA.2_0.05_abundance_0.2,T18050C;A18163G,ORF1b:V1528A;ORF1b:I1566V,453,660,0.6863636363636364,10,BA.2:3;BA.1.1:2;BA.5.1.22:1;BA.1.17.2:1;XBB:1;BA.1:1;BA.1.20:1
1012026,BA.2_0.05_abundance_0.2,C18348A;T18408G,ORF1b:T1627T;ORF1b:G1647G,68,615,0.1105691056910569,0,
1012026,BA.2_0.05_abundance_0.2,C18348A;G18546C,ORF1b:T1627T;ORF1b:M1693I,13,576,0.0225694444444444,0,
1012026,BA.2_0.05_abundance_0.2,G20900A;T21021G,ORF1b:G2478D;ORF1b:A2518A,166,1414,0.1173974540311174,0,
1012026,BA.2_0.05_abundance_0.2,T21877C;G21987A,S:I105I;S:G142D,563,1625,0.3464615384615385,87,BA.5.2.1:3;AY.29.1:1;AY.122:8;BA.5.1:43;AY.3:1;B.1.617.2:8;AY.127:1;BA.2.9:1;BA.1.1:1;BA.4.6:3;AY.14:1;BA.5.6:6;AY.116.1:1;BA.5.2:1;AY.126:1;AY.113:2;AY.4.2.2:1;AY.3.1:1;AY.85:1;BA.5.1.25:1;BA.1:1
1012026,BA.2_0.05_abundance_0.2,G22578A;T22586A;C22674T;T22679C;C22686T;A22688G,S:G339D;S:F342I;S:S371F;S:S373P;S:S375F;S:T376A,11,118,0.0932203389830508,0,
1012026,BA.2_0.05_abundance_0.2,G22992A;C22995A;C22998A;A23013C;A23040G;T23075C,S:S477N;S:T478K;S:P479H;S:E484A;S:Q493R;S:Y505H,9,30,0.3,9,BA.1.1:1;BA.2:2;BA.2.12.1:1;BA.2.3:1;BA.2.10:1;BA.1.1.1:2;BA.2.40.1:1
1012026,BA.2_0.05_abundance_0.2,T23272G;T23467A,S:A570A;S:V635V,18,1192,0.0151006711409395,0,
1012026,BA.2_0.05_abundance_0.2,G23574T;T23599G;C23604A,S:C671F;S:N679K;S:P681H,92,621,0.1481481481481481,0,
1012026,BA.2_0.05_abundance_0.2,G23574T;C23575A;T23599G;C23604A,S:C671F;S:C671*;S:N679K;S:P681H,109,621,0.1755233494363929,0,
1012026,BA.2_0.05_abundance_0.2,C23575A;T23599G;C23604A,S:C671*;S:N679K;S:P681H,196,621,0.3156199677938808,2,BA.2:2
1012026,BA.2_0.05_abundance_0.2,G23948T;A24033T,S:D796Y;S:N824I,37,78,0.4743589743589743,1,BA.2:1
1012026,BA.2_0.05_abundance_0.2,G23948T;T24059G,S:D796Y;S:F833V,5,69,0.072463768115942,13,BA.4.1:1;BA.5.1:1;BA.1.16:1;BA.2:1;BA.2.75:7;BY.1:1;BA.5.2:1
1012026,BA.2_0.05_abundance_0.2,G23948T;A24033T;T24059G,S:D796Y;S:N824I;S:F833V,6,69,0.0869565217391304,0,
1012026,BA.2_0.05_abundance_0.2,T24469A;C24621G,S:N969K;S:A1020G,14,120,0.1166666666666666,31,BA.5.2:8;BA.2.75:2;BE.1.1:3;BA.5.2.1:2;BA.4.4:1;BA.4.1:1;BA.2.12.1:3;BA.1.1:5;BA.2:2;BA.2.3:1;BA.5.1.24:2;BA.1:1
1012026,BA.2_0.05_abundance_0.2,T24828C;C25000T,S:F1089S;S:D1146D,27,1485,0.0181818181818181,3,BA.1.1:1;BA.5.2.1:1;BA.2.74:1
1012026,BA.2_0.05_abundance_0.2,T24828C;G24959A;C25000T,S:F1089S;S:V1133I;S:D1146D,27,1485,0.0181818181818181,0,
1012026,BA.2_0.05_abundance_0.2,T24886A;C25000T,S:N1108K;S:D1146D,55,1486,0.0370121130551817,4,BA.2:2;BA.1.1:1;B.1.1.529:1
1012026,BA.2_0.05_abundance_0.2,T24886A;G24959A;C25000T,S:N1108K;S:V1133I;S:D1146D,47,1486,0.031628532974428,0,
1012026,BA.2_0.05_abundance_0.2,C25521G;A25576T;C25584T,ORF3a:F43L;ORF3a:I62F;ORF3a:T64T,298,1635,0.182262996941896,0,
1012026,BA.2_0.05_abundance_0.2,C25521G;C25584T,ORF3a:F43L;ORF3a:T64T,619,1635,0.3785932721712538,109,BA.5.3.1:1;BA.1:8;BA.2.12.1:3;BA.2.9.5:1;BE.1.1:15;BA.1.1:19;BA.1.1.1:1;BA.5.1:34;B.1.1.529:7;BA.2.9:8;BF.5:1;BA.2:6;BA.1.17.2:1;BA.4.1:1;BA.2.5:2;BA.1.1.15:1
1012026,BA.2_0.05_abundance_0.2,A25576T;C25584T,ORF3a:I62F;ORF3a:T64T,239,1635,0.146177370030581,339,BA.1.13:64;BA.2:21;BA.1.1:217;BA.2.12.1:3;BA.1:21;BA.1.17.2:2;BA.1.1.18:1;BA.2.56:1;BA.4.6:1;BF.7.4.1:1;BA.1.14:1;BA.5.2:1;BA.1.20:1;BA.2.13:1;BA.2.29:3
1012026,BA.2_0.05_abundance_0.2,C26270T;C26348G,E:T9I;E:T35S,282,1077,0.2618384401114206,0,
1012026,BA.2_0.05_abundance_0.2,C26270T;G26291C,E:T9I;E:S16T,62,1077,0.0575673166202414,4,BA.2.9:1;BA.5.1:2;BA.5.2:1
1012026,BA.2_0.05_abundance_0.2,C26270T;G26291C;C26348G,E:T9I;E:S16T;E:T35S,34,1077,0.0315691736304549,0,
1012026,BA.2_0.05_abundance_0.2,C26577G;G26709A;T26744A;C26858T,M:Q19E;M:A63T;M:N74K;M:F112F,164,2625,0.0624761904761904,1,BA.5.2.1:1
1012026,BA.2_0.05_abundance_0.2,T27212G;A27259C;G27382C;A27383T;T27384C,ORF6:L4R;ORF6:R20R;ORF6:D61H;ORF6:D61V;ORF6:D61D,640,3037,0.2107342772472835,55,BA.2.9:8;BA.2:28;BA.2.3:10;BA.2.12.1:4;XBB.1:1;BA.2.10:2;BA.2.31.1:1;BA.1.1:1
1012026,BA.2_0.05_abundance_0.2,T27212G;A27259C,ORF6:L4R;ORF6:R20R,45,3253,0.0138333845680909,65,BA.2.9:11;BA.1:3;BA.1.1:4;BA.2:29;BA.2.3:10;BA.2.12.1:4;XBB.1:1;BA.2.10:2;BA.2.31.1:1
1012026,BA.2_0.05_abundance_0.2,G27842T;T27846C,ORF7b:W29C;ORF7b:S31P,27,446,0.0605381165919282,2,BA.1.1:2
1012026,BA.2_0.05_abundance_0.2,A29510C;A29647G,N:S413R;ORF10:V30V,33,198,0.1666666666666666,126,BA.4.1:54;BQ.1.1.22:22;BA.5.2.9:8;BA.2:19;BA.2.12.1:1;BA.2.1:2;BE.1.1:1;BA.5.5:3;BA.5:1;BQ.1.1:1;BA.5.2.1:3;BA.2.23:1;BA.5.6:1;BA.5.2:2;BA.4.1.1:1;BA.2.10:1;BA.2.36:1;BA.2.75.2:1;BA.5.1:1;BA.5.5.2:1;BA.4:1
1082026,BA.2_0.05_abundance_0.2,A502G;T670G,ORF1a:A79A;ORF1a:S135R,125,3284,0.0380633373934226,97,BA.5:4;BA.5.2:23;BF.16:16;BA.2.3:4;BA.2:2;BA.2.12.1:4;BE.1.1:1;BA.5.1.22:1;BA.5.1:7;XBB.1:3;XBB.1.1:2;BA.4.1:2;BA.2.3.13:25;BQ.1:1;BA.2.75:1;BA.4:1
1082026,BA.2_0.05_abundance_0.2,C665T;T670G,ORF1a:H134Y;ORF1a:S135R,175,3536,0.0494909502262443,249,BF.7:2;BF.5:3;BA.5.1.3:1;BA.5.1.17:15;BQ.1.1.18:2;BA.2.18:1;BQ.1.1.3:1;BA.2:80;BA.5.1.1:2;BA.2.9:28;BA.5.3.2:2;BA.5.2:14;BE.1.1:10;BA.4.6:2;BA.5.6.2:1;BE.1:4;BA.5.2.26:2;BA.2.75:5;BA.5.2.1:19;BA.4.1:9;BA.5.1:7;BQ.1.1:1;BA.5.2.6:1;BA.5.5:6;BA.2.64:1;BA.2.36:3;BF.21:1;BA.5.2.27:1;BA.2.30:1;BA.5.6:1;BA.5.3.1:2;BF.27:2;BN.3.1:1;BA.2.12.1:3;BF.28:1;BA.5.2.4:2;BQ.1.23:1;BA.2.3:2;BF.26:1;BA.5.5.3:1;BA.5.1.26:1;BA.2.10.1:3;BA.2.10:3
1082026,BA.2_0.05_abundance_0.2,T670G;G881T,ORF1a:S135R;ORF1a:A206S,73,490,0.1489795918367347,110,BA.2.3.1:11;BA.2:43;BE.1:24;BA.2.9:5;BA.5.2.1:5;BA.2.3:10;BA.2.75:4;BQ.1.1.21:1;BA.5.1:3;BF.5:1;BA.5.1.5:1;BA.4.1:1;BM.1.1.3:1
1082026,BA.2_0.05_abundance_0.2,A2215T;A2501T,ORF1a:K650N;ORF1a:T746S,28,287,0.0975609756097561,0,
1082026,BA.2_0.05_abundance_0.2,A2315C;A2501T,ORF1a:K684Q;ORF1a:T746S,20,1087,0.0183992640294388,0,
1082026,BA.2_0.05_abundance_0.2,G2336C;A2501T,ORF1a:D691H;ORF1a:T746S,50,1087,0.045998160073597,0,
1082026,BA.2_0.05_abundance_0.2,C3037T;T3112C,ORF1a:F924F;ORF1a:Y949Y,164,456,0.3596491228070175,879,B.1.1.7:11;AY.101:2;BA.4.1:2;AY.100:7;BA.5.2:339;B.1.1.70:3;AY.44:72;AY.3:15;AY.122:73;BA.5.2.21:10;AY.4.5:19;B.1.351:18;BA.5.2.1:11;BA.2.3.20:3;AY.102:4;BA.1:5;AY.103:4;AY.43:7;B.1.617.2:29;B.1.177:2;B.1.177.82:2;AY.4:40;AY.98.1:3;AY.98:2;AY.25:21;B.1.2:3;BN.1.5:1;BA.2.12.1:9;BQ.1.1.5:23;AY.25.1:2;AY.13:1;BA.2:19;AY.122.1:2;AY.118:11;D.2:1;AY.119:1;B.1.160:1;BA.1.17.2:4;CK.1:1;BA.1.1:23;XBB:1;AY.113:1;BA.1.14:1;AY.39.1:1;AY.4.7:1;AY.79:1;BA.5.6:1;BA.2.9:3;BA.4.2:1;AY.122.2:6;AY.121:4;BE.1:8;BE.1.1:1;P.1:3;BA.4:1;BA.5.2.20:1;B.1.1.280:3;AY.26:2;BA.5.2.12:1;AY.34.1:1;BN.1:2;BA.1.18:1;BF.5:1;BM.1.1.3:1;AY.46.4:1;BA.1.1.1:1;AY.39:1;B.1.526:1;BQ.1.1.23:1;B.1.568:3;AY.126:1;BA.5.5:1;B.1.177.57:1;BF.8:1;BA.5.2.9:1;AY.4.2:2;BA.2.24:1;B.1.1.214:1;AY.9.2:2;AY.111:1;AY.42:3;B.1.234:1;AY.36.1:1;AY.5:1
1082026,BA.2_0.05_abundance_0.2,T4408C;T4481A,ORF1a:H1381H;ORF1a:Y1406N,34,559,0.0608228980322003,0,
1082026,BA.2_0.05_abundance_0.2,T8103G;C8152A;T8154G,ORF1a:V2613G;ORF1a:V2629V;ORF1a:L2630*,38,1431,0.0265548567435359,0,
1082026,BA.2_0.05_abundance_0.2,T8103G;T8154G,ORF1a:V2613G;ORF1a:L2630*,27,1431,0.0188679245283018,0,
1082026,BA.2_0.05_abundance_0.2,C8152A;T8154G,ORF1a:V2629V;ORF1a:L2630*,414,1431,0.2893081761006289,0,
1082026,BA.2_0.05_abundance_0.2,C8152A;T8154G;A8276C,ORF1a:V2629V;ORF1a:L2630*;ORF1a:N2671H,49,1326,0.0369532428355957,0,
1082026,BA.2_0.05_abundance_0.2,C8152A;A8276C,ORF1a:V2629V;ORF1a:N2671H,18,1326,0.0135746606334841,0,
1082026,BA.2_0.05_abundance_0.2,T8154G;A8276C,ORF1a:L2630*;ORF1a:N2671H,47,1326,0.035444947209653,0,
1082026,BA.2_0.05_abundance_0.2,G8943A;C8980G,ORF1a:G2893D;ORF1a:Y2905*,6,158,0.0379746835443038,0,
1082026,BA.2_0.05_abundance_0.2,G10447A;C10449A;T10524A,ORF1a:R3394R;ORF1a:P3395H;ORF1a:V3420D,75,1980,0.0378787878787878,0,
1082026,BA.2_0.05_abundance_0.2,G10447A;C10449A;A10727G,ORF1a:R3394R;ORF1a:P3395H;ORF1a:T3488A,9,422,0.0213270142180094,6,BQ.1.2:1;BA.5.2.1:3;BA.2.27:2
1082026,BA.2_0.05_abundance_0.2,G10447A;C10449A;T10528A,ORF1a:R3394R;ORF1a:P3395H;ORF1a:S3421S,61,1980,0.0308080808080808,45,BF.7:43;BA.5.2:1;BA.2:1
1082026,BA.2_0.05_abundance_0.2,G10793T;A10861C,ORF1a:V3510F;ORF1a:K3532N,10,488,0.0204918032786885,0,
1082026,BA.2_0.05_abundance_0.2,C12296T;A12336G,ORF1a:Q4011*;ORF1a:K4024R,43,151,0.2847682119205298,0,
1082026,BA.2_0.05_abundance_0.2,C12880T;C12923A,ORF1a:I4205I;ORF1a:P4220T,351,573,0.612565445026178,0,
1082026,BA.2_0.05_abundance_0.2,G13118T;T13250C,ORF1a:A4285S;ORF1a:Y4329H,43,1046,0.0411089866156787,0,
1082026,BA.2_0.05_abundance_0.2,G14316T;C14408T,ORF1b:Q283H;ORF1b:P314L,58,540,0.1074074074074074,415,B.1.1.7:21;B.1.362:1;AY.129:15;BA.5.2.1:4;AY.99.2:2;AY.44:5;BA.2.78:1;AY.43:7;BA.5.2.31:2;AY.126:10;BA.2.10:5;BA.2:22;AY.4:56;AY.4.2:4;AY.25:7;BA.5.2:10;AY.46:4;AY.3:11;BA.2.12.1:5;AY.25.1:1;B.1.1.71:2;BA.1.1:15;B.1.239:1;BA.2.3:2;B.1.2:70;AY.4.6:1;BA.5.1:5;P.1:5;BA.1:10;BE.1.1:1;AY.74:7;B.1.1.265:1;B.1.1:3;AY.13:1;AY.9.2:1;AY.4.3:1;B.1.320:2;AY.103:3;BA.5.1.5:3;B.1.1.464:8;BA.1.15:6;B.1.221:1;BF.5:2;AY.27:1;AY.7:2;AY.122:8;BA.1.15.1:1;BQ.1.19:1;B.1:1;BA.4.1:7;B.1.351.2:1;AY.75:3;B.1.411:3;AY.122.1:1;BA.2.36:3;B.1.177:1;AY.33:1;B.1.617.1:2;AY.5:1;B.1.1.519:1;CH.1.1:1;B.1.36.12:1;AY.20:1;B.1.137:2;AY.47:2;BA.2.23:1;AY.101:1;B.1.381:1;BA.4:2;B.1.617.2:4;AY.119.2:1;BA.5.1.25:1;AY.29:1;BA.1.20:1;BA.2.9:2;BA.1.1.1:1;AY.26:2;B.1.1.434:1;AY.34:1;BA.1.17.2:3;AY.41:1;D.2:1;P.1.14:1
1082026,BA.2_0.05_abundance_0.2,G14978C;G15066C,ORF1b:R504T;ORF1b:M533I,10,481,0.0207900207900207,0,
1082026,BA.2_0.05_abundance_0.2,A15534C;C15714T;C15746G,ORF1b:Q689H;ORF1b:L749L;ORF1b:T760S,167,4619,0.0361550119073392,0,
1082026,BA.2_0.05_abundance_0.2,A15534C;T15690G;C15714T,ORF1b:Q689H;ORF1b:R741R;ORF1b:L749L,535,4993,0.1071500100140196,0,
1082026,BA.2_0.05_abundance_0.2,A15534C;T15690G;C15714T;C15746G,ORF1b:Q689H;ORF1b:R741R;ORF1b:L749L;ORF1b:T760S,120,4619,0.0259796492747347,0,
1082026,BA.2_0.05_abundance_0.2,A15534C;C15714T,ORF1b:Q689H;ORF1b:L749L,716,4993,0.1434007610654916,1,BE.1.1:1
1082026,BA.2_0.05_abundance_0.2,T15690G;C15714T,ORF1b:R741R;ORF1b:L749L,1156,4995,0.2314314314314314,0,
1082026,BA.2_0.05_abundance_0.2,T15690G;C15714T;C15746G,ORF1b:R741R;ORF1b:L749L;ORF1b:T760S,278,4621,0.0601601384981605,0,
1082026,BA.2_0.05_abundance_0.2,C15714T;C15746G,ORF1b:L749L;ORF1b:T760S,412,4621,0.0891581908677775,0,
1082026,BA.2_0.05_abundance_0.2,A15873C;G16146C,ORF1b:E802D;ORF1b:M893I,18,1277,0.014095536413469,0,
1082026,BA.2_0.05_abundance_0.2,C16362G;T16380A,ORF1b:V965V;ORF1b:Y971*,8,544,0.0147058823529411,0,
1082026,BA.2_0.05_abundance_0.2,A17222T;C17410T,ORF1b:K1252I;ORF1b:R1315C,179,3864,0.0463250517598343,4,BQ.1.1.13:1;BA.2:2;BA.2.12.1:1
1082026,BA.2_0.05_abundance_0.2,A17222T;G17302C;C17410T,ORF1b:K1252I;ORF1b:V1279L;ORF1b:R1315C,45,3864,0.0116459627329192,0,
1082026,BA.2_0.05_abundance_0.2,G17302C;C17410T,ORF1b:V1279L;ORF1b:R1315C,688,3864,0.1780538302277432,1,BA.5.2:1
1082026,BA.2_0.05_abundance_0.2,C17410T;A17504C,ORF1b:R1315C;ORF1b:N1346T,11,112,0.0982142857142857,0,
1082026,BA.2_0.05_abundance_0.2,C18998G;C19102G,ORF1b:A1844G;ORF1b:P1879A,32,211,0.1516587677725118,0,
1082026,BA.2_0.05_abundance_0.2,C22572A;G22578A;A22595G;C22674T;T22679C;C22686T;A22688G;G22775A;A22786C;G22813T,S:P337H;S:G339D;S:T345A;S:S371F;S:S373P;S:S375F;S:T376A;S:D405N;S:R408S;S:K417N,5,261,0.0191570881226053,0,
1082026,BA.2_0.05_abundance_0.2,C22572A;G22578A;C22674T;T22679C;C22686T;A22688G;G22775A;A22786C;G22813T,S:P337H;S:G339D;S:S371F;S:S373P;S:S375F;S:T376A;S:D405N;S:R408S;S:K417N,14,261,0.053639846743295,6,BA.4.1.8:1;BA.2:1;BA.5.2:2;BA.2.3:1;BA.1:1
1082026,BA.2_0.05_abundance_0.2,G22578A;A22595G;C22674T;T22679C;C22686T;A22688G;G22775A;A22786C;G22813T,S:G339D;S:T345A;S:S371F;S:S373P;S:S375F;S:T376A;S:D405N;S:R408S;S:K417N,94,261,0.3601532567049808,6,BA.5.2.1:1;BA.5.2:1;BA.2.12.1:1;BE.1.1.1:1;BA.2:2
1082026,BA.2_0.05_abundance_0.2,G22578A;A22595G;C22674T;T22679C;C22686T;A22688G;G22775A;G22813T,S:G339D;S:T345A;S:S371F;S:S373P;S:S375F;S:T376A;S:D405N;S:K417N,5,261,0.0191570881226053,6,BA.5.2.1:1;BA.5.2:1;BA.2.12.1:1;BE.1.1.1:1;BA.2:2
1082026,BA.2_0.05_abundance_0.2,G22578A;A22595G;C22674T;T22679C;C22686T;A22688G,S:G339D;S:T345A;S:S371F;S:S373P;S:S375F;S:T376A,8,282,0.0283687943262411,6,BA.5.2.1:1;BA.5.2:1;BA.2.12.1:1;BE.1.1.1:1;BA.2:2
1082026,BA.2_0.05_abundance_0.2,T22882G;T22954G;G22992A;C22995A;A23013C;A23040G;A23055G;A23063T,S:N440K;S:F464L;S:S477N;S:T478K;S:E484A;S:Q493R;S:Q498R;S:N501Y,19,84,0.2261904761904762,1,BA.1.20:1
1082026,BA.2_0.05_abundance_0.2,A24424T;C24483G,S:Q954H;S:S974*,35,169,0.2071005917159763,0,
1082026,BA.2_0.05_abundance_0.2,T24793G;T24841A,S:T1077T;S:G1093G,66,2811,0.023479188900747,0,
1082026,BA.2_0.05_abundance_0.2,T24793G;C25000T,S:T1077T;S:D1146D,586,2622,0.2234935163996949,17,BA.2:5;BF.8:1;BA.1.1.1:3;BQ.1.2:1;BQ.1.14:3;BA.5.1:1;BA.1.20:1;BA.1.15:1;BA.5.1.6:1
1082026,BA.2_0.05_abundance_0.2,T24793G;T24841A;C25000T,S:T1077T;S:G1093G;S:D1146D,715,2622,0.2726926010678871,0,
1082026,BA.2_0.05_abundance_0.2,T24793G;T24841A;C25000T;G25012C,S:T1077T;S:G1093G;S:D1146D;S:E1150D,31,2591,0.0119644924739482,0,
1082026,BA.2_0.05_abundance_0.2,T24841A;C25000T,S:G1093G;S:D1146D,661,2623,0.2520015249714067,9,BA.5.1.1:7;BA.2.27:1;BA.2.3:1
1082026,BA.2_0.05_abundance_0.2,G25334C;T25428G;C25584T,S:E1258Q;ORF3a:T12T;ORF3a:T64T,72,418,0.1722488038277512,0,
1082026,BA.2_0.05_abundance_0.2,G25334C;T25428G,S:E1258Q;ORF3a:T12T,6,444,0.0135135135135135,0,
1082026,BA.2_0.05_abundance_0.2,T25428G;C25584T,ORF3a:T12T;ORF3a:T64T,52,418,0.124401913875598,2,BA.2:2
1082026,BA.2_0.05_abundance_0.2,A26050C;C26270T,ORF3a:S220R;E:T9I,57,198,0.2878787878787879,143,BA.2.12.1:97;BA.1:2;BA.2.12:4;BA.1.1:3;BA.5.1:17;BA.2.75:4;BA.1.17.2:1;BQ.1.1:1;BA.4.1:2;BA.2:7;BA.2.24:1;BA.2.3:3;BA.1.1.15:1
1082026,BA.2_0.05_abundance_0.2,A28274C;C28311T,N:MX;N:P13L,455,1158,0.3929188255613126,0,
1082026,BA.2_0.05_abundance_0.2,A28274C;C28310G;C28311T,N:MX;N:P13A;N:P13L,26,1158,0.0224525043177892,0,
1082026,BA.2_0.05_abundance_0.2,C28310G;C28311T,N:P13A;N:P13L,39,1158,0.0336787564766839,125,BA.5.1:45;BA.4.1:1;BA.5.2.1:37;BA.5.2:1;BA.2:21;BA.1.1:5;BA.1.15:1;BA.5.1.22:1;BA.5.5:2;BA.2.75:2;BA.1:1;BA.1.18:1;BA.2.10:2;BA.1.17.2:1;BA.4.6:1;BA.1.1.18:1;BE.1:2
1082026,BA.2_0.05_abundance_0.2,C29364G;A29510C,N:P364R;N:S413R,51,634,0.0804416403785489,9,XAZ:1;BE.1:4;BA.2:4
1152026,BA.2_0.05_abundance_0.2,T1052G;A1262C;A1278G,ORF1a:F263V;ORF1a:T333P;ORF1a:K338R,22,967,0.0227507755946225,0,
1152026,BA.2_0.05_abundance_0.2,T1052G;A1278G,ORF1a:F263V;ORF1a:K338R,21,967,0.0217166494312306,0,
1152026,BA.2_0.05_abundance_0.2,T1052G;A1262C,ORF1a:F263V;ORF1a:T333P,37,998,0.0370741482965931,0,
1152026,BA.2_0.05_abundance_0.2,A1262C;A1278G,ORF1a:T333P;ORF1a:K338R,132,967,0.1365046535677352,0,
1152026,BA.2_0.05_abundance_0.2,A1262C;G1268A,ORF1a:T333P;ORF1a:D335N,14,993,0.0140986908358509,0,
1152026,BA.2_0.05_abundance_0.2,C3037T;T3143C,ORF1a:F924F;ORF1a:L960L,26,69,0.3768115942028985,420,B.1.1.7:19;BA.2.12.1:3;AY.75:17;B.1.617.2:156;BA.4.6:3;BA.5.2.22:32;AY.9.2:14;BA.5.2:5;B.1.1.529:2;AY.120.1:1;BA.2:31;BA.5.2.21:3;BF.11:2;AY.103:1;AY.5.4:2;BA.5.2.6:1;BA.5.1:2;BA.5.2.26:1;BA.1.16:9;B.1.466.2:1;BA.1.1:17;P.1:1;AY.4:6;BA.1.15.1:1;AY.129:1;AY.25.1:1;BA.1:5;AY.25:10;BA.1.1.1:8;B.1.258:1;B.1.2:6;BA.5.2.1:2;B.1.160:1;BA.2.75:1;AY.67:5;BA.5:1;BA.1.15:1;AY.4.10:3;B.1.351:1;B.1.160.31:1;AY.43:5;BA.5.2.28:1;B.1:1;AY.4.15:1;BA.2.37:1;AY.42:1;BA.5.6:1;CM.4:3;BA.2.56:1;AY.20:1;AY.126:1;BA.4:2;BE.9:1;AY.26:1;P.1.12:1;BF.7:1;AY.113:1;AY.4.5:1;BA.5.1.25:1;AY.98:5;B.1.110.3:1;BA.2.36:1;BA.2.10.1:2;XBB.1:1;BA.5.2.3:1;B.1.1.70:1;B.1.177:1;AY.122:1;AY.45:1;P.1.4:1
1152026,BA.2_0.05_abundance_0.2,G3227C;A3383G,ORF1a:V988L;ORF1a:I1040V,14,360,0.0388888888888888,0,
1152026,BA.2_0.05_abundance_0.2,G3871T;T4075G,ORF1a:K1202N;ORF1a:L1270L,8,780,0.0102564102564102,0,
1152026,BA.2_0.05_abundance_0.2,A8032G;T8220A,ORF1a:K2589K;ORF1a:V2652D,52,2061,0.0252304706453178,0,
1152026,BA.2_0.05_abundance_0.2,T9179C;C9214A,ORF1a:S2972P;ORF1a:Y2983*,7,493,0.0141987829614604,0,
1152026,BA.2_0.05_abundance_0.2,C10449A;A10493G,ORF1a:P3395H;ORF1a:S3410G,414,1266,0.3270142180094786,5,BA.1.14:1;BA.1.1:2;BA.1.14.2:1;BA.1:1
1152026,BA.2_0.05_abundance_0.2,C10449A;A10493G;G10521A,ORF1a:P3395H;ORF1a:S3410G;ORF1a:C3419Y,81,1266,0.0639810426540284,0,
1152026,BA.2_0.05_abundance_0.2,C10449A;G10521A,ORF1a:P3395H;ORF1a:C3419Y,128,1266,0.1011058451816745,99,BA.1.18:1;BA.5.2:3;BA.1.1.14:1;BQ.1.1:6;BA.5.1:2;BA.5.5:1;BA.2.10:1;BA.2:32;BA.2.9:11;BA.2.12.1:5;BA.4:4;BA.2.3:1;BA.1.15:2;BE.1.1:4;BF.5:1;BA.1.1:8;BE.1.4:1;BQ.1.1.18:1;BA.1.1.2:1;BA.1.16:1;BF.14:2;BA.2.75:1;BA.4.6:1;BQ.1.14:1;BA.2.24:1;CH.1.1:1;BA.5.1.23:2;BA.5.2.6:1;BA.5.1.6:1;BA.1.20:1
1152026,BA.2_0.05_abundance_0.2,T11037C;C11328A,ORF1a:L3591P;ORF1a:A3688D,18,458,0.0393013100436681,0,
1152026,BA.2_0.05_abundance_0.2,C12880T;T13030C,ORF1a:I4205I;ORF1a:G4255G,271,2098,0.1291706387035271,327,BF.7:2;BA.4.1:2;BA.5.2.1:2;BA.2.9.3:236;BA.2:29;BA.5.1.30:11;BA.5.2:4;BA.2.12.1:2;BA.4:1;BA.2.3:4;BA.2.9:9;BA.5.1.22:1;BQ.1.9:2;BA.2.75:4;BQ.1.1:4;BA.2.65:3;BA.5.6:1;BA.5.1:2;BF.5:3;BA.2.2:3;BA.4.6:1;BA.4.2:1
1152026,BA.2_0.05_abundance_0.2,C12880T;G13029A;T13030C,ORF1a:I4205I;ORF1a:G4255D;ORF1a:G4255G,139,2098,0.0662535748331744,0,
1152026,BA.2_0.05_abundance_0.2,C12880T;G13029A,ORF1a:I4205I;ORF1a:G4255D,563,2101,0.267967634459781,0,
1152026,BA.2_0.05_abundance_0.2,C14408T;A14427C,ORF1b:P314L;ORF1b:L320L,521,1975,0.2637974683544303,42,AY.103:7;BA.2.9:19;BA.5.1:7;B.1.1.7:5;P.1.2:2;AY.25:1;B.1.429:1
1152026,BA.2_0.05_abundance_0.2,C14408T;A14427C;A14549G,ORF1b:P314L;ORF1b:L320L;ORF1b:E361G,61,1702,0.035840188014101,0,
1152026,BA.2_0.05_abundance_0.2,C14408T;A14549G,ORF1b:P314L;ORF1b:E361G,104,1702,0.0611045828437132,4,B.1:1;B.1.396:1;AY.122:1;B.1.1.269:1
1152026,BA.2_0.05_abundance_0.2,C15714T;T15776A,ORF1b:L749L;ORF1b:I770K,1418,3797,0.3734527258361864,9,BA.5.2.2:1;BA.5.2.8:5;BA.5.2:1;BA.2.9:1;BA.2:1
1152026,BA.2_0.05_abundance_0.2,C15714T;A15719G,ORF1b:L749L;ORF1b:D751G,73,4081,0.0178877726047537,1,BA.2.2:1
1152026,BA.2_0.05_abundance_0.2,C15714T;A15719G;T15776A,ORF1b:L749L;ORF1b:D751G;ORF1b:I770K,38,3797,0.0100079009744535,0,
1152026,BA.2_0.05_abundance_0.2,T15969C;G15995T,ORF1b:F834F;ORF1b:G843V,45,2986,0.0150703281982585,0,
1152026,BA.2_0.05_abundance_0.2,G17193T;C17410T,ORF1b:E1242D;ORF1b:R1315C,470,3439,0.1366676359406804,531,BF.27:31;BA.5.1.3:2;BA.5.2:43;BA.2:52;BA.2.9:9;BA.2.1:3;BA.5.1.1:16;BA.2.12.1:8;BA.5.2.1:127;BE.3:9;BA.4.1:2;DJ.1:2;BA.5.1:73;BF.5:46;AY.122:1;BA.5.1.10:10;BF.7:7;BA.4.6:1;BA.5.5:6;BA.5:12;AY.3:1;BA.2.75:2;BA.5.1.5:17;BQ.1.1.3:1;BA.5.2.2:1;AY.4:3;BF.8:1;BA.5.2.4:1;BQ.1.1.4:1;BF.7.6:4;BF.7.4:1;BA.2.12:1;BQ.1.1.28:1;BF.21:2;BF.7.10:1;BA.4.2:1;BF.10:1;BA.2.3:1;BA.2.3.1:1;BA.5.2.31:1;BF.11:1;BE.1.1:7;BQ.1.1.1:2;BA.2.48:2;BA.5.2.20:3;AY.4.7:1;BK.1:2;BA.2.20:1;BA.5.2.25:2;BA.5.1.12:2;BA.5.2.32:1;BA.4:1;BA.2.29:1;BA.5.6:2
1152026,BA.2_0.05_abundance_0.2,C17410T;G17462C,ORF1b:R1315C;ORF1b:R1332P,68,137,0.4963503649635036,0,
1152026,BA.2_0.05_abundance_0.2,G17462C;G17632C,ORF1b:R1332P;ORF1b:D1389H,15,994,0.0150905432595573,0,
1152026,BA.2_0.05_abundance_0.2,A18163G;A18179T,ORF1b:I1566V;ORF1b:K1571M,132,1771,0.0745341614906832,1,BA.1.1:1
1152026,BA.2_0.05_abundance_0.2,C19687G;C19803A,ORF1b:P2074A;ORF1b:R2112R,150,1299,0.115473441108545,0,
1152026,BA.2_0.05_abundance_0.2,C19687G;A19811T,ORF1b:P2074A;ORF1b:K2115I,14,1299,0.0107775211701308,0,
1152026,BA.2_0.05_abundance_0.2,C19803A;A19811T,ORF1b:R2112R;ORF1b:K2115I,26,1300,0.02,0,
1152026,BA.2_0.05_abundance_0.2,T20874C;T20949C,ORF1b:A2469A;ORF1b:D2494D,30,704,0.0426136363636363,0,
1152026,BA.2_0.05_abundance_0.2,A21466T;C21618T,ORF1b:M2667L;S:T19I,23,1025,0.0224390243902439,2,BA.5.2.6:1;BA.2.10:1
1152026,BA.2_0.05_abundance_0.2,A21466T;A21501T;C21618T;C21646T,ORF1b:M2667L;ORF1b:I2678I;S:T19I;S:Y28Y,36,1025,0.0351219512195122,0,
1152026,BA.2_0.05_abundance_0.2,A21466T;C21618T;C21646T,ORF1b:M2667L;S:T19I;S:Y28Y,55,1025,0.0536585365853658,0,
1152026,BA.2_0.05_abundance_0.2,A21466T;A21501T;C21618T,ORF1b:M2667L;ORF1b:I2678I;S:T19I,27,1025,0.0263414634146341,0,
1152026,BA.2_0.05_abundance_0.2,A21501T;C21618T,ORF1b:I2678I;S:T19I,126,1025,0.1229268292682926,0,
1152026,BA.2_0.05_abundance_0.2,A21501T;C21618T;C21646T,ORF1b:I2678I;S:T19I;S:Y28Y,205,1025,0.2,0,
1152026,BA.2_0.05_abundance_0.2,C21618T;C21646T,S:T19I;S:Y28Y,337,1025,0.328780487804878,3994,BA.4:16;BA.2.10:54;BA.4.1:26;BA.2.9.5:3;BA.5.2:1433;BA.2.13.1:2;BA.2:937;BA.2.36:10;BF.10:59;BA.2.12.1:172;BA.2.9:78;BA.4.7:2;BA.2.75:24;BA.2.1:49;BA.4.6:21;BA.5.2.44:4;BF.26:3;BA.5.2.1:174;BA.4.2:13;BE.1:35;BA.5.1:321;BA.5.9:31;BA.5.2.20:3;BA.5.2.34:7;BA.1.1:1;BA.2.3:84;BA.4.6.4:7;BE.4:1;BA.5.2.19:1;BA.5.5:10;BA.5.2.21:1;BF.7:21;BA.5:31;BA.5.1.10:1;XBB.1:14;BA.2.56:6;BF.15:12;BA.2.37:5;BQ.1:72;BQ.1.1.18:4;BA.5.2.2:8;BW.1:3;BQ.1.1:9;BA.2.52:1;BA.5.6:23;BF.11:2;BA.5.1.3:2;B.1.429:1;BA.5.1.24:5;BA.2.65:10;BF.28:6;CK.2:9;DC.1:3;BE.1.1:5;BQ.1.3:3;BA.4.4:6;XBC.1:1;BQ.1.1.3:2;BA.5.2.38:1;BA.5.1.30:5;CH.1.1:1;BQ.1.1.4:2;BA.2.18:2;BA.5.2.25:1;BA.2.13:7;BA.5.1.23:8;BA.2.55:1;BA.2.68:1;BA.5.1.22:4;BA.5.5.2:2;BA.2.76:1;BW.1.1:1;BA.2.51:2;BA.5.2.9:10;BA.5.2.3:2;BA.5.3.1:1;BF.27:2;BE.9:1;BF.5:19;BA.2.38:2;BA.5.2.33:1;BA.2.3.1:4;BE.3:1;CM.2:2;BA.2.29:11;BA.5.2.18:1;BA.2.3.20:7;BQ.1.23:2;B.1.1.7:2;BA.5.2.22:1;BA.5.2.24:1;BA.2.75.2:1;BF.8:1;BA.2.38.1:4;BA.5.3.3:1;BA.2.12:3;BA.5.1.2:2;BA.5.2.8:1;BA.2.3.16:1;DJ.1.1:1;BQ.1.1.5:1;BA.5.2.12:1;BA.2.3.4:1;BA.5.2.35:1;BA.2.6:1;BA.5.1.1:1;CK.2.1.1:1;BA.2.2:5;BQ.1.1.6:1;BA.5.2.28:1;BA.5.2.26:1;BQ.1.8:1;BA.5.1.12:1;BA.5.2.13:1;BN.1.3:1;BA.5.2.6:1;BF.1:1;BA.2.54:1;BA.2.40.1:1
1152026,BA.2_0.05_abundance_0.2,C21758T;T21976C;G21987A,S:H66Y;S:D138D;S:G142D,21,1435,0.0146341463414634,0,
1152026,BA.2_0.05_abundance_0.2,T21976C;G21987A,S:D138D;S:G142D,36,1436,0.0250696378830083,1179,AY.100:5;AY.46:18;BF.7:24;AY.3:21;AY.19:2;BA.5.2:13;BA.2:78;AY.103:93;AY.36:8;BA.2.12.1:15;BF.10:1;AY.71:17;AY.23:2;AY.44:14;AY.4.2:16;AY.6:6;AY.126:1;AY.121:4;AY.122:43;AY.25.1:18;BA.5:119;BA.2.9:13;BF.26:1;BA.5.1.10:3;AY.113:12;BA.5.2.1:248;AY.118:8;B.1.617.2:10;BA.5.1:9;AY.33:9;AY.43:7;BQ.1.1.25:1;AY.4:70;BQ.1:1;AY.25:117;BA.2.42:3;AY.85:6;AY.20:2;BA.2.3:2;BA.5.6:1;BE.1.1:7;AY.119.1:2;BQ.1.1.3:6;BQ.1.1:24;AY.123:1;AY.54:3;AY.4.2.2:3;BQ.1.12:1;BA.5.1.5:1;AY.99.2:1;BF.11:2;BA.4.1.1:6;AY.69:1;BA.2.15:2;AY.47:7;AY.119:2;AY.29:31;BA.5.1.3:1;AY.13:1;BA.5.5:3;BA.5.1.1:7;AY.112:1;AY.29.1:1;AY.102:1;AY.43.3:1;AY.5:1;AY.75:1;AY.34:1;AY.98:1;AY.74:1;AY.116:1;BA.5.2.21:1;BA.2.10:1;BQ.1.1.18:1;AY.88:1;BA.2.75:1;XBB:1;AY.111:1;BA.1:8;BA.2.36:1
1152026,BA.2_0.05_abundance_0.2,T22200G;G22309A,S:V213G;S:L249L,9,115,0.0782608695652174,329,BA.2.12.1:208;BA.5.2:5;BA.5.2.1:51;BA.5.1.2:12;BA.2:16;BA.5.2.21:1;BF.18:1;BQ.1.8:1;BA.2.18:4;BA.2.3:1;BQ.1.5:1;BA.2.10:4;BA.5.2.43:1;BA.5:1;BF.13:5;BA.2.9.5:1;BA.5.1:4;BA.2.75:1;BQ.1.1.17:1;BE.1.1:2;BQ.1.1:3;BA.4.1:1;BA.5.8:1;BA.4:1;BA.4.6:2
1152026,BA.2_0.05_abundance_0.2,T23371A;A23403G,S:N603K;S:D614G,384,2818,0.1362668559261887,54,BA.1.1:11;B.1.177:1;AY.26:1;B.1.429:18;B.1.596.1:1;B.1.1.7:1;AY.112:1;B.1:2;BA.5.2.1:3;BA.2:1;BF.5:1;BF.26:1;BA.5.1:1;AY.6:4;AY.57:1;AY.4.5:1;B.1.221:1;BQ.1:1;AY.4:3
1152026,BA.2_0.05_abundance_0.2,A24424T;A24519T,S:Q954H;S:K986I,44,61,0.7213114754098361,7,BA.2:2;BA.1.1:1;BA.5.2:1;BA.1:1;BA.1.15:1;BA.4.4:1
1152026,BA.2_0.05_abundance_0.2,A24424T;A24519T;T24749A,S:Q954H;S:K986I;S:L1063M,6,36,0.1666666666666666,0,
1152026,BA.2_0.05_abundance_0.2,A24519T;T24749A,S:K986I;S:L1063M,10,118,0.0847457627118644,0,
1152026,BA.2_0.05_abundance_0.2,T24749A;C25000T,S:L1063M;S:D1146D,31,392,0.0790816326530612,3,BA.2:1;BA.5.2.20:1;BA.5.3.2:1
1152026,BA.2_0.05_abundance_0.2,T24749A;G24781C;C25000T,S:L1063M;S:K1073N;S:D1146D,29,392,0.0739795918367346,0,
1152026,BA.2_0.05_abundance_0.2,T24749A;G24781C,S:L1063M;S:K1073N,5,417,0.0119904076738609,0,
1152026,BA.2_0.05_abundance_0.2,G24781C;C25000T,S:K1073N;S:D1146D,184,392,0.4693877551020408,152,BA.5.2:16;BA.5.1.1:1;BA.2.12.1:2;BA.5.2.10:2;BE.1.1:27;BE.3:4;BA.1.1:14;BA.5.2.21:2;BA.4.1:1;BQ.1.2:2;BA.5.1:8;BA.2.75:4;BQ.1.1.20:7;BF.24:1;BF.10:2;BA.4.6:2;BA.2:18;BF.7:3;BQ.1.1:3;BE.1:4;BA.4:1;BA.5.3.2:4;BD.1:1;BA.1.17:1;BA.2.18:3;BA.1:4;BA.5.2.1:4;BF.5:3;BA.2.9:1;BA.5.1.27:1;BA.5.1.23:1;BF.11:1;BQ.1.1.23:1;BQ.1.1.13:1;BA.1.8:1;BQ.1.1.18:1
1152026,BA.2_0.05_abundance_0.2,T25092G;G25130C,S:V1177G;S:A1190P,144,720,0.2,0,
1152026,BA.2_0.05_abundance_0.2,T25092G;T25220C,S:V1177G;S:F1220L,10,720,0.0138888888888888,0,
1152026,BA.2_0.05_abundance_0.2,T25092G;T25322A,S:V1177G;S:C1254S,18,557,0.0323159784560143,0,
1152026,BA.2_0.05_abundance_0.2,T25322A;C25584T,S:C1254S;ORF3a:T64T,57,1467,0.0388548057259713,2,BA.1.14.1:1;BA.2:1
1152026,BA.2_0.05_abundance_0.2,C26577G;T26590A;G26709A;C26858T,M:Q19E;M:V23E;M:A63T;M:F112F,739,2629,0.2810954735640928,0,
1152026,BA.2_0.05_abundance_0.2,C26577G;T26590A;G26709A,M:Q19E;M:V23E;M:A63T,117,2981,0.0392485743039248,0,
1152026,BA.2_0.05_abundance_0.2,A27368T;G27382C;A27383T;T27384C,ORF6:Q56L;ORF6:D61H;ORF6:D61V;ORF6:D61D,64,439,0.1457858769931662,13,BA.2:10;BA.2.12.1:1;BA.2.3:1;BA.2.29:1
1152026,BA.2_0.05_abundance_0.2,A28482G;A28616T,N:Q70R;N:T115S,23,2007,0.0114598903836572,0,
1222026,BA.2_0.05_abundance_0.2,A429C;T670G,ORF1a:E55A;ORF1a:S135R,58,3256,0.0178132678132678,165,BA.5.2:81;BA.2.7:1;BA.2:15;BA.5.2.1:17;BA.4:4;BA.2.12.1:3;BA.4.1:1;BA.2.9:2;BA.2.3:4;BF.8:1;BA.5.1:2;BA.4.5:1;BF.5:8;BA.2.9.5:18;BA.2.10:1;BA.5.5:1;XAZ:1;BA.5.2.6:1;BA.5.1.23:1;BA.5.1.24:1;BA.5.1.22:1
1222026,BA.2_0.05_abundance_0.2,A429C;T554G;T670G,ORF1a:E55A;ORF1a:Y97D;ORF1a:S135R,42,3256,0.0128992628992628,0,
1222026,BA.2_0.05_abundance_0.2,T554G;T670G,ORF1a:Y97D;ORF1a:S135R,1649,3257,0.5062941357077064,0,
1222026,BA.2_0.05_abundance_0.2,A1632C;T1751A,ORF1a:K456T;ORF1a:Y496N,43,1949,0.0220625962031811,0,
1222026,BA.2_0.05_abundance_0.2,C3589A;G3734T,ORF1a:H1108Q;ORF1a:D1157Y,30,343,0.0874635568513119,0,
1222026,BA.2_0.05_abundance_0.2,C4551A;T4635A,ORF1a:T1429K;ORF1a:L1457*,12,422,0.0284360189573459,0,
1222026,BA.2_0.05_abundance_0.2,T4808A;T4833C,ORF1a:S1515T;ORF1a:L1523P,28,534,0.0524344569288389,0,
1222026,BA.2_0.05_abundance_0.2,A6013T;T6085C,ORF1a:P1916P;ORF1a:D1940D,11,124,0.0887096774193548,0,
1222026,BA.2_0.05_abundance_0.2,A6217T;C6494T,ORF1a:K1984N;ORF1a:L2077F,8,360,0.0222222222222222,0,
1222026,BA.2_0.05_abundance_0.2,A6257G;C6494T,ORF1a:T1998A;ORF1a:L2077F,12,360,0.0333333333333333,0,
1222026,BA.2_0.05_abundance_0.2,A7416G;T7445G,ORF1a:Y2384C;ORF1a:W2394G,34,2170,0.0156682027649769,0,
1222026,BA.2_0.05_abundance_0.2,T7801G;G7960A,ORF1a:T2512T;ORF1a:M2565I,13,381,0.0341207349081364,0,
1222026,BA.2_0.05_abundance_0.2,C9534T;T9605A,ORF1a:T3090I;ORF1a:F3114I,212,3042,0.0696909927679158,0,
1222026,BA.2_0.05_abundance_0.2,C10029T;T10117G,ORF1a:T3255I;ORF1a:T3284T,12,16,0.75,49,BA.1.1:1;AY.3:2;AY.23:1;AY.25.1:26;BA.2:3;BA.5.2:1;BA.5.2.16:1;BQ.1.10:1;BA.1.18:4;BA.2.12.1:1;BC.1:2;AY.98:1;BA.5.1.10:1;AY.122:1;BA.5.1.22:1;BA.1.15:2
1222026,BA.2_0.05_abundance_0.2,G10447A;C10449A;A10622T,ORF1a:R3394R;ORF1a:P3395H;ORF1a:T3453S,45,810,0.0555555555555555,8,BA.2.74:1;BA.2.12.1:2;BA.4.6:1;BA.4.1.1:1;BA.2:2;BA.5.2:1
1222026,BA.2_0.05_abundance_0.2,G10447A;C10449A;G10643C,ORF1a:R3394R;ORF1a:P3395H;ORF1a:D3460H,63,810,0.0777777777777777,0,
1222026,BA.2_0.05_abundance_0.2,G10447A;C10449A;A10644G,ORF1a:R3394R;ORF1a:P3395H;ORF1a:D3460G,23,810,0.028395061728395,1,BA.2:1
1222026,BA.2_0.05_abundance_0.2,T12816A;C12880T,ORF1a:L4184Q;ORF1a:I4205I,1102,2832,0.3891242937853107,0,
1222026,BA.2_0.05_abundance_0.2,T13950A;A14109C,ORF1b:D161E;ORF1b:I214I,18,243,0.074074074074074,0,
1222026,BA.2_0.05_abundance_0.2,A14041G;A14109C,ORF1b:I192V;ORF1b:I214I,23,1129,0.0203720106288751,0,
1222026,BA.2_0.05_abundance_0.2,C14097G;A14109C,ORF1b:F210L;ORF1b:I214I,90,1129,0.0797165633303808,0,
1222026,BA.2_0.05_abundance_0.2,C15714T;T15723A,ORF1b:L749L;ORF1b:D752E,886,2091,0.4237207077953132,0,
1222026,BA.2_0.05_abundance_0.2,G17338C;C17410T,ORF1b:A1291P;ORF1b:R1315C,218,1268,0.1719242902208202,1,BA.2:1
1222026,BA.2_0.05_abundance_0.2,C17410T;T17549G,ORF1b:R1315C;ORF1b:L1361R,29,190,0.1526315789473684,0,
1222026,BA.2_0.05_abundance_0.2,A21794C;G21987A,S:R78R;S:G142D,1302,2395,0.5436325678496868,65,BA.5.2:21;BA.5.2.1:24;BA.4.1:2;BA.5.5:1;AY.101:1;AY.122:8;AY.103:4;AY.63:1;BA.2:1;AY.126:2
1222026,BA.2_0.05_abundance_0.2,T22066A;T22200G,S:F168L;S:V213G,6,411,0.0145985401459854,4,BF.5:3;BA.2.75:1
1222026,BA.2_0.05_abundance_0.2,T22066A;T22200G;C22214T,S:F168L;S:V213G;S:Q218*,10,387,0.0258397932816537,0,
1222026,BA.2_0.05_abundance_0.2,T22200G;C22214T,S:V213G;S:Q218*,266,388,0.6855670103092784,1,BA.1.1:1
1222026,BA.2_0.05_abundance_0.2,A22622T;C22674T;T22679C;C22686T;A22688G;A22786C;G22813T,S:N354Y;S:S371F;S:S373P;S:S375F;S:T376A;S:R408S;S:K417N,15,510,0.0294117647058823,7,BA.2:7
1222026,BA.2_0.05_abundance_0.2,C22674T;T22679C;C22686T;A22688G;A22786C;G22813T;T22867A,S:S371F;S:S373P;S:S375F;S:T376A;S:R408S;S:K417N;S:A435A,6,126,0.0476190476190476,4,BA.2:2;BA.2.12:1;BF.7:1
1222026,BA.2_0.05_abundance_0.2,T22867A;G22992A;C22995A;A23013C;A23040G;A23063T,S:A435A;S:S477N;S:T478K;S:E484A;S:Q493R;S:N501Y,15,400,0.0375,13,BA.2.56:4;BA.2:5;BA.2.76:1;BA.2.31:1;BA.2.38:2
1222026,BA.2_0.05_abundance_0.2,G22992A;C22995A;A23013C;A23040G;A23063T;C23077G,S:S477N;S:T478K;S:E484A;S:Q493R;S:N501Y;S:Y505*,17,400,0.0425,0,
1222026,BA.2_0.05_abundance_0.2,C23188A;A23403G,S:N542K;S:D614G,377,3640,0.1035714285714285,2,B.1.1.519:1;AY.24:1
1222026,BA.2_0.05_abundance_0.2,A24177G;G24356C;A24424T,S:Q872R;S:G932R;S:Q954H,9,110,0.0818181818181818,0,
1222026,BA.2_0.05_abundance_0.2,T24195G;G24356C;A24424T,S:L878*;S:G932R;S:Q954H,13,110,0.1181818181818181,0,
1222026,BA.2_0.05_abundance_0.2,T24195G;G24356C,S:L878*;S:G932R,12,162,0.074074074074074,0,
1222026,BA.2_0.05_abundance_0.2,G24356C;A24424T,S:G932R;S:Q954H,66,110,0.6,65,BA.2:20;BA.5.6:3;BA.5.2.1:1;BA.1.1:6;BA.5.2:3;BA.1.17.2:1;BA.1.15:1;BA.5.1:21;BA.5.5:3;BE.1.1:1;BA.5:1;BF.5:1;BF.7:2;BF.10:1
1222026,BA.2_0.05_abundance_0.2,A24424T;G24665A,S:Q954H;S:G1035R,80,143,0.5594405594405595,0,
1222026,BA.2_0.05_abundance_0.2,A24880T;C25000T,S:Q1106H;S:D1146D,111,1670,0.0664670658682634,1,BA.2:1
1222026,BA.2_0.05_abundance_0.2,A24880T;A24963C;C25000T,S:Q1106H;S:N1134T;S:D1146D,69,1670,0.041317365269461,0,
1222026,BA.2_0.05_abundance_0.2,A24963C;C25000T,S:N1134T;S:D1146D,567,1670,0.3395209580838323,6,BA.5.1:2;BA.5.2.1:1;BA.1:1;BA.2:2
1222026,BA.2_0.05_abundance_0.2,C25373T;C25584T,S:H1271Y;ORF3a:T64T,1100,1645,0.668693009118541,32,BA.2.12.1:1;BA.1.17:1;BA.5.2.1:1;BA.1.17.2:2;BA.5.1.5:1;BA.4.2:1;BA.1:4;BA.2:5;BA.4.6:1;BA.2.3:1;BA.1.15:2;BA.5.2:1;BA.5:1;BA.1.1:4;BE.1.1:1;BA.5.2.20:1;BF.14:1;BF.5:1;BA.5.1.24:1;BQ.1.1.13:1
1222026,BA.2_0.05_abundance_0.2,T26038G;C26270T,ORF3a:S216A;E:T9I,12,70,0.1714285714285714,26,BA.2.12.1:1;BA.1.1:2;BA.5.2.1:1;BF.7:7;BA.2:4;BA.1.15:1;BA.1.1.2:6;BA.1.1.1:2;BA.5.5:1;BA.1:1
1222026,BA.2_0.05_abundance_0.2,C26270T;C26456G,E:T9I;E:P71R,346,1562,0.2215108834827144,53,BA.5.2.1:19;BA.5.2:2;BF.2:1;BA.5.2.21:1;BA.5.1.1:1;BA.1.16:1;BA.2.12.1:1;BA.1:1;BE.1.1.2:2;BA.2.65:1;BA.5.1:1;BA.5.2.20:5;BA.1.1:2;BA.5.1.12:1;BA.2.3.2:1;BA.2.9:1;BA.1.18:1;BA.5.6:1;BF.7:1;BA.2:6;BA.1.1.1:1;BA.1.1.18:1;BA.2.3:1
1222026,BA.2_0.05_abundance_0.2,G26709A;C26735G;C26858T,M:A63T;M:Y71*;M:F112F,365,1557,0.2344251766217084,0,
1222026,BA.2_0.05_abundance_0.2,G26709A;T26783A;C26858T,M:A63T;M:L87L;M:F112F,99,1557,0.0635838150289017,41,BA.4.1:1;BA.2:25;BA.2.23:9;BP.1:1;BA.4.4:1;XBB.1:2;BA.2.49:1;BA.2.9:1
1222026,BA.2_0.05_abundance_0.2,G26709A;C26735G;T26783A;C26858T,M:A63T;M:Y71*;M:L87L;M:F112F,32,1557,0.0205523442517662,0,
1222026,BA.2_0.05_abundance_0.2,G26709A;C26735G,M:A63T;M:Y71*,64,1784,0.0358744394618834,0,
1222026,BA.2_0.05_abundance_0.2,A27259C;A27262G;G27382C;A27383T;T27384C,ORF6:R20R;ORF6:T21A;ORF6:D61H;ORF6:D61V;ORF6:D61D,113,2297,0.0491946016543317,48,BA.2:12;BA.4.6:1;BA.2.9:30;BA.4.1:3;BA.2.75:2
1222026,BA.2_0.05_abundance_0.2,A27259C;T27322A;G27382C;A27383T;T27384C,ORF6:R20R;ORF6:S41T;ORF6:D61H;ORF6:D61V;ORF6:D61D,1036,2297,0.4510230735742273,1,BA.2.12.1:1
1222026,BA.2_0.05_abundance_0.2,A27259C;A27293C;T27322A;G27382C;A27383T;T27384C,ORF6:R20R;ORF6:Y31S;ORF6:S41T;ORF6:D61H;ORF6:D61V;ORF6:D61D,144,2297,0.0626904658249891,0,
1222026,BA.2_0.05_abundance_0.2,A27259C;A27262G;T27322A;G27382C;A27383T;T27384C,ORF6:R20R;ORF6:T21A;ORF6:S41T;ORF6:D61H;ORF6:D61V;ORF6:D61D,213,2297,0.0927296473661297,0,
1222026,BA.2_0.05_abundance_0.2,A27259C;A27262G;A27293C;T27322A;G27382C;A27383T;T27384C,ORF6:R20R;ORF6:T21A;ORF6:Y31S;ORF6:S41T;ORF6:D61H;ORF6:D61V;ORF6:D61D,28,2297,0.0121898127993034,0,
1222026,BA.2_0.05_abundance_0.2,A27259C;A27293C;G27382C;A27383T;T27384C,ORF6:R20R;ORF6:Y31S;ORF6:D61H;ORF6:D61V;ORF6:D61D,67,2297,0.0291684806269046,1,BA.2:1
1222026,BA.2_0.05_abundance_0.2,A27259C;T27322A,ORF6:R20R;ORF6:S41T,73,2459,0.0296868645790971,1,BA.2.12.1:1
1222026,BA.2_0.05_abundance_0.2,T28172C;C28311T,ORF8:P93P;N:P13L,51,2540,0.0200787401574803,154,BA.5.2.1:36;BA.2:5;BA.2.12.1:1;BA.1.1:16;BA.1:73;BG.2:1;BA.1.15:2;BA.5:2;BA.5.1.23:1;BQ.1.23:2;BA.5.1:7;BA.1.13:1;BA.5.2.20:2;BA.4.1:1;BA.1.1.1:1;BA.1.17:1;BQ.1.2:1;BA.2.38:1
1222026,BA.2_0.05_abundance_0.2,A29346T;A29424C;A29510C,N:D358V;N:Q384P;N:S413R,17,220,0.0772727272727272,0,
1222026,BA.2_0.05_abundance_0.2,A29346T;A29510C,N:D358V;N:S413R,7,220,0.0318181818181818,0,
1222026,BA.2_0.05_abundance_0.2,C29358G;A29424C;A29510C,N:T362R;N:Q384P;N:S413R,6,220,0.0272727272727272,0,
1222026,BA.2_0.05_abundance_0.2,A29424C;A29510C;T29624A,N:Q384P;N:S413R;ORF10:S23T,49,207,0.2367149758454106,0,
1222026,BA.2_0.05_abundance_0.2,A29424C;A29510C,N:Q384P;N:S413R,60,220,0.2727272727272727,5,BA.5.5:1;BA.2.3:1;BA.5.2:1;BA.2.9:1;BA.2.34:1
1222026,BA.2_0.05_abundance_0.2,A29510C;T29624A,N:S413R;ORF10:S23T,20,207,0.0966183574879227,5,BA.2:4;BA.4.1:1
1292026,BA.2_0.05_abundance_0.2,T670G;G677A,ORF1a:S135R;ORF1a:A138T,169,2566,0.0658612626656274,1351,BF.7.4.1:15;BA.4:51;BA.4.1:33;BA.2.36:2;BA.5.2:103;BA.2:207;BA.2.12.1:30;BA.5.6:9;BA.5.2.20:4;BA.5:10;BA.2.75:28;BA.5.2.6:4;BA.5.2.1:83;BA.4.2:1;BA.2.24:63;BF.4:1;BA.5.1:345;BA.5.2.34:6;BA.5.3:3;BF.13:1;BE.1.4:10;BA.5.1.12:2;BE.1:8;BF.6:11;BF.5:48;BA.2.3:11;BA.5.5:13;BQ.1.12:1;BA.2.3.14:2;BQ.1.1:19;BA.2.10:29;BA.4.6:14;BA.2.70:13;BA.2.16:1;BE.1.1:11;BA.5.2.13:2;BA.2.65:4;BQ.1.15:1;BA.5.2.36:1;BQ.1.9:1;BF.7:8;BA.4.8:1;BA.2.1:5;BF.31:1;BQ.1.3:1;BA.2.8:1;BA.5.7:1;BL.1.4:1;BQ.1.1.5:1;XBB.2:1;BF.1:5;BA.5.1.24:2;BA.5.2.29:1;BA.5.1.23:2;BE.3:2;BA.2.9:23;BE.5:5;BA.4.1.1:4;BQ.1.1.18:8;BA.5.1.22:12;BA.2.41:1;BA.4.6.4:1;BA.5.2.12:1;BQ.1.5:1;BF.14:8;BE.1.4.1:1;BF.10:1;BA.5.3.1:2;BA.2.13:4;BQ.1.1.1:1;BQ.1.23:5;BF.21:2;BF.26:4;BA.5.2.33:7;BA.2.64:1;BA.2.3.18:1;BA.2.38:3;BF.28:5;BQ.1.11:2;BA.5.8:1;BE.7:1;BM.2:1;BN.1.3:1;BA.5.2.35:1;BF.27:2;BA.2.29:1;XBB.1:1;BA.5.2.9:1;BL.1:1;BG.5:1;BN.1.8:1;BA.5.1.10:1
1292026,BA.2_0.05_abundance_0.2,T670G;G702A,ORF1a:S135R;ORF1a:G146D,11,342,0.0321637426900584,267,BA.4:16;BA.5.2.1:10;BA.5.2.27:2;BA.4.6.5:1;BA.5.2:8;BA.2:76;BA.2.9:13;BF.10:50;BA.2.12.1:6;BA.2.42:26;BF.5:2;BA.5.2.20:2;BA.2.3:16;BQ.1.1.3:1;BA.4.1:2;BA.5.6:2;BA.5.1:11;BQ.1.1:3;BA.2.36:1;BA.2.73:4;BA.4.6:1;BA.2.75:2;BA.2.56:4;XBB.2:1;BE.1.1:1;BA.2.2:2;BA.5.1.7:2;BA.5.1.18:1;BA.5.1.30:1
1292026,BA.2_0.05_abundance_0.2,T670G;G740A,ORF1a:S135R;ORF1a:E159K,127,292,0.4349315068493151,100,BA.5.2.1:3;BA.5.2:11;BA.2:27;BA.2.12.1:3;BA.5.1:14;BA.4.1:1;BA.5.2.9:1;BA.5.1.5:1;BA.5.2.8:4;BA.2.9:20;BA.2.76:1;XAZ:1;BA.2.75:1;BF.21:1;BA.5.2.6:1;BE.3:1;BA.5:2;BF.7:1;BE.1:1;BA.5.6:1;BA.5.2.23:1;BE.1.1.1:1;BA.2.31.1:1;BA.2.65:1
1292026,BA.2_0.05_abundance_0.2,T670G;G677A;G740A,ORF1a:S135R;ORF1a:A138T;ORF1a:E159K,9,292,0.0308219178082191,0,
1292026,BA.2_0.05_abundance_0.2,T670G;G702A;G740A,ORF1a:S135R;ORF1a:G146D;ORF1a:E159K,7,292,0.023972602739726,0,
1292026,BA.2_0.05_abundance_0.2,G677A;G740A,ORF1a:A138T;ORF1a:E159K,17,865,0.0196531791907514,0,
1292026,BA.2_0.05_abundance_0.2,G702A;G740A,ORF1a:G146D;ORF1a:E159K,64,2859,0.0223854494578523,0,
1292026,BA.2_0.05_abundance_0.2,T1107C;T1164A,ORF1a:I281T;ORF1a:I300N,72,3515,0.0204836415362731,0,
1292026,BA.2_0.05_abundance_0.2,G2995T;T3012A;C3037T,ORF1a:E910D;ORF1a:L916*;ORF1a:F924F,12,116,0.1034482758620689,0,
1292026,BA.2_0.05_abundance_0.2,T3012A;C3037T,ORF1a:L916*;ORF1a:F924F,30,116,0.2586206896551724,1,BA.2:1
1292026,BA.2_0.05_abundance_0.2,A5040T;A5113C,ORF1a:Q1592L;ORF1a:K1616N,23,728,0.0315934065934065,0,
1292026,BA.2_0.05_abundance_0.2,T5781G;A5912T,ORF1a:I1839R;ORF1a:K1883*,7,339,0.0206489675516224,0,
1292026,BA.2_0.05_abundance_0.2,G6753C;T6758G,ORF1a:R2163P;ORF1a:C2165G,34,1255,0.0270916334661354,0,
1292026,BA.2_0.05_abundance_0.2,C7840T;A7864G,ORF1a:D2525D;ORF1a:K2533K,87,1041,0.0835734870317002,2,BA.2.3.1:2
1292026,BA.2_0.05_abundance_0.2,A8348C;C8419G,ORF1a:S2695R;ORF1a:F2718L,79,492,0.1605691056910569,0,
1292026,BA.2_0.05_abundance_0.2,T8690G;C8912G,ORF1a:Y2809D;ORF1a:H2883D,50,319,0.1567398119122257,0,
1292026,BA.2_0.05_abundance_0.2,C9534T;A9617G,ORF1a:T3090I;ORF1a:N3118D,670,1019,0.6575073601570167,0,
1292026,BA.2_0.05_abundance_0.2,C10029T;T9961C;T9964A,ORF1a:T3255I;ORF1a:C3232C;ORF1a:H3233Q,20,770,0.0259740259740259,0,
1292026,BA.2_0.05_abundance_0.2,C10029T;T9964A,ORF1a:T3255I;ORF1a:H3233Q,54,770,0.0701298701298701,0,
1292026,BA.2_0.05_abundance_0.2,A12148G;T12319G,ORF1a:Q3961Q;ORF1a:S4018S,8,379,0.021108179419525,0,
1292026,BA.2_0.05_abundance_0.2,G12671T;G12735A,ORF1a:A4136S;ORF1a:G4157D,41,775,0.0529032258064516,0,
1292026,BA.2_0.05_abundance_0.2,G12735A;C12880T,ORF1a:G4157D;ORF1a:I4205I,50,192,0.2604166666666667,1,B.1:1
1292026,BA.2_0.05_abundance_0.2,C12880T;G12995T,ORF1a:I4205I;ORF1a:G4244C,197,2548,0.0773155416012559,0,
1292026,BA.2_0.05_abundance_0.2,T13093G;T13174G,ORF1a:A4276A;ORF1a:G4303G,69,1707,0.0404217926186291,0,
1292026,BA.2_0.05_abundance_0.2,T13093G;T13270A,ORF1a:A4276A;ORF1a:D4335E,22,1572,0.0139949109414758,0,
1292026,BA.2_0.05_abundance_0.2,T13093G;G13126T,ORF1a:A4276A;ORF1a:G4287G,48,1707,0.0281195079086115,0,
1292026,BA.2_0.05_abundance_0.2,T13093G;G13126T;T13174G,ORF1a:A4276A;ORF1a:G4287G;ORF1a:G4303G,19,1707,0.0111306385471587,0,
1292026,BA.2_0.05_abundance_0.2,G13126T;T13270A,ORF1a:G4287G;ORF1a:D4335E,17,1572,0.0108142493638676,0,
1292026,BA.2_0.05_abundance_0.2,G13126T;T13174G,ORF1a:G4287G;ORF1a:G4303G,79,1707,0.0462800234329232,0,
1292026,BA.2_0.05_abundance_0.2,T13174G;T13270A,ORF1a:G4303G;ORF1a:D4335E,16,1572,0.010178117048346,0,
1292026,BA.2_0.05_abundance_0.2,C15141A;A15159T,ORF1b:T558T;ORF1b:Q564H,12,938,0.0127931769722814,0,
1292026,BA.2_0.05_abundance_0.2,C15613G;C15714T,ORF1b:H716D;ORF1b:L749L,737,4715,0.1563096500530222,0,
1292026,BA.2_0.05_abundance_0.2,C15613G;T15674A;C15714T,ORF1b:H716D;ORF1b:F736Y;ORF1b:L749L,287,4715,0.0608695652173913,0,
1292026,BA.2_0.05_abundance_0.2,T15674A;C15714T,ORF1b:F736Y;ORF1b:L749L,1056,4718,0.2238236540907164,1,BA.2.3:1
1292026,BA.2_0.05_abundance_0.2,C17410T;T17661G,ORF1b:R1315C;ORF1b:F1398L,13,395,0.0329113924050632,0,
1292026,BA.2_0.05_abundance_0.2,T21733G;G21827C;G21987A,S:P57P;S:G89R;S:G142D,66,338,0.1952662721893491,0,
1292026,BA.2_0.05_abundance_0.2,T21733G;G21827C,S:P57P;S:G89R,16,411,0.0389294403892944,0,
1292026,BA.2_0.05_abundance_0.2,T21733G;G21987A,S:P57P;S:G142D,17,338,0.0502958579881656,58,AY.113:2;BA.2.41:1;AY.27:1;AY.122:1;BA.2.12.1:34;BA.5.2:5;AY.42:2;B.1.617.2:1;AY.44:1;BA.2.18:1;AY.65:2;AY.121:3;BA.2.10:1;AY.121.1:1;BA.2:1;AY.120:1
1292026,BA.2_0.05_abundance_0.2,G21827C;G21987A,S:G89R;S:G142D,183,338,0.5414201183431953,5,AY.111:1;AY.4.2.1:1;AY.4.2:1;BA.2.12.1:1;AY.43:1
1292026,BA.2_0.05_abundance_0.2,T22882G;G22992A;C22995A;A23013C;A23040G;A23055G;A23063T;T23075C;T23097G,S:N440K;S:S477N;S:T478K;S:E484A;S:Q493R;S:Q498R;S:N501Y;S:Y505H;S:V512G,29,707,0.041018387553041,0,
1292026,BA.2_0.05_abundance_0.2,T22882G;T22926A;G22992A;C22995A;A23013C;A23040G;A23055G;A23063T;T23075C,S:N440K;S:L455*;S:S477N;S:T478K;S:E484A;S:Q493R;S:Q498R;S:N501Y;S:Y505H,84,707,0.1188118811881188,2,BA.2:2
1292026,BA.2_0.05_abundance_0.2,T23875C;G23948T,S:A771A;S:D796Y,41,1008,0.0406746031746031,169,BA.2.12.1:1;BA.1.20:5;BA.2.9:13;BA.4:1;BA.2.38:1;BA.2:4;BA.1.1:20;BA.5.1:1;BA.2.75:85;BN.1.4:18;BA.5.2.1:6;BA.4.6:2;BA.2.3:7;BA.2.56:1;BQ.1.8:1;BA.5.2:1;BA.2.9.5:1;BF.26:1
1292026,BA.2_0.05_abundance_0.2,T23875C;A23928C;G23948T,S:A771A;S:Y789S;S:D796Y,39,1008,0.0386904761904761,0,
1292026,BA.2_0.05_abundance_0.2,A23928C;G23948T,S:Y789S;S:D796Y,373,1008,0.3700396825396825,0,
1292026,BA.2_0.05_abundance_0.2,C24338A;T24414C;A24424T,S:Q926K;S:V951A;S:Q954H,6,56,0.1071428571428571,0,
1292026,BA.2_0.05_abundance_0.2,C24338A;C24407T;T24414C;A24424T,S:Q926K;S:Q949*;S:V951A;S:Q954H,8,56,0.1428571428571428,0,
1292026,BA.2_0.05_abundance_0.2,C24407T;T24414C;A24424T,S:Q949*;S:V951A;S:Q954H,8,56,0.1428571428571428,0,
1292026,BA.2_0.05_abundance_0.2,C24407T;A24424T,S:Q949*;S:Q954H,5,56,0.0892857142857142,0,
1292026,BA.2_0.05_abundance_0.2,C24407T;T24414C,S:Q949*;S:V951A,5,80,0.0625,0,
1292026,BA.2_0.05_abundance_0.2,T24414C;A24424T,S:V951A;S:Q954H,15,56,0.2678571428571428,1,BA.5.2.1:1
1292026,BA.2_0.05_abundance_0.2,A24424T;T24469A;T24648C,S:Q954H;S:N969K;S:M1029T,14,105,0.1333333333333333,0,
1292026,BA.2_0.05_abundance_0.2,T24469A;T24648C,S:N969K;S:M1029T,38,470,0.0808510638297872,0,
1292026,BA.2_0.05_abundance_0.2,A25087G;T25205C,S:S1175S;S:Y1215H,15,718,0.0208913649025069,0,
1292026,BA.2_0.05_abundance_0.2,T25715G;T25751G,ORF3a:L108R;ORF3a:F120C,9,130,0.0692307692307692,0,
1292026,BA.2_0.05_abundance_0.2,T25715G;T25751G;C25944A,ORF3a:L108R;ORF3a:F120C;ORF3a:Y184*,5,106,0.0471698113207547,0,
1292026,BA.2_0.05_abundance_0.2,T25751G;C25944A,ORF3a:F120C;ORF3a:Y184*,28,106,0.2641509433962264,0,
1292026,BA.2_0.05_abundance_0.2,C25944A;A25988G,ORF3a:Y184*;ORF3a:D199G,5,140,0.0357142857142857,0,
1292026,BA.2_0.05_abundance_0.2,C25944A;C26270T,ORF3a:Y184*;E:T9I,42,97,0.4329896907216495,3,BA.1.1:1;BA.2:2
1292026,BA.2_0.05_abundance_0.2,C26577G;T26621A;G26709A;C26858T,M:Q19E;M:C33*;M:A63T;M:F112F,489,1857,0.2633279483037157,1,BA.2:1
1292026,BA.2_0.05_abundance_0.2,C26577G;T26621A;G26709A,M:Q19E;M:C33*;M:A63T,70,2111,0.0331596399810516,3,BA.2:1;BA.1.15:1;BA.5.2.24:1
1292026,BA.2_0.05_abundance_0.2,A27259C;T27272A;G27382C;A27383T;T27384C,ORF6:R20R;ORF6:V24D;ORF6:D61H;ORF6:D61V;ORF6:D61D,476,1269,0.3750985027580772,0,
1292026,BA.2_0.05_abundance_0.2,A27259C;A27316C;G27382C;A27383T;T27384C,ORF6:R20R;ORF6:N39H;ORF6:D61H;ORF6:D61V;ORF6:D61D,59,1269,0.0464933018124507,5,BA.2:5
1292026,BA.2_0.05_abundance_0.2,A27259C;T27272A,ORF6:R20R;ORF6:V24D,32,1368,0.023391812865497,0,
1292026,BA.2_0.05_abundance_0.2,A27259C;T27272A;A27316C;G27382C;A27383T;T27384C,ORF6:R20R;ORF6:V24D;ORF6:N39H;ORF6:D61H;ORF6:D61V;ORF6:D61D,39,1269,0.0307328605200945,0,
1292026,BA.2_0.05_abundance_0.2,A29435G;A29510C,N:K388E;N:S413R,56,124,0.4516129032258064,11,BA.2:7;BA.4.1.5:1;BQ.1.5:1;BA.2.6:1;BA.5.2:1
2052026,BA.2_0.05_abundance_0.2,G353C;T369G,ORF1a:G30R;ORF1a:V35G,27,1868,0.0144539614561027,0,
2052026,BA.2_0.05_abundance_0.2,G353C;T369G;C449T;G470T;G483C;G524T;G542T;G564C;C609T;A610C;G636A;A647C;T670G,ORF1a:G30R;ORF1a:V35G;ORF1a:P62S;ORF1a:V69L;ORF1a:R73P;ORF1a:E87*;ORF1a:E93*;ORF1a:S100T;ORF1a:P115L;ORF1a:P115P;ORF1a:R124H;ORF1a:N128H;ORF1a:S135R,10,537,0.0186219739292365,0,
2052026,BA.2_0.05_abundance_0.2,T369G;C449T;G470T;G483C;G524T;G542T;G564C;C609T;A610C;G636A;A647C;T670G,ORF1a:V35G;ORF1a:P62S;ORF1a:V69L;ORF1a:R73P;ORF1a:E87*;ORF1a:E93*;ORF1a:S100T;ORF1a:P115L;ORF1a:P115P;ORF1a:R124H;ORF1a:N128H;ORF1a:S135R,34,2374,0.0143218197135636,0,
2052026,BA.2_0.05_abundance_0.2,T1623A;C1628A;A1629T;A1644G;A1646C;A1731C;T1745C;G1782C;G1784C;G1827A;A1829G;A1849T;A1852T;G1883A,ORF1a:I453K;ORF1a:Q455K;ORF1a:Q455L;ORF1a:N460S;ORF1a:I461L;ORF1a:E489A;ORF1a:L494L;ORF1a:C506S;ORF1a:G507R;ORF1a:W521*;ORF1a:N522D;ORF1a:S528S;ORF1a:I529I;ORF1a:A540T,22,977,0.022517911975435,0,
2052026,BA.2_0.05_abundance_0.2,C2245T;T2307A;A2345T;A2367G;C2371A;A2430G,ORF1a:V660V;ORF1a:L681H;ORF1a:I694F;ORF1a:K701R;ORF1a:A702A;ORF1a:K722R,9,564,0.0159574468085106,0,
2052026,BA.2_0.05_abundance_0.2,A3180C;A3186G;G3239C;T3265C;A3273G;A3277T;G3320A;A3341C;G3345C;A3357C;A3374C;A3381C,ORF1a:E972A;ORF1a:E974G;ORF1a:D992H;ORF1a:T1000T;ORF1a:Q1003R;ORF1a:T1004T;ORF1a:V1019I;ORF1a:N1026H;ORF1a:S1027T;ORF1a:Y1031S;ORF1a:N1037H;ORF1a:Y1039S,11,301,0.0365448504983388,0,
2052026,BA.2_0.05_abundance_0.2,A3186G;G3239C;T3265C;A3273G;A3277T;G3320A;A3341C;G3345C;A3357C;A3374C;A3381C,ORF1a:E974G;ORF1a:D992H;ORF1a:T1000T;ORF1a:Q1003R;ORF1a:T1004T;ORF1a:V1019I;ORF1a:N1026H;ORF1a:S1027T;ORF1a:Y1031S;ORF1a:N1037H;ORF1a:Y1039S,9,846,0.0106382978723404,0,
2052026,BA.2_0.05_abundance_0.2,T3578A;A3642C,ORF1a:L1105I;ORF1a:E1126A,14,230,0.0608695652173913,0,
2052026,BA.2_0.05_abundance_0.2,A3818T;G3824A;T3826C;T3827A;T3843A;G3863C;A3895T;T3952A;T3981C;C3984T;A3989C;T4023A;A4034G,ORF1a:K1185*;ORF1a:V1187I;ORF1a:V1187V;ORF1a:S1188T;ORF1a:M1193K;ORF1a:E1200Q;ORF1a:E1210D;ORF1a:D1229E;ORF1a:V1239A;ORF1a:T1240I;ORF1a:T1242P;ORF1a:L1253*;ORF1a:I1257V,24,1211,0.0198183319570602,0,
2052026,BA.2_0.05_abundance_0.2,G5625C;T5635G;G5708C;T5732A;G5750A,ORF1a:C1787S;ORF1a:G1790G;ORF1a:E1815Q;ORF1a:C1823S;ORF1a:G1829S,12,529,0.0226843100189035,0,
2052026,BA.2_0.05_abundance_0.2,A5778C;A5852C,ORF1a:H1838P;ORF1a:I1863L,71,496,0.1431451612903226,0,
2052026,BA.2_0.05_abundance_0.2,A6276G;G6288A;T6298C;C6312G;A6325C;A6360C,ORF1a:K2004R;ORF1a:W2008*;ORF1a:R2011R;ORF1a:T2016R;ORF1a:E2020D;ORF1a:D2032A,8,243,0.0329218106995884,0,
2052026,BA.2_0.05_abundance_0.2,C7119G;T7141G;T7168A;C7195G;A7208C;A7210C;T7226C;T7227C;T7228A,ORF1a:S2285C;ORF1a:L2292L;ORF1a:Y2301*;ORF1a:T2310T;ORF1a:K2315Q;ORF1a:K2315N;ORF1a:F2321L;ORF1a:F2321S;ORF1a:F2321L,16,772,0.0207253886010362,0,
2052026,BA.2_0.05_abundance_0.2,T7425A;T7438A;A7448C;C7485G;C7518A;G7526A;A7548C;T7554G,ORF1a:F2387Y;ORF1a:Y2391*;ORF1a:K2395Q;ORF1a:S2407*;ORF1a:A2418E;ORF1a:V2421I;ORF1a:N2428T;ORF1a:V2430G,8,295,0.0271186440677966,0,
2052026,BA.2_0.05_abundance_0.2,T9013C;T9094G,ORF1a:A2916A;ORF1a:V2943V,12,781,0.0153649167733674,0,
2052026,BA.2_0.05_abundance_0.2,C9534T;G9730A,ORF1a:T3090I;ORF1a:W3155*,1640,2077,0.7896003851709196,0,
2052026,BA.2_0.05_abundance_0.2,T11046G;T11056C;T11070A;A11085T;T11118G;T11151G;G11222T;G11243A,ORF1a:L3594*;ORF1a:S3597S;ORF1a:L3602*;ORF1a:Y3607F;ORF1a:I3618S;ORF1a:V3629G;ORF1a:V3653F;ORF1a:V3660M,12,504,0.0238095238095238,0,
2052026,BA.2_0.05_abundance_0.2,G11378C;T11429A;T11432G;G11464A;G11483A;C11494T;G11504T;T11517A;C11518T;G11528C;T11539C;T11547C;A11567G,ORF1a:A3705P;ORF1a:Y3722N;ORF1a:Y3723D;ORF1a:M3733I;ORF1a:V3740I;ORF1a:N3743N;ORF1a:V3747L;ORF1a:V3751D;ORF1a:V3751V;ORF1a:A3755P;ORF1a:I3758I;ORF1a:M3761T;ORF1a:I3768V,17,517,0.0328820116054158,0,
2052026,BA.2_0.05_abundance_0.2,A11905G;A11911T;G11944C;T11980G;A12103G,ORF1a:R3880R;ORF1a:E3882D;ORF1a:Q3893H;ORF1a:T3905T;ORF1a:S3946S,24,2344,0.0102389078498293,0,
2052026,BA.2_0.05_abundance_0.2,T11980G;C12029A,ORF1a:T3905T;ORF1a:Q3922K,161,2441,0.0659565751741089,0,
2052026,BA.2_0.05_abundance_0.2,A12834T;C12880T,ORF1a:D4190V;ORF1a:I4205I,136,2085,0.0652278177458033,0,
2052026,BA.2_0.05_abundance_0.2,A12834T;C12880T;A12922C,ORF1a:D4190V;ORF1a:I4205I;ORF1a:T4219T,52,2085,0.0249400479616306,0,
2052026,BA.2_0.05_abundance_0.2,C12880T;A12922C,ORF1a:I4205I;ORF1a:T4219T,563,2086,0.2698945349952061,1,BA.5.2.28:1
2052026,BA.2_0.05_abundance_0.2,G13425A;T13532C,ORF1a:R4387H;ORF1b:V22A,25,1100,0.0227272727272727,0,
2052026,BA.2_0.05_abundance_0.2,A14306T;C14408T,ORF1b:Y280F;ORF1b:P314L,518,1884,0.2749469214437367,31,B.1.1.7:25;AY.127:3;BA.2.3.14:1;B.1.2:1;BA.1.15:1
2052026,BA.2_0.05_abundance_0.2,A14306T;A14351T;C14408T,ORF1b:Y280F;ORF1b:D295V;ORF1b:P314L,88,1884,0.0467091295116772,0,
2052026,BA.2_0.05_abundance_0.2,A14351T;C14408T,ORF1b:D295V;ORF1b:P314L,220,1884,0.1167728237791932,0,
2052026,BA.2_0.05_abundance_0.2,C15714T;C15770A,ORF1b:L749L;ORF1b:A768D,559,3805,0.1469119579500657,0,
2052026,BA.2_0.05_abundance_0.2,C15714T;A15788T,ORF1b:L749L;ORF1b:K774M,1404,3804,0.3690851735015772,0,
2052026,BA.2_0.05_abundance_0.2,C15714T;C15770A;A15788T,ORF1b:L749L;ORF1b:A768D;ORF1b:K774M,658,3804,0.1729758149316509,0,
2052026,BA.2_0.05_abundance_0.2,G16237A;A16352G,ORF1b:A924T;ORF1b:H962R,93,1111,0.0837083708370837,0,
2052026,BA.2_0.05_abundance_0.2,T17126C;G17162A;T17166C;A17199C;T17210C;T17255A;T17263A;A17270G;A17294G;A17300G;T17306C;G17359C;C17410T,ORF1b:L1220P;ORF1b:C1232Y;ORF1b:S1233S;ORF1b:A1244A;ORF1b:L1248S;ORF1b:V1263E;ORF1b:F1266I;ORF1b:K1268R;ORF1b:E1276G;ORF1b:Y1278C;ORF1b:F1280S;ORF1b:E1298Q;ORF1b:R1315C,36,2181,0.0165061898211829,0,
2052026,BA.2_0.05_abundance_0.2,A17258G;C17410T,ORF1b:E1264G;ORF1b:R1315C,330,2182,0.151237396883593,1,BA.4.6:1
2052026,BA.2_0.05_abundance_0.2,G18968A;A18969G;A18982G;T19016G;G19056A;A19073G;G19086A;T19110A;A19116G;A19123T;A19134G;T19139C;T19146G;T19149C,ORF1b:R1834K;ORF1b:R1834R;ORF1b:M1839V;ORF1b:F1850C;ORF1b:K1863K;ORF1b:D1869G;ORF1b:K1873K;ORF1b:S1881R;ORF1b:K1883K;ORF1b:K1886*;ORF1b:E1889E;ORF1b:F1891S;ORF1b:S1893S;ORF1b:Y1894Y,24,954,0.0251572327044025,0,
2052026,BA.2_0.05_abundance_0.2,A19950G;A20055G,ORF1b:K2161K;ORF1b:E2196E,22,126,0.1746031746031746,113,BA.5.2:1;BA.2.3:63;BA.5.3.2:2;BA.2.9:26;BQ.1:1;BA.2.3.18:1;BA.2:11;BQ.1.1.20:2;BA.4.4:1;BF.11.5:1;BA.5.2.1:1;BA.2.9.5:1;BF.10:1;BE.1.1:1
2052026,BA.2_0.05_abundance_0.2,G20518A;G20548A;T20563A;T20570C;T20573G;T20579G;T20606G;T20609A;G20616T;G20618A;T20625G;C20629T;C20646A;T20671C;T20690G;G20691C;T20701G;A20711G;T20717A;T20723C;A20744T;A20766G,ORF1b:D2351N;ORF1b:D2361N;ORF1b:S2366T;ORF1b:V2368A;ORF1b:V2369G;ORF1b:V2371G;ORF1b:F2380C;ORF1b:M2381K;ORF1b:W2383C;ORF1b:C2384Y;ORF1b:D2386E;ORF1b:H2388Y;ORF1b:Y2393*;ORF1b:W2402R;ORF1b:M2408R;ORF1b:M2408I;ORF1b:Y2412D;ORF1b:Q2415R;ORF1b:M2417K;ORF1b:L2419S;ORF1b:N2426I;ORF1b:L2433L,22,1032,0.0213178294573643,0,
2052026,BA.2_0.05_abundance_0.2,T21702C;A21720T;T21756A;A21768C;G21795C;T21818C;C21843A;A21858G;G21869C;G21873T;A21875G;C21904G;C21910T;A21913T;A21923C;T21937C;G21987A,S:V47A;S:D53V;S:F65Y;S:H69P;S:R78T;S:F86L;S:S94Y;S:N99S;S:G103R;S:W104L;S:I105V;S:T114T;S:S116S;S:L117L;S:N121H;S:N125N;S:G142D,39,2067,0.0188679245283018,0,
2052026,BA.2_0.05_abundance_0.2,G21870A;G21987A,S:G103D;S:G142D,67,2101,0.0318895763921942,5,AY.127:1;BA.1:2;AY.59:1;AY.118:1
2052026,BA.2_0.05_abundance_0.2,A21900C;G21987A,S:K113T;S:G142D,320,2101,0.1523084245597334,163,BF.5:1;AY.100:1;XBB.1.1:1;BA.2.32:1;BA.2:133;AY.118:1;B.1.617.2:1;BA.2.2:3;BA.5.2:3;AY.3:4;BA.5.2.9:1;BA.5.1:1;BA.2.12.1:3;BA.4:1;AY.4:3;AY.44:3;AY.126:1;AY.103:1
2052026,BA.2_0.05_abundance_0.2,G22578A;C22674T;T22679C;C22686T;A22688G;C22730T;G22775A;G22813T,S:G339D;S:S371F;S:S373P;S:S375F;S:T376A;S:L390F;S:D405N;S:K417N,56,891,0.0628507295173961,13,BA.2.9:2;BA.5.2.1:2;BQ.1.8:1;BA.2:4;BQ.1.1.3:1;BE.1.1:1;BA.5.1:1;BA.2.31:1
2052026,BA.2_0.05_abundance_0.2,T23308G;A23403G,S:L582L;S:D614G,169,2121,0.0796793965110796,4,P.1:1;BA.2.3:1;BA.1.1:1;AY.4:1
2052026,BA.2_0.05_abundance_0.2,A24424T;T24469A;A24525T,S:Q954H;S:N969K;S:E988V,45,171,0.2631578947368421,0,
2052026,BA.2_0.05_abundance_0.2,A24424T;T24469A;G24546C,S:Q954H;S:N969K;S:R995T,17,171,0.0994152046783625,0,
2052026,BA.2_0.05_abundance_0.2,A24424T;T24469A;A24525T;G24546C,S:Q954H;S:N969K;S:E988V;S:R995T,6,171,0.0350877192982456,0,
2052026,BA.2_0.05_abundance_0.2,A24433C;A24453G;C24458A;T24464G;A24468C;T24469A;T24475A;C24477G;G24515A;G24533C;A24539C;C24555G;A24562T;A24602C;A24619T;T24625C;C24627A;A24630C;C24662A;G24740C,S:Q957H;S:K964R;S:L966I;S:S968A;S:N969T;S:N969K;S:G971G;S:A972G;S:D985N;S:V991L;S:I993L;S:T998R;S:R1000S;S:R1014R;S:R1019S;S:S1021S;S:A1022D;S:N1023T;S:L1034I;S:V1060L,8,559,0.0143112701252236,0,
2052026,BA.2_0.05_abundance_0.2,T24469A;A24525T,S:N969K;S:E988V,157,717,0.2189679218967921,0,
2052026,BA.2_0.05_abundance_0.2,T24469A;G24546C,S:N969K;S:R995T,43,717,0.0599721059972106,0,
2052026,BA.2_0.05_abundance_0.2,T24469A;A24525T;G24546C,S:N969K;S:E988V;S:R995T,24,717,0.0334728033472803,0,
2052026,BA.2_0.05_abundance_0.2,G24740C;G24757C;C24801G;A24820T;T24829A;A24860G;A24874C;C24878G;T24887G;A24894G;T24906G;G24933A;A24950G;T24951G;C24964G;C25000T,S:V1060L;S:V1065V;S:A1080G;S:K1086N;S:F1089L;S:T1100A;S:V1104V;S:Q1106E;S:F1109V;S:E1111G;S:I1115S;S:G1124D;S:I1130V;S:I1130R;S:N1134K;S:D1146D,23,921,0.0249728555917481,0,
2052026,BA.2_0.05_abundance_0.2,T24903C;C25000T,S:I1114T;S:D1146D,14,934,0.0149892933618843,685,BA.2.43:1;BA.2:190;BA.2.12.1:25;CR.1:4;BA.1.15:8;BA.4:1;BA.1.1.1:8;BF.5:19;BA.5.2.1:12;BA.2.33:12;BA.5.2.9:12;BA.1.1:72;BA.5.5:1;BQ.1.1.25:1;BA.5.1.10:95;BA.5.1.1:2;BA.1.1.18:8;BA.1:20;BA.4.1:24;BQ.1.1:10;BA.1.1.14:1;BA.2.9:10;BE.1:31;BA.5.1:10;BA.2.3.1:4;BE.1.1:6;BA.1.17.2:3;BA.2.3:6;BA.2.18:31;BA.5.2:17;BA.5.2.2:1;BA.1.1.2:8;BF.1.1:1;BA.5.2.21:1;BF.27:1;BA.5.1.24:1;BM.1.1.3:1;BA.5.2.14:1;BF.10:2;BA.2.9.5:1;BA.5.1.3:2;BA.4.6:6;BA.1.18:1;BA.5.9:1;BA.2.23:2;BA.2.5:2;BA.2.3.2:1;BD.1:1;CL.1:1;BA.1.15.1:1;BA.4.1.1:1;BA.2.75:1;BA.2.2:1;BA.2.64:1;XBB.2:1
2052026,BA.2_0.05_abundance_0.2,A24911C;C25000T,S:T1117P;S:D1146D,115,934,0.1231263383297644,0,
2052026,BA.2_0.05_abundance_0.2,A25195T;A25246G,S:K1211N;S:V1228V,29,239,0.1213389121338912,0,
2052026,BA.2_0.05_abundance_0.2,G25331T;T25343C;A25360C;A25367G;T25414C;T25461A;A25462C;C25584T,S:D1257Y;S:S1261P;S:K1266N;S:K1269E;ORF3a:F8L;ORF3a:A23A;ORF3a:T24P;ORF3a:T64T,28,1394,0.0200860832137733,0,
2052026,BA.2_0.05_abundance_0.2,C26270T;C26309G;G26314C;T26355C;C26376G;A26380C;T26409G;C26421G,E:T9I;E:A22G;E:V24L;E:L37L;E:C44W;E:I46L;E:S55S;E:Y59*,9,261,0.0344827586206896,0,
2052026,BA.2_0.05_abundance_0.2,C26577G;G26709A;T26719C;C26858T,M:Q19E;M:A63T;M:V66A;M:F112F,922,2121,0.4347006129184347,5,BA.2:2;BA.2.12.2:1;BA.4.6.5:1;BA.2.9:1
2052026,BA.2_0.05_abundance_0.2,C26577G;G26709A;T26719C,M:Q19E;M:A63T;M:V66A,167,2456,0.0679967426710097,36,BA.2:2;BA.5.2:15;BA.2.12.2:1;BA.1.1:3;BA.4.6.5:1;BA.5.1:3;BA.1.16:4;BA.1.1.1:1;BA.2.9:1;BA.2.3:1;BA.1.20:1;BA.5.1.23:2;BA.1:1
2052026,BA.2_0.05_abundance_0.2,A28133C;C28311T,ORF8:T80T;N:P13L,281,2730,0.1029304029304029,3,BA.1.1:1;BA.2:1;BA.2.56:1
2052026,BA.2_0.05_abundance_0.2,A28133C;C28311T;C28313T,ORF8:T80T;N:P13L;N:R14C,421,2730,0.1542124542124542,0,
2052026,BA.2_0.05_abundance_0.2,C28311T;C28313T,N:P13L;N:R14C,1215,2731,0.4448919809593555,2138,BA.4:8;B.1.2:1;BA.4.1:15;BA.2.36:3;BA.1.1.18:15;BA.5.2:92;BA.1.15:48;BA.2:506;BA.1.15.1:10;BA.2.12.1:81;BA.5.5:14;BE.1.1.2:1;BA.2.9:114;BA.2.9.5:2;BF.8:6;BF.22:1;BA.1.1.1:46;BA.5.2.20:17;BA.2.29:1;BA.2.20:1;BA.5.2.6:15;BA.5:8;BA.2.75:20;BA.1.1.2:28;BA.5.2.1:88;BE.3:1;BA.1.17:19;BA.2.24:1;XBE:1;BA.5.1:125;BA.5.1.4:1;BA.1.1:291;XAZ:4;BA.2.65:2;BA.1:133;BA.2.3:53;BA.1.1.8:1;XBB.3:1;BA.2.3.1:2;BA.2.38:2;BF.13:1;XAJ:2;BA.5.1.1:4;B.1.526:8;BF.28:5;BA.5.2.21:5;BA.5.1.10:2;BA.1.1.11:1;BA.4.6:9;BA.5.3.1:7;BA.5.6:23;BF.2:2;BA.1.18:11;BE.1.1:9;BA.2.10:4;BA.2.70:1;BA.1.20:8;BA.5.1.5:1;BA.2.23:5;BF.31:1;BA.5.1.24:1;BA.5.1.23:7;BF.11:1;BA.5.2.9:4;BE.1:21;BF.7.4:2;BA.1.17.2:105;B.1.239:1;BA.1.14.1:3;BA.2.74:1;BE.1.3:1;BA.2.8:3;BA.5.10:2;BA.5.8:3;C.37:6;BQ.1.1.22:1;BF.7:3;BF.26:1;BA.5.2.19:1;BA.5.9:3;BA.2.18:3;BA.5.11:2;BA.5.1.22:1;BA.5.1.8:1;BF.10:3;BF.27:3;BA.2.12:1;BA.1.1.14:1;BA.1.14:2;BA.2.1:3;CH.1.1:1;BA.5.1.6:3;BA.2.3.9:1;BA.2.47:2;BG.5:3;BF.5:6;BA.5.2.2:1;BA.2.3.12:2;BA.2.40.1:1;BA.2.9.3:1;BA.4.2:1;BA.2.51:1;BA.2.75.2:1;BA.1.21:3;XBB.2:2;XM:1;BA.5.2.12:1;B.1.367:1;BC.1:6;BA.1.1.10:1;BA.2.13:1;B.1.617.2:1;BA.2.56:1;BA.4.6.5:2;BA.1.1.15:1;BA.5.2.28:2;BN.1.3:1;BA.5.1.27:1;BA.1.1.13:1;BA.5.2.35:1;BQ.1.1.19:1;BA.2.31:1;BA.2.37:1;BA.2.7:1;BA.5.3:1;BF.21:1;BA.5.1.3:1;BA.2.81:2;BF.7.4.2:1
2052026,BA.2_0.05_abundance_0.2,C28491A;C28500T;G28514T;T28524C;T28529G;A28547T;G28548C;T28561A,N:P73Q;N:T76I;N:D81Y;N:I84T;N:Y86D;N:R92*;N:R92T;N:G96G,10,337,0.029673590504451,0,
2052026,BA.2_0.05_abundance_0.2,T29501G;A29510C,N:S410A;N:S413R,141,525,0.2685714285714285,182,BQ.1.1:153;BA.4.1:3;BA.2:9;BA.5.5:3;BQ.1.9:1;BA.2.12.1:2;BA.5.1:4;BA.2.3.13:1;BA.2.9:2;BA.2.9.3:1;BQ.1.1.18:1;BA.5.2:1;BQ.1.1.24:1
2122026,BA.2_0.05_abundance_0.2,G269C;A297C;C307A;T312A;T334C;C344T;G353C;G359T;T369G,ORF1a:E2Q;ORF1a:K11T;ORF1a:V14V;ORF1a:L16H;ORF1a:V23V;ORF1a:L27F;ORF1a:G30R;ORF1a:G32*;ORF1a:V35G,17,539,0.0315398886827458,0,
2122026,BA.2_0.05_abundance_0.2,G269C;A297C;C307A;T312A;T334C;C344T;G353C;G359T,ORF1a:E2Q;ORF1a:K11T;ORF1a:V14V;ORF1a:L16H;ORF1a:V23V;ORF1a:L27F;ORF1a:G30R;ORF1a:G32*,12,795,0.0150943396226415,0,
2122026,BA.2_0.05_abundance_0.2,G353C;G359T;T369G;C449T;G470T;G483C;G524T;G542T;G564C;T580G;C609T;A610C;G636A;A647C;A655T;T658C;T670G,ORF1a:G30R;ORF1a:G32*;ORF1a:V35G;ORF1a:P62S;ORF1a:V69L;ORF1a:R73P;ORF1a:E87*;ORF1a:E93*;ORF1a:S100T;ORF1a:G105G;ORF1a:P115L;ORF1a:P115P;ORF1a:R124H;ORF1a:N128H;ORF1a:G130G;ORF1a:A131A;ORF1a:S135R,6,147,0.0408163265306122,0,
2122026,BA.2_0.05_abundance_0.2,G359T;T369G;C449T;G470T;G483C;G524T;G542T;G564C;T580G;C609T;A610C;G636A;A647C;A655T;T658C;T670G,ORF1a:G32*;ORF1a:V35G;ORF1a:P62S;ORF1a:V69L;ORF1a:R73P;ORF1a:E87*;ORF1a:E93*;ORF1a:S100T;ORF1a:G105G;ORF1a:P115L;ORF1a:P115P;ORF1a:R124H;ORF1a:N128H;ORF1a:G130G;ORF1a:A131A;ORF1a:S135R,10,405,0.0246913580246913,0,
2122026,BA.2_0.05_abundance_0.2,T369G;C449T;G470T;G483C;G524T;G542T;G564C;T580G;C609T;A610C;G636A;A647C;A655T;T658C;T670G,ORF1a:V35G;ORF1a:P62S;ORF1a:V69L;ORF1a:R73P;ORF1a:E87*;ORF1a:E93*;ORF1a:S100T;ORF1a:G105G;ORF1a:P115L;ORF1a:P115P;ORF1a:R124H;ORF1a:N128H;ORF1a:G130G;ORF1a:A131A;ORF1a:S135R,12,688,0.0174418604651162,0,
2122026,BA.2_0.05_abundance_0.2,T1152C;G1304T,ORF1a:F296S;ORF1a:E347*,5,153,0.0326797385620915,0,
2122026,BA.2_0.05_abundance_0.2,T1623A;C1628A;A1629T;A1644G;A1646C;A1731C;T1745C;G1782C;G1784C;G1827A;A1829G;A1849T;A1852T;C1878G;G1883A,ORF1a:I453K;ORF1a:Q455K;ORF1a:Q455L;ORF1a:N460S;ORF1a:I461L;ORF1a:E489A;ORF1a:L494L;ORF1a:C506S;ORF1a:G507R;ORF1a:W521*;ORF1a:N522D;ORF1a:S528S;ORF1a:I529I;ORF1a:S538*;ORF1a:A540T,103,2854,0.0360896986685353,0,
2122026,BA.2_0.05_abundance_0.2,G2324A;G2549T,ORF1a:A687T;ORF1a:D762Y,7,299,0.0234113712374581,0,
2122026,BA.2_0.05_abundance_0.2,C2388A;G2549T,ORF1a:T708K;ORF1a:D762Y,19,299,0.0635451505016722,0,
2122026,BA.2_0.05_abundance_0.2,C2388A;T2402C,ORF1a:T708K;ORF1a:S713P,6,487,0.0123203285420944,0,
2122026,BA.2_0.05_abundance_0.2,T2402C;G2549T,ORF1a:S713P;ORF1a:D762Y,12,299,0.040133779264214,0,
2122026,BA.2_0.05_abundance_0.2,G2549T;C2790T,ORF1a:D762Y;ORF1a:T842I,22,79,0.2784810126582278,19,BE.1:1;BA.5.2.1:4;BA.2:4;BA.5.3:1;BA.5.2:1;BA.5.1:3;BF.5:1;BA.5.2.19:1;BA.2.32:1;BQ.1:1;BA.2.75:1
2122026,BA.2_0.05_abundance_0.2,G2549T;C2790T;C2822G,ORF1a:D762Y;ORF1a:T842I;ORF1a:L853V,23,79,0.2911392405063291,0,
2122026,BA.2_0.05_abundance_0.2,C2790T;C2822G,ORF1a:T842I;ORF1a:L853V,15,80,0.1875,0,
2122026,BA.2_0.05_abundance_0.2,T2985G;C3037T,ORF1a:L907*;ORF1a:F924F,338,555,0.609009009009009,0,
2122026,BA.2_0.05_abundance_0.2,T2985G;C3037T;A3058G,ORF1a:L907*;ORF1a:F924F;ORF1a:E931E,43,555,0.0774774774774774,0,
2122026,BA.2_0.05_abundance_0.2,C4338A;T4365C;G4432T;A4451C;C4499A;T4530G,ORF1a:S1358Y;ORF1a:I1367T;ORF1a:M1389I;ORF1a:K1396Q;ORF1a:Q1412K;ORF1a:F1422C,9,381,0.0236220472440944,0,
2122026,BA.2_0.05_abundance_0.2,T4667A;C4698T;C4780G;T4813C;G4854C;G4881C;T4924A;G4925C;T4933A;T4946A;A4956T,ORF1a:S1468T;ORF1a:S1478F;ORF1a:I1505M;ORF1a:Y1516Y;ORF1a:R1530T;ORF1a:S1539T;ORF1a:F1553L;ORF1a:D1554H;ORF1a:L1556L;ORF1a:S1561T;ORF1a:E1564V,5,241,0.0207468879668049,0,
2122026,BA.2_0.05_abundance_0.2,C4698T;C4780G;T4813C;G4854C;G4881C;T4924A;G4925C;T4933A;T4946A;A4956T,ORF1a:S1478F;ORF1a:I1505M;ORF1a:Y1516Y;ORF1a:R1530T;ORF1a:S1539T;ORF1a:F1553L;ORF1a:D1554H;ORF1a:L1556L;ORF1a:S1561T;ORF1a:E1564V,28,1417,0.0197600564573041,0,
2122026,BA.2_0.05_abundance_0.2,C4698T;C4780G;T4813C;G4854C;G4881C;T4924A;G4925C;T4933A;T4946A;A4956T;C4980T,ORF1a:S1478F;ORF1a:I1505M;ORF1a:Y1516Y;ORF1a:R1530T;ORF1a:S1539T;ORF1a:F1553L;ORF1a:D1554H;ORF1a:L1556L;ORF1a:S1561T;ORF1a:E1564V;ORF1a:T1572I,13,412,0.0315533980582524,0,
2122026,BA.2_0.05_abundance_0.2,G5625C;T5635G;G5708C;T5732A;G5750A;T5909A,ORF1a:C1787S;ORF1a:G1790G;ORF1a:E1815Q;ORF1a:C1823S;ORF1a:G1829S;ORF1a:Y1882N,9,373,0.0241286863270777,0,
2122026,BA.2_0.05_abundance_0.2,T5909A;T5928C;G5936T;C6005A;A6030T;G6056A;G6077A;A6081T;T6087C;A6133T;A6182T,ORF1a:Y1882N;ORF1a:V1888A;ORF1a:E1891*;ORF1a:L1914I;ORF1a:N1922I;ORF1a:V1931I;ORF1a:A1938T;ORF1a:D1939V;ORF1a:L1941S;ORF1a:K1956N;ORF1a:K1973*,25,1026,0.0243664717348927,0,
2122026,BA.2_0.05_abundance_0.2,G6245T;A6276G;G6288A;T6298C;C6312G;A6325C;A6360C,ORF1a:V1994F;ORF1a:K2004R;ORF1a:W2008*;ORF1a:R2011R;ORF1a:T2016R;ORF1a:E2020D;ORF1a:D2032A,11,271,0.040590405904059,0,
2122026,BA.2_0.05_abundance_0.2,T7126A;T7260C,ORF1a:P2287P;ORF1a:I2332T,51,232,0.2198275862068965,0,
2122026,BA.2_0.05_abundance_0.2,C8318G;T8328G;A8343C;C8354A;A8360C;T8361C;T8439G;T8477G;T8484C;A8492G;C8493T,ORF1a:P2685A;ORF1a:L2688R;ORF1a:D2693A;ORF1a:R2697S;ORF1a:I2699L;ORF1a:I2699T;ORF1a:L2725R;ORF1a:L2738V;ORF1a:F2740S;ORF1a:T2743A;ORF1a:T2743I,14,691,0.0202604920405209,0,
2122026,BA.2_0.05_abundance_0.2,C10458G;G10642C,ORF1a:T3398S;ORF1a:T3459T,22,99,0.2222222222222222,0,
2122026,BA.2_0.05_abundance_0.2,C10776A;T10899G,ORF1a:P3504H;ORF1a:L3545W,11,423,0.0260047281323877,0,
2122026,BA.2_0.05_abundance_0.2,T11046G;T11056C;T11070A;A11085T;T11118G;T11151G;G11222T;G11243A;A11258T;A11277T,ORF1a:L3594*;ORF1a:S3597S;ORF1a:L3602*;ORF1a:Y3607F;ORF1a:I3618S;ORF1a:V3629G;ORF1a:V3653F;ORF1a:V3660M;ORF1a:T3665S;ORF1a:D3671V,31,837,0.037037037037037,0,
2122026,BA.2_0.05_abundance_0.2,T11218A;T11275A,ORF1a:N3651K;ORF1a:V3670V,16,839,0.0190703218116805,0,
2122026,BA.2_0.05_abundance_0.2,G11378C;T11429A;T11432G;G11464A;G11483A;C11494T;G11504T;T11517A;C11518T;G11528C;T11539C;T11547C;A11567G,ORF1a:A3705P;ORF1a:Y3722N;ORF1a:Y3723D;ORF1a:M3733I;ORF1a:V3740I;ORF1a:N3743N;ORF1a:V3747L;ORF1a:V3751D;ORF1a:V3751V;ORF1a:A3755P;ORF1a:I3758I;ORF1a:M3761T;ORF1a:I3768V,73,1832,0.0398471615720524,0,
2122026,BA.2_0.05_abundance_0.2,G11683T;T11706A;T11729A;A11742T;A11759T;C11785A;T11806A;G11807C;A11827G;G11828A;A11839G;C11844G;A11854G;A11856C;C11866T,ORF1a:L3806L;ORF1a:L3814*;ORF1a:Y3822N;ORF1a:Q3826L;ORF1a:K3832*;ORF1a:L3840L;ORF1a:V3847V;ORF1a:G3848R;ORF1a:K3854K;ORF1a:V3855I;ORF1a:V3858V;ORF1a:S3860C;ORF1a:S3863S;ORF1a:D3864A;ORF1a:C3867C,6,301,0.0199335548172757,0,
2122026,BA.2_0.05_abundance_0.2,A11905G;A11911T;C11919G;G11944C;G11966T;T12013A;T12017G;A12026T;G12035A;T12039G;C12043A;C12081G;A12103G;T12112A;C12138T;T12142A;T12168G;T12204C;A12206C,ORF1a:R3880R;ORF1a:E3882D;ORF1a:S3885C;ORF1a:Q3893H;ORF1a:A3901S;ORF1a:S3916S;ORF1a:L3918V;ORF1a:M3921L;ORF1a:A3924T;ORF1a:V3925G;ORF1a:D3926E;ORF1a:A3939G;ORF1a:S3946S;ORF1a:S3949R;ORF1a:A3958V;ORF1a:T3959T;ORF1a:V3968G;ORF1a:L3980S;ORF1a:K3981Q,45,1819,0.0247388675096206,0,
2122026,BA.2_0.05_abundance_0.2,T12168G;T12204C;A12206C;A12228G;T12244G;A12286G;A12316T;T12319G;G12330A;A12335G;G12355A,ORF1a:V3968G;ORF1a:L3980S;ORF1a:K3981Q;ORF1a:K3988R;ORF1a:R3993R;ORF1a:Q4007Q;ORF1a:R4017S;ORF1a:S4018S;ORF1a:R4022K;ORF1a:K4024E;ORF1a:Q4030Q,5,250,0.02,0,
2122026,BA.2_0.05_abundance_0.2,G12545A;T12598C,ORF1a:A4094T;ORF1a:L4111L,157,2246,0.0699020480854853,0,
2122026,BA.2_0.05_abundance_0.2,C12880T;A12949C,ORF1a:I4205I;ORF1a:L4228F,379,1138,0.3330404217926186,0,
2122026,BA.2_0.05_abundance_0.2,C12880T;T12985C,ORF1a:I4205I;ORF1a:G4240G,20,1068,0.0187265917602996,27,BA.5.2:2;BQ.1:4;BA.5.2.1:1;BA.2.12.1:2;BA.2.45:3;BE.1.1.1:1;BA.2:3;BE.1.1.2:1;BA.5:3;BA.5.1.23:2;BA.2.3:4;BA.5.2.21:1
2122026,BA.2_0.05_abundance_0.2,C12880T;A12949C;T12985C,ORF1a:I4205I;ORF1a:L4228F;ORF1a:G4240G,14,1068,0.0131086142322097,0,
2122026,BA.2_0.05_abundance_0.2,A13455G;C13458A;T13463A;C13490G;C13492A;G13514A;C13517T,ORF1a:Q4397R;ORF1a:S4398*;ORF1a:L4400I;ORF1b:A8G;ORF1b:R9S;ORF1b:G16D;ORF1b:T17I,5,136,0.0367647058823529,0,
2122026,BA.2_0.05_abundance_0.2,G14268T;A14317G;T14361C;T14378C;T14389C;C14403G;C14408T;G14419A;C14422G;A14470T;G14495C,ORF1b:T267T;ORF1b:T284A;ORF1b:I298I;ORF1b:F304S;ORF1b:F308L;ORF1b:F312L;ORF1b:P314L;ORF1b:G318R;ORF1b:P319A;ORF1b:T335S;ORF1b:G343A,12,287,0.0418118466898954,0,
2122026,BA.2_0.05_abundance_0.2,T15551G;A15564T;A15612C;C15631A;A15639C;G15644A;T15674C;C15714T;T15726C;A15740T;C15746A;T15756G;T15801A;T15815G;T15816C;T15817G;A15820T,ORF1b:V695G;ORF1b:L699F;ORF1b:Q715H;ORF1b:L722I;ORF1b:R724S;ORF1b:R726K;ORF1b:F736S;ORF1b:L749L;ORF1b:A753A;ORF1b:N758I;ORF1b:T760N;ORF1b:S763S;ORF1b:Y778*;ORF1b:V783G;ORF1b:V783V;ORF1b:F784V;ORF1b:M785L,80,2780,0.0287769784172661,0,
2122026,BA.2_0.05_abundance_0.2,A15861G;C15904T;T15927C;G15955T;G15995C;G16027T;T16029A;T16074A;A16105G;C16134A;T16147A;T16155C,ORF1b:K798K;ORF1b:Q813*;ORF1b:L820L;ORF1b:G830W;ORF1b:G843A;ORF1b:A854S;ORF1b:A854A;ORF1b:A869A;ORF1b:R880G;ORF1b:H889Q;ORF1b:Y894N;ORF1b:V896V,6,354,0.0169491525423728,0,
2122026,BA.2_0.05_abundance_0.2,C15904T;T15927C;G15955T;G15995C;G16027T;T16029A;T16074A;A16105G;C16134A;T16147A;T16155C,ORF1b:Q813*;ORF1b:L820L;ORF1b:G830W;ORF1b:G843A;ORF1b:A854S;ORF1b:A854A;ORF1b:A869A;ORF1b:R880G;ORF1b:H889Q;ORF1b:Y894N;ORF1b:V896V,24,1336,0.0179640718562874,0,
2122026,BA.2_0.05_abundance_0.2,C15904T;T15927C;G15955T;G15995C;G16027T;T16029A;T16074A;A16105G;C16134A;T16147A;T16155C;A16172C,ORF1b:Q813*;ORF1b:L820L;ORF1b:G830W;ORF1b:G843A;ORF1b:A854S;ORF1b:A854A;ORF1b:A869A;ORF1b:R880G;ORF1b:H889Q;ORF1b:Y894N;ORF1b:V896V;ORF1b:N902T,5,392,0.0127551020408163,0,
2122026,BA.2_0.05_abundance_0.2,A16566T;C16667G,ORF1b:A1033A;ORF1b:T1067R,12,77,0.1558441558441558,0,
2122026,BA.2_0.05_abundance_0.2,T16778G;A16804C;T16809C;A16819C;A16824T;G16855C;T16863C;T16884G;A16889C;A16895C;T16911A;T16926C;T16931G;C16952A;C16961T;C17028T;T17052A;A17063G;A17101G,ORF1b:V1104G;ORF1b:N1113H;ORF1b:S1114S;ORF1b:I1118L;ORF1b:G1119G;ORF1b:D1130H;ORF1b:V1132V;ORF1b:T1139T;ORF1b:K1141T;ORF1b:N1143T;ORF1b:F1148L;ORF1b:H1153H;ORF1b:V1155G;ORF1b:T1162K;ORF1b:P1165L;ORF1b:S1187S;ORF1b:V1195V;ORF1b:K1199R;ORF1b:S1212G,11,361,0.0304709141274238,0,
2122026,BA.2_0.05_abundance_0.2,A16804C;T16809C;A16819C;A16824T;G16855C;T16863C;T16884G;A16889C;A16895C;T16911A;T16926C;T16931G;C16952A;C16961T;C17028T;T17052A;A17063G;A17101G,ORF1b:N1113H;ORF1b:S1114S;ORF1b:I1118L;ORF1b:G1119G;ORF1b:D1130H;ORF1b:V1132V;ORF1b:T1139T;ORF1b:K1141T;ORF1b:N1143T;ORF1b:F1148L;ORF1b:H1153H;ORF1b:V1155G;ORF1b:T1162K;ORF1b:P1165L;ORF1b:S1187S;ORF1b:V1195V;ORF1b:K1199R;ORF1b:S1212G,80,2653,0.0301545420278929,0,
2122026,BA.2_0.05_abundance_0.2,A16804C;T16809C;A16819C;A16824T;G16855C;T16863C;T16884G;A16889C;A16895C;T16911A;T16926C;T16931G;C16952A;C16961T;C17028T;T17052A;A17063G;A17101G;G17117T;C17119T,ORF1b:N1113H;ORF1b:S1114S;ORF1b:I1118L;ORF1b:G1119G;ORF1b:D1130H;ORF1b:V1132V;ORF1b:T1139T;ORF1b:K1141T;ORF1b:N1143T;ORF1b:F1148L;ORF1b:H1153H;ORF1b:V1155G;ORF1b:T1162K;ORF1b:P1165L;ORF1b:S1187S;ORF1b:V1195V;ORF1b:K1199R;ORF1b:S1212G;ORF1b:G1217V;ORF1b:L1218L,5,368,0.0135869565217391,0,
2122026,BA.2_0.05_abundance_0.2,A17101G;G17117T;C17119T;T17126C;G17162A;T17166C;T17169A;A17199C;T17210C;T17255A;T17263A;A17270G;A17294G;A17300G;T17306C;G17320A;G17331A;A17332T;G17334C;T17353A;G17359C;T17400G;C17410T,ORF1b:S1212G;ORF1b:G1217V;ORF1b:L1218L;ORF1b:L1220P;ORF1b:C1232Y;ORF1b:S1233S;ORF1b:H1234Q;ORF1b:A1244A;ORF1b:L1248S;ORF1b:V1263E;ORF1b:F1266I;ORF1b:K1268R;ORF1b:E1276G;ORF1b:Y1278C;ORF1b:F1280S;ORF1b:A1285T;ORF1b:E1288E;ORF1b:T1289S;ORF1b:T1289T;ORF1b:F1296I;ORF1b:E1298Q;ORF1b:N1311K;ORF1b:R1315C,18,1144,0.0157342657342657,0,
2122026,BA.2_0.05_abundance_0.2,A17101G;G17117T;C17119T;T17126C;G17162A;T17166C;T17169A;A17199C;T17210C;T17255A;T17263A;A17270G;A17294G;A17300G;T17306C;G17320A;G17331A;A17332T;G17334C;T17353A;G17359C;T17400G;C17410T;T17415A,ORF1b:S1212G;ORF1b:G1217V;ORF1b:L1218L;ORF1b:L1220P;ORF1b:C1232Y;ORF1b:S1233S;ORF1b:H1234Q;ORF1b:A1244A;ORF1b:L1248S;ORF1b:V1263E;ORF1b:F1266I;ORF1b:K1268R;ORF1b:E1276G;ORF1b:Y1278C;ORF1b:F1280S;ORF1b:A1285T;ORF1b:E1288E;ORF1b:T1289S;ORF1b:T1289T;ORF1b:F1296I;ORF1b:E1298Q;ORF1b:N1311K;ORF1b:R1315C;ORF1b:A1316A,6,457,0.0131291028446389,0,
2122026,BA.2_0.05_abundance_0.2,G17218A;C17410T,ORF1b:D1251N;ORF1b:R1315C,305,3092,0.0986416558861578,90,BF.7:25;BA.2.12.1:3;BA.5.2.1:15;BA.2.65:1;BA.5.2:7;BA.2.7:1;BA.2:18;BF.10:1;BA.2.74:1;BA.5.1:5;CQ.2:1;BA.2.75:4;BA.5.5:1;BA.2.10.1:1;DJ.1.1:1;BA.5.1.25:1;BA.5.2.12:1;BA.5:1;BF.5:1;BA.5.1.1:1
2122026,BA.2_0.05_abundance_0.2,G17218A;G17334C;C17410T,ORF1b:D1251N;ORF1b:T1289T;ORF1b:R1315C,320,3092,0.1034928848641656,0,
2122026,BA.2_0.05_abundance_0.2,G17218A;G17334C,ORF1b:D1251N;ORF1b:T1289T,199,4827,0.0412264346384918,0,
2122026,BA.2_0.05_abundance_0.2,G17334C;C17410T,ORF1b:T1289T;ORF1b:R1315C,1184,3093,0.3827998706757193,9,BA.2.9:1;BA.4.1:2;BA.2:2;BA.5.1:1;BA.2.12.1:1;BQ.1.1:1;BE.1.1.1:1
2122026,BA.2_0.05_abundance_0.2,G17749C;G17753T;A17775T;A17791T;T17812A;G17815T;A17823G;A17853C;T17859A;A17889T;A17984T,ORF1b:A1428P;ORF1b:W1429L;ORF1b:S1436S;ORF1b:N1442Y;ORF1b:L1449M;ORF1b:G1450*;ORF1b:P1452P;ORF1b:S1462S;ORF1b:Y1464*;ORF1b:E1474D;ORF1b:D1506V,11,254,0.0433070866141732,0,
2122026,BA.2_0.05_abundance_0.2,T18132C;A18163G,ORF1b:T1555T;ORF1b:I1566V,112,1239,0.0903954802259887,352,BA.5.1.27:1;BA.5.2:36;BF.11.4:34;BA.1:11;BA.1.1:44;BA.5.3.4:1;BA.2:99;BA.2.3.13:1;BA.2.12.1:21;BA.1.15:7;BE.1.1:1;BA.1.17.2:5;BA.1.1.1:3;BA.2.3:3;BF.27:2;BA.5.2.1:4;BA.4.2:5;BA.4.1:3;BA.5.1:9;BA.1.17:7;BA.2.75:4;BA.5.1.5:3;BA.1.13.1:1;BA.1.1.16:1;BA.5.2.7:2;BA.4.6:4;BA.5.1.24:2;BA.1.15.1:3;BA.5.6:1;BQ.1:3;XBB:1;BA.2.2:1;BE.1.1.2:3;BE.4:3;BA.2.3.7:1;BA.1.1.18:2;BA.4.6.5:20
2122026,BA.2_0.05_abundance_0.2,G18968A;A18969G;A18982G;T19016G;G19056A;A19073G;G19086A;T19110A;A19116G;A19123T;A19134G;T19139C;T19146G;T19149C,ORF1b:R1834K;ORF1b:R1834R;ORF1b:M1839V;ORF1b:F1850C;ORF1b:K1863K;ORF1b:D1869G;ORF1b:K1873K;ORF1b:S1881R;ORF1b:K1883K;ORF1b:K1886*;ORF1b:E1889E;ORF1b:F1891S;ORF1b:S1893S;ORF1b:Y1894Y,18,592,0.0304054054054054,0,
2122026,BA.2_0.05_abundance_0.2,T19587A;A19626C;A19631C;T19691A;A19758C;A19762C;C19803A;A19812G;G19825C;A19831T;G19870A;C19884G,ORF1b:T2040T;ORF1b:L2053F;ORF1b:N2055T;ORF1b:V2075D;ORF1b:K2097N;ORF1b:T2099P;ORF1b:R2112R;ORF1b:K2115K;ORF1b:V2120L;ORF1b:I2122L;ORF1b:V2135M;ORF1b:Y2139*,14,299,0.0468227424749163,0,
2122026,BA.2_0.05_abundance_0.2,A19626C;A19631C;T19691A;A19758C;A19762C;C19803A;A19812G;G19825C;A19831T;G19870A;C19884G,ORF1b:L2053F;ORF1b:N2055T;ORF1b:V2075D;ORF1b:K2097N;ORF1b:T2099P;ORF1b:R2112R;ORF1b:K2115K;ORF1b:V2120L;ORF1b:I2122L;ORF1b:V2135M;ORF1b:Y2139*,10,517,0.0193423597678916,0,
2122026,BA.2_0.05_abundance_0.2,G20518A;G20548A;T20563A;T20570C;T20573G;T20579G;T20606G;T20609A;G20616T;G20618A;T20625G;C20629T;C20646A;T20671C;T20690G;G20691C;T20701G;A20711G;T20717A;T20723C;A20744T;A20766G;C20790T,ORF1b:D2351N;ORF1b:D2361N;ORF1b:S2366T;ORF1b:V2368A;ORF1b:V2369G;ORF1b:V2371G;ORF1b:F2380C;ORF1b:M2381K;ORF1b:W2383C;ORF1b:C2384Y;ORF1b:D2386E;ORF1b:H2388Y;ORF1b:Y2393*;ORF1b:W2402R;ORF1b:M2408R;ORF1b:M2408I;ORF1b:Y2412D;ORF1b:Q2415R;ORF1b:M2417K;ORF1b:L2419S;ORF1b:N2426I;ORF1b:L2433L;ORF1b:V2441V,17,553,0.0307414104882459,0,
2122026,BA.2_0.05_abundance_0.2,T20955A;A21022G,ORF1b:D2496E;ORF1b:N2519D,8,700,0.0114285714285714,0,
2122026,BA.2_0.05_abundance_0.2,T21702C;A21720T;T21756A;A21768C;G21795C;T21818C;C21843A;A21858G;G21869C;G21873T;A21875G;C21904G;C21910T;A21913T;A21917T;A21923C;T21937C;C21962A;G21987A,S:V47A;S:D53V;S:F65Y;S:H69P;S:R78T;S:F86L;S:S94Y;S:N99S;S:G103R;S:W104L;S:I105V;S:T114T;S:S116S;S:L117L;S:I119F;S:N121H;S:N125N;S:Q134K;S:G142D,38,1614,0.023543990086741,0,
2122026,BA.2_0.05_abundance_0.2,T21702C;A21720T;T21756A;A21768C;G21795C;T21818C;C21843A;A21858G;G21869C;G21873T;A21875G;C21904G;C21910T;A21913T;A21917T;A21923C;T21937C;C21962A;G21987A;A22002T,S:V47A;S:D53V;S:F65Y;S:H69P;S:R78T;S:F86L;S:S94Y;S:N99S;S:G103R;S:W104L;S:I105V;S:T114T;S:S116S;S:L117L;S:I119F;S:N121H;S:N125N;S:Q134K;S:G142D;S:K147I,12,398,0.0301507537688442,0,
2122026,BA.2_0.05_abundance_0.2,T22200G;T22230C,S:V213G;S:L223S,68,80,0.85,1,BA.5.2.6:1
2122026,BA.2_0.05_abundance_0.2,T23159G;A23403G,S:L533V;S:D614G,368,1259,0.2922954725972994,19,B.1.617.2:1;AY.119:2;BA.2:2;AY.24:1;B.1.1.7:2;AY.39:9;AY.53:1;B.1.362:1
2122026,BA.2_0.05_abundance_0.2,T23159G;C23361A;A23403G,S:L533V;S:P600Q;S:D614G,37,1259,0.0293884034948371,0,
2122026,BA.2_0.05_abundance_0.2,C23361A;A23403G,S:P600Q;S:D614G,263,3108,0.0846203346203346,3,BA.4.6:2;BA.1.17.2:1
2122026,BA.2_0.05_abundance_0.2,T23507A;C23525T;A23566C;A23570G;T23599G;C23604A;G23628A;A23665C;A23670C;G23675A;T23680G,S:C649S;S:H655Y;S:A668A;S:I670V;S:N679K;S:P681H;S:S689N;S:A701A;S:N703T;S:V705I;S:A706A,6,183,0.0327868852459016,0,
2122026,BA.2_0.05_abundance_0.2,A23920T;G23948T,S:K786N;S:D796Y,55,393,0.1399491094147582,1,BA.2.75:1
2122026,BA.2_0.05_abundance_0.2,A23920T;G23948T;T24028C,S:K786N;S:D796Y;S:L822L,89,393,0.2264631043256997,0,
2122026,BA.2_0.05_abundance_0.2,G23948T;T24028C,S:D796Y;S:L822L,161,393,0.4096692111959287,191,BA.5.2:39;BA.5.3:1;BA.5.2.1:3;BF.7:2;BA.1.17.2:3;BA.2.3:19;BA.5.1.3:9;BA.2:31;BE.4:1;BA.2.12.1:4;BA.5.1:31;BA.1.1:12;BA.1:11;XBB.1.4.1:1;BE.1:1;BA.5.2.20:1;BA.4.1.4:2;BA.5.5:2;BA.1.1.18:2;BA.2.9:4;BQ.1.1:2;BA.2.9.5:2;BA.5.2.13:1;BQ.1.1.3:1;BA.1.15:1;BA.2.10.1:2;BA.5.2.16:1;BF.10:1;BA.1.15.1:1
2122026,BA.2_0.05_abundance_0.2,C24270A;A24424T,S:A903D;S:Q954H,30,994,0.0301810865191146,0,
2122026,BA.2_0.05_abundance_0.2,G24740C;G24757C;C24801G;A24820T;T24829A;A24860G;A24874C;C24878G;T24887G;A24894G;T24906G;G24933A;A24950G;T24951G;C24964G;C24986T;C25000T,S:V1060L;S:V1065V;S:A1080G;S:K1086N;S:F1089L;S:T1100A;S:V1104V;S:Q1106E;S:F1109V;S:E1111G;S:I1115S;S:G1124D;S:I1130V;S:I1130R;S:N1134K;S:Q1142*;S:D1146D,120,3617,0.0331766657450926,0,
2122026,BA.2_0.05_abundance_0.2,A24780T;C25000T,S:K1073M;S:D1146D,662,3670,0.1803814713896457,11,BA.2:2;BA.1.1:1;BA.5.1:2;BA.5.5:2;BA.2.10:1;BA.5.6:1;BQ.1:1;BA.5:1
2122026,BA.2_0.05_abundance_0.2,G25311T;T25319C;G25331T;T25343C;A25360C;A25367G;T25414C;T25461A;A25462C;C25584T;T25633A,S:C1250F;S:C1253R;S:D1257Y;S:S1261P;S:K1266N;S:K1269E;ORF3a:F8L;ORF3a:A23A;ORF3a:T24P;ORF3a:T64T;ORF3a:C81S,17,404,0.042079207920792,0,
2122026,BA.2_0.05_abundance_0.2,G25311T;T25319C;G25331T;T25343C;A25360C;A25367G;T25414C;T25461A;A25462C;C25584T,S:C1250F;S:C1253R;S:D1257Y;S:S1261P;S:K1266N;S:K1269E;ORF3a:F8L;ORF3a:A23A;ORF3a:T24P;ORF3a:T64T,10,766,0.0130548302872062,0,
2122026,BA.2_0.05_abundance_0.2,T25319C;G25331T;T25343C;A25360C;A25367G;T25414C;T25461A;A25462C;C25584T;T25633A,S:C1253R;S:D1257Y;S:S1261P;S:K1266N;S:K1269E;ORF3a:F8L;ORF3a:A23A;ORF3a:T24P;ORF3a:T64T;ORF3a:C81S,35,1411,0.0248051027639971,0,
2122026,BA.2_0.05_abundance_0.2,T25319C;G25331T;T25343C;A25360C;A25367G;T25414C;T25461A;A25462C;C25584T,S:C1253R;S:D1257Y;S:S1261P;S:K1266N;S:K1269E;ORF3a:F8L;ORF3a:A23A;ORF3a:T24P;ORF3a:T64T,32,2700,0.0118518518518518,0,
2122026,BA.2_0.05_abundance_0.2,T25633A;C25701G;T25713G;G25753C;C25824A;A25826C;C25840G;T25861C,ORF3a:C81S;ORF3a:A103A;ORF3a:Y107*;ORF3a:V121L;ORF3a:N144K;ORF3a:Y145S;ORF3a:H150D;ORF3a:C157R,5,81,0.0617283950617283,0,
2122026,BA.2_0.05_abundance_0.2,C25701G;T25713G;G25753C;C25824A;A25826C;C25840G;T25861C,ORF3a:A103A;ORF3a:Y107*;ORF3a:V121L;ORF3a:N144K;ORF3a:Y145S;ORF3a:H150D;ORF3a:C157R,11,436,0.0252293577981651,0,
2122026,BA.2_0.05_abundance_0.2,A26174T;C26270T,ORF3a:E261V;E:T9I,9,94,0.0957446808510638,14,BA.1.1.1:1;BL.3:1;BA.1.1:3;BA.1.17.2:5;BA.2:1;BA.1.17:1;BA.2.12.1:1;BA.2.3:1
2122026,BA.2_0.05_abundance_0.2,C26577G;A26702C;G26709A;C26858T,M:Q19E;M:V60V;M:A63T;M:F112F,299,2100,0.1423809523809523,3,BA.4.1:1;BA.2.12.1:1;BA.2:1
2122026,BA.2_0.05_abundance_0.2,C26577G;A26702C;G26709A,M:Q19E;M:V60V;M:A63T,26,2378,0.0109335576114381,4,BA.4.1:1;BA.1.1:1;BA.2.12.1:1;BA.2:1
2122026,BA.2_0.05_abundance_0.2,C27208A;G27225T;A27246C;A27259C;G27261C;C27263T;G27281A;T27291G;T27296G;A27317T;A27321C;G27327T;T27328G;A27359G;A27372G;G27382C;A27383T;T27384C;A27399G;G27420A;C27427A;G27430T;C27434A;T27483G,ORF6:H3N;ORF6:Q8H;ORF6:L15F;ORF6:R20R;ORF6:R20S;ORF6:T21I;ORF6:W27*;ORF6:D30E;ORF6:I32S;ORF6:N39I;ORF6:L40F;ORF6:K42N;ORF6:S43A;ORF6:D53G;ORF6:P57P;ORF6:D61H;ORF6:D61V;ORF6:D61D;ORF7a:K2K;ORF7a:L9L;ORF7a:L12I;ORF7a:A13S;ORF7a:T14N;ORF7a:L30L,29,1324,0.0219033232628398,0,
2122026,BA.2_0.05_abundance_0.2,A27259C;T27318G;G27382C;A27383T;T27384C,ORF6:R20R;ORF6:N39K;ORF6:D61H;ORF6:D61V;ORF6:D61D,152,1517,0.1001977587343441,2,BA.2:1;XAG:1
2122026,BA.2_0.05_abundance_0.2,A27259C;T27318G,ORF6:R20R;ORF6:N39K,21,1635,0.0128440366972477,6,BA.2:1;BA.1.15:1;BA.1.19:1;BA.1.1:2;XAG:1
2122026,BA.2_0.05_abundance_0.2,G28179C;C28311T,ORF8:G96R;N:P13L,209,1542,0.1355382619974059,30,BA.1.1.18:1;BA.1.1:11;BA.2.75:2;BA.1:6;BA.5.2:2;BA.2.9:1;BE.1.1:3;BA.1.20:1;BN.1.4:1;BA.1.15:2
2122026,BA.2_0.05_abundance_0.2,C28439T;A28446G;C28491A;C28500T;G28514T;T28524C;C28528T;T28529G;A28547T;G28548C;T28561A;T28635C;T28636C;A28652G,N:L56F;N:Q58R;N:P73Q;N:T76I;N:D81Y;N:I84T;N:G85G;N:Y86D;N:R92*;N:R92T;N:G96G;N:L121P;N:L121L;N:K127E,8,375,0.0213333333333333,0,
2122026,BA.2_0.05_abundance_0.2,A29016T;G29030T;T29036G;C29048G;G29058T;A29078G;A29089G;C29091A;C29118G;G29156A;C29187A;T29194G;G29202A;G29240C;A29241G;G29254T;C29259T;T29264A;T29293G;C29304G;A29313C;C29318A;A29319T;C29330G;T29335A,N:K248M;N:E253*;N:S255A;N:R259G;N:R262L;N:N269D;N:Q272Q;N:A273D;N:T282S;N:G295R;N:A305E;N:F307L;N:S310N;N:E323Q;N:E323G;N:S327S;N:T329M;N:L331M;N:D340E;N:P344R;N:K347T;N:Q349K;N:Q349L;N:L353V;N:N354K,5,274,0.0182481751824817,0,
2122026,BA.2_0.05_abundance_0.2,G29030T;T29036G;C29048G;G29058T;A29078G;A29089G;C29091A;C29118G;G29156A;C29187A;T29194G;G29202A;G29240C;A29241G;G29254T;C29259T;T29264A;T29293G;C29304G;A29313C;C29318A;A29319T;C29330G;T29335A,N:E253*;N:S255A;N:R259G;N:R262L;N:N269D;N:Q272Q;N:A273D;N:T282S;N:G295R;N:A305E;N:F307L;N:S310N;N:E323Q;N:E323G;N:S327S;N:T329M;N:L331M;N:D340E;N:P344R;N:K347T;N:Q349K;N:Q349L;N:L353V;N:N354K,43,1557,0.0276172125883108,0,
2122026,BA.2_0.05_abundance_0.2,T29479C;A29510C,N:D402D;N:S413R,30,86,0.3488372093023256,355,BA.2.12.1:132;BA.4:1;BA.5.1.3:2;BA.4.1:13;BA.5.2.1:10;BA.5.2:6;BA.2.3:3;BA.5.5:6;BA.2:100;BA.2.9:17;BA.5.2.18:6;BA.5.1:10;BA.4.2:4;BA.2.75:9;BA.2.38:1;XBB.1:1;BA.5:1;BA.2.73:1;BF.7.6:2;BF.5:7;BA.4.6:2;BA.2.3.13:2;BA.2.52:1;BA.2.47:3;BA.2.56:4;BA.2.10.1:2;BA.2.81:1;BQ.1.1:2;BA.2.65:1;BA.2.12:1;CM.2.1:1;BA.4.1.4:1;BA.5.1.23:1;BA.2.5:1
2192026,BA.2_0.05_abundance_0.2,G269C;A297C;C307A;T312A;T334C;C344T;G353C;G359T,ORF1a:E2Q;ORF1a:K11T;ORF1a:V14V;ORF1a:L16H;ORF1a:V23V;ORF1a:L27F;ORF1a:G30R;ORF1a:G32*,5,266,0.018796992481203,0,
2192026,BA.2_0.05_abundance_0.2,G269C;A297C;C307A;T312A;T334C;C344T;G353C;G359T;T369G,ORF1a:E2Q;ORF1a:K11T;ORF1a:V14V;ORF1a:L16H;ORF1a:V23V;ORF1a:L27F;ORF1a:G30R;ORF1a:G32*;ORF1a:V35G,15,189,0.0793650793650793,0,
2192026,BA.2_0.05_abundance_0.2,C344T;G353C;G359T;T369G;C449T;G470T;G483C;G524T;G542T;G564C;T580G;C609T;A610C;G636A;A647C;A655T;T658C;T670G,ORF1a:L27F;ORF1a:G30R;ORF1a:G32*;ORF1a:V35G;ORF1a:P62S;ORF1a:V69L;ORF1a:R73P;ORF1a:E87*;ORF1a:E93*;ORF1a:S100T;ORF1a:G105G;ORF1a:P115L;ORF1a:P115P;ORF1a:R124H;ORF1a:N128H;ORF1a:G130G;ORF1a:A131A;ORF1a:S135R,9,129,0.0697674418604651,0,
2192026,BA.2_0.05_abundance_0.2,G353C;G359T;T369G;C449T;G470T;G483C;G524T;G542T;G564C;T580G;C609T;A610C;G636A;A647C;A655T;T658C;T670G,ORF1a:G30R;ORF1a:G32*;ORF1a:V35G;ORF1a:P62S;ORF1a:V69L;ORF1a:R73P;ORF1a:E87*;ORF1a:E93*;ORF1a:S100T;ORF1a:G105G;ORF1a:P115L;ORF1a:P115P;ORF1a:R124H;ORF1a:N128H;ORF1a:G130G;ORF1a:A131A;ORF1a:S135R,20,480,0.0416666666666666,0,
2192026,BA.2_0.05_abundance_0.2,G359T;T369G;C449T;G470T;G483C;G524T;G542T;G564C;T580G;C609T;A610C;G636A;A647C;A655T;T658C;T670G,ORF1a:G32*;ORF1a:V35G;ORF1a:P62S;ORF1a:V69L;ORF1a:R73P;ORF1a:E87*;ORF1a:E93*;ORF1a:S100T;ORF1a:G105G;ORF1a:P115L;ORF1a:P115P;ORF1a:R124H;ORF1a:N128H;ORF1a:G130G;ORF1a:A131A;ORF1a:S135R,58,1295,0.0447876447876447,0,
2192026,BA.2_0.05_abundance_0.2,T369G;C449T;G470T;G483C;G524T;G542T;G564C;T580G;C609T;A610C;G636A;A647C;A655T;T658C;T670G,ORF1a:V35G;ORF1a:P62S;ORF1a:V69L;ORF1a:R73P;ORF1a:E87*;ORF1a:E93*;ORF1a:S100T;ORF1a:G105G;ORF1a:P115L;ORF1a:P115P;ORF1a:R124H;ORF1a:N128H;ORF1a:G130G;ORF1a:A131A;ORF1a:S135R,62,2220,0.0279279279279279,0,
2192026,BA.2_0.05_abundance_0.2,T670G;A785G,ORF1a:S135R;ORF1a:M174V,36,216,0.1666666666666666,62,BA.5.1.22:9;BA.4.1:1;BA.5.2.1:4;BA.2:23;BA.5.6:4;BF.5:2;BA.2.3:2;BA.5.2:1;BA.2.9:1;BA.5.1:2;BA.2.12.1:2;BF.6:1;BF.2:2;BF.1:1;BA.2.10:1;BA.4:3;BQ.1.1.22:1;BA.5.2.12:1;BF.26:1
2192026,BA.2_0.05_abundance_0.2,T1623A;C1628A;A1629T;A1644G;A1646C;A1731C;T1745C;G1782C;G1784C;G1827A;A1829G;A1849T;A1852T;C1878G;G1883A,ORF1a:I453K;ORF1a:Q455K;ORF1a:Q455L;ORF1a:N460S;ORF1a:I461L;ORF1a:E489A;ORF1a:L494L;ORF1a:C506S;ORF1a:G507R;ORF1a:W521*;ORF1a:N522D;ORF1a:S528S;ORF1a:I529I;ORF1a:S538*;ORF1a:A540T,92,2234,0.0411817367949865,0,
2192026,BA.2_0.05_abundance_0.2,T1623A;C1628A;A1629T;A1644G;A1646C;A1680T;A1731C;T1745C;G1782C;G1784C;G1827A;A1829G;A1849T;A1852T;C1878G;G1883A,ORF1a:I453K;ORF1a:Q455K;ORF1a:Q455L;ORF1a:N460S;ORF1a:I461L;ORF1a:E472V;ORF1a:E489A;ORF1a:L494L;ORF1a:C506S;ORF1a:G507R;ORF1a:W521*;ORF1a:N522D;ORF1a:S528S;ORF1a:I529I;ORF1a:S538*;ORF1a:A540T,27,2234,0.0120859444941808,0,
2192026,BA.2_0.05_abundance_0.2,C2245T;T2307A;A2345T;A2367G;C2371A;A2430G;A2437C;G2447T;A2452T;C2453A;A2483G;G2494A;A2543T,ORF1a:V660V;ORF1a:L681H;ORF1a:I694F;ORF1a:K701R;ORF1a:A702A;ORF1a:K722R;ORF1a:R724S;ORF1a:G728C;ORF1a:L729L;ORF1a:L730I;ORF1a:I740V;ORF1a:E743E;ORF1a:T760S,52,1560,0.0333333333333333,0,
2192026,BA.2_0.05_abundance_0.2,C2245T;T2307A;A2345T;A2367G;C2371A;A2430G;A2437C;G2447T;A2452T;C2453A;A2483G;G2494A;A2543T;A2554T,ORF1a:V660V;ORF1a:L681H;ORF1a:I694F;ORF1a:K701R;ORF1a:A702A;ORF1a:K722R;ORF1a:R724S;ORF1a:G728C;ORF1a:L729L;ORF1a:L730I;ORF1a:I740V;ORF1a:E743E;ORF1a:T760S;ORF1a:L763F,28,566,0.0494699646643109,0,
2192026,BA.2_0.05_abundance_0.2,A3186G;G3239C;T3265C;A3273G;A3277T;T3282G;T3283G;G3320A;A3341C;G3345C;A3357C;A3374C;A3381C;G3410C;C3426T;A3428T,ORF1a:E974G;ORF1a:D992H;ORF1a:T1000T;ORF1a:Q1003R;ORF1a:T1004T;ORF1a:V1006G;ORF1a:V1006V;ORF1a:V1019I;ORF1a:N1026H;ORF1a:S1027T;ORF1a:Y1031S;ORF1a:N1037H;ORF1a:Y1039S;ORF1a:A1049P;ORF1a:P1054L;ORF1a:T1055S,10,182,0.0549450549450549,0,
2192026,BA.2_0.05_abundance_0.2,C4698T;C4780G;T4813C;G4854C;G4881C;T4924A;G4925C;T4933A;T4946A;A4956T,ORF1a:S1478F;ORF1a:I1505M;ORF1a:Y1516Y;ORF1a:R1530T;ORF1a:S1539T;ORF1a:F1553L;ORF1a:D1554H;ORF1a:L1556L;ORF1a:S1561T;ORF1a:E1564V,19,471,0.0403397027600849,0,
2192026,BA.2_0.05_abundance_0.2,G5625C;T5635G;G5708C;T5732A;G5750A;C5832G;T5854G;T5860G;G5861A;T5864G;T5909A,ORF1a:C1787S;ORF1a:G1790G;ORF1a:E1815Q;ORF1a:C1823S;ORF1a:G1829S;ORF1a:S1856C;ORF1a:I1863M;ORF1a:D1865E;ORF1a:V1866I;ORF1a:F1867V;ORF1a:Y1882N,51,1001,0.0509490509490509,0,
2192026,BA.2_0.05_abundance_0.2,T5909A;T5928C;G5936T;C6005A;A6030T;G6056A;G6077A;A6081T;T6087C;A6133T;A6182T,ORF1a:Y1882N;ORF1a:V1888A;ORF1a:E1891*;ORF1a:L1914I;ORF1a:N1922I;ORF1a:V1931I;ORF1a:A1938T;ORF1a:D1939V;ORF1a:L1941S;ORF1a:K1956N;ORF1a:K1973*,25,510,0.0490196078431372,0,
2192026,BA.2_0.05_abundance_0.2,G6245T;A6276G;G6288A;T6298C;C6312G;A6325C;A6360C;A6425C;A6426G;A6466G;T6478G;T6489A;T6490A;A6493C,ORF1a:V1994F;ORF1a:K2004R;ORF1a:W2008*;ORF1a:R2011R;ORF1a:T2016R;ORF1a:E2020D;ORF1a:D2032A;ORF1a:N2054H;ORF1a:N2054S;ORF1a:K2067K;ORF1a:V2071V;ORF1a:I2075N;ORF1a:I2075I;ORF1a:I2076I,67,1324,0.0506042296072507,0,
2192026,BA.2_0.05_abundance_0.2,T7075C;C7119G;T7141G;T7147C;T7168A;C7195G;A7208C;A7210C;T7226C;T7227C;T7228A;T7305C;T7341A;A7358G,ORF1a:Y2270Y;ORF1a:S2285C;ORF1a:L2292L;ORF1a:G2294G;ORF1a:Y2301*;ORF1a:T2310T;ORF1a:K2315Q;ORF1a:K2315N;ORF1a:F2321L;ORF1a:F2321S;ORF1a:F2321L;ORF1a:M2347T;ORF1a:I2359N;ORF1a:M2365V,9,136,0.0661764705882353,0,
2192026,BA.2_0.05_abundance_0.2,T7341A;A7358G;T7425A;T7438A;A7448C;C7485G;C7518A;G7526A;A7548C;T7554G;G7561A;T7566G;T7576C;C7578A,ORF1a:I2359N;ORF1a:M2365V;ORF1a:F2387Y;ORF1a:Y2391*;ORF1a:K2395Q;ORF1a:S2407*;ORF1a:A2418E;ORF1a:V2421I;ORF1a:N2428T;ORF1a:V2430G;ORF1a:R2432R;ORF1a:F2434C;ORF1a:Y2437Y;ORF1a:A2438D,13,213,0.0610328638497652,0,
2192026,BA.2_0.05_abundance_0.2,A7358G;T7425A;T7438A;A7448C;C7485G;C7518A;G7526A;A7548C;T7554G;G7561A;T7566G;T7576C;C7578A,ORF1a:M2365V;ORF1a:F2387Y;ORF1a:Y2391*;ORF1a:K2395Q;ORF1a:S2407*;ORF1a:A2418E;ORF1a:V2421I;ORF1a:N2428T;ORF1a:V2430G;ORF1a:R2432R;ORF1a:F2434C;ORF1a:Y2437Y;ORF1a:A2438D,24,528,0.0454545454545454,0,
2192026,BA.2_0.05_abundance_0.2,C8318G;T8328G;A8343C;C8354A;A8360C;T8361C;T8439G;T8477G;T8484C;A8492G;C8493T;T8562G;A8565C;T8603G,ORF1a:P2685A;ORF1a:L2688R;ORF1a:D2693A;ORF1a:R2697S;ORF1a:I2699L;ORF1a:I2699T;ORF1a:L2725R;ORF1a:L2738V;ORF1a:F2740S;ORF1a:T2743A;ORF1a:T2743I;ORF1a:V2766G;ORF1a:N2767T;ORF1a:F2780V,12,523,0.022944550669216,0,
2192026,BA.2_0.05_abundance_0.2,C8318G;T8328G;A8343C;C8354A;A8360C;T8361C;T8439G;C8441G;T8477G;T8484C;A8492G;C8493T;T8562G;A8565C;T8603G,ORF1a:P2685A;ORF1a:L2688R;ORF1a:D2693A;ORF1a:R2697S;ORF1a:I2699L;ORF1a:I2699T;ORF1a:L2725R;ORF1a:R2726G;ORF1a:L2738V;ORF1a:F2740S;ORF1a:T2743A;ORF1a:T2743I;ORF1a:V2766G;ORF1a:N2767T;ORF1a:F2780V,22,523,0.0420650095602294,0,
2192026,BA.2_0.05_abundance_0.2,C8441G;A8519C,ORF1a:R2726G;ORF1a:N2752H,207,545,0.3798165137614679,0,
2192026,BA.2_0.05_abundance_0.2,C9344T;A9424G;T9455C;C9534T,ORF1a:L3027F;ORF1a:V3053V;ORF1a:F3064L;ORF1a:T3090I,28,1299,0.0215550423402617,90,BE.1.3:49;BQ.1:4;BA.2.24:1;BA.2.12.1:3;BA.2:3;BE.1.1:8;BA.5.1:5;BA.5.5:1;BA.5.10:1;BA.2.38:10;BA.5.1.1:2;BF.5:1;BA.5.2:2
2192026,BA.2_0.05_abundance_0.2,C9534T;C9638G,ORF1a:T3090I;ORF1a:H3125D,115,1608,0.0715174129353233,0,
2192026,BA.2_0.05_abundance_0.2,A10005G;C10020G;C10029T;T10035G;T10047A;T10049G;G10059T;C10078T;A10090G;C9836G;G9856A;T9860G;A9862G;C9863G;C9866T;A9906T;T9915G;G9921T;C9936A;A9984G,ORF1a:D3247G;ORF1a:P3252R;ORF1a:T3255I;ORF1a:I3257S;ORF1a:V3261D;ORF1a:L3262V;ORF1a:G3265V;ORF1a:F3271F;ORF1a:K3275K;ORF1a:L3191V;ORF1a:V3197V;ORF1a:L3199V;ORF1a:L3199L;ORF1a:P3200A;ORF1a:L3201F;ORF1a:Y3214F;ORF1a:F3217C;ORF1a:G3219V;ORF1a:T3224N;ORF1a:D3240G,9,190,0.0473684210526315,0,
2192026,BA.2_0.05_abundance_0.2,T10391A;T10415A,ORF1a:S3376T;ORF1a:S3384T,11,115,0.0956521739130434,0,
2192026,BA.2_0.05_abundance_0.2,T11046G;T11056C;T11070A;A11085T;T11118G;T11151G;G11222T;G11243A;A11258T;A11277T,ORF1a:L3594*;ORF1a:S3597S;ORF1a:L3602*;ORF1a:Y3607F;ORF1a:I3618S;ORF1a:V3629G;ORF1a:V3653F;ORF1a:V3660M;ORF1a:T3665S;ORF1a:D3671V,110,1941,0.0566718186501803,0,
2192026,BA.2_0.05_abundance_0.2,G11378C;T11429A;T11432G;G11464A;G11483A;C11494T;G11504T;T11517A;C11518T;G11528C;T11539C;T11547C;A11567G,ORF1a:A3705P;ORF1a:Y3722N;ORF1a:Y3723D;ORF1a:M3733I;ORF1a:V3740I;ORF1a:N3743N;ORF1a:V3747L;ORF1a:V3751D;ORF1a:V3751V;ORF1a:A3755P;ORF1a:I3758I;ORF1a:M3761T;ORF1a:I3768V,185,2902,0.063749138525155,0,
2192026,BA.2_0.05_abundance_0.2,G11683T;T11706A;T11729A;A11742T;A11759T;C11785A;T11806A;G11807C;A11827G;G11828A;A11839G;C11844G;A11854G;A11856C;C11866T;A11905G,ORF1a:L3806L;ORF1a:L3814*;ORF1a:Y3822N;ORF1a:Q3826L;ORF1a:K3832*;ORF1a:L3840L;ORF1a:V3847V;ORF1a:G3848R;ORF1a:K3854K;ORF1a:V3855I;ORF1a:V3858V;ORF1a:S3860C;ORF1a:S3863S;ORF1a:D3864A;ORF1a:C3867C;ORF1a:R3880R,10,267,0.0374531835205992,0,
2192026,BA.2_0.05_abundance_0.2,G11683T;T11706A;T11729A;A11742T;A11759T;C11785A;T11806A;G11807C;A11827G;G11828A;A11839G;C11844G;A11854G;A11856C;C11866T,ORF1a:L3806L;ORF1a:L3814*;ORF1a:Y3822N;ORF1a:Q3826L;ORF1a:K3832*;ORF1a:L3840L;ORF1a:V3847V;ORF1a:G3848R;ORF1a:K3854K;ORF1a:V3855I;ORF1a:V3858V;ORF1a:S3860C;ORF1a:S3863S;ORF1a:D3864A;ORF1a:C3867C,7,383,0.0182767624020887,0,
2192026,BA.2_0.05_abundance_0.2,A11905G;A11911T;C11919G;G11944C;G11966T;T12013A;T12017G;A12026T;G12035A;T12039G;C12043A;C12081G;A12103G;T12112A;C12138T;T12142A;T12168G;T12204C;A12206C,ORF1a:R3880R;ORF1a:E3882D;ORF1a:S3885C;ORF1a:Q3893H;ORF1a:A3901S;ORF1a:S3916S;ORF1a:L3918V;ORF1a:M3921L;ORF1a:A3924T;ORF1a:V3925G;ORF1a:D3926E;ORF1a:A3939G;ORF1a:S3946S;ORF1a:S3949R;ORF1a:A3958V;ORF1a:T3959T;ORF1a:V3968G;ORF1a:L3980S;ORF1a:K3981Q,43,1170,0.0367521367521367,0,
2192026,BA.2_0.05_abundance_0.2,A11905G;A11911T;C11919G;G11944C;G11966T;T12013A;T12017G;A12026T;G12035A;T12039G;C12043A;C12081G;A12103G;T12112A;C12138T;T12142A;T12168G;T12204C;A12206C;A12228G,ORF1a:R3880R;ORF1a:E3882D;ORF1a:S3885C;ORF1a:Q3893H;ORF1a:A3901S;ORF1a:S3916S;ORF1a:L3918V;ORF1a:M3921L;ORF1a:A3924T;ORF1a:V3925G;ORF1a:D3926E;ORF1a:A3939G;ORF1a:S3946S;ORF1a:S3949R;ORF1a:A3958V;ORF1a:T3959T;ORF1a:V3968G;ORF1a:L3980S;ORF1a:K3981Q;ORF1a:K3988R,6,61,0.0983606557377049,0,
2192026,BA.2_0.05_abundance_0.2,A11905G;A11911T;C11919G;T11938G;G11944C;G11966T;T12013A;T12017G;A12026T;G12035A;T12039G;C12043A;C12081G;A12103G;T12112A;C12138T;T12142A;T12168G;T12204C;A12206C,ORF1a:R3880R;ORF1a:E3882D;ORF1a:S3885C;ORF1a:C3891W;ORF1a:Q3893H;ORF1a:A3901S;ORF1a:S3916S;ORF1a:L3918V;ORF1a:M3921L;ORF1a:A3924T;ORF1a:V3925G;ORF1a:D3926E;ORF1a:A3939G;ORF1a:S3946S;ORF1a:S3949R;ORF1a:A3958V;ORF1a:T3959T;ORF1a:V3968G;ORF1a:L3980S;ORF1a:K3981Q,12,1170,0.0102564102564102,0,
2192026,BA.2_0.05_abundance_0.2,T12142A;T12168G;T12204C;A12206C;A12228G;T12244G;A12286G;A12316T;T12319G;G12330A;A12335G;G12355A;C12398A;A12414G;C12420A,ORF1a:T3959T;ORF1a:V3968G;ORF1a:L3980S;ORF1a:K3981Q;ORF1a:K3988R;ORF1a:R3993R;ORF1a:Q4007Q;ORF1a:R4017S;ORF1a:S4018S;ORF1a:R4022K;ORF1a:K4024E;ORF1a:Q4030Q;ORF1a:L4045I;ORF1a:N4050S;ORF1a:A4052E,6,160,0.0375,0,
2192026,BA.2_0.05_abundance_0.2,T12168G;T12204C;A12206C;A12228G;T12244G;A12286G;A12316T;T12319G;G12330A;A12335G;G12355A;C12398A;A12414G;C12420A,ORF1a:V3968G;ORF1a:L3980S;ORF1a:K3981Q;ORF1a:K3988R;ORF1a:R3993R;ORF1a:Q4007Q;ORF1a:R4017S;ORF1a:S4018S;ORF1a:R4022K;ORF1a:K4024E;ORF1a:Q4030Q;ORF1a:L4045I;ORF1a:N4050S;ORF1a:A4052E,34,819,0.0415140415140415,0,
2192026,BA.2_0.05_abundance_0.2,T12842A;C12880T,ORF1a:W4193R;ORF1a:I4205I,52,1799,0.0289049471928849,5,B.1:1;BE.1.1:1;BF.28:1;CM.8:1;BE.3:1
2192026,BA.2_0.05_abundance_0.2,T12842A;C12876A;C12880T,ORF1a:W4193R;ORF1a:T4204N;ORF1a:I4205I,26,1799,0.0144524735964424,0,
2192026,BA.2_0.05_abundance_0.2,C12876A;C12880T,ORF1a:T4204N;ORF1a:I4205I,490,1799,0.2723735408560311,6,BF.5:1;BA.2.23:1;BA.5.2.1:3;BA.1.15:1
2192026,BA.2_0.05_abundance_0.2,A13696G;A13702C;T13728G;G13762T;T13820A;G13856T;T13878C;T13894A;G13921T;A13928C;T13929A;G13939T,ORF1b:I77V;ORF1b:N79H;ORF1b:V87V;ORF1b:G99C;ORF1b:L118H;ORF1b:C130F;ORF1b:L137L;ORF1b:C143S;ORF1b:D152Y;ORF1b:Y154S;ORF1b:Y154*;ORF1b:E158*,20,1177,0.0169923534409515,0,
2192026,BA.2_0.05_abundance_0.2,A13696G;A13702C;T13728G;G13762T;T13820A;G13856T;T13878C;T13894A;G13921T;A13928C;T13929A;G13939T;C13945G,ORF1b:I77V;ORF1b:N79H;ORF1b:V87V;ORF1b:G99C;ORF1b:L118H;ORF1b:C130F;ORF1b:L137L;ORF1b:C143S;ORF1b:D152Y;ORF1b:Y154S;ORF1b:Y154*;ORF1b:E158*;ORF1b:P160A,25,624,0.0400641025641025,0,
2192026,BA.2_0.05_abundance_0.2,A14317G;T14361C;T14378C;T14389C;C14403G;C14408T;G14419A;C14422G;A14470T;C14491T;G14495C;T14526A;G14559A;T14560C,ORF1b:T284A;ORF1b:I298I;ORF1b:F304S;ORF1b:F308L;ORF1b:F312L;ORF1b:P314L;ORF1b:G318R;ORF1b:P319A;ORF1b:T335S;ORF1b:L342L;ORF1b:G343A;ORF1b:H353Q;ORF1b:V364V;ORF1b:Y365H,32,615,0.0520325203252032,0,
2192026,BA.2_0.05_abundance_0.2,A14317G;T14361C;T14378C;T14389C;C14403G;C14408T;G14419A;C14422G;A14470T;C14491T;G14495C;T14526A,ORF1b:T284A;ORF1b:I298I;ORF1b:F304S;ORF1b:F308L;ORF1b:F312L;ORF1b:P314L;ORF1b:G318R;ORF1b:P319A;ORF1b:T335S;ORF1b:L342L;ORF1b:G343A;ORF1b:H353Q,22,1011,0.0217606330365974,0,
2192026,BA.2_0.05_abundance_0.2,T15551G;A15564T;A15612C;C15631A;A15639C;G15644A;T15674C;C15714T;T15726C;A15740T;C15746A;T15756G;T15801A;T15815G;T15816C;T15817G;A15820T,ORF1b:V695G;ORF1b:L699F;ORF1b:Q715H;ORF1b:L722I;ORF1b:R724S;ORF1b:R726K;ORF1b:F736S;ORF1b:L749L;ORF1b:A753A;ORF1b:N758I;ORF1b:T760N;ORF1b:S763S;ORF1b:Y778*;ORF1b:V783G;ORF1b:V783V;ORF1b:F784V;ORF1b:M785L,100,1870,0.053475935828877,0,
2192026,BA.2_0.05_abundance_0.2,T15661C;C15714T,ORF1b:F732L;ORF1b:L749L,284,2040,0.1392156862745098,13,BA.5.2.1:1;BA.2.10:3;CL.1:1;BA.2.12.1:1;BA.2.14:1;BA.5.2.6:1;BF.2:1;BA.2.9:1;BA.5.2:1;BA.2.3.12:1;BF.7:1
2192026,BA.2_0.05_abundance_0.2,A15861G;C15904T;T15927C;G15955T;G15995C;G16027T;T16029A;T16074A;A16105G;C16134A;T16147A;T16155C;G16158A,ORF1b:K798K;ORF1b:Q813*;ORF1b:L820L;ORF1b:G830W;ORF1b:G843A;ORF1b:A854S;ORF1b:A854A;ORF1b:A869A;ORF1b:R880G;ORF1b:H889Q;ORF1b:Y894N;ORF1b:V896V;ORF1b:M897I,18,418,0.0430622009569378,0,
2192026,BA.2_0.05_abundance_0.2,C15904T;T15927C;G15955T;G15995C;G16027T;T16029A;T16074A;A16105G;C16134A;T16147A;T16155C;G16158A,ORF1b:Q813*;ORF1b:L820L;ORF1b:G830W;ORF1b:G843A;ORF1b:A854S;ORF1b:A854A;ORF1b:A869A;ORF1b:R880G;ORF1b:H889Q;ORF1b:Y894N;ORF1b:V896V;ORF1b:M897I,52,1611,0.0322780881440099,0,
2192026,BA.2_0.05_abundance_0.2,C15904T;T15927C;G15955T;G15995C;G16027T;T16029A;T16074A;A16105G;C16134A;T16147A;T16155C;G16158A;A16172C,ORF1b:Q813*;ORF1b:L820L;ORF1b:G830W;ORF1b:G843A;ORF1b:A854S;ORF1b:A854A;ORF1b:A869A;ORF1b:R880G;ORF1b:H889Q;ORF1b:Y894N;ORF1b:V896V;ORF1b:M897I;ORF1b:N902T,16,506,0.0316205533596837,0,
2192026,BA.2_0.05_abundance_0.2,T16147A;T16155C;G16158A;A16172C;A16179C;T16185C;A16214C;A16216T;A16227C;A16261T;A16268T;G16322C;C16409A;C16418T;C16457G,ORF1b:Y894N;ORF1b:V896V;ORF1b:M897I;ORF1b:N902T;ORF1b:S904S;ORF1b:Y906Y;ORF1b:Y916S;ORF1b:T917S;ORF1b:T920T;ORF1b:N932Y;ORF1b:Q934L;ORF1b:C952S;ORF1b:T981K;ORF1b:T984I;ORF1b:S997*,6,109,0.055045871559633,0,
2192026,BA.2_0.05_abundance_0.2,T16155C;G16158A;A16172C;A16179C;T16185C;A16214C;A16216T;A16227C;A16261T;A16268T;G16322C;C16409A;C16418T;C16457G,ORF1b:V896V;ORF1b:M897I;ORF1b:N902T;ORF1b:S904S;ORF1b:Y906Y;ORF1b:Y916S;ORF1b:T917S;ORF1b:T920T;ORF1b:N932Y;ORF1b:Q934L;ORF1b:C952S;ORF1b:T981K;ORF1b:T984I;ORF1b:S997*,14,411,0.0340632603406326,0,
2192026,BA.2_0.05_abundance_0.2,G16158A;A16172C;A16179C;T16185C;A16214C;A16216T;A16227C;A16261T;A16268T;G16322C;C16409A;C16418T;C16457G,ORF1b:M897I;ORF1b:N902T;ORF1b:S904S;ORF1b:Y906Y;ORF1b:Y916S;ORF1b:T917S;ORF1b:T920T;ORF1b:N932Y;ORF1b:Q934L;ORF1b:C952S;ORF1b:T981K;ORF1b:T984I;ORF1b:S997*,12,669,0.0179372197309417,0,
2192026,BA.2_0.05_abundance_0.2,A16172C;A16179C;T16185C;A16214C;A16216T;A16227C;A16261T;A16268T;G16322C;C16409A;C16418T;C16457G,ORF1b:N902T;ORF1b:S904S;ORF1b:Y906Y;ORF1b:Y916S;ORF1b:T917S;ORF1b:T920T;ORF1b:N932Y;ORF1b:Q934L;ORF1b:C952S;ORF1b:T981K;ORF1b:T984I;ORF1b:S997*,15,952,0.0157563025210084,0,
2192026,BA.2_0.05_abundance_0.2,A16804C;T16809C;A16819C;A16824T;G16855C;T16863C;T16884G;A16889C;A16895C;T16911A;T16926C;T16931G;C16952A;C16961T;C17028T;T17052A;A17063G;A17101G,ORF1b:N1113H;ORF1b:S1114S;ORF1b:I1118L;ORF1b:G1119G;ORF1b:D1130H;ORF1b:V1132V;ORF1b:T1139T;ORF1b:K1141T;ORF1b:N1143T;ORF1b:F1148L;ORF1b:H1153H;ORF1b:V1155G;ORF1b:T1162K;ORF1b:P1165L;ORF1b:S1187S;ORF1b:V1195V;ORF1b:K1199R;ORF1b:S1212G,7,352,0.0198863636363636,0,
2192026,BA.2_0.05_abundance_0.2,C16928G;C16952G,ORF1b:T1154R;ORF1b:T1162R,19,427,0.0444964871194379,0,
2192026,BA.2_0.05_abundance_0.2,A17101G;G17117T;C17119T;T17126C;G17162A;T17166C;T17169A;A17199C;T17210C;T17255A;T17263A;A17270G;A17294G;A17300G;T17306C;G17320A;G17331A;A17332T;T17353A;G17359C;T17400G;C17410T,ORF1b:S1212G;ORF1b:G1217V;ORF1b:L1218L;ORF1b:L1220P;ORF1b:C1232Y;ORF1b:S1233S;ORF1b:H1234Q;ORF1b:A1244A;ORF1b:L1248S;ORF1b:V1263E;ORF1b:F1266I;ORF1b:K1268R;ORF1b:E1276G;ORF1b:Y1278C;ORF1b:F1280S;ORF1b:A1285T;ORF1b:E1288E;ORF1b:T1289S;ORF1b:F1296I;ORF1b:E1298Q;ORF1b:N1311K;ORF1b:R1315C,65,1192,0.0545302013422818,0,
2192026,BA.2_0.05_abundance_0.2,A17101G;G17117T;C17119T;T17126C;G17162A;T17166C;T17169A;A17199C;T17210C;T17255A;T17263A;A17270G;A17294G;A17300G;T17306C;G17320A;G17331A;A17332T;T17353A;G17359C;T17400G,ORF1b:S1212G;ORF1b:G1217V;ORF1b:L1218L;ORF1b:L1220P;ORF1b:C1232Y;ORF1b:S1233S;ORF1b:H1234Q;ORF1b:A1244A;ORF1b:L1248S;ORF1b:V1263E;ORF1b:F1266I;ORF1b:K1268R;ORF1b:E1276G;ORF1b:Y1278C;ORF1b:F1280S;ORF1b:A1285T;ORF1b:E1288E;ORF1b:T1289S;ORF1b:F1296I;ORF1b:E1298Q;ORF1b:N1311K,29,1659,0.0174804098854731,0,
2192026,BA.2_0.05_abundance_0.2,G17117T;C17119T;T17126C;G17162A;T17166C;T17169A;A17199C;T17210C;T17255A;T17263A;A17270G;A17294G;A17300G;T17306C;G17320A;G17331A;A17332T;T17353A;G17359C;T17400G;C17410T,ORF1b:G1217V;ORF1b:L1218L;ORF1b:L1220P;ORF1b:C1232Y;ORF1b:S1233S;ORF1b:H1234Q;ORF1b:A1244A;ORF1b:L1248S;ORF1b:V1263E;ORF1b:F1266I;ORF1b:K1268R;ORF1b:E1276G;ORF1b:Y1278C;ORF1b:F1280S;ORF1b:A1285T;ORF1b:E1288E;ORF1b:T1289S;ORF1b:F1296I;ORF1b:E1298Q;ORF1b:N1311K;ORF1b:R1315C,82,3221,0.0254579323191555,0,
2192026,BA.2_0.05_abundance_0.2,G17117T;C17119T;T17126C;G17162A;T17166C;T17169A;A17199C;T17210C;T17255A;T17263A;A17270G;A17294G;A17300G;T17306C;G17320A;G17331A;A17332T;T17353A;G17359C;T17400G,ORF1b:G1217V;ORF1b:L1218L;ORF1b:L1220P;ORF1b:C1232Y;ORF1b:S1233S;ORF1b:H1234Q;ORF1b:A1244A;ORF1b:L1248S;ORF1b:V1263E;ORF1b:F1266I;ORF1b:K1268R;ORF1b:E1276G;ORF1b:Y1278C;ORF1b:F1280S;ORF1b:A1285T;ORF1b:E1288E;ORF1b:T1289S;ORF1b:F1296I;ORF1b:E1298Q;ORF1b:N1311K,54,4505,0.0119866814650388,0,
2192026,BA.2_0.05_abundance_0.2,G17218T;C17410T,ORF1b:D1251Y;ORF1b:R1315C,209,3221,0.0648866811549208,4,BA.5.2:1;BF.1:1;BA.4.1:1;BA.5.2.34:1
2192026,BA.2_0.05_abundance_0.2,T17323A;C17410T,ORF1b:L1286M;ORF1b:R1315C,251,3221,0.0779261099037565,4,BA.2:4
2192026,BA.2_0.05_abundance_0.2,C17410T;A17553C,ORF1b:R1315C;ORF1b:G1362G,11,230,0.0478260869565217,68,BF.5:14;BA.5.2.1:23;BA.2:15;BA.5.2:1;BA.2.9:2;BE.1:1;BA.2.75:3;BQ.1:2;BQ.1.1:1;BE.1.1:5;BA.4.4:1
2192026,BA.2_0.05_abundance_0.2,G17749C;G17753T;A17775T;A17791T;T17812A;G17815T;A17823G;A17853C;T17859A;A17889T;T17978C;A17984T,ORF1b:A1428P;ORF1b:W1429L;ORF1b:S1436S;ORF1b:N1442Y;ORF1b:L1449M;ORF1b:G1450*;ORF1b:P1452P;ORF1b:S1462S;ORF1b:Y1464*;ORF1b:E1474D;ORF1b:L1504P;ORF1b:D1506V,78,1551,0.0502901353965183,0,
2192026,BA.2_0.05_abundance_0.2,G17749C;G17753T;A17775T;A17791T;T17812A;G17815T;A17823G;A17853C;T17859A;A17889T;T17978C;A17984T;A18030T;T18033A,ORF1b:A1428P;ORF1b:W1429L;ORF1b:S1436S;ORF1b:N1442Y;ORF1b:L1449M;ORF1b:G1450*;ORF1b:P1452P;ORF1b:S1462S;ORF1b:Y1464*;ORF1b:E1474D;ORF1b:L1504P;ORF1b:D1506V;ORF1b:A1521A;ORF1b:T1522T,6,86,0.0697674418604651,0,
2192026,BA.2_0.05_abundance_0.2,G17749C;G17753T;A17775T;A17791T;T17812A;G17815T;A17823G;A17853C;T17859A;A17889T;T17978C;A17984T;A18030T,ORF1b:A1428P;ORF1b:W1429L;ORF1b:S1436S;ORF1b:N1442Y;ORF1b:L1449M;ORF1b:G1450*;ORF1b:P1452P;ORF1b:S1462S;ORF1b:Y1464*;ORF1b:E1474D;ORF1b:L1504P;ORF1b:D1506V;ORF1b:A1521A,8,165,0.0484848484848484,0,
2192026,BA.2_0.05_abundance_0.2,T18158G;A18163G,ORF1b:V1564G;ORF1b:I1566V,12,199,0.0603015075376884,1,BA.1.13.1:1
2192026,BA.2_0.05_abundance_0.2,A18730T;A18901T,ORF1b:I1755F;ORF1b:K1812*,269,1918,0.1402502606882169,0,
2192026,BA.2_0.05_abundance_0.2,G18951T;G18968A;A18969G;A18982G;T19016G;G19056A;A19073G;G19086A;T19110A;A19116G;A19123T;G19129A;A19134G;T19139C;T19146G;T19149C;A19210G;G19211T;A19212C;G19219A;C19227T;T19233A;T19241C;T19248G;C19255G,ORF1b:K1828N;ORF1b:R1834K;ORF1b:R1834R;ORF1b:M1839V;ORF1b:F1850C;ORF1b:K1863K;ORF1b:D1869G;ORF1b:K1873K;ORF1b:S1881R;ORF1b:K1883K;ORF1b:K1886*;ORF1b:E1888K;ORF1b:E1889E;ORF1b:F1891S;ORF1b:S1893S;ORF1b:Y1894Y;ORF1b:R1915G;ORF1b:R1915I;ORF1b:R1915S;ORF1b:A1918T;ORF1b:S1920S;ORF1b:V1922V;ORF1b:F1925S;ORF1b:T1927T;ORF1b:L1930V,33,681,0.0484581497797356,0,
2192026,BA.2_0.05_abundance_0.2,G18951T;G18968A;A18969G;A18982G;T19016G;G19056A;A19073G;G19086A;T19110A;A19116G;A19123T;A19134G;T19139C;T19146G;T19149C;A19210G;G19211T;A19212C;G19219A;C19227T;T19233A;T19241C;T19248G;C19255G,ORF1b:K1828N;ORF1b:R1834K;ORF1b:R1834R;ORF1b:M1839V;ORF1b:F1850C;ORF1b:K1863K;ORF1b:D1869G;ORF1b:K1873K;ORF1b:S1881R;ORF1b:K1883K;ORF1b:K1886*;ORF1b:E1889E;ORF1b:F1891S;ORF1b:S1893S;ORF1b:Y1894Y;ORF1b:R1915G;ORF1b:R1915I;ORF1b:R1915S;ORF1b:A1918T;ORF1b:S1920S;ORF1b:V1922V;ORF1b:F1925S;ORF1b:T1927T;ORF1b:L1930V,7,681,0.0102790014684287,0,
2192026,BA.2_0.05_abundance_0.2,G19129A;A19196G,ORF1b:E1888K;ORF1b:N1910S,124,1037,0.1195756991321118,0,
2192026,BA.2_0.05_abundance_0.2,G20518A;G20548A;T20563A;T20570C;T20573G;T20579G;T20606G;T20609A;G20616T;G20618A;T20625G;C20629T;C20646A;T20671C;T20690G;G20691C;T20701G;A20711G;T20717A;T20723C;A20744T;A20766G;C20790T;A20796T;G20808C,ORF1b:D2351N;ORF1b:D2361N;ORF1b:S2366T;ORF1b:V2368A;ORF1b:V2369G;ORF1b:V2371G;ORF1b:F2380C;ORF1b:M2381K;ORF1b:W2383C;ORF1b:C2384Y;ORF1b:D2386E;ORF1b:H2388Y;ORF1b:Y2393*;ORF1b:W2402R;ORF1b:M2408R;ORF1b:M2408I;ORF1b:Y2412D;ORF1b:Q2415R;ORF1b:M2417K;ORF1b:L2419S;ORF1b:N2426I;ORF1b:L2433L;ORF1b:V2441V;ORF1b:K2443N;ORF1b:L2447L,12,245,0.0489795918367346,0,
2192026,BA.2_0.05_abundance_0.2,T21477G;A21619C,ORF1b:S2670S;S:T19T,13,54,0.2407407407407407,0,
2192026,BA.2_0.05_abundance_0.2,T21702C;A21720T;T21756A;A21768C;G21795C;T21818C;C21843A;A21858G;G21869C;G21873T;A21875G;C21904G;C21910T;C21911T;A21913T;A21917T;A21923C;T21937C;C21962A;G21987A,S:V47A;S:D53V;S:F65Y;S:H69P;S:R78T;S:F86L;S:S94Y;S:N99S;S:G103R;S:W104L;S:I105V;S:T114T;S:S116S;S:L117L;S:L117L;S:I119F;S:N121H;S:N125N;S:Q134K;S:G142D,17,737,0.0230664857530529,0,
2192026,BA.2_0.05_abundance_0.2,T21702C;A21720T;T21756A;A21768C;G21795C;T21818C;C21843A;A21858G;G21869C;G21873T;A21875G;C21904G;C21910T;A21913T;A21917T;A21923C;T21937C;C21962A;G21987A,S:V47A;S:D53V;S:F65Y;S:H69P;S:R78T;S:F86L;S:S94Y;S:N99S;S:G103R;S:W104L;S:I105V;S:T114T;S:S116S;S:L117L;S:I119F;S:N121H;S:N125N;S:Q134K;S:G142D,16,737,0.0217096336499321,0,
2192026,BA.2_0.05_abundance_0.2,G22081A;T22200G,S:Q173Q;S:V213G,94,412,0.2281553398058252,259,BA.5.2:39;BA.5.6.2:1;BA.5.2.1:8;BA.2:116;BA.2.12.1:19;BA.2.3:5;BA.5:2;BA.5.2.44:4;BF.5:8;BA.2.9:12;BA.2.18:5;BF.21:4;BA.5.1:7;BA.2.38:1;BA.2.75:1;BQ.1.1.18:1;BQ.1.1:1;BQ.1.25:1;BA.4.6:1;BA.2.9.5:12;BA.4.1:1;BF.10:1;BA.5.2.20:2;BA.5.6:3;BQ.1.22:1;BA.5.2.6:2;BA.5.2.27:1
2192026,BA.2_0.05_abundance_0.2,A23319G;A23403G,S:D586G;S:D614G,238,1007,0.2363455809334657,20,B.1.617.2:2;AY.44:2;BA.2:1;B:1;AY.4:2;AY.39.1:1;AY.25:2;BA.5.2.28:1;B.1.1.7:1;BA.5.2.20:1;BA.1.18:1;BQ.1.1:1;AY.43:2;BA.2.10:2
2192026,BA.2_0.05_abundance_0.2,A23319G;G23340A;A23403G,S:D586G;S:G593D;S:D614G,52,1007,0.0516385302879841,0,
2192026,BA.2_0.05_abundance_0.2,G23340A;A23403G,S:G593D;S:D614G,133,1007,0.1320754716981132,0,
2192026,BA.2_0.05_abundance_0.2,T23599G;C23604A;G23735A,S:N679K;S:P681H;S:E725K,9,31,0.2903225806451613,2,BA.1.15:2
2192026,BA.2_0.05_abundance_0.2,T24217C;A24424T,S:G885G;S:Q954H,9,71,0.1267605633802817,303,BF.7:1;BA.5.2.1:16;BA.5.2:14;BQ.1.1.18:21;BQ.1.1:92;BA.1:11;BA.5.5:6;BA.5.2.21:3;BA.2:30;BA.2.12.1:5;BA.1.17:3;BA.2.38:1;BQ.1.1.22:9;BA.5.1.24:1;BA.2.9:6;BQ.1.1.15:1;BA.5:6;BA.1.1:50;BA.5.1:1;XBB:1;BA.1.1.18:2;BQ.1.1.24:1;BQ.1:3;BQ.1.1.17:1;BQ.1.1.27:1;BA.5.3.1:1;BA.1.1.1:1;BA.5.2.13:1;BA.1.20:4;BA.5.2.20:1;BA.1.14:2;BA.2.9.5:1;BA.2.3:1;BF.1:2;BA.1.17.2:1;BA.5.2.4:1;BF.7.6:1
2192026,BA.2_0.05_abundance_0.2,A24433C;A24453G;C24458A;T24464G;A24468C;T24475A;C24477G;G24515A;G24533C;A24539C;C24555G;A24562T;A24602C;A24619T;T24625C;C24627A;A24630C;C24662A;A24673T;C24720A;G24740C,S:Q957H;S:K964R;S:L966I;S:S968A;S:N969T;S:G971G;S:A972G;S:D985N;S:V991L;S:I993L;S:T998R;S:R1000S;S:R1014R;S:R1019S;S:S1021S;S:A1022D;S:N1023T;S:L1034I;S:S1037S;S:P1053H;S:V1060L,8,321,0.0249221183800623,0,
2192026,BA.2_0.05_abundance_0.2,G24740C;G24757C;C24801G;A24820T;T24829A;A24860G;A24874C;C24878G;T24887G;A24894G;T24906G;G24933A;A24950G;T24951G;C24964G;C24986T;C25000T,S:V1060L;S:V1065V;S:A1080G;S:K1086N;S:F1089L;S:T1100A;S:V1104V;S:Q1106E;S:F1109V;S:E1111G;S:I1115S;S:G1124D;S:I1130V;S:I1130R;S:N1134K;S:Q1142*;S:D1146D,59,1310,0.0450381679389313,0,
2192026,BA.2_0.05_abundance_0.2,T25343C;A25360C;A25367G;T25414C;T25461A;A25462C;C25584T;T25633A,S:S1261P;S:K1266N;S:K1269E;ORF3a:F8L;ORF3a:A23A;ORF3a:T24P;ORF3a:T64T;ORF3a:C81S,33,499,0.0661322645290581,0,
2192026,BA.2_0.05_abundance_0.2,T25343C;A25360C;A25367G;T25414C;T25461A;A25462C;C25584T,S:S1261P;S:K1266N;S:K1269E;ORF3a:F8L;ORF3a:A23A;ORF3a:T24P;ORF3a:T64T,31,991,0.0312815338042381,0,
2192026,BA.2_0.05_abundance_0.2,G25445C;C25584T,ORF3a:G18A;ORF3a:T64T,224,992,0.2258064516129032,35,BF.7.4:4;BA.5.2.1:2;BA.2:15;BF.10:2;BA.1.1:5;BA.1.1.2:1;BA.1:1;BA.2.75:2;BA.5.1:1;BA.1.15:1;BA.2.56:1
2192026,BA.2_0.05_abundance_0.2,A26120G;C26270T,ORF3a:H243R;E:T9I,146,487,0.2997946611909651,181,BA.1.1:79;BA.2:14;BE.3:8;BF.26:26;BA.1.1.1:1;BF.1:2;BA.1:12;BA.5.2:2;BA.4.6:1;BA.2.3:2;BF.7:19;BA.1.18:1;BA.1.15.2:1;BQ.1.14:7;BA.5.2.1:1;BA.2.38:1;BA.5.1:1;BA.2.29:1;XBB.1:1;BA.2.12.1:1
2192026,BA.2_0.05_abundance_0.2,C26270T;C26299A,E:T9I;E:L19I,17,45,0.3777777777777777,6,BA.5.5:1;BE.1.1.2:1;BA.2.75:1;BQ.1.6:1;BA.2.3:1;BA.1:1
2192026,BA.2_0.05_abundance_0.2,C26270T;C26299A;T26413A,E:T9I;E:L19I;E:Y57N,7,45,0.1555555555555555,0,
2192026,BA.2_0.05_abundance_0.2,C26577G;G26709A;C26858T;T26875A,M:Q19E;M:A63T;M:F112F;M:I118N,231,1020,0.2264705882352941,2,BA.2.10:1;BA.2.9:1
2192026,BA.2_0.05_abundance_0.2,C27208A;G27225T;A27246C;A27259C;G27261C;C27263T;G27281A;T27291G;T27296G;A27317T;A27321C;G27327T;T27328G;A27359G;A27372G;G27382C;A27383T;T27384C;A27399G;G27420A;C27427A;G27430T;C27434A;T27483G;A27491T,ORF6:H3N;ORF6:Q8H;ORF6:L15F;ORF6:R20R;ORF6:R20S;ORF6:T21I;ORF6:W27*;ORF6:D30E;ORF6:I32S;ORF6:N39I;ORF6:L40F;ORF6:K42N;ORF6:S43A;ORF6:D53G;ORF6:P57P;ORF6:D61H;ORF6:D61V;ORF6:D61D;ORF7a:K2K;ORF7a:L9L;ORF7a:L12I;ORF7a:A13S;ORF7a:T14N;ORF7a:L30L;ORF7a:E33V,25,1315,0.0190114068441064,0,
2192026,BA.2_0.05_abundance_0.2,C27208A;G27225T;A27246C;A27259C;G27261C;C27263T;G27281A;T27291G;T27296G;A27317T;A27321C;G27327T;T27328G;A27359G;A27372G;G27382C;A27383T;T27384C;A27399G;G27420A;C27427A;G27430T;C27434A;T27483G,ORF6:H3N;ORF6:Q8H;ORF6:L15F;ORF6:R20R;ORF6:R20S;ORF6:T21I;ORF6:W27*;ORF6:D30E;ORF6:I32S;ORF6:N39I;ORF6:L40F;ORF6:K42N;ORF6:S43A;ORF6:D53G;ORF6:P57P;ORF6:D61H;ORF6:D61V;ORF6:D61D;ORF7a:K2K;ORF7a:L9L;ORF7a:L12I;ORF7a:A13S;ORF7a:T14N;ORF7a:L30L,20,1748,0.011441647597254,0,
2192026,BA.2_0.05_abundance_0.2,C27208A;G27225T;A27246C;A27259C;G27261C;C27263T;G27281A;T27291G;T27296G;A27317T;A27321C;G27327T;T27328G;A27359G;A27372G;G27382C;A27383T;T27384C;A27399G;G27420A;C27427A;G27430T;C27434A;T27483G;A27491T;C27494A,ORF6:H3N;ORF6:Q8H;ORF6:L15F;ORF6:R20R;ORF6:R20S;ORF6:T21I;ORF6:W27*;ORF6:D30E;ORF6:I32S;ORF6:N39I;ORF6:L40F;ORF6:K42N;ORF6:S43A;ORF6:D53G;ORF6:P57P;ORF6:D61H;ORF6:D61V;ORF6:D61D;ORF7a:K2K;ORF7a:L9L;ORF7a:L12I;ORF7a:A13S;ORF7a:T14N;ORF7a:L30L;ORF7a:E33V;ORF7a:P34H,54,831,0.0649819494584837,0,
2192026,BA.2_0.05_abundance_0.2,A28152C;C28311T,ORF8:T87P;N:P13L,555,5071,0.1094458686649576,8,BA.1.1:7;BA.1.17.2:1
2192026,BA.2_0.05_abundance_0.2,T28240A;C28311T,ORF8:V116D;N:P13L,203,5073,0.0400157697614823,5,BA.1.1:2;BA.2.9:1;BA.2:2
2192026,BA.2_0.05_abundance_0.2,A28446G;C28491A;C28500T;G28514T;T28524C;T28529G;A28547T;G28548C;T28561A;A28652G;A28692C,N:Q58R;N:P73Q;N:T76I;N:D81Y;N:I84T;N:Y86D;N:R92*;N:R92T;N:G96G;N:K127E;N:N140T,52,878,0.0592255125284738,0,
2192026,BA.2_0.05_abundance_0.2,C28716G;G28881A;G28882A;G28883C,N:T148S;N:R203K;N:R203R;N:G204R,7,184,0.0380434782608695,10,BA.5.2:5;BA.2.38:1;B.1.1.214:4
2192026,BA.2_0.05_abundance_0.2,A29016T;G29030T;T29036G;C29048G;G29058T;A29078G;A29089G;C29091A;C29118G;G29156A;C29187A;T29194G;G29202A;G29240C;A29241G;G29254T;C29259T;T29264A;T29293G;C29304G;A29313C;C29318A;A29319T;C29330G;T29335A,N:K248M;N:E253*;N:S255A;N:R259G;N:R262L;N:N269D;N:Q272Q;N:A273D;N:T282S;N:G295R;N:A305E;N:F307L;N:S310N;N:E323Q;N:E323G;N:S327S;N:T329M;N:L331M;N:D340E;N:P344R;N:K347T;N:Q349K;N:Q349L;N:L353V;N:N354K,7,191,0.0366492146596858,0,
2192026,BA.2_0.05_abundance_0.2,G29030T;T29036G;C29048G;G29058T;A29078G;A29089G;C29091A;C29118G;G29156A;C29187A;T29194G;G29202A;G29240C;A29241G;G29254T;C29259T;T29264A;T29293G;A29298T;C29304G;A29313C;C29318A;A29319T;C29330G;T29335A,N:E253*;N:S255A;N:R259G;N:R262L;N:N269D;N:Q272Q;N:A273D;N:T282S;N:G295R;N:A305E;N:F307L;N:S310N;N:E323Q;N:E323G;N:S327S;N:T329M;N:L331M;N:D340E;N:K342I;N:P344R;N:K347T;N:Q349K;N:Q349L;N:L353V;N:N354K,14,1103,0.0126926563916591,0,
2192026,BA.2_0.05_abundance_0.2,G29030T;T29036G;C29048G;G29058T;A29078G;A29089G;C29091A;C29118G;G29156A;C29187A;T29194G;G29202A;G29240C;A29241G;G29254T;C29259T;T29264A;T29293G;C29304G;A29313C;C29318A;A29319T;C29330G;T29335A,N:E253*;N:S255A;N:R259G;N:R262L;N:N269D;N:Q272Q;N:A273D;N:T282S;N:G295R;N:A305E;N:F307L;N:S310N;N:E323Q;N:E323G;N:S327S;N:T329M;N:L331M;N:D340E;N:P344R;N:K347T;N:Q349K;N:Q349L;N:L353V;N:N354K,34,1103,0.0308250226654578,0,
2192026,BA.2_0.05_abundance_0.2,G29266C;A29298T,N:L331F;N:K342I,115,1558,0.0738125802310654,0,
2192026,BA.2_0.05_abundance_0.2,T29457C;A29510C,N:L395P;N:S413R,16,64,0.25,4,BA.2.9:1;BA.5.1:1;BA.2.12.1:1;BA.2:1
2262026,BA.2_0.05_abundance_0.2,G269C;A297C;C307A;T312A;T334C;C344T;G353C;G359T,ORF1a:E2Q;ORF1a:K11T;ORF1a:V14V;ORF1a:L16H;ORF1a:V23V;ORF1a:L27F;ORF1a:G30R;ORF1a:G32*,6,108,0.0555555555555555,0,
2262026,BA.2_0.05_abundance_0.2,G269C;A297C;C307A;T312A;T334C;C344T;G353C;G359T;T369G,ORF1a:E2Q;ORF1a:K11T;ORF1a:V14V;ORF1a:L16H;ORF1a:V23V;ORF1a:L27F;ORF1a:G30R;ORF1a:G32*;ORF1a:V35G,6,77,0.0779220779220779,0,
2262026,BA.2_0.05_abundance_0.2,C344T;G353C;G359T;T369G;C449T;G470T;G483C;G524T;G542T;G564C;T580G;C609T;A610C;G636A;A647C;A655T;T658C;T670G,ORF1a:L27F;ORF1a:G30R;ORF1a:G32*;ORF1a:V35G;ORF1a:P62S;ORF1a:V69L;ORF1a:R73P;ORF1a:E87*;ORF1a:E93*;ORF1a:S100T;ORF1a:G105G;ORF1a:P115L;ORF1a:P115P;ORF1a:R124H;ORF1a:N128H;ORF1a:G130G;ORF1a:A131A;ORF1a:S135R,11,156,0.0705128205128205,0,
2262026,BA.2_0.05_abundance_0.2,C344T;G353C;G359T;T369G;C449T;G470T;G483C;G524T;G542T;G564C,ORF1a:L27F;ORF1a:G30R;ORF1a:G32*;ORF1a:V35G;ORF1a:P62S;ORF1a:V69L;ORF1a:R73P;ORF1a:E87*;ORF1a:E93*;ORF1a:S100T,5,189,0.0264550264550264,0,
2262026,BA.2_0.05_abundance_0.2,G353C;G359T;T369G;C449T;G470T;G483C;G524T;G542T;G564C;T580G;C609T;A610C;G636A;A647C;A655T;T658C;T670G,ORF1a:G30R;ORF1a:G32*;ORF1a:V35G;ORF1a:P62S;ORF1a:V69L;ORF1a:R73P;ORF1a:E87*;ORF1a:E93*;ORF1a:S100T;ORF1a:G105G;ORF1a:P115L;ORF1a:P115P;ORF1a:R124H;ORF1a:N128H;ORF1a:G130G;ORF1a:A131A;ORF1a:S135R,25,615,0.040650406504065,0,
2262026,BA.2_0.05_abundance_0.2,G353C;G359T;T369G;C449T;G470T;G483C;G524T;G542T;G564C;T580G;C609T;A610C;G636A;A647C;G653T;A655T;T658C;T670G,ORF1a:G30R;ORF1a:G32*;ORF1a:V35G;ORF1a:P62S;ORF1a:V69L;ORF1a:R73P;ORF1a:E87*;ORF1a:E93*;ORF1a:S100T;ORF1a:G105G;ORF1a:P115L;ORF1a:P115P;ORF1a:R124H;ORF1a:N128H;ORF1a:G130*;ORF1a:G130G;ORF1a:A131A;ORF1a:S135R,15,615,0.024390243902439,0,
2262026,BA.2_0.05_abundance_0.2,T358A;T670G,ORF1a:F31L;ORF1a:S135R,41,1436,0.0285515320334261,193,BA.2.12.1:5;BA.5.2.1:28;BA.2.18:1;BA.2:94;BA.2.9:3;BQ.1.2:1;BA.5.2:7;BA.5.5:1;BA.5.2.31:2;BA.2.3.1:3;BA.2.70:16;BQ.1.9:1;BA.2.1:1;BA.5.1:7;BA.4.4:1;BA.5.1.8:1;BA.5.2.7:3;BA.5.6:6;BA.2.29:1;BF.5:1;BA.5.1.25:1;BA.2.38:1;BA.5.2.20:1;BE.1:2;BQ.1.10.1:1;BQ.1:1;BA.2.3:1;BF.10:1;BQ.1.1.18:1
2262026,BA.2_0.05_abundance_0.2,G359T;T369G;C449T;G470T;G483C;G524T;G542T;G564C;T580G;C609T;A610C;G636A;A647C;G653T;A655T;T658C;T670G,ORF1a:G32*;ORF1a:V35G;ORF1a:P62S;ORF1a:V69L;ORF1a:R73P;ORF1a:E87*;ORF1a:E93*;ORF1a:S100T;ORF1a:G105G;ORF1a:P115L;ORF1a:P115P;ORF1a:R124H;ORF1a:N128H;ORF1a:G130*;ORF1a:G130G;ORF1a:A131A;ORF1a:S135R,36,1678,0.0214541120381406,0,
2262026,BA.2_0.05_abundance_0.2,G359T;T369G;C449T;G470T;G483C;G524T;G542T;G564C;T580G;C609T;A610C;G636A;A647C;A655T;T658C;T670G,ORF1a:G32*;ORF1a:V35G;ORF1a:P62S;ORF1a:V69L;ORF1a:R73P;ORF1a:E87*;ORF1a:E93*;ORF1a:S100T;ORF1a:G105G;ORF1a:P115L;ORF1a:P115P;ORF1a:R124H;ORF1a:N128H;ORF1a:G130G;ORF1a:A131A;ORF1a:S135R,71,1678,0.0423122765196662,0,
2262026,BA.2_0.05_abundance_0.2,T369G;C449T;G470T;G483C;G524T;G542T;G564C;T580G;C609T;A610C;G636A;A647C;G653T;A655T;T658C;T670G,ORF1a:V35G;ORF1a:P62S;ORF1a:V69L;ORF1a:R73P;ORF1a:E87*;ORF1a:E93*;ORF1a:S100T;ORF1a:G105G;ORF1a:P115L;ORF1a:P115P;ORF1a:R124H;ORF1a:N128H;ORF1a:G130*;ORF1a:G130G;ORF1a:A131A;ORF1a:S135R,35,2978,0.0117528542646071,0,
2262026,BA.2_0.05_abundance_0.2,T369G;C449T;G470T;G483C;G524T;G542T;G564C;T580G;C609T;A610C;G636A;A647C;A655T;T658C;T670G,ORF1a:V35G;ORF1a:P62S;ORF1a:V69L;ORF1a:R73P;ORF1a:E87*;ORF1a:E93*;ORF1a:S100T;ORF1a:G105G;ORF1a:P115L;ORF1a:P115P;ORF1a:R124H;ORF1a:N128H;ORF1a:G130G;ORF1a:A131A;ORF1a:S135R,113,2978,0.0379449294828744,0,
2262026,BA.2_0.05_abundance_0.2,A642C;T670G,ORF1a:N126T;ORF1a:S135R,309,2981,0.1036564911103656,10,BA.5.2.1:2;BA.2.12.1:1;BA.2.75:3;XBB.1:1;BA.2.9:1;BA.5.2:1;BA.2:1
2262026,BA.2_0.05_abundance_0.2,T670G;G713T;T856C,ORF1a:S135R;ORF1a:G150C;ORF1a:P197P,37,191,0.193717277486911,0,
2262026,BA.2_0.05_abundance_0.2,G713T;T856C,ORF1a:G150C;ORF1a:P197P,305,1863,0.1637144390767579,0,
2262026,BA.2_0.05_abundance_0.2,T1623A;C1628A;A1629T;A1644G;A1646C;A1731C;T1745C;G1782C;G1784C;G1827A;A1829G;A1849T;A1852T;C1878G;G1883A,ORF1a:I453K;ORF1a:Q455K;ORF1a:Q455L;ORF1a:N460S;ORF1a:I461L;ORF1a:E489A;ORF1a:L494L;ORF1a:C506S;ORF1a:G507R;ORF1a:W521*;ORF1a:N522D;ORF1a:S528S;ORF1a:I529I;ORF1a:S538*;ORF1a:A540T,182,1749,0.1040594625500285,0,
2262026,BA.2_0.05_abundance_0.2,T2230C;C2245T;T2307A;A2345T;A2367G;C2371A;A2430G;A2437C;G2447T;A2452T;C2453A;A2483G;G2494A;A2543T,ORF1a:C655C;ORF1a:V660V;ORF1a:L681H;ORF1a:I694F;ORF1a:K701R;ORF1a:A702A;ORF1a:K722R;ORF1a:R724S;ORF1a:G728C;ORF1a:L729L;ORF1a:L730I;ORF1a:I740V;ORF1a:E743E;ORF1a:T760S,61,953,0.0640083945435466,0,
2262026,BA.2_0.05_abundance_0.2,T2230C;C2245T;T2307A;A2345T;A2367G;C2371A;A2430G;A2437C;G2447T;A2452T;C2453A;A2483G;G2494A;A2543T;A2554T,ORF1a:C655C;ORF1a:V660V;ORF1a:L681H;ORF1a:I694F;ORF1a:K701R;ORF1a:A702A;ORF1a:K722R;ORF1a:R724S;ORF1a:G728C;ORF1a:L729L;ORF1a:L730I;ORF1a:I740V;ORF1a:E743E;ORF1a:T760S;ORF1a:L763F,25,376,0.0664893617021276,0,
2262026,BA.2_0.05_abundance_0.2,T2230C;C2245T;T2307A;A2345T;A2367G;C2371A;A2430G;A2437C;G2447T;A2452T;C2453A;A2483G;G2494A,ORF1a:C655C;ORF1a:V660V;ORF1a:L681H;ORF1a:I694F;ORF1a:K701R;ORF1a:A702A;ORF1a:K722R;ORF1a:R724S;ORF1a:G728C;ORF1a:L729L;ORF1a:L730I;ORF1a:I740V;ORF1a:E743E,12,1105,0.0108597285067873,0,
2262026,BA.2_0.05_abundance_0.2,T2230C;C2245T;T2307A;A2345T;A2367G;C2371A;A2430G;A2437C;G2447T;A2452T;C2453A;A2474C;A2483G;G2494A;A2543T;A2554T,ORF1a:C655C;ORF1a:V660V;ORF1a:L681H;ORF1a:I694F;ORF1a:K701R;ORF1a:A702A;ORF1a:K722R;ORF1a:R724S;ORF1a:G728C;ORF1a:L729L;ORF1a:L730I;ORF1a:K737Q;ORF1a:I740V;ORF1a:E743E;ORF1a:T760S;ORF1a:L763F,7,376,0.0186170212765957,0,
2262026,BA.2_0.05_abundance_0.2,A3186G;G3239C;T3265C;A3273G;A3277T;G3320A;A3341C;G3345C;A3357C;A3374C;A3381C;G3410C;C3426T;A3428T,ORF1a:E974G;ORF1a:D992H;ORF1a:T1000T;ORF1a:Q1003R;ORF1a:T1004T;ORF1a:V1019I;ORF1a:N1026H;ORF1a:S1027T;ORF1a:Y1031S;ORF1a:N1037H;ORF1a:Y1039S;ORF1a:A1049P;ORF1a:P1054L;ORF1a:T1055S,56,444,0.1261261261261261,0,
2262026,BA.2_0.05_abundance_0.2,G3824A;T3826C;T3827A;T3837A;T3843A;G3863C;A3895T;T3952A;T3981C;C3984T;A3989C;T4023A;A4034G;T4054G;A4079G;C4113G,ORF1a:V1187I;ORF1a:V1187V;ORF1a:S1188T;ORF1a:L1191*;ORF1a:M1193K;ORF1a:E1200Q;ORF1a:E1210D;ORF1a:D1229E;ORF1a:V1239A;ORF1a:T1240I;ORF1a:T1242P;ORF1a:L1253*;ORF1a:I1257V;ORF1a:L1263L;ORF1a:S1272G;ORF1a:A1283G,19,203,0.0935960591133004,0,
2262026,BA.2_0.05_abundance_0.2,G3824A;T3826C;T3827A;T3837A;T3843A;G3863C;A3895T;T3952A;T3981C;C3984T;A3989C;T4023A;A4034G;T4054G;A4079G,ORF1a:V1187I;ORF1a:V1187V;ORF1a:S1188T;ORF1a:L1191*;ORF1a:M1193K;ORF1a:E1200Q;ORF1a:E1210D;ORF1a:D1229E;ORF1a:V1239A;ORF1a:T1240I;ORF1a:T1242P;ORF1a:L1253*;ORF1a:I1257V;ORF1a:L1263L;ORF1a:S1272G,5,236,0.0211864406779661,0,
2262026,BA.2_0.05_abundance_0.2,T4329C;C4338A;T4365C;G4432T;A4451C;C4499A;T4530G;T4535A;A4588C;G4592C;C4596G;A4604T;A4607G;T4608C;A4645T,ORF1a:I1355T;ORF1a:S1358Y;ORF1a:I1367T;ORF1a:M1389I;ORF1a:K1396Q;ORF1a:Q1412K;ORF1a:F1422C;ORF1a:F1424I;ORF1a:L1441L;ORF1a:E1443Q;ORF1a:T1444S;ORF1a:T1447S;ORF1a:M1448V;ORF1a:M1448T;ORF1a:E1460D,5,147,0.0340136054421768,0,
2262026,BA.2_0.05_abundance_0.2,T4329C;C4338A;T4365C;G4432T;A4451C;C4499A;T4530G;A4588C;G4592C;C4596G;A4604T;A4607G;T4608C;A4645T,ORF1a:I1355T;ORF1a:S1358Y;ORF1a:I1367T;ORF1a:M1389I;ORF1a:K1396Q;ORF1a:Q1412K;ORF1a:F1422C;ORF1a:L1441L;ORF1a:E1443Q;ORF1a:T1444S;ORF1a:T1447S;ORF1a:M1448V;ORF1a:M1448T;ORF1a:E1460D,6,147,0.0408163265306122,0,
2262026,BA.2_0.05_abundance_0.2,C4338A;T4365C;G4432T;A4451C;C4499A;T4530G;T4535A;A4588C;G4592C;C4596G;A4604T;A4607G;T4608C;A4645T,ORF1a:S1358Y;ORF1a:I1367T;ORF1a:M1389I;ORF1a:K1396Q;ORF1a:Q1412K;ORF1a:F1422C;ORF1a:F1424I;ORF1a:L1441L;ORF1a:E1443Q;ORF1a:T1444S;ORF1a:T1447S;ORF1a:M1448V;ORF1a:M1448T;ORF1a:E1460D,9,443,0.0203160270880361,0,
2262026,BA.2_0.05_abundance_0.2,C4338A;T4365C;G4432T;A4451C;C4499A;T4530G;A4588C;G4592C;C4596G;A4604T;A4607G;T4608C;A4645T,ORF1a:S1358Y;ORF1a:I1367T;ORF1a:M1389I;ORF1a:K1396Q;ORF1a:Q1412K;ORF1a:F1422C;ORF1a:L1441L;ORF1a:E1443Q;ORF1a:T1444S;ORF1a:T1447S;ORF1a:M1448V;ORF1a:M1448T;ORF1a:E1460D,8,443,0.0180586907449209,0,
2262026,BA.2_0.05_abundance_0.2,A4446T;T4535A,ORF1a:E1394V;ORF1a:F1424I,34,563,0.0603907637655417,0,
2262026,BA.2_0.05_abundance_0.2,A4446T;T4535A;T4579C,ORF1a:E1394V;ORF1a:F1424I;ORF1a:L1438L,6,515,0.0116504854368932,0,
2262026,BA.2_0.05_abundance_0.2,T4535A;T4579C,ORF1a:F1424I;ORF1a:L1438L,13,515,0.0252427184466019,1,BA.2:1
2262026,BA.2_0.05_abundance_0.2,T4660G;T4667A;C4698T;C4780G;T4813C;G4854C;G4881C;T4924A;G4925C;T4933A;T4946A;A4956T,ORF1a:Y1465*;ORF1a:S1468T;ORF1a:S1478F;ORF1a:I1505M;ORF1a:Y1516Y;ORF1a:R1530T;ORF1a:S1539T;ORF1a:F1553L;ORF1a:D1554H;ORF1a:L1556L;ORF1a:S1561T;ORF1a:E1564V,7,112,0.0625,0,
2262026,BA.2_0.05_abundance_0.2,T4667A;C4698T;C4780G;T4813C;G4854C;G4881C;T4924A;G4925C;T4933A;T4946A;A4956T,ORF1a:S1468T;ORF1a:S1478F;ORF1a:I1505M;ORF1a:Y1516Y;ORF1a:R1530T;ORF1a:S1539T;ORF1a:F1553L;ORF1a:D1554H;ORF1a:L1556L;ORF1a:S1561T;ORF1a:E1564V,13,300,0.0433333333333333,0,
2262026,BA.2_0.05_abundance_0.2,T4667A;C4698T;C4780G;T4813C;G4854C;G4881C;T4924A;G4925C;T4933A;T4946A;A4956T;C4980T,ORF1a:S1468T;ORF1a:S1478F;ORF1a:I1505M;ORF1a:Y1516Y;ORF1a:R1530T;ORF1a:S1539T;ORF1a:F1553L;ORF1a:D1554H;ORF1a:L1556L;ORF1a:S1561T;ORF1a:E1564V;ORF1a:T1572I,5,96,0.0520833333333333,0,
2262026,BA.2_0.05_abundance_0.2,C4698T;C4780G;T4813C;G4854C;G4881C;T4924A;G4925C;T4933A;T4946A;A4956T,ORF1a:S1478F;ORF1a:I1505M;ORF1a:Y1516Y;ORF1a:R1530T;ORF1a:S1539T;ORF1a:F1553L;ORF1a:D1554H;ORF1a:L1556L;ORF1a:S1561T;ORF1a:E1564V,95,1789,0.053102291783119,0,
2262026,BA.2_0.05_abundance_0.2,C4698T;C4780G;T4813C;G4854C;G4881C;T4924A;G4925C;T4933A;T4946A;A4956T;C4980T,ORF1a:S1478F;ORF1a:I1505M;ORF1a:Y1516Y;ORF1a:R1530T;ORF1a:S1539T;ORF1a:F1553L;ORF1a:D1554H;ORF1a:L1556L;ORF1a:S1561T;ORF1a:E1564V;ORF1a:T1572I,40,519,0.0770712909441233,0,
2262026,BA.2_0.05_abundance_0.2,C4698T;T4747C;C4780G;T4813C;G4854C;G4881C;T4924A;G4925C;T4933A;T4946A;A4956T,ORF1a:S1478F;ORF1a:S1494S;ORF1a:I1505M;ORF1a:Y1516Y;ORF1a:R1530T;ORF1a:S1539T;ORF1a:F1553L;ORF1a:D1554H;ORF1a:L1556L;ORF1a:S1561T;ORF1a:E1564V,22,1789,0.0122973728339854,0,
2262026,BA.2_0.05_abundance_0.2,C4698T;T4747C;C4780G;T4813C;G4854C;G4881C;T4924A;G4925C;T4933A;T4946A;A4956T;C4980T,ORF1a:S1478F;ORF1a:S1494S;ORF1a:I1505M;ORF1a:Y1516Y;ORF1a:R1530T;ORF1a:S1539T;ORF1a:F1553L;ORF1a:D1554H;ORF1a:L1556L;ORF1a:S1561T;ORF1a:E1564V;ORF1a:T1572I,6,519,0.0115606936416184,0,
2262026,BA.2_0.05_abundance_0.2,T4747C;T4909G,ORF1a:S1494S;ORF1a:G1548G,94,1818,0.0517051705170517,0,
2262026,BA.2_0.05_abundance_0.2,G5625C;T5635G;G5708C;T5732A;G5750A;C5832G;T5854G;T5860G;G5861A;T5864G;T5909A,ORF1a:C1787S;ORF1a:G1790G;ORF1a:E1815Q;ORF1a:C1823S;ORF1a:G1829S;ORF1a:S1856C;ORF1a:I1863M;ORF1a:D1865E;ORF1a:V1866I;ORF1a:F1867V;ORF1a:Y1882N,200,2143,0.0933271115258982,0,
2262026,BA.2_0.05_abundance_0.2,G5625C;T5635G;G5708C;T5732A;G5750A;C5832G;T5854G;T5860G;G5861A;T5864G,ORF1a:C1787S;ORF1a:G1790G;ORF1a:E1815Q;ORF1a:C1823S;ORF1a:G1829S;ORF1a:S1856C;ORF1a:I1863M;ORF1a:D1865E;ORF1a:V1866I;ORF1a:F1867V,41,2540,0.0161417322834645,0,
2262026,BA.2_0.05_abundance_0.2,G5625C;T5635G;G5708C;T5732A;G5750A,ORF1a:C1787S;ORF1a:G1790G;ORF1a:E1815Q;ORF1a:C1823S;ORF1a:G1829S,28,2734,0.0102414045354791,0,
2262026,BA.2_0.05_abundance_0.2,G5625C;T5635G;G5708C;T5732A;G5750A;C5832G;T5854G;T5860G;G5861A;T5864G;T5909A;T5928C,ORF1a:C1787S;ORF1a:G1790G;ORF1a:E1815Q;ORF1a:C1823S;ORF1a:G1829S;ORF1a:S1856C;ORF1a:I1863M;ORF1a:D1865E;ORF1a:V1866I;ORF1a:F1867V;ORF1a:Y1882N;ORF1a:V1888A,13,136,0.0955882352941176,0,
2262026,BA.2_0.05_abundance_0.2,T5909A;T5928C;G5936T;C6005A;A6030T;G6056A;G6077A;A6081T;T6087C;A6133T,ORF1a:Y1882N;ORF1a:V1888A;ORF1a:E1891*;ORF1a:L1914I;ORF1a:N1922I;ORF1a:V1931I;ORF1a:A1938T;ORF1a:D1939V;ORF1a:L1941S;ORF1a:K1956N,5,124,0.0403225806451612,0,
2262026,BA.2_0.05_abundance_0.2,G6245T;A6276G;G6288A;T6298C;C6312G;A6325C;A6360C;A6425C;A6426G;A6466G;T6478G;T6489A;T6490A;A6493C,ORF1a:V1994F;ORF1a:K2004R;ORF1a:W2008*;ORF1a:R2011R;ORF1a:T2016R;ORF1a:E2020D;ORF1a:D2032A;ORF1a:N2054H;ORF1a:N2054S;ORF1a:K2067K;ORF1a:V2071V;ORF1a:I2075N;ORF1a:I2075I;ORF1a:I2076I,13,126,0.1031746031746031,0,
2262026,BA.2_0.05_abundance_0.2,G7067T;A7068T;T7075C;C7119G;T7141G;T7147C;T7168A;C7195G;A7208C;A7210C;T7226C;T7227C;T7228A;T7305C;T7341A;A7358G,ORF1a:E2268*;ORF1a:E2268V;ORF1a:Y2270Y;ORF1a:S2285C;ORF1a:L2292L;ORF1a:G2294G;ORF1a:Y2301*;ORF1a:T2310T;ORF1a:K2315Q;ORF1a:K2315N;ORF1a:F2321L;ORF1a:F2321S;ORF1a:F2321L;ORF1a:M2347T;ORF1a:I2359N;ORF1a:M2365V,18,155,0.1161290322580645,0,
2262026,BA.2_0.05_abundance_0.2,T7075C;C7119G;T7141G;T7147C;T7168A;C7195G;A7208C;A7210C;T7226C;T7227C;T7228A;T7305C;T7341A;A7358G,ORF1a:Y2270Y;ORF1a:S2285C;ORF1a:L2292L;ORF1a:G2294G;ORF1a:Y2301*;ORF1a:T2310T;ORF1a:K2315Q;ORF1a:K2315N;ORF1a:F2321L;ORF1a:F2321S;ORF1a:F2321L;ORF1a:M2347T;ORF1a:I2359N;ORF1a:M2365V,36,521,0.0690978886756238,0,
2262026,BA.2_0.05_abundance_0.2,T7075C;C7119G;T7141G;T7147C;T7168A;C7195G;A7208C;A7210C;T7226C;T7227C;T7228A,ORF1a:Y2270Y;ORF1a:S2285C;ORF1a:L2292L;ORF1a:G2294G;ORF1a:Y2301*;ORF1a:T2310T;ORF1a:K2315Q;ORF1a:K2315N;ORF1a:F2321L;ORF1a:F2321S;ORF1a:F2321L,6,586,0.0102389078498293,0,
2262026,BA.2_0.05_abundance_0.2,C7119G;T7141G;T7147C;T7168A;C7195G;A7208C;A7210C;T7226C;T7227C;T7228A;T7305C;T7341A;A7358G,ORF1a:S2285C;ORF1a:L2292L;ORF1a:G2294G;ORF1a:Y2301*;ORF1a:T2310T;ORF1a:K2315Q;ORF1a:K2315N;ORF1a:F2321L;ORF1a:F2321S;ORF1a:F2321L;ORF1a:M2347T;ORF1a:I2359N;ORF1a:M2365V,24,802,0.0299251870324189,0,
2262026,BA.2_0.05_abundance_0.2,T7341A;A7358G;T7425A;T7438A;A7448C;C7485G;C7518A;G7526A;A7548C;T7554G;G7561A;T7566G;T7576C;C7578A,ORF1a:I2359N;ORF1a:M2365V;ORF1a:F2387Y;ORF1a:Y2391*;ORF1a:K2395Q;ORF1a:S2407*;ORF1a:A2418E;ORF1a:V2421I;ORF1a:N2428T;ORF1a:V2430G;ORF1a:R2432R;ORF1a:F2434C;ORF1a:Y2437Y;ORF1a:A2438D,9,88,0.1022727272727272,0,
2262026,BA.2_0.05_abundance_0.2,A7358G;T7425A;T7438A;A7448C;C7485G;C7518A;G7526A;A7548C;T7554G;G7561A;T7566G;T7576C;C7578A,ORF1a:M2365V;ORF1a:F2387Y;ORF1a:Y2391*;ORF1a:K2395Q;ORF1a:S2407*;ORF1a:A2418E;ORF1a:V2421I;ORF1a:N2428T;ORF1a:V2430G;ORF1a:R2432R;ORF1a:F2434C;ORF1a:Y2437Y;ORF1a:A2438D,26,260,0.1,0,
2262026,BA.2_0.05_abundance_0.2,T7445C;G7472A,ORF1a:W2394R;ORF1a:G2403S,8,275,0.029090909090909,0,
2262026,BA.2_0.05_abundance_0.2,A8993T;T9212A,ORF1a:T2910S;ORF1a:Y2983N,72,1522,0.0473061760840998,0,
2262026,BA.2_0.05_abundance_0.2,C9534T;G9648C,ORF1a:T3090I;ORF1a:W3128S,318,2091,0.152080344332855,0,
2262026,BA.2_0.05_abundance_0.2,C9534T;C9777G,ORF1a:T3090I;ORF1a:S3171C,503,1950,0.2579487179487179,0,
2262026,BA.2_0.05_abundance_0.2,C9534T;G9648C;C9777G,ORF1a:T3090I;ORF1a:W3128S;ORF1a:S3171C,174,1950,0.0892307692307692,0,
2262026,BA.2_0.05_abundance_0.2,G10447A;G10575A,ORF1a:R3394R;ORF1a:G3437D,1298,1484,0.8746630727762803,0,
2262026,BA.2_0.05_abundance_0.2,T11056C;T11070A;A11085T;T11118G;T11119A;T11151G;G11222T;G11243A;A11258T;A11277T,ORF1a:S3597S;ORF1a:L3602*;ORF1a:Y3607F;ORF1a:I3618S;ORF1a:I3618I;ORF1a:V3629G;ORF1a:V3653F;ORF1a:V3660M;ORF1a:T3665S;ORF1a:D3671V,50,1172,0.0426621160409556,0,
2262026,BA.2_0.05_abundance_0.2,T11056C;T11070A;A11085T;T11118G;T11151G;G11222T;G11243A;A11258T;A11277T,ORF1a:S3597S;ORF1a:L3602*;ORF1a:Y3607F;ORF1a:I3618S;ORF1a:V3629G;ORF1a:V3653F;ORF1a:V3660M;ORF1a:T3665S;ORF1a:D3671V,65,1172,0.0554607508532423,0,
2262026,BA.2_0.05_abundance_0.2,G11115C;T11119A,ORF1a:G3617A;ORF1a:I3618I,13,1253,0.0103750997605746,0,
2262026,BA.2_0.05_abundance_0.2,T11119A;G11179A,ORF1a:I3618I;ORF1a:L3638L,72,1253,0.057462090981644,0,
2262026,BA.2_0.05_abundance_0.2,G11378C;T11429A;T11432G;G11464A;G11483A;C11494T;G11504T;T11517A;C11518T;G11528C;T11539C;T11547C;A11567G,ORF1a:A3705P;ORF1a:Y3722N;ORF1a:Y3723D;ORF1a:M3733I;ORF1a:V3740I;ORF1a:N3743N;ORF1a:V3747L;ORF1a:V3751D;ORF1a:V3751V;ORF1a:A3755P;ORF1a:I3758I;ORF1a:M3761T;ORF1a:I3768V,121,1075,0.1125581395348837,0,
2262026,BA.2_0.05_abundance_0.2,G11683T;T11706A;T11729A;A11742T;A11759T;C11785A;T11806A;G11807C;A11827G;G11828A;A11839G;C11844G;A11854G;A11856C;C11866T;A11905G,ORF1a:L3806L;ORF1a:L3814*;ORF1a:Y3822N;ORF1a:Q3826L;ORF1a:K3832*;ORF1a:L3840L;ORF1a:V3847V;ORF1a:G3848R;ORF1a:K3854K;ORF1a:V3855I;ORF1a:V3858V;ORF1a:S3860C;ORF1a:S3863S;ORF1a:D3864A;ORF1a:C3867C;ORF1a:R3880R,7,174,0.0402298850574712,0,
2262026,BA.2_0.05_abundance_0.2,G11683T;T11706A;T11729A;A11742T;A11759T;C11785A;T11806A;G11807C;A11827G;G11828A;A11839G;C11844G;A11854G;A11856C;C11866T,ORF1a:L3806L;ORF1a:L3814*;ORF1a:Y3822N;ORF1a:Q3826L;ORF1a:K3832*;ORF1a:L3840L;ORF1a:V3847V;ORF1a:G3848R;ORF1a:K3854K;ORF1a:V3855I;ORF1a:V3858V;ORF1a:S3860C;ORF1a:S3863S;ORF1a:D3864A;ORF1a:C3867C,11,248,0.0443548387096774,0,
2262026,BA.2_0.05_abundance_0.2,A11905G;A11911T;C11919G;G11944C;G11966T;T12013A;T12017G;A12026T;G12035A;T12039G;C12043A;C12081G;A12103G;T12112A;C12138T;T12142A;T12168G;T12204C;A12206C,ORF1a:R3880R;ORF1a:E3882D;ORF1a:S3885C;ORF1a:Q3893H;ORF1a:A3901S;ORF1a:S3916S;ORF1a:L3918V;ORF1a:M3921L;ORF1a:A3924T;ORF1a:V3925G;ORF1a:D3926E;ORF1a:A3939G;ORF1a:S3946S;ORF1a:S3949R;ORF1a:A3958V;ORF1a:T3959T;ORF1a:V3968G;ORF1a:L3980S;ORF1a:K3981Q,117,1230,0.0951219512195122,0,
2262026,BA.2_0.05_abundance_0.2,A11905G;A11911T;C11919G;G11944C;G11966T;T12013A;T12017G;A12026T;G12035A;T12039G;C12043A;C12081G;A12103G;T12112A;C12138T;T12142A;T12168G,ORF1a:R3880R;ORF1a:E3882D;ORF1a:S3885C;ORF1a:Q3893H;ORF1a:A3901S;ORF1a:S3916S;ORF1a:L3918V;ORF1a:M3921L;ORF1a:A3924T;ORF1a:V3925G;ORF1a:D3926E;ORF1a:A3939G;ORF1a:S3946S;ORF1a:S3949R;ORF1a:A3958V;ORF1a:T3959T;ORF1a:V3968G,14,1371,0.0102115244347191,0,
2262026,BA.2_0.05_abundance_0.2,A11905G;A11911T;C11919G;G11944C;G11966T;T12013A;T12017G;A12026T;G12035A;T12039G;C12043A;C12081G;A12103G;T12112A;C12138T;T12142A;T12168G;T12204C;A12206C;A12228G,ORF1a:R3880R;ORF1a:E3882D;ORF1a:S3885C;ORF1a:Q3893H;ORF1a:A3901S;ORF1a:S3916S;ORF1a:L3918V;ORF1a:M3921L;ORF1a:A3924T;ORF1a:V3925G;ORF1a:D3926E;ORF1a:A3939G;ORF1a:S3946S;ORF1a:S3949R;ORF1a:A3958V;ORF1a:T3959T;ORF1a:V3968G;ORF1a:L3980S;ORF1a:K3981Q;ORF1a:K3988R,6,60,0.1,0,
2262026,BA.2_0.05_abundance_0.2,T12775A;C12880T,ORF1a:A4170A;ORF1a:I4205I,340,1756,0.1936218678815489,11,BA.2:10;BQ.1.1:1
2262026,BA.2_0.05_abundance_0.2,C13439A;A13455G;C13458A;T13463A;C13490G;C13492A;G13514A;C13517T;G13624T,ORF1a:Q4392K;ORF1a:Q4397R;ORF1a:S4398*;ORF1a:L4400I;ORF1b:A8G;ORF1b:R9S;ORF1b:G16D;ORF1b:T17I;ORF1b:D53Y,156,1327,0.1175584024114544,0,
2262026,BA.2_0.05_abundance_0.2,C14024A;G14126T,ORF1b:A186D;ORF1b:S220I,14,1367,0.0102414045354791,0,
2262026,BA.2_0.05_abundance_0.2,A14317G;T14361C;T14378C;T14389C;C14403G;C14408T;G14419A;C14422G;A14470T;C14491T;G14495C;T14526A;G14559A;T14560C,ORF1b:T284A;ORF1b:I298I;ORF1b:F304S;ORF1b:F308L;ORF1b:F312L;ORF1b:P314L;ORF1b:G318R;ORF1b:P319A;ORF1b:T335S;ORF1b:L342L;ORF1b:G343A;ORF1b:H353Q;ORF1b:V364V;ORF1b:Y365H,105,1003,0.1046859421734795,0,
2262026,BA.2_0.05_abundance_0.2,A14317G;T14361C;T14378C;T14389C;C14403G;C14408T;G14419A;C14422G,ORF1b:T284A;ORF1b:I298I;ORF1b:F304S;ORF1b:F308L;ORF1b:F312L;ORF1b:P314L;ORF1b:G318R;ORF1b:P319A,18,1725,0.0104347826086956,0,
2262026,BA.2_0.05_abundance_0.2,A14317G;T14361C;T14378C;T14389C;C14403G;C14408T;G14419A;C14422G;A14470T;C14491T;G14495C;T14526A,ORF1b:T284A;ORF1b:I298I;ORF1b:F304S;ORF1b:F308L;ORF1b:F312L;ORF1b:P314L;ORF1b:G318R;ORF1b:P319A;ORF1b:T335S;ORF1b:L342L;ORF1b:G343A;ORF1b:H353Q,60,1615,0.0371517027863777,0,
2262026,BA.2_0.05_abundance_0.2,A14317G;T14361C;T14378C;T14389C;C14403G;C14408T;G14419A;C14422G;A14470T;C14491T;G14495C;T14526A;G14559A,ORF1b:T284A;ORF1b:I298I;ORF1b:F304S;ORF1b:F308L;ORF1b:F312L;ORF1b:P314L;ORF1b:G318R;ORF1b:P319A;ORF1b:T335S;ORF1b:L342L;ORF1b:G343A;ORF1b:H353Q;ORF1b:V364V,14,1087,0.0128794848206071,0,
2262026,BA.2_0.05_abundance_0.2,G14923C;C14953A;A14977T;A14990T;T14992G;T15021C;C15024G;A15077C;T15084C;A15099C;G15115C;T15152A;T15163C;A15177T;G15178C;A15187C,ORF1b:V486L;ORF1b:P496T;ORF1b:R504*;ORF1b:D508V;ORF1b:S509A;ORF1b:L518L;ORF1b:F519L;ORF1b:Y537S;ORF1b:I539I;ORF1b:R544S;ORF1b:G550R;ORF1b:F562Y;ORF1b:L566L;ORF1b:I570I;ORF1b:A571P;ORF1b:R574R,58,621,0.0933977455716586,0,
2262026,BA.2_0.05_abundance_0.2,G14923C;C14953A;A14977T;A14990T;T14992G;T15021C;C15024G;A15077C;T15084C;A15099C;G15115C;G15138C;T15152A;T15163C;A15177T;G15178C;A15187C,ORF1b:V486L;ORF1b:P496T;ORF1b:R504*;ORF1b:D508V;ORF1b:S509A;ORF1b:L518L;ORF1b:F519L;ORF1b:Y537S;ORF1b:I539I;ORF1b:R544S;ORF1b:G550R;ORF1b:M557I;ORF1b:F562Y;ORF1b:L566L;ORF1b:I570I;ORF1b:A571P;ORF1b:R574R,7,621,0.0112721417069243,0,
2262026,BA.2_0.05_abundance_0.2,T15551G;A15564T;A15612C;C15631A;A15639C;G15644A;T15674C;C15714T;T15726C;A15740T;C15746A;T15756G;T15801A;T15815G;T15816C;T15817G;A15820T,ORF1b:V695G;ORF1b:L699F;ORF1b:Q715H;ORF1b:L722I;ORF1b:R724S;ORF1b:R726K;ORF1b:F736S;ORF1b:L749L;ORF1b:A753A;ORF1b:N758I;ORF1b:T760N;ORF1b:S763S;ORF1b:Y778*;ORF1b:V783G;ORF1b:V783V;ORF1b:F784V;ORF1b:M785L,298,3163,0.0942143534619032,0,
2262026,BA.2_0.05_abundance_0.2,T15551G;A15564T;A15612C;C15631A;A15639C;G15644A;T15674C;C15714T;T15726C;A15740T;C15746A;T15756G;T15801A;T15815G;T15816C;T15817G;A15820T;A15861G,ORF1b:V695G;ORF1b:L699F;ORF1b:Q715H;ORF1b:L722I;ORF1b:R724S;ORF1b:R726K;ORF1b:F736S;ORF1b:L749L;ORF1b:A753A;ORF1b:N758I;ORF1b:T760N;ORF1b:S763S;ORF1b:Y778*;ORF1b:V783G;ORF1b:V783V;ORF1b:F784V;ORF1b:M785L;ORF1b:K798K,11,94,0.1170212765957446,0,
2262026,BA.2_0.05_abundance_0.2,A15861G;C15904T;T15927C;G15955T;G15995C;G16027T;T16029A;T16074A;A16102G;A16105G;C16134A;T16147A;T16155C;G16158A,ORF1b:K798K;ORF1b:Q813*;ORF1b:L820L;ORF1b:G830W;ORF1b:G843A;ORF1b:A854S;ORF1b:A854A;ORF1b:A869A;ORF1b:I879V;ORF1b:R880G;ORF1b:H889Q;ORF1b:Y894N;ORF1b:V896V;ORF1b:M897I,36,765,0.0470588235294117,0,
2262026,BA.2_0.05_abundance_0.2,A15861G;C15904T;T15927C;G15955T;G15995C;G16027T;T16029A,ORF1b:K798K;ORF1b:Q813*;ORF1b:L820L;ORF1b:G830W;ORF1b:G843A;ORF1b:A854S;ORF1b:A854A,10,908,0.0110132158590308,0,
2262026,BA.2_0.05_abundance_0.2,A15861G;C15904T;T15927C;G15955T;G15995C;G16027T;T16029A;T16074A;A16105G;C16134A;T16147A;T16155C;G16158A,ORF1b:K798K;ORF1b:Q813*;ORF1b:L820L;ORF1b:G830W;ORF1b:G843A;ORF1b:A854S;ORF1b:A854A;ORF1b:A869A;ORF1b:R880G;ORF1b:H889Q;ORF1b:Y894N;ORF1b:V896V;ORF1b:M897I,20,765,0.0261437908496732,0,
2262026,BA.2_0.05_abundance_0.2,A15861G;C15904T;T15927C;G15955T;G15995C;G16027T;T16029A;T16074A;A16105G;C16134A;T16147A;T16155C;G16158A;A16172C,ORF1b:K798K;ORF1b:Q813*;ORF1b:L820L;ORF1b:G830W;ORF1b:G843A;ORF1b:A854S;ORF1b:A854A;ORF1b:A869A;ORF1b:R880G;ORF1b:H889Q;ORF1b:Y894N;ORF1b:V896V;ORF1b:M897I;ORF1b:N902T,5,232,0.021551724137931,0,
2262026,BA.2_0.05_abundance_0.2,A15861G;C15904T;T15927C;G15955T;G15995C;G16027T;T16029A;T16074A;A16102G;A16105G;C16134A;T16147A;T16155C;G16158A;A16172C,ORF1b:K798K;ORF1b:Q813*;ORF1b:L820L;ORF1b:G830W;ORF1b:G843A;ORF1b:A854S;ORF1b:A854A;ORF1b:A869A;ORF1b:I879V;ORF1b:R880G;ORF1b:H889Q;ORF1b:Y894N;ORF1b:V896V;ORF1b:M897I;ORF1b:N902T,12,232,0.0517241379310344,0,
2262026,BA.2_0.05_abundance_0.2,G15871T;A16102G,ORF1b:E802*;ORF1b:I879V,264,3255,0.0811059907834101,0,
2262026,BA.2_0.05_abundance_0.2,C15904T;T15927C;G15955T;G15995C;G16027T;T16029A;T16074A;A16105G;C16134A;T16147A;T16155C;G16158A,ORF1b:Q813*;ORF1b:L820L;ORF1b:G830W;ORF1b:G843A;ORF1b:A854S;ORF1b:A854A;ORF1b:A869A;ORF1b:R880G;ORF1b:H889Q;ORF1b:Y894N;ORF1b:V896V;ORF1b:M897I,60,2971,0.02019522046449,0,
2262026,BA.2_0.05_abundance_0.2,C15904T;T15927C;G15955T;G15995C;G16027T;T16029A;T16074A;A16102G;A16105G;C16134A;T16147A;T16155C;G16158A,ORF1b:Q813*;ORF1b:L820L;ORF1b:G830W;ORF1b:G843A;ORF1b:A854S;ORF1b:A854A;ORF1b:A869A;ORF1b:I879V;ORF1b:R880G;ORF1b:H889Q;ORF1b:Y894N;ORF1b:V896V;ORF1b:M897I,101,2971,0.0339952877818916,0,
2262026,BA.2_0.05_abundance_0.2,C15904T;T15927C;G15955T;G15995C;G16027T;T16029A;T16074A;A16102G;A16105G;C16134A;T16147A;T16155C;G16158A;A16172C,ORF1b:Q813*;ORF1b:L820L;ORF1b:G830W;ORF1b:G843A;ORF1b:A854S;ORF1b:A854A;ORF1b:A869A;ORF1b:I879V;ORF1b:R880G;ORF1b:H889Q;ORF1b:Y894N;ORF1b:V896V;ORF1b:M897I;ORF1b:N902T,27,920,0.0293478260869565,0,
2262026,BA.2_0.05_abundance_0.2,C15904T;T15927C;G15955T;G15995C;G16027T;T16029A;T16074A;A16105G;C16134A;T16147A;T16155C;G16158A;A16172C,ORF1b:Q813*;ORF1b:L820L;ORF1b:G830W;ORF1b:G843A;ORF1b:A854S;ORF1b:A854A;ORF1b:A869A;ORF1b:R880G;ORF1b:H889Q;ORF1b:Y894N;ORF1b:V896V;ORF1b:M897I;ORF1b:N902T,22,920,0.0239130434782608,0,
2262026,BA.2_0.05_abundance_0.2,C15904T;T15927C;G15955T;G15995C;G16027T;T16029A;T16074A;A16102G;A16105G;C16134A;T16147A;T16155C;G16158A;A16172C;A16179C,ORF1b:Q813*;ORF1b:L820L;ORF1b:G830W;ORF1b:G843A;ORF1b:A854S;ORF1b:A854A;ORF1b:A869A;ORF1b:I879V;ORF1b:R880G;ORF1b:H889Q;ORF1b:Y894N;ORF1b:V896V;ORF1b:M897I;ORF1b:N902T;ORF1b:S904S,6,231,0.0259740259740259,0,
2262026,BA.2_0.05_abundance_0.2,G16158A;A16172C;A16179C;T16185C;A16214C;A16216T;A16227C;A16261T;A16268T;G16322C;C16409A;C16418T;C16457G,ORF1b:M897I;ORF1b:N902T;ORF1b:S904S;ORF1b:Y906Y;ORF1b:Y916S;ORF1b:T917S;ORF1b:T920T;ORF1b:N932Y;ORF1b:Q934L;ORF1b:C952S;ORF1b:T981K;ORF1b:T984I;ORF1b:S997*,13,181,0.0718232044198895,0,
2262026,BA.2_0.05_abundance_0.2,A16172C;A16179C;T16185C;A16214C;A16216T;A16227C;A16261T;A16268T;G16322C;C16409A;C16418T;C16457G,ORF1b:N902T;ORF1b:S904S;ORF1b:Y906Y;ORF1b:Y916S;ORF1b:T917S;ORF1b:T920T;ORF1b:N932Y;ORF1b:Q934L;ORF1b:C952S;ORF1b:T981K;ORF1b:T984I;ORF1b:S997*,6,249,0.0240963855421686,0,
2262026,BA.2_0.05_abundance_0.2,T16778G;A16804C;T16809C;A16819C;A16824T;G16855C;T16863C;T16884G;A16889C;A16895C;T16911A;T16926C;T16931G;C16952A;C16961T;C17028T;T17052A;A17063G;A17101G,ORF1b:V1104G;ORF1b:N1113H;ORF1b:S1114S;ORF1b:I1118L;ORF1b:G1119G;ORF1b:D1130H;ORF1b:V1132V;ORF1b:T1139T;ORF1b:K1141T;ORF1b:N1143T;ORF1b:F1148L;ORF1b:H1153H;ORF1b:V1155G;ORF1b:T1162K;ORF1b:P1165L;ORF1b:S1187S;ORF1b:V1195V;ORF1b:K1199R;ORF1b:S1212G,13,278,0.0467625899280575,0,
2262026,BA.2_0.05_abundance_0.2,A16804C;T16809C;A16819C;A16824T;G16855C;T16863C;T16884G;A16889C;A16895C;T16911A;T16926C;T16931G;C16952A;C16961T;C17028T;T17052A;A17063G,ORF1b:N1113H;ORF1b:S1114S;ORF1b:I1118L;ORF1b:G1119G;ORF1b:D1130H;ORF1b:V1132V;ORF1b:T1139T;ORF1b:K1141T;ORF1b:N1143T;ORF1b:F1148L;ORF1b:H1153H;ORF1b:V1155G;ORF1b:T1162K;ORF1b:P1165L;ORF1b:S1187S;ORF1b:V1195V;ORF1b:K1199R,24,2125,0.0112941176470588,0,
2262026,BA.2_0.05_abundance_0.2,A16804C;T16809C;A16819C;A16824T;G16855C;T16863C;T16884G;A16889C;A16895C;T16911A;T16926C;T16931G;C16952A;C16961T;C17028T;T17052A;A17063G;A17101G,ORF1b:N1113H;ORF1b:S1114S;ORF1b:I1118L;ORF1b:G1119G;ORF1b:D1130H;ORF1b:V1132V;ORF1b:T1139T;ORF1b:K1141T;ORF1b:N1143T;ORF1b:F1148L;ORF1b:H1153H;ORF1b:V1155G;ORF1b:T1162K;ORF1b:P1165L;ORF1b:S1187S;ORF1b:V1195V;ORF1b:K1199R;ORF1b:S1212G,138,1903,0.0725170782974251,0,
2262026,BA.2_0.05_abundance_0.2,A16804C;T16809C;A16819C;A16824T;G16855C;T16863C;T16884G;A16889C;A16895C;T16911A;T16926C;T16931G;C16952A;C16961T;C17028T;T17052A;A17063G;A17101G;G17117T,ORF1b:N1113H;ORF1b:S1114S;ORF1b:I1118L;ORF1b:G1119G;ORF1b:D1130H;ORF1b:V1132V;ORF1b:T1139T;ORF1b:K1141T;ORF1b:N1143T;ORF1b:F1148L;ORF1b:H1153H;ORF1b:V1155G;ORF1b:T1162K;ORF1b:P1165L;ORF1b:S1187S;ORF1b:V1195V;ORF1b:K1199R;ORF1b:S1212G;ORF1b:G1217V,15,413,0.036319612590799,0,
2262026,BA.2_0.05_abundance_0.2,A16804C;T16809C;A16819C;A16824T;G16855C;T16863C;T16884G;A16889C;A16895C;T16911A;T16926C;T16931G;C16952A;C16961T;C17028T;T17052A;A17063G;A17101G;G17117T;T17126C,ORF1b:N1113H;ORF1b:S1114S;ORF1b:I1118L;ORF1b:G1119G;ORF1b:D1130H;ORF1b:V1132V;ORF1b:T1139T;ORF1b:K1141T;ORF1b:N1143T;ORF1b:F1148L;ORF1b:H1153H;ORF1b:V1155G;ORF1b:T1162K;ORF1b:P1165L;ORF1b:S1187S;ORF1b:V1195V;ORF1b:K1199R;ORF1b:S1212G;ORF1b:G1217V;ORF1b:L1220P,7,71,0.0985915492957746,0,
2262026,BA.2_0.05_abundance_0.2,A17101G;G17117T;T17126C;G17162A;T17166C;T17169A;A17199C;T17210C;T17255A;T17263A;A17270G;A17294G;A17300G;T17306C;G17320A;G17331A;A17332T;T17353A;G17359C;T17400G,ORF1b:S1212G;ORF1b:G1217V;ORF1b:L1220P;ORF1b:C1232Y;ORF1b:S1233S;ORF1b:H1234Q;ORF1b:A1244A;ORF1b:L1248S;ORF1b:V1263E;ORF1b:F1266I;ORF1b:K1268R;ORF1b:E1276G;ORF1b:Y1278C;ORF1b:F1280S;ORF1b:A1285T;ORF1b:E1288E;ORF1b:T1289S;ORF1b:F1296I;ORF1b:E1298Q;ORF1b:N1311K,29,906,0.032008830022075,0,
2262026,BA.2_0.05_abundance_0.2,A17101G;G17117T;T17126C;G17162A;T17166C;T17169A;A17199C;T17210C;T17255A;T17263A;A17270G;A17294G;A17300G;T17306C;G17320A;G17331A;A17332T;T17353A;G17359C,ORF1b:S1212G;ORF1b:G1217V;ORF1b:L1220P;ORF1b:C1232Y;ORF1b:S1233S;ORF1b:H1234Q;ORF1b:A1244A;ORF1b:L1248S;ORF1b:V1263E;ORF1b:F1266I;ORF1b:K1268R;ORF1b:E1276G;ORF1b:Y1278C;ORF1b:F1280S;ORF1b:A1285T;ORF1b:E1288E;ORF1b:T1289S;ORF1b:F1296I;ORF1b:E1298Q,11,990,0.0111111111111111,0,
2262026,BA.2_0.05_abundance_0.2,A17101G;G17117T;T17126C;G17162A;T17166C;T17169A;A17199C;T17210C;T17255A;T17263A;A17270G;A17294G;A17300G;T17306C;G17320A;G17331A;A17332T;T17353A;G17359C;T17400G;C17410T,ORF1b:S1212G;ORF1b:G1217V;ORF1b:L1220P;ORF1b:C1232Y;ORF1b:S1233S;ORF1b:H1234Q;ORF1b:A1244A;ORF1b:L1248S;ORF1b:V1263E;ORF1b:F1266I;ORF1b:K1268R;ORF1b:E1276G;ORF1b:Y1278C;ORF1b:F1280S;ORF1b:A1285T;ORF1b:E1288E;ORF1b:T1289S;ORF1b:F1296I;ORF1b:E1298Q;ORF1b:N1311K;ORF1b:R1315C,68,650,0.1046153846153846,0,
2262026,BA.2_0.05_abundance_0.2,G17117T;T17126C;G17162A;T17166C;T17169A;A17199C;T17210C;T17255A;T17263A;A17270G;A17294G;A17300G;T17306C;G17320A;G17331A;A17332T;T17353A;G17359C;T17400G;C17410T,ORF1b:G1217V;ORF1b:L1220P;ORF1b:C1232Y;ORF1b:S1233S;ORF1b:H1234Q;ORF1b:A1244A;ORF1b:L1248S;ORF1b:V1263E;ORF1b:F1266I;ORF1b:K1268R;ORF1b:E1276G;ORF1b:Y1278C;ORF1b:F1280S;ORF1b:A1285T;ORF1b:E1288E;ORF1b:T1289S;ORF1b:F1296I;ORF1b:E1298Q;ORF1b:N1311K;ORF1b:R1315C,102,1836,0.0555555555555555,0,
2262026,BA.2_0.05_abundance_0.2,G17117T;T17126C;G17162A;T17166C;T17169A;A17199C;T17210C;T17255A;T17263A;A17270G;A17294G;A17300G;T17306C;G17320A;G17331A;A17332T;T17353A;G17359C;T17400G,ORF1b:G1217V;ORF1b:L1220P;ORF1b:C1232Y;ORF1b:S1233S;ORF1b:H1234Q;ORF1b:A1244A;ORF1b:L1248S;ORF1b:V1263E;ORF1b:F1266I;ORF1b:K1268R;ORF1b:E1276G;ORF1b:Y1278C;ORF1b:F1280S;ORF1b:A1285T;ORF1b:E1288E;ORF1b:T1289S;ORF1b:F1296I;ORF1b:E1298Q;ORF1b:N1311K,56,2558,0.0218921032056294,0,
2262026,BA.2_0.05_abundance_0.2,G17749C;G17753T;A17775T;A17791T;T17812A;G17815T;A17823G;A17853C;T17859A;A17889T;T17978C;A17984T,ORF1b:A1428P;ORF1b:W1429L;ORF1b:S1436S;ORF1b:N1442Y;ORF1b:L1449M;ORF1b:G1450*;ORF1b:P1452P;ORF1b:S1462S;ORF1b:Y1464*;ORF1b:E1474D;ORF1b:L1504P;ORF1b:D1506V,89,868,0.1025345622119815,0,
2262026,BA.2_0.05_abundance_0.2,G18968A;A18969G;A18982G;T19016G;G19056A;A19073G;G19086A;T19110A;A19116G;A19123T;A19134G;T19139C;T19146G;T19149C;A19210G;G19211T;A19212C;G19219A;C19227T;T19233A;T19241C;T19248G;C19255G,ORF1b:R1834K;ORF1b:R1834R;ORF1b:M1839V;ORF1b:F1850C;ORF1b:K1863K;ORF1b:D1869G;ORF1b:K1873K;ORF1b:S1881R;ORF1b:K1883K;ORF1b:K1886*;ORF1b:E1889E;ORF1b:F1891S;ORF1b:S1893S;ORF1b:Y1894Y;ORF1b:R1915G;ORF1b:R1915I;ORF1b:R1915S;ORF1b:A1918T;ORF1b:S1920S;ORF1b:V1922V;ORF1b:F1925S;ORF1b:T1927T;ORF1b:L1930V,21,193,0.1088082901554404,0,
2262026,BA.2_0.05_abundance_0.2,G18968A;A18969G;A18982G;T19016G;G19056A;A19073G;G19086A;T19110A;A19116G;A19123T;A19134G;T19139C,ORF1b:R1834K;ORF1b:R1834R;ORF1b:M1839V;ORF1b:F1850C;ORF1b:K1863K;ORF1b:D1869G;ORF1b:K1873K;ORF1b:S1881R;ORF1b:K1883K;ORF1b:K1886*;ORF1b:E1889E;ORF1b:F1891S,6,305,0.0196721311475409,0,
2262026,BA.2_0.05_abundance_0.2,C18981A;T19135A,ORF1b:H1838Q;ORF1b:L1890I,52,305,0.1704918032786885,0,
2262026,BA.2_0.05_abundance_0.2,C18981A;A19131T;T19135A,ORF1b:H1838Q;ORF1b:E1888D;ORF1b:L1890I,16,305,0.0524590163934426,0,
2262026,BA.2_0.05_abundance_0.2,C18981A;A19131T,ORF1b:H1838Q;ORF1b:E1888D,12,305,0.0393442622950819,0,
2262026,BA.2_0.05_abundance_0.2,A19131T;T19135A,ORF1b:E1888D;ORF1b:L1890I,9,305,0.0295081967213114,0,
2262026,BA.2_0.05_abundance_0.2,G20518A;G20548A;T20563A;T20570C;T20573G;T20579G;T20606G;T20609A;G20616T;G20618A;T20625G;C20629T;C20646A;T20671C;T20690G;G20691C;T20701G;A20711G;T20717A;A20744T;A20766G;C20790T;A20796T;G20808C,ORF1b:D2351N;ORF1b:D2361N;ORF1b:S2366T;ORF1b:V2368A;ORF1b:V2369G;ORF1b:V2371G;ORF1b:F2380C;ORF1b:M2381K;ORF1b:W2383C;ORF1b:C2384Y;ORF1b:D2386E;ORF1b:H2388Y;ORF1b:Y2393*;ORF1b:W2402R;ORF1b:M2408R;ORF1b:M2408I;ORF1b:Y2412D;ORF1b:Q2415R;ORF1b:M2417K;ORF1b:N2426I;ORF1b:L2433L;ORF1b:V2441V;ORF1b:K2443N;ORF1b:L2447L,150,1514,0.0990752972258916,0,
2262026,BA.2_0.05_abundance_0.2,T21147A;G21152T;G21159A;A21176C;T21184G;A21203C;T21206C;C21230A;C21257T;A21290T;G21316A;T21322A;A21343G;G21354C;T21382A;T21385G;T21391C;A21400C;C21410G;C21412A,ORF1b:L2560L;ORF1b:G2562V;ORF1b:V2564V;ORF1b:E2570A;ORF1b:W2573G;ORF1b:K2579T;ORF1b:L2580P;ORF1b:T2588K;ORF1b:S2597L;ORF1b:Y2608F;ORF1b:D2617N;ORF1b:Y2619N;ORF1b:I2626V;ORF1b:R2629S;ORF1b:Y2639N;ORF1b:S2640A;ORF1b:F2642L;ORF1b:S2645R;ORF1b:P2648R;ORF1b:L2649I,66,608,0.1085526315789473,0,
2262026,BA.2_0.05_abundance_0.2,T21147A;G21152T;G21159A;A21176C;T21184G;A21203C;T21206C;C21230A;C21257T;A21290T;G21316A;T21322A;A21343G;G21354C;T21382A;T21385G;T21391C;A21400C,ORF1b:L2560L;ORF1b:G2562V;ORF1b:V2564V;ORF1b:E2570A;ORF1b:W2573G;ORF1b:K2579T;ORF1b:L2580P;ORF1b:T2588K;ORF1b:S2597L;ORF1b:Y2608F;ORF1b:D2617N;ORF1b:Y2619N;ORF1b:I2626V;ORF1b:R2629S;ORF1b:Y2639N;ORF1b:S2640A;ORF1b:F2642L;ORF1b:S2645R,16,798,0.0200501253132832,0,
2262026,BA.2_0.05_abundance_0.2,T21702C;A21720T;T21756A;A21768C;G21795C;T21818C;C21843A;A21858G;G21869C;G21873T;A21875G;C21904G;C21910T;A21913T;A21917T;A21923C;T21937C;C21962A;G21987A,S:V47A;S:D53V;S:F65Y;S:H69P;S:R78T;S:F86L;S:S94Y;S:N99S;S:G103R;S:W104L;S:I105V;S:T114T;S:S116S;S:L117L;S:I119F;S:N121H;S:N125N;S:Q134K;S:G142D,69,644,0.1071428571428571,0,
2262026,BA.2_0.05_abundance_0.2,G22578A;C22674T;T22679C;C22686T;A22688G;G22781T;G22813T,S:G339D;S:S371F;S:S373P;S:S375F;S:T376A;S:V407F;S:K417N,106,367,0.2888283378746594,0,
2262026,BA.2_0.05_abundance_0.2,G22992A;C22995A;A23013C;A23040G;A23083G,S:S477N;S:T478K;S:E484A;S:Q493R;S:P507P,10,30,0.3333333333333333,248,BA.2.3.13:9;BA.1.17.2:7;BA.1.1:206;BA.2:15;BA.2.9:2;BA.1:1;BA.1.1.2:1;BA.1.15:1;BA.2.23:2;BA.2.65:1;BA.1.1.18:1;BA.2.3:1;BA.2.9.3:1
2262026,BA.2_0.05_abundance_0.2,G22992A;C22995A;A23013C;A23040G;T23051G,S:S477N;S:T478K;S:E484A;S:Q493R;S:F497V,7,30,0.2333333333333333,2,BA.2:2
2262026,BA.2_0.05_abundance_0.2,T23507A;C23530T;A23534C;T23540G;A23566C;A23570G;A23588T;T23599G;C23604A;G23628A;A23665C;A23670C;G23675A;T23680G;A23696G;A23760C;A23772G,S:C649S;S:V656V;S:N658H;S:Y660D;S:A668A;S:I670V;S:T676S;S:N679K;S:P681H;S:S689N;S:A701A;S:N703T;S:V705I;S:A706A;S:I712V;S:K733T;S:D737G,38,411,0.0924574209245742,0,
2262026,BA.2_0.05_abundance_0.2,T23507A;C23530T;A23534C;T23540G;A23566C;A23570G;A23588T;T23599G;C23604A;G23628A;A23665C;A23670C;G23675A;T23680G;A23696G;A23760C;A23772G;C23809T;A23810C,S:C649S;S:V656V;S:N658H;S:Y660D;S:A668A;S:I670V;S:T676S;S:N679K;S:P681H;S:S689N;S:A701A;S:N703T;S:V705I;S:A706A;S:I712V;S:K733T;S:D737G;S:C749C;S:S750R,13,126,0.1031746031746031,0,
2262026,BA.2_0.05_abundance_0.2,T23507A;C23530T;A23534C;T23540G;A23566C;A23570G;A23588T;T23599G;C23604A;G23628A;A23665C;A23670C;G23675A;T23680G,S:C649S;S:V656V;S:N658H;S:Y660D;S:A668A;S:I670V;S:T676S;S:N679K;S:P681H;S:S689N;S:A701A;S:N703T;S:V705I;S:A706A,6,441,0.0136054421768707,0,
2262026,BA.2_0.05_abundance_0.2,G24740C;G24757C;C24801G;A24820T;T24829A;A24860G;A24874C;C24878G;T24887G;A24894G;T24906G;G24933A;A24950G;T24951G;C24964G;C24986T;C25000T;T25030A,S:V1060L;S:V1065V;S:A1080G;S:K1086N;S:F1089L;S:T1100A;S:V1104V;S:Q1106E;S:F1109V;S:E1111G;S:I1115S;S:G1124D;S:I1130V;S:I1130R;S:N1134K;S:Q1142*;S:D1146D;S:F1156L,112,1124,0.099644128113879,0,
2262026,BA.2_0.05_abundance_0.2,G24740C;G24757C;C24801G;A24820T;T24829A;A24860G;A24874C;C24878G;T24887G;A24894G;T24906G;G24933A;A24950G;T24951G;C24964G;C24986T;C25000T,S:V1060L;S:V1065V;S:A1080G;S:K1086N;S:F1089L;S:T1100A;S:V1104V;S:Q1106E;S:F1109V;S:E1111G;S:I1115S;S:G1124D;S:I1130V;S:I1130R;S:N1134K;S:Q1142*;S:D1146D,35,1414,0.0247524752475247,0,
2262026,BA.2_0.05_abundance_0.2,T24841A;C25000T,S:G1093G;S:D1146D,93,1430,0.065034965034965,9,BA.5.1.1:7;BA.2.27:1;BA.2.3:1
2262026,BA.2_0.05_abundance_0.2,A24978T;C25000T,S:D1139V;S:D1146D,118,1430,0.0825174825174825,9,BA.5.6:2;BA.5.2:1;BA.5.5:1;BA.2.12.1:4;BA.2.29:1
2262026,BA.2_0.05_abundance_0.2,G25311T;T25319C;G25331T;T25343C;A25360C;A25367G;T25414C;T25461A;A25462C;C25584T;T25633A,S:C1250F;S:C1253R;S:D1257Y;S:S1261P;S:K1266N;S:K1269E;ORF3a:F8L;ORF3a:A23A;ORF3a:T24P;ORF3a:T64T;ORF3a:C81S,25,236,0.1059322033898305,0,
2262026,BA.2_0.05_abundance_0.2,G25311T;T25319C;G25331T;T25343C;A25360C;A25367G;T25414C;T25461A;A25462C;C25584T,S:C1250F;S:C1253R;S:D1257Y;S:S1261P;S:K1266N;S:K1269E;ORF3a:F8L;ORF3a:A23A;ORF3a:T24P;ORF3a:T64T,33,494,0.0668016194331983,0,
2262026,BA.2_0.05_abundance_0.2,T25319C;G25331T;T25343C;A25360C;A25367G;T25414C;T25461A;A25462C;C25584T,S:C1253R;S:D1257Y;S:S1261P;S:K1266N;S:K1269E;ORF3a:F8L;ORF3a:A23A;ORF3a:T24P;ORF3a:T64T,73,1726,0.0422943221320973,0,
2262026,BA.2_0.05_abundance_0.2,T25319C;G25331T;T25343C;A25360C;A25367G;T25414C;T25461A;A25462C;C25584T;T25633A,S:C1253R;S:D1257Y;S:S1261P;S:K1266N;S:K1269E;ORF3a:F8L;ORF3a:A23A;ORF3a:T24P;ORF3a:T64T;ORF3a:C81S,54,860,0.0627906976744186,0,
2262026,BA.2_0.05_abundance_0.2,G25331T;T25343C;A25360C;A25367G;T25414C;T25461A;A25462C;C25584T,S:D1257Y;S:S1261P;S:K1266N;S:K1269E;ORF3a:F8L;ORF3a:A23A;ORF3a:T24P;ORF3a:T64T,42,2490,0.016867469879518,0,
2262026,BA.2_0.05_abundance_0.2,G25331T;T25343C;A25360C;A25367G;T25414C;T25461A;A25462C;C25584T;T25633A,S:D1257Y;S:S1261P;S:K1266N;S:K1269E;ORF3a:F8L;ORF3a:A23A;ORF3a:T24P;ORF3a:T64T;ORF3a:C81S,35,1239,0.0282485875706214,0,
2262026,BA.2_0.05_abundance_0.2,C26270T;C26309G;G26314C;T26355C;C26376G;A26380C;T26409G;C26421G;A26472T;T26524A,E:T9I;E:A22G;E:V24L;E:L37L;E:C44W;E:I46L;E:S55S;E:Y59*;E:*76TyrexX;M:MX,6,46,0.1304347826086956,0,
2262026,BA.2_0.05_abundance_0.2,C26577G;T26599G;G26709A,M:Q19E;M:F26C;M:A63T,45,3310,0.0135951661631419,16,BA.2:15;BA.2.12.1:1
2262026,BA.2_0.05_abundance_0.2,C26577G;T26599G;G26709A;C26858T,M:Q19E;M:F26C;M:A63T;M:F112F,273,2910,0.0938144329896907,16,BA.2:15;BA.2.12.1:1
2262026,BA.2_0.05_abundance_0.2,C26577G;G26581C;G26709A;C26858T,M:Q19E;M:W20S;M:A63T;M:F112F,96,2910,0.0329896907216494,1,BA.2:1
2262026,BA.2_0.05_abundance_0.2,C27208A;G27225T;A27246C;A27259C;G27261C;C27263T;G27281A;T27291G;T27296G;A27317T;A27321C;G27327T;T27328G;A27359G;A27372G;G27382C;A27383T;T27384C;A27399G;G27420A;C27427A;G27430T;C27434A;T27483G;A27491T;C27494A,ORF6:H3N;ORF6:Q8H;ORF6:L15F;ORF6:R20R;ORF6:R20S;ORF6:T21I;ORF6:W27*;ORF6:D30E;ORF6:I32S;ORF6:N39I;ORF6:L40F;ORF6:K42N;ORF6:S43A;ORF6:D53G;ORF6:P57P;ORF6:D61H;ORF6:D61V;ORF6:D61D;ORF7a:K2K;ORF7a:L9L;ORF7a:L12I;ORF7a:A13S;ORF7a:T14N;ORF7a:L30L;ORF7a:E33V;ORF7a:P34H,21,617,0.0340356564019448,0,
2262026,BA.2_0.05_abundance_0.2,C27208A;G27225T;A27241T;A27246C;A27259C;G27261C;C27263T;G27281A;T27291G;T27296G;A27317T;A27321C;G27327T;T27328G;A27359G;A27372G;G27382C;A27383T;T27384C;A27399G;G27420A;C27427A;G27430T;C27434A;T27483G,ORF6:H3N;ORF6:Q8H;ORF6:I14L;ORF6:L15F;ORF6:R20R;ORF6:R20S;ORF6:T21I;ORF6:W27*;ORF6:D30E;ORF6:I32S;ORF6:N39I;ORF6:L40F;ORF6:K42N;ORF6:S43A;ORF6:D53G;ORF6:P57P;ORF6:D61H;ORF6:D61V;ORF6:D61D;ORF7a:K2K;ORF7a:L9L;ORF7a:L12I;ORF7a:A13S;ORF7a:T14N;ORF7a:L30L,14,1254,0.011164274322169,0,
2262026,BA.2_0.05_abundance_0.2,C27208A;G27225T;A27241T;A27246C;A27259C;G27261C;C27263T;G27281A;T27291G;T27296G;A27317T;A27321C;G27327T;T27328G;A27359G;A27372G;G27382C;A27383T;T27384C;A27399G;G27420A;C27427A;G27430T;C27434A;T27483G;A27491T,ORF6:H3N;ORF6:Q8H;ORF6:I14L;ORF6:L15F;ORF6:R20R;ORF6:R20S;ORF6:T21I;ORF6:W27*;ORF6:D30E;ORF6:I32S;ORF6:N39I;ORF6:L40F;ORF6:K42N;ORF6:S43A;ORF6:D53G;ORF6:P57P;ORF6:D61H;ORF6:D61V;ORF6:D61D;ORF7a:K2K;ORF7a:L9L;ORF7a:L12I;ORF7a:A13S;ORF7a:T14N;ORF7a:L30L;ORF7a:E33V,22,946,0.0232558139534883,0,
2262026,BA.2_0.05_abundance_0.2,C27208A;G27225T;A27246C;A27259C;G27261C;C27263T;G27281A;T27291G;T27296G;A27317T;A27321C;G27327T;T27328G;A27359G;A27372G;G27382C;A27383T;T27384C;A27399G;G27420A;C27427A;G27430T;C27434A;T27483G;A27491T,ORF6:H3N;ORF6:Q8H;ORF6:L15F;ORF6:R20R;ORF6:R20S;ORF6:T21I;ORF6:W27*;ORF6:D30E;ORF6:I32S;ORF6:N39I;ORF6:L40F;ORF6:K42N;ORF6:S43A;ORF6:D53G;ORF6:P57P;ORF6:D61H;ORF6:D61V;ORF6:D61D;ORF7a:K2K;ORF7a:L9L;ORF7a:L12I;ORF7a:A13S;ORF7a:T14N;ORF7a:L30L;ORF7a:E33V,14,946,0.014799154334038,0,
2262026,BA.2_0.05_abundance_0.2,C27208A;G27225T;A27241T;A27246C;A27259C;G27261C;C27263T;G27281A;T27291G;T27296G;A27317T;A27321C;G27327T;T27328G;A27359G;A27372G;G27382C;A27383T;T27384C;A27399G;G27420A;C27427A;G27430T;C27434A;T27483G;A27491T;C27494A,ORF6:H3N;ORF6:Q8H;ORF6:I14L;ORF6:L15F;ORF6:R20R;ORF6:R20S;ORF6:T21I;ORF6:W27*;ORF6:D30E;ORF6:I32S;ORF6:N39I;ORF6:L40F;ORF6:K42N;ORF6:S43A;ORF6:D53G;ORF6:P57P;ORF6:D61H;ORF6:D61V;ORF6:D61D;ORF7a:K2K;ORF7a:L9L;ORF7a:L12I;ORF7a:A13S;ORF7a:T14N;ORF7a:L30L;ORF7a:E33V;ORF7a:P34H,26,617,0.0421393841166936,0,
2262026,BA.2_0.05_abundance_0.2,A27241T;C27247G;A27259C;G27382C;A27383T;T27384C,ORF6:I14L;ORF6:L16V;ORF6:R20R;ORF6:D61H;ORF6:D61V;ORF6:D61D,46,1435,0.0320557491289198,0,
2262026,BA.2_0.05_abundance_0.2,C27247G;A27259C;G27382C;A27383T;T27384C,ORF6:L16V;ORF6:R20R;ORF6:D61H;ORF6:D61V;ORF6:D61D,43,1435,0.029965156794425,3,BA.2:2;BA.2.12.1:1
2262026,BA.2_0.05_abundance_0.2,A28155T;C28311T;C28331T,ORF8:I88F;N:P13L;N:P20S,484,1617,0.2993197278911564,0,
2262026,BA.2_0.05_abundance_0.2,A28155T;C28311T,ORF8:I88F;N:P13L,310,1730,0.1791907514450867,74,BA.5.2:2;BA.4.6:2;BA.2.3.13:4;BA.5.2.1:12;BA.2.12.1:1;BF.1:1;CH.1.1:1;BA.2.3:1;BA.5.5:13;BF.14:1;BA.1:1;BA.5.2.6:2;BA.1.1:4;BA.2:1;BA.5.1.22:1;BA.4.4:1;BA.1.15.1:4;BA.5.1:5;BF.7.8:6;BA.4:1;BA.5.1.10:2;BF.21:1;BA.1.18:1;BA.2.65:1;BA.2.10:1;BA.4.1.1:1;BA.1.1.18:2;BN.1.2:1
2262026,BA.2_0.05_abundance_0.2,C28311T;C28331T,N:P13L;N:P20S,581,1619,0.358863495985176,677,BA.5.5.3:6;B.1.2:13;BA.1.1.18:3;BA.5.1.5:22;BA.5.2:81;BA.1.15:25;BA.1.14:5;BA.2.12.1:16;BA.2.9:18;BA.5.2.20:36;BA.2.25:54;BF.5:2;BA.5.2.1:18;XBB.4:1;BA.5.1.16:1;BA.5.1:7;BA.1.1:75;BA.5.1.12:1;BA.2.10:4;BA.5.1.25:1;BA.5.5:3;BA.1.15.1:5;BA.5.2.7:64;BA.2.75:12;BA.5.1.10:1;XBB.1:1;BA.5.8:1;BA.4.6:6;BA.2:71;BQ.1:7;BA.1.1.11:3;BA.1.18:9;BA.2.68:1;BA.1.17.2:26;BA.2.3.1:2;BF.26:3;BA.1:17;BA.2.76:1;BA.5.2.31:1;BQ.1.2:1;BE.1.1:1;BA.1.1.15:1;XBB.1.5:1;BF.10:25;XH:1;BA.1.1.6:1;BN.1.5:1;BA.2.38:1;BA.2.16:1;BA.1.1.12:1;BQ.1.1:2;BA.1.17:2;BA.5.1.1:2;BA.5.6:1;BA.1.20:2;XBB:1;BF.28:1;BA.4.4:1;BA.5.2.6:1;BC.1:1;BA.4.7:1;BA.2.3.20:1;BA.4.1:1;BA.5.1.2:1;BA.2.3:1
2262026,BA.2_0.05_abundance_0.2,A28446G;C28491A;C28500T;G28514T;T28524C;T28529G;A28547T;G28548C;T28561A;A28652G;A28692C;A28709C,N:Q58R;N:P73Q;N:T76I;N:D81Y;N:I84T;N:Y86D;N:R92*;N:R92T;N:G96G;N:K127E;N:N140T;N:I146L,49,1064,0.0460526315789473,0,
2262026,BA.2_0.05_abundance_0.2,A28446G;G28485T;C28491A;C28500T;G28514T;T28524C;T28529G;A28547T;G28548C;T28561A;A28652G;A28692C;A28709C,N:Q58R;N:G71V;N:P73Q;N:T76I;N:D81Y;N:I84T;N:Y86D;N:R92*;N:R92T;N:G96G;N:K127E;N:N140T;N:I146L,52,1064,0.0488721804511278,0,
2262026,BA.2_0.05_abundance_0.2,G28485T;C28589G,N:G71V;N:P106A,16,1142,0.0140105078809106,0,
2262026,BA.2_0.05_abundance_0.2,A29016T;G29030T;T29036G;C29048G;G29058T;A29078G;A29089G;C29091A;C29118G;G29156A;C29187A;T29194G;G29202A;G29240C;A29241G;G29254T;C29259T;T29264A;G29266C;T29293G;C29304G;A29313C,N:K248M;N:E253*;N:S255A;N:R259G;N:R262L;N:N269D;N:Q272Q;N:A273D;N:T282S;N:G295R;N:A305E;N:F307L;N:S310N;N:E323Q;N:E323G;N:S327S;N:T329M;N:L331M;N:L331F;N:D340E;N:P344R;N:K347T,15,248,0.0604838709677419,0,
2262026,BA.2_0.05_abundance_0.2,A29016T;G29030T;T29036G;C29048G;G29058T;A29078G;A29089G;C29091A;C29118G;G29156A;C29187A;T29194G;G29202A;G29240C;A29241G;G29254T;C29259T;T29264A;T29293G;C29304G;A29313C,N:K248M;N:E253*;N:S255A;N:R259G;N:R262L;N:N269D;N:Q272Q;N:A273D;N:T282S;N:G295R;N:A305E;N:F307L;N:S310N;N:E323Q;N:E323G;N:S327S;N:T329M;N:L331M;N:D340E;N:P344R;N:K347T,11,248,0.0443548387096774,0,
2262026,BA.2_0.05_abundance_0.2,G29030T;T29036G;C29048G;G29058T;A29078G;A29089G;C29091A;C29118G;G29156A;C29187A;T29194G;G29202A;G29240C;A29241G;G29254T;C29259T;T29264A;G29266C;T29293G;C29304G;A29313C,N:E253*;N:S255A;N:R259G;N:R262L;N:N269D;N:Q272Q;N:A273D;N:T282S;N:G295R;N:A305E;N:F307L;N:S310N;N:E323Q;N:E323G;N:S327S;N:T329M;N:L331M;N:L331F;N:D340E;N:P344R;N:K347T,62,1527,0.0406024885396201,0,
2262026,BA.2_0.05_abundance_0.2,G29030T;T29036G;C29048G;G29058T;A29078G;A29089G;C29091A;C29118G;G29156A;C29187A;T29194G;G29202A;G29240C;A29241G;G29254T;C29259T;T29264A;T29293G;C29304G;A29313C,N:E253*;N:S255A;N:R259G;N:R262L;N:N269D;N:Q272Q;N:A273D;N:T282S;N:G295R;N:A305E;N:F307L;N:S310N;N:E323Q;N:E323G;N:S327S;N:T329M;N:L331M;N:D340E;N:P344R;N:K347T,60,1527,0.0392927308447937,0,
3052026,BA.2_0.05_abundance_0.2,G269C;A297C;C307A;T312A;T334C;C344T;G353C;G359T,ORF1a:E2Q;ORF1a:K11T;ORF1a:V14V;ORF1a:L16H;ORF1a:V23V;ORF1a:L27F;ORF1a:G30R;ORF1a:G32*,42,575,0.0730434782608695,0,
3052026,BA.2_0.05_abundance_0.2,G269C;A297C;C307A;T312A;T334C;C344T;G353C;G359T;T369G,ORF1a:E2Q;ORF1a:K11T;ORF1a:V14V;ORF1a:L16H;ORF1a:V23V;ORF1a:L27F;ORF1a:G30R;ORF1a:G32*;ORF1a:V35G,73,390,0.1871794871794871,0,
3052026,BA.2_0.05_abundance_0.2,C344T;G353C;G359T;T369G;C449T;G470T;G483C;G524T;G542T;G564C;T580G;C609T;A610C;G636A;A647C;A655T;T658C;T670G,ORF1a:L27F;ORF1a:G30R;ORF1a:G32*;ORF1a:V35G;ORF1a:P62S;ORF1a:V69L;ORF1a:R73P;ORF1a:E87*;ORF1a:E93*;ORF1a:S100T;ORF1a:G105G;ORF1a:P115L;ORF1a:P115P;ORF1a:R124H;ORF1a:N128H;ORF1a:G130G;ORF1a:A131A;ORF1a:S135R,25,178,0.1404494382022472,0,
3052026,BA.2_0.05_abundance_0.2,C344T;G353C;G359T;T369G;C449T;G470T;G483C;G524T;A525G;G542T;G564C;T580G;C609T;A610C;G636A;A647C;A655T;T658C;T670G,ORF1a:L27F;ORF1a:G30R;ORF1a:G32*;ORF1a:V35G;ORF1a:P62S;ORF1a:V69L;ORF1a:R73P;ORF1a:E87*;ORF1a:E87G;ORF1a:E93*;ORF1a:S100T;ORF1a:G105G;ORF1a:P115L;ORF1a:P115P;ORF1a:R124H;ORF1a:N128H;ORF1a:G130G;ORF1a:A131A;ORF1a:S135R,8,178,0.0449438202247191,0,
3052026,BA.2_0.05_abundance_0.2,G353C;G359T;T369G;C449T;G470T;G483C;G524T;A525G;G542T;G564C;T580G;C609T;A610C;G636A;A647C;A655T;T658C;T670G,ORF1a:G30R;ORF1a:G32*;ORF1a:V35G;ORF1a:P62S;ORF1a:V69L;ORF1a:R73P;ORF1a:E87*;ORF1a:E87G;ORF1a:E93*;ORF1a:S100T;ORF1a:G105G;ORF1a:P115L;ORF1a:P115P;ORF1a:R124H;ORF1a:N128H;ORF1a:G130G;ORF1a:A131A;ORF1a:S135R,23,639,0.0359937402190923,0,
3052026,BA.2_0.05_abundance_0.2,G353C;G359T;T369G;C449T;G470T;G483C;G524T;G542T;G564C;T580G;C609T;A610C;G636A;A647C;A655T;T658C;T670G,ORF1a:G30R;ORF1a:G32*;ORF1a:V35G;ORF1a:P62S;ORF1a:V69L;ORF1a:R73P;ORF1a:E87*;ORF1a:E93*;ORF1a:S100T;ORF1a:G105G;ORF1a:P115L;ORF1a:P115P;ORF1a:R124H;ORF1a:N128H;ORF1a:G130G;ORF1a:A131A;ORF1a:S135R,65,639,0.1017214397496087,0,
3052026,BA.2_0.05_abundance_0.2,G359T;T369G;C449T;G470T;G483C;G524T;G542T;G564C;T580G;C609T;A610C;G636A;A647C;A655T;T658C;T670G,ORF1a:G32*;ORF1a:V35G;ORF1a:P62S;ORF1a:V69L;ORF1a:R73P;ORF1a:E87*;ORF1a:E93*;ORF1a:S100T;ORF1a:G105G;ORF1a:P115L;ORF1a:P115P;ORF1a:R124H;ORF1a:N128H;ORF1a:G130G;ORF1a:A131A;ORF1a:S135R,133,1647,0.0807528840315725,0,
3052026,BA.2_0.05_abundance_0.2,G359T;T369G;C449T;G470T;G483C;G524T;A525G;G542T;G564C;T580G;C609T;A610C;G636A;A647C;A655T;T658C;T670G,ORF1a:G32*;ORF1a:V35G;ORF1a:P62S;ORF1a:V69L;ORF1a:R73P;ORF1a:E87*;ORF1a:E87G;ORF1a:E93*;ORF1a:S100T;ORF1a:G105G;ORF1a:P115L;ORF1a:P115P;ORF1a:R124H;ORF1a:N128H;ORF1a:G130G;ORF1a:A131A;ORF1a:S135R,53,1647,0.0321797207043108,0,
3052026,BA.2_0.05_abundance_0.2,T369G;C449T;G470T;G483C;G524T;G542T;G564C;T580G;C609T;A610C;G636A;A647C;A655T;T658C;T670G,ORF1a:V35G;ORF1a:P62S;ORF1a:V69L;ORF1a:R73P;ORF1a:E87*;ORF1a:E93*;ORF1a:S100T;ORF1a:G105G;ORF1a:P115L;ORF1a:P115P;ORF1a:R124H;ORF1a:N128H;ORF1a:G130G;ORF1a:A131A;ORF1a:S135R,177,2800,0.0632142857142857,0,
3052026,BA.2_0.05_abundance_0.2,T369G;C449T;G470T;G483C;G524T;A525G;G542T;G564C;T580G;C609T;A610C;G636A;A647C;A655T;T658C;T670G,ORF1a:V35G;ORF1a:P62S;ORF1a:V69L;ORF1a:R73P;ORF1a:E87*;ORF1a:E87G;ORF1a:E93*;ORF1a:S100T;ORF1a:G105G;ORF1a:P115L;ORF1a:P115P;ORF1a:R124H;ORF1a:N128H;ORF1a:G130G;ORF1a:A131A;ORF1a:S135R,53,2800,0.0189285714285714,0,
3052026,BA.2_0.05_abundance_0.2,T1623A;C1628A;A1629T;A1644G;A1646C;A1731C;T1745C;G1782C;G1784C;G1827A;A1829G;A1849T;A1852T;C1878G;G1883A,ORF1a:I453K;ORF1a:Q455K;ORF1a:Q455L;ORF1a:N460S;ORF1a:I461L;ORF1a:E489A;ORF1a:L494L;ORF1a:C506S;ORF1a:G507R;ORF1a:W521*;ORF1a:N522D;ORF1a:S528S;ORF1a:I529I;ORF1a:S538*;ORF1a:A540T,353,1950,0.181025641025641,0,
3052026,BA.2_0.05_abundance_0.2,T1623A;C1628A;A1629T;A1644G;A1646C;A1731C;T1745C;G1782C;G1784C,ORF1a:I453K;ORF1a:Q455K;ORF1a:Q455L;ORF1a:N460S;ORF1a:I461L;ORF1a:E489A;ORF1a:L494L;ORF1a:C506S;ORF1a:G507R,25,2094,0.0119388729703915,0,
3052026,BA.2_0.05_abundance_0.2,C2245T;T2307A;A2345T;A2367G;C2371A;A2430G;A2437C;G2447T;A2452T;C2453A;A2483G;G2494A;A2543T;A2554T,ORF1a:V660V;ORF1a:L681H;ORF1a:I694F;ORF1a:K701R;ORF1a:A702A;ORF1a:K722R;ORF1a:R724S;ORF1a:G728C;ORF1a:L729L;ORF1a:L730I;ORF1a:I740V;ORF1a:E743E;ORF1a:T760S;ORF1a:L763F,44,243,0.1810699588477366,0,
3052026,BA.2_0.05_abundance_0.2,C2245T;T2307A;A2345T;A2367G;C2371A;A2430G;A2437C;G2447T;A2452T;C2453A;A2483G;G2494A,ORF1a:V660V;ORF1a:L681H;ORF1a:I694F;ORF1a:K701R;ORF1a:A702A;ORF1a:K722R;ORF1a:R724S;ORF1a:G728C;ORF1a:L729L;ORF1a:L730I;ORF1a:I740V;ORF1a:E743E,22,769,0.0286085825747724,0,
3052026,BA.2_0.05_abundance_0.2,C2245T;T2307A;A2345T;A2367G;C2371A;A2430G;A2437C;G2447T;A2452T;C2453A;A2483G;G2494A;A2543T,ORF1a:V660V;ORF1a:L681H;ORF1a:I694F;ORF1a:K701R;ORF1a:A702A;ORF1a:K722R;ORF1a:R724S;ORF1a:G728C;ORF1a:L729L;ORF1a:L730I;ORF1a:I740V;ORF1a:E743E;ORF1a:T760S,87,661,0.1316187594553706,0,
3052026,BA.2_0.05_abundance_0.2,C2245T;T2307A;A2345T;A2367G;C2371A,ORF1a:V660V;ORF1a:L681H;ORF1a:I694F;ORF1a:K701R;ORF1a:A702A,11,825,0.0133333333333333,0,
3052026,BA.2_0.05_abundance_0.2,C2245T;T2307A;A2345T;A2367G;C2371A;A2430G;A2437C;G2447T;A2452T;C2453A;A2483G;G2494A;A2543T;A2554T;G2564T;C2567A,ORF1a:V660V;ORF1a:L681H;ORF1a:I694F;ORF1a:K701R;ORF1a:A702A;ORF1a:K722R;ORF1a:R724S;ORF1a:G728C;ORF1a:L729L;ORF1a:L730I;ORF1a:I740V;ORF1a:E743E;ORF1a:T760S;ORF1a:L763F;ORF1a:E767*;ORF1a:Q768K,5,18,0.2777777777777778,0,
3052026,BA.2_0.05_abundance_0.2,G2967A;C3037T,ORF1a:S901N;ORF1a:F924F,56,414,0.1352657004830917,469,AY.121:1;B.1.1.519:52;B.1.177:128;BA.5.2.1:38;BA.2.10:1;AY.29:27;BA.5.1:72;BA.5.2:6;BA.2.12.1:4;BA.2:8;BA.1.1:18;AY.23:1;AY.122:2;BQ.1.8:1;B.1.1.7:12;AY.4:3;BF.3:2;BA.1:8;BA.2.3:1;BA.5:9;AY.103:3;AY.9.2:17;B.1.221:6;BA.2.31:17;B.1.499:1;AY.3:9;AY.75:2;B.1.1:2;B.1.617.2:1;BF.11:3;XAE:1;AY.34:1;BF.5:1;BA.2.9:2;BA.5.5:1;BA.1.15:1;BA.5.1.10:1;AY.44:2;BE.1:2;BA.4:1;B.1.369:1
3052026,BA.2_0.05_abundance_0.2,A3186G;G3239C;T3265C;A3273G;A3277T;G3320A;A3341C;G3345C;A3357C;A3374C;A3381C;G3410C;C3426T;A3428T,ORF1a:E974G;ORF1a:D992H;ORF1a:T1000T;ORF1a:Q1003R;ORF1a:T1004T;ORF1a:V1019I;ORF1a:N1026H;ORF1a:S1027T;ORF1a:Y1031S;ORF1a:N1037H;ORF1a:Y1039S;ORF1a:A1049P;ORF1a:P1054L;ORF1a:T1055S,39,338,0.1153846153846153,0,
3052026,BA.2_0.05_abundance_0.2,A3186G;G3239C;T3265C;A3273G;A3277T;G3320A;A3341C;G3345C;A3357C;A3374C;A3381C;G3410C;C3426T;A3428T;A3441T,ORF1a:E974G;ORF1a:D992H;ORF1a:T1000T;ORF1a:Q1003R;ORF1a:T1004T;ORF1a:V1019I;ORF1a:N1026H;ORF1a:S1027T;ORF1a:Y1031S;ORF1a:N1037H;ORF1a:Y1039S;ORF1a:A1049P;ORF1a:P1054L;ORF1a:T1055S;ORF1a:N1059I,32,338,0.0946745562130177,0,
3052026,BA.2_0.05_abundance_0.2,A3186G;G3239C;T3265C;A3273G;A3277T;G3320A;A3341C;G3345C;A3357C;A3374C;A3381C,ORF1a:E974G;ORF1a:D992H;ORF1a:T1000T;ORF1a:Q1003R;ORF1a:T1004T;ORF1a:V1019I;ORF1a:N1026H;ORF1a:S1027T;ORF1a:Y1031S;ORF1a:N1037H;ORF1a:Y1039S,6,373,0.0160857908847185,0,
3052026,BA.2_0.05_abundance_0.2,T4329C;C4338A;T4365C;G4432T;A4451C;C4499A;T4530G;A4588C;G4592C;C4596G;A4604T;A4607G;T4608C;A4645T,ORF1a:I1355T;ORF1a:S1358Y;ORF1a:I1367T;ORF1a:M1389I;ORF1a:K1396Q;ORF1a:Q1412K;ORF1a:F1422C;ORF1a:L1441L;ORF1a:E1443Q;ORF1a:T1444S;ORF1a:T1447S;ORF1a:M1448V;ORF1a:M1448T;ORF1a:E1460D,15,173,0.0867052023121387,0,
3052026,BA.2_0.05_abundance_0.2,C4338A;T4365C;G4432T;A4451C;C4499A;T4530G;C4543T;A4588C;G4592C;C4596G;A4604T;A4607G;T4608C;A4645T,ORF1a:S1358Y;ORF1a:I1367T;ORF1a:M1389I;ORF1a:K1396Q;ORF1a:Q1412K;ORF1a:F1422C;ORF1a:T1426T;ORF1a:L1441L;ORF1a:E1443Q;ORF1a:T1444S;ORF1a:T1447S;ORF1a:M1448V;ORF1a:M1448T;ORF1a:E1460D,7,559,0.0125223613595706,0,
3052026,BA.2_0.05_abundance_0.2,C4338A;T4365C;G4432T;A4451C;C4499A;T4530G;A4588C;G4592C;C4596G;A4604T;A4607G;T4608C;A4645T,ORF1a:S1358Y;ORF1a:I1367T;ORF1a:M1389I;ORF1a:K1396Q;ORF1a:Q1412K;ORF1a:F1422C;ORF1a:L1441L;ORF1a:E1443Q;ORF1a:T1444S;ORF1a:T1447S;ORF1a:M1448V;ORF1a:M1448T;ORF1a:E1460D,43,559,0.0769230769230769,0,
3052026,BA.2_0.05_abundance_0.2,C4338A;T4365C;G4432T;A4451C;C4499A;T4530G;A4571T;A4588C;G4592C;C4596G;A4604T;A4607G;T4608C;A4645T,ORF1a:S1358Y;ORF1a:I1367T;ORF1a:M1389I;ORF1a:K1396Q;ORF1a:Q1412K;ORF1a:F1422C;ORF1a:N1436Y;ORF1a:L1441L;ORF1a:E1443Q;ORF1a:T1444S;ORF1a:T1447S;ORF1a:M1448V;ORF1a:M1448T;ORF1a:E1460D,10,559,0.0178890876565295,0,
3052026,BA.2_0.05_abundance_0.2,C4338A;T4365C;G4432T;G4436T;A4451C;C4499A;T4530G;A4588C;G4592C;C4596G;A4604T;A4607G;T4608C;A4645T,ORF1a:S1358Y;ORF1a:I1367T;ORF1a:M1389I;ORF1a:V1391F;ORF1a:K1396Q;ORF1a:Q1412K;ORF1a:F1422C;ORF1a:L1441L;ORF1a:E1443Q;ORF1a:T1444S;ORF1a:T1447S;ORF1a:M1448V;ORF1a:M1448T;ORF1a:E1460D,6,559,0.0107334525939177,0,
3052026,BA.2_0.05_abundance_0.2,C4338A;T4365C;G4432T;A4451C;C4499A;T4530G;A4588C;G4592C;C4596G;A4604T;A4607G;T4608C,ORF1a:S1358Y;ORF1a:I1367T;ORF1a:M1389I;ORF1a:K1396Q;ORF1a:Q1412K;ORF1a:F1422C;ORF1a:L1441L;ORF1a:E1443Q;ORF1a:T1444S;ORF1a:T1447S;ORF1a:M1448V;ORF1a:M1448T,7,620,0.0112903225806451,0,
3052026,BA.2_0.05_abundance_0.2,C4338A;T4365C;G4432T;A4451C;C4499A;T4530G;A4588C;G4592C;C4596G;A4604T;A4607G;T4608C;A4645T;T4660G,ORF1a:S1358Y;ORF1a:I1367T;ORF1a:M1389I;ORF1a:K1396Q;ORF1a:Q1412K;ORF1a:F1422C;ORF1a:L1441L;ORF1a:E1443Q;ORF1a:T1444S;ORF1a:T1447S;ORF1a:M1448V;ORF1a:M1448T;ORF1a:E1460D;ORF1a:Y1465*,10,152,0.0657894736842105,0,
3052026,BA.2_0.05_abundance_0.2,G4436T;A4571T,ORF1a:V1391F;ORF1a:N1436Y,8,629,0.012718600953895,0,
3052026,BA.2_0.05_abundance_0.2,T4660G;T4667A;C4698T;C4780G;T4813C;G4854C;G4881C;T4924A;G4925C;T4933A;T4946A;A4956T,ORF1a:Y1465*;ORF1a:S1468T;ORF1a:S1478F;ORF1a:I1505M;ORF1a:Y1516Y;ORF1a:R1530T;ORF1a:S1539T;ORF1a:F1553L;ORF1a:D1554H;ORF1a:L1556L;ORF1a:S1561T;ORF1a:E1564V,7,53,0.1320754716981132,0,
3052026,BA.2_0.05_abundance_0.2,T4667A;T4684C;C4698T;C4780G;T4813C;G4854C;G4881C;T4924A;G4925C;T4933A;T4946A;A4956T,ORF1a:S1468T;ORF1a:A1473A;ORF1a:S1478F;ORF1a:I1505M;ORF1a:Y1516Y;ORF1a:R1530T;ORF1a:S1539T;ORF1a:F1553L;ORF1a:D1554H;ORF1a:L1556L;ORF1a:S1561T;ORF1a:E1564V,13,136,0.0955882352941176,0,
3052026,BA.2_0.05_abundance_0.2,T4667A;C4698T;C4780G;T4813C;G4854C;G4881C;T4924A;G4925C;T4933A;T4946A;A4956T,ORF1a:S1468T;ORF1a:S1478F;ORF1a:I1505M;ORF1a:Y1516Y;ORF1a:R1530T;ORF1a:S1539T;ORF1a:F1553L;ORF1a:D1554H;ORF1a:L1556L;ORF1a:S1561T;ORF1a:E1564V,9,136,0.0661764705882353,0,
3052026,BA.2_0.05_abundance_0.2,T4684C;C4698T;C4780G;T4813C;G4854C;G4881C;T4924A;G4925C;T4933A;T4946A;A4956T,ORF1a:A1473A;ORF1a:S1478F;ORF1a:I1505M;ORF1a:Y1516Y;ORF1a:R1530T;ORF1a:S1539T;ORF1a:F1553L;ORF1a:D1554H;ORF1a:L1556L;ORF1a:S1561T;ORF1a:E1564V,86,910,0.0945054945054945,0,
3052026,BA.2_0.05_abundance_0.2,C4698T;C4780G;T4813C;G4854C;G4881C;T4924A;G4925C;T4933A;T4946A;A4956T,ORF1a:S1478F;ORF1a:I1505M;ORF1a:Y1516Y;ORF1a:R1530T;ORF1a:S1539T;ORF1a:F1553L;ORF1a:D1554H;ORF1a:L1556L;ORF1a:S1561T;ORF1a:E1564V,69,911,0.0757409440175631,0,
3052026,BA.2_0.05_abundance_0.2,G5625C;T5635G;G5708C;T5732A;G5750A;C5832G;T5854G;T5860G;G5861A;T5864G;T5909A,ORF1a:C1787S;ORF1a:G1790G;ORF1a:E1815Q;ORF1a:C1823S;ORF1a:G1829S;ORF1a:S1856C;ORF1a:I1863M;ORF1a:D1865E;ORF1a:V1866I;ORF1a:F1867V;ORF1a:Y1882N,43,324,0.132716049382716,0,
3052026,BA.2_0.05_abundance_0.2,G5625C;T5635G;G5708C;T5732A;A5738G;G5750A;C5832G;T5854G;T5860G;G5861A;T5864G;T5909A,ORF1a:C1787S;ORF1a:G1790G;ORF1a:E1815Q;ORF1a:C1823S;ORF1a:S1825G;ORF1a:G1829S;ORF1a:S1856C;ORF1a:I1863M;ORF1a:D1865E;ORF1a:V1866I;ORF1a:F1867V;ORF1a:Y1882N,6,324,0.0185185185185185,0,
3052026,BA.2_0.05_abundance_0.2,G5625C;T5635G;G5708C;T5732A;G5750A;C5832G;T5854G;T5860G;G5861A;T5864G,ORF1a:C1787S;ORF1a:G1790G;ORF1a:E1815Q;ORF1a:C1823S;ORF1a:G1829S;ORF1a:S1856C;ORF1a:I1863M;ORF1a:D1865E;ORF1a:V1866I;ORF1a:F1867V,7,373,0.0187667560321715,0,
3052026,BA.2_0.05_abundance_0.2,G5625C;T5635G;G5708C;T5732A;A5738G;G5750A;C5832G;T5854G;T5860G;G5861A;T5864G,ORF1a:C1787S;ORF1a:G1790G;ORF1a:E1815Q;ORF1a:C1823S;ORF1a:S1825G;ORF1a:G1829S;ORF1a:S1856C;ORF1a:I1863M;ORF1a:D1865E;ORF1a:V1866I;ORF1a:F1867V,5,373,0.0134048257372654,0,
3052026,BA.2_0.05_abundance_0.2,T5909A;T5928C;G5936T;C6005A;A6030T;G6056A;G6077A;A6081T;T6087C;A6133T;A6182T,ORF1a:Y1882N;ORF1a:V1888A;ORF1a:E1891*;ORF1a:L1914I;ORF1a:N1922I;ORF1a:V1931I;ORF1a:A1938T;ORF1a:D1939V;ORF1a:L1941S;ORF1a:K1956N;ORF1a:K1973*,145,778,0.1863753213367609,0,
3052026,BA.2_0.05_abundance_0.2,T5909A;T5928C;G5936T;C6005A;A6030T;G6056A;G6077A;A6081T;T6087C,ORF1a:Y1882N;ORF1a:V1888A;ORF1a:E1891*;ORF1a:L1914I;ORF1a:N1922I;ORF1a:V1931I;ORF1a:A1938T;ORF1a:D1939V;ORF1a:L1941S,11,831,0.01323706377858,0,
3052026,BA.2_0.05_abundance_0.2,G7067T;A7068T;T7075C;C7119G;T7141G;T7147C;T7168A;C7195G;A7208C;A7210C;T7226C;T7227C;T7228A;T7305C;T7341A;A7358G,ORF1a:E2268*;ORF1a:E2268V;ORF1a:Y2270Y;ORF1a:S2285C;ORF1a:L2292L;ORF1a:G2294G;ORF1a:Y2301*;ORF1a:T2310T;ORF1a:K2315Q;ORF1a:K2315N;ORF1a:F2321L;ORF1a:F2321S;ORF1a:F2321L;ORF1a:M2347T;ORF1a:I2359N;ORF1a:M2365V,8,48,0.1666666666666666,0,
3052026,BA.2_0.05_abundance_0.2,T7075C;C7119G;T7141G;T7147C;T7168A;C7195G;A7208C;A7210C;T7226C;T7227C;T7228A;T7305C;T7341A;A7358G,ORF1a:Y2270Y;ORF1a:S2285C;ORF1a:L2292L;ORF1a:G2294G;ORF1a:Y2301*;ORF1a:T2310T;ORF1a:K2315Q;ORF1a:K2315N;ORF1a:F2321L;ORF1a:F2321S;ORF1a:F2321L;ORF1a:M2347T;ORF1a:I2359N;ORF1a:M2365V,33,186,0.1774193548387097,0,
3052026,BA.2_0.05_abundance_0.2,C7119G;T7141G;T7147C;T7168A;C7195G;A7208C;A7210C;T7226C;T7227C;T7228A;T7305C;T7341A;A7358G,ORF1a:S2285C;ORF1a:L2292L;ORF1a:G2294G;ORF1a:Y2301*;ORF1a:T2310T;ORF1a:K2315Q;ORF1a:K2315N;ORF1a:F2321L;ORF1a:F2321S;ORF1a:F2321L;ORF1a:M2347T;ORF1a:I2359N;ORF1a:M2365V,19,262,0.0725190839694656,0,
3052026,BA.2_0.05_abundance_0.2,A7358G;T7425A;T7438A;A7448C;C7485G;C7518A;G7526A;A7548C;T7554G;G7561A;T7566G;T7576C;C7578A,ORF1a:M2365V;ORF1a:F2387Y;ORF1a:Y2391*;ORF1a:K2395Q;ORF1a:S2407*;ORF1a:A2418E;ORF1a:V2421I;ORF1a:N2428T;ORF1a:V2430G;ORF1a:R2432R;ORF1a:F2434C;ORF1a:Y2437Y;ORF1a:A2438D,8,119,0.0672268907563025,0,
3052026,BA.2_0.05_abundance_0.2,A7384C;T7628G,ORF1a:Q2373H;ORF1a:C2455G,10,118,0.0847457627118644,0,
3052026,BA.2_0.05_abundance_0.2,T8328G;A8343C;C8354A;A8360C;T8361C;T8439G;T8477G;T8484C;A8492G;C8493T,ORF1a:L2688R;ORF1a:D2693A;ORF1a:R2697S;ORF1a:I2699L;ORF1a:I2699T;ORF1a:L2725R;ORF1a:L2738V;ORF1a:F2740S;ORF1a:T2743A;ORF1a:T2743I,29,2089,0.0138822403063666,0,
3052026,BA.2_0.05_abundance_0.2,T8328G;A8343C;C8354A;A8360C;T8361C;T8439G;T8477G;T8484C;A8492G;C8493T;T8562G;A8565C;T8603G,ORF1a:L2688R;ORF1a:D2693A;ORF1a:R2697S;ORF1a:I2699L;ORF1a:I2699T;ORF1a:L2725R;ORF1a:L2738V;ORF1a:F2740S;ORF1a:T2743A;ORF1a:T2743I;ORF1a:V2766G;ORF1a:N2767T;ORF1a:F2780V,302,1872,0.1613247863247863,0,
3052026,BA.2_0.05_abundance_0.2,T8328G;A8343C;C8354A;A8360C;T8361C;T8439G;T8477G;T8483G;T8484C;A8492G;C8493T;T8562G;A8565C;T8603G,ORF1a:L2688R;ORF1a:D2693A;ORF1a:R2697S;ORF1a:I2699L;ORF1a:I2699T;ORF1a:L2725R;ORF1a:L2738V;ORF1a:F2740V;ORF1a:F2740S;ORF1a:T2743A;ORF1a:T2743I;ORF1a:V2766G;ORF1a:N2767T;ORF1a:F2780V,74,1872,0.0395299145299145,0,
3052026,BA.2_0.05_abundance_0.2,T8328G;A8343C;C8354A;A8360C;T8361C;T8439G;T8477G;T8484C;A8492G;C8493T;T8562G;A8565C;T8603G;A8632C,ORF1a:L2688R;ORF1a:D2693A;ORF1a:R2697S;ORF1a:I2699L;ORF1a:I2699T;ORF1a:L2725R;ORF1a:L2738V;ORF1a:F2740S;ORF1a:T2743A;ORF1a:T2743I;ORF1a:V2766G;ORF1a:N2767T;ORF1a:F2780V;ORF1a:L2789F,5,110,0.0454545454545454,0,
3052026,BA.2_0.05_abundance_0.2,C9534T;A9650T,ORF1a:T3090I;ORF1a:M3129L,139,545,0.255045871559633,1,BE.1:1
3052026,BA.2_0.05_abundance_0.2,C9534T;T9812A,ORF1a:T3090I;ORF1a:F3183I,50,412,0.1213592233009708,1,BA.5.2.1:1
3052026,BA.2_0.05_abundance_0.2,C9534T;A9650T;T9812A,ORF1a:T3090I;ORF1a:M3129L;ORF1a:F3183I,30,412,0.0728155339805825,0,
3052026,BA.2_0.05_abundance_0.2,T11056C;T11070A;A11085T;T11118G;T11151G;G11222T;G11243A;A11258T;A11277T,ORF1a:S3597S;ORF1a:L3602*;ORF1a:Y3607F;ORF1a:I3618S;ORF1a:V3629G;ORF1a:V3653F;ORF1a:V3660M;ORF1a:T3665S;ORF1a:D3671V,216,1153,0.1873373807458803,0,
3052026,BA.2_0.05_abundance_0.2,T11056C;T11070A;A11085T;T11118G;T11151G;G11222T;G11243A,ORF1a:S3597S;ORF1a:L3602*;ORF1a:Y3607F;ORF1a:I3618S;ORF1a:V3629G;ORF1a:V3653F;ORF1a:V3660M,17,1230,0.0138211382113821,0,
3052026,BA.2_0.05_abundance_0.2,T11056C;T11070A;A11085T;T11118G;T11151G;C11200G;G11222T;G11243A;A11258T;A11277T,ORF1a:S3597S;ORF1a:L3602*;ORF1a:Y3607F;ORF1a:I3618S;ORF1a:V3629G;ORF1a:A3645A;ORF1a:V3653F;ORF1a:V3660M;ORF1a:T3665S;ORF1a:D3671V,16,1153,0.0138768430182133,0,
3052026,BA.2_0.05_abundance_0.2,C11200G;C11249A,ORF1a:A3645A;ORF1a:R3662S,12,1152,0.0104166666666666,0,
3052026,BA.2_0.05_abundance_0.2,G11378C;T11429A;T11432G;G11464A;G11483A;C11494T;G11504T;T11517A;C11518T;G11528C;T11539C;T11547C;A11567G,ORF1a:A3705P;ORF1a:Y3722N;ORF1a:Y3723D;ORF1a:M3733I;ORF1a:V3740I;ORF1a:N3743N;ORF1a:V3747L;ORF1a:V3751D;ORF1a:V3751V;ORF1a:A3755P;ORF1a:I3758I;ORF1a:M3761T;ORF1a:I3768V,585,2893,0.2022122364327687,0,
3052026,BA.2_0.05_abundance_0.2,G11378C;T11429A;T11432G;G11464A;G11483A;C11494T;G11504T;T11517A;C11518T;G11528C;T11539C;T11547C,ORF1a:A3705P;ORF1a:Y3722N;ORF1a:Y3723D;ORF1a:M3733I;ORF1a:V3740I;ORF1a:N3743N;ORF1a:V3747L;ORF1a:V3751D;ORF1a:V3751V;ORF1a:A3755P;ORF1a:I3758I;ORF1a:M3761T,42,3091,0.0135878356518925,0,
3052026,BA.2_0.05_abundance_0.2,G11683T;T11706A;T11729A;A11742T;A11759T;C11785A;T11806A;G11807C;A11827G;G11828A;A11839G;C11844G;A11854G;A11856C;C11866T;A11905G,ORF1a:L3806L;ORF1a:L3814*;ORF1a:Y3822N;ORF1a:Q3826L;ORF1a:K3832*;ORF1a:L3840L;ORF1a:V3847V;ORF1a:G3848R;ORF1a:K3854K;ORF1a:V3855I;ORF1a:V3858V;ORF1a:S3860C;ORF1a:S3863S;ORF1a:D3864A;ORF1a:C3867C;ORF1a:R3880R,5,74,0.0675675675675675,0,
3052026,BA.2_0.05_abundance_0.2,G11683T;T11706A;T11729A;A11742T;A11759T;C11785A;T11806A;G11807C;A11827G;G11828A;A11839G;C11844G;A11854G;A11856C;C11866T;A11905G;A11911T,ORF1a:L3806L;ORF1a:L3814*;ORF1a:Y3822N;ORF1a:Q3826L;ORF1a:K3832*;ORF1a:L3840L;ORF1a:V3847V;ORF1a:G3848R;ORF1a:K3854K;ORF1a:V3855I;ORF1a:V3858V;ORF1a:S3860C;ORF1a:S3863S;ORF1a:D3864A;ORF1a:C3867C;ORF1a:R3880R;ORF1a:E3882D,5,30,0.1666666666666666,0,
3052026,BA.2_0.05_abundance_0.2,A11905G;A11911T;C11919G;G11944C;G11966T;T12013A;T12017G;A12026T;G12035A;T12039G;C12043A;C12081G;A12103G;T12112A;C12138T;T12142A;T12168G;T12204C;A12206C,ORF1a:R3880R;ORF1a:E3882D;ORF1a:S3885C;ORF1a:Q3893H;ORF1a:A3901S;ORF1a:S3916S;ORF1a:L3918V;ORF1a:M3921L;ORF1a:A3924T;ORF1a:V3925G;ORF1a:D3926E;ORF1a:A3939G;ORF1a:S3946S;ORF1a:S3949R;ORF1a:A3958V;ORF1a:T3959T;ORF1a:V3968G;ORF1a:L3980S;ORF1a:K3981Q,503,2999,0.1677225741913971,0,
3052026,BA.2_0.05_abundance_0.2,A11905G;A11911T;C11919G;G11944C;G11966T;T12013A;T12017G;A12026T;G12035A;T12039G;C12043A;C12081G;A12103G;T12112A;C12138T;T12142A;T12168G,ORF1a:R3880R;ORF1a:E3882D;ORF1a:S3885C;ORF1a:Q3893H;ORF1a:A3901S;ORF1a:S3916S;ORF1a:L3918V;ORF1a:M3921L;ORF1a:A3924T;ORF1a:V3925G;ORF1a:D3926E;ORF1a:A3939G;ORF1a:S3946S;ORF1a:S3949R;ORF1a:A3958V;ORF1a:T3959T;ORF1a:V3968G,59,3387,0.0174195453203424,0,
3052026,BA.2_0.05_abundance_0.2,A11905G;A11911T;C11919G;G11944C;G11966T;T12013A;T12017G;A12026T;G12035A;T12039G;C12043A;C12081G;A12103G;C12138T;T12142A;T12168G;T12204C;A12206C,ORF1a:R3880R;ORF1a:E3882D;ORF1a:S3885C;ORF1a:Q3893H;ORF1a:A3901S;ORF1a:S3916S;ORF1a:L3918V;ORF1a:M3921L;ORF1a:A3924T;ORF1a:V3925G;ORF1a:D3926E;ORF1a:A3939G;ORF1a:S3946S;ORF1a:A3958V;ORF1a:T3959T;ORF1a:V3968G;ORF1a:L3980S;ORF1a:K3981Q,125,3616,0.0345685840707964,0,
3052026,BA.2_0.05_abundance_0.2,A11905G;A11911T;C11919G;G11944C;G11966T;T12013A;T12017G;A12026T;G12035A;T12039G;C12043A;C12081G;A12103G;T12112A;C12138T;T12142A;T12168G;T12204C;A12206C;A12228G,ORF1a:R3880R;ORF1a:E3882D;ORF1a:S3885C;ORF1a:Q3893H;ORF1a:A3901S;ORF1a:S3916S;ORF1a:L3918V;ORF1a:M3921L;ORF1a:A3924T;ORF1a:V3925G;ORF1a:D3926E;ORF1a:A3939G;ORF1a:S3946S;ORF1a:S3949R;ORF1a:A3958V;ORF1a:T3959T;ORF1a:V3968G;ORF1a:L3980S;ORF1a:K3981Q;ORF1a:K3988R,26,176,0.1477272727272727,0,
3052026,BA.2_0.05_abundance_0.2,A11905G;A11911T;C11919G;G11944C;G11966T;T12013A;T12017G;A12026T;G12035A;T12039G;C12043A;C12081G;A12103G,ORF1a:R3880R;ORF1a:E3882D;ORF1a:S3885C;ORF1a:Q3893H;ORF1a:A3901S;ORF1a:S3916S;ORF1a:L3918V;ORF1a:M3921L;ORF1a:A3924T;ORF1a:V3925G;ORF1a:D3926E;ORF1a:A3939G;ORF1a:S3946S,55,4371,0.0125829329672843,0,
3052026,BA.2_0.05_abundance_0.2,T12168G;T12204C;A12206C;A12228G;T12244G;A12286G;A12316T;T12319G;G12330A;A12335G;G12355A;C12398A;A12414G;C12420A,ORF1a:V3968G;ORF1a:L3980S;ORF1a:K3981Q;ORF1a:K3988R;ORF1a:R3993R;ORF1a:Q4007Q;ORF1a:R4017S;ORF1a:S4018S;ORF1a:R4022K;ORF1a:K4024E;ORF1a:Q4030Q;ORF1a:L4045I;ORF1a:N4050S;ORF1a:A4052E,24,194,0.1237113402061855,0,
3052026,BA.2_0.05_abundance_0.2,A12446T;C12493G,ORF1a:I4061L;ORF1a:D4076E,54,163,0.3312883435582822,0,
3052026,BA.2_0.05_abundance_0.2,A12446T;C12493G;A12547C,ORF1a:I4061L;ORF1a:D4076E;ORF1a:A4094A,8,163,0.0490797546012269,0,
3052026,BA.2_0.05_abundance_0.2,C12493G;A12547C,ORF1a:D4076E;ORF1a:A4094A,79,1395,0.0566308243727598,0,
3052026,BA.2_0.05_abundance_0.2,C12880T;A12971G,ORF1a:I4205I;ORF1a:N4236D,1122,2323,0.4829961256995265,0,
3052026,BA.2_0.05_abundance_0.2,C12880T;G12893T,ORF1a:I4205I;ORF1a:E4210*,110,2487,0.0442299959790912,0,
3052026,BA.2_0.05_abundance_0.2,C12880T;G12893T;A12971G,ORF1a:I4205I;ORF1a:E4210*;ORF1a:N4236D,104,2323,0.0447696943607404,0,
3052026,BA.2_0.05_abundance_0.2,C13439A;A13455G;C13458A;T13463A;C13490G;C13492A;G13514A;C13517T;G13624T,ORF1a:Q4392K;ORF1a:Q4397R;ORF1a:S4398*;ORF1a:L4400I;ORF1b:A8G;ORF1b:R9S;ORF1b:G16D;ORF1b:T17I;ORF1b:D53Y,8,42,0.1904761904761904,0,
3052026,BA.2_0.05_abundance_0.2,A14317G;T14361C;T14378C;T14389C;C14403G;C14408T;G14419A;C14422G;A14470T;C14491T;G14495C;T14526A;G14559A;T14560C,ORF1b:T284A;ORF1b:I298I;ORF1b:F304S;ORF1b:F308L;ORF1b:F312L;ORF1b:P314L;ORF1b:G318R;ORF1b:P319A;ORF1b:T335S;ORF1b:L342L;ORF1b:G343A;ORF1b:H353Q;ORF1b:V364V;ORF1b:Y365H,109,657,0.1659056316590563,0,
3052026,BA.2_0.05_abundance_0.2,A14317G;T14361C;T14378C;T14389C;C14403G;C14408T;G14419A;C14422G;A14470T;C14491T;G14495C;T14526A,ORF1b:T284A;ORF1b:I298I;ORF1b:F304S;ORF1b:F308L;ORF1b:F312L;ORF1b:P314L;ORF1b:G318R;ORF1b:P319A;ORF1b:T335S;ORF1b:L342L;ORF1b:G343A;ORF1b:H353Q,80,1087,0.0735970561177552,0,
3052026,BA.2_0.05_abundance_0.2,A14317G;T14361C;T14378C;T14389C;C14403G;C14408T;G14419A;C14422G,ORF1b:T284A;ORF1b:I298I;ORF1b:F304S;ORF1b:F308L;ORF1b:F312L;ORF1b:P314L;ORF1b:G318R;ORF1b:P319A,15,1177,0.0127442650807136,0,
3052026,BA.2_0.05_abundance_0.2,A14317G;T14361C;T14378C;T14389C;C14403G;C14408T;G14419A;C14422G;A14470T;C14491T;G14495C;T14526A;G14559A,ORF1b:T284A;ORF1b:I298I;ORF1b:F304S;ORF1b:F308L;ORF1b:F312L;ORF1b:P314L;ORF1b:G318R;ORF1b:P319A;ORF1b:T335S;ORF1b:L342L;ORF1b:G343A;ORF1b:H353Q;ORF1b:V364V,9,711,0.0126582278481012,0,
3052026,BA.2_0.05_abundance_0.2,T15551G;A15564T;A15612C;C15631A;A15639C;G15644A;T15674C;C15714T;T15726C;A15740T;C15746A;T15756G;T15801A;T15815G;T15816C;T15817G;A15820T,ORF1b:V695G;ORF1b:L699F;ORF1b:Q715H;ORF1b:L722I;ORF1b:R724S;ORF1b:R726K;ORF1b:F736S;ORF1b:L749L;ORF1b:A753A;ORF1b:N758I;ORF1b:T760N;ORF1b:S763S;ORF1b:Y778*;ORF1b:V783G;ORF1b:V783V;ORF1b:F784V;ORF1b:M785L,469,3162,0.1483238456672991,0,
3052026,BA.2_0.05_abundance_0.2,T15551G;A15564T;A15612C;C15631A;A15639C;G15644A;T15674C;C15714T;T15726C;A15740T;C15746A;T15756G;T15801A;T15815G;T15816C;T15817G;A15820T;G15844C,ORF1b:V695G;ORF1b:L699F;ORF1b:Q715H;ORF1b:L722I;ORF1b:R724S;ORF1b:R726K;ORF1b:F736S;ORF1b:L749L;ORF1b:A753A;ORF1b:N758I;ORF1b:T760N;ORF1b:S763S;ORF1b:Y778*;ORF1b:V783G;ORF1b:V783V;ORF1b:F784V;ORF1b:M785L;ORF1b:E793Q,71,2132,0.0333020637898686,0,
3052026,BA.2_0.05_abundance_0.2,T15551G;A15564T;A15612C;C15631A;A15639C;G15644A;T15674C;C15714T,ORF1b:V695G;ORF1b:L699F;ORF1b:Q715H;ORF1b:L722I;ORF1b:R724S;ORF1b:R726K;ORF1b:F736S;ORF1b:L749L,42,3452,0.0121668597914252,0,
3052026,BA.2_0.05_abundance_0.2,T15551G;A15564T;A15612C;C15631A;A15639C;G15644A;T15674C;C15714T;T15726C;A15740T;C15746A;T15756G;T15801A;T15815G;T15816C;T15817G;A15820T;A15861G,ORF1b:V695G;ORF1b:L699F;ORF1b:Q715H;ORF1b:L722I;ORF1b:R724S;ORF1b:R726K;ORF1b:F736S;ORF1b:L749L;ORF1b:A753A;ORF1b:N758I;ORF1b:T760N;ORF1b:S763S;ORF1b:Y778*;ORF1b:V783G;ORF1b:V783V;ORF1b:F784V;ORF1b:M785L;ORF1b:K798K,14,91,0.1538461538461538,0,
3052026,BA.2_0.05_abundance_0.2,T15562G;C15714T,ORF1b:L699V;ORF1b:L749L,77,3452,0.0223059096176129,0,
3052026,BA.2_0.05_abundance_0.2,C15714T;G15844C,ORF1b:L749L;ORF1b:E793Q,292,2139,0.1365123889668069,3,BA.2.3:3
3052026,BA.2_0.05_abundance_0.2,A15861G;C15904T;T15927C;G15955T;G15995C;G16027T;T16029A;T16074A;A16105G;C16134A;T16147A;T16155C;G16158A,ORF1b:K798K;ORF1b:Q813*;ORF1b:L820L;ORF1b:G830W;ORF1b:G843A;ORF1b:A854S;ORF1b:A854A;ORF1b:A869A;ORF1b:R880G;ORF1b:H889Q;ORF1b:Y894N;ORF1b:V896V;ORF1b:M897I,71,575,0.1234782608695652,0,
3052026,BA.2_0.05_abundance_0.2,A15861G;C15904T;T15927C;G15955T;G15995C;G16027T;T16029A;T16074A;A16105G;C16134A;T16147A;T16155C;G16158A;A16172C,ORF1b:K798K;ORF1b:Q813*;ORF1b:L820L;ORF1b:G830W;ORF1b:G843A;ORF1b:A854S;ORF1b:A854A;ORF1b:A869A;ORF1b:R880G;ORF1b:H889Q;ORF1b:Y894N;ORF1b:V896V;ORF1b:M897I;ORF1b:N902T,23,189,0.1216931216931216,0,
3052026,BA.2_0.05_abundance_0.2,A15861G;C15904T;T15927C;G15955T;G15995C;G16027T;T16029A,ORF1b:K798K;ORF1b:Q813*;ORF1b:L820L;ORF1b:G830W;ORF1b:G843A;ORF1b:A854S;ORF1b:A854A,8,676,0.0118343195266272,0,
3052026,BA.2_0.05_abundance_0.2,C15904T;T15927C;G15955T;G15995C;G16027T;T16029A;T16074A;A16105G;C16134A;T16147A;T16155C;G16158A,ORF1b:Q813*;ORF1b:L820L;ORF1b:G830W;ORF1b:G843A;ORF1b:A854S;ORF1b:A854A;ORF1b:A869A;ORF1b:R880G;ORF1b:H889Q;ORF1b:Y894N;ORF1b:V896V;ORF1b:M897I,189,2086,0.0906040268456375,0,
3052026,BA.2_0.05_abundance_0.2,C15904T;T15927C;G15955T;G15995C;G16027T;T16029A;T16074A;A16105G;C16134A;T16147A;T16155C;G16158A;A16172C,ORF1b:Q813*;ORF1b:L820L;ORF1b:G830W;ORF1b:G843A;ORF1b:A854S;ORF1b:A854A;ORF1b:A869A;ORF1b:R880G;ORF1b:H889Q;ORF1b:Y894N;ORF1b:V896V;ORF1b:M897I;ORF1b:N902T,71,666,0.1066066066066066,0,
3052026,BA.2_0.05_abundance_0.2,C15904T;T15927C;G15955T;G15995C;G16027T;T16029A,ORF1b:Q813*;ORF1b:L820L;ORF1b:G830W;ORF1b:G843A;ORF1b:A854S;ORF1b:A854A,37,2539,0.0145726664040961,0,
3052026,BA.2_0.05_abundance_0.2,C15904T;T15927C;G15955T;G15995C;G16027T;T16029A;T16074A;A16105G;C16134A;T16147A;T16155C;G16158A;A16172C;A16179C,ORF1b:Q813*;ORF1b:L820L;ORF1b:G830W;ORF1b:G843A;ORF1b:A854S;ORF1b:A854A;ORF1b:A869A;ORF1b:R880G;ORF1b:H889Q;ORF1b:Y894N;ORF1b:V896V;ORF1b:M897I;ORF1b:N902T;ORF1b:S904S,16,164,0.0975609756097561,0,
3052026,BA.2_0.05_abundance_0.2,T16155C;G16158A;A16172C;A16179C;T16185C;T16201G;A16214C;A16216T;A16227C;A16261T;A16268T;G16322C;C16409A;C16418T;C16457G,ORF1b:V896V;ORF1b:M897I;ORF1b:N902T;ORF1b:S904S;ORF1b:Y906Y;ORF1b:Y912D;ORF1b:Y916S;ORF1b:T917S;ORF1b:T920T;ORF1b:N932Y;ORF1b:Q934L;ORF1b:C952S;ORF1b:T981K;ORF1b:T984I;ORF1b:S997*,5,125,0.04,0,
3052026,BA.2_0.05_abundance_0.2,A16172C;A16179C;T16185C;A16214C;A16216T;A16227C;A16261T;A16268T;G16322C;C16409A;C16418T;C16457G,ORF1b:N902T;ORF1b:S904S;ORF1b:Y906Y;ORF1b:Y916S;ORF1b:T917S;ORF1b:T920T;ORF1b:N932Y;ORF1b:Q934L;ORF1b:C952S;ORF1b:T981K;ORF1b:T984I;ORF1b:S997*,5,271,0.018450184501845,0,
3052026,BA.2_0.05_abundance_0.2,A16172C;A16179C;T16185C;T16201G;A16214C;A16216T;A16227C;A16261T;A16268T;G16322C;C16409A;C16418T;C16457G,ORF1b:N902T;ORF1b:S904S;ORF1b:Y906Y;ORF1b:Y912D;ORF1b:Y916S;ORF1b:T917S;ORF1b:T920T;ORF1b:N932Y;ORF1b:Q934L;ORF1b:C952S;ORF1b:T981K;ORF1b:T984I;ORF1b:S997*,8,271,0.029520295202952,0,
3052026,BA.2_0.05_abundance_0.2,T16201G;G16316A,ORF1b:Y912D;ORF1b:C950Y,10,322,0.031055900621118,0,
3052026,BA.2_0.05_abundance_0.2,T16201G;A16434G,ORF1b:Y912D;ORF1b:G989G,8,294,0.0272108843537414,0,
3052026,BA.2_0.05_abundance_0.2,T16778G;A16804C;T16809C;A16819C;A16824T;G16855C;T16863C;T16884G;A16889C;A16895C;T16911A;T16926C;T16931G;C16952A;C16961T;C17028T;T17052A;A17063G;A17101G,ORF1b:V1104G;ORF1b:N1113H;ORF1b:S1114S;ORF1b:I1118L;ORF1b:G1119G;ORF1b:D1130H;ORF1b:V1132V;ORF1b:T1139T;ORF1b:K1141T;ORF1b:N1143T;ORF1b:F1148L;ORF1b:H1153H;ORF1b:V1155G;ORF1b:T1162K;ORF1b:P1165L;ORF1b:S1187S;ORF1b:V1195V;ORF1b:K1199R;ORF1b:S1212G,34,185,0.1837837837837838,0,
3052026,BA.2_0.05_abundance_0.2,T16778G;A16804C;T16809C;A16819C;A16824T;G16855C;T16863C;T16884G;A16889C;A16895C;T16911A;T16926C;T16931G;C16952A;C16961T;A16999G;C17028T;T17052A;A17063G;A17101G,ORF1b:V1104G;ORF1b:N1113H;ORF1b:S1114S;ORF1b:I1118L;ORF1b:G1119G;ORF1b:D1130H;ORF1b:V1132V;ORF1b:T1139T;ORF1b:K1141T;ORF1b:N1143T;ORF1b:F1148L;ORF1b:H1153H;ORF1b:V1155G;ORF1b:T1162K;ORF1b:P1165L;ORF1b:T1178A;ORF1b:S1187S;ORF1b:V1195V;ORF1b:K1199R;ORF1b:S1212G,5,184,0.0271739130434782,0,
3052026,BA.2_0.05_abundance_0.2,T16778G;A16804C;T16809C;A16819C;A16824T;G16855C;T16863C;T16884G;A16889C;A16895C;T16911A;T16926C;T16931G;C16952A;C16961T;C17028T;T17052A;A17063G,ORF1b:V1104G;ORF1b:N1113H;ORF1b:S1114S;ORF1b:I1118L;ORF1b:G1119G;ORF1b:D1130H;ORF1b:V1132V;ORF1b:T1139T;ORF1b:K1141T;ORF1b:N1143T;ORF1b:F1148L;ORF1b:H1153H;ORF1b:V1155G;ORF1b:T1162K;ORF1b:P1165L;ORF1b:S1187S;ORF1b:V1195V;ORF1b:K1199R,5,206,0.0242718446601941,0,
3052026,BA.2_0.05_abundance_0.2,A16804C;T16809C;A16819C;A16824T;G16855C;T16863C;T16884G;A16889C;A16895C;T16911A;T16926C;T16931G;C16952A;C16961T;C17028T;T17052A;A17063G;A17101G,ORF1b:N1113H;ORF1b:S1114S;ORF1b:I1118L;ORF1b:G1119G;ORF1b:D1130H;ORF1b:V1132V;ORF1b:T1139T;ORF1b:K1141T;ORF1b:N1143T;ORF1b:F1148L;ORF1b:H1153H;ORF1b:V1155G;ORF1b:T1162K;ORF1b:P1165L;ORF1b:S1187S;ORF1b:V1195V;ORF1b:K1199R;ORF1b:S1212G,142,1110,0.1279279279279279,0,
3052026,BA.2_0.05_abundance_0.2,A16804C;T16809C;A16819C;A16824T;G16855C;T16863C;T16884G;A16889C;A16895C;T16911A;T16926C;T16931G;C16952A;C16961T,ORF1b:N1113H;ORF1b:S1114S;ORF1b:I1118L;ORF1b:G1119G;ORF1b:D1130H;ORF1b:V1132V;ORF1b:T1139T;ORF1b:K1141T;ORF1b:N1143T;ORF1b:F1148L;ORF1b:H1153H;ORF1b:V1155G;ORF1b:T1162K;ORF1b:P1165L,14,1313,0.0106626047220106,0,
3052026,BA.2_0.05_abundance_0.2,A16804C;T16809C;A16819C;A16824T;G16855C;T16863C;T16884G;A16889C;A16895C;T16911A;T16926C;T16931G;C16952A;C16961T;C17028T;T17052A;A17063G;A17101G;T17126C,ORF1b:N1113H;ORF1b:S1114S;ORF1b:I1118L;ORF1b:G1119G;ORF1b:D1130H;ORF1b:V1132V;ORF1b:T1139T;ORF1b:K1141T;ORF1b:N1143T;ORF1b:F1148L;ORF1b:H1153H;ORF1b:V1155G;ORF1b:T1162K;ORF1b:P1165L;ORF1b:S1187S;ORF1b:V1195V;ORF1b:K1199R;ORF1b:S1212G;ORF1b:L1220P,5,38,0.131578947368421,0,
3052026,BA.2_0.05_abundance_0.2,A16804C;T16809C;A16819C;A16824T;G16855C;T16863C;T16884G;A16889C;A16895C;T16911A;T16926C;T16931G;C16952A;C16961T;C17028T;T17052A;A17063G,ORF1b:N1113H;ORF1b:S1114S;ORF1b:I1118L;ORF1b:G1119G;ORF1b:D1130H;ORF1b:V1132V;ORF1b:T1139T;ORF1b:K1141T;ORF1b:N1143T;ORF1b:F1148L;ORF1b:H1153H;ORF1b:V1155G;ORF1b:T1162K;ORF1b:P1165L;ORF1b:S1187S;ORF1b:V1195V;ORF1b:K1199R,23,1219,0.0188679245283018,0,
3052026,BA.2_0.05_abundance_0.2,G16871T;A16999G,ORF1b:R1135L;ORF1b:T1178A,27,1217,0.0221857025472473,0,
3052026,BA.2_0.05_abundance_0.2,A17101G;T17126C;G17162A;T17166C;T17169A;A17199C;T17210C;T17255A;T17263A;A17270G;A17294G;A17300G;T17306C;G17320A;G17331A;A17332T;T17353A;G17359C;T17400G;C17410T,ORF1b:S1212G;ORF1b:L1220P;ORF1b:C1232Y;ORF1b:S1233S;ORF1b:H1234Q;ORF1b:A1244A;ORF1b:L1248S;ORF1b:V1263E;ORF1b:F1266I;ORF1b:K1268R;ORF1b:E1276G;ORF1b:Y1278C;ORF1b:F1280S;ORF1b:A1285T;ORF1b:E1288E;ORF1b:T1289S;ORF1b:F1296I;ORF1b:E1298Q;ORF1b:N1311K;ORF1b:R1315C,180,970,0.1855670103092783,0,
3052026,BA.2_0.05_abundance_0.2,A17101G;T17126C;G17162A;T17166C;T17169A;A17199C;T17210C;T17255A;T17263A;A17270G;A17294G;A17300G;T17306C;G17320A;G17331A;A17332T;T17353A;G17359C,ORF1b:S1212G;ORF1b:L1220P;ORF1b:C1232Y;ORF1b:S1233S;ORF1b:H1234Q;ORF1b:A1244A;ORF1b:L1248S;ORF1b:V1263E;ORF1b:F1266I;ORF1b:K1268R;ORF1b:E1276G;ORF1b:Y1278C;ORF1b:F1280S;ORF1b:A1285T;ORF1b:E1288E;ORF1b:T1289S;ORF1b:F1296I;ORF1b:E1298Q,26,1468,0.0177111716621253,0,
3052026,BA.2_0.05_abundance_0.2,A17101G;T17126C;G17162A;T17166C;T17169A;A17199C;T17210C;T17255A;T17263A;A17270G;A17294G;A17300G;T17306C;G17320A;G17331A;A17332T;T17353A;G17359C;T17400G,ORF1b:S1212G;ORF1b:L1220P;ORF1b:C1232Y;ORF1b:S1233S;ORF1b:H1234Q;ORF1b:A1244A;ORF1b:L1248S;ORF1b:V1263E;ORF1b:F1266I;ORF1b:K1268R;ORF1b:E1276G;ORF1b:Y1278C;ORF1b:F1280S;ORF1b:A1285T;ORF1b:E1288E;ORF1b:T1289S;ORF1b:F1296I;ORF1b:E1298Q;ORF1b:N1311K,73,1338,0.054559043348281,0,
3052026,BA.2_0.05_abundance_0.2,A17101G;T17126C;G17162A;T17166C;T17169A;A17199C;T17210C;T17255A;T17263A;A17270G;A17294G;A17300G;T17306C,ORF1b:S1212G;ORF1b:L1220P;ORF1b:C1232Y;ORF1b:S1233S;ORF1b:H1234Q;ORF1b:A1244A;ORF1b:L1248S;ORF1b:V1263E;ORF1b:F1266I;ORF1b:K1268R;ORF1b:E1276G;ORF1b:Y1278C;ORF1b:F1280S,19,1567,0.0121250797702616,0,
3052026,BA.2_0.05_abundance_0.2,A17101G;T17126C;G17162A;T17166C;T17169A;A17199C;T17210C;T17255A;T17263A;A17270G;A17294G;A17300G;T17306C;G17320A;G17331A;T17353A;G17359C;T17400G;C17410T,ORF1b:S1212G;ORF1b:L1220P;ORF1b:C1232Y;ORF1b:S1233S;ORF1b:H1234Q;ORF1b:A1244A;ORF1b:L1248S;ORF1b:V1263E;ORF1b:F1266I;ORF1b:K1268R;ORF1b:E1276G;ORF1b:Y1278C;ORF1b:F1280S;ORF1b:A1285T;ORF1b:E1288E;ORF1b:F1296I;ORF1b:E1298Q;ORF1b:N1311K;ORF1b:R1315C,11,970,0.011340206185567,0,
3052026,BA.2_0.05_abundance_0.2,T17126C;G17162A;T17166C;T17169A;A17199C;T17210C;T17255A;T17263A;A17270G;A17294G;A17300G;T17306C;G17320A;G17331A;A17332T;T17353A;G17359C;T17400G;C17410T,ORF1b:L1220P;ORF1b:C1232Y;ORF1b:S1233S;ORF1b:H1234Q;ORF1b:A1244A;ORF1b:L1248S;ORF1b:V1263E;ORF1b:F1266I;ORF1b:K1268R;ORF1b:E1276G;ORF1b:Y1278C;ORF1b:F1280S;ORF1b:A1285T;ORF1b:E1288E;ORF1b:T1289S;ORF1b:F1296I;ORF1b:E1298Q;ORF1b:N1311K;ORF1b:R1315C,295,2740,0.1076642335766423,0,
3052026,BA.2_0.05_abundance_0.2,T17126C;G17162A;T17166C;T17169A;A17199C;T17210C;T17255A;T17263A;A17270G;A17294G;A17300G;T17306C;G17320A;G17331A;A17332T;T17353A;G17359C;T17400G,ORF1b:L1220P;ORF1b:C1232Y;ORF1b:S1233S;ORF1b:H1234Q;ORF1b:A1244A;ORF1b:L1248S;ORF1b:V1263E;ORF1b:F1266I;ORF1b:K1268R;ORF1b:E1276G;ORF1b:Y1278C;ORF1b:F1280S;ORF1b:A1285T;ORF1b:E1288E;ORF1b:T1289S;ORF1b:F1296I;ORF1b:E1298Q;ORF1b:N1311K,124,3791,0.0327090477446584,0,
3052026,BA.2_0.05_abundance_0.2,T17126C;G17162A;T17166C;T17169A;A17199C;T17210C;T17255A;T17263A;A17270G;A17294G;A17300G;T17306C;G17320A;G17331A;A17332T;T17353A;G17359C,ORF1b:L1220P;ORF1b:C1232Y;ORF1b:S1233S;ORF1b:H1234Q;ORF1b:A1244A;ORF1b:L1248S;ORF1b:V1263E;ORF1b:F1266I;ORF1b:K1268R;ORF1b:E1276G;ORF1b:Y1278C;ORF1b:F1280S;ORF1b:A1285T;ORF1b:E1288E;ORF1b:T1289S;ORF1b:F1296I;ORF1b:E1298Q,44,4160,0.010576923076923,0,
3052026,BA.2_0.05_abundance_0.2,G17176A;C17410T,ORF1b:V1237I;ORF1b:R1315C,263,2740,0.095985401459854,18,BA.5.2.1:3;BA.2:9;BA.2.9:4;BA.2.16:1;BF.10:1
3052026,BA.2_0.05_abundance_0.2,C17708T;G17749C;G17753T;A17775T;A17791T;T17812A;G17815T;A17823G;A17853C;T17859A;A17889T;T17978C;A17984T,ORF1b:P1414L;ORF1b:A1428P;ORF1b:W1429L;ORF1b:S1436S;ORF1b:N1442Y;ORF1b:L1449M;ORF1b:G1450*;ORF1b:P1452P;ORF1b:S1462S;ORF1b:Y1464*;ORF1b:E1474D;ORF1b:L1504P;ORF1b:D1506V,7,88,0.0795454545454545,0,
3052026,BA.2_0.05_abundance_0.2,C17708T;G17749C;G17753T;A17775T;A17791T;T17812A;G17815T;A17823G;A17853C;T17859A;A17889T;T17978C;A17981T;A17984T,ORF1b:P1414L;ORF1b:A1428P;ORF1b:W1429L;ORF1b:S1436S;ORF1b:N1442Y;ORF1b:L1449M;ORF1b:G1450*;ORF1b:P1452P;ORF1b:S1462S;ORF1b:Y1464*;ORF1b:E1474D;ORF1b:L1504P;ORF1b:Y1505F;ORF1b:D1506V,7,88,0.0795454545454545,0,
3052026,BA.2_0.05_abundance_0.2,G17749C;G17753T;A17775T;A17791T;T17812A;G17815T;A17823G;A17853C;T17859A;A17889T;T17978C;A17981T;A17984T,ORF1b:A1428P;ORF1b:W1429L;ORF1b:S1436S;ORF1b:N1442Y;ORF1b:L1449M;ORF1b:G1450*;ORF1b:P1452P;ORF1b:S1462S;ORF1b:Y1464*;ORF1b:E1474D;ORF1b:L1504P;ORF1b:Y1505F;ORF1b:D1506V,8,333,0.024024024024024,0,
3052026,BA.2_0.05_abundance_0.2,G17749C;G17753T;A17775T;A17791T;T17812A;G17815T;A17823G;A17853C;T17859A;A17889T;T17978C;A17984T,ORF1b:A1428P;ORF1b:W1429L;ORF1b:S1436S;ORF1b:N1442Y;ORF1b:L1449M;ORF1b:G1450*;ORF1b:P1452P;ORF1b:S1462S;ORF1b:Y1464*;ORF1b:E1474D;ORF1b:L1504P;ORF1b:D1506V,25,333,0.075075075075075,0,
3052026,BA.2_0.05_abundance_0.2,G17749C;G17753T;G17764A;A17775T;A17791T;T17812A;G17815T;A17823G;A17853C;T17859A;A17889T;T17978C;A17984T,ORF1b:A1428P;ORF1b:W1429L;ORF1b:V1433I;ORF1b:S1436S;ORF1b:N1442Y;ORF1b:L1449M;ORF1b:G1450*;ORF1b:P1452P;ORF1b:S1462S;ORF1b:Y1464*;ORF1b:E1474D;ORF1b:L1504P;ORF1b:D1506V,5,333,0.015015015015015,0,
3052026,BA.2_0.05_abundance_0.2,G17764A;A17981T,ORF1b:V1433I;ORF1b:Y1505F,14,333,0.042042042042042,0,
3052026,BA.2_0.05_abundance_0.2,G17926C;A17981T,ORF1b:A1487P;ORF1b:Y1505F,5,334,0.0149700598802395,0,
3052026,BA.2_0.05_abundance_0.2,A18140C;A18163G,ORF1b:K1558T;ORF1b:I1566V,78,246,0.3170731707317073,2,BA.2:1;BQ.1.1:1
3052026,BA.2_0.05_abundance_0.2,G18343T;A18626T,ORF1b:G1626C;ORF1b:K1720M,39,632,0.0617088607594936,0,
3052026,BA.2_0.05_abundance_0.2,G18968A;A18969G;A18982G;T19016G;G19056A;A19073G;G19086A;T19110A;A19116G;A19123T;A19134G;T19139C;T19146G;T19149C;A19210G;G19211T;A19212C;G19219A;C19227T;T19233A;T19241C;T19248G;C19255G,ORF1b:R1834K;ORF1b:R1834R;ORF1b:M1839V;ORF1b:F1850C;ORF1b:K1863K;ORF1b:D1869G;ORF1b:K1873K;ORF1b:S1881R;ORF1b:K1883K;ORF1b:K1886*;ORF1b:E1889E;ORF1b:F1891S;ORF1b:S1893S;ORF1b:Y1894Y;ORF1b:R1915G;ORF1b:R1915I;ORF1b:R1915S;ORF1b:A1918T;ORF1b:S1920S;ORF1b:V1922V;ORF1b:F1925S;ORF1b:T1927T;ORF1b:L1930V,28,142,0.1971830985915492,0,
3052026,BA.2_0.05_abundance_0.2,G18968A;A18969G;A18982G;T19016G;G19056A;A19073G;G19086A;T19110A;A19116G;A19123T;A19134G;T19139C;T19146G;T19149C;A19210G;G19211T;A19212C;G19219A;C19227T;T19233A;T19241C;T19248G,ORF1b:R1834K;ORF1b:R1834R;ORF1b:M1839V;ORF1b:F1850C;ORF1b:K1863K;ORF1b:D1869G;ORF1b:K1873K;ORF1b:S1881R;ORF1b:K1883K;ORF1b:K1886*;ORF1b:E1889E;ORF1b:F1891S;ORF1b:S1893S;ORF1b:Y1894Y;ORF1b:R1915G;ORF1b:R1915I;ORF1b:R1915S;ORF1b:A1918T;ORF1b:S1920S;ORF1b:V1922V;ORF1b:F1925S;ORF1b:T1927T,7,176,0.0397727272727272,0,
3052026,BA.2_0.05_abundance_0.2,G20518A;G20548A;T20563A;T20570C;T20573G;T20579G;T20606G;T20609A;G20616T;G20618A;T20625G;C20629T;C20646A;T20671C;T20690G;G20691C;T20701G;A20711G;T20717A;T20723C;A20744T;A20766G;C20790T;A20796T;G20808C,ORF1b:D2351N;ORF1b:D2361N;ORF1b:S2366T;ORF1b:V2368A;ORF1b:V2369G;ORF1b:V2371G;ORF1b:F2380C;ORF1b:M2381K;ORF1b:W2383C;ORF1b:C2384Y;ORF1b:D2386E;ORF1b:H2388Y;ORF1b:Y2393*;ORF1b:W2402R;ORF1b:M2408R;ORF1b:M2408I;ORF1b:Y2412D;ORF1b:Q2415R;ORF1b:M2417K;ORF1b:L2419S;ORF1b:N2426I;ORF1b:L2433L;ORF1b:V2441V;ORF1b:K2443N;ORF1b:L2447L,175,1017,0.1720747295968535,0,
3052026,BA.2_0.05_abundance_0.2,G20518A;G20548A;T20563A;T20570C;T20573G;T20579G;T20606G;T20609A;G20616T;G20618A;T20625G;C20629T;C20646A;T20671C;T20690G;G20691C;T20701G;A20711G;T20717A;T20723C;A20744T;A20766G;C20790T;A20796T;G20808C;C20823A,ORF1b:D2351N;ORF1b:D2361N;ORF1b:S2366T;ORF1b:V2368A;ORF1b:V2369G;ORF1b:V2371G;ORF1b:F2380C;ORF1b:M2381K;ORF1b:W2383C;ORF1b:C2384Y;ORF1b:D2386E;ORF1b:H2388Y;ORF1b:Y2393*;ORF1b:W2402R;ORF1b:M2408R;ORF1b:M2408I;ORF1b:Y2412D;ORF1b:Q2415R;ORF1b:M2417K;ORF1b:L2419S;ORF1b:N2426I;ORF1b:L2433L;ORF1b:V2441V;ORF1b:K2443N;ORF1b:L2447L;ORF1b:N2452K,13,1013,0.0128331688055281,0,
3052026,BA.2_0.05_abundance_0.2,G20518A;G20548A;T20563A;T20570C;T20573G;T20579G;T20606G;T20609A;G20616T;G20618A;T20625G;C20629T;C20646A;T20671C;T20690G;G20691C;T20701G;A20711G,ORF1b:D2351N;ORF1b:D2361N;ORF1b:S2366T;ORF1b:V2368A;ORF1b:V2369G;ORF1b:V2371G;ORF1b:F2380C;ORF1b:M2381K;ORF1b:W2383C;ORF1b:C2384Y;ORF1b:D2386E;ORF1b:H2388Y;ORF1b:Y2393*;ORF1b:W2402R;ORF1b:M2408R;ORF1b:M2408I;ORF1b:Y2412D;ORF1b:Q2415R,13,1095,0.0118721461187214,0,
3052026,BA.2_0.05_abundance_0.2,A21400C;C21410G;C21412A;G21451C;T21467A;T21545G;T21546G;A21547T;T21570A;T21580G;T21581C;T21610G;C21618T;C21621T;T21653A;A21661C,ORF1b:S2645R;ORF1b:P2648R;ORF1b:L2649I;ORF1b:G2662R;ORF1b:M2667K;ORF1b:V2693G;ORF1b:V2693V;ORF1b:N2694Y;S:V3D;S:V6V;S:L7L;S:V16V;S:T19I;S:T20I;S:S31T;S:T33T,14,227,0.0616740088105726,0,
3052026,BA.2_0.05_abundance_0.2,A21400C;C21410G;C21412A;G21451C;T21467A;T21545G;T21546G;A21547T;T21570A;T21580G;T21581C;T21610G;C21618T;C21621T;T21653A;A21661C;T21702C,ORF1b:S2645R;ORF1b:P2648R;ORF1b:L2649I;ORF1b:G2662R;ORF1b:M2667K;ORF1b:V2693G;ORF1b:V2693V;ORF1b:N2694Y;S:V3D;S:V6V;S:L7L;S:V16V;S:T19I;S:T20I;S:S31T;S:T33T;S:V47A,18,137,0.1313868613138686,0,
3052026,BA.2_0.05_abundance_0.2,C21428G;C21618T,ORF1b:T2654S;S:T19I,28,239,0.1171548117154811,3,BA.2.68:1;BA.5.2.21:1;BY.1:1
3052026,BA.2_0.05_abundance_0.2,T21702C;A21720T;T21756A;A21768C;G21795C;T21818C;C21843A;A21858G;G21869C;G21873T;A21875G;C21904G;C21910T;A21913T;A21917T;A21923C;T21937C;C21962A;G21987A,S:V47A;S:D53V;S:F65Y;S:H69P;S:R78T;S:F86L;S:S94Y;S:N99S;S:G103R;S:W104L;S:I105V;S:T114T;S:S116S;S:L117L;S:I119F;S:N121H;S:N125N;S:Q134K;S:G142D,59,426,0.1384976525821596,0,
3052026,BA.2_0.05_abundance_0.2,T21702C;A21720T;T21756A;A21768C;G21795C;T21818C;C21843A;A21858G;G21869C;G21873T;A21875G;T21876C;C21904G;C21910T;A21913T;A21917T;A21923C;T21937C;C21962A;G21987A,S:V47A;S:D53V;S:F65Y;S:H69P;S:R78T;S:F86L;S:S94Y;S:N99S;S:G103R;S:W104L;S:I105V;S:I105T;S:T114T;S:S116S;S:L117L;S:I119F;S:N121H;S:N125N;S:Q134K;S:G142D,8,426,0.0187793427230046,0,
3052026,BA.2_0.05_abundance_0.2,T21702C;A21720T;T21756A;A21768C;G21795C;T21818C;C21843A;A21858G;G21869C;G21873T;A21875G;C21904G;C21910T;A21913T;A21917T;A21923C;T21937C;C21962A,S:V47A;S:D53V;S:F65Y;S:H69P;S:R78T;S:F86L;S:S94Y;S:N99S;S:G103R;S:W104L;S:I105V;S:T114T;S:S116S;S:L117L;S:I119F;S:N121H;S:N125N;S:Q134K,6,487,0.0123203285420944,0,
3052026,BA.2_0.05_abundance_0.2,T21876C;G21987A,S:I105T;S:G142D,77,430,0.1790697674418604,85,BA.5.2:2;AY.4.2:23;AY.123:1;BA.5.2.1:2;AY.103:4;AY.43:17;AY.122:3;BF.18:2;AY.112:1;AY.25.1:1;AY.23:1;AY.120.1:2;AY.4:2;BA.2.75:2;BA.1.1:1;AY.39:3;BQ.1.1:1;BA.2:3;AY.25:2;BA.5.1:1;AY.14:1;BF.7:1;AY.44:1;AY.69:1;BA.1:6;AY.119:1
3052026,BA.2_0.05_abundance_0.2,T22882G;G22992A;C22995A;G23006A;A23013C;A23040G;A23055G;T23075C,S:N440K;S:S477N;S:T478K;S:G482S;S:E484A;S:Q493R;S:Q498R;S:Y505H,32,579,0.0552677029360967,12,BA.1.1:4;BA.2:5;BA.2.9:1;BA.2.12.1:1;BA.2.3:1
3052026,BA.2_0.05_abundance_0.2,A23403G;T23480A,S:D614G;S:S640T,182,623,0.2921348314606741,31,AY.4:5;AY.103:2;B.1.1.7:3;BA.2.10:1;BA.5.2:8;AY.25.1:1;BA.1.17.2:1;BA.5.5.1:3;AY.3:1;BA.5.2.1:2;BA.2:3;AY.43:1
3052026,BA.2_0.05_abundance_0.2,C23854A;G23948T;A24033G,S:N764K;S:D796Y;S:N824S,77,179,0.4301675977653631,98,BA.2.10:7;BA.2:20;BA.2.3:2;BA.1.1:3;BA.2.12.1:36;BE.6:1;BA.5.2.1:4;BA.1.17:2;BA.5.1.22:7;BA.2.18:2;BA.5.1:1;BA.5.6:1;BF.5:1;BZ.1:2;BA.5.3.1:3;BA.5.2.27:1;BE.1.1:1;BA.2.5:1;BA.2.3.1:1;BA.5.5.2:2
3052026,BA.2_0.05_abundance_0.2,A24453G;C24458A;T24464G;A24468C;T24475A;C24477G;G24515A;G24533C;A24539C;C24555G;A24562T;G24570T;A24602C;A24619T;T24625C;C24627A;A24630C;C24662A;A24673T;C24720A;T24721A;G24740C,S:K964R;S:L966I;S:S968A;S:N969T;S:G971G;S:A972G;S:D985N;S:V991L;S:I993L;S:T998R;S:R1000S;S:S1003I;S:R1014R;S:R1019S;S:S1021S;S:A1022D;S:N1023T;S:L1034I;S:S1037S;S:P1053H;S:P1053P;S:V1060L,7,37,0.1891891891891892,0,
3052026,BA.2_0.05_abundance_0.2,G24740C;G24757C;C24801G;A24820T;T24829A;A24860G;A24874C;C24878G;T24887G;A24894G;T24906G;G24933A;A24950G;T24951G;C24964G;C24986T;C25000T,S:V1060L;S:V1065V;S:A1080G;S:K1086N;S:F1089L;S:T1100A;S:V1104V;S:Q1106E;S:F1109V;S:E1111G;S:I1115S;S:G1124D;S:I1130V;S:I1130R;S:N1134K;S:Q1142*;S:D1146D,83,476,0.1743697478991596,0,
3052026,BA.2_0.05_abundance_0.2,G24740C;G24757C;C24801G;A24820T;T24829A;A24860G;A24874C;C24878G;A24881G;T24887G;A24894G;T24906G;G24933A;A24950G;T24951G;C24964G;C24986T;C25000T,S:V1060L;S:V1065V;S:A1080G;S:K1086N;S:F1089L;S:T1100A;S:V1104V;S:Q1106E;S:R1107G;S:F1109V;S:E1111G;S:I1115S;S:G1124D;S:I1130V;S:I1130R;S:N1134K;S:Q1142*;S:D1146D,5,476,0.0105042016806722,0,
3052026,BA.2_0.05_abundance_0.2,A24881G;C25000T,S:R1107G;S:D1146D,61,482,0.1265560165975103,2,BA.1.17.2:1;BA.2:1
3052026,BA.2_0.05_abundance_0.2,A25360C;A25367G;T25414C;T25461A;A25462C;C25584T;T25633A,S:K1266N;S:K1269E;ORF3a:F8L;ORF3a:A23A;ORF3a:T24P;ORF3a:T64T;ORF3a:C81S,333,1774,0.1877113866967305,0,
3052026,BA.2_0.05_abundance_0.2,A25360C;A25367G;T25414C;T25461A;A25462C;C25584T,S:K1266N;S:K1269E;ORF3a:F8L;ORF3a:A23A;ORF3a:T24P;ORF3a:T64T,320,3560,0.0898876404494382,0,
3052026,BA.2_0.05_abundance_0.2,A25360C;A25367G;T25414C;T25461A;A25462C,S:K1266N;S:K1269E;ORF3a:F8L;ORF3a:A23A;ORF3a:T24P,50,3811,0.0131199160325373,0,
3052026,BA.2_0.05_abundance_0.2,A25505G;C25584T,ORF3a:Q38R;ORF3a:T64T,77,3561,0.0216231395675372,362,BA.2.3.8:1;BA.1.1.1:29;BA.4.1:6;BA.4.6:56;BA.5.1.4:1;BF.5:4;BA.4:1;BQ.1.1.4:1;BA.4.6.5:2;BA.5.1.1:1;BE.1:31;BA.1.1:20;BA.5.2.1:8;BA.2:75;BA.2.9.6:1;BA.2.12.1:13;BA.5.6:7;BA.1.16:1;BQ.1.1.1:6;BA.5:1;BA.2.3:2;BA.1.15:3;BA.5.2:11;B.1.221:16;BF.7.6:11;BA.2.18:2;BA.1.17:2;BA.1:10;BA.5.1.5:1;BA.5.1:13;BA.1.14:1;BQ.1:1;AY.33:1;BA.1.1.18:3;BA.1.20:2;BF.1:1;B.1.221.1:1;BQ.1.1.13:1;BA.2.38:2;BF.10:1;BA.5.1.23:2;BA.2.9:1;BA.2.11:2;BF.21:1;BA.1.1.6:2;BA.1.18:1;BA.2.37:1;BA.2.56:1;BA.5.2.20:1
3052026,BA.2_0.05_abundance_0.2,C25584T;T25633A,ORF3a:T64T;ORF3a:C81S,19,1774,0.0107102593010146,32,BA.5.1:2;BA.2.12.1:6;BA.1.1:2;BA.1:3;BA.1.15:6;BA.1.15.1:1;BA.1.1.2:1;BA.2:2;BA.1.17:1;BA.1.1.1:1;BA.5.2:3;BQ.1.1:1;BA.5.1.23:1;BA.2.12:1;BA.2.75:1
3052026,BA.2_0.05_abundance_0.2,C26270T;C26292G;C26309G;G26314C;T26355C;C26376G;A26380C;T26409G;C26421G;A26472T;T26524A;A26541C,E:T9I;E:S16R;E:A22G;E:V24L;E:L37L;E:C44W;E:I46L;E:S55S;E:Y59*;E:*76TyrexX;M:MX;M:T7P,11,411,0.0267639902676399,0,
3052026,BA.2_0.05_abundance_0.2,C26270T;C26292G,E:T9I;E:S16R,46,499,0.0921843687374749,0,
3052026,BA.2_0.05_abundance_0.2,C26270T;C26309G;G26314C;T26355C;C26376G;A26380C;T26409G;C26421G;A26472T;T26524A;A26541C,E:T9I;E:A22G;E:V24L;E:L37L;E:C44W;E:I46L;E:S55S;E:Y59*;E:*76TyrexX;M:MX;M:T7P,66,411,0.1605839416058394,0,
3052026,BA.2_0.05_abundance_0.2,C26270T;T26396G,E:T9I;E:L51R,29,499,0.0581162324649298,1,BA.1.1.2:1
3052026,BA.2_0.05_abundance_0.2,C26270T;C26309G;G26314C;T26355C;C26376G;A26380C;T26396G;T26409G;C26421G;A26472T;T26524A;A26541C,E:T9I;E:A22G;E:V24L;E:L37L;E:C44W;E:I46L;E:L51R;E:S55S;E:Y59*;E:*76TyrexX;M:MX;M:T7P,8,411,0.0194647201946472,0,
3052026,BA.2_0.05_abundance_0.2,C26270T;C26309G;G26314C;T26355C;C26376G;A26380C;T26409G;C26421G,E:T9I;E:A22G;E:V24L;E:L37L;E:C44W;E:I46L;E:S55S;E:Y59*,7,499,0.0140280561122244,0,
3052026,BA.2_0.05_abundance_0.2,C26270T;C26309G;G26314C;T26355C;C26376G;A26380C;T26409G;C26421G;A26472T;T26524A,E:T9I;E:A22G;E:V24L;E:L37L;E:C44W;E:I46L;E:S55S;E:Y59*;E:*76TyrexX;M:MX,6,453,0.0132450331125827,0,
3052026,BA.2_0.05_abundance_0.2,C26577G;C26628T;G26709A;C26858T,M:Q19E;M:Q36*;M:A63T;M:F112F,285,2483,0.1147805074506645,12,BA.4.1:1;BA.2.38:1;BA.2:7;BA.2.74:2;BA.2.9:1
3052026,BA.2_0.05_abundance_0.2,C26577G;C26628T;G26709A,M:Q19E;M:Q36*;M:A63T,65,2838,0.0229034531360112,28,BA.4.1:1;BA.1.1:7;BA.2.38:1;BA.2:10;BA.1.15:1;BA.2.74:2;BA.1:3;BF.3.1:1;BA.2.9:1;BA.1.1.1:1
3052026,BA.2_0.05_abundance_0.2,C27208A;G27225T;A27246C;A27259C;G27261C;C27263T;T27273C;G27281A;T27291G;T27296G;A27317T;A27321C;G27327T;T27328G;A27359G;A27372G;G27382C;A27383T;T27384C;A27399G;G27420A;C27427A;G27430T;C27434A;T27483G;A27491T,ORF6:H3N;ORF6:Q8H;ORF6:L15F;ORF6:R20R;ORF6:R20S;ORF6:T21I;ORF6:V24V;ORF6:W27*;ORF6:D30E;ORF6:I32S;ORF6:N39I;ORF6:L40F;ORF6:K42N;ORF6:S43A;ORF6:D53G;ORF6:P57P;ORF6:D61H;ORF6:D61V;ORF6:D61D;ORF7a:K2K;ORF7a:L9L;ORF7a:L12I;ORF7a:A13S;ORF7a:T14N;ORF7a:L30L;ORF7a:E33V,18,1633,0.0110226576852418,0,
3052026,BA.2_0.05_abundance_0.2,C27208A;G27225T;A27246C;A27259C;G27261C;C27263T;G27281A;T27291G;T27296G;A27317T;A27321C;G27327T;T27328G;A27359G;A27372G;G27382C;A27383T;T27384C;A27399G;G27420A;C27427A;G27430T;C27434A;T27483G;A27491T;C27494A,ORF6:H3N;ORF6:Q8H;ORF6:L15F;ORF6:R20R;ORF6:R20S;ORF6:T21I;ORF6:W27*;ORF6:D30E;ORF6:I32S;ORF6:N39I;ORF6:L40F;ORF6:K42N;ORF6:S43A;ORF6:D53G;ORF6:P57P;ORF6:D61H;ORF6:D61V;ORF6:D61D;ORF7a:K2K;ORF7a:L9L;ORF7a:L12I;ORF7a:A13S;ORF7a:T14N;ORF7a:L30L;ORF7a:E33V;ORF7a:P34H,137,1035,0.1323671497584541,0,
3052026,BA.2_0.05_abundance_0.2,C27208A;G27225T;A27246C;A27259C;G27261C;C27263T;G27281A;T27291G;T27296G;A27317T;A27321C;G27327T;T27328G;A27359G;A27372G;G27382C;A27383T;T27384C;A27399G;G27420A;C27427A;G27430T;C27434A;T27483G;A27491T,ORF6:H3N;ORF6:Q8H;ORF6:L15F;ORF6:R20R;ORF6:R20S;ORF6:T21I;ORF6:W27*;ORF6:D30E;ORF6:I32S;ORF6:N39I;ORF6:L40F;ORF6:K42N;ORF6:S43A;ORF6:D53G;ORF6:P57P;ORF6:D61H;ORF6:D61V;ORF6:D61D;ORF7a:K2K;ORF7a:L9L;ORF7a:L12I;ORF7a:A13S;ORF7a:T14N;ORF7a:L30L;ORF7a:E33V,75,1633,0.0459277403551745,0,
3052026,BA.2_0.05_abundance_0.2,C27208A;G27225T;A27246C;A27259C;G27261C;C27263T;G27281A;T27291G;T27296G;A27317T;A27321C;G27327T;T27328G;A27359G;A27372G;G27382C;A27383T;T27384C;A27399G;G27420A;C27427A;G27430T;C27434A,ORF6:H3N;ORF6:Q8H;ORF6:L15F;ORF6:R20R;ORF6:R20S;ORF6:T21I;ORF6:W27*;ORF6:D30E;ORF6:I32S;ORF6:N39I;ORF6:L40F;ORF6:K42N;ORF6:S43A;ORF6:D53G;ORF6:P57P;ORF6:D61H;ORF6:D61V;ORF6:D61D;ORF7a:K2K;ORF7a:L9L;ORF7a:L12I;ORF7a:A13S;ORF7a:T14N,58,2545,0.0227897838899803,0,
3052026,BA.2_0.05_abundance_0.2,C27208A;G27225T;A27246C;A27259C;G27261C;C27263T;T27273C;G27281A;T27291G;T27296G;A27317T;A27321C;G27327T;T27328G;A27359G;A27372G;G27382C;A27383T;T27384C;A27399G;G27420A;C27427A;G27430T;C27434A;T27483G,ORF6:H3N;ORF6:Q8H;ORF6:L15F;ORF6:R20R;ORF6:R20S;ORF6:T21I;ORF6:V24V;ORF6:W27*;ORF6:D30E;ORF6:I32S;ORF6:N39I;ORF6:L40F;ORF6:K42N;ORF6:S43A;ORF6:D53G;ORF6:P57P;ORF6:D61H;ORF6:D61V;ORF6:D61D;ORF7a:K2K;ORF7a:L9L;ORF7a:L12I;ORF7a:A13S;ORF7a:T14N;ORF7a:L30L,24,2221,0.0108059432687978,0,
3052026,BA.2_0.05_abundance_0.2,C27208A;G27225T;A27246C;A27259C;G27261C;C27263T;G27281A;T27291G;T27296G;A27317T;A27321C;G27327T;T27328G;A27359G;A27372G;G27382C;A27383T;T27384C;A27399G;G27420A;C27427A;G27430T;C27434A;T27483G,ORF6:H3N;ORF6:Q8H;ORF6:L15F;ORF6:R20R;ORF6:R20S;ORF6:T21I;ORF6:W27*;ORF6:D30E;ORF6:I32S;ORF6:N39I;ORF6:L40F;ORF6:K42N;ORF6:S43A;ORF6:D53G;ORF6:P57P;ORF6:D61H;ORF6:D61V;ORF6:D61D;ORF7a:K2K;ORF7a:L9L;ORF7a:L12I;ORF7a:A13S;ORF7a:T14N;ORF7a:L30L,82,2221,0.0369203061683926,0,
3052026,BA.2_0.05_abundance_0.2,C27208A;G27225T;A27246C;A27259C;G27261C;C27263T;T27273C;G27281A;T27291G;T27296G;A27317T;A27321C;G27327T;T27328G;A27359G;A27372G;G27382C;A27383T;T27384C;A27399G;G27420A;C27427A;G27430T;C27434A;T27483G;A27491T;C27494A,ORF6:H3N;ORF6:Q8H;ORF6:L15F;ORF6:R20R;ORF6:R20S;ORF6:T21I;ORF6:V24V;ORF6:W27*;ORF6:D30E;ORF6:I32S;ORF6:N39I;ORF6:L40F;ORF6:K42N;ORF6:S43A;ORF6:D53G;ORF6:P57P;ORF6:D61H;ORF6:D61V;ORF6:D61D;ORF7a:K2K;ORF7a:L9L;ORF7a:L12I;ORF7a:A13S;ORF7a:T14N;ORF7a:L30L;ORF7a:E33V;ORF7a:P34H,37,1035,0.0357487922705314,0,
3052026,BA.2_0.05_abundance_0.2,A27259C;T27273C;G27382C;A27383T;T27384C,ORF6:R20R;ORF6:V24V;ORF6:D61H;ORF6:D61V;ORF6:D61D,328,2546,0.1288295365278868,27,BA.2:10;BA.2.78:1;BA.2.9:4;BA.2.12.1:4;BA.4.1.8:1;BA.4.1:2;BA.2.75:2;BA.2.3:2;BA.2.76:1
3052026,BA.2_0.05_abundance_0.2,A27259C;T27273C,ORF6:R20R;ORF6:V24V,29,2752,0.0105377906976744,32,BA.2:10;BA.2.78:1;BA.2.9:4;BA.2.12.1:4;BA.1:2;BA.4.1.8:1;BA.4.1:2;BA.1.13.1:1;BA.2.75:2;BA.2.3:2;BA.2.76:1;BA.1.1:1;B.1.1.529:1
3052026,BA.2_0.05_abundance_0.2,C28311T;G28374C,N:P13L;N:G34A,151,1247,0.1210906174819567,3,BA.2.3.15:1;BA.2:1;BA.5.2:1
3052026,BA.2_0.05_abundance_0.2,A28446G;C28491A;C28500T;G28514T;T28524C;T28529G;A28547T;G28548C;T28561A;A28652G;A28692C;A28709C,N:Q58R;N:P73Q;N:T76I;N:D81Y;N:I84T;N:Y86D;N:R92*;N:R92T;N:G96G;N:K127E;N:N140T;N:I146L,144,788,0.182741116751269,0,
3052026,BA.2_0.05_abundance_0.2,A28446G;C28491A;C28500T;G28514T;T28524C;T28529G;A28547T;G28548C;T28561A;A28652G;A28692C;A28709C;C28748A,N:Q58R;N:P73Q;N:T76I;N:D81Y;N:I84T;N:Y86D;N:R92*;N:R92T;N:G96G;N:K127E;N:N140T;N:I146L;N:L159I,7,74,0.0945945945945946,0,
3052026,BA.2_0.05_abundance_0.2,C28471A;C28651T,N:F66L;N:N126N,196,795,0.2465408805031446,0,
3052026,BA.2_0.05_abundance_0.2,A29016T;G29030T;T29036G;C29048G;G29058T;A29078G;A29089G;C29091A;C29118G;G29156A;C29187A;T29194G;G29202A;G29240C;A29241G;G29254T;C29259T;T29264A;T29293G;C29304G;A29313C,N:K248M;N:E253*;N:S255A;N:R259G;N:R262L;N:N269D;N:Q272Q;N:A273D;N:T282S;N:G295R;N:A305E;N:F307L;N:S310N;N:E323Q;N:E323G;N:S327S;N:T329M;N:L331M;N:D340E;N:P344R;N:K347T,39,368,0.1059782608695652,0,
3052026,BA.2_0.05_abundance_0.2,A29016T;G29030T;T29036G;C29048G;G29058T;A29078G;A29089G;C29091A;C29118G;G29156A;C29187A;T29194G;G29202A;G29240C;A29241G;G29254T;C29259T;T29264A;G29291T;T29293G;C29304G;A29313C,N:K248M;N:E253*;N:S255A;N:R259G;N:R262L;N:N269D;N:Q272Q;N:A273D;N:T282S;N:G295R;N:A305E;N:F307L;N:S310N;N:E323Q;N:E323G;N:S327S;N:T329M;N:L331M;N:D340Y;N:D340E;N:P344R;N:K347T,7,368,0.0190217391304347,0,
3052026,BA.2_0.05_abundance_0.2,G29030T;T29036G;C29048G;G29058T;A29078G;A29089G;C29091A;C29118G;G29156A;C29187A;T29194G;G29202A;G29240C;A29241G;G29254T;C29259T;T29264A;T29293G;C29304G;A29313C,N:E253*;N:S255A;N:R259G;N:R262L;N:N269D;N:Q272Q;N:A273D;N:T282S;N:G295R;N:A305E;N:F307L;N:S310N;N:E323Q;N:E323G;N:S327S;N:T329M;N:L331M;N:D340E;N:P344R;N:K347T,224,2064,0.1085271317829457,0,
3052026,BA.2_0.05_abundance_0.2,G29030T;T29036G;C29048G;G29058T;A29078G;A29089G;C29091A;C29118G;G29156A;C29187A;T29194G;G29202A;G29240C;A29241G;G29254T;C29259T;T29264A;G29291T;T29293G;C29304G;A29313C,N:E253*;N:S255A;N:R259G;N:R262L;N:N269D;N:Q272Q;N:A273D;N:T282S;N:G295R;N:A305E;N:F307L;N:S310N;N:E323Q;N:E323G;N:S327S;N:T329M;N:L331M;N:D340Y;N:D340E;N:P344R;N:K347T,86,2064,0.0416666666666666,0,
3052026,BA.2_0.05_abundance_0.2,A29475C;A29510C,N:D401A;N:S413R,49,161,0.3043478260869565,18,BA.2.9:12;BA.5.2.1:4;BA.2:2
