Date,Site,Nt Mutations,AA Mutations,Support DP,Total DP,Combined Freq,Overall Occurrence,Lineage Occurrence
1012026,BA.2_0.05_abundance_0.15,T670G;A687G,ORF1a:S135R;ORF1a:K141R,289,1244,0.2323151125401929,125,BA.2.9:2;BA.4.6:2;BA.2:69;XBB.2:1;BA.4:5;CM.2:1;BQ.1.5:1;BA.5.2.1:5;BE.1.1:17;BA.2.3:5;BF.10:1;BA.2.10:4;BA.5.1:5;BA.2.56:1;BA.5.2:2;BF.5:1;BA.4.1:1;BA.5:1;BA.2.12.1:1
1012026,BA.2_0.05_abundance_0.15,T1746C;T1831C,ORF1a:L494S;ORF1a:N522N,93,3376,0.0275473933649289,0,
1012026,BA.2_0.05_abundance_0.15,A1810T;T1831C,ORF1a:K515N;ORF1a:N522N,179,3376,0.053021327014218,0,
1012026,BA.2_0.05_abundance_0.15,T2950C;C3037T,ORF1a:I895I;ORF1a:F924F,334,808,0.4133663366336633,2385,AY.25:26;B.1.1.7:146;B.1.517:2;AY.122:13;BE.1.1.2:4;BA.2:468;AY.118:2;AY.101:7;B.1.1.318:7;AY.85:8;AY.4:93;AY.3:2;BE.1:9;BA.5.5:3;BQ.1:1;BA.5.2:6;BA.2.3:3;BE.1.1:1381;BA.1.17.2:3;BA.1.15:17;BA.5.2.1:9;BA.1:9;B.1.243:17;BA.5.2.20:2;AY.25.1:3;AY.39:2;B.1.2:6;BA.5.1:4;BA.2.65:2;BQ.1.1:1;AY.43:1;B.1:3;AY.126:3;AY.117:2;AY.103:2;B.1.1.176:1;BA.2.9:1;BA.1.1:16;BK.1:1;B.1.617.2:1;BA.2.12.1:9;B.1.621:5;AY.20:1;BA.1.1.1:13;AY.37:2;AY.51:2;BA.1.1.14:2;BA.5.2.27:1;AY.46.4:3;Q.1:1;AY.112:2;B.1.1.519:1;AY.13:1;AY.45:2;BA.5.3.1:2;AY.33:2;BA.2.37:2;P.1:3;BF.28:6;AY.111:1;AY.34.1:2;BQ.1.1.15:1;B.1.526:4;AY.44:5;CH.1.1:1;BA.1.1.18:1;BA.5:2;R.1:1;BA.2.36:1;BA.5.6:1;AY.133:4;AY.29:4;AY.4.2:2;B.1.177:2;B.1.351:1;BA.2.2:1;BA.4.6:1;BF.7.5:1;B.1.623:2
1012026,BA.2_0.05_abundance_0.15,T2950C;T2998C;C3037T,ORF1a:I895I;ORF1a:S911S;ORF1a:F924F,178,808,0.2202970297029703,0,
1012026,BA.2_0.05_abundance_0.15,C3293G;C3311A,ORF1a:P1010A;ORF1a:L1016I,30,1465,0.0204778156996587,0,
1012026,BA.2_0.05_abundance_0.15,G5015A;A5257T,ORF1a:V1584M;ORF1a:L1664F,5,68,0.0735294117647058,0,
1012026,BA.2_0.05_abundance_0.15,T5655A;G5814T,ORF1a:L1797Q;ORF1a:G1850V,117,837,0.1397849462365591,0,
1012026,BA.2_0.05_abundance_0.15,A6015C;T6061C,ORF1a:N1917T;ORF1a:C1932C,14,200,0.07,0,
1012026,BA.2_0.05_abundance_0.15,A6015C;T6061C;A6108G,ORF1a:N1917T;ORF1a:C1932C;ORF1a:K1948R,6,200,0.03,0,
1012026,BA.2_0.05_abundance_0.15,T6061C;A6108G,ORF1a:C1932C;ORF1a:K1948R,14,200,0.07,0,
1012026,BA.2_0.05_abundance_0.15,T8712C;A8810G,ORF1a:V2816A;ORF1a:K2849E,31,1962,0.0158002038735983,0,
1012026,BA.2_0.05_abundance_0.15,T8712C;T8869C,ORF1a:V2816A;ORF1a:G2868G,144,1846,0.0780065005417118,0,
1012026,BA.2_0.05_abundance_0.15,A8810G;T8869C,ORF1a:K2849E;ORF1a:G2868G,54,1847,0.0292365998917162,0,
1012026,BA.2_0.05_abundance_0.15,C9534T;A9698G,ORF1a:T3090I;ORF1a:I3145V,217,2030,0.1068965517241379,156,CK.2:1;BA.2:53;BA.5.2.1:19;BA.2.36:3;BA.5.2:29;BA.5:4;BA.2.9:4;BA.2.12.1:13;BA.5.2.32:1;BA.2.65:1;BA.2.3.1:9;BA.2.22:3;BF.5:1;CM.2:2;BA.2.75:1;BA.4.1:1;BA.2.23:1;BQ.1.1:1;BA.5.3:1;BA.4.1.1:1;BE.1:1;BF.11:2;XBB.1:1;BF.1:1;XAS:1;BF.14:1
1012026,BA.2_0.05_abundance_0.15,C9534T;T9799C,ORF1a:T3090I;ORF1a:A3178A,134,1853,0.0723151645979492,114,BA.5.2.1:25;BE.1.1:2;BA.2.75:3;BA.2:15;BF.5:1;BA.2.18:14;BA.2.9:6;BA.2.3.17:16;BA.5.2.35:3;BA.5.2:2;BF.7:1;BA.2.3:7;BA.5.1:10;BA.5.8:1;BQ.1.11:2;BA.2.12.1:1;BA.5.9:2;BA.5.2.28:1;BA.5.1.15:1;BE.1:1
1012026,BA.2_0.05_abundance_0.15,C9534T;A9698G;T9799C,ORF1a:T3090I;ORF1a:I3145V;ORF1a:A3178A,19,1853,0.0102536427415002,0,
1012026,BA.2_0.05_abundance_0.15,G10447A;C10449A;T10459A;A10581C,ORF1a:R3394R;ORF1a:P3395H;ORF1a:T3398T;ORF1a:D3439A,176,872,0.2018348623853211,0,
1012026,BA.2_0.05_abundance_0.15,G10447A;C10449A;T10459A,ORF1a:R3394R;ORF1a:P3395H;ORF1a:T3398T,108,872,0.1238532110091743,3,BA.2.12.1:2;BA.2:1
1012026,BA.2_0.05_abundance_0.15,G10447A;C10449A;A10581C,ORF1a:R3394R;ORF1a:P3395H;ORF1a:D3439A,247,872,0.2832568807339449,0,
1012026,BA.2_0.05_abundance_0.15,G10447A;C10449A;A10581C;G10643C,ORF1a:R3394R;ORF1a:P3395H;ORF1a:D3439A;ORF1a:D3460H,60,812,0.0738916256157635,0,
1012026,BA.2_0.05_abundance_0.15,G10447A;C10449A;T10459A;A10581C;G10643C,ORF1a:R3394R;ORF1a:P3395H;ORF1a:T3398T;ORF1a:D3439A;ORF1a:D3460H,36,812,0.0443349753694581,0,
1012026,BA.2_0.05_abundance_0.15,G10447A;C10449A;G10643C,ORF1a:R3394R;ORF1a:P3395H;ORF1a:D3460H,34,812,0.041871921182266,0,
1012026,BA.2_0.05_abundance_0.15,G10447A;C10449A;T10459A;G10643C,ORF1a:R3394R;ORF1a:P3395H;ORF1a:T3398T;ORF1a:D3460H,23,812,0.0283251231527093,0,
1012026,BA.2_0.05_abundance_0.15,G11165C;T11265G,ORF1a:A3634P;ORF1a:L3667W,35,3466,0.0100980957876514,0,
1012026,BA.2_0.05_abundance_0.15,T11711C;A11760C,ORF1a:S3816P;ORF1a:K3832T,17,284,0.0598591549295774,0,
1012026,BA.2_0.05_abundance_0.15,C12880T;T12979C,ORF1a:I4205I;ORF1a:N4238N,75,1683,0.0445632798573975,254,BA.2.18:20;BA.5.6:1;BA.5.1:7;BA.4.1.1:5;BA.5.3.2:20;BA.5.2.1:7;BA.2.75:2;BA.2:63;BQ.1:18;BA.4.6.4:10;BA.5.2:9;BA.5.2.7:2;BF.5:20;BA.5.2.27:1;BA.5.1.30:9;BQ.1.1:1;BA.2.3:7;BA.5.2.6:10;BE.1.1:1;BF.27:1;BA.2.12.1:5;BA.5.1.21:4;BA.2.3.1:1;BA.5.2.26:1;BA.4.6:1;BA.5.2.3:3;BF.26:1;BQ.1.1.1:1;BF.1:11;BF.6:1;BA.5.1.19:1;BA.5.1.1:1;BA.2.70:1;BA.5.5:2;BA.5.2.20:1;BF.10:1;BA.4.1:2;BA.2.7:1;BA.2.37:1
1012026,BA.2_0.05_abundance_0.15,C14408T;A14412C,ORF1b:P314L;ORF1b:T315T,40,1222,0.0327332242225859,39,BA.5.1:8;P.1:1;BA.1.17.2:1;BA.5.1.30:4;AY.43:6;BA.2:7;AY.103:1;BF.10:2;BA.4:5;B.1.2:2;BA.2.9:1;AY.26:1
1012026,BA.2_0.05_abundance_0.15,C15714T;T15838A,ORF1b:L749L;ORF1b:W791R,866,2366,0.3660185967878275,0,
1012026,BA.2_0.05_abundance_0.15,C15714T;C15848G,ORF1b:L749L;ORF1b:T794S,179,962,0.186070686070686,3,BA.2:2;BA.2.9:1
1012026,BA.2_0.05_abundance_0.15,C15714T;T15838A;C15848G,ORF1b:L749L;ORF1b:W791R;ORF1b:T794S,111,962,0.1153846153846153,0,
1012026,BA.2_0.05_abundance_0.15,G16036A;T16047A,ORF1b:A857T;ORF1b:L860L,469,2068,0.22678916827853,0,
1012026,BA.2_0.05_abundance_0.15,A16541G;A16555C;C16604T,ORF1b:N1025S;ORF1b:N1030H;ORF1b:A1046V,22,314,0.0700636942675159,0,
1012026,BA.2_0.05_abundance_0.15,A16541G;A16555C,ORF1b:N1025S;ORF1b:N1030H,28,314,0.0891719745222929,0,
1012026,BA.2_0.05_abundance_0.15,A16541G;C16604T,ORF1b:N1025S;ORF1b:A1046V,8,314,0.0254777070063694,0,
1012026,BA.2_0.05_abundance_0.15,A16555C;C16604T,ORF1b:N1030H;ORF1b:A1046V,55,314,0.1751592356687898,0,
1012026,BA.2_0.05_abundance_0.15,A16555C;C16596T;C16604T,ORF1b:N1030H;ORF1b:Y1043Y;ORF1b:A1046V,7,314,0.0222929936305732,0,
1012026,BA.2_0.05_abundance_0.15,A16555C;C16596T,ORF1b:N1030H;ORF1b:Y1043Y,5,314,0.0159235668789808,0,
1012026,BA.2_0.05_abundance_0.15,C16596T;C16604T,ORF1b:Y1043Y;ORF1b:A1046V,5,315,0.0158730158730158,0,
1012026,BA.2_0.05_abundance_0.15,G17231C;C17410T,ORF1b:R1255T;ORF1b:R1315C,570,1452,0.3925619834710744,0,
1012026,BA.2_0.05_abundance_0.15,C22498A;G22578A,S:I312I;S:G339D,13,570,0.0228070175438596,81,BA.5.2:14;BF.5:2;BF.10:2;BA.2.12.1:10;BA.5.2.1:7;BA.1.1:8;BA.4.6:1;BA.5.1:8;BN.1.5:1;BA.2.75:4;BA.2:3;BA.2.9:1;BA.1:1;BA.2.3:1;BF.24:14;BA.5.1.2:1;BQ.1.1:1;BA.5.5:2
1012026,BA.2_0.05_abundance_0.15,G22578A;C22674T;T22679C;C22686T;A22688G;G22813T;T22847A,S:G339D;S:S371F;S:S373P;S:S375F;S:T376A;S:K417N;S:F429I,8,144,0.0555555555555555,0,
1012026,BA.2_0.05_abundance_0.15,T22847A;G22992A;C22995A;A23013C;A23040G;A23063T;T23075C,S:F429I;S:S477N;S:T478K;S:E484A;S:Q493R;S:N501Y;S:Y505H,15,262,0.0572519083969465,1,BA.1.1.1:1
1012026,BA.2_0.05_abundance_0.15,G22992A;C22995A;A23013C;A23040G;G23048C;A23063T;T23075C,S:S477N;S:T478K;S:E484A;S:Q493R;S:G496R;S:N501Y;S:Y505H,31,263,0.11787072243346,2,BA.1.1:2
1012026,BA.2_0.05_abundance_0.15,C23306A;A23403G,S:L582I;S:D614G,96,1913,0.0501829587036069,2,BA.5:1;BA.1:1
1012026,BA.2_0.05_abundance_0.15,C25584T;A25616C,ORF3a:T64T;ORF3a:K75T,123,1954,0.0629477993858751,53,BA.4.6:1;BA.4.1:3;BA.1.1.1:3;BA.2.48:2;BA.2:22;BF.5:2;BA.5.2.2:4;BA.2.3:1;BA.5.2:1;BA.4.1.8:1;BA.1.1:4;BA.1.18:1;BA.5.1:5;BA.5:1;BA.1.1.18:1;BA.1:1
1012026,BA.2_0.05_abundance_0.15,T25736C;G25757A,ORF3a:L115S;ORF3a:R122K,21,186,0.1129032258064516,0,
1012026,BA.2_0.05_abundance_0.15,C26571A;C26577G;G26709A;C26858T,M:L17I;M:Q19E;M:A63T;M:F112F,116,2147,0.0540288775034932,120,BA.4.1:5;BA.2:62;BA.2.9:24;BA.2.12.1:4;BA.2.5:1;BA.5.2:1;BA.2.3:5;BA.4.6:1;BA.2.75:4;BA.2.3.2:3;BA.2.65:4;BA.4.1.1:1;BA.1.1.16:2;BN.1.5:1;BA.4.2:1;BA.4.1.4:1
1012026,BA.2_0.05_abundance_0.15,C26571A;C26577G;G26709A;G26834T;C26858T,M:L17I;M:Q19E;M:A63T;M:A104A;M:F112F,71,2147,0.0330693991616208,0,
1012026,BA.2_0.05_abundance_0.15,C26571A;C26577G;G26709A;T26761C;C26858T,M:L17I;M:Q19E;M:A63T;M:I80T;M:F112F,29,2147,0.0135072193758733,0,
1012026,BA.2_0.05_abundance_0.15,C26577G;G26709A;T26761C;C26858T,M:Q19E;M:A63T;M:I80T;M:F112F,276,2147,0.1285514671634839,43,BA.2.12.1:4;BA.2.9:18;BA.4:2;BA.2:12;BA.2.41:1;BA.2.3:2;BA.2.10:1;BA.4.4:1;BA.2.38:1;BA.4.2:1
1012026,BA.2_0.05_abundance_0.15,C26577G;G26709A;A26793G;G26834T;C26858T,M:Q19E;M:A63T;M:M91V;M:A104A;M:F112F,35,2147,0.0163018164881229,0,
1012026,BA.2_0.05_abundance_0.15,C26577G;G26709A;A26793G;C26858T,M:Q19E;M:A63T;M:M91V;M:F112F,61,2147,0.0284117373078714,52,BA.2.9:8;BA.2.10:1;BA.2:34;XBB.1:2;BA.2.3:3;BA.2.12.1:1;BA.2.33:1;BA.2.75:2
1012026,BA.2_0.05_abundance_0.15,C26577G;G26709A;T26761C,M:Q19E;M:A63T;M:I80T,47,2436,0.0192939244663382,195,BA.2.12.1:4;BA.2.9:18;BA.4:2;BE.3:2;BA.2:12;BA.1.1:46;BA.1.1.1:1;BQ.1.1:48;BA.1.1.18:15;BA.1.17:8;B.1.1.529:1;BA.2.41:1;BA.5.2.34:4;BA.1.15:6;BA.1:7;BF.7:1;BA.5.2:5;BA.2.3:2;BA.2.10:1;BA.5.1:3;BA.4.4:1;BA.2.38:1;BA.5.1.5:1;BA.5.2.28:1;BA.5.2.1:2;BA.5:1;BA.4.2:1
1012026,BA.2_0.05_abundance_0.15,C26577G;G26709A;T26761C;G26834T;C26858T,M:Q19E;M:A63T;M:I80T;M:A104A;M:F112F,155,2147,0.0721937587331159,0,
1012026,BA.2_0.05_abundance_0.15,A27313G;A27383T;T27384C,ORF6:K38E;ORF6:D61V;ORF6:D61D,36,285,0.1263157894736842,65,XBB.1:2;BA.2:63
1012026,BA.2_0.05_abundance_0.15,C28311T;C28383A,N:P13L;N:S37*,148,1093,0.1354071363220494,2,BA.2:2
1012026,BA.2_0.05_abundance_0.15,A29510C;A29596G,N:S413R;ORF10:I13M,271,880,0.3079545454545455,317,BA.2.24:49;CE.1:2;BF.5:2;BQ.1:36;BA.5:1;BA.4.6:11;BA.2:67;BA.5.3.4:1;BA.5.2.1:11;BE.1.1:7;BA.2.9:12;BA.5.2.21:4;BA.2.10:14;BA.5.1:6;BA.5.2.9:3;BA.5.2:22;BF.10:4;BE.1.4.3:1;BA.2.12.1:29;BQ.1.1.15:1;BA.4:4;BF.7:4;BA.2.3:1;BA.5.2.27:2;XBB.1.5:5;BA.2.40.1:1;XBB.1:1;BA.2.75:2;BQ.1.1:2;BA.4.1:7;BA.4.4:4;BF.27:1
1082026,BA.2_0.05_abundance_0.15,C414G;T670G,ORF1a:T50S;ORF1a:S135R,1047,3437,0.3046261274367181,0,
1082026,BA.2_0.05_abundance_0.15,A2796G;A2817G,ORF1a:E844G;ORF1a:K851R,10,130,0.0769230769230769,1,B.1.1.7:1
1082026,BA.2_0.05_abundance_0.15,T9327A;C9344T;A9424G;C9534T,ORF1a:V3021E;ORF1a:L3027F;ORF1a:V3053V;ORF1a:T3090I,62,175,0.3542857142857142,0,
1082026,BA.2_0.05_abundance_0.15,T9327A;C9344T;A9424G,ORF1a:V3021E;ORF1a:L3027F;ORF1a:V3053V,12,205,0.0585365853658536,0,
1082026,BA.2_0.05_abundance_0.15,C9534T;T9669G,ORF1a:T3090I;ORF1a:L3135*,177,2199,0.0804911323328785,1,BA.2:1
1082026,BA.2_0.05_abundance_0.15,C10029T;A10090C,ORF1a:T3255I;ORF1a:K3275N,14,38,0.3684210526315789,2,AY.4.2:1;AY.4:1
1082026,BA.2_0.05_abundance_0.15,G10447A;C10449A;C10485G,ORF1a:R3394R;ORF1a:P3395H;ORF1a:S3407*,106,1546,0.0685640362225097,0,
1082026,BA.2_0.05_abundance_0.15,C10755T;T10939A,ORF1a:A3497V;ORF1a:D3558E,177,558,0.3172043010752688,0,
1082026,BA.2_0.05_abundance_0.15,C10755T;T10939A;C10970A,ORF1a:A3497V;ORF1a:D3558E;ORF1a:Q3569K,10,558,0.017921146953405,0,
1082026,BA.2_0.05_abundance_0.15,C10755T;C10970A,ORF1a:A3497V;ORF1a:Q3569K,11,558,0.0197132616487455,0,
1082026,BA.2_0.05_abundance_0.15,T10939A;C10970A,ORF1a:D3558E;ORF1a:Q3569K,14,558,0.025089605734767,0,
1082026,BA.2_0.05_abundance_0.15,T11977G;T12039C,ORF1a:T3904T;ORF1a:V3925A,97,1339,0.0724421209858103,0,
1082026,BA.2_0.05_abundance_0.15,C12880T;A12941C,ORF1a:I4205I;ORF1a:K4226Q,119,1817,0.0654925701706109,0,
1082026,BA.2_0.05_abundance_0.15,C12880T;T12955C,ORF1a:I4205I;ORF1a:F4230F,43,1691,0.0254287403903016,7,BA.2:1;BA.2.10.1:1;BA.2.38:1;BA.5.2.1:2;XBB.1:1;BA.2.3:1
1082026,BA.2_0.05_abundance_0.15,C14292T;C14408T;A14434G,ORF1b:D275D;ORF1b:P314L;ORF1b:K323E,21,1399,0.0150107219442458,0,
1082026,BA.2_0.05_abundance_0.15,C14408T;A14434G,ORF1b:P314L;ORF1b:K323E,607,1399,0.4338813438170121,1,B.1.1.7:1
1082026,BA.2_0.05_abundance_0.15,C14408T;A14434G;T14462C,ORF1b:P314L;ORF1b:K323E;ORF1b:V332A,26,1293,0.0201082753286929,0,
1082026,BA.2_0.05_abundance_0.15,C14408T;T14462C,ORF1b:P314L;ORF1b:V332A,40,1293,0.0309358081979891,53,B.1.555:1;BF.26:1;B.1.241:24;B.1.2:2;AY.120:3;XBB.1:1;AY.4:5;BA.4.1:1;AY.68:1;BA.2:3;BA.1.1:1;BA.5.1:3;BA.2.3:1;P.1:1;AY.47:1;BE.3:1;BF.7.5:1;BA.2.75:1;AY.9.2:1
1082026,BA.2_0.05_abundance_0.15,T15661A;C15714T,ORF1b:F732I;ORF1b:L749L,516,2432,0.2121710526315789,43,BE.1.2:43
1082026,BA.2_0.05_abundance_0.15,G15956C;A15988T,ORF1b:G830A;ORF1b:T841S,41,2927,0.01400751622822,0,
1082026,BA.2_0.05_abundance_0.15,C17163T;C17410T,ORF1b:C1232C;ORF1b:R1315C,254,1595,0.1592476489028213,1697,BA.5.6:1;BA.5.7:5;BA.5.1:8;BA.5.5:11;BA.5.2.1:146;BA.5.2.12:1179;BA.2:138;BA.2.7:1;BF.7:4;BA.2.3:7;CM.2:18;CM.1:1;BF.5:7;BA.5.2.9:1;BE.1.1:5;BA.4.1:2;BA.5.2.6:6;BQ.1.1.4:37;BA.2.12.1:29;BA.5.2.18:5;BA.2.9:16;BA.4.6:1;BA.5.2:12;BF.21:2;BQ.1.1.18:1;BA.4:3;BA.2.56:3;BQ.1.3:1;BA.4.1.8:1;BA.5.1.3:1;BA.5.2.34:1;BQ.1:2;BE.1:19;BA.5.1.12:1;BA.4.4:2;BA.2.3.12:1;BA.5.2.35:1;BA.5.1.18:1;BA.2.12:4;BA.5:1;BA.2.9.5:2;BF.26:2;BA.2.10:1;BA.5.2.21:1;BQ.1.1:6
1082026,BA.2_0.05_abundance_0.15,T17307G;C17410T,ORF1b:F1280L;ORF1b:R1315C,61,1596,0.0382205513784461,1,BA.5.6:1
1082026,BA.2_0.05_abundance_0.15,T17863A;G17887A,ORF1b:Y1466N;ORF1b:E1474K,699,899,0.7775305895439377,0,
1082026,BA.2_0.05_abundance_0.15,G18382A;C18620T,ORF1b:V1639I;ORF1b:S1718F,48,1161,0.041343669250646,0,
1082026,BA.2_0.05_abundance_0.15,C18620T;T18723G,ORF1b:S1718F;ORF1b:H1752Q,6,216,0.0277777777777777,0,
1082026,BA.2_0.05_abundance_0.15,T18723G;A18749G,ORF1b:H1752Q;ORF1b:Y1761C,59,3269,0.0180483328234934,0,
1082026,BA.2_0.05_abundance_0.15,A22069G;T22200G,S:E169E;S:V213G,612,798,0.7669172932330827,146,BQ.1.1.24:1;BA.5.2:2;BF.28:1;BA.5.5:63;BA.2:31;BQ.1.1:18;BA.2.37:1;BA.2.12.1:4;BA.5.2.1:11;BA.2.3:2;BE.1.1:1;BQ.1.1.22:1;BA.4.6:1;BA.2.9:2;BF.26:1;BA.2.3.2:1;BA.5.1:4;BA.1.1:1
1082026,BA.2_0.05_abundance_0.15,A22069G;T22200G;T22315C,S:E169E;S:V213G;S:P251P,5,66,0.0757575757575757,0,
1082026,BA.2_0.05_abundance_0.15,C22571T;C22674T;T22679C;C22686T;A22688G,S:P337S;S:S371F;S:S373P;S:S375F;S:T376A,7,165,0.0424242424242424,83,BA.5.3.2:1;BA.2.9:2;BA.5.2.20:2;BA.5.2.32:1;BA.2:22;BA.5.1:12;BA.5.2.1:10;BN.1.3:1;BA.5.2:4;BQ.1:1;BA.5.5:1;BA.2.29:1;BA.4.6:2;BA.5.1.23:1;BN.1.4:1;BA.4:1;BA.5.2.34:1;BA.5:3;XBB.2:1;BA.2.1:1;BA.2.3:1;BF.5:1;BA.2.10.1:1;BA.4.1.6:1;BA.2.42:1;BA.2.9.4:2;BA.5.1.2:2;XBB.1.5:1;BA.2.3.6:2;BQ.1.1:1;BA.5.1.22:1
1082026,BA.2_0.05_abundance_0.15,C22571T;C22674T;T22679C;C22686T;A22688G;G22813T,S:P337S;S:S371F;S:S373P;S:S375F;S:T376A;S:K417N,83,156,0.532051282051282,79,BA.5.3.2:1;BA.2.9:2;BA.5.2.20:2;BA.5.2.32:1;BA.2:19;BA.5.1:12;BA.5.2.1:10;BN.1.3:1;BA.5.2:4;BQ.1:1;BA.5.5:1;BA.2.29:1;BA.5.1.23:1;BN.1.4:1;BA.4:1;BA.5.2.34:1;BA.5:3;XBB.2:1;BA.2.1:1;BA.2.3:1;BF.5:1;BA.2.10.1:1;BA.4.1.6:1;BA.2.42:1;BA.2.9.4:2;BA.5.1.2:2;XBB.1.5:1;BA.2.3.6:2;BA.4.6:1;BQ.1.1:1;BA.5.1.22:1
1082026,BA.2_0.05_abundance_0.15,T23214G;A23403G,S:V551G;S:D614G,473,2666,0.1774193548387097,2,BA.1.1:1;AY.122:1
1082026,BA.2_0.05_abundance_0.15,G23948T;C24096A,S:D796Y;S:A845D,12,91,0.1318681318681318,34,BA.1:5;BA.5.2:4;BA.5.8:1;CH.1.1:2;BA.1.15:3;BA.1.1:7;BA.2:4;BE.1:1;BA.5.2.1:2;BQ.1:2;BA.1.1.13:1;BA.5.1:1;BA.1.17.2:1
1082026,BA.2_0.05_abundance_0.15,C24338A;A24424T,S:Q926K;S:Q954H,45,496,0.0907258064516129,6,BA.2.12.1:2;BA.2.3:1;BA.1:1;BA.5.2.1:1;BA.1.1:1
1082026,BA.2_0.05_abundance_0.15,A24424T;T24511G,S:Q954H;S:R983R,37,108,0.3425925925925926,6,BA.1.1.2:1;BA.2:1;BA.5.2.21:1;BA.2.3:1;BA.2.68:1;BF.13:1
1082026,BA.2_0.05_abundance_0.15,A24424T;A24467T;T24511G,S:Q954H;S:N969Y;S:R983R,5,108,0.0462962962962962,0,
1082026,BA.2_0.05_abundance_0.15,A24467T;T24511G,S:N969Y;S:R983R,10,485,0.0206185567010309,0,
1082026,BA.2_0.05_abundance_0.15,T24951C;C25000T,S:I1130T;S:D1146D,624,1823,0.342292923752057,103,BE.1.4.2:2;BA.2.37:1;BA.1.1:5;BA.2.29:1;BA.5.1:6;BA.2:23;BA.2.12.1:13;BA.2.9:2;BA.2.9.1:1;BA.1:12;BE.1.1:3;BF.27:3;BF.1.1:3;BA.1.18:4;BA.5.2.1:2;BA.1.15:3;BA.5.2:1;BE.4.1:4;BA.5.6:1;BA.5.1.22:2;BA.2.1:1;BA.1.15.1:1;BA.1.1.18:2;BA.2.5:1;BA.2.3:2;CQ.2:1;BA.4.6:2;BA.1.17:1
1082026,BA.2_0.05_abundance_0.15,T24951C;T24996A;C25000T,S:I1130T;S:L1145*;S:D1146D,52,1823,0.0285244103126714,0,
1082026,BA.2_0.05_abundance_0.15,T24996A;C25000T,S:L1145*;S:D1146D,86,1823,0.0471749862863411,0,
1082026,BA.2_0.05_abundance_0.15,C25413G;C25584T,ORF3a:I7M;ORF3a:T64T,139,1527,0.0910281597904387,62,BA.5.1.5:3;BA.4.1:23;BA.5.5:1;BA.2.9:1;BA.2:28;BA.1.1:2;BQ.1.1:1;BA.5.2.1:1;BA.1.1.1:1;BA.2.33:1
1082026,BA.2_0.05_abundance_0.15,G25775C;C25796A,ORF3a:W128S;ORF3a:S135Y,16,447,0.0357941834451901,0,
1082026,BA.2_0.05_abundance_0.15,C26270T;T26315G,E:T9I;E:V24G,14,139,0.1007194244604316,0,
1082026,BA.2_0.05_abundance_0.15,C26577G;G26709A;C26858T;C26885G,M:Q19E;M:A63T;M:F112F;M:N121K,6,130,0.0461538461538461,0,
1082026,BA.2_0.05_abundance_0.15,G27382C;A27383T;T27384C;T27436G,ORF6:D61H;ORF6:D61V;ORF6:D61D;ORF7a:C15G,103,1213,0.0849134377576257,6,BA.2:6
1082026,BA.2_0.05_abundance_0.15,G27382C;A27383T;T27384C;A27474G,ORF6:D61H;ORF6:D61V;ORF6:D61D;ORF7a:T27T,38,1176,0.032312925170068,104,BA.2.29:1;BA.2:76;BA.4:3;BA.2.3:3;BA.2.9:3;BA.2.12.1:8;XBB.1:1;BA.4.1:2;XE:5;BA.4.6:1;XBB:1
1082026,BA.2_0.05_abundance_0.15,A27949G;A28065C,ORF8:E19G;ORF8:I58L,134,762,0.1758530183727034,0,
1082026,BA.2_0.05_abundance_0.15,C28311T;C28354A,N:P13L;N:N27K,70,939,0.0745473908413205,68,BA.5.2:11;BA.5.1:2;BE.1:1;BA.1.17.2:1;BA.1.1:12;BA.2.9:1;BA.1.15.1:3;BA.2.3:4;BA.5.2.1:8;BE.1.1:2;BQ.1.1:3;BQ.1.1.18:3;BA.5.1.22:4;BA.2:4;BF.27:1;BA.1:2;BG.5:3;BA.1.1.2:1;BA.2.31:1;BA.2.10:1
1082026,BA.2_0.05_abundance_0.15,G28881A;G28882A;G28883C;C28987A,N:R203K;N:R203R;N:G204R;N:G238G,14,117,0.1196581196581196,75,B.1.1.7:34;BA.5.2:10;BS.1.1:2;BA.1:7;BA.5.2.9:1;BA.2:5;BA.5.2.1:1;P.1:4;BA.2.10.1:1;BQ.1.10:3;BA.1.1.18:3;BA.2.3:1;BA.5.1:1;BE.3:1;B.1.1.416:1
1152026,BA.2_0.05_abundance_0.15,G578C;T670G,ORF1a:G105R;ORF1a:S135R,210,2683,0.0782705926202012,8,BA.5.1:1;BA.2:1;BA.5:1;BA.2.12.1:1;BA.5.2:1;BF.21:1;BF.26:2
1152026,BA.2_0.05_abundance_0.15,G578C;T670G;C679T,ORF1a:G105R;ORF1a:S135R;ORF1a:A138A,56,2296,0.024390243902439,0,
1152026,BA.2_0.05_abundance_0.15,A1731G;T1745C;G1796C,ORF1a:E489G;ORF1a:L494L;ORF1a:V511L,34,1495,0.0227424749163879,0,
1152026,BA.2_0.05_abundance_0.15,A1731G;T1745C,ORF1a:E489G;ORF1a:L494L,362,1495,0.2421404682274247,0,
1152026,BA.2_0.05_abundance_0.15,A1731G;G1796C,ORF1a:E489G;ORF1a:V511L,62,1495,0.0414715719063545,0,
1152026,BA.2_0.05_abundance_0.15,A1731G;T1745C;A1763G,ORF1a:E489G;ORF1a:L494L;ORF1a:K500E,35,1495,0.0234113712374581,0,
1152026,BA.2_0.05_abundance_0.15,A1731G;A1763G,ORF1a:E489G;ORF1a:K500E,65,1495,0.0434782608695652,0,
1152026,BA.2_0.05_abundance_0.15,C3037T;A3084G,ORF1a:F924F;ORF1a:E940G,21,678,0.0309734513274336,815,BA.5.1:35;BA.5.1.11:3;B.1.617.2:9;BA.1.17:3;BA.2.9:24;AY.43:2;BA.1.1:54;B.1.160:1;B.1.1:1;B.1.351:19;B.1.1.7:88;BA.2:105;AY.4.2:29;AY.119.2:20;B.1.2:61;BA.1.17.2:2;AY.103:40;B.1.1.305:3;BA.4:3;AY.5:3;BA.2.3:30;BE.1.1:6;BA.2.38:1;BA.1.20:1;Q.3:13;BA.1.1.2:5;BA.1.15:10;P.1:2;BN.1.4:2;BA.2.48:1;AY.39.1:1;AY.4:37;BA.1:32;BA.2.12.1:4;AY.29:1;BQ.1.1:1;B.1.617.1:2;AY.121:5;AY.26:5;B.1:2;AY.99.2:7;B.1.258:1;BA.5.6:2;AY.27:12;BA.2.75:5;AY.7:33;B.1.1.198:2;AY.122:2;AY.45:1;BA.5.2.16:1;BA.5.2:12;AY.34.1:1;BA.2.9.5:5;XAM:1;AY.85:1;AY.25:2;B.1.438.1:1;P.2:1;AY.3:2;BN.1:1;XBB.2:1;BA.1.18:2;B.1.177:1;BA.5.5:6;AY.100:5;BA.1.1.10:1;P.1.4:1;AY.44:8;B.1.110.3:4;AY.25.1:2;AY.47:1;BA.5.1.2:1;BA.1.1.18:2;BA.2.65:1;BA.2.68:1;B.1.210:1;AY.112:1;BF.7:4;B.1.1.372:1;AY.39:1;C.37:2;BQ.1:1;AY.75:2;AY.4.4:1;BA.1.1.14:1;BF.27:1;BA.5.2.1:2;AY.106:1
1152026,BA.2_0.05_abundance_0.15,G7466C;T7480G,ORF1a:V2401L;ORF1a:N2405K,26,1275,0.0203921568627451,0,
1152026,BA.2_0.05_abundance_0.15,A12103C;A12162G,ORF1a:S3946S;ORF1a:Q3966R,31,2424,0.0127887788778877,0,
1152026,BA.2_0.05_abundance_0.15,A12508T;A12634T,ORF1a:K4081N;ORF1a:A4123A,34,1302,0.0261136712749615,0,
1152026,BA.2_0.05_abundance_0.15,A12508T;T12705C,ORF1a:K4081N;ORF1a:V4147A,95,1236,0.0768608414239482,0,
1152026,BA.2_0.05_abundance_0.15,C12880T;A12977C,ORF1a:I4205I;ORF1a:N4238H,690,1747,0.3949627933600458,0,
1152026,BA.2_0.05_abundance_0.15,C12880T;C12899T;A12977C,ORF1a:I4205I;ORF1a:P4212S;ORF1a:N4238H,465,1747,0.2661705781339439,0,
1152026,BA.2_0.05_abundance_0.15,C12880T;C12899T,ORF1a:I4205I;ORF1a:P4212S,326,1864,0.1748927038626609,90,BA.2:58;BA.5.1.3:1;BA.2.9:4;BA.5.6:1;BA.5.2.9:1;BA.2.10.1:6;BA.2.3.7:2;BA.5.2:7;BA.2.75:1;BA.2.9.5:1;BA.2.36:1;BA.5.1:3;BA.5.2.1:2;BA.2.12.1:1;BA.4.6:1
1152026,BA.2_0.05_abundance_0.15,G13813C;A13844C,ORF1b:A116P;ORF1b:D126A,24,300,0.08,0,
1152026,BA.2_0.05_abundance_0.15,G14268C;C14408T,ORF1b:T267T;ORF1b:P314L,255,1245,0.2048192771084337,3,B.1.258:1;B.1.1.7:1;B.1.617.2:1
1152026,BA.2_0.05_abundance_0.15,G14268C;T14301G;C14408T,ORF1b:T267T;ORF1b:F278L;ORF1b:P314L,35,1245,0.0281124497991967,0,
1152026,BA.2_0.05_abundance_0.15,T14301G;C14408T,ORF1b:F278L;ORF1b:P314L,134,1245,0.1076305220883534,3,B.1.1.7:3
1152026,BA.2_0.05_abundance_0.15,T14706A;T14775C,ORF1b:F413L;ORF1b:D436D,27,819,0.0329670329670329,0,
1152026,BA.2_0.05_abundance_0.15,A15891G;A15999G,ORF1b:T808T;ORF1b:T844T,286,2188,0.1307129798903107,0,
1152026,BA.2_0.05_abundance_0.15,A16956G;T17016C,ORF1b:L1163L;ORF1b:D1183D,35,817,0.0428396572827417,0,
1152026,BA.2_0.05_abundance_0.15,G18043T;A18163G,ORF1b:E1526*;ORF1b:I1566V,23,218,0.1055045871559633,2,BA.1.1:1;BA.2.38:1
1152026,BA.2_0.05_abundance_0.15,G18043T;A18163G;G18213A,ORF1b:E1526*;ORF1b:I1566V;ORF1b:M1582I,6,206,0.029126213592233,0,
1152026,BA.2_0.05_abundance_0.15,A18163G;G18213A,ORF1b:I1566V;ORF1b:M1582I,47,206,0.2281553398058252,33,BA.1:4;BA.1.18:4;BA.1.1:3;BA.5.2.1:7;BQ.1.1:2;BA.1.17.2:2;BA.2:4;BQ.1.1.24:1;BA.5.1:4;BQ.1.1.20:1;BA.1.1.16:1
1152026,BA.2_0.05_abundance_0.15,C21156A;T21344G,ORF1b:S2563S;ORF1b:I2626R,13,213,0.0610328638497652,0,
1152026,BA.2_0.05_abundance_0.15,G21987A;A22011C,S:G142D;S:K150T,8,49,0.1632653061224489,68,BA.5.2:10;B.1.617.2:3;BA.5.2.1:34;BE.1.4:7;BQ.1.1:1;AY.42:1;AY.122:1;AY.3:2;AY.27:1;BA.5.2.35:1;BA.5.5:3;BA.2.13.1:1;AY.29.1:2;BQ.1.1.2:1
1152026,BA.2_0.05_abundance_0.15,A22011C;T22200G,S:K150T;S:V213G,10,100,0.1,58,BA.5.2:10;BA.5.2.1:34;BA.5.5:3;BE.1.4:7;BQ.1.1:1;BA.5.2.35:1;BA.2.13.1:1;BQ.1.1.2:1
1152026,BA.2_0.05_abundance_0.15,T22165C;T22200G,S:F201F;S:V213G,10,100,0.1,154,BA.2.10:2;BA.2:70;BF.7.4.1:1;BA.5.2.1:3;BA.5.2.19:1;BA.2.36:18;BA.5.6:1;BF.5:14;BE.1:1;BA.5.2:8;BA.2.40.1:1;BA.2.75:7;BA.5.1:3;BA.2.10.1:2;BA.5.3.1:1;BA.4:3;BA.5.2.6:1;BA.5:4;BA.2.9:1;BF.10:1;BA.2.12.1:1;BA.5.2.21:3;BA.5.1.10:1;BE.1.1:3;XAZ:1;BQ.1.22:1;BA.2.25:1
1152026,BA.2_0.05_abundance_0.15,C22982T;G22992A;C22995A;A23013C;A23040G,S:Q474*;S:S477N;S:T478K;S:E484A;S:Q493R,32,359,0.0891364902506963,3,XAM:1;BA.1.20:1;BA.1.15:1
1152026,BA.2_0.05_abundance_0.15,G22992A;C22995A;A23013C;A23040G;T23163C,S:S477N;S:T478K;S:E484A;S:Q493R;S:V534A,10,296,0.0337837837837837,2,BA.2:1;BA.1.15:1
1152026,BA.2_0.05_abundance_0.15,T23163C;A23403G,S:V534A;S:D614G,40,871,0.0459242250287026,51,B.1.525:1;AY.103:1;AY.114:29;AY.120:2;AY.44:1;BE.3:1;AY.33:1;B.1.1.7:1;B.1.637:1;AY.4:2;B.1.617.2:2;AY.25.1:1;AY.9.2:1;AY.122:2;AY.126:1;BA.5.1.30:1;Q.2:1;BA.2:1;BA.1.15:1
1152026,BA.2_0.05_abundance_0.15,T23599G;C23604A;C23657G,S:N679K;S:P681H;S:L699V,90,225,0.4,0,
1152026,BA.2_0.05_abundance_0.15,G23841A;C23854A;G23948T;T24046A,S:C760Y;S:N764K;S:D796Y;S:L828L,28,977,0.0286591606960081,0,
1152026,BA.2_0.05_abundance_0.15,G23841A;C23854A;G23948T,S:C760Y;S:N764K;S:D796Y,33,1041,0.031700288184438,1,BA.1.1:1
1152026,BA.2_0.05_abundance_0.15,G23841A;C23854A;G23948T;T23978A;T24046A,S:C760Y;S:N764K;S:D796Y;S:L806I;S:L828L,13,977,0.0133060388945752,0,
1152026,BA.2_0.05_abundance_0.15,C23854A;G23948T;T23978A;T24046A,S:N764K;S:D796Y;S:L806I;S:L828L,120,977,0.1228249744114636,0,
1152026,BA.2_0.05_abundance_0.15,C23854A;G23948T;T23978A,S:N764K;S:D796Y;S:L806I,104,1041,0.0999039385206532,0,
1152026,BA.2_0.05_abundance_0.15,A24424T;T24469A;C24559T,S:Q954H;S:N969K;S:G999G,9,30,0.3,219,BA.2.40.1:1;BF.27:4;BA.5.2.31:14;BA.1.15.2:1;BA.2:30;BA.2.9:2;BA.1.1:32;BA.2.38:1;BA.5.1:4;BA.5.2:15;BA.1.15:3;BQ.1.1:3;BA.1.1.15:9;BA.5.1.23:1;BA.2.12.1:4;BA.1.1.2:3;BF.7.5:1;BF.7:2;BA.2.10:1;BA.1:12;BA.2.5:23;BA.1.1.1:4;BA.2.75:4;BA.2.38.1:3;BA.5.2.1:9;BA.5.2.2:1;BA.2.3:3;BA.5.2.6:1;BQ.1.8:2;BA.1.14.1:1;BA.1.17.2:1;BA.2.42:1;BA.5.6.1:1;BE.1.1:8;BA.5:3;BA.5.1.6:1;BA.1.15.1:1;BA.1.17:1;BF.7.13.2:1;BE.1:1;BE.9:1;BA.2.9.5:1;BA.1.1.18:1;BQ.1.1.18:2;BA.5.5:1
1152026,BA.2_0.05_abundance_0.15,T24469A;C24559T,S:N969K;S:G999G,29,130,0.2230769230769231,219,BA.2.40.1:1;BF.27:4;BA.5.2.31:14;BA.1.15.2:1;BA.2:30;BA.2.9:2;BA.1.1:32;BA.2.38:1;BA.5.1:4;BA.5.2:15;BA.1.15:3;BQ.1.1:3;BA.1.1.15:9;BA.5.1.23:1;BA.2.12.1:4;BA.1.1.2:3;BF.7.5:1;BF.7:2;BA.2.10:1;BA.1:12;BA.2.5:23;BA.1.1.1:4;BA.2.75:4;BA.2.38.1:3;BA.5.2.1:9;BA.5.2.2:1;BA.2.3:3;BA.5.2.6:1;BQ.1.8:2;BA.1.14.1:1;BA.1.17.2:1;BA.2.42:1;BA.5.6.1:1;BE.1.1:8;BA.5:3;BA.5.1.6:1;BA.1.15.1:1;BA.1.17:1;BF.7.13.2:1;BE.1:1;BE.9:1;BA.2.9.5:1;BA.1.1.18:1;BQ.1.1.18:2;BA.5.5:1
1152026,BA.2_0.05_abundance_0.15,T24469A;G24510A,S:N969K;S:R983H,9,130,0.0692307692307692,4,BA.2:2;B.1.1.529:1;BA.2.9:1
1152026,BA.2_0.05_abundance_0.15,C24930G;C24969T;C25000T,S:S1123C;S:T1136I;S:D1146D,136,1658,0.0820265379975874,0,
1152026,BA.2_0.05_abundance_0.15,C24930G;C25000T,S:S1123C;S:D1146D,588,1658,0.3546441495778046,0,
1152026,BA.2_0.05_abundance_0.15,C24930G;C25000T;T25051G,S:S1123C;S:D1146D;S:D1163E,9,37,0.2432432432432432,0,
1152026,BA.2_0.05_abundance_0.15,C24969T;C25000T,S:T1136I;S:D1146D,185,1658,0.1115802171290711,195,BF.7:31;BA.5.2.19:1;BA.5.8:2;BA.2:27;BA.5.2.1:8;BQ.1.26:1;BA.1.1:19;BA.1:17;BA.1.1.18:3;BA.1.15:5;BA.5.2.20:8;BA.1.1.14:1;BA.1.17:2;BA.2.12.1:3;BF.5:2;BF.7.4:2;BA.5.2:14;BA.1.1.2:3;BA.5:1;BF.21:1;BA.5.1:6;BA.5.2.9:6;BA.2.75:2;BA.1.17.2:4;BA.2.3:3;BA.4.1:4;XBB.1:1;BA.1.1.13:1;BA.2.75.2:1;BA.2.32:3;BA.2.9:1;BQ.1.1:2;BQ.1.8:2;BA.5.5:3;BA.1.1.1:2;BA.5.1.23:1;BA.1.18:1;CH.1.1:1
1152026,BA.2_0.05_abundance_0.15,C25000T;T25051G,S:D1146D;S:D1163E,19,37,0.5135135135135135,6,BA.1.1:1;BA.1.1.9:1;BA.2.9:1;BA.5:1;XBB.1:1;BA.5.1:1
1152026,BA.2_0.05_abundance_0.15,T26146A;C26270T,ORF3a:S252T;E:T9I,8,188,0.0425531914893617,86,BA.1.1.1:1;BA.2.9:74;BA.5.2:3;BA.2:3;BA.1.15:3;BA.1.17.2:1;BA.2.18:1
1152026,BA.2_0.05_abundance_0.15,C26577G;G26709A;T26719A,M:Q19E;M:A63T;M:V66E,105,3015,0.0348258706467661,0,
1152026,BA.2_0.05_abundance_0.15,C26577G;G26709A;T26812A;C26858T,M:Q19E;M:A63T;M:I97N;M:F112F,201,2629,0.0764549258273107,0,
1152026,BA.2_0.05_abundance_0.15,C26577G;G26709A;T26719A;C26858T,M:Q19E;M:A63T;M:V66E;M:F112F,588,2629,0.2236591860022822,0,
1152026,BA.2_0.05_abundance_0.15,C26577G;G26709A;G26755T;C26858T,M:Q19E;M:A63T;M:G78V;M:F112F,68,2629,0.0258653480410802,24,BA.2.6:2;BA.4.6:2;BA.2:10;BA.2.3.2:4;BA.2.12.1:2;BA.2.3.5:1;BA.2.10:2;BA.2.38:1
1152026,BA.2_0.05_abundance_0.15,C26577G;G26709A;T26719A;T26812A;C26858T,M:Q19E;M:A63T;M:V66E;M:I97N;M:F112F,70,2629,0.0266260935717002,0,
1152026,BA.2_0.05_abundance_0.15,T27181G;A27259C;G27382C;A27383T;T27384C,M:L220R;ORF6:R20R;ORF6:D61H;ORF6:D61V;ORF6:D61D,64,918,0.0697167755991285,0,
1152026,BA.2_0.05_abundance_0.15,A27259C;A27315C;G27382C;A27383T;T27384C,ORF6:R20R;ORF6:K38N;ORF6:D61H;ORF6:D61V;ORF6:D61D,53,1349,0.039288361749444,1,BA.2:1
1152026,BA.2_0.05_abundance_0.15,A28155C;C28311T,ORF8:I88L;N:P13L,266,1614,0.1648079306071871,58,BA.1:5;BE.1.1:29;BA.2.28:1;BA.5.1.3:1;BA.2.10:1;BA.5.2.1:6;BA.5.5:1;BA.5.2:4;BA.5.1:2;C.37:3;BA.2:2;BA.1.1:2;BE.1:1
1152026,BA.2_0.05_abundance_0.15,A28459C;C28603T,N:E62D;N:F110F,13,279,0.046594982078853,0,
1152026,BA.2_0.05_abundance_0.15,C28873G;G28881A;G28882A;G28883C,N:G200G;N:R203K;N:R203R;N:G204R,153,914,0.1673960612691466,9,B.1.1.141:7;BA.1.1:1;BA.2:1
1152026,BA.2_0.05_abundance_0.15,A29510C;G29511C,N:S413R;N:S413T,537,886,0.6060948081264108,15,BA.2.9:4;BA.2:6;BA.2.75:1;BA.5.1:3;BA.5.2.1:1
1222026,BA.2_0.05_abundance_0.15,T670G;A915G,ORF1a:S135R;ORF1a:E217G,14,228,0.0614035087719298,47,BA.2.12.1:4;BA.2.9:2;BA.5.2:2;BA.5.2.20:3;BF.7:1;BA.4.1:2;BA.2:15;BF.10:3;BA.5.6:5;BA.2.38:1;BA.4.6.1:1;BA.4.6:4;BA.4:1;BA.2.10:1;BA.5.2.1:1;BA.5.1.6:1
1222026,BA.2_0.05_abundance_0.15,G1157C;T1240G,ORF1a:G298R;ORF1a:H325Q,434,2947,0.1472684085510688,0,
1222026,BA.2_0.05_abundance_0.15,T7122C;A7167C,ORF1a:I2286T;ORF1a:Y2301S,50,445,0.1123595505617977,0,
1222026,BA.2_0.05_abundance_0.15,T7122C;G7230C,ORF1a:I2286T;ORF1a:G2322A,10,445,0.0224719101123595,0,
1222026,BA.2_0.05_abundance_0.15,A9328C;C9344T;A9424G;C9534T,ORF1a:V3021V;ORF1a:L3027F;ORF1a:V3053V;ORF1a:T3090I,175,192,0.9114583333333334,0,
1222026,BA.2_0.05_abundance_0.15,A9328C;C9344T;A9424G,ORF1a:V3021V;ORF1a:L3027F;ORF1a:V3053V,39,233,0.167381974248927,0,
1222026,BA.2_0.05_abundance_0.15,C9534T;T9723C,ORF1a:T3090I;ORF1a:F3153S,164,762,0.2152230971128609,130,BA.5.2.1:3;BA.5.2:12;BA.2:18;BQ.1.1:8;BA.2.12.1:74;BA.5.3.1:2;BA.2.14:1;BA.5.1:3;BF.11:1;BG.1:4;BA.2.75:1;BA.2.68:1;BF.7.4:1;BA.4.1.8:1
1222026,BA.2_0.05_abundance_0.15,C11109A;T11116C,ORF1a:A3615D;ORF1a:G3617G,168,928,0.1810344827586207,1,B.1.1.7:1
1222026,BA.2_0.05_abundance_0.15,G12794T;C12880T;A12951C,ORF1a:G4177*;ORF1a:I4205I;ORF1a:Y4229S,643,3618,0.177722498618021,0,
1222026,BA.2_0.05_abundance_0.15,G12794T;C12880T;A12951C;G12983A,ORF1a:G4177*;ORF1a:I4205I;ORF1a:Y4229S;ORF1a:G4240S,176,3376,0.0521327014218009,0,
1222026,BA.2_0.05_abundance_0.15,G12794T;G12795T;C12880T;A12951C,ORF1a:G4177*;ORF1a:G4177V;ORF1a:I4205I;ORF1a:Y4229S,86,3618,0.0237700386954118,0,
1222026,BA.2_0.05_abundance_0.15,G12794T;C12880T,ORF1a:G4177*;ORF1a:I4205I,611,3618,0.1688778330569375,0,
1222026,BA.2_0.05_abundance_0.15,G12794T;C12880T;G12983A,ORF1a:G4177*;ORF1a:I4205I;ORF1a:G4240S,167,3376,0.0494668246445497,0,
1222026,BA.2_0.05_abundance_0.15,G12794T;G12795T;C12880T,ORF1a:G4177*;ORF1a:G4177V;ORF1a:I4205I,78,3618,0.0215588723051409,0,
1222026,BA.2_0.05_abundance_0.15,G12795T;C12880T;A12951C,ORF1a:G4177V;ORF1a:I4205I;ORF1a:Y4229S,80,3618,0.0221116639027086,0,
1222026,BA.2_0.05_abundance_0.15,G12795T;C12880T,ORF1a:G4177V;ORF1a:I4205I,88,3618,0.0243228302929795,15,BA.2:8;BA.5.2:1;B.1.617.2:2;BE.1.1:1;BA.5.2.6:1;BA.2.75:1;BA.2.10:1
1222026,BA.2_0.05_abundance_0.15,C12880T;A12951C,ORF1a:I4205I;ORF1a:Y4229S,669,3625,0.184551724137931,0,
1222026,BA.2_0.05_abundance_0.15,C12880T;A12951C;G12983A,ORF1a:I4205I;ORF1a:Y4229S;ORF1a:G4240S,165,3383,0.0487732781554832,0,
1222026,BA.2_0.05_abundance_0.15,C12880T;G12983A,ORF1a:I4205I;ORF1a:G4240S,162,3383,0.047886491279929,2,BA.5.1.24:1;BF.5:1
1222026,BA.2_0.05_abundance_0.15,T14332C;C14408T,ORF1b:C289R;ORF1b:P314L,166,385,0.4311688311688311,1,B.1:1
1222026,BA.2_0.05_abundance_0.15,A15270T;C15342T,ORF1b:E601D;ORF1b:A625A,32,2950,0.0108474576271186,0,
1222026,BA.2_0.05_abundance_0.15,T17190G;C17410T,ORF1b:C1241W;ORF1b:R1315C,122,3078,0.0396361273554256,1,BA.5.2.1:1
1222026,BA.2_0.05_abundance_0.15,C17198G;C17410T,ORF1b:A1244G;ORF1b:R1315C,210,3078,0.0682261208576998,0,
1222026,BA.2_0.05_abundance_0.15,G20668A;A20779C,ORF1b:A2401T;ORF1b:M2438L,40,191,0.2094240837696335,0,
1222026,BA.2_0.05_abundance_0.15,A21857G;T21890A;G21987A,S:N99D;S:L110I;S:G142D,33,1004,0.0328685258964143,0,
1222026,BA.2_0.05_abundance_0.15,T21864C;T21890A;G21987A,S:I101T;S:L110I;S:G142D,21,1004,0.0209163346613545,0,
1222026,BA.2_0.05_abundance_0.15,T21864C;G21987A,S:I101T;S:G142D,18,1004,0.0179282868525896,2483,BA.5.1:4;AY.4:2301;BQ.1.5:1;BA.2.10.1:1;BQ.1.1.3:1;AY.25:7;BQ.1.15:5;AY.4.7:2;BA.5.1.10:13;AY.122:46;AY.23:4;AY.4.4:8;BA.2:1;BA.5.1.1:1;AY.39:1;BA.5.2.1:7;AY.43:10;BA.2.9:1;AY.3.1:1;BA.2.12.1:2;B.1.617.2:6;AY.126:2;AY.111:1;AY.3:11;BQ.1.1.2:4;AY.103:6;AY.127:1;BF.7:1;BA.5.2:1;AY.4.2:3;AY.4.6:2;AY.29.2:2;AY.119:1;AY.5.4:1;AY.47:1;BF.11.3:1;BQ.1.1:1;AY.25.1:1;AY.33:1;BE.1.1:3;AY.117:1;BQ.1.3:1;BQ.1.12:1;BE.1:1;XBB.2:1;BA.5.2.20:1;AY.98.1:2;BF.28:1;AY.42:1;AY.20:1;BF.1:1;BA.5.5:1;BA.1.1:1;AY.129:1;AY.41:1
1222026,BA.2_0.05_abundance_0.15,T21890A;G21987A,S:L110I;S:G142D,396,1004,0.3944223107569721,26,BA.1:4;AY.43:2;AY.25.1:1;AY.3:1;AY.74:1;B.1.617.2:1;AY.4:3;AY.44:1;BA.1.15:1;AY.47:1;AY.107:1;BA.1.1:2;BA.1.1.7:1;AY.39:1;AY.122:2;AY.118:1;BA.1.21.1:1;AY.4.4:1
1222026,BA.2_0.05_abundance_0.15,T21890A;A21972C;G21987A,S:L110I;S:N137T;S:G142D,34,1004,0.0338645418326693,0,
1222026,BA.2_0.05_abundance_0.15,A21972C;G21987A,S:N137T;S:G142D,27,1004,0.0268924302788844,76,AY.4:8;AY.117:1;AY.122:51;BA.5.2.35:1;BF.7:3;BA.5.1:1;AY.47:3;B.1.617.2:6;BA.2.9:1;AY.9.2:1
1222026,BA.2_0.05_abundance_0.15,T22138G;T22200G,S:F192L;S:V213G,76,472,0.1610169491525423,0,
1222026,BA.2_0.05_abundance_0.15,T22615A;C22674T;T22679C;C22686T;A22688G;A22786C,S:Y351*;S:S371F;S:S373P;S:S375F;S:T376A;S:R408S,29,234,0.1239316239316239,1,BA.5.2:1
1222026,BA.2_0.05_abundance_0.15,C22674T;T22679C;C22686T;A22688G;G22703T;A22786C,S:S371F;S:S373P;S:S375F;S:T376A;S:G381*;S:R408S,18,234,0.0769230769230769,0,
1222026,BA.2_0.05_abundance_0.15,G22992A;C22995A;A23013C;A23040G;T23112C,S:S477N;S:T478K;S:E484A;S:Q493R;S:L517P,11,48,0.2291666666666666,7,BA.1.1:2;BA.2.3:3;BA.1:1;BA.2.12.1:1
1222026,BA.2_0.05_abundance_0.15,T23281A;A23326G;A23403G,S:T573T;S:T588T;S:D614G,285,1535,0.1856677524429967,0,
1222026,BA.2_0.05_abundance_0.15,T23281A;A23403G,S:T573T;S:D614G,270,1535,0.1758957654723127,124,B.1.1.7:4;P.1:16;BA.2.9:5;BA.2.3:5;BA.5.1:17;BA.1.15:1;AY.26:2;BA.2:1;BA.1.17.2:6;BA.1.1:7;BA.1.1.18:1;AY.120.1:1;BA.2.75:4;AY.126:1;AY.103:2;BA.2.56:1;BA.4:1;AY.25.1:2;B.1.240:3;AY.9.2:1;B.1.160:2;AY.4.2.1:1;AY.4.5:3;B.1.2:11;AY.46.6:2;BA.5:1;AY.4:2;AY.4.4:1;AY.5:2;AY.54:1;AY.3:14;B.1:1;BA.1.14.1:1;AY.100:1
1222026,BA.2_0.05_abundance_0.15,T23281A;A23326G;T23374G;A23403G,S:T573T;S:T588T;S:T604T;S:D614G,22,1535,0.0143322475570032,0,
1222026,BA.2_0.05_abundance_0.15,T23281A;T23374G;A23403G,S:T573T;S:T604T;S:D614G,17,1535,0.0110749185667752,0,
1222026,BA.2_0.05_abundance_0.15,T23281A;A23326G,S:T573T;S:T588T,35,1663,0.021046301864101,0,
1222026,BA.2_0.05_abundance_0.15,A23326G;T23374G;A23403G,S:T588T;S:T604T;S:D614G,19,1535,0.0123778501628664,0,
1222026,BA.2_0.05_abundance_0.15,T23374G;A23403G,S:T604T;S:D614G,30,1535,0.019543973941368,90,AY.43:2;B.1.1.7:33;B.1.2:2;AY.122:6;BA.1.15.2:1;BA.1.1:13;BA.2:11;AY.47:6;BA.4.1:1;B.1.177:1;BA.2.38.2:2;AY.25:1;P.1:2;AY.44:1;B.1.1.521:1;AY.23:2;AY.77:2;BA.1.17.2:2;AY.25.1:1
1222026,BA.2_0.05_abundance_0.15,G23948T;T23962C,S:D796Y;S:F800F,133,451,0.29490022172949,56,BA.2.65:8;BA.1.1:6;BA.5.1:6;BA.5.2.1:2;BF.7.4:4;BA.2:23;BA.1.15:4;BA.4:1;BA.5.2.9:1;BA.2.12.1:1
1222026,BA.2_0.05_abundance_0.15,A24424T;T24469A;A24599G,S:Q954H;S:N969K;S:I1013V,12,183,0.0655737704918032,16,BA.1:4;BA.1.1:1;BA.5.2.1:4;BA.1.1.4:2;BA.5.1:2;BA.1.17.2:1;BA.2:1;BA.5.2:1
1222026,BA.2_0.05_abundance_0.15,A24424T;T24469A;C24627G,S:Q954H;S:N969K;S:A1022G,32,183,0.174863387978142,0,
1222026,BA.2_0.05_abundance_0.15,T24469A;C24627G,S:N969K;S:A1022G,112,838,0.1336515513126491,0,
1222026,BA.2_0.05_abundance_0.15,T24469A;A24599G,S:N969K;S:I1013V,31,838,0.0369928400954653,16,BA.1:4;BA.1.1:1;BA.5.2.1:4;BA.1.1.4:2;BA.5.1:2;BA.1.17.2:1;BA.2:1;BA.5.2:1
1222026,BA.2_0.05_abundance_0.15,T25394C;C25553T;C25584T,ORF3a:MX;ORF3a:A54V;ORF3a:T64T,235,1410,0.1666666666666666,0,
1222026,BA.2_0.05_abundance_0.15,T25394C;C25584T,ORF3a:MX;ORF3a:T64T,47,1410,0.0333333333333333,34,BF.7.5:1;BA.1.20:2;BA.1.1:8;BA.2.3:1;BA.2:4;BQ.1.1.15:1;BA.1.17.2:3;BF.8:1;BA.2.75:1;BF.5:1;BA.5.2:1;BA.5.2.1:1;BA.1.1.16:1;BA.5.1.1:1;BA.2.12.1:1;BQ.1.1:1;BA.5:1;BA.1:1;BA.1.15:1;BA.5.2.9:1;BA.1.1.18:1
1222026,BA.2_0.05_abundance_0.15,T25394C;C25480T;C25553T;C25584T,ORF3a:MX;ORF3a:R30C;ORF3a:A54V;ORF3a:T64T,18,1410,0.0127659574468085,0,
1222026,BA.2_0.05_abundance_0.15,C25480T;C25553T;C25584T,ORF3a:R30C;ORF3a:A54V;ORF3a:T64T,44,1410,0.0312056737588652,0,
1222026,BA.2_0.05_abundance_0.15,G26116T;C26270T,ORF3a:E242*;E:T9I,20,78,0.2564102564102564,85,BA.1.17.2:2;BA.4.6:1;BA.2:15;BF.10:10;BA.2.9:1;BA.1.20:1;BA.5.6:1;BA.1.17:1;BA.1.1:15;BA.1:12;BA.1.1.1:2;BA.5.1:4;BA.1.15:1;BQ.1.23:1;BA.1.18:1;BF.7:2;BA.5.2:3;BA.5.2.1:5;BA.2.3:1;BA.2.36:1;BA.1.1.18:1;BA.5:1;BA.1.15.2:1;BA.2.3.12:1;BE.1:1
1222026,BA.2_0.05_abundance_0.15,C26577G;G26653A;A26675C;G26709A;C26858T,M:Q19E;M:R44K;M:L51F;M:A63T;M:F112F,319,3076,0.10370611183355,0,
1222026,BA.2_0.05_abundance_0.15,C26577G;A26675C;G26709A;C26858T,M:Q19E;M:L51F;M:A63T;M:F112F,400,3076,0.130039011703511,0,
1222026,BA.2_0.05_abundance_0.15,C26577G;G26653A;G26709A,M:Q19E;M:R44K;M:A63T,153,3499,0.043726779079737,293,BA.1.18:15;BD.1:52;BA.2.36:5;BA.1.17.2:9;BA.1.1:49;BA.1.15.1:37;BA.1.15:12;BA.1.1.1:5;BA.1.17:3;BA.2.37:1;BA.5.1.2:44;BA.2.12.1:2;BA.2.3.2:1;BA.2.75:10;BA.2:5;BA.4.6:8;BA.1:16;BA.1.16:2;BA.5.1:8;BA.2.9:1;BA.2.3:1;BA.1.13:1;BN.1:5;BA.5.2.26:1
1222026,BA.2_0.05_abundance_0.15,C26577G;G26653A;G26709A;C26858T,M:Q19E;M:R44K;M:A63T;M:F112F,1041,3076,0.3384265279583875,35,BA.2.36:5;BA.2.37:1;BA.2.12.1:2;BA.2.3.2:1;BA.2.75:7;BA.4.6:8;BA.2:4;BA.2.9:1;BA.2.3:1;BN.1:5
1222026,BA.2_0.05_abundance_0.15,C26577G;G26653A;A26675C;G26709A,M:Q19E;M:R44K;M:L51F;M:A63T,50,3499,0.0142897970848813,0,
1222026,BA.2_0.05_abundance_0.15,C26577G;A26675C;G26709A,M:Q19E;M:L51F;M:A63T,58,3499,0.0165761646184624,0,
1222026,BA.2_0.05_abundance_0.15,A27019G;G27074A,M:K166R;M:S184S,12,103,0.116504854368932,0,
1222026,BA.2_0.05_abundance_0.15,A27019G;A27136G,M:K166R;M:K205R,7,95,0.0736842105263157,0,
1222026,BA.2_0.05_abundance_0.15,G27074A;A27136G,M:S184S;M:K205R,7,95,0.0736842105263157,1,AY.25:1
1222026,BA.2_0.05_abundance_0.15,G28881A;G28882A;G28883C;A28982T,N:R203K;N:R203R;N:G204R;N:K237*,22,88,0.25,2,BA.2:2
1292026,BA.2_0.05_abundance_0.15,T416G;T531A;T670G,ORF1a:C51G;ORF1a:V89E;ORF1a:S135R,22,1502,0.014647137150466,0,
1292026,BA.2_0.05_abundance_0.15,T416G;T670G,ORF1a:C51G;ORF1a:S135R,23,1502,0.0153129161118508,6,BA.2:2;BA.5.2.9:1;BF.21:1;BQ.1.1.7:1;BA.4.6:1
1292026,BA.2_0.05_abundance_0.15,T531A;T670G,ORF1a:V89E;ORF1a:S135R,636,1502,0.4234354194407457,6,BA.2:4;BA.4.1:1;CH.1.1:1
1292026,BA.2_0.05_abundance_0.15,T670G;T771A,ORF1a:S135R;ORF1a:V169D,100,239,0.4184100418410041,6,BA.2:5;BA.2.76:1
1292026,BA.2_0.05_abundance_0.15,T670G;T771A;C774T,ORF1a:S135R;ORF1a:V169D;ORF1a:T170I,11,239,0.0460251046025104,0,
1292026,BA.2_0.05_abundance_0.15,T670G;C875G,ORF1a:S135R;ORF1a:L204V,7,239,0.0292887029288702,17,BE.3:4;BA.5.1:2;BA.5.1.10:1;BA.2:1;BQ.1.11:6;BA.5.2.22:1;BA.2.3:1;BA.5.2:1
1292026,BA.2_0.05_abundance_0.15,T771A;C875G,ORF1a:V169D;ORF1a:L204V,52,2430,0.0213991769547325,1,B.1.1.7:1
1292026,BA.2_0.05_abundance_0.15,T771A;C774T,ORF1a:V169D;ORF1a:T170I,58,2430,0.0238683127572016,0,
1292026,BA.2_0.05_abundance_0.15,A7929C;G7960T,ORF1a:K2555T;ORF1a:M2565I,7,201,0.0348258706467661,0,
1292026,BA.2_0.05_abundance_0.15,T7937C;G7960T,ORF1a:S2558P;ORF1a:M2565I,6,201,0.0298507462686567,0,
1292026,BA.2_0.05_abundance_0.15,C8739G;T8764C,ORF1a:T2825S;ORF1a:D2833D,6,519,0.0115606936416184,0,
1292026,BA.2_0.05_abundance_0.15,A9026G;G9077C,ORF1a:I2921V;ORF1a:V2938L,68,2100,0.0323809523809523,0,
1292026,BA.2_0.05_abundance_0.15,A14084G;T14094A,ORF1b:N206S;ORF1b:D209E,12,944,0.0127118644067796,0,
1292026,BA.2_0.05_abundance_0.15,T14652A;G14857T,ORF1b:N395K;ORF1b:V464F,20,1338,0.014947683109118,0,
1292026,BA.2_0.05_abundance_0.15,C14724A;G14857T,ORF1b:F419L;ORF1b:V464F,22,1339,0.0164301717699775,0,
1292026,BA.2_0.05_abundance_0.15,T21164G;A21315T,ORF1b:I2566R;ORF1b:I2616I,27,229,0.1179039301310043,0,
1292026,BA.2_0.05_abundance_0.15,T22200G;T22239C,S:V213G;S:L226S,92,275,0.3345454545454545,3,BA.4.6:1;BQ.1.1:1;BE.1.1:1
1292026,BA.2_0.05_abundance_0.15,C23525T;C23555T;T23599G;C23604A,S:H655Y;S:P665S;S:N679K;S:P681H,177,1580,0.1120253164556962,28,BA.1:1;BA.2.9:1;BA.1.16:2;BA.1.1:7;BA.1.3:1;BA.5.2.36:1;BA.1.15:2;BA.2:3;BA.5.2.1:1;BA.5.3.1:1;BA.5.1.24:1;BA.1.1.1:1;BA.1.18:2;BA.1.14:1;BA.4.6:1;BA.1.17.2:1;BA.5.2:1
1292026,BA.2_0.05_abundance_0.15,C23854A;A23911C;G23948T,S:N764K;S:A783A;S:D796Y,46,531,0.0866290018832391,3,BA.2:1;BA.2.1:2
1292026,BA.2_0.05_abundance_0.15,A25501T;C25584T,ORF3a:I37L;ORF3a:T64T,1014,2004,0.5059880239520959,137,BA.5.1:3;BA.4.1:5;BA.2:27;BE.1.4:2;BA.4.1.10:2;BA.2.12.1:51;BA.4.7:2;BF.1:4;BA.1.13:2;BA.5.2:7;BA.1.1:5;BA.1.1.18:1;BQ.1:2;BA.1.17.2:1;BE.1:1;BA.1:2;BA.1.15:2;BA.2.12:1;BA.2.75:1;BA.4.4:8;BA.5.5:1;BA.5.1.10:1;BA.5.2.1:2;BA.5.2.16:1;BA.4.6:2;BA.4.6.5:1
1292026,BA.2_0.05_abundance_0.15,A25501T;T25541A;C25584T,ORF3a:I37L;ORF3a:V50D;ORF3a:T64T,301,2004,0.1501996007984032,0,
1292026,BA.2_0.05_abundance_0.15,T25541A;C25584T,ORF3a:V50D;ORF3a:T64T,132,2004,0.0658682634730539,0,
1292026,BA.2_0.05_abundance_0.15,C26577G;G26709A;T26714A;C26858T,M:Q19E;M:A63T;M:C64*;M:F112F,658,2403,0.2738243861839367,0,
1292026,BA.2_0.05_abundance_0.15,C26577G;G26709A;T26714A,M:Q19E;M:A63T;M:C64*,107,2750,0.0389090909090909,0,
1292026,BA.2_0.05_abundance_0.15,A27259C;C27263A;G27382C;A27383T;T27384C,ORF6:R20R;ORF6:T21N;ORF6:D61H;ORF6:D61V;ORF6:D61D,16,1010,0.0158415841584158,32,BA.2.12.1:8;BA.2:23;BA.2.3:1
1292026,BA.2_0.05_abundance_0.15,A27259T;G27382C;A27383T;T27384C,ORF6:R20W;ORF6:D61H;ORF6:D61V;ORF6:D61D,690,1010,0.6831683168316832,126,BA.2.3.17:11;BA.2.1:2;XBB.1:2;BA.2.10:3;BA.2:77;XBB.2:1;BA.2.12.1:5;BA.2.24:1;BA.2.9:4;BA.4.6:4;BA.4:3;BA.2.65:2;BA.2.5:1;BA.2.3:2;BA.2.23:1;BA.2.75:1;BA.4.1:1;BA.2.38.1:1;XBB.4:1;BA.1.1:1;BA.2.75.5:1;BA.2.4:1
1292026,BA.2_0.05_abundance_0.15,A27259T;T27273C;G27382C;A27383T;T27384C,ORF6:R20W;ORF6:V24V;ORF6:D61H;ORF6:D61V;ORF6:D61D,35,1010,0.0346534653465346,0,
1292026,BA.2_0.05_abundance_0.15,A27259T;C27263A;G27382C;A27383T;T27384C,ORF6:R20W;ORF6:T21N;ORF6:D61H;ORF6:D61V;ORF6:D61D,59,1010,0.0584158415841584,0,
1292026,BA.2_0.05_abundance_0.15,A27259T;G27382C;A27383T;T27384C;A27398G,ORF6:R20W;ORF6:D61H;ORF6:D61V;ORF6:D61D;ORF7a:K2R,36,1010,0.0356435643564356,0,
1292026,BA.2_0.05_abundance_0.15,C28310G;C28311T,N:P13A;N:P13L,575,2179,0.2638825149150987,125,BA.5.1:45;BE.1:2;BA.5.2.1:37;BA.1:1;BA.1.1:5;BA.4.1:1;BA.5.2:1;BA.2:21;BA.1.15:1;BA.5.1.22:1;BA.1.17.2:1;BA.1.1.18:1;BA.4.6:1;BA.1.18:1;BA.2.75:2;BA.2.10:2;BA.5.5:2
1292026,BA.2_0.05_abundance_0.15,C28310G;C28311T;C28355A,N:P13A;N:P13L;N:Q28K,52,2032,0.0255905511811023,0,
1292026,BA.2_0.05_abundance_0.15,C28311T;C28355A,N:P13L;N:Q28K,102,2032,0.0501968503937007,60,BA.1:6;BA.2.12.1:4;BA.2:43;BA.1.1:1;BA.5.2:1;BA.1.1.18:2;BN.1.3:1;BA.2.75:1;BQ.1.1:1
1292026,BA.2_0.05_abundance_0.15,C28441A;C28473T,N:L56L;N:P67L,20,1932,0.010351966873706,0,
1292026,BA.2_0.05_abundance_0.15,C28441A;C28728G,N:L56L;N:A152G,29,1619,0.0179122915379864,0,
1292026,BA.2_0.05_abundance_0.15,C28473T;C28728G,N:P67L;N:A152G,66,1623,0.0406654343807763,0,
1292026,BA.2_0.05_abundance_0.15,C28728G;G28881A;G28882A;G28883C,N:A152G;N:R203K;N:R203R;N:G204R,11,29,0.3793103448275862,31,B.1.1.7:4;BA.2.40:1;BA.1.1.18:2;BA.2:5;BA.5.2:4;BA.2.40.1:1;BA.2.9:1;BE.1:4;BF.5:1;BA.2.12.1:2;BA.5.2.1:2;BA.1.1:4
1292026,BA.2_0.05_abundance_0.15,T29251A;A29292T,N:P326P;N:D340V,372,1730,0.215028901734104,0,
1292026,BA.2_0.05_abundance_0.15,C29453T;A29510C,N:L394F;N:S413R,158,572,0.2762237762237762,45,BA.4:2;BE.4.1.1:1;BA.2.12.1:4;BA.5.2:1;BA.2:32;BF.4:1;BA.5.1:1;BQ.1.1:1;BF.21:1;BF.10:1
2052026,BA.2_0.05_abundance_0.15,T447C;T670G,ORF1a:L61S;ORF1a:S135R,1050,2247,0.4672897196261682,166,BA.4.1:42;BQ.1.5:1;BQ.1:1;BE.3:5;BA.2:44;BA.4:30;BA.5.2.22:1;BA.2.9:3;BA.5.2.1:3;BA.5.1.25:1;BA.2.12.1:4;BF.5:2;BA.5.2:7;BA.5.1.24:2;BA.5.1.10:1;BA.2.3.13:1;BA.4.7:1;BA.2.10:2;BA.5:1;BA.2.3.1:1;BA.5.5:2;BA.5.3:1;BA.5.1:2;BA.2.56:1;BQ.1.1:2;BA.2.10.1:1;BA.2.76:1;BF.10:1;BA.5.6:1;BE.1.1:1
2052026,BA.2_0.05_abundance_0.15,C2226A;A2362T,ORF1a:T654N;ORF1a:K699N,57,1485,0.0383838383838383,0,
2052026,BA.2_0.05_abundance_0.15,C2226A;C2397G,ORF1a:T654N;ORF1a:T711R,23,1485,0.0154882154882154,0,
2052026,BA.2_0.05_abundance_0.15,A2362T;C2397G,ORF1a:K699N;ORF1a:T711R,58,1500,0.0386666666666666,0,
2052026,BA.2_0.05_abundance_0.15,T2989A;C3037T,ORF1a:F908L;ORF1a:F924F,41,503,0.0815109343936381,10,BA.1.14:2;BA.1.18:1;BA.2.12.1:1;AY.127:2;AY.25:1;B.1.1.7:2;B.1.1.285:1
2052026,BA.2_0.05_abundance_0.15,T5653C;A5827T,ORF1a:Y1796Y;ORF1a:T1854T,20,281,0.0711743772241993,0,
2052026,BA.2_0.05_abundance_0.15,T7141G;T7168A;C7195G;A7210C;T7226C;T7227C;T7228A,ORF1a:L2292L;ORF1a:Y2301*;ORF1a:T2310T;ORF1a:K2315N;ORF1a:F2321L;ORF1a:F2321S;ORF1a:F2321L,14,685,0.0204379562043795,0,
2052026,BA.2_0.05_abundance_0.15,T7747G;C7920A,ORF1a:V2494V;ORF1a:S2552*,150,867,0.1730103806228373,0,
2052026,BA.2_0.05_abundance_0.15,T7747G;C7920A;T7939G,ORF1a:V2494V;ORF1a:S2552*;ORF1a:S2558S,18,867,0.0207612456747404,0,
2052026,BA.2_0.05_abundance_0.15,T7747G;T7939G,ORF1a:V2494V;ORF1a:S2558S,27,867,0.0311418685121107,0,
2052026,BA.2_0.05_abundance_0.15,T7747G;T7897A;C7920A,ORF1a:V2494V;ORF1a:D2544E;ORF1a:S2552*,13,867,0.0149942329873125,0,
2052026,BA.2_0.05_abundance_0.15,T7747G;T7897A,ORF1a:V2494V;ORF1a:D2544E,17,867,0.0196078431372549,0,
2052026,BA.2_0.05_abundance_0.15,T7897A;C7920A,ORF1a:D2544E;ORF1a:S2552*,11,867,0.0126874279123414,0,
2052026,BA.2_0.05_abundance_0.15,C7920A;T7939G,ORF1a:S2552*;ORF1a:S2558S,20,867,0.0230680507497116,0,
2052026,BA.2_0.05_abundance_0.15,C9534T;A9568T;T9725A,ORF1a:T3090I;ORF1a:L3101F;ORF1a:Y3154N,26,723,0.0359612724757952,0,
2052026,BA.2_0.05_abundance_0.15,C9534T;T9725A,ORF1a:T3090I;ORF1a:Y3154N,350,723,0.4840940525587828,0,
2052026,BA.2_0.05_abundance_0.15,C9534T;A9726G,ORF1a:T3090I;ORF1a:Y3154C,45,723,0.0622406639004149,4,BA.5.5:1;BA.2:3
2052026,BA.2_0.05_abundance_0.15,C9534T;T9725A;A9726G,ORF1a:T3090I;ORF1a:Y3154N;ORF1a:Y3154C,93,723,0.1286307053941908,0,
2052026,BA.2_0.05_abundance_0.15,C9534T;A9568T,ORF1a:T3090I;ORF1a:L3101F,15,769,0.0195058517555266,0,
2052026,BA.2_0.05_abundance_0.15,G10447A;G10575C,ORF1a:R3394R;ORF1a:G3437A,100,547,0.1828153564899451,0,
2052026,BA.2_0.05_abundance_0.15,T11046G;T11056C;T11070A;A11085T;T11118G;T11151G;G11222T;G11243A;A11258T;A11277T,ORF1a:L3594*;ORF1a:S3597S;ORF1a:L3602*;ORF1a:Y3607F;ORF1a:I3618S;ORF1a:V3629G;ORF1a:V3653F;ORF1a:V3660M;ORF1a:T3665S;ORF1a:D3671V,11,890,0.0123595505617977,0,
2052026,BA.2_0.05_abundance_0.15,G11185A;A11228C;G11245A,ORF1a:L3640L;ORF1a:M3655L;ORF1a:V3660V,19,893,0.0212765957446808,0,
2052026,BA.2_0.05_abundance_0.15,G11185A;G11245A,ORF1a:L3640L;ORF1a:V3660V,59,893,0.0660694288913773,0,
2052026,BA.2_0.05_abundance_0.15,G11185A;A11228C,ORF1a:L3640L;ORF1a:M3655L,62,952,0.065126050420168,0,
2052026,BA.2_0.05_abundance_0.15,A11228C;G11245A,ORF1a:M3655L;ORF1a:V3660V,19,893,0.0212765957446808,0,
2052026,BA.2_0.05_abundance_0.15,G11683T;T11706A;T11729A;A11742T;A11759T;C11785A;T11806A;A11905G,ORF1a:L3806L;ORF1a:L3814*;ORF1a:Y3822N;ORF1a:Q3826L;ORF1a:K3832*;ORF1a:L3840L;ORF1a:V3847V;ORF1a:R3880R,6,167,0.0359281437125748,0,
2052026,BA.2_0.05_abundance_0.15,A11905G;A11911T;C11919G;G11966T;T12013A;T12017G;A12026T;G12035A;T12039G;C12043A;C12081G;A12103G;T12112A,ORF1a:R3880R;ORF1a:E3882D;ORF1a:S3885C;ORF1a:A3901S;ORF1a:S3916S;ORF1a:L3918V;ORF1a:M3921L;ORF1a:A3924T;ORF1a:V3925G;ORF1a:D3926E;ORF1a:A3939G;ORF1a:S3946S;ORF1a:S3949R,44,2195,0.0200455580865603,0,
2052026,BA.2_0.05_abundance_0.15,C12880T;T13065C,ORF1a:I4205I;ORF1a:L4267S,11,97,0.1134020618556701,0,
2052026,BA.2_0.05_abundance_0.15,A13702C;T13728G;C13735T;G13762T;T13820A,ORF1b:N79H;ORF1b:V87V;ORF1b:H90Y;ORF1b:G99C;ORF1b:L118H,14,842,0.0166270783847981,0,
2052026,BA.2_0.05_abundance_0.15,T14652A;A14736G,ORF1b:N395K;ORF1b:G423G,14,969,0.0144478844169246,0,
2052026,BA.2_0.05_abundance_0.15,T15281A;T15529A,ORF1b:L605H;ORF1b:C688S,33,232,0.1422413793103448,0,
2052026,BA.2_0.05_abundance_0.15,T15529A;C15714T,ORF1b:C688S;ORF1b:L749L,978,3456,0.2829861111111111,1,BA.2:1
2052026,BA.2_0.05_abundance_0.15,A15547C;C15714T,ORF1b:N694H;ORF1b:L749L,54,3460,0.0156069364161849,0,
2052026,BA.2_0.05_abundance_0.15,C17145A;C17410T,ORF1b:R1226R;ORF1b:R1315C,3677,4909,0.7490323894886942,18,BA.2.12.1:2;BA.5.2.13:5;BA.2.36:1;BA.2:2;BA.5.2:4;BA.4.1.2:1;P.1:1;BA.5.2.1:2
2052026,BA.2_0.05_abundance_0.15,G17749C;G17753T;A17775T;A17791T;T17812A;G17815T;A17823G;A17853C;T17859A;A17889T,ORF1b:A1428P;ORF1b:W1429L;ORF1b:S1436S;ORF1b:N1442Y;ORF1b:L1449M;ORF1b:G1450*;ORF1b:P1452P;ORF1b:S1462S;ORF1b:Y1464*;ORF1b:E1474D,19,913,0.0208105147864184,0,
2052026,BA.2_0.05_abundance_0.15,A18163G;C18199A,ORF1b:I1566V;ORF1b:L1578I,10,462,0.0216450216450216,42,BA.2.10:1;BA.1:4;BA.5.2.1:2;BF.5:1;BE.1:9;BA.5.2:1;BA.4.1:2;BQ.1.14:3;BE.1.1:1;BA.1.15:2;BA.2.12.1:1;BA.2.43:1;DJ.1.1:1;BA.1.1.18:1;BA.1.1:1;BQ.1.23:4;BA.2.9:1;BA.5.2.12:1;BR.1:1;BA.2:2;BA.2.23:1;BA.2.36:1
2052026,BA.2_0.05_abundance_0.15,C18885A;A18934G,ORF1b:V1806V;ORF1b:I1823V,32,762,0.0419947506561679,0,
2052026,BA.2_0.05_abundance_0.15,A20055G;G20056A,ORF1b:E2196E;ORF1b:G2197S,111,952,0.1165966386554621,829,BA.5.1:42;BA.2.37:1;BA.2.10:2;BA.5.6:20;BA.2.9:82;BA.4:2;BA.5.2.9:2;BL.3:1;BA.5.2.1:20;BA.4.4:1;BA.5.2.27:1;BA.2:239;BA.5.2:53;BA.2.3:60;XBB.1:6;BF.7.4:7;BQ.1.1.4:22;BA.5.1.19:1;BA.5.5:21;BF.7.11:2;BA.2.56:11;BA.5.2.28:3;BA.2.3.11:16;BA.2.12.1:114;CL.1:7;XBB.2:1;BA.2.75:12;BA.2.29:3;BA.5.1.23:3;BM.1.1.3:2;BA.5.2.7:5;BQ.1.1.18:1;BQ.1.1:6;BA.5.1.3:2;BA.2.3.13:1;BA.4.1:5;BA.2.7:1;BE.1:3;BA.2.24:3;BA.2.10.1:2;BA.5.2.19:1;BA.4.6:5;BA.5.2.20:1;BQ.1.11:1;BF.5:2;BA.2.38:1;BA.2.3.1:3;BA.2.62:1;BF.7.5:1;BQ.1.1.15:1;BA.2.3.17:1;BA.2.23:1;BF.13:1;BE.1.1:3;BF.15:1;BA.5.1.12:1;BA.2.38.1:1;BA.2.3.10:1;BA.5.2.12:2;BA.5:7;BE.3:1;DJ.1:1;BF.17:1;BQ.1.14:1;AY.25:1;XBB:1;BQ.1:1
2052026,BA.2_0.05_abundance_0.15,G21795C;T21818C;C21843A;A21858G;G21869C;G21873T;A21875G;C21904G,S:R78T;S:F86L;S:S94Y;S:N99S;S:G103R;S:W104L;S:I105V;S:T114T,9,452,0.0199115044247787,0,
2052026,BA.2_0.05_abundance_0.15,T21829C;G21986T,S:G89G;S:G142C,7,406,0.0172413793103448,1,BA.1.1:1
2052026,BA.2_0.05_abundance_0.15,C23854A;G23948T;T24029G,S:N764K;S:D796Y;S:F823V,29,473,0.0613107822410148,0,
2052026,BA.2_0.05_abundance_0.15,C24338G;A24424T,S:Q926E;S:Q954H,35,212,0.1650943396226415,11,BF.1:7;BA.5.1:2;BA.5.2.19:1;BA.5.2.1:1
2052026,BA.2_0.05_abundance_0.15,G24740C;G24757C;C24801G;A24820T;T24829A;A24860G;A24874C;C24878G;T24887G;A24894G;T24906G;G24933A;A24950G;T24951G;C24964G;C24986T;C25000T,S:V1060L;S:V1065V;S:A1080G;S:K1086N;S:F1089L;S:T1100A;S:V1104V;S:Q1106E;S:F1109V;S:E1111G;S:I1115S;S:G1124D;S:I1130V;S:I1130R;S:N1134K;S:Q1142*;S:D1146D,36,1326,0.0271493212669683,0,
2052026,BA.2_0.05_abundance_0.15,C25584T;T25622C,ORF3a:T64T;ORF3a:V77A,961,1657,0.579963789981895,313,BA.2:40;BA.1.20:1;BA.5.2.1:215;BA.1.1:14;BA.2.29:12;BA.1.15:1;BF.10:1;BA.5.2:2;BA.2.10:2;BA.1:2;BA.1.1.14:6;BE.8:1;BA.1.1.12:1;BA.5.1.21:1;BA.2.12.1:2;BA.5.5:2;XBB:1;BF.11:2;BA.5.1.5:2;BA.1.14.1:1;BA.5.2.28:1;BA.5.6:1;BT.2:1;BA.5.2.21:1
2052026,BA.2_0.05_abundance_0.15,G25972T;C26270T,ORF3a:E194*;E:T9I,45,148,0.304054054054054,11,BA.2:1;BF.7.7:1;BA.5.1:4;BA.5.2:1;BE.1.1:1;BA.5:1;BA.5.2.9:1;BA.5.2.1:1
2052026,BA.2_0.05_abundance_0.15,G25972T;A26137T;C26270T,ORF3a:E194*;ORF3a:I249F;E:T9I,15,148,0.1013513513513513,0,
2052026,BA.2_0.05_abundance_0.15,G25972T;A26137T,ORF3a:E194*;ORF3a:I249F,9,211,0.0426540284360189,0,
2052026,BA.2_0.05_abundance_0.15,A26137T;C26270T,ORF3a:I249F;E:T9I,19,148,0.1283783783783783,2,BA.2:1;BA.1.1.1:1
2052026,BA.2_0.05_abundance_0.15,C26270T;A26386T,E:T9I;E:N48Y,215,1174,0.1831345826235093,4,BA.2.1:1;BA.1.13:1;BA.2.12.1:1;BA.5.2:1
2052026,BA.2_0.05_abundance_0.15,C26577G;T26669C;G26709A;C26858T,M:Q19E;M:I49I;M:A63T;M:F112F,444,3246,0.1367837338262477,44,BA.4.1:1;BA.2:34;BA.2.9:5;BA.2.12.1:2;BA.2.3.1:1;XBB.1:1
2052026,BA.2_0.05_abundance_0.15,C26577G;T26669C;G26709A,M:Q19E;M:I49I;M:A63T,63,3675,0.0171428571428571,76,BA.5.1.27:1;BA.5.2.1:7;BA.1:4;BF.21:5;BF.32:4;BA.4.1:1;BA.2:35;BA.2.9:5;BA.5.1.5:1;BA.2.12.1:2;BF.10:1;BA.1.15:1;BA.1.1:4;BQ.1:1;BA.5.1.30:1;BA.5.2:1;BA.2.3.1:1;XBB.1:1
2052026,BA.2_0.05_abundance_0.15,A27259C;G27382C;A27383T;T27384C;T27408C,ORF6:R20R;ORF6:D61H;ORF6:D61V;ORF6:D61D;ORF7a:L5L,22,765,0.0287581699346405,67,BA.4.1:3;BA.2:27;BA.4.2:1;BA.4.1.1:1;BA.2.12.1:7;BA.2.3:26;BA.2.9:1;BA.2.2:1
2052026,BA.2_0.05_abundance_0.15,C28311T;C28348T,N:P13L;N:G25G,172,2941,0.0584835090105406,512,BA.4:85;BA.1.20:1;BA.1.1:76;BA.1.1.14:3;BQ.1.1:1;BA.1.15.1:1;BA.5.1.10:61;BA.2:40;BA.5.2.1:22;BQ.1:2;BA.1.1.5:12;BA.5.2:28;BE.1.1:6;BA.5:3;BA.5.9:39;BA.5.5:19;BA.4.1:4;B.1.526:5;BA.1:35;BA.2.12.1:3;BA.2.3:3;BQ.1.1.18:5;BA.1.17.2:5;BA.2.75:5;BA.2.29:2;BA.2.9:6;BA.4.7:1;XAG:1;BA.2.38:1;BA.5.2.20:1;BA.5.1.25:4;BA.5.1:4;BA.4.6.1:1;BA.1.15:5;BF.7:1;BK.1:1;BA.5.1.23:1;BA.4.6:2;BA.1.17:2;XBB:1;BA.1.1.2:2;BA.2.12:1;BA.1.1.18:1;BA.5.6:1;BF.25:3;BA.1.1.1:2;BA.1.18:1;BF.5:1;BF.22:1;BQ.1.1.5:1
2052026,BA.2_0.05_abundance_0.15,A29071T;A29267C,N:K266N;N:T332P,45,2010,0.0223880597014925,0,
2122026,BA.2_0.05_abundance_0.15,C344T;G353C;G359T;T369G;C449T;G470T;G483C;G524T;G542T;G564C;T580G;C609T;A610C;G636A;A647C;A655T;T658C;T670G,ORF1a:L27F;ORF1a:G30R;ORF1a:G32*;ORF1a:V35G;ORF1a:P62S;ORF1a:V69L;ORF1a:R73P;ORF1a:E87*;ORF1a:E93*;ORF1a:S100T;ORF1a:G105G;ORF1a:P115L;ORF1a:P115P;ORF1a:R124H;ORF1a:N128H;ORF1a:G130G;ORF1a:A131A;ORF1a:S135R,5,198,0.0252525252525252,0,
2122026,BA.2_0.05_abundance_0.15,G353C;G359T;T369G;C449T;G470T;G483C;G524T;G542T;G564C;T580G;C609T;A610C;G636A;A647C;A655T;T658C;T670G,ORF1a:G30R;ORF1a:G32*;ORF1a:V35G;ORF1a:P62S;ORF1a:V69L;ORF1a:R73P;ORF1a:E87*;ORF1a:E93*;ORF1a:S100T;ORF1a:G105G;ORF1a:P115L;ORF1a:P115P;ORF1a:R124H;ORF1a:N128H;ORF1a:G130G;ORF1a:A131A;ORF1a:S135R,11,666,0.0165165165165165,0,
2122026,BA.2_0.05_abundance_0.15,G359T;T369G;C449T;G470T;G483C;G524T;G542T;G564C;T580G;C609T;A610C;G636A;A647C;A655T;T658C;T670G,ORF1a:G32*;ORF1a:V35G;ORF1a:P62S;ORF1a:V69L;ORF1a:R73P;ORF1a:E87*;ORF1a:E93*;ORF1a:S100T;ORF1a:G105G;ORF1a:P115L;ORF1a:P115P;ORF1a:R124H;ORF1a:N128H;ORF1a:G130G;ORF1a:A131A;ORF1a:S135R,23,1732,0.0132794457274826,0,
2122026,BA.2_0.05_abundance_0.15,T369G;C449T;G470T;G483C;G524T;G542T;G564C;T580G;C609T;A610C;G636A;A647C;A655T;T658C;T670G,ORF1a:V35G;ORF1a:P62S;ORF1a:V69L;ORF1a:R73P;ORF1a:E87*;ORF1a:E93*;ORF1a:S100T;ORF1a:G105G;ORF1a:P115L;ORF1a:P115P;ORF1a:R124H;ORF1a:N128H;ORF1a:G130G;ORF1a:A131A;ORF1a:S135R,35,2972,0.0117765814266487,0,
2122026,BA.2_0.05_abundance_0.15,T670G;T735A,ORF1a:S135R;ORF1a:F157Y,10,233,0.0429184549356223,4,BF.5:1;BA.2.3.20:1;XAE:2
2122026,BA.2_0.05_abundance_0.15,T1623A;C1628A;A1629T;A1644G;A1646C;A1731C;T1745C;G1782C;G1784C;G1827A;A1829G;A1849T;A1852T;C1878G;G1883A,ORF1a:I453K;ORF1a:Q455K;ORF1a:Q455L;ORF1a:N460S;ORF1a:I461L;ORF1a:E489A;ORF1a:L494L;ORF1a:C506S;ORF1a:G507R;ORF1a:W521*;ORF1a:N522D;ORF1a:S528S;ORF1a:I529I;ORF1a:S538*;ORF1a:A540T,36,2052,0.0175438596491228,0,
2122026,BA.2_0.05_abundance_0.15,G2604C;T2605G;A2608G;A2645T;C2662G;C2708A;T2709A;A2725C;A2748T;T2771C;C2790T,ORF1a:G780A;ORF1a:G780G;ORF1a:T781T;ORF1a:K794*;ORF1a:Y799*;ORF1a:L815I;ORF1a:L815H;ORF1a:P820P;ORF1a:D828V;ORF1a:Y836H;ORF1a:T842I,10,349,0.0286532951289398,0,
2122026,BA.2_0.05_abundance_0.15,A3180C;A3186G;G3239C;T3265C;A3273G;A3277T;G3320A;A3341C;G3345C;A3357C;A3374C;A3381C;G3410C;C3426T;A3428T,ORF1a:E972A;ORF1a:E974G;ORF1a:D992H;ORF1a:T1000T;ORF1a:Q1003R;ORF1a:T1004T;ORF1a:V1019I;ORF1a:N1026H;ORF1a:S1027T;ORF1a:Y1031S;ORF1a:N1037H;ORF1a:Y1039S;ORF1a:A1049P;ORF1a:P1054L;ORF1a:T1055S,9,599,0.015025041736227,0,
2122026,BA.2_0.05_abundance_0.15,A3421G;A3430G,ORF1a:V1052V;ORF1a:T1055T,61,1600,0.038125,1,BA.5.1.25:1
2122026,BA.2_0.05_abundance_0.15,G4422T;C4611T,ORF1a:R1386L;ORF1a:P1449L,106,1004,0.1055776892430278,0,
2122026,BA.2_0.05_abundance_0.15,G4422T;A4528C;C4611T,ORF1a:R1386L;ORF1a:R1421S;ORF1a:P1449L,33,1004,0.0328685258964143,0,
2122026,BA.2_0.05_abundance_0.15,G4422T;T4536A;C4611T,ORF1a:R1386L;ORF1a:F1424Y;ORF1a:P1449L,19,1004,0.0189243027888446,0,
2122026,BA.2_0.05_abundance_0.15,G4422T;A4528C,ORF1a:R1386L;ORF1a:R1421S,17,1086,0.0156537753222836,0,
2122026,BA.2_0.05_abundance_0.15,A4528C;T4536A,ORF1a:R1421S;ORF1a:F1424Y,15,1087,0.0137994480220791,0,
2122026,BA.2_0.05_abundance_0.15,A4528C;C4611T,ORF1a:R1421S;ORF1a:P1449L,96,1005,0.0955223880597015,0,
2122026,BA.2_0.05_abundance_0.15,A4528C;T4536A;C4611T,ORF1a:R1421S;ORF1a:F1424Y;ORF1a:P1449L,17,1005,0.0169154228855721,0,
2122026,BA.2_0.05_abundance_0.15,T4536A;C4611T,ORF1a:F1424Y;ORF1a:P1449L,66,1005,0.0656716417910447,0,
2122026,BA.2_0.05_abundance_0.15,C4780G;T4813C;G4854C;G4881C,ORF1a:I1505M;ORF1a:Y1516Y;ORF1a:R1530T;ORF1a:S1539T,5,257,0.0194552529182879,0,
2122026,BA.2_0.05_abundance_0.15,G5625C;T5635G;G5708C;T5732A;G5750A,ORF1a:C1787S;ORF1a:G1790G;ORF1a:E1815Q;ORF1a:C1823S;ORF1a:G1829S,11,249,0.0441767068273092,0,
2122026,BA.2_0.05_abundance_0.15,G6245T;A6276G;G6288A;T6298C;C6312G;A6325C;A6360C;A6425C;A6426G;A6466G;T6478G;T6489A,ORF1a:V1994F;ORF1a:K2004R;ORF1a:W2008*;ORF1a:R2011R;ORF1a:T2016R;ORF1a:E2020D;ORF1a:D2032A;ORF1a:N2054H;ORF1a:N2054S;ORF1a:K2067K;ORF1a:V2071V;ORF1a:I2075N,25,686,0.0364431486880466,0,
2122026,BA.2_0.05_abundance_0.15,G6660T;T6668C,ORF1a:S2132I;ORF1a:W2135R,58,1644,0.035279805352798,0,
2122026,BA.2_0.05_abundance_0.15,T7075C;C7119G;T7141G;T7147C;T7168A;C7195G;A7208C;A7210C;T7226C;T7227C;T7228A;T7341A;A7358G,ORF1a:Y2270Y;ORF1a:S2285C;ORF1a:L2292L;ORF1a:G2294G;ORF1a:Y2301*;ORF1a:T2310T;ORF1a:K2315Q;ORF1a:K2315N;ORF1a:F2321L;ORF1a:F2321S;ORF1a:F2321L;ORF1a:I2359N;ORF1a:M2365V,8,287,0.0278745644599303,0,
2122026,BA.2_0.05_abundance_0.15,T7341A;A7358G;T7425A;T7438A;A7448C;C7485G;C7518A;A7522C;G7526A;A7548C;T7554G;G7561A;T7566G;T7576C;C7578A,ORF1a:I2359N;ORF1a:M2365V;ORF1a:F2387Y;ORF1a:Y2391*;ORF1a:K2395Q;ORF1a:S2407*;ORF1a:A2418E;ORF1a:T2419T;ORF1a:V2421I;ORF1a:N2428T;ORF1a:V2430G;ORF1a:R2432R;ORF1a:F2434C;ORF1a:Y2437Y;ORF1a:A2438D,5,325,0.0153846153846153,0,
2122026,BA.2_0.05_abundance_0.15,A7346C;A7522C,ORF1a:N2361H;ORF1a:T2419T,20,786,0.0254452926208651,0,
2122026,BA.2_0.05_abundance_0.15,G7472T;A7522C,ORF1a:G2403C;ORF1a:T2419T,23,971,0.0236869207003089,0,
2122026,BA.2_0.05_abundance_0.15,A7522C;T7648A,ORF1a:T2419T;ORF1a:G2461G,32,732,0.0437158469945355,0,
2122026,BA.2_0.05_abundance_0.15,C9534T;T9672G,ORF1a:T3090I;ORF1a:V3136G,218,492,0.4430894308943089,1,BA.2:1
2122026,BA.2_0.05_abundance_0.15,C9534T;G9649C,ORF1a:T3090I;ORF1a:W3128C,12,492,0.024390243902439,0,
2122026,BA.2_0.05_abundance_0.15,C9534T;G9649C;T9672G,ORF1a:T3090I;ORF1a:W3128C;ORF1a:V3136G,8,492,0.016260162601626,0,
2122026,BA.2_0.05_abundance_0.15,C9534T;A9768C,ORF1a:T3090I;ORF1a:N3168T,21,462,0.0454545454545454,0,
2122026,BA.2_0.05_abundance_0.15,C9534T;T9672G;A9768C,ORF1a:T3090I;ORF1a:V3136G;ORF1a:N3168T,11,462,0.0238095238095238,0,
2122026,BA.2_0.05_abundance_0.15,C10029T;T9850C,ORF1a:T3255I;ORF1a:S3195S,7,57,0.1228070175438596,130,BA.5.2:1;AY.25:10;BA.2.9:5;AY.122:19;BA.1.1:3;BA.2.12.1:5;BA.2.29:7;AY.29:5;AY.113:4;AY.3:2;BA.2:12;AY.98.1:15;BA.1:16;AY.4:7;BF.10:1;AY.43:3;AY.99.2:1;BA.2.75:1;BA.5.2.9:2;BA.1.17:1;BA.1.16:1;AY.127:1;AY.39.1:1;BA.1.15:1;BF.5:1;AY.25.3:1;AY.119:3;AY.39:1
2122026,BA.2_0.05_abundance_0.15,C10029T;A10115T,ORF1a:T3255I;ORF1a:T3284S,7,56,0.125,1,BA.1.15:1
2122026,BA.2_0.05_abundance_0.15,T11046G;T11056C;T11070A;A11085T;T11118G;T11151G;G11222T;G11243A;A11258T;A11277T,ORF1a:L3594*;ORF1a:S3597S;ORF1a:L3602*;ORF1a:Y3607F;ORF1a:I3618S;ORF1a:V3629G;ORF1a:V3653F;ORF1a:V3660M;ORF1a:T3665S;ORF1a:D3671V,27,2367,0.0114068441064638,0,
2122026,BA.2_0.05_abundance_0.15,T11046G;T11056C;T11070A;A11085T;T11118G;T11151G;T11164G;G11222T;G11243A;A11258T;A11277T,ORF1a:L3594*;ORF1a:S3597S;ORF1a:L3602*;ORF1a:Y3607F;ORF1a:I3618S;ORF1a:V3629G;ORF1a:H3633Q;ORF1a:V3653F;ORF1a:V3660M;ORF1a:T3665S;ORF1a:D3671V,34,2367,0.0143641740599915,0,
2122026,BA.2_0.05_abundance_0.15,A11905G;A11911T;C11919G;G11944C;G11966T;T12013A;T12017G;A12026T;G12035A;T12039G;C12043A;C12081G;A12103G;C12138T;T12142A;T12168G;T12204C;A12206C,ORF1a:R3880R;ORF1a:E3882D;ORF1a:S3885C;ORF1a:Q3893H;ORF1a:A3901S;ORF1a:S3916S;ORF1a:L3918V;ORF1a:M3921L;ORF1a:A3924T;ORF1a:V3925G;ORF1a:D3926E;ORF1a:A3939G;ORF1a:S3946S;ORF1a:A3958V;ORF1a:T3959T;ORF1a:V3968G;ORF1a:L3980S;ORF1a:K3981Q,105,4882,0.0215075788611224,0,
2122026,BA.2_0.05_abundance_0.15,A11905G;A11911T;C11919G;G11944C;G11966T;T12013A;T12017G;A12026T;G12035A;T12039G;C12043A;C12081G;A12103G;T12112A;C12138T;T12142A;T12168G;T12204C;A12206C,ORF1a:R3880R;ORF1a:E3882D;ORF1a:S3885C;ORF1a:Q3893H;ORF1a:A3901S;ORF1a:S3916S;ORF1a:L3918V;ORF1a:M3921L;ORF1a:A3924T;ORF1a:V3925G;ORF1a:D3926E;ORF1a:A3939G;ORF1a:S3946S;ORF1a:S3949R;ORF1a:A3958V;ORF1a:T3959T;ORF1a:V3968G;ORF1a:L3980S;ORF1a:K3981Q,21,1560,0.0134615384615384,0,
2122026,BA.2_0.05_abundance_0.15,C12138T;T12142A;T12168G;T12204C;A12206C;A12228G;T12244G;A12286G;A12316T;T12319G;G12330A;A12335G;G12355A;C12398A;A12414G;C12420A,ORF1a:A3958V;ORF1a:T3959T;ORF1a:V3968G;ORF1a:L3980S;ORF1a:K3981Q;ORF1a:K3988R;ORF1a:R3993R;ORF1a:Q4007Q;ORF1a:R4017S;ORF1a:S4018S;ORF1a:R4022K;ORF1a:K4024E;ORF1a:Q4030Q;ORF1a:L4045I;ORF1a:N4050S;ORF1a:A4052E,5,99,0.0505050505050505,0,
2122026,BA.2_0.05_abundance_0.15,T12168G;T12204C;A12206C;A12228G;T12244G;A12286G;A12316T;T12319G;G12330A;A12335G;G12355A;C12398A;A12414G;C12420A,ORF1a:V3968G;ORF1a:L3980S;ORF1a:K3981Q;ORF1a:K3988R;ORF1a:R3993R;ORF1a:Q4007Q;ORF1a:R4017S;ORF1a:S4018S;ORF1a:R4022K;ORF1a:K4024E;ORF1a:Q4030Q;ORF1a:L4045I;ORF1a:N4050S;ORF1a:A4052E,20,1071,0.0186741363211951,0,
2122026,BA.2_0.05_abundance_0.15,A13455G;C13458A;T13463A;C13490G;C13492A;G13514A;C13517T;G13624T,ORF1a:Q4397R;ORF1a:S4398*;ORF1a:L4400I;ORF1b:A8G;ORF1b:R9S;ORF1b:G16D;ORF1b:T17I;ORF1b:D53Y,5,126,0.0396825396825396,0,
2122026,BA.2_0.05_abundance_0.15,A13696G;A13702C;T13728G;G13762T;T13820A;G13856T,ORF1b:I77V;ORF1b:N79H;ORF1b:V87V;ORF1b:G99C;ORF1b:L118H;ORF1b:C130F,17,772,0.022020725388601,0,
2122026,BA.2_0.05_abundance_0.15,G14268T;A14317G;C14322A;T14361C;T14378C;T14389C;C14403G;C14408T;G14419A;C14422G;A14470T;C14491T;G14495C;T14526A;G14559A,ORF1b:T267T;ORF1b:T284A;ORF1b:Y285*;ORF1b:I298I;ORF1b:F304S;ORF1b:F308L;ORF1b:F312L;ORF1b:P314L;ORF1b:G318R;ORF1b:P319A;ORF1b:T335S;ORF1b:L342L;ORF1b:G343A;ORF1b:H353Q;ORF1b:V364V,18,1261,0.014274385408406,0,
2122026,BA.2_0.05_abundance_0.15,C14322A;C14408T,ORF1b:Y285*;ORF1b:P314L,1163,2073,0.5610226724553786,1,B.1.1.7:1
2122026,BA.2_0.05_abundance_0.15,C14322A;C14408T;A14463T,ORF1b:Y285*;ORF1b:P314L;ORF1b:V332V,414,1919,0.2157373632100052,0,
2122026,BA.2_0.05_abundance_0.15,C14322A;C14408T;G14474A,ORF1b:Y285*;ORF1b:P314L;ORF1b:G336E,252,1919,0.1313183949973944,0,
2122026,BA.2_0.05_abundance_0.15,C14322A;C14408T;A14463T;G14474A,ORF1b:Y285*;ORF1b:P314L;ORF1b:V332V;ORF1b:G336E,90,1919,0.0468994267847837,0,
2122026,BA.2_0.05_abundance_0.15,G14923C;C14953A;A14977T;A14990T;T14992G;T15021C;C15024G;A15077C;T15084C;A15099C;G15115C,ORF1b:V486L;ORF1b:P496T;ORF1b:R504*;ORF1b:D508V;ORF1b:S509A;ORF1b:L518L;ORF1b:F519L;ORF1b:Y537S;ORF1b:I539I;ORF1b:R544S;ORF1b:G550R,15,489,0.0306748466257668,0,
2122026,BA.2_0.05_abundance_0.15,T15551G;A15564T;A15612C;C15631A;A15639C;G15644A;T15674C;C15714T;T15726C;A15740T;C15746A;T15756G;T15801A;T15815G;T15816C;T15817G,ORF1b:V695G;ORF1b:L699F;ORF1b:Q715H;ORF1b:L722I;ORF1b:R724S;ORF1b:R726K;ORF1b:F736S;ORF1b:L749L;ORF1b:A753A;ORF1b:N758I;ORF1b:T760N;ORF1b:S763S;ORF1b:Y778*;ORF1b:V783G;ORF1b:V783V;ORF1b:F784V,46,2632,0.0174772036474164,0,
2122026,BA.2_0.05_abundance_0.15,C15714T;G15734A,ORF1b:L749L;ORF1b:C756Y,291,2656,0.1095632530120482,5,BA.2.12.1:1;BA.4.6:1;BA.2.9:1;BA.5.1.23:1;BA.2:1
2122026,BA.2_0.05_abundance_0.15,A15861G;C15904T;T15927C;G15955T;G15995C;G16027T;T16029A;T16074A;A16105G;C16134A;T16147A;T16155C,ORF1b:K798K;ORF1b:Q813*;ORF1b:L820L;ORF1b:G830W;ORF1b:G843A;ORF1b:A854S;ORF1b:A854A;ORF1b:A869A;ORF1b:R880G;ORF1b:H889Q;ORF1b:Y894N;ORF1b:V896V,10,384,0.0260416666666666,0,
2122026,BA.2_0.05_abundance_0.15,C15904T;T15927C;G15955T;G15995C;G16027T;T16029A;T16074A;A16105G;C16134A;T16147A;T16155C,ORF1b:Q813*;ORF1b:L820L;ORF1b:G830W;ORF1b:G843A;ORF1b:A854S;ORF1b:A854A;ORF1b:A869A;ORF1b:R880G;ORF1b:H889Q;ORF1b:Y894N;ORF1b:V896V,18,1396,0.0128939828080229,0,
2122026,BA.2_0.05_abundance_0.15,A16804C;T16809C;A16819C;A16824T;G16855C;T16863C;T16884G;A16889C;A16895C;T16911A;T16926C;T16931G;C16952A;C16961T;C17028T;T17052A;A17063G;A17101G,ORF1b:N1113H;ORF1b:S1114S;ORF1b:I1118L;ORF1b:G1119G;ORF1b:D1130H;ORF1b:V1132V;ORF1b:T1139T;ORF1b:K1141T;ORF1b:N1143T;ORF1b:F1148L;ORF1b:H1153H;ORF1b:V1155G;ORF1b:T1162K;ORF1b:P1165L;ORF1b:S1187S;ORF1b:V1195V;ORF1b:K1199R;ORF1b:S1212G,29,1068,0.0271535580524344,0,
2122026,BA.2_0.05_abundance_0.15,A17101G;G17117T;C17119T;T17126C;G17162A;T17166C;T17169A;A17199C;T17210C;T17255A;T17263A;A17270G;A17294G;A17300G;T17306C;G17320A;G17331A;A17332T;T17353A;G17359C;T17400G;C17410T,ORF1b:S1212G;ORF1b:G1217V;ORF1b:L1218L;ORF1b:L1220P;ORF1b:C1232Y;ORF1b:S1233S;ORF1b:H1234Q;ORF1b:A1244A;ORF1b:L1248S;ORF1b:V1263E;ORF1b:F1266I;ORF1b:K1268R;ORF1b:E1276G;ORF1b:Y1278C;ORF1b:F1280S;ORF1b:A1285T;ORF1b:E1288E;ORF1b:T1289S;ORF1b:F1296I;ORF1b:E1298Q;ORF1b:N1311K;ORF1b:R1315C,30,1458,0.0205761316872428,0,
2122026,BA.2_0.05_abundance_0.15,A17374T;C17410T,ORF1b:T1303S;ORF1b:R1315C,611,3920,0.1558673469387755,2,BF.5:2
2122026,BA.2_0.05_abundance_0.15,A17374T;A17384G;C17410T,ORF1b:T1303S;ORF1b:D1306G;ORF1b:R1315C,364,3920,0.0928571428571428,0,
2122026,BA.2_0.05_abundance_0.15,A17374T;A17384G,ORF1b:T1303S;ORF1b:D1306G,192,5986,0.0320748412963581,0,
2122026,BA.2_0.05_abundance_0.15,A17384G;C17410T,ORF1b:D1306G;ORF1b:R1315C,1070,3920,0.2729591836734694,0,
2122026,BA.2_0.05_abundance_0.15,G17749C;G17753T;A17775T;A17791T;T17812A;G17815T;A17823G;A17853C;T17859A;A17889T;T17978C;A17984T,ORF1b:A1428P;ORF1b:W1429L;ORF1b:S1436S;ORF1b:N1442Y;ORF1b:L1449M;ORF1b:G1450*;ORF1b:P1452P;ORF1b:S1462S;ORF1b:Y1464*;ORF1b:E1474D;ORF1b:L1504P;ORF1b:D1506V,33,1181,0.0279424216765453,0,
2122026,BA.2_0.05_abundance_0.15,A18163G;A18233T,ORF1b:I1566V;ORF1b:Q1589L,21,616,0.034090909090909,3,BA.1.15:1;BA.2.9:2
2122026,BA.2_0.05_abundance_0.15,A18163G;G18242T,ORF1b:I1566V;ORF1b:G1592V,117,616,0.1899350649350649,5,BA.5.1:1;BA.2.75:1;BA.5.2.1:3
2122026,BA.2_0.05_abundance_0.15,G18412T;C18458A,ORF1b:V1649F;ORF1b:P1664Q,18,925,0.0194594594594594,0,
2122026,BA.2_0.05_abundance_0.15,T19587A;A19626C;A19631C;T19691A;A19758C;A19762C;C19803A;A19812G;G19825C;A19831T,ORF1b:T2040T;ORF1b:L2053F;ORF1b:N2055T;ORF1b:V2075D;ORF1b:K2097N;ORF1b:T2099P;ORF1b:R2112R;ORF1b:K2115K;ORF1b:V2120L;ORF1b:I2122L,8,232,0.0344827586206896,0,
2122026,BA.2_0.05_abundance_0.15,A19626C;A19631C;T19691A;A19758C;A19762C;C19803A;A19812G;G19825C;A19831T,ORF1b:L2053F;ORF1b:N2055T;ORF1b:V2075D;ORF1b:K2097N;ORF1b:T2099P;ORF1b:R2112R;ORF1b:K2115K;ORF1b:V2120L;ORF1b:I2122L,7,398,0.0175879396984924,0,
2122026,BA.2_0.05_abundance_0.15,T21702C;A21720T;T21756A;A21768C;G21795C;T21818C;C21843A;A21858G;G21869C;G21873T;A21875G;C21904G;C21910T;A21913T;A21917T;A21923C;T21937C;C21962A;G21987A,S:V47A;S:D53V;S:F65Y;S:H69P;S:R78T;S:F86L;S:S94Y;S:N99S;S:G103R;S:W104L;S:I105V;S:T114T;S:S116S;S:L117L;S:I119F;S:N121H;S:N125N;S:Q134K;S:G142D,17,397,0.0428211586901763,0,
2122026,BA.2_0.05_abundance_0.15,A21817G;G21987A,S:P85P;S:G142D,83,399,0.2080200501253132,182,BA.5.1:7;BA.5.5:1;BA.4.6:52;BA.2.9:4;AY.43:2;AY.36:2;BQ.1.1:24;BQ.1.1.18:3;AY.122:2;AY.29:4;B.1.617.2:14;AY.4:16;BA.2:10;AY.44:10;BA.5.2:2;BA.2.75:3;AY.103:3;B.1.1.7:1;AY.126:2;AY.127:1;BA.1.1:2;BA.1:1;AY.129:2;AY.98.1:1;AY.100:2;BA.5.2.1:3;BF.21:1;AY.9.2:1;AY.75:2;BA.4.1:1;BL.4:1;AY.4.2.2:1;B.1.617.1:1
2122026,BA.2_0.05_abundance_0.15,T22175G;T22200G,S:S205A;S:V213G,30,1202,0.0249584026622296,10,BA.5.6:1;BA.2:9
2122026,BA.2_0.05_abundance_0.15,C22674T;T22679C;C22686T;A22688G;T22726G,S:S371F;S:S373P;S:S375F;S:T376A;S:N388K,10,17,0.5882352941176471,1,BA.5.2.27:1
2122026,BA.2_0.05_abundance_0.15,G22992A;C22995A;A23013C;A23040G;C23078T,S:S477N;S:T478K;S:E484A;S:Q493R;S:Q506*,39,205,0.1902439024390244,1,BA.1:1
2122026,BA.2_0.05_abundance_0.15,A23209T;A23403G,S:T549T;S:D614G,246,1501,0.1638907395069953,150,BA.5.9:15;BA.5.2:2;BA.2.10:17;BF.5:9;BA.2.9:19;AY.113:23;AY.43:5;BE.1.1:3;BA.4.6:1;AY.99.2:4;AY.26:6;BA.2:2;AY.122:1;P.1.15:1;BA.1.1:3;B.1.1.25:2;AY.4:1;BA.5.1:3;B.1.617.2:1;B.1.1.7:3;AY.34:18;AY.103:2;BA.5.2.21:1;AY.29:1;B.1.429:1;BA.2.9.5:1;BA.5.2.37:1;B.1.621:1;BA.2.75:1;P.1:2
2122026,BA.2_0.05_abundance_0.15,G23499T;T23507A;C23525T;C23530T;A23534C;T23540G;A23566C;A23570G;A23588T;T23599G;C23604A;G23628A;A23665C;A23670C;G23675A;T23680G;A23696G,S:R646L;S:C649S;S:H655Y;S:V656V;S:N658H;S:Y660D;S:A668A;S:I670V;S:T676S;S:N679K;S:P681H;S:S689N;S:A701A;S:N703T;S:V705I;S:A706A;S:I712V,17,772,0.022020725388601,0,
2122026,BA.2_0.05_abundance_0.15,A24347G;A24424T,S:S929G;S:Q954H,469,562,0.8345195729537367,42,BA.2:33;BA.5.2:1;BA.1:3;BA.1.1.1:1;BA.2.75:1;BA.1.1:1;BA.2.12.1:1;BE.1.1:1
2122026,BA.2_0.05_abundance_0.15,G24740C;G24757C;C24801G;A24820T;T24829A;A24860G;A24874C;C24878G;T24887G;A24894G;T24906G;G24933A;A24950G;T24951G;C24964G;C24986T;C25000T,S:V1060L;S:V1065V;S:A1080G;S:K1086N;S:F1089L;S:T1100A;S:V1104V;S:Q1106E;S:F1109V;S:E1111G;S:I1115S;S:G1124D;S:I1130V;S:I1130R;S:N1134K;S:Q1142*;S:D1146D,33,1258,0.0262321144674085,0,
2122026,BA.2_0.05_abundance_0.15,T24873C;C25000T,S:V1104A;S:D1146D,845,1272,0.664308176100629,63,BQ.1.1.18:8;BQ.1.1:31;BF.7:1;BA.5.1:3;BA.2:2;BA.2.9:1;BA.1.1:2;BA.2.18:3;BA.5.1.24:9;BA.4.1:1;BA.2.58:1;BQ.1.22:1
2122026,BA.2_0.05_abundance_0.15,T25942C;C26270T,ORF3a:Y184H;E:T9I,33,492,0.0670731707317073,247,BA.1.18:1;B.1.527:2;BA.5.6:3;BA.2:17;BA.5.2.1:12;BA.5.2.30:1;BA.1.1:70;BA.5.1.10:1;BQ.1.1.6:7;BA.5.1:12;XBD:13;BA.5:4;BQ.1.1:20;BA.1.20:2;BA.5.2.23:6;BA.2.9:2;BA.2.75:1;BQ.1:4;BA.1:8;BA.1.17.2:5;BA.1.1.1:1;BA.1.15:25;BA.5.9:3;BA.5.1.23:1;BA.4:2;BA.4.1:3;BA.5.2.22:1;BA.5.2.9:2;BQ.1.1.14:3;BA.5.2:7;XBB.1:1;BQ.1.23:2;BE.1:1;BA.2.13:1;BE.4:1;BA.5.2.32:1;BQ.1.14:1
2122026,BA.2_0.05_abundance_0.15,G26074A;C26270T,ORF3a:V228I;E:T9I,33,710,0.0464788732394366,11,BA.5.5:1;BA.1.1:1;BA.2:4;BA.5.2.21:2;BA.2.9.5:1;BA.2.31:1;BA.1.15:1
2122026,BA.2_0.05_abundance_0.15,C26270T;C26309G;G26314C;T26355C;C26376G;A26380C;T26409G;C26421G,E:T9I;E:A22G;E:V24L;E:L37L;E:C44W;E:I46L;E:S55S;E:Y59*,23,971,0.0236869207003089,0,
2122026,BA.2_0.05_abundance_0.15,C26577G;A26666G;G26709A;C26858T,M:Q19E;M:I48M;M:A63T;M:F112F,1004,2784,0.3606321839080459,4,BA.2:1;BA.2.38:1;BA.4.4:1;BA.2.12.1:1
2122026,BA.2_0.05_abundance_0.15,C26577G;G26709A;T26744G;C26858T,M:Q19E;M:A63T;M:N74K;M:F112F,121,2784,0.0434626436781609,1,BA.2:1
2122026,BA.2_0.05_abundance_0.15,C26577G;A26666G;G26709A;T26744G;C26858T,M:Q19E;M:I48M;M:A63T;M:N74K;M:F112F,86,2784,0.0308908045977011,0,
2122026,BA.2_0.05_abundance_0.15,C26577G;A26666G;G26709A,M:Q19E;M:I48M;M:A63T,156,3167,0.0492579728449636,13,BA.2:1;BA.1.1:2;BA.2.38:1;BA.4.4:1;BA.1.15.1:2;BA.1:2;BA.1.1.13:1;BA.5.2.1:1;BA.5.2.27:1;BA.2.12.1:1
2122026,BA.2_0.05_abundance_0.15,C27208A;G27225T;A27246C;A27259C;G27261C;C27263T;G27281A;T27291G;T27296G;A27317T;A27321C;G27327T;T27328G;A27359G;A27372G;G27382C;A27383T;T27384C;A27399G;G27420A;C27427A;G27430T;C27434A,ORF6:H3N;ORF6:Q8H;ORF6:L15F;ORF6:R20R;ORF6:R20S;ORF6:T21I;ORF6:W27*;ORF6:D30E;ORF6:I32S;ORF6:N39I;ORF6:L40F;ORF6:K42N;ORF6:S43A;ORF6:D53G;ORF6:P57P;ORF6:D61H;ORF6:D61V;ORF6:D61D;ORF7a:K2K;ORF7a:L9L;ORF7a:L12I;ORF7a:A13S;ORF7a:T14N,30,1310,0.0229007633587786,0,
2122026,BA.2_0.05_abundance_0.15,A27259C;G27382C;A27383T;T27384C;A27423C,ORF6:R20R;ORF6:D61H;ORF6:D61V;ORF6:D61D;ORF7a:I10I,233,1311,0.1777269260106788,19,BA.2:16;BA.2.3:3
2122026,BA.2_0.05_abundance_0.15,A28210C;C28311T,ORF8:E106A;N:P13L,121,2146,0.0563839701770736,35,BA.2.3:1;BA.5.5:1;BA.1:9;BA.2.75:1;BA.2.12.1:4;BA.1.15:13;BA.1.1:2;BA.2.9:1;BA.1.21.1:1;BA.1.20:1;BA.2:1
2122026,BA.2_0.05_abundance_0.15,C28311T;G28321C,N:P13L;N:T16T,64,2147,0.0298090358639962,11,BA.5.1:1;BA.5.1.3:1;BA.1.1:4;BF.5:2;BA.1.17:1;BF.26:1;BQ.1.1.28:1
2122026,BA.2_0.05_abundance_0.15,C28439T;A28446G;C28491A;C28500T;G28514T;T28524C;T28529G;A28547T;G28548C;T28561A;A28652G;A28692C;A28709C,N:L56F;N:Q58R;N:P73Q;N:T76I;N:D81Y;N:I84T;N:Y86D;N:R92*;N:R92T;N:G96G;N:K127E;N:N140T;N:I146L,50,1571,0.0318268618714194,0,
2122026,BA.2_0.05_abundance_0.15,G29030T;T29036G;C29048G;G29058T;A29078G;A29089G;C29091A;C29118G;G29156A;C29187A;T29194G;G29202A;G29240C;A29241G;G29254T;C29259T;T29264A;T29293G;C29304G;A29313C;A29319T,N:E253*;N:S255A;N:R259G;N:R262L;N:N269D;N:Q272Q;N:A273D;N:T282S;N:G295R;N:A305E;N:F307L;N:S310N;N:E323Q;N:E323G;N:S327S;N:T329M;N:L331M;N:D340E;N:P344R;N:K347T;N:Q349L,33,1706,0.0193434935521688,0,
2192026,BA.2_0.05_abundance_0.15,G269C;A297C;C307A;T312A;T334C;C344T;G353C;G359T,ORF1a:E2Q;ORF1a:K11T;ORF1a:V14V;ORF1a:L16H;ORF1a:V23V;ORF1a:L27F;ORF1a:G30R;ORF1a:G32*,13,870,0.0149425287356321,0,
2192026,BA.2_0.05_abundance_0.15,G269C;A297C;C307A;T312A;T334C;C344T;G353C;G359T;T369G,ORF1a:E2Q;ORF1a:K11T;ORF1a:V14V;ORF1a:L16H;ORF1a:V23V;ORF1a:L27F;ORF1a:G30R;ORF1a:G32*;ORF1a:V35G,36,602,0.0598006644518272,0,
2192026,BA.2_0.05_abundance_0.15,C344T;G353C;G359T;T369G;C449T;G470T;G483C;G524T;G542T;G564C;T580G;C609T;A610C;G636A;A647C;A655T;T658C;T670G,ORF1a:L27F;ORF1a:G30R;ORF1a:G32*;ORF1a:V35G;ORF1a:P62S;ORF1a:V69L;ORF1a:R73P;ORF1a:E87*;ORF1a:E93*;ORF1a:S100T;ORF1a:G105G;ORF1a:P115L;ORF1a:P115P;ORF1a:R124H;ORF1a:N128H;ORF1a:G130G;ORF1a:A131A;ORF1a:S135R,5,201,0.0248756218905472,0,
2192026,BA.2_0.05_abundance_0.15,G353C;G359T;T369G;C449T;G470T;G483C;G524T;G542T;G564C;T580G;C609T;A610C;G636A;A647C;A655T;T658C;T670G,ORF1a:G30R;ORF1a:G32*;ORF1a:V35G;ORF1a:P62S;ORF1a:V69L;ORF1a:R73P;ORF1a:E87*;ORF1a:E93*;ORF1a:S100T;ORF1a:G105G;ORF1a:P115L;ORF1a:P115P;ORF1a:R124H;ORF1a:N128H;ORF1a:G130G;ORF1a:A131A;ORF1a:S135R,15,697,0.0215208034433285,0,
2192026,BA.2_0.05_abundance_0.15,G359T;T369G;C449T;G470T;G483C;G524T;G542T;G564C;T580G;C609T;A610C;G636A;A647C;A655T;T658C;T670G,ORF1a:G32*;ORF1a:V35G;ORF1a:P62S;ORF1a:V69L;ORF1a:R73P;ORF1a:E87*;ORF1a:E93*;ORF1a:S100T;ORF1a:G105G;ORF1a:P115L;ORF1a:P115P;ORF1a:R124H;ORF1a:N128H;ORF1a:G130G;ORF1a:A131A;ORF1a:S135R,48,1810,0.0265193370165745,0,
2192026,BA.2_0.05_abundance_0.15,T369G;C449T;G470T;G483C;G524T;G542T;G564C;T580G;C609T;A610C;G636A;A647C;A655T;T658C;T670G,ORF1a:V35G;ORF1a:P62S;ORF1a:V69L;ORF1a:R73P;ORF1a:E87*;ORF1a:E93*;ORF1a:S100T;ORF1a:G105G;ORF1a:P115L;ORF1a:P115P;ORF1a:R124H;ORF1a:N128H;ORF1a:G130G;ORF1a:A131A;ORF1a:S135R,37,3067,0.0120639060971633,0,
2192026,BA.2_0.05_abundance_0.15,G546C;T670G,ORF1a:G94A;ORF1a:S135R,422,3071,0.1374145229566916,1,BA.2.12.1:1
2192026,BA.2_0.05_abundance_0.15,G546C;T649G;T670G,ORF1a:G94A;ORF1a:N128K;ORF1a:S135R,54,3071,0.0175838489091501,0,
2192026,BA.2_0.05_abundance_0.15,T649G;T670G,ORF1a:N128K;ORF1a:S135R,244,3071,0.0794529469228264,0,
2192026,BA.2_0.05_abundance_0.15,T670G;G922T,ORF1a:S135R;ORF1a:L219L,70,482,0.1452282157676348,465,BA.5.2:29;BA.5.1:36;BE.1:2;BF.5:4;BA.2.10:4;BA.5.6:3;BA.5.1.1:2;BQ.1.14:1;BA.2:136;BA.2.9:15;BA.5.1.3:3;BA.2.12:1;BA.5.2.1:13;BA.2.3:129;BA.5.1.22:2;BA.2.12.1:29;BF.11:5;BF.7.5:2;BA.2.75.1:1;BA.4.6:2;BA.5.5:5;BW.1:1;BA.2.2:1;BQ.1.10:2;BA.5:4;BA.5.1.12:1;BA.5.2.3:2;BA.2.56:1;BA.5.2.28:2;BA.2.64:1;BA.2.36:1;BT.1:6;BQ.1.3:1;BA.5.2.20:2;BQ.1.23:2;BA.5.2.34:1;BQ.1.1:3;BA.5.2.35:1;BA.2.18:1;BA.2.75:1;BA.4:1;BA.5.2.19:1;BF.10:1;BA.5.2.21:1;BA.2.37:1;BQ.1.1.4:1;BA.5.3.5:1
2192026,BA.2_0.05_abundance_0.15,T1623A;C1628A;A1629T;A1644G;A1646C;A1731C;T1745C;G1782C;G1784C;G1827A;A1829G;A1849T;A1852T;C1878G;G1883A,ORF1a:I453K;ORF1a:Q455K;ORF1a:Q455L;ORF1a:N460S;ORF1a:I461L;ORF1a:E489A;ORF1a:L494L;ORF1a:C506S;ORF1a:G507R;ORF1a:W521*;ORF1a:N522D;ORF1a:S528S;ORF1a:I529I;ORF1a:S538*;ORF1a:A540T,39,1658,0.0235223160434258,0,
2192026,BA.2_0.05_abundance_0.15,T1623A;C1628A;A1629T;A1644G;A1646C;A1731C;T1745C;G1782C;G1784C;A1802T;G1827A;A1829G;A1849T;A1852T;C1878G;G1883A,ORF1a:I453K;ORF1a:Q455K;ORF1a:Q455L;ORF1a:N460S;ORF1a:I461L;ORF1a:E489A;ORF1a:L494L;ORF1a:C506S;ORF1a:G507R;ORF1a:K513*;ORF1a:W521*;ORF1a:N522D;ORF1a:S528S;ORF1a:I529I;ORF1a:S538*;ORF1a:A540T,35,1658,0.0211097708082026,0,
2192026,BA.2_0.05_abundance_0.15,T1737A;A1802T,ORF1a:V491E;ORF1a:K513*,48,1786,0.0268756998880179,0,
2192026,BA.2_0.05_abundance_0.15,A1802T;T1918A,ORF1a:K513*;ORF1a:T551T,98,1304,0.0751533742331288,0,
2192026,BA.2_0.05_abundance_0.15,T2216C;C2227G;T2230C;C2245T;T2307A;A2345T;A2367G;C2371A;A2430G;A2437C;G2447T;A2452T;C2453A;A2483G;G2494A;A2543T,ORF1a:F651L;ORF1a:T654T;ORF1a:C655C;ORF1a:V660V;ORF1a:L681H;ORF1a:I694F;ORF1a:K701R;ORF1a:A702A;ORF1a:K722R;ORF1a:R724S;ORF1a:G728C;ORF1a:L729L;ORF1a:L730I;ORF1a:I740V;ORF1a:E743E;ORF1a:T760S,5,392,0.0127551020408163,0,
2192026,BA.2_0.05_abundance_0.15,C2227G;T2230C;C2245T;T2307A;A2345T;A2367G;C2371A;A2430G;A2437C;G2447T;A2452T;C2453A;A2483G;G2494A;A2543T;A2554T,ORF1a:T654T;ORF1a:C655C;ORF1a:V660V;ORF1a:L681H;ORF1a:I694F;ORF1a:K701R;ORF1a:A702A;ORF1a:K722R;ORF1a:R724S;ORF1a:G728C;ORF1a:L729L;ORF1a:L730I;ORF1a:I740V;ORF1a:E743E;ORF1a:T760S;ORF1a:L763F,6,467,0.012847965738758,0,
2192026,BA.2_0.05_abundance_0.15,T2230C;A2270T,ORF1a:C655C;ORF1a:K669*,20,1434,0.0139470013947001,2,B.1.1.7:2
2192026,BA.2_0.05_abundance_0.15,T2230C;A2510T,ORF1a:C655C;ORF1a:T749S,28,1325,0.0211320754716981,1,BA.2:1
2192026,BA.2_0.05_abundance_0.15,T2230C;T2350G,ORF1a:C655C;ORF1a:I695M,17,1434,0.0118549511854951,1,B.1.1.7:1
2192026,BA.2_0.05_abundance_0.15,T2230C;T2532A,ORF1a:C655C;ORF1a:V756D,26,1293,0.0201082753286929,0,
2192026,BA.2_0.05_abundance_0.15,A2270T;T2532A,ORF1a:K669*;ORF1a:V756D,19,1297,0.0146491904394757,0,
2192026,BA.2_0.05_abundance_0.15,A2270T;A2510T,ORF1a:K669*;ORF1a:T749S,31,1329,0.0233258088788562,0,
2192026,BA.2_0.05_abundance_0.15,T2350G;A2510T,ORF1a:I695M;ORF1a:T749S,17,1329,0.0127915726109857,0,
2192026,BA.2_0.05_abundance_0.15,T2350G;T2532A,ORF1a:I695M;ORF1a:V756D,20,1297,0.015420200462606,0,
2192026,BA.2_0.05_abundance_0.15,A2510T;T2532A,ORF1a:T749S;ORF1a:V756D,55,1297,0.0424055512721665,0,
2192026,BA.2_0.05_abundance_0.15,A2554T;G2564T;C2567A;G2604C;T2605G;A2608G;A2645T;C2662G;C2708A;T2709A;A2725C;A2748T;C2790T,ORF1a:L763F;ORF1a:E767*;ORF1a:Q768K;ORF1a:G780A;ORF1a:G780G;ORF1a:T781T;ORF1a:K794*;ORF1a:Y799*;ORF1a:L815I;ORF1a:L815H;ORF1a:P820P;ORF1a:D828V;ORF1a:T842I,6,300,0.02,0,
2192026,BA.2_0.05_abundance_0.15,T2719A;C2790T,ORF1a:G638G;ORF1a:T842I,92,301,0.3056478405315614,6,BA.2:4;BE.5:1;BA.5.2:1
2192026,BA.2_0.05_abundance_0.15,A3186G;G3239C;T3265C;A3273G;A3277T;G3320A;A3341C;G3345C;A3357C;A3374C;A3381C;G3410C;C3426T;A3428T,ORF1a:E974G;ORF1a:D992H;ORF1a:T1000T;ORF1a:Q1003R;ORF1a:T1004T;ORF1a:V1019I;ORF1a:N1026H;ORF1a:S1027T;ORF1a:Y1031S;ORF1a:N1037H;ORF1a:Y1039S;ORF1a:A1049P;ORF1a:P1054L;ORF1a:T1055S,40,827,0.0483675937122128,0,
2192026,BA.2_0.05_abundance_0.15,A3818T;G3824A;T3826C;T3827A;T3837A;T3843A;G3863C;A3895T;T3952A;T3981C;C3984T;A3989C;T4023A;A4034G;T4054G;A4079G,ORF1a:K1185*;ORF1a:V1187I;ORF1a:V1187V;ORF1a:S1188T;ORF1a:L1191*;ORF1a:M1193K;ORF1a:E1200Q;ORF1a:E1210D;ORF1a:D1229E;ORF1a:V1239A;ORF1a:T1240I;ORF1a:T1242P;ORF1a:L1253*;ORF1a:I1257V;ORF1a:L1263L;ORF1a:S1272G,11,174,0.0632183908045977,0,
2192026,BA.2_0.05_abundance_0.15,T4329C;C4338A;T4365C;G4432T;A4451C;C4499A;T4530G;A4588C;G4592C;C4596G;A4604T;A4607G;T4608C;A4645T,ORF1a:I1355T;ORF1a:S1358Y;ORF1a:I1367T;ORF1a:M1389I;ORF1a:K1396Q;ORF1a:Q1412K;ORF1a:F1422C;ORF1a:L1441L;ORF1a:E1443Q;ORF1a:T1444S;ORF1a:T1447S;ORF1a:M1448V;ORF1a:M1448T;ORF1a:E1460D,9,315,0.0285714285714285,0,
2192026,BA.2_0.05_abundance_0.15,C4338A;T4365C;G4432T;A4451C;C4499A;T4530G;A4588C;G4592C;C4596G;A4604T;A4607G;T4608C;A4645T,ORF1a:S1358Y;ORF1a:I1367T;ORF1a:M1389I;ORF1a:K1396Q;ORF1a:Q1412K;ORF1a:F1422C;ORF1a:L1441L;ORF1a:E1443Q;ORF1a:T1444S;ORF1a:T1447S;ORF1a:M1448V;ORF1a:M1448T;ORF1a:E1460D,18,1029,0.0174927113702623,0,
2192026,BA.2_0.05_abundance_0.15,C4338A;T4365C;G4432T;A4451C;C4499A;T4530G;A4588C;G4592C;C4596G;A4604T;A4607G;T4608C;A4645T;T4660G,ORF1a:S1358Y;ORF1a:I1367T;ORF1a:M1389I;ORF1a:K1396Q;ORF1a:Q1412K;ORF1a:F1422C;ORF1a:L1441L;ORF1a:E1443Q;ORF1a:T1444S;ORF1a:T1447S;ORF1a:M1448V;ORF1a:M1448T;ORF1a:E1460D;ORF1a:Y1465*,8,263,0.0304182509505703,0,
2192026,BA.2_0.05_abundance_0.15,C4698T;C4780G;T4813C;G4854C;G4881C,ORF1a:S1478F;ORF1a:I1505M;ORF1a:Y1516Y;ORF1a:R1530T;ORF1a:S1539T,7,158,0.0443037974683544,0,
2192026,BA.2_0.05_abundance_0.15,G5625C;T5635G;G5708C;T5732A;G5750A;C5832G;T5854G;T5860G;G5861A;T5864G;T5909A,ORF1a:C1787S;ORF1a:G1790G;ORF1a:E1815Q;ORF1a:C1823S;ORF1a:G1829S;ORF1a:S1856C;ORF1a:I1863M;ORF1a:D1865E;ORF1a:V1866I;ORF1a:F1867V;ORF1a:Y1882N,29,669,0.0433482810164424,0,
2192026,BA.2_0.05_abundance_0.15,G5625C;T5635G;G5708C;T5732A;G5750A;C5832G;T5854G;T5860G;G5861A;T5864G,ORF1a:C1787S;ORF1a:G1790G;ORF1a:E1815Q;ORF1a:C1823S;ORF1a:G1829S;ORF1a:S1856C;ORF1a:I1863M;ORF1a:D1865E;ORF1a:V1866I;ORF1a:F1867V,10,807,0.0123915737298636,0,
2192026,BA.2_0.05_abundance_0.15,G6245T;A6276G;G6288A;T6298C;C6312G;A6325C;A6360C;A6425C;A6426G;A6466G;T6478G;T6490A,ORF1a:V1994F;ORF1a:K2004R;ORF1a:W2008*;ORF1a:R2011R;ORF1a:T2016R;ORF1a:E2020D;ORF1a:D2032A;ORF1a:N2054H;ORF1a:N2054S;ORF1a:K2067K;ORF1a:V2071V;ORF1a:I2075I,23,609,0.0377668308702791,0,
2192026,BA.2_0.05_abundance_0.15,T6834G;A6864T;T6871A;C6883G;T6895C;A6921G;A6938T;T6962C;T7075C,ORF1a:I2190S;ORF1a:K2200M;ORF1a:T2202T;ORF1a:V2206V;ORF1a:C2210C;ORF1a:K2219R;ORF1a:K2225*;ORF1a:F2233L;ORF1a:Y2270Y,5,96,0.0520833333333333,0,
2192026,BA.2_0.05_abundance_0.15,T7341A;A7358G;T7425A;T7438A;A7448C;C7485G;C7518A;G7526A;A7548C;T7554G;G7561A;T7566G;T7576C;C7578A,ORF1a:I2359N;ORF1a:M2365V;ORF1a:F2387Y;ORF1a:Y2391*;ORF1a:K2395Q;ORF1a:S2407*;ORF1a:A2418E;ORF1a:V2421I;ORF1a:N2428T;ORF1a:V2430G;ORF1a:R2432R;ORF1a:F2434C;ORF1a:Y2437Y;ORF1a:A2438D,5,306,0.0163398692810457,0,
2192026,BA.2_0.05_abundance_0.15,A7358G;T7425A;T7438A;A7448C;C7485G;C7518A;G7526A;A7548C;T7554G;G7561A;T7566G;T7576C;C7578A,ORF1a:M2365V;ORF1a:F2387Y;ORF1a:Y2391*;ORF1a:K2395Q;ORF1a:S2407*;ORF1a:A2418E;ORF1a:V2421I;ORF1a:N2428T;ORF1a:V2430G;ORF1a:R2432R;ORF1a:F2434C;ORF1a:Y2437Y;ORF1a:A2438D,24,785,0.0305732484076433,0,
2192026,BA.2_0.05_abundance_0.15,T8328G;A8343C;C8354A;A8360C;T8361C;T8439G;T8477G;T8484C;A8492G;C8493T,ORF1a:L2688R;ORF1a:D2693A;ORF1a:R2697S;ORF1a:I2699L;ORF1a:I2699T;ORF1a:L2725R;ORF1a:L2738V;ORF1a:F2740S;ORF1a:T2743A;ORF1a:T2743I,5,122,0.040983606557377,0,
2192026,BA.2_0.05_abundance_0.15,T9262G;A9274C;C9344T;A9424G;C9534T,ORF1a:S2999S;ORF1a:R3003S;ORF1a:L3027F;ORF1a:V3053V;ORF1a:T3090I,14,82,0.1707317073170731,0,
2192026,BA.2_0.05_abundance_0.15,T9262G;C9344T;A9424G;C9534T,ORF1a:S2999S;ORF1a:L3027F;ORF1a:V3053V;ORF1a:T3090I,12,82,0.1463414634146341,0,
2192026,BA.2_0.05_abundance_0.15,A9274C;C9344T;A9424G;C9534T,ORF1a:R3003S;ORF1a:L3027F;ORF1a:V3053V;ORF1a:T3090I,23,82,0.2804878048780488,0,
2192026,BA.2_0.05_abundance_0.15,A10005G;C10020G;C10029T;C9836G;G9856A;T9860G;A9862G;C9863G;A9906T;T9915G;G9921T;C9936A;A9984G,ORF1a:D3247G;ORF1a:P3252R;ORF1a:T3255I;ORF1a:L3191V;ORF1a:V3197V;ORF1a:L3199V;ORF1a:L3199L;ORF1a:P3200A;ORF1a:Y3214F;ORF1a:F3217C;ORF1a:G3219V;ORF1a:T3224N;ORF1a:D3240G,6,175,0.0342857142857142,0,
2192026,BA.2_0.05_abundance_0.15,T10436G;C10449A;T10606A,ORF1a:C3391G;ORF1a:P3395H;ORF1a:P3447P,32,580,0.0551724137931034,0,
2192026,BA.2_0.05_abundance_0.15,T10436G;C10449A,ORF1a:C3391G;ORF1a:P3395H,17,580,0.0293103448275862,0,
2192026,BA.2_0.05_abundance_0.15,T10436G;C10449A;A10510T;T10606A,ORF1a:C3391G;ORF1a:P3395H;ORF1a:I3415I;ORF1a:P3447P,9,580,0.0155172413793103,0,
2192026,BA.2_0.05_abundance_0.15,C10449A;T10606A,ORF1a:P3395H;ORF1a:P3447P,284,580,0.4896551724137931,6,BA.1.1.1:1;BA.1.20:1;BA.1.18:1;BA.1.1.18:1;BA.2:1;BA.1:1
2192026,BA.2_0.05_abundance_0.15,C10449A;A10510T;T10606A,ORF1a:P3395H;ORF1a:I3415I;ORF1a:P3447P,60,580,0.1034482758620689,0,
2192026,BA.2_0.05_abundance_0.15,C10449A;A10510T,ORF1a:P3395H;ORF1a:I3415I,33,580,0.0568965517241379,2,BA.5.1.6:1;BA.2.9:1
2192026,BA.2_0.05_abundance_0.15,T11046G;T11056C;T11070A;A11085T;T11118G;T11151G;G11222T;G11243A;A11258T;A11277T,ORF1a:L3594*;ORF1a:S3597S;ORF1a:L3602*;ORF1a:Y3607F;ORF1a:I3618S;ORF1a:V3629G;ORF1a:V3653F;ORF1a:V3660M;ORF1a:T3665S;ORF1a:D3671V,27,546,0.0494505494505494,0,
2192026,BA.2_0.05_abundance_0.15,G11378C;T11429A;T11432G;G11464A;G11483A;C11494T;G11504T;T11517A;C11518T;G11528C;T11539C;T11547C;A11567G,ORF1a:A3705P;ORF1a:Y3722N;ORF1a:Y3723D;ORF1a:M3733I;ORF1a:V3740I;ORF1a:N3743N;ORF1a:V3747L;ORF1a:V3751D;ORF1a:V3751V;ORF1a:A3755P;ORF1a:I3758I;ORF1a:M3761T;ORF1a:I3768V,42,653,0.0643185298621745,0,
2192026,BA.2_0.05_abundance_0.15,G11683T;T11706A;T11729A;A11742T;A11759T;C11785A;T11806A;G11807C;A11827G;G11828A;A11839G;C11844G;A11854G;A11856C;C11866T,ORF1a:L3806L;ORF1a:L3814*;ORF1a:Y3822N;ORF1a:Q3826L;ORF1a:K3832*;ORF1a:L3840L;ORF1a:V3847V;ORF1a:G3848R;ORF1a:K3854K;ORF1a:V3855I;ORF1a:V3858V;ORF1a:S3860C;ORF1a:S3863S;ORF1a:D3864A;ORF1a:C3867C,11,431,0.025522041763341,0,
2192026,BA.2_0.05_abundance_0.15,G11683T;T11706A;T11729A;A11742T;A11759T;C11785A;T11806A;G11807C;A11827G;G11828A;A11839G;C11844G;A11854G;A11856C;C11866T;A11905G,ORF1a:L3806L;ORF1a:L3814*;ORF1a:Y3822N;ORF1a:Q3826L;ORF1a:K3832*;ORF1a:L3840L;ORF1a:V3847V;ORF1a:G3848R;ORF1a:K3854K;ORF1a:V3855I;ORF1a:V3858V;ORF1a:S3860C;ORF1a:S3863S;ORF1a:D3864A;ORF1a:C3867C;ORF1a:R3880R,5,317,0.0157728706624605,0,
2192026,BA.2_0.05_abundance_0.15,G11683T;T11706A;T11729A;A11742T;A11759T;C11785A;T11806A;G11807C;A11827G;G11828A;A11839G;C11844G;A11854G;A11856C;C11866T;A11905G;A11911T,ORF1a:L3806L;ORF1a:L3814*;ORF1a:Y3822N;ORF1a:Q3826L;ORF1a:K3832*;ORF1a:L3840L;ORF1a:V3847V;ORF1a:G3848R;ORF1a:K3854K;ORF1a:V3855I;ORF1a:V3858V;ORF1a:S3860C;ORF1a:S3863S;ORF1a:D3864A;ORF1a:C3867C;ORF1a:R3880R;ORF1a:E3882D,6,155,0.0387096774193548,0,
2192026,BA.2_0.05_abundance_0.15,A11905G;A11911T;C11919G;G11944C;G11966T;T12013A;T12017G;A12026T;G12035A;T12039G;C12043A;C12081G;A12103G;T12112A;C12138T;T12142A;T12168G;T12204C;A12206C,ORF1a:R3880R;ORF1a:E3882D;ORF1a:S3885C;ORF1a:Q3893H;ORF1a:A3901S;ORF1a:S3916S;ORF1a:L3918V;ORF1a:M3921L;ORF1a:A3924T;ORF1a:V3925G;ORF1a:D3926E;ORF1a:A3939G;ORF1a:S3946S;ORF1a:S3949R;ORF1a:A3958V;ORF1a:T3959T;ORF1a:V3968G;ORF1a:L3980S;ORF1a:K3981Q,133,3216,0.0413557213930348,0,
2192026,BA.2_0.05_abundance_0.15,A11905G;A11911T;C11919G;G11944C;G11966T;T12013A;T12017G;A12026T;G12035A;T12039G;C12043A;C12081G;A12103G;T12112A;C12138T;T12142A;T12168G;T12204C;A12206C;A12228G,ORF1a:R3880R;ORF1a:E3882D;ORF1a:S3885C;ORF1a:Q3893H;ORF1a:A3901S;ORF1a:S3916S;ORF1a:L3918V;ORF1a:M3921L;ORF1a:A3924T;ORF1a:V3925G;ORF1a:D3926E;ORF1a:A3939G;ORF1a:S3946S;ORF1a:S3949R;ORF1a:A3958V;ORF1a:T3959T;ORF1a:V3968G;ORF1a:L3980S;ORF1a:K3981Q;ORF1a:K3988R,6,160,0.0375,0,
2192026,BA.2_0.05_abundance_0.15,T12168G;T12204C;A12206C;A12228G;T12244G;A12286G;A12316T;T12319G;G12330A;A12335G;G12355A;C12398A;A12414G;C12420A,ORF1a:V3968G;ORF1a:L3980S;ORF1a:K3981Q;ORF1a:K3988R;ORF1a:R3993R;ORF1a:Q4007Q;ORF1a:R4017S;ORF1a:S4018S;ORF1a:R4022K;ORF1a:K4024E;ORF1a:Q4030Q;ORF1a:L4045I;ORF1a:N4050S;ORF1a:A4052E,54,1548,0.0348837209302325,0,
2192026,BA.2_0.05_abundance_0.15,T12619C;T12760C,ORF1a:N4118N;ORF1a:D4165D,171,785,0.2178343949044586,0,
2192026,BA.2_0.05_abundance_0.15,T12760C;C12880T,ORF1a:D4165D;ORF1a:I4205I,1291,2184,0.5911172161172161,242,BF.28:1;BA.2.38:5;BA.5.6:1;BQ.1.1.3:4;BA.2:103;BA.2.9:3;BA.5.2.1:36;BA.2.8:2;BA.5.1.21:1;BA.4.6:2;BA.5.2:37;BA.2.12.1:6;BA.2.24:1;BA.2.13:3;BA.5.1.5:3;BA.2.3:3;BA.2.20:1;BE.1.1:4;BA.4:1;BA.5.2.44:6;BA.5.2.9:3;BA.5.5:1;BA.4.1:1;BF.27:2;BA.5.9:1;BA.5.2.26:2;BF.5:3;XBB.1:1;BA.5.1:4;BA.2.14:1
2192026,BA.2_0.05_abundance_0.15,C13439A;A13455G;C13458A;T13463A;C13490G;C13492A;G13514A;C13517T,ORF1a:Q4392K;ORF1a:Q4397R;ORF1a:S4398*;ORF1a:L4400I;ORF1b:A8G;ORF1b:R9S;ORF1b:G16D;ORF1b:T17I,27,766,0.0352480417754569,0,
2192026,BA.2_0.05_abundance_0.15,A13696G;A13702C;T13728G;G13762T;T13820A;G13856T;T13878C;T13894A;G13921T;A13928C;T13929A;G13939T;C13945G,ORF1b:I77V;ORF1b:N79H;ORF1b:V87V;ORF1b:G99C;ORF1b:L118H;ORF1b:C130F;ORF1b:L137L;ORF1b:C143S;ORF1b:D152Y;ORF1b:Y154S;ORF1b:Y154*;ORF1b:E158*;ORF1b:P160A,9,139,0.0647482014388489,0,
2192026,BA.2_0.05_abundance_0.15,A13696G;A13702C;T13728G;G13762T;T13820A;G13856T;T13878C;T13894A;G13921T;A13928C;T13929A;G13939T,ORF1b:I77V;ORF1b:N79H;ORF1b:V87V;ORF1b:G99C;ORF1b:L118H;ORF1b:C130F;ORF1b:L137L;ORF1b:C143S;ORF1b:D152Y;ORF1b:Y154S;ORF1b:Y154*;ORF1b:E158*,6,267,0.0224719101123595,0,
2192026,BA.2_0.05_abundance_0.15,A13696G;A13702C;T13728G;G13762T;T13820A;G13856T;T13878C;T13894A;G13921T;A13928C;T13929A,ORF1b:I77V;ORF1b:N79H;ORF1b:V87V;ORF1b:G99C;ORF1b:L118H;ORF1b:C130F;ORF1b:L137L;ORF1b:C143S;ORF1b:D152Y;ORF1b:Y154S;ORF1b:Y154*,5,317,0.0157728706624605,0,
2192026,BA.2_0.05_abundance_0.15,G14101A;C14117T,ORF1b:D212N;ORF1b:T217M,92,3004,0.0306258322237017,0,
2192026,BA.2_0.05_abundance_0.15,G14101A;T14174A,ORF1b:D212N;ORF1b:L236*,192,2811,0.0683030949839914,0,
2192026,BA.2_0.05_abundance_0.15,C14117T;T14174A,ORF1b:T217M;ORF1b:L236*,31,2811,0.0110281038776236,0,
2192026,BA.2_0.05_abundance_0.15,A14317G;T14361C;T14378C;T14389C;C14403G;C14408T;G14419A;C14422G;A14470T;C14491T;G14495C;T14526A,ORF1b:T284A;ORF1b:I298I;ORF1b:F304S;ORF1b:F308L;ORF1b:F312L;ORF1b:P314L;ORF1b:G318R;ORF1b:P319A;ORF1b:T335S;ORF1b:L342L;ORF1b:G343A;ORF1b:H353Q,42,978,0.0429447852760736,0,
2192026,BA.2_0.05_abundance_0.15,G14923C;C14953A;A14977T;A14990T;T14992G;T15021C;C15024G;A15077C;T15084C;A15099C;G15115C;T15152A;T15163C;A15177T;G15178C;A15187C,ORF1b:V486L;ORF1b:P496T;ORF1b:R504*;ORF1b:D508V;ORF1b:S509A;ORF1b:L518L;ORF1b:F519L;ORF1b:Y537S;ORF1b:I539I;ORF1b:R544S;ORF1b:G550R;ORF1b:F562Y;ORF1b:L566L;ORF1b:I570I;ORF1b:A571P;ORF1b:R574R,32,709,0.0451339915373765,0,
2192026,BA.2_0.05_abundance_0.15,A15214C;C15299A,ORF1b:S583R;ORF1b:P611H,71,2722,0.0260837619397501,0,
2192026,BA.2_0.05_abundance_0.15,C15299A;A15483C,ORF1b:P611H;ORF1b:S672S,143,2609,0.0548102721349175,0,
2192026,BA.2_0.05_abundance_0.15,T15551G;A15564T;A15612C;C15631A;A15639C;G15644A;T15674C;C15714T;T15726C;A15740T;C15746A;T15756G;T15801A;T15815G;T15816C;T15817G;A15820T,ORF1b:V695G;ORF1b:L699F;ORF1b:Q715H;ORF1b:L722I;ORF1b:R724S;ORF1b:R726K;ORF1b:F736S;ORF1b:L749L;ORF1b:A753A;ORF1b:N758I;ORF1b:T760N;ORF1b:S763S;ORF1b:Y778*;ORF1b:V783G;ORF1b:V783V;ORF1b:F784V;ORF1b:M785L,115,2533,0.0454007106198183,0,
2192026,BA.2_0.05_abundance_0.15,A15861G;C15904T;T15927C;G15955T;G15995C;G16027T;T16029A;T16074A;C16134A;T16147A;T16155C;G16158A,ORF1b:K798K;ORF1b:Q813*;ORF1b:L820L;ORF1b:G830W;ORF1b:G843A;ORF1b:A854S;ORF1b:A854A;ORF1b:A869A;ORF1b:H889Q;ORF1b:Y894N;ORF1b:V896V;ORF1b:M897I,13,253,0.0513833992094861,0,
2192026,BA.2_0.05_abundance_0.15,C15904T;T15927C;G15955T;G15995C;G16027T;T16029A;T16074A;C16134A;T16147A;T16155C;G16158A,ORF1b:Q813*;ORF1b:L820L;ORF1b:G830W;ORF1b:G843A;ORF1b:A854S;ORF1b:A854A;ORF1b:A869A;ORF1b:H889Q;ORF1b:Y894N;ORF1b:V896V;ORF1b:M897I,22,1001,0.0219780219780219,0,
2192026,BA.2_0.05_abundance_0.15,C15904T;T15927C;G15955T;G15995C;G16027T;T16029A;T16074A;C16134A;T16147A;T16155C;G16158A;A16172C,ORF1b:Q813*;ORF1b:L820L;ORF1b:G830W;ORF1b:G843A;ORF1b:A854S;ORF1b:A854A;ORF1b:A869A;ORF1b:H889Q;ORF1b:Y894N;ORF1b:V896V;ORF1b:M897I;ORF1b:N902T,10,312,0.032051282051282,0,
2192026,BA.2_0.05_abundance_0.15,T16147A;T16155C;G16158A;A16172C;A16179C;T16185C;A16214C;A16216T;A16227C;A16261T;A16268T;G16322C;C16409A;C16418T;C16457G,ORF1b:Y894N;ORF1b:V896V;ORF1b:M897I;ORF1b:N902T;ORF1b:S904S;ORF1b:Y906Y;ORF1b:Y916S;ORF1b:T917S;ORF1b:T920T;ORF1b:N932Y;ORF1b:Q934L;ORF1b:C952S;ORF1b:T981K;ORF1b:T984I;ORF1b:S997*,5,73,0.0684931506849315,0,
2192026,BA.2_0.05_abundance_0.15,T16155C;G16158A;A16172C;A16179C;T16185C;A16214C;A16216T;A16227C;A16261T;A16268T;G16322C;C16409A;C16418T;C16457G,ORF1b:V896V;ORF1b:M897I;ORF1b:N902T;ORF1b:S904S;ORF1b:Y906Y;ORF1b:Y916S;ORF1b:T917S;ORF1b:T920T;ORF1b:N932Y;ORF1b:Q934L;ORF1b:C952S;ORF1b:T981K;ORF1b:T984I;ORF1b:S997*,5,267,0.0187265917602996,0,
2192026,BA.2_0.05_abundance_0.15,G16158A;A16172C;A16179C;T16185C;A16214C;A16216T;A16227C;A16261T;A16268T;G16322C;C16409A;C16418T;C16457G,ORF1b:M897I;ORF1b:N902T;ORF1b:S904S;ORF1b:Y906Y;ORF1b:Y916S;ORF1b:T917S;ORF1b:T920T;ORF1b:N932Y;ORF1b:Q934L;ORF1b:C952S;ORF1b:T981K;ORF1b:T984I;ORF1b:S997*,8,446,0.0179372197309417,0,
2192026,BA.2_0.05_abundance_0.15,A16172C;A16179C;T16185C;A16214C;A16216T;A16227C;A16261T;A16268T;G16322C;C16409A;C16418T;C16457G,ORF1b:N902T;ORF1b:S904S;ORF1b:Y906Y;ORF1b:Y916S;ORF1b:T917S;ORF1b:T920T;ORF1b:N932Y;ORF1b:Q934L;ORF1b:C952S;ORF1b:T981K;ORF1b:T984I;ORF1b:S997*,12,648,0.0185185185185185,0,
2192026,BA.2_0.05_abundance_0.15,T16778G;A16804C;T16809C;A16819C;A16824T;G16855C;T16863C;T16884G;A16889C;A16895C;T16911A;T16926C;T16931G;C16952A;C16961T;C17028T;T17052A;A17063G;A17101G,ORF1b:V1104G;ORF1b:N1113H;ORF1b:S1114S;ORF1b:I1118L;ORF1b:G1119G;ORF1b:D1130H;ORF1b:V1132V;ORF1b:T1139T;ORF1b:K1141T;ORF1b:N1143T;ORF1b:F1148L;ORF1b:H1153H;ORF1b:V1155G;ORF1b:T1162K;ORF1b:P1165L;ORF1b:S1187S;ORF1b:V1195V;ORF1b:K1199R;ORF1b:S1212G,7,112,0.0625,0,
2192026,BA.2_0.05_abundance_0.15,A16804C;T16809C;A16819C;A16824T;G16855C;T16863C;T16884G;A16889C;A16895C;T16911A;T16926C;T16931G;C16952A;C16961T;C17028T;T17052A;A17063G;A17101G,ORF1b:N1113H;ORF1b:S1114S;ORF1b:I1118L;ORF1b:G1119G;ORF1b:D1130H;ORF1b:V1132V;ORF1b:T1139T;ORF1b:K1141T;ORF1b:N1143T;ORF1b:F1148L;ORF1b:H1153H;ORF1b:V1155G;ORF1b:T1162K;ORF1b:P1165L;ORF1b:S1187S;ORF1b:V1195V;ORF1b:K1199R;ORF1b:S1212G,24,728,0.0329670329670329,0,
2192026,BA.2_0.05_abundance_0.15,A17101G;G17117T;C17119T;T17126C;G17162A;T17166C;T17169A;A17199C;T17210C;T17255A;T17263A;A17270G;A17294G;A17300G;T17306C;G17320A;G17331A;A17332T;T17353A;G17359C;T17400G;C17410T,ORF1b:S1212G;ORF1b:G1217V;ORF1b:L1218L;ORF1b:L1220P;ORF1b:C1232Y;ORF1b:S1233S;ORF1b:H1234Q;ORF1b:A1244A;ORF1b:L1248S;ORF1b:V1263E;ORF1b:F1266I;ORF1b:K1268R;ORF1b:E1276G;ORF1b:Y1278C;ORF1b:F1280S;ORF1b:A1285T;ORF1b:E1288E;ORF1b:T1289S;ORF1b:F1296I;ORF1b:E1298Q;ORF1b:N1311K;ORF1b:R1315C,28,725,0.0386206896551724,0,
2192026,BA.2_0.05_abundance_0.15,A17101G;G17117T;C17119T;T17126C;G17162A;T17166C;T17169A;A17199C;T17210C;T17255A;T17263A;A17270G;A17294G;A17300G;T17306C;G17320A;G17331A;A17332T;T17353A;G17359C;T17400G,ORF1b:S1212G;ORF1b:G1217V;ORF1b:L1218L;ORF1b:L1220P;ORF1b:C1232Y;ORF1b:S1233S;ORF1b:H1234Q;ORF1b:A1244A;ORF1b:L1248S;ORF1b:V1263E;ORF1b:F1266I;ORF1b:K1268R;ORF1b:E1276G;ORF1b:Y1278C;ORF1b:F1280S;ORF1b:A1285T;ORF1b:E1288E;ORF1b:T1289S;ORF1b:F1296I;ORF1b:E1298Q;ORF1b:N1311K,18,1022,0.0176125244618395,0,
2192026,BA.2_0.05_abundance_0.15,G17117T;C17119T;T17126C;G17162A;T17166C;T17169A;A17199C;T17210C;T17255A;T17263A;A17270G;A17294G;A17300G;T17306C;G17320A;G17331A;A17332T;T17353A;G17359C;T17400G;C17410T,ORF1b:G1217V;ORF1b:L1218L;ORF1b:L1220P;ORF1b:C1232Y;ORF1b:S1233S;ORF1b:H1234Q;ORF1b:A1244A;ORF1b:L1248S;ORF1b:V1263E;ORF1b:F1266I;ORF1b:K1268R;ORF1b:E1276G;ORF1b:Y1278C;ORF1b:F1280S;ORF1b:A1285T;ORF1b:E1288E;ORF1b:T1289S;ORF1b:F1296I;ORF1b:E1298Q;ORF1b:N1311K;ORF1b:R1315C,43,2009,0.0214036834245893,0,
2192026,BA.2_0.05_abundance_0.15,G17749C;G17753T;A17775T;A17791T;T17812A;G17815T;A17823G;A17853C;T17859A;A17889T,ORF1b:A1428P;ORF1b:W1429L;ORF1b:S1436S;ORF1b:N1442Y;ORF1b:L1449M;ORF1b:G1450*;ORF1b:P1452P;ORF1b:S1462S;ORF1b:Y1464*;ORF1b:E1474D,9,200,0.045,0,
2192026,BA.2_0.05_abundance_0.15,A18163G;C18167A,ORF1b:I1566V;ORF1b:P1567H,24,581,0.0413080895008605,95,BA.5.5:3;BA.1.1:44;BA.1.20:4;BA.2.10:5;BA.5.2:12;BA.1.1.2:6;BA.5.2.1:3;BA.2.3.7:1;BA.1.17.2:2;BA.2:3;BA.5.1:4;BA.1:7;BA.2.75:1
2192026,BA.2_0.05_abundance_0.15,G18968A;A18969G;A18982G;T19016G;G19056A;A19073G;G19086A;T19110A;A19116G;A19123T;A19134G;T19139C;T19146G;T19149C;T19233A,ORF1b:R1834K;ORF1b:R1834R;ORF1b:M1839V;ORF1b:F1850C;ORF1b:K1863K;ORF1b:D1869G;ORF1b:K1873K;ORF1b:S1881R;ORF1b:K1883K;ORF1b:K1886*;ORF1b:E1889E;ORF1b:F1891S;ORF1b:S1893S;ORF1b:Y1894Y;ORF1b:V1922V,10,206,0.0485436893203883,0,
2192026,BA.2_0.05_abundance_0.15,G20548A;T20563A;T20570C;T20573G;T20579G;T20606G;T20609A;G20616T;G20618A;T20625G;C20629T;C20646A;T20671C;T20690G;G20691C;T20701G;A20711G;T20717A;T20723C;A20744T;A20766G;C20790T;A20796T;G20808C,ORF1b:D2361N;ORF1b:S2366T;ORF1b:V2368A;ORF1b:V2369G;ORF1b:V2371G;ORF1b:F2380C;ORF1b:M2381K;ORF1b:W2383C;ORF1b:C2384Y;ORF1b:D2386E;ORF1b:H2388Y;ORF1b:Y2393*;ORF1b:W2402R;ORF1b:M2408R;ORF1b:M2408I;ORF1b:Y2412D;ORF1b:Q2415R;ORF1b:M2417K;ORF1b:L2419S;ORF1b:N2426I;ORF1b:L2433L;ORF1b:V2441V;ORF1b:K2443N;ORF1b:L2447L,32,719,0.0445062586926286,0,
2192026,BA.2_0.05_abundance_0.15,T21147A;G21152T;G21159A;A21176C;T21184G;A21203C;T21206C;C21230A;C21257T;A21290T;G21316A;T21322A;A21343G;G21354C,ORF1b:L2560L;ORF1b:G2562V;ORF1b:V2564V;ORF1b:E2570A;ORF1b:W2573G;ORF1b:K2579T;ORF1b:L2580P;ORF1b:T2588K;ORF1b:S2597L;ORF1b:Y2608F;ORF1b:D2617N;ORF1b:Y2619N;ORF1b:I2626V;ORF1b:R2629S,9,188,0.0478723404255319,0,
2192026,BA.2_0.05_abundance_0.15,T21702C;A21720T;T21756A;A21768C;G21795C;T21818C;C21843A;A21858G;G21869C;G21873T;A21875G;C21904G;C21910T;A21913T;A21917T;A21923C;T21937C;C21962A;G21987A,S:V47A;S:D53V;S:F65Y;S:H69P;S:R78T;S:F86L;S:S94Y;S:N99S;S:G103R;S:W104L;S:I105V;S:T114T;S:S116S;S:L117L;S:I119F;S:N121H;S:N125N;S:Q134K;S:G142D,72,1668,0.0431654676258992,0,
2192026,BA.2_0.05_abundance_0.15,T22038G;T22200G,S:V159G;S:V213G,51,1296,0.0393518518518518,0,
2192026,BA.2_0.05_abundance_0.15,T22200G;G22299T,S:V213G;S:R246I,196,1009,0.1942517343904856,6,BA.2:2;BF.7.8:1;BQ.1.1:1;BA.2.65:1;BF.16:1
2192026,BA.2_0.05_abundance_0.15,C22674T;T22679C;C22686T;A22688G;G22704T;G22813T,S:S371F;S:S373P;S:S375F;S:T376A;S:G381V;S:K417N,37,106,0.3490566037735849,0,
2192026,BA.2_0.05_abundance_0.15,A23403G;T23459C,S:D614G;S:W633R,370,2067,0.1790033865505563,4,BA.1:2;B.1.1.7:2
2192026,BA.2_0.05_abundance_0.15,G23499T;T23507A;C23530T;A23534C;T23540G;A23566C;A23570G;A23588T;T23599G;C23604A;G23628A;A23665C;A23670C;G23675A;T23680G;A23696G;A23760C;A23772G,S:R646L;S:C649S;S:V656V;S:N658H;S:Y660D;S:A668A;S:I670V;S:T676S;S:N679K;S:P681H;S:S689N;S:A701A;S:N703T;S:V705I;S:A706A;S:I712V;S:K733T;S:D737G,25,530,0.0471698113207547,0,
2192026,BA.2_0.05_abundance_0.15,G23499T;T23507A;C23530T;A23534C;T23540G;A23566C;A23570G;A23588T;T23599G;C23604A;G23628A;A23665C;A23670C;G23675A;T23680G;A23696G;A23760C;A23772G;C23809T;A23810C,S:R646L;S:C649S;S:V656V;S:N658H;S:Y660D;S:A668A;S:I670V;S:T676S;S:N679K;S:P681H;S:S689N;S:A701A;S:N703T;S:V705I;S:A706A;S:I712V;S:K733T;S:D737G;S:C749C;S:S750R,8,150,0.0533333333333333,0,
2192026,BA.2_0.05_abundance_0.15,T23599G;C23604A;C23692T,S:N679K;S:P681H;S:N710N,51,530,0.0962264150943396,1443,BA.4.1:3;BA.1.18:4;BF.7:1;BA.5.2.8:3;BA.2.6:1;BA.5.5:1;BA.1.1.10:4;BA.2:107;BA.2.9:1;BN.5:3;BA.5.2.36:38;BA.2.75:8;BA.1.1:1102;CM.2:2;XAM:1;BA.1.15.1:6;BA.2.12.2:1;BA.5.1.10:11;BA.5.2.1:15;BA.2.12:21;BA.2.3:31;BA.1.15:1;BA.2.9.5:2;BA.5.2.6:2;BA.2.12.1:2;BA.5.2:13;BA.2.71:1;BF.26:1;BA.1:19;BA.1.1.2:5;BA.5.1.21:3;BR.4:1;BA.1.17.2:4;BA.1.14:2;BF.7.4:1;BA.5.1.22:1;BA.4.6.5:1;BE.1.1:1;BA.2.10:5;BA.5.1:4;BQ.1.1.5:1;BQ.1:1;BA.1.1.18:2;BA.2.18:1;BA.4.6:2;BA.1.1.15:1;BA.1.1.8:2
2192026,BA.2_0.05_abundance_0.15,T24342G;A24424T,S:F927C;S:Q954H,27,103,0.2621359223300971,0,
2192026,BA.2_0.05_abundance_0.15,G24740C;G24757C;C24801G;A24820T;T24829A;A24860G;A24874C;C24878G;T24887G;A24894G;T24906G;G24933A;A24950G;T24951G;C24964G;C24986T;C25000T,S:V1060L;S:V1065V;S:A1080G;S:K1086N;S:F1089L;S:T1100A;S:V1104V;S:Q1106E;S:F1109V;S:E1111G;S:I1115S;S:G1124D;S:I1130V;S:I1130R;S:N1134K;S:Q1142*;S:D1146D,51,1131,0.0450928381962864,0,
2192026,BA.2_0.05_abundance_0.15,C25000T;A25034C,S:D1146D;S:N1158H,38,736,0.0516304347826086,5,BA.2.9:2;BA.1.1:1;BA.2:1;BA.5.1.22:1
2192026,BA.2_0.05_abundance_0.15,G25331T;T25343C;A25360C;A25367G;T25414C;T25461A;A25462C;C25584T;T25633A,S:D1257Y;S:S1261P;S:K1266N;S:K1269E;ORF3a:F8L;ORF3a:A23A;ORF3a:T24P;ORF3a:T64T;ORF3a:C81S,22,600,0.0366666666666666,0,
2192026,BA.2_0.05_abundance_0.15,G25331T;T25343C;A25360C;A25367G;T25414C;T25461A;A25462C;C25584T,S:D1257Y;S:S1261P;S:K1266N;S:K1269E;ORF3a:F8L;ORF3a:A23A;ORF3a:T24P;ORF3a:T64T,23,1167,0.0197086546700942,0,
2192026,BA.2_0.05_abundance_0.15,C26270T;C26309G;G26314C;T26355C;C26376G;A26380C;T26409G;C26421G,E:T9I;E:A22G;E:V24L;E:L37L;E:C44W;E:I46L;E:S55S;E:Y59*,8,127,0.0629921259842519,0,
2192026,BA.2_0.05_abundance_0.15,C26577G;G26709A;A26772C;C26858T,M:Q19E;M:A63T;M:M84L;M:F112F,191,1463,0.1305536568694463,4,BA.4.1:3;BA.2:1
2192026,BA.2_0.05_abundance_0.15,C26577G;G26709A;A26772C,M:Q19E;M:A63T;M:M84L,17,1564,0.0108695652173913,24,BA.4.1:3;BA.1.1.1:3;BA.5.1.22:3;BA.5.2.1:3;BA.5:1;BA.1.1:3;BA.2:1;BA.1.1.12:6;BA.1.15:1
2192026,BA.2_0.05_abundance_0.15,C27208A;G27225T;A27246C;G27261C;C27263T;G27281A;T27291G;T27296G;A27317T;A27321C;G27327T;T27328G;A27359G;A27372G;G27382C;T27384C;A27399G;G27420A;C27427A;G27430T;C27434A;T27483G;A27491T;C27494A,ORF6:H3N;ORF6:Q8H;ORF6:L15F;ORF6:R20S;ORF6:T21I;ORF6:W27*;ORF6:D30E;ORF6:I32S;ORF6:N39I;ORF6:L40F;ORF6:K42N;ORF6:S43A;ORF6:D53G;ORF6:P57P;ORF6:D61H;ORF6:D61D;ORF7a:K2K;ORF7a:L9L;ORF7a:L12I;ORF7a:A13S;ORF7a:T14N;ORF7a:L30L;ORF7a:E33V;ORF7a:P34H,9,176,0.0511363636363636,0,
2192026,BA.2_0.05_abundance_0.15,C27208A;G27225T;A27246C;G27261C;C27263T;G27281A;T27291G;T27296G;A27317T;A27321C;G27327T;T27328G;A27359G;A27372G;G27382C;T27384C;A27399G;G27420A;C27427A;G27430T;C27434A;T27483G,ORF6:H3N;ORF6:Q8H;ORF6:L15F;ORF6:R20S;ORF6:T21I;ORF6:W27*;ORF6:D30E;ORF6:I32S;ORF6:N39I;ORF6:L40F;ORF6:K42N;ORF6:S43A;ORF6:D53G;ORF6:P57P;ORF6:D61H;ORF6:D61D;ORF7a:K2K;ORF7a:L9L;ORF7a:L12I;ORF7a:A13S;ORF7a:T14N;ORF7a:L30L,6,390,0.0153846153846153,0,
2192026,BA.2_0.05_abundance_0.15,A27338G;G27382C;T27384C,ORF6:E46G;ORF6:D61H;ORF6:D61D,169,440,0.3840909090909091,54,BA.4.1:4;BA.2:3;BA.4.6:36;BA.2.9:1;BA.2.12.1:4;BA.2.10:2;BA.2.75:4
2192026,BA.2_0.05_abundance_0.15,A28231G;C28311T,ORF8:D113G;N:P13L,76,1619,0.0469425571340333,54,BF.5:7;BQ.1.14:4;BA.5.5:1;BA.5.1:2;BA.5.2.1:8;BA.5.2:1;BF.7:14;BA.1.1:3;BA.2:3;BQ.1.1:7;BA.5.5.2:1;BA.2.65:1;BA.1.17.2:1;BA.5.2.26:1
2192026,BA.2_0.05_abundance_0.15,A28231G;C28311T;A28342T,ORF8:D113G;N:P13L;N:S23S,147,1500,0.098,0,
2192026,BA.2_0.05_abundance_0.15,C28311T;A28342T,N:P13L;N:S23S,899,1500,0.5993333333333334,852,BF.4:1;BA.2.29:1;BA.1.17:37;BA.4.1:4;BA.1.1:68;BA.1.1.2:3;BA.1.1.18:14;BA.5.1:60;BQ.1.1.7:1;BQ.1.1:1;BA.5.5:14;BA.1.15.1:1;BA.2:49;BA.2.10:3;BA.1.15:9;BE.1.4:16;BA.2.9:7;BA.1.17.2:11;BA.1:426;BE.5:6;BA.5.6:4;BA.5.2.20:1;BA.5.2:13;BF.5:3;BA.2.12.1:26;BG.5:2;BA.2.75:3;BA.2.14:7;BA.5.2.1:10;BA.5.1.6:2;BE.1.1:7;BA.5.2.24:1;BA.1.20:4;BA.2.52:1;BA.1.1.1:1;BA.5.1.12:1;BA.5.1.21:1;BF.27:1;BA.5.1.3:1;BQ.1.13:3;BQ.1.2:1;BK.1:1;BA.5.1.1:1;BA.5.1.25:6;BA.5.2.21:1;BA.4.6:1;BA.2.10.1:2;BA.2.69:2;BQ.1.1.1:1;BA.2.3:1;B.1.619:1;BA.1.1.14:1;BA.4:1;BQ.1.10:1;BA.5.1.23:1;BA.1.16:1;BA.2.54:1;BA.1.10:1;BA.1.13.1:1;B.1.1.529:1;BA.1.19:1
2192026,BA.2_0.05_abundance_0.15,C28439T;A28446G;C28491A;C28500T;G28514T;T28524C;T28529G;A28547T;G28548C;T28561A;A28652G;A28692C;A28709C,N:L56F;N:Q58R;N:P73Q;N:T76I;N:D81Y;N:I84T;N:Y86D;N:R92*;N:R92T;N:G96G;N:K127E;N:N140T;N:I146L,41,888,0.0461711711711711,0,
2192026,BA.2_0.05_abundance_0.15,G28881A;G28882A;G28883C;C28893A,N:R203K;N:R203R;N:G204R;N:P207H,6,27,0.2222222222222222,72,BA.1.1.2:11;B.1.1:2;BA.5.6:1;B.1.1.7:16;BA.1.1:2;P.1.17:1;BA.1.17.2:1;BA.2:18;BF.5:1;C.16:4;B.1.1.416:1;BA.4:3;BF.14:2;P.1:2;BA.2.10:1;BA.5.1:2;BA.1.15.1:1;BA.2.9:1;BA.4.6:1;BA.5.2:1
2192026,BA.2_0.05_abundance_0.15,G29030T;T29036G;C29048G;G29058T;A29078G;A29089G;C29091A;C29118G;G29156A;C29187A;T29194G;G29202A;G29240C;A29241G;G29254T;C29259T;T29264A;T29293G;C29304G;A29313C;C29318A;A29319T;C29330G,N:E253*;N:S255A;N:R259G;N:R262L;N:N269D;N:Q272Q;N:A273D;N:T282S;N:G295R;N:A305E;N:F307L;N:S310N;N:E323Q;N:E323G;N:S327S;N:T329M;N:L331M;N:D340E;N:P344R;N:K347T;N:Q349K;N:Q349L;N:L353V,44,1656,0.0265700483091787,0,
2192026,BA.2_0.05_abundance_0.15,G29030T;T29036G;C29048G;G29058T;A29078G;A29089G;C29091A;C29118G;G29156A;C29187A;T29194G;G29202A;G29240C;A29241G;G29254T;C29259T;T29264A;T29293G;C29304G;A29313C;C29318A;A29319T;T29327A;C29330G,N:E253*;N:S255A;N:R259G;N:R262L;N:N269D;N:Q272Q;N:A273D;N:T282S;N:G295R;N:A305E;N:F307L;N:S310N;N:E323Q;N:E323G;N:S327S;N:T329M;N:L331M;N:D340E;N:P344R;N:K347T;N:Q349K;N:Q349L;N:L352M;N:L353V,17,1656,0.0102657004830917,0,
2192026,BA.2_0.05_abundance_0.15,C29196A;T29327A,N:A308D;N:L352M,40,1782,0.0224466891133557,0,
2192026,BA.2_0.05_abundance_0.15,T29327A;A29510C,N:L352M;N:S413R,53,166,0.3192771084337349,0,
2262026,BA.2_0.05_abundance_0.15,G269C;A297C;C307A;T312A;T334C;C344T;G353C;G359T;T369G,ORF1a:E2Q;ORF1a:K11T;ORF1a:V14V;ORF1a:L16H;ORF1a:V23V;ORF1a:L27F;ORF1a:G30R;ORF1a:G32*;ORF1a:V35G,19,376,0.050531914893617,0,
2262026,BA.2_0.05_abundance_0.15,G269C;A297C;C307A;T312A;T334C;C344T;G353C;G359T,ORF1a:E2Q;ORF1a:K11T;ORF1a:V14V;ORF1a:L16H;ORF1a:V23V;ORF1a:L27F;ORF1a:G30R;ORF1a:G32*,10,562,0.0177935943060498,0,
2262026,BA.2_0.05_abundance_0.15,C344T;G353C;G359T;T369G;C449T;G470T;G483C;G524T;G542T;G564C;T580G;C609T;A610C;G636A;A647C;A655T;T658C;T670G,ORF1a:L27F;ORF1a:G30R;ORF1a:G32*;ORF1a:V35G;ORF1a:P62S;ORF1a:V69L;ORF1a:R73P;ORF1a:E87*;ORF1a:E93*;ORF1a:S100T;ORF1a:G105G;ORF1a:P115L;ORF1a:P115P;ORF1a:R124H;ORF1a:N128H;ORF1a:G130G;ORF1a:A131A;ORF1a:S135R,7,89,0.0786516853932584,0,
2262026,BA.2_0.05_abundance_0.15,G353C;G359T;T369G;C449T;G470T;G483C;G524T;G542T;G564C;T580G;C609T;A610C;G636A;A647C;A655T;T658C;T670G,ORF1a:G30R;ORF1a:G32*;ORF1a:V35G;ORF1a:P62S;ORF1a:V69L;ORF1a:R73P;ORF1a:E87*;ORF1a:E93*;ORF1a:S100T;ORF1a:G105G;ORF1a:P115L;ORF1a:P115P;ORF1a:R124H;ORF1a:N128H;ORF1a:G130G;ORF1a:A131A;ORF1a:S135R,19,310,0.0612903225806451,0,
2262026,BA.2_0.05_abundance_0.15,G359T;T369G;C449T;G470T;G483C;G524T;G542T;G564C;T580G;C609T;A610C;G636A;A647C;A655T;T658C;T670G,ORF1a:G32*;ORF1a:V35G;ORF1a:P62S;ORF1a:V69L;ORF1a:R73P;ORF1a:E87*;ORF1a:E93*;ORF1a:S100T;ORF1a:G105G;ORF1a:P115L;ORF1a:P115P;ORF1a:R124H;ORF1a:N128H;ORF1a:G130G;ORF1a:A131A;ORF1a:S135R,37,755,0.0490066225165562,0,
2262026,BA.2_0.05_abundance_0.15,T369G;C449T;G470T;G483C;G524T;G542T;G564C;T580G;C609T;A610C;G636A;A647C;A655T;T658C;T670G,ORF1a:V35G;ORF1a:P62S;ORF1a:V69L;ORF1a:R73P;ORF1a:E87*;ORF1a:E93*;ORF1a:S100T;ORF1a:G105G;ORF1a:P115L;ORF1a:P115P;ORF1a:R124H;ORF1a:N128H;ORF1a:G130G;ORF1a:A131A;ORF1a:S135R,42,1301,0.03228285933897,0,
2262026,BA.2_0.05_abundance_0.15,A1180C;A1262T,ORF1a:P305P;ORF1a:T333S,53,2527,0.0209734863474475,0,
2262026,BA.2_0.05_abundance_0.15,A1180C;A1189C,ORF1a:P305P;ORF1a:S308S,36,2536,0.0141955835962145,0,
2262026,BA.2_0.05_abundance_0.15,A1189C;A1262T,ORF1a:S308S;ORF1a:T333S,157,2527,0.0621290067273446,0,
2262026,BA.2_0.05_abundance_0.15,A1407G;T1459A,ORF1a:E381G;ORF1a:R398R,6,43,0.1395348837209302,0,
2262026,BA.2_0.05_abundance_0.15,T1623A;C1628A;A1629T;A1644G;A1646C;A1731C;T1745C;G1782C;G1784C;G1827A;A1829G;A1849T;A1852T;C1878G;G1883A,ORF1a:I453K;ORF1a:Q455K;ORF1a:Q455L;ORF1a:N460S;ORF1a:I461L;ORF1a:E489A;ORF1a:L494L;ORF1a:C506S;ORF1a:G507R;ORF1a:W521*;ORF1a:N522D;ORF1a:S528S;ORF1a:I529I;ORF1a:S538*;ORF1a:A540T,178,2110,0.0843601895734597,0,
2262026,BA.2_0.05_abundance_0.15,T1623A;C1628A;A1629T;A1644G;A1646C;A1731C;T1745C;G1782C;G1784C;G1827A;A1829G;A1849T;A1852T;C1878G;G1883A;T1939A,ORF1a:I453K;ORF1a:Q455K;ORF1a:Q455L;ORF1a:N460S;ORF1a:I461L;ORF1a:E489A;ORF1a:L494L;ORF1a:C506S;ORF1a:G507R;ORF1a:W521*;ORF1a:N522D;ORF1a:S528S;ORF1a:I529I;ORF1a:S538*;ORF1a:A540T;ORF1a:S558S,5,72,0.0694444444444444,0,
2262026,BA.2_0.05_abundance_0.15,T2216C;C2227G;T2230C;C2245T;T2307A;A2345T;A2367G;C2371A;A2430G;A2437C;G2447T;A2452T;C2453A;A2483G;G2494A;A2543T;A2554T,ORF1a:F651L;ORF1a:T654T;ORF1a:C655C;ORF1a:V660V;ORF1a:L681H;ORF1a:I694F;ORF1a:K701R;ORF1a:A702A;ORF1a:K722R;ORF1a:R724S;ORF1a:G728C;ORF1a:L729L;ORF1a:L730I;ORF1a:I740V;ORF1a:E743E;ORF1a:T760S;ORF1a:L763F,7,83,0.0843373493975903,0,
2262026,BA.2_0.05_abundance_0.15,T2216C;C2227G;T2230C;C2245T;T2307A;A2345T;A2367G;C2371A;A2430G;A2437C;G2447T;A2452T;C2453A;A2483G;G2494A;A2543T,ORF1a:F651L;ORF1a:T654T;ORF1a:C655C;ORF1a:V660V;ORF1a:L681H;ORF1a:I694F;ORF1a:K701R;ORF1a:A702A;ORF1a:K722R;ORF1a:R724S;ORF1a:G728C;ORF1a:L729L;ORF1a:L730I;ORF1a:I740V;ORF1a:E743E;ORF1a:T760S,6,185,0.0324324324324324,0,
2262026,BA.2_0.05_abundance_0.15,C2227G;T2230C;C2245T;T2307A;A2345T;A2367G;C2371A;A2430G;A2437C;G2447T;A2452T;C2453A;A2483G;G2494A,ORF1a:T654T;ORF1a:C655C;ORF1a:V660V;ORF1a:L681H;ORF1a:I694F;ORF1a:K701R;ORF1a:A702A;ORF1a:K722R;ORF1a:R724S;ORF1a:G728C;ORF1a:L729L;ORF1a:L730I;ORF1a:I740V;ORF1a:E743E,10,679,0.0147275405007363,0,
2262026,BA.2_0.05_abundance_0.15,C2227G;T2230C;C2245T;T2307A;A2345T;A2367G;C2371A;A2430G;A2437C;G2447T;A2452T;C2453A;A2483G;G2494A;A2543T,ORF1a:T654T;ORF1a:C655C;ORF1a:V660V;ORF1a:L681H;ORF1a:I694F;ORF1a:K701R;ORF1a:A702A;ORF1a:K722R;ORF1a:R724S;ORF1a:G728C;ORF1a:L729L;ORF1a:L730I;ORF1a:I740V;ORF1a:E743E;ORF1a:T760S,19,592,0.0320945945945945,0,
2262026,BA.2_0.05_abundance_0.15,C2227G;T2230C;C2245T;T2307A;A2345T;A2367G;C2371A;A2430G;A2437C;G2447T;A2452T;C2453A;A2483G;G2494A;A2543T;A2554T,ORF1a:T654T;ORF1a:C655C;ORF1a:V660V;ORF1a:L681H;ORF1a:I694F;ORF1a:K701R;ORF1a:A702A;ORF1a:K722R;ORF1a:R724S;ORF1a:G728C;ORF1a:L729L;ORF1a:L730I;ORF1a:I740V;ORF1a:E743E;ORF1a:T760S;ORF1a:L763F,10,227,0.0440528634361233,0,
2262026,BA.2_0.05_abundance_0.15,A2543T;A2554T;G2564T;C2567A;G2604C;T2605G;A2608G;A2645T;C2662G;C2708A;T2709A;A2725C;A2748T;A2766T;T2771C;C2790T;A2807C;A2848T;G2849C,ORF1a:T760S;ORF1a:L763F;ORF1a:E767*;ORF1a:Q768K;ORF1a:G780A;ORF1a:G780G;ORF1a:T781T;ORF1a:K794*;ORF1a:Y799*;ORF1a:L815I;ORF1a:L815H;ORF1a:P820P;ORF1a:D828V;ORF1a:Q834L;ORF1a:Y836H;ORF1a:T842I;ORF1a:R848R;ORF1a:T861T;ORF1a:V862L,5,141,0.0354609929078014,0,
2262026,BA.2_0.05_abundance_0.15,A2543T;A2554T;G2564T;C2567A;G2604C;T2605G;A2608G;A2645T;C2662G;C2708A;T2709A;A2725C;A2748T;A2766T;T2771C;C2790T;A2807C;A2848T;G2849C;A2863T,ORF1a:T760S;ORF1a:L763F;ORF1a:E767*;ORF1a:Q768K;ORF1a:G780A;ORF1a:G780G;ORF1a:T781T;ORF1a:K794*;ORF1a:Y799*;ORF1a:L815I;ORF1a:L815H;ORF1a:P820P;ORF1a:D828V;ORF1a:Q834L;ORF1a:Y836H;ORF1a:T842I;ORF1a:R848R;ORF1a:T861T;ORF1a:V862L;ORF1a:T866T,5,88,0.0568181818181818,0,
2262026,BA.2_0.05_abundance_0.15,A2554T;G2564T;C2567A;G2604C;T2605G;A2608G;A2645T;C2662G;C2708A;T2709A;A2725C;A2748T;A2766T;T2771C;C2790T;A2807C;A2848T;G2849C;A2863T,ORF1a:L763F;ORF1a:E767*;ORF1a:Q768K;ORF1a:G780A;ORF1a:G780G;ORF1a:T781T;ORF1a:K794*;ORF1a:Y799*;ORF1a:L815I;ORF1a:L815H;ORF1a:P820P;ORF1a:D828V;ORF1a:Q834L;ORF1a:Y836H;ORF1a:T842I;ORF1a:R848R;ORF1a:T861T;ORF1a:V862L;ORF1a:T866T,10,192,0.0520833333333333,0,
2262026,BA.2_0.05_abundance_0.15,A2554T;G2564T;C2567A;G2604C;T2605G;A2608G;A2645T;C2662G;C2708A;T2709A;A2725C;A2748T;A2766T;T2771C;C2790T;A2807C;A2848T;G2849C,ORF1a:L763F;ORF1a:E767*;ORF1a:Q768K;ORF1a:G780A;ORF1a:G780G;ORF1a:T781T;ORF1a:K794*;ORF1a:Y799*;ORF1a:L815I;ORF1a:L815H;ORF1a:P820P;ORF1a:D828V;ORF1a:Q834L;ORF1a:Y836H;ORF1a:T842I;ORF1a:R848R;ORF1a:T861T;ORF1a:V862L,7,294,0.0238095238095238,0,
2262026,BA.2_0.05_abundance_0.15,A2569G;C2790T,ORF1a:Q768Q;ORF1a:T842I,8,311,0.0257234726688102,35,BA.5.2:3;BA.5.2.3:6;BA.5.2.1:8;BA.2.10:2;BA.2.3:1;BA.2:8;BA.5.1:5;BA.2.3.6:1;BA.2.9:1
2262026,BA.2_0.05_abundance_0.15,G2768A;C2790T,ORF1a:G835S;ORF1a:T842I,44,311,0.1414790996784566,134,BA.5.2:9;BA.2.76:2;BA.2:72;BA.5.2.20:4;BA.5.2.1:16;BA.5.2.21:1;BA.2.5:9;BA.4.6.4:1;BE.8:1;BF.7:2;BF.28:1;B.1.1.7:1;BA.2.12.1:3;CM.5.1:1;BA.2.9:1;BA.5.5:2;BA.2.3:1;BQ.1.1.4:1;BA.5.1.10:1;BA.5.1:1;BA.5.2.3:2;BA.2.43:1;BA.2.3.11:1
2262026,BA.2_0.05_abundance_0.15,G3030T;C3037T,ORF1a:C922F;ORF1a:F924F,23,70,0.3285714285714285,121,B.1.1.7:13;AY.119:1;BA.5.2.1:2;AY.103:1;B.1.617.2:27;BA.1.1.2:2;BA.1:21;AY.43:1;AY.20:9;BF.7:1;B.1.429:4;B.1.160:8;AY.29:1;BA.1.1:2;AY.122:6;B.1.240:2;BA.2:2;AY.3:4;AY.126:1;AY.102:1;AY.45:1;BA.5.2:1;B.1.1.37:1;B.1.1.317:1;B.1.404:1;BA.5.5.1:1;AY.54:1;AY.121:1;P.1.14:1;BA.1.15:1;BA.4.1:2
2262026,BA.2_0.05_abundance_0.15,A3180C;A3186G;G3239C;T3265C;A3273G;A3277T;G3320A;A3341C;G3345C;A3357C;A3374C;A3381C;G3410C;C3426T;A3428T,ORF1a:E972A;ORF1a:E974G;ORF1a:D992H;ORF1a:T1000T;ORF1a:Q1003R;ORF1a:T1004T;ORF1a:V1019I;ORF1a:N1026H;ORF1a:S1027T;ORF1a:Y1031S;ORF1a:N1037H;ORF1a:Y1039S;ORF1a:A1049P;ORF1a:P1054L;ORF1a:T1055S,31,277,0.111913357400722,0,
2262026,BA.2_0.05_abundance_0.15,A3186G;G3239C;T3265C;A3273G;A3277T;G3320A;A3341C;G3345C;A3357C;A3374C;A3381C;G3410C;C3426T;A3428T,ORF1a:E974G;ORF1a:D992H;ORF1a:T1000T;ORF1a:Q1003R;ORF1a:T1004T;ORF1a:V1019I;ORF1a:N1026H;ORF1a:S1027T;ORF1a:Y1031S;ORF1a:N1037H;ORF1a:Y1039S;ORF1a:A1049P;ORF1a:P1054L;ORF1a:T1055S,33,717,0.0460251046025104,0,
2262026,BA.2_0.05_abundance_0.15,T4329C;C4338A;T4365C;G4432T;A4451C;C4499A;T4530G;A4588C;G4592C;C4596G;A4604T;A4607G;T4608C;A4645T,ORF1a:I1355T;ORF1a:S1358Y;ORF1a:I1367T;ORF1a:M1389I;ORF1a:K1396Q;ORF1a:Q1412K;ORF1a:F1422C;ORF1a:L1441L;ORF1a:E1443Q;ORF1a:T1444S;ORF1a:T1447S;ORF1a:M1448V;ORF1a:M1448T;ORF1a:E1460D,23,323,0.0712074303405572,0,
2262026,BA.2_0.05_abundance_0.15,T4329C;C4338A;T4365C;G4432T;A4451C;C4499A;T4530G;A4588C;G4592C;C4596G;A4604T;A4607G;T4608C;A4645T;T4660G,ORF1a:I1355T;ORF1a:S1358Y;ORF1a:I1367T;ORF1a:M1389I;ORF1a:K1396Q;ORF1a:Q1412K;ORF1a:F1422C;ORF1a:L1441L;ORF1a:E1443Q;ORF1a:T1444S;ORF1a:T1447S;ORF1a:M1448V;ORF1a:M1448T;ORF1a:E1460D;ORF1a:Y1465*,10,80,0.125,0,
2262026,BA.2_0.05_abundance_0.15,C4338A;T4365C;G4432T;A4451C;C4499A;T4530G;A4588C;G4592C;C4596G;A4604T;A4607G;T4608C;A4645T;T4660G;T4667A,ORF1a:S1358Y;ORF1a:I1367T;ORF1a:M1389I;ORF1a:K1396Q;ORF1a:Q1412K;ORF1a:F1422C;ORF1a:L1441L;ORF1a:E1443Q;ORF1a:T1444S;ORF1a:T1447S;ORF1a:M1448V;ORF1a:M1448T;ORF1a:E1460D;ORF1a:Y1465*;ORF1a:S1468T,6,67,0.0895522388059701,0,
2262026,BA.2_0.05_abundance_0.15,C4338A;T4365C;G4432T;A4451C;C4499A;T4530G;A4588C;G4592C;C4596G;A4604T;A4607G;T4608C;A4645T,ORF1a:S1358Y;ORF1a:I1367T;ORF1a:M1389I;ORF1a:K1396Q;ORF1a:Q1412K;ORF1a:F1422C;ORF1a:L1441L;ORF1a:E1443Q;ORF1a:T1444S;ORF1a:T1447S;ORF1a:M1448V;ORF1a:M1448T;ORF1a:E1460D,46,1006,0.0457256461232604,0,
2262026,BA.2_0.05_abundance_0.15,C4338A;T4365C;G4432T;A4451C;C4499A;T4530G;A4588C;G4592C;C4596G;A4604T;A4607G;T4608C;A4645T;T4660G,ORF1a:S1358Y;ORF1a:I1367T;ORF1a:M1389I;ORF1a:K1396Q;ORF1a:Q1412K;ORF1a:F1422C;ORF1a:L1441L;ORF1a:E1443Q;ORF1a:T1444S;ORF1a:T1447S;ORF1a:M1448V;ORF1a:M1448T;ORF1a:E1460D;ORF1a:Y1465*,10,264,0.0378787878787878,0,
2262026,BA.2_0.05_abundance_0.15,T4667A;C4698T;C4780G;T4813C;G4854C;G4881C;T4924A;G4925C;T4933A;T4946A;A4956T,ORF1a:S1468T;ORF1a:S1478F;ORF1a:I1505M;ORF1a:Y1516Y;ORF1a:R1530T;ORF1a:S1539T;ORF1a:F1553L;ORF1a:D1554H;ORF1a:L1556L;ORF1a:S1561T;ORF1a:E1564V,6,226,0.0265486725663716,0,
2262026,BA.2_0.05_abundance_0.15,C4698T;C4780G;T4813C;G4854C;G4881C;T4924A;G4925C;T4933A;T4946A;A4956T;C4980T,ORF1a:S1478F;ORF1a:I1505M;ORF1a:Y1516Y;ORF1a:R1530T;ORF1a:S1539T;ORF1a:F1553L;ORF1a:D1554H;ORF1a:L1556L;ORF1a:S1561T;ORF1a:E1564V;ORF1a:T1572I,34,378,0.0899470899470899,0,
2262026,BA.2_0.05_abundance_0.15,C4698T;C4780G;T4813C;G4854C;G4881C;T4924A;G4925C;T4933A;T4946A;A4956T,ORF1a:S1478F;ORF1a:I1505M;ORF1a:Y1516Y;ORF1a:R1530T;ORF1a:S1539T;ORF1a:F1553L;ORF1a:D1554H;ORF1a:L1556L;ORF1a:S1561T;ORF1a:E1564V,63,1290,0.0488372093023255,0,
2262026,BA.2_0.05_abundance_0.15,G5625C;T5635G;G5708C;T5732A;G5750A;C5832G;T5854G;T5860G;G5861A;T5864G;T5909A,ORF1a:C1787S;ORF1a:G1790G;ORF1a:E1815Q;ORF1a:C1823S;ORF1a:G1829S;ORF1a:S1856C;ORF1a:I1863M;ORF1a:D1865E;ORF1a:V1866I;ORF1a:F1867V;ORF1a:Y1882N,15,121,0.1239669421487603,0,
2262026,BA.2_0.05_abundance_0.15,T5909A;T5928C;G5936T;C6005A;A6030T;G6056A;G6077A;A6081T;T6087C;A6133T;A6182T,ORF1a:Y1882N;ORF1a:V1888A;ORF1a:E1891*;ORF1a:L1914I;ORF1a:N1922I;ORF1a:V1931I;ORF1a:A1938T;ORF1a:D1939V;ORF1a:L1941S;ORF1a:K1956N;ORF1a:K1973*,15,199,0.0753768844221105,0,
2262026,BA.2_0.05_abundance_0.15,G7067T;A7068T;T7075C;C7119G;T7141G;T7147C;T7168A;C7195G;A7208C;A7210C;T7226C;T7227C;T7228A;T7305C;T7341A;A7358G,ORF1a:E2268*;ORF1a:E2268V;ORF1a:Y2270Y;ORF1a:S2285C;ORF1a:L2292L;ORF1a:G2294G;ORF1a:Y2301*;ORF1a:T2310T;ORF1a:K2315Q;ORF1a:K2315N;ORF1a:F2321L;ORF1a:F2321S;ORF1a:F2321L;ORF1a:M2347T;ORF1a:I2359N;ORF1a:M2365V,5,83,0.0602409638554216,0,
2262026,BA.2_0.05_abundance_0.15,T7075C;C7119G;T7141G;T7147C;T7168A;C7195G;A7208C;A7210C;T7226C;T7227C;T7228A;T7305C;T7341A;A7358G,ORF1a:Y2270Y;ORF1a:S2285C;ORF1a:L2292L;ORF1a:G2294G;ORF1a:Y2301*;ORF1a:T2310T;ORF1a:K2315Q;ORF1a:K2315N;ORF1a:F2321L;ORF1a:F2321S;ORF1a:F2321L;ORF1a:M2347T;ORF1a:I2359N;ORF1a:M2365V,14,271,0.051660516605166,0,
2262026,BA.2_0.05_abundance_0.15,C7119G;T7141G;T7147C;T7168A;C7195G;A7208C;A7210C;T7226C;T7227C;T7228A;T7305C;T7341A;A7358G,ORF1a:S2285C;ORF1a:L2292L;ORF1a:G2294G;ORF1a:Y2301*;ORF1a:T2310T;ORF1a:K2315Q;ORF1a:K2315N;ORF1a:F2321L;ORF1a:F2321S;ORF1a:F2321L;ORF1a:M2347T;ORF1a:I2359N;ORF1a:M2365V,7,405,0.0172839506172839,0,
2262026,BA.2_0.05_abundance_0.15,T7341A;A7358G;T7425A;T7438A;A7448C;C7485G;C7518A;G7526A;A7548C;T7554G;G7561A;T7566G;T7576C;C7578A,ORF1a:I2359N;ORF1a:M2365V;ORF1a:F2387Y;ORF1a:Y2391*;ORF1a:K2395Q;ORF1a:S2407*;ORF1a:A2418E;ORF1a:V2421I;ORF1a:N2428T;ORF1a:V2430G;ORF1a:R2432R;ORF1a:F2434C;ORF1a:Y2437Y;ORF1a:A2438D,21,280,0.075,0,
2262026,BA.2_0.05_abundance_0.15,A7358G;T7425A;T7438A;A7448C;C7485G;C7518A;G7526A;A7548C;T7554G;G7561A;T7566G;T7576C;C7578A,ORF1a:M2365V;ORF1a:F2387Y;ORF1a:Y2391*;ORF1a:K2395Q;ORF1a:S2407*;ORF1a:A2418E;ORF1a:V2421I;ORF1a:N2428T;ORF1a:V2430G;ORF1a:R2432R;ORF1a:F2434C;ORF1a:Y2437Y;ORF1a:A2438D,37,771,0.0479896238651102,0,
2262026,BA.2_0.05_abundance_0.15,C8318G;T8328G;A8343C;C8354A;A8360C;T8361C;T8439G;T8477G;T8484C;A8492G;C8493T;T8562G;A8565C;T8603G,ORF1a:P2685A;ORF1a:L2688R;ORF1a:D2693A;ORF1a:R2697S;ORF1a:I2699L;ORF1a:I2699T;ORF1a:L2725R;ORF1a:L2738V;ORF1a:F2740S;ORF1a:T2743A;ORF1a:T2743I;ORF1a:V2766G;ORF1a:N2767T;ORF1a:F2780V,57,754,0.0755968169761273,0,
2262026,BA.2_0.05_abundance_0.15,C8655G;A8721G,ORF1a:S2797C;ORF1a:D2819G,7,89,0.0786516853932584,0,
2262026,BA.2_0.05_abundance_0.15,T11056C;T11070A;A11085T;T11118G;T11151G;G11222T;G11243A;A11258T;A11277T,ORF1a:S3597S;ORF1a:L3602*;ORF1a:Y3607F;ORF1a:I3618S;ORF1a:V3629G;ORF1a:V3653F;ORF1a:V3660M;ORF1a:T3665S;ORF1a:D3671V,9,150,0.06,0,
2262026,BA.2_0.05_abundance_0.15,G11378C;T11429A;T11432G;G11464A;G11483A;C11494T;G11504T;T11517A;C11518T;G11528C;T11539C;T11547C;A11567G,ORF1a:A3705P;ORF1a:Y3722N;ORF1a:Y3723D;ORF1a:M3733I;ORF1a:V3740I;ORF1a:N3743N;ORF1a:V3747L;ORF1a:V3751D;ORF1a:V3751V;ORF1a:A3755P;ORF1a:I3758I;ORF1a:M3761T;ORF1a:I3768V,81,968,0.0836776859504132,0,
2262026,BA.2_0.05_abundance_0.15,G11683T;T11706A;T11729A;A11742T;A11759T;C11785A;T11806A;G11807C;A11827G;G11828A;A11839G;C11844G;A11854G;A11856C;C11866T;A11905G,ORF1a:L3806L;ORF1a:L3814*;ORF1a:Y3822N;ORF1a:Q3826L;ORF1a:K3832*;ORF1a:L3840L;ORF1a:V3847V;ORF1a:G3848R;ORF1a:K3854K;ORF1a:V3855I;ORF1a:V3858V;ORF1a:S3860C;ORF1a:S3863S;ORF1a:D3864A;ORF1a:C3867C;ORF1a:R3880R,11,130,0.0846153846153846,0,
2262026,BA.2_0.05_abundance_0.15,A11905G;A11911T;C11919G;G11944C;G11966T;T12013A;T12017G;A12026T;G12035A;T12039G;C12043A;C12081G;A12103G;T12112A;C12138T;T12142A;T12168G;T12204C;A12206C,ORF1a:R3880R;ORF1a:E3882D;ORF1a:S3885C;ORF1a:Q3893H;ORF1a:A3901S;ORF1a:S3916S;ORF1a:L3918V;ORF1a:M3921L;ORF1a:A3924T;ORF1a:V3925G;ORF1a:D3926E;ORF1a:A3939G;ORF1a:S3946S;ORF1a:S3949R;ORF1a:A3958V;ORF1a:T3959T;ORF1a:V3968G;ORF1a:L3980S;ORF1a:K3981Q,198,3152,0.0628172588832487,0,
2262026,BA.2_0.05_abundance_0.15,A11905G;A11911T;C11919G;G11944C;G11966T;T12013A;T12017G;A12026T;G12035A;T12039G;C12043A;C12081G;A12103G;T12112A;C12138T;T12142A;T12168G;T12204C;A12206C;A12228G,ORF1a:R3880R;ORF1a:E3882D;ORF1a:S3885C;ORF1a:Q3893H;ORF1a:A3901S;ORF1a:S3916S;ORF1a:L3918V;ORF1a:M3921L;ORF1a:A3924T;ORF1a:V3925G;ORF1a:D3926E;ORF1a:A3939G;ORF1a:S3946S;ORF1a:S3949R;ORF1a:A3958V;ORF1a:T3959T;ORF1a:V3968G;ORF1a:L3980S;ORF1a:K3981Q;ORF1a:K3988R,14,155,0.0903225806451612,0,
2262026,BA.2_0.05_abundance_0.15,T12168G;T12204C;A12206C;A12228G;T12244G;A12286G;A12316T;T12319G;G12330A;A12335G;G12355A;C12398A;A12414G;C12420A,ORF1a:V3968G;ORF1a:L3980S;ORF1a:K3981Q;ORF1a:K3988R;ORF1a:R3993R;ORF1a:Q4007Q;ORF1a:R4017S;ORF1a:S4018S;ORF1a:R4022K;ORF1a:K4024E;ORF1a:Q4030Q;ORF1a:L4045I;ORF1a:N4050S;ORF1a:A4052E,17,239,0.0711297071129707,0,
2262026,BA.2_0.05_abundance_0.15,C13439A;A13455G;C13458A;T13463A;C13490G;C13492A;G13514A;C13517T;G13624T,ORF1a:Q4392K;ORF1a:Q4397R;ORF1a:S4398*;ORF1a:L4400I;ORF1b:A8G;ORF1b:R9S;ORF1b:G16D;ORF1b:T17I;ORF1b:D53Y,8,89,0.0898876404494382,0,
2262026,BA.2_0.05_abundance_0.15,A13696G;A13702C;T13728G;G13762T;T13820A;G13856T;T13878C;T13894A;G13921T;A13928C;T13929A;G13939T,ORF1b:I77V;ORF1b:N79H;ORF1b:V87V;ORF1b:G99C;ORF1b:L118H;ORF1b:C130F;ORF1b:L137L;ORF1b:C143S;ORF1b:D152Y;ORF1b:Y154S;ORF1b:Y154*;ORF1b:E158*,26,758,0.0343007915567282,0,
2262026,BA.2_0.05_abundance_0.15,A13696G;A13702C;T13728G;G13762T;T13820A;G13856T;T13878C;T13894A;G13921T;A13928C;T13929A;G13939T;C13945G,ORF1b:I77V;ORF1b:N79H;ORF1b:V87V;ORF1b:G99C;ORF1b:L118H;ORF1b:C130F;ORF1b:L137L;ORF1b:C143S;ORF1b:D152Y;ORF1b:Y154S;ORF1b:Y154*;ORF1b:E158*;ORF1b:P160A,21,404,0.0519801980198019,0,
2262026,BA.2_0.05_abundance_0.15,C13806T;C13808T,ORF1b:Y113Y;ORF1b:T114I,197,1049,0.1877979027645376,0,
2262026,BA.2_0.05_abundance_0.15,A14032G;T14064A,ORF1b:N189D;ORF1b:D199E,11,631,0.0174326465927099,0,
2262026,BA.2_0.05_abundance_0.15,T14064A;G14140T,ORF1b:D199E;ORF1b:V225L,9,631,0.0142630744849445,0,
2262026,BA.2_0.05_abundance_0.15,G14268T;A14317G;T14361C;T14378C;T14389C;C14403G;C14408T;G14419A;C14422G;A14470T;C14491T;G14495C;T14526A;G14559A;T14560C,ORF1b:T267T;ORF1b:T284A;ORF1b:I298I;ORF1b:F304S;ORF1b:F308L;ORF1b:F312L;ORF1b:P314L;ORF1b:G318R;ORF1b:P319A;ORF1b:T335S;ORF1b:L342L;ORF1b:G343A;ORF1b:H353Q;ORF1b:V364V;ORF1b:Y365H,9,120,0.075,0,
2262026,BA.2_0.05_abundance_0.15,G14268T;A14317G;T14361C;T14378C;T14389C;C14403G;C14408T;C14411T;G14419A;C14422G;A14470T;C14491T;G14495C;T14526A;G14559A;T14560C,ORF1b:T267T;ORF1b:T284A;ORF1b:I298I;ORF1b:F304S;ORF1b:F308L;ORF1b:F312L;ORF1b:P314L;ORF1b:T315I;ORF1b:G318R;ORF1b:P319A;ORF1b:T335S;ORF1b:L342L;ORF1b:G343A;ORF1b:H353Q;ORF1b:V364V;ORF1b:Y365H,6,120,0.05,0,
2262026,BA.2_0.05_abundance_0.15,C14408T;A14507T,ORF1b:P314L;ORF1b:N347I,22,189,0.1164021164021164,5,B.1.177:1;BA.1.15:1;B.1.36:1;BA.2:1;BA.1.1:1
2262026,BA.2_0.05_abundance_0.15,C14408T;C14411T,ORF1b:P314L;ORF1b:T315I,60,198,0.303030303030303,22,B.1.582:1;AY.103:1;AY.4.2.3:1;AY.4.4:1;B.1.427:1;AY.68:1;BA.1.21:1;B.1.521:1;AY.6:1;AY.3:1;BA.2:3;B.1.1:1;Q.1:1;BA.1:1;AY.44:1;BF.5:1;B.1.2:1;AY.26:1;BA.5.1:1;B.1.234:1
2262026,BA.2_0.05_abundance_0.15,C14408T;C14411T;A14507T,ORF1b:P314L;ORF1b:T315I;ORF1b:N347I,16,189,0.0846560846560846,0,
2262026,BA.2_0.05_abundance_0.15,T15206G;T15411A,ORF1b:I580S;ORF1b:N648K,5,444,0.0112612612612612,0,
2262026,BA.2_0.05_abundance_0.15,T15551G;A15564T;A15612C;C15631A;A15639C;G15644A;T15674C;C15714T;T15726C;A15740T;C15746A;T15756G;T15801A;T15815G;T15816C;T15817G;A15820T,ORF1b:V695G;ORF1b:L699F;ORF1b:Q715H;ORF1b:L722I;ORF1b:R724S;ORF1b:R726K;ORF1b:F736S;ORF1b:L749L;ORF1b:A753A;ORF1b:N758I;ORF1b:T760N;ORF1b:S763S;ORF1b:Y778*;ORF1b:V783G;ORF1b:V783V;ORF1b:F784V;ORF1b:M785L,212,2840,0.0746478873239436,0,
2262026,BA.2_0.05_abundance_0.15,T15551G;A15564T;A15612C;T15630A;C15631A;A15639C;G15644A;T15674C;C15714T;T15726C;A15740T;C15746A;T15756G;T15801A;T15815G;T15816C;T15817G;A15820T,ORF1b:V695G;ORF1b:L699F;ORF1b:Q715H;ORF1b:C721*;ORF1b:L722I;ORF1b:R724S;ORF1b:R726K;ORF1b:F736S;ORF1b:L749L;ORF1b:A753A;ORF1b:N758I;ORF1b:T760N;ORF1b:S763S;ORF1b:Y778*;ORF1b:V783G;ORF1b:V783V;ORF1b:F784V;ORF1b:M785L,36,2840,0.0126760563380281,0,
2262026,BA.2_0.05_abundance_0.15,T15551G;A15564T;A15612C;C15631A;A15639C;G15644A;T15674C;C15714T;T15726C;A15740T;C15746A;T15756G;T15801A;T15815G;T15816C;T15817G;A15820T;A15861G,ORF1b:V695G;ORF1b:L699F;ORF1b:Q715H;ORF1b:L722I;ORF1b:R724S;ORF1b:R726K;ORF1b:F736S;ORF1b:L749L;ORF1b:A753A;ORF1b:N758I;ORF1b:T760N;ORF1b:S763S;ORF1b:Y778*;ORF1b:V783G;ORF1b:V783V;ORF1b:F784V;ORF1b:M785L;ORF1b:K798K,7,72,0.0972222222222222,0,
2262026,BA.2_0.05_abundance_0.15,T15630A;C15714T,ORF1b:C721*;ORF1b:L749L,392,3085,0.1270664505672609,0,
2262026,BA.2_0.05_abundance_0.15,A15861G;C15904T;T15927C;G15955T;G15995C;G16027T;T16029A;T16074A;A16105G;C16134A;T16147A;T16155C;G16158A,ORF1b:K798K;ORF1b:Q813*;ORF1b:L820L;ORF1b:G830W;ORF1b:G843A;ORF1b:A854S;ORF1b:A854A;ORF1b:A869A;ORF1b:R880G;ORF1b:H889Q;ORF1b:Y894N;ORF1b:V896V;ORF1b:M897I,20,395,0.050632911392405,0,
2262026,BA.2_0.05_abundance_0.15,A15861G;C15904T;T15927C;G15955T;G15995C;G16027T;T16029A;T16074A;A16105G;C16134A;T16147A;T16155C;G16158A;A16172C,ORF1b:K798K;ORF1b:Q813*;ORF1b:L820L;ORF1b:G830W;ORF1b:G843A;ORF1b:A854S;ORF1b:A854A;ORF1b:A869A;ORF1b:R880G;ORF1b:H889Q;ORF1b:Y894N;ORF1b:V896V;ORF1b:M897I;ORF1b:N902T,5,111,0.045045045045045,0,
2262026,BA.2_0.05_abundance_0.15,A15861G;C15904T;T15927C;G15955T;G15995C;G16027T;T16029A,ORF1b:K798K;ORF1b:Q813*;ORF1b:L820L;ORF1b:G830W;ORF1b:G843A;ORF1b:A854S;ORF1b:A854A,6,465,0.0129032258064516,0,
2262026,BA.2_0.05_abundance_0.15,C15904T;T15927C;G15955T;G15995C;G16027T;T16029A;T16074A;A16105G;C16134A;T16147A;T16155C;G16158A;A16172C,ORF1b:Q813*;ORF1b:L820L;ORF1b:G830W;ORF1b:G843A;ORF1b:A854S;ORF1b:A854A;ORF1b:A869A;ORF1b:R880G;ORF1b:H889Q;ORF1b:Y894N;ORF1b:V896V;ORF1b:M897I;ORF1b:N902T,21,437,0.0480549199084668,0,
2262026,BA.2_0.05_abundance_0.15,C15904T;T15927C;G15955T;G15995C;G16027T;T16029A;T16074A;A16105G;C16134A;T16147A;T16155C;G16158A,ORF1b:Q813*;ORF1b:L820L;ORF1b:G830W;ORF1b:G843A;ORF1b:A854S;ORF1b:A854A;ORF1b:A869A;ORF1b:R880G;ORF1b:H889Q;ORF1b:Y894N;ORF1b:V896V;ORF1b:M897I,64,1492,0.0428954423592493,0,
2262026,BA.2_0.05_abundance_0.15,T16155C;G16158A;A16172C;A16179C;T16185C;A16214C;A16216T;A16227C;A16261T;A16268T;G16322C;C16409A;C16418T;C16457G,ORF1b:V896V;ORF1b:M897I;ORF1b:N902T;ORF1b:S904S;ORF1b:Y906Y;ORF1b:Y916S;ORF1b:T917S;ORF1b:T920T;ORF1b:N932Y;ORF1b:Q934L;ORF1b:C952S;ORF1b:T981K;ORF1b:T984I;ORF1b:S997*,8,271,0.029520295202952,0,
2262026,BA.2_0.05_abundance_0.15,G16158A;A16172C;A16179C;T16185C;A16214C;A16216T;A16227C;A16261T;A16268T;G16322C;C16409A;C16418T;C16457G,ORF1b:M897I;ORF1b:N902T;ORF1b:S904S;ORF1b:Y906Y;ORF1b:Y916S;ORF1b:T917S;ORF1b:T920T;ORF1b:N932Y;ORF1b:Q934L;ORF1b:C952S;ORF1b:T981K;ORF1b:T984I;ORF1b:S997*,21,473,0.0443974630021141,0,
2262026,BA.2_0.05_abundance_0.15,A16172C;A16179C;T16185C;A16214C;A16216T;A16227C;A16261T;A16268T;G16322C;C16409A;C16418T;C16457G,ORF1b:N902T;ORF1b:S904S;ORF1b:Y906Y;ORF1b:Y916S;ORF1b:T917S;ORF1b:T920T;ORF1b:N932Y;ORF1b:Q934L;ORF1b:C952S;ORF1b:T981K;ORF1b:T984I;ORF1b:S997*,13,685,0.018978102189781,0,
2262026,BA.2_0.05_abundance_0.15,T16778G;A16804C;T16809C;A16819C;A16824T;G16855C;T16863C;T16884G;A16889C;A16895C;T16911A;T16926C;T16931G;C16952A;C16961T;C17028T;T17052A;A17063G;A17101G,ORF1b:V1104G;ORF1b:N1113H;ORF1b:S1114S;ORF1b:I1118L;ORF1b:G1119G;ORF1b:D1130H;ORF1b:V1132V;ORF1b:T1139T;ORF1b:K1141T;ORF1b:N1143T;ORF1b:F1148L;ORF1b:H1153H;ORF1b:V1155G;ORF1b:T1162K;ORF1b:P1165L;ORF1b:S1187S;ORF1b:V1195V;ORF1b:K1199R;ORF1b:S1212G,12,121,0.0991735537190082,0,
2262026,BA.2_0.05_abundance_0.15,A16804C;T16809C;A16819C;A16824T;G16855C;T16863C;T16884G;A16889C;A16895C;T16911A;T16926C;T16931G;C16952A;C16961T;C17028T;T17052A;A17063G;A17101G,ORF1b:N1113H;ORF1b:S1114S;ORF1b:I1118L;ORF1b:G1119G;ORF1b:D1130H;ORF1b:V1132V;ORF1b:T1139T;ORF1b:K1141T;ORF1b:N1143T;ORF1b:F1148L;ORF1b:H1153H;ORF1b:V1155G;ORF1b:T1162K;ORF1b:P1165L;ORF1b:S1187S;ORF1b:V1195V;ORF1b:K1199R;ORF1b:S1212G,41,855,0.047953216374269,0,
2262026,BA.2_0.05_abundance_0.15,A16804C;T16809C;A16819C;A16824T;G16855C;T16863C;T16884G;A16889C;A16895C;T16911A;T16926C;T16931G;C16952A;C16961T;C17028T;T17052A;A17063G;A17101G;G17117T;C17119T,ORF1b:N1113H;ORF1b:S1114S;ORF1b:I1118L;ORF1b:G1119G;ORF1b:D1130H;ORF1b:V1132V;ORF1b:T1139T;ORF1b:K1141T;ORF1b:N1143T;ORF1b:F1148L;ORF1b:H1153H;ORF1b:V1155G;ORF1b:T1162K;ORF1b:P1165L;ORF1b:S1187S;ORF1b:V1195V;ORF1b:K1199R;ORF1b:S1212G;ORF1b:G1217V;ORF1b:L1218L,5,122,0.040983606557377,0,
2262026,BA.2_0.05_abundance_0.15,A16804C;T16809C;A16819C;A16824T;G16855C;T16863C;T16884G;A16889C;A16895C;T16911A;T16926C;T16931G;C16952A;C16961T;C17028T;T17052A;A17063G,ORF1b:N1113H;ORF1b:S1114S;ORF1b:I1118L;ORF1b:G1119G;ORF1b:D1130H;ORF1b:V1132V;ORF1b:T1139T;ORF1b:K1141T;ORF1b:N1143T;ORF1b:F1148L;ORF1b:H1153H;ORF1b:V1155G;ORF1b:T1162K;ORF1b:P1165L;ORF1b:S1187S;ORF1b:V1195V;ORF1b:K1199R,10,949,0.0105374077976817,0,
2262026,BA.2_0.05_abundance_0.15,A17101G;G17117T;C17119T;T17126C;G17162A;T17166C;T17169A;A17199C;T17210C;T17255A;T17263A;A17270G;A17294G;A17300G;T17306C;G17320A;G17331A;A17332T;T17353A;G17359C;T17400G;C17410T,ORF1b:S1212G;ORF1b:G1217V;ORF1b:L1218L;ORF1b:L1220P;ORF1b:C1232Y;ORF1b:S1233S;ORF1b:H1234Q;ORF1b:A1244A;ORF1b:L1248S;ORF1b:V1263E;ORF1b:F1266I;ORF1b:K1268R;ORF1b:E1276G;ORF1b:Y1278C;ORF1b:F1280S;ORF1b:A1285T;ORF1b:E1288E;ORF1b:T1289S;ORF1b:F1296I;ORF1b:E1298Q;ORF1b:N1311K;ORF1b:R1315C,52,926,0.0561555075593952,0,
2262026,BA.2_0.05_abundance_0.15,A17101G;G17117T;C17119T;T17126C;G17162A;T17166C;T17169A;A17199C;T17210C;T17255A;T17263A;A17270G;A17294G;A17300G;T17306C;G17320A;G17331A;A17332T;T17353A;G17359C;T17400G,ORF1b:S1212G;ORF1b:G1217V;ORF1b:L1218L;ORF1b:L1220P;ORF1b:C1232Y;ORF1b:S1233S;ORF1b:H1234Q;ORF1b:A1244A;ORF1b:L1248S;ORF1b:V1263E;ORF1b:F1266I;ORF1b:K1268R;ORF1b:E1276G;ORF1b:Y1278C;ORF1b:F1280S;ORF1b:A1285T;ORF1b:E1288E;ORF1b:T1289S;ORF1b:F1296I;ORF1b:E1298Q;ORF1b:N1311K,24,1318,0.0182094081942336,0,
2262026,BA.2_0.05_abundance_0.15,A17101G;G17117T;C17119T;T17126C;C17156T;G17162A;T17166C;T17169A;A17199C;T17210C;T17255A;T17263A;A17270G;A17294G;A17300G;T17306C;G17320A;G17331A;A17332T;T17353A;G17359C;T17400G;C17410T,ORF1b:S1212G;ORF1b:G1217V;ORF1b:L1218L;ORF1b:L1220P;ORF1b:T1230I;ORF1b:C1232Y;ORF1b:S1233S;ORF1b:H1234Q;ORF1b:A1244A;ORF1b:L1248S;ORF1b:V1263E;ORF1b:F1266I;ORF1b:K1268R;ORF1b:E1276G;ORF1b:Y1278C;ORF1b:F1280S;ORF1b:A1285T;ORF1b:E1288E;ORF1b:T1289S;ORF1b:F1296I;ORF1b:E1298Q;ORF1b:N1311K;ORF1b:R1315C,14,926,0.0151187904967602,0,
2262026,BA.2_0.05_abundance_0.15,G17117T;C17119T;T17126C;G17162A;T17166C;T17169A;A17199C;T17210C;T17255A;T17263A;A17270G;A17294G;A17300G;T17306C;G17320A;G17331A;A17332T;T17353A;G17359C;T17400G,ORF1b:G1217V;ORF1b:L1218L;ORF1b:L1220P;ORF1b:C1232Y;ORF1b:S1233S;ORF1b:H1234Q;ORF1b:A1244A;ORF1b:L1248S;ORF1b:V1263E;ORF1b:F1266I;ORF1b:K1268R;ORF1b:E1276G;ORF1b:Y1278C;ORF1b:F1280S;ORF1b:A1285T;ORF1b:E1288E;ORF1b:T1289S;ORF1b:F1296I;ORF1b:E1298Q;ORF1b:N1311K,40,3517,0.0113733295422234,0,
2262026,BA.2_0.05_abundance_0.15,G17117T;C17119T;T17126C;G17162A;T17166C;T17169A;A17199C;T17210C;T17255A;T17263A;A17270G;A17294G;A17300G;T17306C;G17320A;G17331A;A17332T;T17353A;G17359C;T17400G;C17410T,ORF1b:G1217V;ORF1b:L1218L;ORF1b:L1220P;ORF1b:C1232Y;ORF1b:S1233S;ORF1b:H1234Q;ORF1b:A1244A;ORF1b:L1248S;ORF1b:V1263E;ORF1b:F1266I;ORF1b:K1268R;ORF1b:E1276G;ORF1b:Y1278C;ORF1b:F1280S;ORF1b:A1285T;ORF1b:E1288E;ORF1b:T1289S;ORF1b:F1296I;ORF1b:E1298Q;ORF1b:N1311K;ORF1b:R1315C,85,2497,0.0340408490188225,0,
2262026,BA.2_0.05_abundance_0.15,C17156T;C17410T,ORF1b:T1230I;ORF1b:R1315C,420,2497,0.1682018422106528,226,BA.4.1:9;BA.4.2:3;BQ.1.1.24:1;BQ.1.1:19;BN.1.4:6;BA.2.75:10;BA.2:59;BA.5.2.1:10;BA.4.6:4;BA.5.2:17;BA.5.1:9;DF.1:5;BA.5:2;BA.5.2.27:8;BA.2.9:17;BA.5.2.28:1;BA.2.18:3;BF.22:1;BA.2.21:3;BQ.1.1.18:5;BA.2.12.1:2;CK.1:1;BA.2.3:4;BG.2:1;BA.4:1;BA.5.1.23:2;BF.21:1;BA.2.12:2;CL.1:1;BQ.1.23:1;BA.5.5:3;BA.2.9.2:2;BE.1.1:1;BA.5.2.20:2;BA.2.7:1;BA.2.13:1;XBB.1.5:1;AY.87:1;BF.7:1;BF.13:1;BA.2.9.5:1;BA.5.1.4:1;DL.1:2
2262026,BA.2_0.05_abundance_0.15,C17410T;C17528G,ORF1b:R1315C;ORF1b:T1354S,60,265,0.2264150943396226,0,
2262026,BA.2_0.05_abundance_0.15,G17749C;G17753T;A17775T;A17787G;A17791T;T17812A;G17815T;A17823G;A17853C;T17859A;A17889T;T17978C;A17984T,ORF1b:A1428P;ORF1b:W1429L;ORF1b:S1436S;ORF1b:S1440S;ORF1b:N1442Y;ORF1b:L1449M;ORF1b:G1450*;ORF1b:P1452P;ORF1b:S1462S;ORF1b:Y1464*;ORF1b:E1474D;ORF1b:L1504P;ORF1b:D1506V,5,186,0.0268817204301075,0,
2262026,BA.2_0.05_abundance_0.15,G17749C;G17753T;A17775T;A17791T;T17812A;G17815T;A17823G;A17853C;T17859A;A17889T;T17978C;A17984T,ORF1b:A1428P;ORF1b:W1429L;ORF1b:S1436S;ORF1b:N1442Y;ORF1b:L1449M;ORF1b:G1450*;ORF1b:P1452P;ORF1b:S1462S;ORF1b:Y1464*;ORF1b:E1474D;ORF1b:L1504P;ORF1b:D1506V,10,186,0.053763440860215,0,
2262026,BA.2_0.05_abundance_0.15,A18163G;T18256C,ORF1b:I1566V;ORF1b:F1597L,190,1322,0.1437216338880484,0,
2262026,BA.2_0.05_abundance_0.15,G18677A;C18705A,ORF1b:R1737H;ORF1b:D1746E,24,1225,0.0195918367346938,0,
2262026,BA.2_0.05_abundance_0.15,G18677A;T18738C,ORF1b:R1737H;ORF1b:F1757F,28,1225,0.0228571428571428,0,
2262026,BA.2_0.05_abundance_0.15,G18677A;A18952T,ORF1b:R1737H;ORF1b:I1829F,5,35,0.1428571428571428,0,
2262026,BA.2_0.05_abundance_0.15,A18952T;C19042T,ORF1b:I1829F;ORF1b:P1859S,26,1918,0.013555787278415,0,
2262026,BA.2_0.05_abundance_0.15,A18952T;G18968A;A18969G;A18982G;T19016G;G19056A;A19073G;G19086A;T19110A;A19116G;A19123T;A19134G;T19139C;T19146G;T19149C;A19210G;G19211T;A19212C;G19219A;C19227T;T19233A;T19241C;T19248G;C19255G,ORF1b:I1829F;ORF1b:R1834K;ORF1b:R1834R;ORF1b:M1839V;ORF1b:F1850C;ORF1b:K1863K;ORF1b:D1869G;ORF1b:K1873K;ORF1b:S1881R;ORF1b:K1883K;ORF1b:K1886*;ORF1b:E1889E;ORF1b:F1891S;ORF1b:S1893S;ORF1b:Y1894Y;ORF1b:R1915G;ORF1b:R1915I;ORF1b:R1915S;ORF1b:A1918T;ORF1b:S1920S;ORF1b:V1922V;ORF1b:F1925S;ORF1b:T1927T;ORF1b:L1930V,18,1166,0.0154373927958833,0,
2262026,BA.2_0.05_abundance_0.15,G18968A;A18969G;A18982G;T19016G;G19056A;A19073G;G19086A;T19110A;A19116G;A19123T;A19134G;T19139C;T19146G;T19149C;A19210G;G19211T;A19212C;G19219A;C19227T;T19233A;T19241C,ORF1b:R1834K;ORF1b:R1834R;ORF1b:M1839V;ORF1b:F1850C;ORF1b:K1863K;ORF1b:D1869G;ORF1b:K1873K;ORF1b:S1881R;ORF1b:K1883K;ORF1b:K1886*;ORF1b:E1889E;ORF1b:F1891S;ORF1b:S1893S;ORF1b:Y1894Y;ORF1b:R1915G;ORF1b:R1915I;ORF1b:R1915S;ORF1b:A1918T;ORF1b:S1920S;ORF1b:V1922V;ORF1b:F1925S,20,1701,0.0117577895355673,0,
2262026,BA.2_0.05_abundance_0.15,G18968A;A18969G;A18982G;T19016G;G19056A;A19073G;G19086A;T19110A;A19116G;A19123T;A19134G;T19139C;T19146G;T19149C;A19210G;G19211T;A19212C;G19219A;C19227T;T19233A;T19241C;T19248G;C19255G,ORF1b:R1834K;ORF1b:R1834R;ORF1b:M1839V;ORF1b:F1850C;ORF1b:K1863K;ORF1b:D1869G;ORF1b:K1873K;ORF1b:S1881R;ORF1b:K1883K;ORF1b:K1886*;ORF1b:E1889E;ORF1b:F1891S;ORF1b:S1893S;ORF1b:Y1894Y;ORF1b:R1915G;ORF1b:R1915I;ORF1b:R1915S;ORF1b:A1918T;ORF1b:S1920S;ORF1b:V1922V;ORF1b:F1925S;ORF1b:T1927T;ORF1b:L1930V,67,1166,0.0574614065180102,0,
2262026,BA.2_0.05_abundance_0.15,G18968A;A18969G;A18982G;T19016G;G19056A;A19073G;G19086A;T19110A;A19116G;A19123T;A19134G;T19139C;T19146G;T19149C;A19210G;G19211T;A19212C;G19219A;C19227T;T19233A;T19241C;T19248G,ORF1b:R1834K;ORF1b:R1834R;ORF1b:M1839V;ORF1b:F1850C;ORF1b:K1863K;ORF1b:D1869G;ORF1b:K1873K;ORF1b:S1881R;ORF1b:K1883K;ORF1b:K1886*;ORF1b:E1889E;ORF1b:F1891S;ORF1b:S1893S;ORF1b:Y1894Y;ORF1b:R1915G;ORF1b:R1915I;ORF1b:R1915S;ORF1b:A1918T;ORF1b:S1920S;ORF1b:V1922V;ORF1b:F1925S;ORF1b:T1927T,25,1542,0.0162127107652399,0,
2262026,BA.2_0.05_abundance_0.15,G20291C;C20344A,ORF1b:R2275P;ORF1b:H2293N,24,141,0.1702127659574468,0,
2262026,BA.2_0.05_abundance_0.15,G20548A;T20563A;T20570C;T20573G;T20579G;T20606G;T20609A;G20616T;G20618A;T20625G;C20629T;C20646A;T20671C;T20690G;G20691C;T20701G;A20711G;T20717A;T20723C;A20744T;A20766G;C20790T;A20796T;G20808C,ORF1b:D2361N;ORF1b:S2366T;ORF1b:V2368A;ORF1b:V2369G;ORF1b:V2371G;ORF1b:F2380C;ORF1b:M2381K;ORF1b:W2383C;ORF1b:C2384Y;ORF1b:D2386E;ORF1b:H2388Y;ORF1b:Y2393*;ORF1b:W2402R;ORF1b:M2408R;ORF1b:M2408I;ORF1b:Y2412D;ORF1b:Q2415R;ORF1b:M2417K;ORF1b:L2419S;ORF1b:N2426I;ORF1b:L2433L;ORF1b:V2441V;ORF1b:K2443N;ORF1b:L2447L,40,477,0.0838574423480083,0,
2262026,BA.2_0.05_abundance_0.15,T21702C;A21720T;T21756A;A21768C;G21795C;T21818C;C21843A;A21858G;G21869C;G21873T;A21875G;C21904G;C21910T;A21913T;A21917T;A21923C;T21937C;C21962A;G21987A,S:V47A;S:D53V;S:F65Y;S:H69P;S:R78T;S:F86L;S:S94Y;S:N99S;S:G103R;S:W104L;S:I105V;S:T114T;S:S116S;S:L117L;S:I119F;S:N121H;S:N125N;S:Q134K;S:G142D,102,1085,0.0940092165898617,0,
2262026,BA.2_0.05_abundance_0.15,G22141A;T22200G,S:V193V;S:V213G,378,462,0.8181818181818182,49,BA.5.2:15;BA.2.9:6;BQ.1.1.12:1;BA.4.6:1;BA.2.10:1;BF.13:6;BA.2.12.1:1;BF.5:2;BA.5.2.1:2;BA.5.2.20:1;BA.2:2;BA.5.1:5;BA.5.2.2:1;BA.2.3:1;BA.2.75:1;BQ.1.1:1;BA.2.7:1;BA.4:1
2262026,BA.2_0.05_abundance_0.15,G22992A;C22995A;A23013C;A23040G;A23055G;A23116T,S:S477N;S:T478K;S:E484A;S:Q493R;S:Q498R;S:L518L,50,94,0.5319148936170213,14,BA.1:4;BA.1.1:3;BA.2:6;BA.1.14:1
2262026,BA.2_0.05_abundance_0.15,T23221G;A23403G;A23450T,S:T553T;S:D614G;S:T630S,756,2757,0.2742110990206746,0,
2262026,BA.2_0.05_abundance_0.15,T23221G;A23403G,S:T553T;S:D614G,1370,2763,0.4958378574013753,40,AY.25:1;B.1.1:1;B.1.1.10:5;AY.4:3;BA.1.1:6;B.1.1.519:4;B.1.1.7:2;B.1.351:1;B.1:1;AY.103:2;AY.127:7;CP.2:1;AY.34.1:2;BE.4:1;AY.69:1;BA.5.2.1:1;BA.4.1:1
2262026,BA.2_0.05_abundance_0.15,A23403G;A23450T,S:D614G;S:T630S,234,2759,0.0848133381660021,37,AY.39:1;AY.4:11;AY.46:8;AY.20:2;AY.116.1:1;BA.2:1;BA.1:1;BQ.1:1;BF.22:1;AY.29:1;AY.103:2;BA.2.12.1:1;AY.44:2;C.37:1;B.1.429:1;B.1.1.359:1;BA.1.1:1
2262026,BA.2_0.05_abundance_0.15,G24740C;T24754A;G24757C;C24801G;A24820T;T24829A;A24860G;A24874C;C24878G;T24887G;A24894G;T24906G;G24933A;A24950G;T24951G;C24964G;C24986T;C25000T,S:V1060L;S:H1064Q;S:V1065V;S:A1080G;S:K1086N;S:F1089L;S:T1100A;S:V1104V;S:Q1106E;S:F1109V;S:E1111G;S:I1115S;S:G1124D;S:I1130V;S:I1130R;S:N1134K;S:Q1142*;S:D1146D,142,2397,0.0592407175636212,0,
2262026,BA.2_0.05_abundance_0.15,T24754A;C25000T,S:H1064Q;S:D1146D,1649,2436,0.6769293924466339,1,BN.1.3:1
2262026,BA.2_0.05_abundance_0.15,T24754A;C24919T;C25000T,S:H1064Q;S:N1119N;S:D1146D,203,2436,0.0833333333333333,0,
2262026,BA.2_0.05_abundance_0.15,A25360C;A25367G;T25414C;T25461A;A25462C;C25584T,S:K1266N;S:K1269E;ORF3a:F8L;ORF3a:A23A;ORF3a:T24P;ORF3a:T64T,62,2155,0.0287703016241299,0,
2262026,BA.2_0.05_abundance_0.15,A25360C;A25367G;T25414C;G25456A;T25461A;A25462C;C25584T;T25633A,S:K1266N;S:K1269E;ORF3a:F8L;ORF3a:D22N;ORF3a:A23A;ORF3a:T24P;ORF3a:T64T;ORF3a:C81S,11,1075,0.0102325581395348,0,
2262026,BA.2_0.05_abundance_0.15,A25360C;A25367G;T25414C;T25461A;A25462C;C25584T;T25633A,S:K1266N;S:K1269E;ORF3a:F8L;ORF3a:A23A;ORF3a:T24P;ORF3a:T64T;ORF3a:C81S,55,1075,0.0511627906976744,0,
2262026,BA.2_0.05_abundance_0.15,A25360C;A25367G;T25414C;T25461A;A25462C;T25502C;C25584T,S:K1266N;S:K1269E;ORF3a:F8L;ORF3a:A23A;ORF3a:T24P;ORF3a:I37T;ORF3a:T64T,27,2155,0.0125290023201856,0,
2262026,BA.2_0.05_abundance_0.15,A25360C;A25367G;T25414C;T25461A;A25462C;T25502C;C25584T;T25633A,S:K1266N;S:K1269E;ORF3a:F8L;ORF3a:A23A;ORF3a:T24P;ORF3a:I37T;ORF3a:T64T;ORF3a:C81S,23,1075,0.0213953488372093,0,
2262026,BA.2_0.05_abundance_0.15,G25456A;C25584T,ORF3a:D22N;ORF3a:T64T,113,2157,0.0523875753361149,1108,BA.5.1:8;BA.2.10:10;BF.5:5;BA.1.1:66;BA.1.1.14:7;BA.2.3.1:457;BA.2:113;BF.1:3;BA.4.6:31;BA.2.1:4;BA.1.17.2:1;BA.1.1.18:3;BA.5.2:5;BA.4.1:3;BA.5.6:6;BA.2.3:234;BF.7:3;BA.1:14;BA.4.1.8:20;XN:1;BA.5.5:2;BA.2.12.1:45;BQ.1.1:2;BQ.1.1.2:1;BA.1.1.2:2;BQ.1.14:1;BA.1.15.1:1;BA.5.2.20:2;BA.1.18:2;BA.2.9:8;BA.1.17:4;BF.7.5:2;BA.5.2.26:21;BA.1.1.6:1;XBB.2:1;BH.1:1;BA.1.1.10:1;BA.1.15:1;BA.1.21:2;BA.1.1.15:1;BA.5.2.1:6;BA.2.40.1:3;BA.5.2.12:1;BA.5.1.28:1;XBB.1:1;BF.10:1
2262026,BA.2_0.05_abundance_0.15,G25456A;T25502C;C25584T,ORF3a:D22N;ORF3a:I37T;ORF3a:T64T,39,2157,0.0180806675938803,1,BA.2:1
2262026,BA.2_0.05_abundance_0.15,T25558C;C25584T,ORF3a:F56L;ORF3a:T64T,74,2157,0.0343069077422345,120,BA.1.1.2:2;B.1.617.2:1;BQ.1.1.3:7;BA.1.10:18;BA.2.24:1;BA.2:25;BA.2.9:2;BA.5.2.1:5;BE.1.1:2;BA.1.1:25;BA.4.1:1;BQ.1.1.7:1;BQ.1.1:2;BA.1.17:1;BA.2.37:2;BF.1:1;BA.1:9;BA.5.2.20:1;BA.5.2:3;BA.1.14.1:1;BA.5:1;BA.2.12.1:3;BA.5.1:3;B.1.1.529:1;BA.5.1.1:1;BF.21:1
2262026,BA.2_0.05_abundance_0.15,C26270T;C26309G;G26314C;T26355C;C26376G;A26380C;T26409G;C26421G;A26472T;T26524A,E:T9I;E:A22G;E:V24L;E:L37L;E:C44W;E:I46L;E:S55S;E:Y59*;E:*76TyrexX;M:MX,18,1537,0.0117111255692908,0,
2262026,BA.2_0.05_abundance_0.15,C26270T;C26309G;G26314C;T26355C;C26376G;A26380C;T26409G;C26421G;A26472T;T26524A;A26541C,E:T9I;E:A22G;E:V24L;E:L37L;E:C44W;E:I46L;E:S55S;E:Y59*;E:*76TyrexX;M:MX;M:T7P,117,1329,0.0880361173814898,0,
2262026,BA.2_0.05_abundance_0.15,C26577G;T26609A;G26709A;C26858T,M:Q19E;M:L29L;M:A63T;M:F112F,99,1403,0.0705630791161796,1,BA.2:1
2262026,BA.2_0.05_abundance_0.15,C26577G;T26609A;G26709A,M:Q19E;M:L29L;M:A63T,20,1597,0.0125234815278647,2,BA.2:1;BA.1.1:1
2262026,BA.2_0.05_abundance_0.15,C27208A;G27225T;A27246C;A27259C;G27261C;C27263T;G27281A;T27291G;T27296G;A27317T;A27321C;G27327T;T27328G;A27359G;A27372G;G27382C;A27383T;T27384C;A27399G;G27420A;C27427A;G27430T;C27434A;T27483G;A27491T;C27494A,ORF6:H3N;ORF6:Q8H;ORF6:L15F;ORF6:R20R;ORF6:R20S;ORF6:T21I;ORF6:W27*;ORF6:D30E;ORF6:I32S;ORF6:N39I;ORF6:L40F;ORF6:K42N;ORF6:S43A;ORF6:D53G;ORF6:P57P;ORF6:D61H;ORF6:D61V;ORF6:D61D;ORF7a:K2K;ORF7a:L9L;ORF7a:L12I;ORF7a:A13S;ORF7a:T14N;ORF7a:L30L;ORF7a:E33V;ORF7a:P34H,42,473,0.0887949260042283,0,
2262026,BA.2_0.05_abundance_0.15,C27208A;G27225T;A27246C;A27259C;G27261C;C27263T;G27281A;T27291G;T27296G;A27317T;A27321C;G27327T;T27328G;A27359G;A27372G;G27382C;A27383T;T27384C;A27399G;G27420A;C27427A;G27430T;C27434A;T27483G,ORF6:H3N;ORF6:Q8H;ORF6:L15F;ORF6:R20R;ORF6:R20S;ORF6:T21I;ORF6:W27*;ORF6:D30E;ORF6:I32S;ORF6:N39I;ORF6:L40F;ORF6:K42N;ORF6:S43A;ORF6:D53G;ORF6:P57P;ORF6:D61H;ORF6:D61V;ORF6:D61D;ORF7a:K2K;ORF7a:L9L;ORF7a:L12I;ORF7a:A13S;ORF7a:T14N;ORF7a:L30L,26,1057,0.0245979186376537,0,
2262026,BA.2_0.05_abundance_0.15,C27208A;G27225T;A27246C;A27259C;G27261C;C27263T;G27281A;T27291G;T27296G;A27317T;A27321C;G27327T;T27328G;A27359G;A27372G;G27382C;A27383T;T27384C;A27399G;G27420A;C27427A;G27430T;C27434A;T27483G;A27491T,ORF6:H3N;ORF6:Q8H;ORF6:L15F;ORF6:R20R;ORF6:R20S;ORF6:T21I;ORF6:W27*;ORF6:D30E;ORF6:I32S;ORF6:N39I;ORF6:L40F;ORF6:K42N;ORF6:S43A;ORF6:D53G;ORF6:P57P;ORF6:D61H;ORF6:D61V;ORF6:D61D;ORF7a:K2K;ORF7a:L9L;ORF7a:L12I;ORF7a:A13S;ORF7a:T14N;ORF7a:L30L;ORF7a:E33V,15,778,0.0192802056555269,0,
2262026,BA.2_0.05_abundance_0.15,A28446G;C28491A;C28500T;G28514T;T28524C;T28529G;A28547T;G28548C;T28561A;A28652G;A28692C;A28709C,N:Q58R;N:P73Q;N:T76I;N:D81Y;N:I84T;N:Y86D;N:R92*;N:R92T;N:G96G;N:K127E;N:N140T;N:I146L,98,1181,0.0829805249788315,0,
2262026,BA.2_0.05_abundance_0.15,A28446G;C28491A;C28500T;G28514T;T28524C;T28529G;A28547T;G28548C;T28561A;A28652G;A28692C;A28709C;C28748A,N:Q58R;N:P73Q;N:T76I;N:D81Y;N:I84T;N:Y86D;N:R92*;N:R92T;N:G96G;N:K127E;N:N140T;N:I146L;N:L159I,5,89,0.0561797752808988,0,
2262026,BA.2_0.05_abundance_0.15,A29016T;G29030T;T29036G;C29048G;G29058T;A29078G;A29089G;C29091A;C29118G;G29156A;C29187A;T29194G;G29202A;G29240C;A29241G;G29254T;C29259T;T29264A;T29293G;C29304G;A29313C,N:K248M;N:E253*;N:S255A;N:R259G;N:R262L;N:N269D;N:Q272Q;N:A273D;N:T282S;N:G295R;N:A305E;N:F307L;N:S310N;N:E323Q;N:E323G;N:S327S;N:T329M;N:L331M;N:D340E;N:P344R;N:K347T,39,490,0.0795918367346938,0,
2262026,BA.2_0.05_abundance_0.15,G29030T;T29036G;C29048G;G29058T;A29078G;A29089G;C29091A;C29118G;G29156A;C29187A;T29194G;G29202A;G29240C;A29241G;G29254T;C29259T;T29264A;T29293G;C29304G;A29313C,N:E253*;N:S255A;N:R259G;N:R262L;N:N269D;N:Q272Q;N:A273D;N:T282S;N:G295R;N:A305E;N:F307L;N:S310N;N:E323Q;N:E323G;N:S327S;N:T329M;N:L331M;N:D340E;N:P344R;N:K347T,195,3067,0.0635800456472122,0,
3052026,BA.2_0.05_abundance_0.15,G269C;A297C;C307A;T312A;T334C;C344T;G353C;G359T;T369G,ORF1a:E2Q;ORF1a:K11T;ORF1a:V14V;ORF1a:L16H;ORF1a:V23V;ORF1a:L27F;ORF1a:G30R;ORF1a:G32*;ORF1a:V35G,46,356,0.1292134831460674,0,
3052026,BA.2_0.05_abundance_0.15,G269C;A297C;C307A;T312A;T334C;C344T;G353C;G359T,ORF1a:E2Q;ORF1a:K11T;ORF1a:V14V;ORF1a:L16H;ORF1a:V23V;ORF1a:L27F;ORF1a:G30R;ORF1a:G32*,25,509,0.0491159135559921,0,
3052026,BA.2_0.05_abundance_0.15,C344T;G353C;G359T;T369G;C449T;G470T;G483C;G524T;G542T;G564C;T580G;C609T;A610C;G636A;A647C;A655T;T658C;T670G,ORF1a:L27F;ORF1a:G30R;ORF1a:G32*;ORF1a:V35G;ORF1a:P62S;ORF1a:V69L;ORF1a:R73P;ORF1a:E87*;ORF1a:E93*;ORF1a:S100T;ORF1a:G105G;ORF1a:P115L;ORF1a:P115P;ORF1a:R124H;ORF1a:N128H;ORF1a:G130G;ORF1a:A131A;ORF1a:S135R,20,186,0.1075268817204301,0,
3052026,BA.2_0.05_abundance_0.15,G353C;G359T;T369G;C449T;G470T;G483C;G524T;G542T;G564C;T580G;C609T;A610C;G636A;A647C;A655T;T658C;T670G,ORF1a:G30R;ORF1a:G32*;ORF1a:V35G;ORF1a:P62S;ORF1a:V69L;ORF1a:R73P;ORF1a:E87*;ORF1a:E93*;ORF1a:S100T;ORF1a:G105G;ORF1a:P115L;ORF1a:P115P;ORF1a:R124H;ORF1a:N128H;ORF1a:G130G;ORF1a:A131A;ORF1a:S135R,78,795,0.0981132075471698,0,
3052026,BA.2_0.05_abundance_0.15,G359T;T369G;C449T;G470T;G483C;G524T;G542T;G564C;T580G;C609T;A610C;G636A;A647C;A655T;T658C;T670G,ORF1a:G32*;ORF1a:V35G;ORF1a:P62S;ORF1a:V69L;ORF1a:R73P;ORF1a:E87*;ORF1a:E93*;ORF1a:S100T;ORF1a:G105G;ORF1a:P115L;ORF1a:P115P;ORF1a:R124H;ORF1a:N128H;ORF1a:G130G;ORF1a:A131A;ORF1a:S135R,150,2004,0.0748502994011976,0,
3052026,BA.2_0.05_abundance_0.15,T369G;C449T;G470T;G483C;G524T;G542T;G564C;T580G;C609T;A610C;G636A;A647C;A655T;T658C;T670G,ORF1a:V35G;ORF1a:P62S;ORF1a:V69L;ORF1a:R73P;ORF1a:E87*;ORF1a:E93*;ORF1a:S100T;ORF1a:G105G;ORF1a:P115L;ORF1a:P115P;ORF1a:R124H;ORF1a:N128H;ORF1a:G130G;ORF1a:A131A;ORF1a:S135R,207,3362,0.061570493753718,0,
3052026,BA.2_0.05_abundance_0.15,T612A;T670G,ORF1a:V116E;ORF1a:S135R,106,3368,0.0314726840855106,61,BA.2:43;BA.5.6:2;BA.5.5:1;BA.4.6:2;BA.2.9:1;BA.5.2:3;BA.5.1.22:2;BE.3:1;BA.5.1:1;BA.2.12.1:1;BA.2.52:1;BE.1.1:1;BA.5.2.1:1;BQ.1.1.1:1
3052026,BA.2_0.05_abundance_0.15,T1623A;C1628A;A1629T;A1644G;A1646C;A1731C;T1745C;G1782C;G1784C;G1827A;A1829G;A1849T;A1852T;C1878G;G1883A,ORF1a:I453K;ORF1a:Q455K;ORF1a:Q455L;ORF1a:N460S;ORF1a:I461L;ORF1a:E489A;ORF1a:L494L;ORF1a:C506S;ORF1a:G507R;ORF1a:W521*;ORF1a:N522D;ORF1a:S528S;ORF1a:I529I;ORF1a:S538*;ORF1a:A540T,459,3121,0.1470682473566164,0,
3052026,BA.2_0.05_abundance_0.15,T1623A;C1628A;A1629T;A1644G;A1646C;A1731C;T1745C;G1782C;G1784C,ORF1a:I453K;ORF1a:Q455K;ORF1a:Q455L;ORF1a:N460S;ORF1a:I461L;ORF1a:E489A;ORF1a:L494L;ORF1a:C506S;ORF1a:G507R,37,3344,0.0110645933014354,0,
3052026,BA.2_0.05_abundance_0.15,A2057T;A2133G,ORF1a:M598L;ORF1a:K623R,33,102,0.3235294117647059,0,
3052026,BA.2_0.05_abundance_0.15,G2324T;C2472T,ORF1a:A687S;ORF1a:P736L,11,49,0.2244897959183673,0,
3052026,BA.2_0.05_abundance_0.15,A2543T;A2554T;G2564T;C2567A;G2604C;T2605G;A2608G;A2645T;C2662G;C2708A;T2709A;A2725C;A2748T;A2766T;T2771C;C2790T;A2807C;A2848T;G2849C,ORF1a:T760S;ORF1a:L763F;ORF1a:E767*;ORF1a:Q768K;ORF1a:G780A;ORF1a:G780G;ORF1a:T781T;ORF1a:K794*;ORF1a:Y799*;ORF1a:L815I;ORF1a:L815H;ORF1a:P820P;ORF1a:D828V;ORF1a:Q834L;ORF1a:Y836H;ORF1a:T842I;ORF1a:R848R;ORF1a:T861T;ORF1a:V862L,81,539,0.150278293135436,0,
3052026,BA.2_0.05_abundance_0.15,A2554T;G2564T;C2567A;G2604C;T2605G;A2608G;A2645T;C2662G;C2708A;T2709A;A2725C;A2748T;A2766T;T2771C;C2790T;A2807C;A2848T;G2849C,ORF1a:L763F;ORF1a:E767*;ORF1a:Q768K;ORF1a:G780A;ORF1a:G780G;ORF1a:T781T;ORF1a:K794*;ORF1a:Y799*;ORF1a:L815I;ORF1a:L815H;ORF1a:P820P;ORF1a:D828V;ORF1a:Q834L;ORF1a:Y836H;ORF1a:T842I;ORF1a:R848R;ORF1a:T861T;ORF1a:V862L,84,1083,0.077562326869806,0,
3052026,BA.2_0.05_abundance_0.15,T2930A;C3037T,ORF1a:L889I;ORF1a:F924F,270,1341,0.2013422818791946,18,AY.24:1;BA.2.3:1;AY.119.2:3;AY.43:1;AY.100:1;BE.3:1;BF.21:1;BA.1.1:2;AY.121:1;B.1.416:1;B.1.2:1;AY.122:1;AY.125:2;BQ.1.1:1
3052026,BA.2_0.05_abundance_0.15,C3037T;T3086A,ORF1a:F924F;ORF1a:F941I,48,1263,0.0380047505938242,8,AY.4:1;BA.5.6:1;BA.5.1:1;BA.1.15:3;AY.46:2
3052026,BA.2_0.05_abundance_0.15,A3186G;G3239C;T3265C;A3273G;A3277T;T3282G;T3283G;G3320A;A3341C;G3345C;A3357C;A3374C;A3381C;G3410C;C3426T;A3428T,ORF1a:E974G;ORF1a:D992H;ORF1a:T1000T;ORF1a:Q1003R;ORF1a:T1004T;ORF1a:V1006G;ORF1a:V1006V;ORF1a:V1019I;ORF1a:N1026H;ORF1a:S1027T;ORF1a:Y1031S;ORF1a:N1037H;ORF1a:Y1039S;ORF1a:A1049P;ORF1a:P1054L;ORF1a:T1055S,13,106,0.1226415094339622,0,
3052026,BA.2_0.05_abundance_0.15,G3824A;T3826C;T3827A;T3837A;T3843A;G3863C;A3895T;T3952A;T3981C;C3984T;A3989C;T4023A;A4034G;T4054G;A4079G;C4113G,ORF1a:V1187I;ORF1a:V1187V;ORF1a:S1188T;ORF1a:L1191*;ORF1a:M1193K;ORF1a:E1200Q;ORF1a:E1210D;ORF1a:D1229E;ORF1a:V1239A;ORF1a:T1240I;ORF1a:T1242P;ORF1a:L1253*;ORF1a:I1257V;ORF1a:L1263L;ORF1a:S1272G;ORF1a:A1283G,7,54,0.1296296296296296,0,
3052026,BA.2_0.05_abundance_0.15,T4329C;C4338A;T4365C;G4432T;A4451C;C4499A;T4530G;A4588C;G4592C;C4596G;A4604T;A4607G;T4608C;A4645T,ORF1a:I1355T;ORF1a:S1358Y;ORF1a:I1367T;ORF1a:M1389I;ORF1a:K1396Q;ORF1a:Q1412K;ORF1a:F1422C;ORF1a:L1441L;ORF1a:E1443Q;ORF1a:T1444S;ORF1a:T1447S;ORF1a:M1448V;ORF1a:M1448T;ORF1a:E1460D,11,87,0.1264367816091954,0,
3052026,BA.2_0.05_abundance_0.15,C4338A;T4365C;G4432T;A4451C;C4499A;T4530G;A4588C;G4592C;C4596G;A4604T;A4607G;T4608C;A4645T,ORF1a:S1358Y;ORF1a:I1367T;ORF1a:M1389I;ORF1a:K1396Q;ORF1a:Q1412K;ORF1a:F1422C;ORF1a:L1441L;ORF1a:E1443Q;ORF1a:T1444S;ORF1a:T1447S;ORF1a:M1448V;ORF1a:M1448T;ORF1a:E1460D,20,257,0.0778210116731517,0,
3052026,BA.2_0.05_abundance_0.15,G5625C;T5635G;G5708C;T5732A;G5750A;C5832G;T5854G;T5860G;G5861A;T5864G;T5909A,ORF1a:C1787S;ORF1a:G1790G;ORF1a:E1815Q;ORF1a:C1823S;ORF1a:G1829S;ORF1a:S1856C;ORF1a:I1863M;ORF1a:D1865E;ORF1a:V1866I;ORF1a:F1867V;ORF1a:Y1882N,59,494,0.1194331983805668,0,
3052026,BA.2_0.05_abundance_0.15,G5625C;T5635G;G5708C;T5732A;G5750A;C5832G;T5854G;T5860G;G5861A;T5864G,ORF1a:C1787S;ORF1a:G1790G;ORF1a:E1815Q;ORF1a:C1823S;ORF1a:G1829S;ORF1a:S1856C;ORF1a:I1863M;ORF1a:D1865E;ORF1a:V1866I;ORF1a:F1867V,10,589,0.0169779286926994,0,
3052026,BA.2_0.05_abundance_0.15,G5625C;T5635G;G5708C;T5732A;G5750A,ORF1a:C1787S;ORF1a:G1790G;ORF1a:E1815Q;ORF1a:C1823S;ORF1a:G1829S,12,646,0.0185758513931888,0,
3052026,BA.2_0.05_abundance_0.15,G6245T;A6276G;G6288A;T6298C;C6312G;A6325C;A6360C;A6425C;A6426G;A6466G;T6478G;T6489A;T6490A;A6493C,ORF1a:V1994F;ORF1a:K2004R;ORF1a:W2008*;ORF1a:R2011R;ORF1a:T2016R;ORF1a:E2020D;ORF1a:D2032A;ORF1a:N2054H;ORF1a:N2054S;ORF1a:K2067K;ORF1a:V2071V;ORF1a:I2075N;ORF1a:I2075I;ORF1a:I2076I,15,105,0.1428571428571428,0,
3052026,BA.2_0.05_abundance_0.15,T7075C;C7119G;T7141G;T7147C;T7168A;C7195G;A7208C;A7210C;T7226C;T7227C;T7228A;T7305C;T7341A;A7358G,ORF1a:Y2270Y;ORF1a:S2285C;ORF1a:L2292L;ORF1a:G2294G;ORF1a:Y2301*;ORF1a:T2310T;ORF1a:K2315Q;ORF1a:K2315N;ORF1a:F2321L;ORF1a:F2321S;ORF1a:F2321L;ORF1a:M2347T;ORF1a:I2359N;ORF1a:M2365V,6,67,0.0895522388059701,0,
3052026,BA.2_0.05_abundance_0.15,C7119G;T7141G;T7147C;T7168A;C7195G;A7208C;A7210C;T7226C;T7227C;T7228A;T7305C;T7341A;A7358G,ORF1a:S2285C;ORF1a:L2292L;ORF1a:G2294G;ORF1a:Y2301*;ORF1a:T2310T;ORF1a:K2315Q;ORF1a:K2315N;ORF1a:F2321L;ORF1a:F2321S;ORF1a:F2321L;ORF1a:M2347T;ORF1a:I2359N;ORF1a:M2365V,6,105,0.0571428571428571,0,
3052026,BA.2_0.05_abundance_0.15,T7341A;A7358G;T7425A;T7438A;A7448C;C7485G;C7518A;G7526A;A7548C;T7554G;G7561A;T7566G;T7576C;C7578A,ORF1a:I2359N;ORF1a:M2365V;ORF1a:F2387Y;ORF1a:Y2391*;ORF1a:K2395Q;ORF1a:S2407*;ORF1a:A2418E;ORF1a:V2421I;ORF1a:N2428T;ORF1a:V2430G;ORF1a:R2432R;ORF1a:F2434C;ORF1a:Y2437Y;ORF1a:A2438D,30,193,0.155440414507772,0,
3052026,BA.2_0.05_abundance_0.15,A7358G;T7425A;T7438A;A7448C;C7485G;C7518A;G7526A;A7548C;T7554G;G7561A;T7566G;T7576C;C7578A,ORF1a:M2365V;ORF1a:F2387Y;ORF1a:Y2391*;ORF1a:K2395Q;ORF1a:S2407*;ORF1a:A2418E;ORF1a:V2421I;ORF1a:N2428T;ORF1a:V2430G;ORF1a:R2432R;ORF1a:F2434C;ORF1a:Y2437Y;ORF1a:A2438D,46,511,0.0900195694716242,0,
3052026,BA.2_0.05_abundance_0.15,C8318G;T8328G;A8343C;C8354A;A8360C;T8361C;T8439G;T8477G;T8484C;A8492G;C8493T;A8504C;T8562G;A8565C;T8603G,ORF1a:P2685A;ORF1a:L2688R;ORF1a:D2693A;ORF1a:R2697S;ORF1a:I2699L;ORF1a:I2699T;ORF1a:L2725R;ORF1a:L2738V;ORF1a:F2740S;ORF1a:T2743A;ORF1a:T2743I;ORF1a:T2747P;ORF1a:V2766G;ORF1a:N2767T;ORF1a:F2780V,49,552,0.0887681159420289,0,
3052026,BA.2_0.05_abundance_0.15,C8318G;T8328G;A8343C;C8354A;A8360C;T8361C;T8439G;T8477G;T8484C;A8492G;C8493T;T8562G;A8565C;T8603G,ORF1a:P2685A;ORF1a:L2688R;ORF1a:D2693A;ORF1a:R2697S;ORF1a:I2699L;ORF1a:I2699T;ORF1a:L2725R;ORF1a:L2738V;ORF1a:F2740S;ORF1a:T2743A;ORF1a:T2743I;ORF1a:V2766G;ORF1a:N2767T;ORF1a:F2780V,34,553,0.0614828209764918,0,
3052026,BA.2_0.05_abundance_0.15,C8318G;T8328G;A8343C;C8354A;A8360C;T8361C;T8439G;T8477G;T8484C;A8492G;C8493T,ORF1a:P2685A;ORF1a:L2688R;ORF1a:D2693A;ORF1a:R2697S;ORF1a:I2699L;ORF1a:I2699T;ORF1a:L2725R;ORF1a:L2738V;ORF1a:F2740S;ORF1a:T2743A;ORF1a:T2743I,9,626,0.0143769968051118,0,
3052026,BA.2_0.05_abundance_0.15,G8648C;T8906A,ORF1a:V2795L;ORF1a:F2881I,19,1367,0.0138990490124359,0,
3052026,BA.2_0.05_abundance_0.15,C9534T;G9623C,ORF1a:T3090I;ORF1a:V3120L,10,131,0.0763358778625954,0,
3052026,BA.2_0.05_abundance_0.15,A10005G;C10020G;C10029T;T10035G;T10047A;T10049G;G10059T;C10078T;A10090G;C9836G;G9856A;T9860G;A9862G;C9863G;A9906T;T9915G;G9921T;C9936A;A9984G,ORF1a:D3247G;ORF1a:P3252R;ORF1a:T3255I;ORF1a:I3257S;ORF1a:V3261D;ORF1a:L3262V;ORF1a:G3265V;ORF1a:F3271F;ORF1a:K3275K;ORF1a:L3191V;ORF1a:V3197V;ORF1a:L3199V;ORF1a:L3199L;ORF1a:P3200A;ORF1a:Y3214F;ORF1a:F3217C;ORF1a:G3219V;ORF1a:T3224N;ORF1a:D3240G,63,495,0.1272727272727272,0,
3052026,BA.2_0.05_abundance_0.15,A10005G;C10020G;C9836G;G9856A;T9860G;A9862G;C9863G;A9906T;T9915G;G9921T;C9936A;A9984G,ORF1a:D3247G;ORF1a:P3252R;ORF1a:L3191V;ORF1a:V3197V;ORF1a:L3199V;ORF1a:L3199L;ORF1a:P3200A;ORF1a:Y3214F;ORF1a:F3217C;ORF1a:G3219V;ORF1a:T3224N;ORF1a:D3240G,7,529,0.0132325141776937,0,
3052026,BA.2_0.05_abundance_0.15,A10005G;C10020G;C10029T;T10035G;T10047A;T10049G;G10059T;C10078T;A10090G;C9836G;G9856A;T9860G;A9862G;C9863G;A9873T;A9906T;T9915G;G9921T;C9936A;A9984G,ORF1a:D3247G;ORF1a:P3252R;ORF1a:T3255I;ORF1a:I3257S;ORF1a:V3261D;ORF1a:L3262V;ORF1a:G3265V;ORF1a:F3271F;ORF1a:K3275K;ORF1a:L3191V;ORF1a:V3197V;ORF1a:L3199V;ORF1a:L3199L;ORF1a:P3200A;ORF1a:Q3203L;ORF1a:Y3214F;ORF1a:F3217C;ORF1a:G3219V;ORF1a:T3224N;ORF1a:D3240G,8,495,0.0161616161616161,0,
3052026,BA.2_0.05_abundance_0.15,C10029T;A9873T,ORF1a:T3255I;ORF1a:Q3203L,68,495,0.1373737373737373,71,BA.1.15.1:3;BQ.1.14:1;BA.5.2.1:2;AY.112:2;BA.5.1:3;AY.25.1:1;BA.1.1.18:1;AY.4:22;AY.122:2;BA.5.2:2;AY.3:9;BA.1.1:2;BQ.1.8:6;AY.44:1;BA.1.15:2;AY.36:1;AY.119:2;AY.39:2;BA.5:1;AY.103:1;BA.2:1;B.1.617.2:1;AY.5.3:1;AY.23:2
3052026,BA.2_0.05_abundance_0.15,T10813C;C10969G,ORF1a:L3516L;ORF1a:F3568L,14,1291,0.010844306738962,0,
3052026,BA.2_0.05_abundance_0.15,T11056C;T11070A;A11085T;T11118G;T11151G;G11222T;G11243A;A11258T;A11277T,ORF1a:S3597S;ORF1a:L3602*;ORF1a:Y3607F;ORF1a:I3618S;ORF1a:V3629G;ORF1a:V3653F;ORF1a:V3660M;ORF1a:T3665S;ORF1a:D3671V,228,1591,0.1433060967944689,0,
3052026,BA.2_0.05_abundance_0.15,T11056C;T11070A;A11085T;T11118G;T11151G;G11222T;G11243A,ORF1a:S3597S;ORF1a:L3602*;ORF1a:Y3607F;ORF1a:I3618S;ORF1a:V3629G;ORF1a:V3653F;ORF1a:V3660M,19,1702,0.0111633372502937,0,
3052026,BA.2_0.05_abundance_0.15,G11378C;T11429A;T11432G;G11464A;G11483A;C11494T;G11504T;T11517A;C11518T;G11528C;T11539C;T11547C;A11567G,ORF1a:A3705P;ORF1a:Y3722N;ORF1a:Y3723D;ORF1a:M3733I;ORF1a:V3740I;ORF1a:N3743N;ORF1a:V3747L;ORF1a:V3751D;ORF1a:V3751V;ORF1a:A3755P;ORF1a:I3758I;ORF1a:M3761T;ORF1a:I3768V,193,1224,0.1576797385620915,0,
3052026,BA.2_0.05_abundance_0.15,G11683T;T11706A;T11729A;A11742T;A11759T;C11785A;T11806A;G11807C;A11827G;G11828A;A11839G;C11844G;A11854G;A11856C;C11866T;A11905G,ORF1a:L3806L;ORF1a:L3814*;ORF1a:Y3822N;ORF1a:Q3826L;ORF1a:K3832*;ORF1a:L3840L;ORF1a:V3847V;ORF1a:G3848R;ORF1a:K3854K;ORF1a:V3855I;ORF1a:V3858V;ORF1a:S3860C;ORF1a:S3863S;ORF1a:D3864A;ORF1a:C3867C;ORF1a:R3880R,54,918,0.0588235294117647,0,
3052026,BA.2_0.05_abundance_0.15,G11683T;T11706A;T11729A;A11742T;A11759T;C11785A;T11806A;G11807C;A11827G;G11828A;A11839G;C11844G;A11854G;A11856C;C11866T,ORF1a:L3806L;ORF1a:L3814*;ORF1a:Y3822N;ORF1a:Q3826L;ORF1a:K3832*;ORF1a:L3840L;ORF1a:V3847V;ORF1a:G3848R;ORF1a:K3854K;ORF1a:V3855I;ORF1a:V3858V;ORF1a:S3860C;ORF1a:S3863S;ORF1a:D3864A;ORF1a:C3867C,40,1236,0.0323624595469255,0,
3052026,BA.2_0.05_abundance_0.15,G11683T;T11706A;T11729A;A11742T;A11759T;C11785A;T11806A;G11807C;A11827G;G11828A;A11839G;C11844G;A11854G;A11856C;C11866T;A11905G;A11911T;C11919G,ORF1a:L3806L;ORF1a:L3814*;ORF1a:Y3822N;ORF1a:Q3826L;ORF1a:K3832*;ORF1a:L3840L;ORF1a:V3847V;ORF1a:G3848R;ORF1a:K3854K;ORF1a:V3855I;ORF1a:V3858V;ORF1a:S3860C;ORF1a:S3863S;ORF1a:D3864A;ORF1a:C3867C;ORF1a:R3880R;ORF1a:E3882D;ORF1a:S3885C,13,79,0.1645569620253164,0,
3052026,BA.2_0.05_abundance_0.15,G11683T;T11706A;T11729A;A11742T;A11759T;C11785A;T11806A;G11807C;A11827G;G11828A;A11839G;C11844G;A11854G;A11856C;C11866T;A11905G;A11911T,ORF1a:L3806L;ORF1a:L3814*;ORF1a:Y3822N;ORF1a:Q3826L;ORF1a:K3832*;ORF1a:L3840L;ORF1a:V3847V;ORF1a:G3848R;ORF1a:K3854K;ORF1a:V3855I;ORF1a:V3858V;ORF1a:S3860C;ORF1a:S3863S;ORF1a:D3864A;ORF1a:C3867C;ORF1a:R3880R;ORF1a:E3882D,52,423,0.1229314420803782,0,
3052026,BA.2_0.05_abundance_0.15,A11905G;A11911T;C11919G;G11944C;G11966T;T12013A;T12017G;A12026T;G12035A;T12039G;C12043A;C12081G;A12103G;T12112A;C12138T;T12142A;T12168G;T12204C;A12206C,ORF1a:R3880R;ORF1a:E3882D;ORF1a:S3885C;ORF1a:Q3893H;ORF1a:A3901S;ORF1a:S3916S;ORF1a:L3918V;ORF1a:M3921L;ORF1a:A3924T;ORF1a:V3925G;ORF1a:D3926E;ORF1a:A3939G;ORF1a:S3946S;ORF1a:S3949R;ORF1a:A3958V;ORF1a:T3959T;ORF1a:V3968G;ORF1a:L3980S;ORF1a:K3981Q,211,1626,0.1297662976629766,0,
3052026,BA.2_0.05_abundance_0.15,A11905G;A11911T;C11919G;G11944C;G11966T;T12013A;T12017G;A12026T;G12035A;T12039G;C12043A;C12081G;A12103G;T12112A;C12138T;T12142A;T12168G,ORF1a:R3880R;ORF1a:E3882D;ORF1a:S3885C;ORF1a:Q3893H;ORF1a:A3901S;ORF1a:S3916S;ORF1a:L3918V;ORF1a:M3921L;ORF1a:A3924T;ORF1a:V3925G;ORF1a:D3926E;ORF1a:A3939G;ORF1a:S3946S;ORF1a:S3949R;ORF1a:A3958V;ORF1a:T3959T;ORF1a:V3968G,27,1842,0.014657980456026,0,
3052026,BA.2_0.05_abundance_0.15,A11905G;A11911T;C11919G;G11944C;G11966T;T12013A;T12017G;A12026T;G12035A;T12039G;C12043A;C12081G;A12103G;T12112A;C12138T;T12142A;T12168G;T12204C;A12206C;A12228G,ORF1a:R3880R;ORF1a:E3882D;ORF1a:S3885C;ORF1a:Q3893H;ORF1a:A3901S;ORF1a:S3916S;ORF1a:L3918V;ORF1a:M3921L;ORF1a:A3924T;ORF1a:V3925G;ORF1a:D3926E;ORF1a:A3939G;ORF1a:S3946S;ORF1a:S3949R;ORF1a:A3958V;ORF1a:T3959T;ORF1a:V3968G;ORF1a:L3980S;ORF1a:K3981Q;ORF1a:K3988R,13,96,0.1354166666666666,0,
3052026,BA.2_0.05_abundance_0.15,C12138T;T12142A;T12168G;T12204C;A12206C;A12228G;T12244G;A12286G;A12316T;T12319G;G12330A;A12335G;G12355A;C12398A;A12414G;C12420A,ORF1a:A3958V;ORF1a:T3959T;ORF1a:V3968G;ORF1a:L3980S;ORF1a:K3981Q;ORF1a:K3988R;ORF1a:R3993R;ORF1a:Q4007Q;ORF1a:R4017S;ORF1a:S4018S;ORF1a:R4022K;ORF1a:K4024E;ORF1a:Q4030Q;ORF1a:L4045I;ORF1a:N4050S;ORF1a:A4052E,11,87,0.1264367816091954,0,
3052026,BA.2_0.05_abundance_0.15,T12142A;T12168G;T12204C;A12206C;A12228G;T12244G;A12286G;A12316T;T12319G;G12330A;A12335G;G12355A;C12398A;A12414G;C12420A,ORF1a:T3959T;ORF1a:V3968G;ORF1a:L3980S;ORF1a:K3981Q;ORF1a:K3988R;ORF1a:R3993R;ORF1a:Q4007Q;ORF1a:R4017S;ORF1a:S4018S;ORF1a:R4022K;ORF1a:K4024E;ORF1a:Q4030Q;ORF1a:L4045I;ORF1a:N4050S;ORF1a:A4052E,12,161,0.0745341614906832,0,
3052026,BA.2_0.05_abundance_0.15,T12168G;T12204C;A12206C;A12228G;T12244G;A12286G;A12316T;T12319G;G12330A;A12335G;G12355A;C12398A;A12414G;C12420A,ORF1a:V3968G;ORF1a:L3980S;ORF1a:K3981Q;ORF1a:K3988R;ORF1a:R3993R;ORF1a:Q4007Q;ORF1a:R4017S;ORF1a:S4018S;ORF1a:R4022K;ORF1a:K4024E;ORF1a:Q4030Q;ORF1a:L4045I;ORF1a:N4050S;ORF1a:A4052E,95,881,0.1078320090805902,0,
3052026,BA.2_0.05_abundance_0.15,C12880T;T12925C,ORF1a:I4205I;ORF1a:P4220P,392,2760,0.1420289855072463,39,BA.2:2;BF.10:4;CP.2:3;BA.2.75:4;BA.5.2:3;BA.4:1;BA.2.9:3;BA.5.1:9;BA.4.1:7;BA.5.2.24:1;BF.14:1;BE.2:1
3052026,BA.2_0.05_abundance_0.15,T13084A;G13100A,ORF1a:A4273A;ORF1a:A4279T,12,375,0.032,0,
3052026,BA.2_0.05_abundance_0.15,C13439A;A13455G;C13458A;T13463A;C13490G;C13492A;G13514A;C13517T;G13624T,ORF1a:Q4392K;ORF1a:Q4397R;ORF1a:S4398*;ORF1a:L4400I;ORF1b:A8G;ORF1b:R9S;ORF1b:G16D;ORF1b:T17I;ORF1b:D53Y,13,60,0.2166666666666666,0,
3052026,BA.2_0.05_abundance_0.15,A14317G;T14361C;T14378C;T14389C;C14403G;C14408T;G14419A;C14422G;A14470T;C14491T;G14495C;T14526A;G14559A;T14560C,ORF1b:T284A;ORF1b:I298I;ORF1b:F304S;ORF1b:F308L;ORF1b:F312L;ORF1b:P314L;ORF1b:G318R;ORF1b:P319A;ORF1b:T335S;ORF1b:L342L;ORF1b:G343A;ORF1b:H353Q;ORF1b:V364V;ORF1b:Y365H,24,183,0.1311475409836065,0,
3052026,BA.2_0.05_abundance_0.15,A14317G;T14361C;T14378C;T14389C;C14403G;C14408T;G14419A;C14422G;A14470T;C14491T;G14495C;T14526A,ORF1b:T284A;ORF1b:I298I;ORF1b:F304S;ORF1b:F308L;ORF1b:F312L;ORF1b:P314L;ORF1b:G318R;ORF1b:P319A;ORF1b:T335S;ORF1b:L342L;ORF1b:G343A;ORF1b:H353Q,9,286,0.0314685314685314,0,
3052026,BA.2_0.05_abundance_0.15,A14375C;C14408T,ORF1b:N303T;ORF1b:P314L,23,305,0.0754098360655737,1,B.1.617.2:1
3052026,BA.2_0.05_abundance_0.15,C14408T;A14578C,ORF1b:P314L;ORF1b:M371L,5,8,0.625,4,AY.103:1;AY.98.1.1:1;AY.39:2
3052026,BA.2_0.05_abundance_0.15,T15551G;A15564T;A15612C;C15631A;A15639C;G15644A;T15674C;C15714T;T15726C;A15740T;C15746A;T15756G;T15801A;T15815G;T15816C;T15817G;A15820T,ORF1b:V695G;ORF1b:L699F;ORF1b:Q715H;ORF1b:L722I;ORF1b:R724S;ORF1b:R726K;ORF1b:F736S;ORF1b:L749L;ORF1b:A753A;ORF1b:N758I;ORF1b:T760N;ORF1b:S763S;ORF1b:Y778*;ORF1b:V783G;ORF1b:V783V;ORF1b:F784V;ORF1b:M785L,451,3617,0.1246889687586397,0,
3052026,BA.2_0.05_abundance_0.15,T15551G;A15564T;A15612C;C15631A;A15639C;G15644A;T15674C;C15714T;A15740T;C15746A;T15756G;T15801A;T15815G;T15816C;T15817G;A15820T,ORF1b:V695G;ORF1b:L699F;ORF1b:Q715H;ORF1b:L722I;ORF1b:R724S;ORF1b:R726K;ORF1b:F736S;ORF1b:L749L;ORF1b:N758I;ORF1b:T760N;ORF1b:S763S;ORF1b:Y778*;ORF1b:V783G;ORF1b:V783V;ORF1b:F784V;ORF1b:M785L,63,4027,0.0156444002979885,0,
3052026,BA.2_0.05_abundance_0.15,T15551G;A15564T;A15612C;C15631A;A15639C;G15644A;T15674C;C15714T,ORF1b:V695G;ORF1b:L699F;ORF1b:Q715H;ORF1b:L722I;ORF1b:R724S;ORF1b:R726K;ORF1b:F736S;ORF1b:L749L,46,4363,0.0105432042172816,0,
3052026,BA.2_0.05_abundance_0.15,T15551G;A15564T;A15612C;C15631A;A15639C;G15644A;T15674C;C15714T;T15726C;A15740T;C15746A;T15756G;T15801A;T15815G;T15816C;T15817G;A15820T;A15861G,ORF1b:V695G;ORF1b:L699F;ORF1b:Q715H;ORF1b:L722I;ORF1b:R724S;ORF1b:R726K;ORF1b:F736S;ORF1b:L749L;ORF1b:A753A;ORF1b:N758I;ORF1b:T760N;ORF1b:S763S;ORF1b:Y778*;ORF1b:V783G;ORF1b:V783V;ORF1b:F784V;ORF1b:M785L;ORF1b:K798K,13,89,0.146067415730337,0,
3052026,BA.2_0.05_abundance_0.15,A15861G;C15904T;T15927C;G15955T;G15995C;G16027T;T16029A,ORF1b:K798K;ORF1b:Q813*;ORF1b:L820L;ORF1b:G830W;ORF1b:G843A;ORF1b:A854S;ORF1b:A854A,9,849,0.0106007067137809,0,
3052026,BA.2_0.05_abundance_0.15,A15861G;C15904T;T15927C;G15955T;G15995C;G16027T;T16029A;T16074A;A16105G;C16134A;T16147A;T16155C,ORF1b:K798K;ORF1b:Q813*;ORF1b:L820L;ORF1b:G830W;ORF1b:G843A;ORF1b:A854S;ORF1b:A854A;ORF1b:A869A;ORF1b:R880G;ORF1b:H889Q;ORF1b:Y894N;ORF1b:V896V,14,737,0.0189959294436906,0,
3052026,BA.2_0.05_abundance_0.15,A15861G;C15904T;T15927C;G15955T;G15995C;G16027T;T16029A;T16074A;A16105G;C16134A;T16147A,ORF1b:K798K;ORF1b:Q813*;ORF1b:L820L;ORF1b:G830W;ORF1b:G843A;ORF1b:A854S;ORF1b:A854A;ORF1b:A869A;ORF1b:R880G;ORF1b:H889Q;ORF1b:Y894N,63,774,0.0813953488372093,0,
3052026,BA.2_0.05_abundance_0.15,A15861G;C15904T;T15927C;G15955T;G15995C;G16027T;T16029A;T16074A;A16105G;C16134A;T16147A;A16172C,ORF1b:K798K;ORF1b:Q813*;ORF1b:L820L;ORF1b:G830W;ORF1b:G843A;ORF1b:A854S;ORF1b:A854A;ORF1b:A869A;ORF1b:R880G;ORF1b:H889Q;ORF1b:Y894N;ORF1b:N902T,16,217,0.0737327188940092,0,
3052026,BA.2_0.05_abundance_0.15,C15904T;T15927C;G15955T;G15995C;G16027T;T16029A;T16074A;A16105G;C16134A;T16147A;A16172C,ORF1b:Q813*;ORF1b:L820L;ORF1b:G830W;ORF1b:G843A;ORF1b:A854S;ORF1b:A854A;ORF1b:A869A;ORF1b:R880G;ORF1b:H889Q;ORF1b:Y894N;ORF1b:N902T,65,837,0.077658303464755,0,
3052026,BA.2_0.05_abundance_0.15,C15904T;T15927C;G15955T;G15995C;G16027T;T16029A;T16074A;A16105G;C16134A;T16147A,ORF1b:Q813*;ORF1b:L820L;ORF1b:G830W;ORF1b:G843A;ORF1b:A854S;ORF1b:A854A;ORF1b:A869A;ORF1b:R880G;ORF1b:H889Q;ORF1b:Y894N,201,2924,0.0687414500683994,0,
3052026,BA.2_0.05_abundance_0.15,C15904T;T15927C;G15955T;G15995C;G16027T;T16029A;T16074A;A16105G;C16134A;T16147A;T16155C;A16172C,ORF1b:Q813*;ORF1b:L820L;ORF1b:G830W;ORF1b:G843A;ORF1b:A854S;ORF1b:A854A;ORF1b:A869A;ORF1b:R880G;ORF1b:H889Q;ORF1b:Y894N;ORF1b:V896V;ORF1b:N902T,11,837,0.013142174432497,0,
3052026,BA.2_0.05_abundance_0.15,C15904T;T15927C;G15955T;G15995C;G16027T;T16029A;T16074A;A16105G;C16134A;T16147A;T16155C;A16172C;A16179C,ORF1b:Q813*;ORF1b:L820L;ORF1b:G830W;ORF1b:G843A;ORF1b:A854S;ORF1b:A854A;ORF1b:A869A;ORF1b:R880G;ORF1b:H889Q;ORF1b:Y894N;ORF1b:V896V;ORF1b:N902T;ORF1b:S904S,6,201,0.0298507462686567,0,
3052026,BA.2_0.05_abundance_0.15,C15904T;T15927C;G15955T;G15995C;G16027T;T16029A;T16074A;A16105G;C16134A;T16147A;A16172C;A16179C,ORF1b:Q813*;ORF1b:L820L;ORF1b:G830W;ORF1b:G843A;ORF1b:A854S;ORF1b:A854A;ORF1b:A869A;ORF1b:R880G;ORF1b:H889Q;ORF1b:Y894N;ORF1b:N902T;ORF1b:S904S,10,201,0.0497512437810945,0,
3052026,BA.2_0.05_abundance_0.15,C15904T;T15927C;G15955T;G15995C;G16027T;T16029A;T16074A;A16105G;C16134A;T16147A;T16155C,ORF1b:Q813*;ORF1b:L820L;ORF1b:G830W;ORF1b:G843A;ORF1b:A854S;ORF1b:A854A;ORF1b:A869A;ORF1b:R880G;ORF1b:H889Q;ORF1b:Y894N;ORF1b:V896V,38,2768,0.0137283236994219,0,
3052026,BA.2_0.05_abundance_0.15,C15904T;T15927C;G15955T;G15995C;G16027T;T16029A;T16074A;A16105G;C16134A;T16147A;A16172C;A16179C;T16185C,ORF1b:Q813*;ORF1b:L820L;ORF1b:G830W;ORF1b:G843A;ORF1b:A854S;ORF1b:A854A;ORF1b:A869A;ORF1b:R880G;ORF1b:H889Q;ORF1b:Y894N;ORF1b:N902T;ORF1b:S904S;ORF1b:Y906Y,7,57,0.1228070175438596,0,
3052026,BA.2_0.05_abundance_0.15,T16147A;T16155C;A16172C;A16179C;T16185C;A16214C;A16216T;A16227C;A16261T;A16268T;G16322C;C16409A;C16418T;C16457G,ORF1b:Y894N;ORF1b:V896V;ORF1b:N902T;ORF1b:S904S;ORF1b:Y906Y;ORF1b:Y916S;ORF1b:T917S;ORF1b:T920T;ORF1b:N932Y;ORF1b:Q934L;ORF1b:C952S;ORF1b:T981K;ORF1b:T984I;ORF1b:S997*,7,46,0.1521739130434782,0,
3052026,BA.2_0.05_abundance_0.15,T16155C;A16172C;A16179C;T16185C;A16214C;A16216T;A16227C;A16261T;A16268T;G16322C;C16409A;C16418T;C16457G,ORF1b:V896V;ORF1b:N902T;ORF1b:S904S;ORF1b:Y906Y;ORF1b:Y916S;ORF1b:T917S;ORF1b:T920T;ORF1b:N932Y;ORF1b:Q934L;ORF1b:C952S;ORF1b:T981K;ORF1b:T984I;ORF1b:S997*,9,140,0.0642857142857142,0,
3052026,BA.2_0.05_abundance_0.15,A16172C;A16179C;T16185C;A16214C;A16216T;A16227C;A16261T;A16268T;G16322C;C16409A;C16418T;C16457G,ORF1b:N902T;ORF1b:S904S;ORF1b:Y906Y;ORF1b:Y916S;ORF1b:T917S;ORF1b:T920T;ORF1b:N932Y;ORF1b:Q934L;ORF1b:C952S;ORF1b:T981K;ORF1b:T984I;ORF1b:S997*,22,351,0.0626780626780626,0,
3052026,BA.2_0.05_abundance_0.15,T16778G;A16804C;T16809C;A16819C;A16824T;G16855C;T16863C;T16884G;A16889C;A16895C;T16911A;T16926C;T16931G;C16952A;C16961T;C17028T;T17052A;A17063G;A17101G,ORF1b:V1104G;ORF1b:N1113H;ORF1b:S1114S;ORF1b:I1118L;ORF1b:G1119G;ORF1b:D1130H;ORF1b:V1132V;ORF1b:T1139T;ORF1b:K1141T;ORF1b:N1143T;ORF1b:F1148L;ORF1b:H1153H;ORF1b:V1155G;ORF1b:T1162K;ORF1b:P1165L;ORF1b:S1187S;ORF1b:V1195V;ORF1b:K1199R;ORF1b:S1212G,7,66,0.106060606060606,0,
3052026,BA.2_0.05_abundance_0.15,A16804C;T16809C;A16819C;A16824T;G16855C;T16863C;T16884G;A16889C;A16895C;T16911A;T16926C;T16931G;C16952A;C16961T;C17028T;T17052A;A17063G;A17101G,ORF1b:N1113H;ORF1b:S1114S;ORF1b:I1118L;ORF1b:G1119G;ORF1b:D1130H;ORF1b:V1132V;ORF1b:T1139T;ORF1b:K1141T;ORF1b:N1143T;ORF1b:F1148L;ORF1b:H1153H;ORF1b:V1155G;ORF1b:T1162K;ORF1b:P1165L;ORF1b:S1187S;ORF1b:V1195V;ORF1b:K1199R;ORF1b:S1212G,54,581,0.0929432013769363,0,
3052026,BA.2_0.05_abundance_0.15,A16804C;T16809C;A16819C;A16824T;G16855C;T16863C;T16884G;A16889C;A16895C;T16911A;T16926C;T16931G;C16952A;C16961T,ORF1b:N1113H;ORF1b:S1114S;ORF1b:I1118L;ORF1b:G1119G;ORF1b:D1130H;ORF1b:V1132V;ORF1b:T1139T;ORF1b:K1141T;ORF1b:N1143T;ORF1b:F1148L;ORF1b:H1153H;ORF1b:V1155G;ORF1b:T1162K;ORF1b:P1165L,9,703,0.0128022759601706,0,
3052026,BA.2_0.05_abundance_0.15,A16804C;T16809C;A16819C;A16824T;G16855C;T16863C;T16884G;A16889C;A16895C;T16911A;T16926C;T16931G;C16952A;C16961T;C17028T;T17052A;A17063G,ORF1b:N1113H;ORF1b:S1114S;ORF1b:I1118L;ORF1b:G1119G;ORF1b:D1130H;ORF1b:V1132V;ORF1b:T1139T;ORF1b:K1141T;ORF1b:N1143T;ORF1b:F1148L;ORF1b:H1153H;ORF1b:V1155G;ORF1b:T1162K;ORF1b:P1165L;ORF1b:S1187S;ORF1b:V1195V;ORF1b:K1199R,8,646,0.0123839009287925,0,
3052026,BA.2_0.05_abundance_0.15,A17101G;T17126C;G17162A;T17166C;T17169A;A17199C;T17210C;T17255A;T17263A;A17270G;A17294G;A17300G;T17306C;G17320A;G17331A;A17332T;T17353A;G17359C,ORF1b:S1212G;ORF1b:L1220P;ORF1b:C1232Y;ORF1b:S1233S;ORF1b:H1234Q;ORF1b:A1244A;ORF1b:L1248S;ORF1b:V1263E;ORF1b:F1266I;ORF1b:K1268R;ORF1b:E1276G;ORF1b:Y1278C;ORF1b:F1280S;ORF1b:A1285T;ORF1b:E1288E;ORF1b:T1289S;ORF1b:F1296I;ORF1b:E1298Q,27,1389,0.019438444924406,0,
3052026,BA.2_0.05_abundance_0.15,A17101G;T17126C;G17162A;T17166C;T17169A;A17199C;T17210C;T17255A;T17263A;A17270G;A17294G;A17300G;T17306C;G17320A;G17331A;A17332T;T17353A;G17359C;T17400G,ORF1b:S1212G;ORF1b:L1220P;ORF1b:C1232Y;ORF1b:S1233S;ORF1b:H1234Q;ORF1b:A1244A;ORF1b:L1248S;ORF1b:V1263E;ORF1b:F1266I;ORF1b:K1268R;ORF1b:E1276G;ORF1b:Y1278C;ORF1b:F1280S;ORF1b:A1285T;ORF1b:E1288E;ORF1b:T1289S;ORF1b:F1296I;ORF1b:E1298Q;ORF1b:N1311K,54,1261,0.042823156225218,0,
3052026,BA.2_0.05_abundance_0.15,A17101G;T17126C;G17162A;T17166C;T17169A;A17199C;T17210C;T17255A;T17263A;A17270G;A17294G;A17300G;T17306C;G17320A;G17331A;A17332T;T17353A;G17359C;T17400G;C17410T,ORF1b:S1212G;ORF1b:L1220P;ORF1b:C1232Y;ORF1b:S1233S;ORF1b:H1234Q;ORF1b:A1244A;ORF1b:L1248S;ORF1b:V1263E;ORF1b:F1266I;ORF1b:K1268R;ORF1b:E1276G;ORF1b:Y1278C;ORF1b:F1280S;ORF1b:A1285T;ORF1b:E1288E;ORF1b:T1289S;ORF1b:F1296I;ORF1b:E1298Q;ORF1b:N1311K;ORF1b:R1315C,122,897,0.1360089186176142,0,
3052026,BA.2_0.05_abundance_0.15,T17126C;G17162A;T17166C;T17169A;A17199C;T17210C;T17255A;T17263A;A17270G;A17294G;A17300G;T17306C;G17320A;G17331A;A17332T;T17353A;G17359C;T17400G;C17410T,ORF1b:L1220P;ORF1b:C1232Y;ORF1b:S1233S;ORF1b:H1234Q;ORF1b:A1244A;ORF1b:L1248S;ORF1b:V1263E;ORF1b:F1266I;ORF1b:K1268R;ORF1b:E1276G;ORF1b:Y1278C;ORF1b:F1280S;ORF1b:A1285T;ORF1b:E1288E;ORF1b:T1289S;ORF1b:F1296I;ORF1b:E1298Q;ORF1b:N1311K;ORF1b:R1315C,212,2536,0.083596214511041,0,
3052026,BA.2_0.05_abundance_0.15,T17126C;G17162A;T17166C;T17169A;A17199C;T17210C;T17255A;T17263A;A17270G;A17294G;A17300G;T17306C;G17320A;G17331A;A17332T;T17353A;G17359C;T17400G,ORF1b:L1220P;ORF1b:C1232Y;ORF1b:S1233S;ORF1b:H1234Q;ORF1b:A1244A;ORF1b:L1248S;ORF1b:V1263E;ORF1b:F1266I;ORF1b:K1268R;ORF1b:E1276G;ORF1b:Y1278C;ORF1b:F1280S;ORF1b:A1285T;ORF1b:E1288E;ORF1b:T1289S;ORF1b:F1296I;ORF1b:E1298Q;ORF1b:N1311K,108,3547,0.0304482661404003,0,
3052026,BA.2_0.05_abundance_0.15,T17262A;C17410T,ORF1b:C1265*;ORF1b:R1315C,641,2541,0.252262888626525,0,
3052026,BA.2_0.05_abundance_0.15,G17749C;G17753T;A17775T;A17791T;T17812A;G17815T;A17823G;A17853C;T17859A;A17889T;T17978C;A17984T,ORF1b:A1428P;ORF1b:W1429L;ORF1b:S1436S;ORF1b:N1442Y;ORF1b:L1449M;ORF1b:G1450*;ORF1b:P1452P;ORF1b:S1462S;ORF1b:Y1464*;ORF1b:E1474D;ORF1b:L1504P;ORF1b:D1506V,146,1200,0.1216666666666666,0,
3052026,BA.2_0.05_abundance_0.15,G17749C;G17753T;A17775T;A17791T;T17812A;G17815T;A17823G;A17853C;T17859A;A17889T;T17918C;T17978C;A17984T,ORF1b:A1428P;ORF1b:W1429L;ORF1b:S1436S;ORF1b:N1442Y;ORF1b:L1449M;ORF1b:G1450*;ORF1b:P1452P;ORF1b:S1462S;ORF1b:Y1464*;ORF1b:E1474D;ORF1b:F1484S;ORF1b:L1504P;ORF1b:D1506V,38,1200,0.0316666666666666,0,
3052026,BA.2_0.05_abundance_0.15,G18067C;A18163G,ORF1b:D1534H;ORF1b:I1566V,53,482,0.1099585062240663,1,BA.1.13.1:1
3052026,BA.2_0.05_abundance_0.15,C18117G;A18163G,ORF1b:H1550Q;ORF1b:I1566V,20,482,0.0414937759336099,0,
3052026,BA.2_0.05_abundance_0.15,G18334T;G18553A,ORF1b:E1623*;ORF1b:D1696N,14,538,0.0260223048327137,0,
3052026,BA.2_0.05_abundance_0.15,G18968A;A18969G;A18982G;T19016G;G19056A;A19073G;G19086A;T19110A;A19116G;A19123T;A19134G;T19139C;T19146G;T19149C;A19210G;G19211T;A19212C;G19219A;C19227T;T19233A;T19241C,ORF1b:R1834K;ORF1b:R1834R;ORF1b:M1839V;ORF1b:F1850C;ORF1b:K1863K;ORF1b:D1869G;ORF1b:K1873K;ORF1b:S1881R;ORF1b:K1883K;ORF1b:K1886*;ORF1b:E1889E;ORF1b:F1891S;ORF1b:S1893S;ORF1b:Y1894Y;ORF1b:R1915G;ORF1b:R1915I;ORF1b:R1915S;ORF1b:A1918T;ORF1b:S1920S;ORF1b:V1922V;ORF1b:F1925S,6,240,0.025,0,
3052026,BA.2_0.05_abundance_0.15,G18968A;A18969G;A18982G;T19016G;G19056A;A19073G;G19086A;T19110A;A19116G;A19123T;A19134G;T19139C;T19146G;T19149C;A19210G;G19211T;A19212C;G19219A;C19227T;T19233A;T19241C;T19248G,ORF1b:R1834K;ORF1b:R1834R;ORF1b:M1839V;ORF1b:F1850C;ORF1b:K1863K;ORF1b:D1869G;ORF1b:K1873K;ORF1b:S1881R;ORF1b:K1883K;ORF1b:K1886*;ORF1b:E1889E;ORF1b:F1891S;ORF1b:S1893S;ORF1b:Y1894Y;ORF1b:R1915G;ORF1b:R1915I;ORF1b:R1915S;ORF1b:A1918T;ORF1b:S1920S;ORF1b:V1922V;ORF1b:F1925S;ORF1b:T1927T,8,216,0.037037037037037,0,
3052026,BA.2_0.05_abundance_0.15,G18968A;A18969G;A18982G;T19016G;G19056A;A19073G;G19086A;T19110A;A19116G;A19123T;A19134G;T19139C;T19146G;T19149C;A19210G;G19211T;A19212C;G19219A;C19227T;T19233A;T19241C;T19248G;C19255G,ORF1b:R1834K;ORF1b:R1834R;ORF1b:M1839V;ORF1b:F1850C;ORF1b:K1863K;ORF1b:D1869G;ORF1b:K1873K;ORF1b:S1881R;ORF1b:K1883K;ORF1b:K1886*;ORF1b:E1889E;ORF1b:F1891S;ORF1b:S1893S;ORF1b:Y1894Y;ORF1b:R1915G;ORF1b:R1915I;ORF1b:R1915S;ORF1b:A1918T;ORF1b:S1920S;ORF1b:V1922V;ORF1b:F1925S;ORF1b:T1927T;ORF1b:L1930V,13,170,0.0764705882352941,0,
3052026,BA.2_0.05_abundance_0.15,T19587A;A19626C;A19631C;T19691A;A19758C;A19762C;C19803A;A19812G;G19825C;A19831T;G19870A;C19884G;A19887C,ORF1b:T2040T;ORF1b:L2053F;ORF1b:N2055T;ORF1b:V2075D;ORF1b:K2097N;ORF1b:T2099P;ORF1b:R2112R;ORF1b:K2115K;ORF1b:V2120L;ORF1b:I2122L;ORF1b:V2135M;ORF1b:Y2139*;ORF1b:K2140N,5,26,0.1923076923076923,0,
3052026,BA.2_0.05_abundance_0.15,G20548A;T20563A;T20570C;T20573G;T20579G;T20606G;T20609A;G20616T;G20618A;T20625G;C20629T;C20646A;T20671C;T20690G;G20691C;T20701G;A20711G;T20717A;T20723C;A20744T;A20766G;C20790T;A20796T;G20808C,ORF1b:D2361N;ORF1b:S2366T;ORF1b:V2368A;ORF1b:V2369G;ORF1b:V2371G;ORF1b:F2380C;ORF1b:M2381K;ORF1b:W2383C;ORF1b:C2384Y;ORF1b:D2386E;ORF1b:H2388Y;ORF1b:Y2393*;ORF1b:W2402R;ORF1b:M2408R;ORF1b:M2408I;ORF1b:Y2412D;ORF1b:Q2415R;ORF1b:M2417K;ORF1b:L2419S;ORF1b:N2426I;ORF1b:L2433L;ORF1b:V2441V;ORF1b:K2443N;ORF1b:L2447L,210,1511,0.1389808074123097,0,
3052026,BA.2_0.05_abundance_0.15,A20960C;G21004C,ORF1b:N2498T;ORF1b:A2513P,9,108,0.0833333333333333,0,
3052026,BA.2_0.05_abundance_0.15,A21136G;T21147A;G21152T;G21159A;A21176C;T21184G;A21203C;T21206C;C21230A;C21257T;A21290T;G21316A;T21322A;A21343G;G21354C;T21382A;T21385G;T21391C;A21400C,ORF1b:K2557E;ORF1b:L2560L;ORF1b:G2562V;ORF1b:V2564V;ORF1b:E2570A;ORF1b:W2573G;ORF1b:K2579T;ORF1b:L2580P;ORF1b:T2588K;ORF1b:S2597L;ORF1b:Y2608F;ORF1b:D2617N;ORF1b:Y2619N;ORF1b:I2626V;ORF1b:R2629S;ORF1b:Y2639N;ORF1b:S2640A;ORF1b:F2642L;ORF1b:S2645R,8,253,0.0316205533596837,0,
3052026,BA.2_0.05_abundance_0.15,A21136G;T21147A;G21152T;G21159A;A21176C;T21184G;A21203C;T21206C;C21230A;C21257T;A21290T;G21316A;T21322A;A21343G;G21354C;T21382A;T21385G;T21391C;A21400C;C21410G;C21412A,ORF1b:K2557E;ORF1b:L2560L;ORF1b:G2562V;ORF1b:V2564V;ORF1b:E2570A;ORF1b:W2573G;ORF1b:K2579T;ORF1b:L2580P;ORF1b:T2588K;ORF1b:S2597L;ORF1b:Y2608F;ORF1b:D2617N;ORF1b:Y2619N;ORF1b:I2626V;ORF1b:R2629S;ORF1b:Y2639N;ORF1b:S2640A;ORF1b:F2642L;ORF1b:S2645R;ORF1b:P2648R;ORF1b:L2649I,24,186,0.1290322580645161,0,
3052026,BA.2_0.05_abundance_0.15,T21702C;A21720T;T21756A;A21768C;G21795C;T21818C;C21843A;A21858G;G21869C;G21873T;A21875G;C21904G;C21910T;A21913T;A21917T;A21923C;T21937C;C21962A;G21987A,S:V47A;S:D53V;S:F65Y;S:H69P;S:R78T;S:F86L;S:S94Y;S:N99S;S:G103R;S:W104L;S:I105V;S:T114T;S:S116S;S:L117L;S:I119F;S:N121H;S:N125N;S:Q134K;S:G142D,106,882,0.1201814058956916,0,
3052026,BA.2_0.05_abundance_0.15,T21702C;A21720T;T21756A;A21768C;G21795C;T21818C;C21843A;A21858G;G21869C;G21873T;A21875G;C21904G;C21910T;A21913T;A21917T;A21923C;T21937C;C21962A,S:V47A;S:D53V;S:F65Y;S:H69P;S:R78T;S:F86L;S:S94Y;S:N99S;S:G103R;S:W104L;S:I105V;S:T114T;S:S116S;S:L117L;S:I119F;S:N121H;S:N125N;S:Q134K,19,998,0.0190380761523046,0,
3052026,BA.2_0.05_abundance_0.15,T21702C;A21720T;T21756A;A21768C;G21795C;T21818C;C21843A;A21858G;G21869C;G21873T;A21875G,S:V47A;S:D53V;S:F65Y;S:H69P;S:R78T;S:F86L;S:S94Y;S:N99S;S:G103R;S:W104L;S:I105V,11,1070,0.0102803738317757,0,
3052026,BA.2_0.05_abundance_0.15,T21841A;G21987A,S:A93A;S:G142D,337,893,0.3773796192609182,34,B.1.617.2:3;AY.103:4;BA.1:2;BA.2:5;AY.81:1;AY.43:1;BA.2.12:2;BA.5.1:7;AY.4:1;AY.34.1:1;BA.1.1:2;AY.4.2.1:1;BA.1.1.7:1;BA.4:1;AY.122:1;AY.29:1
3052026,BA.2_0.05_abundance_0.15,T22200G;C22227G,S:V213G;S:A222G,231,697,0.3314203730272597,1,BQ.1:1
3052026,BA.2_0.05_abundance_0.15,C22674T;T22679C;C22686T;A22688G;T22717C,S:S371F;S:S373P;S:S375F;S:T376A;S:T385T,30,80,0.375,50,BA.2.9:23;BA.5.2.26:1;BA.2:8;BA.5.2.1:5;BA.5.5.1:5;BA.5.1:3;BA.5.6:2;BA.2.12.1:1;BE.1.1:1;XBB.1:1
3052026,BA.2_0.05_abundance_0.15,T23507A;C23525T;C23530T;A23534C;T23540G;A23566C;A23570G;A23588T;T23599G;C23604A;G23628A;A23665C;A23670C;G23675A;T23680G;A23696G;A23760C;A23772G,S:C649S;S:H655Y;S:V656V;S:N658H;S:Y660D;S:A668A;S:I670V;S:T676S;S:N679K;S:P681H;S:S689N;S:A701A;S:N703T;S:V705I;S:A706A;S:I712V;S:K733T;S:D737G,20,497,0.0402414486921529,0,
3052026,BA.2_0.05_abundance_0.15,T23507A;T23510C;C23525T;C23530T;A23534C;T23540G;A23566C;A23570G;A23588T;T23599G;C23604A;G23628A;A23665C;A23670C;G23675A;T23680G;A23696G;A23760C;A23772G,S:C649S;S:L650L;S:H655Y;S:V656V;S:N658H;S:Y660D;S:A668A;S:I670V;S:T676S;S:N679K;S:P681H;S:S689N;S:A701A;S:N703T;S:V705I;S:A706A;S:I712V;S:K733T;S:D737G,18,497,0.0362173038229376,0,
3052026,BA.2_0.05_abundance_0.15,T23507A;C23525T;C23530T;A23534C;T23540G;A23566C;A23570G;A23588T;T23599G;C23604A;G23628A;A23665C;A23670C;G23675A;T23680G,S:C649S;S:H655Y;S:V656V;S:N658H;S:Y660D;S:A668A;S:I670V;S:T676S;S:N679K;S:P681H;S:S689N;S:A701A;S:N703T;S:V705I;S:A706A,7,537,0.0130353817504655,0,
3052026,BA.2_0.05_abundance_0.15,T23507A;C23525T;C23530T;A23534C;T23540G;A23566C;A23570G;A23588T;T23599G;C23604A;G23628A;A23665C;A23670C;G23675A;T23680G;A23696G;A23760C;A23772G;C23809T,S:C649S;S:H655Y;S:V656V;S:N658H;S:Y660D;S:A668A;S:I670V;S:T676S;S:N679K;S:P681H;S:S689N;S:A701A;S:N703T;S:V705I;S:A706A;S:I712V;S:K733T;S:D737G;S:C749C,7,186,0.0376344086021505,0,
3052026,BA.2_0.05_abundance_0.15,T23507A;C23525T;C23530T;A23534C;T23540G;A23566C;A23570G;A23588T;T23599G;C23604A;G23628A;A23665C;A23670C;G23675A;T23680G;A23696G;A23760C;A23772G;C23809T;A23810C,S:C649S;S:H655Y;S:V656V;S:N658H;S:Y660D;S:A668A;S:I670V;S:T676S;S:N679K;S:P681H;S:S689N;S:A701A;S:N703T;S:V705I;S:A706A;S:I712V;S:K733T;S:D737G;S:C749C;S:S750R,11,143,0.0769230769230769,0,
3052026,BA.2_0.05_abundance_0.15,T23510C;C23525T;T23599G;C23604A,S:L650L;S:H655Y;S:N679K;S:P681H,160,537,0.297951582867784,121,BA.5.1:11;BA.2:16;BA.5.2.1:9;BA.1.1:24;BA.1.17.2:1;BA.2.3:21;BA.5.2:6;BF.6:9;BA.2.75:3;BA.1:3;BA.2.10:1;BE.1.1:1;BA.4.6:1;BA.2.9:4;BA.5.2.12:1;BN.1.4:1;BA.2.3.13:1;BA.2.12.1:1;BA.5.3.3:1;BQ.1.1:1;BA.1.1.18:2;BA.1.15:1;BA.5.1.12:1;BF.8:1
3052026,BA.2_0.05_abundance_0.15,G24257A;A24424T,S:A899T;S:Q954H,143,833,0.1716686674669868,15,BA.1.15:2;BA.2:1;BA.1.1.1:1;BE.1:2;BF.14:2;BA.2.12:2;BE.4:1;BA.2.12.1:2;BA.1:1;BA.5.5:1
3052026,BA.2_0.05_abundance_0.15,G24257A;C24333T;A24424T,S:A899T;S:A924V;S:Q954H,82,833,0.0984393757503001,0,
3052026,BA.2_0.05_abundance_0.15,G24257A;C24333T,S:A899T;S:A924V,41,1191,0.0344248530646515,0,
3052026,BA.2_0.05_abundance_0.15,C24333T;A24424T,S:A924V;S:Q954H,201,833,0.2412965186074429,28,BA.5.6:1;BA.1:1;BA.5.11:1;BA.2.9:4;BA.2.75:2;BA.1.1:2;BA.2.10.1:1;BA.5.2:2;BA.2:6;BA.2.38:1;BA.2.12.1:4;BA.5.2.1:1;BQ.1.1.20:1;BA.5.1.22:1
3052026,BA.2_0.05_abundance_0.15,A24424T;T24469A;C24555T,S:Q954H;S:N969K;S:T998I,20,328,0.0609756097560975,30,BF.5:1;BE.1.1:1;BA.1.1:1;BA.5.5:2;BA.5.6:1;BA.5.2.1:1;BE.1:1;BA.5.1:4;BA.2:5;BA.4:1;BA.5:1;BA.5.3.1:1;BF.3:1;BA.2.9:2;BA.5.3.5:1;BA.4.1.8:1;BF.10:1;BA.4.1.4:1;BF.6:1;BE.2:1;BA.2.3:1
3052026,BA.2_0.05_abundance_0.15,A24424T;A24453G;C24458A;T24464G;A24468C;T24469A;T24475A;C24477G;G24515A;G24533C;A24539C;C24555G;A24562T;A24602C;A24619T;T24625C;C24627A;A24630C;C24662A;A24673T;C24720A;T24721A;G24740C,S:Q954H;S:K964R;S:L966I;S:S968A;S:N969T;S:N969K;S:G971G;S:A972G;S:D985N;S:V991L;S:I993L;S:T998R;S:R1000S;S:R1014R;S:R1019S;S:S1021S;S:A1022D;S:N1023T;S:L1034I;S:S1037S;S:P1053H;S:P1053P;S:V1060L,29,241,0.1203319502074688,0,
3052026,BA.2_0.05_abundance_0.15,A24424T;A24453G;C24458A;T24464G;A24468C;T24469A;T24475A;C24477G;G24515A;G24533C;A24539C;C24555G;A24562T;A24602C;A24619T;T24625C;C24627A;A24630C;C24662A;A24673T;C24720A;T24721A,S:Q954H;S:K964R;S:L966I;S:S968A;S:N969T;S:N969K;S:G971G;S:A972G;S:D985N;S:V991L;S:I993L;S:T998R;S:R1000S;S:R1014R;S:R1019S;S:S1021S;S:A1022D;S:N1023T;S:L1034I;S:S1037S;S:P1053H;S:P1053P,5,290,0.0172413793103448,0,
3052026,BA.2_0.05_abundance_0.15,A24453G;C24458A;T24464G;A24468C;T24469A;T24475A;C24477G;G24515A;G24533C;A24539C;C24555G;A24562T;A24602C;A24619T;T24625C;C24627A;A24630C;C24662A;A24673T;C24720A;T24721A,S:K964R;S:L966I;S:S968A;S:N969T;S:N969K;S:G971G;S:A972G;S:D985N;S:V991L;S:I993L;S:T998R;S:R1000S;S:R1014R;S:R1019S;S:S1021S;S:A1022D;S:N1023T;S:L1034I;S:S1037S;S:P1053H;S:P1053P,24,1319,0.0181956027293404,0,
3052026,BA.2_0.05_abundance_0.15,A24453G;C24458A;T24464G;A24468C;T24469A;T24475A;C24477G;G24515A;G24533C;A24539C;C24555G;A24562T;A24602C;A24619T;T24625C;C24627A;A24630C;C24662A;A24673T;C24720A;T24721A;G24740C,S:K964R;S:L966I;S:S968A;S:N969T;S:N969K;S:G971G;S:A972G;S:D985N;S:V991L;S:I993L;S:T998R;S:R1000S;S:R1014R;S:R1019S;S:S1021S;S:A1022D;S:N1023T;S:L1034I;S:S1037S;S:P1053H;S:P1053P;S:V1060L,82,1134,0.0723104056437389,0,
3052026,BA.2_0.05_abundance_0.15,A24453G;C24458A;T24464G;A24468C;T24469A;T24475A;C24477G;G24515A;G24533C;A24539C;C24555G;A24562T;A24602C;A24619T;T24625C;C24627A;A24630C;C24662A;A24673T;C24720A;T24721A;G24740C;G24757C,S:K964R;S:L966I;S:S968A;S:N969T;S:N969K;S:G971G;S:A972G;S:D985N;S:V991L;S:I993L;S:T998R;S:R1000S;S:R1014R;S:R1019S;S:S1021S;S:A1022D;S:N1023T;S:L1034I;S:S1037S;S:P1053H;S:P1053P;S:V1060L;S:V1065V,9,134,0.0671641791044776,0,
3052026,BA.2_0.05_abundance_0.15,T24469A;C24555T,S:N969K;S:T998I,67,1435,0.0466898954703832,30,BF.5:1;BE.1.1:1;BA.1.1:1;BA.5.5:2;BA.5.6:1;BA.5.2.1:1;BE.1:1;BA.5.1:4;BA.2:5;BA.4:1;BA.5:1;BA.5.3.1:1;BF.3:1;BA.2.9:2;BA.5.3.5:1;BA.4.1.8:1;BF.10:1;BA.4.1.4:1;BF.6:1;BE.2:1;BA.2.3:1
3052026,BA.2_0.05_abundance_0.15,G24740C;G24757C;C24801G;A24820T;T24829A;G24834T;A24860G;A24874C;C24878G;T24887G;A24894G;T24906G;G24933A;A24950G;T24951G;C24964G;C24986T;C25000T,S:V1060L;S:V1065V;S:A1080G;S:K1086N;S:F1089L;S:R1091L;S:T1100A;S:V1104V;S:Q1106E;S:F1109V;S:E1111G;S:I1115S;S:G1124D;S:I1130V;S:I1130R;S:N1134K;S:Q1142*;S:D1146D,55,834,0.065947242206235,0,
3052026,BA.2_0.05_abundance_0.15,G24740C;G24757C;C24801G;A24820T;T24829A;A24860G;A24874C;C24878G;T24887G;A24894G;T24906G;G24933A;A24950G;T24951G;C24964G;C24986T;C25000T,S:V1060L;S:V1065V;S:A1080G;S:K1086N;S:F1089L;S:T1100A;S:V1104V;S:Q1106E;S:F1109V;S:E1111G;S:I1115S;S:G1124D;S:I1130V;S:I1130R;S:N1134K;S:Q1142*;S:D1146D,63,834,0.0755395683453237,0,
3052026,BA.2_0.05_abundance_0.15,G25311T;G25331T;T25343C;A25360C;A25367G;T25414C;T25461A;A25462C;C25584T;T25633A,S:C1250F;S:D1257Y;S:S1261P;S:K1266N;S:K1269E;ORF3a:F8L;ORF3a:A23A;ORF3a:T24P;ORF3a:T64T;ORF3a:C81S,9,53,0.1698113207547169,0,
3052026,BA.2_0.05_abundance_0.15,G25311T;G25331T;T25343C;A25360C;A25367G;T25414C;T25461A;A25462C;C25584T,S:C1250F;S:D1257Y;S:S1261P;S:K1266N;S:K1269E;ORF3a:F8L;ORF3a:A23A;ORF3a:T24P;ORF3a:T64T,5,114,0.043859649122807,0,
3052026,BA.2_0.05_abundance_0.15,G25331T;T25343C;A25360C;A25367G;T25414C;T25461A;A25462C;C25584T,S:D1257Y;S:S1261P;S:K1266N;S:K1269E;ORF3a:F8L;ORF3a:A23A;ORF3a:T24P;ORF3a:T64T,30,541,0.055452865064695,0,
3052026,BA.2_0.05_abundance_0.15,G25331T;T25343C;A25360C;A25367G;T25414C;T25461A;A25462C,S:D1257Y;S:S1261P;S:K1266N;S:K1269E;ORF3a:F8L;ORF3a:A23A;ORF3a:T24P,6,581,0.0103270223752151,0,
3052026,BA.2_0.05_abundance_0.15,G25331T;T25343C;A25360C;A25367G;T25414C;T25461A;A25462C;C25584T;T25633A,S:D1257Y;S:S1261P;S:K1266N;S:K1269E;ORF3a:F8L;ORF3a:A23A;ORF3a:T24P;ORF3a:T64T;ORF3a:C81S,27,265,0.1018867924528302,0,
3052026,BA.2_0.05_abundance_0.15,G25507C;C25584T,ORF3a:A39P;ORF3a:T64T,27,542,0.0498154981549815,8,BQ.1.1.22:1;BA.1.1:1;BA.2:3;BA.2.28:1;BA.2.12.1:1;BA.5.2.37:1
3052026,BA.2_0.05_abundance_0.15,A26137C;C26270T,ORF3a:I249L;E:T9I,12,42,0.2857142857142857,0,
3052026,BA.2_0.05_abundance_0.15,C26270T;C26309G;G26314C;T26355C;C26376G;A26380C;T26409G;C26421G;A26472T;T26524A;A26541C,E:T9I;E:A22G;E:V24L;E:L37L;E:C44W;E:I46L;E:S55S;E:Y59*;E:*76TyrexX;M:MX;M:T7P,60,390,0.1538461538461538,0,
3052026,BA.2_0.05_abundance_0.15,C26270T;C26309G;G26314C;T26355C;C26376G;A26380C;T26409G;C26421G;A26472T;T26524A,E:T9I;E:A22G;E:V24L;E:L37L;E:C44W;E:I46L;E:S55S;E:Y59*;E:*76TyrexX;M:MX,12,441,0.0272108843537414,0,
3052026,BA.2_0.05_abundance_0.15,C27208A;G27225T;A27246C;G27261C;C27263T;G27281A;T27291G;T27296G;A27317T;A27321C;G27327T;T27328G;A27359G;A27372G;G27382C;A27383T;T27384C;A27399G;G27420A;C27427A;G27430T;C27434A;T27483G;A27491T;C27494A,ORF6:H3N;ORF6:Q8H;ORF6:L15F;ORF6:R20S;ORF6:T21I;ORF6:W27*;ORF6:D30E;ORF6:I32S;ORF6:N39I;ORF6:L40F;ORF6:K42N;ORF6:S43A;ORF6:D53G;ORF6:P57P;ORF6:D61H;ORF6:D61V;ORF6:D61D;ORF7a:K2K;ORF7a:L9L;ORF7a:L12I;ORF7a:A13S;ORF7a:T14N;ORF7a:L30L;ORF7a:E33V;ORF7a:P34H,54,425,0.1270588235294117,0,
3052026,BA.2_0.05_abundance_0.15,C27208A;G27225T;A27246C;G27261C;C27263T;G27281A;T27291G;T27296G;A27317T;A27321C;G27327T;T27328G;A27359G;A27372G;G27382C;A27383T;T27384C;A27399G;G27420A;C27427A;G27430T;C27434A;T27483G,ORF6:H3N;ORF6:Q8H;ORF6:L15F;ORF6:R20S;ORF6:T21I;ORF6:W27*;ORF6:D30E;ORF6:I32S;ORF6:N39I;ORF6:L40F;ORF6:K42N;ORF6:S43A;ORF6:D53G;ORF6:P57P;ORF6:D61H;ORF6:D61V;ORF6:D61D;ORF7a:K2K;ORF7a:L9L;ORF7a:L12I;ORF7a:A13S;ORF7a:T14N;ORF7a:L30L,24,885,0.0271186440677966,0,
3052026,BA.2_0.05_abundance_0.15,C27208A;G27225T;A27246C;G27261C;C27263T;G27281A;T27291G;T27296G;A27317T;A27321C;G27327T;T27328G;A27359G;A27372G;G27382C;A27383T;T27384C;A27399G;G27420A;C27427A;G27430T;C27434A,ORF6:H3N;ORF6:Q8H;ORF6:L15F;ORF6:R20S;ORF6:T21I;ORF6:W27*;ORF6:D30E;ORF6:I32S;ORF6:N39I;ORF6:L40F;ORF6:K42N;ORF6:S43A;ORF6:D53G;ORF6:P57P;ORF6:D61H;ORF6:D61V;ORF6:D61D;ORF7a:K2K;ORF7a:L9L;ORF7a:L12I;ORF7a:A13S;ORF7a:T14N,17,999,0.017017017017017,0,
3052026,BA.2_0.05_abundance_0.15,C27208A;G27225T;A27246C;G27261C;C27263T;G27281A;T27291G;T27296G;A27317T;A27321C;G27327T;T27328G;A27359G;A27372G;G27382C;A27383T;T27384C;A27399G;G27420A;C27427A;G27430T;C27434A;T27483G;A27491T,ORF6:H3N;ORF6:Q8H;ORF6:L15F;ORF6:R20S;ORF6:T21I;ORF6:W27*;ORF6:D30E;ORF6:I32S;ORF6:N39I;ORF6:L40F;ORF6:K42N;ORF6:S43A;ORF6:D53G;ORF6:P57P;ORF6:D61H;ORF6:D61V;ORF6:D61D;ORF7a:K2K;ORF7a:L9L;ORF7a:L12I;ORF7a:A13S;ORF7a:T14N;ORF7a:L30L;ORF7a:E33V,28,653,0.0428790199081163,0,
3052026,BA.2_0.05_abundance_0.15,G27261T;G27382C;A27383T;T27384C;A27488C,ORF6:R20S;ORF6:D61H;ORF6:D61V;ORF6:D61D;ORF7a:K32T,9,778,0.0115681233933161,0,
3052026,BA.2_0.05_abundance_0.15,G27261T;G27382C;A27383T;T27384C,ORF6:R20S;ORF6:D61H;ORF6:D61V;ORF6:D61D,161,999,0.1611611611611611,260,BA.4.1:27;BA.2.9:26;BA.2.13:6;BA.2:138;BA.4.6:7;BA.2.37:3;BA.2.12.1:20;BA.2.3:7;BA.2.75:8;BA.2.9.5:2;BA.2.29:1;BA.2.56:2;C.37:1;BA.2.3.14:1;BA.5.5:1;BA.4.4:1;BA.2.10:4;BA.2.31:1;BA.2.4:1;BA.2.3.13:1;BA.2.3.2:1;BA.2.8:1
3052026,BA.2_0.05_abundance_0.15,G27382C;A27383T;T27384C;A27488C,ORF6:D61H;ORF6:D61V;ORF6:D61D;ORF7a:K32T,30,778,0.0385604113110539,13,BA.2:12;BA.4.6.2:1
3052026,BA.2_0.05_abundance_0.15,A28210G;C28311T,ORF8:E106G;N:P13L,27,1223,0.0220768601798855,48,BA.5.5:1;BA.4.6:1;BA.1.1:13;BA.5.3.2:3;BA.5.2.1:5;BA.2.9:1;BA.1.1.15:1;BA.2:3;BA.2.75:5;BA.1:2;BF.5:1;BA.5.2:3;BA.1.17.2:1;BA.5.2.3:3;BQ.1.1:1;BF.26:1;BA.2.65:1;BA.5.2.10:2
3052026,BA.2_0.05_abundance_0.15,A28446G;C28491A;C28500T;G28514T;T28524C;T28529G;A28547T;G28548C;T28561A;A28652G;A28692C;A28709C,N:Q58R;N:P73Q;N:T76I;N:D81Y;N:I84T;N:Y86D;N:R92*;N:R92T;N:G96G;N:K127E;N:N140T;N:I146L,21,142,0.1478873239436619,0,
3052026,BA.2_0.05_abundance_0.15,A28855G;G28881A;G28882A;G28883C,N:S194S;N:R203K;N:R203R;N:G204R,27,168,0.1607142857142857,773,BA.4.1:3;BA.5.2:5;P.2:28;P.1:477;BA.1.17.2:18;BA.2:24;B.1.1.515:3;BF.10:2;XAE:3;B.1.1.7:82;BA.1.1:15;BQ.1.1.6:1;BA.5.1:15;BA.1.1.11:3;BA.1.15:8;BM.1.1.3:1;BA.1.17:2;P.1.14:13;BA.2.12.1:3;B.1.1.318:28;BA.5.2.1:3;B.1.1:1;BA.1.20:1;BA.1.1.15:2;B.1.1.214:3;BA.1:5;AY.103:1;BA.5.1.25:1;BA.2.75:4;BA.5.6:1;BA.5:3;P.1.10:1;BA.2.38:2;BA.2.18:1;BA.5.5:1;BA.5.2.3:1;BA.4.6:1;BA.2.10:1;BA.2.3.1:1;BA.1.1.1:1;BU.3:1;BF.7.8:1;B.1.1.519:1;BA.5.1.17:1
3052026,BA.2_0.05_abundance_0.15,T29036G;C29048G;G29058T;A29078G;A29089G;C29091A;C29118G;G29156A;C29187A;T29194G;G29202A;G29240C;A29241G;G29254T;C29259T;T29264A;T29293G;C29304G;A29313C,N:S255A;N:R259G;N:R262L;N:N269D;N:Q272Q;N:A273D;N:T282S;N:G295R;N:A305E;N:F307L;N:S310N;N:E323Q;N:E323G;N:S327S;N:T329M;N:L331M;N:D340E;N:P344R;N:K347T,198,3846,0.0514820592823713,0,
3052026,BA.2_0.05_abundance_0.15,T29036G;C29048G;C29051A;G29058T;A29078G;A29089G;C29091A;C29118G;G29156A;C29187A;T29194G;G29202A;G29240C;A29241G;G29254T;C29259T;T29264A;T29293G;C29304G;A29313C,N:S255A;N:R259G;N:Q260K;N:R262L;N:N269D;N:Q272Q;N:A273D;N:T282S;N:G295R;N:A305E;N:F307L;N:S310N;N:E323Q;N:E323G;N:S327S;N:T329M;N:L331M;N:D340E;N:P344R;N:K347T,235,3846,0.0611024440977639,0,
3052026,BA.2_0.05_abundance_0.15,C29051A;C29259T,N:Q260K;N:T329M,1122,3907,0.2871768620424878,0,
3052026,BA.2_0.05_abundance_0.15,A29510C;G29511C,N:S413R;N:S413T,433,663,0.6530920060331825,15,BA.2.9:4;BA.2:6;BA.2.75:1;BA.5.1:3;BA.5.2.1:1
