Date,Site,Nt Mutations,AA Mutations,Support DP,Total DP,Combined Freq,Overall Occurrence,Lineage Occurrence
1012026,BA.2_0.03_abundance_0.04,T670G;A919G,ORF1a:S135R;ORF1a:Q218Q,64,89,0.7191011235955056,189,BA.2.3:4;BA.2.12.1:14;BA.2:50;BA.5.1:22;BF.21:1;BA.5.2.9:1;BA.5.1.21:7;BF.5:8;BQ.1.1:2;BF.7.6:1;BA.5.2:16;BA.4.1:1;BA.5.2.1:4;BE.9:1;BA.4.6:1;BA.2.38:1;BA.5.6:1;BA.2.3.1:16;BA.2.9:1;XBB.1:5;BA.5.5:1;BA.2.10:13;BA.5.2.2:1;BE.1:1;BA.2.65:3;BA.5.1.30:1;BA.5.1.22:1;BA.5.2.12:1;BA.5.1.1:1;BE.1.1:2;BA.2.3.13:1;BF.2:2;BA.2.29:2;BA.5.6.1:1;BF.28:1
1012026,BA.2_0.03_abundance_0.04,C853A;A919G,ORF1a:Y196*;ORF1a:Q218Q,50,811,0.0616522811344019,0,
1012026,BA.2_0.03_abundance_0.04,G3753C;A3786T,ORF1a:R1163T;ORF1a:Y1174F,6,113,0.0530973451327433,0,
1012026,BA.2_0.03_abundance_0.04,G7178C;T7266G,ORF1a:E2305Q;ORF1a:F2334C,22,893,0.024636058230683,0,
1012026,BA.2_0.03_abundance_0.04,T7266G;G7360A,ORF1a:F2334C;ORF1a:M2365I,35,790,0.0443037974683544,0,
1012026,BA.2_0.03_abundance_0.04,A7832T;T7871G,ORF1a:N2523Y;ORF1a:L2536V,25,211,0.1184834123222748,0,
1012026,BA.2_0.03_abundance_0.04,A10393G;G10447A,ORF1a:S3376S;ORF1a:R3394R,5,83,0.0602409638554216,66,BA.2.23.1:5;BA.2.12.1:6;BA.2.10:3;BA.5.5:1;BA.5.2:12;BA.2.75:15;BF.5:1;BA.4.1.3:4;BA.5.2.1:3;BA.4.6:3;BA.5.1.22:2;BA.2:3;CC.1:2;BA.2.3:3;BA.4.2:1;BQ.1.1:1;BA.2.9:1
1012026,BA.2_0.03_abundance_0.04,G12521C;T12592A,ORF1a:G4086R;ORF1a:V4109V,6,596,0.0100671140939597,0,
1012026,BA.2_0.03_abundance_0.04,T13832C;A13868G,ORF1b:L122S;ORF1b:K134R,67,1983,0.0337871911245587,0,
1012026,BA.2_0.03_abundance_0.04,A14312C;T14378G;C14408T,ORF1b:D282A;ORF1b:F304C;ORF1b:P314L,37,139,0.2661870503597122,0,
1012026,BA.2_0.03_abundance_0.04,A14312C;C14408T,ORF1b:D282A;ORF1b:P314L,18,139,0.1294964028776978,2,BA.1.1:1;B.1.1.7:1
1012026,BA.2_0.03_abundance_0.04,T14378G;C14408T,ORF1b:F304C;ORF1b:P314L,48,139,0.3453237410071942,1,AY.68:1
1012026,BA.2_0.03_abundance_0.04,T14378G;G14383A;C14408T,ORF1b:F304C;ORF1b:V306I;ORF1b:P314L,6,139,0.0431654676258992,0,
1012026,BA.2_0.03_abundance_0.04,T15521C;C15714T,ORF1b:F685S;ORF1b:L749L,211,3307,0.063804052010886,1,BF.7:1
1012026,BA.2_0.03_abundance_0.04,G17388C;C17410T,ORF1b:L1307F;ORF1b:R1315C,724,1674,0.4324970131421744,0,
1012026,BA.2_0.03_abundance_0.04,C17410T;A17429G,ORF1b:R1315C;ORF1b:Y1321C,17,645,0.0263565891472868,9,BA.2:6;BA.5.1:1;BA.4.6:1;BA.5.5:1
1012026,BA.2_0.03_abundance_0.04,T21861C;G21987A,S:I100T;S:G142D,13,520,0.025,351,AY.43:12;BA.2.12.1:10;AY.39:43;BA.2:183;BA.4:2;BA.5.1:11;BA.5.2.22:2;AY.122:2;B.1.617.2:2;BA.4.1.7:1;BA.5.2.1:6;AY.33:1;AY.100:1;BA.2.75:3;BA.4.6:4;AY.44:10;AY.4:22;BA.5.2:5;BA.2.9:2;BF.7.5:4;BA.5:1;BE.1.1:1;AY.103:2;BA.5.9:1;AY.27:1;BA.1.1:1;BA.2.36:2;BA.2.14:1;BF.5:1;AY.122.5:1;AY.99.2:3;BA.5.1.22:2;BQ.1.1:2;AY.59:1;AY.5:1;BA.1:1;AY.3:1;AY.25:1;AY.16:1
1012026,BA.2_0.03_abundance_0.04,T22137C;T22200G,S:F192S;S:V213G,41,1274,0.032182103610675,0,
1012026,BA.2_0.03_abundance_0.04,T22200G;T22283A,S:V213G;S:L241I,214,1174,0.1822827938671209,2,BA.2:1;BA.2.3:1
1012026,BA.2_0.03_abundance_0.04,T22200G;T22258A,S:V213G;S:G232G,57,1192,0.0478187919463087,0,
1012026,BA.2_0.03_abundance_0.04,C22883G;G22992A;C22995A;A23013C;A23040G;A23055G,S:L441V;S:S477N;S:T478K;S:E484A;S:Q493R;S:Q498R,88,412,0.2135922330097087,8,BA.2.38:3;BA.2:3;BA.2.74:1;BA.2.48:1
1012026,BA.2_0.03_abundance_0.04,C22883G;G22992A;C22995A;A23013C;A23040G,S:L441V;S:S477N;S:T478K;S:E484A;S:Q493R,5,440,0.0113636363636363,8,BA.2.38:3;BA.2:3;BA.2.74:1;BA.2.48:1
1012026,BA.2_0.03_abundance_0.04,T23337G;A23403G,S:F592C;S:D614G,68,1759,0.038658328595793,0,
1012026,BA.2_0.03_abundance_0.04,T23337G;G23351C;A23403G,S:F592C;S:V597L;S:D614G,22,1759,0.0125071063104036,0,
1012026,BA.2_0.03_abundance_0.04,G23351C;A23403G,S:V597L;S:D614G,314,1759,0.1785105173393973,1,B.1:1
1012026,BA.2_0.03_abundance_0.04,G23351C;A23403G;A23436C,S:V597L;S:D614G;S:H625P,118,1758,0.0671217292377702,0,
1012026,BA.2_0.03_abundance_0.04,A23403G;A23436C,S:D614G;S:H625P,328,1758,0.1865756541524459,2,B.1.1.28:1;AY.100:1
1012026,BA.2_0.03_abundance_0.04,A23847G;G23948T,S:Q762R;S:D796Y,55,920,0.0597826086956521,4,BA.1.1.1:2;BA.2.31:1;BA.2:1
1012026,BA.2_0.03_abundance_0.04,A23920T;G23948T,S:K786N;S:D796Y,121,921,0.1313789359391965,1,BA.2.75:1
1012026,BA.2_0.03_abundance_0.04,A23920T;G23948T;T24029A,S:K786N;S:D796Y;S:F823I,16,921,0.017372421281216,0,
1012026,BA.2_0.03_abundance_0.04,G23948T;T24029A,S:D796Y;S:F823I,93,921,0.1009771986970684,4,BA.1.20:1;BA.1.15:1;BA.2.12.1:1;BA.2:1
1012026,BA.2_0.03_abundance_0.04,A24221C;A24424T,S:T887P;S:Q954H,5,295,0.0169491525423728,0,
1012026,BA.2_0.03_abundance_0.04,A24250C;A24424T,S:I896I;S:Q954H,7,295,0.023728813559322,0,
1012026,BA.2_0.03_abundance_0.04,T24288C;A24424T,S:I909T;S:Q954H,91,295,0.3084745762711864,0,
1012026,BA.2_0.03_abundance_0.04,C25480G;C25584T,ORF3a:R30G;ORF3a:T64T,569,642,0.8862928348909658,18,BE.1.1:1;BA.1.1:3;BA.2:10;BA.2.3:3;BE.1.2:1
1012026,BA.2_0.03_abundance_0.04,T26255A;C26270T,E:F4Y;E:T9I,12,117,0.1025641025641025,1,BA.1.1.18:1
1012026,BA.2_0.03_abundance_0.04,C26270T;T26318G,E:T9I;E:V25G,40,99,0.404040404040404,1,BA.1.15:1
1012026,BA.2_0.03_abundance_0.04,T28004A;G28083C,ORF8:C37*;ORF8:E64Q,19,509,0.037328094302554,0,
1012026,BA.2_0.03_abundance_0.04,A29433T;A29510C,N:K387M;N:S413R,216,920,0.2347826086956521,19,BQ.1.1.5:2;BA.4.6:10;BA.2.12.1:1;BA.2:4;BQ.1.1:1;BQ.1.1.18:1
1082026,BA.2_0.03_abundance_0.04,T559A;T670G,ORF1a:G98G;ORF1a:S135R,926,2147,0.4312994876571961,11,BA.5.9:10;BA.2:1
1082026,BA.2_0.03_abundance_0.04,T2868G;C3037T,ORF1a:V868G;ORF1a:F924F,17,41,0.4146341463414634,2,B.1.1.7:1;BA.1:1
1082026,BA.2_0.03_abundance_0.04,A4558C;T4641C,ORF1a:V1431V;ORF1a:L1459S,14,52,0.2692307692307692,0,
1082026,BA.2_0.03_abundance_0.04,T6061G;A6184C,ORF1a:C1932W;ORF1a:K1973N,71,631,0.1125198098256735,0,
1082026,BA.2_0.03_abundance_0.04,C6388A;A6491C,ORF1a:C2041*;ORF1a:I2076L,5,50,0.1,0,
1082026,BA.2_0.03_abundance_0.04,A7432G;T7453A,ORF1a:S2389S;ORF1a:S2396R,114,341,0.3343108504398827,0,
1082026,BA.2_0.03_abundance_0.04,A7432G;T7453A;A7652G,ORF1a:S2389S;ORF1a:S2396R;ORF1a:T2463A,26,210,0.1238095238095238,0,
1082026,BA.2_0.03_abundance_0.04,A7432G;A7652G,ORF1a:S2389S;ORF1a:T2463A,14,210,0.0666666666666666,0,
1082026,BA.2_0.03_abundance_0.04,T7453A;A7652G,ORF1a:S2396R;ORF1a:T2463A,10,210,0.0476190476190476,0,
1082026,BA.2_0.03_abundance_0.04,A8339C;G8351C,ORF1a:I2692L;ORF1a:A2696P,17,275,0.0618181818181818,0,
1082026,BA.2_0.03_abundance_0.04,C11931G;T12066A,ORF1a:A3889G;ORF1a:M3934K,128,2798,0.045746962115797,0,
1082026,BA.2_0.03_abundance_0.04,C12813G;C12880T;T13001G,ORF1a:A4183G;ORF1a:I4205I;ORF1a:L4246V,357,1898,0.1880927291886196,0,
1082026,BA.2_0.03_abundance_0.04,C12813G;C12880T,ORF1a:A4183G;ORF1a:I4205I,382,2015,0.1895781637717121,0,
1082026,BA.2_0.03_abundance_0.04,C12880T;T13001G,ORF1a:I4205I;ORF1a:L4246V,638,1899,0.3359662980516061,4,BA.2.9:3;BA.5.1:1
1082026,BA.2_0.03_abundance_0.04,C13990G;A13992T,ORF1b:Q175E;ORF1b:Q175H,56,1998,0.028028028028028,0,
1082026,BA.2_0.03_abundance_0.04,C13990G;T14075A,ORF1b:Q175E;ORF1b:L203H,26,1998,0.013013013013013,0,
1082026,BA.2_0.03_abundance_0.04,A13992T;T14075A;G14081C,ORF1b:Q175H;ORF1b:L203H;ORF1b:G205A,41,1998,0.0205205205205205,0,
1082026,BA.2_0.03_abundance_0.04,A13992T;T14075A,ORF1b:Q175H;ORF1b:L203H,189,1998,0.0945945945945946,0,
1082026,BA.2_0.03_abundance_0.04,A13992T;G14081C,ORF1b:Q175H;ORF1b:G205A,76,1998,0.038038038038038,0,
1082026,BA.2_0.03_abundance_0.04,T14075A;G14081C,ORF1b:L203H;ORF1b:G205A,40,2001,0.0199900049975012,0,
1082026,BA.2_0.03_abundance_0.04,C14408T;A14539C,ORF1b:P314L;ORF1b:S358R,52,744,0.0698924731182795,2,B.1:1;BA.5.2:1
1082026,BA.2_0.03_abundance_0.04,T15220G;A15323C,ORF1b:F585V;ORF1b:N619T,678,3879,0.1747873163186388,0,
1082026,BA.2_0.03_abundance_0.04,T16199C;C16220T,ORF1b:F911S;ORF1b:P918L,6,490,0.0122448979591836,0,
1082026,BA.2_0.03_abundance_0.04,C16220T;G16237C,ORF1b:P918L;ORF1b:A924P,6,490,0.0122448979591836,0,
1082026,BA.2_0.03_abundance_0.04,C17410T;T17535C,ORF1b:R1315C;ORF1b:G1356G,11,102,0.1078431372549019,64,BA.5.2.6:5;BA.2.3:13;BA.2.71:3;BA.2.45:1;BA.5.1.5:2;BA.5.2.19:2;BA.2:11;BF.3:2;BA.2.12.1:4;BA.5.2.1:4;BA.2.38:1;BA.5.5:1;BA.2.9:2;BA.5.1.10:1;BA.5.2:2;BA.5.1.22:1;BE.1.1:2;BA.2.70:2;BA.5.1.30:1;BA.5.6:1;BA.5.1:1;BF.5:2
1082026,BA.2_0.03_abundance_0.04,G18040A;A18163G,ORF1b:A1525T;ORF1b:I1566V,135,646,0.2089783281733746,17,BA.1.1.18:1;BA.5.2:3;BA.1.15.1:1;BA.1.1:3;BA.2.5:1;BA.5.6:2;BA.1.15:1;BA.2.38:1;BA.5.2.1:2;BQ.1.1.23:1;BA.2.75:1
1082026,BA.2_0.03_abundance_0.04,G18833T;A18887T,ORF1b:G1789V;ORF1b:H1807L,234,2433,0.096177558569667,0,
1082026,BA.2_0.03_abundance_0.04,A20294C;A20351C,ORF1b:Y2276S;ORF1b:Q2295P,16,358,0.0446927374301676,0,
1082026,BA.2_0.03_abundance_0.04,A20351C;T20423G,ORF1b:Q2295P;ORF1b:F2319C,22,328,0.0670731707317073,0,
1082026,BA.2_0.03_abundance_0.04,T21810A;G21987A,S:V83D;S:G142D,254,1472,0.1725543478260869,9,AY.127:1;AY.98.1:1;BA.2:2;B.1.617.2:1;BA.4.6.3:1;BA.5.7:1;BA.5:1;BA.5.2.21:1
1082026,BA.2_0.03_abundance_0.04,C22075G;T22200G,S:V171V;S:V213G,15,272,0.0551470588235294,538,BA.5.2.22:531;BA.5.2.1:2;BA.5.2:2;BA.2:1;BE.4:2
1082026,BA.2_0.03_abundance_0.04,T23317A;A23403G,S:L585L;S:D614G,16,917,0.0174482006543075,269,BA.2.12.1:20;B.1.1.7:2;BA.1.1:19;AY.127:107;BA.2:1;AY.39:47;AY.29:8;BF.7.5:1;BA.5.2:5;AY.45:1;AY.4:46;B.1.2:2;BA.5.8:1;AY.125:1;B.1.429:1;BA.2.9:1;AY.3:2;AY.47:2;BA.1.1.15:2
1082026,BA.2_0.03_abundance_0.04,T23317A;C23376T;A23403G,S:L585L;S:S605F;S:D614G,22,917,0.0239912758996728,0,
1082026,BA.2_0.03_abundance_0.04,C23376T;A23403G,S:S605F;S:D614G,531,917,0.579062159214831,10,AY.43:2;AY.100:2;P.1:1;B.1.1.7:1;B.1.2:2;BA.4.6:1;B.1.284:1
1082026,BA.2_0.03_abundance_0.04,C23525T;T23599G;C23604A;T23765C,S:H655Y;S:N679K;S:P681H;S:S735P,32,750,0.0426666666666666,3,BA.2.3:1;BA.1:2
1082026,BA.2_0.03_abundance_0.04,A25363C;C25584T,S:G1267G;ORF3a:T64T,68,2665,0.0255159474671669,33,BF.31:3;BA.1.1:11;BA.2.12.1:1;BA.5.2:3;BA.2:3;BA.5:1;BA.1.8:2;BA.1:3;BA.1.15:1;BA.2.3:2;BA.1.17.2:3
1082026,BA.2_0.03_abundance_0.04,A25454T;C25584T,ORF3a:K21M;ORF3a:T64T,177,2669,0.0663169726489321,52,BA.2.12.1:12;BA.2:8;BE.1.1:3;BA.1.1:6;BA.2.75:1;BA.2.67:1;BA.2.9:1;BA.5.2:2;BA.4.6:6;BQ.1.1:1;XBB:1;BA.4.1.9:1;BA.5.2.1:6;BA.1.15:1;BA.1.17:1;BA.1.1.2:1
1082026,BA.2_0.03_abundance_0.04,C26060T;A26128C;C26270T,ORF3a:T223I;ORF3a:I246L;E:T9I,31,203,0.1527093596059113,10,BA.2:3;BA.5.2.1:1;BA.2.12.1:2;BA.5.1.1:1;BA.5.2.25:1;BA.5:2
1082026,BA.2_0.03_abundance_0.04,C26060T;A26128C,ORF3a:T223I;ORF3a:I246L,10,286,0.0349650349650349,10,BA.2:3;BA.5.2.1:1;BA.2.12.1:2;BA.5.1.1:1;BA.5.2.25:1;BA.5:2
1082026,BA.2_0.03_abundance_0.04,C26060T;T26182G;C26270T,ORF3a:T223I;ORF3a:Y264D;E:T9I,8,203,0.0394088669950738,17,BA.5.6:2;BA.2:7;BE.1:1;BA.4.6:1;BE.1.1:1;BA.4.1:1;BQ.1.1.28:1;BA.2.48:1;BA.2.9:1;BA.5.2.1:1
1082026,BA.2_0.03_abundance_0.04,A26555C;C26577G;G26709A;C26858T,M:E11D;M:Q19E;M:A63T;M:F112F,44,1944,0.022633744855967,63,BA.4.6:7;BA.2.56:11;BA.2.6:1;BA.2.12.1:43;BA.2.51:1
1082026,BA.2_0.03_abundance_0.04,G27382C;A27383T;T27384C;T27502A,ORF6:D61H;ORF6:D61V;ORF6:D61D;ORF7a:S37T,5,122,0.040983606557377,25,BA.2:8;BA.2.3:3;BA.2.7:2;BA.2.34:1;BA.4.1:3;BA.2.12.1:6;BA.2.36:1;BA.2.65:1
1082026,BA.2_0.03_abundance_0.04,C27972G;A28129T,ORF8:Q27E;ORF8:Y79F,24,1302,0.0184331797235023,0,
1082026,BA.2_0.03_abundance_0.04,A28129T;C28311T,ORF8:Y79F;N:P13L,515,1215,0.4238683127572016,19,BA.2.3:3;BA.1:1;BA.2:3;BA.1.1:3;BA.5.2.1:1;BF.8:1;BA.5.1:3;BA.1.17.2:3;BA.2.18:1
1082026,BA.2_0.03_abundance_0.04,A28129T;C28310G;C28311T,ORF8:Y79F;N:P13A;N:P13L,27,1215,0.0222222222222222,0,
1082026,BA.2_0.03_abundance_0.04,A28129T;C28298G;C28311T,ORF8:Y79F;N:Q9E;N:P13L,55,1215,0.0452674897119341,0,
1082026,BA.2_0.03_abundance_0.04,C28298G;C28311T,N:Q9E;N:P13L,50,1216,0.0411184210526315,69,BA.2:7;BA.5.1:6;BA.5.2.1:13;BA.1:5;BA.1.1:21;BA.2.10:5;BA.4.1:2;BA.2.75:2;BA.1.14.1:2;BA.5.2:2;BA.2.12.1:3;BA.4.1.1:1
1082026,BA.2_0.03_abundance_0.04,C28310G;C28311T,N:P13A;N:P13L,32,1216,0.0263157894736842,125,BA.2.10:2;BA.5.1:45;BA.5.2.1:37;BA.1.1:5;BA.5.5:2;BA.2:21;BA.1.15:1;BA.1:1;BA.5.2:1;BE.1:2;BA.4.6:1;BA.1.1.18:1;BA.5.1.22:1;BA.2.75:2;BA.1.17.2:1;BA.4.1:1;BA.1.18:1
1152026,BA.2_0.03_abundance_0.04,C4499A;T4599C,ORF1a:Q1412K;ORF1a:L1445P,6,490,0.0122448979591836,0,
1152026,BA.2_0.03_abundance_0.04,T7737A;A7796G,ORF1a:V2491D;ORF1a:K2511E,58,1067,0.0543580131208997,0,
1152026,BA.2_0.03_abundance_0.04,T9279C;C9344T;A9424G;C9534T,ORF1a:V3005A;ORF1a:L3027F;ORF1a:V3053V;ORF1a:T3090I,90,1082,0.0831792975970425,9,BA.2.75:2;BQ.1.1.15:1;BQ.1.1.18:1;BA.5.1:2;BA.4.6:1;BA.5.2.1:1;BF.5:1
1152026,BA.2_0.03_abundance_0.04,T9279C;C9344T;A9424G,ORF1a:V3005A;ORF1a:L3027F;ORF1a:V3053V,23,1290,0.017829457364341,9,BA.2.75:2;BQ.1.1.15:1;BQ.1.1.18:1;BA.5.1:2;BA.4.6:1;BA.5.2.1:1;BF.5:1
1152026,BA.2_0.03_abundance_0.04,C9534T;G9635A,ORF1a:T3090I;ORF1a:A3124T,444,1014,0.4378698224852071,1,BA.2.12.1:1
1152026,BA.2_0.03_abundance_0.04,C9534T;G9635A;C9777A,ORF1a:T3090I;ORF1a:A3124T;ORF1a:S3171Y,130,946,0.1374207188160676,0,
1152026,BA.2_0.03_abundance_0.04,C9534T;C9777A,ORF1a:T3090I;ORF1a:S3171Y,89,946,0.0940803382663847,18,XBB.1:8;BA.5.2:7;BA.2:1;BA.5.5:1;BA.2.12.1:1
1152026,BA.2_0.03_abundance_0.04,T10607C;C10641A,ORF1a:F3448L;ORF1a:T3459K,11,764,0.0143979057591623,0,
1152026,BA.2_0.03_abundance_0.04,C10641A;A10657G,ORF1a:T3459K;ORF1a:T3464T,8,764,0.0104712041884816,1,BA.5.2.9:1
1152026,BA.2_0.03_abundance_0.04,G12824A;C12880T,ORF1a:D4187N;ORF1a:I4205I,983,4711,0.208660581617491,55,BQ.1:1;BQ.1.1.22:4;BA.5.2.1:12;BA.2:4;BA.5.6:1;BA.5.5:4;BA.2.23:1;BQ.1.1:7;BA.5.2.5:1;BA.2.9:1;BA.2.12.1:5;BA.5.2:3;BA.5.1:3;BA.2.75:3;BA.5:4;BF.7:1
1152026,BA.2_0.03_abundance_0.04,T14298C;C14408T,ORF1b:Y277Y;ORF1b:P314L,14,793,0.0176544766708701,394,AY.44:6;BA.2.12.1:16;B.1.427:1;AY.4:81;BA.2:30;B.1.2:66;BA.5.1:10;B.1.1.7:10;BA.1.1:5;BA.5.1.30:7;B.1.617.2:6;BA.2.75:8;AY.103:28;AY.25.1:27;BA.5.6:1;BA.1.1.18:2;BA.2.3:9;BF.5:2;B.1.409:3;BA.2.36:1;BA.5.2.1:3;P.1:2;AY.4.2:2;BA.1.15:1;AY.4.2.2:1;AY.5.2:1;AY.39:10;AY.43:2;R.1:1;BA.1.1.1:2;AY.39.1.2:2;BA.5.2:4;AY.20:1;BA.2.67:2;AY.122:2;BQ.1.5:4;AY.6:4;AU.3:2;AY.65:1;AY.125:4;BA.1:3;BA.2.78:1;B.1:5;BA.1.17:1;AY.26:3;BA.1.20:1;BA.5.2.2:1;B.1.177.57:4;B.1.258:1;BF.7:2;B.1.1.214:1;AY.47:1
1152026,BA.2_0.03_abundance_0.04,T14367A;C14408T,ORF1b:H300Q;ORF1b:P314L,109,794,0.1372795969773299,1,B.1.2:1
1152026,BA.2_0.03_abundance_0.04,T14367A;C14408T;T14538G,ORF1b:H300Q;ORF1b:P314L;ORF1b:L357L,16,738,0.021680216802168,0,
1152026,BA.2_0.03_abundance_0.04,T14367A;C14408T;G14511A,ORF1b:H300Q;ORF1b:P314L;ORF1b:Q348Q,95,749,0.1268357810413885,0,
1152026,BA.2_0.03_abundance_0.04,T14367A;C14408T;G14511A;T14538G,ORF1b:H300Q;ORF1b:P314L;ORF1b:Q348Q;ORF1b:L357L,11,738,0.0149051490514905,0,
1152026,BA.2_0.03_abundance_0.04,C14408T;G14511A;T14538G,ORF1b:P314L;ORF1b:Q348Q;ORF1b:L357L,36,738,0.048780487804878,0,
1152026,BA.2_0.03_abundance_0.04,C14408T;T14538G,ORF1b:P314L;ORF1b:L357L,24,738,0.032520325203252,20,BA.5.2.32:1;BA.5.2:8;AY.98:3;AY.122:1;BA.5.2.16:1;BA.2.12.1:1;B.1.160:1;BA.5.2.12:1;B.1.177.7:1;AY.33:1;BA.5.2.20:1
1152026,BA.2_0.03_abundance_0.04,C15714T;T15804C,ORF1b:L749L;ORF1b:Y779Y,90,2674,0.0336574420344053,1442,BA.5.1:990;BA.2.9:24;BA.5.5:5;BF.21:2;BA.5.2.1:50;BA.2:147;BA.5:37;BA.2.29:1;BA.5.1.12:35;BA.4.6:7;BA.2.12.1:14;BA.2.3:9;BF.6:12;BF.5:2;BA.2.75:3;BQ.1.1.17:1;BA.5.2:27;BQ.1.1:3;BE.3:1;BA.2.23:7;BA.4.1:4;BA.4.4:1;BF.4:16;BA.2.22:1;BA.5.1.24:1;BA.5.2.28:1;BA.2.5:1;BA.5.6:2;BA.5.2.3:1;BA.5.2.20:8;BA.5.1.3:2;BF.10:1;BA.2.9.5:4;BA.2.10:4;BA.2.76:3;AY.4:1;BA.5.2.7:1;BA.5.1.7:3;BE.5:1;BA.3:2;BA.2.10.3:1;BA.2.68:1;BA.4:1;BA.2.36:1;BF.7:3
1152026,BA.2_0.03_abundance_0.04,A16034T;T16074A,ORF1b:D856V;ORF1b:A869A,165,3136,0.0526147959183673,0,
1152026,BA.2_0.03_abundance_0.04,A16804G;T17034G,ORF1b:N1113D;ORF1b:V1189V,74,1251,0.0591526778577138,0,
1152026,BA.2_0.03_abundance_0.04,C17410T;T17672C,ORF1b:R1315C;ORF1b:V1402A,63,212,0.2971698113207547,69,BA.5.6:15;BF.7:28;BA.5.5:4;BA.2.3:8;BA.5.2.1:5;BQ.1.3:1;BA.5.1.1:2;BA.4.6:1;BA.2:1;BQ.1.1.15:1;BA.5.1:1;BA.5:1;BA.2.9:1
1152026,BA.2_0.03_abundance_0.04,A21971G;G21987A,S:N137D;S:G142D,25,326,0.0766871165644171,149,AY.4.2.2:1;AY.44:5;AY.100:2;AY.4:7;BA.4.6:1;BA.2.7:1;BA.5.1:4;AY.118:2;AY.25.1:3;AY.25:53;BA.2:22;BA.5.2.1:6;BA.5.1.22:16;AY.129:2;BA.5.1.23:1;BA.5.3:3;BA.4.1:1;B.1.617.2:1;BF.7.5:1;AY.79:1;AY.122:2;BA.5.1.10:1;BE.1.2:2;AY.99.2:2;BF.5:1;BA.2.9:1;AY.6:1;AY.3:1;BA.1:1;BA.5.2.2:1;AY.23:1;AY.45:1;CN.1:1
1152026,BA.2_0.03_abundance_0.04,C22674T;T22679C;C22686T;A22688G;A22804G,S:S371F;S:S373P;S:S375F;S:T376A;S:Q414Q,12,35,0.3428571428571428,103,BA.2.75:1;BA.2.8:2;BA.5.1:68;BA.2.38.1:1;BA.2:10;BA.5.2.32:5;BA.4.6:2;BA.5:4;BA.5.2:5;BA.2.38:1;BA.2.22:1;BA.2.12.1:2;BA.5.5:1
1152026,BA.2_0.03_abundance_0.04,C24198G;A24424T,S:A879G;S:Q954H,42,983,0.0427263479145473,14,BA.1.1:2;BA.5.1:1;BE.1:1;BA.2.75:5;BA.2:1;BA.5.1.25:1;BA.5.1.5:1;BA.5.2.12:2
1152026,BA.2_0.03_abundance_0.04,G24230C;A24424T,S:A890P;S:Q954H,44,985,0.0446700507614213,0,
1152026,BA.2_0.03_abundance_0.04,A24424T;A24520G,S:Q954H;S:K986K,9,76,0.1184210526315789,127,BA.2.9:1;BA.2:69;BA.1:1;BA.1.1:9;BQ.1.1:4;BA.2.75:4;BA.5.1:2;BA.2.3:1;BA.5.2:7;BA.2.10:2;BA.2.12:4;BA.1.1.1:2;BA.5.5:1;XBB.1:1;BA.1.17.2:3;BA.4:4;BA.2.12.1:4;BA.1.14.1:1;BA.1.1.18:2;BA.4.1:1;BA.5.2.6:1;BA.5.2.1:1;BQ.1.1.18:1;BA.5.3.1:1
1152026,BA.2_0.03_abundance_0.04,T24979A;C24989A;C25000T,S:D1139E;S:P1143T;S:D1146D,20,628,0.0318471337579617,0,
1152026,BA.2_0.03_abundance_0.04,T24979A;C25000T,S:D1139E;S:D1146D,67,628,0.1066878980891719,4,BA.1.1:1;BA.5.5:1;BA.2.75:1;BF.24:1
1152026,BA.2_0.03_abundance_0.04,C24989A;C25000T,S:P1143T;S:D1146D,111,628,0.1767515923566879,35,BF.10:2;BF.24:1;BA.2.3:1;BA.2.9:15;BE.1.1:1;BA.2:6;BA.1.1:2;BA.1:2;BA.2.12.1:3;DJ.1.1:1;BA.5.1:1
1152026,BA.2_0.03_abundance_0.04,C26577G;G26709A;C26807T;C26858T,M:Q19E;M:A63T;M:Y95Y;M:F112F,1470,3285,0.4474885844748858,86,BA.2:41;BA.2.9:3;BA.2.10:24;BA.2.52:2;BA.4.6:1;BA.2.45:1;BA.2.3:2;BA.2.37:1;BA.4.2:1;BA.2.75:4;XAM:2;BA.2.9.5:1;BA.2.38:1;BA.2.12.1:1;BA.4.1.3:1
1152026,BA.2_0.03_abundance_0.04,C26577G;G26709A;C26807T,M:Q19E;M:A63T;M:Y95Y,92,3460,0.0265895953757225,317,BQ.1.1.22:1;BA.2:41;BA.5.1:38;BA.1.1:58;BA.1:9;BA.2.9:3;BA.2.10:24;BA.5.6:2;BA.1.16:8;BA.1.15:14;BA.5.1.18:4;BQ.1.1:5;XAZ:30;BF.5:2;BA.1.1.2:1;BA.5.5:3;BA.5.2.1:4;BA.1.17:4;BF.7:3;BA.5.2.18:1;BA.2.52:2;BA.4.6:1;BA.2.45:1;BA.1.18:21;BA.5.2:4;BQ.1.1.24:7;BA.1.15.2:1;BA.2.3:2;BA.2.37:1;BA.5.2.2:1;BA.4.2:1;BC.1:1;BA.1.1.18:2;BA.2.75:4;BA.1.20:1;BA.5.1.22:1;XAM:2;BA.1.17.2:2;BA.2.9.5:1;BA.5.1.12:1;BA.2.38:1;BA.5.2.22:1;BQ.1.1.6:1;BA.2.12.1:1;BA.4.1.3:1
1152026,BA.2_0.03_abundance_0.04,A27259C;G27382C;A27383T;T27384C;A27394T,ORF6:R20R;ORF6:D61H;ORF6:D61V;ORF6:D61D;ORF7a:MX,34,1400,0.0242857142857142,2,BA.2:1;BA.2.3.20:1
1152026,BA.2_0.03_abundance_0.04,C28311T;A28330C,N:P13L;N:G19G,83,3040,0.0273026315789473,18,BA.5.2.1:17;BA.1.1:1
1152026,BA.2_0.03_abundance_0.04,G29374C;A29510C,N:E367D;N:S413R,141,831,0.1696750902527075,7,BA.2:4;BA.5.2:2;BA.5.1.10:1
1222026,BA.2_0.03_abundance_0.04,T670G;T818G,ORF1a:S135R;ORF1a:Y185D,138,375,0.368,1,BA.2.12.1:1
1222026,BA.2_0.03_abundance_0.04,T670G;T778A;T818G,ORF1a:S135R;ORF1a:R171R;ORF1a:Y185D,172,375,0.4586666666666666,0,
1222026,BA.2_0.03_abundance_0.04,T670G;T778A,ORF1a:S135R;ORF1a:R171R,30,375,0.08,143,BA.2.3:30;BA.5.1.4:1;BF.24:7;BA.5.2.5:1;BA.2.10:1;BA.5.9:1;BA.4.6:1;BA.2.12.1:2;BA.2.9:1;BA.4.1:1;BA.2.5:1;BA.5.6:1;BA.2.64:3;BA.5.2:48;BA.2:28;BE.1.1:1;BA.5.2.20:5;BF.5:1;BA.5.2.19:1;BA.5.2.1:6;XBB.3:1;BA.2.32:1
1222026,BA.2_0.03_abundance_0.04,T778A;T818G,ORF1a:R171R;ORF1a:Y185D,1474,3473,0.4244169306075439,0,
1222026,BA.2_0.03_abundance_0.04,T2968G;C3037T,ORF1a:S901R;ORF1a:F924F,212,612,0.3464052287581699,2,AY.59:1;BA.1.1:1
1222026,BA.2_0.03_abundance_0.04,C10029T;G10072A,ORF1a:T3255I;ORF1a:M3269I,5,15,0.3333333333333333,85,AY.44:2;BA.2:21;BA.1.1:1;BA.1:19;AY.126:1;BA.5.1:2;AY.42:1;B.1.1.519:1;AY.103:3;CG.1:1;B.1.617.2:1;BA.1.17.2:3;AY.4:4;BA.5.2:6;BF.7:2;BA.5.2.1:1;AY.122:3;AY.25:1;AY.39:1;BA.1.15:1;BA.2.76:1;AY.5:1;BA.1.17:2;BA.2.12.1:1;BA.1.1.11:1;BA.2.65:1;BA.5.5:1;AY.3:2
1222026,BA.2_0.03_abundance_0.04,C10418A;C10449A;T10561A,ORF1a:P3385T;ORF1a:P3395H;ORF1a:T3432T,23,1170,0.0196581196581196,0,
1222026,BA.2_0.03_abundance_0.04,C10418A;C10449A,ORF1a:P3385T;ORF1a:P3395H,318,1170,0.2717948717948718,0,
1222026,BA.2_0.03_abundance_0.04,C10449A;T10561A,ORF1a:P3395H;ORF1a:T3432T,60,1170,0.0512820512820512,113,BA.2.12.1:5;BA.2:19;BA.5.1:13;BA.5.1.3:4;XBB.1:4;BA.1:3;BA.1.1:25;BE.1:1;BQ.1:5;BA.2.3:7;BQ.1.1.18:1;BA.4.6:1;CK.2.1.1:1;BA.2.41:1;BA.2.75:5;BA.5.1.1:1;BA.5.2.6:1;BA.5.1.6:1;BA.5.2.27:1;BA.5.2.18:1;BA.5.2:2;BQ.1.1:1;BA.2.76:1;BA.2.3.11:1;BA.4.1:1;BF.4:1;BA.4.6.5:2;BA.5.2.1:1;BF.10:1;BA.1.18:1;BA.2.3.12:1
1222026,BA.2_0.03_abundance_0.04,C10449A;A10536G,ORF1a:P3395H;ORF1a:Y3424C,19,1170,0.0162393162393162,1,BA.2:1
1222026,BA.2_0.03_abundance_0.04,A12044T;C12115G;G12152C,ORF1a:I3927L;ORF1a:S3950S;ORF1a:A3963P,140,3343,0.0418785521986239,0,
1222026,BA.2_0.03_abundance_0.04,A12044T;C12115G,ORF1a:I3927L;ORF1a:S3950S,133,3343,0.0397846245886927,0,
1222026,BA.2_0.03_abundance_0.04,A12044T;G12152C,ORF1a:I3927L;ORF1a:A3963P,374,3343,0.1118755608734669,0,
1222026,BA.2_0.03_abundance_0.04,C12115G;G12152C,ORF1a:S3950S;ORF1a:A3963P,241,3343,0.0720909362847741,0,
1222026,BA.2_0.03_abundance_0.04,G12152C;A12404T,ORF1a:A3963P;ORF1a:N4047Y,140,418,0.3349282296650718,0,
1222026,BA.2_0.03_abundance_0.04,T12531A;T12538G,ORF1a:F4089Y;ORF1a:Y4091*,170,2615,0.0650095602294455,0,
1222026,BA.2_0.03_abundance_0.04,T12531A;T12643G;C12654A,ORF1a:F4089Y;ORF1a:L4126L;ORF1a:A4130D,85,2615,0.0325047801147227,0,
1222026,BA.2_0.03_abundance_0.04,T12531A;T12643G,ORF1a:F4089Y;ORF1a:L4126L,122,2615,0.0466539196940726,0,
1222026,BA.2_0.03_abundance_0.04,T12531A;T12538G;T12643G;C12654A,ORF1a:F4089Y;ORF1a:Y4091*;ORF1a:L4126L;ORF1a:A4130D,40,2615,0.0152963671128107,0,
1222026,BA.2_0.03_abundance_0.04,T12531A;T12538G;C12654A,ORF1a:F4089Y;ORF1a:Y4091*;ORF1a:A4130D,109,2615,0.0416826003824091,0,
1222026,BA.2_0.03_abundance_0.04,T12531A;T12538G;T12643G,ORF1a:F4089Y;ORF1a:Y4091*;ORF1a:L4126L,73,2615,0.0279158699808795,0,
1222026,BA.2_0.03_abundance_0.04,T12531A;C12654A,ORF1a:F4089Y;ORF1a:A4130D,162,2615,0.0619502868068833,0,
1222026,BA.2_0.03_abundance_0.04,T12538G;T12643G,ORF1a:Y4091*;ORF1a:L4126L,105,2615,0.0401529636711281,0,
1222026,BA.2_0.03_abundance_0.04,T12538G;C12654A,ORF1a:Y4091*;ORF1a:A4130D,131,2615,0.050095602294455,0,
1222026,BA.2_0.03_abundance_0.04,T12538G;T12643G;C12654A,ORF1a:Y4091*;ORF1a:L4126L;ORF1a:A4130D,72,2615,0.0275334608030592,0,
1222026,BA.2_0.03_abundance_0.04,T12643G;C12654A,ORF1a:L4126L;ORF1a:A4130D,112,2615,0.0428298279158699,0,
1222026,BA.2_0.03_abundance_0.04,C13436T;T13637A,ORF1a:L4391F;ORF1b:I57N,20,527,0.0379506641366223,0,
1222026,BA.2_0.03_abundance_0.04,T13637A;G13828C,ORF1b:I57N;ORF1b:A121P,6,59,0.1016949152542373,0,
1222026,BA.2_0.03_abundance_0.04,T13779A;G13828C,ORF1b:H104Q;ORF1b:A121P,8,111,0.072072072072072,0,
1222026,BA.2_0.03_abundance_0.04,T13779A;G13828C;T13890G,ORF1b:H104Q;ORF1b:A121P;ORF1b:N141K,5,102,0.0490196078431372,0,
1222026,BA.2_0.03_abundance_0.04,G13828C;T13890G,ORF1b:A121P;ORF1b:N141K,8,102,0.0784313725490196,0,
1222026,BA.2_0.03_abundance_0.04,T14285C;C14408T,ORF1b:L273P;ORF1b:P314L,171,471,0.3630573248407643,1,B.1:1
1222026,BA.2_0.03_abundance_0.04,T14285C;C14322G;C14408T,ORF1b:L273P;ORF1b:Y285*;ORF1b:P314L,7,471,0.0148619957537154,0,
1222026,BA.2_0.03_abundance_0.04,C14322G;C14408T,ORF1b:Y285*;ORF1b:P314L,6,471,0.0127388535031847,4,B.1.1.7:3;BQ.1.1:1
1222026,BA.2_0.03_abundance_0.04,A15992C;A15997C,ORF1b:D842A;ORF1b:T844P,127,1433,0.0886252616887648,0,
1222026,BA.2_0.03_abundance_0.04,A17155G;C17410T,ORF1b:T1230A;ORF1b:R1315C,140,3463,0.0404273751082876,48,BA.2:7;BA.5.5:1;BA.2.75:1;BA.2.12.1:3;BN.1.3:1;BA.4.1:6;BA.2.3.17:2;BA.5.2.9:1;BF.5:3;BA.2.9:7;BA.5.2.1:4;BA.5.2.10:1;BF.8:1;BA.5:3;BA.5.1.12:1;BF.11.4:2;BA.5.2.43:1;BA.5.1.2:1;BA.2.3:1;BA.4.6:1
1222026,BA.2_0.03_abundance_0.04,A17155G;T17178C;C17410T,ORF1b:T1230A;ORF1b:V1237V;ORF1b:R1315C,44,3463,0.0127057464626046,0,
1222026,BA.2_0.03_abundance_0.04,T17178C;C17410T,ORF1b:V1237V;ORF1b:R1315C,861,3463,0.2486283569159688,144,BE.1.1:2;BA.2.12.1:5;BA.2:36;BA.1.1:1;BA.5.5:2;BA.5.1:5;BA.5.2.1:10;BA.5.1.30:1;BA.5.2:26;BA.5.3.3:3;BF.13:1;BA.5.1.22:2;BA.2.37:1;BA.2.9:29;BA.2.36:8;BA.2.75:1;BA.5.1.24:1;BA.2.3:1;BF.14:2;BF.8:1;BA.5.2.6:1;BA.5:1;BA.4:1;XBB.1:1;BA.4.6:2
1222026,BA.2_0.03_abundance_0.04,G21227T;A21415G,ORF1b:W2587L;ORF1b:K2650E,22,76,0.2894736842105263,1,BA.5.2.28:1
1222026,BA.2_0.03_abundance_0.04,A21415G;A21450C,ORF1b:K2650E;ORF1b:E2661D,8,151,0.0529801324503311,0,
1222026,BA.2_0.03_abundance_0.04,A21415G;A21505T,ORF1b:K2650E;ORF1b:R2680*,20,151,0.1324503311258278,0,
1222026,BA.2_0.03_abundance_0.04,A21415G;A21450C;A21505T,ORF1b:K2650E;ORF1b:E2661D;ORF1b:R2680*,5,151,0.0331125827814569,0,
1222026,BA.2_0.03_abundance_0.04,G23948T;A24101T,S:D796Y;S:R847*,12,68,0.1764705882352941,0,
1222026,BA.2_0.03_abundance_0.04,G24200C;A24424T,S:G880R;S:Q954H,46,439,0.1047835990888382,0,
1222026,BA.2_0.03_abundance_0.04,A24424T;A24742T,S:Q954H;S:V1060V,5,45,0.1111111111111111,13,BA.1.1:5;BF.10:1;BA.2.75:2;BA.2.3.12:1;BF.1:2;BN.1.3:1;BA.5.2:1
1222026,BA.2_0.03_abundance_0.04,A24424T;G24653T,S:Q954H;S:E1031*,14,54,0.2592592592592592,3,BA.2:2;BA.1.15:1
1222026,BA.2_0.03_abundance_0.04,A24424T;C24477G;G24653T,S:Q954H;S:A972G;S:E1031*,8,54,0.1481481481481481,0,
1222026,BA.2_0.03_abundance_0.04,C24477G;G24653T,S:A972G;S:E1031*,14,243,0.0576131687242798,0,
1222026,BA.2_0.03_abundance_0.04,G24653T;A24742T,S:E1031*;S:V1060V,16,197,0.0812182741116751,0,
1222026,BA.2_0.03_abundance_0.04,A24742T;C25000T,S:V1060V;S:D1146D,296,1162,0.2547332185886403,13,BA.1.1:5;BF.10:1;BA.2.75:2;BA.2.3.12:1;BF.1:2;BN.1.3:1;BA.5.2:1
1222026,BA.2_0.03_abundance_0.04,T24887G;C25000T,S:F1109V;S:D1146D,23,1165,0.0197424892703862,0,
1222026,BA.2_0.03_abundance_0.04,A25462G;C25584T,ORF3a:T24A;ORF3a:T64T,222,1898,0.1169652265542676,27,BA.1.1:7;BA.5.1:1;BA.1:1;BA.2:4;BQ.1.1:1;BA.5.2.1:6;BA.5.2:4;BA.1.15:1;BA.2.12.1:1;BA.2.9:1
1222026,BA.2_0.03_abundance_0.04,C26270T;G26273T,E:T9I;E:G10V,43,787,0.0546378653113087,10,BA.2:2;BA.1:3;BA.1.1:3;BA.5.2:1;BA.2.3.4:1
1222026,BA.2_0.03_abundance_0.04,C26270T;T26315G,E:T9I;E:V24G,128,627,0.2041467304625199,0,
1222026,BA.2_0.03_abundance_0.04,C26577G;G26709A;A26772C;C26858T,M:Q19E;M:A63T;M:M84L;M:F112F,403,1878,0.2145899893503727,4,BA.4.1:3;BA.2:1
1222026,BA.2_0.03_abundance_0.04,C26577G;G26709A;A26772C,M:Q19E;M:A63T;M:M84L,30,2009,0.0149328023892483,24,BA.1.1.12:6;BA.4.1:3;BA.5.2.1:3;BA.1.1.1:3;BA.1.1:3;BA.2:1;BA.1.15:1;BA.5.1.22:3;BA.5:1
1222026,BA.2_0.03_abundance_0.04,A27259C;G27382C;A27383T;T27384G,ORF6:R20R;ORF6:D61H;ORF6:D61V;ORF6:D61E,728,2150,0.3386046511627907,3,BA.2.9:2;BA.2:1
1222026,BA.2_0.03_abundance_0.04,A29510C;A29657G,N:S413R;ORF10:N34D,5,68,0.0735294117647058,40,BA.4.1:3;BA.2.12.1:4;BA.2:20;BA.4:1;BA.5.2:6;BA.2.75:2;BF.7:2;BA.5.2.1:1;BA.2.3.1:1
1292026,BA.2_0.03_abundance_0.04,T670G;A869T,ORF1a:S135R;ORF1a:K202*,25,230,0.108695652173913,1,BA.5.2.6:1
1292026,BA.2_0.03_abundance_0.04,T670G;G804C,ORF1a:S135R;ORF1a:G180A,6,230,0.0260869565217391,1,BF.10:1
1292026,BA.2_0.03_abundance_0.04,G1598A;A1649T,ORF1a:G445S;ORF1a:N462Y,13,208,0.0625,0,
1292026,BA.2_0.03_abundance_0.04,A1611G;A1649T,ORF1a:N449S;ORF1a:N462Y,50,1598,0.0312891113892365,0,
1292026,BA.2_0.03_abundance_0.04,A2916G;C3037T,ORF1a:Q884R;ORF1a:F924F,109,249,0.4377510040160642,193,B.1.1.7:2;BA.2.12.1:5;P.1:5;AY.4:8;BA.2:8;BA.5.2.1:14;C.37:4;BA.1.1:17;BA.1:6;BA.2.9.5:1;B.1.617.2:34;BA.1.15:8;BA.4.6:2;AY.42:1;AY.29:2;B.1.621:1;AY.103:4;AY.44:4;AY.125:5;AY.99.2:3;BA.2.9:8;AY.122:9;BA.1.18:2;BA.1.14:1;BQ.1.11:1;AY.106:1;B.1.612:2;AY.43:2;BA.2.3:2;BA.2.40.1:1;AY.4.6:1;BF.1:1;BA.5.2:4;BA.5.1.10:7;BA.2.10:1;AY.124:2;BE.1:1;BA.1.17.2:1;B.1.2:1;AY.4.4:1;BF.11:1;B.1.1:4;BA.2.38.3:1;BA.1.14.1:1;BA.5.2.9:1;AY.61:1;BA.1.1.13:1
1292026,BA.2_0.03_abundance_0.04,T3011G;C3037T,ORF1a:L916V;ORF1a:F924F,6,249,0.0240963855421686,106,AY.20:1;BA.5.1:9;AY.4:3;BA.4:12;BA.5.2.1:1;AY.100:1;BA.1:1;BA.2:3;BA.2.12.1:2;AY.43:15;BA.1.1:24;AY.103:8;AY.4.2:1;AY.126:1;BF.5:1;B.1.1.7:3;AY.23:1;B.1.2:3;AY.26:3;B.1.1:1;B.1.1.28:1;BA.5:3;AY.122:1;AY.122.5:1;BA.1.1.1:1;BA.1.1.15:1;BE.1.3:1;BA.5.3:1;B.1.617.2:1;BA.2.9:1
1292026,BA.2_0.03_abundance_0.04,T4732C;C4940T,ORF1a:Y1489Y;ORF1a:L1559F,5,444,0.0112612612612612,0,
1292026,BA.2_0.03_abundance_0.04,T7264A;G7273A,ORF1a:L2333L;ORF1a:R2336R,7,250,0.028,0,
1292026,BA.2_0.03_abundance_0.04,T8002G;T8286C,ORF1a:D2579E;ORF1a:M2674T,8,529,0.0151228733459357,0,
1292026,BA.2_0.03_abundance_0.04,T8002G;T8304G,ORF1a:D2579E;ORF1a:V2680G,6,156,0.0384615384615384,0,
1292026,BA.2_0.03_abundance_0.04,C10029T;C9866T;G9904T;A9946G,ORF1a:T3255I;ORF1a:L3201F;ORF1a:K3213N;ORF1a:R3227R,83,540,0.1537037037037037,0,
1292026,BA.2_0.03_abundance_0.04,C10029T;C9866T;G9904T,ORF1a:T3255I;ORF1a:L3201F;ORF1a:K3213N,235,540,0.4351851851851852,2,BA.2:2
1292026,BA.2_0.03_abundance_0.04,C10029T;C9866T;A9946G,ORF1a:T3255I;ORF1a:L3201F;ORF1a:R3227R,53,540,0.0981481481481481,18,BA.2.12.1:6;CH.1.1:1;BA.2:7;BA.2.56:1;BA.2.9:1;BA.2.64:1;BA.2.75:1
1292026,BA.2_0.03_abundance_0.04,C9866T;G9904T,ORF1a:L3201F;ORF1a:K3213N,21,583,0.0360205831903945,2,BA.2:2
1292026,BA.2_0.03_abundance_0.04,C12822T;C12880T,ORF1a:S4186F;ORF1a:I4205I,177,1603,0.1104179663131628,0,
1292026,BA.2_0.03_abundance_0.04,C12822T;C12880T;G13061A,ORF1a:S4186F;ORF1a:I4205I;ORF1a:V4266I,7,276,0.0253623188405797,0,
1292026,BA.2_0.03_abundance_0.04,C12822T;C12880T;C12924A,ORF1a:S4186F;ORF1a:I4205I;ORF1a:P4220H,17,1603,0.0106051154086088,0,
1292026,BA.2_0.03_abundance_0.04,C12880T;C12924A,ORF1a:I4205I;ORF1a:P4220H,109,1603,0.0679975046787273,135,BE.1.1:1;BA.2.12.1:17;XBB.2:1;BA.2:45;BF.5:22;BA.2.3:17;BA.2.76:1;BA.5.2.1:3;BQ.1.1:7;BA.4.1.8:6;BA.5.1:4;BA.5:1;BA.2.38:1;XE:1;BA.4:3;BE.1.4:1;BA.2.9:3;BA.2.13:1
1292026,BA.2_0.03_abundance_0.04,C12880T;C13009T,ORF1a:I4205I;ORF1a:A4248A,65,1493,0.043536503683858,354,BA.5.1:17;BF.7:2;BA.2.12.1:46;BA.2.9:9;BA.5.5:57;BA.2.75:4;BF.27:1;BA.5.1.23:2;BA.5.2.1:23;BF.10:3;BF.31:3;BA.2:98;BA.5.2.20:4;BA.5.11:1;BA.5:1;XBB.1:1;BA.2.2:1;BQ.1.13:1;BA.4:7;BF.7.6:1;BF.5:3;BQ.1.1:16;BA.5.1.1:1;XBB.3:1;BA.2.36:6;BF.1:1;BA.5.2:9;BA.2.3.12:1;BA.2.3.6:1;BA.2.31:1;BA.2.18:1;BA.1.1:2;BA.2.10:2;BA.5.2.6:1;BA.5.6:4;BA.4.6:1;BA.2.3.1:1;BA.4.1:2;BE.1.1:2;BE.3:1;BA.5.2.33:1;BA.4.2:3;BA.2.65:1;BA.5.5.2:1;BA.2.51:2;BA.5.1.16:1;BF.4:1;BE.1:1;BA.4.4:1;BE.1.4:1;BQ.1:1;BA.2.9.5:1
1292026,BA.2_0.03_abundance_0.04,T13472C;T13560A,ORF1b:V2A;ORF1b:D31E,31,355,0.0873239436619718,0,
1292026,BA.2_0.03_abundance_0.04,C14408T;A14413T,ORF1b:P314L;ORF1b:S316C,1433,2488,0.5759646302250804,18,BQ.1:1;BA.5.2.26:1;BT.1:7;AY.100:2;BA.5.1:1;B.1.1.52:1;BA.5.1.23:1;B.1.617.2:2;AY.68:1;AY.9:1
1292026,BA.2_0.03_abundance_0.04,C14408T;A14413T;A14431C,ORF1b:P314L;ORF1b:S316C;ORF1b:R322R,112,2488,0.045016077170418,0,
1292026,BA.2_0.03_abundance_0.04,C14408T;A14545G,ORF1b:P314L;ORF1b:K360E,84,2208,0.0380434782608695,1,AY.25:1
1292026,BA.2_0.03_abundance_0.04,C14408T;A14413T;A14545G,ORF1b:P314L;ORF1b:S316C;ORF1b:K360E,542,2208,0.2454710144927536,0,
1292026,BA.2_0.03_abundance_0.04,C14408T;A14413T;A14431C;A14545G,ORF1b:P314L;ORF1b:S316C;ORF1b:R322R;ORF1b:K360E,29,2208,0.0131340579710144,0,
1292026,BA.2_0.03_abundance_0.04,A14839G;T14871G,ORF1b:R458G;ORF1b:D468E,101,1037,0.0973963355834136,0,
1292026,BA.2_0.03_abundance_0.04,C15328T;C15479A,ORF1b:L621F;ORF1b:T671N,172,1732,0.0993071593533487,0,
1292026,BA.2_0.03_abundance_0.04,C15714T;A15851T,ORF1b:L749L;ORF1b:D795V,44,791,0.0556257901390644,1,BA.2.3:1
1292026,BA.2_0.03_abundance_0.04,A17195G;T17283G;C17410T,ORF1b:K1243R;ORF1b:N1272K;ORF1b:R1315C,132,3640,0.0362637362637362,0,
1292026,BA.2_0.03_abundance_0.04,A17195G;T17262C;C17410T,ORF1b:K1243R;ORF1b:C1265C;ORF1b:R1315C,725,3640,0.1991758241758241,0,
1292026,BA.2_0.03_abundance_0.04,A17195G;T17262C,ORF1b:K1243R;ORF1b:C1265C,510,6013,0.08481623149842,0,
1292026,BA.2_0.03_abundance_0.04,A17195G;C17410T,ORF1b:K1243R;ORF1b:R1315C,1504,3640,0.4131868131868131,0,
1292026,BA.2_0.03_abundance_0.04,A17195G;T17268C;C17410T,ORF1b:K1243R;ORF1b:D1267D;ORF1b:R1315C,71,3640,0.0195054945054945,0,
1292026,BA.2_0.03_abundance_0.04,A17195G;T17283G,ORF1b:K1243R;ORF1b:N1272K,89,6013,0.0148012639281556,0,
1292026,BA.2_0.03_abundance_0.04,A17195G;T17262C;T17268C;C17410T,ORF1b:K1243R;ORF1b:C1265C;ORF1b:D1267D;ORF1b:R1315C,39,3640,0.0107142857142857,0,
1292026,BA.2_0.03_abundance_0.04,A17195G;T17262C;T17283G;C17410T,ORF1b:K1243R;ORF1b:C1265C;ORF1b:N1272K;ORF1b:R1315C,55,3640,0.0151098901098901,0,
1292026,BA.2_0.03_abundance_0.04,T17262C;C17410T,ORF1b:C1265C;ORF1b:R1315C,299,3640,0.0821428571428571,31,BQ.1.1.22:3;BA.4.1.4:1;BA.4.6:2;BA.5.5:2;BA.2:4;AY.34:3;BA.5.2:4;BG.2:1;BA.2.12.1:1;BA.2.76:1;BA.5.2.1:7;BA.5:2
1292026,BA.2_0.03_abundance_0.04,T17283G;C17410T,ORF1b:N1272K;ORF1b:R1315C,58,3640,0.0159340659340659,0,
1292026,BA.2_0.03_abundance_0.04,C17410T;A17666G,ORF1b:R1315C;ORF1b:K1400R,6,190,0.031578947368421,289,BA.5.1:63;BA.5.1.10:25;BA.4.6:2;BA.5.2.1:27;BA.2:19;BE.1.1:53;BA.2.3:4;BA.5.1.23:8;BA.2.12.1:8;BA.5.2:20;BA.2.3.13:2;BA.2.76:1;BQ.1.1:1;BA.2.75:1;BM.4.1.1:1;BA.2.9:7;BF.28:12;BA.2.3.1:1;BA.2.9.3:5;XAU:2;BQ.1.1.18:1;BA.2.10:1;BA.5.1.22:1;BA.5.2.21:1;BF.10:1;BE.4:2;BA.5.5:2;BA.5.6:1;BA.5:1;BA.5.1.3:2;BA.2.3.12:3;BA.5.1.15:5;BF.5:3;BA.2.75.1:2;B.1.1.7:1
1292026,BA.2_0.03_abundance_0.04,T18641G;A18916T,ORF1b:I1725R;ORF1b:T1817S,42,2919,0.014388489208633,0,
1292026,BA.2_0.03_abundance_0.04,G18994C;G18997A,ORF1b:A1843P;ORF1b:A1844T,31,1019,0.0304219823356231,0,
1292026,BA.2_0.03_abundance_0.04,G18994C;G19078A,ORF1b:A1843P;ORF1b:E1871K,22,1019,0.0215897939156035,0,
1292026,BA.2_0.03_abundance_0.04,G18994C;G18997A;G19078A,ORF1b:A1843P;ORF1b:A1844T;ORF1b:E1871K,16,1019,0.0157016683022571,0,
1292026,BA.2_0.03_abundance_0.04,G18994C;A19079C,ORF1b:A1843P;ORF1b:E1871A,19,1019,0.0186457311089303,0,
1292026,BA.2_0.03_abundance_0.04,G18997A;A19079C,ORF1b:A1844T;ORF1b:E1871A,29,1019,0.028459273797841,0,
1292026,BA.2_0.03_abundance_0.04,G18997A;G19078A,ORF1b:A1844T;ORF1b:E1871K,41,1019,0.0402355250245338,0,
1292026,BA.2_0.03_abundance_0.04,G19078A;A19079C,ORF1b:E1871K;ORF1b:E1871A,18,1019,0.0176643768400392,0,
1292026,BA.2_0.03_abundance_0.04,G20568T;A20826G,ORF1b:K2367N;ORF1b:T2453T,14,898,0.0155902004454342,0,
1292026,BA.2_0.03_abundance_0.04,G22111C;T22200G,S:Q183H;S:V213G,28,449,0.0623608017817371,6,BA.5.6:1;BF.10:1;BA.5.2:1;BA.2.3:3
1292026,BA.2_0.03_abundance_0.04,T22150C;T22200G,S:N196N;S:V213G,13,449,0.0289532293986636,343,BA.2.38:37;BA.2:166;BA.5.2.1:66;BE.3:1;BA.2.7:2;BA.2.18:7;BA.5.2:39;BF.31:1;BA.2.75:3;BA.5.2.23:1;BA.2.23:1;BA.5.2.20:2;BA.5.8:1;BF.10:3;BA.2.3:2;BA.2.65:1;BQ.1.1:1;BA.4:1;BE.1:1;BA.2.3.20:1;BA.2.12.1:2;BA.2.4:1;BA.5.1:1;BA.2.9:1;BA.5.5:1
1292026,BA.2_0.03_abundance_0.04,T22200G;G22316T,S:V213G;S:G252C,9,29,0.3103448275862069,2,BA.5.6:1;BA.2.12.1:1
1292026,BA.2_0.03_abundance_0.04,G22316T;G22578A,S:G252C;S:G339D,11,21,0.5238095238095238,2,BA.2.12.1:1;BA.1.1.18:1
1292026,BA.2_0.03_abundance_0.04,G23948T;T24045G,S:D796Y;S:L828R,16,40,0.4,1,BA.5.2:1
1292026,BA.2_0.03_abundance_0.04,T24168A;A24424T,S:M869K;S:Q954H,339,575,0.5895652173913043,1,BA.1:1
1292026,BA.2_0.03_abundance_0.04,T25412C;C25584T,ORF3a:I7T;ORF3a:T64T,31,1405,0.0220640569395017,141,BA.2.12.1:2;BA.5.1.3:6;BA.1:36;BA.2:24;BA.4:1;BA.2.36:2;BA.1.1:24;BA.4.1:3;BA.2.75:1;BA.2.10:1;BA.5.2.1:13;BA.5.2:3;BF.7:9;BA.2.9.3:1;BA.4.6:1;BG.5:1;BA.1.17.2:2;BA.5.1:4;BA.1.17:1;BA.2.3:1;BA.5.6:1;BA.4.1.9:2;BA.5.8:1;BA.1.15.1:1
1292026,BA.2_0.03_abundance_0.04,C25584T;C25638G,ORF3a:T64T;ORF3a:N82K,32,268,0.1194029850746268,3,BA.1.1:2;XBB.1:1
1292026,BA.2_0.03_abundance_0.04,A26003T;C26270T,ORF3a:H204L;E:T9I,198,367,0.5395095367847411,36,BA.1.15:3;BA.2:4;BA.5.1.2:3;BA.1.1:5;BA.5.2:12;BA.2.12.1:1;BA.5.1:2;BA.2.9:2;BE.1.1.1:1;BE.4:1;BA.1.17.2:2
1292026,BA.2_0.03_abundance_0.04,C26577G;G26709A;A26802C;C26858T,M:Q19E;M:A63T;M:S94R;M:F112F,1755,3581,0.490086567997766,4,BA.2:3;BA.2.12.1:1
1292026,BA.2_0.03_abundance_0.04,C26577G;G26709A;C26858T;C26882G,M:Q19E;M:A63T;M:F112F;M:L120L,10,326,0.0306748466257668,42,BA.2:17;BR.4:1;BA.2.9:3;BA.2.26:3;BA.2.10:14;BA.2.23:1;BA.2.12.1:2;BA.2.43:1
1292026,BA.2_0.03_abundance_0.04,C26577G;G26709A;A26802C;C26858T;C26882G,M:Q19E;M:A63T;M:S94R;M:F112F;M:L120L,9,326,0.0276073619631901,0,
1292026,BA.2_0.03_abundance_0.04,T27279G;G27382C;A27383T;T27384C,ORF6:I26M;ORF6:D61H;ORF6:D61V;ORF6:D61D,322,710,0.4535211267605634,1,BS.1:1
2052026,BA.2_0.03_abundance_0.04,G636C;T670G,ORF1a:R124P;ORF1a:S135R,1469,3222,0.4559279950341403,1,BA.2:1
2052026,BA.2_0.03_abundance_0.04,T670G;T858C,ORF1a:S135R;ORF1a:L198P,102,244,0.4180327868852459,5,BA.2.12.1:2;BF.21:1;BA.2:1;BA.5.1:1
2052026,BA.2_0.03_abundance_0.04,C1179T;A1248G,ORF1a:P305L;ORF1a:E328G,87,2238,0.0388739946380697,0,
2052026,BA.2_0.03_abundance_0.04,C1179T;T1295G,ORF1a:P305L;ORF1a:C344G,71,1472,0.0482336956521739,0,
2052026,BA.2_0.03_abundance_0.04,C1179T;A1248G;T1295G,ORF1a:P305L;ORF1a:E328G;ORF1a:C344G,43,1472,0.0292119565217391,0,
2052026,BA.2_0.03_abundance_0.04,A1248G;T1295G,ORF1a:E328G;ORF1a:C344G,123,1472,0.0835597826086956,0,
2052026,BA.2_0.03_abundance_0.04,T1295G;C1403A,ORF1a:C344G;ORF1a:P380T,5,31,0.1612903225806451,0,
2052026,BA.2_0.03_abundance_0.04,T7453A;C7508T,ORF1a:S2396R;ORF1a:R2415C,94,543,0.1731123388581952,0,
2052026,BA.2_0.03_abundance_0.04,G7664A;G7873T,ORF1a:D2467N;ORF1a:L2536F,12,436,0.0275229357798165,0,
2052026,BA.2_0.03_abundance_0.04,A8938T;T8987A,ORF1a:A2891A;ORF1a:F2908I,45,360,0.125,0,
2052026,BA.2_0.03_abundance_0.04,A8938T;T9107A,ORF1a:A2891A;ORF1a:L2948I,43,360,0.1194444444444444,0,
2052026,BA.2_0.03_abundance_0.04,A8938T;T8987A;T9107A,ORF1a:A2891A;ORF1a:F2908I;ORF1a:L2948I,36,360,0.1,0,
2052026,BA.2_0.03_abundance_0.04,T8987A;T9107A,ORF1a:F2908I;ORF1a:L2948I,54,361,0.149584487534626,0,
2052026,BA.2_0.03_abundance_0.04,T9275C;C9344T;A9424G,ORF1a:W3004R;ORF1a:L3027F;ORF1a:V3053V,66,1066,0.0619136960600375,1,BA.2:1
2052026,BA.2_0.03_abundance_0.04,T9275C;C9344T;A9424G;C9534T,ORF1a:W3004R;ORF1a:L3027F;ORF1a:V3053V;ORF1a:T3090I,311,905,0.343646408839779,1,BA.2:1
2052026,BA.2_0.03_abundance_0.04,T9275C;T9336C;C9344T;A9424G;C9534T,ORF1a:W3004R;ORF1a:V3024A;ORF1a:L3027F;ORF1a:V3053V;ORF1a:T3090I,16,905,0.0176795580110497,0,
2052026,BA.2_0.03_abundance_0.04,T9336C;C9344T;A9424G;C9534T,ORF1a:V3024A;ORF1a:L3027F;ORF1a:V3053V;ORF1a:T3090I,25,905,0.0276243093922651,16,BQ.1:1;BA.2:1;BA.5.1:5;BA.5.2.1:5;BA.5:1;BA.5.2:1;BQ.1.1:2
2052026,BA.2_0.03_abundance_0.04,C9534T;T9678C,ORF1a:T3090I;ORF1a:F3138S,1065,1792,0.5943080357142857,137,B.1.617.2:1;BA.2.3:2;BA.2:28;BA.5.1:5;BA.2.9:85;BA.4.6:5;BQ.1.1.4:1;BA.5.2:2;XBB.1:1;BA.5.2.1:1;BA.5.6:1;BA.5.5:1;BF.7.5:1;AY.48:1;BA.5:2
2052026,BA.2_0.03_abundance_0.04,C10449A;A10579T,ORF1a:P3395H;ORF1a:T3438T,19,635,0.0299212598425196,23,BA.1.1:3;BA.5.2.1:15;BA.2.5:1;BA.5.1:2;BA.2.12.1:1;BA.2.9:1
2052026,BA.2_0.03_abundance_0.04,G12590T;C12732A,ORF1a:V4109F;ORF1a:A4156D,59,3015,0.0195688225538971,0,
2052026,BA.2_0.03_abundance_0.04,G12849A;C12880T,ORF1a:R4195K;ORF1a:I4205I,226,1041,0.2170989433237271,34,BA.2:10;XBB.1:1;BA.5.1:3;AY.103:6;BE.1.1:3;BA.2.9:1;BQ.1.23:1;BA.5.2:1;BA.1.15:1;BA.5.2.1:3;BA.2.10:1;BF.22:1;BQ.1.1:1;BA.2.3:1
2052026,BA.2_0.03_abundance_0.04,T14957G;C15010T;C15122T,ORF1b:F497C;ORF1b:Q515*;ORF1b:S552F,7,99,0.0707070707070707,0,
2052026,BA.2_0.03_abundance_0.04,C15010T;C15122T;T15137A,ORF1b:Q515*;ORF1b:S552F;ORF1b:M557K,8,99,0.0808080808080808,0,
2052026,BA.2_0.03_abundance_0.04,C15010T;C15122T,ORF1b:Q515*;ORF1b:S552F,26,99,0.2626262626262626,0,
2052026,BA.2_0.03_abundance_0.04,C15010T;T15137A,ORF1b:Q515*;ORF1b:M557K,6,99,0.0606060606060606,0,
2052026,BA.2_0.03_abundance_0.04,C16080A;C16178G,ORF1b:V871V;ORF1b:S904*,12,167,0.0718562874251497,0,
2052026,BA.2_0.03_abundance_0.04,C16178G;A16373T,ORF1b:S904*;ORF1b:N969I,27,229,0.1179039301310043,0,
2052026,BA.2_0.03_abundance_0.04,T17250G;C17410T,ORF1b:A1261A;ORF1b:R1315C,295,2170,0.1359447004608295,62,BA.2.12.1:4;BA.2:3;BA.2.75:1;BA.4.6:2;BA.5.2.22:1;BA.2.23:37;BA.5.2.1:3;BE.1.1:6;BQ.1.1:2;BA.5.2:1;BF.26:1;BA.2.3:1
2052026,BA.2_0.03_abundance_0.04,C17410T;G17658A,ORF1b:R1315C;ORF1b:M1397I,12,146,0.0821917808219178,51,XBB.1:11;BE.1.1.2:1;BA.2.75:3;BF.5:10;BA.4.1:3;BA.5.1.2:1;BF.27:1;BA.2:6;BF.10:2;BA.2.3.20:1;BA.2.21:1;BA.2.36:2;BA.2.12.1:6;BA.5.2.3:2;BA.5.1:1
2052026,BA.2_0.03_abundance_0.04,A17846C;C17850T,ORF1b:Q1460P;ORF1b:G1461G,19,1520,0.0125,0,
2052026,BA.2_0.03_abundance_0.04,A20620G;A20798T,ORF1b:K2385E;ORF1b:Y2444F,28,616,0.0454545454545454,0,
2052026,BA.2_0.03_abundance_0.04,G21987A;A22008C,S:G142D;S:N149T,10,178,0.0561797752808988,14,BA.2.76:1;AY.20:1;BA.2.24:5;AY.5:1;AY.25:1;AY.4:1;BA.5.2.1:3;AY.43:1
2052026,BA.2_0.03_abundance_0.04,A22008C;T22200G,S:N149T;S:V213G,41,991,0.0413723511604439,9,BA.5.2.1:3;BA.2.76:1;BA.2.24:5
2052026,BA.2_0.03_abundance_0.04,T22170G;T22200G,S:I203R;S:V213G,36,994,0.0362173038229376,0,
2052026,BA.2_0.03_abundance_0.04,G22578A;C22674T;T22679C;C22686T;A22688G;G22708T;A22786C;G22813T,S:G339D;S:S371F;S:S373P;S:S375F;S:T376A;S:V382V;S:R408S;S:K417N,64,534,0.1198501872659176,400,BF.11:1;BA.2.12.1:80;BA.2:117;BA.2.9.5:1;BF.7.4:3;BA.5.1:16;BF.7:14;BA.2.9:11;BA.2.10:2;BA.5.9:2;BA.4.6:2;BA.2.45:1;BA.5.2.1:20;BA.5.1.6:1;BA.5.2.8:1;BA.5.1.22:48;BA.5.1.23:1;BF.2:4;BA.5.2:40;BA.2.3.1:10;BQ.1.1.2:1;BA.4.1:3;BA.5.1.25:2;BA.5.2.6:1;BA.2.13:1;BA.5.1.30:2;BA.5.2.20:1;BY.1:1;BA.4.6.5:4;BA.5:4;BF.5:1;BE.1.1:1;BA.5.6:2;BA.1:1
2052026,BA.2_0.03_abundance_0.04,G22578A;C22674T;T22679C;C22686T;A22688G;A22786C;A22790C;G22813T,S:G339D;S:S371F;S:S373P;S:S375F;S:T376A;S:R408S;S:I410L;S:K417N,17,534,0.0318352059925093,0,
2052026,BA.2_0.03_abundance_0.04,G22578A;C22674T;T22679C;C22686T;A22688G;G22708T,S:G339D;S:S371F;S:S373P;S:S375F;S:T376A;S:V382V,6,562,0.0106761565836298,426,BF.11:1;BA.2.12.1:83;BA.2:133;BA.2.9.5:1;BF.7.4:3;BA.5.1:16;BF.7:15;BA.2.9:11;BA.2.10:2;BA.5.9:2;BA.4.6:2;BA.2.45:1;BA.5.2.1:21;BA.5.1.6:1;BA.5.2.8:1;BA.5.1.22:50;BA.5.1.23:1;BF.2:5;BA.5.2:41;BA.2.3.1:10;BQ.1.1.2:1;BA.4.1:3;BA.5.1.25:2;BA.5.2.6:1;BA.2.13:1;BA.5.1.30:2;BA.5.2.20:1;BY.1:1;BA.1:2;BA.4.6.5:4;BA.5:4;BF.5:1;BE.1.1:1;BA.5.6:2
2052026,BA.2_0.03_abundance_0.04,G24234A;A24424T,S:G891D;S:Q954H,87,365,0.2383561643835616,20,BA.1.1:7;BA.1.18:2;BA.1.17:1;BA.1.1.1:1;BA.1.15:2;BE.1.1.2:1;BA.1.17.2:2;BA.1:1;BA.2:2;BA.1.1.14:1
2052026,BA.2_0.03_abundance_0.04,G24234A;T24405A;A24424T,S:G891D;S:L948H;S:Q954H,14,365,0.0383561643835616,0,
2052026,BA.2_0.03_abundance_0.04,T24405A;A24424T,S:L948H;S:Q954H,22,365,0.0602739726027397,0,
2052026,BA.2_0.03_abundance_0.04,C24767G;C25000T,S:P1069A;S:D1146D,703,915,0.7683060109289618,2,BA.1.18:1;BA.1.1.7:1
2052026,BA.2_0.03_abundance_0.04,C25584T;A25636C,ORF3a:T64T;ORF3a:N82H,408,494,0.8259109311740891,1,BA.2:1
2052026,BA.2_0.03_abundance_0.04,A25636C;A25890C,ORF3a:N82H;ORF3a:S166S,7,162,0.0432098765432098,0,
2052026,BA.2_0.03_abundance_0.04,C26270T;T26453C,E:T9I;E:V70A,140,419,0.3341288782816229,56,BA.5.2.1:8;BA.1:4;BA.1.1:14;BA.2.5:4;BA.5.5:6;BF.7:1;BA.1.13:1;BA.2:1;BA.1.1.18:3;BA.4.1:1;BA.2.9.3:1;B.1.1.7:1;BA.1.1.17:1;BF.8:1;BA.2.3:1;BA.2.12.1:2;BA.2.65:1;BA.5.1:1;BA.1.17:1;BA.1.20:1;BF.7.9:1;BF.25:1
2052026,BA.2_0.03_abundance_0.04,C26577G;G26654T;G26709A;C26858T,M:Q19E;M:R44S;M:A63T;M:F112F,923,3437,0.2685481524585394,22,BA.2.9:2;BA.2:10;BA.2.75:1;BA.4.6:1;BA.1.15:1;XBB.2:1;BA.2.21:1;BA.2.10:1;BA.5:1;BA.2.12.1:1;XE:1;BA.2.3.7:1
2052026,BA.2_0.03_abundance_0.04,C26577G;G26654T;G26709A,M:Q19E;M:R44S;M:A63T,138,3886,0.0355120946989191,101,BA.2:11;BA.5.1:4;BF.7:1;BA.1.1:26;BA.1:10;BA.1.18:1;BA.1.20:2;BA.5.2.6:1;BQ.1.1.23:1;XBB.2:1;BA.5:2;XE:1;BA.1.1.1:3;BA.1.15:9;BA.1.15.1:2;BA.5.2.31:1;BA.2.9:2;BA.5.1.15:1;BQ.1.13:1;BA.5.2:1;BA.1.17:1;BQ.1.1:2;BA.1.1.18:1;BA.4.6:1;BE.1.4:1;BA.1.17.2:3;BA.2.10:1;BA.2.12.1:1;BA.5.6:4;BA.1.13:1;BA.2.75:1;BA.2.21:1;AY.103:1;BA.2.3.7:1
2052026,BA.2_0.03_abundance_0.04,A27259C;C27329T;G27382C;A27383T;T27384C,ORF6:R20R;ORF6:S43L;ORF6:D61H;ORF6:D61V;ORF6:D61D,50,1507,0.033178500331785,1,BA.2.75:1
2052026,BA.2_0.03_abundance_0.04,T28835C;C28869T;G28881A;G28882A;G28883C,N:S188P;N:P199L;N:R203K;N:R203R;N:G204R,11,166,0.0662650602409638,0,
2052026,BA.2_0.03_abundance_0.04,T28835C;G28881A;G28882A;G28883C,N:S188P;N:R203K;N:R203R;N:G204R,29,166,0.1746987951807229,58,BA.5.5:2;BA.1.1:18;XBB.1:1;BA.2:8;BA.2.3:2;BQ.1.23:1;BA.1.16:1;XBB:1;BA.1.1.14:1;B.1.1.316:1;BA.1.1.12:1;BE.1.1:1;B.1.1.7:6;BA.2.24:1;BA.5.2.1:2;BA.1.17.2:1;BA.5.8:1;BA.1:4;B.1.1.519:1;BA.5.1.5:1;B.1.1:1;BA.2.12.1:1;BA.4.1:1
2052026,BA.2_0.03_abundance_0.04,G29414A;A29510C,N:A381T;N:S413R,215,1506,0.1427622841965471,288,BA.5.1.30:7;BA.2:16;BA.5.1:75;BA.4:75;BF.1:1;BQ.1.1:1;BA.2.12.1:9;BA.4.1:65;BA.5.1.5:2;BA.5.2.19:1;BA.5.2.1:11;BA.5.1.6:1;BA.5.2:4;BA.2.1:1;BA.2.10.1:2;BA.2.3:1;BA.4.6:4;BA.2.9:1;BA.2.75:2;BA.5.5:2;BF.28:1;BF.5:1;BE.1.1:1;BA.2.40.1:1;BA.5.1.20:1;BE.1:2
2052026,BA.2_0.03_abundance_0.04,G29414A;A29510C;G29587T,N:A381T;N:S413R;ORF10:P10P,212,1407,0.1506751954513148,0,
2122026,BA.2_0.03_abundance_0.04,C498A;T670G,ORF1a:T78N;ORF1a:S135R,305,2319,0.1315222078482104,54,BA.2.56:2;BA.5.2:2;BA.2:8;BA.5.2.1:5;BA.5.6:1;BF.7:11;BA.5.1:3;BA.4.6:1;BF.10:4;BQ.1:1;BA.2.36:3;BA.2.10.2:1;BA.2.76:6;BA.4.1:1;BA.5.1.22:1;BA.5:2;BF.24:1;BA.4.6.4:1
2122026,BA.2_0.03_abundance_0.04,A555T;T670G,ORF1a:Y97F;ORF1a:S135R,100,2319,0.043122035360069,4,BA.5.2.1:4
2122026,BA.2_0.03_abundance_0.04,T670G;A828G,ORF1a:S135R;ORF1a:N188S,22,709,0.0310296191819464,102,BA.2.9:4;BA.2:66;BA.2.37:1;BA.2.75:10;BA.5.5:3;BE.1:1;BA.5.2:2;BA.5.1:4;BA.5.2.34:1;BN.1.2:1;BA.5.1.3:2;BA.2.12.1:4;BF.6:1;BE.1.4:1;BE.1.1:1
2122026,BA.2_0.03_abundance_0.04,G1031C;C1091T,ORF1a:E256Q;ORF1a:P276S,25,2286,0.010936132983377,0,
2122026,BA.2_0.03_abundance_0.04,C1091T;T1153G,ORF1a:P276S;ORF1a:F296L,116,2286,0.0507436570428696,0,
2122026,BA.2_0.03_abundance_0.04,C1091T;C1150A,ORF1a:P276S;ORF1a:G295G,94,2286,0.0411198600174978,0,
2122026,BA.2_0.03_abundance_0.04,T1683A;T1728A,ORF1a:I473N;ORF1a:V488E,48,3525,0.0136170212765957,0,
2122026,BA.2_0.03_abundance_0.04,T3204A;A3390C,ORF1a:L980*;ORF1a:N1042T,78,458,0.1703056768558952,0,
2122026,BA.2_0.03_abundance_0.04,T3204A;A3291C,ORF1a:L980*;ORF1a:Q1009P,12,499,0.0240480961923847,0,
2122026,BA.2_0.03_abundance_0.04,G8442C;A8585T,ORF1a:R2726P;ORF1a:I2774F,51,158,0.3227848101265823,0,
2122026,BA.2_0.03_abundance_0.04,T9271C;C9344T;A9424G;C9534T,ORF1a:G3002G;ORF1a:L3027F;ORF1a:V3053V;ORF1a:T3090I,45,1539,0.0292397660818713,16,BA.5.2.18:2;BA.2:4;BA.5.2.6:1;BA.5.2.1:2;BA.5.6:1;BA.2.12.1:5;BQ.1.1:1
2122026,BA.2_0.03_abundance_0.04,C9344T;G9381C;A9424G,ORF1a:L3027F;ORF1a:G3039A;ORF1a:V3053V,61,1836,0.0332244008714597,0,
2122026,BA.2_0.03_abundance_0.04,C9344T;G9381C;A9424G;C9534T,ORF1a:L3027F;ORF1a:G3039A;ORF1a:V3053V;ORF1a:T3090I,240,1539,0.1559454191033138,0,
2122026,BA.2_0.03_abundance_0.04,C9534T;T9706A,ORF1a:T3090I;ORF1a:C3147*,266,2784,0.0955459770114942,0,
2122026,BA.2_0.03_abundance_0.04,A10821G;T10939C,ORF1a:Q3519R;ORF1a:D3558D,28,1222,0.0229132569558101,0,
2122026,BA.2_0.03_abundance_0.04,G10832T;T10939C,ORF1a:A3523S;ORF1a:D3558D,113,1222,0.0924713584288052,0,
2122026,BA.2_0.03_abundance_0.04,G10832T;T10939C;A10957G,ORF1a:A3523S;ORF1a:D3558D;ORF1a:S3564S,23,1222,0.0188216039279869,0,
2122026,BA.2_0.03_abundance_0.04,G10832T;A10957G,ORF1a:A3523S;ORF1a:S3564S,23,1222,0.0188216039279869,0,
2122026,BA.2_0.03_abundance_0.04,T10939C;A10957G,ORF1a:D3558D;ORF1a:S3564S,70,1222,0.0572831423895253,0,
2122026,BA.2_0.03_abundance_0.04,T10939C;A11023C,ORF1a:D3558D;ORF1a:T3586T,19,1095,0.0173515981735159,0,
2122026,BA.2_0.03_abundance_0.04,C12880T;A12968T,ORF1a:I4205I;ORF1a:N4235Y,1955,2856,0.6845238095238095,0,
2122026,BA.2_0.03_abundance_0.04,C14408T;A14518C,ORF1b:P314L;ORF1b:N351H,38,332,0.1144578313253012,6,BA.1.1:1;AY.3.1:1;B.1.1.25:1;B.1.1.7:1;BA.2:1;B.1.1:1
2122026,BA.2_0.03_abundance_0.04,T15565C;C15714T,ORF1b:S700P;ORF1b:L749L,966,3945,0.2448669201520912,3,BA.2:2;BA.5.2.1:1
2122026,BA.2_0.03_abundance_0.04,T17364A;C17410T,ORF1b:I1299I;ORF1b:R1315C,1372,2411,0.5690584819576939,15,BA.2.75:2;BA.5.1:9;BA.5.6.2:2;BA.2.3:1;BQ.1.1:1
2122026,BA.2_0.03_abundance_0.04,C20698A;C20842G,ORF1b:L2411I;ORF1b:P2459A,42,1793,0.0234244283324037,0,
2122026,BA.2_0.03_abundance_0.04,T21820C;G21987A,S:F86F;S:G142D,21,183,0.1147540983606557,521,AY.25:13;AY.127:12;AY.122:6;BA.2:85;BA.5.1:1;AY.4:159;AY.39.1.1:2;BF.7:35;AY.4.2:2;BA.5.1.5:1;AY.44:12;AY.3:20;BF.5:4;AY.103:6;BQ.1.1:13;B.1.617.2:3;AY.27:1;BE.1.4.1:1;AY.4.6:2;BF.31:14;BA.1.1:1;BA.5.2.1:59;BA.5.2.37:1;BA.4.1.9:1;AY.4.2.2:3;BF.8:3;AY.33:1;BA.2.12.1:11;AY.23:1;BA.5.2:11;BQ.1.1.20:2;BA.2.9:4;AY.4.2.3:2;BQ.1.5:1;CM.2:2;BA.2.75:1;BA.1:6;BA.5.1.23:1;AY.98:5;AY.63:1;BQ.1.1.19:2;AY.5:3;CK.2.1.1:2;AY.45:1;BA.2.38:1;AY.29:1;BA.2.42:1;BA.2.3:1
2122026,BA.2_0.03_abundance_0.04,A22606G;C22674T;T22679C;C22686T;A22688G;A22805C,S:A348A;S:S371F;S:S373P;S:S375F;S:T376A;S:T415P,16,159,0.10062893081761,0,
2122026,BA.2_0.03_abundance_0.04,A22606G;C22674T;T22679C;C22686T;A22688G,S:A348A;S:S371F;S:S373P;S:S375F;S:T376A,39,176,0.2215909090909091,192,BA.2.37:1;BA.2:95;BA.5.1:24;BA.2.6:4;BA.5.1.22:7;BF.27:3;BA.5.2.1:5;BA.5.2:28;BA.2.29:1;BA.2.12.1:5;BE.1.1:3;BA.2.13:1;BA.2.1:6;BA.4.6:1;BA.2.9:5;BQ.1.1.24:1;BA.2.3.1:1;BQ.1.1:1
2122026,BA.2_0.03_abundance_0.04,C22674T;T22679C;C22686T;A22688G;A22805C,S:S371F;S:S373P;S:S375F;S:T376A;S:T415P,49,159,0.3081761006289308,4,BA.2:2;BA.5:1;BA.1:1
2122026,BA.2_0.03_abundance_0.04,A22947G;G22992A;C22995A;A23013C;A23040G;A23055G;A23063T;T23075C,S:K462R;S:S477N;S:T478K;S:E484A;S:Q493R;S:Q498R;S:N501Y;S:Y505H,174,1246,0.1396468699839486,23,BA.2.76:2;BA.2.38:2;BA.1.1:2;BA.1:4;BA.2.74:5;BA.1.15:3;BA.2:3;BA.1.17:2
2122026,BA.2_0.03_abundance_0.04,A22947G;G22992A;C22995A;A23013C;A23040G,S:K462R;S:S477N;S:T478K;S:E484A;S:Q493R,16,1334,0.0119940029985007,24,BA.2.76:2;BA.2.38:2;BA.1.1:2;BA.1:5;BA.2.74:5;BA.1.15:3;BA.2:3;BA.1.17:2
2122026,BA.2_0.03_abundance_0.04,A23403G;A23418T,S:D614G;S:E619V,452,1632,0.2769607843137255,47,C.36.3:5;BA.1.1:1;B.1.1.7:8;BE.1.1:1;BA.2:3;BA.5:1;AY.118:1;AY.46.2:6;BA.2.7:1;AY.125:1;AY.112:1;AY.9.2:2;AY.100:1;AY.43.6:1;BA.1.1.18:1;B.1.617.2:1;AY.43:1;BA.5.2.1:1;AY.111:1;AY.33:2;B.1.1.243:1;AY.126:1;AY.25.1:1;AY.20:1;BQ.1.14:1;BA.1:1;AY.4:1
2122026,BA.2_0.03_abundance_0.04,A23403G;T23407C;A23418T,S:D614G;S:V615V;S:E619V,75,1632,0.0459558823529411,0,
2122026,BA.2_0.03_abundance_0.04,A24817T;C25000T,S:G1085G;S:D1146D,661,1957,0.3377618804292284,8,BA.1:2;BA.2.56:1;BA.2:1;BQ.1.13:1;BA.5.1:1;BA.1.6:1;BA.2.3:1
2122026,BA.2_0.03_abundance_0.04,G25112A;T25189G,S:D1184N;S:Y1209*,9,187,0.0481283422459893,0,
2122026,BA.2_0.03_abundance_0.04,T25648A;C25672A,ORF3a:L86M;ORF3a:L94I,5,114,0.043859649122807,0,
2122026,BA.2_0.03_abundance_0.04,C26270T;C26335G,E:T9I;E:L31V,17,485,0.0350515463917525,2,BA.1.1:2
2122026,BA.2_0.03_abundance_0.04,T28285A;C28311T,N:N4K;N:P13L,117,2454,0.0476772616136919,51,BA.1:2;BA.1.17.2:5;BA.1.1:9;BA.2.12.1:5;BA.1.15:1;BA.2.9.5:6;BA.2:17;BA.1.19:1;BA.4.6.5:2;BQ.1.2:1;BA.2.75.3:1;BA.4.6:1
2192026,BA.2_0.03_abundance_0.04,T670G;A819C,ORF1a:S135R;ORF1a:Y185S,16,213,0.0751173708920187,0,
2192026,BA.2_0.03_abundance_0.04,C1026A;A1133C,ORF1a:P254H;ORF1a:K290Q,14,724,0.0193370165745856,0,
2192026,BA.2_0.03_abundance_0.04,C2892T;T2963A;C2976G;A2994T;A3003G;C3037T;T3055A;A3063T,ORF1a:A876V;ORF1a:W900R;ORF1a:T904R;ORF1a:E910V;ORF1a:E913G;ORF1a:F924F;ORF1a:D930E;ORF1a:E933V,17,641,0.0265210608424337,0,
2192026,BA.2_0.03_abundance_0.04,A3019G;C3037T,ORF1a:S918S;ORF1a:F924F,71,641,0.110764430577223,1144,AY.25:7;AY.33:8;BA.1.1:66;AY.100:3;BA.1:13;B.1.1.519:47;AY.53:1;AY.39:5;AY.5:118;B.1.258:13;BA.4:2;BA.5.1.22:5;AY.44:11;AY.103:47;BA.5.2.1:15;AY.42:17;BA.2.12.1:2;BQ.1.8:3;B.1.177.55:9;BM.2:1;BA.2:55;BF.7:6;AY.16:5;BA.2.9:20;AY.55:1;AY.4:118;B.1.469:1;AY.20:2;AY.114:1;AY.3:43;B.1.1.216:1;BA.5.2:253;AY.26:3;BA.2.23:2;B.1.1.7:18;AY.122:13;BQ.1.10:10;B.1:2;AY.43.8:1;BA.1.18:4;AY.69:6;AY.43:13;BA.2.3:9;BA.5.1:11;AY.98:2;AY.112:1;P.1:3;BA.1.1.2:3;AY.119:13;B.1.1.372:1;BE.3:1;B.1.351:1;AY.71:2;B.1.617.1:2;BA.2.24:1;AY.107:14;B.1.617.2:10;BA.1.15:2;B.1.1.461:1;AY.108:1;AY.3.1:1;B.1.177:2;B.1.400:5;AY.4.2:2;AY.119.2:3;AY.4.11:1;AY.6:12;AY.113:1;BA.5.1.23:1;P.1.14:1;BA.5.1.30:3;B.1.128:1;BA.1.1.3:2;AY.121:1;AY.111:1;AY.4.6:6;BE.1.1:3;BA.1.17.2:1;AY.118:1;BA.5.1.2:1;BA.4.1:1;B.1.2:4;B.1.429:1;AY.120:1;C.37:3;BA.5.2.3:2;AY.46.6:1;BA.5.2.24:1;BA.1.20:1;BA.1.1.1:1;AY.1:1;AY.47:2;N.5:1;B.1.243:3;AY.102:1;B.1.1:1;BA.5.2.33:1;BA.1.9:1;BA.2.75:2;B.1.160.9:1;BA.4.6:2;BY.1:2;AY.126:1;B.1.289:2;B.1.595.4:1;B.1.1.28:1;BQ.1.1.5:1;BA.1.17:2;B.1.221:1;B.1.1.432:1;BA.2.12:1;BA.5.6:1
2192026,BA.2_0.03_abundance_0.04,C3311T;A3329T,ORF1a:L1016F;ORF1a:T1022S,8,725,0.0110344827586206,0,
2192026,BA.2_0.03_abundance_0.04,C3311T;T3334A,ORF1a:L1016F;ORF1a:I1023I,110,725,0.1517241379310344,0,
2192026,BA.2_0.03_abundance_0.04,C3311T;A3329T;T3334A,ORF1a:L1016F;ORF1a:T1022S;ORF1a:I1023I,13,725,0.0179310344827586,0,
2192026,BA.2_0.03_abundance_0.04,A3329T;T3334A,ORF1a:T1022S;ORF1a:I1023I,19,725,0.0262068965517241,0,
2192026,BA.2_0.03_abundance_0.04,A4501C;C4542T,ORF1a:Q1412H;ORF1a:T1426I,158,1539,0.1026640675763482,0,
2192026,BA.2_0.03_abundance_0.04,C5621G;T5674A,ORF1a:P1786A;ORF1a:P1803P,7,629,0.0111287758346581,0,
2192026,BA.2_0.03_abundance_0.04,G7070T;C7101A;T7157A;T7166G;C7173G;T7217C;A7242G;T7288C;G7294C;C7307A;A7309C;T7327A,ORF1a:G2269C;ORF1a:A2279E;ORF1a:L2298I;ORF1a:Y2301D;ORF1a:S2303C;ORF1a:L2318L;ORF1a:E2326G;ORF1a:L2341L;ORF1a:L2343F;ORF1a:Q2348K;ORF1a:Q2348H;ORF1a:F2354L,5,234,0.0213675213675213,0,
2192026,BA.2_0.03_abundance_0.04,C7101A;T7157A;T7166G;C7173G;T7217C;A7242G;T7288C;G7294C;C7307A;A7309C;T7327A,ORF1a:A2279E;ORF1a:L2298I;ORF1a:Y2301D;ORF1a:S2303C;ORF1a:L2318L;ORF1a:E2326G;ORF1a:L2341L;ORF1a:L2343F;ORF1a:Q2348K;ORF1a:Q2348H;ORF1a:F2354L,14,796,0.0175879396984924,0,
2192026,BA.2_0.03_abundance_0.04,T8996C;G9014C,ORF1a:S2911P;ORF1a:A2917P,61,826,0.0738498789346246,0,
2192026,BA.2_0.03_abundance_0.04,G10413C;C10458T,ORF1a:G3383A;ORF1a:T3398I,18,159,0.1132075471698113,0,
2192026,BA.2_0.03_abundance_0.04,G10413C;C10458T;T10469C,ORF1a:G3383A;ORF1a:T3398I;ORF1a:S3402P,7,159,0.0440251572327044,0,
2192026,BA.2_0.03_abundance_0.04,C10458T;T10677A,ORF1a:T3398I;ORF1a:L3471*,10,147,0.0680272108843537,0,
2192026,BA.2_0.03_abundance_0.04,C10458T;T10469C,ORF1a:T3398I;ORF1a:S3402P,11,159,0.0691823899371069,2,AY.108:1;BA.1:1
2192026,BA.2_0.03_abundance_0.04,A10760G;A10767G;T10769G;A10781G;A10884T,ORF1a:K3499E;ORF1a:N3501S;ORF1a:Y3502D;ORF1a:T3506A;ORF1a:N3540I,13,676,0.0192307692307692,0,
2192026,BA.2_0.03_abundance_0.04,A11041T;T11045A;C11060G;T11137C;C11152T;T11180G;G11198T;C11208G;G11222A;A11237T,ORF1a:L3592F;ORF1a:L3594I;ORF1a:Q3599E;ORF1a:F3624F;ORF1a:V3629V;ORF1a:F3639V;ORF1a:A3645S;ORF1a:A3648G;ORF1a:V3653I;ORF1a:S3658C,15,592,0.0253378378378378,0,
2192026,BA.2_0.03_abundance_0.04,T11503C;T11655A,ORF1a:G3746G;ORF1a:F3797Y,24,375,0.064,0,
2192026,BA.2_0.03_abundance_0.04,T11655A;T11778C,ORF1a:F3797Y;ORF1a:F3838S,18,301,0.0598006644518272,0,
2192026,BA.2_0.03_abundance_0.04,G12019A;C12029T;C12084G;T12109C;G12131T,ORF1a:L3918L;ORF1a:Q3922*;ORF1a:T3940S;ORF1a:F3948F;ORF1a:A3956S,59,2965,0.0198988195615514,0,
2192026,BA.2_0.03_abundance_0.04,C12880T;C12897A,ORF1a:I4205I;ORF1a:P4211Q,377,881,0.4279228149829739,164,BA.2.9.5:1;BA.4.1.1:4;BA.2:34;BA.5.2.1:20;BE.1.4:5;BA.2.9:42;BA.2.75:23;CN.1:7;BA.4.6:2;BA.4.1:2;BA.5.1:8;BA.2.12.1:7;BA.5.2:2;BA.2.16:1;BA.2.3:1;BF.5:1;BA.2.10:1;BA.5.2.7:1;BQ.1.14:1;BA.5.1.4:1
2192026,BA.2_0.03_abundance_0.04,C12880T;C13047G,ORF1a:I4205I;ORF1a:P4261R,14,720,0.0194444444444444,0,
2192026,BA.2_0.03_abundance_0.04,C13047G;C13130G;A13204C;T13227C;C13236T;T13241C;T13331A,ORF1a:P4261R;ORF1a:Q4289E;ORF1a:E4313D;ORF1a:F4321S;ORF1a:A4324V;ORF1a:C4326R;ORF1a:C4356S,16,463,0.0345572354211663,0,
2192026,BA.2_0.03_abundance_0.04,C14676A;T14789A,ORF1b:P403P;ORF1b:I441N,74,416,0.1778846153846154,0,
2192026,BA.2_0.03_abundance_0.04,T15983A;T16082G,ORF1b:V839E;ORF1b:F872C,41,976,0.0420081967213114,0,
2192026,BA.2_0.03_abundance_0.04,C16234T;C16247G;T16287C;A16318C;A16341C;T16366A;C16394A,ORF1b:Q923*;ORF1b:A927G;ORF1b:G940G;ORF1b:K951Q;ORF1b:I958I;ORF1b:S967T;ORF1b:P976Q,28,1332,0.021021021021021,0,
2192026,BA.2_0.03_abundance_0.04,C16869A;G16874C,ORF1b:Y1134*;ORF1b:G1136A,366,2327,0.1572840567253975,0,
2192026,BA.2_0.03_abundance_0.04,C16869A;A17060G,ORF1b:Y1134*;ORF1b:Q1198R,26,2174,0.0119595216191352,0,
2192026,BA.2_0.03_abundance_0.04,C16869A;G16874C;A17060G,ORF1b:Y1134*;ORF1b:G1136A;ORF1b:Q1198R,26,2174,0.0119595216191352,0,
2192026,BA.2_0.03_abundance_0.04,G16874C;A17060G,ORF1b:G1136A;ORF1b:Q1198R,65,2174,0.029898804047838,0,
2192026,BA.2_0.03_abundance_0.04,G17341T;C17410T,ORF1b:D1292Y;ORF1b:R1315C,658,2265,0.2905077262693156,15,BA.5.2:4;BA.2:4;BA.5.1.22:2;BA.5.6:2;BA.2.9:1;BA.5.2.1:1;BA.5.2.4:1
2192026,BA.2_0.03_abundance_0.04,A17431G;A17477C;A17482G;C17483A;A17515G;A17542C;C17555T;A17576C;T17582C,ORF1b:I1322V;ORF1b:K1337T;ORF1b:T1339A;ORF1b:T1339K;ORF1b:R1350G;ORF1b:M1359L;ORF1b:T1363I;ORF1b:E1370A;ORF1b:V1372A,16,798,0.0200501253132832,0,
2192026,BA.2_0.03_abundance_0.04,C18419A;T18435G;C18460G;C18493G;A18503C;A18563T;G18627C,ORF1b:T1651K;ORF1b:D1656E;ORF1b:P1665A;ORF1b:L1676V;ORF1b:K1679T;ORF1b:K1699I;ORF1b:K1720N,14,805,0.017391304347826,0,
2192026,BA.2_0.03_abundance_0.04,T19025G;C19097G;T19139G,ORF1b:L1853R;ORF1b:A1877G;ORF1b:F1891C,11,534,0.0205992509363295,0,
2192026,BA.2_0.03_abundance_0.04,T21808A;G21987A,S:P82P;S:G142D,477,1072,0.4449626865671642,64,AY.121:1;AY.4.2:10;BA.5.1:2;BA.1.1:1;BQ.1.1.5:1;BA.2:2;B.1.617.2:2;AY.4:12;BA.5.2:3;BA.5.10:2;CG.1:1;BA.5.2.1:3;CH.1.1:1;AY.101:1;AY.122:3;BA.5.1.24:1;XBB.5:1;AY.112:1;BA.2.12.1:1;BA.5.5:1;AY.26:2;AY.2:2;BQ.1.2:1;BE.3:2;BA.5.1.1:1;BA.5.1.23:1;BQ.1.1.3:1;AY.4.5:4
2192026,BA.2_0.03_abundance_0.04,T21808A;T21918G;G21987A,S:P82P;S:I119S;S:G142D,26,1072,0.0242537313432835,0,
2192026,BA.2_0.03_abundance_0.04,T21918G;G21987A,S:I119S;S:G142D,20,1072,0.0186567164179104,6,BA.1.1:1;AY.26:1;AY.20:1;AY.4:1;BA.2:1;BA.5:1
2192026,BA.2_0.03_abundance_0.04,G22992A;C22995A;A23013C;A23040G;T23052G;T23075C,S:S477N;S:T478K;S:E484A;S:Q493R;S:F497C;S:Y505H,30,107,0.2803738317757009,0,
2192026,BA.2_0.03_abundance_0.04,T23338A;A23403G,S:F592L;S:D614G,67,2866,0.02337752965806,13,B.1.2:1;BA.4.4:1;B.1.1.7:1;BA.1.13.1:1;BA.5.6:1;AY.43:3;BF.5:1;BA.5.2.1:1;AY.4.2:1;BQ.1.3:1;BA.5.1:1
2192026,BA.2_0.03_abundance_0.04,C24381G;A24424T,S:S940C;S:Q954H,85,1618,0.0525339925834363,12,BA.1.18:1;BA.1.17.2:1;BA.5.1:3;BA.1.1:1;BA.1.15:1;BA.2.9:1;BA.2.10.2:1;BA.5.2.1:2;BA.2:1
2192026,BA.2_0.03_abundance_0.04,C24909G;C25000T,S:T1116S;S:D1146D,1244,2586,0.4810518174787316,39,BQ.1.11:1;BA.1.1:2;BA.2:14;BA.1:1;BF.7:6;BF.5:4;BA.2.9:2;BA.1.1.2:1;BA.5.2:1;BA.1.18:1;BA.2.36:1;BA.2.12.1:1;BE.1:2;BA.1.17.2:1;BA.5.2.1:1
2192026,BA.2_0.03_abundance_0.04,T25434C;C25584T,ORF3a:T14T;ORF3a:T64T,32,1612,0.0198511166253101,61,BA.2.3.2:2;BA.1:2;BA.2:10;BF.7:1;BA.1.1:12;BA.2.72:5;BA.5.2.1:3;BA.2.75:1;BA.5.2:5;BA.1.1.15:1;BN.1.3:1;XE:1;BA.2.12.1:3;BA.4:5;BA.2.61:4;BA.4.4:1;BA.5.1.5:1;BQ.1.1:1;BA.1.1.2:1;BA.1.17.2:1
2192026,BA.2_0.03_abundance_0.04,C26256T;C26270T;T26324G;C26340A;T26342C;A26358T;C26370A,E:F4F;E:T9I;E:L27W;E:A32A;E:I33T;E:R38R;E:Y42*,27,1322,0.0204236006051437,0,
2192026,BA.2_0.03_abundance_0.04,C26858T;G27000A,M:F112F;M:D160N,42,68,0.6176470588235294,1,BA.4.6.5:1
2192026,BA.2_0.03_abundance_0.04,A27259C;G27382C;A27383T;T27384C;A27488T,ORF6:R20R;ORF6:D61H;ORF6:D61V;ORF6:D61D;ORF7a:K32I,108,1285,0.0840466926070039,23,BA.2:20;BA.2.6:3
2192026,BA.2_0.03_abundance_0.04,A27259C;G27382C;A27383T;T27384C;C27416G,ORF6:R20R;ORF6:D61H;ORF6:D61V;ORF6:D61D;ORF7a:A8G,33,1683,0.0196078431372549,19,BA.2:16;BA.2.3:3
2192026,BA.2_0.03_abundance_0.04,A29298C;C29304G,N:K342T;N:P344R,379,2136,0.1774344569288389,0,
2262026,BA.2_0.03_abundance_0.04,T276C;C320A;C366T;T369G,ORF1a:L4P;ORF1a:P19T;ORF1a:S34F;ORF1a:V35G,14,724,0.0193370165745856,0,
2262026,BA.2_0.03_abundance_0.04,C366T;T369G;C379T;A481T;C494G;A535T;T559G;T670G,ORF1a:S34F;ORF1a:V35G;ORF1a:V38V;ORF1a:K72N;ORF1a:R77G;ORF1a:A90A;ORF1a:G98G;ORF1a:S135R,18,1162,0.0154905335628227,0,
2262026,BA.2_0.03_abundance_0.04,A650T;T670G,ORF1a:K129*;ORF1a:S135R,188,1170,0.1606837606837607,0,
2262026,BA.2_0.03_abundance_0.04,T670G;A739C,ORF1a:S135R;ORF1a:Q158H,237,529,0.4480151228733459,36,BA.5.2:1;BA.2.9:32;BA.2:1;BA.2.12.1:2
2262026,BA.2_0.03_abundance_0.04,T670G;A739C;T833C,ORF1a:S135R;ORF1a:Q158H;ORF1a:F190L,11,529,0.0207939508506616,0,
2262026,BA.2_0.03_abundance_0.04,T670G;T833C,ORF1a:S135R;ORF1a:F190L,7,529,0.0132325141776937,290,BQ.1:2;BA.2:30;BA.4:1;BA.2.3:128;BA.5.2.1:44;BA.5.1:14;BQ.1.1.22:1;BA.5.5:7;BE.1.1:19;BA.5.2:12;BA.2.75:5;BA.2.12.1:6;BA.4.1:1;BA.5.1.1:2;BA.2.3.10:1;BA.2.37:1;BA.5.2.28:1;BA.2.36:6;BA.2.10:2;BE.1:1;CK.1:1;BQ.1.18:1;BW.1.1:1;XBB.1.1:1;BA.2.9:1;BA.2.25:1
2262026,BA.2_0.03_abundance_0.04,A739C;T833C,ORF1a:Q158H;ORF1a:F190L,70,4560,0.0153508771929824,0,
2262026,BA.2_0.03_abundance_0.04,C1026A;C1057G;T1081G;T1116A;A1133C;T1199C;C1201A;A1230C;A1249G;A1278C,ORF1a:P254H;ORF1a:D264E;ORF1a:N272K;ORF1a:I284N;ORF1a:K290Q;ORF1a:C312R;ORF1a:C312*;ORF1a:K322T;ORF1a:E328E;ORF1a:K338T,82,3249,0.0252385349338257,0,
2262026,BA.2_0.03_abundance_0.04,A1316T;C1342A;T1362A;A1407G;A1423G;A1435C,ORF1a:K351*;ORF1a:Y359*;ORF1a:V366D;ORF1a:E381G;ORF1a:E386E;ORF1a:E390D,6,457,0.0131291028446389,0,
2262026,BA.2_0.03_abundance_0.04,C1616T;T1654A;G1655T;A1810G;C1825G;G1855A;C1889T,ORF1a:L451F;ORF1a:I463I;ORF1a:V464F;ORF1a:K515K;ORF1a:A520A;ORF1a:L530L;ORF1a:R542C,76,3709,0.0204906983014289,0,
2262026,BA.2_0.03_abundance_0.04,C2262G;G2265C;T2298G;T2310C;A2342C;A2380T;A2473C,ORF1a:T666S;ORF1a:C667S;ORF1a:F678C;ORF1a:V682A;ORF1a:I693L;ORF1a:L705F;ORF1a:P736P,9,541,0.0166358595194085,0,
2262026,BA.2_0.03_abundance_0.04,T2310C;T2446C,ORF1a:V682A;ORF1a:T727T,170,541,0.3142329020332717,0,
2262026,BA.2_0.03_abundance_0.04,T2310C;T2423G;T2446C,ORF1a:V682A;ORF1a:C720G;ORF1a:T727T,12,541,0.022181146025878,0,
2262026,BA.2_0.03_abundance_0.04,T2310C;T2423G,ORF1a:V682A;ORF1a:C720G,10,582,0.0171821305841924,0,
2262026,BA.2_0.03_abundance_0.04,C2892T;T2963A;C2976G;A2994T;G3002A;A3003G;C3037T;T3055A;A3063T,ORF1a:A876V;ORF1a:W900R;ORF1a:T904R;ORF1a:E910V;ORF1a:E913K;ORF1a:E913G;ORF1a:F924F;ORF1a:D930E;ORF1a:E933V,5,345,0.0144927536231884,0,
2262026,BA.2_0.03_abundance_0.04,C2892T;T2963A;C2976G;A2994T;A3003G;C3037T;T3055A;A3063T,ORF1a:A876V;ORF1a:W900R;ORF1a:T904R;ORF1a:E910V;ORF1a:E913G;ORF1a:F924F;ORF1a:D930E;ORF1a:E933V,5,345,0.0144927536231884,0,
2262026,BA.2_0.03_abundance_0.04,T2930A;C3037T,ORF1a:L889I;ORF1a:F924F,53,345,0.1536231884057971,18,AY.125:2;BA.1.1:2;AY.121:1;AY.122:1;BA.2.3:1;AY.43:1;BF.21:1;B.1.416:1;AY.24:1;AY.119.2:3;AY.100:1;B.1.2:1;BQ.1.1:1;BE.3:1
2262026,BA.2_0.03_abundance_0.04,T2930A;T3012A;C3037T,ORF1a:L889I;ORF1a:L916*;ORF1a:F924F,16,345,0.0463768115942029,0,
2262026,BA.2_0.03_abundance_0.04,T2930A;G3002A;C3037T,ORF1a:L889I;ORF1a:E913K;ORF1a:F924F,12,345,0.0347826086956521,0,
2262026,BA.2_0.03_abundance_0.04,G3002A;T3012A;C3037T,ORF1a:E913K;ORF1a:L916*;ORF1a:F924F,10,345,0.0289855072463768,0,
2262026,BA.2_0.03_abundance_0.04,T3012A;C3037T,ORF1a:L916*;ORF1a:F924F,42,345,0.1217391304347826,1,BA.2:1
2262026,BA.2_0.03_abundance_0.04,A3235G;C3315G;G3323C;A3327T;A3332T;G3371A;G3392A;A3396G;T3432A;A3461G,ORF1a:Q990Q;ORF1a:T1017R;ORF1a:V1020L;ORF1a:Q1021L;ORF1a:I1023F;ORF1a:D1036N;ORF1a:A1043T;ORF1a:D1044G;ORF1a:V1056E;ORF1a:K1066E,11,354,0.0310734463276836,0,
2262026,BA.2_0.03_abundance_0.04,T3877G;A3887C;A3904C;T3968G;A4015C,ORF1a:A1204A;ORF1a:K1208Q;ORF1a:P1213P;ORF1a:C1235G;ORF1a:T1250T,13,540,0.024074074074074,0,
2262026,BA.2_0.03_abundance_0.04,A4017C;T4125G,ORF1a:E1251A;ORF1a:V1287G,72,215,0.3348837209302325,0,
2262026,BA.2_0.03_abundance_0.04,G4678C;T4693G;C4716T;A4731T;T4738A;T4771G,ORF1a:V1471V;ORF1a:S1476S;ORF1a:T1484I;ORF1a:Y1489F;ORF1a:T1491T;ORF1a:I1502M,15,538,0.0278810408921933,0,
2262026,BA.2_0.03_abundance_0.04,C7101A;T7157A;T7166G;C7173G;T7217C;A7242G,ORF1a:A2279E;ORF1a:L2298I;ORF1a:Y2301D;ORF1a:S2303C;ORF1a:L2318L;ORF1a:E2326G,9,280,0.0321428571428571,0,
2262026,BA.2_0.03_abundance_0.04,T7172A;T7275C,ORF1a:S2303T;ORF1a:F2337S,8,280,0.0285714285714285,0,
2262026,BA.2_0.03_abundance_0.04,A8159G;G8184C,ORF1a:T2632A;ORF1a:G2640A,96,920,0.1043478260869565,0,
2262026,BA.2_0.03_abundance_0.04,G8404C;T8431C;C8435T;A8446C;A8474C;A8475G,ORF1a:W2713C;ORF1a:S2722S;ORF1a:Q2724*;ORF1a:K2727N;ORF1a:N2737H;ORF1a:N2737S,12,762,0.0157480314960629,0,
2262026,BA.2_0.03_abundance_0.04,A8415C;C8435T,ORF1a:D2717A;ORF1a:Q2724*,53,762,0.0695538057742782,0,
2262026,BA.2_0.03_abundance_0.04,C8435T;A8584C,ORF1a:Q2724*;ORF1a:L2773F,28,709,0.0394922425952045,0,
2262026,BA.2_0.03_abundance_0.04,G8952T;T8978G;G8999A;G9014C;G9035C;G9063C;G9083C;G9233A,ORF1a:C2896F;ORF1a:Y2905D;ORF1a:A2912T;ORF1a:A2917P;ORF1a:D2924H;ORF1a:C2933S;ORF1a:E2940Q;ORF1a:E2990K,7,343,0.0204081632653061,0,
2262026,BA.2_0.03_abundance_0.04,G8952T;T8978G;G8999A;G9014C;G9035C;G9063C;G9083C,ORF1a:C2896F;ORF1a:Y2905D;ORF1a:A2912T;ORF1a:A2917P;ORF1a:D2924H;ORF1a:C2933S;ORF1a:E2940Q,11,1016,0.0108267716535433,0,
2262026,BA.2_0.03_abundance_0.04,A9238T;A9243G;G9273C;G9311A;G9335C;C9344T;A9353G;C9365A;G9414T;T9415G;A9424G;T9429A;T9455G;A9496G;T9513A;C9534T;T9540C,ORF1a:R2991S;ORF1a:E2993G;ORF1a:R3003T;ORF1a:G3016R;ORF1a:V3024L;ORF1a:L3027F;ORF1a:M3030V;ORF1a:L3034I;ORF1a:G3050V;ORF1a:G3050G;ORF1a:V3053V;ORF1a:I3055N;ORF1a:F3064V;ORF1a:V3077V;ORF1a:L3083*;ORF1a:T3090I;ORF1a:L3092P,5,253,0.0197628458498023,0,
2262026,BA.2_0.03_abundance_0.04,A9243G;G9273C;G9311A;G9335C;C9344T;A9353C;C9365A;G9414T;T9415G;A9424G;T9429A;T9455G;A9496G;T9513A;C9534T;T9540C,ORF1a:E2993G;ORF1a:R3003T;ORF1a:G3016R;ORF1a:V3024L;ORF1a:L3027F;ORF1a:M3030L;ORF1a:L3034I;ORF1a:G3050V;ORF1a:G3050G;ORF1a:V3053V;ORF1a:I3055N;ORF1a:F3064V;ORF1a:V3077V;ORF1a:L3083*;ORF1a:T3090I;ORF1a:L3092P,6,581,0.0103270223752151,0,
2262026,BA.2_0.03_abundance_0.04,G9273C;G9311A;G9335C;C9344T;A9353G;C9365A;G9414T;T9415G;A9424G;T9429A;T9455G;A9496G;T9513A;C9534T;T9540C,ORF1a:R3003T;ORF1a:G3016R;ORF1a:V3024L;ORF1a:L3027F;ORF1a:M3030V;ORF1a:L3034I;ORF1a:G3050V;ORF1a:G3050G;ORF1a:V3053V;ORF1a:I3055N;ORF1a:F3064V;ORF1a:V3077V;ORF1a:L3083*;ORF1a:T3090I;ORF1a:L3092P,10,977,0.0102354145342886,0,
2262026,BA.2_0.03_abundance_0.04,C9344T;A9353C;A9424G;C9534T,ORF1a:L3027F;ORF1a:M3030L;ORF1a:V3053V;ORF1a:T3090I,192,1146,0.1675392670157068,0,
2262026,BA.2_0.03_abundance_0.04,C9344T;A9353C;A9424G,ORF1a:L3027F;ORF1a:M3030L;ORF1a:V3053V,51,1404,0.0363247863247863,0,
2262026,BA.2_0.03_abundance_0.04,C9344T;A9424G;T9490A;C9534T,ORF1a:L3027F;ORF1a:V3053V;ORF1a:S3075R;ORF1a:T3090I,81,1146,0.0706806282722513,0,
2262026,BA.2_0.03_abundance_0.04,C9344T;A9353C;A9424G;T9490A;C9534T,ORF1a:L3027F;ORF1a:M3030L;ORF1a:V3053V;ORF1a:S3075R;ORF1a:T3090I,34,1146,0.0296684118673647,0,
2262026,BA.2_0.03_abundance_0.04,C9344T;A9424G;T9490A,ORF1a:L3027F;ORF1a:V3053V;ORF1a:S3075R,16,1295,0.0123552123552123,1,BA.2:1
2262026,BA.2_0.03_abundance_0.04,T9513A;C9534T;T9540C;C9745A;A9760T;T9765A;G9770A;G9805A;T9813A,ORF1a:L3083*;ORF1a:T3090I;ORF1a:L3092P;ORF1a:Y3160*;ORF1a:V3165V;ORF1a:F3167Y;ORF1a:G3169S;ORF1a:L3180L;ORF1a:F3183Y,19,450,0.0422222222222222,0,
2262026,BA.2_0.03_abundance_0.04,C9534T;T9540C;C9745A;A9760T;T9765A;G9770A;G9805A;T9813A,ORF1a:T3090I;ORF1a:L3092P;ORF1a:Y3160*;ORF1a:V3165V;ORF1a:F3167Y;ORF1a:G3169S;ORF1a:L3180L;ORF1a:F3183Y,27,1270,0.021259842519685,0,
2262026,BA.2_0.03_abundance_0.04,C10029T;G10043A;A9876G,ORF1a:T3255I;ORF1a:A3260T;ORF1a:Y3204C,15,108,0.1388888888888889,0,
2262026,BA.2_0.03_abundance_0.04,C10029T;G10043A;C9891G,ORF1a:T3255I;ORF1a:A3260T;ORF1a:A3209G,19,108,0.1759259259259259,0,
2262026,BA.2_0.03_abundance_0.04,C10029T;C9891G,ORF1a:T3255I;ORF1a:A3209G,7,108,0.0648148148148148,4,AY.25:3;BA.5.2:1
2262026,BA.2_0.03_abundance_0.04,C10029T;G10043A,ORF1a:T3255I;ORF1a:A3260T,58,108,0.5370370370370371,2,BA.2:1;AY.100:1
2262026,BA.2_0.03_abundance_0.04,A10760G;A10767G;T10769G;A10781G;A10884T;C10969G;G10986A,ORF1a:K3499E;ORF1a:N3501S;ORF1a:Y3502D;ORF1a:T3506A;ORF1a:N3540I;ORF1a:F3568L;ORF1a:R3574K,46,2677,0.0171834142697048,0,
2262026,BA.2_0.03_abundance_0.04,A11041T;T11045A;C11060G;T11137C;C11152T;T11180G;G11198T;C11208G;G11222A;A11237T;A11270T;G11312T,ORF1a:L3592F;ORF1a:L3594I;ORF1a:Q3599E;ORF1a:F3624F;ORF1a:V3629V;ORF1a:F3639V;ORF1a:A3645S;ORF1a:A3648G;ORF1a:V3653I;ORF1a:S3658C;ORF1a:M3669L;ORF1a:V3683F,28,1098,0.0255009107468123,0,
2262026,BA.2_0.03_abundance_0.04,T11918G;C11967G;T12017C;G12019A;C12029T;C12084G;T12109C;G12131T;T12204C,ORF1a:S3885A;ORF1a:A3901G;ORF1a:L3918L;ORF1a:L3918L;ORF1a:Q3922*;ORF1a:T3940S;ORF1a:F3948F;ORF1a:A3956S;ORF1a:L3980S,78,3451,0.0226021443059982,0,
2262026,BA.2_0.03_abundance_0.04,G12217C;G12432A,ORF1a:L3984F;ORF1a:C4056Y,33,822,0.0401459854014598,0,
2262026,BA.2_0.03_abundance_0.04,G12217C;G12395C;G12432A,ORF1a:L3984F;ORF1a:A4044P;ORF1a:C4056Y,10,822,0.0121654501216545,0,
2262026,BA.2_0.03_abundance_0.04,G12217C;G12395C,ORF1a:L3984F;ORF1a:A4044P,29,845,0.0343195266272189,0,
2262026,BA.2_0.03_abundance_0.04,G12395C;G12432A,ORF1a:A4044P;ORF1a:C4056Y,45,824,0.0546116504854368,0,
2262026,BA.2_0.03_abundance_0.04,A12782C;A12800C;C12809A;C12830A;T12856G;T12874A;C12880T;A12898G;A12936C;A12951T;A12960C;A12977T;G12989A;C13047G,ORF1a:N4173H;ORF1a:R4179R;ORF1a:L4182I;ORF1a:Q4189K;ORF1a:P4197P;ORF1a:G4203G;ORF1a:I4205I;ORF1a:P4211P;ORF1a:K4224T;ORF1a:Y4229F;ORF1a:K4232T;ORF1a:N4238Y;ORF1a:V4242I;ORF1a:P4261R,20,951,0.021030494216614,0,
2262026,BA.2_0.03_abundance_0.04,C12880T;G12930C,ORF1a:I4205I;ORF1a:G4222A,170,1188,0.143097643097643,0,
2262026,BA.2_0.03_abundance_0.04,C13047G;C13130G;A13204C;T13227C;C13236T;T13238C;T13241C;G13293A;A13300T,ORF1a:P4261R;ORF1a:Q4289E;ORF1a:E4313D;ORF1a:F4321S;ORF1a:A4324V;ORF1a:S4325P;ORF1a:C4326R;ORF1a:C4343Y;ORF1a:L4345F,11,611,0.0180032733224222,0,
2262026,BA.2_0.03_abundance_0.04,C13047G;C13130G;A13204C;T13227C;C13236T;T13241C;G13293A;A13300T,ORF1a:P4261R;ORF1a:Q4289E;ORF1a:E4313D;ORF1a:F4321S;ORF1a:A4324V;ORF1a:C4326R;ORF1a:C4343Y;ORF1a:L4345F,7,611,0.011456628477905,0,
2262026,BA.2_0.03_abundance_0.04,C13502G;A13594G,ORF1b:P12R;ORF1b:N43D,96,618,0.1553398058252427,0,
2262026,BA.2_0.03_abundance_0.04,A13691T;T13705G;A13712G;C13808T,ORF1b:E75V;ORF1b:L80V;ORF1b:K82R;ORF1b:T114I,6,447,0.0134228187919463,0,
2262026,BA.2_0.03_abundance_0.04,C14006A;T14042G;T14064C;T14082G;A14107T;C14114A;C14115A;T14132C;T14152C;T14238A,ORF1b:T180K;ORF1b:I192S;ORF1b:D199D;ORF1b:G205G;ORF1b:I214L;ORF1b:T216N;ORF1b:T216T;ORF1b:V222A;ORF1b:Y229H;ORF1b:I257I,12,506,0.0237154150197628,0,
2262026,BA.2_0.03_abundance_0.04,G14260T;A14302G;C14318A;A14339G;A14355G;C14408T;T14418C;A14457T,ORF1b:D265Y;ORF1b:K279E;ORF1b:T284K;ORF1b:N291S;ORF1b:R296R;ORF1b:P314L;ORF1b:F317F;ORF1b:P330P,16,883,0.0181200453001132,0,
2262026,BA.2_0.03_abundance_0.04,T14382C;C14408T;A14447T,ORF1b:N305N;ORF1b:P314L;ORF1b:D327V,29,955,0.0303664921465968,0,
2262026,BA.2_0.03_abundance_0.04,C14408T;A14447T,ORF1b:P314L;ORF1b:D327V,202,955,0.2115183246073298,4,BE.1.1:1;B.1.1.39:1;AY.25:1;B.1.617.2:1
2262026,BA.2_0.03_abundance_0.04,T14574C;C14666T,ORF1b:P369P;ORF1b:T400I,5,237,0.0210970464135021,0,
2262026,BA.2_0.03_abundance_0.04,C14666T;T14713G,ORF1b:T400I;ORF1b:S416A,33,1754,0.0188141391106043,0,
2262026,BA.2_0.03_abundance_0.04,A15303T;A15379C,ORF1b:K612N;ORF1b:S638R,392,1971,0.1988838153221714,0,
2262026,BA.2_0.03_abundance_0.04,T15560G;A15582C;T15584C;A15626T;T15686G;C15714T;T15733C;T15817A,ORF1b:L698R;ORF1b:K705N;ORF1b:I706T;ORF1b:E720V;ORF1b:L740W;ORF1b:L749L;ORF1b:C756R;ORF1b:F784I,85,3583,0.0237231370360033,0,
2262026,BA.2_0.03_abundance_0.04,T15880C;T15953A;T16023G;T16024C;T16025G;C16028T;G16075A;T16157C,ORF1b:S805P;ORF1b:L829Q;ORF1b:S852S;ORF1b:L853L;ORF1b:L853*;ORF1b:A854V;ORF1b:D870N;ORF1b:M897T,57,3291,0.0173199635369188,0,
2262026,BA.2_0.03_abundance_0.04,T16796A;T16860G;T17016A;C17069G,ORF1b:V1110E;ORF1b:A1131A;ORF1b:D1183E;ORF1b:S1201C,30,1203,0.0249376558603491,0,
2262026,BA.2_0.03_abundance_0.04,A17276G;C17410T,ORF1b:K1270R;ORF1b:R1315C,2368,4568,0.5183887915936952,103,BA.2.3:74;BA.2:10;BA.2.3.2:2;BA.5.2.6:1;BA.5.2:7;BA.2.9:2;BA.4.6:1;BQ.1.1.3:4;BA.2.12.1:1;BA.5.9:1
2262026,BA.2_0.03_abundance_0.04,C17410T;G17679A,ORF1b:R1315C;ORF1b:T1404T,7,93,0.075268817204301,310,BF.17:6;BA.4.6:27;BA.2:103;BA.2.44:1;BA.5.2.1:44;BA.5.1.5:1;BQ.1.1:3;BA.2.9:5;BA.2.12.1:7;BA.2.75:5;BA.2.10:22;BA.5.2:30;BA.2.3:8;BA.5.1.1:1;BA.5.2.22:3;BA.5.10:16;BF.6:1;BF.9:2;BA.2.21:1;BF.7:1;BA.5.1:4;BA.4.1:2;BF.8:1;BA.2.36:2;BA.2.49:1;BQ.1.1.4:1;BA.5.1.2:1;BA.5.5.1:1;BE.1.1.2:1;BA.2.76:1;BA.2.6:1;BF.7.12:2;BA.2.9.5:1;BF.10:1;BA.4:1;BA.2.12:1;BA.2.3.14:1
2262026,BA.2_0.03_abundance_0.04,C17410T;C17586A,ORF1b:R1315C;ORF1b:D1373E,13,100,0.13,15,BA.5.1.23:3;BA.2.9:4;BA.2:1;BA.4.6:1;BA.5.1.6:1;BA.4.1:2;BA.2.10:1;BA.5.2.1:1;BA.2.11:1
2262026,BA.2_0.03_abundance_0.04,A17431G;A17477C;A17482G;C17483A;A17515G;A17542C;C17555T;A17576C;T17582C,ORF1b:I1322V;ORF1b:K1337T;ORF1b:T1339A;ORF1b:T1339K;ORF1b:R1350G;ORF1b:M1359L;ORF1b:T1363I;ORF1b:E1370A;ORF1b:V1372A,18,747,0.0240963855421686,0,
2262026,BA.2_0.03_abundance_0.04,C17586A;G17679A,ORF1b:D1373E;ORF1b:T1404T,13,694,0.0187319884726224,0,
2262026,BA.2_0.03_abundance_0.04,G18040T;A18102T;A18163G,ORF1b:A1525S;ORF1b:T1545T;ORF1b:I1566V,203,461,0.4403470715835141,0,
2262026,BA.2_0.03_abundance_0.04,G18040T;A18163G,ORF1b:A1525S;ORF1b:I1566V,151,461,0.3275488069414317,822,BA.1.1.18:144;BA.4.6:6;BA.5.1:19;BA.1.1:169;BA.4.1:7;BA.5.1.10:16;BA.2:64;BA.1:45;BA.5.1.1:1;BA.5.1.5:35;BE.2:1;XBB.2:1;BA.5.2.1:66;BA.2.10:2;BA.5.2.16:22;BA.2.9:8;BA.1.18:17;BA.2.38:1;BA.2.12.1:5;BE.1.1:8;BA.1.1.12:1;BA.4.4:1;BA.5.1.12:7;BA.1.20:2;BA.5.2.9:1;BA.2.65:2;BA.2.3:11;XBB.3:2;BF.5:15;BA.5.2.12:1;BF.4:68;BF.10:1;BA.2.3.8:1;BA.1.1.2:13;BA.1.17:1;BF.7:2;BA.5.2.2:1;BA.2.3.6:1;BA.1.15:8;BA.5.2.33:3;BA.1.1.10:1;BA.2.6:1;BA.2.13:1;BA.5.2:8;BA.5.6:3;BA.1.1.1:2;BQ.1.13:1;BG.5:1;BA.2.29:1;BA.5.2.20:1;CH.1.1:2;BA.5.1.24:1;BF.7.1:1;B.1.1.529:1;BA.5.5:1;DL.1:1;BA.1.17.2:2;BA.1.16:1;BQ.1.1.5:1;BA.5.1.25:1;CL.1:1;BA.5:2;BE.5:1;BF.21:1;BA.2.31:1;BA.5.2.26:1;BQ.1:2;BK.1:1;BF.26:1
2262026,BA.2_0.03_abundance_0.04,G18040T;A18102T;A18163G;A18222T,ORF1b:A1525S;ORF1b:T1545T;ORF1b:I1566V;ORF1b:K1585N,13,424,0.0306603773584905,0,
2262026,BA.2_0.03_abundance_0.04,G18040T;A18163G;A18222T,ORF1b:A1525S;ORF1b:I1566V;ORF1b:K1585N,6,424,0.0141509433962264,0,
2262026,BA.2_0.03_abundance_0.04,A18102T;A18163G,ORF1b:T1545T;ORF1b:I1566V,52,461,0.1127982646420824,13,BA.1.1.18:11;BA.1:1;BA.1.1:1
2262026,BA.2_0.03_abundance_0.04,A18102T;A18163G;A18222T,ORF1b:T1545T;ORF1b:I1566V;ORF1b:K1585N,5,424,0.0117924528301886,0,
2262026,BA.2_0.03_abundance_0.04,G18627C;T18741A;C18747T;C18775G;A18798T;C18823A;C18828A;A18868C,ORF1b:K1720N;ORF1b:D1758E;ORF1b:V1760V;ORF1b:Q1770E;ORF1b:L1777L;ORF1b:Q1786K;ORF1b:V1787V;ORF1b:T1801P,13,507,0.0256410256410256,0,
2262026,BA.2_0.03_abundance_0.04,T18741A;C18747T;C18775G;A18798T;C18823A;C18828A;A18868C,ORF1b:D1758E;ORF1b:V1760V;ORF1b:Q1770E;ORF1b:L1777L;ORF1b:Q1786K;ORF1b:V1787V;ORF1b:T1801P,58,3007,0.0192883272364482,0,
2262026,BA.2_0.03_abundance_0.04,T19025G;C19097G;T19139G,ORF1b:L1853R;ORF1b:A1877G;ORF1b:F1891C,13,596,0.0218120805369127,0,
2262026,BA.2_0.03_abundance_0.04,A20223C;A20284T;T20338C;T20376A;T20414A;G20419T,ORF1b:Q2252H;ORF1b:I2273F;ORF1b:F2291L;ORF1b:I2303I;ORF1b:L2316*;ORF1b:D2318Y,6,290,0.0206896551724137,0,
2262026,BA.2_0.03_abundance_0.04,C20350T;G20419T,ORF1b:Q2295*;ORF1b:D2318Y,40,290,0.1379310344827586,0,
2262026,BA.2_0.03_abundance_0.04,A21455C;G21463T;A21512C;G21538T;G21606A,ORF1b:Q2663P;ORF1b:D2666Y;ORF1b:N2682T;ORF1b:V2691F;S:C15Y,5,111,0.045045045045045,0,
2262026,BA.2_0.03_abundance_0.04,G21746C;C21762A;C21840T;T21841G;T21842G;A21865C;A21875T;C21903G,S:V62L;S:A67D;S:A93V;S:A93A;S:S94A;S:I101I;S:I105F;S:T114S,8,238,0.0336134453781512,0,
2262026,BA.2_0.03_abundance_0.04,T22200G;G22218C,S:V213G;S:G219A,74,1082,0.0683918669131238,2,BQ.1:1;BA.1.1:1
2262026,BA.2_0.03_abundance_0.04,T23189C;A23232C;T23287A;A23305C;C23327G;T23338A;G23340C;A23379T;A23403G;T23421C;G23438C;C23439G;A23445T;A23446C;G23465A;T23466C;T23479A,S:F543L;S:K557T;S:A575A;S:T581T;S:P589A;S:F592L;S:G593A;S:N606I;S:D614G;S:V620A;S:A626P;S:A626G;S:Q628L;S:Q628H;S:V635I;S:V635A;S:G639G,60,2550,0.0235294117647058,0,
2262026,BA.2_0.03_abundance_0.04,C23243G;A23403G,S:P561A;S:D614G,109,3594,0.0303283249860879,87,AY.25.1:85;B.1.617.2:1;BA.5.2:1
2262026,BA.2_0.03_abundance_0.04,T23307A;A23403G,S:L582H;S:D614G,132,3597,0.036697247706422,44,B.1.1.7:12;B.1.525:20;AY.25.1:9;B.1:1;BA.5.2.34:1;B.1.617.2:1
2262026,BA.2_0.03_abundance_0.04,T23599G;C23604A;T23617A,S:N679K;S:P681H;S:R685R,6,44,0.1363636363636363,2,BA.1:1;BA.1.17.2:1
2262026,BA.2_0.03_abundance_0.04,G23948T;C24058A,S:D796Y;S:G832G,118,202,0.5841584158415841,52,BA.2.12.1:13;BA.2:6;BA.2.75:1;BA.2.2:3;BA.2.37:2;BA.2.9:4;BA.5.1:14;BA.5.2.1:1;BA.2.25:4;BA.1.18:1;BA.5.1.22:3
2262026,BA.2_0.03_abundance_0.04,A24324G;A24424T,S:K921R;S:Q954H,6,17,0.3529411764705882,29,BA.5.3.3:10;BA.1:2;BA.2.9:1;BA.2:7;BA.2.24:1;BE.1:1;BA.5.2:3;BA.2.38:1;BA.5.5:1;BA.1.17.2:2
2262026,BA.2_0.03_abundance_0.04,A24424T;T24490G,S:Q954H;S:V976V,6,14,0.4285714285714285,4,BA.2.9:2;BA.2:2
2262026,BA.2_0.03_abundance_0.04,A24791C;C24792A;C24909A;T24929A;T24946G;A24952G;C24990A;C25000T;T25001G,S:T1077P;S:T1077N;S:T1116N;S:S1123T;S:V1128V;S:I1130M;S:P1143H;S:D1146D;S:S1147A,48,1910,0.025130890052356,0,
2262026,BA.2_0.03_abundance_0.04,A25336G;C25584T,S:E1258E;ORF3a:T64T,343,1080,0.3175925925925926,252,BA.2.38:1;BA.5.5.3:45;BA.1:10;BA.2:27;BA.5.1:1;BA.1.1:13;BA.4.6:28;BA.5.5:44;BE.1.1.2:1;BF.5:1;BA.2.5:20;BA.5.2.1:3;BA.1.17.2:1;BE.1.1:17;BA.5.2:11;BA.4.1:1;BA.2.75:2;BA.1.15.1:1;BA.2.9:3;BA.5:1;BA.5.2.23:4;BA.1.17:2;BL.4:1;BA.1.10:4;XBB.3:1;BA.5.1.3:1;BA.5.1.10:1;BQ.1.1:1;BA.2.12.1:3;BA.5.1.2:2;BA.1.12:1
2262026,BA.2_0.03_abundance_0.04,A25336G;G25364A;A25426G;T25434C;G25437A;C25487G;A25512G;T25520C;G25540A;T25557C;C25584T;G25593T;C25603T;T25604G;G25606C,S:E1258E;S:V1268I;ORF3a:T12A;ORF3a:T14T;ORF3a:L15L;ORF3a:T32S;ORF3a:S40S;ORF3a:F43S;ORF3a:V50I;ORF3a:V55V;ORF3a:T64T;ORF3a:K67N;ORF3a:L71L;ORF3a:L71R;ORF3a:A72P,13,1074,0.0121042830540037,0,
2262026,BA.2_0.03_abundance_0.04,G25364A;A25426G;T25434C;G25437A;C25487G;A25512G;T25520C;G25540A;T25557C;C25584T;G25593T;C25603T;T25604G;G25606C,S:V1268I;ORF3a:T12A;ORF3a:T14T;ORF3a:L15L;ORF3a:T32S;ORF3a:S40S;ORF3a:F43S;ORF3a:V50I;ORF3a:V55V;ORF3a:T64T;ORF3a:K67N;ORF3a:L71L;ORF3a:L71R;ORF3a:A72P,14,1074,0.0130353817504655,0,
2262026,BA.2_0.03_abundance_0.04,T26084C;C26270T,ORF3a:F231S;E:T9I,6,23,0.2608695652173913,113,BQ.1:8;BQ.1.1.15:2;BA.2:20;BQ.1.1.8:2;BA.5.2:3;BA.1:8;BA.1.1:21;BA.5.5:2;BA.5.2.7:1;BA.5.2.1:17;BF.5:3;CK.1:1;BA.1.1.14:1;BA.4.6.1:1;BA.4.1:1;BA.2.12.1:3;BA.1.18:3;BA.1.17:5;BA.4.4:5;BA.5.2.3:1;BA.1.17.2:1;BA.5:1;BQ.1.5:1;BA.5.2.20:1;BA.2.31:1
2262026,BA.2_0.03_abundance_0.04,C26256T;C26270T;T26324G;C26340A;T26342C;A26358T;C26370A;T26543C,E:F4F;E:T9I;E:L27W;E:A32A;E:I33T;E:R38R;E:Y42*;M:T7T,8,204,0.0392156862745098,0,
2262026,BA.2_0.03_abundance_0.04,C26256T;C26270T;T26324G;C26340A;T26342C;A26358T;C26370A,E:F4F;E:T9I;E:L27W;E:A32A;E:I33T;E:R38R;E:Y42*,5,259,0.0193050193050193,0,
2262026,BA.2_0.03_abundance_0.04,C26577G;T26692A;G26709A;C26858T,M:Q19E;M:L57*;M:A63T;M:F112F,158,2726,0.0579603815113719,0,
2262026,BA.2_0.03_abundance_0.04,C26577G;A26667C;G26709A;C26858T,M:Q19E;M:I49L;M:A63T;M:F112F,141,2726,0.0517241379310344,5,BA.2.67:2;BE.1:1;BA.2.12.1:1;BA.2:1
2262026,BA.2_0.03_abundance_0.04,C26577G;C26642G;T26677A;A26702G;G26709A;T26723C;G26727A;T26756G;C26768G;T26819G;C26845A;C26858T;A26874C,M:Q19E;M:A40A;M:I52N;M:V60V;M:A63T;M:L67L;M:A69T;M:G78G;M:I82M;M:S99S;M:S108Y;M:F112F;M:I118L,29,1205,0.0240663900414937,0,
2262026,BA.2_0.03_abundance_0.04,C26577G;C26642G;T26677A;A26702G;G26709A;T26723C;G26727A;T26756G;C26768G;T26819G;C26845A;C26858T,M:Q19E;M:A40A;M:I52N;M:V60V;M:A63T;M:L67L;M:A69T;M:G78G;M:I82M;M:S99S;M:S108Y;M:F112F,35,2725,0.0128440366972477,0,
2262026,BA.2_0.03_abundance_0.04,T27178A;A27187T;G27217A;A27234C;T27251G;A27259C;A27302G;A27313T;T27319G;G27366T;G27382C;A27383T;T27384C;C27416G;A27417G;A27477C,M:L219*;M:Q222L;ORF6:D6N;ORF6:I11I;ORF6:I17S;ORF6:R20R;ORF6:N34S;ORF6:K38*;ORF6:L40V;ORF6:E55D;ORF6:D61H;ORF6:D61V;ORF6:D61D;ORF7a:A8G;ORF7a:A8A;ORF7a:T28T,24,1232,0.0194805194805194,0,
2262026,BA.2_0.03_abundance_0.04,A27239G;A27259C;G27382C;A27383T;T27384C,ORF6:E13G;ORF6:R20R;ORF6:D61H;ORF6:D61V;ORF6:D61D,54,3063,0.0176297747306562,20,BA.2:5;BA.2.9:8;BA.4:2;BA.2.12.1:5
2262026,BA.2_0.03_abundance_0.04,A27259C;A27333C;G27382C;A27383T;T27384C,ORF6:R20R;ORF6:L44L;ORF6:D61H;ORF6:D61V;ORF6:D61D,594,3063,0.1939275220372184,1,BA.2.75:1
2262026,BA.2_0.03_abundance_0.04,A27259C;A27333C,ORF6:R20R;ORF6:L44L,49,3290,0.0148936170212765,4,BA.2.75:1;BA.1.1:1;BA.1:2
2262026,BA.2_0.03_abundance_0.04,T27851G;A27859T;T27863C;C27944T;T27953A;T28002A;T28017A;T28029C;A28095G;A28126C,ORF7b:L32L;ORF7b:Q35L;ORF7b:D36D;ORF8:H17H;ORF8:C20*;ORF8:C37S;ORF8:Y42N;ORF8:Y46H;ORF8:K68E;ORF8:N78T,33,1319,0.025018953752843,0,
2262026,BA.2_0.03_abundance_0.04,A28126C;G28178T;C28205A;T28206A;C28311T;G28325T;C28377T;A28387C,ORF8:N78T;ORF8:L95F;ORF8:F104L;ORF8:Y105N;N:P13L;N:G18C;N:A35V;N:K38N,90,3692,0.0243770314192849,0,
2262026,BA.2_0.03_abundance_0.04,A28126C;G28178T;C28205A;T28206A;C28311T;G28325T;C28377T;A28387C;G28429T,ORF8:N78T;ORF8:L95F;ORF8:F104L;ORF8:Y105N;N:P13L;N:G18C;N:A35V;N:K38N;N:W52C,16,712,0.0224719101123595,0,
2262026,BA.2_0.03_abundance_0.04,A28249C;C28311T,ORF8:D119A;N:P13L,909,3973,0.228794361943116,91,BA.2.9:13;BA.2:10;BA.2.75.5:1;BA.1.1:10;BA.1:12;BA.5.1.12:1;BF.7:2;BA.5.1:14;BA.2.36:3;BA.1.1.1:2;CP.1.1:1;BA.1.17.2:2;BA.5.2.1:1;BA.1.14:1;BA.2.12.1:5;BA.1.15:2;BA.2.1:1;BA.5.2:2;BA.5.1.30:1;BA.2.75:1;BQ.1.10:1;BA.1.17:1;BE.1.1:1;BA.5.1.18:1;BA.1.13:1;BA.1.15.1:1
2262026,BA.2_0.03_abundance_0.04,G28479A;A28496G;C28500T;C28512A;C28542T;A28549C;A28571T;T28640G,N:G69E;N:N75D;N:T76I;N:P80Q;N:A90V;N:R92S;N:K100*;N:Y123D,7,444,0.0157657657657657,0,
2262026,BA.2_0.03_abundance_0.04,C29045G;A29078C;G29135A;A29168G;C29198G;C29211G;A29237T;G29240A;G29262T;C29268G;T29308G,N:P258A;N:N269H;N:D288N;N:K299E;N:P309A;N:A313G;N:M322L;N:E323K;N:W330L;N:T332S;N:N345K,52,1939,0.0268179473955647,0,
2262026,BA.2_0.03_abundance_0.04,A29510C;G29560C,N:S413R;ORF10:MX,10,21,0.4761904761904761,3,BA.2.12.1:1;BA.5:2
3052026,BA.2_0.03_abundance_0.04,T276C;C366T;T369G,ORF1a:L4P;ORF1a:S34F;ORF1a:V35G,8,332,0.0240963855421686,0,
3052026,BA.2_0.03_abundance_0.04,C366T;T369G;C379T;A481T;C494G;A535T;T559G;A624C;A650C;T661A;T670G,ORF1a:S34F;ORF1a:V35G;ORF1a:V38V;ORF1a:K72N;ORF1a:R77G;ORF1a:A90A;ORF1a:G98G;ORF1a:K120T;ORF1a:K129Q;ORF1a:G132G;ORF1a:S135R,99,2415,0.0409937888198757,0,
3052026,BA.2_0.03_abundance_0.04,C1026A;C1057G;T1081G;T1116A;A1133C;T1199C;C1201A;A1230C;A1249G;A1278C,ORF1a:P254H;ORF1a:D264E;ORF1a:N272K;ORF1a:I284N;ORF1a:K290Q;ORF1a:C312R;ORF1a:C312*;ORF1a:K322T;ORF1a:E328E;ORF1a:K338T,53,1154,0.0459272097053726,0,
3052026,BA.2_0.03_abundance_0.04,C1616T;T1654A;G1655T;A1810G;C1825G;G1855A;C1889T,ORF1a:L451F;ORF1a:I463I;ORF1a:V464F;ORF1a:K515K;ORF1a:A520A;ORF1a:L530L;ORF1a:R542C,41,1738,0.0235903337169159,0,
3052026,BA.2_0.03_abundance_0.04,A1680G;T1783C,ORF1a:E472G;ORF1a:C506C,106,1918,0.0552659019812304,0,
3052026,BA.2_0.03_abundance_0.04,A1680G;A1830C,ORF1a:E472G;ORF1a:N522T,51,1784,0.0285874439461883,0,
3052026,BA.2_0.03_abundance_0.04,T1783C;A1830C,ORF1a:C506C;ORF1a:N522T,37,1785,0.0207282913165266,0,
3052026,BA.2_0.03_abundance_0.04,C2262G;G2265C;T2298G;A2380T;A2466G;A2473C,ORF1a:T666S;ORF1a:C667S;ORF1a:F678C;ORF1a:L705F;ORF1a:K734R;ORF1a:P736P,111,2388,0.0464824120603015,0,
3052026,BA.2_0.03_abundance_0.04,C2574T;T2812C,ORF1a:T770I;ORF1a:I849I,7,191,0.0366492146596858,0,
3052026,BA.2_0.03_abundance_0.04,C2892T;T2963A;C2976G;A2994T;A3003G;C3037T;T3055A;A3063T;A3098C;T3112G;T3124C,ORF1a:A876V;ORF1a:W900R;ORF1a:T904R;ORF1a:E910V;ORF1a:E913G;ORF1a:F924F;ORF1a:D930E;ORF1a:E933V;ORF1a:T945P;ORF1a:Y949*;ORF1a:D953D,56,1249,0.0448358686949559,0,
3052026,BA.2_0.03_abundance_0.04,T2911C;C3037T,ORF1a:T882T;ORF1a:F924F,293,1355,0.2162361623616236,391,B.1.1.7:27;B.1.1:8;AY.25:3;BA.2.12.1:87;BA.2:61;BA.5.1:1;BA.1.1:16;AY.4.2:1;AY.3.1:1;B.1.2:3;BF.26:1;BA.1:15;B.1.525:3;AY.102:2;AY.9.2:1;AY.1:1;AY.39.1.1:1;AY.44:4;BA.2.75:5;BA.2.3:1;BA.5.2.1:14;B.1.1.28:14;AY.126:4;B.1.258.17:14;BA.5.1.1:4;AY.46.6:3;B.1.617.2:5;AY.4:45;BA.4.1:1;BE.1:3;BA.5.2:2;AY.120.1:1;BA.1.18:1;AY.25.1:4;AY.4.2.1:1;BQ.1.2:1;BF.5:3;BA.4.6:3;BA.1.20:1;AY.3:3;B.1:2;B.1.160.13:1;BA.1.17.2:3;B.1.177:8;B.1.240:1;AY.98.1:3;AY.122:1;BA.5.5:1;AY.121:1;BA.1.14:1
3052026,BA.2_0.03_abundance_0.04,A3235G;C3315G;G3323C;A3327T;A3332T;G3371A;G3392A;A3396G;A3408C;T3432A,ORF1a:Q990Q;ORF1a:T1017R;ORF1a:V1020L;ORF1a:Q1021L;ORF1a:I1023F;ORF1a:D1036N;ORF1a:A1043T;ORF1a:D1044G;ORF1a:E1048A;ORF1a:V1056E,21,597,0.0351758793969849,0,
3052026,BA.2_0.03_abundance_0.04,T3877G;A3887C;A3904C;T3968G;A4015C;A4044G;T4087A,ORF1a:A1204A;ORF1a:K1208Q;ORF1a:P1213P;ORF1a:C1235G;ORF1a:T1250T;ORF1a:N1260S;ORF1a:I1274I,47,1788,0.0262863534675615,0,
3052026,BA.2_0.03_abundance_0.04,G3878A;T3931C,ORF1a:E1205K;ORF1a:V1222V,20,1937,0.010325245224574,0,
3052026,BA.2_0.03_abundance_0.04,G3878A;A4070T,ORF1a:E1205K;ORF1a:T1269S,18,1791,0.0100502512562814,0,
3052026,BA.2_0.03_abundance_0.04,T3931C;A4070T,ORF1a:V1222V;ORF1a:T1269S,38,1794,0.0211817168338907,0,
3052026,BA.2_0.03_abundance_0.04,T3931C;C3990T,ORF1a:V1222V;ORF1a:T1242I,53,1940,0.0273195876288659,0,
3052026,BA.2_0.03_abundance_0.04,T3931C;C3990T;A4070T,ORF1a:V1222V;ORF1a:T1242I;ORF1a:T1269S,19,1794,0.0105908584169453,0,
3052026,BA.2_0.03_abundance_0.04,C3990T;A4070T,ORF1a:T1242I;ORF1a:T1269S,55,1794,0.0306577480490523,0,
3052026,BA.2_0.03_abundance_0.04,G4678C;T4693G;C4716T;A4731T;T4738A;T4771G;A4926G;A4971T,ORF1a:V1471V;ORF1a:S1476S;ORF1a:T1484I;ORF1a:Y1489F;ORF1a:T1491T;ORF1a:I1502M;ORF1a:D1554G;ORF1a:K1569M,28,959,0.0291970802919708,0,
3052026,BA.2_0.03_abundance_0.04,G4678C;T4693G;C4716T;A4731T;T4738A;T4771G;A4926G,ORF1a:V1471V;ORF1a:S1476S;ORF1a:T1484I;ORF1a:Y1489F;ORF1a:T1491T;ORF1a:I1502M;ORF1a:D1554G,13,1205,0.0107883817427385,0,
3052026,BA.2_0.03_abundance_0.04,A5128T;G5156C,ORF1a:L1621F;ORF1a:A1631P,14,243,0.0576131687242798,0,
3052026,BA.2_0.03_abundance_0.04,C6543G;A6600G;A6646G,ORF1a:T2093R;ORF1a:E2112G;ORF1a:L2127L,5,244,0.0204918032786885,0,
3052026,BA.2_0.03_abundance_0.04,C6543G;A6646G,ORF1a:T2093R;ORF1a:L2127L,12,244,0.0491803278688524,0,
3052026,BA.2_0.03_abundance_0.04,C6543G;A6600G,ORF1a:T2093R;ORF1a:E2112G,23,244,0.0942622950819672,0,
3052026,BA.2_0.03_abundance_0.04,C6543G;G6819T,ORF1a:T2093R;ORF1a:S2185I,6,208,0.0288461538461538,0,
3052026,BA.2_0.03_abundance_0.04,A6600G;A6646G,ORF1a:E2112G;ORF1a:L2127L,9,244,0.0368852459016393,0,
3052026,BA.2_0.03_abundance_0.04,G7070T;C7101A;T7157A;T7166G;C7173G;T7217C;A7242G;T7288C;G7294C;C7307A;A7309C;T7325C;T7326C;T7327A,ORF1a:G2269C;ORF1a:A2279E;ORF1a:L2298I;ORF1a:Y2301D;ORF1a:S2303C;ORF1a:L2318L;ORF1a:E2326G;ORF1a:L2341L;ORF1a:L2343F;ORF1a:Q2348K;ORF1a:Q2348H;ORF1a:F2354L;ORF1a:F2354S;ORF1a:F2354L,6,320,0.01875,0,
3052026,BA.2_0.03_abundance_0.04,C7101A;T7157A;T7166G;C7173G;T7217C;A7242G;T7288C;G7294C;C7307A;A7309C;T7325C;T7326C;T7327A,ORF1a:A2279E;ORF1a:L2298I;ORF1a:Y2301D;ORF1a:S2303C;ORF1a:L2318L;ORF1a:E2326G;ORF1a:L2341L;ORF1a:L2343F;ORF1a:Q2348K;ORF1a:Q2348H;ORF1a:F2354L;ORF1a:F2354S;ORF1a:F2354L,29,1027,0.0282375851996105,0,
3052026,BA.2_0.03_abundance_0.04,A7799C;T7802A;A7930C,ORF1a:T2512P;ORF1a:Y2513N;ORF1a:K2555N,34,528,0.0643939393939393,0,
3052026,BA.2_0.03_abundance_0.04,A7799C;A7930C,ORF1a:T2512P;ORF1a:K2555N,23,528,0.043560606060606,0,
3052026,BA.2_0.03_abundance_0.04,A7799C;T7802A,ORF1a:T2512P;ORF1a:Y2513N,20,564,0.0354609929078014,0,
3052026,BA.2_0.03_abundance_0.04,T7802A;A7930C,ORF1a:Y2513N;ORF1a:K2555N,150,528,0.2840909090909091,0,
3052026,BA.2_0.03_abundance_0.04,G8018T;A8020T;T8038C;A8087T;T8119C;A8122T;A8159C;G8183T;A8211G;A8223T;A8241T,ORF1a:E2585*;ORF1a:E2585D;ORF1a:F2591F;ORF1a:K2608*;ORF1a:A2618A;ORF1a:E2619D;ORF1a:T2632P;ORF1a:G2640W;ORF1a:K2649R;ORF1a:E2653V;ORF1a:H2659L,15,1286,0.0116640746500777,0,
3052026,BA.2_0.03_abundance_0.04,G8018T;A8020T;T8038C;A8087T;T8119C;A8122T;A8159C;G8183T;A8211G;A8223T;A8241T;A8298G,ORF1a:E2585*;ORF1a:E2585D;ORF1a:F2591F;ORF1a:K2608*;ORF1a:A2618A;ORF1a:E2619D;ORF1a:T2632P;ORF1a:G2640W;ORF1a:K2649R;ORF1a:E2653V;ORF1a:H2659L;ORF1a:N2678S,42,922,0.0455531453362256,0,
3052026,BA.2_0.03_abundance_0.04,A8298G;G8404C;T8431C;A8446C;A8474C;A8475G,ORF1a:N2678S;ORF1a:W2713C;ORF1a:S2722S;ORF1a:K2727N;ORF1a:N2737H;ORF1a:N2737S,11,390,0.0282051282051282,0,
3052026,BA.2_0.03_abundance_0.04,A8754G;C8912A,ORF1a:K2830R;ORF1a:H2883N,18,596,0.0302013422818791,0,
3052026,BA.2_0.03_abundance_0.04,G8952T;T8978G;G8999A;G9014C;G9035C;G9063C;G9083C;C9159G;G9182C;G9190C;A9197C;C9223T,ORF1a:C2896F;ORF1a:Y2905D;ORF1a:A2912T;ORF1a:A2917P;ORF1a:D2924H;ORF1a:C2933S;ORF1a:E2940Q;ORF1a:P2965R;ORF1a:V2973L;ORF1a:V2975V;ORF1a:T2978P;ORF1a:H2986H,27,1480,0.0182432432432432,0,
3052026,BA.2_0.03_abundance_0.04,G8952T;T8978G;G8999A;G9014C;G9035C;G9063C;G9083C;C9159G;G9182C;G9190C;A9197C;C9223T;G9233A,ORF1a:C2896F;ORF1a:Y2905D;ORF1a:A2912T;ORF1a:A2917P;ORF1a:D2924H;ORF1a:C2933S;ORF1a:E2940Q;ORF1a:P2965R;ORF1a:V2973L;ORF1a:V2975V;ORF1a:T2978P;ORF1a:H2986H;ORF1a:E2990K,15,614,0.02442996742671,0,
3052026,BA.2_0.03_abundance_0.04,G8952T;T8978G;G8999A;G9014C;G9035C;G9063C;G9083C;C9159G;G9182C;G9190C;A9197C;C9223T;G9233A;A9238T,ORF1a:C2896F;ORF1a:Y2905D;ORF1a:A2912T;ORF1a:A2917P;ORF1a:D2924H;ORF1a:C2933S;ORF1a:E2940Q;ORF1a:P2965R;ORF1a:V2973L;ORF1a:V2975V;ORF1a:T2978P;ORF1a:H2986H;ORF1a:E2990K;ORF1a:R2991S,10,237,0.0421940928270042,0,
3052026,BA.2_0.03_abundance_0.04,T9513A;C9534T;T9540C;C9745A;A9760T;T9765A;G9770A;G9805A;T9813A,ORF1a:L3083*;ORF1a:T3090I;ORF1a:L3092P;ORF1a:Y3160*;ORF1a:V3165V;ORF1a:F3167Y;ORF1a:G3169S;ORF1a:L3180L;ORF1a:F3183Y,19,361,0.0526315789473684,0,
3052026,BA.2_0.03_abundance_0.04,C9534T;T9725G,ORF1a:T3090I;ORF1a:Y3154D,217,1370,0.1583941605839416,0,
3052026,BA.2_0.03_abundance_0.04,C9534T;T9540C;C9745A;A9760T;T9765A;G9770A;G9805A;T9813A,ORF1a:T3090I;ORF1a:L3092P;ORF1a:Y3160*;ORF1a:V3165V;ORF1a:F3167Y;ORF1a:G3169S;ORF1a:L3180L;ORF1a:F3183Y,23,1050,0.0219047619047619,0,
3052026,BA.2_0.03_abundance_0.04,C10029T;T9868A,ORF1a:T3255I;ORF1a:L3201L,18,67,0.2686567164179104,10,B.1.575:2;BA.2:3;BA.1:1;BA.5.2:1;BA.1.15:2;BF.26:1
3052026,BA.2_0.03_abundance_0.04,C10029T;C10128G,ORF1a:T3255I;ORF1a:T3288S,5,45,0.1111111111111111,1,BA.5.2.6:1
3052026,BA.2_0.03_abundance_0.04,A10760G;A10767G;T10769G;A10781G;A10884T;C10969G;G10986A,ORF1a:K3499E;ORF1a:N3501S;ORF1a:Y3502D;ORF1a:T3506A;ORF1a:N3540I;ORF1a:F3568L;ORF1a:R3574K,55,1290,0.0426356589147286,0,
3052026,BA.2_0.03_abundance_0.04,A11041T;T11045A;C11060G;T11137C;C11152T;T11180G;G11198T;C11208G;G11222A;A11237T;A11270T;G11312T,ORF1a:L3592F;ORF1a:L3594I;ORF1a:Q3599E;ORF1a:F3624F;ORF1a:V3629V;ORF1a:F3639V;ORF1a:A3645S;ORF1a:A3648G;ORF1a:V3653I;ORF1a:S3658C;ORF1a:M3669L;ORF1a:V3683F,36,1796,0.0200445434298441,0,
3052026,BA.2_0.03_abundance_0.04,A11041T;T11045A;C11060G;T11137C;C11152T;T11178C;T11180G;G11198T;C11208G;G11222A;A11237T;A11270T;G11312T,ORF1a:L3592F;ORF1a:L3594I;ORF1a:Q3599E;ORF1a:F3624F;ORF1a:V3629V;ORF1a:L3638S;ORF1a:F3639V;ORF1a:A3645S;ORF1a:A3648G;ORF1a:V3653I;ORF1a:S3658C;ORF1a:M3669L;ORF1a:V3683F,28,1796,0.0155902004454342,0,
3052026,BA.2_0.03_abundance_0.04,C11130A;T11178C,ORF1a:S3622Y;ORF1a:L3638S,46,1994,0.0230692076228686,0,
3052026,BA.2_0.03_abundance_0.04,T11918G;C11967G;T12017C;G12019A;C12029T;C12084G;T12109C;G12131T;T12204C,ORF1a:S3885A;ORF1a:A3901G;ORF1a:L3918L;ORF1a:L3918L;ORF1a:Q3922*;ORF1a:T3940S;ORF1a:F3948F;ORF1a:A3956S;ORF1a:L3980S,37,1420,0.026056338028169,0,
3052026,BA.2_0.03_abundance_0.04,T11918G;C11967G;T12017C;G12019A;C12029T;C12036T;C12084G;T12109C;G12131T;T12204C,ORF1a:S3885A;ORF1a:A3901G;ORF1a:L3918L;ORF1a:L3918L;ORF1a:Q3922*;ORF1a:A3924V;ORF1a:T3940S;ORF1a:F3948F;ORF1a:A3956S;ORF1a:L3980S,15,1420,0.0105633802816901,0,
3052026,BA.2_0.03_abundance_0.04,T11977A;C12036T,ORF1a:T3904T;ORF1a:A3924V,109,1653,0.0659407138535995,0,
3052026,BA.2_0.03_abundance_0.04,T12204C;A12250G;A12272G;A12306C;A12307T;G12311A;A12337T;G12373C;T12375A;A12397G;G12419T,ORF1a:L3980S;ORF1a:A3995A;ORF1a:K4003E;ORF1a:K4014T;ORF1a:K4014N;ORF1a:A4016T;ORF1a:K4024N;ORF1a:M4036I;ORF1a:L4037H;ORF1a:A4044A;ORF1a:A4052S,49,1252,0.0391373801916932,0,
3052026,BA.2_0.03_abundance_0.04,A12782C;A12800C;C12809A;C12830A;T12856G;T12874A;C12880T;A12898G;A12936C;A12951T;A12960C;A12977T;G12989A;C13047G,ORF1a:N4173H;ORF1a:R4179R;ORF1a:L4182I;ORF1a:Q4189K;ORF1a:P4197P;ORF1a:G4203G;ORF1a:I4205I;ORF1a:P4211P;ORF1a:K4224T;ORF1a:Y4229F;ORF1a:K4232T;ORF1a:N4238Y;ORF1a:V4242I;ORF1a:P4261R,35,883,0.0396375990939977,0,
3052026,BA.2_0.03_abundance_0.04,C13047G;C13130G;A13204C;T13227C;C13236T;T13241C;G13293A;A13300T;T13331A,ORF1a:P4261R;ORF1a:Q4289E;ORF1a:E4313D;ORF1a:F4321S;ORF1a:A4324V;ORF1a:C4326R;ORF1a:C4343Y;ORF1a:L4345F;ORF1a:C4356S,30,972,0.0308641975308641,0,
3052026,BA.2_0.03_abundance_0.04,G13948T;C13990T;C14006A;T14042G;T14064C;T14082G;A14107T;C14114A;C14115A;T14132C;T14152C;A14205G;T14238A,ORF1b:D161Y;ORF1b:Q175*;ORF1b:T180K;ORF1b:I192S;ORF1b:D199D;ORF1b:G205G;ORF1b:I214L;ORF1b:T216N;ORF1b:T216T;ORF1b:V222A;ORF1b:Y229H;ORF1b:S246S;ORF1b:I257I,7,473,0.014799154334038,0,
3052026,BA.2_0.03_abundance_0.04,C13990T;G14118T,ORF1b:Q175*;ORF1b:T217T,240,3441,0.06974716652136,0,
3052026,BA.2_0.03_abundance_0.04,C13990T;A14001G,ORF1b:Q175*;ORF1b:L178L,72,3441,0.020924149956408,0,
3052026,BA.2_0.03_abundance_0.04,C13990T;G14166C,ORF1b:Q175*;ORF1b:M233I,331,3184,0.1039572864321608,0,
3052026,BA.2_0.03_abundance_0.04,C13990T;G14118T;G14166C,ORF1b:Q175*;ORF1b:T217T;ORF1b:M233I,47,3184,0.0147613065326633,0,
3052026,BA.2_0.03_abundance_0.04,G14260T;A14302G;C14318A;A14339G;A14355G;C14408T;T14418C;A14457T;T14543C,ORF1b:D265Y;ORF1b:K279E;ORF1b:T284K;ORF1b:N291S;ORF1b:R296R;ORF1b:P314L;ORF1b:F317F;ORF1b:P330P;ORF1b:F359S,13,467,0.0278372591006423,0,
3052026,BA.2_0.03_abundance_0.04,G14260T;A14302G;C14318A;A14339G;A14355G;C14408T;T14418C;A14457T;T14543C;C14567G,ORF1b:D265Y;ORF1b:K279E;ORF1b:T284K;ORF1b:N291S;ORF1b:R296R;ORF1b:P314L;ORF1b:F317F;ORF1b:P330P;ORF1b:F359S;ORF1b:A367G,6,74,0.081081081081081,0,
3052026,BA.2_0.03_abundance_0.04,T15560G;A15582C;T15584C;A15626T;T15686G;C15714T;T15733C;T15817A,ORF1b:L698R;ORF1b:K705N;ORF1b:I706T;ORF1b:E720V;ORF1b:L740W;ORF1b:L749L;ORF1b:C756R;ORF1b:F784I,101,4460,0.0226457399103139,0,
3052026,BA.2_0.03_abundance_0.04,T15560G;A15582C;T15584C;A15626T;T15686G;C15714T;T15733C;T15817A;G15850A,ORF1b:L698R;ORF1b:K705N;ORF1b:I706T;ORF1b:E720V;ORF1b:L740W;ORF1b:L749L;ORF1b:C756R;ORF1b:F784I;ORF1b:D795N,37,1038,0.035645472061657,0,
3052026,BA.2_0.03_abundance_0.04,T15570G;C15714T,ORF1b:T701T;ORF1b:L749L,124,4822,0.0257154707590211,16,BA.2:15;BA.2.9:1
3052026,BA.2_0.03_abundance_0.04,C15714T;C15725T,ORF1b:L749L;ORF1b:A753V,424,4806,0.0882230545151893,0,
3052026,BA.2_0.03_abundance_0.04,T15880C;T15953A;T16023G;T16024C;T16025G;C16028T;G16075A;T16154G;T16157C;T16161G,ORF1b:S805P;ORF1b:L829Q;ORF1b:S852S;ORF1b:L853L;ORF1b:L853*;ORF1b:A854V;ORF1b:D870N;ORF1b:V896G;ORF1b:M897T;ORF1b:L898L,54,1435,0.0376306620209059,0,
3052026,BA.2_0.03_abundance_0.04,T16157C;T16161G;C16234T;C16247G;T16287C;A16318C;A16341C;T16366A;C16394A;C16418A;C16423A,ORF1b:M897T;ORF1b:L898L;ORF1b:Q923*;ORF1b:A927G;ORF1b:G940G;ORF1b:K951Q;ORF1b:I958I;ORF1b:S967T;ORF1b:P976Q;ORF1b:T984N;ORF1b:L986I,5,229,0.0218340611353711,0,
3052026,BA.2_0.03_abundance_0.04,C16234T;C16247G;T16287C;A16318C;A16341C;T16366A;C16394A;C16418A;C16423A,ORF1b:Q923*;ORF1b:A927G;ORF1b:G940G;ORF1b:K951Q;ORF1b:I958I;ORF1b:S967T;ORF1b:P976Q;ORF1b:T984N;ORF1b:L986I,13,419,0.0310262529832935,0,
3052026,BA.2_0.03_abundance_0.04,A17203C;T17305C;C17410T,ORF1b:K1246Q;ORF1b:F1280L;ORF1b:R1315C,180,3862,0.0466079751424132,0,
3052026,BA.2_0.03_abundance_0.04,A17203C;C17410T,ORF1b:K1246Q;ORF1b:R1315C,224,3862,0.0580010357327809,2,BF.10:1;BA.2:1
3052026,BA.2_0.03_abundance_0.04,A17203C;T17216C;C17410T,ORF1b:K1246Q;ORF1b:I1250T;ORF1b:R1315C,203,3862,0.0525634386328327,0,
3052026,BA.2_0.03_abundance_0.04,A17203C;T17216C,ORF1b:K1246Q;ORF1b:I1250T,126,6415,0.0196414653156664,0,
3052026,BA.2_0.03_abundance_0.04,A17203C;T17305C,ORF1b:K1246Q;ORF1b:F1280L,125,6414,0.0194886186467103,0,
3052026,BA.2_0.03_abundance_0.04,A17203C;T17216C;T17305C;C17410T,ORF1b:K1246Q;ORF1b:I1250T;ORF1b:F1280L;ORF1b:R1315C,144,3862,0.0372863801139306,0,
3052026,BA.2_0.03_abundance_0.04,A17203C;T17216C;T17305C,ORF1b:K1246Q;ORF1b:I1250T;ORF1b:F1280L,127,6414,0.0198004365450576,0,
3052026,BA.2_0.03_abundance_0.04,T17216C;T17305C;C17410T,ORF1b:I1250T;ORF1b:F1280L;ORF1b:R1315C,644,3862,0.1667529777317452,0,
3052026,BA.2_0.03_abundance_0.04,T17216C;C17410T,ORF1b:I1250T;ORF1b:R1315C,849,3862,0.2198342827550492,1,BA.2:1
3052026,BA.2_0.03_abundance_0.04,T17216C;T17305C,ORF1b:I1250T;ORF1b:F1280L,502,6414,0.0782662924851886,0,
3052026,BA.2_0.03_abundance_0.04,T17305C;C17410T,ORF1b:F1280L;ORF1b:R1315C,739,3862,0.19135163127913,14,BA.5.5:1;BA.2.12.1:1;BA.5.2.21:4;BF.10:1;BA.5.2.1:1;BA.2:1;BA.2.3:1;BF.28:2;BF.6:1;BA.2.10:1
3052026,BA.2_0.03_abundance_0.04,C17410T;A17431G;A17477C;A17482G;C17483A;A17515G;A17542C;C17555T;A17576C;T17582C;C17707G;G17716C;T17720A,ORF1b:R1315C;ORF1b:I1322V;ORF1b:K1337T;ORF1b:T1339A;ORF1b:T1339K;ORF1b:R1350G;ORF1b:M1359L;ORF1b:T1363I;ORF1b:E1370A;ORF1b:V1372A;ORF1b:P1414A;ORF1b:G1417R;ORF1b:V1418E,9,162,0.0555555555555555,0,
3052026,BA.2_0.03_abundance_0.04,A17431G;A17477C;A17482G;C17483A;A17515G;A17542C;C17555T;A17576C;T17582C;C17707G;G17716C;T17720A;G17728T,ORF1b:I1322V;ORF1b:K1337T;ORF1b:T1339A;ORF1b:T1339K;ORF1b:R1350G;ORF1b:M1359L;ORF1b:T1363I;ORF1b:E1370A;ORF1b:V1372A;ORF1b:P1414A;ORF1b:G1417R;ORF1b:V1418E;ORF1b:E1421*,10,292,0.0342465753424657,0,
3052026,BA.2_0.03_abundance_0.04,A17431G;A17477C;A17482G;C17483A;A17515G;A17542C;C17555T;A17576C;T17582C;C17707G;G17716C;T17720A,ORF1b:I1322V;ORF1b:K1337T;ORF1b:T1339A;ORF1b:T1339K;ORF1b:R1350G;ORF1b:M1359L;ORF1b:T1363I;ORF1b:E1370A;ORF1b:V1372A;ORF1b:P1414A;ORF1b:G1417R;ORF1b:V1418E,36,1366,0.0263543191800878,0,
3052026,BA.2_0.03_abundance_0.04,A18163G;T18237G,ORF1b:I1566V;ORF1b:V1590V,34,688,0.0494186046511627,3,BA.1.13.1:2;BA.1:1
3052026,BA.2_0.03_abundance_0.04,A18163G;T18228A,ORF1b:I1566V;ORF1b:N1587K,84,688,0.1220930232558139,73,BA.2.65:2;BA.1.17.2:1;BA.1.15:1;BA.1.1:9;BA.2:45;BA.1.1.1:1;BA.2.9:8;BA.5.9:1;BA.1.1.11:2;BA.2.12.1:2;BA.1:1
3052026,BA.2_0.03_abundance_0.04,C18374G;T18446A,ORF1b:S1636C;ORF1b:V1660D,23,393,0.0585241730279898,0,
3052026,BA.2_0.03_abundance_0.04,C18419A;T18435G;T18446A;C18460G;C18493G;A18503C;A18563T;G18627C,ORF1b:T1651K;ORF1b:D1656E;ORF1b:V1660D;ORF1b:P1665A;ORF1b:L1676V;ORF1b:K1679T;ORF1b:K1699I;ORF1b:K1720N,7,290,0.0241379310344827,0,
3052026,BA.2_0.03_abundance_0.04,G18627C;T18741A;C18747T;C18775G;A18798T;C18823A;C18828A;A18868C,ORF1b:K1720N;ORF1b:D1758E;ORF1b:V1760V;ORF1b:Q1770E;ORF1b:L1777L;ORF1b:Q1786K;ORF1b:V1787V;ORF1b:T1801P,10,238,0.042016806722689,0,
3052026,BA.2_0.03_abundance_0.04,T18741A;C18747T;C18775G;A18798T;C18823A;C18828A;A18868C,ORF1b:D1758E;ORF1b:V1760V;ORF1b:Q1770E;ORF1b:L1777L;ORF1b:Q1786K;ORF1b:V1787V;ORF1b:T1801P,51,1390,0.0366906474820143,0,
3052026,BA.2_0.03_abundance_0.04,T19647A;A19652T;T19665G;G19670T;C19687A;A19720T;G19741A;C19781T;T19790A;G19794T,ORF1b:V2060V;ORF1b:N2062I;ORF1b:F2066L;ORF1b:G2068V;ORF1b:P2074T;ORF1b:K2085*;ORF1b:E2092K;ORF1b:A2105V;ORF1b:L2108H;ORF1b:W2109C,7,366,0.0191256830601092,0,
3052026,BA.2_0.03_abundance_0.04,G19656A;G19877C,ORF1b:K2063K;ORF1b:W2137S,6,363,0.0165289256198347,0,
3052026,BA.2_0.03_abundance_0.04,C19687A;G19877C,ORF1b:P2074T;ORF1b:W2137S,15,363,0.0413223140495867,0,
3052026,BA.2_0.03_abundance_0.04,A21685G;C21707A;G21746C;C21762A;C21840T;T21841G;T21842G;A21865C;A21875T;C21903G;T21940A;G21950T;G21987A,S:K41K;S:H49N;S:V62L;S:A67D;S:A93V;S:A93A;S:S94A;S:I101I;S:I105F;S:T114S;S:V126V;S:V130F;S:G142D,7,274,0.0255474452554744,0,
3052026,BA.2_0.03_abundance_0.04,C21707A;G21746C;C21762A;C21840T;T21841G;T21842G;A21865C;A21875T;C21903G;T21940A;G21950T;G21987A,S:H49N;S:V62L;S:A67D;S:A93V;S:A93A;S:S94A;S:I101I;S:I105F;S:T114S;S:V126V;S:V130F;S:G142D,118,3153,0.0374246749127814,0,
3052026,BA.2_0.03_abundance_0.04,G22578A;C22674T;T22679C;C22686T;A22688G;G22734T;G22775A;A22786C;G22813T,S:G339D;S:S371F;S:S373P;S:S375F;S:T376A;S:C391F;S:D405N;S:R408S;S:K417N,373,1307,0.2853863810252486,0,
3052026,BA.2_0.03_abundance_0.04,G22578A;C22674T;T22679C;C22686T;A22688G;G22734T,S:G339D;S:S371F;S:S373P;S:S375F;S:T376A;S:C391F,24,1400,0.0171428571428571,0,
3052026,BA.2_0.03_abundance_0.04,T23152A;C23154G;T23189C;A23232C;T23287A;A23305C;C23327G;T23338A;G23340C;A23379T;A23403G;T23421C;G23438C;C23439G;A23445T;A23446C;G23465A;T23466C;T23479A,S:S530S;S:T531S;S:F543L;S:K557T;S:A575A;S:T581T;S:P589A;S:F592L;S:G593A;S:N606I;S:D614G;S:V620A;S:A626P;S:A626G;S:Q628L;S:Q628H;S:V635I;S:V635A;S:G639G,6,301,0.0199335548172757,0,
3052026,BA.2_0.03_abundance_0.04,T23189C;A23232C;T23287A;A23305C;C23327G;T23338A;G23340C;A23379T;A23403G;T23421C;G23438C;C23439G;A23445T;A23446C;G23465A;T23466C;T23479A,S:F543L;S:K557T;S:A575A;S:T581T;S:P589A;S:F592L;S:G593A;S:N606I;S:D614G;S:V620A;S:A626P;S:A626G;S:Q628L;S:Q628H;S:V635I;S:V635A;S:G639G,37,2134,0.0173383317713214,0,
3052026,BA.2_0.03_abundance_0.04,A23233G;C23347G;A23403G,S:K557K;S:V595V;S:D614G,138,3041,0.0453798092732653,0,
3052026,BA.2_0.03_abundance_0.04,C23347G;A23403G,S:V595V;S:D614G,326,3041,0.1072015784281486,6,B.1.1.7:2;AY.20:2;B.1.258:1;BA.5.3.1:1
3052026,BA.2_0.03_abundance_0.04,A23403G;T23421G,S:D614G;S:V620G,55,3041,0.0180861558697796,2,BA.1.15:1;B.1.160:1
3052026,BA.2_0.03_abundance_0.04,A24791C;C24792A;C24909A;T24929A;T24946G;A24952G;C24990A;C25000T;T25001G,S:T1077P;S:T1077N;S:T1116N;S:S1123T;S:V1128V;S:I1130M;S:P1143H;S:D1146D;S:S1147A,70,1799,0.0389105058365758,0,
3052026,BA.2_0.03_abundance_0.04,T24793C;C25000T,S:T1077T;S:D1146D,294,1801,0.1632426429761243,4432,BA.2.9:45;BA.2:4080;BA.1.1:97;BE.4:8;BQ.1:31;BA.4.6:2;BA.1:2;BA.1.1.1:2;BA.2.75:4;BA.1.15:2;BA.2.65:17;BA.2.56:10;BA.5.2.9:1;BA.5.2.1:5;BA.5.1.1:5;CG.1:7;BA.5.2.22:1;BA.5.2:58;XM:5;BA.2.10:7;BA.2.3.15:1;BA.5.2.21:6;BF.8:1;BA.2.12.1:8;BA.2.14:1;XBB.1:1;BA.2.1:6;BA.2.27:1;BA.2.18:1;BA.2.4:2;BA.5.3.1:1;BA.5.1:1;BA.1.21:1;BQ.1.8:1;BE.1.1:3;BA.2.24:1;BA.2.10.1:1;BA.1.17.2:3;BA.5.1.23:1;BA.2.9.5:1;BA.2.3:1
3052026,BA.2_0.03_abundance_0.04,G25364A;A25426G;T25434C;G25437A;C25487G;A25512G;T25520C;G25540A;T25557C;C25584T;G25593T;C25603T;T25604G;G25606C,S:V1268I;ORF3a:T12A;ORF3a:T14T;ORF3a:L15L;ORF3a:T32S;ORF3a:S40S;ORF3a:F43S;ORF3a:V50I;ORF3a:V55V;ORF3a:T64T;ORF3a:K67N;ORF3a:L71L;ORF3a:L71R;ORF3a:A72P,37,1205,0.0307053941908713,0,
3052026,BA.2_0.03_abundance_0.04,C25380T;C25584T,S:T1273I;ORF3a:T64T,34,1209,0.0281224152191894,739,BA.1.1:130;BE.1.4:1;BA.5.1:22;BA.2:131;BA.5.5:13;BA.1:24;BA.2.7:8;BA.1.15:4;BA.5.2.6:8;BA.4.6:11;BA.4:5;BA.5.2.1:46;BA.5.1.10:5;BA.2.11:1;BQ.1.1:7;BA.1.17.2:17;BA.5.6:5;BA.2.9:25;BQ.1.11:2;BA.5.3.1:6;BA.2.3.14:17;BA.2.12.1:28;BA.1.15.1:3;BA.5:6;BA.2.3.7:1;BA.1.1.15:2;BA.5.2.28:3;BA.1.16:23;BF.27:2;BA.1.18:5;BA.5.8:8;BA.5.2:47;BE.1:4;BF.5:6;BA.1.17:20;BA.5.1.8:2;BA.2.75:1;BG.5:1;BF.1:2;BA.5.9:3;BE.1.1:10;BA.2.3:13;BA.1.20:2;BA.2.10.1:2;BA.1.1.14:1;BQ.1:1;BE.3:1;BA.4.1:2;BQ.1.1.3:1;BF.14:1;BA.5.1.3:1;XBB.1:1;BA.5.2.21:2;CM.8:1;BE.1.1.1:1;BA.2.1:2;BA.1.1.18:6;BA.5.2.9:1;BA.5.1.30:1;BL.1:1;BA.2.76:2;BA.5.1.25:1;XBB:1;BN.1.4:1;BN.1:1;BA.2.10:1;BQ.1.1.13:1;BF.31:1;BE.4:1;BA.5.1.22:1;BF.11:1;BA.2.3.20:1;BA.5.1.23:1;BF.28:1;BA.2.38:2;XAZ:1;BA.2.23:1;BA.2.67:1;BF.7:4;BA.4.1.5:1;BA.1.1.1:1;BA.2.62:1;BA.2.29:1;BA.5.2.8:1;BA.2.75.1:1;BA.5.1.5:2;BA.5.2.31:1
3052026,BA.2_0.03_abundance_0.04,A25573G;C25584T,ORF3a:K61E;ORF3a:T64T,172,1209,0.1422663358147229,91,BQ.1.1.5:10;BA.1.1.18:1;BA.2.12.1:3;BA.2:29;BA.1.1:28;BA.1.15:3;BQ.1:1;BA.1:2;BA.5.2.18:4;BA.5.2.1:3;BA.5.2:2;BA.1.18:1;AY.33:1;BA.1.16:1;BE.1.4:1;BA.1.1.2:1
3052026,BA.2_0.03_abundance_0.04,T25662C;T25706G,ORF3a:V90V;ORF3a:F105C,11,771,0.0142671854734111,0,
3052026,BA.2_0.03_abundance_0.04,G25972A;C26042A;T26052G;A26092G;C26256T;C26270T,ORF3a:E194K;ORF3a:T217N;ORF3a:S220R;ORF3a:N234D;E:F4F;E:T9I,22,465,0.0473118279569892,0,
3052026,BA.2_0.03_abundance_0.04,C26270T;T26289A,E:T9I;E:N15K,118,263,0.4486692015209125,0,
3052026,BA.2_0.03_abundance_0.04,C26642G;T26677A;A26702G;G26709A;T26723C;G26727A;T26756G;C26768G;T26819G;C26845A;C26858T;A26874C,M:A40A;M:I52N;M:V60V;M:A63T;M:L67L;M:A69T;M:G78G;M:I82M;M:S99S;M:S108Y;M:F112F;M:I118L,28,479,0.0584551148225469,0,
3052026,BA.2_0.03_abundance_0.04,C26642G;T26677A;A26702G;G26709A;T26723C;G26727A;T26756G;C26768G;T26819G;C26845A;C26858T,M:A40A;M:I52N;M:V60V;M:A63T;M:L67L;M:A69T;M:G78G;M:I82M;M:S99S;M:S108Y;M:F112F,20,1093,0.0182982616651418,0,
3052026,BA.2_0.03_abundance_0.04,A26666T;G26709A,M:I48I;M:A63T,51,1266,0.0402843601895734,3,BA.1.1:1;BA.2.38:1;BA.2:1
3052026,BA.2_0.03_abundance_0.04,A26666T;G26709A;C26858T,M:I48I;M:A63T;M:F112F,352,1093,0.3220494053064959,2,BA.2.38:1;BA.2:1
3052026,BA.2_0.03_abundance_0.04,T27178A;A27187T;G27217A;A27234C;T27251G;A27302G;A27313T;T27319G;G27366T;G27382C;A27383T;T27384C;C27416G;A27417G;A27477C,M:L219*;M:Q222L;ORF6:D6N;ORF6:I11I;ORF6:I17S;ORF6:N34S;ORF6:K38*;ORF6:L40V;ORF6:E55D;ORF6:D61H;ORF6:D61V;ORF6:D61D;ORF7a:A8G;ORF7a:A8A;ORF7a:T28T,16,345,0.0463768115942029,0,
3052026,BA.2_0.03_abundance_0.04,A27187T;G27217A;A27234C;T27251G;A27302G;A27313T;T27319G;G27366T;G27382C;A27383T;T27384C;C27416G;A27417G;A27477C,M:Q222L;ORF6:D6N;ORF6:I11I;ORF6:I17S;ORF6:N34S;ORF6:K38*;ORF6:L40V;ORF6:E55D;ORF6:D61H;ORF6:D61V;ORF6:D61D;ORF7a:A8G;ORF7a:A8A;ORF7a:T28T,24,788,0.0304568527918781,0,
3052026,BA.2_0.03_abundance_0.04,T27851G;A27859T;T27863C;C27944T;T27953A;C27960T;T28002A;T28017A;T28029C;A28095G;A28126C,ORF7b:L32L;ORF7b:Q35L;ORF7b:D36D;ORF8:H17H;ORF8:C20*;ORF8:Q23*;ORF8:C37S;ORF8:Y42N;ORF8:Y46H;ORF8:K68E;ORF8:N78T,9,832,0.0108173076923076,0,
3052026,BA.2_0.03_abundance_0.04,T27931A;C27960T,ORF8:V13E;ORF8:Q23*,234,1113,0.2102425876010781,0,
3052026,BA.2_0.03_abundance_0.04,T27931A;T28082C,ORF8:V13E;ORF8:D63D,27,1045,0.0258373205741626,0,
3052026,BA.2_0.03_abundance_0.04,T27931A;C27960T;T28082C,ORF8:V13E;ORF8:Q23*;ORF8:D63D,36,1045,0.0344497607655502,0,
3052026,BA.2_0.03_abundance_0.04,C27960T;T28082C,ORF8:Q23*;ORF8:D63D,30,1045,0.0287081339712918,1,BA.2:1
3052026,BA.2_0.03_abundance_0.04,A28126C;G28178T;C28205A;T28206A;C28311T;G28325T;C28377T;A28387C,ORF8:N78T;ORF8:L95F;ORF8:F104L;ORF8:Y105N;N:P13L;N:G18C;N:A35V;N:K38N,41,1276,0.0321316614420062,0,
3052026,BA.2_0.03_abundance_0.04,A28126C;G28178T;C28205A;T28206A;C28311T;G28325T;C28377T;A28387C;G28429T,ORF8:N78T;ORF8:L95F;ORF8:F104L;ORF8:Y105N;N:P13L;N:G18C;N:A35V;N:K38N;N:W52C,9,257,0.0350194552529182,0,
3052026,BA.2_0.03_abundance_0.04,G28429T;G28479A;A28496G;C28500T;C28512A;C28542T;A28549C;A28571T;T28640G;T28667A;C28708A,N:W52C;N:G69E;N:N75D;N:T76I;N:P80Q;N:A90V;N:R92S;N:K100*;N:Y123D;N:W132R;N:H145Q,6,181,0.0331491712707182,0,
3052026,BA.2_0.03_abundance_0.04,G28479A;A28496G;C28500T;C28512A;C28542T;A28549C;A28571T;T28640G;T28667A;C28708A,N:G69E;N:N75D;N:T76I;N:P80Q;N:A90V;N:R92S;N:K100*;N:Y123D;N:W132R;N:H145Q,18,593,0.0303541315345699,0,
3052026,BA.2_0.03_abundance_0.04,C29045G;A29078C;G29135A;A29168G;C29198G;C29211G;A29237T;G29240A;G29262T;C29268G;T29308G,N:P258A;N:N269H;N:D288N;N:K299E;N:P309A;N:A313G;N:M322L;N:E323K;N:W330L;N:T332S;N:N345K,56,1698,0.0329799764428739,0,
3052026,BA.2_0.03_abundance_0.04,A29412G;A29428T;G29440C;T29461A;T29471C;A29510C;T29512C;T29581A;T29588G;A29596C;T29626G,N:Q380R;N:R385S;N:Q389H;N:P396P;N:L400L;N:S413R;N:S413S;ORF10:A8A;ORF10:F11V;ORF10:I13I;ORF10:S23S,10,299,0.0334448160535117,0,
3052026,BA.2_0.03_abundance_0.04,A29412G;A29428T;G29440C;T29461A;T29471C;A29510C;T29512C;T29581A;T29588G;A29596C;T29626G;T29637A,N:Q380R;N:R385S;N:Q389H;N:P396P;N:L400L;N:S413R;N:S413S;ORF10:A8A;ORF10:F11V;ORF10:I13I;ORF10:S23S;ORF10:I27K,5,286,0.0174825174825174,0,
3052026,BA.2_0.03_abundance_0.04,A29510C;T29637A,N:S413R;ORF10:I27K,111,286,0.3881118881118881,10,BA.2.23:1;BA.2:8;BE.1.1.2:1
