Date,Site,Nt Mutations,AA Mutations,Support DP,Total DP,Combined Freq,Overall Occurrence,Lineage Occurrence
1012026,BA.2_0.01_abundance_0.15,A480C;T670G,ORF1a:K72T;ORF1a:S135R,1508,3405,0.44287812041116,7,BA.2.24:1;BA.5.6:1;BA.2:1;BF.28:1;BA.5.1.2:1;BA.5.2:1;BA.5.5:1
1012026,BA.2_0.01_abundance_0.15,G1257T;T1272C,ORF1a:W331L;ORF1a:F336S,12,449,0.0267260579064587,0,
1012026,BA.2_0.01_abundance_0.15,G2885C;C3037T,ORF1a:V874L;ORF1a:F924F,52,377,0.1379310344827586,8,BQ.1.1.28:1;B.1.1.7:5;BA.2:1;BA.1.1:1
1012026,BA.2_0.01_abundance_0.15,A8663C;T8929C,ORF1a:T2800P;ORF1a:V2888V,31,946,0.0327695560253699,0,
1012026,BA.2_0.01_abundance_0.15,C9344T;G9422T;A9424G;C9534T,ORF1a:L3027F;ORF1a:V3053L;ORF1a:V3053V;ORF1a:T3090I,94,540,0.174074074074074,7,BA.5.2.1:4;BA.2.3:1;BA.5.6.1:1;BA.2.75:1
1012026,BA.2_0.01_abundance_0.15,C9344T;A9424G;T9445G;C9534T,ORF1a:L3027F;ORF1a:V3053V;ORF1a:L3060L;ORF1a:T3090I,164,540,0.3037037037037037,9,BA.2:2;BA.5.2.1:3;BA.5.5:1;BA.2.9:1;BA.2.12:2
1012026,BA.2_0.01_abundance_0.15,C9344T;G9422T;A9424G;T9445G;C9534T,ORF1a:L3027F;ORF1a:V3053L;ORF1a:V3053V;ORF1a:L3060L;ORF1a:T3090I,88,540,0.1629629629629629,0,
1012026,BA.2_0.01_abundance_0.15,C9344T;A9424G;T9445G,ORF1a:L3027F;ORF1a:V3053V;ORF1a:L3060L,36,644,0.0559006211180124,9,BA.2.12:2;BA.5.2.1:3;BA.5.5:1;BA.2:2;BA.2.9:1
1012026,BA.2_0.01_abundance_0.15,C9344T;G9422T;A9424G,ORF1a:L3027F;ORF1a:V3053L;ORF1a:V3053V,18,644,0.0279503105590062,10,BE.1:3;BA.5.6.1:1;BA.2.75:1;BA.2.3:1;BA.5.2.1:4
1012026,BA.2_0.01_abundance_0.15,C9344T;G9422T;A9424G;T9445G,ORF1a:L3027F;ORF1a:V3053L;ORF1a:V3053V;ORF1a:L3060L,14,644,0.0217391304347826,0,
1012026,BA.2_0.01_abundance_0.15,C9534T;A9639G,ORF1a:T3090I;ORF1a:H3125R,705,2108,0.3344402277039848,0,
1012026,BA.2_0.01_abundance_0.15,C10029T;T9847G,ORF1a:T3255I;ORF1a:R3194R,46,75,0.6133333333333333,0,
1012026,BA.2_0.01_abundance_0.15,G12079C;T12122G,ORF1a:R3938S;ORF1a:S3953A,1491,4002,0.3725637181409295,0,
1012026,BA.2_0.01_abundance_0.15,A12791C;C12880T,ORF1a:K4176Q;ORF1a:I4205I,256,3542,0.0722755505364201,25,BA.5.1.22:2;BA.2:19;BA.5.2:1;BA.2.9:3
1012026,BA.2_0.01_abundance_0.15,C14408T;A14517T,ORF1b:P314L;ORF1b:V350V,54,1293,0.0417633410672853,5,B.1.1.7:1;B.1.258:1;BA.5.1:1;BA.5.6:1;B.1.36.29:1
1012026,BA.2_0.01_abundance_0.15,A15283T;C15386G,ORF1b:M606L;ORF1b:S640*,73,1036,0.0704633204633204,0,
1012026,BA.2_0.01_abundance_0.15,T15329A;C15386G,ORF1b:L621H;ORF1b:S640*,32,1036,0.0308880308880308,0,
1012026,BA.2_0.01_abundance_0.15,C17410T;G17513T,ORF1b:R1315C;ORF1b:C1349F,100,418,0.2392344497607655,0,
1012026,BA.2_0.01_abundance_0.15,C17410T;A17498T,ORF1b:R1315C;ORF1b:Y1344F,17,418,0.0406698564593301,1,BA.5:1
1012026,BA.2_0.01_abundance_0.15,C17410T;A17503T,ORF1b:R1315C;ORF1b:N1346Y,36,418,0.0861244019138756,0,
1012026,BA.2_0.01_abundance_0.15,C17410T;A17503T;G17513T,ORF1b:R1315C;ORF1b:N1346Y;ORF1b:C1349F,26,418,0.062200956937799,0,
1012026,BA.2_0.01_abundance_0.15,C17410T;A17498T;G17513T,ORF1b:R1315C;ORF1b:Y1344F;ORF1b:C1349F,9,418,0.0215311004784689,0,
1012026,BA.2_0.01_abundance_0.15,C17410T;G17513T;A17554G,ORF1b:R1315C;ORF1b:C1349F;ORF1b:T1363A,5,418,0.0119617224880382,0,
1012026,BA.2_0.01_abundance_0.15,A17498T;G17513T,ORF1b:Y1344F;ORF1b:C1349F,72,3665,0.0196452933151432,0,
1012026,BA.2_0.01_abundance_0.15,A17503T;G17513T,ORF1b:N1346Y;ORF1b:C1349F,160,3665,0.0436562073669849,0,
1012026,BA.2_0.01_abundance_0.15,A18163G;A18198C,ORF1b:I1566V;ORF1b:R1577S,55,663,0.0829562594268476,0,
1012026,BA.2_0.01_abundance_0.15,T18708G;T18711G,ORF1b:T1747T;ORF1b:Y1748*,575,3461,0.166136954637388,0,
1012026,BA.2_0.01_abundance_0.15,C19042A;A19131C,ORF1b:P1859T;ORF1b:E1888D,32,269,0.1189591078066914,0,
1012026,BA.2_0.01_abundance_0.15,G22578A;C22674T;T22679C;C22686T;A22688G;T22764C;G22775A;A22786C;G22813T,S:G339D;S:S371F;S:S373P;S:S375F;S:T376A;S:V401A;S:D405N;S:R408S;S:K417N,267,1481,0.1802835921674544,0,
1012026,BA.2_0.01_abundance_0.15,C23328T;A23403G,S:P589L;S:D614G,263,1579,0.1665611146295123,3,AY.70:1;AY.103:2
1012026,BA.2_0.01_abundance_0.15,A24424T;C24553A,S:Q954H;S:I997I,5,94,0.0531914893617021,9,BA.2:2;BA.2.75:1;BF.5:1;BA.1.1:3;BA.5.2:1;BA.5.2.1:1
1012026,BA.2_0.01_abundance_0.15,A24898C;C25000T,S:P1112P;S:D1146D,902,3623,0.2489649461772012,13,BA.1.1:2;BA.5.2.1:3;BA.2:6;BQ.1.10:1;BA.2.71:1
1012026,BA.2_0.01_abundance_0.15,A24963T;C25000T,S:N1134I;S:D1146D,104,3623,0.0287054926856196,1,BA.1.1:1
1012026,BA.2_0.01_abundance_0.15,T25415C;C25584T,ORF3a:F8S;ORF3a:T64T,1016,2703,0.3758786533481317,19,BA.5.1:3;BA.2:5;BA.1:1;BA.5.2:2;BA.1.15:2;BA.2.9:1;XE:1;BA.2.12.1:2;BA.5.2.1:1;BA.2.36:1
1012026,BA.2_0.01_abundance_0.15,T26043C;C26270T,ORF3a:T217T;E:T9I,33,148,0.2229729729729729,364,BA.2.9:6;CL.1:1;BA.5.2.9:3;BF.27:3;BA.5.2.1:5;BA.1.1:174;BA.5.2:32;BA.1:22;BA.4:1;BA.2:14;BQ.1.1:1;BA.5.2.21:2;BA.1.13:7;BA.5.1.22:15;BA.4.1.6:8;BA.2.75:3;BA.5.1:4;BA.4.1:1;BA.5.1.24:1;BA.5.5:1;BA.1.15.1:1;BA.2.24:12;BQ.1.1.20:1;BN.5:1;BA.2.38:2;BA.5.1.27:2;BE.1:6;BA.2.10:6;BF.5:4;BA.5:5;BA.1.17.2:3;BA.5.2.27:6;BA.5.6:1;BQ.1.1.5:1;BE.1.1:1;BA.5.1.21:1;BQ.1.4:1;BA.1.1.1:2;BA.1.1.18:2;BE.3:1;BQ.1.12:1
1012026,BA.2_0.01_abundance_0.15,T26043C;A26128G;C26270T,ORF3a:T217T;ORF3a:I246V;E:T9I,38,148,0.2567567567567567,0,
1012026,BA.2_0.01_abundance_0.15,T26043C;A26128G,ORF3a:T217T;ORF3a:I246V,11,210,0.0523809523809523,0,
1012026,BA.2_0.01_abundance_0.15,A27259C;G27289C;G27382C;A27383T;T27384C,ORF6:R20R;ORF6:D30H;ORF6:D61H;ORF6:D61V;ORF6:D61D,96,909,0.1056105610561056,5,BA.2.3:1;BA.2:3;BA.2.23:1
1012026,BA.2_0.01_abundance_0.15,A27259C;T27291G;G27382C;A27383T;T27384C,ORF6:R20R;ORF6:D30E;ORF6:D61H;ORF6:D61V;ORF6:D61D,33,909,0.0363036303630363,0,
1012026,BA.2_0.01_abundance_0.15,A27949C;T28066G,ORF8:E19A;ORF8:I58S,20,570,0.0350877192982456,0,
1082026,BA.2_0.01_abundance_0.15,C392G;G425T;T670G,ORF1a:R43G;ORF1a:V54L;ORF1a:S135R,150,2457,0.061050061050061,0,
1082026,BA.2_0.01_abundance_0.15,G425T;T670G,ORF1a:V54L;ORF1a:S135R,98,2457,0.0398860398860398,61,BA.5.6:2;BA.4.6:10;BE.1.1:2;BA.2:11;BA.2.3.1:1;BE.1.4:1;BA.5.2.1:3;BA.5.2:3;BF.5:3;BA.5.5:4;BA.5.1.1:4;BA.2.75:5;BA.4:1;BA.2.12.1:1;BA.2.3:2;BQ.1.1:2;BQ.1.11:1;BF.1:1;BQ.1.1.8:2;BA.5.1:2
1082026,BA.2_0.01_abundance_0.15,T670G;G887T,ORF1a:S135R;ORF1a:A208S,8,209,0.0382775119617224,16,BA.5.1:2;BA.2.14:1;BA.5.2:5;BA.2.12.1:1;BA.5.2.1:5;BA.2:1;BA.5.3.1:1
1082026,BA.2_0.01_abundance_0.15,T2613G;C2790T,ORF1a:V783G;ORF1a:T842I,109,281,0.3879003558718861,0,
1082026,BA.2_0.01_abundance_0.15,C4345A;A4648T,ORF1a:I1360I;ORF1a:E1461D,10,421,0.0237529691211401,0,
1082026,BA.2_0.01_abundance_0.15,C5746G;T5854G,ORF1a:Y1827*;ORF1a:I1863M,27,1261,0.021411578112609,0,
1082026,BA.2_0.01_abundance_0.15,T8764C;A8840T,ORF1a:D2833D;ORF1a:T2859S,6,168,0.0357142857142857,0,
1082026,BA.2_0.01_abundance_0.15,C9344T;T9349A;A9424G;C9534T;G9536T,ORF1a:L3027F;ORF1a:T3028T;ORF1a:V3053V;ORF1a:T3090I;ORF1a:V3091L,7,24,0.2916666666666667,0,
1082026,BA.2_0.01_abundance_0.15,C9344T;T9349A;A9424G;C9534T,ORF1a:L3027F;ORF1a:T3028T;ORF1a:V3053V;ORF1a:T3090I,12,24,0.5,7,BA.5.2.1:5;BA.2:2
1082026,BA.2_0.01_abundance_0.15,C9534T;G9536T,ORF1a:T3090I;ORF1a:V3091L,936,2129,0.4396430248943165,2,BA.2:2
1082026,BA.2_0.01_abundance_0.15,A11155G;C11259A,ORF1a:K3630K;ORF1a:T3665K,35,1707,0.0205038078500292,0,
1082026,BA.2_0.01_abundance_0.15,T12739G;C12880T,ORF1a:T4158T;ORF1a:I4205I,71,282,0.25177304964539,4,BA.2:3;BA.5:1
1082026,BA.2_0.01_abundance_0.15,T12739G;C12880T;A12980G,ORF1a:T4158T;ORF1a:I4205I;ORF1a:R4239G,36,266,0.1353383458646616,0,
1082026,BA.2_0.01_abundance_0.15,T12739G;C12880T;A12980G;G13028C,ORF1a:T4158T;ORF1a:I4205I;ORF1a:R4239G;ORF1a:G4255R,11,264,0.0416666666666666,0,
1082026,BA.2_0.01_abundance_0.15,T12739G;T12805G;C12880T,ORF1a:T4158T;ORF1a:F4180L;ORF1a:I4205I,11,282,0.0390070921985815,0,
1082026,BA.2_0.01_abundance_0.15,T12739G;C12880T;G13028C,ORF1a:T4158T;ORF1a:I4205I;ORF1a:G4255R,17,264,0.0643939393939393,0,
1082026,BA.2_0.01_abundance_0.15,T12805G;C12880T,ORF1a:F4180L;ORF1a:I4205I,99,2198,0.0450409463148316,17,BA.2:17
1082026,BA.2_0.01_abundance_0.15,T12805G;C12880T;A12980G,ORF1a:F4180L;ORF1a:I4205I;ORF1a:R4239G,45,2052,0.0219298245614035,0,
1082026,BA.2_0.01_abundance_0.15,T12805G;C12880T;G13028C,ORF1a:F4180L;ORF1a:I4205I;ORF1a:G4255R,26,2041,0.0127388535031847,0,
1082026,BA.2_0.01_abundance_0.15,C12880T;A12980G,ORF1a:I4205I;ORF1a:R4239G,509,2053,0.2479298587433024,0,
1082026,BA.2_0.01_abundance_0.15,C12880T;G13028C,ORF1a:I4205I;ORF1a:G4255R,273,2042,0.133692458374143,0,
1082026,BA.2_0.01_abundance_0.15,C12880T;A12980G;G13028C,ORF1a:I4205I;ORF1a:R4239G;ORF1a:G4255R,137,2042,0.0670910871694417,0,
1082026,BA.2_0.01_abundance_0.15,G13749A;G13849A,ORF1b:K94K;ORF1b:G128S,15,88,0.1704545454545454,0,
1082026,BA.2_0.01_abundance_0.15,T14301A;C14408T,ORF1b:F278L;ORF1b:P314L,149,689,0.216255442670537,7,AY.43:1;AY.69:1;AY.108:1;AY.122:1;AY.85:1;B.1.617.2:1;AY.4:1
1082026,BA.2_0.01_abundance_0.15,C15714T;C15744G,ORF1b:L749L;ORF1b:S759R,654,3180,0.2056603773584905,0,
1082026,BA.2_0.01_abundance_0.15,T15983C;A16055G,ORF1b:V839A;ORF1b:H863R,72,2173,0.0331339162448228,0,
1082026,BA.2_0.01_abundance_0.15,T15983C;T16021G,ORF1b:V839A;ORF1b:S852A,29,2173,0.0133456051541647,0,
1082026,BA.2_0.01_abundance_0.15,G20623T;T20809G,ORF1b:D2386Y;ORF1b:C2448G,81,770,0.1051948051948051,0,
1082026,BA.2_0.01_abundance_0.15,G22578A;T22586G;C22674T;T22679C;C22686T;A22688G;G22775A;A22786C;G22813T,S:G339D;S:F342V;S:S371F;S:S373P;S:S375F;S:T376A;S:D405N;S:R408S;S:K417N,368,1415,0.2600706713780918,5,BA.5.2.1:1;BF.7:1;BF.10:1;BA.2:2
1082026,BA.2_0.01_abundance_0.15,G22578A;T22586G;C22674T;T22679C;C22686T;A22688G,S:G339D;S:F342V;S:S371F;S:S373P;S:S375F;S:T376A,25,1506,0.0166002656042496,5,BA.5.2.1:1;BF.7:1;BF.10:1;BA.2:2
1082026,BA.2_0.01_abundance_0.15,A23274T;A23403G;C23423T,S:D571V;S:D614G;S:P621S,32,1582,0.0202275600505689,0,
1082026,BA.2_0.01_abundance_0.15,C23525T;T23599G;C23604A;G23749C,S:H655Y;S:N679K;S:P681H;S:V729V,324,902,0.3592017738359201,0,
1082026,BA.2_0.01_abundance_0.15,G23948T;A23964T,S:D796Y;S:N801I,316,1043,0.3029721955896453,3,BA.1.17:1;BA.1.15:1;BA.2.10:1
1082026,BA.2_0.01_abundance_0.15,T24242G;A24424T,S:L894V;S:Q954H,220,865,0.2543352601156069,0,
1082026,BA.2_0.01_abundance_0.15,A24424T;T24469A;G24699T,S:Q954H;S:N969K;S:G1046V,27,51,0.5294117647058824,1,BA.5.2:1
1082026,BA.2_0.01_abundance_0.15,T24469A;G24699T,S:N969K;S:G1046V,148,317,0.4668769716088328,1,BA.5.2:1
1082026,BA.2_0.01_abundance_0.15,C25465G;C25584T,ORF3a:P25A;ORF3a:T64T,1257,3149,0.3991743410606542,2,BA.1.1:1;BA.1.14:1
1082026,BA.2_0.01_abundance_0.15,C25465G;C25584T;C25626G,ORF3a:P25A;ORF3a:T64T;ORF3a:H78Q,240,2586,0.0928074245939675,0,
1082026,BA.2_0.01_abundance_0.15,C25465G;C25584T;C25626G;T25645A,ORF3a:P25A;ORF3a:T64T;ORF3a:H78Q;ORF3a:L85M,9,152,0.0592105263157894,0,
1082026,BA.2_0.01_abundance_0.15,C25465G;C25584T;T25645A,ORF3a:P25A;ORF3a:T64T;ORF3a:L85M,25,152,0.1644736842105263,0,
1082026,BA.2_0.01_abundance_0.15,C25584T;C25626G,ORF3a:T64T;ORF3a:H78Q,255,2586,0.0986078886310904,21,BA.5.2.1:5;XBB.1:3;BA.2:5;BA.1.1.1:2;BA.1:2;BA.1.20:1;BA.1.15:2;BA.2.12.1:1
1082026,BA.2_0.01_abundance_0.15,C25584T;T25645A,ORF3a:T64T;ORF3a:L85M,25,152,0.1644736842105263,1,BA.2.3:1
1082026,BA.2_0.01_abundance_0.15,C25584T;C25626G;T25645A,ORF3a:T64T;ORF3a:H78Q;ORF3a:L85M,7,152,0.0460526315789473,0,
1082026,BA.2_0.01_abundance_0.15,T26138C;C26270T,ORF3a:I249T;E:T9I,9,199,0.0452261306532663,124,BA.5.1.22:4;BA.2.75:3;BA.5.2.27:1;BA.2:42;BA.1.1:4;BA.2.3.13:4;BA.5.1:6;BA.1:2;BA.5.5:14;BA.2.3:4;BA.1.18:1;XBB.1:1;BA.2.74:1;BA.1.21:4;BA.2.9:2;BA.2.38:1;BE.1.1:2;BA.2.12.1:3;BA.2.18:1;BA.4.6:10;BF.7:1;BA.5.2:6;BA.5.2.28:1;BA.1.17.2:1;BA.2.76:1;BA.5.6:2;BA.1.17:1;BF.7.5:1
1082026,BA.2_0.01_abundance_0.15,A27259C;T27264G;G27382C;A27383T;T27384C,ORF6:R20R;ORF6:T21T;ORF6:D61H;ORF6:D61V;ORF6:D61D,56,1616,0.0346534653465346,12,BA.2.12.1:10;BA.2:1;BA.2.10:1
1082026,BA.2_0.01_abundance_0.15,T28469G;A28626C,N:F66V;N:E118A,186,1311,0.1418764302059496,0,
1082026,BA.2_0.01_abundance_0.15,G28881A;G28882A;G28883C;T29021C,N:R203K;N:R203R;N:G204R;N:S250P,6,17,0.3529411764705882,136,BA.2:44;BA.1.17.2:3;BA.1:17;BA.1.1:9;BA.5.1:3;BQ.1.1:1;BA.5.2:4;B.1.1.7:6;BA.5.1.24:1;BA.2.9:2;BA.1.15:4;BA.5.2.1:3;BA.2.12.2:1;C.36.1:1;BA.1.1.2:1;BA.1.1.18:1;BA.1.14:1;XBB.1:2;BA.4.6:7;B.1.1.450:1;BA.2.1:3;BA.5.2.3:1;BA.5.8:4;BA.2.12.1:7;BQ.1.12:1;B.1.1:4;BA.2.3:2;BA.5.2.20:1;BA.2.10:1
1082026,BA.2_0.01_abundance_0.15,T29021C;G29162A,N:S250P;N:D297N,25,633,0.0394944707740916,0,
1152026,BA.2_0.01_abundance_0.15,T670G;T711G,ORF1a:S135R;ORF1a:L149R,81,186,0.4354838709677419,63,BA.2:11;BA.2.3.20:25;BA.5.2:3;BA.2.37:2;BF.21:1;BA.5.1:9;BA.5.2.9:2;BA.2.12.1:5;BA.2.17:1;BA.5.2.1:2;BA.5.6:1;BQ.1.10:1
1152026,BA.2_0.01_abundance_0.15,A2936G;C3037T,ORF1a:T891A;ORF1a:F924F,86,627,0.1371610845295056,331,AY.5:3;BA.2.9:2;AY.25:136;BA.2:16;BA.2.12.2:9;BA.1.1:3;BA.1.15:1;BA.1:3;AY.4:85;BA.4:2;BA.1.1.18:1;AY.6:3;AY.3:1;B.1.1.28:7;B.1.1.7:3;B.1.2:7;AY.43:2;B.1.617.2:3;B.1.1.389:1;AY.25.1:3;AY.119:1;AY.126:10;BA.2.75:1;AY.24:1;B.1.243:2;AY.122:5;BA.5.2:1;AY.127:1;AY.23:1;AY.26:1;B.1.177.51:1;BQ.1.1:1;AY.75:1;AY.44:1;B.1.1.519:3;B.1.416:1;BA.5.2.25:1;AY.102.2:1;B.1.177.60:2;BA.2.8:1;BA.2.75.5:2;AY.39:1
1152026,BA.2_0.01_abundance_0.15,A2936G;T3031A;C3037T,ORF1a:T891A;ORF1a:C922*;ORF1a:F924F,65,627,0.1036682615629984,0,
1152026,BA.2_0.01_abundance_0.15,T3031A;C3037T,ORF1a:C922*;ORF1a:F924F,214,627,0.3413078149920255,0,
1152026,BA.2_0.01_abundance_0.15,A3193G;T3442G,ORF1a:E976E;ORF1a:N1059K,569,1429,0.3981805458362491,0,
1152026,BA.2_0.01_abundance_0.15,T5591C;A5638G;T5786A,ORF1a:Y1776H;ORF1a:K1791K;ORF1a:S1841T,8,184,0.0434782608695652,0,
1152026,BA.2_0.01_abundance_0.15,T5591C;A5638G,ORF1a:Y1776H;ORF1a:K1791K,6,184,0.0326086956521739,0,
1152026,BA.2_0.01_abundance_0.15,T5591C;A5638G;A5703G;T5786A,ORF1a:Y1776H;ORF1a:K1791K;ORF1a:Q1813R;ORF1a:S1841T,5,184,0.0271739130434782,0,
1152026,BA.2_0.01_abundance_0.15,T5591C;T5786A,ORF1a:Y1776H;ORF1a:S1841T,5,184,0.0271739130434782,0,
1152026,BA.2_0.01_abundance_0.15,A5638G;T5786A,ORF1a:K1791K;ORF1a:S1841T,457,1885,0.2424403183023872,0,
1152026,BA.2_0.01_abundance_0.15,A5638G;A5703G,ORF1a:K1791K;ORF1a:Q1813R,122,1885,0.0647214854111405,0,
1152026,BA.2_0.01_abundance_0.15,A5638G;A5703G;T5786A,ORF1a:K1791K;ORF1a:Q1813R;ORF1a:S1841T,174,1885,0.0923076923076923,0,
1152026,BA.2_0.01_abundance_0.15,A5703G;T5786A,ORF1a:Q1813R;ORF1a:S1841T,79,1885,0.0419098143236074,0,
1152026,BA.2_0.01_abundance_0.15,T6652A;C6774A,ORF1a:A2129A;ORF1a:P2170H,25,466,0.0536480686695279,0,
1152026,BA.2_0.01_abundance_0.15,A8675C;T8866G,ORF1a:S2804R;ORF1a:P2867P,6,28,0.2142857142857142,0,
1152026,BA.2_0.01_abundance_0.15,A9025G;A9126T,ORF1a:T2920T;ORF1a:Y2954F,38,493,0.0770791075050709,0,
1152026,BA.2_0.01_abundance_0.15,C9534T;C9665G,ORF1a:T3090I;ORF1a:P3134A,814,2669,0.3049831397527163,2,BA.2:1;BE.1.1:1
1152026,BA.2_0.01_abundance_0.15,C10029T;A10126G,ORF1a:T3255I;ORF1a:T3287T,19,50,0.38,183,BA.2.9:1;BA.2:68;BA.1.1:18;BA.5.2.21:14;AY.36.1:1;BA.5.1.30:1;BA.2.65:2;BA.1:2;AY.25.1:3;BA.4.6:3;B.1.617.2:5;BA.1.18:5;AY.122:3;BA.5.3.1:4;BA.1.1.18:1;AY.25:1;BQ.1.1:2;AY.4:24;BA.1.1.1:3;AY.127:1;BA.1.14:1;BA.2.75:2;BA.5.1:1;BA.1.15:2;BA.2.12.1:1;C.37:3;BF.7:3;AY.103:2;AY.85:1;BA.5.2:1;BE.1.1:1;BA.5.2.1:1;AY.125:1;AY.120:1
1152026,BA.2_0.01_abundance_0.15,T10813A;T10960G,ORF1a:L3516L;ORF1a:G3565G,8,699,0.0114449213161659,0,
1152026,BA.2_0.01_abundance_0.15,C11224A;A11359C,ORF1a:V3653V;ORF1a:R3698S,41,87,0.4712643678160919,0,
1152026,BA.2_0.01_abundance_0.15,A13394T;A13660C,ORF1a:K4377*;ORF1b:R65R,50,302,0.1655629139072847,0,
1152026,BA.2_0.01_abundance_0.15,A15612G;C15714T,ORF1b:Q715Q;ORF1b:L749L,216,3112,0.0694087403598971,60,BA.2:8;BF.8:7;BA.5.6:10;BA.2.3:1;BA.5.2:15;BA.5.1:4;BF.7:1;BF.28:1;BA.2.10.1:2;BA.2.12.1:8;BF.3:2;BQ.1:1
1152026,BA.2_0.01_abundance_0.15,A17270G;C17410T,ORF1b:K1268R;ORF1b:R1315C,668,1493,0.4474212993971869,28,BA.5.1:22;BA.2:2;BA.2.12.1:1;BA.5.2.1:1;BA.5.2:1;BA.4.1.6:1
1152026,BA.2_0.01_abundance_0.15,T18158A;A18163G,ORF1b:V1564D;ORF1b:I1566V,124,660,0.1878787878787878,1,BA.2.3.7:1
1152026,BA.2_0.01_abundance_0.15,A21743T;G21987A,S:N61Y;S:G142D,256,1468,0.1743869209809264,9,AY.6:1;BA.1.1:1;BF.7:3;BA.2.36:1;AY.122:1;AY.43:1;AY.121:1
1152026,BA.2_0.01_abundance_0.15,C23358A;A23403G,S:T599K;S:D614G,32,1075,0.0297674418604651,0,
1152026,BA.2_0.01_abundance_0.15,G23517A;T23599G;C23604A,S:G652E;S:N679K;S:P681H,14,85,0.1647058823529411,2,BA.1:1;BA.2.12.1:1
1152026,BA.2_0.01_abundance_0.15,A24424T;C24517A,S:Q954H;S:D985E,15,43,0.3488372093023256,10,BA.1.17.2:2;BA.1.1:2;BA.1.1.18:1;BA.1.17:2;BA.1.1.2:1;BA.1.15:1;BA.1:1
1152026,BA.2_0.01_abundance_0.15,C24831T;C25000T,S:P1090L;S:D1146D,27,1846,0.0146262188515709,12,BA.1.1:3;BA.5.1:1;BA.1:1;BF.27:1;BA.2:2;BA.1.15:1;BA.2.12.1:1;BA.5.2:1;BA.5.2.1:1
1152026,BA.2_0.01_abundance_0.15,T24866C;C25000T,S:W1102R;S:D1146D,564,1847,0.3053600433134813,8,BA.2.9:2;BA.1.18:1;BA.2:3;BA.2.37:1;BA.1:1
1152026,BA.2_0.01_abundance_0.15,T25828A;A25856T,ORF3a:F146I;ORF3a:D155V,5,34,0.1470588235294117,0,
1152026,BA.2_0.01_abundance_0.15,C26060T;G26101T;C26270T,ORF3a:T223I;ORF3a:V237F;E:T9I,691,1361,0.5077149155033064,540,BF.31:1;BA.5.1:2;BF.7:460;BA.5.2.1:8;BA.2.8:1;BA.2.75:1;BA.5.2.20:6;BA.5:2;BA.4.6:1;BA.2.3.13:1;BA.5.2:7;BA.2:17;BA.2.36:10;BQ.1.1.8:1;BF.5:2;BA.4.1:9;BA.2.3:1;BE.1:1;BA.2.10:3;BA.4.5:1;BA.5.1.1:1;BA.2.74:1;BQ.1.12:1;BA.2.12.1:1;BE.1.1:1
1152026,BA.2_0.01_abundance_0.15,C26060T;G26101T,ORF3a:T223I;ORF3a:V237F,273,1890,0.1444444444444444,546,BF.31:1;BA.5.1:2;BF.7:460;BA.5.2.1:8;B.1.2:1;BA.2.8:1;BA.2.75:1;BA.5:2;BA.5.2.20:6;BA.4.6:1;BA.2.3.13:1;BA.5.2:7;BA.2:17;BA.2.36:10;BQ.1.1.8:1;BF.5:2;BA.4.1:9;BA.2.3:1;B.1.617.2:1;BE.1:1;BA.2.10:3;BA.4.5:1;BA.5.1.1:1;BA.2.74:1;BQ.1.12:1;AY.36:3;BA.2.12.1:1;BE.1.1:1;AY.4:1
1152026,BA.2_0.01_abundance_0.15,C26060T;G26101T;A26169C;C26270T,ORF3a:T223I;ORF3a:V237F;ORF3a:V259V;E:T9I,51,1361,0.0374724467303453,0,
1152026,BA.2_0.01_abundance_0.15,C26060T;A26169C;C26270T,ORF3a:T223I;ORF3a:V259V;E:T9I,46,1361,0.0337986774430565,27,BA.2.12.1:3;BF.7.6:9;BA.5.2:14;BA.4.1:1
1152026,BA.2_0.01_abundance_0.15,C26060T;G26101T;A26169C,ORF3a:T223I;ORF3a:V237F;ORF3a:V259V,19,1768,0.0107466063348416,0,
1152026,BA.2_0.01_abundance_0.15,C26577G;A26588T;G26709A;C26858T,M:Q19E;M:L22L;M:A63T;M:F112F,810,2867,0.2825252877572375,45,BA.4.2:16;BA.2:23;BA.2.3.1:1;BA.2.2.1:1;BA.2.12.1:3;BA.4.6:1
1152026,BA.2_0.01_abundance_0.15,C26577G;A26588T;G26709A,M:Q19E;M:L22L;M:A63T,131,3233,0.0405196412001237,79,BA.4.2:16;BA.2:23;BA.5.2.34:5;BA.5.1:5;BA.1.1:3;BA.5.2.1:1;BA.1:8;BQ.1:1;BA.1.15:8;BA.2.3.1:1;BA.2.2.1:1;BA.2.12.1:3;BA.5.2.12:1;BA.5.1.24:1;BA.4.6:1;BA.5.6:1
1152026,BA.2_0.01_abundance_0.15,T29361C;A29510C,N:F363S;N:S413R,12,107,0.1121495327102803,129,BA.2.3:21;BA.5.2.1:10;BA.2.9:8;BA.2:31;BA.5.5.2:1;BF.1:1;BA.5.1:3;BA.2.12.1:2;BA.5.1.22:1;BA.2.9.5:4;BQ.1.1.8:5;BF.5:10;BA.2.54:1;BE.1:1;BE.1.1:3;BA.5.2:13;BA.5.1.17:1;BA.4:1;BA.5.8:1;BA.2.10:1;BE.5:1;BQ.1.1:3;BF.8:1;BA.5.1.23:1;XBB.1:3;BY.1:1
1152026,BA.2_0.01_abundance_0.15,A29510C;C29530T,N:S413R;N:A419A,6,107,0.0560747663551401,1708,BA.5.6:18;BA.5.1.23:5;BF.7:10;BF.26:24;BA.5:14;BA.2:431;XBB.1:1;BQ.1.1.20:122;BE.1.1:4;BA.2.18:5;BA.4.1:8;BA.2.3:15;BA.2.12.1:139;BA.5.1:56;BA.4.7:1;BA.4.2:7;BA.5.1.10:12;BA.4.4:4;BF.5:8;BA.2.65:9;BF.4:1;BA.5.8:2;BA.2.23:5;BA.5.2.23:13;BF.15:1;BA.4:7;BF.20:9;BA.2.9:76;BA.5.3.3:49;BA.5.2:247;BA.2.12:1;BA.5.2.1:133;BA.5.2.9:5;BA.2.52:2;XBB.1.1:2;BA.2.36:2;BA.2.21:1;BA.2.56:2;BF.13:4;BA.2.10:22;BA.5.5:14;XE:6;BA.2.3.12:1;XBB.2:1;BA.2.75:9;BA.2.9.5:24;BQ.1.1:4;BA.5.2.20:17;BA.2.3.15:4;BA.4.6:54;BA.5.3.2:1;BQ.1.23:5;BE.3:5;BA.5.2.25:1;BQ.1.1.22:2;BA.5.3.4:7;BE.4:1;BA.5.2.28:1;BA.5.3.1:2;BQ.1.3:2;BA.5.10.1:1;BA.2.1:1;BQ.1.13:1;BA.5.2.26:3;BA.4.6.4:2;BE.1:4;BF.11:6;BF.21:1;BA.2.4:1;BA.5.2.24:3;BQ.1.1.1:1;CG.1:1;BA.5.1.3:1;BF.10:6;BQ.1.1.4:1;BA.2.5:1;DA.1:4;BA.5.1.25:4;BM.1.1.1:1;BA.2.37:1;BA.5.1.12:1;BA.5.1.22:3;BA.5.1.21:1;BQ.1.1.15:2;BA.2.10.1:3;BA.2.3.1:1;BN.1.3:1;BF.2:1;BA.2.24:1;BA.2.3.2:1;BF.1:1;BA.5.2.27:1;BA.4.6.5:1;BA.2.38:3;BF.28:1;BA.4.6.1:1;BA.5.2.19:1;CM.8:1;BA.5.1.2:1
1222026,BA.2_0.01_abundance_0.15,T670G;G704A,ORF1a:S135R;ORF1a:D147N,33,118,0.2796610169491525,523,BA.2.12.1:29;BA.5.2.1:34;BA.2.9:10;BA.2:161;BA.5.1:91;BA.4.6.5:7;BA.5.6:2;BQ.1.23:1;BA.5.5:24;BA.5.2:33;BA.2.75:4;BA.2.3:7;BE.1.1:9;BA.2.56:1;BA.5.1.3:2;BF.5:3;BA.5.1.12:2;BA.5.2.25:7;BA.5:4;BE.1.1.1:21;BA.4.6:2;BE.3:2;BQ.1:5;BA.5.2.22:1;BA.4:4;BF.7.6:1;BA.5.2.34:3;BQ.1.1.8:1;BQ.1.1.18:1;BA.2.49:1;BQ.1.2:1;BA.2.3.2:2;BA.5.2.19:1;BA.5.1.23:2;BF.7:5;BA.2.75.3:2;BA.5.2.9:1;BA.5.3:1;BA.4.1:1;BA.2.18:13;BA.5.1.24:1;BF.31.1:2;BA.2.10:1;BQ.1.1:5;BA.5.1.22:1;BA.5.1.2:1;BA.5.2.2:1;BE.1:1;BE.1.1.2:2;BK.1:1;BA.2.29:1;BA.2.74:1;XBB.1:2;CK.2:1
1222026,BA.2_0.01_abundance_0.15,T670G;A798T,ORF1a:S135R;ORF1a:N178I,5,98,0.0510204081632653,1,BN.1.1:1
1222026,BA.2_0.01_abundance_0.15,G704A;A798T,ORF1a:D147N;ORF1a:N178I,34,827,0.0411124546553808,0,
1222026,BA.2_0.01_abundance_0.15,T1831G;T1877G,ORF1a:N522K;ORF1a:S538A,71,1344,0.0528273809523809,0,
1222026,BA.2_0.01_abundance_0.15,T3017G;C3037T,ORF1a:S918A;ORF1a:F924F,56,349,0.160458452722063,177,BA.1.1:8;AY.118:1;BA.2:20;BF.25:40;AY.99.2:46;AY.75:3;BA.5.2.1:15;B.1.617.1:6;AY.33:7;AY.23:1;B.1.1.33:1;BA.4.2:1;AY.3:1;BA.1.17:1;AY.4:9;AY.126:1;BA.5.1:1;AY.44:3;BA.2.3:1;B.1:1;BA.2.12.1:1;BA.2.9:1;B.1.2:3;BA.2.75:3;B.1.621:1;AY.4.4:1
1222026,BA.2_0.01_abundance_0.15,T3358C;A3364T,ORF1a:Y1031Y;ORF1a:K1033N,5,128,0.0390625,0,
1222026,BA.2_0.01_abundance_0.15,T3508G;G3644A,ORF1a:N1081K;ORF1a:D1127N,14,125,0.112,0,
1222026,BA.2_0.01_abundance_0.15,G3644A;T3670A,ORF1a:D1127N;ORF1a:Y1135*,5,125,0.04,0,
1222026,BA.2_0.01_abundance_0.15,A4019C;T4031G,ORF1a:N1252H;ORF1a:Y1256D,127,1319,0.0962850644427596,0,
1222026,BA.2_0.01_abundance_0.15,G4184A;A4217T,ORF1a:G1307S;ORF1a:R1318*,24,1312,0.0182926829268292,0,
1222026,BA.2_0.01_abundance_0.15,G4184A;A4217T;C4321T,ORF1a:G1307S;ORF1a:R1318*;ORF1a:A1352A,325,1229,0.2644426362896664,0,
1222026,BA.2_0.01_abundance_0.15,T7836G;G7865C,ORF1a:L2524*;ORF1a:G2534R,45,887,0.0507328072153325,0,
1222026,BA.2_0.01_abundance_0.15,C7843G;G7865C,ORF1a:N2526K;ORF1a:G2534R,26,887,0.0293122886133032,0,
1222026,BA.2_0.01_abundance_0.15,C9534T;T9725G,ORF1a:T3090I;ORF1a:Y3154D,156,2632,0.0592705167173252,0,
1222026,BA.2_0.01_abundance_0.15,G10447A;C10449A;T10526C,ORF1a:R3394R;ORF1a:P3395H;ORF1a:S3421P,1448,1943,0.7452393206381883,0,
1222026,BA.2_0.01_abundance_0.15,G10447A;C10449A;A10508G;T10526C,ORF1a:R3394R;ORF1a:P3395H;ORF1a:I3415V;ORF1a:S3421P,72,1943,0.0370560988162635,0,
1222026,BA.2_0.01_abundance_0.15,G10447A;C10449A;A10508G,ORF1a:R3394R;ORF1a:P3395H;ORF1a:I3415V,24,1943,0.0123520329387545,90,CL.1:22;BE.1.4:1;BA.5.1.2:1;BA.5.1:11;BA.2.36:2;BA.2.75:1;BA.4:2;BA.2.9:2;BA.5.6:2;BE.3:6;BA.5.2.1:2;BA.2.3:7;BA.2:17;BT.2:3;BE.1.1.2:2;BA.2.81:1;BA.2.12.1:3;BA.5.2.9:1;BA.5:2;BF.2:1;BA.2.10:1
1222026,BA.2_0.01_abundance_0.15,A11167C;C11345G,ORF1a:A3634A;ORF1a:L3694V,155,386,0.4015544041450777,0,
1222026,BA.2_0.01_abundance_0.15,A14281G;C14408T,ORF1b:K272E;ORF1b:P314L,80,2910,0.0274914089347079,101,B.1.1.519:2;B.1.1.7:4;B.1.1.33:1;AY.119:8;AY.44:4;AY.4:50;BA.1.1:5;AY.43.8:2;B.1.637:2;AY.26:1;BA.1:1;BA.2:1;AY.4.2:1;BA.2.12.1:6;BA.5.6:1;AY.78:1;BA.5.1.10:2;B.1.2:5;AY.122:2;BA.4.6:1;BF.5:1
1222026,BA.2_0.01_abundance_0.15,C14408T;T14579G,ORF1b:P314L;ORF1b:M371R,8,50,0.16,3,AY.26:1;AY.112:1;BA.1:1
1222026,BA.2_0.01_abundance_0.15,T14579G;A14788C,ORF1b:M371R;ORF1b:I441L,14,193,0.0725388601036269,0,
1222026,BA.2_0.01_abundance_0.15,G14734T;A14788C,ORF1b:G423*;ORF1b:I441L,38,748,0.0508021390374331,0,
1222026,BA.2_0.01_abundance_0.15,A15145T;A15171C,ORF1b:R560*;ORF1b:K568N,8,216,0.037037037037037,0,
1222026,BA.2_0.01_abundance_0.15,C15341A;T15353G,ORF1b:A625D;ORF1b:L629R,494,6836,0.072264482153306,0,
1222026,BA.2_0.01_abundance_0.15,T15620G;C15714T,ORF1b:L718R;ORF1b:L749L,605,3283,0.184282668291197,0,
1222026,BA.2_0.01_abundance_0.15,T17301A;C17410T,ORF1b:Y1278*;ORF1b:R1315C,830,2794,0.2970651395848246,0,
1222026,BA.2_0.01_abundance_0.15,A18147C;A18163G,ORF1b:E1560D;ORF1b:I1566V,321,736,0.4361413043478261,38,BA.5.2.36:1;BF.10:1;BA.2.75:2;BA.1.1:12;BA.5.2:9;BA.5.1:3;BA.2.36:1;BA.4.1.1:1;BA.1:1;BA.1.15:1;BA.1.1.18:1;BA.2.12.1:3;BA.2:2
1222026,BA.2_0.01_abundance_0.15,T18964G;C19264A,ORF1b:C1833G;ORF1b:L1933I,11,154,0.0714285714285714,0,
1222026,BA.2_0.01_abundance_0.15,G20527C;T20605C,ORF1b:V2354L;ORF1b:F2380L,95,1527,0.0622134905042567,0,
1222026,BA.2_0.01_abundance_0.15,T21908A;G21987A,S:S116T;S:G142D,57,504,0.1130952380952381,12,BA.1.1:1;BA.1:6;AY.4:1;BA.2:1;AY.69:1;AY.112:1;AY.44:1
1222026,BA.2_0.01_abundance_0.15,T22200G;A22252G,S:V213G;S:P230P,38,437,0.0869565217391304,55,BA.2.9:7;BA.2:4;BE.1.1:26;BA.5.2.19:1;BA.2.62:1;BA.5.1:2;BA.5.2.1:7;BA.2.10:1;BA.2.12.1:1;BA.5.2:1;BA.4.1:1;BA.5:1;BA.2.12.2:1;BA.5.5:1
1222026,BA.2_0.01_abundance_0.15,T23599G;C23604A;C23744T,S:N679K;S:P681H;S:P728S,34,580,0.0586206896551724,14,BA.1.1:1;BA.2:3;BQ.1.1:2;BA.1:1;BA.1.15:1;BA.2.2:1;BF.7:1;BA.2.38:1;BA.1.19:1;BA.5.3.1:1;BA.2.31:1
1222026,BA.2_0.01_abundance_0.15,A24411T;A24424T,S:D950V;S:Q954H,300,590,0.5084745762711864,4,BA.5.1.5:1;BA.1.20:1;BA.2:1;BA.1:1
1222026,BA.2_0.01_abundance_0.15,A24424T;A24723C,S:Q954H;S:Q1054P,28,39,0.717948717948718,0,
1222026,BA.2_0.01_abundance_0.15,A24723C;C25000T,S:Q1054P;S:D1146D,76,113,0.672566371681416,0,
1222026,BA.2_0.01_abundance_0.15,G25991T;C26270T,ORF3a:C200F;E:T9I,85,176,0.4829545454545454,225,BA.2.12.1:4;BQ.1:21;BA.2:29;BA.1.17.2:2;BA.1.1:16;BF.7.4:3;BA.5.2.20:31;BF.5:1;BA.5.2.1:32;BA.2.75:3;BA.1:19;BA.5.1:7;BA.5.2:32;BA.1.1.18:1;BA.5.1.24:2;BA.1.15:4;BA.1.17:1;BA.5.1.22:2;BA.4.4:1;BQ.1.3:1;BA.2.9:1;BA.2.38.2:1;BA.2.12:1;BA.5.1.30:1;BA.5:1;BA.5.2.3:1;BQ.1.1:1;BA.2.76:1;CK.2:1;BA.1.18:1;BA.2.10:1;BA.5.1.23:2
1222026,BA.2_0.01_abundance_0.15,C28311T;G28376C,N:P13L;N:A35P,35,1279,0.0273651290070367,17,BA.2:3;BA.1.1:4;BA.1.15:1;BA.2.9.5:1;BA.2.12.1:5;BA.5.2.1:2;BA.1:1
1222026,BA.2_0.01_abundance_0.15,C28311T;T28317G,N:P13L;N:I15S,65,1366,0.0475841874084919,4,BA.5.2:1;BA.1.1:2;BA.1:1
1292026,BA.2_0.01_abundance_0.15,A438T;C465A;T670G,ORF1a:K58I;ORF1a:P67H;ORF1a:S135R,137,2735,0.0500914076782449,0,
1292026,BA.2_0.01_abundance_0.15,A438T;C590T;T670G,ORF1a:K58I;ORF1a:P109S;ORF1a:S135R,49,2735,0.0179159049360146,0,
1292026,BA.2_0.01_abundance_0.15,A438T;T670G,ORF1a:K58I;ORF1a:S135R,241,2735,0.0881170018281535,6,BA.2.12.1:1;BA.5.2:3;BA.2:2
1292026,BA.2_0.01_abundance_0.15,C465A;T670G,ORF1a:P67H;ORF1a:S135R,609,2735,0.2226691042047532,47,BA.2.12.1:8;BA.2.9:2;XBB.2:1;BA.2.37:1;BA.5.1:5;BA.5.2.1:1;BA.2:15;BA.2.75:1;BA.5.5:1;BA.2.3.13:1;BF.7:2;BA.5.2:2;BF.5:3;BA.2.3.15:2;BA.4.6:1;BA.2.12:1
1292026,BA.2_0.01_abundance_0.15,C465A;C590T;T670G,ORF1a:P67H;ORF1a:P109S;ORF1a:S135R,79,2735,0.0288848263254113,0,
1292026,BA.2_0.01_abundance_0.15,C590T;T670G,ORF1a:P109S;ORF1a:S135R,199,2738,0.0726807888970051,266,BA.5.2.1:19;BA.2.34:43;BA.2.9:10;BQ.1.2:1;BF.5:4;BA.5.1.22:1;BA.5.2:8;BE.1.1:1;BA.2:98;BA.2.12:2;BA.4.6:2;BA.5.6:1;BA.5.1:5;BA.2.3:6;BF.7:2;BF.1:2;BA.5.5:3;BA.5.1.3:5;BA.5.2.12:1;BA.2.10:4;BA.5.1.1:2;BQ.1.25:1;BQ.1.22:1;BA.2.1:1;BA.5.2.9:1;BF.3:1;BF.26:1;BA.2.12.1:19;BA.2.3.1:1;BF.11:1;BE.1:3;XBC.1:4;BA.5.1.16:2;BE.4.1:1;BA.2.75:1;BQ.1.1:2;BA.2.52:1;BA.5.5.1:1;BA.2.42:1;BA.5.1.18:1;BF.8:1;BA.5.2.30:1
1292026,BA.2_0.01_abundance_0.15,T1822A;G1835C,ORF1a:G519G;ORF1a:G524R,788,2789,0.2825385442811043,0,
1292026,BA.2_0.01_abundance_0.15,A3586G;C3653T,ORF1a:G1107G;ORF1a:L1130F,16,207,0.0772946859903381,0,
1292026,BA.2_0.01_abundance_0.15,G3892T;T3970C,ORF1a:E1209D;ORF1a:C1235C,18,668,0.0269461077844311,0,
1292026,BA.2_0.01_abundance_0.15,C6078G;G6123T,ORF1a:A1938G;ORF1a:R1953I,9,556,0.0161870503597122,0,
1292026,BA.2_0.01_abundance_0.15,T6085C;G6123T,ORF1a:D1940D;ORF1a:R1953I,8,556,0.014388489208633,1,AY.69:1
1292026,BA.2_0.01_abundance_0.15,A7150T;C7355G,ORF1a:L2295F;ORF1a:L2364V,8,173,0.0462427745664739,0,
1292026,BA.2_0.01_abundance_0.15,A7986C;A8113T,ORF1a:Q2574P;ORF1a:A2616A,26,1270,0.0204724409448818,0,
1292026,BA.2_0.01_abundance_0.15,C8055G;A8113T,ORF1a:T2597R;ORF1a:A2616A,179,1300,0.1376923076923077,0,
1292026,BA.2_0.01_abundance_0.15,T9340A;C9344T;A9424G;C9534T,ORF1a:N3025K;ORF1a:L3027F;ORF1a:V3053V;ORF1a:T3090I,19,54,0.3518518518518518,0,
1292026,BA.2_0.01_abundance_0.15,T9340A;C9344T;A9424G;T9459G;C9534T,ORF1a:N3025K;ORF1a:L3027F;ORF1a:V3053V;ORF1a:M3065R;ORF1a:T3090I,6,54,0.1111111111111111,0,
1292026,BA.2_0.01_abundance_0.15,A12264G;A12293T;A12298C,ORF1a:K4000R;ORF1a:T4010S;ORF1a:Q4011H,8,337,0.0237388724035608,0,
1292026,BA.2_0.01_abundance_0.15,A12800T;C12880T,ORF1a:R4179W;ORF1a:I4205I,346,1382,0.2503617945007236,0,
1292026,BA.2_0.01_abundance_0.15,T15922G;A15923G,ORF1b:Y819D;ORF1b:Y819C,71,2002,0.0354645354645354,0,
1292026,BA.2_0.01_abundance_0.15,G16228C;A16454C,ORF1b:V921L;ORF1b:K996T,5,19,0.2631578947368421,0,
1292026,BA.2_0.01_abundance_0.15,A16454C;T16590A,ORF1b:K996T;ORF1b:G1041G,7,44,0.1590909090909091,0,
1292026,BA.2_0.01_abundance_0.15,A17295C;C17410T,ORF1b:E1276D;ORF1b:R1315C,517,1771,0.2919254658385093,0,
1292026,BA.2_0.01_abundance_0.15,C17410T;A17636G,ORF1b:R1315C;ORF1b:K1390R,197,438,0.4497716894977169,42,BA.2.9:2;BA.2:7;BF.15:6;BA.5.2.1:2;BF.28:8;BA.5.2.18:2;BF.7:6;BA.2.12.1:8;BA.5.1:1
1292026,BA.2_0.01_abundance_0.15,A18015T;A18163G,ORF1b:P1516P;ORF1b:I1566V,20,83,0.2409638554216867,2,BA.1:1;BA.5.1:1
1292026,BA.2_0.01_abundance_0.15,C19019T;A19249C,ORF1b:P1851L;ORF1b:R1928R,14,172,0.0813953488372093,0,
1292026,BA.2_0.01_abundance_0.15,G21785A;G21987A,S:G75S;S:G142D,78,1091,0.071494042163153,859,BA.2.12.1:76;AY.3:20;BA.4.1:6;BF.7:21;AY.122:78;BA.5:16;BA.2:170;AY.25.1:4;BA.2.24:30;AY.75:1;BA.2.75:4;AY.69:2;BA.4.4:4;BA.5.6:4;BA.5.1:170;AY.98:6;BA.5.2.35:1;BA.2.10:8;BA.4.6:18;AY.46.6:7;BA.5.1.23:2;BE.1:3;BA.5.2:17;AY.4:9;BA.5.2.1:9;AY.103:13;B.1.617.2:7;AY.129:1;AY.43:7;AY.4.2:72;BF.10:2;BA.5.5:10;BA.5.2.9:2;AY.70:6;AY.39:4;BA.2.3:2;AY.59:1;AY.125:1;AY.44:3;BE.1.1:1;AY.43.3:1;BF.5:2;DL.1:1;AY.104:1;BA.5.2.2:1;BA.4.6.4:1;AY.4.8:1;AY.26:2;AY.100:1;AY.6:1;AY.126:2;BQ.1.1:3;AY.9:6;BA.5.2.34:1;BA.2.2:1;BA.5.1.25:2;AY.25:2;BF.7.4.1:2;BA.2.3.20:1;BA.4:1;BA.5.2.44:1;BA.5.2.10:1;BA.2.3.2:2;BA.5.1.22:2;AY.27:1;AY.46:1
1292026,BA.2_0.01_abundance_0.15,C22096G;T22200G,S:D178E;S:V213G,7,194,0.0360824742268041,0,
1292026,BA.2_0.01_abundance_0.15,C22096G;T22200G;A22294G,S:D178E;S:V213G;S:L244L,10,174,0.057471264367816,0,
1292026,BA.2_0.01_abundance_0.15,T22200G;A22294G,S:V213G;S:L244L,81,174,0.4655172413793103,63,BF.21:1;BA.5.2.1:17;BE.3:1;BA.2.9:11;BA.5.1:1;BA.4.1:4;BA.2:21;BF.10:1;BA.2.36:1;BA.2.12.1:3;BQ.1.1:1;BA.2.10:1
1292026,BA.2_0.01_abundance_0.15,T22200G;G22217T;A22294G,S:V213G;S:G219C;S:L244L,24,174,0.1379310344827586,0,
1292026,BA.2_0.01_abundance_0.15,T22200G;G22217T,S:V213G;S:G219C,13,187,0.0695187165775401,7,BA.5.2:1;BQ.1:1;BA.5.3.1:1;BF.26:1;BQ.1.3:1;BQ.1.5:1;B.1.1.529:1
1292026,BA.2_0.01_abundance_0.15,A23181T;A23403G,S:N540I;S:D614G,2260,3906,0.5785970302099335,24,AY.29:4;BA.1.1:1;AY.4:1;BA.5.1:1;AY.25.1:2;B.1.2:1;BA.2.36:1;AY.122:3;B.1.36:2;BA.5.2.34:1;BA.1.15:1;AY.43:3;AY.117:1;AY.103:2
1292026,BA.2_0.01_abundance_0.15,G24356C;A24424T,S:G932R;S:Q954H,26,99,0.2626262626262626,65,BA.5.1:21;BA.1.1:6;BA.2:20;BA.5.2:3;BF.5:1;BA.5:1;BA.5.5:3;BA.1.17.2:1;BA.5.6:3;BE.1.1:1;BF.7:2;BF.10:1;BA.1.15:1;BA.5.2.1:1
1292026,BA.2_0.01_abundance_0.15,A24424T;G24659T,S:Q954H;S:V1033L,65,150,0.4333333333333333,1,BA.2:1
1292026,BA.2_0.01_abundance_0.15,C26270T;T26285C,E:T9I;E:V14A,41,85,0.4823529411764706,9,BA.1.1:4;BA.5.2.4:1;BA.1:1;BA.2.3.1:1;BA.2:1;BQ.1.12:1
1292026,BA.2_0.01_abundance_0.15,C26577G;T26655C;G26709A;C26858T,M:Q19E;M:F45L;M:A63T;M:F112F,1086,2312,0.4697231833910034,15,BA.2.24:6;BA.2:7;BA.4:1;BA.4.1:1
1292026,BA.2_0.01_abundance_0.15,C26577G;T26655C;G26709A,M:Q19E;M:F45L;M:A63T,182,2626,0.0693069306930693,27,BA.1.1:7;BA.2.24:6;BA.2:7;BA.5.2.1:3;BA.4:1;BA.5.2.6:1;BA.1.18:1;BA.4.1:1
1292026,BA.2_0.01_abundance_0.15,C26577G;T26655C;G26709A;T26813G;C26858T,M:Q19E;M:F45L;M:A63T;M:I97M;M:F112F,307,2312,0.1327854671280277,0,
1292026,BA.2_0.01_abundance_0.15,C26577G;G26709A;T26813G;C26858T,M:Q19E;M:A63T;M:I97M;M:F112F,206,2312,0.0891003460207612,4,BA.2:2;BA.2.3:1;BA.2.12.1:1
1292026,BA.2_0.01_abundance_0.15,T27227A;G27382C;A27383T;T27384C,ORF6:V9D;ORF6:D61H;ORF6:D61V;ORF6:D61D,77,1930,0.0398963730569948,0,
1292026,BA.2_0.01_abundance_0.15,A28741T;G28881A;G28882A;G28883C,N:A156A;N:R203K;N:R203R;N:G204R,19,1558,0.0121951219512195,361,B.1.1.306:2;B.1.1.7:66;BA.5.2.1:36;BA.2:50;BA.5.6:2;BA.2.9:13;BA.1.1.1:15;BA.4.6:4;BA.1.1:33;BA.2.75.5:1;BA.1.15:3;BA.1:6;BA.2.5:1;BQ.1.1.28:2;BA.2.3.12:1;BA.5.2.13:3;BA.5.2.21:2;BE.1.1:10;BQ.1.1.4:5;BA.1.1.7:1;BQ.1.1:3;C.1.2:24;BA.5.2.4:2;BA.1.1.18:2;BE.5:2;B.1.1.519:1;BA.1.1.15:7;BQ.1:2;BE.1.3:1;BQ.1.5:3;B.1.1:1;C.37:4;BA.5.1:4;BA.5.1.6:1;BQ.1.1.22:1;BA.2.65:1;BA.5.2:8;BA.4:1;BA.1.17:1;BF.27:1;BA.4.1:4;BA.5.1.27:1;BA.1.1.13:1;BA.2.10:2;BA.1.17.2:4;BA.2.3:4;B.1.1.302:1;P.1:1;BA.2.12.1:8;BA.1.1.14:1;BA.1.1.8:1;BQ.1.1.26:1;BA.2.9.5:1;BE.9:1;BQ.1.3:1;P.1.14:1;C.36:1;BA.2.37:1
1292026,BA.2_0.01_abundance_0.15,A28741T;G28881A;G28882A;G28883C;G28917C,N:A156A;N:R203K;N:R203R;N:G204R;N:G215A,52,1558,0.0333761232349165,0,
1292026,BA.2_0.01_abundance_0.15,G28842A;G28881A;G28882A;G28883C;G28917C,N:S190N;N:R203K;N:R203R;N:G204R;N:G215A,51,1559,0.0327132777421424,0,
1292026,BA.2_0.01_abundance_0.15,G28881A;G28882A;G28883C;G28917C,N:R203K;N:R203R;N:G204R;N:G215A,1027,1559,0.6587556125721616,60,P.1:25;BA.2:13;BA.5.2.2:3;B.1.1.7:5;BA.2.13:1;BA.2.41:8;BA.1:1;BA.5:1;BA.1.1:2;BA.2.75.2:1
2052026,BA.2_0.01_abundance_0.15,G419C;T670G,ORF1a:G52R;ORF1a:S135R,340,2026,0.1678183613030602,3,BA.5.2.20:1;BA.5.1:1;BA.2:1
2052026,BA.2_0.01_abundance_0.15,T670G;T772G,ORF1a:S135R;ORF1a:V169V,17,176,0.096590909090909,0,
2052026,BA.2_0.01_abundance_0.15,T670G;T711C,ORF1a:S135R;ORF1a:L149P,6,176,0.034090909090909,74,BA.2.12.1:1;BF.7:3;BA.5.2:4;BA.2:35;BA.2.9:2;BA.5.2.1:5;BA.5.1:6;BF.10:3;BF.5:2;BA.2.75:1;BA.5.2.6:1;BQ.1.1.15:1;BF.1:1;BA.5.2.24:1;BQ.1.14:2;BF.8:4;BQ.1.23:1;BA.2.3:1
2052026,BA.2_0.01_abundance_0.15,T1040A;A1071G;A1132T,ORF1a:L259M;ORF1a:E269G;ORF1a:E289D,23,1093,0.021043000914913,0,
2052026,BA.2_0.01_abundance_0.15,A1049T;T1066A,ORF1a:K262*;ORF1a:N267K,14,1093,0.0128087831655992,0,
2052026,BA.2_0.01_abundance_0.15,A1049T;C1057A,ORF1a:K262*;ORF1a:D264E,12,1093,0.010978956999085,0,
2052026,BA.2_0.01_abundance_0.15,C1057A;T1066A,ORF1a:D264E;ORF1a:N267K,32,1093,0.0292772186642269,0,
2052026,BA.2_0.01_abundance_0.15,T1066A;C1221A,ORF1a:N267K;ORF1a:T319N,14,1023,0.0136852394916911,0,
2052026,BA.2_0.01_abundance_0.15,C2790T;T2856A,ORF1a:T842I;ORF1a:L864H,7,34,0.2058823529411764,57,BA.2.1:1;BA.5:1;BA.2:7;BA.5.1:38;BA.2.75:2;BA.5.2.20:1;BA.5.2:4;BA.2.65:1;BA.5.2.1:1;BA.2.10:1
2052026,BA.2_0.01_abundance_0.15,T2856A;C3037T,ORF1a:L864H;ORF1a:F924F,14,94,0.1489361702127659,80,BA.2.1:1;BA.5:1;BA.2:7;BA.5.1:38;BA.2.75:2;BA.5.2.20:1;BA.1.1:1;AY.46:1;B.1.1.7:11;AY.3:1;AY.4:2;BA.5.2:4;AY.117:7;BA.2.65:1;BA.5.2.1:1;BA.2.10:1
2052026,BA.2_0.01_abundance_0.15,T2935G;C3037T,ORF1a:L890L;ORF1a:F924F,9,524,0.0171755725190839,12,AY.3:1;BA.1.1:2;AY.103:8;B.1.617.2:1
2052026,BA.2_0.01_abundance_0.15,C3037T;C3131A,ORF1a:F924F;ORF1a:Q956K,18,490,0.036734693877551,260,AY.5:10;B.1.1.7:13;BA.2.38:1;AY.34:1;AY.120:1;BA.2:7;AY.121:54;BA.5.2.1:2;B.1.160:1;BA.5.2:2;BA.2.37:1;AY.74:140;AY.6:1;B.1.2:2;BA.5:1;AY.44:2;B.1.1:2;AY.27:1;B.1.617.2:1;AY.102:2;BQ.1.1.18:1;AY.39:1;B.1.177.16:4;BA.2.3.2:1;AY.100:1;AY.103:2;BA.1.20:1;B.1.427:1;BA.1.1:1;AY.23:1;B.1:1
2052026,BA.2_0.01_abundance_0.15,G6532T;C6701A,ORF1a:E2089D;ORF1a:L2146I,452,1029,0.4392614188532556,0,
2052026,BA.2_0.01_abundance_0.15,G7230C;T7266G,ORF1a:G2322A;ORF1a:F2334C,28,90,0.3111111111111111,0,
2052026,BA.2_0.01_abundance_0.15,A8012T;T8119G;G8189T,ORF1a:S2583C;ORF1a:A2618A;ORF1a:V2642F,22,1040,0.0211538461538461,0,
2052026,BA.2_0.01_abundance_0.15,G8428A;G8591A,ORF1a:L2721L;ORF1a:V2776I,29,311,0.0932475884244373,1,B.1.2:1
2052026,BA.2_0.01_abundance_0.15,A9301G;C9308A;C9344T;A9350T;G9355C;T9385C;A9424G;T9478A;C9534T,ORF1a:R3012R;ORF1a:P3015T;ORF1a:L3027F;ORF1a:N3029Y;ORF1a:M3030I;ORF1a:A3040A;ORF1a:V3053V;ORF1a:F3071L;ORF1a:T3090I,19,750,0.0253333333333333,0,
2052026,BA.2_0.01_abundance_0.15,G10835A;T11040A,ORF1a:V3524I;ORF1a:L3592*,6,147,0.0408163265306122,0,
2052026,BA.2_0.01_abundance_0.15,T11186G;A11206G,ORF1a:L3641V;ORF1a:V3647V,24,1323,0.0181405895691609,0,
2052026,BA.2_0.01_abundance_0.15,A11995C;A12026C,ORF1a:K3910N;ORF1a:M3921L,136,701,0.1940085592011412,0,
2052026,BA.2_0.01_abundance_0.15,A11995C;C12144T,ORF1a:K3910N;ORF1a:A3960V,7,656,0.010670731707317,0,
2052026,BA.2_0.01_abundance_0.15,A11995C;T12000G,ORF1a:K3910N;ORF1a:V3912G,8,701,0.0114122681883024,0,
2052026,BA.2_0.01_abundance_0.15,C12144T;T12365A,ORF1a:A3960V;ORF1a:F4034I,9,481,0.0187110187110187,0,
2052026,BA.2_0.01_abundance_0.15,G14294C;C14408T,ORF1b:R276P;ORF1b:P314L,20,208,0.0961538461538461,0,
2052026,BA.2_0.01_abundance_0.15,G14294C;C14408T;G14464C,ORF1b:R276P;ORF1b:P314L;ORF1b:V333L,21,192,0.109375,0,
2052026,BA.2_0.01_abundance_0.15,G14294C;A14306T;C14408T;G14464C,ORF1b:R276P;ORF1b:Y280F;ORF1b:P314L;ORF1b:V333L,6,192,0.03125,0,
2052026,BA.2_0.01_abundance_0.15,A14306T;C14408T,ORF1b:Y280F;ORF1b:P314L,19,208,0.0913461538461538,31,B.1.1.7:25;BA.1.15:1;B.1.2:1;AY.127:3;BA.2.3.14:1
2052026,BA.2_0.01_abundance_0.15,A14306T;C14408T;G14464C,ORF1b:Y280F;ORF1b:P314L;ORF1b:V333L,16,192,0.0833333333333333,0,
2052026,BA.2_0.01_abundance_0.15,C14408T;G14464C,ORF1b:P314L;ORF1b:V333L,64,192,0.3333333333333333,17,B.1.1.7:2;B.1.177:1;B.1.2:2;BA.1.1:6;AY.3:4;AY.25:1;AY.68:1
2052026,BA.2_0.01_abundance_0.15,C15194G;G15502A,ORF1b:A576G;ORF1b:A679T,29,98,0.2959183673469387,0,
2052026,BA.2_0.01_abundance_0.15,C15194G;A15224T;G15502A,ORF1b:A576G;ORF1b:Y586F;ORF1b:A679T,8,98,0.0816326530612244,0,
2052026,BA.2_0.01_abundance_0.15,C15194G;A15224T,ORF1b:A576G;ORF1b:Y586F,10,110,0.0909090909090909,0,
2052026,BA.2_0.01_abundance_0.15,A15224T;G15502A,ORF1b:Y586F;ORF1b:A679T,167,1713,0.0974897840046701,0,
2052026,BA.2_0.01_abundance_0.15,A15553G;C15714T;G15846T,ORF1b:N696D;ORF1b:L749L;ORF1b:E793D,72,2357,0.0305473058973271,0,
2052026,BA.2_0.01_abundance_0.15,A15553G;C15714T,ORF1b:N696D;ORF1b:L749L,640,5020,0.1274900398406374,220,BA.5.2.1:24;BA.2.9:17;BA.2:67;BA.5.1:10;BA.5.2.20:2;BA.5.2:55;BA.5.3.1:1;BE.1.1:4;BA.5.2.6:9;BF.26:1;BA.5.5:4;BA.4.6:4;BF.4:4;BF.27:2;BA.5.1.3:1;BQ.1.2:1;BA.5:1;BA.2.3:2;BA.2.12.1:6;BE.1.1.2:1;BA.5.2.31:1;BA.2.20:1;BA.2.32:1;BA.2.10:1
2052026,BA.2_0.01_abundance_0.15,A15553G;G15602C;C15714T,ORF1b:N696D;ORF1b:R712P;ORF1b:L749L,438,5020,0.0872509960159362,0,
2052026,BA.2_0.01_abundance_0.15,A15553G;G15602C;C15714T;G15846T,ORF1b:N696D;ORF1b:R712P;ORF1b:L749L;ORF1b:E793D,53,2357,0.0224862112855324,0,
2052026,BA.2_0.01_abundance_0.15,G15602C;C15714T,ORF1b:R712P;ORF1b:L749L,1558,5020,0.3103585657370518,1,BF.5:1
2052026,BA.2_0.01_abundance_0.15,G15602C;C15714T;G15846T,ORF1b:R712P;ORF1b:L749L;ORF1b:E793D,162,2357,0.068731438268986,0,
2052026,BA.2_0.01_abundance_0.15,C15714T;G15846T,ORF1b:L749L;ORF1b:E793D,196,2357,0.0831565549427238,61,BA.2:10;BA.5.1:6;BA.2.5:3;BA.5.2.1:6;BF.5:9;BA.5.2:2;BA.5.1.1:7;XE:1;BA.2.9:4;BA.2.12.1:9;BA.5.5:1;BA.5.1.23:1;BA.5:1;BA.4.6:1
2052026,BA.2_0.01_abundance_0.15,C16523G;C16760T,ORF1b:T1019R;ORF1b:P1098L,32,350,0.0914285714285714,0,
2052026,BA.2_0.01_abundance_0.15,A16803G;C16919G,ORF1b:K1112K;ORF1b:T1151R,44,2348,0.0187393526405451,0,
2052026,BA.2_0.01_abundance_0.15,A16803G;T16958A,ORF1b:K1112K;ORF1b:V1164E,42,2348,0.0178875638841567,0,
2052026,BA.2_0.01_abundance_0.15,C16919G;T16958A,ORF1b:T1151R;ORF1b:V1164E,159,2353,0.0675733106672333,0,
2052026,BA.2_0.01_abundance_0.15,C17410T;A17656C,ORF1b:R1315C;ORF1b:M1397L,103,352,0.2926136363636363,0,
2052026,BA.2_0.01_abundance_0.15,C17410T;T17433A,ORF1b:R1315C;ORF1b:I1322I,48,369,0.1300813008130081,167,BA.2.12.1:14;BA.2.9:1;BA.2:47;BA.5.1:9;BQ.1.1.1:1;BA.5.2.1:2;BA.4.6:14;BA.5.2:13;BA.2.10:8;BQ.1.1:4;BA.2.36:1;BA.2.65:1;BE.1.1.2:32;BA.5.2.9:4;BF.21:1;BA.2.3:1;BA.5.2.18:1;BA.2.76:1;BA.5.6:1;BE.1:1;BA.5.2.34:3;BA.2.18:1;BF.7.5:1;BA.2.32:1;BW.1:1;BF.1:1;BA.2.8:2
2052026,BA.2_0.01_abundance_0.15,C17410T;T17433A;A17656C,ORF1b:R1315C;ORF1b:I1322I;ORF1b:M1397L,25,352,0.0710227272727272,0,
2052026,BA.2_0.01_abundance_0.15,T17433A;A17656C,ORF1b:I1322I;ORF1b:M1397L,169,2889,0.0584977500865351,0,
2052026,BA.2_0.01_abundance_0.15,A18093T;C18120A;A18163G,ORF1b:L1542F;ORF1b:L1551L;ORF1b:I1566V,8,369,0.021680216802168,0,
2052026,BA.2_0.01_abundance_0.15,T18715A;C18728G,ORF1b:C1750S;ORF1b:S1754C,131,2992,0.043783422459893,0,
2052026,BA.2_0.01_abundance_0.15,A19661T;T19704C,ORF1b:H2065L;ORF1b:N2079N,6,215,0.027906976744186,0,
2052026,BA.2_0.01_abundance_0.15,C21161T;T21226C,ORF1b:A2565V;ORF1b:W2587R,7,303,0.0231023102310231,0,
2052026,BA.2_0.01_abundance_0.15,T22882G;G22992A;C22995A;A23013C;A23040G;G23136T,S:N440K;S:S477N;S:T478K;S:E484A;S:Q493R;S:C525F,9,91,0.0989010989010989,2,BA.1.1.18:1;BA.2:1
2052026,BA.2_0.01_abundance_0.15,T22882G;C22949G;G22992A;C22995A;A23013C;A23040G,S:N440K;S:P463A;S:S477N;S:T478K;S:E484A;S:Q493R,6,93,0.064516129032258,2,BA.1.1:1;BA.2.2:1
2052026,BA.2_0.01_abundance_0.15,G23561A;T23599G;C23604A,S:G667S;S:N679K;S:P681H,5,64,0.078125,40,BA.5.5:1;BF.10:2;BA.1.1:8;BA.1.1.15:1;BA.5.2.1:2;BA.1:7;BA.1.15.1:2;BA.5.2:1;BQ.1.2:1;BA.5:1;BA.2.12.1:1;BE.1:2;BA.5.2.9:1;BA.1.1.1:1;BA.1.18:3;BA.2.9:1;BA.1.15:1;BF.7:1;BA.5.2.20:1;BA.5.1:1;BA.1.1.18:1
2052026,BA.2_0.01_abundance_0.15,G23564C;T23599G;C23604A,S:A668P;S:N679K;S:P681H,18,64,0.28125,0,
2052026,BA.2_0.01_abundance_0.15,T23927G;G23948T,S:Y789D;S:D796Y,8,107,0.0747663551401869,0,
2052026,BA.2_0.01_abundance_0.15,G24193A;A24424T,S:L877L;S:Q954H,60,465,0.1290322580645161,773,BA.2.3:114;BA.2.75:11;BA.5.2.1:16;BA.2:266;BF.10:1;BA.1.1:173;BA.1:16;BA.2.56:2;BA.5.1.10:28;BA.5.5:13;BA.2.12:1;BA.2.12.2:1;BA.5.2.22:2;BA.5.2:15;BF.1:1;BA.2.9:3;BA.1.15:6;BM.1.1.3:1;BQ.1.1.24:1;BA.1.1.14:1;BA.5.1:8;BQ.1.1:4;BA.2.75.1:1;BA.1.1.18:2;BA.1.18:1;BA.1.1.2:1;BF.27:8;BA.4:1;BF.7:13;BA.4.1.2:1;BF.5:12;BE.1.1:2;BA.4.6:3;BA.2.10:2;BA.1.1.1:2;BA.4.1:2;BA.1.20:1;BA.2.65:1;BA.5:2;BS.1.1:1;BE.1:4;BA.2.12.1:11;XBB.1:1;BA.2.23:2;BA.1.17.2:1;BA.2.3.17:1;BF.7.3:1;BA.2.14:1;BA.5.6:2;BA.1.15.1:1;BA.5.1.2:1;BA.1.1.10:1;BQ.1.1.11:2;BA.5.1.17:2;BA.4.4:1;BA.2.3.13:1
2052026,BA.2_0.01_abundance_0.15,G24193A;T24278C;A24424T,S:L877L;S:F906L;S:Q954H,26,465,0.0559139784946236,0,
2052026,BA.2_0.01_abundance_0.15,G24193A;T24278C,S:L877L;S:F906L,9,717,0.0125523012552301,0,
2052026,BA.2_0.01_abundance_0.15,T24278C;A24424T,S:F906L;S:Q954H,81,465,0.1741935483870967,12,BA.5.2.1:1;BA.1.1:2;BA.2.9:1;BA.2:3;BA.1:2;BA.5.2:1;BF.7:1;BA.2.3:1
2052026,BA.2_0.01_abundance_0.15,A24424T;G24473C,S:Q954H;S:G971R,16,43,0.3720930232558139,1,BA.2:1
2052026,BA.2_0.01_abundance_0.15,A24424T;G24473C;C24636G,S:Q954H;S:G971R;S:A1025G,6,40,0.15,0,
2052026,BA.2_0.01_abundance_0.15,A24424T;C24636G,S:Q954H;S:A1025G,6,40,0.15,1,BA.1.1.1:1
2052026,BA.2_0.01_abundance_0.15,G24473C;C24636G,S:G971R;S:A1025G,16,146,0.1095890410958904,0,
2052026,BA.2_0.01_abundance_0.15,C24789G;C25000T,S:T1076R;S:D1146D,51,2423,0.0210482872472141,2,BA.1.1.18:1;BA.5.2.1:1
2052026,BA.2_0.01_abundance_0.15,C25544T;C25584T,ORF3a:A51V;ORF3a:T64T,46,1174,0.0391822827938671,597,BA.1.1.18:2;BA.1.1:34;BA.1:8;BA.2:55;BE.1.1:91;BA.5.2.11:1;BF.2:2;BA.5:3;BA.2.75:18;BA.4.7:229;BA.4:4;BA.1.17.2:8;BF.25:1;BQ.1.1.1:4;BA.5.2:29;BA.2.9:30;BA.2.12.1:5;BF.10:1;BA.5.5:7;BA.5.1.22:1;BA.1.20:2;BA.2.26:1;BA.5.2.1:6;BQ.1.1:2;BQ.1.1.22:5;BA.5.1.23:2;BA.5.1:2;BQ.1.2:2;CK.2.1.1:1;BA.1.15:3;BF.26:4;BA.2.3:1;BA.5.2.22:5;CH.1.1:5;BA.5.6:2;BA.1.18:3;BA.5.1.3:1;BA.2.17:1;BA.1.17:5;BA.2.66:1;BA.1.1.1:1;BA.2.65:1;BF.7.4:1;XBB.1.5:1;BA.2.3.20:1;BA.2.10.1:1;BA.5.2.20:1;BQ.1.1.6:1;BF.18:1;BA.4.4:1
2052026,BA.2_0.01_abundance_0.15,C25544T;C25584T;T25586G,ORF3a:A51V;ORF3a:T64T;ORF3a:L65R,41,1174,0.034923339011925,0,
2052026,BA.2_0.01_abundance_0.15,C25584T;T25586G,ORF3a:T64T;ORF3a:L65R,466,1174,0.3969335604770017,120,BA.5.2.32:10;BA.5.2:82;BA.1.1:5;BE.1.1:2;BA.2:5;BA.5.2.1:4;BF.7.4.1:3;BA.5.1:1;BA.1.1.18:3;CN.1:1;BA.1.17.2:2;BA.5.2.27:1;BA.2.12.1:1
2052026,BA.2_0.01_abundance_0.15,C26124A;C26270T,ORF3a:V244V;E:T9I,9,121,0.0743801652892562,66,BA.1.1:4;BA.5.2.20:22;BA.2.9.3:9;BA.1.21.1:2;BA.5.2:12;BA.2:5;BA.5.1:1;BA.2.9.5:1;BA.1:2;XBB.3:1;BA.5.2.1:3;BA.1.15:1;BQ.1.1:1;BA.2.12.1:1;BA.4.5:1
2052026,BA.2_0.01_abundance_0.15,C26270T;A26281G,E:T9I;E:I13V,21,289,0.0726643598615917,90,BA.1.14.1:1;BA.2:44;BA.2.38:1;BA.1.1:13;BF.22:1;BC.1:1;BQ.1.1:1;BA.1.15:6;BA.5.2:1;BA.1:3;BA.2.10:1;BA.5.5.1:2;BA.1.1.2:2;BA.2.9:1;BA.5.1:1;BA.5.3:1;BF.13:1;BA.5.6:4;BA.1.17:1;BA.1.1.16:1;BA.5.2.9:1;XBB.1:1;BA.2.12.1:1
2052026,BA.2_0.01_abundance_0.15,C26270T;T26331G,E:T9I;E:V29V,7,266,0.0263157894736842,2,BA.2:2
2052026,BA.2_0.01_abundance_0.15,C26270T;A26432T,E:T9I;E:K63I,6,266,0.0225563909774436,4,BA.1.1:1;BA.1.1.2:3
2052026,BA.2_0.01_abundance_0.15,C26577G;T26617C;G26709A;C26858T,M:Q19E;M:I32T;M:A63T;M:F112F,193,3070,0.0628664495114006,3,BA.2:2;BA.2.38:1
2052026,BA.2_0.01_abundance_0.15,A27250G;A27259C;G27382C;A27383T;T27384C,ORF6:I17V;ORF6:R20R;ORF6:D61H;ORF6:D61V;ORF6:D61D,205,1699,0.1206592113007651,23,BA.2.9:6;BA.2:14;BA.2.3:1;BA.2.12.1:2
2052026,BA.2_0.01_abundance_0.15,T28226C;C28311T;T28323A,ORF8:Y111Y;N:P13L;N:F17Y,32,1555,0.0205787781350482,0,
2122026,BA.2_0.01_abundance_0.15,G386T;T661C;T670G,ORF1a:E41*;ORF1a:G132G;ORF1a:S135R,88,4086,0.0215369554576603,0,
2122026,BA.2_0.01_abundance_0.15,T637A;T670G,ORF1a:R124R;ORF1a:S135R,876,4089,0.2142333088774761,2,BQ.1.5:2
2122026,BA.2_0.01_abundance_0.15,T670G;T867A;T889C;G984T,ORF1a:S135R;ORF1a:I201N;ORF1a:A208A;ORF1a:W240L,8,260,0.0307692307692307,0,
2122026,BA.2_0.01_abundance_0.15,T670G;A915T,ORF1a:S135R;ORF1a:E217V,18,337,0.0534124629080118,20,BA.2:15;BA.5.2:1;BA.2.12.1:1;BF.1:2;BA.5:1
2122026,BA.2_0.01_abundance_0.15,T867A;T889C;G984T,ORF1a:I201N;ORF1a:A208A;ORF1a:W240L,58,2233,0.0259740259740259,0,
2122026,BA.2_0.01_abundance_0.15,T1040A;A1071G;A1132T;G984T,ORF1a:L259M;ORF1a:E269G;ORF1a:E289D;ORF1a:W240L,20,1110,0.018018018018018,0,
2122026,BA.2_0.01_abundance_0.15,A1065T;G1210T,ORF1a:N267I;ORF1a:M315I,16,1289,0.0124127230411171,0,
2122026,BA.2_0.01_abundance_0.15,G2235C;T2364C,ORF1a:C657S;ORF1a:L700P,50,1668,0.0299760191846522,0,
2122026,BA.2_0.01_abundance_0.15,G3185C;T3367A,ORF1a:E974Q;ORF1a:L1034L,16,1294,0.0123647604327666,0,
2122026,BA.2_0.01_abundance_0.15,G5642C;T5707G;A5906C,ORF1a:A1793P;ORF1a:Y1814*;ORF1a:T1881P,8,355,0.0225352112676056,0,
2122026,BA.2_0.01_abundance_0.15,A6331G;G6362A;C6408T;A6466T,ORF1a:S2022S;ORF1a:A2033T;ORF1a:S2048F;ORF1a:K2067N,26,654,0.0397553516819571,0,
2122026,BA.2_0.01_abundance_0.15,A6659C;T6700G;A6707T;C6723T,ORF1a:S2132R;ORF1a:F2145L;ORF1a:K2148*;ORF1a:T2153I,11,258,0.0426356589147286,0,
2122026,BA.2_0.01_abundance_0.15,A8012T;T8119G;A8181G;G8189T,ORF1a:S2583C;ORF1a:A2618A;ORF1a:Q2639R;ORF1a:V2642F,6,553,0.0108499095840868,0,
2122026,BA.2_0.01_abundance_0.15,T8164A;A8181G,ORF1a:F2633L;ORF1a:Q2639R,27,589,0.0458404074702886,0,
2122026,BA.2_0.01_abundance_0.15,A8181G;A8199C,ORF1a:Q2639R;ORF1a:D2645A,52,553,0.0940325497287522,0,
2122026,BA.2_0.01_abundance_0.15,A8181G;A8231G,ORF1a:Q2639R;ORF1a:K2656E,12,553,0.0216998191681736,0,
2122026,BA.2_0.01_abundance_0.15,C8326G;G8393T,ORF1a:D2687E;ORF1a:A2710S,21,804,0.0261194029850746,0,
2122026,BA.2_0.01_abundance_0.15,C8327T;A8364C;T8402C,ORF1a:L2688F;ORF1a:N2700T;ORF1a:W2713R,12,804,0.0149253731343283,0,
2122026,BA.2_0.01_abundance_0.15,C8327T;A8364C;G8393T;T8402C,ORF1a:L2688F;ORF1a:N2700T;ORF1a:A2710S;ORF1a:W2713R,10,804,0.0124378109452736,0,
2122026,BA.2_0.01_abundance_0.15,A8699T;T8886C,ORF1a:I2812F;ORF1a:L2874S,29,827,0.0350665054413542,0,
2122026,BA.2_0.01_abundance_0.15,A8976C;A9019C;T9059G;T9107A;C9144G,ORF1a:E2904A;ORF1a:E2918D;ORF1a:Y2932D;ORF1a:L2948I;ORF1a:S2960C,19,665,0.0285714285714285,0,
2122026,BA.2_0.01_abundance_0.15,A9301G;C9308A;C9344T;A9350T;G9355C;T9385C;A9424G;T9466C;T9478A;C9534T,ORF1a:R3012R;ORF1a:P3015T;ORF1a:L3027F;ORF1a:N3029Y;ORF1a:M3030I;ORF1a:A3040A;ORF1a:V3053V;ORF1a:F3067F;ORF1a:F3071L;ORF1a:T3090I,7,500,0.014,0,
2122026,BA.2_0.01_abundance_0.15,A9301G;C9308A;C9344T;A9350T;G9355C;T9385C;A9424G;T9466C;T9478A;A9484C;C9534T,ORF1a:R3012R;ORF1a:P3015T;ORF1a:L3027F;ORF1a:N3029Y;ORF1a:M3030I;ORF1a:A3040A;ORF1a:V3053V;ORF1a:F3067F;ORF1a:F3071L;ORF1a:E3073D;ORF1a:T3090I,5,500,0.01,0,
2122026,BA.2_0.01_abundance_0.15,T9316A;C9344T;A9424G;A9484C;C9534T,ORF1a:V3017V;ORF1a:L3027F;ORF1a:V3053V;ORF1a:E3073D;ORF1a:T3090I,41,500,0.082,0,
2122026,BA.2_0.01_abundance_0.15,T9316A;C9344T;A9424G;C9534T,ORF1a:V3017V;ORF1a:L3027F;ORF1a:V3053V;ORF1a:T3090I,63,500,0.126,34,BA.5.2.1:15;BA.4.6:6;BA.2.9:9;BA.2.9.5:1;BQ.1.1.20:1;BA.2:1;BA.2.10:1
2122026,BA.2_0.01_abundance_0.15,T9316A;C9344T;A9424G,ORF1a:V3017V;ORF1a:L3027F;ORF1a:V3053V,24,623,0.0385232744783306,34,BA.5.2.1:15;BA.4.6:6;BA.2.9:9;BA.2.9.5:1;BQ.1.1.20:1;BA.2:1;BA.2.10:1
2122026,BA.2_0.01_abundance_0.15,T9316A;C9344T;A9424G;A9484C,ORF1a:V3017V;ORF1a:L3027F;ORF1a:V3053V;ORF1a:E3073D,8,577,0.0138648180242634,0,
2122026,BA.2_0.01_abundance_0.15,T9316A;C9333A;C9344T;A9424G;C9534T,ORF1a:V3017V;ORF1a:A3023D;ORF1a:L3027F;ORF1a:V3053V;ORF1a:T3090I,6,500,0.012,0,
2122026,BA.2_0.01_abundance_0.15,C9333A;C9344T;A9424G;C9534T,ORF1a:A3023D;ORF1a:L3027F;ORF1a:V3053V;ORF1a:T3090I,10,500,0.02,1,BA.5.1:1
2122026,BA.2_0.01_abundance_0.15,C9333A;C9344T;A9424G;A9484C;C9534T,ORF1a:A3023D;ORF1a:L3027F;ORF1a:V3053V;ORF1a:E3073D;ORF1a:T3090I,6,500,0.012,0,
2122026,BA.2_0.01_abundance_0.15,C9344T;A9424G;A9484C;C9534T,ORF1a:L3027F;ORF1a:V3053V;ORF1a:E3073D;ORF1a:T3090I,132,501,0.2634730538922156,21,BA.2:13;BA.5.2.1:1;BA.2.3.14:1;BA.2.3:1;BA.2.38:1;BA.2.12.1:1;BA.2.10:1;BA.4.1:2
2122026,BA.2_0.01_abundance_0.15,C9344T;A9424G;A9484C,ORF1a:L3027F;ORF1a:V3053V;ORF1a:E3073D,23,578,0.0397923875432525,21,BA.2:13;BA.5.2.1:1;BA.2.3.14:1;BA.2.3:1;BA.2.38:1;BA.2.12.1:1;BA.2.10:1;BA.4.1:2
2122026,BA.2_0.01_abundance_0.15,C9534T;T9642G,ORF1a:T3090I;ORF1a:I3126S,441,2803,0.1573314306100606,1,BA.5.2:1
2122026,BA.2_0.01_abundance_0.15,C9534T;T9787G,ORF1a:T3090I;ORF1a:T3174T,590,2606,0.2264006139677667,59,BE.1:36;BA.2:11;BA.5.2.1:2;BA.5.1:1;BF.10:2;BA.2.12.1:3;BA.5.2.9:1;BA.2.3:1;BA.2.1:1;BA.2.9:1
2122026,BA.2_0.01_abundance_0.15,C9534T;T9642G;T9787G,ORF1a:T3090I;ORF1a:I3126S;ORF1a:T3174T,232,2606,0.089025326170376,0,
2122026,BA.2_0.01_abundance_0.15,C9534T;T9657C;T9787G,ORF1a:T3090I;ORF1a:M3131T;ORF1a:T3174T,31,2606,0.0118956254796623,0,
2122026,BA.2_0.01_abundance_0.15,C9534T;T9787G;T9806C,ORF1a:T3090I;ORF1a:T3174T;ORF1a:C3181R,39,2394,0.0162907268170426,0,
2122026,BA.2_0.01_abundance_0.15,C9534T;T9657C,ORF1a:T3090I;ORF1a:M3131T,48,2803,0.0171245094541562,20,BA.5:1;BQ.1.1:1;BA.5.2.1:1;BA.5.1:3;BA.5.2.12:1;BA.2:7;BA.2.9:4;BF.7:2
2122026,BA.2_0.01_abundance_0.15,T11186G;A11206G,ORF1a:L3641V;ORF1a:V3647V,36,1204,0.0299003322259136,0,
2122026,BA.2_0.01_abundance_0.15,G11365C;C11379A;T11422A,ORF1a:V3700V;ORF1a:A3705D;ORF1a:Y3719*,21,562,0.0373665480427046,0,
2122026,BA.2_0.01_abundance_0.15,A12004G;A12121G;C12144T;C12183T,ORF1a:S3913S;ORF1a:P3952P;ORF1a:A3960V;ORF1a:S3973F,54,1859,0.0290478752017213,0,
2122026,BA.2_0.01_abundance_0.15,C12144T;C12183T;A12264G;A12293T;A12298C;T12365A,ORF1a:A3960V;ORF1a:S3973F;ORF1a:K4000R;ORF1a:T4010S;ORF1a:Q4011H;ORF1a:F4034I,8,441,0.0181405895691609,0,
2122026,BA.2_0.01_abundance_0.15,C12183T;A12264G;A12293T;A12298C;T12365A,ORF1a:S3973F;ORF1a:K4000R;ORF1a:T4010S;ORF1a:Q4011H;ORF1a:F4034I,32,1612,0.0198511166253101,0,
2122026,BA.2_0.01_abundance_0.15,T12711G;T12739C,ORF1a:L4149R;ORF1a:T4158T,52,2300,0.0226086956521739,0,
2122026,BA.2_0.01_abundance_0.15,T12739C;C12880T;G12938T;G13017C,ORF1a:T4158T;ORF1a:I4205I;ORF1a:V4225L;ORF1a:R4251P,7,355,0.0197183098591549,0,
2122026,BA.2_0.01_abundance_0.15,C12880T;A13052G,ORF1a:I4205I;ORF1a:N4263D,174,2189,0.0794883508451347,1,BA.2.9:1
2122026,BA.2_0.01_abundance_0.15,C12880T;T12975C,ORF1a:I4205I;ORF1a:L4237P,150,2962,0.050641458474004,0,
2122026,BA.2_0.01_abundance_0.15,C12880T;G12938T;G13017C,ORF1a:I4205I;ORF1a:V4225L;ORF1a:R4251P,65,2955,0.0219966159052453,0,
2122026,BA.2_0.01_abundance_0.15,A13747C;A13798C;C13814G,ORF1b:K94Q;ORF1b:T111P;ORF1b:A116G,12,382,0.031413612565445,0,
2122026,BA.2_0.01_abundance_0.15,T14287G;A14312C;C14408T;C14524G,ORF1b:F274V;ORF1b:D282A;ORF1b:P314L;ORF1b:H353D,46,1898,0.024236037934668,0,
2122026,BA.2_0.01_abundance_0.15,A15055T;C15089A;C15157T,ORF1b:I530L;ORF1b:A541E;ORF1b:Q564*,14,628,0.0222929936305732,0,
2122026,BA.2_0.01_abundance_0.15,C15222G;C15371T,ORF1b:F585L;ORF1b:T635M,59,2610,0.0226053639846743,0,
2122026,BA.2_0.01_abundance_0.15,T15551A;C15714T;A15739T,ORF1b:V695D;ORF1b:L749L;ORF1b:N758Y,190,6881,0.0276122656590611,0,
2122026,BA.2_0.01_abundance_0.15,T16317A;T16335A,ORF1b:C950*;ORF1b:H956Q,39,123,0.3170731707317073,0,
2122026,BA.2_0.01_abundance_0.15,T16863C;A16933T;G16968A,ORF1b:V1132V;ORF1b:M1156L;ORF1b:E1167E,34,1443,0.0235620235620235,0,
2122026,BA.2_0.01_abundance_0.15,C17127G;C17239A;T17301C,ORF1b:L1220L;ORF1b:P1258T;ORF1b:Y1278Y,54,5119,0.0105489353389333,0,
2122026,BA.2_0.01_abundance_0.15,C17127G;C17239A;T17301C;C17410T,ORF1b:L1220L;ORF1b:P1258T;ORF1b:Y1278Y;ORF1b:R1315C,79,3149,0.0250873293108923,0,
2122026,BA.2_0.01_abundance_0.15,A17399C;C17410T,ORF1b:N1311T;ORF1b:R1315C,629,3150,0.1996825396825396,29,BA.5.2.1:1;BA.2.75:1;BA.5.2:2;BF.5:2;BA.5.1.3:13;BA.2.3:1;BA.2:5;BA.4.1:1;CL.1:1;BA.2.12.1:1;BA.5.1:1
2122026,BA.2_0.01_abundance_0.15,A17758G;T17803G;A17807C;T17813C;A17837C,ORF1b:K1431E;ORF1b:S1446A;ORF1b:K1447T;ORF1b:L1449S;ORF1b:D1457A,9,830,0.0108433734939759,0,
2122026,BA.2_0.01_abundance_0.15,A17837C;G17936C,ORF1b:D1457A;ORF1b:R1490T,97,772,0.1256476683937823,0,
2122026,BA.2_0.01_abundance_0.15,T18159C;A18163G,ORF1b:V1564V;ORF1b:I1566V,6,30,0.2,97,BA.2:9;BA.1.20:7;BA.5.1:9;BA.1.1:6;BA.1.15.1:2;BQ.1.1:4;BA.1:2;BQ.1.1.22:1;CH.1.1:3;BA.5.2.19:2;BA.5.2.1:8;BF.7:19;BA.1.18:5;BA.1.17:1;BA.1.15:4;BF.10:2;BA.2.1:2;BA.1.8:3;BA.2.12.1:2;BA.2.10:1;BA.5.2:1;BA.2.43:1;BA.2.3:1;BA.5.2.44:1;BQ.1.18:1
2122026,BA.2_0.01_abundance_0.15,T18438A;A18489G,ORF1b:F1657L;ORF1b:I1674M,15,869,0.0172612197928653,0,
2122026,BA.2_0.01_abundance_0.15,T18660A;G18679C;C18701G;G18734C;G18756T,ORF1b:C1731*;ORF1b:A1738P;ORF1b:S1745*;ORF1b:G1756A;ORF1b:P1763P,93,3142,0.0295989815404201,0,
2122026,BA.2_0.01_abundance_0.15,T19076G;A19112G,ORF1b:V1870G;ORF1b:D1882G,101,1772,0.0569977426636568,0,
2122026,BA.2_0.01_abundance_0.15,A19603C;A19609G;T19641G;G19670C;A19717C,ORF1b:T2046P;ORF1b:T2048A;ORF1b:F2058L;ORF1b:G2068A;ORF1b:T2084P,8,220,0.0363636363636363,0,
2122026,BA.2_0.01_abundance_0.15,T19639A;A19752C,ORF1b:F2058I;ORF1b:E2095D,7,220,0.0318181818181818,0,
2122026,BA.2_0.01_abundance_0.15,A19752C;T19817G,ORF1b:E2095D;ORF1b:V2117G,11,200,0.055,0,
2122026,BA.2_0.01_abundance_0.15,C21161T;C21178A;T21226C,ORF1b:A2565V;ORF1b:H2571N;ORF1b:W2587R,8,306,0.0261437908496732,0,
2122026,BA.2_0.01_abundance_0.15,C21978G;G21987A,S:P139R;S:G142D,132,570,0.231578947368421,10,AY.112:1;AY.4:1;BA.1:8
2122026,BA.2_0.01_abundance_0.15,G22578A;C22674T;T22679C;C22686T;A22688G;C22732G;G22775A;A22786C;G22813T,S:G339D;S:S371F;S:S373P;S:S375F;S:T376A;S:L390L;S:D405N;S:R408S;S:K417N,564,730,0.7726027397260274,1,BQ.1.16:1
2122026,BA.2_0.01_abundance_0.15,G22578A;C22674T;T22679C;C22686T;A22688G;C22732G,S:G339D;S:S371F;S:S373P;S:S375F;S:T376A;S:L390L,49,789,0.0621039290240811,1,BQ.1.16:1
2122026,BA.2_0.01_abundance_0.15,C23249A;A23403G,S:Q563K;S:D614G,82,1203,0.0681629260182876,0,
2122026,BA.2_0.01_abundance_0.15,C23320G;A23403G,S:D586E;S:D614G,43,1203,0.0357439733998337,3,B.1:1;AY.4:1;B.1.617.2:1
2122026,BA.2_0.01_abundance_0.15,T23514A;T23599G;C23604A,S:I651K;S:N679K;S:P681H,74,226,0.3274336283185841,0,
2122026,BA.2_0.01_abundance_0.15,T23514A;G23587T;T23599G;C23604A;T23681G,S:I651K;S:Q675H;S:N679K;S:P681H;S:Y707D,5,226,0.0221238938053097,0,
2122026,BA.2_0.01_abundance_0.15,T23514A;T23599G;C23604A;C23664G,S:I651K;S:N679K;S:P681H;S:A701G,49,226,0.2168141592920354,0,
2122026,BA.2_0.01_abundance_0.15,G23587T;T23599G;C23604A;T23681G,S:Q675H;S:N679K;S:P681H;S:Y707D,7,226,0.0309734513274336,0,
2122026,BA.2_0.01_abundance_0.15,T23599G;C23604A;C23664G,S:N679K;S:P681H;S:A701G,43,226,0.1902654867256637,8,BA.5.2:5;BA.1.17.2:1;BA.2.12.1:1;BA.5.5:1
2122026,BA.2_0.01_abundance_0.15,G23948T;A23998G;A24005T;T24011A;A24036G,S:D796Y;S:P812P;S:R815W;S:F817I;S:K825R,5,146,0.0342465753424657,0,
2122026,BA.2_0.01_abundance_0.15,A24170G;A24424T,S:I870V;S:Q954H,39,221,0.1764705882352941,243,BA.2.3:4;BA.4.1:1;BQ.1.10.1:12;CC.1:36;BA.1.1:15;BA.2.3.20:1;BA.5.1:7;BA.1:5;BE.1.1:2;BQ.1.1.7:1;XBB.1:5;BA.5.1.1:2;BA.2:21;BA.1.1.1:76;BA.1.1.18:3;BA.5.5:3;BA.5.2.6:2;BQ.1.1.22:1;BA.5.2.1:8;BA.4.6:1;BQ.1.1.23:1;XBB.1.5:1;BA.1.15:4;BA.5.2:4;BA.2.9:2;BA.1.17.2:5;BA.4.1.6:2;BA.5.1.5:1;BA.5.1.25:3;BQ.1:1;BA.5.1.24:3;BA.2.12.1:5;BA.2.3.17:1;BA.2.10:1;BA.2.75:1;BA.5.1.10:2
2122026,BA.2_0.01_abundance_0.15,C24789G;T24799C;T24841C;C25000T,S:T1076R;S:P1079P;S:G1093G;S:D1146D,9,328,0.0274390243902439,0,
2122026,BA.2_0.01_abundance_0.15,A25575C;C25584T,ORF3a:K61N;ORF3a:T64T,143,1314,0.10882800608828,75,BA.1.1:19;BA.1:3;BA.4:36;BA.2.3:2;BA.1.1.18:1;BA.1.18:1;BA.2.12.1:1;BA.4.1:2;BA.2:4;BE.2:2;BE.1:1;BA.4.1.8:1;BA.5.2.1:1;BA.2.10:1
2122026,BA.2_0.01_abundance_0.15,T25950G;C26150G;C26270T,ORF3a:I186M;ORF3a:S253C;E:T9I,16,83,0.1927710843373494,0,
2122026,BA.2_0.01_abundance_0.15,T25950G;C26270T,ORF3a:I186M;E:T9I,6,83,0.072289156626506,10,BA.2:1;BA.1.1:8;BA.1.15.1:1
2122026,BA.2_0.01_abundance_0.15,T25950G;T25975A;C26150G;C26270T,ORF3a:I186M;ORF3a:S195T;ORF3a:S253C;E:T9I,8,83,0.0963855421686747,0,
2122026,BA.2_0.01_abundance_0.15,T25975A;C26270T,ORF3a:S195T;E:T9I,6,83,0.072289156626506,7,BA.4.1:1;BA.2:5;BA.1.17:1
2122026,BA.2_0.01_abundance_0.15,T25975A;C26150G;C26270T,ORF3a:S195T;ORF3a:S253C;E:T9I,8,83,0.0963855421686747,0,
2122026,BA.2_0.01_abundance_0.15,T25975A;C26150G,ORF3a:S195T;ORF3a:S253C,6,108,0.0555555555555555,0,
2122026,BA.2_0.01_abundance_0.15,C26150G;C26270T,ORF3a:S253C;E:T9I,20,83,0.2409638554216867,8,BA.5.6.4:5;BE.1:1;BA.5.2.14:1;BA.2:1
2122026,BA.2_0.01_abundance_0.15,C26270T;T26315G,E:T9I;E:V24G,24,186,0.1290322580645161,0,
2122026,BA.2_0.01_abundance_0.15,C26270T;T26331A,E:T9I;E:V29V,15,186,0.0806451612903225,5,BA.2.9:2;BA.2.75:1;BA.1.18:1;BA.1:1
2122026,BA.2_0.01_abundance_0.15,C26577G;G26709A;C26858T;T26876G,M:Q19E;M:A63T;M:F112F;M:I118M,111,738,0.1504065040650406,0,
2122026,BA.2_0.01_abundance_0.15,C26577G;G26709A;A26811G;C26858T,M:Q19E;M:A63T;M:I97V;M:F112F,148,2464,0.060064935064935,82,BA.2:48;XN:11;XBB.1.4.1:1;BA.2.36:2;BA.4.4:2;BA.2.9:1;BA.2.3:1;BA.4.1:5;BA.2.56:1;BA.4:3;BA.5.2.1:1;BA.2.9.5:2;BA.2.12.1:4
2122026,BA.2_0.01_abundance_0.15,C26577G;G26709A;A26811G;C26858T;T26876G,M:Q19E;M:A63T;M:I97V;M:F112F;M:I118M,11,738,0.0149051490514905,0,
2122026,BA.2_0.01_abundance_0.15,A27253C;A27259C;C27323A;G27382C;A27383T;T27384C;T27419G;T27435G,ORF6:I18L;ORF6:R20R;ORF6:S41Y;ORF6:D61H;ORF6:D61V;ORF6:D61D;ORF7a:L9R;ORF7a:T14T,68,2585,0.0263056092843326,0,
2122026,BA.2_0.01_abundance_0.15,A27259C;G27382C;A27383T;T27384C;A27472T,ORF6:R20R;ORF6:D61H;ORF6:D61V;ORF6:D61D;ORF7a:T27S,320,2519,0.1270345375148868,12,BA.5:10;BA.4.6:1;BA.4.2:1
2122026,BA.2_0.01_abundance_0.15,G27861C;T28026C,ORF7b:D36H;ORF8:W45R,46,1725,0.0266666666666666,0,
2122026,BA.2_0.01_abundance_0.15,C27879T;A27976C;G27990A;T28046A;A28052T;T28053G,ORF7b:H42Y;ORF8:H28P;ORF8:V33I;ORF8:A51A;ORF8:K53N;ORF8:S54A,46,1592,0.028894472361809,0,
2122026,BA.2_0.01_abundance_0.15,T28226C;C28311T;T28323A,ORF8:Y111Y;N:P13L;N:F17Y,45,1085,0.0414746543778801,0,
2122026,BA.2_0.01_abundance_0.15,G28881A;G28882A;G28883C;A28971G;G29000C,N:R203K;N:R203R;N:G204R;N:K233R;N:G243R,5,49,0.1020408163265306,0,
2122026,BA.2_0.01_abundance_0.15,G28881A;G28882A;G28883C;A28971G,N:R203K;N:R203R;N:G204R;N:K233R,37,50,0.74,47,B.1.1.7:1;BA.2:18;BA.2.29:4;BA.1.1:3;BA.5.2:3;BA.1.19:1;BA.5.2.1:1;BA.1:2;AY.121:1;BA.2.12.1:3;BA.1.1.18:1;BA.5.5:1;B.1.1.529:1;BA.5.6:1;BA.5.2.27:2;BA.1.15:2;P.1:1;BE.1:1
2122026,BA.2_0.01_abundance_0.15,T29082C;A29248G,N:V270A;N:T325T,222,5030,0.0441351888667992,0,
2122026,BA.2_0.01_abundance_0.15,T29082C;A29248G;C29259A,N:V270A;N:T325T;N:T329K,423,5030,0.0840954274353876,0,
2122026,BA.2_0.01_abundance_0.15,T29082C;T29184A;A29248G,N:V270A;N:I304N;N:T325T,296,5030,0.0588469184890656,0,
2122026,BA.2_0.01_abundance_0.15,T29082C;T29184A;A29248G;C29259A,N:V270A;N:I304N;N:T325T;N:T329K,557,5030,0.1107355864811133,0,
2122026,BA.2_0.01_abundance_0.15,T29082C;T29184A;C29259A,N:V270A;N:I304N;N:T329K,328,5030,0.0652087475149105,0,
2122026,BA.2_0.01_abundance_0.15,T29082C;A29089T;A29248G;C29259A,N:V270A;N:Q272H;N:T325T;N:T329K,57,5030,0.0113320079522862,0,
2122026,BA.2_0.01_abundance_0.15,T29082C;T29184A,N:V270A;N:I304N,257,5400,0.0475925925925925,0,
2122026,BA.2_0.01_abundance_0.15,T29082C;C29259A,N:V270A;N:T329K,243,5030,0.0483101391650099,0,
2122026,BA.2_0.01_abundance_0.15,T29082C;A29089T;T29184A;A29248G;C29259A,N:V270A;N:Q272H;N:I304N;N:T325T;N:T329K,102,5030,0.0202783300198807,0,
2122026,BA.2_0.01_abundance_0.15,A29089T;T29184A;A29248G;C29259A,N:Q272H;N:I304N;N:T325T;N:T329K,76,5030,0.0151093439363817,0,
2122026,BA.2_0.01_abundance_0.15,T29184A;C29259A,N:I304N;N:T329K,278,5031,0.0552574040946133,0,
2122026,BA.2_0.01_abundance_0.15,T29184A;A29248G;C29259A,N:I304N;N:T325T;N:T329K,404,5031,0.0803021268137547,0,
2122026,BA.2_0.01_abundance_0.15,T29184A;A29248G,N:I304N;N:T325T,236,5031,0.0469091631882329,0,
2122026,BA.2_0.01_abundance_0.15,A29248G;C29259A,N:T325T;N:T329K,338,5034,0.0671434247119586,0,
2122026,BA.2_0.01_abundance_0.15,G29462C;A29510C,N:A397P;N:S413R,32,58,0.5517241379310345,2,BE.3:1;BA.2:1
2192026,BA.2_0.01_abundance_0.15,G386T;T661C;T670G,ORF1a:E41*;ORF1a:G132G;ORF1a:S135R,186,3355,0.0554396423248882,0,
2192026,BA.2_0.01_abundance_0.15,T670G;A792T,ORF1a:S135R;ORF1a:E176V,38,265,0.1433962264150943,12,BA.5.1:4;BF.32:1;BA.2.12.1:1;BA.2:2;BA.2.9:1;BA.5.5:1;BA.4.6:1;BA.2.56:1
2192026,BA.2_0.01_abundance_0.15,T670G;T867A;T889C;G984T,ORF1a:S135R;ORF1a:I201N;ORF1a:A208A;ORF1a:W240L,8,180,0.0444444444444444,0,
2192026,BA.2_0.01_abundance_0.15,T867A;T889C,ORF1a:I201N;ORF1a:A208A,22,2124,0.0103578154425612,0,
2192026,BA.2_0.01_abundance_0.15,T867A;T889C;G984T,ORF1a:I201N;ORF1a:A208A;ORF1a:W240L,54,1551,0.034816247582205,0,
2192026,BA.2_0.01_abundance_0.15,T1040A;A1071G;A1132T;G984T,ORF1a:L259M;ORF1a:E269G;ORF1a:E289D;ORF1a:W240L,42,2143,0.0195986934204386,0,
2192026,BA.2_0.01_abundance_0.15,T1040A;A1071G;C1122G;A1132T;G984T,ORF1a:L259M;ORF1a:E269G;ORF1a:P286R;ORF1a:E289D;ORF1a:W240L,25,2143,0.0116658889407372,0,
2192026,BA.2_0.01_abundance_0.15,C1122G;T1285C,ORF1a:P286R;ORF1a:T340T,180,2222,0.081008100810081,0,
2192026,BA.2_0.01_abundance_0.15,T1285C;C1471T,ORF1a:T340T;ORF1a:R402R,17,236,0.0720338983050847,1,AY.43:1
2192026,BA.2_0.01_abundance_0.15,T1285C;A1341T;C1471T,ORF1a:T340T;ORF1a:Y359F;ORF1a:R402R,7,236,0.0296610169491525,0,
2192026,BA.2_0.01_abundance_0.15,T1285C;A1341T,ORF1a:T340T;ORF1a:Y359F,11,236,0.0466101694915254,0,
2192026,BA.2_0.01_abundance_0.15,A1341T;C1471T,ORF1a:Y359F;ORF1a:R402R,18,243,0.074074074074074,0,
2192026,BA.2_0.01_abundance_0.15,A2085T;T2148G,ORF1a:Q607L;ORF1a:L628R,18,660,0.0272727272727272,0,
2192026,BA.2_0.01_abundance_0.15,A2085T;C2137G;T2148G,ORF1a:Q607L;ORF1a:L624L;ORF1a:L628R,8,660,0.0121212121212121,0,
2192026,BA.2_0.01_abundance_0.15,G2235C;T2364C,ORF1a:C657S;ORF1a:L700P,37,829,0.0446320868516284,0,
2192026,BA.2_0.01_abundance_0.15,C2788G;C2790T,ORF1a:I841M;ORF1a:T842I,22,75,0.2933333333333333,28,BE.1.1:27;BA.2:1
2192026,BA.2_0.01_abundance_0.15,A2917G;C3037T,ORF1a:Q884Q;ORF1a:F924F,62,252,0.246031746031746,356,AY.3:1;AY.122:78;BA.2:20;BA.1.17.2:2;BA.2.31:1;BA.2.9:2;BA.1:8;BA.1.1:5;AY.122.1:14;B.1.617.2:67;AY.39:49;BA.4.6:1;BA.5.2:8;B.1.526:1;AY.75:3;AY.85:2;BA.5.1:3;BA.2.9.5:1;AY.44:6;BA.1.15.1:1;B.1.2:1;BA.5.2.7:1;B.1.1.519:8;BA.1.13:1;AY.4:29;BA.5.1.6:1;BQ.1.1.7:1;AY.103:6;B.1:2;BA.1.1.1:1;AY.4.5:1;BA.5.2.1:12;BA.5.1.22:1;P.1.17:1;AY.55:1;BA.5.5:1;B.1.1.33:1;AY.20:2;AY.4.2:1;B.1.429:1;B.1.1.7:1;C.36.3:1;AY.116.1:2;AY.126:1;BE.1.2:1;BF.8:2;AY.47:1;BA.2.74:1
2192026,BA.2_0.01_abundance_0.15,T2935G;C3037T,ORF1a:L890L;ORF1a:F924F,11,252,0.0436507936507936,12,AY.3:1;BA.1.1:2;AY.103:8;B.1.617.2:1
2192026,BA.2_0.01_abundance_0.15,C3515G;A3531T;T3533G,ORF1a:Q1084E;ORF1a:D1089V;ORF1a:Y1090D,7,163,0.0429447852760736,0,
2192026,BA.2_0.01_abundance_0.15,A3819G;A3963C;A4027T,ORF1a:K1185R;ORF1a:K1233T;ORF1a:L1254F,72,1285,0.0560311284046692,0,
2192026,BA.2_0.01_abundance_0.15,A4336G;T4599G,ORF1a:P1357P;ORF1a:L1445R,40,794,0.0503778337531486,0,
2192026,BA.2_0.01_abundance_0.15,A4759T;A4821T;A4838T,ORF1a:E1498D;ORF1a:Q1519L;ORF1a:I1525L,39,579,0.0673575129533678,0,
2192026,BA.2_0.01_abundance_0.15,T4808A;A4831C,ORF1a:S1515T;ORF1a:Q1522H,104,579,0.1796200345423143,0,
2192026,BA.2_0.01_abundance_0.15,G5642C;T5707G;A5906C,ORF1a:A1793P;ORF1a:Y1814*;ORF1a:T1881P,22,326,0.0674846625766871,0,
2192026,BA.2_0.01_abundance_0.15,A5906C;A6019C;T6096G,ORF1a:T1881P;ORF1a:Q1918H;ORF1a:L1944*,5,127,0.0393700787401574,0,
2192026,BA.2_0.01_abundance_0.15,A6331G;G6362A;C6408T;A6466T,ORF1a:S2022S;ORF1a:A2033T;ORF1a:S2048F;ORF1a:K2067N,8,68,0.1176470588235294,0,
2192026,BA.2_0.01_abundance_0.15,A6659C;T6700G;A6707T;C6723T,ORF1a:S2132R;ORF1a:F2145L;ORF1a:K2148*;ORF1a:T2153I,23,466,0.0493562231759656,0,
2192026,BA.2_0.01_abundance_0.15,T7154G;T7251G,ORF1a:S2297A;ORF1a:L2329W,19,362,0.0524861878453038,0,
2192026,BA.2_0.01_abundance_0.15,T7413G;T7642A,ORF1a:M2383R;ORF1a:C2459*,14,854,0.0163934426229508,0,
2192026,BA.2_0.01_abundance_0.15,C7769A;A7953C,ORF1a:H2502N;ORF1a:Q2563P,5,40,0.125,0,
2192026,BA.2_0.01_abundance_0.15,A8012T;T8119G;G8189T;T8221C;C8262A,ORF1a:S2583C;ORF1a:A2618A;ORF1a:V2642F;ORF1a:V2652V;ORF1a:T2666N,85,1619,0.0525015441630636,0,
2192026,BA.2_0.01_abundance_0.15,C8327T;A8364C;T8402C,ORF1a:L2688F;ORF1a:N2700T;ORF1a:W2713R,8,188,0.0425531914893617,0,
2192026,BA.2_0.01_abundance_0.15,A8699T;T8886C,ORF1a:I2812F;ORF1a:L2874S,17,1538,0.0110533159947984,0,
2192026,BA.2_0.01_abundance_0.15,A8699T;T8886C;C8890A,ORF1a:I2812F;ORF1a:L2874S;ORF1a:R2875R,24,1538,0.0156046814044213,0,
2192026,BA.2_0.01_abundance_0.15,G8702T;C8890A,ORF1a:D2813Y;ORF1a:R2875R,119,1538,0.077373211963589,0,
2192026,BA.2_0.01_abundance_0.15,G8702T;T8870A;C8890A,ORF1a:D2813Y;ORF1a:L2869M;ORF1a:R2875R,40,1538,0.0260078023407022,0,
2192026,BA.2_0.01_abundance_0.15,G8702T;T8870A,ORF1a:D2813Y;ORF1a:L2869M,26,1538,0.0169050715214564,0,
2192026,BA.2_0.01_abundance_0.15,T8870A;C8890A,ORF1a:L2869M;ORF1a:R2875R,252,1540,0.1636363636363636,0,
2192026,BA.2_0.01_abundance_0.15,A8976C;A9019C;T9059G;T9107A;C9144G;A9193G,ORF1a:E2904A;ORF1a:E2918D;ORF1a:Y2932D;ORF1a:L2948I;ORF1a:S2960C;ORF1a:V2976V,122,2447,0.04985696771557,0,
2192026,BA.2_0.01_abundance_0.15,A9301G;C9308A;C9344T;A9350T;G9355C;T9385C;A9424G;T9466C;T9478A;C9534T,ORF1a:R3012R;ORF1a:P3015T;ORF1a:L3027F;ORF1a:N3029Y;ORF1a:M3030I;ORF1a:A3040A;ORF1a:V3053V;ORF1a:F3067F;ORF1a:F3071L;ORF1a:T3090I,78,1967,0.0396542958820538,0,
2192026,BA.2_0.01_abundance_0.15,A9301G;C9308A;C9344T;A9350T;G9355C;T9379A;T9385C;A9424G;T9466C;T9478A;C9534T,ORF1a:R3012R;ORF1a:P3015T;ORF1a:L3027F;ORF1a:N3029Y;ORF1a:M3030I;ORF1a:I3038I;ORF1a:A3040A;ORF1a:V3053V;ORF1a:F3067F;ORF1a:F3071L;ORF1a:T3090I,20,1967,0.0101677681748856,0,
2192026,BA.2_0.01_abundance_0.15,C9344T;T9379A;A9424G,ORF1a:L3027F;ORF1a:I3038I;ORF1a:V3053V,108,2383,0.0453210239194292,69,BA.2.75:1;BA.5.6:31;BA.5.1.23:2;BA.5.2.1:14;BA.5.1:1;BA.5.1.24:1;BA.2.3:3;BA.2.65:1;BA.4.1:1;BA.2.56:2;BA.2:7;BF.5:1;BA.5.2:1;BQ.1.8:1;BA.2.37:1;BQ.1.23:1
2192026,BA.2_0.01_abundance_0.15,C9344T;T9379A;A9424G;C9534T,ORF1a:L3027F;ORF1a:I3038I;ORF1a:V3053V;ORF1a:T3090I,463,1967,0.2353838332486019,69,BA.2.75:1;BA.5.6:31;BA.5.1.23:2;BA.2:7;BA.5.2.1:14;BA.5.1:1;BA.5.1.24:1;BA.2.3:3;BA.4.1:1;BA.2.56:2;BF.5:1;BA.5.2:1;BQ.1.8:1;BA.2.37:1;BQ.1.23:1;BA.2.65:1
2192026,BA.2_0.01_abundance_0.15,C9534T;T9657C,ORF1a:T3090I;ORF1a:M3131T,30,479,0.0626304801670146,20,BA.5:1;BQ.1.1:1;BA.5.2.1:1;BA.5.1:3;BA.5.2.12:1;BA.2:7;BA.2.9:4;BF.7:2
2192026,BA.2_0.01_abundance_0.15,G10444C;C10449A,ORF1a:M3393I;ORF1a:P3395H,10,236,0.0423728813559322,3,BQ.1.10:1;BA.2.3:1;BA.1.1:1
2192026,BA.2_0.01_abundance_0.15,G10444C;C10449A;C10615A,ORF1a:M3393I;ORF1a:P3395H;ORF1a:D3450E,7,220,0.0318181818181818,0,
2192026,BA.2_0.01_abundance_0.15,C10449A;T10513C,ORF1a:P3395H;ORF1a:D3416D,6,236,0.0254237288135593,434,BA.2.12.1:38;BA.1.1.14:2;BA.5.2.1:9;BA.2:122;BE.3:105;BA.1.1:26;BA.5.1:17;BA.2.56:23;BA.5.1.23:1;BA.2.10:26;BQ.1.3:1;BA.5.1.22:1;BE.1.4:5;BA.2.9:4;BA.1.1.18:4;BQ.1.11:1;BA.1:10;BA.2.30:1;BA.5.2:9;BA.5.2.21:2;BA.5.5:2;BA.2.3:4;BA.1.14.2:2;BA.5.1.4:1;BQ.1.1.22:1;BA.1.17.2:1;BA.2.26:1;BF.14:2;BN.1:1;BA.5.2.3:1;BA.1.15:2;BA.5.9:1;BE.1.1:1;BA.1.1.1:3;BA.1.15.1:1;BF.7:1;BA.1.20:2
2192026,BA.2_0.01_abundance_0.15,T11186G;A11206G,ORF1a:L3641V;ORF1a:V3647V,15,263,0.0570342205323193,0,
2192026,BA.2_0.01_abundance_0.15,G11365C;C11379A;T11422A;C11626T,ORF1a:V3700V;ORF1a:A3705D;ORF1a:Y3719*;ORF1a:G3787G,37,685,0.0540145985401459,0,
2192026,BA.2_0.01_abundance_0.15,A12004G;A12121G;C12144T;C12183T,ORF1a:S3913S;ORF1a:P3952P;ORF1a:A3960V;ORF1a:S3973F,82,1552,0.0528350515463917,0,
2192026,BA.2_0.01_abundance_0.15,C12144T;C12183T;A12264G;A12293T;A12298C;T12365A,ORF1a:A3960V;ORF1a:S3973F;ORF1a:K4000R;ORF1a:T4010S;ORF1a:Q4011H;ORF1a:F4034I,5,185,0.027027027027027,0,
2192026,BA.2_0.01_abundance_0.15,C12144T;C12183T;A12264G;A12293T;A12298C;A12303T;T12365A,ORF1a:A3960V;ORF1a:S3973F;ORF1a:K4000R;ORF1a:T4010S;ORF1a:Q4011H;ORF1a:Y4013F;ORF1a:F4034I,5,185,0.027027027027027,0,
2192026,BA.2_0.01_abundance_0.15,C12183T;A12264G;A12293T;A12298C;T12365A,ORF1a:S3973F;ORF1a:K4000R;ORF1a:T4010S;ORF1a:Q4011H;ORF1a:F4034I,11,650,0.0169230769230769,0,
2192026,BA.2_0.01_abundance_0.15,A12303T;A12424G,ORF1a:Y4013F;ORF1a:R4053R,37,645,0.0573643410852713,0,
2192026,BA.2_0.01_abundance_0.15,A12303T;T12340G,ORF1a:Y4013F;ORF1a:V4025V,46,693,0.0663780663780663,0,
2192026,BA.2_0.01_abundance_0.15,A12303T;T12340G;A12424G,ORF1a:Y4013F;ORF1a:V4025V;ORF1a:R4053R,18,645,0.027906976744186,0,
2192026,BA.2_0.01_abundance_0.15,T12340G;A12424G,ORF1a:V4025V;ORF1a:R4053R,46,645,0.0713178294573643,0,
2192026,BA.2_0.01_abundance_0.15,T12711G;T12739C,ORF1a:L4149R;ORF1a:T4158T,125,2408,0.0519102990033222,0,
2192026,BA.2_0.01_abundance_0.15,T12739C;C12880T;G12938T;G13017C,ORF1a:T4158T;ORF1a:I4205I;ORF1a:V4225L;ORF1a:R4251P,26,376,0.0691489361702127,0,
2192026,BA.2_0.01_abundance_0.15,G12838A;C12880T,ORF1a:L4191L;ORF1a:I4205I,1412,3398,0.4155385520894644,83,BA.2.75:3;BA.5.2.1:14;BA.5.2:4;BA.5.2.20:1;BA.2:22;BA.2.9:16;BF.13:8;BA.5:1;BA.5.1.5:1;AY.75:1;BA.4:1;BA.4.2:5;BA.2.3:2;BE.3:2;BQ.1.1:1;BA.2.6:1
2192026,BA.2_0.01_abundance_0.15,C12880T;G12938T;G13017C,ORF1a:I4205I;ORF1a:V4225L;ORF1a:R4251P,125,3147,0.0397203686050206,0,
2192026,BA.2_0.01_abundance_0.15,C13994A;C14184A,ORF1b:A176D;ORF1b:T239T,61,1327,0.0459683496608892,0,
2192026,BA.2_0.01_abundance_0.15,T14287G;A14312C;C14408T;C14524G;T14558A,ORF1b:F274V;ORF1b:D282A;ORF1b:P314L;ORF1b:H353D;ORF1b:V364E,32,962,0.0332640332640332,0,
2192026,BA.2_0.01_abundance_0.15,T14287G;A14312C;C14408T;C14524G,ORF1b:F274V;ORF1b:D282A;ORF1b:P314L;ORF1b:H353D,15,1368,0.0109649122807017,0,
2192026,BA.2_0.01_abundance_0.15,T14287G;A14312C;C14408T;A14513C;C14524G;T14558A,ORF1b:F274V;ORF1b:D282A;ORF1b:P314L;ORF1b:D349A;ORF1b:H353D;ORF1b:V364E,10,962,0.0103950103950103,0,
2192026,BA.2_0.01_abundance_0.15,A14324T;C14408T,ORF1b:H286L;ORF1b:P314L,159,1473,0.1079429735234216,5,B.1:1;B.1.1.7:3;P.1:1
2192026,BA.2_0.01_abundance_0.15,A14324T;C14408T;A14513C,ORF1b:H286L;ORF1b:P314L;ORF1b:D349A,37,1368,0.0270467836257309,0,
2192026,BA.2_0.01_abundance_0.15,C14408T;A14513C,ORF1b:P314L;ORF1b:D349A,283,1368,0.2068713450292397,265,BA.1.1:11;B.1:1;AY.100:4;AY.39.1:233;BA.1:1;BA.4.1:1;BA.2:1;AY.112:1;BA.1.1.1:1;B.1.466.2:1;B.1.36.8:1;B.1.177.55:1;AY.4:1;AY.44:1;AY.4.2:1;AY.39:4;AY.46.6:1
2192026,BA.2_0.01_abundance_0.15,C14408T;A14513C;C14554T,ORF1b:P314L;ORF1b:D349A;ORF1b:L363F,22,1140,0.019298245614035,0,
2192026,BA.2_0.01_abundance_0.15,C15222G;C15371T,ORF1b:F585L;ORF1b:T635M,39,752,0.0518617021276595,0,
2192026,BA.2_0.01_abundance_0.15,T15551A;C15714T;A15739T,ORF1b:V695D;ORF1b:L749L;ORF1b:N758Y,236,4911,0.0480553858684585,0,
2192026,BA.2_0.01_abundance_0.15,G15687A;C15714T,ORF1b:L740L;ORF1b:L749L,242,5257,0.0460338596157504,37,BA.2:18;BA.4:1;BA.5.1.1:1;BA.2.9:1;BA.5.2:2;BA.5.1:1;BA.5.2.16:1;BF.7:7;BA.5.2.20:1;BA.2.36:1;BA.2.12.1:2;BA.2.71:1
2192026,BA.2_0.01_abundance_0.15,G15921A;G16106C,ORF1b:V818V;ORF1b:R880T,83,1493,0.0555927662424648,0,
2192026,BA.2_0.01_abundance_0.15,G15921A;C15935T,ORF1b:V818V;ORF1b:P823L,28,1592,0.0175879396984924,0,
2192026,BA.2_0.01_abundance_0.15,C15935T;G16106C,ORF1b:P823L;ORF1b:R880T,54,1493,0.0361687876758205,0,
2192026,BA.2_0.01_abundance_0.15,T15939C;G16106C,ORF1b:D824D;ORF1b:R880T,17,1493,0.0113864701942397,0,
2192026,BA.2_0.01_abundance_0.15,T16079A;G16106C,ORF1b:V871D;ORF1b:R880T,21,1494,0.0140562248995983,0,
2192026,BA.2_0.01_abundance_0.15,A16218T;T16450C,ORF1b:T917T;ORF1b:C995R,22,414,0.0531400966183574,0,
2192026,BA.2_0.01_abundance_0.15,T16450C;T16533A;A16556C;A16581C;A16765T,ORF1b:C995R;ORF1b:G1022G;ORF1b:N1030T;ORF1b:T1038T;ORF1b:N1100Y,5,60,0.0833333333333333,0,
2192026,BA.2_0.01_abundance_0.15,T16863C;A16933T;G16968A,ORF1b:V1132V;ORF1b:M1156L;ORF1b:E1167E,41,889,0.046119235095613,0,
2192026,BA.2_0.01_abundance_0.15,C17127G;C17239A;T17301C,ORF1b:L1220L;ORF1b:P1258T;ORF1b:Y1278Y,105,5514,0.0190424374319912,0,
2192026,BA.2_0.01_abundance_0.15,C17127G;C17239A;T17301C;C17410T,ORF1b:L1220L;ORF1b:P1258T;ORF1b:Y1278Y;ORF1b:R1315C,156,3399,0.0458958517210944,0,
2192026,BA.2_0.01_abundance_0.15,C17410T;T17545C,ORF1b:R1315C;ORF1b:F1360L,11,255,0.0431372549019607,4,BA.2.9:1;BA.4.1:1;BQ.1.1.1:1;BA.5.1.8:1
2192026,BA.2_0.01_abundance_0.15,A17758G;T17784C;T17803G;A17807C;T17813C;C17953A;A17961T,ORF1b:K1431E;ORF1b:N1439N;ORF1b:S1446A;ORF1b:K1447T;ORF1b:L1449S;ORF1b:L1496I;ORF1b:I1498I,46,1959,0.0234813680449208,0,
2192026,BA.2_0.01_abundance_0.15,A17758G;T17803G;A17807C;T17813C;C17953A;A17961T,ORF1b:K1431E;ORF1b:S1446A;ORF1b:K1447T;ORF1b:L1449S;ORF1b:L1496I;ORF1b:I1498I,50,1959,0.0255232261357835,0,
2192026,BA.2_0.01_abundance_0.15,T17784C;A17864C,ORF1b:N1439N;ORF1b:Y1466S,501,2097,0.2389127324749642,0,
2192026,BA.2_0.01_abundance_0.15,T17784C;A17864C;T17865A,ORF1b:N1439N;ORF1b:Y1466S;ORF1b:Y1466*,36,2097,0.0171673819742489,0,
2192026,BA.2_0.01_abundance_0.15,T17784C;T17865A,ORF1b:N1439N;ORF1b:Y1466*,40,2097,0.0190748688602765,0,
2192026,BA.2_0.01_abundance_0.15,A17864C;T17865A,ORF1b:Y1466S;ORF1b:Y1466*,33,2097,0.0157367668097281,0,
2192026,BA.2_0.01_abundance_0.15,C18058G;A18093T;C18120A;A18163G;T18236G;A18277T;T18285C,ORF1b:L1531V;ORF1b:L1542F;ORF1b:L1551L;ORF1b:I1566V;ORF1b:V1590G;ORF1b:I1604L;ORF1b:H1606H,16,225,0.0711111111111111,0,
2192026,BA.2_0.01_abundance_0.15,T18660A;G18679C;C18701G;G18734C;G18756T,ORF1b:C1731*;ORF1b:A1738P;ORF1b:S1745*;ORF1b:G1756A;ORF1b:P1763P,181,3514,0.0515082527034718,0,
2192026,BA.2_0.01_abundance_0.15,T21147G;C21161T;C21178A;T21226C,ORF1b:L2560L;ORF1b:A2565V;ORF1b:H2571N;ORF1b:W2587R,5,103,0.0485436893203883,0,
2192026,BA.2_0.01_abundance_0.15,A21720C;T21739A;T21775G;A21822T;G21954A;A21964G;G21987A,S:D53A;S:F59L;S:S71S;S:N87I;S:C131Y;S:Q134Q;S:G142D,80,1629,0.049109883364027,0,
2192026,BA.2_0.01_abundance_0.15,T21864C;G21987A,S:I101T;S:G142D,50,1629,0.0306936771025168,2483,BA.5.2.1:7;BE.1.1:3;BQ.1.15:5;AY.25:7;BA.5.1:4;AY.23:4;BA.5.1.10:13;BQ.1.1:1;AY.3:11;XBB.2:1;AY.25.1:1;AY.4.4:8;AY.103:6;AY.122:46;BA.2.12.1:2;BA.2.9:1;AY.4:2301;BA.5.5:1;AY.111:1;BF.7:1;BQ.1.3:1;AY.33:1;AY.4.6:2;BE.1:1;AY.3.1:1;AY.4.2:3;BA.1.1:1;AY.129:1;AY.5.4:1;B.1.617.2:6;BF.11.3:1;AY.43:10;AY.126:2;AY.4.7:2;AY.39:1;AY.98.1:2;BA.5.2:1;BF.28:1;AY.117:1;BQ.1.1.3:1;BQ.1.12:1;BA.5.2.20:1;AY.42:1;AY.41:1;BA.2.10.1:1;AY.20:1;BA.5.1.1:1;BA.2:1;BQ.1.5:1;AY.127:1;AY.29.2:2;AY.119:1;BQ.1.1.2:4;AY.47:1;BF.1:1
2192026,BA.2_0.01_abundance_0.15,C23320G;A23403G,S:D586E;S:D614G,56,1108,0.0505415162454873,3,B.1:1;AY.4:1;B.1.617.2:1
2192026,BA.2_0.01_abundance_0.15,C23854A;A23918C;G23948T,S:N764K;S:K786Q;S:D796Y,23,147,0.1564625850340136,1,BA.1:1
2192026,BA.2_0.01_abundance_0.15,C24130A;G24169T;T24294A,S:N856K;S:M869I;S:V911D,6,383,0.0156657963446475,0,
2192026,BA.2_0.01_abundance_0.15,C24130A;G24169T;T24294A;A24424T,S:N856K;S:M869I;S:V911D;S:Q954H,5,247,0.020242914979757,0,
2192026,BA.2_0.01_abundance_0.15,G24415C;A24424T,S:V951V;S:Q954H,32,247,0.1295546558704453,18,BA.1.15:1;BA.5.1:4;BA.2.75:11;BA.5.2:2
2192026,BA.2_0.01_abundance_0.15,A24424T;T24469A;A24595G,S:Q954H;S:N969K;S:Q1011Q,8,14,0.5714285714285714,36,BA.5.1:1;BA.1.1:10;BA.4.1:3;BQ.1.1.6:3;BA.2:3;BA.5.2:3;BA.4.6:3;BA.2.2:5;BA.1.15:1;BA.2.3:1;BA.5.2.1:1;BQ.1.12:1;BA.1:1
2192026,BA.2_0.01_abundance_0.15,T24469A;A24595G,S:N969K;S:Q1011Q,26,65,0.4,36,BA.5.1:1;BA.1.1:10;BA.4.1:3;BQ.1.1.6:3;BA.2:3;BA.5.2:3;BA.4.6:3;BA.2.2:5;BA.1.15:1;BA.2.3:1;BA.5.2.1:1;BQ.1.12:1;BA.1:1
2192026,BA.2_0.01_abundance_0.15,C24789G;T24799C;C24801G;T24841C;C25000T,S:T1076R;S:P1079P;S:A1080G;S:G1093G;S:D1146D,43,1593,0.0269930947897049,0,
2192026,BA.2_0.01_abundance_0.15,C24789G;T24799C;T24841C;C25000T,S:T1076R;S:P1079P;S:G1093G;S:D1146D,34,1593,0.0213433772755806,0,
2192026,BA.2_0.01_abundance_0.15,C24801G;C25000T,S:A1080G;S:D1146D,801,1593,0.5028248587570622,0,
2192026,BA.2_0.01_abundance_0.15,T25237A;G25273T;A25277T,S:I1225I;S:M1237I;S:S1239C,62,1154,0.0537261698440207,0,
2192026,BA.2_0.01_abundance_0.15,T25676A;C25700A;A25762G;G25770C;T25858C;T25893A,ORF3a:L95*;ORF3a:A103D;ORF3a:I124V;ORF3a:R126S;ORF3a:Y156H;ORF3a:I167I,15,466,0.0321888412017167,0,
2192026,BA.2_0.01_abundance_0.15,A25986T;A26019G;T26067A;A26098C;G26152T;C26270T,ORF3a:K198N;ORF3a:S209S;ORF3a:V225V;ORF3a:I236L;ORF3a:G254*;E:T9I,10,409,0.0244498777506112,0,
2192026,BA.2_0.01_abundance_0.15,A25986T;A26019G;T26067A;A26098C;G26107C;G26152T;C26270T,ORF3a:K198N;ORF3a:S209S;ORF3a:V225V;ORF3a:I236L;ORF3a:E239Q;ORF3a:G254*;E:T9I,7,409,0.0171149144254278,0,
2192026,BA.2_0.01_abundance_0.15,G26107C;C26270T,ORF3a:E239Q;E:T9I,199,409,0.4865525672371638,107,AY.25:58;BA.1.1:6;BA.1:3;BA.5.2.6:1;BA.1.13.1:2;AY.25.1:24;AY.75:1;B.1.1.529:1;AY.25.3:2;BA.1.17.2:2;BA.2:4;BA.1.18:1;BA.1.15:2
2192026,BA.2_0.01_abundance_0.15,C26270T;T26345A,E:T9I;E:L34H,13,193,0.0673575129533678,0,
2192026,BA.2_0.01_abundance_0.15,C26270T;T26371A,E:T9I;E:C43S,5,193,0.0259067357512953,0,
2192026,BA.2_0.01_abundance_0.15,C26270T;T26331G,E:T9I;E:V29V,8,193,0.0414507772020725,2,BA.2:2
2192026,BA.2_0.01_abundance_0.15,C26577G;G26709A;T26714C;C26858T,M:Q19E;M:A63T;M:C64C;M:F112F,108,2003,0.0539191213180229,32,BA.2.12.1:9;BA.2.9:1;BA.2:14;BL.2:1;BA.2.3:3;BA.2.3.12:3;BA.2.38:1
2192026,BA.2_0.01_abundance_0.15,C26577G;G26709A;C26858T;G26886C,M:Q19E;M:A63T;M:F112F;M:V122L,5,85,0.0588235294117647,0,
2192026,BA.2_0.01_abundance_0.15,C26858T;C27078G,M:F112F;M:R186G,7,8,0.875,1,BA.2.3:1
2192026,BA.2_0.01_abundance_0.15,G26886C;A27036G;A27068G,M:V122L;M:T172A;M:G182G,7,189,0.037037037037037,0,
2192026,BA.2_0.01_abundance_0.15,A27253C;C27323A;G27382C;A27383T;T27384C;T27419G;T27435G,ORF6:I18L;ORF6:S41Y;ORF6:D61H;ORF6:D61V;ORF6:D61D;ORF7a:L9R;ORF7a:T14T,73,1606,0.0454545454545454,0,
2192026,BA.2_0.01_abundance_0.15,C27879T;A27976C;G27990A;T28046A;A28052T;T28053G,ORF7b:H42Y;ORF8:H28P;ORF8:V33I;ORF8:A51A;ORF8:K53N;ORF8:S54A,65,1211,0.0536746490503715,0,
2192026,BA.2_0.01_abundance_0.15,T28226C;C28311T;T28323A,ORF8:Y111Y;N:P13L;N:F17Y,134,2667,0.0502437195350581,0,
2192026,BA.2_0.01_abundance_0.15,A29127G;T29165A;C29250A;A29320T,N:N285S;N:Y298N;N:P326H;N:Q349H,12,706,0.0169971671388102,0,
2192026,BA.2_0.01_abundance_0.15,A29127G;T29165A;G29235T;C29250A;A29320T,N:N285S;N:Y298N;N:G321V;N:P326H;N:Q349H,19,706,0.0269121813031161,0,
2192026,BA.2_0.01_abundance_0.15,G29235T;G29260C,N:G321V;N:T329T,24,738,0.032520325203252,0,
2262026,BA.2_0.01_abundance_0.15,G386T;T661C;T670G,ORF1a:E41*;ORF1a:G132G;ORF1a:S135R,245,2995,0.0818030050083472,0,
2262026,BA.2_0.01_abundance_0.15,T670G;A828C,ORF1a:S135R;ORF1a:N188T,18,243,0.074074074074074,2,BA.2:1;BA.5.5:1
2262026,BA.2_0.01_abundance_0.15,T670G;A828C;A846C,ORF1a:S135R;ORF1a:N188T;ORF1a:D194A,18,243,0.074074074074074,0,
2262026,BA.2_0.01_abundance_0.15,T670G;T735A,ORF1a:S135R;ORF1a:F157Y,51,243,0.2098765432098765,4,XAE:2;BF.5:1;BA.2.3.20:1
2262026,BA.2_0.01_abundance_0.15,T670G;A846C,ORF1a:S135R;ORF1a:D194A,28,243,0.1152263374485596,15,BA.2.75:1;BA.5.2:1;BA.2:2;BA.5.1:2;BF.7.5.1:2;BF.21:1;BA.4:1;BA.4.1:1;BA.2.3:1;BF.7:1;BA.2.35:1;BF.18:1
2262026,BA.2_0.01_abundance_0.15,T670G;T735A;A828C;A846C,ORF1a:S135R;ORF1a:F157Y;ORF1a:N188T;ORF1a:D194A,23,243,0.0946502057613168,0,
2262026,BA.2_0.01_abundance_0.15,T670G;T735A;A828C,ORF1a:S135R;ORF1a:F157Y;ORF1a:N188T,23,243,0.0946502057613168,0,
2262026,BA.2_0.01_abundance_0.15,T670G;T735A;A846C,ORF1a:S135R;ORF1a:F157Y;ORF1a:D194A,30,243,0.1234567901234567,0,
2262026,BA.2_0.01_abundance_0.15,T735A;A846C,ORF1a:F157Y;ORF1a:D194A,326,2288,0.1424825174825174,0,
2262026,BA.2_0.01_abundance_0.15,T735A;A828C,ORF1a:F157Y;ORF1a:N188T,227,2288,0.0992132867132867,0,
2262026,BA.2_0.01_abundance_0.15,T735A;A828C;A846C,ORF1a:F157Y;ORF1a:N188T;ORF1a:D194A,177,2288,0.0773601398601398,0,
2262026,BA.2_0.01_abundance_0.15,T735A;T867A;T889C;G984T,ORF1a:F157Y;ORF1a:I201N;ORF1a:A208A;ORF1a:W240L,48,1608,0.0298507462686567,0,
2262026,BA.2_0.01_abundance_0.15,T735A;A846C;T867A;T889C;G984T,ORF1a:F157Y;ORF1a:D194A;ORF1a:I201N;ORF1a:A208A;ORF1a:W240L,34,1608,0.0211442786069651,0,
2262026,BA.2_0.01_abundance_0.15,A828C;A846C,ORF1a:N188T;ORF1a:D194A,121,2288,0.0528846153846153,0,
2262026,BA.2_0.01_abundance_0.15,A846C;T867A;T889C;G984T,ORF1a:D194A;ORF1a:I201N;ORF1a:A208A;ORF1a:W240L,23,1608,0.0143034825870646,0,
2262026,BA.2_0.01_abundance_0.15,T867A;T889C;G984T,ORF1a:I201N;ORF1a:A208A;ORF1a:W240L,27,1608,0.0167910447761194,0,
2262026,BA.2_0.01_abundance_0.15,T1040A;A1071G;A1132T;G984T,ORF1a:L259M;ORF1a:E269G;ORF1a:E289D;ORF1a:W240L,28,430,0.0651162790697674,0,
2262026,BA.2_0.01_abundance_0.15,T1040A;A1071G;A1132T;G1287T;G984T,ORF1a:L259M;ORF1a:E269G;ORF1a:E289D;ORF1a:C341F;ORF1a:W240L,5,366,0.0136612021857923,0,
2262026,BA.2_0.01_abundance_0.15,T1040A;A1071G;A1132T,ORF1a:L259M;ORF1a:E269G;ORF1a:E289D,7,538,0.0130111524163568,0,
2262026,BA.2_0.01_abundance_0.15,A1630G;A1881T,ORF1a:Q455Q;ORF1a:E539V,97,1346,0.0720653789004457,0,
2262026,BA.2_0.01_abundance_0.15,A1630G;T1854C,ORF1a:Q455Q;ORF1a:L530P,53,1346,0.0393759286775631,0,
2262026,BA.2_0.01_abundance_0.15,A1630G;T1854C;A1881T,ORF1a:Q455Q;ORF1a:L530P;ORF1a:E539V,64,1346,0.0475482912332838,0,
2262026,BA.2_0.01_abundance_0.15,T1854C;A1881T,ORF1a:L530P;ORF1a:E539V,193,1347,0.1432813659985152,0,
2262026,BA.2_0.01_abundance_0.15,A2085T;T2148G,ORF1a:Q607L;ORF1a:L628R,8,133,0.0601503759398496,0,
2262026,BA.2_0.01_abundance_0.15,T2660G;C2790T,ORF1a:Y799D;ORF1a:T842I,10,97,0.1030927835051546,0,
2262026,BA.2_0.01_abundance_0.15,G2686A;C2790T,ORF1a:M807I;ORF1a:T842I,5,97,0.0515463917525773,1,BA.5.2:1
2262026,BA.2_0.01_abundance_0.15,A2928C;C3037T,ORF1a:E888A;ORF1a:F924F,46,303,0.1518151815181518,376,AY.43:22;BA.2:62;AY.119:8;BA.1.1:7;AY.25.1:217;BA.5.1:2;B.1.177.81:5;AY.99.2:2;AY.100:1;B.1:1;BA.5.2:1;BA.1.19:2;AY.103:3;BA.2.9:1;AY.4:9;AY.25:3;AY.120.1:15;BA.5.2.9:1;B.1.1.519:1;P.1.7:2;AY.13:1;BA.5.2.1:1;BA.1.1.15:1;B.1.1.7:2;BA.2.12.1:2;BA.5.1.21:2;P.1.14:1;AY.101:1
2262026,BA.2_0.01_abundance_0.15,T2935G;C3037T;T3160G,ORF1a:L890L;ORF1a:F924F;ORF1a:T965T,16,241,0.0663900414937759,0,
2262026,BA.2_0.01_abundance_0.15,T2935G;C3037T,ORF1a:L890L;ORF1a:F924F,6,303,0.0198019801980198,12,AY.3:1;BA.1.1:2;AY.103:8;B.1.617.2:1
2262026,BA.2_0.01_abundance_0.15,G3242A;G3471C,ORF1a:G993S;ORF1a:G1069A,120,1220,0.0983606557377049,0,
2262026,BA.2_0.01_abundance_0.15,G3242A;A3427C;G3471C,ORF1a:G993S;ORF1a:P1054P;ORF1a:G1069A,19,1220,0.0155737704918032,0,
2262026,BA.2_0.01_abundance_0.15,T3324G;G3471C,ORF1a:V1020G;ORF1a:G1069A,20,1220,0.0163934426229508,0,
2262026,BA.2_0.01_abundance_0.15,A3427C;G3471C,ORF1a:P1054P;ORF1a:G1069A,67,1220,0.0549180327868852,0,
2262026,BA.2_0.01_abundance_0.15,C3515G;A3531T;T3533G,ORF1a:Q1084E;ORF1a:D1089V;ORF1a:Y1090D,5,92,0.0543478260869565,0,
2262026,BA.2_0.01_abundance_0.15,A3819G;A3963C;A4027T,ORF1a:K1185R;ORF1a:K1233T;ORF1a:L1254F,28,431,0.0649651972157772,0,
2262026,BA.2_0.01_abundance_0.15,A4336G;T4599G,ORF1a:P1357P;ORF1a:L1445R,103,1171,0.0879590093936806,0,
2262026,BA.2_0.01_abundance_0.15,A4759T;A4821T;A4838T,ORF1a:E1498D;ORF1a:Q1519L;ORF1a:I1525L,121,1415,0.085512367491166,0,
2262026,BA.2_0.01_abundance_0.15,T4846C;C4901G,ORF1a:F1527F;ORF1a:L1546V,34,1318,0.0257966616084977,0,
2262026,BA.2_0.01_abundance_0.15,T4846C;G4975A,ORF1a:F1527F;ORF1a:V1570V,21,858,0.0244755244755244,0,
2262026,BA.2_0.01_abundance_0.15,C4901G;G4975A,ORF1a:L1546V;ORF1a:V1570V,47,858,0.0547785547785547,0,
2262026,BA.2_0.01_abundance_0.15,G5642C;T5707G;A5906C,ORF1a:A1793P;ORF1a:Y1814*;ORF1a:T1881P,71,636,0.1116352201257861,0,
2262026,BA.2_0.01_abundance_0.15,G5642C;T5707G,ORF1a:A1793P;ORF1a:Y1814*,8,773,0.0103492884864165,0,
2262026,BA.2_0.01_abundance_0.15,A5906C;A6019C;T6096G;T6165A,ORF1a:T1881P;ORF1a:Q1918H;ORF1a:L1944*;ORF1a:V1967E,15,308,0.0487012987012987,0,
2262026,BA.2_0.01_abundance_0.15,A5906C;A6019C;T6096G;T6165A;T6168A,ORF1a:T1881P;ORF1a:Q1918H;ORF1a:L1944*;ORF1a:V1967E;ORF1a:V1968E,5,308,0.0162337662337662,0,
2262026,BA.2_0.01_abundance_0.15,A6019C;T6096G;T6165A,ORF1a:Q1918H;ORF1a:L1944*;ORF1a:V1967E,12,515,0.0233009708737864,0,
2262026,BA.2_0.01_abundance_0.15,A6019C;T6096G;T6165A;T6168A,ORF1a:Q1918H;ORF1a:L1944*;ORF1a:V1967E;ORF1a:V1968E,6,515,0.0116504854368932,0,
2262026,BA.2_0.01_abundance_0.15,A6331G;G6362A;C6408T;A6466T,ORF1a:S2022S;ORF1a:A2033T;ORF1a:S2048F;ORF1a:K2067N,97,1186,0.081787521079258,0,
2262026,BA.2_0.01_abundance_0.15,A6331G;G6362A;C6408T;A6466T;A6505C,ORF1a:S2022S;ORF1a:A2033T;ORF1a:S2048F;ORF1a:K2067N;ORF1a:A2080A,10,919,0.0108813928182807,0,
2262026,BA.2_0.01_abundance_0.15,A6444G;A6505C,ORF1a:D2060G;ORF1a:A2080A,21,919,0.0228509249183895,0,
2262026,BA.2_0.01_abundance_0.15,A6659C;T6700G;A6707T;C6723T,ORF1a:S2132R;ORF1a:F2145L;ORF1a:K2148*;ORF1a:T2153I,40,495,0.0808080808080808,0,
2262026,BA.2_0.01_abundance_0.15,A6659C;T6700G;A6707T,ORF1a:S2132R;ORF1a:F2145L;ORF1a:K2148*,6,528,0.0113636363636363,0,
2262026,BA.2_0.01_abundance_0.15,C7769A;A7953C,ORF1a:H2502N;ORF1a:Q2563P,101,1208,0.0836092715231788,0,
2262026,BA.2_0.01_abundance_0.15,A8012T;T8119G;G8189T;T8221C;C8262A,ORF1a:S2583C;ORF1a:A2618A;ORF1a:V2642F;ORF1a:V2652V;ORF1a:T2666N,54,845,0.0639053254437869,0,
2262026,BA.2_0.01_abundance_0.15,C8327T;A8364C;T8402C,ORF1a:L2688F;ORF1a:N2700T;ORF1a:W2713R,32,364,0.0879120879120879,0,
2262026,BA.2_0.01_abundance_0.15,A8699T;T8886C,ORF1a:I2812F;ORF1a:L2874S,97,1003,0.0967098703888335,0,
2262026,BA.2_0.01_abundance_0.15,A8976C;A9019C;T9059G;T9107A;C9144G;A9193G,ORF1a:E2904A;ORF1a:E2918D;ORF1a:Y2932D;ORF1a:L2948I;ORF1a:S2960C;ORF1a:V2976V,179,1948,0.0918891170431211,0,
2262026,BA.2_0.01_abundance_0.15,T9292G;C9344T;A9424G;C9534T,ORF1a:D3009E;ORF1a:L3027F;ORF1a:V3053V;ORF1a:T3090I,33,84,0.3928571428571428,5,BA.5.1:2;BA.2:1;BA.5.2:1;BQ.1.1:1
2262026,BA.2_0.01_abundance_0.15,T9292G;C9344T;A9424G,ORF1a:D3009E;ORF1a:L3027F;ORF1a:V3053V,6,98,0.0612244897959183,5,BA.5.1:2;BA.2:1;BA.5.2:1;BQ.1.1:1
2262026,BA.2_0.01_abundance_0.15,A9301G;C9308A;C9344T;A9350T;G9355C;T9385C;A9424G;T9466C;T9478A;C9534T,ORF1a:R3012R;ORF1a:P3015T;ORF1a:L3027F;ORF1a:N3029Y;ORF1a:M3030I;ORF1a:A3040A;ORF1a:V3053V;ORF1a:F3067F;ORF1a:F3071L;ORF1a:T3090I,6,84,0.0714285714285714,0,
2262026,BA.2_0.01_abundance_0.15,C9534T;T9657C,ORF1a:T3090I;ORF1a:M3131T,128,1605,0.0797507788161993,20,BA.5:1;BQ.1.1:1;BA.5.2.1:1;BA.5.1:3;BA.5.2.12:1;BA.2:7;BA.2.9:4;BF.7:2
2262026,BA.2_0.01_abundance_0.15,G10447A;T10513A,ORF1a:R3394R;ORF1a:D3416E,352,543,0.6482504604051565,0,
2262026,BA.2_0.01_abundance_0.15,G10447A;T10573A,ORF1a:R3394R;ORF1a:A3436A,8,543,0.0147329650092081,43,BA.5.3.3:1;BA.2.69:1;BF.5:8;BA.5.6:1;BA.2:9;XBB.1:1;BA.5.2.1:1;BA.5.2:4;BA.2.3:1;BA.4.1:2;BA.2.12.1:5;BA.2.1:2;BA.2.75:3;BA.5.1.1:1;BA.5.1.5:1;BA.2.18:1;BE.1.1:1
2262026,BA.2_0.01_abundance_0.15,G10447A;T10513C,ORF1a:R3394R;ORF1a:D3416D,20,543,0.0368324125230202,382,BA.2.12.1:38;BA.5.2.1:9;BA.2:122;BE.3:105;BA.5.1:17;BA.2.56:23;BA.5.1.23:1;BA.2.10:26;BQ.1.3:1;BA.5.1.22:1;BE.1.4:5;BA.2.9:4;BQ.1.11:1;BA.2.30:1;BA.5.2:9;BA.5.2.21:2;BA.5.5:2;BA.2.3:4;BA.5.1.4:1;BQ.1.1.22:1;BA.2.26:1;BF.14:2;BN.1:1;BA.5.2.3:1;BA.5.9:1;BE.1.1:1;AY.108:1;BF.7:1
2262026,BA.2_0.01_abundance_0.15,G10447A;T10513A;T10573A,ORF1a:R3394R;ORF1a:D3416E;ORF1a:A3436A,22,543,0.0405156537753222,0,
2262026,BA.2_0.01_abundance_0.15,T11186G;A11206G,ORF1a:L3641V;ORF1a:V3647V,86,1122,0.0766488413547237,0,
2262026,BA.2_0.01_abundance_0.15,T11186G;A11206G;G11365C,ORF1a:L3641V;ORF1a:V3647V;ORF1a:V3700V,6,56,0.1071428571428571,0,
2262026,BA.2_0.01_abundance_0.15,G11365C;C11379A;T11422A;C11460T;C11626T,ORF1a:V3700V;ORF1a:A3705D;ORF1a:Y3719*;ORF1a:S3732F;ORF1a:G3787G,6,589,0.0101867572156196,0,
2262026,BA.2_0.01_abundance_0.15,G11365C;C11379A;T11422A;C11626T,ORF1a:V3700V;ORF1a:A3705D;ORF1a:Y3719*;ORF1a:G3787G,37,589,0.0628183361629881,0,
2262026,BA.2_0.01_abundance_0.15,G11365C;C11379A;T11422A,ORF1a:V3700V;ORF1a:A3705D;ORF1a:Y3719*,8,644,0.0124223602484472,0,
2262026,BA.2_0.01_abundance_0.15,C11626T;A11827T;C11878G,ORF1a:G3787G;ORF1a:K3854N;ORF1a:V3871V,9,262,0.0343511450381679,0,
2262026,BA.2_0.01_abundance_0.15,C11626T;A11827T;A11846T;C11878G,ORF1a:G3787G;ORF1a:K3854N;ORF1a:K3861*;ORF1a:V3871V,17,262,0.0648854961832061,0,
2262026,BA.2_0.01_abundance_0.15,A12004G;A12121G;C12144T;C12183T,ORF1a:S3913S;ORF1a:P3952P;ORF1a:A3960V;ORF1a:S3973F,185,2400,0.0770833333333333,0,
2262026,BA.2_0.01_abundance_0.15,C12144T;C12183T;A12264G;A12293T;A12298C;T12365A,ORF1a:A3960V;ORF1a:S3973F;ORF1a:K4000R;ORF1a:T4010S;ORF1a:Q4011H;ORF1a:F4034I,33,423,0.0780141843971631,0,
2262026,BA.2_0.01_abundance_0.15,C12144T;C12183T;A12264G;A12293T;A12298C,ORF1a:A3960V;ORF1a:S3973F;ORF1a:K4000R;ORF1a:T4010S;ORF1a:Q4011H,5,466,0.0107296137339055,0,
2262026,BA.2_0.01_abundance_0.15,C12183T;A12264G;A12293T;A12298C;T12365A,ORF1a:S3973F;ORF1a:K4000R;ORF1a:T4010S;ORF1a:Q4011H;ORF1a:F4034I,104,1662,0.062575210589651,0,
2262026,BA.2_0.01_abundance_0.15,T12711G;T12739C,ORF1a:L4149R;ORF1a:T4158T,342,3945,0.0866920152091254,0,
2262026,BA.2_0.01_abundance_0.15,T12739C;C12880T;G12938T;G13017C,ORF1a:T4158T;ORF1a:I4205I;ORF1a:V4225L;ORF1a:R4251P,5,127,0.0393700787401574,0,
2262026,BA.2_0.01_abundance_0.15,G12817T;C12880T;A12951G,ORF1a:L4184L;ORF1a:I4205I;ORF1a:Y4229C,330,1196,0.2759197324414715,0,
2262026,BA.2_0.01_abundance_0.15,G12817T;C12880T;C12896A,ORF1a:L4184L;ORF1a:I4205I;ORF1a:P4211T,78,1196,0.0652173913043478,0,
2262026,BA.2_0.01_abundance_0.15,G12817T;C12880T,ORF1a:L4184L;ORF1a:I4205I,250,1196,0.2090301003344481,118,BA.2.75:5;BA.5.2.3:26;AY.4:6;BA.5.1:19;BF.5:1;BA.5.2:17;BA.2.9:2;BA.2.12.1:2;BF.10:1;BA.2.5:3;BA.2.1:2;B.1.466.2:1;BA.2:9;BA.4.1:6;B.1.1:1;BA.2.3.1:2;BA.5.1.3:1;BA.2.56:1;CK.2.1:1;BE.1:1;BA.5.2.1:1;BA.5:1;BA.5.1.10:3;BQ.1:1;BA.5.1.22:1;AY.121:2;XBB.2:1;BF.11:1
2262026,BA.2_0.01_abundance_0.15,G12817T;C12880T;C12896A;A12951G,ORF1a:L4184L;ORF1a:I4205I;ORF1a:P4211T;ORF1a:Y4229C,88,1196,0.0735785953177257,0,
2262026,BA.2_0.01_abundance_0.15,C12880T;A12951G,ORF1a:I4205I;ORF1a:Y4229C,133,1196,0.1112040133779264,0,
2262026,BA.2_0.01_abundance_0.15,C12880T;C12896A,ORF1a:I4205I;ORF1a:P4211T,40,1196,0.0334448160535117,152,BA.2:29;BA.2.7:1;BA.5.2.1:14;BA.5.2:46;BF.4:1;BA.4.6:2;BF.24:2;BA.5.1:7;BA.2.12:1;BF.10:6;BA.2.36:1;BA.4.1:1;BF.7.4.1:12;BA.2.75:3;BA.2.9:1;BF.5:2;BA.2.3:2;BA.5.3.3:2;BE.4:1;BA.2.12.1:17;BA.5.8:1
2262026,BA.2_0.01_abundance_0.15,C12880T;C12896A;A12951G,ORF1a:I4205I;ORF1a:P4211T;ORF1a:Y4229C,49,1196,0.0409698996655518,0,
2262026,BA.2_0.01_abundance_0.15,C12880T;G12938T;A12951G;G13017C,ORF1a:I4205I;ORF1a:V4225L;ORF1a:Y4229C;ORF1a:R4251P,35,1119,0.0312779267202859,0,
2262026,BA.2_0.01_abundance_0.15,C12880T;C12896A;G12938T;A12951G;G13017C,ORF1a:I4205I;ORF1a:P4211T;ORF1a:V4225L;ORF1a:Y4229C;ORF1a:R4251P,13,1119,0.0116175156389633,0,
2262026,BA.2_0.01_abundance_0.15,C12880T;G12938T;G13017C,ORF1a:I4205I;ORF1a:V4225L;ORF1a:R4251P,31,1119,0.0277033065236818,0,
2262026,BA.2_0.01_abundance_0.15,A13747C;A13798C;C13814G;A13882T;A13889G,ORF1b:K94Q;ORF1b:T111P;ORF1b:A116G;ORF1b:T139S;ORF1b:N141S,13,120,0.1083333333333333,0,
2262026,BA.2_0.01_abundance_0.15,C13994A;C14184A,ORF1b:A176D;ORF1b:T239T,149,1642,0.0907429963459196,0,
2262026,BA.2_0.01_abundance_0.15,T14287G;A14312C;C14408T;C14524G,ORF1b:F274V;ORF1b:D282A;ORF1b:P314L;ORF1b:H353D,13,644,0.0201863354037267,0,
2262026,BA.2_0.01_abundance_0.15,T14287G;A14312C;A14353G;C14408T;C14524G;T14558A,ORF1b:F274V;ORF1b:D282A;ORF1b:R296G;ORF1b:P314L;ORF1b:H353D;ORF1b:V364E,16,467,0.0342612419700214,0,
2262026,BA.2_0.01_abundance_0.15,T14287G;A14312C;C14408T;C14524G;T14558A,ORF1b:F274V;ORF1b:D282A;ORF1b:P314L;ORF1b:H353D;ORF1b:V364E,29,467,0.0620985010706638,0,
2262026,BA.2_0.01_abundance_0.15,T14296G;C14408T;A14475G,ORF1b:Y277D;ORF1b:P314L;ORF1b:G336G,12,645,0.0186046511627906,0,
2262026,BA.2_0.01_abundance_0.15,A14353G;C14408T;A14475G,ORF1b:R296G;ORF1b:P314L;ORF1b:G336G,113,645,0.1751937984496124,1,AY.27:1
2262026,BA.2_0.01_abundance_0.15,A14353G;C14408T,ORF1b:R296G;ORF1b:P314L,46,692,0.0664739884393063,31,B.1.526:2;B.1.1.7:7;BA.1.1.18:2;AY.27:1;BA.1.1:4;BA.5.2:2;AY.44:1;BA.2.3:1;BA.1.15:2;AY.122:4;B.1.617.2:1;BA.5.2.1:1;B.1.2:1;AY.21:1;BE.1:1
2262026,BA.2_0.01_abundance_0.15,C15222G;C15371T,ORF1b:F585L;ORF1b:T635M,123,1552,0.0792525773195876,0,
2262026,BA.2_0.01_abundance_0.15,T15551A;C15714T;A15739T,ORF1b:V695D;ORF1b:L749L;ORF1b:N758Y,209,2487,0.0840369923602734,0,
2262026,BA.2_0.01_abundance_0.15,A16218T;T16450C,ORF1b:T917T;ORF1b:C995R,46,467,0.0985010706638115,0,
2262026,BA.2_0.01_abundance_0.15,T16450C;T16533A;A16556C;A16581C,ORF1b:C995R;ORF1b:G1022G;ORF1b:N1030T;ORF1b:T1038T,18,186,0.0967741935483871,0,
2262026,BA.2_0.01_abundance_0.15,T16533A;A16556C;A16581C,ORF1b:G1022G;ORF1b:N1030T;ORF1b:T1038T,36,680,0.0529411764705882,0,
2262026,BA.2_0.01_abundance_0.15,T16863C;A16933T;G16968A,ORF1b:V1132V;ORF1b:M1156L;ORF1b:E1167E,141,1653,0.0852994555353902,0,
2262026,BA.2_0.01_abundance_0.15,T17114A;T17291G;C17410T,ORF1b:I1216N;ORF1b:L1275*;ORF1b:R1315C,54,4219,0.012799241526428,0,
2262026,BA.2_0.01_abundance_0.15,T17114A;C17410T,ORF1b:I1216N;ORF1b:R1315C,244,4219,0.0578336098601564,1,BA.2.9:1
2262026,BA.2_0.01_abundance_0.15,C17127G;C17239A;T17301C,ORF1b:L1220L;ORF1b:P1258T;ORF1b:Y1278Y,230,7340,0.0313351498637602,0,
2262026,BA.2_0.01_abundance_0.15,C17127G;C17239A;T17301C;C17410T,ORF1b:L1220L;ORF1b:P1258T;ORF1b:Y1278Y;ORF1b:R1315C,320,4487,0.0713171383998217,0,
2262026,BA.2_0.01_abundance_0.15,A17192C;C17410T,ORF1b:E1242A;ORF1b:R1315C,223,4487,0.0496991308223757,42,BA.2.9:1;BA.2:25;BA.5.5:3;BA.5.6:1;BA.2.3.5:2;BA.4:1;BA.2.3:5;BA.5.1.5:1;BF.5:1;BA.5.9:1;BA.5.2:1
2262026,BA.2_0.01_abundance_0.15,T17291G;C17410T,ORF1b:L1275*;ORF1b:R1315C,551,4487,0.122799197682193,0,
2262026,BA.2_0.01_abundance_0.15,C17410T;T17545C,ORF1b:R1315C;ORF1b:F1360L,17,237,0.0717299578059071,4,BA.2.9:1;BA.4.1:1;BQ.1.1.1:1;BA.5.1.8:1
2262026,BA.2_0.01_abundance_0.15,A17758G;T17803G;A17807C;T17813C;C17953A;A17961T,ORF1b:K1431E;ORF1b:S1446A;ORF1b:K1447T;ORF1b:L1449S;ORF1b:L1496I;ORF1b:I1498I,19,286,0.0664335664335664,0,
2262026,BA.2_0.01_abundance_0.15,C18058G;A18093T;C18120A;A18163G;T18236G;A18277T;T18285C,ORF1b:L1531V;ORF1b:L1542F;ORF1b:L1551L;ORF1b:I1566V;ORF1b:V1590G;ORF1b:I1604L;ORF1b:H1606H,51,647,0.0788253477588871,0,
2262026,BA.2_0.01_abundance_0.15,A18277T;T18285C;C18501A,ORF1b:I1604L;ORF1b:H1606H;ORF1b:Y1678*,7,53,0.1320754716981132,0,
2262026,BA.2_0.01_abundance_0.15,T18285C;C18501A,ORF1b:H1606H;ORF1b:Y1678*,8,189,0.0423280423280423,0,
2262026,BA.2_0.01_abundance_0.15,C18355A;C18501A,ORF1b:P1630T;ORF1b:Y1678*,12,913,0.013143483023001,0,
2262026,BA.2_0.01_abundance_0.15,T18660A;G18679C;C18701G;G18734C;G18756T,ORF1b:C1731*;ORF1b:A1738P;ORF1b:S1745*;ORF1b:G1756A;ORF1b:P1763P,259,2829,0.0915517850830682,0,
2262026,BA.2_0.01_abundance_0.15,A19603C;A19609G;G19670C;A19717C,ORF1b:T2046P;ORF1b:T2048A;ORF1b:G2068A;ORF1b:T2084P,16,191,0.0837696335078534,0,
2262026,BA.2_0.01_abundance_0.15,A20522T;A20535G;A20588T;T20602C;A20651C;A20657T;C20759T,ORF1b:D2352V;ORF1b:I2356M;ORF1b:D2374V;ORF1b:S2379P;ORF1b:K2395T;ORF1b:Q2397L;ORF1b:A2431V,6,287,0.0209059233449477,0,
2262026,BA.2_0.01_abundance_0.15,A20535G;A20588T;T20602C;A20651C;A20657T;C20759T,ORF1b:I2356M;ORF1b:D2374V;ORF1b:S2379P;ORF1b:K2395T;ORF1b:Q2397L;ORF1b:A2431V,17,287,0.0592334494773519,0,
2262026,BA.2_0.01_abundance_0.15,A21720C;T21739A;T21775G;A21822T;G21954A;A21964G;G21987A,S:D53A;S:F59L;S:S71S;S:N87I;S:C131Y;S:Q134Q;S:G142D,71,760,0.0934210526315789,0,
2262026,BA.2_0.01_abundance_0.15,T21729G;G21987A,S:L56*;S:G142D,26,760,0.0342105263157894,1,BA.5.5:1
2262026,BA.2_0.01_abundance_0.15,A22980G;G22992A;C22995A;A23013C;A23040G;A23063T,S:Y473C;S:S477N;S:T478K;S:E484A;S:Q493R;S:N501Y,142,460,0.308695652173913,1,BA.1.17:1
2262026,BA.2_0.01_abundance_0.15,A22980G;G22992A;C22995A;A23013C;A23040G;A23063T;A23125G,S:Y473C;S:S477N;S:T478K;S:E484A;S:Q493R;S:N501Y;S:P521P,7,460,0.0152173913043478,0,
2262026,BA.2_0.01_abundance_0.15,A22980G;G22992A;C22995A;A23013C;A23040G,S:Y473C;S:S477N;S:T478K;S:E484A;S:Q493R,9,495,0.0181818181818181,1,BA.1.17:1
2262026,BA.2_0.01_abundance_0.15,G22992A;C22995A;A23013C;A23040G;A23063T;A23125G,S:S477N;S:T478K;S:E484A;S:Q493R;S:N501Y;S:P521P,32,460,0.0695652173913043,100,BA.2.9:29;BA.2:36;BA.1.1:17;BA.1:10;BA.1.1.15:1;BA.2.12:2;BA.1.17.2:1;BA.1.15:2;BA.1.1.1:1;BA.2.47:1
2262026,BA.2_0.01_abundance_0.15,G23222T;A23403G,S:E554*;S:D614G,125,5255,0.0237868696479543,2,AY.25:1;B.1:1
2262026,BA.2_0.01_abundance_0.15,A23253G;A23403G,S:Q564R;S:D614G,1059,5255,0.201522359657469,2,AY.1:1;BA.2:1
2262026,BA.2_0.01_abundance_0.15,A23253G;C23320G;A23403G,S:Q564R;S:D586E;S:D614G,89,5255,0.0169362511893434,0,
2262026,BA.2_0.01_abundance_0.15,C23320G;A23403G,S:D586E;S:D614G,344,5256,0.0654490106544901,3,B.1:1;AY.4:1;B.1.617.2:1
2262026,BA.2_0.01_abundance_0.15,C23525T;G23587T;T23599G;C23604A;T23681G,S:H655Y;S:Q675H;S:N679K;S:P681H;S:Y707D,8,131,0.0610687022900763,0,
2262026,BA.2_0.01_abundance_0.15,G23948T;A23998G;A24005T;T24011A;A24036G;C24130A,S:D796Y;S:P812P;S:R815W;S:F817I;S:K825R;S:N856K,15,147,0.1020408163265306,0,
2262026,BA.2_0.01_abundance_0.15,G23948T;A23998G;A24005T;T24011A;A24036G,S:D796Y;S:P812P;S:R815W;S:F817I;S:K825R,8,332,0.0240963855421686,0,
2262026,BA.2_0.01_abundance_0.15,C24130A;G24169T;T24294A;C24358G;G24392A;A24424T,S:N856K;S:M869I;S:V911D;S:G932G;S:A944T;S:Q954H,110,1312,0.0838414634146341,0,
2262026,BA.2_0.01_abundance_0.15,C24130A;G24169T;T24294A;C24358G;G24392A,S:N856K;S:M869I;S:V911D;S:G932G;S:A944T,68,1883,0.0361125862984599,0,
2262026,BA.2_0.01_abundance_0.15,A24424T;A24591T;A24614T;C24627T;G24678A,S:Q954H;S:Q1010L;S:I1018F;S:A1022V;S:R1039K,5,53,0.0943396226415094,0,
2262026,BA.2_0.01_abundance_0.15,A24424T;T24688A,S:Q954H;S:F1042L,5,53,0.0943396226415094,0,
2262026,BA.2_0.01_abundance_0.15,A24591T;A24614T;C24627T;G24678A,S:Q1010L;S:I1018F;S:A1022V;S:R1039K,14,249,0.0562248995983935,0,
2262026,BA.2_0.01_abundance_0.15,C24789G;T24799C;T24841C;C25000T,S:T1076R;S:P1079P;S:G1093G;S:D1146D,61,756,0.0806878306878306,0,
2262026,BA.2_0.01_abundance_0.15,C24795G;C25000T,S:A1078G;S:D1146D,15,756,0.0198412698412698,1,BE.1.1:1
2262026,BA.2_0.01_abundance_0.15,T25237A;G25273T;A25277T,S:I1225I;S:M1237I;S:S1239C,77,962,0.08004158004158,0,
2262026,BA.2_0.01_abundance_0.15,C26270T;T26331G;T26453G,E:T9I;E:V29V;E:V70G,17,132,0.1287878787878787,0,
2262026,BA.2_0.01_abundance_0.15,C26577G;T26706C;G26709A;C26858T,M:Q19E;M:L62L;M:A63T;M:F112F,251,2684,0.0935171385991058,15,BA.2.12.1:6;BA.2.71:3;BA.2:2;BA.4.1:1;XBB.4:2;BA.2.75:1
2262026,BA.2_0.01_abundance_0.15,C26577G;T26706C;G26709A,M:Q19E;M:L62L;M:A63T,32,3047,0.0105021332458155,63,BA.2.12.1:6;BF.7.4.1:10;BA.5.1:7;BA.1.1:10;BA.5:1;BA.5.2.1:2;BA.1:3;BA.5.1.22:1;BA.5.2:3;BA.2.71:3;BA.2:2;BA.1.1.2:1;BF.5:1;BA.4.1:1;BA.1.1.12:4;BA.1.15.3:1;XBB.4:2;BA.5.3.1:1;BA.1.15:1;BA.1.18:1;BF.7.4:1;BA.2.75:1
2262026,BA.2_0.01_abundance_0.15,C26577G;G26709A;C26858T;G26886C,M:Q19E;M:A63T;M:F112F;M:V122L,11,113,0.0973451327433628,0,
2262026,BA.2_0.01_abundance_0.15,A27253C;C27323A;G27382C;A27383T;T27384C;T27419G;T27435G,ORF6:I18L;ORF6:S41Y;ORF6:D61H;ORF6:D61V;ORF6:D61D;ORF7a:L9R;ORF7a:T14T,239,2898,0.0824706694271911,0,
2262026,BA.2_0.01_abundance_0.15,C27879T;A27976C;G27990A;T28046A;A28052T;T28053G,ORF7b:H42Y;ORF8:H28P;ORF8:V33I;ORF8:A51A;ORF8:K53N;ORF8:S54A,77,996,0.0773092369477911,0,
2262026,BA.2_0.01_abundance_0.15,C27879T;A27976C;G27990A,ORF7b:H42Y;ORF8:H28P;ORF8:V33I,12,1075,0.0111627906976744,0,
2262026,BA.2_0.01_abundance_0.15,A28133T;C28311T;C28312G,ORF8:T80T;N:P13L;N:P13P,87,1821,0.0477759472817133,1,BA.1.1:1
2262026,BA.2_0.01_abundance_0.15,A28133T;C28311T,ORF8:T80T;N:P13L,96,1821,0.0527182866556836,37,BA.1.1:3;BA.2.9:13;BA.1:1;BA.4.6:2;BF.5:1;BA.5.2:3;BA.1.1.18:1;BA.4.1:1;BA.1.1.1:1;B.1.221:6;BA.2.12.1:2;BA.2:3
2262026,BA.2_0.01_abundance_0.15,T28226C;C28311T;C28312G;T28323A,ORF8:Y111Y;N:P13L;N:P13P;N:F17Y,72,1822,0.0395170142700329,0,
2262026,BA.2_0.01_abundance_0.15,T28226C;C28311T;T28323A,ORF8:Y111Y;N:P13L;N:F17Y,58,1822,0.0318331503841931,0,
2262026,BA.2_0.01_abundance_0.15,C28311T;C28312G,N:P13L;N:P13P,751,1822,0.4121844127332602,112,BA.2:18;BA.5.6:34;BA.1.1:16;BA.1:3;BA.4.6:2;BA.5.2:5;BA.2.9:7;BA.5.2.1:2;BA.2.12.1:14;BQ.1:1;BA.5.1.10:1;BF.14:1;BA.4:1;BA.5.1:1;BQ.1.23:1;BQ.1.1.22:1;BQ.1.1:1;BA.1.21.1:1;BA.1.1.7:1;BA.1.1.15:1
2262026,BA.2_0.01_abundance_0.15,A29127G;T29165A;C29250A;A29320T,N:N285S;N:Y298N;N:P326H;N:Q349H,41,1389,0.0295176385889128,0,
2262026,BA.2_0.01_abundance_0.15,A29127G;T29165A;T29206G;C29250A;A29320T,N:N285S;N:Y298N;N:A311A;N:P326H;N:Q349H,63,1389,0.0453563714902807,0,
2262026,BA.2_0.01_abundance_0.15,A29426G;A29510C,N:R385G;N:S413R,15,31,0.4838709677419355,62,BA.5.2:2;BA.2:12;BA.2.75:11;BF.7:1;BA.2.3:13;BA.2.3.7:1;BA.5.1:7;BE.4:2;BA.4:2;BA.5.3.3:1;BA.5.2.1:1;BF.7.4.1:2;BA.2.9:3;BA.5.5:1;BA.2.18:1;BA.5.5.2:1;BA.5.2.28:1
3052026,BA.2_0.01_abundance_0.15,G386T;T661C;T670G,ORF1a:E41*;ORF1a:G132G;ORF1a:S135R,349,2382,0.1465155331654072,0,
3052026,BA.2_0.01_abundance_0.15,T670G;T838G,ORF1a:S135R;ORF1a:C191W,95,186,0.510752688172043,0,
3052026,BA.2_0.01_abundance_0.15,T670G;T725C;T838G,ORF1a:S135R;ORF1a:Y154H;ORF1a:C191W,16,186,0.086021505376344,0,
3052026,BA.2_0.01_abundance_0.15,T670G;T838G;T867A;T889C;G984T,ORF1a:S135R;ORF1a:C191W;ORF1a:I201N;ORF1a:A208A;ORF1a:W240L,7,121,0.0578512396694214,0,
3052026,BA.2_0.01_abundance_0.15,T670G;T725C,ORF1a:S135R;ORF1a:Y154H,6,186,0.032258064516129,17,BA.2:3;BF.26:4;BA.5.2.1:3;BA.5.2:1;BA.4.4:3;BA.2.9:1;BA.2.75:2
3052026,BA.2_0.01_abundance_0.15,T725C;T838G,ORF1a:Y154H;ORF1a:C191W,132,1649,0.0800485142510612,0,
3052026,BA.2_0.01_abundance_0.15,T725C;T838G;T867A;T889C;G984T,ORF1a:Y154H;ORF1a:C191W;ORF1a:I201N;ORF1a:A208A;ORF1a:W240L,18,1151,0.0156385751520417,0,
3052026,BA.2_0.01_abundance_0.15,T838G;T867A;T889C,ORF1a:C191W;ORF1a:I201N;ORF1a:A208A,42,1536,0.02734375,0,
3052026,BA.2_0.01_abundance_0.15,T838G;T867A;T889C;G984T,ORF1a:C191W;ORF1a:I201N;ORF1a:A208A;ORF1a:W240L,93,1153,0.0806591500433651,0,
3052026,BA.2_0.01_abundance_0.15,T867A;T889C;G984T,ORF1a:I201N;ORF1a:A208A;ORF1a:W240L,26,1153,0.0225498699045967,0,
3052026,BA.2_0.01_abundance_0.15,T1040A;A1071G;A1132T;G984T,ORF1a:L259M;ORF1a:E269G;ORF1a:E289D;ORF1a:W240L,311,2248,0.1383451957295373,0,
3052026,BA.2_0.01_abundance_0.15,A1033T;G1042C,ORF1a:E256D;ORF1a:L259F,35,2747,0.0127411721878412,0,
3052026,BA.2_0.01_abundance_0.15,T1040A;A1071G;A1132T,ORF1a:L259M;ORF1a:E269G;ORF1a:E289D,81,2747,0.0294867127775755,0,
3052026,BA.2_0.01_abundance_0.15,A1611T;T1770C;G1796T,ORF1a:N449I;ORF1a:I502T;ORF1a:V511F,20,1626,0.01230012300123,0,
3052026,BA.2_0.01_abundance_0.15,A1611T;G1796T,ORF1a:N449I;ORF1a:V511F,105,1626,0.0645756457564575,0,
3052026,BA.2_0.01_abundance_0.15,C1686A;G1796T,ORF1a:A474D;ORF1a:V511F,60,3277,0.0183094293561184,0,
3052026,BA.2_0.01_abundance_0.15,T1770C;G1796T,ORF1a:I502T;ORF1a:V511F,262,3279,0.0799024092711192,0,
3052026,BA.2_0.01_abundance_0.15,A2085T;T2148G,ORF1a:Q607L;ORF1a:L628R,27,229,0.1179039301310043,0,
3052026,BA.2_0.01_abundance_0.15,G2235C;T2364C,ORF1a:C657S;ORF1a:L700P,61,457,0.1334792122538293,0,
3052026,BA.2_0.01_abundance_0.15,G2742T;C2790T,ORF1a:G826V;ORF1a:T842I,27,626,0.0431309904153354,22,BQ.1.1:1;BA.2:15;BA.2.40.1:1;BA.5.2.26:1;BA.5.5:2;BA.5.2.1:1;BA.2.12.1:1
3052026,BA.2_0.01_abundance_0.15,T2935G;C3037T;T3160G,ORF1a:L890L;ORF1a:F924F;ORF1a:T965T,96,656,0.1463414634146341,0,
3052026,BA.2_0.01_abundance_0.15,T2935G;C3037T,ORF1a:L890L;ORF1a:F924F,14,796,0.0175879396984924,12,AY.3:1;BA.1.1:2;AY.103:8;B.1.617.2:1
3052026,BA.2_0.01_abundance_0.15,C3515G;A3531T;T3533G,ORF1a:Q1084E;ORF1a:D1089V;ORF1a:Y1090D,10,88,0.1136363636363636,0,
3052026,BA.2_0.01_abundance_0.15,C3515G;A3531T;T3533G;A3819G,ORF1a:Q1084E;ORF1a:D1089V;ORF1a:Y1090D;ORF1a:K1185R,5,15,0.3333333333333333,0,
3052026,BA.2_0.01_abundance_0.15,A3819G;A3963C;A4027T,ORF1a:K1185R;ORF1a:K1233T;ORF1a:L1254F,62,385,0.161038961038961,0,
3052026,BA.2_0.01_abundance_0.15,A3819G;A3963C,ORF1a:K1185R;ORF1a:K1233T,6,417,0.014388489208633,0,
3052026,BA.2_0.01_abundance_0.15,G4257C;A4336G,ORF1a:G1331A;ORF1a:P1357P,9,51,0.1764705882352941,1,BA.2:1
3052026,BA.2_0.01_abundance_0.15,A4336G;T4599G,ORF1a:P1357P;ORF1a:L1445R,212,1410,0.150354609929078,0,
3052026,BA.2_0.01_abundance_0.15,A4759T;A4821T;A4838T,ORF1a:E1498D;ORF1a:Q1519L;ORF1a:I1525L,121,919,0.1316648531011969,0,
3052026,BA.2_0.01_abundance_0.15,A5094G;C5183G;G5195A;A5236G,ORF1a:H1610R;ORF1a:P1640A;ORF1a:G1644S;ORF1a:K1657K,50,393,0.1272264631043257,0,
3052026,BA.2_0.01_abundance_0.15,A5094G;C5183G;G5195A,ORF1a:H1610R;ORF1a:P1640A;ORF1a:G1644S,18,393,0.0458015267175572,0,
3052026,BA.2_0.01_abundance_0.15,G5164T;A5236G,ORF1a:E1633D;ORF1a:K1657K,12,393,0.0305343511450381,2,B.1.1.7:1;AY.47:1
3052026,BA.2_0.01_abundance_0.15,G5642C;T5707G;A5906C,ORF1a:A1793P;ORF1a:Y1814*;ORF1a:T1881P,66,506,0.1304347826086956,0,
3052026,BA.2_0.01_abundance_0.15,G5642C;T5707G,ORF1a:A1793P;ORF1a:Y1814*,18,616,0.0292207792207792,0,
3052026,BA.2_0.01_abundance_0.15,G5642C;G5686T;T5707G;A5906C,ORF1a:A1793P;ORF1a:M1807I;ORF1a:Y1814*;ORF1a:T1881P,6,506,0.0118577075098814,0,
3052026,BA.2_0.01_abundance_0.15,A6331G;G6362A;C6408T;A6466T,ORF1a:S2022S;ORF1a:A2033T;ORF1a:S2048F;ORF1a:K2067N,29,176,0.1647727272727272,0,
3052026,BA.2_0.01_abundance_0.15,A6659C;T6700G;A6707T;C6723T,ORF1a:S2132R;ORF1a:F2145L;ORF1a:K2148*;ORF1a:T2153I,155,1022,0.1516634050880626,0,
3052026,BA.2_0.01_abundance_0.15,A7062G;T7154G;T7251G,ORF1a:Y2266C;ORF1a:S2297A;ORF1a:L2329W,5,84,0.0595238095238095,0,
3052026,BA.2_0.01_abundance_0.15,T7154G;T7251G,ORF1a:S2297A;ORF1a:L2329W,110,987,0.1114488348530901,0,
3052026,BA.2_0.01_abundance_0.15,T7154G;A7177T;T7251G,ORF1a:S2297A;ORF1a:L2304F;ORF1a:L2329W,22,987,0.022289766970618,0,
3052026,BA.2_0.01_abundance_0.15,A7669G;C7769A;A7953C,ORF1a:E2468E;ORF1a:H2502N;ORF1a:Q2563P,13,879,0.0147895335608646,0,
3052026,BA.2_0.01_abundance_0.15,C7769A;A7953C,ORF1a:H2502N;ORF1a:Q2563P,110,900,0.1222222222222222,0,
3052026,BA.2_0.01_abundance_0.15,A8012T;T8119G;G8189T;T8221C;C8262A,ORF1a:S2583C;ORF1a:A2618A;ORF1a:V2642F;ORF1a:V2652V;ORF1a:T2666N,148,1057,0.1400189214758751,0,
3052026,BA.2_0.01_abundance_0.15,A8012T;T8119G,ORF1a:S2583C;ORF1a:A2618A,15,1145,0.0131004366812227,0,
3052026,BA.2_0.01_abundance_0.15,C8327T;A8364C;T8402C,ORF1a:L2688F;ORF1a:N2700T;ORF1a:W2713R,99,831,0.1191335740072202,0,
3052026,BA.2_0.01_abundance_0.15,A8699T;T8886C,ORF1a:I2812F;ORF1a:L2874S,42,265,0.1584905660377358,0,
3052026,BA.2_0.01_abundance_0.15,A8976C;A9019C;T9059G;T9107A;C9144G;A9193G,ORF1a:E2904A;ORF1a:E2918D;ORF1a:Y2932D;ORF1a:L2948I;ORF1a:S2960C;ORF1a:V2976V,101,715,0.1412587412587412,0,
3052026,BA.2_0.01_abundance_0.15,A9301G;C9308A;C9344T;A9350T;G9355C;C9365G;T9385C;A9424G;T9466C;T9478A;C9534T,ORF1a:R3012R;ORF1a:P3015T;ORF1a:L3027F;ORF1a:N3029Y;ORF1a:M3030I;ORF1a:L3034V;ORF1a:A3040A;ORF1a:V3053V;ORF1a:F3067F;ORF1a:F3071L;ORF1a:T3090I,34,715,0.0475524475524475,0,
3052026,BA.2_0.01_abundance_0.15,A9301G;C9308A;C9344T;A9350T;G9355C;T9385C;A9424G;T9466C;T9478A;C9534T,ORF1a:R3012R;ORF1a:P3015T;ORF1a:L3027F;ORF1a:N3029Y;ORF1a:M3030I;ORF1a:A3040A;ORF1a:V3053V;ORF1a:F3067F;ORF1a:F3071L;ORF1a:T3090I,30,715,0.0419580419580419,0,
3052026,BA.2_0.01_abundance_0.15,A9301G;C9308A;C9344T;A9350T;G9355C;T9385C;A9424G;A9450C;T9466C;T9478A;C9534T,ORF1a:R3012R;ORF1a:P3015T;ORF1a:L3027F;ORF1a:N3029Y;ORF1a:M3030I;ORF1a:A3040A;ORF1a:V3053V;ORF1a:Y3062S;ORF1a:F3067F;ORF1a:F3071L;ORF1a:T3090I,11,715,0.0153846153846153,0,
3052026,BA.2_0.01_abundance_0.15,A9301G;C9308A;C9344T;A9350T;G9355C;C9365G;T9385C;A9424G;A9450C;T9466C;T9478A;C9534T,ORF1a:R3012R;ORF1a:P3015T;ORF1a:L3027F;ORF1a:N3029Y;ORF1a:M3030I;ORF1a:L3034V;ORF1a:A3040A;ORF1a:V3053V;ORF1a:Y3062S;ORF1a:F3067F;ORF1a:F3071L;ORF1a:T3090I,16,715,0.0223776223776223,0,
3052026,BA.2_0.01_abundance_0.15,C9344T;A9424G;A9450C;C9534T,ORF1a:L3027F;ORF1a:V3053V;ORF1a:Y3062S;ORF1a:T3090I,69,715,0.0965034965034965,1,BA.2:1
3052026,BA.2_0.01_abundance_0.15,C9344T;C9365G;A9424G;C9534T,ORF1a:L3027F;ORF1a:L3034V;ORF1a:V3053V;ORF1a:T3090I,265,715,0.3706293706293706,0,
3052026,BA.2_0.01_abundance_0.15,C9344T;C9365G;A9424G;A9450C;C9534T,ORF1a:L3027F;ORF1a:L3034V;ORF1a:V3053V;ORF1a:Y3062S;ORF1a:T3090I,98,715,0.137062937062937,0,
3052026,BA.2_0.01_abundance_0.15,C9344T;C9365G;A9424G,ORF1a:L3027F;ORF1a:L3034V;ORF1a:V3053V,66,861,0.0766550522648083,0,
3052026,BA.2_0.01_abundance_0.15,C9344T;C9365G;A9424G;A9450C,ORF1a:L3027F;ORF1a:L3034V;ORF1a:V3053V;ORF1a:Y3062S,17,808,0.021039603960396,0,
3052026,BA.2_0.01_abundance_0.15,C9534T;T9657C,ORF1a:T3090I;ORF1a:M3131T,159,993,0.1601208459214501,20,BA.5:1;BQ.1.1:1;BA.5.2.1:1;BA.5.1:3;BA.5.2.12:1;BA.2:7;BA.2.9:4;BF.7:2
3052026,BA.2_0.01_abundance_0.15,T10845C;A10930C,ORF1a:M3527T;ORF1a:T3555T,14,878,0.0159453302961275,0,
3052026,BA.2_0.01_abundance_0.15,A10930C;A10983C,ORF1a:T3555T;ORF1a:K3573T,29,878,0.0330296127562642,0,
3052026,BA.2_0.01_abundance_0.15,T11186G;A11206G,ORF1a:L3641V;ORF1a:V3647V,139,947,0.146779303062302,0,
3052026,BA.2_0.01_abundance_0.15,G11365C;C11379A;T11422A,ORF1a:V3700V;ORF1a:A3705D;ORF1a:Y3719*,19,992,0.0191532258064516,0,
3052026,BA.2_0.01_abundance_0.15,G11365C;C11379A;T11422A;C11626T,ORF1a:V3700V;ORF1a:A3705D;ORF1a:Y3719*;ORF1a:G3787G,128,912,0.1403508771929824,0,
3052026,BA.2_0.01_abundance_0.15,C11626T;A11827T;C11878G,ORF1a:G3787G;ORF1a:K3854N;ORF1a:V3871V,41,293,0.1399317406143344,0,
3052026,BA.2_0.01_abundance_0.15,A12004G;A12121G;C12144T;C12183T,ORF1a:S3913S;ORF1a:P3952P;ORF1a:A3960V;ORF1a:S3973F,192,1369,0.1402483564645726,0,
3052026,BA.2_0.01_abundance_0.15,C12144T;C12183T;A12264G;A12293T;A12298C;T12365A,ORF1a:A3960V;ORF1a:S3973F;ORF1a:K4000R;ORF1a:T4010S;ORF1a:Q4011H;ORF1a:F4034I,97,657,0.1476407914764079,0,
3052026,BA.2_0.01_abundance_0.15,C12144T;C12183T;A12264G;A12293T;A12298C,ORF1a:A3960V;ORF1a:S3973F;ORF1a:K4000R;ORF1a:T4010S;ORF1a:Q4011H,10,714,0.0140056022408963,0,
3052026,BA.2_0.01_abundance_0.15,C12183T;A12264G;A12293T;A12298C;T12365A,ORF1a:S3973F;ORF1a:K4000R;ORF1a:T4010S;ORF1a:Q4011H;ORF1a:F4034I,283,2407,0.1175737432488575,0,
3052026,BA.2_0.01_abundance_0.15,C12183T;A12264G;A12293T;A12298C,ORF1a:S3973F;ORF1a:K4000R;ORF1a:T4010S;ORF1a:Q4011H,27,2606,0.0103607060629316,0,
3052026,BA.2_0.01_abundance_0.15,A12524T;T12711G;T12739C,ORF1a:T4087S;ORF1a:L4149R;ORF1a:T4158T,97,2930,0.0331058020477815,0,
3052026,BA.2_0.01_abundance_0.15,T12711G;T12739C,ORF1a:L4149R;ORF1a:T4158T,292,2932,0.0995907230559345,0,
3052026,BA.2_0.01_abundance_0.15,T12739C;C12880T;G12938T;G13017C,ORF1a:T4158T;ORF1a:I4205I;ORF1a:V4225L;ORF1a:R4251P,13,237,0.0548523206751054,0,
3052026,BA.2_0.01_abundance_0.15,T12739C;C12880T;T12912C;G12938T;G13017C,ORF1a:T4158T;ORF1a:I4205I;ORF1a:V4216A;ORF1a:V4225L;ORF1a:R4251P,17,237,0.0717299578059071,0,
3052026,BA.2_0.01_abundance_0.15,T12818G;C12880T,ORF1a:L4185V;ORF1a:I4205I,206,1925,0.107012987012987,1,BA.5.1.24:1
3052026,BA.2_0.01_abundance_0.15,T12818G;C12880T;T12912C,ORF1a:L4185V;ORF1a:I4205I;ORF1a:V4216A,232,1925,0.1205194805194805,0,
3052026,BA.2_0.01_abundance_0.15,C12880T;T12912C,ORF1a:I4205I;ORF1a:V4216A,683,1926,0.3546209761163032,2,BA.2:2
3052026,BA.2_0.01_abundance_0.15,C12880T;T12912C;G12938T;G13017C,ORF1a:I4205I;ORF1a:V4216A;ORF1a:V4225L;ORF1a:R4251P,134,1784,0.0751121076233183,0,
3052026,BA.2_0.01_abundance_0.15,C12880T;G12938T;G13017C,ORF1a:I4205I;ORF1a:V4225L;ORF1a:R4251P,93,1784,0.0521300448430493,0,
3052026,BA.2_0.01_abundance_0.15,G13085A;T13290C,ORF1a:V4274I;ORF1a:F4342S,15,128,0.1171875,0,
3052026,BA.2_0.01_abundance_0.15,C13368G;T13380G;T13399C;T13607C,ORF1a:T4368R;ORF1a:V4372G;ORF1a:G4378G;ORF1b:F47S,127,971,0.1307929969104016,0,
3052026,BA.2_0.01_abundance_0.15,A13747C;A13798C;C13814G;A13882T;A13889G,ORF1b:K94Q;ORF1b:T111P;ORF1b:A116G;ORF1b:T139S;ORF1b:N141S,32,248,0.1290322580645161,0,
3052026,BA.2_0.01_abundance_0.15,A13747C;A13798C;C13814G,ORF1b:K94Q;ORF1b:T111P;ORF1b:A116G,6,268,0.0223880597014925,0,
3052026,BA.2_0.01_abundance_0.15,C13994A;C14184A,ORF1b:A176D;ORF1b:T239T,506,3175,0.1593700787401575,0,
3052026,BA.2_0.01_abundance_0.15,T14287G;A14312C;C14408T;C14524G;T14558A,ORF1b:F274V;ORF1b:D282A;ORF1b:P314L;ORF1b:H353D;ORF1b:V364E,230,1684,0.1365795724465558,0,
3052026,BA.2_0.01_abundance_0.15,T14287G;A14312C;C14408T;C14524G,ORF1b:F274V;ORF1b:D282A;ORF1b:P314L;ORF1b:H353D,106,2408,0.0440199335548172,0,
3052026,BA.2_0.01_abundance_0.15,C14408T;G14461C,ORF1b:P314L;ORF1b:V332L,94,2413,0.0389556568586821,2,B.1.617.1:1;AY.44:1
3052026,BA.2_0.01_abundance_0.15,C14408T;A14578C,ORF1b:P314L;ORF1b:M371L,6,37,0.1621621621621621,4,AY.103:1;AY.98.1.1:1;AY.39:2
3052026,BA.2_0.01_abundance_0.15,T14910C;A15055T;C15089A;C15157T,ORF1b:A481A;ORF1b:I530L;ORF1b:A541E;ORF1b:Q564*,14,260,0.0538461538461538,0,
3052026,BA.2_0.01_abundance_0.15,T14910C;A15211G,ORF1b:A481A;ORF1b:T582A,18,44,0.4090909090909091,0,
3052026,BA.2_0.01_abundance_0.15,A15055T;C15089A;C15157T,ORF1b:I530L;ORF1b:A541E;ORF1b:Q564*,19,262,0.0725190839694656,0,
3052026,BA.2_0.01_abundance_0.15,A15211G;A15363C,ORF1b:T582A;ORF1b:K632N,688,2643,0.2603102534998108,0,
3052026,BA.2_0.01_abundance_0.15,A15211G;C15222G;A15363C;C15371T,ORF1b:T582A;ORF1b:F585L;ORF1b:K632N;ORF1b:T635M,128,2643,0.0484298146046159,0,
3052026,BA.2_0.01_abundance_0.15,A15211G;C15222G;C15371T,ORF1b:T582A;ORF1b:F585L;ORF1b:T635M,203,2643,0.0768066590995081,0,
3052026,BA.2_0.01_abundance_0.15,A15211G;G15515C,ORF1b:T582A;ORF1b:S683T,53,1901,0.0278800631246712,0,
3052026,BA.2_0.01_abundance_0.15,A15211G;A15363C;G15515C,ORF1b:T582A;ORF1b:K632N;ORF1b:S683T,31,1901,0.0163072067332982,0,
3052026,BA.2_0.01_abundance_0.15,C15222G;A15363C;C15371T,ORF1b:F585L;ORF1b:K632N;ORF1b:T635M,84,3814,0.0220241216570529,0,
3052026,BA.2_0.01_abundance_0.15,C15222G;C15371T,ORF1b:F585L;ORF1b:T635M,127,3814,0.0332983744100681,0,
3052026,BA.2_0.01_abundance_0.15,A15363C;G15515C,ORF1b:K632N;ORF1b:S683T,37,2732,0.0135431918008784,0,
3052026,BA.2_0.01_abundance_0.15,G15515C;C15714T,ORF1b:S683T;ORF1b:L749L,53,907,0.0584343991179713,0,
3052026,BA.2_0.01_abundance_0.15,G15515C;T15551A;C15714T;A15739T,ORF1b:S683T;ORF1b:V695D;ORF1b:L749L;ORF1b:N758Y,10,848,0.0117924528301886,0,
3052026,BA.2_0.01_abundance_0.15,T15551A;C15714T;A15739T,ORF1b:V695D;ORF1b:L749L;ORF1b:N758Y,475,3251,0.1461088895724392,0,
3052026,BA.2_0.01_abundance_0.15,T15551A;C15714T,ORF1b:V695D;ORF1b:L749L,39,3504,0.0111301369863013,0,
3052026,BA.2_0.01_abundance_0.15,C15714T;T15790C,ORF1b:L749L;ORF1b:S775P,263,3254,0.0808236017209588,1,BA.5:1
3052026,BA.2_0.01_abundance_0.15,T15939C;T16167A,ORF1b:D824D;ORF1b:N900K,43,2416,0.0177980132450331,0,
3052026,BA.2_0.01_abundance_0.15,A16218T;T16450C,ORF1b:T917T;ORF1b:C995R,10,76,0.131578947368421,0,
3052026,BA.2_0.01_abundance_0.15,T16863C;A16933T;G16968A,ORF1b:V1132V;ORF1b:M1156L;ORF1b:E1167E,76,485,0.156701030927835,0,
3052026,BA.2_0.01_abundance_0.15,C17127G;C17239A;T17301C;C17410T,ORF1b:L1220L;ORF1b:P1258T;ORF1b:Y1278Y;ORF1b:R1315C,180,2156,0.0834879406307977,0,
3052026,BA.2_0.01_abundance_0.15,C17127G;C17239A;T17301C,ORF1b:L1220L;ORF1b:P1258T;ORF1b:Y1278Y,131,3552,0.0368806306306306,0,
3052026,BA.2_0.01_abundance_0.15,C17127G;C17239A;T17301C;G17331C,ORF1b:L1220L;ORF1b:P1258T;ORF1b:Y1278Y;ORF1b:E1288D,67,3297,0.0203215043979375,0,
3052026,BA.2_0.01_abundance_0.15,C17127G;C17239A;T17301C;G17331C;C17410T,ORF1b:L1220L;ORF1b:P1258T;ORF1b:Y1278Y;ORF1b:E1288D;ORF1b:R1315C,138,2156,0.0640074211502783,0,
3052026,BA.2_0.01_abundance_0.15,G17331C;C17410T,ORF1b:E1288D;ORF1b:R1315C,789,2157,0.3657858136300417,82,BA.5.2.6:71;BA.5.2:9;BA.5.1:2
3052026,BA.2_0.01_abundance_0.15,C17410T;T17545C,ORF1b:R1315C;ORF1b:F1360L,23,180,0.1277777777777777,4,BA.2.9:1;BA.4.1:1;BQ.1.1.1:1;BA.5.1.8:1
3052026,BA.2_0.01_abundance_0.15,C17410T;G17648C,ORF1b:R1315C;ORF1b:C1394S,49,167,0.2934131736526946,0,
3052026,BA.2_0.01_abundance_0.15,C17410T;C17696A,ORF1b:R1315C;ORF1b:A1410E,7,167,0.0419161676646706,0,
3052026,BA.2_0.01_abundance_0.15,G17648C;C17696A,ORF1b:C1394S;ORF1b:A1410E,19,1350,0.014074074074074,0,
3052026,BA.2_0.01_abundance_0.15,A17758G;T17803G;A17807C;T17813C;C17953A;A17961T,ORF1b:K1431E;ORF1b:S1446A;ORF1b:K1447T;ORF1b:L1449S;ORF1b:L1496I;ORF1b:I1498I,58,420,0.1380952380952381,0,
3052026,BA.2_0.01_abundance_0.15,C18058G;A18093T;C18120A;A18163G;T18236G;A18277T;T18285C,ORF1b:L1531V;ORF1b:L1542F;ORF1b:L1551L;ORF1b:I1566V;ORF1b:V1590G;ORF1b:I1604L;ORF1b:H1606H,107,694,0.154178674351585,0,
3052026,BA.2_0.01_abundance_0.15,C18058G;A18093T;C18120A;A18163G,ORF1b:L1531V;ORF1b:L1542F;ORF1b:L1551L;ORF1b:I1566V,8,764,0.0104712041884816,0,
3052026,BA.2_0.01_abundance_0.15,T18660A;G18679C;C18701G;G18734C;G18756T,ORF1b:C1731*;ORF1b:A1738P;ORF1b:S1745*;ORF1b:G1756A;ORF1b:P1763P,514,3628,0.1416758544652701,0,
3052026,BA.2_0.01_abundance_0.15,A20535G;A20588T;T20602C;A20651C;A20657T;C20759T,ORF1b:I2356M;ORF1b:D2374V;ORF1b:S2379P;ORF1b:K2395T;ORF1b:Q2397L;ORF1b:A2431V,42,282,0.1489361702127659,0,
3052026,BA.2_0.01_abundance_0.15,T21147G;C21161T;C21178A;T21226C,ORF1b:L2560L;ORF1b:A2565V;ORF1b:H2571N;ORF1b:W2587R,9,85,0.1058823529411764,0,
3052026,BA.2_0.01_abundance_0.15,A21720C;T21739A;T21775G;A21822T;G21954A;A21964G;G21987A,S:D53A;S:F59L;S:S71S;S:N87I;S:C131Y;S:Q134Q;S:G142D,100,709,0.1410437235543018,0,
3052026,BA.2_0.01_abundance_0.15,A21720C;T21739A;T21775G;A21822T,S:D53A;S:F59L;S:S71S;S:N87I,10,847,0.011806375442739,0,
3052026,BA.2_0.01_abundance_0.15,A21720C;T21739A;T21775G;A21822T;G21954A;A21964G,S:D53A;S:F59L;S:S71S;S:N87I;S:C131Y;S:Q134Q,10,788,0.0126903553299492,0,
3052026,BA.2_0.01_abundance_0.15,T21896A;G21987A,S:S112T;S:G142D,33,709,0.0465444287729196,38,BA.5.5:1;AY.25:18;AY.4:1;BA.1:7;BE.1.1:1;AY.121.1:1;BA.4.1:1;BA.2:1;AY.59:1;AY.9:3;AY.44:1;BA.5.2.1:1;AY.112:1
3052026,BA.2_0.01_abundance_0.15,A21948G;G21987A,S:K129R;S:G142D,22,709,0.0310296191819464,47,BA.2.9:1;BA.5.1.25:2;BA.2.3:12;BA.5.2:7;CK.2.1.1:1;BA.2:6;BA.2.12.1:1;BF.7.6:1;AY.103:1;BA.5.2.1:5;AY.3.1:1;BA.5.2.22:1;BA.5.5:7;BF.26:1
3052026,BA.2_0.01_abundance_0.15,C22674T;T22679C;C22686T;A22688G;G22704T,S:S371F;S:S373P;S:S375F;S:T376A;S:G381V,5,167,0.029940119760479,0,
3052026,BA.2_0.01_abundance_0.15,T22882G;G22992A;C22995A;A23013C;A23040G;A23125G,S:N440K;S:S477N;S:T478K;S:E484A;S:Q493R;S:P521P,12,106,0.1132075471698113,79,BA.2.9:20;BA.2:27;BA.1.1:17;BA.1:9;BA.1.1.15:1;BA.1.17.2:1;BA.1.15:2;BA.1.1.1:1;BA.2.47:1
3052026,BA.2_0.01_abundance_0.15,C23320G;T23346A;A23403G,S:D586E;S:V595D;S:D614G,221,2355,0.0938428874734607,0,
3052026,BA.2_0.01_abundance_0.15,C23320G;A23403G,S:D586E;S:D614G,68,2355,0.0288747346072186,3,B.1:1;AY.4:1;B.1.617.2:1
3052026,BA.2_0.01_abundance_0.15,C23320G;T23346A;G23363C;A23403G,S:D586E;S:V595D;S:G601R;S:D614G,34,2355,0.0144373673036093,0,
3052026,BA.2_0.01_abundance_0.15,T23346A;A23403G;A23432T,S:V595D;S:D614G;S:I624F,1042,2354,0.4426508071367884,0,
3052026,BA.2_0.01_abundance_0.15,T23346A;G23363C;A23403G,S:V595D;S:G601R;S:D614G,46,2355,0.0195329087048832,0,
3052026,BA.2_0.01_abundance_0.15,T23346A;G23363C;A23403G;A23432T,S:V595D;S:G601R;S:D614G;S:I624F,211,2354,0.0896346644010195,0,
3052026,BA.2_0.01_abundance_0.15,T23346A;A23403G,S:V595D;S:D614G,211,2355,0.0895966029723991,0,
3052026,BA.2_0.01_abundance_0.15,T23346A;A23403G;T23427A;A23432T,S:V595D;S:D614G;S:V622D;S:I624F,42,2354,0.0178419711129991,0,
3052026,BA.2_0.01_abundance_0.15,G23363C;A23403G;A23432T,S:G601R;S:D614G;S:I624F,48,2354,0.0203908241291418,0,
3052026,BA.2_0.01_abundance_0.15,A23403G;A23432T,S:D614G;S:I624F,278,2354,0.1180968564146134,13,P.1.7:1;B.1.1.7:1;AY.4:1;AY.43:1;AY.88:2;AY.100:1;BA.5.1:3;BA.2:2;AY.2:1
3052026,BA.2_0.01_abundance_0.15,C23917T;G23948T,S:V785V;S:D796Y,17,46,0.3695652173913043,823,BA.1.17.2:17;BF.26:169;BA.1.1:56;BA.5:41;BA.1:14;BA.2:166;BA.2.23:5;BA.1.15:17;BA.4.1:5;BA.5.2.44:6;BA.2.56:1;BA.5.1.16:1;BA.5.1:27;BA.2.42:1;BA.5.2:53;BA.5.2.9:1;BA.2.9:10;BQ.1.2:1;BE.1:3;BF.7.6:1;BA.2.12.1:54;BA.5.2.1:63;BA.2.10:8;BA.1.1.2:34;BQ.1.1.13:1;BA.2.75:4;BQ.1:5;BA.5.2.8:1;BA.2.36:2;BA.2.3:2;BA.2.38:1;BQ.1.23:1;BQ.1.3:7;XAZ:1;BA.5.5:8;BQ.1.1.24:1;BA.5.2.22:2;BA.5.1.22:1;BQ.1.12:1;BA.5.1.24:2;BA.2.57:3;BE.1.1:1;BA.5.2.7:1;BQ.1.1.22:3;BA.5.1.10:1;BA.5.9:1;BF.12:1;BA.5.2.6:2;BQ.1.8.2:2;BA.1.1.1:1;BQ.1.1.17:1;BA.2.1:1;BA.1.18:1;BA.2.3.1:1;BA.5.3.1:1;BF.3:1;BQ.1.1:1;BQ.1.1.7:1;BF.7:1;BA.5.2.34:4
3052026,BA.2_0.01_abundance_0.15,C23917T;G23948T;A23974G,S:V785V;S:D796Y;S:Q804Q,8,46,0.1739130434782608,0,
3052026,BA.2_0.01_abundance_0.15,G23948T;A23974G,S:D796Y;S:Q804Q,5,47,0.1063829787234042,69,BA.4:3;BA.1.1:29;BQ.1.1:8;BA.2.75:1;BA.5.2.1:10;BA.1.14:1;BA.2.3:2;BF.5:2;BA.5.1.1:1;BA.1.15:3;BA.2:2;BA.5.1.23:1;BF.13:1;BA.1.1.1:1;BA.5.2:1;BA.1.17.2:1;BA.1:1;BA.5.1:1
3052026,BA.2_0.01_abundance_0.15,C24130A;G24169T;T24294A;C24358G;G24392A;A24424T,S:N856K;S:M869I;S:V911D;S:G932G;S:A944T;S:Q954H,16,340,0.0470588235294117,0,
3052026,BA.2_0.01_abundance_0.15,C24130A;G24161A;G24169T;T24294A;G24348T;C24358G;G24392A;A24424T,S:N856K;S:D867N;S:M869I;S:V911D;S:S929I;S:G932G;S:A944T;S:Q954H,8,340,0.0235294117647058,0,
3052026,BA.2_0.01_abundance_0.15,C24130A;G24169T;T24294A;G24348T;C24358G;G24392A;A24424T,S:N856K;S:M869I;S:V911D;S:S929I;S:G932G;S:A944T;S:Q954H,24,340,0.0705882352941176,0,
3052026,BA.2_0.01_abundance_0.15,C24130A;G24169T;T24294A;G24348T;C24358G;G24392A,S:N856K;S:M869I;S:V911D;S:S929I;S:G932G;S:A944T,15,482,0.0311203319502074,0,
3052026,BA.2_0.01_abundance_0.15,C24130A;G24169T;T24294A;C24358G;G24392A,S:N856K;S:M869I;S:V911D;S:G932G;S:A944T,10,482,0.0207468879668049,0,
3052026,BA.2_0.01_abundance_0.15,C24130A;G24161A;G24169T;T24294A;C24358G;G24392A;A24424T,S:N856K;S:D867N;S:M869I;S:V911D;S:G932G;S:A944T;S:Q954H,5,340,0.0147058823529411,0,
3052026,BA.2_0.01_abundance_0.15,G24161A;A24424T,S:D867N;S:Q954H,11,340,0.0323529411764705,65,BA.2.12:1;BA.5.2:4;BA.5.1.2:9;BA.1.17.2:11;BA.2.6:1;BA.5.2.1:1;BA.5.2.22:1;BA.1.1.15:1;BA.1.1:8;BA.2.85:1;BA.4.6:1;BA.5.1:1;BA.2:6;BA.2.12.1:14;BA.1.15:1;BA.2.13:2;BF.4:1;BA.1.15.1:1
3052026,BA.2_0.01_abundance_0.15,G24161A;G24348T;A24424T,S:D867N;S:S929I;S:Q954H,32,340,0.0941176470588235,0,
3052026,BA.2_0.01_abundance_0.15,G24161A;G24348T,S:D867N;S:S929I,16,483,0.0331262939958592,0,
3052026,BA.2_0.01_abundance_0.15,G24348T;A24424T,S:S929I;S:Q954H,163,340,0.4794117647058823,1192,BA.1.1.18:3;BA.4.1:50;BA.1.17.2:41;BA.5.6:1;BA.5.2.26:6;BF.7:17;BA.2.36:27;BQ.1.1.9:2;BA.1.1:139;BA.1:42;BA.2.5:27;BA.2:130;BE.1.1:21;BE.1:7;BF.5:10;BA.4.6:24;BA.5.3:1;BA.2.75:6;BA.1.15:5;BA.2.3:11;BA.2.12.1:111;BA.5.1.1:1;BA.5.2.12:2;BA.4.1.1:9;BA.5.2.23:1;BA.5.1:75;BA.4.1.5:9;BA.4.6.5:7;BA.4:15;BA.2.9.5:3;BA.2.9:91;BF.7.4.2:74;BA.2.64:1;BA.5.2:49;BA.5.2.1:52;BA.5.1.10:1;BA.1.1.1:7;BA.1.14:6;BA.2.10:5;BA.4.2:2;BA.1.1.2:1;BA.2.1:6;BE.1.4:1;BA.2.3.20:1;BA.1.1.15:6;BC.1:9;BF.4:2;BA.1.17:9;BA.5.3.4:4;BQ.1.1.22:1;BF.10:2;BA.2.24:1;BA.5.2.42:1;BA.5.5:6;BA.2.14:1;BA.5.2.34:1;BA.5.1.4:4;BA.5.5.2:1;BA.5.1.3:1;BQ.1.11:1;BA.2.23:1;BA.1.20:5;BF.15:1;BA.5.1.5:1;BA.5.2.21:2;BA.5.1.6:1;BA.2.81:1;B.1.1.529:1;BA.5.2.43:1;BA.5.2.30:5;BA.5.2.20:1;AY.118:1;BA.2.56:1;BA.4.1.2:1;BA.2.19:1;BA.2.18:1;BE.1.1.2:1;BF.2:2;BA.2.42:2;BA.5:1;BA.5.1.23:1;BA.5.1.2:1;BA.5.2.9:1;BG.2:1;BA.2.21:1;BA.2.3.17:1;BA.2.40.1:1;CK.1:1;BA.1.1.14:1;BA.5.2.19:1;BA.2.9.3:1
3052026,BA.2_0.01_abundance_0.15,C24789G;T24799C;T24841C;C25000T,S:T1076R;S:P1079P;S:G1093G;S:D1146D,148,1244,0.1189710610932476,0,
3052026,BA.2_0.01_abundance_0.15,C24789G;T24799C;T24841C;A24950C;C25000T,S:T1076R;S:P1079P;S:G1093G;S:I1130L;S:D1146D,33,1244,0.0265273311897106,0,
3052026,BA.2_0.01_abundance_0.15,A24950C;C25000T,S:I1130L;S:D1146D,217,1244,0.1744372990353697,25,BA.4.1.5:4;BA.2.37:1;BA.2:5;BA.1.15:4;BA.2.12.1:2;BA.2.3.5:1;BA.5.2:3;BQ.1.1:2;BE.2:3
3052026,BA.2_0.01_abundance_0.15,T25123G;T25237A;G25273T;A25277T,S:N1187K;S:I1225I;S:M1237I;S:S1239C,7,618,0.0113268608414239,0,
3052026,BA.2_0.01_abundance_0.15,A25147T;T25237A;G25273T;A25277T,S:E1195D;S:I1225I;S:M1237I;S:S1239C,10,618,0.0161812297734627,0,
3052026,BA.2_0.01_abundance_0.15,T25237A;G25273T;A25277T,S:I1225I;S:M1237I;S:S1239C,79,618,0.127831715210356,0,
3052026,BA.2_0.01_abundance_0.15,C25344G;C25584T,S:S1261C;ORF3a:T64T,581,2211,0.2627770239710538,2,BA.4.6:2
3052026,BA.2_0.01_abundance_0.15,C25344G;T25514C;C25584T,S:S1261C;ORF3a:L41P;ORF3a:T64T,215,2211,0.0972410673903211,0,
3052026,BA.2_0.01_abundance_0.15,C25344G;T25514C,S:S1261C;ORF3a:L41P,25,2389,0.0104646295521138,0,
3052026,BA.2_0.01_abundance_0.15,C25344G;C25584T;C25585G,S:S1261C;ORF3a:T64T;ORF3a:L65V,29,2211,0.013116236996834,0,
3052026,BA.2_0.01_abundance_0.15,C25584T;C25585G,ORF3a:T64T;ORF3a:L65V,60,2212,0.0271247739602169,48,BQ.1.1.5:1;BA.2.9:2;BA.1.1:39;BA.1.15:3;BA.5.1:1;BA.1.1.1:2
3052026,BA.2_0.01_abundance_0.15,C26270T;T26331G;T26453G,E:T9I;E:V29V;E:V70G,46,332,0.1385542168674698,0,
3052026,BA.2_0.01_abundance_0.15,C26577G;G26709A;C26858T;G26886C,M:Q19E;M:A63T;M:F112F;M:V122L,13,71,0.1830985915492957,0,
3052026,BA.2_0.01_abundance_0.15,G26886C;A27036G;A27068G;C27114G,M:V122L;M:T172A;M:G182G;M:R198G,48,326,0.147239263803681,0,
3052026,BA.2_0.01_abundance_0.15,A27253C;C27323A;G27382C;A27383T;T27384C;T27419G;T27435G,ORF6:I18L;ORF6:S41Y;ORF6:D61H;ORF6:D61V;ORF6:D61D;ORF7a:L9R;ORF7a:T14T,174,1452,0.1198347107438016,0,
3052026,BA.2_0.01_abundance_0.15,A27253C;T27255A;C27323A;G27382C;A27383T;T27384C;T27419G;T27435G,ORF6:I18L;ORF6:I18I;ORF6:S41Y;ORF6:D61H;ORF6:D61V;ORF6:D61D;ORF7a:L9R;ORF7a:T14T,33,1452,0.0227272727272727,0,
3052026,BA.2_0.01_abundance_0.15,T27255A;G27382C;A27383T;T27384C,ORF6:I18I;ORF6:D61H;ORF6:D61V;ORF6:D61D,191,1452,0.1315426997245179,1,BA.2:1
3052026,BA.2_0.01_abundance_0.15,T27255A;G27382C;A27383T;T27384C;T27432G,ORF6:I18I;ORF6:D61H;ORF6:D61V;ORF6:D61D;ORF7a:A13A,28,1452,0.0192837465564738,0,
3052026,BA.2_0.01_abundance_0.15,G27382C;A27383T;T27384C;T27432G,ORF6:D61H;ORF6:D61V;ORF6:D61D;ORF7a:A13A,119,1453,0.081899518238128,3,BA.2.40.1:2;BA.2:1
3052026,BA.2_0.01_abundance_0.15,C27879T;A27976C;G27990A;T28046A;A28052T;T28053G,ORF7b:H42Y;ORF8:H28P;ORF8:V33I;ORF8:A51A;ORF8:K53N;ORF8:S54A,96,689,0.13933236574746,0,
3052026,BA.2_0.01_abundance_0.15,T28226C;C28311T;T28323A,ORF8:Y111Y;N:P13L;N:F17Y,181,3506,0.051625784369652,0,
3052026,BA.2_0.01_abundance_0.15,T28226C;T28297G;C28311T;T28323A;C28383T,ORF8:Y111Y;N:N8K;N:P13L;N:F17Y;N:S37L,86,3286,0.0261716372489348,0,
3052026,BA.2_0.01_abundance_0.15,T28226C;C28311T;T28323A;C28383T,ORF8:Y111Y;N:P13L;N:F17Y;N:S37L,97,3286,0.0295191722458916,0,
3052026,BA.2_0.01_abundance_0.15,T28226C;T28297G;C28311T;T28323A,ORF8:Y111Y;N:N8K;N:P13L;N:F17Y,179,3506,0.0510553337136337,0,
3052026,BA.2_0.01_abundance_0.15,T28297G;C28311T;C28383T,N:N8K;N:P13L;N:S37L,503,3286,0.153073645769933,0,
3052026,BA.2_0.01_abundance_0.15,T28297G;C28311T,N:N8K;N:P13L,929,3506,0.2649743297204792,25,BA.5.2.6:4;BA.2.12.1:1;BA.5.2.1:1;BE.1:1;BA.1.1:2;BQ.1.1:1;BA.5.3.2:1;BA.2:4;BA.1.1.18:1;BF.7.4:1;BA.5.3.1:1;BA.2.64:1;BE.1.1:1;BA.1.17:1;BA.5.2.36:1;BA.1:1;BQ.1.1.24:1;BA.5.1.3:1
3052026,BA.2_0.01_abundance_0.15,C28311T;C28383T,N:P13L;N:S37L,538,3286,0.1637248934875228,252,BA.1.20:1;BE.1.1.1:2;BA.5.1:11;BA.2:46;BA.1.1:48;BQ.1.1.1:2;BA.5.1.25:1;BF.5:3;BA.1:20;BE.1:2;BE.1.1:4;BF.14:5;BA.4.6:2;BA.1.1.14:5;BA.1.15.2:4;BA.1.9:1;BA.5.2.1:7;BA.5.2.12:1;BA.1.15.1:1;BF.19:1;BA.5.1.6:9;BA.5.2:16;BA.5.5:7;BA.2.10:1;BF.7:2;BA.2.3:1;BA.5.2.6:3;BA.5.1.22:1;BA.2.38:1;BA.1.13:1;BA.1.15:8;BA.4:1;BA.2.65:1;XAB:1;BA.1.1.16:1;BA.1.1.1:1;BA.5.1.3:4;XBB.1:1;BA.1.17.2:4;BA.5.2.28:1;BA.5.6:1;BA.1.16:1;BA.2.12.1:5;B.1.617.2:1;BA.1.1.2:1;BQ.1.1.3:1;BA.5.3:1;BA.2.9:2;BA.1.14.1:2;BA.5.1.23:1;B.1.526:1;BF.1:1;BA.1.17:1;BA.4.1.4:1
3052026,BA.2_0.01_abundance_0.15,C28550G;G28597T,N:R93G;N:W108C,11,501,0.0219560878243512,0,
3052026,BA.2_0.01_abundance_0.15,C28550G;C28663A,N:R93G;N:I130I,12,459,0.0261437908496732,0,
3052026,BA.2_0.01_abundance_0.15,T28756A;G28798T;G28881A;G28882A;G28883C,N:L161L;N:G175G;N:R203K;N:R203R;N:G204R,36,195,0.1846153846153846,0,
3052026,BA.2_0.01_abundance_0.15,A29127G;T29165A;C29250A;A29320T,N:N285S;N:Y298N;N:P326H;N:Q349H,231,1565,0.1476038338658147,0,
3052026,BA.2_0.01_abundance_0.15,A29127G;T29165A,N:N285S;N:Y298N,29,1746,0.0166093928980526,0,
3052026,BA.2_0.01_abundance_0.15,A29403T;A29510C;T29515A;A29622C;A29644T;T29650C,N:D377V;N:S413R;N:A414A;ORF10:N22T;ORF10:Q29H;ORF10:D31D,5,79,0.0632911392405063,0,
