Date,Site,Nt Mutations,AA Mutations,Support DP,Total DP,Combined Freq,Overall Occurrence,Lineage Occurrence
1012026,BA.2_0.005_abundance_0.04,C464G;T670G,ORF1a:P67A;ORF1a:S135R,1081,2306,0.4687771032090199,5,BA.5.6:1;BF.21:1;BA.2:1;BA.5.1:1;BA.5.2:1
1012026,BA.2_0.005_abundance_0.04,C464G;G542A,ORF1a:P67A;ORF1a:E93K,47,2596,0.0181047765793528,0,
1012026,BA.2_0.005_abundance_0.04,C464G;G542A;T670G,ORF1a:P67A;ORF1a:E93K;ORF1a:S135R,359,2306,0.1556808326105811,0,
1012026,BA.2_0.005_abundance_0.04,G542A;T670G,ORF1a:E93K;ORF1a:S135R,219,2307,0.094928478543563,387,BA.2.52:6;BA.2.3.11:1;BA.5.2:53;BA.5.2.1:101;BA.4.6:5;BA.2.12.1:3;BA.5.6:4;BA.2.76:2;BA.5.2.12:1;BE.4:2;BA.5.2.2:5;BA.2:93;BA.5.1.25:1;BA.5.1:56;BA.2.9:5;BA.4.1:4;BA.5.1.10:9;BA.5.1.3:4;BQ.1.1.22:1;BA.2.64:1;BA.2.68:1;BA.4.1.1:1;BA.2.3:7;BQ.1.23:4;BA.5.2.20:1;BA.5.1.12:1;BA.2.10:6;BA.5:2;BF.7.4:1;BA.5.1.22:1;BF.28:1;BA.4.6.5:1;BQ.1.26:1;BA.5.3.1:2
1012026,BA.2_0.005_abundance_0.04,T670G;T711G;T725A,ORF1a:S135R;ORF1a:L149R;ORF1a:Y154N,11,568,0.0193661971830985,0,
1012026,BA.2_0.005_abundance_0.04,T670G;T711G,ORF1a:S135R;ORF1a:L149R,96,568,0.1690140845070422,63,BA.5.1:9;BA.5.2:3;BA.2:11;BA.2.12.1:5;BA.2.3.20:25;BA.2.17:1;BA.5.6:1;BA.5.2.1:2;BA.2.37:2;BA.5.2.9:2;BF.21:1;BQ.1.10:1
1012026,BA.2_0.005_abundance_0.04,T670G;T711G;C874T,ORF1a:S135R;ORF1a:L149R;ORF1a:D203D,37,568,0.0651408450704225,0,
1012026,BA.2_0.005_abundance_0.04,T670G;T725A;C874T,ORF1a:S135R;ORF1a:Y154N;ORF1a:D203D,20,568,0.0352112676056338,0,
1012026,BA.2_0.005_abundance_0.04,T670G;T725A,ORF1a:S135R;ORF1a:Y154N,40,568,0.0704225352112676,2,BA.5.2:1;BF.21:1
1012026,BA.2_0.005_abundance_0.04,T670G;T711G;T725A;C874T,ORF1a:S135R;ORF1a:L149R;ORF1a:Y154N;ORF1a:D203D,6,568,0.0105633802816901,0,
1012026,BA.2_0.005_abundance_0.04,T711G;C874T,ORF1a:L149R;ORF1a:D203D,317,5368,0.059053651266766,0,
1012026,BA.2_0.005_abundance_0.04,T711G;T725A,ORF1a:L149R;ORF1a:Y154N,125,5368,0.0232861400894187,0,
1012026,BA.2_0.005_abundance_0.04,T725A;C874T,ORF1a:Y154N;ORF1a:D203D,151,5368,0.0281296572280178,0,
1012026,BA.2_0.005_abundance_0.04,C6327A;C6365T,ORF1a:T2021K;ORF1a:Q2034*,206,1697,0.121390689451974,0,
1012026,BA.2_0.005_abundance_0.04,C6327A;C6365T;G6419C,ORF1a:T2021K;ORF1a:Q2034*;ORF1a:V2052L,23,1583,0.01452937460518,0,
1012026,BA.2_0.005_abundance_0.04,C6365T;G6419C,ORF1a:Q2034*;ORF1a:V2052L,72,1583,0.045483259633607,0,
1012026,BA.2_0.005_abundance_0.04,A9301G;C9344T;A9424G;C9534T,ORF1a:R3012R;ORF1a:L3027F;ORF1a:V3053V;ORF1a:T3090I,22,379,0.0580474934036939,177,BA.5.2:36;BA.2.12.1:11;BE.1.1:1;BA.2.9:10;BF.10:3;BQ.1.12:1;BA.2:30;BA.5.1.30:1;BA.2.3.1:4;BA.5.2.27:1;BA.5.1:6;BA.5.1.23:1;BA.4:4;BA.2.75:25;BQ.1.1.22:1;BA.5.1.3:1;BT.1:4;BA.2.9.5:3;BE.5:4;BA.2.76:6;BA.5.2.1:2;BF.7:1;BE.1:1;BA.2.3:6;BA.5.7:1;BA.5.1.16:1;BF.5:3;BF.32:1;BA.5.3.1:1;BQ.1.1.18:1;BA.4.1:2;BE.4.2:1;BQ.1:1;BA.2.24:2
1012026,BA.2_0.005_abundance_0.04,A9301G;C9344T;A9424G,ORF1a:R3012R;ORF1a:L3027F;ORF1a:V3053V,6,451,0.0133037694013303,177,BA.5.2:36;BA.2.12.1:11;BE.1.1:1;BA.2.9:10;BF.10:3;BQ.1.12:1;BA.2:30;BA.5.1.30:1;BA.2.3.1:4;BA.5.2.27:1;BA.5.1:6;BA.5.1.23:1;BA.4:4;BA.2.75:25;BQ.1.1.22:1;BA.5.1.3:1;BT.1:4;BA.2.9.5:3;BE.5:4;BA.2.76:6;BA.5.2.1:2;BF.7:1;BE.1:1;BA.2.3:6;BA.5.7:1;BA.5.1.16:1;BF.5:3;BF.32:1;BA.5.3.1:1;BQ.1.1.18:1;BA.4.1:2;BE.4.2:1;BQ.1:1;BA.2.24:2
1012026,BA.2_0.005_abundance_0.04,T10476G;G10549C,ORF1a:L3404R;ORF1a:M3428I,18,70,0.2571428571428571,0,
1012026,BA.2_0.005_abundance_0.04,A11217G;G11283A,ORF1a:N3651S;ORF1a:S3673N,217,1192,0.1820469798657718,0,
1012026,BA.2_0.005_abundance_0.04,A11217G;T11320G,ORF1a:N3651S;ORF1a:Y3685*,29,1189,0.024390243902439,0,
1012026,BA.2_0.005_abundance_0.04,A11217G;G11283A;T11320G,ORF1a:N3651S;ORF1a:S3673N;ORF1a:Y3685*,17,1189,0.0142977291841883,0,
1012026,BA.2_0.005_abundance_0.04,T11784G;C11878T,ORF1a:L3840R;ORF1a:V3871V,9,12,0.75,0,
1012026,BA.2_0.005_abundance_0.04,A16190C;T16199C,ORF1b:E908A;ORF1b:F911S,115,285,0.4035087719298245,0,
1012026,BA.2_0.005_abundance_0.04,G16662T;C16762T,ORF1b:E1065D;ORF1b:L1099F,10,427,0.0234192037470726,0,
1012026,BA.2_0.005_abundance_0.04,A16831C;G16855A,ORF1b:T1122P;ORF1b:D1130N,452,1266,0.3570300157977883,0,
1012026,BA.2_0.005_abundance_0.04,C17410T;T17699C,ORF1b:R1315C;ORF1b:I1411T,27,241,0.1120331950207468,16,BA.5.1:10;BA.5.2:4;BA.5.2.1:1;BA.2:1
1012026,BA.2_0.005_abundance_0.04,C18107G;A18163G,ORF1b:A1547G;ORF1b:I1566V,53,1539,0.0344379467186484,3,BA.5.1:1;BA.1.1:2
1012026,BA.2_0.005_abundance_0.04,C19027T;T19158C,ORF1b:H1854Y;ORF1b:H1897H,10,905,0.011049723756906,0,
1012026,BA.2_0.005_abundance_0.04,A21821C;G21987A,S:N87H;S:G142D,123,1783,0.0689848569826135,8,AY.121.1:1;AY.103:1;BA.2:1;BA.1.1:2;AY.4:1;AY.61:1;AY.43:1
1012026,BA.2_0.005_abundance_0.04,A22108C;T22200G,S:K182N;S:V213G,28,323,0.0866873065015479,371,BA.5.2.31:77;BF.5:43;BA.2.36:1;BA.4.6:18;BA.2.12.1:5;CP.2:1;BQ.1.1.18:1;BQ.1.12:2;BA.5.1:6;BQ.1.1.22:1;BA.5.5:10;BA.5.2.6:2;BE.1.1:6;BA.5.1.1:19;BA.5.2:78;BM.1.1.3:1;BA.2.76:1;BA.2:20;BA.5.1.24:1;BA.4.1.1:1;BQ.1:13;BN.1.3:2;BA.2.3.20:1;BE.1.1.2:1;BQ.1.2:14;BQ.1.1:22;BA.2.3:4;CM.2:2;BA.4.6.2:3;BA.2.75:5;BQ.1.1.13:1;BQ.1.1.15:1;BA.5.2.21:1;BE.1.2.1:3;BA.5:1;BA.5.2.28:1;BA.5.2.1:2
1012026,BA.2_0.005_abundance_0.04,A22108C;T22200G;A22263G,S:K182N;S:V213G;S:N234S,13,307,0.0423452768729641,0,
1012026,BA.2_0.005_abundance_0.04,T22200G;A22263G,S:V213G;S:N234S,119,307,0.3876221498371335,1,BA.2.12.1:1
1012026,BA.2_0.005_abundance_0.04,C22674T;T22679C;C22686T;A22688G;T22736C;A22786C;G22813T,S:S371F;S:S373P;S:S375F;S:T376A;S:F392L;S:R408S;S:K417N,18,173,0.1040462427745664,1,BA.2.3:1
1012026,BA.2_0.005_abundance_0.04,C23188A;T23255C;A23403G,S:N542K;S:F565L;S:D614G,217,2662,0.0815176558978211,0,
1012026,BA.2_0.005_abundance_0.04,C23188A;A23403G,S:N542K;S:D614G,278,2662,0.1044327573253193,2,AY.24:1;B.1.1.519:1
1012026,BA.2_0.005_abundance_0.04,G23948T;A24032T,S:D796Y;S:N824Y,127,153,0.8300653594771242,18,BA.1.15:1;BA.2:11;BF.5:1;BA.5.2:1;BA.2.56:1;BA.2.13:2;BA.4.6:1
1012026,BA.2_0.005_abundance_0.04,G23948T;T24029A;A24032T,S:D796Y;S:F823I;S:N824Y,24,153,0.1568627450980392,0,
1012026,BA.2_0.005_abundance_0.04,A24244T;A24424T,S:L894F;S:Q954H,7,42,0.1666666666666666,1,BA.2.12.1:1
1012026,BA.2_0.005_abundance_0.04,A24424T;G24728A,S:Q954H;S:A1056T,9,32,0.28125,0,
1012026,BA.2_0.005_abundance_0.04,G24728A;C25000T,S:A1056T;S:D1146D,50,149,0.3355704697986577,0,
1012026,BA.2_0.005_abundance_0.04,C25584T;A25605G,ORF3a:T64T;ORF3a:L71L,325,1312,0.2477134146341463,78,BA.1.1:4;BA.2.12.1:28;BC.1:2;BA.5.2.12:1;BA.2:15;BQ.1.1.4:1;B.1.1.529:1;BA.5.2:1;BA.1.1.2:4;BA.1:3;BA.2.3:2;BA.2.42:1;BA.5.2.1:1;BA.1.17.2:3;BA.5.1:3;BA.2.12:5;BQ.1:1;BA.2.3.14:1;BA.5.5:1
1012026,BA.2_0.005_abundance_0.04,C27236A;A27259C;G27382C;T27384C,ORF6:A12E;ORF6:R20R;ORF6:D61H;ORF6:D61D,115,764,0.1505235602094241,0,
1012026,BA.2_0.005_abundance_0.04,C27236A;A27259C;C27275T;G27382C;T27384C,ORF6:A12E;ORF6:R20R;ORF6:S25F;ORF6:D61H;ORF6:D61D,14,764,0.0183246073298429,0,
1012026,BA.2_0.005_abundance_0.04,C27236A;A27259C,ORF6:A12E;ORF6:R20R,13,825,0.0157575757575757,1,BA.1.1.15:1
1012026,BA.2_0.005_abundance_0.04,A27259C;C27275T;G27382C;T27384C,ORF6:R20R;ORF6:S25F;ORF6:D61H;ORF6:D61D,58,764,0.0759162303664921,23,BA.2.12.1:5;BA.2:16;BA.2.3.13:1;BA.4.1:1
1012026,BA.2_0.005_abundance_0.04,A27552G;C27807T,ORF7a:K53K;ORF7b:L18L,16,822,0.0194647201946472,1161,BA.5.5:991;BA.2.3.11:1;BA.5:5;BA.2.12.1:26;BA.5.1.20:1;BA.1.17:3;BA.2.23:1;BA.4.1:6;BA.5.1:16;BA.2:30;BA.1:11;BA.1.1:5;BF.5:2;BA.5.8:2;BA.1.18:1;BA.2.14:1;BA.1.17.2:2;BA.5.2:11;BA.2.56:1;BA.2.10:1;BA.5.2.20:9;BA.1.1.1:1;BQ.1.1:1;BA.1.20:3;BA.5.1.23:2;BA.1.16:5;BA.2.3:1;BA.5.2.1:7;BF.21:3;BA.1.15:4;BA.5.1.6:2;BE.1:1;BA.4:1;BE.1.1:2;BA.1.15.1:1;B.1.2:1
1012026,BA.2_0.005_abundance_0.04,T27856A;T28061C,ORF7b:L34Q;ORF8:P56P,25,1532,0.0163185378590078,0,
1012026,BA.2_0.005_abundance_0.04,A28513C;T28575C,N:P80P;N:M101T,83,674,0.1231454005934718,0,
1012026,BA.2_0.005_abundance_0.04,A28778G;G28881A;G28882A;G28883C,N:K169E;N:R203K;N:R203R;N:G204R,11,84,0.1309523809523809,0,
1012026,BA.2_0.005_abundance_0.04,G28881A;G28882A;G28883C;G28895C,N:R203K;N:R203R;N:G204R;N:A208P,18,84,0.2142857142857142,24,BA.5.2.1:1;BA.5.1.1:6;B.1.1.311:7;BA.2.3:1;B.1.1.318:4;BA.1.20:1;BA.5.2:1;BA.1.15:1;BA.2.76:1;B.1.1.519:1
1082026,BA.2_0.005_abundance_0.04,T630A;T670G,ORF1a:L122H;ORF1a:S135R,58,1843,0.0314704286489419,2,BA.2.10:1;BA.5.1:1
1082026,BA.2_0.005_abundance_0.04,C3037T;T3161C,ORF1a:F924F;ORF1a:S966P,52,133,0.3909774436090225,747,BA.4:1;B.1.160.26:1;B.1.1.7:120;AY.4.2:130;BA.2:30;BA.4.6.3:1;B.1.221:1;B.1.1.33:3;BA.5.1:17;BA.5.2:44;B.1.2:55;B.1.1.265:2;AY.4.5:4;BE.1.1:24;BA.1.15:5;AY.45:9;BA.1:10;AY.14:2;BF.31:1;AY.59:6;AY.57:1;AY.3:4;BA.4.1:15;AY.26:2;AY.100:10;BF.28:1;AY.25:2;AY.99.2:5;CM.8:2;BA.2.75:1;AY.121:1;BA.5.2.1:7;BA.1.1.1:6;BA.1.17.2:50;B.1.617.2:7;B.1.621:1;B.1:1;BA.2.12.1:8;XB:1;B.1.621.1:4;BA.5.1.6:3;BA.1.1:31;B.1.499:1;AY.122:1;AY.4:27;B.1.526:3;BA.2.10.1:1;AY.20:1;C.37:8;BA.2.9:6;BA.2.18:1;AY.33:5;B.1.1.519:19;B.1.177.53:1;BA.4.6.2:1;B.1.1:1;AY.23:1;AY.103:3;BA.2.23:2;BA.5.2.2:3;BQ.1.1.14:1;B.1.177:1;B.1.1.294:1;BA.1.20:1;AY.122.5:1;AY.47:1;AY.43:2;B.1.258.4:1;BA.5.1.24:1;BA.5.2.28:1;P.1:3;BE.1:3;BF.7.5:1;BA.1.19:1;B.1.1.67:1;BA.5.1.1:1;B.1.351:1;BA.5.5:1;AY.44:1;AY.120:1;B.1.1.214:1;BA.1.14:1;BA.1.15.1:1;AY.5:2;BQ.1.1.24:1;AY.39:1;AY.25.1:1
1082026,BA.2_0.005_abundance_0.04,T3270C;G3431T,ORF1a:I1002T;ORF1a:V1056L,14,1011,0.0138476755687438,0,
1082026,BA.2_0.005_abundance_0.04,T3861G;T3973A,ORF1a:V1199G;ORF1a:V1236V,16,478,0.0334728033472803,0,
1082026,BA.2_0.005_abundance_0.04,A4799T;A4853T,ORF1a:K1512*;ORF1a:R1530*,44,2532,0.0173775671406003,0,
1082026,BA.2_0.005_abundance_0.04,G7388A;G7446T,ORF1a:A2375T;ORF1a:W2394L,36,737,0.0488466757123473,0,
1082026,BA.2_0.005_abundance_0.04,A7722T;A7784G,ORF1a:Q2486L;ORF1a:K2507E,12,941,0.0127523910733262,0,
1082026,BA.2_0.005_abundance_0.04,A9236G;C9344T;A9424G;C9534T,ORF1a:R2991G;ORF1a:L3027F;ORF1a:V3053V;ORF1a:T3090I,10,52,0.1923076923076923,6,BF.11.5:1;BA.2:1;BF.5:2;BE.1.1:1;BA.2.62:1
1082026,BA.2_0.005_abundance_0.04,C9344T;T9395G;A9424G;C9534T,ORF1a:L3027F;ORF1a:S3044A;ORF1a:V3053V;ORF1a:T3090I,10,248,0.0403225806451612,0,
1082026,BA.2_0.005_abundance_0.04,C12459A;T12625G,ORF1a:T4065K;ORF1a:P4120P,779,2049,0.3801854563201561,0,
1082026,BA.2_0.005_abundance_0.04,G14092T;G14245A,ORF1b:D209Y;ORF1b:D260N,247,2038,0.1211972522080471,0,
1082026,BA.2_0.005_abundance_0.04,G14092T;C14119A,ORF1b:D209Y;ORF1b:P218T,46,2333,0.0197171024432061,0,
1082026,BA.2_0.005_abundance_0.04,G14092T;C14119A;G14245A,ORF1b:D209Y;ORF1b:P218T;ORF1b:D260N,31,2038,0.0152109911678115,0,
1082026,BA.2_0.005_abundance_0.04,G14099A;G14245A,ORF1b:G211D;ORF1b:D260N,31,2038,0.0152109911678115,0,
1082026,BA.2_0.005_abundance_0.04,C14119A;G14245A,ORF1b:P218T;ORF1b:D260N,57,2038,0.0279685966633954,0,
1082026,BA.2_0.005_abundance_0.04,G14245A;C14408T;G14500C,ORF1b:D260N;ORF1b:P314L;ORF1b:V345L,8,529,0.0151228733459357,0,
1082026,BA.2_0.005_abundance_0.04,C14408T;G14500C,ORF1b:P314L;ORF1b:V345L,26,1001,0.0259740259740259,17,BA.2.82:1;AY.85:1;B.1.1.7:2;BA.2:4;B.1.617.2:2;BA.1.1:2;B.1.2:1;AY.121:1;B.1.1.306:2;B.1.36:1
1082026,BA.2_0.005_abundance_0.04,C17410T;C17507T,ORF1b:R1315C;ORF1b:S1347L,29,177,0.1638418079096045,6,BA.4:3;BA.2:2;BA.2.3:1
1082026,BA.2_0.005_abundance_0.04,T18151C;A18163G;G18197A,ORF1b:L1562L;ORF1b:I1566V;ORF1b:R1577K,9,335,0.026865671641791,0,
1082026,BA.2_0.005_abundance_0.04,A18163G;G18197A,ORF1b:I1566V;ORF1b:R1577K,145,335,0.4328358208955223,314,BA.1.1:13;BA.2.12.1:4;BA.2.9:5;BA.2.56:2;BA.2:53;BA.1.15:8;BA.1:176;BA.5.2.20:13;BA.5.1:2;BA.1.13.1:2;XBB.3:4;BA.2.3.2:1;BA.2.7:1;BA.2.9.3:1;BA.5.2:6;BA.4.1:7;BA.1.1.1:2;BA.2.3:4;BA.5.2.34:1;BA.5.2.1:1;BE.1.1:1;BA.5.1.23:1;BE.1:2;BA.1.17:3;BA.1.18:1
1082026,BA.2_0.005_abundance_0.04,T21838C;G21987A,S:F92F;S:G142D,162,652,0.2484662576687116,121,BA.2.3:3;BA.1.1:1;BA.2.12.1:2;B.1.617.2:4;AY.103:4;BA.5.5:6;AY.4:14;BA.5.2.1:4;AY.29:1;BA.2:6;BA.5.2.6:4;BF.5:14;AY.25.1:1;BA.2.3.13:1;AY.122:6;BF.8:1;BA.5.1:13;BA.5.2.20:1;BQ.1.1:1;AY.100:4;AY.44:7;AY.3:3;AY.110:2;AY.42:1;BA.2.75:4;BA.1.1.7:1;BA.4.7:1;AY.112:1;AY.4.2.2:1;BA.5.2:3;BA.1:3;BA.4.1.5:1;BA.2.9:1;AY.43:1
1082026,BA.2_0.005_abundance_0.04,T21838C;G21974T;G21987A,S:F92F;S:D138Y;S:G142D,21,652,0.0322085889570552,0,
1082026,BA.2_0.005_abundance_0.04,T22136G;T22200G,S:F192V;S:V213G,43,1056,0.0407196969696969,2,BA.5.1.27:2
1082026,BA.2_0.005_abundance_0.04,G22578A;C22674T;T22679C;C22686T;A22688G;T22693G;G22775A;A22786C;G22813T,S:G339D;S:S371F;S:S373P;S:S375F;S:T376A;S:F377L;S:D405N;S:R408S;S:K417N,136,1798,0.0756395995550611,0,
1082026,BA.2_0.005_abundance_0.04,T23906G;G23948T,S:F782V;S:D796Y,39,368,0.1059782608695652,0,
1082026,BA.2_0.005_abundance_0.04,A24424T;T24469A;C24593A,S:Q954H;S:N969K;S:Q1011K,18,208,0.0865384615384615,2,BA.1.1:2
1082026,BA.2_0.005_abundance_0.04,T24469A;C24593A,S:N969K;S:Q1011K,38,989,0.038422649140546,2,BA.1.1:2
1082026,BA.2_0.005_abundance_0.04,A24855T;C25000T,S:N1098I;S:D1146D,78,3278,0.0237949969493593,1,BA.5.2.2:1
1082026,BA.2_0.005_abundance_0.04,C25000T;G25010T,S:D1146D;S:E1150*,244,3251,0.0750538295908951,2,BA.2:1;BA.2.12.1:1
1082026,BA.2_0.005_abundance_0.04,G26006T;C26270T,ORF3a:S205I;E:T9I,7,217,0.032258064516129,0,
1082026,BA.2_0.005_abundance_0.04,A26118T;C26270T,ORF3a:E242D;E:T9I,13,220,0.059090909090909,8,BA.5.2:1;BA.5.1:4;BQ.1.12:1;BA.2.75:1;BA.1.15:1
1082026,BA.2_0.005_abundance_0.04,C26577G;G26709A;A26739T;C26858T,M:Q19E;M:A63T;M:I73L;M:F112F,89,2944,0.0302309782608695,0,
1082026,BA.2_0.005_abundance_0.04,C26577G;T26587C;G26709A;C26858T,M:Q19E;M:L22P;M:A63T;M:F112F,167,2944,0.0567255434782608,1,BA.2.74:1
1082026,BA.2_0.005_abundance_0.04,A27259C;A27325T;G27382C;A27383T;T27384C,ORF6:R20R;ORF6:K42*;ORF6:D61H;ORF6:D61V;ORF6:D61D,1125,2558,0.4397967161845191,6,BA.2.12.1:5;BA.2.3:1
1082026,BA.2_0.005_abundance_0.04,A27259C;A27325T,ORF6:R20R;ORF6:K42*,87,2742,0.0317286652078774,6,BA.2.12.1:5;BA.2.3:1
1082026,BA.2_0.005_abundance_0.04,T28128G;C28311T,ORF8:Y79D;N:P13L,226,2975,0.0759663865546218,10,BA.1.1:3;BA.4.1:4;BA.1:3
1082026,BA.2_0.005_abundance_0.04,A28766G;G28881A;G28882A;G28883C,N:T165A;N:R203K;N:R203R;N:G204R,148,355,0.4169014084507042,38,BA.5.1:1;BA.5.2.2:1;BA.1:1;BA.2.12.1:1;BA.2.12.2:3;BQ.1.1:1;BA.5.2.6:1;BA.2.10:1;BA.1.15.1:2;BA.2.6:1;B.1.1.7:4;BA.2.9:1;BA.5.5:4;BA.5.1.3:1;BA.1.1.4:3;BA.1.1:5;BE.1.1:1;BA.5.2:1;BA.2.1:2;BA.2:2;BF.5:1
1082026,BA.2_0.005_abundance_0.04,A28766G;G28881A;G28882A;G28883C;C28923G,N:T165A;N:R203K;N:R203R;N:G204R;N:A217G,47,331,0.1419939577039275,0,
1082026,BA.2_0.005_abundance_0.04,G28881A;G28882A;G28883C;C28923G,N:R203K;N:R203R;N:G204R;N:A217G,39,331,0.1178247734138972,49,BA.2:7;BA.1.1:3;BA.1:2;BF.7:2;BA.2.9:12;BA.1.14.1:4;B.1.1.7:3;BA.2.81:2;BA.5.1:5;BA.2.12.1:1;BA.2.38:4;BA.1.15:1;BA.1.1.14:1;CH.1.1:1;BA.5.2.1:1
1082026,BA.2_0.005_abundance_0.04,C29087G;G29157A,N:Q272E;N:G295E,54,830,0.0650602409638554,0,
1082026,BA.2_0.005_abundance_0.04,T29094A;G29157A,N:F274Y;N:G295E,15,830,0.0180722891566265,0,
1152026,BA.2_0.005_abundance_0.04,T426C;T670G,ORF1a:V54A;ORF1a:S135R,1093,1971,0.5545408422120751,19,BA.5.1.27:1;BA.5.2.1:1;BA.5.2.20:1;BA.2:7;BF.5:2;BF.11:1;BA.2.10.1:1;BA.5.1:2;BA.5.1.1:1;BA.2.21:1;BA.2.75:1
1152026,BA.2_0.005_abundance_0.04,T426C;A532G;T670G,ORF1a:V54A;ORF1a:V89V;ORF1a:S135R,38,1971,0.0192795535261288,0,
1152026,BA.2_0.005_abundance_0.04,T2302C;A2356C;A2431T,ORF1a:F679F;ORF1a:G697G;ORF1a:K722N,7,624,0.0112179487179487,0,
1152026,BA.2_0.005_abundance_0.04,T2302C;A2356C,ORF1a:F679F;ORF1a:G697G,8,683,0.0117130307467057,0,
1152026,BA.2_0.005_abundance_0.04,T2302C;A2431T,ORF1a:F679F;ORF1a:K722N,27,624,0.0432692307692307,0,
1152026,BA.2_0.005_abundance_0.04,A2356C;A2431T,ORF1a:G697G;ORF1a:K722N,8,625,0.0128,0,
1152026,BA.2_0.005_abundance_0.04,T3007A;C3037T,ORF1a:F914L;ORF1a:F924F,67,448,0.1495535714285714,20,BM.4.1.1:1;BA.2.10:4;AY.4:1;AY.39.1:1;AY.103:1;AY.25:1;AY.3:6;BA.1.1:1;B.1.221:2;AY.25.1:1;B.1.1.7:1
1152026,BA.2_0.005_abundance_0.04,T3007A;C3037T;T3067C,ORF1a:F914L;ORF1a:F924F;ORF1a:G934G,12,448,0.0267857142857142,0,
1152026,BA.2_0.005_abundance_0.04,A3842T;T3967A,ORF1a:M1193L;ORF1a:A1234A,16,1554,0.0102960102960102,0,
1152026,BA.2_0.005_abundance_0.04,A6208T;T6460C,ORF1a:K1981N;ORF1a:N2065N,8,268,0.0298507462686567,0,
1152026,BA.2_0.005_abundance_0.04,C9534T;A9538C,ORF1a:T3090I;ORF1a:V3091V,1111,2213,0.5020334387708992,1,BA.2.9:1
1152026,BA.2_0.005_abundance_0.04,C9534T;T9699A,ORF1a:T3090I;ORF1a:I3145N,184,2209,0.0832956088727931,1,BA.2:1
1152026,BA.2_0.005_abundance_0.04,C9534T;A9538C;T9699A,ORF1a:T3090I;ORF1a:V3091V;ORF1a:I3145N,362,2209,0.1638750565866908,0,
1152026,BA.2_0.005_abundance_0.04,T12023C;A12110G,ORF1a:S3920P;ORF1a:S3949G,21,1926,0.0109034267912772,1,BA.2:1
1152026,BA.2_0.005_abundance_0.04,C12616A;A12649C,ORF1a:D4117E;ORF1a:V4128V,30,1904,0.0157563025210084,0,
1152026,BA.2_0.005_abundance_0.04,C12880T;G12996A,ORF1a:I4205I;ORF1a:G4244D,642,1773,0.3620981387478849,0,
1152026,BA.2_0.005_abundance_0.04,A15572T;C15714T,ORF1b:D702V;ORF1b:L749L,4595,5746,0.7996867386007658,0,
1152026,BA.2_0.005_abundance_0.04,T16164G;C16333A,ORF1b:T899T;ORF1b:H956N,34,703,0.0483641536273115,0,
1152026,BA.2_0.005_abundance_0.04,A17153T;C17410T,ORF1b:Y1229F;ORF1b:R1315C,625,2607,0.2397391637897967,7,BA.5.2.1:3;BA.2:2;BA.5:2
1152026,BA.2_0.005_abundance_0.04,A17783C;G17849C,ORF1b:N1439T;ORF1b:G1461A,65,261,0.2490421455938697,0,
1152026,BA.2_0.005_abundance_0.04,C18692T;G18915C,ORF1b:S1742F;ORF1b:W1816C,168,1237,0.1358124494745351,0,
1152026,BA.2_0.005_abundance_0.04,A18911T;G18915C,ORF1b:D1815V;ORF1b:W1816C,20,1237,0.0161681487469684,0,
1152026,BA.2_0.005_abundance_0.04,G19117C;A19237G,ORF1b:A1884P;ORF1b:R1924G,22,824,0.0266990291262135,0,
1152026,BA.2_0.005_abundance_0.04,A19237G;T19270A,ORF1b:R1924G;ORF1b:L1935M,18,32,0.5625,0,
1152026,BA.2_0.005_abundance_0.04,C21789A;G21987A,S:T76N;S:G142D,43,1894,0.0227032734952481,64,BA.2.12.1:2;AY.23:10;BA.2.3.1:1;AY.85:1;AY.4:7;BA.2:13;BA.5.2.1:3;BA.5.2.6:1;BA.5.2:1;BA.2.3:1;BF.7:1;BQ.1.1:2;AY.4.2:3;BF.7.4:1;AY.25:1;B.1.617.2:2;AY.39.1:1;AY.4.2.1:1;AY.122:1;BN.1.3:1;BA.4:1;AY.44:1;BA.2.36:1;BA.5.1.1:1;AY.5:1;BA.5.2.18:1;B.1.617.1:1;AY.126:1;BA.5.1:1;BA.5.2.21:1
1152026,BA.2_0.005_abundance_0.04,C22674T;T22679C;C22686T;A22688G;G22775A;T22782G;A22786C,S:S371F;S:S373P;S:S375F;S:T376A;S:D405N;S:V407G;S:R408S,267,399,0.6691729323308271,0,
1152026,BA.2_0.005_abundance_0.04,T23225C;A23403G,S:S555P;S:D614G,42,764,0.0549738219895288,5,B.1.617.2:1;BA.5.2.6:1;B.1.617.1:1;BA.2:1;B.1.177.82:1
1152026,BA.2_0.005_abundance_0.04,T23225C;C23327T;A23403G,S:S555P;S:P589S;S:D614G,11,764,0.0143979057591623,0,
1152026,BA.2_0.005_abundance_0.04,C23327T;A23403G,S:P589S;S:D614G,93,765,0.1215686274509803,142,B.1.2:11;AY.75:2;AY.43:9;AY.25.1:9;B.1.1.198:2;B.1.177:9;B.1.617.2:2;AY.103:6;B.1.93:6;AY.44:6;AY.4:6;AY.119:2;BA.5.1.21:1;P.1:6;B.1:2;BE.1.2:1;B.1.470:6;BQ.1.23:1;AY.122:7;BA.2.75:1;B.1.1:1;B.1.575:6;B.1.497:4;AY.3:4;B.1.369:2;B.1.234:1;BA.5.6:1;B.1.177.81:1;XBB.1:2;B.1.1.135:1;BA.1.17:1;AY.25:3;BA.5.2:1;B.1.1.7:7;CK.2.1.1:1;B:1;AY.5.7:1;BA.1.15:1;AY.121:1;AY.100:2;BA.5.2.1:1;BQ.1.16:1;AY.4.2:1;BA.2.3:1;BA.2.12.1:1
1152026,BA.2_0.005_abundance_0.04,A23848C;G23948T,S:Q762H;S:D796Y,647,799,0.8097622027534418,5,BA.1.15:2;BA.1.1.2:1;BA.1.1:1;BA.2:1
1152026,BA.2_0.005_abundance_0.04,A24180G;A24424T,S:Y873C;S:Q954H,15,222,0.0675675675675675,3,BA.2:1;BA.1.1:1;BA.1:1
1152026,BA.2_0.005_abundance_0.04,A24264G;A24424T,S:Q901R;S:Q954H,26,222,0.1171171171171171,11,BA.1.15.1:1;BA.1:9;BA.5.2:1
1152026,BA.2_0.005_abundance_0.04,T24341C;A24424T,S:F927L;S:Q954H,13,222,0.0585585585585585,4,BA.1.1:1;BA.2:2;BA.1.15:1
1152026,BA.2_0.005_abundance_0.04,T24799C;C25000T,S:P1079P;S:D1146D,65,648,0.1003086419753086,191,BA.1.15:2;BA.1.1:30;BA.2.36:1;BA.4.6:3;BT.2:1;BA.1.18:5;BA.1.1.18:10;BA.5.2.1:9;BA.5.6:1;AY.103:2;BA.2.56:2;BA.1.17:10;BA.2:36;BA.1:5;BA.5.2:23;BF.5:4;BA.1.17.2:11;BQ.1:7;BA.2.9:1;BA.5.2.16:2;BA.1.20:2;BE.1.1:2;BA.5.2.6:1;BQ.1.1:2;BA.2.3:2;BA.5.1:2;BQ.1.1.6:1;BA.2.1:1;BA.1.1.2:1;BF.7.4.1:2;BF.10:2;BA.2.12.1:1;BA.1.15.1:1;BA.2.10:1;BA.4.1.3:1;BA.5.2.9:1;BA.2.38:1;BQ.1.1.24:1;BA.2.23.1:1
1152026,BA.2_0.005_abundance_0.04,C25000T;A25034G,S:D1146D;S:N1158D,12,445,0.0269662921348314,106,BF.11:47;BA.2.36:1;BA.2.10.1:24;BA.2:4;BA.5.1:1;BA.1.1:8;BF.5:5;BA.1.20:1;BA.1.15.1:2;BA.4.1:2;BF.1:1;BA.2.12.1:4;BA.1.17.2:1;BA.5.2.1:2;BA.1:1;BE.1.1:1;BE.1.1.2:1
1152026,BA.2_0.005_abundance_0.04,C25513A;C25584T,ORF3a:L41I;ORF3a:T64T,20,576,0.0347222222222222,185,BA.1.1:42;BA.2.36:5;BA.5.2.1:3;BE.1.1:1;BA.2.9:9;BA.1.18:1;BA.5.1.1:1;BA.1.1.3:1;BA.2:25;BA.5.1:6;BA.1.1.18:8;BA.1:11;BA.5.2:10;BF.21:1;BQ.1.1.5:12;BA.4.2:2;BA.1.1.1:5;BE.3:1;BA.2.75:2;BA.5.2.9:10;BA.2.10:4;BA.5:11;BF.26:1;BA.1.1.14:2;BA.2.3:1;BA.5.5:1;BA.2.12.1:2;BA.1.1.15:1;BF.6:2;BA.1.15.1:1;BA.5.2.34:1;BA.4:1;BA.1.1.8:1
1152026,BA.2_0.005_abundance_0.04,A27202C;A27259C;G27382C;A27383T;T27384C,ORF6:MX;ORF6:R20R;ORF6:D61H;ORF6:D61V;ORF6:D61D,569,1526,0.372870249017038,43,BA.2:42;BA.2.9:1
1152026,BA.2_0.005_abundance_0.04,A27202C;A27253G;A27259C;G27382C;A27383T;T27384C,ORF6:MX;ORF6:I18V;ORF6:R20R;ORF6:D61H;ORF6:D61V;ORF6:D61D,39,1526,0.0255570117955439,0,
1152026,BA.2_0.005_abundance_0.04,A27202C;A27259C,ORF6:MX;ORF6:R20R,33,1622,0.0203452527743526,44,BA.1.1:1;BA.2:42;BA.2.9:1
1152026,BA.2_0.005_abundance_0.04,A27253G;A27259C;G27382C;A27383T;T27384C,ORF6:I18V;ORF6:R20R;ORF6:D61H;ORF6:D61V;ORF6:D61D,74,1526,0.0484927916120576,113,BA.4.6:39;BA.2.75.2:1;BA.2:33;BA.2.18:1;BA.2.3.15:2;BA.4.1:20;BA.2.68:1;BA.2.9.5:4;BA.4.1.1:1;BA.2.3:5;BA.2.12.1:2;BA.2.75:1;BA.4:2;BA.2.56:1
1152026,BA.2_0.005_abundance_0.04,T28197C;C28311T,ORF8:C102R;N:P13L,133,2781,0.0478245235526788,133,BA.5.2.21:3;BQ.1.1.15:1;BA.2.3.13:3;BA.5.1:19;BA.1.15:21;BA.2:2;BE.1.1.2:1;BA.5.1.1:1;BE.4:2;BA.1.1:13;BF.5:2;BQ.1.1.4:1;BA.5.2.1:10;BA.1.1.18:5;BA.5.2:7;BA.5.2.11:1;BA.5.2.20:3;BA.5.2.18:3;BA.5.2.19:2;BA.1:2;BA.5:1;BE.1.4:4;BA.4:7;BQ.1.8:1;BA.5.2.7:1;BA.2.3:1;BE.1.1.1:1;BQ.1.1:4;BE.1.1:2;BA.5.5:3;BA.1.17.2:3;BQ.1:2;BA.5.2.26:1
1152026,BA.2_0.005_abundance_0.04,T28197C;C28311T;C28331G,ORF8:C102R;N:P13L;N:P20A,84,2607,0.0322209436133486,0,
1152026,BA.2_0.005_abundance_0.04,T28197C;G28287A;C28311T;C28331G,ORF8:C102R;N:G5E;N:P13L;N:P20A,46,2607,0.017644802454929,0,
1152026,BA.2_0.005_abundance_0.04,T28197C;G28287A;C28311T,ORF8:C102R;N:G5E;N:P13L,80,2781,0.0287666307083782,0,
1152026,BA.2_0.005_abundance_0.04,G28287A;C28311T;C28331G,N:G5E;N:P13L;N:P20A,347,2608,0.1330521472392638,0,
1152026,BA.2_0.005_abundance_0.04,C28311T;C28331G,N:P13L;N:P20A,656,2608,0.2515337423312883,1,BA.1.1:1
1152026,BA.2_0.005_abundance_0.04,A29510C;C29625G,N:S413R;ORF10:S23C,36,153,0.2352941176470588,1,BA.2.3:1
1222026,BA.2_0.005_abundance_0.04,T670G;C758A,ORF1a:S135R;ORF1a:H165N,73,344,0.2122093023255813,3,BA.2.9:2;BA.2:1
1222026,BA.2_0.005_abundance_0.04,T670G;C853T,ORF1a:S135R;ORF1a:Y196Y,12,344,0.0348837209302325,2796,BA.2.36:8;BA.5.1.10:11;BA.5.2.12:30;BA.4.6:6;BA.2.12.1:147;BA.2.9:14;BA.2:2049;BF.5:26;BA.2.75:4;BA.5.5:37;BA.4:1;BQ.1.11:3;BA.2.3:29;BA.5.2.28:159;BF.7:5;BA.5.2.20:5;BQ.1.23:1;BA.5.1.1:1;BA.4.1:3;CQ.2:34;BA.5.2.1:52;BA.5:5;BA.5.2:35;BA.2.18:3;BA.2.65:2;BQ.1.1.3:1;BA.2.38:2;BA.5.1:43;BF.10:1;BA.5.2.26:3;BQ.1:2;BA.5.2.9:10;BQ.1.1.22:1;BA.2.10:2;BQ.1.1:6;BQ.1.5:1;XBB.1:2;BA.5.1.3:2;BA.2.3.2:3;BE.1:2;BA.5.3.2:1;BA.2.1:2;BA.5.10:1;BA.5.1.22:11;BA.5.2.3:1;BA.2.71:1;BA.5.1.18:2;BF.26:4;BA.5.6:1;BA.2.3.13:1;BF.21:2;BA.2.33:1;BA.2.31:1;BA.5.1.24:2;BF.12:1;BE.1.1:2;BA.5.3.5:1;BA.5.5.1:3;BF.7.6:1;BA.2.9.5:1;BF.7.4:1;BF.11:1;BA.5.1.27:1;BA.5.1.6:1;BA.2.13:1
1222026,BA.2_0.005_abundance_0.04,T670G;C758A;C853T,ORF1a:S135R;ORF1a:H165N;ORF1a:Y196Y,6,344,0.0174418604651162,0,
1222026,BA.2_0.005_abundance_0.04,C758A;C853T,ORF1a:H165N;ORF1a:Y196Y,42,3098,0.0135571336346029,0,
1222026,BA.2_0.005_abundance_0.04,G2258C;A2514C,ORF1a:V665L;ORF1a:E750A,7,252,0.0277777777777777,0,
1222026,BA.2_0.005_abundance_0.04,C3037T;G3114C,ORF1a:F924F;ORF1a:G950A,24,287,0.0836236933797909,2,AY.4:1;BA.5.1:1
1222026,BA.2_0.005_abundance_0.04,C3037T;T3161A,ORF1a:F924F;ORF1a:S966T,32,241,0.1327800829875518,34,BA.5.2.21:2;B.1.1.7:9;AY.122:1;BA.5.1.30:1;BA.1:5;BF.5:1;AY.43:2;BA.5.1.22:5;AY.120:3;B.1.429:1;BQ.1.3:1;AY.44:1;B.1.2:1;AY.42:1
1222026,BA.2_0.005_abundance_0.04,C3037T;G3068C;T3161A,ORF1a:F924F;ORF1a:D935H;ORF1a:S966T,39,241,0.1618257261410788,0,
1222026,BA.2_0.005_abundance_0.04,C3037T;G3068C,ORF1a:F924F;ORF1a:D935H,59,300,0.1966666666666666,12,AY.122:2;BQ.1.12:1;AY.46.6:2;BA.5.1:2;BA.5.2.7:1;AY.127:1;B.1.1:1;BA.2.37:1;B.1.1.7:1
1222026,BA.2_0.005_abundance_0.04,C3037T;G3068C;G3114C;T3161A,ORF1a:F924F;ORF1a:D935H;ORF1a:G950A;ORF1a:S966T,21,241,0.0871369294605809,0,
1222026,BA.2_0.005_abundance_0.04,C3037T;G3114C;T3161A,ORF1a:F924F;ORF1a:G950A;ORF1a:S966T,22,241,0.0912863070539419,0,
1222026,BA.2_0.005_abundance_0.04,C3037T;G3068C;G3114C,ORF1a:F924F;ORF1a:D935H;ORF1a:G950A,29,287,0.1010452961672473,0,
1222026,BA.2_0.005_abundance_0.04,T8919G;C9042G,ORF1a:L2885*;ORF1a:S2926C,20,108,0.1851851851851851,0,
1222026,BA.2_0.005_abundance_0.04,C9344T;T9393G;A9424G,ORF1a:L3027F;ORF1a:I3043R;ORF1a:V3053V,40,421,0.0950118764845605,0,
1222026,BA.2_0.005_abundance_0.04,C9344T;T9393G;A9424G;C9534T,ORF1a:L3027F;ORF1a:I3043R;ORF1a:V3053V;ORF1a:T3090I,165,341,0.4838709677419355,0,
1222026,BA.2_0.005_abundance_0.04,C9344T;T9393G;A9424G;A9450T;C9534T,ORF1a:L3027F;ORF1a:I3043R;ORF1a:V3053V;ORF1a:Y3062F;ORF1a:T3090I,13,341,0.0381231671554252,0,
1222026,BA.2_0.005_abundance_0.04,C9344T;A9424G;A9450T;C9534T,ORF1a:L3027F;ORF1a:V3053V;ORF1a:Y3062F;ORF1a:T3090I,10,341,0.0293255131964809,1,BA.2.5:1
1222026,BA.2_0.005_abundance_0.04,A12605C;A12737T,ORF1a:I4114L;ORF1a:T4158S,33,2597,0.0127069695802849,0,
1222026,BA.2_0.005_abundance_0.04,T12630G;A12737T,ORF1a:L4122*;ORF1a:T4158S,356,2597,0.1370812475933769,0,
1222026,BA.2_0.005_abundance_0.04,A12737T;C12880T;T12994A,ORF1a:T4158S;ORF1a:I4205I;ORF1a:L4243L,35,193,0.1813471502590673,0,
1222026,BA.2_0.005_abundance_0.04,A12737T;C12880T,ORF1a:T4158S;ORF1a:I4205I,32,212,0.1509433962264151,5,BA.4.6:2;BA.5.2:2;BE.1.1:1
1222026,BA.2_0.005_abundance_0.04,A12737T;C12880T;T12909G,ORF1a:T4158S;ORF1a:I4205I;ORF1a:F4215C,8,212,0.0377358490566037,0,
1222026,BA.2_0.005_abundance_0.04,A12737T;C12880T;T12909G;T12994A,ORF1a:T4158S;ORF1a:I4205I;ORF1a:F4215C;ORF1a:L4243L,15,193,0.077720207253886,0,
1222026,BA.2_0.005_abundance_0.04,C12880T;T12909G,ORF1a:I4205I;ORF1a:F4215C,293,2181,0.1343420449335167,1,BA.5.2.1:1
1222026,BA.2_0.005_abundance_0.04,C12880T;T12994A,ORF1a:I4205I;ORF1a:L4243L,791,2027,0.3902318697582634,106,BE.1.1:49;BF.7.4.1:16;BA.2:24;BQ.1.23:2;BA.5.2:4;BA.2.9:2;BA.5.8:1;BF.27:1;BF.5:1;BA.5.1.6:1;BA.2.3:1;BA.2.12.1:1;BA.5.2.1:1;BE.1:1;BA.5.1:1
1222026,BA.2_0.005_abundance_0.04,C12880T;T12909G;T12994A,ORF1a:I4205I;ORF1a:F4215C;ORF1a:L4243L,287,2027,0.1415885545140602,0,
1222026,BA.2_0.005_abundance_0.04,G13988C;G14143A,ORF1b:R174P;ORF1b:D226N,26,759,0.0342555994729907,0,
1222026,BA.2_0.005_abundance_0.04,T15621G;T15624A;C15714T,ORF1b:L718L;ORF1b:Y719*;ORF1b:L749L,321,3572,0.0898656215005599,0,
1222026,BA.2_0.005_abundance_0.04,T15621G;C15714T,ORF1b:L718L;ORF1b:L749L,576,3572,0.1612541993281075,11,BF.10:10;BA.2:1
1222026,BA.2_0.005_abundance_0.04,T15624A;C15714T,ORF1b:Y719*;ORF1b:L749L,933,3572,0.2611982082866741,0,
1222026,BA.2_0.005_abundance_0.04,C15944A;G16089C,ORF1b:S826*;ORF1b:L874F,12,560,0.0214285714285714,0,
1222026,BA.2_0.005_abundance_0.04,T16916A;A17005G,ORF1b:L1150Q;ORF1b:N1180D,28,2285,0.012253829321663,0,
1222026,BA.2_0.005_abundance_0.04,T17169A;C17410T,ORF1b:H1234Q;ORF1b:R1315C,576,2892,0.1991701244813278,0,
1222026,BA.2_0.005_abundance_0.04,C18109A;A18163G,ORF1b:P1548T;ORF1b:I1566V,97,1225,0.0791836734693877,68,BA.5.1:4;BA.5.2.28:1;BA.2.75:4;BA.1.1:3;BA.5.2.1:1;BQ.1.1.24:9;BA.4:1;BA.1.20:1;BQ.1.1.18:3;BA.5.1.9:12;BA.5.1.1:2;BA.4.6:1;BA.2:10;BA.2.12.1:7;BA.1:2;BA.2.36:5;BA.1.1.1:1;BA.2.9:1
1222026,BA.2_0.005_abundance_0.04,T20911G;G20953C,ORF1b:L2482V;ORF1b:D2496H,33,1495,0.0220735785953177,0,
1222026,BA.2_0.005_abundance_0.04,C21888T;G21987A,S:T109I;S:G142D,118,1217,0.0969597370583401,39,BA.5.2.1:2;AY.50:1;BA.5.6:1;AY.122.6:1;AY.4:5;AY.44:2;BA.4:1;BF.7:1;AY.122:2;AY.23:3;BA.1:6;AY.43:2;AY.112:1;AY.4.2.2:1;AY.25.1:2;AY.47:1;AY.103:2;AY.29:1;AY.4.2:1;AY.121:1;AY.34:1;BQ.1.19:1
1222026,BA.2_0.005_abundance_0.04,A22069T;T22200G,S:E169D;S:V213G,181,587,0.3083475298126065,3,BA.5.1:3
1222026,BA.2_0.005_abundance_0.04,A22069T;T22142C;T22200G,S:E169D;S:F194L;S:V213G,16,587,0.0272572402044293,0,
1222026,BA.2_0.005_abundance_0.04,T22142C;T22200G,S:F194L;S:V213G,10,588,0.0170068027210884,2,BA.2:1;BF.10:1
1222026,BA.2_0.005_abundance_0.04,G22578A;T22585G;C22674T;T22679C;C22686T;A22688G;A22786C;G22813T,S:G339D;S:V341V;S:S371F;S:S373P;S:S375F;S:T376A;S:R408S;S:K417N,61,820,0.074390243902439,9,BA.2:7;BA.5.5.1:1;BA.5.2.1:1
1222026,BA.2_0.005_abundance_0.04,C23226G;A23403G;C23430G,S:S555C;S:D614G;S:A623G,313,4866,0.0643238799835593,0,
1222026,BA.2_0.005_abundance_0.04,C23226G;A23403G,S:S555C;S:D614G,948,4866,0.1948212083847102,1,BA.2:1
1222026,BA.2_0.005_abundance_0.04,C23226G;A23403G;A23436G,S:S555C;S:D614G;S:H625R,131,4865,0.0269270298047276,0,
1222026,BA.2_0.005_abundance_0.04,C23226G;T23246A;A23403G,S:S555C;S:F562I;S:D614G,94,4866,0.0193177147554459,0,
1222026,BA.2_0.005_abundance_0.04,T23246A;A23403G,S:F562I;S:D614G,168,4866,0.0345252774352651,1,BA.1.1:1
1222026,BA.2_0.005_abundance_0.04,A23403G;C23430G,S:D614G;S:A623G,635,4867,0.1304705157181015,4,AY.4:1;BA.2:1;BA.1.15:1;BA.1:1
1222026,BA.2_0.005_abundance_0.04,A23403G;C23430G;A23436G,S:D614G;S:A623G;S:H625R,78,4866,0.0160295930949445,0,
1222026,BA.2_0.005_abundance_0.04,G23948T;T23966G,S:D796Y;S:F802V,163,469,0.347547974413646,4,BA.1:3;BA.2:1
1222026,BA.2_0.005_abundance_0.04,G23948T;A23975C,S:D796Y;S:I805L,23,469,0.0490405117270788,225,BA.1.15.1:1;BQ.1.4:1;BA.2:156;BF.5:3;BA.1:8;BQ.1.5:1;BA.1.1:17;BA.1.17.2:15;BA.1.1.1:1;BA.2.75:1;BA.1.1.15:4;BA.5.2.1:8;BA.1.17:2;BA.2.56:1;BA.5.2.13:1;BA.1.15:1;BA.4.1.9:1;BA.2.12.1:1;BA.5.1:2
1222026,BA.2_0.005_abundance_0.04,G23948T;T23966G;A23975C,S:D796Y;S:F802V;S:I805L,13,469,0.0277185501066098,0,
1222026,BA.2_0.005_abundance_0.04,T24307C;A24424T,S:V915V;S:Q954H,78,1589,0.0490874764002517,119,BA.5.2.1:2;BA.5.1:27;BA.5.2:52;BA.5.1.1:2;BA.2:11;BA.1.1:3;BA.2.9:4;BA.4.1:7;BA.1:3;XAF:1;BE.1.1:2;BA.1.14:1;BA.5.5:2;BA.2.29:1;BA.4.2:1
1222026,BA.2_0.005_abundance_0.04,T26930C;T26968C,M:S136S;M:L149P,9,37,0.2432432432432432,0,
1222026,BA.2_0.005_abundance_0.04,T27257A;G27382C;A27383T;T27384C,ORF6:M19K;ORF6:D61H;ORF6:D61V;ORF6:D61D,106,875,0.1211428571428571,896,BA.2.75:6;BA.4:9;BA.2.36:106;BA.2.3:43;BA.2.12.1:47;BA.4.6:7;BA.2.5:1;BA.2.13:6;BA.2.3.1:5;BA.2.9:62;CM.2:10;BA.2:495;BA.2.10:12;BA.2.7:1;BA.2.10.1:10;BA.2.33:8;BA.2.3.13:2;BA.2.24:5;BA.2.3.20:1;BA.2.23:13;BA.2.60:1;BA.2.8:4;BA.2.65:1;BA.4.6.5:1;XBB:1;BA.2.3.17:11;BA.4.1:6;BL.1:1;BA.2.3.12:1;BA.4.1.3:1;BA.2.3.2:1;BA.2.2:8;BA.4.2:2;BA.2.62:1;BA.2.9.3:1;BA.2.9.6:1;BA.2.18:1;BA.2.29:2;XQ:1;BA.2.56:1
1222026,BA.2_0.005_abundance_0.04,C28311T;A28316C,N:P13L;N:I15L,142,3800,0.0373684210526315,8,BA.1.1:4;BA.1.15.1:1;BA.1:3
1222026,BA.2_0.005_abundance_0.04,C29013G;G29135C;T29185G,N:T247S;N:D288H;N:I304M,25,201,0.1243781094527363,0,
1222026,BA.2_0.005_abundance_0.04,C29013G;G29132T;G29135C;T29185G,N:T247S;N:G287W;N:D288H;N:I304M,18,201,0.0895522388059701,0,
1222026,BA.2_0.005_abundance_0.04,C29013G;G29135C,N:T247S;N:D288H,21,201,0.1044776119402985,0,
1222026,BA.2_0.005_abundance_0.04,C29013G;T29185G,N:T247S;N:I304M,26,201,0.1293532338308457,0,
1222026,BA.2_0.005_abundance_0.04,C29013G;G29132T,N:T247S;N:G287W,9,201,0.044776119402985,0,
1222026,BA.2_0.005_abundance_0.04,C29013G;G29132T;T29185G,N:T247S;N:G287W;N:I304M,8,201,0.0398009950248756,0,
1222026,BA.2_0.005_abundance_0.04,C29013G;G29132T;G29135C,N:T247S;N:G287W;N:D288H,5,201,0.0248756218905472,0,
1222026,BA.2_0.005_abundance_0.04,G29132T;G29135C;T29185G,N:G287W;N:D288H;N:I304M,198,2030,0.0975369458128078,0,
1222026,BA.2_0.005_abundance_0.04,G29132T;T29185G,N:G287W;N:I304M,188,2030,0.0926108374384236,0,
1222026,BA.2_0.005_abundance_0.04,G29132T;G29135C,N:G287W;N:D288H,165,2030,0.0812807881773399,0,
1222026,BA.2_0.005_abundance_0.04,G29135C;T29185G,N:D288H;N:I304M,312,2032,0.1535433070866141,0,
1292026,BA.2_0.005_abundance_0.04,T523A;T670G,ORF1a:V86V;ORF1a:S135R,415,2844,0.1459212376933896,149,BA.2.3.2:1;BQ.1.1:9;BA.2.12.1:13;BA.5.2.1:13;BF.31:2;BA.2.3:1;BA.2.1:1;BA.2:40;BE.1:29;BA.5.2:4;BF.21:2;BA.5.2.9:5;BF.5:1;BA.5.1:6;BF.7:3;BA.2.9:2;BA.5:2;BA.2.10.2:1;BA.5.1.4:4;BA.5.5:2;BR.1:1;BE.1.1:1;BA.2.38:1;BA.5.8:2;BA.5.2.14:1;BA.5.2.24:1;BA.2.75:1
1292026,BA.2_0.005_abundance_0.04,T523A;A544T;T670G,ORF1a:V86V;ORF1a:E93D;ORF1a:S135R,63,2844,0.0221518987341772,0,
1292026,BA.2_0.005_abundance_0.04,A544T;T670G,ORF1a:E93D;ORF1a:S135R,335,2844,0.1177918424753867,367,BQ.1.1:1;BA.2.10:112;BA.2.12.1:73;BA.2.9:83;BA.2:40;BA.2.18:21;BQ.1.18:2;BA.2.10.3:1;BQ.1.8:22;BA.5.2:5;BA.5.2.6:1;BA.5.1:2;BA.4.1:2;BA.5.2.28:1;BA.2.14:1
1292026,BA.2_0.005_abundance_0.04,T2670A;C2790T,ORF1a:L802H;ORF1a:T842I,20,109,0.1834862385321101,0,
1292026,BA.2_0.005_abundance_0.04,T2670A;C2790T;A2854T,ORF1a:L802H;ORF1a:T842I;ORF1a:E863D,15,95,0.1578947368421052,0,
1292026,BA.2_0.005_abundance_0.04,T2670A;A2784T;C2790T,ORF1a:L802H;ORF1a:N840I;ORF1a:T842I,5,109,0.0458715596330275,0,
1292026,BA.2_0.005_abundance_0.04,C2790T;A2854T,ORF1a:T842I;ORF1a:E863D,23,95,0.2421052631578947,2,BA.5.2:1;BA.2.3:1
1292026,BA.2_0.005_abundance_0.04,A2854T;C3037T,ORF1a:E863D;ORF1a:F924F,5,14,0.3571428571428571,3,BA.1.1:1;B.1.416:1;BA.5.2:1
1292026,BA.2_0.005_abundance_0.04,A4350G;G4488T,ORF1a:N1362S;ORF1a:G1408V,408,1259,0.324066719618745,0,
1292026,BA.2_0.005_abundance_0.04,A4350G;A4465C;G4488T,ORF1a:N1362S;ORF1a:S1400S;ORF1a:G1408V,40,1259,0.0317712470214455,0,
1292026,BA.2_0.005_abundance_0.04,A4465C;G4488T,ORF1a:S1400S;ORF1a:G1408V,55,1259,0.0436854646544876,0,
1292026,BA.2_0.005_abundance_0.04,A8504T;A8507G,ORF1a:T2747S;ORF1a:R2748G,12,77,0.1558441558441558,0,
1292026,BA.2_0.005_abundance_0.04,C9344T;T9401C;A9424G;C9534T,ORF1a:L3027F;ORF1a:S3046P;ORF1a:V3053V;ORF1a:T3090I,245,1287,0.1903651903651903,22,BA.2.12.1:1;BA.5:1;BA.2:17;BA.5.2.1:1;BA.5.1:1;BA.2.65:1
1292026,BA.2_0.005_abundance_0.04,C9344T;A9424G;C9534T;G9536A,ORF1a:L3027F;ORF1a:V3053V;ORF1a:T3090I;ORF1a:V3091I,174,1253,0.1388667198723064,147,BA.2.75:74;BA.4:1;BA.2.12.1:3;BQ.1.19:1;BQ.1.12:6;BA.2.3:5;BA.5.6:5;BA.2:12;BA.4.1.6:1;BA.2.18:1;BA.5.1.3:1;BA.4.1.1:1;BA.5.2:5;BA.2.10:3;BN.1.5:2;BA.2.76:1;BA.2.9:3;BA.5.1:5;BQ.1:14;BA.5:1;BA.2.3.15:1;BA.2.44:1
1292026,BA.2_0.005_abundance_0.04,C9344T;T9401C;A9424G,ORF1a:L3027F;ORF1a:S3046P;ORF1a:V3053V,78,1559,0.0500320718409236,22,BA.2.12.1:1;BA.5:1;BA.2:17;BA.5.2.1:1;BA.5.1:1;BA.2.65:1
1292026,BA.2_0.005_abundance_0.04,C9344T;T9401C;A9424G;C9534T;G9536A,ORF1a:L3027F;ORF1a:S3046P;ORF1a:V3053V;ORF1a:T3090I;ORF1a:V3091I,39,1253,0.0311252992817238,0,
1292026,BA.2_0.005_abundance_0.04,C9534T;C9592T,ORF1a:T3090I;ORF1a:Y3109Y,1164,1622,0.717632552404439,529,BE.3:1;BA.2.38:4;BA.2.9:20;BA.2.3:23;BA.2.10.1:7;BA.4.6:8;BA.2.37:1;BA.2:107;BA.5.2.1:32;BA.2.75:72;BA.5.1:33;BQ.1:15;BA.5.2:41;BF.5:5;BA.5.1.22:1;BA.2.10:4;BA.2.20:1;BF.10:2;BA.2.12.1:20;BL.1:6;BA.4.1:6;BE.1:3;BE.2:15;BA.5.5:39;BE.1.1:8;BQ.1.3:1;BA.5.1.15:11;BA.5.2.20:2;BA.2.24:2;BQ.1.1:9;CH.1.1:5;BA.5.1.23:1;BA.2.5:6;BA.4.4:1;BQ.1.8:2;BQ.1.23:1;BA.5.6:1;DJ.1.1:2;XBB.2:1;BL.1.4:1;BA.1.1:1;BF.4:1;BA.5.9:1;BF.7.4:1;XBB.1:1;BG.5:1;BA.2.29:1;BA.2.18:1;BF.7:1
1292026,BA.2_0.005_abundance_0.04,C9534T;G9536A;C9592T,ORF1a:T3090I;ORF1a:V3091I;ORF1a:Y3109Y,279,1622,0.1720098643649815,0,
1292026,BA.2_0.005_abundance_0.04,C9534T;G9536A,ORF1a:T3090I;ORF1a:V3091I,44,2875,0.0153043478260869,176,BA.2.75:80;BA.4:1;BN.1.5:14;BA.2.12.1:4;BQ.1.19:1;BQ.1.12:6;BA.2.3:5;BA.5.6:7;BA.2:13;BA.5.1:6;BA.4.1.6:1;BA.2.18:1;BA.5.1.3:1;BA.4.1.1:1;BA.5.2:6;BA.2.9:5;BA.2.10:3;BA.2.76:1;BA.1.20:1;BQ.1:14;BA.5:1;BA.2.3.15:1;BA.5.2.1:1;BA.5.1.1:1;BA.2.44:1
1292026,BA.2_0.005_abundance_0.04,T10001G;C10029T;T9867A,ORF1a:S3246A;ORF1a:T3255I;ORF1a:L3201H,15,135,0.1111111111111111,0,
1292026,BA.2_0.005_abundance_0.04,T10001G;C10029T;G9910T,ORF1a:S3246A;ORF1a:T3255I;ORF1a:K3215N,9,135,0.0666666666666666,0,
1292026,BA.2_0.005_abundance_0.04,C10029T;G9910T,ORF1a:T3255I;ORF1a:K3215N,7,135,0.0518518518518518,2,BA.1.15:1;AY.3:1
1292026,BA.2_0.005_abundance_0.04,T10001G;C10029T,ORF1a:S3246A;ORF1a:T3255I,57,135,0.4222222222222222,76,AY.4:6;BA.1.1:8;BA.5.10:1;AY.4.4:7;BE.1.4.4:1;BA.1:10;AY.113:2;AY.44:7;C.37:1;AY.100:13;BA.5.2.1:4;B.1.617.2:1;BA.1.15:3;AY.117:1;BA.5.2:2;DF.1:1;BA.2:2;AY.39:4;BA.2.12.1:2
1292026,BA.2_0.005_abundance_0.04,T10554C;C10632T,ORF1a:L3430S;ORF1a:A3456V,15,956,0.0156903765690376,0,
1292026,BA.2_0.005_abundance_0.04,A11896G;C12005T,ORF1a:Q3877Q;ORF1a:L3914L,9,481,0.0187110187110187,0,
1292026,BA.2_0.005_abundance_0.04,C12880T;T12994G,ORF1a:I4205I;ORF1a:L4243L,1558,1918,0.8123044838373306,3,BA.2.75.1:1;BA.2.12.1:1;BA.2.3:1
1292026,BA.2_0.005_abundance_0.04,T14034G;A14041T,ORF1b:N189K;ORF1b:I192F,272,1095,0.2484018264840182,0,
1292026,BA.2_0.005_abundance_0.04,A14699G;C14703G,ORF1b:Y411C;ORF1b:D412E,80,953,0.0839454354669464,0,
1292026,BA.2_0.005_abundance_0.04,G15705A;C15714T,ORF1b:M746I;ORF1b:L749L,376,4447,0.0845513829548009,2,BA.2.75:1;BF.24:1
1292026,BA.2_0.005_abundance_0.04,G15705A;C15714T;A15787C,ORF1b:M746I;ORF1b:L749L;ORF1b:K774Q,43,4143,0.0103789524499155,0,
1292026,BA.2_0.005_abundance_0.04,C15714T;A15787C,ORF1b:L749L;ORF1b:K774Q,523,4143,0.1262370263094376,0,
1292026,BA.2_0.005_abundance_0.04,T16916G;G17032A,ORF1b:L1150R;ORF1b:V1189I,13,734,0.0177111716621253,0,
1292026,BA.2_0.005_abundance_0.04,T18778G;A18916G,ORF1b:W1771G;ORF1b:T1817A,261,2458,0.1061838893409275,0,
1292026,BA.2_0.005_abundance_0.04,T18778G;A18865C;A18916G,ORF1b:W1771G;ORF1b:M1800L;ORF1b:T1817A,43,2458,0.017493897477624,0,
1292026,BA.2_0.005_abundance_0.04,T18778G;A18865C,ORF1b:W1771G;ORF1b:M1800L,102,2486,0.0410297666934835,0,
1292026,BA.2_0.005_abundance_0.04,A18865C;A18916G,ORF1b:M1800L;ORF1b:T1817A,63,2458,0.0256305939788445,0,
1292026,BA.2_0.005_abundance_0.04,A22121C;T22200G,S:K187Q;S:V213G,78,145,0.5379310344827586,274,BA.2:1;BA.5.1:2;BA.2.12.1:270;BA.2.10.1:1
1292026,BA.2_0.005_abundance_0.04,A22121C;A22178C;T22200G,S:K187Q;S:K206Q;S:V213G,5,145,0.0344827586206896,0,
1292026,BA.2_0.005_abundance_0.04,G22578A;C22674T;T22679C;C22686T;A22688G;A22780C;A22786C;G22813T,S:G339D;S:S371F;S:S373P;S:S375F;S:T376A;S:E406D;S:R408S;S:K417N,53,114,0.4649122807017544,0,
1292026,BA.2_0.005_abundance_0.04,T22979C;G22992A;C22995A;A23013C;A23040G;T23075C,S:Y473H;S:S477N;S:T478K;S:E484A;S:Q493R;S:Y505H,82,235,0.3489361702127659,29,BA.2.12.1:24;BA.2:2;BA.1.1.2:1;BA.1.1:2
1292026,BA.2_0.005_abundance_0.04,T22979C;G22992A;C22995A;A23013C;A23040G,S:Y473H;S:S477N;S:T478K;S:E484A;S:Q493R,11,251,0.0438247011952191,30,BA.2.12.1:25;BA.2:2;BA.1.1.2:1;BA.1.1:2
1292026,BA.2_0.005_abundance_0.04,G23302C;A23403G;T23449C,S:Q580H;S:D614G;S:L629L,154,2069,0.0744320927984533,0,
1292026,BA.2_0.005_abundance_0.04,G23302C;A23403G,S:Q580H;S:D614G,520,2073,0.250844187168355,10,AY.112:1;BA.1.18:1;BA.4.4:3;AY.25.1:1;AY.44:1;B.1.617.2:1;BA.1.1.18:1;AY.4:1
1292026,BA.2_0.005_abundance_0.04,A23403G;T23449C,S:D614G;S:L629L,330,2069,0.1594973417109715,1331,BA.4.6:376;BA.1.17:4;B.1.243:6;AY.44:3;BA.2.54:3;BA.2:174;AY.103:13;BA.1.15:8;AY.122:5;BF.5:1;BA.1:17;BA.2.9:6;BA.5.1:18;B.1.232:7;P.1:5;AY.29:3;BE.3:1;B.1.2:36;BA.5.2:27;BE.1.1:3;BA.5.1.16:1;B.1.1.7:24;B.1.1.434:5;BA.5:2;BA.2.12.1:50;BA.5.1.22:8;B.1.160:18;BA.5.2.1:75;BA.2.75:4;AY.25.1:56;BA.5.1.27:16;AY.43:7;B.1.1.125:1;AY.5:3;CQ.1:12;BA.2.38:4;AY.108:1;BA.2.37:2;B.1.625:4;B.1:3;B.1.110.3:2;BA.2.29:13;BA.5.2.18:12;BA.2.3:3;BA.1.1:58;AY.36:12;AY.4:92;BA.5.5:14;AY.36.1:1;BA.1.18:1;BA.2.9.5:1;BA.2.73:1;AY.102:1;XBB.4:1;BA.4.6.5:2;AY.9.2:1;B.1.351:1;BF.7:4;AY.99.2:2;AY.4.2:15;BA.1.1.1:1;BQ.1:3;B.1.427:1;AY.3:2;B.1.617.2:7;BQ.1.1:6;AY.98:1;BA.2.3.1:1;BA.4.1:3;BF.9:5;BA.1.1.18:1;BA.1.1.2:1;BQ.1.18:1;AY.47:1;BA.1.14.2:1;B.1.177.82:1;AY.125:2;BA.5.1.23:1;BA.2.13:1;B.1.146:1;BA.5.1.5:6;B.1.617.1:3;AY.100:1;AY.121:1;AY.24:1;AY.39:1;D.2:1;BA.5.1.24:1;BA.5.2.28:1;AY.23.1:1;AY.113:1;BA.4:1;BA.1.1.8:1;AY.42:1;C.37:1;BF.10:2;BA.5.2.25:1;BA.2.39:2;BE.1:1;AY.30:1;AY.120:1;AY.126:3;BA.4.1.1:2;B.1.526:1;BF.7.4.1:1;B:1;B.1.351.2:1;BA.2.65:1;AY.26:1
1292026,BA.2_0.005_abundance_0.04,G23948T;T23976G;G24104T,S:D796Y;S:I805R;S:D848Y,7,696,0.0100574712643678,0,
1292026,BA.2_0.005_abundance_0.04,G23948T;T23976G,S:D796Y;S:I805R,160,760,0.2105263157894736,0,
1292026,BA.2_0.005_abundance_0.04,G23948T;G24104T,S:D796Y;S:D848Y,23,696,0.0330459770114942,0,
1292026,BA.2_0.005_abundance_0.04,A24424T;T24469A;A24493G,S:Q954H;S:N969K;S:L977L,42,104,0.4038461538461538,148,BA.5.2.1:13;BA.2.10:1;BA.2:97;BA.2.75:1;BA.2.3.11:1;BA.1.1:5;BF.5:10;BA.5.2.14:2;BA.1:2;BQ.1.1.22:1;BA.1.21:1;BQ.1.1:2;BA.4.1:1;BA.5.2:7;CK.1:1;BA.1.1.1:1;BA.5.1.10:1;BA.2.12.1:1
1292026,BA.2_0.005_abundance_0.04,A24424T;T24469A;A24493G;G24605A,S:Q954H;S:N969K;S:L977L;S:A1015T,18,104,0.173076923076923,0,
1292026,BA.2_0.005_abundance_0.04,A24424T;T24469A;G24605A,S:Q954H;S:N969K;S:A1015T,13,104,0.125,8,BA.2:3;BA.1.18:1;BA.2.74:2;BA.1.17:1;BA.1:1
1292026,BA.2_0.005_abundance_0.04,T24469A;G24605A,S:N969K;S:A1015T,49,488,0.1004098360655737,9,BA.1.1:1;BA.2.74:2;BA.2:3;BA.1.18:1;BA.1.17:1;BA.1:1
1292026,BA.2_0.005_abundance_0.04,T24469A;A24493G,S:N969K;S:L977L,151,488,0.3094262295081967,148,BA.2.3.11:1;BF.5:10;BA.5.2.1:13;BA.5.2.14:2;BA.2:97;BA.1.1:5;BA.1.1.1:1;BQ.1.1.22:1;BQ.1.1:2;CK.1:1;BA.5.1.10:1;BA.2.75:1;BA.4.1:1;BA.5.2:7;BA.2.10:1;BA.1:2;BA.1.21:1;BA.2.12.1:1
1292026,BA.2_0.005_abundance_0.04,T24469A;A24493G;G24605A,S:N969K;S:L977L;S:A1015T,72,488,0.1475409836065573,0,
1292026,BA.2_0.005_abundance_0.04,T24769A;C25000T,S:P1069P;S:D1146D,416,1547,0.2689075630252101,60,BA.5.2.22:1;BA.5.1:11;BA.1.1:7;BA.2.9:6;BA.5.5:1;BF.4:1;BA.2.29:1;BA.1:3;BA.2.75:1;BA.2:4;BA.4.6:2;BA.1.1.18:12;BA.5.2:1;BA.2.12.1:6;BQ.1.1:1;BA.5.2.1:1;BA.1.17.2:1
1292026,BA.2_0.005_abundance_0.04,T24769A;A24885C;C25000T,S:P1069P;S:N1108T;S:D1146D,108,1547,0.0698125404007757,0,
1292026,BA.2_0.005_abundance_0.04,A24885C;C25000T,S:N1108T;S:D1146D,234,1549,0.1510652033570045,19,BA.1:4;BA.2:2;BA.1.1.2:2;BA.4:1;BA.1.15:1;BA.2.12.1:1;BA.1.1:2;BA.2.75:1;BA.4.1.6:3;BA.2.3:1;BA.5.2.9:1
1292026,BA.2_0.005_abundance_0.04,A25562G;C25584T,ORF3a:Q57R;ORF3a:T64T,163,2920,0.0558219178082191,270,BA.1.1:48;BA.2.12.1:89;BE.1.1:2;BA.5.5:3;BA.2:25;BQ.1.5:6;BQ.1.1.1:2;BA.5.2.1:1;BF.7:5;BA.2.10:12;BA.5.2.20:13;BA.5.2:3;BA.5.6:1;BA.1:50;BQ.1.1:1;BA.5.1:1;BA.5.1.24:1;BA.1.17.2:2;BF.26:1;BA.2.76:1;BA.2.3:1;BA.4.1:1;XBB.2:1
1292026,BA.2_0.005_abundance_0.04,C26270T;C26366G,E:T9I;E:A41G,103,816,0.1262254901960784,8,BA.2:6;BA.1.1:1;BA.1:1
1292026,BA.2_0.005_abundance_0.04,C26577G;G26709A;G26754C,M:Q19E;M:A63T;M:G78R,94,3232,0.0290841584158415,2,BA.2:2
1292026,BA.2_0.005_abundance_0.04,C26577G;G26709A;G26754C;C26858T,M:Q19E;M:A63T;M:G78R;M:F112F,665,2867,0.2319497732821765,2,BA.2:2
1292026,BA.2_0.005_abundance_0.04,C26577G;A26638T;G26709A;C26858T,M:Q19E;M:Y39F;M:A63T;M:F112F,205,2867,0.0715033135681897,25,BA.2:18;BA.2.75:1;BA.2.37:1;BA.2.74:2;BA.2.12.1:1;BA.2.9:1;BA.2.76:1
1292026,BA.2_0.005_abundance_0.04,C26577G;G26709A;G26757C;C26858T,M:Q19E;M:A63T;M:G79R;M:F112F,106,2867,0.0369724450645273,0,
1292026,BA.2_0.005_abundance_0.04,C26577G;G26709A;G26754C;G26757C;C26858T,M:Q19E;M:A63T;M:G78R;M:G79R;M:F112F,30,2867,0.0104638995465643,0,
1292026,BA.2_0.005_abundance_0.04,C26577G;A26638T;G26709A;G26754C;C26858T,M:Q19E;M:Y39F;M:A63T;M:G78R;M:F112F,61,2867,0.0212765957446808,0,
1292026,BA.2_0.005_abundance_0.04,T26972G;A27144G,M:R150R;M:T208A,18,165,0.109090909090909,0,
1292026,BA.2_0.005_abundance_0.04,A27259C;A27309C;G27382C;A27383T;T27384C,ORF6:R20R;ORF6:I36I;ORF6:D61H;ORF6:D61V;ORF6:D61D,247,1501,0.1645569620253164,1,BA.2.38:1
1292026,BA.2_0.005_abundance_0.04,T28148A;C28311T,ORF8:P85P;N:P13L,44,2292,0.019197207678883,4,BA.5.2.1:1;BA.1.1:1;BA.2.5:1;BA.2.3:1
1292026,BA.2_0.005_abundance_0.04,G28239T;C28311T,ORF8:V116F;N:P13L,523,2293,0.2280854775403401,105,BA.5.2.21:1;BA.1.1.15:4;BE.1.1:2;BA.5.1:3;BA.1:7;BA.2:17;BA.1.1:24;BA.2.9:5;BA.5.2:3;BA.5.1.22:5;BA.2.3.1:1;BE.1.4:1;AY.46:1;BQ.1.1.6:1;BA.2.12.1:1;BA.5.2.1:4;BA.1.17:2;BA.5.2.25:2;BA.2.65:1;B.1.621:1;BQ.1.23:1;BF.7:2;BQ.1:2;BA.5.5:1;BA.1.1.12:1;BF.28:2;BA.4.1:1;BA.1.1.18:1;B.1.526:3;C.36.3:2;BA.5.2.6:1;BA.2.5:1;BA.1.17.2:1
1292026,BA.2_0.005_abundance_0.04,T28822A;G28881A;G28882A;G28883C,N:S183S;N:R203K;N:R203R;N:G204R,25,146,0.1712328767123287,63,BA.1.1:17;P.1.15:10;BA.2.75:1;BA.2.12.1:2;BA.5.2.1:12;BA.4.6:3;BA.5.2:1;P.1.14:1;BA.2:8;BA.1.17.2:1;B.1.1.7:7
1292026,BA.2_0.005_abundance_0.04,T28822A;A28848G;G28881A;G28882A;G28883C,N:S183S;N:N192S;N:R203K;N:R203R;N:G204R,21,146,0.1438356164383561,0,
1292026,BA.2_0.005_abundance_0.04,T28822A;A28848G;G28881A;G28882A;G28883C;A28983T,N:S183S;N:N192S;N:R203K;N:R203R;N:G204R;N:K237I,6,131,0.0458015267175572,0,
1292026,BA.2_0.005_abundance_0.04,T28822A;G28881A;G28882A;G28883C;A28983T,N:S183S;N:R203K;N:R203R;N:G204R;N:K237I,7,131,0.0534351145038167,0,
1292026,BA.2_0.005_abundance_0.04,A28848G;G28881A;G28882A;G28883C,N:N192S;N:R203K;N:R203R;N:G204R,32,146,0.2191780821917808,139,BA.1.1:19;BA.1.21:1;B.1.1.7:62;BA.2:18;BA.1.1.18:4;BA.5.1:4;P.1:5;BA.1.18:1;BA.5.2.1:5;BA.4.6:3;BA.2.9:3;BA.5.2:3;BA.2.74:1;BA.2.75:1;BA.1.13:1;BE.1.1:1;BA.5.6:1;B.1.1.306:2;BA.1:2;BA.1.1.14:1;BA.5.1.30:1
1292026,BA.2_0.005_abundance_0.04,G28881A;G28882A;G28883C;A28983T,N:R203K;N:R203R;N:G204R;N:K237I,9,131,0.0687022900763358,69,BA.1.1:9;B.1.1.7:26;BA.2.3:1;BA.2:6;BA.1.20:1;BE.1.1:1;BQ.1.1.22:2;BA.5.6:4;BA.1:5;B.1.1:2;BA.5.1.23:1;BA.1.18:1;B.1.1.33:1;BQ.1.10.1:2;BA.5.2:1;BA.1.1.13:2;BF.5:1;BA.2.36:1;BA.5.2.1:2
1292026,BA.2_0.005_abundance_0.04,A29510C;T29568C;T29619A,N:S413R;ORF10:I4T;ORF10:M21K,89,1319,0.067475360121304,0,
1292026,BA.2_0.005_abundance_0.04,A29510C;T29619A,N:S413R;ORF10:M21K,48,1319,0.0363912054586808,38,BA.2.12.1:7;BE.1.1:17;BA.5.2:3;BA.5.2.1:3;BA.2.3:1;BA.5:1;BA.2:4;BQ.1.1:1;BE.1:1
2052026,BA.2_0.005_abundance_0.04,C632T;T670G,ORF1a:L123F;ORF1a:S135R,492,4167,0.1180705543556515,274,BA.4:3;BA.2.3:4;BA.5.1.1:1;BA.2.1:4;BA.2.12.1:10;BA.5.6:5;BA.5.2.34:6;BA.2.9:25;BA.5.2.1:15;BA.5.1.6:5;BF.14:5;BA.2:89;BA.5.1.25:4;BA.5.1:14;BE.3:1;BA.2.10:2;BF.5:3;BA.5.2:22;BA.2.9.3:13;XBB.1:1;BA.5.2.20:2;BA.5.1.2:1;BA.4.6:2;BA.5.1.3:8;BF.7:2;BA.4.1:8;BA.2.9.5:2;BA.2.52:1;BE.1:1;BA.2.3.11:1;BE.2:4;BA.2.3.2:1;BA.5:2;XBB.1.1:1;BQ.1.1:1;BA.2.56:1;BA.2.29:1;BA.2.24:1;CK.2.1.1:1;BA.5.2.7:1
2052026,BA.2_0.005_abundance_0.04,T670G;G890A,ORF1a:S135R;ORF1a:G209S,29,322,0.0900621118012422,204,BQ.1.1:2;BA.4:3;BA.2.10:6;BA.2.12.1:11;BA.5.6:2;BA.2.38:4;BA.2.9:34;BA.2:53;BA.5.1:10;BQ.1.1.22:1;BA.5.2.6:5;BQ.1.23:11;BA.4.6.5:13;BA.5:2;BA.2.3:2;BQ.1.1.20:1;BA.5.2.28:1;BQ.1.2:2;BF.5:5;BF.8:1;BA.5.2.18:1;BA.2.3.7:1;BQ.1.1.15:1;BA.5.5:7;BA.2.9.5:1;BA.2.42:2;XBB.3:2;BA.5.2.1:5;BA.5.2:5;BA.2.40.1:1;BA.2.75:4;BQ.1.1.23:2;BA.2.3.2:1;BF.26:1;BA.2.44:1
2052026,BA.2_0.005_abundance_0.04,T670G;C841G,ORF1a:S135R;ORF1a:G192G,34,351,0.0968660968660968,1,BA.5.1:1
2052026,BA.2_0.005_abundance_0.04,T670G;A808C,ORF1a:S135R;ORF1a:A181A,22,351,0.0626780626780626,10,BA.5.1:9;BA.2.12.1:1
2052026,BA.2_0.005_abundance_0.04,T670G;A808C;C841G,ORF1a:S135R;ORF1a:A181A;ORF1a:G192G,6,351,0.017094017094017,0,
2052026,BA.2_0.005_abundance_0.04,C841G;G890A,ORF1a:G192G;ORF1a:G209S,34,2996,0.0113484646194926,0,
2052026,BA.2_0.005_abundance_0.04,G6209A;T6246A,ORF1a:G1982R;ORF1a:V1994D,26,1358,0.0191458026509572,0,
2052026,BA.2_0.005_abundance_0.04,G8793A;T8827A,ORF1a:G2843D;ORF1a:I2854I,23,744,0.0309139784946236,0,
2052026,BA.2_0.005_abundance_0.04,G8793A;T8940G,ORF1a:G2843D;ORF1a:V2892G,8,478,0.0167364016736401,0,
2052026,BA.2_0.005_abundance_0.04,T8827A;T8940G,ORF1a:I2854I;ORF1a:V2892G,11,478,0.0230125523012552,0,
2052026,BA.2_0.005_abundance_0.04,C9344T;A9424G;T9427A;C9534T,ORF1a:L3027F;ORF1a:V3053V;ORF1a:A3054A;ORF1a:T3090I,76,160,0.475,7,BA.5.6:1;BA.4.6.5:2;BA.5.1.18:2;BA.2:2
2052026,BA.2_0.005_abundance_0.04,C9344T;A9424G;T9427A,ORF1a:L3027F;ORF1a:V3053V;ORF1a:A3054A,27,197,0.1370558375634517,30,BA.5.6:1;BA.4.6.5:2;BF.7.4:17;BA.5.1.18:2;BA.2:2;BA.5.2.1:1;BF.7:5
2052026,BA.2_0.005_abundance_0.04,T11953C;G12167A,ORF1a:N3896N;ORF1a:V3968I,20,1166,0.0171526586620926,0,
2052026,BA.2_0.005_abundance_0.04,G12167A;A12460C,ORF1a:V3968I;ORF1a:T4065T,7,99,0.0707070707070707,0,
2052026,BA.2_0.005_abundance_0.04,A12460C;C12616G,ORF1a:T4065T;ORF1a:D4117E,1254,6239,0.2009937489982369,0,
2052026,BA.2_0.005_abundance_0.04,A12460C;C12616G;G12758A,ORF1a:T4065T;ORF1a:D4117E;ORF1a:D4165N,166,4266,0.0389123300515705,0,
2052026,BA.2_0.005_abundance_0.04,A12460C;G12758A,ORF1a:T4065T;ORF1a:D4165N,291,4266,0.0682137834036568,0,
2052026,BA.2_0.005_abundance_0.04,A12460C;A12519G,ORF1a:T4065T;ORF1a:D4085G,144,6239,0.0230806218945343,0,
2052026,BA.2_0.005_abundance_0.04,A12460C;G12731C,ORF1a:T4065T;ORF1a:A4156P,184,5765,0.0319167389418907,0,
2052026,BA.2_0.005_abundance_0.04,A12460C;C12616G;G12731C,ORF1a:T4065T;ORF1a:D4117E;ORF1a:A4156P,88,5765,0.0152645273200346,0,
2052026,BA.2_0.005_abundance_0.04,A12460C;A12519G;C12616G,ORF1a:T4065T;ORF1a:D4085G;ORF1a:D4117E,67,6239,0.010738900464818,0,
2052026,BA.2_0.005_abundance_0.04,C12616G;G12758A,ORF1a:D4117E;ORF1a:D4165N,66,4371,0.0150995195607412,0,
2052026,BA.2_0.005_abundance_0.04,C12616G;G12731C,ORF1a:D4117E;ORF1a:A4156P,62,5910,0.0104906937394247,0,
2052026,BA.2_0.005_abundance_0.04,G12758A;C12880T;A12898G,ORF1a:D4165N;ORF1a:I4205I;ORF1a:P4211P,243,2793,0.0870032223415682,0,
2052026,BA.2_0.005_abundance_0.04,C12880T;A12898G,ORF1a:I4205I;ORF1a:P4211P,1424,3135,0.4542264752791068,64,BA.2.12.1:2;BA.2:21;BA.5.2.1:4;BA.5.2:7;BF.7:2;BQ.1:7;BA.2.9:5;BA.5.1.6:2;BA.2.4:1;BE.1:2;BE.1.4:2;BA.2.56:1;BA.5.1.24:1;BA.5.5:1;BA.5.1:3;BA.2.24:1;BE.1.1.1:2
2052026,BA.2_0.005_abundance_0.04,G14309T;C14365A;C14408T,ORF1b:W281L;ORF1b:H300N;ORF1b:P314L,30,734,0.0408719346049046,1,B.1:1
2052026,BA.2_0.005_abundance_0.04,C14365A;C14408T,ORF1b:H300N;ORF1b:P314L,57,734,0.0776566757493188,6,B.1.617.2:1;B.1:2;P.1:3
2052026,BA.2_0.005_abundance_0.04,A15012G;G15146C,ORF1b:Q515Q;ORF1b:R560T,5,422,0.0118483412322274,0,
2052026,BA.2_0.005_abundance_0.04,C15714T;T15785A,ORF1b:L749L;ORF1b:F773Y,2401,3512,0.6836560364464692,1,BA.2:1
2052026,BA.2_0.005_abundance_0.04,T17147C;C17410T,ORF1b:I1227T;ORF1b:R1315C,635,3157,0.2011403230915426,32,BA.2.12.1:14;BA.5.1:2;BA.2:4;BF.10:1;BA.5.1.10:1;BA.2.32:2;BA.5.2.27:2;BA.2.9:1;BQ.1.1:2;BA.5.1.19:1;BA.5.1.17:1;BA.5.2:1
2052026,BA.2_0.005_abundance_0.04,T17147C;G17261T;C17410T,ORF1b:I1227T;ORF1b:C1265F;ORF1b:R1315C,598,3157,0.1894203357617991,0,
2052026,BA.2_0.005_abundance_0.04,T17147C;C17185A,ORF1b:I1227T;ORF1b:L1240I,99,5102,0.0194041552332418,0,
2052026,BA.2_0.005_abundance_0.04,T17147C;C17185A;G17261T,ORF1b:I1227T;ORF1b:L1240I;ORF1b:C1265F,116,5102,0.0227361818894551,0,
2052026,BA.2_0.005_abundance_0.04,T17147C;C17185A;G17261T;C17410T,ORF1b:I1227T;ORF1b:L1240I;ORF1b:C1265F;ORF1b:R1315C,140,3157,0.0443458980044345,0,
2052026,BA.2_0.005_abundance_0.04,T17147C;G17261T,ORF1b:I1227T;ORF1b:C1265F,374,5102,0.0733045864366915,0,
2052026,BA.2_0.005_abundance_0.04,T17147C;C17185A;C17410T,ORF1b:I1227T;ORF1b:L1240I;ORF1b:R1315C,182,3157,0.0576496674057649,0,
2052026,BA.2_0.005_abundance_0.04,T17147C;C17321A;C17410T,ORF1b:I1227T;ORF1b:A1285E;ORF1b:R1315C,34,3157,0.0107697180867912,0,
2052026,BA.2_0.005_abundance_0.04,C17185A;C17410T,ORF1b:L1240I;ORF1b:R1315C,128,3157,0.0405448210326259,2,BA.2:1;BA.5.2:1
2052026,BA.2_0.005_abundance_0.04,C17185A;G17261T;C17410T,ORF1b:L1240I;ORF1b:C1265F;ORF1b:R1315C,139,3157,0.0440291415901172,0,
2052026,BA.2_0.005_abundance_0.04,C17185A;G17261T,ORF1b:L1240I;ORF1b:C1265F,77,5102,0.0150921207369658,0,
2052026,BA.2_0.005_abundance_0.04,G17261T;C17410T,ORF1b:C1265F;ORF1b:R1315C,547,3157,0.1732657586316122,4,BA.5.1.2:1;BA.5.2.1:1;BA.5.1.16:1;BE.1.1:1
2052026,BA.2_0.005_abundance_0.04,G17261T;C17321A;C17410T,ORF1b:C1265F;ORF1b:A1285E;ORF1b:R1315C,32,3157,0.0101362052581564,0,
2052026,BA.2_0.005_abundance_0.04,A17871G;G17957T,ORF1b:I1468M;ORF1b:C1497F,32,1126,0.0284191829484902,0,
2052026,BA.2_0.005_abundance_0.04,A17871G;T17970G,ORF1b:I1468M;ORF1b:D1501E,187,1126,0.1660746003552398,0,
2052026,BA.2_0.005_abundance_0.04,T21847A;G21987A,S:T95T;S:G142D,149,1063,0.1401693320790216,98,AY.79:1;BE.1.1:18;AY.112.2:1;BA.2.10:3;AY.44:1;AY.121.1:1;BA.2.9:4;BA.2:19;AY.4:3;AY.25.1:5;BA.5.2:1;BA.5.2.1:2;AY.120.1:1;BA.1:1;BF.6:2;AY.122.1:12;BA.5.1:4;AY.3:1;AY.4.2:2;AY.98:3;BA.2.37:1;BA.2.12.1:3;BA.1.1:1;BA.2.76:1;AY.69:1;BA.1.18:3;B.1.617.2:1;BA.2.3:1;AY.43:1
2052026,BA.2_0.005_abundance_0.04,A21949C;G21987A,S:K129N;S:G142D,32,1063,0.0301034807149576,15,BA.5.2.1:3;AY.122:1;AY.3:2;AY.69:1;BF.1:2;BF.4:1;BA.5.2.12:1;AY.120:1;AY.44:1;AY.4:1;BA.2.3.13:1
2052026,BA.2_0.005_abundance_0.04,G23285C;A23403G,S:A575P;S:D614G,146,888,0.1644144144144144,2,P.1:1;BA.1.15:1
2052026,BA.2_0.005_abundance_0.04,G23285C;C23367T;A23403G,S:A575P;S:T602I;S:D614G,34,888,0.0382882882882882,0,
2052026,BA.2_0.005_abundance_0.04,C23367T;A23403G,S:T602I;S:D614G,142,888,0.1599099099099099,10,B.1.221:1;BA.1.1:1;B.1.617.2:1;AY.25.1:1;AY.43:1;BQ.1.1:2;BA.2.9:1;BA.1:1;B.1:1
2052026,BA.2_0.005_abundance_0.04,A25462C;C25584T,ORF3a:T24P;ORF3a:T64T,693,2419,0.2864820173625465,7,BA.1.1:6;BA.1.17:1
2052026,BA.2_0.005_abundance_0.04,A25462C;C25584T;G25634T,ORF3a:T24P;ORF3a:T64T;ORF3a:C81F,13,972,0.0133744855967078,0,
2052026,BA.2_0.005_abundance_0.04,C26029G;C26270T,ORF3a:Q213E;E:T9I,177,538,0.328996282527881,8,BQ.1.2:3;BF.7:1;BA.2:1;BA.1.1:2;BA.5.5:1
2052026,BA.2_0.005_abundance_0.04,C26858T;A26963C,M:F112F;M:G147G,5,11,0.4545454545454545,10,BA.2.75:2;BA.2:5;BA.2.10:2;BA.2.3:1
2052026,BA.2_0.005_abundance_0.04,A27246G;G27382C;A27383T;T27384C,ORF6:L15L;ORF6:D61H;ORF6:D61V;ORF6:D61D,72,984,0.073170731707317,113,BA.2.12.1:99;BA.2.9:5;BA.2:6;BA.2.13:2;BA.2.3:1
2052026,BA.2_0.005_abundance_0.04,G27877T;T28135A,ORF7b:C41F;ORF8:V81D,18,323,0.0557275541795665,0,
2052026,BA.2_0.005_abundance_0.04,T28135A;C28311T,ORF8:V81D;N:P13L,170,751,0.2263648468708388,3,BA.1.1:2;BA.5.1:1
2052026,BA.2_0.005_abundance_0.04,G29399A;A29510C,N:A376T;N:S413R,287,1011,0.2838773491592483,109,BA.5.1.24:7;BA.2.12.1:6;BA.5.5:1;BA.5.9:3;BA.2.38:1;BA.2:46;BA.5.6:1;BF.7:3;BF.21:1;BA.5.1:10;BA.2.8:4;CH.1.1.1:1;BA.2.9:5;BA.5.2.9:1;BA.5.2.1:3;BF.28:1;BA.5.2:3;BA.2.12.2:1;BE.1.1.2:1;BA.4.6:1;BA.2.3:2;BQ.1:1;BA.5.1.19:2;BA.2.29:1;BA.4.1:1;BA.4:1;BQ.1.8:1
2122026,BA.2_0.005_abundance_0.04,G343A;T670G,ORF1a:V26V;ORF1a:S135R,16,276,0.0579710144927536,165,BA.2.3:7;BE.1.1:4;BA.2.12.1:2;XBB.1.4.1:1;BA.2.9:10;BA.5.1.3:1;BA.5.3.1:1;CP.1.2:20;BA.2:43;BA.5.1:7;BA.5.1.23:2;BA.4.6.4:1;BF.5:1;BA.5.2.6:1;BA.4.6:1;BA.5.9:1;BE.1.2:1;BQ.1.1.22:2;BA.5.2.1:5;BQ.1:2;BA.5.10:1;BA.5.2.16:2;BA.5.2:8;BA.5.2.22:1;BQ.1.10.1:2;BQ.1.1:1;BQ.1.2:1;BA.4:4;BQ.1.1.10:2;BQ.1.5:1;BA.5.5:5;BA.2.75:4;BA.5.1.18:1;BA.4.1:3;BQ.1.1.12:1;BA.2.76:1;BF.7:1;BA.5.2.27:1;BQ.1.1.18:2;BA.5.1.5:1;CL.1:1;BA.5.10.1:1;BA.2.7:1;BA.2.29:1;BA.2.3.2:1;BA.2.10:4
2122026,BA.2_0.005_abundance_0.04,T670G;C775A,ORF1a:S135R;ORF1a:T170T,58,462,0.1255411255411255,95,BA.5.1:13;BA.2.12.1:60;BA.2.75:3;BQ.1.18:2;BA.2.3:5;BA.2.75.7:2;BA.2.75.2:1;BA.4.1:2;BA.5.2.1:2;BA.5.2.20:2;BA.2:3
2122026,BA.2_0.005_abundance_0.04,T670G;C813A,ORF1a:S135R;ORF1a:T183N,37,462,0.08008658008658,148,BA.2.12.1:10;BF.5:4;BA.2.37:2;BA.2:49;BA.5.1.25:3;BA.2.3.1:1;BA.4.4:16;BA.5.2:8;BA.2.3:20;BA.5.6:13;BQ.1.1:2;BA.5.2.12:1;BA.2.9:6;BA.2.36:1;BA.5.1.22:1;BA.2.75:1;BA.4.6:1;BA.5.1.24:1;BA.5.1.6:1;BA.5.2.1:2;BA.5.1:1;BA.4:2;BA.4.7:1;BA.2.3.7:1
2122026,BA.2_0.005_abundance_0.04,T670G;C775A;C813A,ORF1a:S135R;ORF1a:T170T;ORF1a:T183N,15,462,0.0324675324675324,0,
2122026,BA.2_0.005_abundance_0.04,C775A;C813A,ORF1a:T170T;ORF1a:T183N,69,4251,0.0162314749470712,1,BA.2:1
2122026,BA.2_0.005_abundance_0.04,A1132C;T1253A,ORF1a:E289D;ORF1a:S330T,206,1434,0.1436541143654114,0,
2122026,BA.2_0.005_abundance_0.04,A1132C;T1215A,ORF1a:E289D;ORF1a:L317H,58,1435,0.0404181184668989,0,
2122026,BA.2_0.005_abundance_0.04,A1132C;T1215A;T1253A,ORF1a:E289D;ORF1a:L317H;ORF1a:S330T,35,1434,0.0244072524407252,0,
2122026,BA.2_0.005_abundance_0.04,T1215A;T1253A,ORF1a:L317H;ORF1a:S330T,29,1434,0.0202231520223152,0,
2122026,BA.2_0.005_abundance_0.04,C3037T;G3065A,ORF1a:F924F;ORF1a:G934S,240,1168,0.2054794520547945,1672,B.1.428:14;BA.2.9:14;AY.34:2;B.1.466.2:256;B.1.1.7:40;BA.5.6:13;AY.44:89;B.1.1:3;P.1:4;BA.2.3:137;BA.5.2.34:5;BA.2:163;AY.103:10;AY.122:14;BA.5.2.1:11;B.1:6;BA.5.1:128;BA.1.1.18:6;B.1.1.519:2;BA.2.7:2;AY.25:70;AY.98:1;Q.1:22;BA.5.2:40;B.1.617.1:1;BE.1.1:3;B.1.2:10;AY.5:158;B:1;BA.1.1.12:3;AY.29:6;BA.1.15:9;BA.5.1.22:6;BF.10:7;BA.1:9;BA.2.12.1:13;B.1.177.43:15;AY.25.1:36;AY.43:4;BQ.1.1.24:1;AY.102:2;AY.109:7;AY.100:26;BA.2.3.9:2;BA.1.1.7:1;BA.2.68:1;AY.4.11:2;B.1.3:1;B.1.617.2:26;B.1.427:2;AY.3:8;AY.4.4:1;XBB.1:2;BQ.1.1.1:1;BF.7.4:2;B.1.160:6;AY.26:4;BA.1.1:41;B.1.258:4;AY.36:1;BF.5:8;BA.5:1;AY.4:58;AY.106:3;B.1.1.214:6;BA.1.15.1:1;B.1.429:2;BA.2.10:2;AY.5.4:1;BQ.1.1.18:1;AY.112:1;BQ.1.1:7;BA.1.20:1;BA.1.17.2:9;BA.2.2:2;AY.7.1:7;B.1.422:5;BQ.1.2:1;BA.2.75:5;BA.2.12:3;BA.2.48:1;P.1.14:3;P.3:2;B.1.177:4;BF.1:10;BA.1.18:2;AY.4.2:1;AY.99:1;BA.4.6:4;AY.119.2:1;BA.5.5:1;BQ.1.23:1;BA.4.1.3:1;AY.9.2:2;BA.5.2.31:1;AY.20:5;BF.27:2;AY.86:1;AY.39:2;BA.5.5.2:1;B.1.1.317:1;CP.1:1;BA.4.6.4:2;BQ.1:3;B.1.413:1;B.1.635:1;BE.1:1;B.1.177.53:1;AY.119:1;AY.39.2:1;AY.42:1;AY.46:1;AY.98.1:1;BA.5.1.10:1;AY.52:1;BA.1.1.2:1;BA.2.13:2;B.1.526:1;B.1.560:1;BA.4.1:2;B.1.258.17:1;AY.23:1;BA.5.2.24:1
2122026,BA.2_0.005_abundance_0.04,T4765G;T4871G,ORF1a:H1500Q;ORF1a:Y1536D,10,879,0.0113765642775881,0,
2122026,BA.2_0.005_abundance_0.04,G6212C;T6353C,ORF1a:A1983P;ORF1a:S2030P,10,155,0.064516129032258,0,
2122026,BA.2_0.005_abundance_0.04,T7672A;T7852C,ORF1a:V2469V;ORF1a:A2529A,152,608,0.25,0,
2122026,BA.2_0.005_abundance_0.04,T8383C;G8404T,ORF1a:S2706S;ORF1a:W2713C,41,557,0.0736086175942549,0,
2122026,BA.2_0.005_abundance_0.04,G8404T;G8572A,ORF1a:W2713C;ORF1a:W2769*,15,531,0.0282485875706214,0,
2122026,BA.2_0.005_abundance_0.04,C9534T;A9685G,ORF1a:T3090I;ORF1a:I3140M,615,1447,0.4250172771250864,58,BQ.1.1:3;BE.1.1.2:1;BA.2.12.1:4;BA.2:26;BA.5.1.5:9;BA.5.6:2;BA.5.1:1;BQ.1.1.18:1;BA.2.75:3;BA.5.5:1;BA.2.3:1;BA.2.12:3;BE.1.1:1;BA.5.1.22:1;BA.5.2.1:1
2122026,BA.2_0.005_abundance_0.04,A14374C;C14408T,ORF1b:N303H;ORF1b:P314L,126,746,0.1689008042895442,1,B.1.446:1
2122026,BA.2_0.005_abundance_0.04,A15018T;T15110G,ORF1b:A517A;ORF1b:V548G,10,32,0.3125,0,
2122026,BA.2_0.005_abundance_0.04,C15579T;C15714T,ORF1b:N704N;ORF1b:L749L,158,5884,0.0268524813052345,2988,BA.2.75:46;XAZ:1;BA.4.6:26;BF.3.1:3;BA.2:1030;BQ.1.1:33;BF.27:119;BQ.1:6;BF.26:13;BA.2.3:17;BF.21:2;BF.28:1;BA.2.3.20:4;BA.2.12.1:80;BA.2.9.3:5;BQ.1.1.17:1;BA.5.3.1:29;BF.7:30;BA.2.10:99;BE.1.1:22;BF.3:6;BA.5.2.44:4;BA.5.2.1:121;BA.5.7:1;BA.2.23:3;BA.2.1:3;BA.5:9;BA.2.73:1;BA.5.1:185;BA.4.1:49;BA.2.10.1:12;BA.2.9:134;BA.5.2:278;BA.2.65:27;BF.10:6;BA.5.2.18:1;BA.2.3.12:5;BA.5.1.23:2;BA.5.9:2;BA.5.2.23:4;BA.5.6:15;BA.2.56:11;BA.5.1.22:52;BF.11.5:1;BA.4:21;BA.5.2.3:3;BA.2.55:1;BA.5.2.16:1;BA.2.3.14:4;XAG:1;BA.5.1.10:13;BA.5.1.3:19;BU.1:18;BA.5.1.5:89;XBB:2;BQ.1.12:2;BQ.1.26:1;BA.2.24:2;BA.2.3.15:1;BF.1:6;BF.5:28;BA.4.1.6:2;BA.5.1.25:5;BM.1.1.1:1;BA.2.5:3;BA.4.1.8:1;BE.1:11;BA.5.2.20:12;AY.122:3;BQ.1.1.23:1;BA.5.2.31:3;BA.5.5:15;BA.5.1.1:2;BA.2.38:4;BF.13:3;BF.11.4:30;BA.2.3.13:1;XBB.2:1;BA.5.2.9:1;XAF:4;B.1.1.7:5;BA.5.1.12:1;BA.5.2.28:3;BA.5.2.21:3;BF.7.6:7;BA.1.1.1:6;BA.5.2.6:22;BA.5.2.27:2;BA.2.54:1;BA.4.7:3;BN.1.3:2;BA.5.1.2:3;CM.2:6;XBB.1.1:17;BA.5.2.24:1;BA.2.3.10:1;BA.2.76:1;CH.1.1:1;BA.4.1.5:5;BF.7.10:2;BA.2.42:1;BA.2.51:1;BE.3:1;BA.2.36:1;BE.7:3;BA.5.2.22:1;BF.6:3;BQ.1.2:8;BA.2.13:1;BA.2.81:1;DJ.1:1;BA.5.2.26:5;BA.2.40.1:3;XBB.1.5:1;BQ.1.1.27:1;BA.5.3:1;BE.4.1:1;BA.2.25:1;BA.5.1.19:6;BA.2.40:1;BF.15:1;BE.5:3;BA.2.75.2:3;BA.4.1.1:2;BA.5.6.3:3;BF.14:1;BW.1:1;BF.31:1;BA.2.38.1:1;AY.128:1;BA.2.75.10:1;BA.5.2.13:1;BA.5.1.18:1;BN.1.3.1:3;BA.2.12:1;BA.5.1.30:3;BA.4.4:1;XBB.1:2;BF.4:1;BA.5.2.7:3;BQ.1.11:1;BA.5.2.19:1;BA.4.1.4:1;BQ.1.1.8:1;BE.1.2:1;BA.2.18:1
2122026,BA.2_0.005_abundance_0.04,C16037G;G16120A,ORF1b:A857G;ORF1b:E885K,131,1913,0.0684788290642969,0,
2122026,BA.2_0.005_abundance_0.04,T17229C;C17327G;C17410T,ORF1b:S1254S;ORF1b:P1287R;ORF1b:R1315C,98,3043,0.0322050607952678,0,
2122026,BA.2_0.005_abundance_0.04,T17229C;C17410T,ORF1b:S1254S;ORF1b:R1315C,1529,3043,0.502464673020046,121,BA.4.6:8;BA.2:66;BA.2.9:26;BA.2.3:16;BF.7:2;BA.5.2.9:3
2122026,BA.2_0.005_abundance_0.04,T17229C;C17327G,ORF1b:S1254S;ORF1b:P1287R,51,4617,0.0110461338531513,0,
2122026,BA.2_0.005_abundance_0.04,C17327G;C17410T,ORF1b:P1287R;ORF1b:R1315C,72,3043,0.0236608609924416,0,
2122026,BA.2_0.005_abundance_0.04,C17410T;C17634G,ORF1b:R1315C;ORF1b:D1389E,10,82,0.1219512195121951,4,BA.5.2.1:2;BF.21:2
2122026,BA.2_0.005_abundance_0.04,A18328G;A18602C,ORF1b:T1621A;ORF1b:H1712P,11,229,0.0480349344978165,0,
2122026,BA.2_0.005_abundance_0.04,G18523A;A18602C,ORF1b:V1686M;ORF1b:H1712P,30,229,0.131004366812227,0,
2122026,BA.2_0.005_abundance_0.04,T21206G;A21332T,ORF1b:L2580R;ORF1b:H2622L,16,521,0.0307101727447216,0,
2122026,BA.2_0.005_abundance_0.04,T21243C;A21332T,ORF1b:T2592T;ORF1b:H2622L,17,521,0.0326295585412667,0,
2122026,BA.2_0.005_abundance_0.04,T21480G;C21618T,ORF1b:L2671L;S:T19I,32,114,0.2807017543859649,228,BA.5.2:28;BA.2.3:4;BA.5.2.20:195;BF.4:1
2122026,BA.2_0.005_abundance_0.04,C21707T;A21804T;G21987A,S:H49Y;S:N81I;S:G142D,33,830,0.0397590361445783,0,
2122026,BA.2_0.005_abundance_0.04,C21711G;G21987A,S:S50*;S:G142D,29,833,0.034813925570228,3,AY.101:1;BN.1.3:1;BA.1.1:1
2122026,BA.2_0.005_abundance_0.04,A21804T;G21987A,S:N81I;S:G142D,104,833,0.1248499399759903,1,AY.122:1
2122026,BA.2_0.005_abundance_0.04,A23295C;A23403G,S:D578A;S:D614G,239,1823,0.1311025781678551,2,BA.1.1.18:1;BA.1.1:1
2122026,BA.2_0.005_abundance_0.04,A23295C;A23403G;G23477A,S:D578A;S:D614G;S:G639S,56,1372,0.0408163265306122,0,
2122026,BA.2_0.005_abundance_0.04,G23477A;C23525T;T23599G;C23604A,S:G639S;S:H655Y;S:N679K;S:P681H,8,47,0.1702127659574468,70,BA.1.1:20;BA.2.3.1:4;BA.5.1:3;BA.1.1.18:1;BA.5.2.1:7;BA.1:3;BA.2.75:6;BF.5:1;CP.4:1;BA.2:8;BQ.1.10:1;BA.1.15:1;BA.5.5:1;BA.5.2:5;BA.4.6:3;BA.1.17.2:1;BE.1:1;BA.5.1.10:1;BA.2.10.2:1;BA.4:1
2122026,BA.2_0.005_abundance_0.04,C23525T;T23599G;C23604A;A23614C,S:H655Y;S:N679K;S:P681H;S:A684A,14,218,0.0642201834862385,8,BA.1.1:2;BA.5.1:2;BA.2.75:1;BA.4.6:1;BA.1:1;BA.1.17:1
2122026,BA.2_0.005_abundance_0.04,C23525T;T23599G;C23604A;C23638G,S:H655Y;S:N679K;S:P681H;S:I692M,19,218,0.0871559633027523,59,BF.7.5:1;BA.4.6:1;BA.5.1.5:3;BA.5:1;BA.1.20:6;BA.1.18:7;BA.1.1:4;BA.2:2;BA.1.17:3;CL.1:1;BA.2.10:1;BA.5.2.26:1;BA.1.15:2;BE.1:20;BA.5.2.31:1;BA.5.2:1;BF.28:1;BA.5.1.1:1;BA.2.3:1;BA.1.1.1:1
2122026,BA.2_0.005_abundance_0.04,C23854A;G23948T;A24035G,S:N764K;S:D796Y;S:K825E,49,751,0.0652463382157123,15,BA.2:6;BA.5.1.22:1;BA.5.2:1;BA.2.56:1;BA.1.1:1;BG.5:1;BA.5.2.23:2;BA.5.1:2
2122026,BA.2_0.005_abundance_0.04,C23854A;G23948T;T24060A,S:N764K;S:D796Y;S:F833Y,27,751,0.0359520639147802,5,BA.5.2.22:1;BA.2:2;BA.2.12.1:1;BA.2.75:1
2122026,BA.2_0.005_abundance_0.04,C25000T;A25026C,S:D1146D;S:Y1155S,17,291,0.0584192439862542,0,
2122026,BA.2_0.005_abundance_0.04,A25026C;A25175G,S:Y1155S;S:K1205E,17,1035,0.0164251207729468,0,
2122026,BA.2_0.005_abundance_0.04,T25551A;C25584T,ORF3a:L53L;ORF3a:T64T,75,895,0.0837988826815642,110,BF.5:11;BA.1.1:12;BA.2.12.1:14;BA.2.61:10;BQ.1.1.28:1;BA.2:2;BA.2.75.1:1;BA.1.17.2:4;BF.6:1;BA.2.9:2;BA.1.1.14:32;BE.1:1;BA.5.1:3;BA.5.2.3:1;BA.5.5:1;BA.5.6:1;BA.5.2.34:5;BA.1.17:1;BA.5.2.1:3;B.1.1.519:1;BA.5.2:1;BA.4.1.1:1;BA.5.3.1:1
2122026,BA.2_0.005_abundance_0.04,G26068T;A26128G;C26270T,ORF3a:E226*;ORF3a:I246V;E:T9I,34,155,0.2193548387096774,0,
2122026,BA.2_0.005_abundance_0.04,G26068T;C26270T,ORF3a:E226*;E:T9I,13,155,0.0838709677419354,2,BA.2:2
2122026,BA.2_0.005_abundance_0.04,G26068T;A26128G,ORF3a:E226*;ORF3a:I246V,18,226,0.079646017699115,0,
2122026,BA.2_0.005_abundance_0.04,C26270T;C26388G;A26414G,E:T9I;E:N48K;E:Y57C,11,293,0.0375426621160409,0,
2122026,BA.2_0.005_abundance_0.04,C26270T;C26388G,E:T9I;E:N48K,85,293,0.2901023890784983,0,
2122026,BA.2_0.005_abundance_0.04,C26270T;A26414G,E:T9I;E:Y57C,17,293,0.0580204778156996,0,
2122026,BA.2_0.005_abundance_0.04,C26577G;A26588T;G26709A;C26858T,M:Q19E;M:L22L;M:A63T;M:F112F,396,1362,0.2907488986784141,45,BA.4.2:16;BA.2:23;BA.2.2.1:1;BA.4.6:1;BA.2.12.1:3;BA.2.3.1:1
2122026,BA.2_0.005_abundance_0.04,C26577G;A26588T;G26709A,M:Q19E;M:L22L;M:A63T,65,1555,0.0418006430868167,79,BA.5.2.34:5;BA.4.2:16;BA.2:23;BA.5.1:5;BA.1:8;BA.1.15:8;BA.2.2.1:1;BA.4.6:1;BQ.1:1;BA.2.12.1:3;BA.5.2.12:1;BA.5.2.1:1;BA.5.6:1;BA.1.1:3;BA.5.1.24:1;BA.2.3.1:1
2122026,BA.2_0.005_abundance_0.04,C27110T;A27136C,M:Y196Y;M:K205T,6,97,0.0618556701030927,0,
2122026,BA.2_0.005_abundance_0.04,T27846C;C28005A,ORF7b:S31P;ORF8:P38T,20,1689,0.0118413262285375,0,
2122026,BA.2_0.005_abundance_0.04,A28480C;C28609T,N:G69G;N:Y112Y,14,1233,0.0113544201135442,0,
2122026,BA.2_0.005_abundance_0.04,A29018T;G29044C,N:K249*;N:K257N,42,565,0.0743362831858407,0,
2122026,BA.2_0.005_abundance_0.04,A29397G;A29510C,N:K375R;N:S413R,17,264,0.0643939393939393,241,BA.5.2.22:2;BA.5.2.1:5;BA.2.9:64;BE.1.2.1:5;BA.5:1;BE.1.1.2:48;BE.4:1;BA.2:29;BE.1.1.1:15;BQ.1.18:10;BN.1.3.1:2;BA.2.3:22;BA.5.2:7;BA.2.75:3;BA.2.10:2;BA.2.12.1:6;BF.28:2;BF.13:1;BA.4.6:1;BA.5.1:7;BQ.1.1.20:1;BA.5.2.12:1;BE.1:2;XBB.1.5:1;BA.2.21:2;BA.2.19:1
2122026,BA.2_0.005_abundance_0.04,A29510C;G29611T,N:S413R;ORF10:L18F,17,239,0.0711297071129707,5,BA.2:4;BA.4.7:1
2192026,BA.2_0.005_abundance_0.04,T634G;T670G,ORF1a:L123L;ORF1a:S135R,732,2553,0.2867215041128084,36,BA.5.2:2;BA.5.2.34:14;BA.5.2.1:9;BA.2.3:3;BA.4.1.5:2;BA.2:5;BA.2.12.1:1
2192026,BA.2_0.005_abundance_0.04,T670G;A741T;G816C,ORF1a:S135R;ORF1a:E159V;ORF1a:R184P,47,261,0.1800766283524904,0,
2192026,BA.2_0.005_abundance_0.04,T670G;G816C,ORF1a:S135R;ORF1a:R184P,54,261,0.2068965517241379,4,BA.2:4
2192026,BA.2_0.005_abundance_0.04,T670G;A741T,ORF1a:S135R;ORF1a:E159V,66,261,0.2528735632183908,2,BA.2:1;CH.1.1:1
2192026,BA.2_0.005_abundance_0.04,A741T;G816C,ORF1a:E159V;ORF1a:R184P,309,2276,0.1357644991212653,0,
2192026,BA.2_0.005_abundance_0.04,C1118A;G1130A,ORF1a:Q285K;ORF1a:E289K,35,1969,0.0177755205688166,0,
2192026,BA.2_0.005_abundance_0.04,C2898G;C3037T,ORF1a:A878G;ORF1a:F924F,320,1273,0.2513747054202671,7,BA.1.1:1;AY.44:2;P.1:4
2192026,BA.2_0.005_abundance_0.04,A4478T;C4596T,ORF1a:K1405*;ORF1a:T1444I,7,663,0.0105580693815987,0,
2192026,BA.2_0.005_abundance_0.04,A4774T;G4836T;A4853T,ORF1a:E1503D;ORF1a:G1524V;ORF1a:R1530*,10,927,0.0107874865156418,0,
2192026,BA.2_0.005_abundance_0.04,T4813G;T4873A,ORF1a:Y1516*;ORF1a:Y1536*,41,927,0.0442286947141316,0,
2192026,BA.2_0.005_abundance_0.04,T4813G;T4914C,ORF1a:Y1516*;ORF1a:V1550A,13,852,0.0152582159624413,0,
2192026,BA.2_0.005_abundance_0.04,T4873A;T4914C,ORF1a:Y1536*;ORF1a:V1550A,24,852,0.028169014084507,0,
2192026,BA.2_0.005_abundance_0.04,T8142G;T8158G,ORF1a:L2626*;ORF1a:S2631S,5,492,0.0101626016260162,0,
2192026,BA.2_0.005_abundance_0.04,G9087T;T9135A;T9172C,ORF1a:G2941V;ORF1a:M2957K;ORF1a:L2969L,36,1602,0.0224719101123595,0,
2192026,BA.2_0.005_abundance_0.04,C10747T;T11046A,ORF1a:N3494N;ORF1a:L3594*,8,47,0.1702127659574468,0,
2192026,BA.2_0.005_abundance_0.04,T11046A;A11144G,ORF1a:L3594*;ORF1a:M3627V,169,1379,0.122552574329224,0,
2192026,BA.2_0.005_abundance_0.04,A12547G;T12706C,ORF1a:A4094A;ORF1a:V4147V,99,1340,0.0738805970149253,0,
2192026,BA.2_0.005_abundance_0.04,A12547G;T12630A;T12706C,ORF1a:A4094A;ORF1a:L4122*;ORF1a:V4147V,97,1340,0.0723880597014925,0,
2192026,BA.2_0.005_abundance_0.04,A12547G;T12630A,ORF1a:A4094A;ORF1a:L4122*,75,1433,0.052337752965806,0,
2192026,BA.2_0.005_abundance_0.04,T12630A;T12706C,ORF1a:L4122*;ORF1a:V4147V,278,1342,0.2071535022354694,0,
2192026,BA.2_0.005_abundance_0.04,A12780G;C12880T,ORF1a:Y4172C;ORF1a:I4205I,23,1048,0.0219465648854961,0,
2192026,BA.2_0.005_abundance_0.04,C12880T;C12915A,ORF1a:I4205I;ORF1a:T4217K,453,1049,0.4318398474737845,0,
2192026,BA.2_0.005_abundance_0.04,G13085C;A13301T,ORF1a:V4274L;ORF1a:K4346*,304,1301,0.2336664104534973,0,
2192026,BA.2_0.005_abundance_0.04,G13085C;A13106G;A13301T,ORF1a:V4274L;ORF1a:K4281E;ORF1a:K4346*,16,1301,0.0122982321291314,0,
2192026,BA.2_0.005_abundance_0.04,A13106G;A13301T,ORF1a:K4281E;ORF1a:K4346*,23,1301,0.0176787086856264,0,
2192026,BA.2_0.005_abundance_0.04,T14983A;G15006T,ORF1b:Y506N;ORF1b:E513D,105,1658,0.0633293124246079,0,
2192026,BA.2_0.005_abundance_0.04,G15412C;A15514T,ORF1b:E649Q;ORF1b:S683C,778,1814,0.4288864388092613,0,
2192026,BA.2_0.005_abundance_0.04,A15514T;C15714T,ORF1b:S683C;ORF1b:L749L,396,942,0.4203821656050955,0,
2192026,BA.2_0.005_abundance_0.04,A15514T;T15676G;C15714T,ORF1b:S683C;ORF1b:Y737D;ORF1b:L749L,10,942,0.0106157112526539,0,
2192026,BA.2_0.005_abundance_0.04,T15676G;C15714T,ORF1b:Y737D;ORF1b:L749L,88,4184,0.0210325047801147,0,
2192026,BA.2_0.005_abundance_0.04,C17141A;C17410T,ORF1b:A1225D;ORF1b:R1315C,1895,3248,0.583435960591133,1,BA.5.2.1:1
2192026,BA.2_0.005_abundance_0.04,T17765G;T17965C,ORF1b:V1433G;ORF1b:S1500P,23,888,0.0259009009009009,0,
2192026,BA.2_0.005_abundance_0.04,T17765G;T17796G,ORF1b:V1433G;ORF1b:A1443A,82,944,0.086864406779661,0,
2192026,BA.2_0.005_abundance_0.04,T17765G;G17866A,ORF1b:V1433G;ORF1b:V1467I,12,944,0.0127118644067796,0,
2192026,BA.2_0.005_abundance_0.04,G17814C;T17870C,ORF1b:L1449F;ORF1b:I1468T,21,944,0.0222457627118644,0,
2192026,BA.2_0.005_abundance_0.04,G18078C;A18163G,ORF1b:K1537N;ORF1b:I1566V,23,1263,0.0182106096595407,3,BA.5.2.1:1;BA.1.1:1;BA.1.13.1:1
2192026,BA.2_0.005_abundance_0.04,G18078C;A18128G;A18163G,ORF1b:K1537N;ORF1b:D1554G;ORF1b:I1566V,32,1263,0.0253365003958828,0,
2192026,BA.2_0.005_abundance_0.04,A18128G;A18163G,ORF1b:D1554G;ORF1b:I1566V,503,1263,0.398258115597783,35,BA.1.1:6;BA.2:3;BA.4.1.8:2;BA.1:2;BA.2.12.1:8;BA.1.1.18:5;BA.5.2.1:1;BA.1.15:2;BA.2.3.1:2;BA.2.75:1;XBB.3:1;BA.1.17.2:1;BA.5.1.21:1
2192026,BA.2_0.005_abundance_0.04,A18128G;A18163G;C18246A,ORF1b:D1554G;ORF1b:I1566V;ORF1b:Y1593*,158,1168,0.1352739726027397,0,
2192026,BA.2_0.005_abundance_0.04,A18163G;C18246A,ORF1b:I1566V;ORF1b:Y1593*,135,1168,0.1155821917808219,14,BA.1.13.1:2;BA.5.1:3;BA.2.9:1;BA.2:4;BA.5.1.1:1;BA.1.17:3
2192026,BA.2_0.005_abundance_0.04,A18751C;G18889C,ORF1b:N1762H;ORF1b:E1808Q,116,3388,0.0342384887839433,0,
2192026,BA.2_0.005_abundance_0.04,C21721A;G21987A,S:D53E;S:G142D,224,630,0.3555555555555555,179,AY.39:42;AY.4:5;AY.43:61;AY.103:15;BA.2:28;BA.5.2.1:4;AY.98.1:9;BA.5.2:2;BQ.1.1:1;AY.25.1:2;AY.100:3;AY.122:1;AY.5.4:1;AY.36:1;AY.4.2:1;AY.127:1;AY.52:1;BA.4:1
2192026,BA.2_0.005_abundance_0.04,C21721A;C21806T;G21987A,S:D53E;S:P82S;S:G142D,35,630,0.0555555555555555,0,
2192026,BA.2_0.005_abundance_0.04,C21721A;C21816A;G21987A,S:D53E;S:P85Q;S:G142D,7,630,0.0111111111111111,0,
2192026,BA.2_0.005_abundance_0.04,C21721A;T21823G;G21987A,S:D53E;S:N87K;S:G142D,11,630,0.0174603174603174,0,
2192026,BA.2_0.005_abundance_0.04,C21721A;C21806T,S:D53E;S:P82S,10,756,0.0132275132275132,0,
2192026,BA.2_0.005_abundance_0.04,C21721A;T21723C;G21987A,S:D53E;S:L54S;S:G142D,12,630,0.019047619047619,0,
2192026,BA.2_0.005_abundance_0.04,T21723C;G21987A,S:L54S;S:G142D,28,630,0.0444444444444444,32,BA.5.2.1:9;AY.4:1;BA.4:1;AY.120:1;AY.112:4;AY.9.2:1;BE.1:1;BQ.1.3:1;AY.101:1;XBB:1;BA.2:1;BA.5.2.6:1;AY.103:1;AY.25.1:1;AY.100:1;BA.5.2.20:6
2192026,BA.2_0.005_abundance_0.04,C21806T;G21987A,S:P82S;S:G142D,47,630,0.0746031746031746,827,AY.44:9;BA.2:428;BA.5.6:9;BA.2.1:5;AY.3.1:11;BA.5.1:13;BE.1.1:14;AY.29:2;BA.2.12.1:13;BG.2:1;BA.5.2.21:4;BA.5.2.1:46;AY.4.4:2;BA.2.12:7;AY.109:1;AY.3:8;BA.5:8;BA.5.1.3:1;AY.98:2;AY.103:14;BA.2.38:5;AY.39:12;BA.2.56:1;BE.4:1;B.1.617.2:18;BA.2.3:4;AY.39.1.2:1;AY.4:65;AY.120:1;BA.4.6:2;BE.1.2.1:1;BQ.1.1.4:1;XBB.1:1;BA.5.2:10;BF.5:3;BA.2.3.1:1;BA.2.11:1;AY.4.2:1;BA.2.9:29;AY.47:1;BA.4.1.5:2;AY.112:1;BQ.1.11:6;XBB:1;BA.2.75:1;AY.4.10:11;BN.1.3:1;BA.5.2.2:1;BA.5.2.9:2;AY.129:1;BA.5.2.35:5;AY.119:2;AY.100:2;BA.5.2.28:3;BT.2:1;AY.26:1;BA.5.7:1;BA.5.1.10:1;BA.2.34:5;BQ.1.12:1;AY.20:1;BA.2.20:1;CK.2.1.1:3;BA.2.68:1;BE.1:2;BQ.1:2;BA.5.2.26:1;AY.122:1;BA.5.1.1:1;AY.93:1;BK.1:3;BA.5.5:1;AY.101:1;BF.8:1;BA.5.2.20:1
2192026,BA.2_0.005_abundance_0.04,T22200G;C22236T,S:V213G;S:P225L,424,3338,0.1270221689634511,2,BA.2:1;BA.2.3:1
2192026,BA.2_0.005_abundance_0.04,T22200G;T22306A,S:V213G;S:Y248*,50,1727,0.0289519397799652,0,
2192026,BA.2_0.005_abundance_0.04,G22578A;C22674T;T22679C;C22686T;A22688G;G22763T;G22775A;A22786C;G22813T,S:G339D;S:S371F;S:S373P;S:S375F;S:T376A;S:V401L;S:D405N;S:R408S;S:K417N,341,683,0.4992679355783309,1,BA.5.3.1:1
2192026,BA.2_0.005_abundance_0.04,G22578A;C22674T;T22679C;C22686T;A22688G;T22729A;G22763T;G22775A;A22786C;G22813T,S:G339D;S:S371F;S:S373P;S:S375F;S:T376A;S:D389E;S:V401L;S:D405N;S:R408S;S:K417N,11,683,0.0161054172767203,0,
2192026,BA.2_0.005_abundance_0.04,G22578A;C22674T;T22679C;C22686T;A22688G;G22727T;G22763T;G22775A;A22786C;G22813T,S:G339D;S:S371F;S:S373P;S:S375F;S:T376A;S:D389Y;S:V401L;S:D405N;S:R408S;S:K417N,12,683,0.0175695461200585,0,
2192026,BA.2_0.005_abundance_0.04,G22578A;C22674T;T22679C;C22686T;A22688G;G22727T;G22775A;A22786C;G22813T,S:G339D;S:S371F;S:S373P;S:S375F;S:T376A;S:D389Y;S:D405N;S:R408S;S:K417N,8,684,0.0116959064327485,2,BA.2:1;BA.5.1:1
2192026,BA.2_0.005_abundance_0.04,G22578A;C22674T;T22679C;C22686T;A22688G;T22729A;G22775A;A22786C;G22813T,S:G339D;S:S371F;S:S373P;S:S375F;S:T376A;S:D389E;S:D405N;S:R408S;S:K417N,11,684,0.0160818713450292,0,
2192026,BA.2_0.005_abundance_0.04,G23567T;T23599G;C23604A,S:G669C;S:N679K;S:P681H,13,27,0.4814814814814814,5,BA.1.15:1;BA.2.12.1:1;BA.1:2;BF.8:1
2192026,BA.2_0.005_abundance_0.04,C23854A;T23877A;G23948T,S:N764K;S:V772D;S:D796Y,18,450,0.04,16,BA.1.18:1;BA.1.1:7;BA.1:4;BA.2:1;BA.1.1.1:1;BA.5.2.2:1;BA.1.17.2:1
2192026,BA.2_0.005_abundance_0.04,C23854A;G23948T;A24010C,S:N764K;S:D796Y;S:S816S,34,450,0.0755555555555555,20,BA.1.1:2;BA.5.1:3;BA.1:1;BA.2.40.1:1;BA.5.1.22:4;BA.2:2;BA.2.12.1:1;BA.5.5:5;BA.5.2.1:1
2192026,BA.2_0.005_abundance_0.04,T24341A;A24424T,S:F927I;S:Q954H,76,657,0.1156773211567732,2,BA.5.2:1;BA.2:1
2192026,BA.2_0.005_abundance_0.04,A24424T;G24611T,S:Q954H;S:E1017*,6,63,0.0952380952380952,0,
2192026,BA.2_0.005_abundance_0.04,C26858T;C27094A,M:F112F;M:S191*,6,7,0.8571428571428571,2,BA.2:2
2192026,BA.2_0.005_abundance_0.04,C26988G;C27094A,M:L156V;M:S191*,5,100,0.05,0,
2192026,BA.2_0.005_abundance_0.04,T27346G;G27382C;A27383T;T27384C,ORF6:Y49D;ORF6:D61H;ORF6:D61V;ORF6:D61D,111,865,0.1283236994219653,3,BA.2.72:1;BA.1.1:2
2192026,BA.2_0.005_abundance_0.04,G27382C;A27383T;T27384C;C27494A,ORF6:D61H;ORF6:D61V;ORF6:D61D;ORF7a:P34H,13,308,0.0422077922077922,105,BA.2.12.1:2;BA.2:75;BA.4.6:4;BA.2.10:1;BA.4.1:8;BA.2.3:2;XBB.1:2;BA.2.3.1:1;BA.5.2:1;BA.2.75:5;BA.2.9:2;BN.6:1;BA.2.8:1
2192026,BA.2_0.005_abundance_0.04,A27950C;A28108C,ORF8:E19D;ORF8:Q72P,29,626,0.0463258785942492,0,
2192026,BA.2_0.005_abundance_0.04,A27950C;A28055T,ORF8:E19D;ORF8:S54S,37,633,0.0584518167456556,0,
2192026,BA.2_0.005_abundance_0.04,A27950C;A28055T;A28108C,ORF8:E19D;ORF8:S54S;ORF8:Q72P,11,626,0.0175718849840255,0,
2192026,BA.2_0.005_abundance_0.04,A28055T;A28108C,ORF8:S54S;ORF8:Q72P,75,626,0.1198083067092651,0,
2192026,BA.2_0.005_abundance_0.04,A28108C;C28311T;A28359T,ORF8:Q72P;N:P13L;N:N29I,32,249,0.1285140562248996,0,
2192026,BA.2_0.005_abundance_0.04,A28108C;C28311T,ORF8:Q72P;N:P13L,44,257,0.1712062256809338,7,BA.1.1:3;BF.7:1;BA.2:1;BF.5:1;BA.1.1.11:1
2192026,BA.2_0.005_abundance_0.04,C28311T;A28359T,N:P13L;N:N29I,1136,2426,0.4682605111294312,146,BA.1.1:10;BA.2:11;BA.5.1:65;BA.1:2;BA.5.2.1:4;BA.1.1.18:8;BA.5.3.1:1;BA.2.3.20:26;BA.1.1.14:2;BA.5.2.34:1;BA.5.1.31:1;BA.2.9:1;BF.4:1;BA.2.10.1:4;BA.1.17:1;BA.5:4;BA.5.1.3:1;BA.2.3:1;BA.5.2:1;BA.4.6.5:1
2192026,BA.2_0.005_abundance_0.04,G28881A;G28882A;G28883C;T28976G,N:R203K;N:R203R;N:G204R;N:S235A,37,212,0.1745283018867924,44,B.1.1.7:12;BA.5.2:3;BA.2:19;BA.5.2.20:1;BA.1.15:3;BA.5.2.34:1;BQ.1.23:1;B.1.1.519:1;B.1.1:1;BE.1:1;BA.1.1:1
2192026,BA.2_0.005_abundance_0.04,A29056C;G29338T,N:K261N;N:K355N,21,881,0.0238365493757094,0,
2192026,BA.2_0.005_abundance_0.04,G29338T;A29510C,N:K355N;N:S413R,90,1153,0.0780572419774501,82,BA.2.75:2;BF.7:5;BA.2.12.1:1;BA.2.36:1;BA.5.1.10:1;BA.5.2.21:2;BA.2.9:20;CK.1:1;BA.5.6:2;BA.5.2.1:6;BA.2:18;BA.5.1.22:1;BA.5.1:10;BF.5:1;BA.5.1.3:1;BA.2.20:1;BF.3:1;BA.5:1;BA.5.2.20:3;BA.4:2;BA.5.2:1;BA.2.1:1
2192026,BA.2_0.005_abundance_0.04,G29338T;C29441T;A29510C,N:K355N;N:Q390*;N:S413R,69,1153,0.0598438855160451,0,
2192026,BA.2_0.005_abundance_0.04,G29427T;A29510T,N:R385I;N:S413C,23,1153,0.0199479618386817,0,
2192026,BA.2_0.005_abundance_0.04,C29441T;A29510C,N:Q390*;N:S413R,381,1153,0.3304423243712056,3,BA.5:1;BA.2.10:1;BA.2:1
2262026,BA.2_0.005_abundance_0.04,T467A;T670G,ORF1a:Y68N;ORF1a:S135R,34,1270,0.026771653543307,9,BA.5.2.1:1;BA.2:2;BA.5.2:2;BA.5.1.1:2;BA.5.5:1;BQ.1.1:1
2262026,BA.2_0.005_abundance_0.04,C486A;T670G,ORF1a:S74*;ORF1a:S135R,134,1272,0.1053459119496855,1,BA.5.6:1
2262026,BA.2_0.005_abundance_0.04,T670G;A905G,ORF1a:S135R;ORF1a:T214A,13,285,0.0456140350877193,121,BA.5.1.10:64;BF.31:2;BE.1:3;BF.8:9;BA.5.2:23;BE.1.1:1;BA.5.2.1:7;BQ.1.1.19:1;BF.7:2;BQ.1.1:1;BA.2:5;BA.2.12.1:1;BE.4:1;BA.5.1:1
2262026,BA.2_0.005_abundance_0.04,T1089G;A1193T,ORF1a:F275C;ORF1a:N310Y,78,2711,0.0287716709701217,0,
2262026,BA.2_0.005_abundance_0.04,A2254G;T2425G,ORF1a:Q663Q;ORF1a:C720W,35,965,0.0362694300518134,0,
2262026,BA.2_0.005_abundance_0.04,A4774T;G4836T;A4853T,ORF1a:E1503D;ORF1a:G1524V;ORF1a:R1530*,11,685,0.0160583941605839,0,
2262026,BA.2_0.005_abundance_0.04,T6547A;G6557A,ORF1a:D2094E;ORF1a:A2098T,17,440,0.0386363636363636,0,
2262026,BA.2_0.005_abundance_0.04,G6557A;A6722T;A6729T,ORF1a:A2098T;ORF1a:T2153S;ORF1a:N2155I,7,409,0.0171149144254278,0,
2262026,BA.2_0.005_abundance_0.04,A6722T;A6729T,ORF1a:T2153S;ORF1a:N2155I,9,409,0.0220048899755501,0,
2262026,BA.2_0.005_abundance_0.04,T7084C;T7176G;G7273T,ORF1a:S2273S;ORF1a:L2304*;ORF1a:R2336S,27,1180,0.0228813559322033,0,
2262026,BA.2_0.005_abundance_0.04,T8362A;A8399G,ORF1a:I2699I;ORF1a:I2712V,22,64,0.34375,0,
2262026,BA.2_0.005_abundance_0.04,A9266T;C9344T;A9424G;C9534T,ORF1a:S3001C;ORF1a:L3027F;ORF1a:V3053V;ORF1a:T3090I,111,345,0.3217391304347826,0,
2262026,BA.2_0.005_abundance_0.04,A9266T;C9344T;A9424G,ORF1a:S3001C;ORF1a:L3027F;ORF1a:V3053V,21,405,0.0518518518518518,0,
2262026,BA.2_0.005_abundance_0.04,C9534T;A9825C,ORF1a:T3090I;ORF1a:K3187T,6,71,0.0845070422535211,0,
2262026,BA.2_0.005_abundance_0.04,C9534T;T9690C,ORF1a:T3090I;ORF1a:I3142T,12,476,0.0252100840336134,80,BA.5.5:37;BF.7.6:3;BF.5:5;BA.2.75.5:2;BA.4.6:3;BA.2:11;BA.5.3.5:4;BA.5.1.2:2;BA.5.2.9:1;BA.2.47:1;BA.2.9:4;BA.5.2:1;BA.2.10:2;BA.2.75:2;BF.26:1;BA.5.2.21:1
2262026,BA.2_0.005_abundance_0.04,G10447A;T10611A,ORF1a:R3394R;ORF1a:V3449D,164,309,0.5307443365695793,0,
2262026,BA.2_0.005_abundance_0.04,G10447A;G10467C;T10611A,ORF1a:R3394R;ORF1a:G3401A;ORF1a:V3449D,38,309,0.1229773462783171,0,
2262026,BA.2_0.005_abundance_0.04,G10447A;G10467C,ORF1a:R3394R;ORF1a:G3401A,25,343,0.0728862973760933,0,
2262026,BA.2_0.005_abundance_0.04,G10447A;A10464G,ORF1a:R3394R;ORF1a:K3400R,14,343,0.0408163265306122,1,BQ.1.1:1
2262026,BA.2_0.005_abundance_0.04,G10447A;A10464G;T10611A,ORF1a:R3394R;ORF1a:K3400R;ORF1a:V3449D,25,309,0.0809061488673139,0,
2262026,BA.2_0.005_abundance_0.04,G10447A;A10464G;G10467C;T10611A,ORF1a:R3394R;ORF1a:K3400R;ORF1a:G3401A;ORF1a:V3449D,6,309,0.0194174757281553,0,
2262026,BA.2_0.005_abundance_0.04,G11222T;A11360G,ORF1a:V3653F;ORF1a:T3699A,5,316,0.0158227848101265,0,
2262026,BA.2_0.005_abundance_0.04,A11360G;T11459A,ORF1a:T3699A;ORF1a:S3732T,21,740,0.0283783783783783,0,
2262026,BA.2_0.005_abundance_0.04,T11915C;A12159G;T12182G,ORF1a:S3884P;ORF1a:E3965G;ORF1a:S3973A,52,2096,0.0248091603053435,0,
2262026,BA.2_0.005_abundance_0.04,A12159G;T12182G;A12303G;G12332T,ORF1a:E3965G;ORF1a:S3973A;ORF1a:Y4013C;ORF1a:A4023S,13,707,0.0183875530410183,0,
2262026,BA.2_0.005_abundance_0.04,T12752G;A12780G;C12880T,ORF1a:C4163G;ORF1a:Y4172C;ORF1a:I4205I,61,3270,0.0186544342507645,0,
2262026,BA.2_0.005_abundance_0.04,T12752G;A12780G;C12880T;C13059G,ORF1a:C4163G;ORF1a:Y4172C;ORF1a:I4205I;ORF1a:T4265S,12,847,0.0141676505312868,0,
2262026,BA.2_0.005_abundance_0.04,C13059G;C13101G;A13203C;G13254T,ORF1a:T4265S;ORF1a:A4279G;ORF1a:E4313A;ORF1a:C4330F,44,2398,0.018348623853211,0,
2262026,BA.2_0.005_abundance_0.04,G13254T;C13262A,ORF1a:C4330F;ORF1a:H4333N,302,2398,0.1259382819015846,0,
2262026,BA.2_0.005_abundance_0.04,C13377G;A13640G,ORF1a:T4371S;ORF1b:D58G,13,930,0.0139784946236559,0,
2262026,BA.2_0.005_abundance_0.04,A14328T;C14408T;T14459C,ORF1b:P287P;ORF1b:P314L;ORF1b:F331S,194,1203,0.1612635078969243,0,
2262026,BA.2_0.005_abundance_0.04,G14335T;T14382C;C14408T,ORF1b:V290F;ORF1b:N305N;ORF1b:P314L,29,1295,0.0223938223938223,2,B.1.1.63:2
2262026,BA.2_0.005_abundance_0.04,C14408T;T14459C,ORF1b:P314L;ORF1b:F331S,192,1203,0.1596009975062344,5,B.1:3;B.1.1.521:1;AY.68:1
2262026,BA.2_0.005_abundance_0.04,G14580T;T14606A;T14803C,ORF1b:M371I;ORF1b:L380Q;ORF1b:Y446H,7,305,0.0229508196721311,0,
2262026,BA.2_0.005_abundance_0.04,T14606A;T14803C,ORF1b:L380Q;ORF1b:Y446H,18,973,0.0184994861253854,0,
2262026,BA.2_0.005_abundance_0.04,C15103T;T15137A,ORF1b:R546C;ORF1b:M557K,19,609,0.0311986863711001,0,
2262026,BA.2_0.005_abundance_0.04,G15652C;C15714T;A15788T,ORF1b:D729H;ORF1b:L749L;ORF1b:K774M,77,2745,0.0280510018214936,0,
2262026,BA.2_0.005_abundance_0.04,T15684A;C15714T,ORF1b:Y739*;ORF1b:L749L,484,2946,0.1642905634758995,0,
2262026,BA.2_0.005_abundance_0.04,T15684A;C15714T;T15786C,ORF1b:Y739*;ORF1b:L749L;ORF1b:F773F,224,2745,0.0816029143897996,0,
2262026,BA.2_0.005_abundance_0.04,C15714T;T15786C,ORF1b:L749L;ORF1b:F773F,622,2745,0.2265938069216757,169,BF.10:12;BA.4.6:2;BA.2.12.1:26;BN.1.4:1;BA.5.2.1:7;BA.4.1:8;BA.2.54:2;CR.1:1;BA.2.9:3;BA.2:29;BA.5.2.35:1;BA.5.2:6;BA.5.1:11;BA.5.2.7:41;BE.1.1:2;BA.5.6:4;BF.7:1;BA.2.10:7;BA.2.75.2:1;BA.5.2.21:1;CP.1:1;BA.2.75:1;BA.5:1
2262026,BA.2_0.005_abundance_0.04,C15714T;A15806T,ORF1b:L749L;ORF1b:Q780L,56,2743,0.0204156033539919,13,BA.5.2:6;BA.2.75:1;BA.2:2;BA.5.1:1;BA.5.5:1;BA.2.12.1:1;BA.5.6:1
2262026,BA.2_0.005_abundance_0.04,G16130T;T16147C,ORF1b:G888V;ORF1b:Y894H,17,1058,0.0160680529300567,0,
2262026,BA.2_0.005_abundance_0.04,G16507T;T16683A;T16713G,ORF1b:G1014C;ORF1b:Y1072*;ORF1b:S1082S,9,488,0.0184426229508196,0,
2262026,BA.2_0.005_abundance_0.04,G16507T;T16683A,ORF1b:G1014C;ORF1b:Y1072*,24,488,0.0491803278688524,0,
2262026,BA.2_0.005_abundance_0.04,G16507T;T16594G,ORF1b:G1014C;ORF1b:Y1043D,17,535,0.0317757009345794,0,
2262026,BA.2_0.005_abundance_0.04,G16507T;T16713G,ORF1b:G1014C;ORF1b:S1082S,18,489,0.0368098159509202,0,
2262026,BA.2_0.005_abundance_0.04,G16507T;T16594G;T16683A,ORF1b:G1014C;ORF1b:Y1043D;ORF1b:Y1072*,5,488,0.0102459016393442,0,
2262026,BA.2_0.005_abundance_0.04,T16594G;T16683A,ORF1b:Y1043D;ORF1b:Y1072*,21,488,0.0430327868852459,1,B.1.1.419:1
2262026,BA.2_0.005_abundance_0.04,T16594G;T16713G,ORF1b:Y1043D;ORF1b:S1082S,11,489,0.0224948875255623,0,
2262026,BA.2_0.005_abundance_0.04,T16594G;T16683A;T16713G,ORF1b:Y1043D;ORF1b:Y1072*;ORF1b:S1082S,5,488,0.0102459016393442,0,
2262026,BA.2_0.005_abundance_0.04,T16683A;T16713G,ORF1b:Y1072*;ORF1b:S1082S,24,488,0.0491803278688524,0,
2262026,BA.2_0.005_abundance_0.04,C17766G;T17955A,ORF1b:V1433V;ORF1b:L1496L,7,648,0.0108024691358024,0,
2262026,BA.2_0.005_abundance_0.04,G17814C;T17870C,ORF1b:L1449F;ORF1b:I1468T,16,702,0.0227920227920227,0,
2262026,BA.2_0.005_abundance_0.04,A17943C;T17955A,ORF1b:K1492N;ORF1b:L1496L,41,648,0.0632716049382716,0,
2262026,BA.2_0.005_abundance_0.04,A18163G;A18179C,ORF1b:I1566V;ORF1b:K1571T,33,355,0.0929577464788732,20,BA.2:6;BA.1.1:2;BA.2.75:1;BA.5.2.22:1;BA.4.6:5;BA.2.9:3;XBB.1:1;BA.5.2.1:1
2262026,BA.2_0.005_abundance_0.04,C19200A;T19230G,ORF1b:C1911*;ORF1b:I1921M,10,161,0.062111801242236,0,
2262026,BA.2_0.005_abundance_0.04,G21121T;A21290G,ORF1b:G2552W;ORF1b:Y2608C,109,712,0.1530898876404494,0,
2262026,BA.2_0.005_abundance_0.04,C21221T;T21235G;T21252A,ORF1b:A2585V;ORF1b:F2590V;ORF1b:N2595K,17,714,0.0238095238095238,0,
2262026,BA.2_0.005_abundance_0.04,C21816A;G21987A,S:P85Q;S:G142D,25,932,0.0268240343347639,41,B.1.617.2:2;AY.103:2;AY.127:1;AY.69:1;AY.46.6:1;AY.122:5;BA.1.15:1;AY.119:3;AY.33:1;AY.42:1;AY.29:7;BF.1:1;AY.4:1;AY.36:1;AY.44:1;AY.25:1;BA.4.6:1;AY.5.4:1;AY.4.2:1;BA.2:1;AY.39:1;BA.1:3;BQ.1:1;AY.43:1;BA.1.18:1
2262026,BA.2_0.005_abundance_0.04,T22200G;A22237G,S:V213G;S:P225P,203,352,0.5767045454545454,67,BA.2.45:5;BA.2.24:3;BA.2.9:1;BA.5.2.1:1;BA.2:22;BA.5.2:10;BA.5.1:8;BE.1.1:1;BF.7:2;BQ.1.2:2;BA.5.2.33:3;BA.4.6:1;BA.2.65:1;BA.2.75:2;BA.5.2.13:1;BA.5.1.3:1;BA.2.3.13:1;BN.1.5:1;BA.4:1
2262026,BA.2_0.005_abundance_0.04,C22674T;T22679C;T22684C;C22686T;A22688G,S:S371F;S:S373P;S:F374F;S:S375F;S:T376A,29,72,0.4027777777777778,263,BE.1:17;BA.4.6:10;BA.5.2.1:83;BA.5.6:1;BA.2.2:2;BA.2.9:4;BA.5.1.22:3;BA.2:54;BA.5.2.3:2;BA.5.1.1:23;BQ.1.1.3:3;BA.5.1:8;BA.5.2:25;BA.5:2;CM.2:2;BA.5.1.10:4;BE.5:1;BA.5.2.7:1;BQ.1.5:1;BA.5.5:4;BA.2.26:2;BF.7:1;XBB.2:1;BF.5:1;BA.2.12.1:4;BA.2.75:2;BA.2.3:1;BQ.1.8.2:1
2262026,BA.2_0.005_abundance_0.04,G22992A;C22995A;A23013C;A23040G;A23110C,S:S477N;S:T478K;S:E484A;S:Q493R;S:E516D,10,33,0.303030303030303,6,BA.1.14.1:1;BA.2:1;BA.1.1:2;BA.2.3:1;BA.1:1
2262026,BA.2_0.005_abundance_0.04,G22992A;C22995A;A23013C;A23040G;G23090T;A23110C,S:S477N;S:T478K;S:E484A;S:Q493R;S:V510L;S:E516D,6,33,0.1818181818181818,0,
2262026,BA.2_0.005_abundance_0.04,A23403G;T23428A,S:D614G;S:V622V,887,3314,0.2676523838261919,441,BA.1.15:1;B.1.177.3:1;BA.1.1:3;B.1.1.7:1;C.37:3;AY.124:2;B.1.160:153;AY.36:189;BA.1.20:24;B.1.177:30;AY.39:2;BA.2:5;AY.4:3;BA.5.1.1:1;BA.5.2:1;AY.44:2;A.2.5:2;BA.1.17:1;AY.6:1;AY.98:1;AY.36.1:1;BA.2.75:2;BA.5.8:1;AY.114:1;B.1.177.56:1;AY.4.9:1;BA.1.17.2:1;AY.25:4;P.1:1;AY.4.2:1;AY.101:1
2262026,BA.2_0.005_abundance_0.04,A23403G;C23422T;T23428A,S:D614G;S:V620V;S:V622V,762,3314,0.2299336149668074,0,
2262026,BA.2_0.005_abundance_0.04,G23856A;C23895T;T23906C;G23948T,S:R765H;S:T778I;S:F782L;S:D796Y,9,283,0.0318021201413427,0,
2262026,BA.2_0.005_abundance_0.04,A24170T;T24218A;G24257T,S:I870F;S:W886R;S:A899S,8,427,0.018735362997658,0,
2262026,BA.2_0.005_abundance_0.04,A24424T;T24469A;C24651G,S:Q954H;S:N969K;S:S1030*,6,55,0.109090909090909,0,
2262026,BA.2_0.005_abundance_0.04,T24469A;C24651G,S:N969K;S:S1030*,26,228,0.1140350877192982,0,
2262026,BA.2_0.005_abundance_0.04,T24469A;C24575A,S:N969K;S:Q1005K,8,242,0.0330578512396694,1,BA.2.12.1:1
2262026,BA.2_0.005_abundance_0.04,A25372T;A25582G;C25584T,S:L1270F;ORF3a:T64A;ORF3a:T64T,23,1967,0.0116929334011184,0,
2262026,BA.2_0.005_abundance_0.04,T25570A;A25582G;C25584T,ORF3a:S60T;ORF3a:T64A;ORF3a:T64T,294,1968,0.149390243902439,0,
2262026,BA.2_0.005_abundance_0.04,T25570A;C25584T,ORF3a:S60T;ORF3a:T64T,193,1968,0.0980691056910569,81,BA.5.2:66;BA.1.1:8;BA.2.75:1;BA.1:1;BA.2:2;BA.2.10:1;BA.2.3.15:1;BA.4.6:1
2262026,BA.2_0.005_abundance_0.04,A25582G;C25584T,ORF3a:T64A;ORF3a:T64T,940,1968,0.4776422764227642,217,BA.1.17:1;BA.5.2.1:11;BA.1.20:3;BA.2:154;BA.5.2:8;BA.5.2.20:12;BA.1.1:3;BA.1:3;BA.1.1.16:3;BF.7:4;BA.1.18:1;BA.2.3:7;BA.5.1:1;BA.2.50:1;BA.1.21:1;BA.1.17.2:1;BA.2.1:2;BA.1.1.2:1
2262026,BA.2_0.005_abundance_0.04,C26270T;T26289C,E:T9I;E:N15N,152,246,0.6178861788617886,285,BA.1.1:43;BA.2.12.1:23;BF.5:6;BQ.1.1.9:2;BA.5.2.1:34;BA.1.20:3;BA.2.3:4;BF.10:13;BA.2.18:5;BA.5.1:18;BF.26:5;BA.2:60;BA.1.15:2;BA.2.2:1;BA.1.1.18:1;BA.5.2:13;BA.5:2;BA.1.15.1:1;BQ.1.1:1;BF.7.6:1;BA.2.38:1;BA.4.1:3;BA.5.1.6:1;BA.1:17;BA.5.1.25:3;BA.2.9:5;BA.4.6:2;BA.1.17.2:2;BA.2.9.5:1;BA.2.3.5:1;BA.1.17:1;BQ.1:1;BA.5.5:1;BA.1.12:1;BE.1.1:1;BA.1.18:1;BA.2.3.14:1;BA.5.2.20:1;BA.2.73:1;XBB.2:1;BQ.1.26:1
2262026,BA.2_0.005_abundance_0.04,C26270T;T26289C;G26329T,E:T9I;E:N15N;E:V29F,7,233,0.0300429184549356,0,
2262026,BA.2_0.005_abundance_0.04,C26270T;G26329T,E:T9I;E:V29F,5,233,0.0214592274678111,4,BA.1.15:1;BA.2.12.1:1;BA.5.2.1:2
2262026,BA.2_0.005_abundance_0.04,C26577G;G26709A;T26756G;C26858T,M:Q19E;M:A63T;M:G78G;M:F112F,990,2995,0.330550918196995,0,
2262026,BA.2_0.005_abundance_0.04,C26577G;A26676T;G26709A;C26858T,M:Q19E;M:I52F;M:A63T;M:F112F,379,2995,0.1265442404006677,3,BA.2:2;BA.2.37:1
2262026,BA.2_0.005_abundance_0.04,C26577G;A26676T;G26709A;T26756G;C26858T,M:Q19E;M:I52F;M:A63T;M:G78G;M:F112F,331,2995,0.1105175292153589,0,
2262026,BA.2_0.005_abundance_0.04,C26577G;G26709A;T26756G,M:Q19E;M:A63T;M:G78G,149,3398,0.0438493231312536,2,BA.1.1:2
2262026,BA.2_0.005_abundance_0.04,C26577G;A26676T;G26709A;T26756G,M:Q19E;M:I52F;M:A63T;M:G78G,44,3398,0.0129487934078869,0,
2262026,BA.2_0.005_abundance_0.04,C26577G;A26676T;G26709A,M:Q19E;M:I52F;M:A63T,62,3398,0.0182460270747498,14,BA.2.37:1;BA.1.1.18:1;BA.1.15.1:4;BA.2:2;BQ.1.1.4:5;BA.1.1:1
2262026,BA.2_0.005_abundance_0.04,C26577G;A26578T;G26709A;C26858T,M:Q19E;M:Q19L;M:A63T;M:F112F,63,2995,0.0210350584307178,0,
2262026,BA.2_0.005_abundance_0.04,A27259C;G27382C;A27383T;A27472G,ORF6:R20R;ORF6:D61H;ORF6:D61V;ORF7a:T27A,220,984,0.2235772357723577,23,BA.2.9:4;BA.2:4;BA.2.10.1:1;BA.4.6:5;CH.1.1:1;BA.2.12:1;BA.4.4:1;BA.2.12.1:4;BA.4.1:1;BA.2.76:1
2262026,BA.2_0.005_abundance_0.04,T28151A;A28222G;T28251A;C28311T;C28331G,ORF8:F86L;ORF8:E110G;ORF8:F120I;N:P13L;N:P20A,56,3636,0.0154015401540154,0,
2262026,BA.2_0.005_abundance_0.04,A28231T;C28311T,ORF8:D113V;N:P13L,1302,3898,0.3340174448435095,6,BA.1.1:2;BA.5.1:4
2262026,BA.2_0.005_abundance_0.04,A28496C;A28702T,N:N75H;N:K143N,48,1575,0.0304761904761904,0,
2262026,BA.2_0.005_abundance_0.04,A29076T;A29079G,N:Y268F;N:N269S,51,5069,0.0100611560465575,2,AY.43:1;P.2:1
2262026,BA.2_0.005_abundance_0.04,A29076T;C29247T,N:Y268F;N:T325I,289,4719,0.0612417885145157,0,
2262026,BA.2_0.005_abundance_0.04,A29076T;G29348A,N:Y268F;N:A359T,11,339,0.0324483775811209,0,
2262026,BA.2_0.005_abundance_0.04,A29079G;C29247T,N:N269S;N:T325I,96,4719,0.0203432930705657,0,
2262026,BA.2_0.005_abundance_0.04,C29247T;G29348A,N:T325I;N:A359T,12,339,0.0353982300884955,0,
2262026,BA.2_0.005_abundance_0.04,G29348A;A29397T;A29510C,N:A359T;N:K375M;N:S413R,89,690,0.1289855072463768,0,
2262026,BA.2_0.005_abundance_0.04,G29348A;A29510C,N:A359T;N:S413R,35,690,0.0507246376811594,394,BQ.1.1:12;BE.1.1.2:17;BF.7:5;BA.4:6;BA.2.24:1;BA.2.10:4;BA.2.12.1:20;BA.5.2.1:31;BA.5.6:4;BA.5.2.27:2;BA.5.2.34:3;BF.7.4.2:6;BA.2.9:9;BF.5:7;BA.4.1:20;BA.2:102;BA.5.1:24;BA.5.1.23:2;BE.1.1:4;BE.1:1;BA.4.6:5;BA.2.29:4;BA.5.2:15;BA.2.37:10;BA.5.2.9:7;CH.1.1:3;BQ.1:4;BF.21:2;BA.5.2.30:2;BA.2.3.1:1;BA.2.75:7;BA.2.3:2;BA.5.1.10:2;BA.5.5.3:1;BA.5.1.21:1;BA.5.1.25:1;CL.1:1;XBB:1;BQ.1.1.10:1;BA.5.1.1:3;XBB.2:1;BA.2.1:2;BA.5.3.2:2;BF.6:1;BA.5.3.3:1;BA.2.3.12:1;BF.1:1;BA.5.5:6;BF.7.6:2;BA.2.3.7:1;BA.5.11:1;BF.7.3:1;BA.5.9:1;BA.2.38:1;BA.5.2.25:1;BA.2.5:1;BA.2.56:3;BF.32:1;BF.8:1;BF.11.5:1;BQ.1.8:3;BQ.1.1.28:1;BA.4.4:1;BF.7.4.1:1;BQ.1.1.18:1;BA.5.1.24:1;BA.4.1.8:2;BA.5.1.5:1
2262026,BA.2_0.005_abundance_0.04,A29397T;A29510C,N:K375M;N:S413R,330,690,0.4782608695652174,10,BE.1.1:1;BA.2:6;BA.2.12.1:2;XBB.1.5:1
2262026,BA.2_0.005_abundance_0.04,A29397T;G29427T;A29510T,N:K375M;N:R385I;N:S413C,9,690,0.0130434782608695,0,
2262026,BA.2_0.005_abundance_0.04,A29397T;A29510C;T29566C,N:K375M;N:S413R;ORF10:Y3Y,16,650,0.0246153846153846,0,
2262026,BA.2_0.005_abundance_0.04,A29510C;T29566C,N:S413R;ORF10:Y3Y,7,650,0.0107692307692307,133,BA.5.2.1:36;BA.2.9:9;BA.2.3:55;BA.2:14;BE.1.1:1;BA.5.2.3:1;BA.5.2:3;BA.5.1.22:1;BA.2.38:1;BA.2.75:5;BA.2.12.1:2;BA.4.6:1;BA.2.26:2;BF.1:2
3052026,BA.2_0.005_abundance_0.04,T432A;T670G,ORF1a:V56D;ORF1a:S135R,100,1848,0.0541125541125541,15,BA.5.1.25:1;BA.5.1:3;BA.2.12.1:1;BA.2:3;BA.2.36:1;BF.7:1;BA.5.1.2:1;BA.5.2:1;BF.34:1;BF.8:1;BA.5.1.10:1
3052026,BA.2_0.005_abundance_0.04,T467A;T670G,ORF1a:Y68N;ORF1a:S135R,78,1848,0.0422077922077922,9,BA.5.2.1:1;BA.2:2;BA.5.2:2;BA.5.1.1:2;BA.5.5:1;BQ.1.1:1
3052026,BA.2_0.005_abundance_0.04,T670G;C717A,ORF1a:S135R;ORF1a:T151N,59,374,0.1577540106951871,46,BA.5.2.2:7;BA.5.6:3;BA.2.3:1;BA.2:16;BA.2.3.20:1;BA.2.75:2;BA.5.2.1:2;BF.7:2;BE.1.1:5;BA.2.12.1:2;BA.2.9:2;BQ.1.1.12:1;BQ.1.14:1;BA.5.1:1
3052026,BA.2_0.005_abundance_0.04,T670G;G848A,ORF1a:S135R;ORF1a:G195S,87,374,0.232620320855615,2,BE.1:1;BA.5.2.1:1
3052026,BA.2_0.005_abundance_0.04,T670G;C717A;G848A,ORF1a:S135R;ORF1a:T151N;ORF1a:G195S,6,374,0.0160427807486631,0,
3052026,BA.2_0.005_abundance_0.04,T670G;A905G,ORF1a:S135R;ORF1a:T214A,11,352,0.03125,121,BA.5.1.10:64;BF.31:2;BE.1:3;BF.8:9;BA.5.2:23;BE.1.1:1;BA.5.2.1:7;BQ.1.1.19:1;BF.7:2;BQ.1.1:1;BA.2:5;BA.2.12.1:1;BE.4:1;BA.5.1:1
3052026,BA.2_0.005_abundance_0.04,C717A;G848A,ORF1a:T151N;ORF1a:G195S,148,3575,0.0413986013986014,0,
3052026,BA.2_0.005_abundance_0.04,G848A;A905G,ORF1a:G195S;ORF1a:T214A,42,3345,0.0125560538116591,0,
3052026,BA.2_0.005_abundance_0.04,A1046C;A1249T,ORF1a:K261Q;ORF1a:E328D,30,2202,0.0136239782016348,1,BA.2.10:1
3052026,BA.2_0.005_abundance_0.04,G2060C;A2171G,ORF1a:A599P;ORF1a:K636E,145,883,0.1642129105322763,0,
3052026,BA.2_0.005_abundance_0.04,C2106G;A2171G,ORF1a:T614S;ORF1a:K636E,12,883,0.0135900339750849,0,
3052026,BA.2_0.005_abundance_0.04,G2944T;C3037T;T3171C,ORF1a:L893L;ORF1a:F924F;ORF1a:L969P,18,492,0.0365853658536585,0,
3052026,BA.2_0.005_abundance_0.04,C3037T;G3066T,ORF1a:F924F;ORF1a:G934V,57,1301,0.0438124519600307,657,BA.1.1:7;B.1.637:102;B.1.1.7:26;AY.78:3;AY.29:1;BA.2.12.1:3;AY.127:6;AY.36:1;AY.4:213;BA.1.20:2;BF.27:49;BA.2:10;BQ.1.5:2;BA.5.1:6;BA.1:21;AY.122:72;AY.100:2;AY.120.2:1;AY.92:5;P.1:2;BA.5.1.26:4;AY.64:1;BA.2.29:2;B.1.427:23;B.1:5;BA.2.9:2;B.1.617.2:23;AY.98:2;AY.43:8;AY.44:2;BA.5.2:4;AY.103:2;B.1.177:3;BA.5.1.3:1;AY.102:1;BA.4.1:1;BA.2.23:1;B.1.1.176:1;AY.25.1:9;B.1.221:1;B.1.621:2;BA.2.75:1;AY.4.2.1:2;AY.23:2;AY.20:3;AY.3:1;B.1.1:1;AY.35:1;AY.4.2:1;AY.126:1;AY.4.10:1;B.1.1.318:1;BA.2.9.3:1;BA.5.2.21:1;AY.26:1;B.1.1.529:2;BA.1.16:1;AY.99.2:2;CM.5:2
3052026,BA.2_0.005_abundance_0.04,A4774T;G4836T;A4853T,ORF1a:E1503D;ORF1a:G1524V;ORF1a:R1530*,26,731,0.0355677154582763,0,
3052026,BA.2_0.005_abundance_0.04,A5620C;T5752A,ORF1a:I1785I;ORF1a:G1829G,13,818,0.0158924205378973,0,
3052026,BA.2_0.005_abundance_0.04,G5683T;C5694G;T5752A,ORF1a:M1806I;ORF1a:P1810R;ORF1a:G1829G,19,818,0.0232273838630806,0,
3052026,BA.2_0.005_abundance_0.04,G5683T;T5752A,ORF1a:M1806I;ORF1a:G1829G,46,818,0.0562347188264058,0,
3052026,BA.2_0.005_abundance_0.04,G5683T;C5694G,ORF1a:M1806I;ORF1a:P1810R,22,818,0.0268948655256723,0,
3052026,BA.2_0.005_abundance_0.04,C5694G;T5752A,ORF1a:P1810R;ORF1a:G1829G,104,818,0.1271393643031785,0,
3052026,BA.2_0.005_abundance_0.04,A6722T;A6729T;G6816T,ORF1a:T2153S;ORF1a:N2155I;ORF1a:R2184I,48,1246,0.0385232744783306,0,
3052026,BA.2_0.005_abundance_0.04,T7084C;T7176G;G7273T,ORF1a:S2273S;ORF1a:L2304*;ORF1a:R2336S,16,362,0.0441988950276243,0,
3052026,BA.2_0.005_abundance_0.04,G7664A;G7791A,ORF1a:D2467N;ORF1a:G2509D,7,245,0.0285714285714285,0,
3052026,BA.2_0.005_abundance_0.04,T8142G;T8286A,ORF1a:L2626*;ORF1a:M2674K,16,451,0.0354767184035476,0,
3052026,BA.2_0.005_abundance_0.04,T8142G;T8202C;T8286A,ORF1a:L2626*;ORF1a:V2646A;ORF1a:M2674K,5,451,0.0110864745011086,0,
3052026,BA.2_0.005_abundance_0.04,T8323C;T8598G,ORF1a:R2686R;ORF1a:L2778R,102,323,0.3157894736842105,0,
3052026,BA.2_0.005_abundance_0.04,A9036C;G9087T;T9135A;T9172C,ORF1a:D2924A;ORF1a:G2941V;ORF1a:M2957K;ORF1a:L2969L,32,1296,0.0246913580246913,0,
3052026,BA.2_0.005_abundance_0.04,G9087T;T9135A;T9172C,ORF1a:G2941V;ORF1a:M2957K;ORF1a:L2969L,13,1296,0.0100308641975308,0,
3052026,BA.2_0.005_abundance_0.04,A9338C;C9344T;A9424G;C9534T,ORF1a:N3025H;ORF1a:L3027F;ORF1a:V3053V;ORF1a:T3090I,6,125,0.048,6,BA.5.11:3;BF.8:1;BA.2:2
3052026,BA.2_0.005_abundance_0.04,C9534T;T9690C,ORF1a:T3090I;ORF1a:I3142T,42,945,0.0444444444444444,80,BA.5.5:37;BF.7.6:3;BF.5:5;BA.2.75.5:2;BA.4.6:3;BA.2:11;BA.5.3.5:4;BA.5.1.2:2;BA.5.2.9:1;BA.2.47:1;BA.2.9:4;BA.5.2:1;BA.2.10:2;BA.2.75:2;BF.26:1;BA.5.2.21:1
3052026,BA.2_0.005_abundance_0.04,A11360G;T11459A,ORF1a:T3699A;ORF1a:S3732T,20,632,0.0316455696202531,0,
3052026,BA.2_0.005_abundance_0.04,T11915C;A12159G;T12182G,ORF1a:S3884P;ORF1a:E3965G;ORF1a:S3973A,87,2114,0.0411542100283822,0,
3052026,BA.2_0.005_abundance_0.04,A12159G;T12182G;A12303G;G12332T,ORF1a:E3965G;ORF1a:S3973A;ORF1a:Y4013C;ORF1a:A4023S,81,2103,0.0385164051355206,0,
3052026,BA.2_0.005_abundance_0.04,T12752G;A12780G;C12880T,ORF1a:C4163G;ORF1a:Y4172C;ORF1a:I4205I,37,1993,0.0185649774209734,0,
3052026,BA.2_0.005_abundance_0.04,T12752G;A12780G;G12859C;C12880T;C13059G,ORF1a:C4163G;ORF1a:Y4172C;ORF1a:K4198N;ORF1a:I4205I;ORF1a:T4265S,7,511,0.0136986301369863,0,
3052026,BA.2_0.005_abundance_0.04,T12752G;A12780G;C12880T;C13059G,ORF1a:C4163G;ORF1a:Y4172C;ORF1a:I4205I;ORF1a:T4265S,11,511,0.0215264187866927,0,
3052026,BA.2_0.005_abundance_0.04,G12859C;C12880T,ORF1a:K4198N;ORF1a:I4205I,258,2063,0.1250605913717886,1,BA.5:1
3052026,BA.2_0.005_abundance_0.04,G12859C;C12880T;G12903C;G12963T,ORF1a:K4198N;ORF1a:I4205I;ORF1a:C4213S;ORF1a:G4233V,28,1922,0.0145681581685744,0,
3052026,BA.2_0.005_abundance_0.04,G12859C;C12880T;G12963T,ORF1a:K4198N;ORF1a:I4205I;ORF1a:G4233V,180,1922,0.0936524453694068,0,
3052026,BA.2_0.005_abundance_0.04,G12859C;C12880T;G12903C,ORF1a:K4198N;ORF1a:I4205I;ORF1a:C4213S,55,2063,0.0266602035870092,0,
3052026,BA.2_0.005_abundance_0.04,C12880T;G12963T,ORF1a:I4205I;ORF1a:G4233V,477,1922,0.2481789802289282,0,
3052026,BA.2_0.005_abundance_0.04,C12880T;G12903C;G12963T,ORF1a:I4205I;ORF1a:C4213S;ORF1a:G4233V,91,1922,0.0473465140478668,0,
3052026,BA.2_0.005_abundance_0.04,C12880T;G12903C,ORF1a:I4205I;ORF1a:C4213S,147,2063,0.0712554532234609,0,
3052026,BA.2_0.005_abundance_0.04,C13059G;C13101G;A13203C,ORF1a:T4265S;ORF1a:A4279G;ORF1a:E4313A,102,2528,0.0403481012658227,0,
3052026,BA.2_0.005_abundance_0.04,G14335T;T14382C;C14408T,ORF1b:V290F;ORF1b:N305N;ORF1b:P314L,40,1398,0.0286123032904148,2,B.1.1.63:2
3052026,BA.2_0.005_abundance_0.04,T14606A;T14803C,ORF1b:L380Q;ORF1b:Y446H,25,533,0.0469043151969981,0,
3052026,BA.2_0.005_abundance_0.04,T15351A;T15453A,ORF1b:V628V;ORF1b:G662G,99,1990,0.0497487437185929,0,
3052026,BA.2_0.005_abundance_0.04,G15652C;C15714T;A15782T;A15788T,ORF1b:D729H;ORF1b:L749L;ORF1b:N772I;ORF1b:K774M,70,2106,0.0332383665716999,0,
3052026,BA.2_0.005_abundance_0.04,C15714T;A15782T,ORF1b:L749L;ORF1b:N772I,1455,2106,0.6908831908831908,0,
3052026,BA.2_0.005_abundance_0.04,A16500G;A16583C;A16606C;T16631A,ORF1b:Q1011Q;ORF1b:N1039T;ORF1b:N1047H;ORF1b:L1055H,6,228,0.0263157894736842,0,
3052026,BA.2_0.005_abundance_0.04,A16942C;T17075C,ORF1b:S1159R;ORF1b:L1203P,18,1515,0.0118811881188118,0,
3052026,BA.2_0.005_abundance_0.04,A17207C;C17410T,ORF1b:Y1247S;ORF1b:R1315C,82,2373,0.0345554150863885,0,
3052026,BA.2_0.005_abundance_0.04,C17410T;G17717T,ORF1b:R1315C;ORF1b:G1417V,50,63,0.7936507936507936,1,BA.4.1.3:1
3052026,BA.2_0.005_abundance_0.04,A17614T;G17717T,ORF1b:K1383*;ORF1b:G1417V,18,490,0.036734693877551,0,
3052026,BA.2_0.005_abundance_0.04,G17717T;A17942G,ORF1b:G1417V;ORF1b:K1492R,256,1498,0.1708945260347129,0,
3052026,BA.2_0.005_abundance_0.04,G17717T;G17814C;T17870C,ORF1b:G1417V;ORF1b:L1449F;ORF1b:I1468T,62,1601,0.0387257963772642,0,
3052026,BA.2_0.005_abundance_0.04,A18163G;C18175G,ORF1b:I1566V;ORF1b:P1570A,54,913,0.0591456736035049,0,
3052026,BA.2_0.005_abundance_0.04,C19955T;A19978T;A20015C;A20055G,ORF1b:T2163I;ORF1b:T2171S;ORF1b:D2183A;ORF1b:E2196E,27,514,0.0525291828793774,0,
3052026,BA.2_0.005_abundance_0.04,G20725A;T20731G;T20833G,ORF1b:E2420K;ORF1b:C2422G;ORF1b:L2456V,44,867,0.0507497116493656,0,
3052026,BA.2_0.005_abundance_0.04,T20833G;T20912G;C21108T,ORF1b:L2456V;ORF1b:L2482*;ORF1b:F2547F,13,378,0.0343915343915343,0,
3052026,BA.2_0.005_abundance_0.04,T20833G;T20912G,ORF1b:L2456V;ORF1b:L2482*,7,423,0.0165484633569739,0,
3052026,BA.2_0.005_abundance_0.04,T20892A;C21108T,ORF1b:V2475V;ORF1b:F2547F,30,378,0.0793650793650793,0,
3052026,BA.2_0.005_abundance_0.04,T20892A;G21010T;C21108T,ORF1b:V2475V;ORF1b:V2515L;ORF1b:F2547F,8,378,0.0211640211640211,0,
3052026,BA.2_0.005_abundance_0.04,G20925C;C21108T,ORF1b:L2486F;ORF1b:F2547F,17,378,0.0449735449735449,0,
3052026,BA.2_0.005_abundance_0.04,G21010T;C21108T,ORF1b:V2515L;ORF1b:F2547F,41,378,0.1084656084656084,0,
3052026,BA.2_0.005_abundance_0.04,C21108T;C21173G,ORF1b:F2547F;ORF1b:T2569R,24,138,0.1739130434782608,0,
3052026,BA.2_0.005_abundance_0.04,C21173G;G21320A,ORF1b:T2569R;ORF1b:G2618D,8,636,0.0125786163522012,0,
3052026,BA.2_0.005_abundance_0.04,C21173G;T21278A,ORF1b:T2569R;ORF1b:I2604N,8,687,0.0116448326055312,0,
3052026,BA.2_0.005_abundance_0.04,C21221T;T21235G;T21252A,ORF1b:A2585V;ORF1b:F2590V;ORF1b:N2595K,22,688,0.0319767441860465,0,
3052026,BA.2_0.005_abundance_0.04,C21816A;G21987A,S:P85Q;S:G142D,14,301,0.0465116279069767,41,B.1.617.2:2;AY.103:2;AY.127:1;AY.69:1;AY.46.6:1;AY.122:5;BA.1.15:1;AY.119:3;AY.33:1;AY.42:1;AY.29:7;BF.1:1;AY.4:1;AY.36:1;AY.44:1;AY.25:1;BA.4.6:1;AY.5.4:1;AY.4.2:1;BA.2:1;AY.39:1;BA.1:3;BQ.1:1;AY.43:1;BA.1.18:1
3052026,BA.2_0.005_abundance_0.04,G21920T;G21987A,S:V120F;S:G142D,105,301,0.3488372093023256,455,BF.10:2;BA.5.2.1:2;AY.44:323;BA.1.1.11:1;AY.4:16;B.1.617.2:4;BF.5:1;AY.109:3;AY.119:2;BA.5.1.10:10;AY.100:23;BA.5.2:7;AY.103:17;AY.57:1;AY.117:1;AY.4.2.2:5;BQ.1:1;AY.43:8;AY.4.2:6;BA.5:1;AY.42:1;AY.25:2;AY.122.6:2;AY.3:2;BA.1.1.7:1;AY.79:1;BA.5.1.3:1;BA.5.1:2;AY.84:1;AY.75:1;BE.1:1;AY.122:2;AY.4.5:1;BA.1:1;BA.2:2
3052026,BA.2_0.005_abundance_0.04,T22200A;G22289C,S:V213E;S:A243P,5,132,0.0378787878787878,1,BA.1.1:1
3052026,BA.2_0.005_abundance_0.04,T22200G;G22289C,S:V213G;S:A243P,14,132,0.106060606060606,2,BA.2.9:1;BA.5.5:1
3052026,BA.2_0.005_abundance_0.04,T22618C;A22623C;C22674T;T22679C;C22686T;A22688G;A22701G;G22775A;G22813T,S:A352A;S:N354T;S:S371F;S:S373P;S:S375F;S:T376A;S:Y380C;S:D405N;S:K417N,5,200,0.025,0,
3052026,BA.2_0.005_abundance_0.04,A22671G;C22674T;T22679C;C22686T;A22688G;A22701G;G22775A;G22813T,S:N370S;S:S371F;S:S373P;S:S375F;S:T376A;S:Y380C;S:D405N;S:K417N,6,200,0.03,0,
3052026,BA.2_0.005_abundance_0.04,C22674T;T22679C;C22686T;A22688G;A22701G;G22775A;G22813T,S:S371F;S:S373P;S:S375F;S:T376A;S:Y380C;S:D405N;S:K417N,108,200,0.54,4,BA.2:3;BA.2.3:1
3052026,BA.2_0.005_abundance_0.04,C22674T;T22679C;C22686T;A22688G;A22701G,S:S371F;S:S373P;S:S375F;S:T376A;S:Y380C,7,216,0.0324074074074074,4,BA.2:3;BA.2.3:1
3052026,BA.2_0.005_abundance_0.04,C22674T;T22679C;C22686T;A22688G;A22701G;C22716G;G22775A;G22813T,S:S371F;S:S373P;S:S375F;S:T376A;S:Y380C;S:T385S;S:D405N;S:K417N,11,200,0.055,0,
3052026,BA.2_0.005_abundance_0.04,G23210C;A23403G,S:G550R;S:D614G,187,5306,0.0352431209950998,0,
3052026,BA.2_0.005_abundance_0.04,A23403G;C23453A,S:D614G;S:P631T,4053,5274,0.7684869169510807,27,BA.5.1.23:1;B.1.617.2:1;B.1.1.7:3;B.1.2:1;BA.2.9:1;B.1:6;AY.25.1:1;AY.103:5;AY.4:1;BA.5.2:1;BA.1.1:3;BA.5.2.1:1;B.1.1:1;BA.1.17:1
3052026,BA.2_0.005_abundance_0.04,C23595A;T23599G;C23604A,S:T678N;S:N679K;S:P681H,6,11,0.5454545454545454,24,BA.1.1.15:1;BF.5:2;BA.1.20:1;BA.5.5:7;BA.2:5;BA.1.1:6;BQ.1.1:1;BA.1.19:1
3052026,BA.2_0.005_abundance_0.04,A24170T;T24218A;G24257T;A24424T,S:I870F;S:W886R;S:A899S;S:Q954H,5,246,0.0203252032520325,0,
3052026,BA.2_0.005_abundance_0.04,C24240G;A24424T,S:A893G;S:Q954H,55,246,0.2235772357723577,2,BA.2.3:1;BA.1:1
3052026,BA.2_0.005_abundance_0.04,C24771A;C25000T,S:A1070E;S:D1146D,229,406,0.5640394088669951,31,BF.21:1;BA.1.1:1;BA.5.2:6;BF.26:1;BA.5.2.1:5;BA.2.3:5;BA.1.1.1:1;BA.2:6;BA.1:1;BA.4.1:1;BU.3:1;BA.1.1.7:1;BE.2:1
3052026,BA.2_0.005_abundance_0.04,A25372T;C25584T,S:L1270F;ORF3a:T64T,80,2144,0.0373134328358208,5,BQ.1.1.13:1;BA.2:2;BA.5.2:1;BA.5:1
3052026,BA.2_0.005_abundance_0.04,A25438C;C25584T,ORF3a:K16Q;ORF3a:T64T,1350,2146,0.6290773532152842,27,BA.5.6:1;BA.2:10;BA.2.12.1:5;XBB.1:1;BA.5.2:3;BA.1.1:4;BA.5.9:1;BE.1.1:2
3052026,BA.2_0.005_abundance_0.04,A25438C;C25584T;G25599C,ORF3a:K16Q;ORF3a:T64T;ORF3a:W69C,328,2145,0.1529137529137529,0,
3052026,BA.2_0.005_abundance_0.04,C25584T;G25599C,ORF3a:T64T;ORF3a:W69C,68,2145,0.0317016317016317,48,BA.2:38;BA.1.1:1;BA.5.2:1;BA.1:2;BA.2.75:2;BA.1.15.1:1;BA.2.23:1;BA.5:1;BA.2.12.1:1
3052026,BA.2_0.005_abundance_0.04,G25954C;C25989A;C26060T,ORF3a:G188R;ORF3a:D199E;ORF3a:T223I,15,1021,0.0146914789422135,0,
3052026,BA.2_0.005_abundance_0.04,G25954C;C25989A;C26060T;C26270T,ORF3a:G188R;ORF3a:D199E;ORF3a:T223I;E:T9I,23,713,0.032258064516129,0,
3052026,BA.2_0.005_abundance_0.04,C26060T;A26162G;C26270T,ORF3a:T223I;ORF3a:N257S;E:T9I,11,713,0.0154277699859747,53,BA.4.6:2;BE.1.2:1;BA.2.9:6;BF.10:2;BF.27:1;BF.14:1;BA.5.2:17;BA.5.2.22:1;BA.5.2.21:1;BA.2:8;BF.5:1;BA.2.76:1;BA.5.1.10:1;BA.5:1;BA.4.7:1;BQ.1.23:2;BA.5.1.4:1;BA.2.13:1;BA.5.1:1;BA.2.10:2;BA.2.32:1
3052026,BA.2_0.005_abundance_0.04,C26060T;C26270T;G26284C,ORF3a:T223I;E:T9I;E:V14L,17,81,0.2098765432098765,4,BA.5.1:1;BA.2.75:1;BA.2:2
3052026,BA.2_0.005_abundance_0.04,C26060T;A26114G;C26270T;G26284C,ORF3a:T223I;ORF3a:E241G;E:T9I;E:V14L,5,81,0.0617283950617283,0,
3052026,BA.2_0.005_abundance_0.04,C26270T;G26284C,E:T9I;E:V14L,76,478,0.1589958158995816,5,BA.5.1:1;BA.2.75:1;BA.2:2;BA.1.17.2:1
3052026,BA.2_0.005_abundance_0.04,C26577G;C26611G;G26709A;C26858T,M:Q19E;M:T30R;M:A63T;M:F112F,797,3664,0.2175218340611353,2,BA.2:1;BA.2.12.1:1
3052026,BA.2_0.005_abundance_0.04,C26577G;A26578T;G26709A;C26858T,M:Q19E;M:Q19L;M:A63T;M:F112F,108,3664,0.029475982532751,0,
3052026,BA.2_0.005_abundance_0.04,C26577G;C26611G;G26709A,M:Q19E;M:T30R;M:A63T,127,4186,0.0303392259913999,3,BA.2.12.1:1;BA.2:1;BA.1.1:1
3052026,BA.2_0.005_abundance_0.04,A27983T;A28095C,ORF8:P30P;ORF8:K68Q,32,951,0.0336487907465825,0,
3052026,BA.2_0.005_abundance_0.04,T28151A;A28222G;T28251A;C28311T;C28331G;G28373C,ORF8:F86L;ORF8:E110G;ORF8:F120I;N:P13L;N:P20A;N:G34R,59,1683,0.0350564468211527,0,
3052026,BA.2_0.005_abundance_0.04,A28274C;C28311T;G28373C,N:MX;N:P13L;N:G34R,279,1683,0.1657754010695187,0,
3052026,BA.2_0.005_abundance_0.04,A28274C;C28311T,N:MX;N:P13L,112,1780,0.0629213483146067,0,
3052026,BA.2_0.005_abundance_0.04,C28311T;G28373C,N:P13L;N:G34R,954,1683,0.5668449197860963,10,C.37.1:1;BA.2:4;BA.2.3.15:1;BA.1.1:1;BA.1.1.1:1;BA.2.9:2
3052026,BA.2_0.005_abundance_0.04,G29427T;A29510T,N:R385I;N:S413C,13,222,0.0585585585585585,0,
