Date,Site,Nt Mutations,AA Mutations,Support DP,Total DP,Combined Freq,Overall Occurrence,Lineage Occurrence
1012026,BA.2_0.03_abundance_0.15,A406T;T670G,ORF1a:K47N;ORF1a:S135R,662,2798,0.2365975696926376,206,BA.5.1.30:6;BA.5.2:180;BA.5.2.21:1;BA.5.1:7;BA.2:9;BA.5.2.28:1;BA.5.2.22:1;BE.1.3:1
1012026,BA.2_0.03_abundance_0.15,T670G;A761C,ORF1a:S135R;ORF1a:S166R,22,149,0.1476510067114094,15,BA.2:15
1012026,BA.2_0.03_abundance_0.15,T6274G;C6406T,ORF1a:Y2003*;ORF1a:V2047V,38,993,0.0382678751258811,0,
1012026,BA.2_0.03_abundance_0.15,G8039A;T8156C,ORF1a:D2592N;ORF1a:S2631P,58,961,0.060353798126951,0,
1012026,BA.2_0.03_abundance_0.15,C9344T;C9384G;A9424G;C9534T,ORF1a:L3027F;ORF1a:A3040G;ORF1a:V3053V;ORF1a:T3090I,5,72,0.0694444444444444,1,BF.26:1
1012026,BA.2_0.03_abundance_0.15,T10803G;T10881G,ORF1a:L3513R;ORF1a:M3539R,38,567,0.0670194003527336,0,
1012026,BA.2_0.03_abundance_0.15,T11542A;C11564G,ORF1a:V3759V;ORF1a:P3767A,391,1887,0.2072072072072072,0,
1012026,BA.2_0.03_abundance_0.15,T11542A;T11587A,ORF1a:V3759V;ORF1a:N3774K,47,1887,0.0249072602013778,0,
1012026,BA.2_0.03_abundance_0.15,T11542A;C11564G;T11587A,ORF1a:V3759V;ORF1a:P3767A;ORF1a:N3774K,56,1887,0.0296767355590885,0,
1012026,BA.2_0.03_abundance_0.15,C11564G;T11587A,ORF1a:P3767A;ORF1a:N3774K,38,1887,0.0201377848436671,0,
1012026,BA.2_0.03_abundance_0.15,T11587A;T11672C,ORF1a:N3774K;ORF1a:Y3803H,8,150,0.0533333333333333,0,
1012026,BA.2_0.03_abundance_0.15,A12878T;C12880T,ORF1a:I4205F;ORF1a:I4205I,474,1673,0.28332337118948,2,BA.1.15:1;BA.1.1:1
1012026,BA.2_0.03_abundance_0.15,A12878T;C12880T;T12957A,ORF1a:I4205F;ORF1a:I4205I;ORF1a:I4231N,56,1576,0.0355329949238578,0,
1012026,BA.2_0.03_abundance_0.15,C12880T;T12957A,ORF1a:I4205I;ORF1a:I4231N,102,1576,0.0647208121827411,0,
1012026,BA.2_0.03_abundance_0.15,T14814A;T14859C,ORF1b:Y449*;ORF1b:V464V,9,389,0.0231362467866323,0,
1012026,BA.2_0.03_abundance_0.15,C15714T;A15808G,ORF1b:L749L;ORF1b:N781D,178,1356,0.131268436578171,0,
1012026,BA.2_0.03_abundance_0.15,G15878A;C15989A,ORF1b:C804Y;ORF1b:T841K,14,1000,0.014,0,
1012026,BA.2_0.03_abundance_0.15,C16423T;G16435A,ORF1b:L986F;ORF1b:G990S,60,2417,0.0248241621845262,0,
1012026,BA.2_0.03_abundance_0.15,A17311C;C17410T,ORF1b:T1282P;ORF1b:R1315C,486,2111,0.2302226432970156,0,
1012026,BA.2_0.03_abundance_0.15,C18118A;A18163G,ORF1b:L1551I;ORF1b:I1566V,452,542,0.8339483394833949,234,BA.5.1.16:1;BA.2.12.1:1;BQ.1.1.1:1;BA.2:56;BA.5.1.23:25;BQ.1.1.18:13;BA.1.1.2:16;BA.1.1.18:7;BA.1.1:10;BQ.1:6;BA.1.17:1;BA.5.2:4;BQ.1.1:66;BA.2.75:1;BA.1.20:3;BQ.1.1.17:1;BA.1:2;BA.2.9:2;XBB.1:1;BQ.1.1.24:5;BA.5.1.12:1;BA.2.1:1;BA.4.1:2;BA.2.3.15:1;BA.5.2.1:3;BA.4.1.1:1;BA.5.1:1;BA.2.79.1:1;BQ.1.1.19:1
1012026,BA.2_0.03_abundance_0.15,A18410T;G18466C,ORF1b:Y1648F;ORF1b:G1667R,17,665,0.025563909774436,0,
1012026,BA.2_0.03_abundance_0.15,G18466C;T18514C,ORF1b:G1667R;ORF1b:W1683R,9,631,0.0142630744849445,0,
1012026,BA.2_0.03_abundance_0.15,T21458A;C21618T,ORF1b:I2664N;S:T19I,204,592,0.3445945945945945,0,
1012026,BA.2_0.03_abundance_0.15,T21458A;T21598G;C21618T,ORF1b:I2664N;S:S12S;S:T19I,144,592,0.2432432432432432,0,
1012026,BA.2_0.03_abundance_0.15,T21458A;T21598G,ORF1b:I2664N;S:S12S,16,633,0.0252764612954186,0,
1012026,BA.2_0.03_abundance_0.15,T21598G;C21618T,S:S12S;S:T19I,112,592,0.1891891891891892,1,BA.2.9:1
1012026,BA.2_0.03_abundance_0.15,C21727T;T21925G;G21987A,S:F55F;S:N121K;S:G142D,19,977,0.0194472876151484,0,
1012026,BA.2_0.03_abundance_0.15,T21925G;G21987A,S:N121K;S:G142D,84,977,0.0859774820880245,0,
1012026,BA.2_0.03_abundance_0.15,C23361A;A23403G,S:P600Q;S:D614G,166,1192,0.1392617449664429,3,BA.1.17.2:1;BA.4.6:2
1012026,BA.2_0.03_abundance_0.15,C23361A;A23403G;G23441T,S:P600Q;S:D614G;S:D627Y,155,1192,0.1300335570469798,0,
1012026,BA.2_0.03_abundance_0.15,A23403G;G23441T,S:D614G;S:D627Y,425,1192,0.3565436241610738,321,AY.46.5:20;BA.5.1:10;AY.54:6;AY.43:10;BA.2.75:7;AY.4:33;AY.25.1:6;AY.103:10;B.1.1.7:75;B.1.617.2:3;BA.5.2.9:1;B.1.160:4;BA.2:5;BA.5.2:10;B.1.1:1;P.1:3;AY.120:1;BQ.1.1.18:3;AY.25:17;BA.1:2;AY.114:1;B.1.177.43:1;P.1.17:3;AY.122:9;BA.2.10.1:1;B.1.433:3;AY.98:7;BA.1.20:1;AY.44:3;BA.1.1:3;AY.33:4;BA.2.3.1:1;AY.119:1;AY.29:3;AY.122.1:1;AY.124:2;BA.2.9:2;AY.42:2;BQ.1.1:7;AY.7:1;AY.4.10:1;AY.119.2:1;AY.4.2:2;BA.2.75.5:1;BA.2.38:1;AY.117:2;AY.3:4;BA.2.12.1:1;AY.118:1;BE.3:1;P.1.4:3;AY.100:6;AY.126:2;B.1.3:1;AY.99.2:1;BE.1.1:2;AY.20:1;BE.4.1:1;BF.1:1;BA.5.3.1:1;AY.122.2:1;P.1.16:1;AY.5:1;AY.112:1
1012026,BA.2_0.03_abundance_0.15,T23599G;C23604A;A23756T,S:N679K;S:P681H;S:T732S,13,157,0.0828025477707006,14,BA.2:4;BA.1.1:3;BA.5.2:1;BA.5.1.10:2;BA.1:2;BA.1.1.18:1;BA.4.1:1
1012026,BA.2_0.03_abundance_0.15,A23931G;G23948T;T24108C,S:K790R;S:D796Y;S:L849P,15,300,0.05,0,
1012026,BA.2_0.03_abundance_0.15,G23948T;T24108C,S:D796Y;S:L849P,99,300,0.33,3,B.1.617.2:1;BA.4.1:1;BA.1.1:1
1012026,BA.2_0.03_abundance_0.15,T24108C;A24424T,S:L849P;S:Q954H,39,147,0.2653061224489796,2,BA.4.1:1;BA.1.1:1
1012026,BA.2_0.03_abundance_0.15,T24108C;T24185G;A24424T,S:L849P;S:S875A;S:Q954H,13,147,0.0884353741496598,1,BA.1.1:1
1012026,BA.2_0.03_abundance_0.15,T24108C;T24185G,S:L849P;S:S875A,9,230,0.0391304347826087,1,BA.1.1:1
1012026,BA.2_0.03_abundance_0.15,T24185G;A24424T,S:S875A;S:Q954H,235,1021,0.2301665034280117,87,BA.2:38;BA.2.3:11;BA.1.1:9;BA.2.75.3:1;BF.8:18;BA.1:1;BA.2.12.1:1;XG:1;BA.1.17.2:4;BN.1.1:1;BA.2.9:1;BA.1.1.14:1
1012026,BA.2_0.03_abundance_0.15,A24879G;C25000T,S:Q1106R;S:D1146D,406,1757,0.2310756972111553,5,BA.2:3;BA.5.2.26:1;BA.2.9:1
1012026,BA.2_0.03_abundance_0.15,T25554G;C25584T;A25594T,ORF3a:A54A;ORF3a:T64T;ORF3a:R68*,105,1352,0.0776627218934911,0,
1012026,BA.2_0.03_abundance_0.15,T25554G;C25584T,ORF3a:A54A;ORF3a:T64T,66,1352,0.0488165680473372,6,BA.1.15:2;BA.2.38.1:1;BA.2.10:1;BA.2:2
1012026,BA.2_0.03_abundance_0.15,C25584T;A25594T,ORF3a:T64T;ORF3a:R68*,757,1352,0.5599112426035503,4,BA.1.1:1;BA.2:2;BA.2.3:1
1012026,BA.2_0.03_abundance_0.15,C26577G;A26646T;G26709A;C26845T;C26858T,M:Q19E;M:R42W;M:A63T;M:S108F;M:F112F,348,2111,0.1648507816200852,0,
1012026,BA.2_0.03_abundance_0.15,C26577G;A26646T;G26709A;C26845T;C26858T;C26882T,M:Q19E;M:R42W;M:A63T;M:S108F;M:F112F;M:L120L,12,200,0.06,0,
1012026,BA.2_0.03_abundance_0.15,C26577G;A26646T;G26709A,M:Q19E;M:R42W;M:A63T,74,2382,0.0310663308144416,3,BA.4.1:1;BA.2.12.1:1;BA.2:1
1012026,BA.2_0.03_abundance_0.15,C26577G;G26709A;C26845T;C26858T,M:Q19E;M:A63T;M:S108F;M:F112F,657,2111,0.3112269066792989,0,
1012026,BA.2_0.03_abundance_0.15,C26577G;A26646T;G26709A;C26858T,M:Q19E;M:R42W;M:A63T;M:F112F,311,2111,0.1473235433443865,3,BA.4.1:1;BA.2.12.1:1;BA.2:1
1012026,BA.2_0.03_abundance_0.15,C26577G;G26709A;C26845T,M:Q19E;M:A63T;M:S108F,38,2224,0.0170863309352518,0,
1012026,BA.2_0.03_abundance_0.15,C26577G;G26660A;G26709A;C26845T;C26858T,M:Q19E;M:L46L;M:A63T;M:S108F;M:F112F,43,2111,0.0203694931312174,0,
1012026,BA.2_0.03_abundance_0.15,C26577G;G26660A;G26709A;C26858T,M:Q19E;M:L46L;M:A63T;M:F112F,37,2111,0.0175272382756987,32,BA.2:24;BA.2.75:2;BA.2.9:1;BA.4.1:1;BR.1.2:1;BA.4.1.1:1;BA.2.3.16:1;BA.2.12.1:1
1012026,BA.2_0.03_abundance_0.15,C26577G;G26709A;C26845T;C26858T;C26882T,M:Q19E;M:A63T;M:S108F;M:F112F;M:L120L,24,200,0.12,0,
1012026,BA.2_0.03_abundance_0.15,C26577G;A26646T;G26709A;C26858T;C26882T,M:Q19E;M:R42W;M:A63T;M:F112F;M:L120L,10,200,0.05,0,
1012026,BA.2_0.03_abundance_0.15,C26882T;T26897C,M:L120L;M:H125H,33,365,0.0904109589041095,0,
1012026,BA.2_0.03_abundance_0.15,C29048A;A29172T,N:R259R;N:H300L,65,2025,0.0320987654320987,0,
1012026,BA.2_0.03_abundance_0.15,C29048A;C29118A,N:R259R;N:T282N,64,2025,0.0316049382716049,0,
1012026,BA.2_0.03_abundance_0.15,C29048A;A29069G,N:R259R;N:K266E,73,2025,0.0360493827160493,0,
1082026,BA.2_0.03_abundance_0.15,C308A;T327G,ORF1a:Q15K;ORF1a:L21*,35,1452,0.0241046831955922,0,
1082026,BA.2_0.03_abundance_0.15,T670G;T725G,ORF1a:S135R;ORF1a:Y154D,15,147,0.1020408163265306,0,
1082026,BA.2_0.03_abundance_0.15,T670G;T725G;T838C,ORF1a:S135R;ORF1a:Y154D;ORF1a:C191C,14,147,0.0952380952380952,0,
1082026,BA.2_0.03_abundance_0.15,T725G;T838C,ORF1a:Y154D;ORF1a:C191C,137,1533,0.0893672537508153,0,
1082026,BA.2_0.03_abundance_0.15,T838C;C841G,ORF1a:C191C;ORF1a:G192G,22,1534,0.014341590612777,0,
1082026,BA.2_0.03_abundance_0.15,A1080C;A1219G,ORF1a:N272T;ORF1a:S318S,146,2964,0.0492577597840755,0,
1082026,BA.2_0.03_abundance_0.15,A1080C;A1193C,ORF1a:N272T;ORF1a:N310H,81,2964,0.027327935222672,0,
1082026,BA.2_0.03_abundance_0.15,A1193C;A1219G,ORF1a:N310H;ORF1a:S318S,62,2964,0.0209176788124156,0,
1082026,BA.2_0.03_abundance_0.15,T3203G;T3300C,ORF1a:L980V;ORF1a:L1012S,5,454,0.0110132158590308,0,
1082026,BA.2_0.03_abundance_0.15,A3224C;T3300C,ORF1a:T987P;ORF1a:L1012S,15,454,0.0330396475770925,0,
1082026,BA.2_0.03_abundance_0.15,A3224C;T3359C,ORF1a:T987P;ORF1a:L1032L,5,454,0.0110132158590308,0,
1082026,BA.2_0.03_abundance_0.15,T3300C;T3359C,ORF1a:L1012S;ORF1a:L1032L,30,456,0.0657894736842105,0,
1082026,BA.2_0.03_abundance_0.15,G4133T;A4141T;G4184A,ORF1a:V1290F;ORF1a:Q1292H;ORF1a:G1307S,117,533,0.2195121951219512,0,
1082026,BA.2_0.03_abundance_0.15,G4133T;G4184A,ORF1a:V1290F;ORF1a:G1307S,163,533,0.3058161350844278,6,BA.2:4;BA.5.2:1;BA.2.9:1
1082026,BA.2_0.03_abundance_0.15,A4141T;G4184A,ORF1a:Q1292H;ORF1a:G1307S,113,533,0.2120075046904315,15,BA.5.5:5;BQ.1.1.19:1;BA.5.2.1:1;BA.2.76:2;BA.2:4;BE.3:2
1082026,BA.2_0.03_abundance_0.15,C5090A;C5221G,ORF1a:P1609T;ORF1a:H1652Q,82,2113,0.0388073828679602,0,
1082026,BA.2_0.03_abundance_0.15,C9534T;T9537G,ORF1a:T3090I;ORF1a:V3091G,52,2067,0.0251572327044025,1,BA.2:1
1082026,BA.2_0.03_abundance_0.15,C10029T;A9883T,ORF1a:T3255I;ORF1a:R3206S,12,92,0.1304347826086956,1,BA.2:1
1082026,BA.2_0.03_abundance_0.15,C10029T;C9979A,ORF1a:T3255I;ORF1a:L3238L,8,92,0.0869565217391304,96,BA.4.7:8;BA.1:2;AY.102:1;BA.5.2:2;BA.2:29;BA.1.17:2;BA.1.1:15;AY.44:1;BA.1.15.1:1;BA.4.4:1;BA.5.2.28:1;BA.5.1.22:3;BA.2.76:3;AY.20:4;AY.4.2:1;BA.2.9:5;AY.3.1:1;BA.1.16:3;BA.1.20:1;BA.5.1:2;BA.1.15:2;BA.2.75:1;BA.1.1.15:2;BA.1.1.1:1;BF.7.4:1;BA.5.2.1:1;B.1.617.2:1;BQ.1.8.2:1
1082026,BA.2_0.03_abundance_0.15,A10435T;C10449A,ORF1a:Q3390H;ORF1a:P3395H,39,71,0.5492957746478874,1,BA.1.1:1
1082026,BA.2_0.03_abundance_0.15,A10435T;C10449A;G10610T,ORF1a:Q3390H;ORF1a:P3395H;ORF1a:V3449F,26,70,0.3714285714285714,0,
1082026,BA.2_0.03_abundance_0.15,G11797A;T11907C,ORF1a:L3844L;ORF1a:V3881A,9,328,0.0274390243902439,0,
1082026,BA.2_0.03_abundance_0.15,T11907C;A12042G,ORF1a:V3881A;ORF1a:D3926G,43,2144,0.0200559701492537,0,
1082026,BA.2_0.03_abundance_0.15,T11920C;A12042G,ORF1a:S3885S;ORF1a:D3926G,22,2170,0.0101382488479262,0,
1082026,BA.2_0.03_abundance_0.15,A12042G;G12167A,ORF1a:D3926G;ORF1a:V3968I,321,2013,0.1594634873323397,0,
1082026,BA.2_0.03_abundance_0.15,G12167A;G12322A,ORF1a:V3968I;ORF1a:E4019E,39,218,0.1788990825688073,0,
1082026,BA.2_0.03_abundance_0.15,C12880T;C12897G,ORF1a:I4205I;ORF1a:P4211R,56,2585,0.0216634429400386,0,
1082026,BA.2_0.03_abundance_0.15,T14379G;T14394G;C14408T,ORF1b:F304L;ORF1b:S309S;ORF1b:P314L,310,2127,0.1457451810061119,0,
1082026,BA.2_0.03_abundance_0.15,T14379G;C14408T,ORF1b:F304L;ORF1b:P314L,70,2127,0.0329102021626704,2,BA.5.2:2
1082026,BA.2_0.03_abundance_0.15,T14394G;C14408T,ORF1b:S309S;ORF1b:P314L,1419,2127,0.6671368124118476,25,BA.1.15:1;BA.4.6.5:14;BA.1.1:3;AY.9:1;BA.5.5:1;AY.47:2;AY.119.2:1;B.1.1.7:1;B.1.497:1
1082026,BA.2_0.03_abundance_0.15,C15714T;G15844C,ORF1b:L749L;ORF1b:E793Q,482,2532,0.1903633491311216,3,BA.2.3:3
1082026,BA.2_0.03_abundance_0.15,A16202G;C16222G,ORF1b:Y912C;ORF1b:H919D,78,725,0.1075862068965517,0,
1082026,BA.2_0.03_abundance_0.15,A16202G;C16222G;A16296G,ORF1b:Y912C;ORF1b:H919D;ORF1b:I943M,11,725,0.0151724137931034,0,
1082026,BA.2_0.03_abundance_0.15,C16222G;A16296G,ORF1b:H919D;ORF1b:I943M,24,725,0.033103448275862,0,
1082026,BA.2_0.03_abundance_0.15,C16222G;T16276A,ORF1b:H919D;ORF1b:L937I,11,725,0.0151724137931034,0,
1082026,BA.2_0.03_abundance_0.15,A17357C;C17410T,ORF1b:D1297A;ORF1b:R1315C,378,1819,0.2078064870808136,0,
1082026,BA.2_0.03_abundance_0.15,C17410T;T17660A,ORF1b:R1315C;ORF1b:F1398Y,27,392,0.0688775510204081,1,BA.5.1:1
1082026,BA.2_0.03_abundance_0.15,A18163G;G18315T,ORF1b:I1566V;ORF1b:E1616D,26,84,0.3095238095238095,0,
1082026,BA.2_0.03_abundance_0.15,A18163G;C18171T;G18315T,ORF1b:I1566V;ORF1b:G1568G;ORF1b:E1616D,6,84,0.0714285714285714,0,
1082026,BA.2_0.03_abundance_0.15,G18315T;T18357A,ORF1b:E1616D;ORF1b:P1630P,9,649,0.0138674884437596,0,
1082026,BA.2_0.03_abundance_0.15,A18735G;A18812G,ORF1b:G1756G;ORF1b:D1782G,72,3527,0.0204139495321803,0,
1082026,BA.2_0.03_abundance_0.15,A18735G;T18738C,ORF1b:G1756G;ORF1b:F1757F,76,3527,0.0215480578395236,0,
1082026,BA.2_0.03_abundance_0.15,T19004C;T19107A,ORF1b:L1846S;ORF1b:C1880*,11,266,0.0413533834586466,0,
1082026,BA.2_0.03_abundance_0.15,T22200G;A22252G,S:V213G;S:P230P,929,1183,0.7852916314454776,55,BA.2.12.1:1;BA.2.9:7;BA.5.2.1:7;BA.5.1:2;BA.2.12.2:1;BE.1.1:26;BA.5.2.19:1;BA.5.5:1;BA.2:4;BA.5:1;BA.4.1:1;BA.2.62:1;BA.5.2:1;BA.2.10:1
1082026,BA.2_0.03_abundance_0.15,T23599G;C23604A;T23680G,S:N679K;S:P681H;S:A706A,5,13,0.3846153846153846,17,BA.1.17.2:8;BA.1.1:3;BA.2:1;BA.2.3:2;BA.5.9:1;BE.1.1:1;BA.1.1.1:1
1082026,BA.2_0.03_abundance_0.15,C24258G;A24424T,S:A899G;S:Q954H,73,517,0.1411992263056092,1,BA.2:1
1082026,BA.2_0.03_abundance_0.15,A24900C;C25000T,S:Q1113P;S:D1146D,56,1086,0.0515653775322283,1,BA.2:1
1082026,BA.2_0.03_abundance_0.15,G25444A;T25547A;C25584T;A25637G,ORF3a:G18S;ORF3a:L52H;ORF3a:T64T;ORF3a:N82S,35,483,0.072463768115942,0,
1082026,BA.2_0.03_abundance_0.15,G25444A;C25584T,ORF3a:G18S;ORF3a:T64T,924,2249,0.4108492663405958,415,BA.1:6;BA.2.12.1:6;BA.1.17.2:104;BA.2.75:16;BA.2:33;BA.1.1.18:2;BA.1.1.2:4;BF.5:5;BA.5.1.5:1;BA.1.1:44;BA.2.75.4:1;BA.5.2:8;BE.1.1:4;BA.5.1.22:10;BA.1.15.1:7;BA.5.2.23:15;BA.1.17:1;BA.4.5:1;BA.2.10.2:1;BN.1.5:6;BA.1.15:31;BA.2.3.11:45;BA.5.3.1:4;BA.5.2.1:4;BA.5.2.20:11;BA.5.2.6:11;BA.5.5:3;BA.5.6:4;BA.5.1:2;BA.2.3:4;BG.5:1;CL.1:1;BA.1.1.14:1;BQ.1.1:2;BF.27:2;BA.4.1.8:2;BA.2.33:1;BF.10:4;BA.2.1:2;BE.9:1;BA.1.18:1;BA.1.1.10:1;BF.1:1;BA.4:1
1082026,BA.2_0.03_abundance_0.15,G25444A;C25584T;A25637G,ORF3a:G18S;ORF3a:T64T;ORF3a:N82S,184,483,0.3809523809523809,0,
1082026,BA.2_0.03_abundance_0.15,G25444A;T25547A;C25584T,ORF3a:G18S;ORF3a:L52H;ORF3a:T64T,170,2249,0.0755891507336594,0,
1082026,BA.2_0.03_abundance_0.15,T25547A;C25584T,ORF3a:L52H;ORF3a:T64T,134,2249,0.0595820364606491,21,BA.2:12;BA.5.2.1:2;BA.1.1:3;BA.1:2;BA.1.15:1;BA.5.5:1
1082026,BA.2_0.03_abundance_0.15,T25547A;C25584T;A25637G,ORF3a:L52H;ORF3a:T64T;ORF3a:N82S,17,483,0.0351966873706004,0,
1082026,BA.2_0.03_abundance_0.15,C25584T;A25637G,ORF3a:T64T;ORF3a:N82S,119,483,0.2463768115942029,94,BA.5.1.30:4;BA.4.6.5:1;BF.7:25;BA.1.1:36;BA.5.2.1:4;BA.1.18:4;BA.2.75:1;BA.5.2:2;BA.1:4;BA.2.12.1:3;BA.2:4;BA.5.2.20:1;BA.5.1.12:1;BA.1.1.16:1;BQ.1.1.19:1;BA.5.1:1;BA.2.3:1
1082026,BA.2_0.03_abundance_0.15,C26270T;G26361A,E:T9I;E:L39L,23,413,0.0556900726392251,691,BA.2.9.3:1;BA.2.36:1;BA.1:6;BA.2.12.1:8;BF.10:2;BA.2.18:2;BA.5:10;BA.2:332;BA.5.1:115;BA.2.9:23;BA.4.4:1;BA.5.2:33;BA.4.1:7;BA.1.1:15;BA.2.38:2;BA.2.3:6;BE.1:1;BA.5.1.10:3;BA.5.1.23:4;BA.5.1.22:5;BA.2.35:1;BA.2.12:2;BA.2.10.1:1;BA.4:3;BA.4.2:2;BA.2.9.4:1;BA.2.6:4;BA.1.15:1;BE.1.1:2;BA.5.8:5;BA.5.1.5:1;BA.5.2.1:34;BF.5:3;BA.5.1.17:2;BA.5.9:1;BA.5.2.2:7;BA.5.1.1:1;BA.5.6:2;BA.5.3.2:1;BA.5.1.3:4;BA.5.1.21:1;BA.1.1.1:9;BA.5.1.24:2;BA.2.49:1;BA.2.73:2;BA.4.6:1;BA.5.5:3;BA.5.2.9:2;BA.1.14.1:7;BA.4.1.8:1;BA.5.2.21:1;BF.7:1;BE.3:1;BA.5.1.6:2;XAZ:1;CL.1:1
1082026,BA.2_0.03_abundance_0.15,C26577G;G26709A;G26797C;C26858T,M:Q19E;M:A63T;M:W92S;M:F112F,47,1584,0.0296717171717171,0,
1082026,BA.2_0.03_abundance_0.15,T27251C;A27259C;G27382C;A27383T;T27384C,ORF6:I17T;ORF6:R20R;ORF6:D61H;ORF6:D61V;ORF6:D61D,37,1287,0.0287490287490287,33,BA.4.6:4;BA.2:28;BA.2.10:1
1082026,BA.2_0.03_abundance_0.15,C28751G;T28861G;G28881A;G28882A;G28883C,N:Q160E;N:N196K;N:R203K;N:R203R;N:G204R,51,712,0.071629213483146,0,
1082026,BA.2_0.03_abundance_0.15,C28751G;G28881A;G28882A;G28883C,N:Q160E;N:R203K;N:R203R;N:G204R,118,712,0.1657303370786516,1,BA.5.1.1:1
1082026,BA.2_0.03_abundance_0.15,C28751G;G28881A;G28882A;G28883C;A28886C,N:Q160E;N:R203K;N:R203R;N:G204R;N:T205P,39,712,0.0547752808988764,0,
1082026,BA.2_0.03_abundance_0.15,C28751G;T28861G;G28881A;G28882A;G28883C;A28886C,N:Q160E;N:N196K;N:R203K;N:R203R;N:G204R;N:T205P,12,712,0.0168539325842696,0,
1082026,BA.2_0.03_abundance_0.15,C28751G;G28881A;G28882A;G28883C;A28910C,N:Q160E;N:R203K;N:R203R;N:G204R;N:N213H,8,712,0.0112359550561797,0,
1082026,BA.2_0.03_abundance_0.15,T28861G;G28881A;G28882A;G28883C;A28886C,N:N196K;N:R203K;N:R203R;N:G204R;N:T205P,26,712,0.0365168539325842,0,
1082026,BA.2_0.03_abundance_0.15,T28861G;G28881A;G28882A;G28883C,N:N196K;N:R203K;N:R203R;N:G204R,98,712,0.1376404494382022,51,BA.1:5;BG.2:1;BQ.1.20:1;BA.2.48:1;BA.5.2:32;BA.4:1;BA.1.1:1;BA.2:5;BA.2.10:1;BQ.1.10:1;BA.4.6:2
1082026,BA.2_0.03_abundance_0.15,G28881A;G28882A;G28883C;A28886C,N:R203K;N:R203R;N:G204R;N:T205P,62,712,0.0870786516853932,204,BA.2:174;BA.1.1:7;BA.2.56:10;BA.2.9:9;BA.5.2:2;BA.1.15:1;BQ.1.1.4:1
1082026,BA.2_0.03_abundance_0.15,G28881A;G28882A;G28883C;A28910C,N:R203K;N:R203R;N:G204R;N:N213H,18,712,0.0252808988764044,12,B.1.1:8;BQ.1.1:1;BA.5.2.13:1;BA.1.15.1:2
1082026,BA.2_0.03_abundance_0.15,A29407G;A29510C,N:E378E;N:S413R,288,1048,0.2748091603053435,148,DJ.1.1:1;BA.2:23;BA.2.75:8;BA.5.2.1:26;BA.2.10:54;BA.5.1.23:5;BA.2.12.1:3;BA.2.3.2:1;XBB.2:5;BF.5:2;BA.2.7:1;BA.2.14:1;BA.5.2:5;BA.5.1.10:1;BA.5:1;BA.5.5:5;CH.1.1:1;BQ.1.1.13:1;BA.5.1.3:1;BQ.1.1.2:2;BA.2.3:1
1152026,BA.2_0.03_abundance_0.15,T670G;C958A,ORF1a:S135R;ORF1a:C231*,87,315,0.2761904761904762,2,BA.5.2.1:2
1152026,BA.2_0.03_abundance_0.15,G3573A;G3701A,ORF1a:C1103Y;ORF1a:A1146T,125,2951,0.0423585225347339,2,B.1.1.7:1;P.1.7:1
1152026,BA.2_0.03_abundance_0.15,G3701A;T3707G,ORF1a:A1146T;ORF1a:L1148V,53,2761,0.0191959434987323,0,
1152026,BA.2_0.03_abundance_0.15,T7136C;C7299G,ORF1a:C2291R;ORF1a:A2345G,16,272,0.0588235294117647,0,
1152026,BA.2_0.03_abundance_0.15,T7136C;T7237C,ORF1a:C2291R;ORF1a:V2324V,5,289,0.0173010380622837,0,
1152026,BA.2_0.03_abundance_0.15,T7237C;C7299G,ORF1a:V2324V;ORF1a:A2345G,10,272,0.0367647058823529,0,
1152026,BA.2_0.03_abundance_0.15,C9344T;A9351T;A9424G;C9534T,ORF1a:L3027F;ORF1a:N3029I;ORF1a:V3053V;ORF1a:T3090I,61,191,0.3193717277486911,0,
1152026,BA.2_0.03_abundance_0.15,C9344T;A9424G;A9428G;C9534T,ORF1a:L3027F;ORF1a:V3053V;ORF1a:I3055V;ORF1a:T3090I,15,191,0.0785340314136125,246,BA.5.1:33;BA.2:18;BA.5.2:11;BA.5.2.23:1;BA.2.9:6;BA.5.2.1:138;BA.5.2.21:1;BA.2.78:5;BF.21:7;BA.4:2;XAZ:1;BA.5.1.1:1;BA.2.75:4;BE.3:1;BA.4.1.1:1;BA.2.10:1;BA.2.12.1:3;BQ.1.1.22:1;BA.5:1;BA.5.2.20:1;BF.27:2;BA.2.3.2:1;BA.4.1:1;BF.5:1;BE.1.4:1;BA.2.48:1;BA.2.3.7:1;BA.2.3:1
1152026,BA.2_0.03_abundance_0.15,C9344T;A9351T;A9424G;A9428G;C9534T,ORF1a:L3027F;ORF1a:N3029I;ORF1a:V3053V;ORF1a:I3055V;ORF1a:T3090I,5,191,0.0261780104712041,0,
1152026,BA.2_0.03_abundance_0.15,C9344T;A9351T;A9424G,ORF1a:L3027F;ORF1a:N3029I;ORF1a:V3053V,8,218,0.036697247706422,0,
1152026,BA.2_0.03_abundance_0.15,C9344T;A9424G;A9428G,ORF1a:L3027F;ORF1a:V3053V;ORF1a:I3055V,5,218,0.0229357798165137,248,BA.5.1:33;BA.2:19;BA.5.2:11;BA.5.2.23:1;BA.2.9:7;BA.5.2.1:138;BA.5.2.21:1;BA.2.78:5;BF.21:7;BA.4:2;XAZ:1;BA.5.1.1:1;BA.2.75:4;BE.3:1;BA.4.1.1:1;BA.2.10:1;BA.2.12.1:3;BQ.1.1.22:1;BA.5:1;BA.5.2.20:1;BF.27:2;BA.2.3.2:1;BA.4.1:1;BF.5:1;BE.1.4:1;BA.2.48:1;BA.2.3.7:1;BA.2.3:1
1152026,BA.2_0.03_abundance_0.15,C10029T;A9899G,ORF1a:T3255I;ORF1a:N3212D,12,165,0.0727272727272727,2,BA.2:1;BA.1:1
1152026,BA.2_0.03_abundance_0.15,C10029T;A9899G;C9996T,ORF1a:T3255I;ORF1a:N3212D;ORF1a:S3244L,14,165,0.0848484848484848,0,
1152026,BA.2_0.03_abundance_0.15,A9899G;C9996T,ORF1a:N3212D;ORF1a:S3244L,5,185,0.027027027027027,0,
1152026,BA.2_0.03_abundance_0.15,T10426A;T10717G,ORF1a:G3387G;ORF1a:N3484K,10,365,0.0273972602739726,0,
1152026,BA.2_0.03_abundance_0.15,A11395G;T11409C,ORF1a:T3710T;ORF1a:L3715S,18,1387,0.0129776496034607,0,
1152026,BA.2_0.03_abundance_0.15,T11409C;T11485A,ORF1a:L3715S;ORF1a:V3740V,14,1387,0.0100937274693583,0,
1152026,BA.2_0.03_abundance_0.15,C11882G;T11885A,ORF1a:L3873V;ORF1a:S3874T,17,690,0.0246376811594202,0,
1152026,BA.2_0.03_abundance_0.15,G12565A;C12641A,ORF1a:Q4100Q;ORF1a:L4126I,38,1328,0.0286144578313253,0,
1152026,BA.2_0.03_abundance_0.15,G12565A;C12747T,ORF1a:Q4100Q;ORF1a:T4161I,12,1176,0.010204081632653,0,
1152026,BA.2_0.03_abundance_0.15,G13397C;G13448A,ORF1a:G4378R;ORF1a:D4395N,22,151,0.1456953642384106,0,
1152026,BA.2_0.03_abundance_0.15,G13397C;C13424T;G13448A,ORF1a:G4378R;ORF1a:R4387C;ORF1a:D4395N,7,151,0.0463576158940397,0,
1152026,BA.2_0.03_abundance_0.15,C13424T;G13448A,ORF1a:R4387C;ORF1a:D4395N,19,151,0.1258278145695364,0,
1152026,BA.2_0.03_abundance_0.15,G13448A;T13575A,ORF1a:D4395N;ORF1b:F36L,7,143,0.0489510489510489,0,
1152026,BA.2_0.03_abundance_0.15,A14291G;C14408T,ORF1b:D275G;ORF1b:P314L,14,644,0.0217391304347826,899,B.1.617.2:40;B.1.1.519:1;BA.2:13;BA.5.1:5;AY.6:3;AY.43:23;AY.4.2:1;BA.2.9:5;BA.5.2.1:597;B.1:15;AY.47:4;B.1.177:3;AY.102:3;B.1.2:32;BA.5.2:3;AY.4:22;BA.2.75:3;BF.4:1;AY.99.2:1;BA.2.10:18;AY.39:1;B.1.1.7:6;B.1.1.33:1;BA.1.1.15:2;BA.1:3;AY.127:1;BE.1.1:2;BF.18:5;AY.44:1;AY.114:1;AY.103:19;CK.2.1.1:2;AY.26:5;BA.1.1.18:5;BA.1.17.2:1;BA.1.1:5;B.1.243:3;B.1.1.192:3;P.1:4;BA.5.1.27:1;AY.46.5:2;BA.1.18:1;B.1.36:1;AY.122:3;AY.25.1:2;B.1.177.80:3;B.1.1.28:1;C.37:1;AY.46.3:1;BA.1.15:2;B.1.240:1;BQ.1.1:2;AY.112:1;AY.75.2:4;BA.4.1:1;BA.5.1.1:1;BE.1.4:1;B.1.609:1;AY.121:2;AY.9:2;BF.7:1;AY.126:1
1152026,BA.2_0.03_abundance_0.15,C14809A;T14867G,ORF1b:R448S;ORF1b:V467G,32,168,0.1904761904761904,0,
1152026,BA.2_0.03_abundance_0.15,C15714T;G15751C,ORF1b:L749L;ORF1b:A762P,219,3493,0.0626968222158602,0,
1152026,BA.2_0.03_abundance_0.15,C17304G;C17410T,ORF1b:V1279V;ORF1b:R1315C,306,4431,0.0690589031821259,271,BA.5.2:41;BA.2:216;BA.2.38.1:2;BA.2.3:3;BA.4.1.4:1;BA.4.4:5;BA.5.1.22:1;BA.5.1:1;BQ.1.1:1
1152026,BA.2_0.03_abundance_0.15,C17304G;C17403T;C17410T,ORF1b:V1279V;ORF1b:A1312A;ORF1b:R1315C,47,4431,0.0106070864364703,1,BA.2:1
1152026,BA.2_0.03_abundance_0.15,C17410T;C17458T,ORF1b:R1315C;ORF1b:P1331S,14,55,0.2545454545454545,0,
1152026,BA.2_0.03_abundance_0.15,T17904C;T17931G,ORF1b:C1479C;ORF1b:I1488M,31,277,0.111913357400722,0,
1152026,BA.2_0.03_abundance_0.15,T20562C;G20680T,ORF1b:V2365V;ORF1b:G2405C,142,1519,0.0934825543120474,0,
1152026,BA.2_0.03_abundance_0.15,T20562C;G20680T;T20739G,ORF1b:V2365V;ORF1b:G2405C;ORF1b:L2424L,18,1419,0.0126849894291754,0,
1152026,BA.2_0.03_abundance_0.15,T20562C;T20739G,ORF1b:V2365V;ORF1b:L2424L,23,1419,0.0162085976039464,0,
1152026,BA.2_0.03_abundance_0.15,G20680T;T20739G,ORF1b:G2405C;ORF1b:L2424L,57,1420,0.0401408450704225,0,
1152026,BA.2_0.03_abundance_0.15,T21925A;G21987A,S:N121K;S:G142D,172,1369,0.1256391526661797,7,B.1.617.2:1;AY.103:2;AY.127:1;AY.4:1;AY.129:1;AY.44:1
1152026,BA.2_0.03_abundance_0.15,G22985T;G22992A;C22995A;A23013C;A23040G,S:A475S;S:S477N;S:T478K;S:E484A;S:Q493R,15,31,0.4838709677419355,19,BA.1.15:1;BA.1:3;BA.1.1:2;BA.2.12.1:5;BA.2.3.11:1;BA.2:4;BA.2.10:2;BA.1.15.1:1
1152026,BA.2_0.03_abundance_0.15,T23599G;C23604A;A23712T,S:N679K;S:P681H;S:N717I,31,188,0.1648936170212765,10,BA.1.1:5;BA.2:1;BA.1:1;BA.1.17:1;BE.1:1;BA.5:1
1152026,BA.2_0.03_abundance_0.15,G23873C;G23948T,S:A771P;S:D796Y,62,374,0.1657754010695187,1,BA.5.1:1
1152026,BA.2_0.03_abundance_0.15,C24822A;C25000T,S:A1087E;S:D1146D,39,905,0.0430939226519337,1,BA.1:1
1152026,BA.2_0.03_abundance_0.15,C24822A;G24926C;C25000T,S:A1087E;S:V1122L;S:D1146D,45,905,0.0497237569060773,0,
1152026,BA.2_0.03_abundance_0.15,G24926C;C25000T,S:V1122L;S:D1146D,471,905,0.5204419889502763,3,BA.5:1;BA.2:1;BA.1.1:1
1152026,BA.2_0.03_abundance_0.15,C25584T;T25604A,ORF3a:T64T;ORF3a:L71Q,288,4013,0.0717667580363817,6,BA.2:4;BA.5.6:1;BA.1.1:1
1152026,BA.2_0.03_abundance_0.15,C26270T;G26389A,E:T9I;E:V49M,9,86,0.1046511627906976,29,BA.5.2:4;BA.1.17.2:1;BA.2.3:1;BF.28:1;BA.1.15:1;BA.5:1;BA.2:3;BA.2.9:2;BE.1:1;BA.1.1:2;BA.5.1.22:1;BA.5.1:1;BA.4.1.1:1;BA.2.75:1;BA.5.5:1;BA.2.12:1;BA.5.2.1:1;BA.1:2;BA.1.18:1;B.1.177:1;BA.1.15.1:1
1152026,BA.2_0.03_abundance_0.15,A27036T;T27132C,M:T172S;M:Y204H,5,22,0.2272727272727272,0,
1152026,BA.2_0.03_abundance_0.15,C27211G;G27382C;A27383T;T27384C,ORF6:L4V;ORF6:D61H;ORF6:D61V;ORF6:D61D,24,611,0.0392798690671031,6,BA.2:5;BA.4:1
1152026,BA.2_0.03_abundance_0.15,T28184A;C28311T,ORF8:S97R;N:P13L,119,2672,0.0445359281437125,2,BA.1.15:1;BA.1.1:1
1152026,BA.2_0.03_abundance_0.15,A28493G;G28539C,N:I74V;N:R89T,24,523,0.0458891013384321,0,
1152026,BA.2_0.03_abundance_0.15,G28881A;G28882A;G28883C;A28967G,N:R203K;N:R203R;N:G204R;N:S232G,26,136,0.1911764705882352,782,BA.2.12.1:44;B.1.1.7:693;BA.5.2.16:8;BA.2:1;P.1.17:1;BA.2.75:4;BA.4.2:1;BA.5.2:3;Q.3:1;BA.1:1;BA.1.17.2:1;BA.1.1.10:6;B.1.526:5;BA.2.9:1;BA.1.1:7;BQ.1.2:1;BA.5.5:1;BA.1.17:1;BA.5.2.1:1;BA.1.15:1
1152026,BA.2_0.03_abundance_0.15,G28881A;G28882A;G28883C;T28927C;A28967G,N:R203K;N:R203R;N:G204R;N:A218A;N:S232G,58,136,0.4264705882352941,0,
1152026,BA.2_0.03_abundance_0.15,G28881A;G28882A;G28883C;T28927C,N:R203K;N:R203R;N:G204R;N:A218A,39,136,0.2867647058823529,328,BA.1:17;BA.2.9:10;BA.4:22;BA.2:36;BA.1.1:24;BA.1.15.1:6;BA.5.1:7;BF.7:17;C.36.3:3;BA.2.75:2;BA.2.76:1;BA.5.2.9:1;B.1.1.7:71;BA.5.2.6:2;BQ.1.1.24:1;BA.5.1.10:1;BA.5.1.22:1;BA.5.2.1:19;BA.2.12.1:10;BQ.1.5:1;BA.2.9.5:1;BA.1.18:3;BA.1.17.2:1;BA.5.9:1;P.1:6;BA.4.6:3;BA.1.1.15:1;BA.1.15:12;BA.5.2.26:6;BA.1.1.7:4;BA.5.2.25:2;BA.4.1:3;BF.10:4;BE.1.1:14;BQ.1.1.7:1;BA.2.38.1:1;R.1:1;BA.1.17:1;BA.5.3.3:1;BQ.1.1:1;BF.28:1;B.1.1.291:1;B.1.1.519:1;BA.5:2;BA.5.2:2;BA.2.3:1;BA.5.1.1:1
1152026,BA.2_0.03_abundance_0.15,G29210A;G29212T;G29227A,N:A313T;N:A313A;N:S318S,103,3552,0.0289977477477477,0,
1152026,BA.2_0.03_abundance_0.15,G29210A;G29227A,N:A313T;N:S318S,67,3552,0.0188626126126126,0,
1152026,BA.2_0.03_abundance_0.15,G29210A;G29212T,N:A313T;N:A313A,309,3552,0.0869932432432432,1,BA.1.1:1
1152026,BA.2_0.03_abundance_0.15,G29212T;G29227A,N:A313A;N:S318S,402,3552,0.1131756756756756,1,BA.1.1:1
1152026,BA.2_0.03_abundance_0.15,A29387C;G29440T;A29510C,N:K372Q;N:Q389H;N:S413R,120,410,0.2926829268292683,0,
1152026,BA.2_0.03_abundance_0.15,A29387C;A29510C,N:K372Q;N:S413R,14,410,0.0341463414634146,9,BA.2.10.2:3;BA.2.10:3;BA.2:3
1152026,BA.2_0.03_abundance_0.15,G29440T;A29510C,N:Q389H;N:S413R,250,410,0.6097560975609756,1171,BA.5.2.34:45;BA.5.1:247;BA.2.12.1:25;BE.4:1;BA.2.74:1;BA.5.2:48;BA.2.3:12;BA.2.9:277;BA.2:195;BA.5.2.1:44;BA.5.2.20:4;BA.5.1.22:6;BE.1:2;BF.11:28;BQ.1.1:3;BF.7:5;BQ.1.25:4;BA.5:24;BA.5.2.24:2;BA.5.1.1:28;BA.2.9.5:1;BA.5.1.24:10;BA.2.24:5;BA.5.3.1:3;BQ.1.12:3;BA.4.1:1;BA.2.38:1;BQ.1.1.11:2;CH.1.1:1;BA.4.6:3;BR.4:1;BF.5:4;BF.10:2;BA.4.1.8:1;BF.1:7;BA.2.40.1:6;BA.2.68:1;BA.2.3.1:10;BQ.1.1.1:4;BA.2.3.13:4;BQ.1.18:5;BQ.1:2;BE.1.1:3;BQ.1.13:1;BF.18:18;BA.2.36:4;BA.2.18:11;BA.5.2.4:4;BA.5.5.1:1;BA.5.1.9:3;BA.5.6:6;BA.5.1.5:1;BA.5.5:5;BA.2.75:4;BA.4.1.4:1;BF.6:3;BA.2.37:1;BE.3:2;BF.7.5:1;BA.2.10:7;BA.4.1.3:1;BQ.1.1.6:1;CK.1:2;BA.5.2.3:3;BA.2.38.1:2;BA.5.8:1;XBB:1;BA.5.2.18:1;BA.2.43:1;BA.2.3.2:3;BQ.1.11:1
1222026,BA.2_0.03_abundance_0.15,A427T;T670G,ORF1a:V54V;ORF1a:S135R,37,2170,0.0170506912442396,53,BA.5.2.1:10;BF.5:2;BA.2.3:10;BA.5.1:20;BA.5.2:1;BE.1.1:1;BA.5.1.21:1;BA.2:4;BF.6:1;BF.1:1;BA.5:1;BA.2.9:1
1222026,BA.2_0.03_abundance_0.15,A427T;G536C;T670G,ORF1a:V54V;ORF1a:E91Q;ORF1a:S135R,23,2170,0.0105990783410138,0,
1222026,BA.2_0.03_abundance_0.15,G536C;T670G,ORF1a:E91Q;ORF1a:S135R,670,2173,0.3083294983893235,2,BA.5.2.6:1;BA.4:1
1222026,BA.2_0.03_abundance_0.15,T670G;C843T,ORF1a:S135R;ORF1a:P193L,199,589,0.3378607809847199,1210,BA.5.2.34:102;BA.5.1:57;BA.2.12.1:38;BA.4.6:16;BA.5.1.23:2;BE.5:3;BA.5.2:83;CK.2.1.1:1;BA.2.3:24;BF.7:59;BA.2:307;BA.5.2.1:88;BA.2.75:10;BA.5.2.20:8;BA.2.35:1;BA.2.36:1;BE.1.1:22;BA.2.10:4;BA.5.5:24;BA.2.9:82;BA.2.49:13;BA.5.1.7:35;BQ.1.1.3:1;BQ.1.1:23;BA.5.2.25:1;BA.5.2.28:5;BQ.1.5:3;BA.5.1.10:4;BA.5.1.5:1;BE.1:6;BA.4.1:5;BF.5:21;BA.2.10.1:3;BA.2.4:1;BA.2.68:3;BF.7.4.1:7;BA.2.65:4;BA.2.3.4:1;BA.5.2.6:7;BA.5.5.1:1;BF.27:1;BA.5.3.2:1;BA.2.3.15:1;BQ.1.1.18:4;BA.2.56:1;BQ.1.8:1;BF.10:3;BA.2.31:2;BQ.1:5;BQ.1.16:1;BA.2.60:1;BQ.1.11:5;BE.1.1.2:2;BA.5.1.22:4;BQ.1.13:2;BA.5.2.44:2;BF.26:2;XBB.1:1;BA.2.18:4;BQ.1.1.5:7;BN.1.3:1;DJ.1:1;BA.5.1.8:1;BA.5.1.18:2;BA.2.61:4;BQ.1.1.24:3;BE.3:3;BA.5.1.1:1;BE.1.2.1:1;BQ.1.1.22:1;BA.4.1.4:1;BA.2.76:4;BA.5.1.24:1;BA.2.73:2;BA.5.2.9:3;BA.2.3.2:2;BQ.1.1.6:1;BA.2.3.12:1;BA.5.6:2;BA.4.6.5:1;BF.1:8;BA.5.8:4;BA.5.2.23:1;BA.5.9:1;BA.5.1.12:1;BE.9:1;BA.2.3.18:3;BA.5.1.30:1;BA.2.1:2;BF.3:1;BA.2.12:1;BA.4.1.8:2;BA.5.2.21:4;BL.1:1;BA.5.2.26:3;BA.4:2;BF.2:1;BA.5.2.12:1;BA.2.72:1;BQ.1.23:1;BA.5.1.17:2;DF.1:1;BA.5.1.28:1;BA.5.1.3:1;BA.2.52:1;BA.4.1.1:1
1222026,BA.2_0.03_abundance_0.15,A2342G;G2528T,ORF1a:I693V;ORF1a:E755*,18,351,0.0512820512820512,1,BA.2:1
1222026,BA.2_0.03_abundance_0.15,T2402G;G2528T,ORF1a:S713A;ORF1a:E755*,25,352,0.0710227272727272,0,
1222026,BA.2_0.03_abundance_0.15,C3037T;T3095A,ORF1a:F924F;ORF1a:S944T,48,305,0.1573770491803278,87,BA.5.2.1:21;AY.13:1;B.1.429:13;BA.4.1:40;P.1:1;AY.122.4:1;B.1.617.2:2;BA.1.1:1;AY.120:1;BA.4.1.1:1;AY.3:1;BA.2.37:1;AY.122:1;BA.2:1;B.1.1.63:1
1222026,BA.2_0.03_abundance_0.15,A3219G;A3387C,ORF1a:Q985R;ORF1a:K1041T,73,660,0.1106060606060606,0,
1222026,BA.2_0.03_abundance_0.15,A3219G;A3387C;T3391G,ORF1a:Q985R;ORF1a:K1041T;ORF1a:N1042K,42,619,0.0678513731825525,0,
1222026,BA.2_0.03_abundance_0.15,A3219G;T3391G,ORF1a:Q985R;ORF1a:N1042K,23,619,0.0371567043618739,0,
1222026,BA.2_0.03_abundance_0.15,A3387C;T3391G,ORF1a:K1041T;ORF1a:N1042K,110,619,0.1777059773828756,0,
1222026,BA.2_0.03_abundance_0.15,A3387C;G3404T,ORF1a:K1041T;ORF1a:E1047*,11,619,0.0177705977382875,0,
1222026,BA.2_0.03_abundance_0.15,A3387C;T3391G;G3404T,ORF1a:K1041T;ORF1a:N1042K;ORF1a:E1047*,9,619,0.0145395799676898,0,
1222026,BA.2_0.03_abundance_0.15,A6326C;G6374C,ORF1a:T2021P;ORF1a:D2037H,7,407,0.0171990171990172,0,
1222026,BA.2_0.03_abundance_0.15,A6540T;G6632C,ORF1a:H2092L;ORF1a:A2123P,25,1159,0.0215703192407247,0,
1222026,BA.2_0.03_abundance_0.15,A6540T;A6567G,ORF1a:H2092L;ORF1a:D2101G,25,1159,0.0215703192407247,0,
1222026,BA.2_0.03_abundance_0.15,A6567G;G6632C,ORF1a:D2101G;ORF1a:A2123P,82,1159,0.0707506471095772,0,
1222026,BA.2_0.03_abundance_0.15,A10821G;T10847A,ORF1a:Q3519R;ORF1a:C3528S,121,983,0.1230925737538148,0,
1222026,BA.2_0.03_abundance_0.15,C12489A;A12652C,ORF1a:P4075Q;ORF1a:T4129T,587,3521,0.1667140017040613,0,
1222026,BA.2_0.03_abundance_0.15,A13956T;A14012C,ORF1b:L163F;ORF1b:Q182P,53,1125,0.0471111111111111,0,
1222026,BA.2_0.03_abundance_0.15,A13956T;A14012C;T14075C,ORF1b:L163F;ORF1b:Q182P;ORF1b:L203P,35,1125,0.0311111111111111,0,
1222026,BA.2_0.03_abundance_0.15,A13956T;T14075C,ORF1b:L163F;ORF1b:L203P,70,1125,0.0622222222222222,0,
1222026,BA.2_0.03_abundance_0.15,A14012C;T14075C,ORF1b:Q182P;ORF1b:L203P,147,2195,0.0669703872437357,0,
1222026,BA.2_0.03_abundance_0.15,C17163A;C17410T,ORF1b:C1232*;ORF1b:R1315C,335,2026,0.165350444225074,0,
1222026,BA.2_0.03_abundance_0.15,C17410T;C17644T,ORF1b:R1315C;ORF1b:Q1393*,61,245,0.2489795918367346,1,BA.5.2.1:1
1222026,BA.2_0.03_abundance_0.15,A18064C;A18163G,ORF1b:K1533Q;ORF1b:I1566V,127,421,0.3016627078384798,0,
1222026,BA.2_0.03_abundance_0.15,T21784A;G21987A,S:N74K;S:G142D,1300,1797,0.7234279354479688,54,AY.119.2:41;AY.103:1;BA.2.3:1;BA.2.12.1:2;AY.43:1;BE.1.1:2;BA.5.2:2;AY.44:1;BA.2:2;AY.101:1
1222026,BA.2_0.03_abundance_0.15,G23832T;T23908C;G23948T,S:G757V;S:F782F;S:D796Y,10,327,0.0305810397553516,0,
1222026,BA.2_0.03_abundance_0.15,G23832T;G23948T,S:G757V;S:D796Y,12,327,0.036697247706422,13,BA.2:1;BF.5:1;BA.5.1.24:1;BA.1.1:2;BA.1.15:1;BA.5.2:1;BA.2.9:1;BA.5.5:1;BA.5.2.1:1;BF.10:2;BA.5.1.1:1
1222026,BA.2_0.03_abundance_0.15,T23908C;G23948T;T24024C,S:F782F;S:D796Y;S:L821P,31,334,0.092814371257485,0,
1222026,BA.2_0.03_abundance_0.15,T23908C;G23948T,S:F782F;S:D796Y,126,334,0.3772455089820359,289,BA.2.3:39;BA.2.9:36;BA.2.75.2:1;BA.2:133;BA.5.1:1;BF.5:29;BA.1.1.2:3;BA.1.17:3;BA.5.1.22:1;BA.1.1:8;BA.5.2:3;BA.1.17.2:1;BA.5.2.28:1;BA.2.12.1:11;BA.1.20:1;BF.10:10;BA.1.18:3;BA.5.2.1:2;BF.4:1;BA.2.9.5:1;BA.2.29:1
1222026,BA.2_0.03_abundance_0.15,T23908C;A23923T;G23948T,S:F782F;S:Q787H;S:D796Y,20,334,0.059880239520958,0,
1222026,BA.2_0.03_abundance_0.15,T23908C;A23923T;G23948T;T24024C,S:F782F;S:Q787H;S:D796Y;S:L821P,8,334,0.0239520958083832,0,
1222026,BA.2_0.03_abundance_0.15,A23923T;G23948T;T24024C,S:Q787H;S:D796Y;S:L821P,5,334,0.0149700598802395,0,
1222026,BA.2_0.03_abundance_0.15,A23923T;G23948T,S:Q787H;S:D796Y,12,334,0.0359281437125748,2096,BA.1:2;BF.5:2;BA.2:2023;BA.1.15.1:2;BE.4.1:8;BA.5.2.1:7;BA.5:8;BA.2.38:17;BA.2.37:3;BA.5.2.21:1;BA.2.56:8;BA.2.78:5;BA.2.12.1:1;BA.2.17:3;BA.2.3.17:1;BA.2.1:1;BA.1.1.1:1;BA.5.2:2;BA.5.6.2:1
1222026,BA.2_0.03_abundance_0.15,G23948T;T24024C,S:D796Y;S:L821P,17,334,0.0508982035928143,0,
1222026,BA.2_0.03_abundance_0.15,G24269A;A24424T,S:A903T;S:Q954H,21,984,0.0213414634146341,0,
1222026,BA.2_0.03_abundance_0.15,A24424T;T24469A;A24710G,S:Q954H;S:N969K;S:M1050V,28,140,0.2,52,BA.5.2:17;BA.2.9:5;BA.5.1:1;BA.5.2.1:7;BA.1.1:1;BA.5.6:1;BA.2:1;BF.27:10;BA.2.5:1;BA.1.18:3;BA.2.12.1:3;BA.2.75:2
1222026,BA.2_0.03_abundance_0.15,A24424T;T24469A;T24487G,S:Q954H;S:N969K;S:S975R,7,149,0.046979865771812,1,BA.1:1
1222026,BA.2_0.03_abundance_0.15,T24469A;T24487G,S:N969K;S:S975R,32,643,0.0497667185069984,1,BA.1:1
1222026,BA.2_0.03_abundance_0.15,T24469A;A24710G,S:N969K;S:M1050V,110,610,0.180327868852459,52,BA.5.2:17;BA.2.9:5;BA.5.1:1;BA.5.2.1:7;BA.1.1:1;BA.5.6:1;BA.2:1;BF.27:10;BA.2.5:1;BA.1.18:3;BA.2.12.1:3;BA.2.75:2
1222026,BA.2_0.03_abundance_0.15,T24469A;T24487G;A24710G,S:N969K;S:S975R;S:M1050V,7,610,0.0114754098360655,0,
1222026,BA.2_0.03_abundance_0.15,T24996G;C25000T,S:L1145*;S:D1146D,350,1714,0.2042007001166861,0,
1222026,BA.2_0.03_abundance_0.15,C25584T;A25608G,ORF3a:T64T;ORF3a:A72A,702,2050,0.3424390243902439,48,BA.4.1:8;BA.1.15:1;BA.5.2.1:3;BA.2.12.1:9;BA.5.3.1:1;BE.1:2;BA.5.1.23:1;BA.5.1:1;BA.1.1:5;BA.5.1.30:1;BA.4.6:1;BA.5.2.44:1;BA.1:1;BA.5.2:3;BA.2:5;BA.1.1.14:1;BA.5.2.20:4
1222026,BA.2_0.03_abundance_0.15,T26035G;C26060T,ORF3a:Y215D;ORF3a:T223I,52,897,0.0579710144927536,0,
1222026,BA.2_0.03_abundance_0.15,T26035G;C26060T;C26270T,ORF3a:Y215D;ORF3a:T223I;E:T9I,151,654,0.2308868501529052,0,
1222026,BA.2_0.03_abundance_0.15,C26577G;T26651A;G26709A,M:Q19E;M:N43K;M:A63T,182,2098,0.0867492850333651,2,BE.5:1;BA.2.10:1
1222026,BA.2_0.03_abundance_0.15,C26577G;T26651A;G26709A;C26858T,M:Q19E;M:N43K;M:A63T;M:F112F,1215,1835,0.662125340599455,1,BA.2.10:1
1222026,BA.2_0.03_abundance_0.15,A27307C;G27382C;A27383T;T27384C,ORF6:I36L;ORF6:D61H;ORF6:D61V;ORF6:D61D,30,931,0.0322234156820623,35,BA.2.9:31;BA.2:4
1222026,BA.2_0.03_abundance_0.15,T28192G;T28244C;C28311T,ORF8:V100G;ORF8:V117V;N:P13L,49,1570,0.0312101910828025,0,
1222026,BA.2_0.03_abundance_0.15,T28244C;C28311T,ORF8:V117V;N:P13L,922,1571,0.5868873329089752,216,BA.1.15:5;BA.2.12.1:15;BA.1.17.2:122;BA.2.13:1;BA.5.1:5;BA.1.1:14;BA.2.75:1;BA.2:8;BA.1:3;BA.5.2:3;BF.18:1;BA.1.14:1;BA.1.15.1:1;BF.26:2;BA.5.2.1:13;BA.2.3:1;BA.1.1.2:3;BA.5.6:1;BA.2.9:3;BA.5.5:2;BF.5:2;BA.4:1;BA.4.1:2;BQ.1.10:1;BA.2.65:1;BE.3:1;BW.1:1;BA.5:1;BA.1.16:1
1222026,BA.2_0.03_abundance_0.15,C29463A;A29510C,N:A397D;N:S413R,8,89,0.0898876404494382,5,BA.2:4;BF.7:1
1292026,BA.2_0.03_abundance_0.15,G613T;T670G,ORF1a:V116V;ORF1a:S135R,428,4753,0.0900483904902167,43,BA.2:17;BN.1.9:1;BQ.1.9:2;BA.5.1:1;BA.2.3:6;BA.5.2.1:11;BA.5.6:1;BQ.1.1:1;BA.2.9:1;BA.5.2:2
1292026,BA.2_0.03_abundance_0.15,C2403A;G2409C,ORF1a:S713*;ORF1a:G715A,6,237,0.0253164556962025,0,
1292026,BA.2_0.03_abundance_0.15,T2996C;C3037T,ORF1a:S911P;ORF1a:F924F,75,135,0.5555555555555556,53,BA.1:18;BA.2:1;AY.4:8;B.1.1.7:1;AY.7:10;AY.25:1;BA.1.15:1;AY.39:1;BA.1.1:3;BA.1.1.18:1;AY.3.2:1;B.1:1;AY.100:1;P.1:1;BA.1.8:3;AY.27:1
1292026,BA.2_0.03_abundance_0.15,T4742C;C4918T,ORF1a:S1493P;ORF1a:I1551I,17,1236,0.0137540453074433,0,
1292026,BA.2_0.03_abundance_0.15,C4827T;C4918T,ORF1a:T1521I;ORF1a:I1551I,65,1236,0.052588996763754,0,
1292026,BA.2_0.03_abundance_0.15,C8175T;A8250T,ORF1a:A2637V;ORF1a:D2662V,12,999,0.012012012012012,0,
1292026,BA.2_0.03_abundance_0.15,C9344T;C9375T;A9424G;C9534T,ORF1a:L3027F;ORF1a:P3037L;ORF1a:V3053V;ORF1a:T3090I,15,604,0.0248344370860927,1,BA.2.12.1:1
1292026,BA.2_0.03_abundance_0.15,C9534T;G9791A,ORF1a:T3090I;ORF1a:E3176K,397,2417,0.1642532064542821,4,BA.2:4
1292026,BA.2_0.03_abundance_0.15,C11171T;A11255C,ORF1a:L3636F;ORF1a:M3664L,308,3016,0.1021220159151193,0,
1292026,BA.2_0.03_abundance_0.15,T11661A;T11698A,ORF1a:L3799*;ORF1a:Y3811*,44,1288,0.0341614906832298,0,
1292026,BA.2_0.03_abundance_0.15,C12880T;A12961G,ORF1a:I4205I;ORF1a:K4232K,871,1541,0.5652173913043478,21,BE.4:1;BA.5.1:3;BA.5.2.33:1;BA.2.78:1;BA.4.1.6:2;BA.2:2;BA.5.2:1;BA.2.3:1;BQ.1.1.17:1;BA.5:1;BA.5.1.25:1;BA.2.12.1:1;BA.2.9:2;BE.3:1;CR.1:1;BA.5.1.30:1
1292026,BA.2_0.03_abundance_0.15,C12880T;A12961G;A12968G,ORF1a:I4205I;ORF1a:K4232K;ORF1a:N4235D,588,1541,0.381570408825438,0,
1292026,BA.2_0.03_abundance_0.15,C12880T;A12968G,ORF1a:I4205I;ORF1a:N4235D,35,1542,0.0226977950713359,1,BA.5.1:1
1292026,BA.2_0.03_abundance_0.15,C14408T;A14469C,ORF1b:P314L;ORF1b:S334S,23,729,0.0315500685871056,44,AY.29:33;BA.2.9:5;P.2:1;AY.25.1:1;AY.103:2;BA.2:1;B.1.1.7:1
1292026,BA.2_0.03_abundance_0.15,T15023C;G15168A,ORF1b:F519S;ORF1b:L567L,16,142,0.1126760563380281,0,
1292026,BA.2_0.03_abundance_0.15,G15644C;C15714T,ORF1b:R726T;ORF1b:L749L,1074,5367,0.2001117942984907,3,BA.5.1.30:2;BA.5.1:1
1292026,BA.2_0.03_abundance_0.15,G15644C;C15714T;T15764G,ORF1b:R726T;ORF1b:L749L;ORF1b:L766R,216,5012,0.043096568236233,0,
1292026,BA.2_0.03_abundance_0.15,C15714T;T15764G,ORF1b:L749L;ORF1b:L766R,645,5012,0.1286911412609736,3,BA.5.2.1:2;BA.2:1
1292026,BA.2_0.03_abundance_0.15,C16217G;G16325C,ORF1b:T917R;ORF1b:C953S,33,534,0.0617977528089887,0,
1292026,BA.2_0.03_abundance_0.15,G16325C;A16408T,ORF1b:C953S;ORF1b:T981S,10,505,0.0198019801980198,0,
1292026,BA.2_0.03_abundance_0.15,G16558C;T16731G,ORF1b:A1031P;ORF1b:L1088L,6,508,0.0118110236220472,0,
1292026,BA.2_0.03_abundance_0.15,T17164G;T17323G,ORF1b:S1233A;ORF1b:L1286V,42,2210,0.0190045248868778,0,
1292026,BA.2_0.03_abundance_0.15,T17164G;T17323G;C17410T,ORF1b:S1233A;ORF1b:L1286V;ORF1b:R1315C,85,1469,0.05786249149081,0,
1292026,BA.2_0.03_abundance_0.15,T17164G;C17410T,ORF1b:S1233A;ORF1b:R1315C,39,1469,0.0265486725663716,151,BF.21:15;BA.2.12.1:5;BA.5.1:54;BE.4:1;BA.5.2.1:10;BF.28:7;BA.2.3:19;BA.2.9:4;BA.2:22;BA.5.2.23:1;BA.4.6:3;BA.2.75:1;BA.2.3.13:2;XAM:1;BA.5.1.1:1;BA.5.3:1;BA.5.2:1;BF.8:2;BA.5.5:1
1292026,BA.2_0.03_abundance_0.15,C17321T;T17323G;C17410T,ORF1b:A1285V;ORF1b:L1286V;ORF1b:R1315C,43,1469,0.0292716133424098,0,
1292026,BA.2_0.03_abundance_0.15,C17321T;T17323G,ORF1b:A1285V;ORF1b:L1286V,28,2210,0.0126696832579185,0,
1292026,BA.2_0.03_abundance_0.15,C17321T;C17410T,ORF1b:A1285V;ORF1b:R1315C,33,1469,0.0224642614023145,30,BA.2:9;BA.5.2.1:4;BA.5.2.21:1;BA.2.75:2;BE.1.1:2;BA.2.9:3;BA.2.3:1;BF.5:1;BA.5.2:4;BA.2.3.2:1;BA.2.37:1;BA.2.9.5:1
1292026,BA.2_0.03_abundance_0.15,T17323G;C17410T,ORF1b:L1286V;ORF1b:R1315C,786,1469,0.5350578624914908,76,BA.2:36;BA.2.9:4;BA.5.1:4;BA.5.6:5;BA.5.2:3;BA.2.23:1;BF.5:4;BA.2.38:1;BA.2.56:1;BA.5.2.20:1;BA.5.1.23:1;BA.4:2;BA.2.31:3;BA.4.1.4:1;BA.5.5:1;BA.2.2:1;BA.2.12.1:1;BA.5.2.1:2;BA.2.3:3;BA.2.40.1:1
1292026,BA.2_0.03_abundance_0.15,T17323G;T17353C;C17410T,ORF1b:L1286V;ORF1b:F1296L;ORF1b:R1315C,37,1469,0.0251872021783526,0,
1292026,BA.2_0.03_abundance_0.15,T17353C;C17410T,ORF1b:F1296L;ORF1b:R1315C,17,1469,0.011572498298162,161,BA.5.1:34;BA.4.6:9;BQ.1.1.1:1;BA.5.5:65;BF.21:3;BA.2:25;BA.2.9:4;BA.5.2:2;BF.7:1;BE.1.1:1;BA.5.2.1:3;BQ.1:1;BE.1:1;BA.4.1:1;BA.5:2;BA.2.12.1:4;BA.4.1.1:1;BA.5.1.1:1;BF.7.5:1;BF.26:1
1292026,BA.2_0.03_abundance_0.15,T18048C;A18163G,ORF1b:N1527N;ORF1b:I1566V,682,1509,0.4519549370444002,148,BA.5.1.30:1;BA.2.12.1:3;BA.2:28;BQ.1.5:1;BA.5.2.1:6;BA.1.17.2:2;BF.16:1;BA.4.6.5:1;BA.5:7;BA.2.3:2;BA.5.5:18;BA.2.38:1;BA.1.18:1;BA.5.2:5;BA.1:4;BA.5.1:11;BA.1.1.15:1;BA.1.13.1:1;BA.1.1:22;BA.2.9:2;BA.1.15:3;XBB.1:1;BA.2.75:1;BA.4.6:2;BA.1.13:5;BA.1.1.14:2;BQ.1.1:4;BA.5.1.12:1;BA.2.85:1;CM.8:2;BA.2.8:5;BA.5.6:1;BA.5.1.2:1;BE.1.1:1
1292026,BA.2_0.03_abundance_0.15,T18736A;T18913G,ORF1b:F1757I;ORF1b:W1816G,348,1815,0.1917355371900826,0,
1292026,BA.2_0.03_abundance_0.15,T20688G;A20779T,ORF1b:A2407A;ORF1b:M2438L,17,236,0.0720338983050847,0,
1292026,BA.2_0.03_abundance_0.15,C21781A;G21987A,S:T73T;S:G142D,79,1115,0.0708520179372197,124,AY.122:2;BA.2.65:1;BA.5.2.30:4;BA.2:96;BA.5:1;BA.5.2.12:5;AY.3:2;AY.100:2;AY.4:1;CM.7:1;BA.2.37:1;AY.43:1;BF.27:3;AY.110:1;AY.101:1;BE.1.4:1;BA.5.2:1
1292026,BA.2_0.03_abundance_0.15,T22547G;C22674T;T22679C;C22686T;A22688G,S:F329V;S:S371F;S:S373P;S:S375F;S:T376A,5,26,0.1923076923076923,2,BA.2.12.1:1;BA.2:1
1292026,BA.2_0.03_abundance_0.15,T23385C;A23403G,S:V608A;S:D614G,128,1375,0.093090909090909,1,BA.2.9:1
1292026,BA.2_0.03_abundance_0.15,A23403G;T23473A,S:D614G;S:S637S,55,1179,0.0466497031382527,37,BA.2.9:1;AY.112.2:9;B.1.351:1;AY.25:11;BA.1.1:1;B.1.1.7:9;AY.3.3:1;BA.2.12.1:1;BA.1.12:1;AY.112:1;AY.44:1
1292026,BA.2_0.03_abundance_0.15,A24424T;T24469A;G24524C,S:Q954H;S:N969K;S:E988Q,27,86,0.313953488372093,0,
1292026,BA.2_0.03_abundance_0.15,T24469A;G24524C,S:N969K;S:E988Q,75,394,0.1903553299492385,0,
1292026,BA.2_0.03_abundance_0.15,A25142C;T25263G,S:N1194H;S:L1234R,9,305,0.0295081967213114,0,
1292026,BA.2_0.03_abundance_0.15,A25142C;A25164C,S:N1194H;S:Q1201P,5,320,0.015625,0,
1292026,BA.2_0.03_abundance_0.15,A25142C;A25164C;T25263G,S:N1194H;S:Q1201P;S:L1234R,5,305,0.0163934426229508,0,
1292026,BA.2_0.03_abundance_0.15,A25164C;T25263G,S:Q1201P;S:L1234R,23,305,0.0754098360655737,0,
1292026,BA.2_0.03_abundance_0.15,G25238T;T25263G,S:A1226S;S:L1234R,6,305,0.0196721311475409,0,
1292026,BA.2_0.03_abundance_0.15,C26858T;T27071C,M:F112F;M:A183A,9,18,0.5,30,BA.2:13;BA.2.2:1;BA.2.9:5;AY.4.2:6;BA.4.1:1;BA.2.65:2;BG.3:1;BA.2.12.1:1
1292026,BA.2_0.03_abundance_0.15,A27259C;G27382C;A27383T;T27495A,ORF6:R20R;ORF6:D61H;ORF6:D61V;ORF7a:P34P,92,248,0.3709677419354839,8,BA.2:4;BA.4.1.8:1;BA.2.12.1:1;BA.2.10:1;BA.2.75:1
1292026,BA.2_0.03_abundance_0.15,T27495A;C27807T,ORF7a:P34P;ORF7b:L18L,67,180,0.3722222222222222,24,BA.1:2;BA.5.2:5;BF.4:1;BE.5:2;BA.5.2.8:1;BA.2:4;BA.4.1.8:1;BA.1.1:3;BE.1.1:1;BA.2.12.1:1;BA.5.2.1:1;BA.2.10:1;BA.2.75:1
1292026,BA.2_0.03_abundance_0.15,G28842T;G28881A;G28882A;G28883C,N:S190I;N:R203K;N:R203R;N:G204R,355,942,0.3768577494692144,40,BA.5.1.30:1;B.1.1.7:13;B.1.1.192:1;B.1.1:2;B.1.1.519:1;BA.2.10.1:1;P.2:1;BA.1.17.2:2;BA.1:6;BA.4.1:1;BA.2.9:3;B.1.1.1:1;BA.2:3;BA.2.10:1;BA.1.1.14:1;BA.2.12.1:1;BA.1.15:1
2052026,BA.2_0.03_abundance_0.15,A405C;G599C;T670G,ORF1a:K47T;ORF1a:G112R;ORF1a:S135R,182,2784,0.0653735632183908,0,
2052026,BA.2_0.03_abundance_0.15,C494G;G599C;T670G,ORF1a:R77G;ORF1a:G112R;ORF1a:S135R,198,2785,0.0710951526032316,0,
2052026,BA.2_0.03_abundance_0.15,G599C;T670G,ORF1a:G112R;ORF1a:S135R,2127,2785,0.7637342908438061,0,
2052026,BA.2_0.03_abundance_0.15,T670G;T711C,ORF1a:S135R;ORF1a:L149P,19,315,0.0603174603174603,74,BQ.1.23:1;BF.1:1;BA.2:35;BA.5.1:6;BA.5.2.1:5;BA.5.2.24:1;BF.7:3;BA.5.2.6:1;BA.5.2:4;BF.10:3;BQ.1.14:2;BF.5:2;BA.2.12.1:1;BQ.1.1.15:1;BA.2.75:1;BF.8:4;BA.2.9:2;BA.2.3:1
2052026,BA.2_0.03_abundance_0.15,C2892T;T2963A;C2976G;A2994T;A3003G;C3037T;T3055A;A3063T,ORF1a:A876V;ORF1a:W900R;ORF1a:T904R;ORF1a:E910V;ORF1a:E913G;ORF1a:F924F;ORF1a:D930E;ORF1a:E933V,5,463,0.0107991360691144,0,
2052026,BA.2_0.03_abundance_0.15,C2892T;T2963A;C2976G;A2994T;A3003G;C3037T;T3055A;A3063T;T3144G,ORF1a:A876V;ORF1a:W900R;ORF1a:T904R;ORF1a:E910V;ORF1a:E913G;ORF1a:F924F;ORF1a:D930E;ORF1a:E933V;ORF1a:L960W,7,432,0.0162037037037037,0,
2052026,BA.2_0.03_abundance_0.15,C3037T;T3144G;C3176G,ORF1a:F924F;ORF1a:L960W;ORF1a:P971A,21,66,0.3181818181818182,0,
2052026,BA.2_0.03_abundance_0.15,C3037T;T3067G,ORF1a:F924F;ORF1a:G934G,11,463,0.0237580993520518,20,AY.118:10;AY.122:1;B.1.1.7:3;AY.44:2;BA.2.82:2;BA.1.17.2:1;B.1.258:1
2052026,BA.2_0.03_abundance_0.15,C3037T;T3067G;T3144G,ORF1a:F924F;ORF1a:G934G;ORF1a:L960W,27,432,0.0625,0,
2052026,BA.2_0.03_abundance_0.15,C3037T;C3176G,ORF1a:F924F;ORF1a:P971A,5,66,0.0757575757575757,24,BA.1.1:3;AY.122:1;BA.1.1.8:1;B.1.234:1;B.1.1.7:2;AY.103:2;BA.1:1;AY.4:1;BA.2:4;BA.5.2.1:3;B.1.526:1;AY.121:1;BA.2.13:1;BA.1.13:1;BA.5.2:1
2052026,BA.2_0.03_abundance_0.15,G4184A;T4264G;C4321T,ORF1a:G1307S;ORF1a:G1333G;ORF1a:A1352A,30,480,0.0625,2,BA.2:2
2052026,BA.2_0.03_abundance_0.15,A6132T;C6195G,ORF1a:K1956I;ORF1a:P1977R,91,711,0.1279887482419128,0,
2052026,BA.2_0.03_abundance_0.15,G9273C;T9279C;G9311A;G9335C;C9344T;A9353G;C9365A;G9414T;T9415G;A9424G;T9429A;C9534T,ORF1a:R3003T;ORF1a:V3005A;ORF1a:G3016R;ORF1a:V3024L;ORF1a:L3027F;ORF1a:M3030V;ORF1a:L3034I;ORF1a:G3050V;ORF1a:G3050G;ORF1a:V3053V;ORF1a:I3055N;ORF1a:T3090I,5,348,0.014367816091954,0,
2052026,BA.2_0.03_abundance_0.15,T9279C;C9344T;A9424G;C9534T,ORF1a:V3005A;ORF1a:L3027F;ORF1a:V3053V;ORF1a:T3090I,75,348,0.2155172413793103,9,BA.5.1:2;BQ.1.1.18:1;BA.2.75:2;BF.5:1;BA.4.6:1;BA.5.2.1:1;BQ.1.1.15:1
2052026,BA.2_0.03_abundance_0.15,T9279C;C9344T;A9424G,ORF1a:V3005A;ORF1a:L3027F;ORF1a:V3053V,14,420,0.0333333333333333,9,BA.5.1:2;BQ.1.1.18:1;BA.2.75:2;BF.5:1;BA.4.6:1;BA.5.2.1:1;BQ.1.1.15:1
2052026,BA.2_0.03_abundance_0.15,C9534T;T9622G,ORF1a:T3090I;ORF1a:D3119E,145,1623,0.0893407270486753,2,BF.8:1;CN.1:1
2052026,BA.2_0.03_abundance_0.15,G10439T;G10447A,ORF1a:A3392S;ORF1a:R3394R,85,347,0.2449567723342939,48,BA.2.9:14;BA.2.36:9;BA.2.75:1;BA.5.3.4:1;BA.5.1.22:7;BA.2:2;BF.7:1;CM.2:2;BF.3:6;BA.2.3:2;BF.5:1;BA.5.2.1:1;BA.2.12.1:1
2052026,BA.2_0.03_abundance_0.15,C11967G;T12017C;G12019A;C12029T;C12084G;T12109C;G12131T,ORF1a:A3901G;ORF1a:L3918L;ORF1a:L3918L;ORF1a:Q3922*;ORF1a:T3940S;ORF1a:F3948F;ORF1a:A3956S,48,3227,0.0148744964363185,0,
2052026,BA.2_0.03_abundance_0.15,G12310T;A12405G,ORF1a:Q4015H;ORF1a:N4047S,165,1722,0.0958188153310104,0,
2052026,BA.2_0.03_abundance_0.15,A12782C;A12800C;C12809A;C12830A;T12856G;T12874A;C12880T;A12898G;A12936C;A12951T;A12960C;A12977T,ORF1a:N4173H;ORF1a:R4179R;ORF1a:L4182I;ORF1a:Q4189K;ORF1a:P4197P;ORF1a:G4203G;ORF1a:I4205I;ORF1a:P4211P;ORF1a:K4224T;ORF1a:Y4229F;ORF1a:K4232T;ORF1a:N4238Y,32,1696,0.0188679245283018,0,
2052026,BA.2_0.03_abundance_0.15,T13079A;T13298C,ORF1a:F4272I;ORF1a:L4345L,722,2442,0.2956592956592956,0,
2052026,BA.2_0.03_abundance_0.15,C15714T;G15766A,ORF1b:L749L;ORF1b:V767M,874,2322,0.3763996554694229,1,BA.5.1:1
2052026,BA.2_0.03_abundance_0.15,C15714T;G15766A;T15804C,ORF1b:L749L;ORF1b:V767M;ORF1b:Y779Y,413,2320,0.1780172413793103,0,
2052026,BA.2_0.03_abundance_0.15,C15714T;T15804C,ORF1b:L749L;ORF1b:Y779Y,312,2320,0.1344827586206896,1442,BA.5.1:990;BA.2.12.1:14;BA.5.1.24:1;BA.5:37;BA.5.2:27;BA.2:147;BA.5.2.1:50;BA.5.2.20:8;BA.4.4:1;BF.4:16;BA.4.1:4;BA.2.9:24;BA.5.1.12:35;BF.5:2;BA.2.75:3;BA.5.1.7:3;BF.10:1;BA.2.3:9;BA.2.23:7;BF.7:3;BA.2.9.5:4;BA.2.10.3:1;BA.5.1.3:2;BA.5.5:5;BA.5.6:2;BA.4:1;BF.21:2;BA.4.6:7;BA.5.2.3:1;BA.2.5:1;AY.4:1;BF.6:12;BA.3:2;BA.2.76:3;BQ.1.1:3;BA.2.36:1;BA.5.2.28:1;BA.2.22:1;BA.2.10:4;BA.2.29:1;BE.3:1;BQ.1.1.17:1;BA.2.68:1;BE.5:1;BA.5.2.7:1
2052026,BA.2_0.03_abundance_0.15,G16212T;T16231G,ORF1b:M915I;ORF1b:L922V,73,1278,0.0571205007824726,0,
2052026,BA.2_0.03_abundance_0.15,A17217G;C17410T,ORF1b:I1250M;ORF1b:R1315C,1331,1734,0.7675893886966552,6,BA.2.66:1;BA.4.6:1;BA.2:3;BA.2.56:1
2052026,BA.2_0.03_abundance_0.15,C17410T;C17536A,ORF1b:R1315C;ORF1b:P1357T,17,243,0.0699588477366255,2,BA.2.18:2
2052026,BA.2_0.03_abundance_0.15,C17410T;T17685C,ORF1b:R1315C;ORF1b:D1406D,59,226,0.2610619469026549,272,BA.4.1:19;XBB.1:13;BA.2.12.1:4;BF.5:5;BA.4:5;BA.2:34;BA.2.9:4;BA.5.2.1:79;BA.4.6:3;BF.11:1;BQ.1:57;BA.5.2:12;BE.1:1;BA.2.75:4;BA.2.12.2:1;BA.5.1.5:1;BA.5.2.9:1;BA.5.1.22:1;BF.1:1;BA.5.1:6;BA.5.3.1:12;BE.1.1:1;AY.39:1;BA.2.18:1;BA.5:1;BA.5.5:2;BF.21:1;BF.10:1
2052026,BA.2_0.03_abundance_0.15,C17410T;A17431G;A17477C;A17482G;C17483A,ORF1b:R1315C;ORF1b:I1322V;ORF1b:K1337T;ORF1b:T1339A;ORF1b:T1339K,5,243,0.0205761316872428,0,
2052026,BA.2_0.03_abundance_0.15,A17431G;A17477C;A17482G;C17483A,ORF1b:I1322V;ORF1b:K1337T;ORF1b:T1339A;ORF1b:T1339K,26,2105,0.0123515439429928,0,
2052026,BA.2_0.03_abundance_0.15,C17536A;T17685C,ORF1b:P1357T;ORF1b:D1406D,96,1980,0.0484848484848484,0,
2052026,BA.2_0.03_abundance_0.15,G18627C;T18741A;C18747T;C18775G;A18798T;C18823A;C18828A;A18868C,ORF1b:K1720N;ORF1b:D1758E;ORF1b:V1760V;ORF1b:Q1770E;ORF1b:L1777L;ORF1b:Q1786K;ORF1b:V1787V;ORF1b:T1801P,5,271,0.018450184501845,0,
2052026,BA.2_0.03_abundance_0.15,T18741A;C18747T;C18775G;A18798T;C18823A;C18828A;A18868C,ORF1b:D1758E;ORF1b:V1760V;ORF1b:Q1770E;ORF1b:L1777L;ORF1b:Q1786K;ORF1b:V1787V;ORF1b:T1801P,24,1570,0.0152866242038216,0,
2052026,BA.2_0.03_abundance_0.15,C18928A;C19206T,ORF1b:P1821T;ORF1b:V1913V,6,257,0.0233463035019455,0,
2052026,BA.2_0.03_abundance_0.15,G20774C;A20782C,ORF1b:G2436A;ORF1b:M2439L,237,1281,0.1850117096018735,0,
2052026,BA.2_0.03_abundance_0.15,G22578A;C22674T;T22679C;C22686T;A22688G;A22724G;G22813T,S:G339D;S:S371F;S:S373P;S:S375F;S:T376A;S:N388D;S:K417N,35,186,0.1881720430107527,0,
2052026,BA.2_0.03_abundance_0.15,C23854A;G23948T;T24079G,S:N764K;S:D796Y;S:D839E,116,654,0.1773700305810397,28,BA.1.15:1;BA.1.1:3;BA.2:6;BA.1.1.15:2;BA.5.2.1:1;BA.2.3.1:2;BA.2.5:1;BA.5.1:8;BA.2.12.1:1;BA.2.36:1;BF.27:2
2052026,BA.2_0.03_abundance_0.15,C23854A;A23928G;G23948T,S:N764K;S:Y789C;S:D796Y,78,702,0.1111111111111111,0,
2052026,BA.2_0.03_abundance_0.15,C23854A;A23928G;G23948T;T24079G,S:N764K;S:Y789C;S:D796Y;S:D839E,17,654,0.0259938837920489,0,
2052026,BA.2_0.03_abundance_0.15,T24371A;A24424T,S:S937T;S:Q954H,228,655,0.3480916030534351,79,BE.1:19;BA.4.6:3;BF.5:1;BA.2.9:4;BA.1.17.2:1;BA.1.1:7;BA.2:26;BQ.1.1:2;BA.5.2.1:3;BA.5.6:1;BQ.1.1.18:1;BA.5.2.2:4;BA.2.75:1;BA.1:1;BA.2.12.1:2;BA.5.2:1;BF.7:1;BA.1.20:1
2052026,BA.2_0.03_abundance_0.15,A25462C;C25584T,ORF3a:T24P;ORF3a:T64T,555,830,0.6686746987951807,7,BA.1.1:6;BA.1.17:1
2052026,BA.2_0.03_abundance_0.15,C26270T;T26324G;C26340A;T26342C;A26358T;C26370A,E:T9I;E:L27W;E:A32A;E:I33T;E:R38R;E:Y42*,17,783,0.0217113665389527,0,
2052026,BA.2_0.03_abundance_0.15,C26270T;A26337T,E:T9I;E:L31L,325,783,0.4150702426564495,1,BA.2:1
2052026,BA.2_0.03_abundance_0.15,C26577G;G26709A;T26717A;C26858T,M:Q19E;M:A63T;M:F65L;M:F112F,402,3020,0.1331125827814569,0,
2052026,BA.2_0.03_abundance_0.15,C26577G;G26709A;T26717A,M:Q19E;M:A63T;M:F65L,62,3404,0.0182138660399529,2,BA.1:1;BA.1.1.1:1
2052026,BA.2_0.03_abundance_0.15,T27178A;A27187T;G27217A;A27234C;T27251G;A27259C;A27302G;A27313T;T27319G;G27366T;G27382C;T27384C;C27416G;A27417G,M:L219*;M:Q222L;ORF6:D6N;ORF6:I11I;ORF6:I17S;ORF6:R20R;ORF6:N34S;ORF6:K38*;ORF6:L40V;ORF6:E55D;ORF6:D61H;ORF6:D61D;ORF7a:A8G;ORF7a:A8A,9,509,0.0176817288801571,0,
2052026,BA.2_0.03_abundance_0.15,A27187T;G27217A;A27234C;T27251G;A27259C;A27302G;A27313T;T27319G;G27366T;G27382C;T27384C;C27416G;A27417G,M:Q222L;ORF6:D6N;ORF6:I11I;ORF6:I17S;ORF6:R20R;ORF6:N34S;ORF6:K38*;ORF6:L40V;ORF6:E55D;ORF6:D61H;ORF6:D61D;ORF7a:A8G;ORF7a:A8A,16,1201,0.0133222314737718,0,
2052026,BA.2_0.03_abundance_0.15,G27518T;T27586G;A27607C;G27659T;T27680G;C27684A;A27690T;A27691T,ORF7a:G42V;ORF7a:F65V;ORF7a:K72Q;ORF7a:R89I;ORF7a:L96R;ORF7a:Y97*;ORF7a:P99P;ORF7a:I100F,7,163,0.0429447852760736,0,
2052026,BA.2_0.03_abundance_0.15,T28187G;C28311T,ORF8:L98L;N:P13L,810,3016,0.2685676392572944,33,BQ.1.1.3:1;BA.2.12.1:2;BA.5.1:9;BA.5.2.1:1;BA.2:6;BA.2.3:3;BQ.1.1.6:1;BA.4:1;BA.2.3.13:4;BA.4.4:1;BA.5:1;BQ.1.12:1;BA.5.2:1;BF.5:1
2052026,BA.2_0.03_abundance_0.15,G29240A;G29262T,N:E323K;N:W330L,32,1638,0.0195360195360195,0,
2122026,BA.2_0.03_abundance_0.15,T276C;C366T;T369G,ORF1a:L4P;ORF1a:S34F;ORF1a:V35G,6,71,0.0845070422535211,0,
2122026,BA.2_0.03_abundance_0.15,C366T;T369G;C379T;A481T;C494G;A535T;T559G;A624C;A650C;T661A;T670G,ORF1a:S34F;ORF1a:V35G;ORF1a:V38V;ORF1a:K72N;ORF1a:R77G;ORF1a:A90A;ORF1a:G98G;ORF1a:K120T;ORF1a:K129Q;ORF1a:G132G;ORF1a:S135R,55,2413,0.0227932034811438,0,
2122026,BA.2_0.03_abundance_0.15,C395A;T670G,ORF1a:Q44K;ORF1a:S135R,85,2419,0.0351384869780901,29,BA.2.12.1:1;BA.5.1.12:6;BA.5.2.1:3;BA.5.1.27:1;BA.5.1:11;BA.2:3;BA.2.3.11:2;BQ.1.3:1;BA.2.75:1
2122026,BA.2_0.03_abundance_0.15,T670G;T858G,ORF1a:S135R;ORF1a:L198R,106,350,0.3028571428571429,0,
2122026,BA.2_0.03_abundance_0.15,C1026A;C1057G;T1081G;T1116A;A1133C;T1199C;C1201A;A1230C;A1249G;A1278C,ORF1a:P254H;ORF1a:D264E;ORF1a:N272K;ORF1a:I284N;ORF1a:K290Q;ORF1a:C312R;ORF1a:C312*;ORF1a:K322T;ORF1a:E328E;ORF1a:K338T,37,1936,0.0191115702479338,0,
2122026,BA.2_0.03_abundance_0.15,C1616T;T1654A;G1655T;A1810G;C1825G;G1855A;C1889T,ORF1a:L451F;ORF1a:I463I;ORF1a:V464F;ORF1a:K515K;ORF1a:A520A;ORF1a:L530L;ORF1a:R542C,53,2050,0.0258536585365853,0,
2122026,BA.2_0.03_abundance_0.15,C2892T;T2963A;C2976G;A2994T;A3003G;C3037T;T3055A;A3063T;A3098C,ORF1a:A876V;ORF1a:W900R;ORF1a:T904R;ORF1a:E910V;ORF1a:E913G;ORF1a:F924F;ORF1a:D930E;ORF1a:E933V;ORF1a:T945P,11,523,0.0210325047801147,0,
2122026,BA.2_0.03_abundance_0.15,T3031C;C3037T,ORF1a:C922C;ORF1a:F924F,93,560,0.1660714285714285,569,AY.33.2:5;BA.1:7;XBB.1:5;BA.5.1:15;P.1:3;BA.2.9:4;P.1.7:1;AY.109:36;B.1.617.2:80;BF.5:17;AY.118:1;BA.2.6:13;BA.2:18;AY.4:262;BA.1.1:9;AY.99.2:1;BE.4:1;BQ.1.3:3;AY.122:9;BA.2.12.1:3;BA.5.2:17;AY.39.1:1;AY.43:5;BA.1.17.2:1;BA.5.9:2;AY.5.4:1;AY.44:7;BA.1.20:3;AY.100:5;AY.127:1;B.1.2:1;AY.26:11;AY.60:4;AD.2:1;AY.25:1;AY.59:1;BA.1.15:1;AY.103:1;BA.5.1.5:2;BA.2.10.1:1;AY.47:1;B.1.1.519:2;BA.5.6:1;AY.102:1;BA.2.3:1;B.1.1.7:1;B.1.576:1;BA.1.1.2:1
2122026,BA.2_0.03_abundance_0.15,A3235G;C3315G;G3323C;A3327T;A3332T;G3371A;G3392A,ORF1a:Q990Q;ORF1a:T1017R;ORF1a:V1020L;ORF1a:Q1021L;ORF1a:I1023F;ORF1a:D1036N;ORF1a:A1043T,11,874,0.0125858123569794,0,
2122026,BA.2_0.03_abundance_0.15,A3269C;G3307C,ORF1a:I1002L;ORF1a:M1014I,20,939,0.0212992545260915,0,
2122026,BA.2_0.03_abundance_0.15,G3307C;C3315T,ORF1a:M1014I;ORF1a:T1017I,15,939,0.0159744408945686,0,
2122026,BA.2_0.03_abundance_0.15,G3728T;T3802C,ORF1a:G1155C;ORF1a:D1179D,112,839,0.133492252681764,1,BA.2.12.1:1
2122026,BA.2_0.03_abundance_0.15,G3728T;T3741A;T3802C,ORF1a:G1155C;ORF1a:I1159K;ORF1a:D1179D,100,839,0.1191895113230035,0,
2122026,BA.2_0.03_abundance_0.15,G3728T;T3741A,ORF1a:G1155C;ORF1a:I1159K,38,932,0.0407725321888412,0,
2122026,BA.2_0.03_abundance_0.15,T3741A;T3802C,ORF1a:I1159K;ORF1a:D1179D,215,839,0.2562574493444577,0,
2122026,BA.2_0.03_abundance_0.15,T3877G;A3887C;A3904C;T3968G;A4015C;A4044G,ORF1a:A1204A;ORF1a:K1208Q;ORF1a:P1213P;ORF1a:C1235G;ORF1a:T1250T;ORF1a:N1260S,14,645,0.0217054263565891,0,
2122026,BA.2_0.03_abundance_0.15,T4167G;C4194G;T4273C,ORF1a:I1301R;ORF1a:T1310S;ORF1a:G1336G,5,137,0.0364963503649635,0,
2122026,BA.2_0.03_abundance_0.15,T6820C;G6865A;A6921T,ORF1a:S2185S;ORF1a:K2200K;ORF1a:K2219M,17,670,0.0253731343283582,0,
2122026,BA.2_0.03_abundance_0.15,T7656G;A7886C,ORF1a:F2464C;ORF1a:I2541L,9,33,0.2727272727272727,0,
2122026,BA.2_0.03_abundance_0.15,G8018T;A8020T;T8038C;A8087T;T8119C;A8122T;A8159C;G8183T;A8211G;A8223T;A8241T,ORF1a:E2585*;ORF1a:E2585D;ORF1a:F2591F;ORF1a:K2608*;ORF1a:A2618A;ORF1a:E2619D;ORF1a:T2632P;ORF1a:G2640W;ORF1a:K2649R;ORF1a:E2653V;ORF1a:H2659L,33,1295,0.0254826254826254,0,
2122026,BA.2_0.03_abundance_0.15,G8404C;T8431C;A8446C;A8474C;A8475G,ORF1a:W2713C;ORF1a:S2722S;ORF1a:K2727N;ORF1a:N2737H;ORF1a:N2737S,9,435,0.0206896551724137,0,
2122026,BA.2_0.03_abundance_0.15,G8952T;T8978G;G8999A;G9014C;G9035C;G9063C;G9083C;C9159G;G9182C;G9190C;A9197C,ORF1a:C2896F;ORF1a:Y2905D;ORF1a:A2912T;ORF1a:A2917P;ORF1a:D2924H;ORF1a:C2933S;ORF1a:E2940Q;ORF1a:P2965R;ORF1a:V2973L;ORF1a:V2975V;ORF1a:T2978P,20,1378,0.0145137880986937,0,
2122026,BA.2_0.03_abundance_0.15,C9096G;G9211A,ORF1a:A2944G;ORF1a:E2982E,258,1343,0.1921072226358898,0,
2122026,BA.2_0.03_abundance_0.15,C9096G;T9135C,ORF1a:A2944G;ORF1a:M2957T,74,1385,0.0534296028880866,0,
2122026,BA.2_0.03_abundance_0.15,C9096G;T9135C;G9211A,ORF1a:A2944G;ORF1a:M2957T;ORF1a:E2982E,44,1343,0.0327624720774385,0,
2122026,BA.2_0.03_abundance_0.15,T9135C;G9211A,ORF1a:M2957T;ORF1a:E2982E,17,1343,0.0126582278481012,0,
2122026,BA.2_0.03_abundance_0.15,A9238T;A9243G;G9273C;G9311A;G9335C;C9344T;A9353G;C9365A;G9414T;T9415G;A9424G;T9429A;T9455G;A9496G;T9513A;C9534T;T9540C,ORF1a:R2991S;ORF1a:E2993G;ORF1a:R3003T;ORF1a:G3016R;ORF1a:V3024L;ORF1a:L3027F;ORF1a:M3030V;ORF1a:L3034I;ORF1a:G3050V;ORF1a:G3050G;ORF1a:V3053V;ORF1a:I3055N;ORF1a:F3064V;ORF1a:V3077V;ORF1a:L3083*;ORF1a:T3090I;ORF1a:L3092P,5,97,0.0515463917525773,0,
2122026,BA.2_0.03_abundance_0.15,A9328C;C9344T;A9424G;C9534T,ORF1a:V3021V;ORF1a:L3027F;ORF1a:V3053V;ORF1a:T3090I,28,405,0.0691358024691358,0,
2122026,BA.2_0.03_abundance_0.15,A9328C;C9344T;A9424G,ORF1a:V3021V;ORF1a:L3027F;ORF1a:V3053V,6,475,0.0126315789473684,0,
2122026,BA.2_0.03_abundance_0.15,C9534T;G9718C,ORF1a:T3090I;ORF1a:K3151N,166,617,0.2690437601296596,0,
2122026,BA.2_0.03_abundance_0.15,C9534T;T9540C;C9745A;G9770A,ORF1a:T3090I;ORF1a:L3092P;ORF1a:Y3160*;ORF1a:G3169S,15,566,0.0265017667844522,0,
2122026,BA.2_0.03_abundance_0.15,A10760G;A10767G;T10769G;A10781G;A10884T;C10969G,ORF1a:K3499E;ORF1a:N3501S;ORF1a:Y3502D;ORF1a:T3506A;ORF1a:N3540I;ORF1a:F3568L,27,1214,0.0222405271828665,0,
2122026,BA.2_0.03_abundance_0.15,A11041T;T11045A;C11060G;T11137C;C11152T;T11180G;G11198T;C11208G;G11222A;A11237T;A11270T;T11309C;G11312T,ORF1a:L3592F;ORF1a:L3594I;ORF1a:Q3599E;ORF1a:F3624F;ORF1a:V3629V;ORF1a:F3639V;ORF1a:A3645S;ORF1a:A3648G;ORF1a:V3653I;ORF1a:S3658C;ORF1a:M3669L;ORF1a:C3682R;ORF1a:V3683F,19,1024,0.0185546875,0,
2122026,BA.2_0.03_abundance_0.15,T11918G;C11967G;T12017C;G12019A;C12029T;C12084G;T12109C;G12131T;T12204C,ORF1a:S3885A;ORF1a:A3901G;ORF1a:L3918L;ORF1a:L3918L;ORF1a:Q3922*;ORF1a:T3940S;ORF1a:F3948F;ORF1a:A3956S;ORF1a:L3980S,70,2705,0.0258780036968576,0,
2122026,BA.2_0.03_abundance_0.15,T12204C;A12250G;A12272G;A12306C;A12307T;G12311A;A12337T;G12373C;T12375A;A12397G;G12419T,ORF1a:L3980S;ORF1a:A3995A;ORF1a:K4003E;ORF1a:K4014T;ORF1a:K4014N;ORF1a:A4016T;ORF1a:K4024N;ORF1a:M4036I;ORF1a:L4037H;ORF1a:A4044A;ORF1a:A4052S,47,1333,0.0352588147036759,0,
2122026,BA.2_0.03_abundance_0.15,A12782C;A12800C;C12809A;C12830A;T12856G;T12874A;C12880T;A12898G;A12936C;A12951T;A12960C;A12977T;G12989A;C13047G,ORF1a:N4173H;ORF1a:R4179R;ORF1a:L4182I;ORF1a:Q4189K;ORF1a:P4197P;ORF1a:G4203G;ORF1a:I4205I;ORF1a:P4211P;ORF1a:K4224T;ORF1a:Y4229F;ORF1a:K4232T;ORF1a:N4238Y;ORF1a:V4242I;ORF1a:P4261R,35,1327,0.0263752825923134,0,
2122026,BA.2_0.03_abundance_0.15,C13047G;A13129C;C13130G;A13204C;T13227C;C13236T;T13241C;G13293A;A13300T;T13331A,ORF1a:P4261R;ORF1a:G4288G;ORF1a:Q4289E;ORF1a:E4313D;ORF1a:F4321S;ORF1a:A4324V;ORF1a:C4326R;ORF1a:C4343Y;ORF1a:L4345F;ORF1a:C4356S,16,1341,0.01193139448173,0,
2122026,BA.2_0.03_abundance_0.15,C13047G;C13130G;A13204C;T13227C;C13236T;T13241C;G13293A;A13300T;T13331A,ORF1a:P4261R;ORF1a:Q4289E;ORF1a:E4313D;ORF1a:F4321S;ORF1a:A4324V;ORF1a:C4326R;ORF1a:C4343Y;ORF1a:L4345F;ORF1a:C4356S,19,1341,0.0141685309470544,0,
2122026,BA.2_0.03_abundance_0.15,A13129C;A13186G,ORF1a:G4288G;ORF1a:A4307A,190,1486,0.1278600269179004,0,
2122026,BA.2_0.03_abundance_0.15,A13691T;T13705G;A13712G;C13808T,ORF1b:E75V;ORF1b:L80V;ORF1b:K82R;ORF1b:T114I,7,366,0.0191256830601092,0,
2122026,BA.2_0.03_abundance_0.15,C14006A;T14042G;T14064C;T14082G;A14107T;C14114A;C14115A;T14132C;T14152C;G14260T,ORF1b:T180K;ORF1b:I192S;ORF1b:D199D;ORF1b:G205G;ORF1b:I214L;ORF1b:T216N;ORF1b:T216T;ORF1b:V222A;ORF1b:Y229H;ORF1b:D265Y,5,280,0.0178571428571428,0,
2122026,BA.2_0.03_abundance_0.15,C14006A;T14042G;T14064C;T14082G;A14107T;C14114A;C14115A;T14132C;T14152C,ORF1b:T180K;ORF1b:I192S;ORF1b:D199D;ORF1b:G205G;ORF1b:I214L;ORF1b:T216N;ORF1b:T216T;ORF1b:V222A;ORF1b:Y229H,11,755,0.014569536423841,0,
2122026,BA.2_0.03_abundance_0.15,G14260T;A14302G;C14318A;A14339G;A14355G;C14408T;T14418C;A14457T,ORF1b:D265Y;ORF1b:K279E;ORF1b:T284K;ORF1b:N291S;ORF1b:R296R;ORF1b:P314L;ORF1b:F317F;ORF1b:P330P,14,571,0.0245183887915936,0,
2122026,BA.2_0.03_abundance_0.15,G15285A;G15406T,ORF1b:M606I;ORF1b:A647S,129,2944,0.0438179347826086,0,
2122026,BA.2_0.03_abundance_0.15,T15560G;A15582C;T15584C;A15626T;T15686G;C15714T;T15733C;T15817A;G15850A,ORF1b:L698R;ORF1b:K705N;ORF1b:I706T;ORF1b:E720V;ORF1b:L740W;ORF1b:L749L;ORF1b:C756R;ORF1b:F784I;ORF1b:D795N,28,682,0.0410557184750733,0,
2122026,BA.2_0.03_abundance_0.15,T15560G;A15582C;T15584C;A15626T;T15686G;C15714T;T15733C;T15817A,ORF1b:L698R;ORF1b:K705N;ORF1b:I706T;ORF1b:E720V;ORF1b:L740W;ORF1b:L749L;ORF1b:C756R;ORF1b:F784I,70,3070,0.022801302931596,0,
2122026,BA.2_0.03_abundance_0.15,C15714T;G15850A,ORF1b:L749L;ORF1b:D795N,11,684,0.0160818713450292,131,BA.2.36:2;XBB.1:2;BA.5.1:12;BF.7:28;BA.5.2.1:3;BA.5.2:12;BA.2:21;BQ.1.1.18:2;BQ.1.1:30;BA.4:4;BA.5.2.26:2;BQ.1:1;BA.2.12.1:3;BA.2.3:1;BA.5.1.22:1;BA.2.10:1;BF.5:1;BA.5.2.19:1;BQ.1.23:1;BE.1.1:1;BA.2.9:1;BA.2.29:1
2122026,BA.2_0.03_abundance_0.15,T15880C;T15953A;T16023G;T16024C;T16025G;C16028T;G16075A,ORF1b:S805P;ORF1b:L829Q;ORF1b:S852S;ORF1b:L853L;ORF1b:L853*;ORF1b:A854V;ORF1b:D870N,39,1785,0.0218487394957983,0,
2122026,BA.2_0.03_abundance_0.15,C16234T;C16247G;T16287C;A16318C;A16341C;T16366A,ORF1b:Q923*;ORF1b:A927G;ORF1b:G940G;ORF1b:K951Q;ORF1b:I958I;ORF1b:S967T,10,272,0.0367647058823529,0,
2122026,BA.2_0.03_abundance_0.15,T16796A;T16860G;T17016A;C17069G,ORF1b:V1110E;ORF1b:A1131A;ORF1b:D1183E;ORF1b:S1201C,23,882,0.0260770975056689,0,
2122026,BA.2_0.03_abundance_0.15,C16806G;G16897C,ORF1b:N1113K;ORF1b:V1144L,11,943,0.0116648992576882,0,
2122026,BA.2_0.03_abundance_0.15,C17410T;C17481A,ORF1b:R1315C;ORF1b:G1338G,59,172,0.3430232558139535,9,BA.5.2:1;BA.2:3;BA.5.8:2;BA.5.2.1:2;BA.4.1:1
2122026,BA.2_0.03_abundance_0.15,C17410T;C17481A;A17609T,ORF1b:R1315C;ORF1b:G1338G;ORF1b:D1381V,10,172,0.0581395348837209,0,
2122026,BA.2_0.03_abundance_0.15,C17410T;A17609T,ORF1b:R1315C;ORF1b:D1381V,19,172,0.1104651162790697,13,BA.2:11;BA.2.38:1;BA.5.2.6:1
2122026,BA.2_0.03_abundance_0.15,C17481A;A17609T,ORF1b:G1338G;ORF1b:D1381V,68,1445,0.0470588235294117,0,
2122026,BA.2_0.03_abundance_0.15,C18419A;T18435G;C18460G;C18493G;A18503C;T18521G;A18563T;T18608G;G18627C,ORF1b:T1651K;ORF1b:D1656E;ORF1b:P1665A;ORF1b:L1676V;ORF1b:K1679T;ORF1b:V1685G;ORF1b:K1699I;ORF1b:F1714C;ORF1b:K1720N,7,172,0.0406976744186046,0,
2122026,BA.2_0.03_abundance_0.15,G18627C;T18741A;C18747T;C18775G;A18798T;C18823A;C18828A;A18868C,ORF1b:K1720N;ORF1b:D1758E;ORF1b:V1760V;ORF1b:Q1770E;ORF1b:L1777L;ORF1b:Q1786K;ORF1b:V1787V;ORF1b:T1801P,7,406,0.0172413793103448,0,
2122026,BA.2_0.03_abundance_0.15,G18627C;T18741A;C18747T;C18775G;A18794T;A18798T;C18823A;C18828A;A18868C,ORF1b:K1720N;ORF1b:D1758E;ORF1b:V1760V;ORF1b:Q1770E;ORF1b:N1776I;ORF1b:L1777L;ORF1b:Q1786K;ORF1b:V1787V;ORF1b:T1801P,7,406,0.0172413793103448,0,
2122026,BA.2_0.03_abundance_0.15,T18741A;C18747T;C18775G;A18798T;C18823A;C18828A;A18868C,ORF1b:D1758E;ORF1b:V1760V;ORF1b:Q1770E;ORF1b:L1777L;ORF1b:Q1786K;ORF1b:V1787V;ORF1b:T1801P,26,2486,0.0104585679806918,0,
2122026,BA.2_0.03_abundance_0.15,T18741A;C18747T;C18775G;A18794T;A18798T;C18823A;C18828A;A18868C,ORF1b:D1758E;ORF1b:V1760V;ORF1b:Q1770E;ORF1b:N1776I;ORF1b:L1777L;ORF1b:Q1786K;ORF1b:V1787V;ORF1b:T1801P,30,2486,0.0120675784392598,0,
2122026,BA.2_0.03_abundance_0.15,A18794T;A18818C,ORF1b:N1776I;ORF1b:Y1784S,268,2655,0.1009416195856873,0,
2122026,BA.2_0.03_abundance_0.15,T19025G;C19097G;T19139G;G19193T;A19210C;C19220A;T19224C,ORF1b:L1853R;ORF1b:A1877G;ORF1b:F1891C;ORF1b:W1909L;ORF1b:R1915R;ORF1b:A1918D;ORF1b:N1919N,43,2810,0.0153024911032028,0,
2122026,BA.2_0.03_abundance_0.15,T19025G;C19097G;T19139G;G19193T;A19196T;A19210C;C19220A;T19224C,ORF1b:L1853R;ORF1b:A1877G;ORF1b:F1891C;ORF1b:W1909L;ORF1b:N1910I;ORF1b:R1915R;ORF1b:A1918D;ORF1b:N1919N,32,2810,0.0113879003558718,0,
2122026,BA.2_0.03_abundance_0.15,C21707A;G21746C;C21762A;C21840T;T21841G;T21842G;A21865C;A21875T;C21903G;T21940A;G21950T;G21987A,S:H49N;S:V62L;S:A67D;S:A93V;S:A93A;S:S94A;S:I101I;S:I105F;S:T114S;S:V126V;S:V130F;S:G142D,20,1270,0.0157480314960629,0,
2122026,BA.2_0.03_abundance_0.15,T21722A;G21987A,S:L54M;S:G142D,490,1270,0.3858267716535433,18,AY.26:1;AY.103:1;BA.5.2:13;BA.5.2.1:1;AY.44:1;AY.101:1
2122026,BA.2_0.03_abundance_0.15,T22200G;A22253C,S:V213G;S:I231L,238,1821,0.1306974190005491,0,
2122026,BA.2_0.03_abundance_0.15,G22578A;C22674T;T22679C;C22686T;A22688G;A22719C;G22775A;A22786C;G22813T,S:G339D;S:S371F;S:S373P;S:S375F;S:T376A;S:K386T;S:D405N;S:R408S;S:K417N,1092,1562,0.6991037131882202,0,
2122026,BA.2_0.03_abundance_0.15,G22578A;C22674T;T22679C;C22686T;A22688G;A22719C;G22775A;A22786C;G22813T;C22838G,S:G339D;S:S371F;S:S373P;S:S375F;S:T376A;S:K386T;S:D405N;S:R408S;S:K417N;S:P426A,94,1538,0.0611183355006502,0,
2122026,BA.2_0.03_abundance_0.15,G22578A;C22674T;T22679C;C22686T;A22688G;A22719C,S:G339D;S:S371F;S:S373P;S:S375F;S:T376A;S:K386T,97,1687,0.0574985180794309,0,
2122026,BA.2_0.03_abundance_0.15,G22578A;C22674T;T22679C;C22686T;A22688G;G22775A;A22786C;G22813T;C22838G,S:G339D;S:S371F;S:S373P;S:S375F;S:T376A;S:D405N;S:R408S;S:K417N;S:P426A,33,1538,0.0214564369310793,0,
2122026,BA.2_0.03_abundance_0.15,C22838G;G22992A;C22995A;A23013C;A23040G;A23055G,S:P426A;S:S477N;S:T478K;S:E484A;S:Q493R;S:Q498R,28,272,0.1029411764705882,2,BA.2.12.1:1;BA.1:1
2122026,BA.2_0.03_abundance_0.15,T23189C;A23232C;T23287A;A23305C;C23327G;T23338A;G23340C;A23379T;A23403G;T23421C;G23438C;C23439G;A23445T;A23446C;G23465A;T23466C,S:F543L;S:K557T;S:A575A;S:T581T;S:P589A;S:F592L;S:G593A;S:N606I;S:D614G;S:V620A;S:A626P;S:A626G;S:Q628L;S:Q628H;S:V635I;S:V635A,86,3628,0.0237045203969128,0,
2122026,BA.2_0.03_abundance_0.15,C23854A;G23948T;T24024C,S:N764K;S:D796Y;S:L821P,571,1009,0.5659068384539148,0,
2122026,BA.2_0.03_abundance_0.15,A24424T;G24649T,S:Q954H;S:M1029I,31,100,0.31,17,BA.2.12.1:2;BA.5.2.1:1;BA.2.9:1;BA.2.3.1:1;BA.5.1.22:4;BA.2:1;BA.5:1;BE.1.1:4;BA.5.1:1;BA.2.10:1
2122026,BA.2_0.03_abundance_0.15,A24791C;C24792A;C24909A;T24929A;T24946G;A24952G;C24990A;C25000T;T25001G,S:T1077P;S:T1077N;S:T1116N;S:S1123T;S:V1128V;S:I1130M;S:P1143H;S:D1146D;S:S1147A,72,2393,0.0300877559548683,0,
2122026,BA.2_0.03_abundance_0.15,G25364A;A25426G;T25434C;G25437A;C25487G;A25512G;T25520C;G25540A;T25557C;C25584T;G25593T;C25603T;T25604G;G25606C,S:V1268I;ORF3a:T12A;ORF3a:T14T;ORF3a:L15L;ORF3a:T32S;ORF3a:S40S;ORF3a:F43S;ORF3a:V50I;ORF3a:V55V;ORF3a:T64T;ORF3a:K67N;ORF3a:L71L;ORF3a:L71R;ORF3a:A72P,49,1869,0.0262172284644194,0,
2122026,BA.2_0.03_abundance_0.15,T25479A;C25584T,ORF3a:V29V;ORF3a:T64T,195,1884,0.1035031847133758,20,BA.5.2:2;BA.5.5:9;BA.2:2;BA.1.1.1:3;BA.2.12.1:2;BA.5.2.1:1;BA.1.15.2:1
2122026,BA.2_0.03_abundance_0.15,C26250G;C26270T,E:Y2*;E:T9I,10,447,0.0223713646532438,0,
2122026,BA.2_0.03_abundance_0.15,C26250G;C26270T;A26319C,E:Y2*;E:T9I;E:V25V,6,444,0.0135135135135135,0,
2122026,BA.2_0.03_abundance_0.15,A26253G;C26270T,E:S3S;E:T9I,7,447,0.0156599552572706,182,BA.5.1:38;BA.2.12.1:4;BA.2:51;BA.1.15:10;BA.5.2.1:28;BF.31.1:1;BA.2.75:10;BA.1.1:14;BA.5.5.2:3;BA.2.13.1:4;BA.1.20:3;BF.10:3;BA.4.1.1:2;BA.5.2.28:4;BA.1:2;BA.5.2.20:1;BA.5.2:1;BA.1.1.1:1;BA.2.9:2
2122026,BA.2_0.03_abundance_0.15,C26256T;C26270T;T26324G;C26340A;T26342C;A26358T;C26370A;T26543C,E:F4F;E:T9I;E:L27W;E:A32A;E:I33T;E:R38R;E:Y42*;M:T7T,12,325,0.0369230769230769,0,
2122026,BA.2_0.03_abundance_0.15,C26270T;A26319C,E:T9I;E:V25V,120,444,0.2702702702702703,38,BA.1.17:34;BA.1.15:1;BA.2:2;BA.1.1:1
2122026,BA.2_0.03_abundance_0.15,C26270T;A26319C;T26410A,E:T9I;E:V25V;E:F56I,5,444,0.0112612612612612,0,
2122026,BA.2_0.03_abundance_0.15,C26642G;T26677A;A26702G;G26709A;T26723C;G26727A;T26756G;C26768G;T26819G;C26845A;C26858T;A26874C,M:A40A;M:I52N;M:V60V;M:A63T;M:L67L;M:A69T;M:G78G;M:I82M;M:S99S;M:S108Y;M:F112F;M:I118L,28,1125,0.0248888888888888,0,
2122026,BA.2_0.03_abundance_0.15,C26642G;T26677A;A26702G;G26709A;T26723C;G26727A;T26756G;C26768G;T26819G;C26845A;C26858T,M:A40A;M:I52N;M:V60V;M:A63T;M:L67L;M:A69T;M:G78G;M:I82M;M:S99S;M:S108Y;M:F112F,34,2520,0.0134920634920634,0,
2122026,BA.2_0.03_abundance_0.15,A26703T;G26709A;C26858T,M:T61S;M:A63T;M:F112F,627,2525,0.2483168316831683,0,
2122026,BA.2_0.03_abundance_0.15,A26703T;G26709A,M:T61S;M:A63T,97,2874,0.0337508698677801,2,BA.1.1:2
2122026,BA.2_0.03_abundance_0.15,C26858T;T26906G,M:F112F;M:I128M,5,33,0.1515151515151515,10,BA.2.9:10
2122026,BA.2_0.03_abundance_0.15,C26858T;T26906G;C27116T,M:F112F;M:I128M;M:R198R,5,31,0.1612903225806451,0,
2122026,BA.2_0.03_abundance_0.15,C26858T;C27116T,M:F112F;M:R198R,9,31,0.2903225806451613,95,BA.2.12.1:9;BA.2:73;BA.4:2;BA.4.1:1;BA.2.72:1;BA.2.38:2;BA.4.4:2;BA.4.6:1;BA.2.9:1;B.1.617.2:2;BA.2.68:1
2122026,BA.2_0.03_abundance_0.15,T26906G;C27116T,M:I128M;M:R198R,65,505,0.1287128712871287,0,
2122026,BA.2_0.03_abundance_0.15,T26906G;C26911T;C27116T,M:I128M;M:T130I;M:R198R,6,505,0.0118811881188118,0,
2122026,BA.2_0.03_abundance_0.15,C26911T;C27116T,M:T130I;M:R198R,7,505,0.0138613861386138,0,
2122026,BA.2_0.03_abundance_0.15,T27178A;A27187T;G27217A;A27234C;T27251G;A27302G;A27313T;T27319G;G27366T;G27382C;A27383T;T27384C;C27416G;A27417G,M:L219*;M:Q222L;ORF6:D6N;ORF6:I11I;ORF6:I17S;ORF6:N34S;ORF6:K38*;ORF6:L40V;ORF6:E55D;ORF6:D61H;ORF6:D61V;ORF6:D61D;ORF7a:A8G;ORF7a:A8A,7,272,0.025735294117647,0,
2122026,BA.2_0.03_abundance_0.15,A27187T;G27217A;A27234C;T27251G;A27302G;A27313T;T27319G;G27366T;G27382C;A27383T;T27384C;C27416G;A27417G,M:Q222L;ORF6:D6N;ORF6:I11I;ORF6:I17S;ORF6:N34S;ORF6:K38*;ORF6:L40V;ORF6:E55D;ORF6:D61H;ORF6:D61V;ORF6:D61D;ORF7a:A8G;ORF7a:A8A,13,714,0.0182072829131652,0,
2122026,BA.2_0.03_abundance_0.15,T27251C;G27382C;A27383T;T27384C,ORF6:I17T;ORF6:D61H;ORF6:D61V;ORF6:D61D,35,719,0.0486787204450625,33,BA.4.6:4;BA.2:28;BA.2.10:1
2122026,BA.2_0.03_abundance_0.15,T27826G;T27851G;A27859T;T27863C;C27944T;T27953A;T28002A;T28017A;T28029C;A28126C,ORF7b:M24R;ORF7b:L32L;ORF7b:Q35L;ORF7b:D36D;ORF8:H17H;ORF8:C20*;ORF8:C37S;ORF8:Y42N;ORF8:Y46H;ORF8:N78T,10,447,0.0223713646532438,0,
2122026,BA.2_0.03_abundance_0.15,A28126C;G28178T;C28205A;T28206A;C28311T;G28325T;C28377T;A28387C,ORF8:N78T;ORF8:L95F;ORF8:F104L;ORF8:Y105N;N:P13L;N:G18C;N:A35V;N:K38N,32,1699,0.0188346085932901,0,
2122026,BA.2_0.03_abundance_0.15,A28126C;G28178T;C28205A;T28206A;C28311T;G28325T;C28377T;A28387C;G28429T,ORF8:N78T;ORF8:L95F;ORF8:F104L;ORF8:Y105N;N:P13L;N:G18C;N:A35V;N:K38N;N:W52C,10,309,0.0323624595469255,0,
2122026,BA.2_0.03_abundance_0.15,G28429T;G28479A;A28496G;C28500T;C28512A;C28542T;A28549C;A28571T;T28640G;T28667A;C28708A,N:W52C;N:G69E;N:N75D;N:T76I;N:P80Q;N:A90V;N:R92S;N:K100*;N:Y123D;N:W132R;N:H145Q,11,585,0.0188034188034188,0,
2122026,BA.2_0.03_abundance_0.15,G28429T;G28479A;A28496G;C28500T;C28512A;C28542T;A28549C;A28571T;G28620C;T28640G;T28667A;C28708A,N:W52C;N:G69E;N:N75D;N:T76I;N:P80Q;N:A90V;N:R92S;N:K100*;N:G116A;N:Y123D;N:W132R;N:H145Q,6,585,0.0102564102564102,0,
2122026,BA.2_0.03_abundance_0.15,G28479A;A28496G;C28500T;C28512A;C28542T;A28549C;A28571T;T28640G;T28667A;C28708A,N:G69E;N:N75D;N:T76I;N:P80Q;N:A90V;N:R92S;N:K100*;N:Y123D;N:W132R;N:H145Q,39,1923,0.0202808112324493,0,
2122026,BA.2_0.03_abundance_0.15,C29045G;A29078C;G29135A;A29168G;C29198G;C29211G;A29237T;G29240A;G29262T;C29268G;T29308G,N:P258A;N:N269H;N:D288N;N:K299E;N:P309A;N:A313G;N:M322L;N:E323K;N:W330L;N:T332S;N:N345K,53,1999,0.0265132566283141,0,
2192026,BA.2_0.03_abundance_0.15,T276C;C320A,ORF1a:L4P;ORF1a:P19T,13,649,0.0200308166409861,0,
2192026,BA.2_0.03_abundance_0.15,T276C;C320A;C366T;T369G,ORF1a:L4P;ORF1a:P19T;ORF1a:S34F;ORF1a:V35G,15,386,0.038860103626943,0,
2192026,BA.2_0.03_abundance_0.15,C366T;T369G;C379T;A481T;C494G;G524T;A535T;T559G;A624C;A650C;T661A;T670G,ORF1a:S34F;ORF1a:V35G;ORF1a:V38V;ORF1a:K72N;ORF1a:R77G;ORF1a:E87*;ORF1a:A90A;ORF1a:G98G;ORF1a:K120T;ORF1a:K129Q;ORF1a:G132G;ORF1a:S135R,61,2697,0.0226177233963663,0,
2192026,BA.2_0.03_abundance_0.15,C366T;T369G;C379T;A481T;C494G;A535T;T559G;A624C;A650C;T661A;T670G,ORF1a:S34F;ORF1a:V35G;ORF1a:V38V;ORF1a:K72N;ORF1a:R77G;ORF1a:A90A;ORF1a:G98G;ORF1a:K120T;ORF1a:K129Q;ORF1a:G132G;ORF1a:S135R,62,2697,0.0229885057471264,0,
2192026,BA.2_0.03_abundance_0.15,G524T;T670G,ORF1a:E87*;ORF1a:S135R,1238,2709,0.4569952011812477,2,BA.2:1;BA.5.1:1
2192026,BA.2_0.03_abundance_0.15,T670G;C843G,ORF1a:S135R;ORF1a:P193R,193,377,0.5119363395225465,2,BA.5.2.8:1;BQ.1:1
2192026,BA.2_0.03_abundance_0.15,T670G;G957A,ORF1a:S135R;ORF1a:C231Y,15,339,0.0442477876106194,42,BA.2:7;BA.5.1:7;BA.2.12.1:1;BA.4:2;BF.8:2;BA.5.1.4:3;BF.26:2;BA.5.2.9:1;BM.1.1.1:1;BQ.1.1:1;BA.5.2.1:3;BA.5.2:3;BA.5.5:1;BA.2.3.6:1;BA.5.1.24:1;BE.1:3;BE.1.1:1;BF.7:1;BA.5.1.30:1
2192026,BA.2_0.03_abundance_0.15,T670G;C843G;G957A,ORF1a:S135R;ORF1a:P193R;ORF1a:C231Y,9,339,0.0265486725663716,0,
2192026,BA.2_0.03_abundance_0.15,C843G;G957A,ORF1a:P193R;ORF1a:C231Y,143,3296,0.043385922330097,0,
2192026,BA.2_0.03_abundance_0.15,C1026A;C1057G;T1081G;T1116A;A1133C;T1199C;C1201A;A1230C;A1249G;A1278C,ORF1a:P254H;ORF1a:D264E;ORF1a:N272K;ORF1a:I284N;ORF1a:K290Q;ORF1a:C312R;ORF1a:C312*;ORF1a:K322T;ORF1a:E328E;ORF1a:K338T,36,796,0.0452261306532663,0,
2192026,BA.2_0.03_abundance_0.15,C1616T;T1654A;G1655T;A1810G;C1825G;G1855A;C1889T,ORF1a:L451F;ORF1a:I463I;ORF1a:V464F;ORF1a:K515K;ORF1a:A520A;ORF1a:L530L;ORF1a:R542C,112,2756,0.0406386066763425,0,
2192026,BA.2_0.03_abundance_0.15,C2892T;T2963A;C2976G;A2994T;A3003G;C3037T;T3055A;A3063T;A3098C;T3112G;T3124C,ORF1a:A876V;ORF1a:W900R;ORF1a:T904R;ORF1a:E910V;ORF1a:E913G;ORF1a:F924F;ORF1a:D930E;ORF1a:E933V;ORF1a:T945P;ORF1a:Y949*;ORF1a:D953D,24,615,0.0390243902439024,0,
2192026,BA.2_0.03_abundance_0.15,A3235G;A3274G;C3315G;G3323C;A3327T;A3332T;G3371A;G3392A;A3396G;A3408C;T3432A;A3461G;T3477G;G3479T,ORF1a:Q990Q;ORF1a:Q1003Q;ORF1a:T1017R;ORF1a:V1020L;ORF1a:Q1021L;ORF1a:I1023F;ORF1a:D1036N;ORF1a:A1043T;ORF1a:D1044G;ORF1a:E1048A;ORF1a:V1056E;ORF1a:K1066E;ORF1a:V1071G;ORF1a:A1072S,11,318,0.0345911949685534,0,
2192026,BA.2_0.03_abundance_0.15,A3274G;G3287T,ORF1a:Q1003Q;ORF1a:V1008F,13,384,0.0338541666666666,0,
2192026,BA.2_0.03_abundance_0.15,G4678C;T4693G;C4716T;A4731T;T4738A;T4771G;A4926G,ORF1a:V1471V;ORF1a:S1476S;ORF1a:T1484I;ORF1a:Y1489F;ORF1a:T1491T;ORF1a:I1502M;ORF1a:D1554G,8,225,0.0355555555555555,0,
2192026,BA.2_0.03_abundance_0.15,G4678C;T4693G;C4716T;A4731T;T4738A;T4771G;T4915G;A4926G,ORF1a:V1471V;ORF1a:S1476S;ORF1a:T1484I;ORF1a:Y1489F;ORF1a:T1491T;ORF1a:I1502M;ORF1a:V1550V;ORF1a:D1554G,5,225,0.0222222222222222,0,
2192026,BA.2_0.03_abundance_0.15,T5916C;A5938T;A5949T;T6006G;A6013G;C6021T;A6090C;T6115G;T6174C;G6220T,ORF1a:L1884S;ORF1a:E1891D;ORF1a:K1895M;ORF1a:L1914R;ORF1a:P1916P;ORF1a:P1919L;ORF1a:N1942T;ORF1a:P1950P;ORF1a:I1970T;ORF1a:L1985F,13,406,0.0320197044334975,0,
2192026,BA.2_0.03_abundance_0.15,G6220T;C6286A;A6332T;C6363G;A6375C;A6400G;G6413A,ORF1a:L1985F;ORF1a:T2007T;ORF1a:N2023Y;ORF1a:A2033G;ORF1a:D2037A;ORF1a:K2045K;ORF1a:E2050K,19,358,0.053072625698324,0,
2192026,BA.2_0.03_abundance_0.15,G6557C;T6580A;A6581C;A6601G;T6634C;T6643G;A6677C;G6713T,ORF1a:A2098P;ORF1a:L2105L;ORF1a:T2106P;ORF1a:E2112E;ORF1a:A2123A;ORF1a:G2126G;ORF1a:I2138L;ORF1a:V2150F,6,130,0.0461538461538461,0,
2192026,BA.2_0.03_abundance_0.15,C7101A;T7157A;T7166G;C7173G;T7217C;A7242G;G7294C,ORF1a:A2279E;ORF1a:L2298I;ORF1a:Y2301D;ORF1a:S2303C;ORF1a:L2318L;ORF1a:E2326G;ORF1a:L2343F,6,104,0.0576923076923076,0,
2192026,BA.2_0.03_abundance_0.15,G8018T;A8020T;T8038C;A8087T;T8119C;A8122T;A8159C;G8183T;A8193T;A8211G;A8223T;A8241T;A8298G,ORF1a:E2585*;ORF1a:E2585D;ORF1a:F2591F;ORF1a:K2608*;ORF1a:A2618A;ORF1a:E2619D;ORF1a:T2632P;ORF1a:G2640W;ORF1a:D2643V;ORF1a:K2649R;ORF1a:E2653V;ORF1a:H2659L;ORF1a:N2678S,34,1508,0.0225464190981432,0,
2192026,BA.2_0.03_abundance_0.15,G8018T;A8020T;T8038C;A8087T;T8119C;A8122T;A8159C;G8183T;A8211G;A8223T;A8241T;A8298G,ORF1a:E2585*;ORF1a:E2585D;ORF1a:F2591F;ORF1a:K2608*;ORF1a:A2618A;ORF1a:E2619D;ORF1a:T2632P;ORF1a:G2640W;ORF1a:K2649R;ORF1a:E2653V;ORF1a:H2659L;ORF1a:N2678S,28,1509,0.0185553346587143,0,
2192026,BA.2_0.03_abundance_0.15,A8298G;G8404C;T8431C;A8446C;A8474C;A8475G;T8569G;G8591T,ORF1a:N2678S;ORF1a:W2713C;ORF1a:S2722S;ORF1a:K2727N;ORF1a:N2737H;ORF1a:N2737S;ORF1a:N2768K;ORF1a:V2776F,17,372,0.0456989247311828,0,
2192026,BA.2_0.03_abundance_0.15,T8746C;A8811C,ORF1a:F2827F;ORF1a:K2849T,39,1144,0.034090909090909,0,
2192026,BA.2_0.03_abundance_0.15,T8746C;A8754G;C8912A,ORF1a:F2827F;ORF1a:K2830R;ORF1a:H2883N,32,1057,0.0302743614001892,0,
2192026,BA.2_0.03_abundance_0.15,A8754G;C8912A,ORF1a:K2830R;ORF1a:H2883N,12,1057,0.0113528855250709,0,
2192026,BA.2_0.03_abundance_0.15,G8952T;T8978G;G8999A;G9014C;G9035C;G9063C;G9083C;C9159G;G9182C;G9190C;A9197C;C9223T,ORF1a:C2896F;ORF1a:Y2905D;ORF1a:A2912T;ORF1a:A2917P;ORF1a:D2924H;ORF1a:C2933S;ORF1a:E2940Q;ORF1a:P2965R;ORF1a:V2973L;ORF1a:V2975V;ORF1a:T2978P;ORF1a:H2986H,13,706,0.018413597733711,0,
2192026,BA.2_0.03_abundance_0.15,A9082G;C9114A,ORF1a:L2939L;ORF1a:P2950H,40,893,0.0447928331466965,0,
2192026,BA.2_0.03_abundance_0.15,T9513A;C9534T;T9540C;C9745A;A9760T;T9765A;G9770A;G9805A;T9813A;T9819A;A9820T,ORF1a:L3083*;ORF1a:T3090I;ORF1a:L3092P;ORF1a:Y3160*;ORF1a:V3165V;ORF1a:F3167Y;ORF1a:G3169S;ORF1a:L3180L;ORF1a:F3183Y;ORF1a:L3185*;ORF1a:L3185F,13,283,0.0459363957597173,0,
2192026,BA.2_0.03_abundance_0.15,T9513A;C9534T;T9540C;C9745A;A9760T;T9765A;G9770A;G9805A,ORF1a:L3083*;ORF1a:T3090I;ORF1a:L3092P;ORF1a:Y3160*;ORF1a:V3165V;ORF1a:F3167Y;ORF1a:G3169S;ORF1a:L3180L,11,743,0.0148048452220726,0,
2192026,BA.2_0.03_abundance_0.15,T9513A;C9534T;T9540C;C9745A;A9760T;T9765A;G9770A;G9805A;T9813A,ORF1a:L3083*;ORF1a:T3090I;ORF1a:L3092P;ORF1a:Y3160*;ORF1a:V3165V;ORF1a:F3167Y;ORF1a:G3169S;ORF1a:L3180L;ORF1a:F3183Y,9,626,0.0143769968051118,0,
2192026,BA.2_0.03_abundance_0.15,C9534T;T9540C;C9745A;A9760T;T9765A;G9770A;G9805A;T9813A;T9819A;A9820T,ORF1a:T3090I;ORF1a:L3092P;ORF1a:Y3160*;ORF1a:V3165V;ORF1a:F3167Y;ORF1a:G3169S;ORF1a:L3180L;ORF1a:F3183Y;ORF1a:L3185*;ORF1a:L3185F,20,792,0.0252525252525252,0,
2192026,BA.2_0.03_abundance_0.15,C9534T;T9540C;C9745A;A9760T;T9765A;G9770A;G9805A;T9813A,ORF1a:T3090I;ORF1a:L3092P;ORF1a:Y3160*;ORF1a:V3165V;ORF1a:F3167Y;ORF1a:G3169S;ORF1a:L3180L;ORF1a:F3183Y,20,1740,0.0114942528735632,0,
2192026,BA.2_0.03_abundance_0.15,T10000C;C10029T;T10045G;A10069T;T10076A;T9813A;T9819A;A9820T;A9883C;T9915C;T9931C;G9947A;T9952A;T9958C;G9973C,ORF1a:G3245G;ORF1a:T3255I;ORF1a:A3260A;ORF1a:K3268N;ORF1a:F3271I;ORF1a:F3183Y;ORF1a:L3185*;ORF1a:L3185F;ORF1a:R3206S;ORF1a:F3217S;ORF1a:D3222D;ORF1a:E3228K;ORF1a:A3229A;ORF1a:C3231C;ORF1a:K3236N,6,97,0.0618556701030927,0,
2192026,BA.2_0.03_abundance_0.15,T10000C;C10029T;T10045G;A10069T;T10076A;A9883C;T9915C;T9931C;G9947A;T9952A;T9958C;G9973C,ORF1a:G3245G;ORF1a:T3255I;ORF1a:A3260A;ORF1a:K3268N;ORF1a:F3271I;ORF1a:R3206S;ORF1a:F3217S;ORF1a:D3222D;ORF1a:E3228K;ORF1a:A3229A;ORF1a:C3231C;ORF1a:K3236N,30,809,0.0370828182941903,0,
2192026,BA.2_0.03_abundance_0.15,C10433G;G10447A,ORF1a:Q3390E;ORF1a:R3394R,9,156,0.0576923076923076,0,
2192026,BA.2_0.03_abundance_0.15,A10760G;A10767G;T10769G;A10781G;A10884T;C10969G,ORF1a:K3499E;ORF1a:N3501S;ORF1a:Y3502D;ORF1a:T3506A;ORF1a:N3540I;ORF1a:F3568L,20,397,0.0503778337531486,0,
2192026,BA.2_0.03_abundance_0.15,A10766T;A11017G,ORF1a:N3501Y;ORF1a:L3584L,18,375,0.048,0,
2192026,BA.2_0.03_abundance_0.15,A11041T;T11045A;C11060G;T11137C;C11152T;T11180G;G11198T;C11208G;G11222A;A11237T;A11270T;G11312T,ORF1a:L3592F;ORF1a:L3594I;ORF1a:Q3599E;ORF1a:F3624F;ORF1a:V3629V;ORF1a:F3639V;ORF1a:A3645S;ORF1a:A3648G;ORF1a:V3653I;ORF1a:S3658C;ORF1a:M3669L;ORF1a:V3683F,29,502,0.0577689243027888,0,
2192026,BA.2_0.03_abundance_0.15,T11918G;A11965G;C11967G;T12017C;G12019A;C12029T;C12084G;T12109C;G12131T;T12204C,ORF1a:S3885A;ORF1a:L3900L;ORF1a:A3901G;ORF1a:L3918L;ORF1a:L3918L;ORF1a:Q3922*;ORF1a:T3940S;ORF1a:F3948F;ORF1a:A3956S;ORF1a:L3980S,46,2535,0.018145956607495,0,
2192026,BA.2_0.03_abundance_0.15,T11918G;C11967G;T12017C;G12019A;C12029T;C12084G;T12109C;G12131T;T12204C,ORF1a:S3885A;ORF1a:A3901G;ORF1a:L3918L;ORF1a:L3918L;ORF1a:Q3922*;ORF1a:T3940S;ORF1a:F3948F;ORF1a:A3956S;ORF1a:L3980S,77,2535,0.0303747534516765,0,
2192026,BA.2_0.03_abundance_0.15,T12204C;A12250G;A12272G;A12306C;A12307T;G12311A;A12337T;G12373C;T12375A;A12397G;G12419T,ORF1a:L3980S;ORF1a:A3995A;ORF1a:K4003E;ORF1a:K4014T;ORF1a:K4014N;ORF1a:A4016T;ORF1a:K4024N;ORF1a:M4036I;ORF1a:L4037H;ORF1a:A4044A;ORF1a:A4052S,42,789,0.053231939163498,0,
2192026,BA.2_0.03_abundance_0.15,T12757G;A12782C;A12800C;C12809A;C12830A;T12856G;T12874A;C12880T;A12898G;A12936C;A12951T;A12960C;A12977T;G12989A;C13047G,ORF1a:T4164T;ORF1a:N4173H;ORF1a:R4179R;ORF1a:L4182I;ORF1a:Q4189K;ORF1a:P4197P;ORF1a:G4203G;ORF1a:I4205I;ORF1a:P4211P;ORF1a:K4224T;ORF1a:Y4229F;ORF1a:K4232T;ORF1a:N4238Y;ORF1a:V4242I;ORF1a:P4261R,46,1074,0.0428305400372439,0,
2192026,BA.2_0.03_abundance_0.15,C13047G;C13130G;A13204C;T13227C;C13236T;T13241C;G13293A;A13300T;T13331A,ORF1a:P4261R;ORF1a:Q4289E;ORF1a:E4313D;ORF1a:F4321S;ORF1a:A4324V;ORF1a:C4326R;ORF1a:C4343Y;ORF1a:L4345F;ORF1a:C4356S,40,946,0.0422832980972515,0,
2192026,BA.2_0.03_abundance_0.15,G13413T;T13534G,ORF1a:C4383F;ORF1b:Y23D,431,1843,0.2338578404774823,0,
2192026,BA.2_0.03_abundance_0.15,C14006A;T14042G;T14064C;T14082G;A14107T;C14114A;C14115A;T14132C;T14152C;A14205G;T14238A;G14260T,ORF1b:T180K;ORF1b:I192S;ORF1b:D199D;ORF1b:G205G;ORF1b:I214L;ORF1b:T216N;ORF1b:T216T;ORF1b:V222A;ORF1b:Y229H;ORF1b:S246S;ORF1b:I257I;ORF1b:D265Y,27,747,0.036144578313253,0,
2192026,BA.2_0.03_abundance_0.15,C14006A;T14042G;T14064C;T14082G;A14107T;C14114A;C14115A;T14132C;T14152C;A14205G;T14238A,ORF1b:T180K;ORF1b:I192S;ORF1b:D199D;ORF1b:G205G;ORF1b:I214L;ORF1b:T216N;ORF1b:T216T;ORF1b:V222A;ORF1b:Y229H;ORF1b:S246S;ORF1b:I257I,40,1753,0.0228180262407301,0,
2192026,BA.2_0.03_abundance_0.15,T14341C;G14354A;C14408T,ORF1b:C292R;ORF1b:R296K;ORF1b:P314L,22,134,0.1641791044776119,1,B.1.1.7:1
2192026,BA.2_0.03_abundance_0.15,T14341C;C14408T,ORF1b:C292R;ORF1b:P314L,26,134,0.1940298507462686,6,B.1.617.2:1;BA.5.2.1:1;B.1.1.7:2;B.1:1;AY.29:1
2192026,BA.2_0.03_abundance_0.15,T15560G;A15582C;T15584C;A15626T;C15656G;T15686G;C15714T;T15733C;T15817A,ORF1b:L698R;ORF1b:K705N;ORF1b:I706T;ORF1b:E720V;ORF1b:T730R;ORF1b:L740W;ORF1b:L749L;ORF1b:C756R;ORF1b:F784I,89,4133,0.02153399467699,0,
2192026,BA.2_0.03_abundance_0.15,T15560G;A15582C;T15584C;A15626T;C15656G;T15686G;C15714T;T15733C;T15817A;G15850A,ORF1b:L698R;ORF1b:K705N;ORF1b:I706T;ORF1b:E720V;ORF1b:T730R;ORF1b:L740W;ORF1b:L749L;ORF1b:C756R;ORF1b:F784I;ORF1b:D795N,30,956,0.0313807531380753,0,
2192026,BA.2_0.03_abundance_0.15,T15560G;A15582C;T15584C;A15626T;T15686G;C15714T;T15733C;T15817A;G15850A,ORF1b:L698R;ORF1b:K705N;ORF1b:I706T;ORF1b:E720V;ORF1b:L740W;ORF1b:L749L;ORF1b:C756R;ORF1b:F784I;ORF1b:D795N,22,956,0.0230125523012552,0,
2192026,BA.2_0.03_abundance_0.15,T15560G;A15582C;T15584C;A15626T;T15686G;C15714T;T15733C;T15817A,ORF1b:L698R;ORF1b:K705N;ORF1b:I706T;ORF1b:E720V;ORF1b:L740W;ORF1b:L749L;ORF1b:C756R;ORF1b:F784I,55,4133,0.0133075248003871,0,
2192026,BA.2_0.03_abundance_0.15,C15656G;C15714T,ORF1b:T730R;ORF1b:L749L,2440,4485,0.5440356744704571,0,
2192026,BA.2_0.03_abundance_0.15,T15880C;T15953A;T16023G;T16024C;T16025G;C16028T;G16075A;T16154G;T16157C;T16161G,ORF1b:S805P;ORF1b:L829Q;ORF1b:S852S;ORF1b:L853L;ORF1b:L853*;ORF1b:A854V;ORF1b:D870N;ORF1b:V896G;ORF1b:M897T;ORF1b:L898L,91,1968,0.0462398373983739,0,
2192026,BA.2_0.03_abundance_0.15,T16154G;T16157C;T16161G;C16234T;C16247G;T16287C;A16318C;A16341C;T16366A;C16394A;C16418A;C16423A,ORF1b:V896G;ORF1b:M897T;ORF1b:L898L;ORF1b:Q923*;ORF1b:A927G;ORF1b:G940G;ORF1b:K951Q;ORF1b:I958I;ORF1b:S967T;ORF1b:P976Q;ORF1b:T984N;ORF1b:L986I,6,113,0.0530973451327433,0,
2192026,BA.2_0.03_abundance_0.15,C16234T;C16247G;T16287C;A16318C;A16341C;T16366A;C16394A;C16418A;C16423A,ORF1b:Q923*;ORF1b:A927G;ORF1b:G940G;ORF1b:K951Q;ORF1b:I958I;ORF1b:S967T;ORF1b:P976Q;ORF1b:T984N;ORF1b:L986I,7,318,0.0220125786163522,0,
2192026,BA.2_0.03_abundance_0.15,A16566T;A16682T,ORF1b:A1033A;ORF1b:Y1072F,20,54,0.3703703703703703,0,
2192026,BA.2_0.03_abundance_0.15,T16796A;T16860G;T17016A;C17069G;C17077G,ORF1b:V1110E;ORF1b:A1131A;ORF1b:D1183E;ORF1b:S1201C;ORF1b:Q1204E,43,1375,0.0312727272727272,0,
2192026,BA.2_0.03_abundance_0.15,T16796A;A16856T;T16860G;T17016A;C17069G;C17077G,ORF1b:V1110E;ORF1b:D1130V;ORF1b:A1131A;ORF1b:D1183E;ORF1b:S1201C;ORF1b:Q1204E,25,1375,0.0181818181818181,0,
2192026,BA.2_0.03_abundance_0.15,C17410T;G17534C,ORF1b:R1315C;ORF1b:G1356A,186,299,0.6220735785953178,4,BA.2:4
2192026,BA.2_0.03_abundance_0.15,C17410T;A17431G;A17477C;A17482G;C17483A;A17515G;A17542C;C17555T;A17576C;T17582C,ORF1b:R1315C;ORF1b:I1322V;ORF1b:K1337T;ORF1b:T1339A;ORF1b:T1339K;ORF1b:R1350G;ORF1b:M1359L;ORF1b:T1363I;ORF1b:E1370A;ORF1b:V1372A,10,299,0.0334448160535117,0,
2192026,BA.2_0.03_abundance_0.15,A17431G;A17477C;A17482G;C17483A;A17515G;A17542C;C17555T;A17576C;T17582C,ORF1b:I1322V;ORF1b:K1337T;ORF1b:T1339A;ORF1b:T1339K;ORF1b:R1350G;ORF1b:M1359L;ORF1b:T1363I;ORF1b:E1370A;ORF1b:V1372A,106,2419,0.0438197602315006,0,
2192026,BA.2_0.03_abundance_0.15,C18419A;T18435G;C18460G;C18493G;A18503C;G18627C,ORF1b:T1651K;ORF1b:D1656E;ORF1b:P1665A;ORF1b:L1676V;ORF1b:K1679T;ORF1b:K1720N,6,125,0.048,0,
2192026,BA.2_0.03_abundance_0.15,G18627C;T18741A;C18747T;C18775G;A18798T;C18823A;C18828A;A18868C,ORF1b:K1720N;ORF1b:D1758E;ORF1b:V1760V;ORF1b:Q1770E;ORF1b:L1777L;ORF1b:Q1786K;ORF1b:V1787V;ORF1b:T1801P,8,198,0.0404040404040404,0,
2192026,BA.2_0.03_abundance_0.15,T18741A;C18747T;C18775G;A18798T;C18823A;C18828A;A18868C,ORF1b:D1758E;ORF1b:V1760V;ORF1b:Q1770E;ORF1b:L1777L;ORF1b:Q1786K;ORF1b:V1787V;ORF1b:T1801P,50,1225,0.0408163265306122,0,
2192026,BA.2_0.03_abundance_0.15,T19025G;C19097G;T19139G;G19193T;A19210C;C19220A;T19224C,ORF1b:L1853R;ORF1b:A1877G;ORF1b:F1891C;ORF1b:W1909L;ORF1b:R1915R;ORF1b:A1918D;ORF1b:N1919N,32,687,0.0465793304221251,0,
2192026,BA.2_0.03_abundance_0.15,T19647A;T19665G;G19670T;C19687A;A19720T;G19741A;C19781T;T19790A;G19794T,ORF1b:V2060V;ORF1b:F2066L;ORF1b:G2068V;ORF1b:P2074T;ORF1b:K2085*;ORF1b:E2092K;ORF1b:A2105V;ORF1b:L2108H;ORF1b:W2109C,5,91,0.0549450549450549,0,
2192026,BA.2_0.03_abundance_0.15,T20205A;C20221G;A20223C;A20284T;T20338C;T20376A;T20414A;G20419T;A20453C;A20460C;A20463T;G20493T,ORF1b:T2246T;ORF1b:Q2252E;ORF1b:Q2252H;ORF1b:I2273F;ORF1b:F2291L;ORF1b:I2303I;ORF1b:L2316*;ORF1b:D2318Y;ORF1b:Y2329S;ORF1b:I2331I;ORF1b:T2332T;ORF1b:V2342V,12,298,0.0402684563758389,0,
2192026,BA.2_0.03_abundance_0.15,C20221G;A20223C;A20284T;T20338C;T20376A;T20414A;G20419T;A20453C;A20460C;A20463T;G20493T,ORF1b:Q2252E;ORF1b:Q2252H;ORF1b:I2273F;ORF1b:F2291L;ORF1b:I2303I;ORF1b:L2316*;ORF1b:D2318Y;ORF1b:Y2329S;ORF1b:I2331I;ORF1b:T2332T;ORF1b:V2342V,39,1382,0.0282199710564399,0,
2192026,BA.2_0.03_abundance_0.15,C21707A;G21746C;C21762A;C21840T;T21841G;T21842G;A21865C;A21875T;C21903G;T21940A;G21950T;G21987A,S:H49N;S:V62L;S:A67D;S:A93V;S:A93A;S:S94A;S:I101I;S:I105F;S:T114S;S:V126V;S:V130F;S:G142D,26,671,0.0387481371087928,0,
2192026,BA.2_0.03_abundance_0.15,T21760A;G21987A,S:H66Q;S:G142D,20,671,0.029806259314456,62,BA.5.2.1:25;B.1.617.2:3;AY.103:3;BQ.1:5;BF.10:1;BA.2:5;AY.122:2;BN.1.3:1;AY.121:1;BA.2.2:2;AY.43:2;BA.5.10:1;BF.16:2;BA.5.1:1;AY.4:3;AY.4.2:1;BA.2.12.1:1;AY.30:1;BA.5.2:2
2192026,BA.2_0.03_abundance_0.15,T22863A;G22992A;C22995A;A23013C;A23040G;A23063T,S:I434K;S:S477N;S:T478K;S:E484A;S:Q493R;S:N501Y,17,202,0.0841584158415841,22,BA.1.15:6;BA.1.18:1;BA.1:2;BA.1.1.1:1;BA.1.1:9;BA.1.1.14:1;BA.2.38:2
2192026,BA.2_0.03_abundance_0.15,C22916T;G22992A;C22995A;A23013C;A23040G;A23063T,S:L452L;S:S477N;S:T478K;S:E484A;S:Q493R;S:N501Y,17,202,0.0841584158415841,209,BA.1:13;BA.2:117;BA.1.1.1:3;BA.2.40.1:1;BA.1.17.2:6;BA.2.3:2;BA.2.10:5;BA.1.1:34;BA.1.15.1:1;BA.1.18:3;BA.1.1.18:1;XAM:1;BA.1.1.2:1;BA.2.9:4;BA.2.3.1:2;BA.2.1:13;BA.2.38:1;BA.1.1.14:1
2192026,BA.2_0.03_abundance_0.15,C22916T;G22992A;C22995A;A23013C;A23040G,S:L452L;S:S477N;S:T478K;S:E484A;S:Q493R,5,224,0.0223214285714285,212,BA.1:14;BA.2:117;BA.1.1.1:3;BA.2.40.1:1;BA.1.17.2:6;BA.2.3:2;BA.2.10:5;BA.1.1:34;BA.1.15.1:3;BA.1.18:3;BA.1.1.18:1;XAM:1;BA.1.1.2:1;BA.2.9:4;BA.2.3.1:2;BA.2.1:13;BA.2.38:1;BA.1.1.14:1
2192026,BA.2_0.03_abundance_0.15,G22992A;C22995A;A23013C;A23040G;A23063T;A23171G,S:S477N;S:T478K;S:E484A;S:Q493R;S:N501Y;S:K537E,18,138,0.1304347826086956,2,BA.2.12.1:1;BA.1.1:1
2192026,BA.2_0.03_abundance_0.15,T23152A;C23154G;T23189C;A23232C;T23287A;A23305C;C23327G;T23338A;G23340C;A23379T;A23403G;T23421C;G23438C;C23439G;A23445T;A23446C;G23465A;T23466C;T23479A,S:S530S;S:T531S;S:F543L;S:K557T;S:A575A;S:T581T;S:P589A;S:F592L;S:G593A;S:N606I;S:D614G;S:V620A;S:A626P;S:A626G;S:Q628L;S:Q628H;S:V635I;S:V635A;S:G639G,22,533,0.0412757973733583,0,
2192026,BA.2_0.03_abundance_0.15,T23152A;C23154G;T23189C;A23232C;T23287A;A23305C;C23327G;T23338A;G23340C;A23379T;A23403G;T23421C;G23438C;C23439G;A23445T;A23446C;G23465A;T23466C,S:S530S;S:T531S;S:F543L;S:K557T;S:A575A;S:T581T;S:P589A;S:F592L;S:G593A;S:N606I;S:D614G;S:V620A;S:A626P;S:A626G;S:Q628L;S:Q628H;S:V635I;S:V635A,11,754,0.0145888594164456,0,
2192026,BA.2_0.03_abundance_0.15,A23171G;T23386A;A23403G,S:K537E;S:V608V;S:D614G,623,5491,0.1134583864505554,0,
2192026,BA.2_0.03_abundance_0.15,A23171G;A23403G,S:K537E;S:D614G,276,5491,0.0502640684756874,14,AY.103:2;B.1.617.2:1;B.1.1.420:1;B.1.1.7:2;BA.2.12.1:1;BA.5.2.1:2;AY.4:1;B.1.177:1;AY.25:1;BA.5.1:1;BA.1.1:1
2192026,BA.2_0.03_abundance_0.15,T23189C;A23232C;T23287A;A23305C;C23327G;T23338A;G23340C;A23379T;A23403G;T23421C;G23438C;C23439G;A23445T;A23446C;G23465A;T23466C;T23479A,S:F543L;S:K557T;S:A575A;S:T581T;S:P589A;S:F592L;S:G593A;S:N606I;S:D614G;S:V620A;S:A626P;S:A626G;S:Q628L;S:Q628H;S:V635I;S:V635A;S:G639G,110,3816,0.0288259958071278,0,
2192026,BA.2_0.03_abundance_0.15,T23386A;A23403G,S:V608V;S:D614G,2826,5500,0.5138181818181818,522,AY.3:11;BA.2:4;B.1.1.7:275;AY.43:98;BA.2.9:5;AY.94:3;AY.4:7;AY.5:2;AY.20:1;BF.13:12;BA.1.1:15;BA.5.1.22:17;BQ.1.1.18:1;B.1.177.4:3;BA.4.6:1;BF.27:8;BA.1.1.1:4;BA.1:2;AY.44:2;B.1.517:1;B.1:1;Q.8:1;AY.122:1;AY.30:1;B.1.177.60:3;AY.4.6:1;BA.1.15:4;BA.1.17.2:1;BA.2.3:2;BA.5.8:4;AY.46.2:1;B.1.2:1;BA.5.2:7;AY.4.10:1;BA.4.1.10:1;BA.5.1.23:1;B.1.470:1;B.1.1.486:1;BQ.1.10:1;BA.2.3.14:1;B.1.1.63:1;BA.5.3.2:2;B.1.177.74:1;BA.5.2.1:2;AY.25.1:1;B.1.466.2:6;B.1.617.2:1;BA.5.6:1
2192026,BA.2_0.03_abundance_0.15,A23918G;G23948T,S:K786E;S:D796Y,273,720,0.3791666666666666,10,BA.1.15:1;BA.2.75:2;BA.1.18:1;BA.4.6:1;BA.2:1;BQ.1.1:3;BF.5:1
2192026,BA.2_0.03_abundance_0.15,A23918G;A23930C;G23948T,S:K786E;S:K790Q;S:D796Y,10,720,0.0138888888888888,0,
2192026,BA.2_0.03_abundance_0.15,A23930C;G23948T,S:K790Q;S:D796Y,21,720,0.0291666666666666,15,BA.1.15:1;BA.1.1.11:10;BA.1:2;BA.2:1;BE.1.4:1
2192026,BA.2_0.03_abundance_0.15,T24125A;G24234T;A24241G;A24248T;C24270T;A24273T;T24274A;G24291A;G24301C;A24302C;T24304G;A24321C;A24325G;A24336G;A24353C;T24379G;A24409G;A24424T,S:F855I;S:G891V;S:A893A;S:I896L;S:A903V;S:Y904F;S:Y904*;S:G910E;S:Q913H;S:N914H;S:N914K;S:Q920P;S:K921K;S:N925S;S:I931L;S:S939S;S:Q949Q;S:Q954H,18,358,0.0502793296089385,0,
2192026,BA.2_0.03_abundance_0.15,G24164C;A24424T,S:E868Q;S:Q954H,45,358,0.1256983240223463,4,BA.5.2:1;BA.5.2.20:3
2192026,BA.2_0.03_abundance_0.15,G24164C;T24289A;A24424T,S:E868Q;S:I909I;S:Q954H,12,358,0.0335195530726257,0,
2192026,BA.2_0.03_abundance_0.15,T24289A;A24424T,S:I909I;S:Q954H,48,359,0.1337047353760445,22,BA.1.1:6;BA.2.75:2;BA.5.2.1:4;BA.1.1.2:1;BA.1.17:1;BQ.1.1.28:1;BA.5.2.6:2;BA.1:3;BA.2.9:1;BA.1.1.15:1
2192026,BA.2_0.03_abundance_0.15,T24469A;T24504A,S:N969K;S:L981H,6,472,0.0127118644067796,2,BA.1.1:2
2192026,BA.2_0.03_abundance_0.15,A24791C;C24792A;C24909A;T24929A;T24946G;A24952G;C24990A;C25000T;T25001G,S:T1077P;S:T1077N;S:T1116N;S:S1123T;S:V1128V;S:I1130M;S:P1143H;S:D1146D;S:S1147A,52,1039,0.0500481231953801,0,
2192026,BA.2_0.03_abundance_0.15,C25000T;C25006A,S:D1146D;S:F1148L,45,1035,0.0434782608695652,4,BA.1.1:2;BA.1:1;BA.2.5:1
2192026,BA.2_0.03_abundance_0.15,G25364A;A25426G;T25434C;G25437A;C25487G;A25512G;T25520C;G25540A;T25557C;C25584T;G25593T;C25603T;T25604G;G25606C,S:V1268I;ORF3a:T12A;ORF3a:T14T;ORF3a:L15L;ORF3a:T32S;ORF3a:S40S;ORF3a:F43S;ORF3a:V50I;ORF3a:V55V;ORF3a:T64T;ORF3a:K67N;ORF3a:L71L;ORF3a:L71R;ORF3a:A72P,68,1579,0.0430652311589613,0,
2192026,BA.2_0.03_abundance_0.15,G25972A;C26042A;T26052G;A26092G;C26256T;C26270T,ORF3a:E194K;ORF3a:T217N;ORF3a:S220R;ORF3a:N234D;E:F4F;E:T9I,45,1053,0.0427350427350427,0,
2192026,BA.2_0.03_abundance_0.15,C26042A;C26270T,ORF3a:T217N;E:T9I,153,1053,0.1452991452991453,180,BA.1:5;BA.2.12.1:15;BA.5.2:5;BA.1.15:1;BA.5.2.1:4;BA.4:1;BA.5.5:19;BA.2:10;BA.1.1:21;BA.5.1:2;BA.4.6:3;BA.1.17:2;BA.5.2.9:28;BE.1.1:1;BA.1.1.14:2;BA.5.2.3:9;BA.4.1:19;BA.1.18:3;BA.1.20:12;BA.2.9:2;BA.2.2:1;BA.1.1.1:2;BA.2.75:1;BQ.1.1:2;BQ.1.3:2;BA.2.10:5;BA.5.3.1:1;BA.1.15.1:1;BQ.1.1.3:1
2192026,BA.2_0.03_abundance_0.15,C26256T;C26270T;T26324G;C26340A;T26342C;A26358T;C26370A;T26543C,E:F4F;E:T9I;E:L27W;E:A32A;E:I33T;E:R38R;E:Y42*;M:T7T,15,471,0.0318471337579617,0,
2192026,BA.2_0.03_abundance_0.15,C26270T;T26543C,E:T9I;M:T7T,6,471,0.0127388535031847,362,BA.5.1:25;BA.5.6:15;BA.5.2:46;BA.2:101;BA.5.2.1:15;BA.2.12.1:4;BE.1.1:9;CL.1:1;DF.1:2;BA.2.44:1;BA.2.9:14;BA.5.2.3:3;BA.1.1:31;BA.1:10;BQ.1.1.4:1;BA.2.10.1:15;BA.2.76:1;BQ.1.1.22:1;BA.4.6:8;BQ.1.1.18:3;BA.5.1.23:1;BA.5.2.27:1;BA.2.10:2;BQ.1:2;BA.1.15.1:2;BF.1:1;BA.2.7:1;BF.10:2;BQ.1.1:13;BA.5.1.24:3;BA.1.1.2:3;BA.2.3:1;BA.1.1.10:1;BA.2.23:2;BA.1.15:4;BA.5:1;BA.2.3.15:1;BA.5.2.2:1;BA.1.6:1;BA.4.1.6:1;BA.2.38:1;BQ.1.1.24:1;BQ.1.2:1;BE.1:1;BD.1:1;BF.7:1;BA.2.3.2:1;BA.2.63:1;BA.4.5:1;BA.1.1.7:1;XBB.3:1;XBB.2:1
2192026,BA.2_0.03_abundance_0.15,T26599C;G26709A;C26858T,M:F26S;M:A63T;M:F112F,45,2342,0.0192143467122117,8,BA.2.24:3;BA.4.1.6:1;BA.2.3:1;BA.2.12.1:2;BA.2:1
2192026,BA.2_0.03_abundance_0.15,C26642G;T26677A;A26702G;G26709A;T26723C;G26727A;T26756G;C26768G;T26819G;C26845A;C26858T;A26874C,M:A40A;M:I52N;M:V60V;M:A63T;M:L67L;M:A69T;M:G78G;M:I82M;M:S99S;M:S108Y;M:F112F;M:I118L,44,1077,0.0408542246982358,0,
2192026,BA.2_0.03_abundance_0.15,C26642G;T26677A;A26702G;G26709A;T26723C;G26727A;T26756G;C26768G;T26819G;C26845A;C26858T,M:A40A;M:I52N;M:V60V;M:A63T;M:L67L;M:A69T;M:G78G;M:I82M;M:S99S;M:S108Y;M:F112F,58,2341,0.0247757368645877,0,
2192026,BA.2_0.03_abundance_0.15,T27178A;A27187T;G27217A;A27234C;T27251G;A27302G;A27313T;T27319G;G27366T;G27382C;A27383T;T27384C;C27416G;A27417G;A27477C,M:L219*;M:Q222L;ORF6:D6N;ORF6:I11I;ORF6:I17S;ORF6:N34S;ORF6:K38*;ORF6:L40V;ORF6:E55D;ORF6:D61H;ORF6:D61V;ORF6:D61D;ORF7a:A8G;ORF7a:A8A;ORF7a:T28T,29,570,0.0508771929824561,0,
2192026,BA.2_0.03_abundance_0.15,A27187T;G27217A;A27234C;T27251G;A27302G;A27313T;T27319G;G27366T;G27382C;A27383T;T27384C;C27416G;A27417G;A27477C,M:Q222L;ORF6:D6N;ORF6:I11I;ORF6:I17S;ORF6:N34S;ORF6:K38*;ORF6:L40V;ORF6:E55D;ORF6:D61H;ORF6:D61V;ORF6:D61D;ORF7a:A8G;ORF7a:A8A;ORF7a:T28T,37,1308,0.0282874617737003,0,
2192026,BA.2_0.03_abundance_0.15,T27227G;G27382C;A27383T;T27384C,ORF6:V9G;ORF6:D61H;ORF6:D61V;ORF6:D61D,109,1376,0.0792151162790697,2,BA.2:2
2192026,BA.2_0.03_abundance_0.15,T27851G;A27859T;T27863C;C27944T;T27953A;T28002A;T28017A;T28029C;A28095G;A28126C,ORF7b:L32L;ORF7b:Q35L;ORF7b:D36D;ORF8:H17H;ORF8:C20*;ORF8:C37S;ORF8:Y42N;ORF8:Y46H;ORF8:K68E;ORF8:N78T,50,913,0.0547645125958378,0,
2192026,BA.2_0.03_abundance_0.15,A28126C;G28178T;C28205A;T28206A;C28311T;G28325T;C28377T;A28387C;G28429T,ORF8:N78T;ORF8:L95F;ORF8:F104L;ORF8:Y105N;N:P13L;N:G18C;N:A35V;N:K38N;N:W52C,17,310,0.0548387096774193,0,
2192026,BA.2_0.03_abundance_0.15,A28126C;G28178T;C28205A;T28206A;C28311T;G28325T;C28377T;A28387C,ORF8:N78T;ORF8:L95F;ORF8:F104L;ORF8:Y105N;N:P13L;N:G18C;N:A35V;N:K38N,55,1470,0.0374149659863945,0,
2192026,BA.2_0.03_abundance_0.15,G28429T;G28479A;A28496G;C28500T;C28512A;C28542T;A28549C;A28553T;A28571T;T28640G;T28667A;C28708A,N:W52C;N:G69E;N:N75D;N:T76I;N:P80Q;N:A90V;N:R92S;N:I94F;N:K100*;N:Y123D;N:W132R;N:H145Q,5,231,0.0216450216450216,0,
2192026,BA.2_0.03_abundance_0.15,G28429T;G28479A;A28496G;C28500T;C28512A;C28542T;A28549C;A28571T;T28640G;T28667A;C28708A,N:W52C;N:G69E;N:N75D;N:T76I;N:P80Q;N:A90V;N:R92S;N:K100*;N:Y123D;N:W132R;N:H145Q,6,231,0.0259740259740259,0,
2192026,BA.2_0.03_abundance_0.15,G28479A;A28496G;C28500T;C28512A;C28542T;A28549C;A28553T;A28571T;T28640G;T28667A;C28708A,N:G69E;N:N75D;N:T76I;N:P80Q;N:A90V;N:R92S;N:I94F;N:K100*;N:Y123D;N:W132R;N:H145Q,12,734,0.0163487738419618,0,
2192026,BA.2_0.03_abundance_0.15,C28708A;G28747T;C28776A;G28827C;A28874C;G28881A;G28882A;G28883T;T28897G;A28947C,N:H145Q;N:V158V;N:P168Q;N:R185P;N:S201R;N:R203K;N:R203R;N:G204*;N:A208A;N:D225A,5,88,0.0568181818181818,0,
2192026,BA.2_0.03_abundance_0.15,G28747T;C28776A;G28827C;A28874C;G28881A;G28882A;G28883T;T28897G;A28947C,N:V158V;N:P168Q;N:R185P;N:S201R;N:R203K;N:R203R;N:G204*;N:A208A;N:D225A,19,572,0.0332167832167832,0,
2192026,BA.2_0.03_abundance_0.15,C29045G;A29078C;G29135A;A29168G;C29198G;C29211G;A29237T;G29240A;G29262T;C29268G;T29308G,N:P258A;N:N269H;N:D288N;N:K299E;N:P309A;N:A313G;N:M322L;N:E323K;N:W330L;N:T332S;N:N345K,96,2332,0.0411663807890223,0,
2192026,BA.2_0.03_abundance_0.15,A29412G;A29428T;G29440C;T29461A;T29471C;A29510C;T29512C;T29581A;T29588G;A29596C;G29648T,N:Q380R;N:R385S;N:Q389H;N:P396P;N:L400L;N:S413R;N:S413S;ORF10:A8A;ORF10:F11V;ORF10:I13I;ORF10:D31Y,18,421,0.0427553444180522,0,
2262026,BA.2_0.03_abundance_0.15,T276C;C320A;C366T;T369G,ORF1a:L4P;ORF1a:P19T;ORF1a:S34F;ORF1a:V35G,16,183,0.087431693989071,0,
2262026,BA.2_0.03_abundance_0.15,T276C;C320A;C366T,ORF1a:L4P;ORF1a:P19T;ORF1a:S34F,7,222,0.0315315315315315,0,
2262026,BA.2_0.03_abundance_0.15,T276C;C320A,ORF1a:L4P;ORF1a:P19T,7,302,0.0231788079470198,0,
2262026,BA.2_0.03_abundance_0.15,C366T;T369G;C379T;A481T;C494G;A535T;T559G;A624C;A650C;T661A;T670G,ORF1a:S34F;ORF1a:V35G;ORF1a:V38V;ORF1a:K72N;ORF1a:R77G;ORF1a:A90A;ORF1a:G98G;ORF1a:K120T;ORF1a:K129Q;ORF1a:G132G;ORF1a:S135R,63,752,0.0837765957446808,0,
2262026,BA.2_0.03_abundance_0.15,A507C;T670G,ORF1a:H81P;ORF1a:S135R,170,758,0.2242744063324538,24,BA.2.3:1;BA.5.2.1:5;BA.2.29:1;BA.2:10;BA.5.2.29:3;BA.4.1:1;BA.2.12.1:1;BA.5.2:1;BF.5:1
2262026,BA.2_0.03_abundance_0.15,C1026A;C1057G;T1081G;T1116A;A1133C;T1199C;C1201A;A1230C;A1249G;A1278C,ORF1a:P254H;ORF1a:D264E;ORF1a:N272K;ORF1a:I284N;ORF1a:K290Q;ORF1a:C312R;ORF1a:C312*;ORF1a:K322T;ORF1a:E328E;ORF1a:K338T,118,1455,0.0810996563573883,0,
2262026,BA.2_0.03_abundance_0.15,A1278C;A1316T;C1342A;T1362A;A1407G;A1423G;A1435C;G1505C;G1509A;A1558C;T1591G,ORF1a:K338T;ORF1a:K351*;ORF1a:Y359*;ORF1a:V366D;ORF1a:E381G;ORF1a:E386E;ORF1a:E390D;ORF1a:V414L;ORF1a:G415D;ORF1a:I431I;ORF1a:G442G,8,88,0.0909090909090909,0,
2262026,BA.2_0.03_abundance_0.15,A1316T;C1342A;T1362A;A1407G;A1423G;A1435C;G1505C;G1509A;A1558C;T1591G,ORF1a:K351*;ORF1a:Y359*;ORF1a:V366D;ORF1a:E381G;ORF1a:E386E;ORF1a:E390D;ORF1a:V414L;ORF1a:G415D;ORF1a:I431I;ORF1a:G442G,10,259,0.0386100386100386,0,
2262026,BA.2_0.03_abundance_0.15,C1616T;T1654A;G1655T;A1810G;C1825G;G1855A;C1889T,ORF1a:L451F;ORF1a:I463I;ORF1a:V464F;ORF1a:K515K;ORF1a:A520A;ORF1a:L530L;ORF1a:R542C,179,2039,0.0877881314369789,0,
2262026,BA.2_0.03_abundance_0.15,C2262G;G2265C;T2298G;A2342C;A2380T;A2466G;A2473C,ORF1a:T666S;ORF1a:C667S;ORF1a:F678C;ORF1a:I693L;ORF1a:L705F;ORF1a:K734R;ORF1a:P736P,79,1650,0.0478787878787878,0,
2262026,BA.2_0.03_abundance_0.15,C2262G;G2265C;T2298G;A2342C;C2358T;A2380T;A2466G;A2473C,ORF1a:T666S;ORF1a:C667S;ORF1a:F678C;ORF1a:I693L;ORF1a:A698V;ORF1a:L705F;ORF1a:K734R;ORF1a:P736P,74,1650,0.0448484848484848,0,
2262026,BA.2_0.03_abundance_0.15,A2279C;C2358T,ORF1a:K672Q;ORF1a:A698V,135,1788,0.0755033557046979,1,BA.2.10:1
2262026,BA.2_0.03_abundance_0.15,C2358T;T2463A,ORF1a:A698V;ORF1a:L733Q,57,1650,0.0345454545454545,0,
2262026,BA.2_0.03_abundance_0.15,G2582T;G2604T;C2607A;T2663C;G2686T;T2703C;A2767C;G2808T;T2851A,ORF1a:A773S;ORF1a:G780V;ORF1a:T781K;ORF1a:C800R;ORF1a:M807I;ORF1a:F813S;ORF1a:Q834H;ORF1a:R848M;ORF1a:V862V,44,578,0.0761245674740484,0,
2262026,BA.2_0.03_abundance_0.15,G2582T;G2604T;C2607A;T2663C;G2686T;T2703C;A2767C;G2808T,ORF1a:A773S;ORF1a:G780V;ORF1a:T781K;ORF1a:C800R;ORF1a:M807I;ORF1a:F813S;ORF1a:Q834H;ORF1a:R848M,9,629,0.0143084260731319,0,
2262026,BA.2_0.03_abundance_0.15,C2892T;T2963A;C2976G;A2994T;A3003G;C3037T;T3055A;A3063T;A3098C;T3112G;T3124C,ORF1a:A876V;ORF1a:W900R;ORF1a:T904R;ORF1a:E910V;ORF1a:E913G;ORF1a:F924F;ORF1a:D930E;ORF1a:E933V;ORF1a:T945P;ORF1a:Y949*;ORF1a:D953D,16,296,0.054054054054054,0,
2262026,BA.2_0.03_abundance_0.15,C3037T;T3100G,ORF1a:F924F;ORF1a:T945T,49,296,0.1655405405405405,359,B.1.617.2:5;BA.1:8;B.1.1.372:150;AY.26:1;B.1.1.7:149;BA.5.2.31:1;B.1:1;AY.4:1;BA.1.1:2;AY.98:1;AY.3:2;P.1.14:2;BA.5.2:3;BA.4:5;BA.1.17.2:3;BA.1.18:1;AY.25:4;B.1.177.62:1;AY.43.1:1;AY.122:4;BA.2:1;BA.2.18:1;BA.1.1.18:1;BA.1.15:1;BQ.1.14:2;AY.106:1;BA.2.12.1:2;AY.44:1;BA.5:1;BA.1.17:1;AY.112:1;AY.9.2:1
2262026,BA.2_0.03_abundance_0.15,A3235G;C3315G;G3323C;A3327T;A3332T;G3371A;G3392A;A3396G;A3408C;T3432A;A3461G;T3477G;G3479T,ORF1a:Q990Q;ORF1a:T1017R;ORF1a:V1020L;ORF1a:Q1021L;ORF1a:I1023F;ORF1a:D1036N;ORF1a:A1043T;ORF1a:D1044G;ORF1a:E1048A;ORF1a:V1056E;ORF1a:K1066E;ORF1a:V1071G;ORF1a:A1072S,80,1178,0.0679117147707979,0,
2262026,BA.2_0.03_abundance_0.15,G3573A;T3693A,ORF1a:C1103Y;ORF1a:V1143D,12,979,0.0122574055158324,0,
2262026,BA.2_0.03_abundance_0.15,T3693A;T3723G,ORF1a:V1143D;ORF1a:I1153S,12,926,0.0129589632829373,0,
2262026,BA.2_0.03_abundance_0.15,T3877G;A3887C;A3904C;T3968G;A4015C;A4044G;T4087A;C4090G,ORF1a:A1204A;ORF1a:K1208Q;ORF1a:P1213P;ORF1a:C1235G;ORF1a:T1250T;ORF1a:N1260S;ORF1a:I1274I;ORF1a:D1275E,11,336,0.0327380952380952,0,
2262026,BA.2_0.03_abundance_0.15,T3877G;A3887C;A3904C;T3968G;A4015C;A4044G;T4087A,ORF1a:A1204A;ORF1a:K1208Q;ORF1a:P1213P;ORF1a:C1235G;ORF1a:T1250T;ORF1a:N1260S;ORF1a:I1274I,15,336,0.0446428571428571,0,
2262026,BA.2_0.03_abundance_0.15,A3997G;C4090G,ORF1a:E1244E;ORF1a:D1275E,7,336,0.0208333333333333,0,
2262026,BA.2_0.03_abundance_0.15,G4678C;T4693G;C4716T;A4731T;T4738A;T4771G;A4926G;A4971T,ORF1a:V1471V;ORF1a:S1476S;ORF1a:T1484I;ORF1a:Y1489F;ORF1a:T1491T;ORF1a:I1502M;ORF1a:D1554G;ORF1a:K1569M,8,112,0.0714285714285714,0,
2262026,BA.2_0.03_abundance_0.15,G5741A;T5797C,ORF1a:E1826K;ORF1a:T1844T,9,590,0.0152542372881355,0,
2262026,BA.2_0.03_abundance_0.15,G6220T;C6286A;A6332T;C6363G;A6375C;A6400G;G6413A,ORF1a:L1985F;ORF1a:T2007T;ORF1a:N2023Y;ORF1a:A2033G;ORF1a:D2037A;ORF1a:K2045K;ORF1a:E2050K,94,1125,0.0835555555555555,0,
2262026,BA.2_0.03_abundance_0.15,G6220T;C6286A;A6332T;C6363G;A6375C;A6400G;G6413A;A6517G,ORF1a:L1985F;ORF1a:T2007T;ORF1a:N2023Y;ORF1a:A2033G;ORF1a:D2037A;ORF1a:K2045K;ORF1a:E2050K;ORF1a:L2084L,6,168,0.0357142857142857,0,
2262026,BA.2_0.03_abundance_0.15,A6517G;G6557C;T6580A;A6581C;A6601G;T6634C;T6643G;A6677C;G6713T;T6820C,ORF1a:L2084L;ORF1a:A2098P;ORF1a:L2105L;ORF1a:T2106P;ORF1a:E2112E;ORF1a:A2123A;ORF1a:G2126G;ORF1a:I2138L;ORF1a:V2150F;ORF1a:S2185S,6,81,0.074074074074074,0,
2262026,BA.2_0.03_abundance_0.15,A6517G;T6620C,ORF1a:L2084L;ORF1a:L2119L,13,95,0.1368421052631579,0,
2262026,BA.2_0.03_abundance_0.15,C7101A;T7157A;T7166G;C7173G;T7217C;A7242G;T7288C;C7307A;A7309C;T7325C;T7326C;T7327A,ORF1a:A2279E;ORF1a:L2298I;ORF1a:Y2301D;ORF1a:S2303C;ORF1a:L2318L;ORF1a:E2326G;ORF1a:L2341L;ORF1a:Q2348K;ORF1a:Q2348H;ORF1a:F2354L;ORF1a:F2354S;ORF1a:F2354L,5,35,0.1428571428571428,0,
2262026,BA.2_0.03_abundance_0.15,G8018T;A8020T;T8038C;A8087T;T8119C;A8122T;A8159C;G8183T;A8211G;A8223T;A8241T,ORF1a:E2585*;ORF1a:E2585D;ORF1a:F2591F;ORF1a:K2608*;ORF1a:A2618A;ORF1a:E2619D;ORF1a:T2632P;ORF1a:G2640W;ORF1a:K2649R;ORF1a:E2653V;ORF1a:H2659L,14,804,0.017412935323383,0,
2262026,BA.2_0.03_abundance_0.15,G8018T;A8020T;T8038C;A8087T;T8119C;A8122T;A8159C;G8183T;A8211G;A8223T;A8241T;A8298G,ORF1a:E2585*;ORF1a:E2585D;ORF1a:F2591F;ORF1a:K2608*;ORF1a:A2618A;ORF1a:E2619D;ORF1a:T2632P;ORF1a:G2640W;ORF1a:K2649R;ORF1a:E2653V;ORF1a:H2659L;ORF1a:N2678S,43,556,0.0773381294964028,0,
2262026,BA.2_0.03_abundance_0.15,A8298G;G8404C;T8431C;A8446C;A8474C;A8475G;T8569G;G8591T,ORF1a:N2678S;ORF1a:W2713C;ORF1a:S2722S;ORF1a:K2727N;ORF1a:N2737H;ORF1a:N2737S;ORF1a:N2768K;ORF1a:V2776F,28,369,0.075880758807588,0,
2262026,BA.2_0.03_abundance_0.15,A8754G;C8912A,ORF1a:K2830R;ORF1a:H2883N,23,274,0.083941605839416,0,
2262026,BA.2_0.03_abundance_0.15,G8952T;T8978G;G8999A;G9014C;G9035C;G9063C;G9083C;C9159G;G9182C;G9190C;A9197C;C9223T;G9233A,ORF1a:C2896F;ORF1a:Y2905D;ORF1a:A2912T;ORF1a:A2917P;ORF1a:D2924H;ORF1a:C2933S;ORF1a:E2940Q;ORF1a:P2965R;ORF1a:V2973L;ORF1a:V2975V;ORF1a:T2978P;ORF1a:H2986H;ORF1a:E2990K,18,371,0.0485175202156334,0,
2262026,BA.2_0.03_abundance_0.15,G8952T;T8978G;G8999A;G9014C;G9035C;G9063C;G9083C;C9159G;G9182C;G9190C;A9197C;C9223T;G9233A;A9238T,ORF1a:C2896F;ORF1a:Y2905D;ORF1a:A2912T;ORF1a:A2917P;ORF1a:D2924H;ORF1a:C2933S;ORF1a:E2940Q;ORF1a:P2965R;ORF1a:V2973L;ORF1a:V2975V;ORF1a:T2978P;ORF1a:H2986H;ORF1a:E2990K;ORF1a:R2991S,7,142,0.0492957746478873,0,
2262026,BA.2_0.03_abundance_0.15,G8952T;T8978G;G8999A;G9014C;G9035C;G9063C;G9083C;C9159G;G9182C;G9190C;A9197C;C9223T;G9233A;A9238T;A9243G,ORF1a:C2896F;ORF1a:Y2905D;ORF1a:A2912T;ORF1a:A2917P;ORF1a:D2924H;ORF1a:C2933S;ORF1a:E2940Q;ORF1a:P2965R;ORF1a:V2973L;ORF1a:V2975V;ORF1a:T2978P;ORF1a:H2986H;ORF1a:E2990K;ORF1a:R2991S;ORF1a:E2993G,7,55,0.1272727272727272,0,
2262026,BA.2_0.03_abundance_0.15,G8952T;T8978G;G8999A;G9014C;G9035C;G9063C;G9083C;C9159G;G9182C;G9190C;A9197C;C9223T,ORF1a:C2896F;ORF1a:Y2905D;ORF1a:A2912T;ORF1a:A2917P;ORF1a:D2924H;ORF1a:C2933S;ORF1a:E2940Q;ORF1a:P2965R;ORF1a:V2973L;ORF1a:V2975V;ORF1a:T2978P;ORF1a:H2986H,48,930,0.0516129032258064,0,
2262026,BA.2_0.03_abundance_0.15,G8952T;T8978G;G8999A;G9014C;G9035C;G9063C;G9083C;C9159G;G9182C;G9190C;A9197C,ORF1a:C2896F;ORF1a:Y2905D;ORF1a:A2912T;ORF1a:A2917P;ORF1a:D2924H;ORF1a:C2933S;ORF1a:E2940Q;ORF1a:P2965R;ORF1a:V2973L;ORF1a:V2975V;ORF1a:T2978P,21,1084,0.0193726937269372,0,
2262026,BA.2_0.03_abundance_0.15,A9243G;G9273C;G9311A;G9335C;C9344T;A9353G;C9365A;G9414T;T9415G;A9424G;T9429A;T9455G;A9496G;T9513A;C9534T;T9540C,ORF1a:E2993G;ORF1a:R3003T;ORF1a:G3016R;ORF1a:V3024L;ORF1a:L3027F;ORF1a:M3030V;ORF1a:L3034I;ORF1a:G3050V;ORF1a:G3050G;ORF1a:V3053V;ORF1a:I3055N;ORF1a:F3064V;ORF1a:V3077V;ORF1a:L3083*;ORF1a:T3090I;ORF1a:L3092P,6,153,0.0392156862745098,0,
2262026,BA.2_0.03_abundance_0.15,G9273C;G9311A;G9335C;C9344T;A9353G;C9365A;G9414T;T9415G;A9424G;T9429A;T9455G;A9496G;T9513A;C9534T;T9540C,ORF1a:R3003T;ORF1a:G3016R;ORF1a:V3024L;ORF1a:L3027F;ORF1a:M3030V;ORF1a:L3034I;ORF1a:G3050V;ORF1a:G3050G;ORF1a:V3053V;ORF1a:I3055N;ORF1a:F3064V;ORF1a:V3077V;ORF1a:L3083*;ORF1a:T3090I;ORF1a:L3092P,9,282,0.0319148936170212,0,
2262026,BA.2_0.03_abundance_0.15,C9344T;A9424G;C9534T;C9541T,ORF1a:L3027F;ORF1a:V3053V;ORF1a:T3090I;ORF1a:L3092L,13,272,0.0477941176470588,1592,BF.21:1;BA.2.12.1:35;BA.4:569;BA.5.2:34;BA.2.3:82;BA.2.10.1:12;BA.2:334;BA.5.2.1:87;BA.5.2.33:66;BQ.1.1.4:2;BA.2.36:1;BA.2.9:120;BQ.1:6;BA.2.18:2;BQ.1.1.22:1;BN.1.4:1;BF.1:1;BA.5.2.23:2;BA.5.6:5;BA.5.3.1:2;BA.5.1:32;BA.5.1.3:2;BA.2.5:9;BA.2.3.1:6;BA.2.1:2;BF.7.4.1:3;BA.5.1.6:3;BA.5.5:11;BA.5.1.23:5;BF.31.1:10;BA.2.10:6;BF.27:1;BA.5.2.20:2;BQ.1.23:8;BA.5.2.9:1;BA.4.6:4;BE.1.1:6;BQ.1.8:6;BF.26:11;BF.5:4;BE.1:4;BA.5.1.25:2;XBB.1.5:4;BA.5.2.30:1;BA.5.7:2;BQ.1.1:17;BA.5.1.22:3;BA.2.38:1;BA.4.4:1;BA.4.1:7;BA.5.1.5:1;BA.5.2.27:10;BA.5:2;BA.2.45:2;BA.5.2.2:1;BA.4.1.4:2;BE.1.1.1:2;BA.5.2.12:1;BA.5.1.10:1;XBB.1:1;BA.2.75:2;BQ.1.15:3;BA.2.9.5:2;BA.5.2.32:1;BA.5.1.1:2;BA.5.2.3:2;BQ.1.1.3:1;BA.2.24:1;BA.2.3.12:1;BA.5.2.28:1;BA.2.3.11:1;BF.11:1;BA.2.49:2;BA.2.56:1;BA.5.1.24:1;BQ.1.1.18:3;BA.5.1.2:2;BE.3:2;BF.7:1;BA.5.2.36:1;BA.4.1.1:1
2262026,BA.2_0.03_abundance_0.15,T9513A;C9534T;T9540C;C9745A;A9760T;T9765A;G9770A;G9805A,ORF1a:L3083*;ORF1a:T3090I;ORF1a:L3092P;ORF1a:Y3160*;ORF1a:V3165V;ORF1a:F3167Y;ORF1a:G3169S;ORF1a:L3180L,9,704,0.0127840909090909,0,
2262026,BA.2_0.03_abundance_0.15,T9513A;C9534T;T9540C;C9745A;A9760T;T9765A;G9770A;G9805A;T9813A;T9819A;A9820T,ORF1a:L3083*;ORF1a:T3090I;ORF1a:L3092P;ORF1a:Y3160*;ORF1a:V3165V;ORF1a:F3167Y;ORF1a:G3169S;ORF1a:L3180L;ORF1a:F3183Y;ORF1a:L3185*;ORF1a:L3185F,11,261,0.0421455938697318,0,
2262026,BA.2_0.03_abundance_0.15,T9513A;C9534T;T9540C;C9745A;A9760T;T9765A;G9770A;G9805A;T9813A,ORF1a:L3083*;ORF1a:T3090I;ORF1a:L3092P;ORF1a:Y3160*;ORF1a:V3165V;ORF1a:F3167Y;ORF1a:G3169S;ORF1a:L3180L;ORF1a:F3183Y,7,588,0.0119047619047619,0,
2262026,BA.2_0.03_abundance_0.15,T9513A;C9534T;T9540C;C9745A;A9760T;T9765A;G9770A;G9805A;T9813A;T9819A,ORF1a:L3083*;ORF1a:T3090I;ORF1a:L3092P;ORF1a:Y3160*;ORF1a:V3165V;ORF1a:F3167Y;ORF1a:G3169S;ORF1a:L3180L;ORF1a:F3183Y;ORF1a:L3185*,5,319,0.0156739811912225,0,
2262026,BA.2_0.03_abundance_0.15,C9534T;A9645G,ORF1a:T3090I;ORF1a:Q3127R,141,2158,0.0653382761816496,2,BA.2:2
2262026,BA.2_0.03_abundance_0.15,C9534T;C9541T,ORF1a:T3090I;ORF1a:L3092L,127,2430,0.0522633744855967,1692,BF.21:1;BA.2.12.1:39;BA.4:588;BQ.1.3:1;BA.5.2:36;BA.2.3:85;BA.2.10.1:13;BA.2:366;BA.5.2.1:92;BA.5.2.33:66;BQ.1.1.4:2;BA.2.36:1;BA.2.9:130;BQ.1:7;BA.2.18:2;BQ.1.1.22:1;BN.1.4:1;BF.1:1;BA.5.2.23:2;BA.5.6:6;BA.5.3.1:2;BA.5.1:36;BA.5.1.3:2;BA.2.5:10;BA.2.3.1:8;BA.2.1:3;BF.7.4.1:3;BA.5.1.6:3;BQ.1.1.14:1;BA.5.5:11;BA.5.1.23:5;BF.31.1:10;BA.2.10:6;BF.27:1;BA.5.2.20:3;BQ.1.23:11;BA.5.2.9:1;BA.4.6:4;BE.1.1:7;BA.5:3;BQ.1.8:6;BF.26:11;BF.5:4;BE.1:5;BA.5.1.25:2;XBB.1.5:4;BA.5.2.30:1;BA.5.7:2;BQ.1.1:18;BA.5.1.22:3;BA.2.38:1;BA.4.4:1;BA.4.1:7;BA.5.1.5:1;BA.5.2.27:10;BA.2.45:2;BA.5.2.2:1;BA.4.1.4:2;BE.1.1.1:2;BA.5.2.12:1;BA.5.1.10:1;XBB.1:1;BA.2.75:2;BQ.1.15:5;BA.2.9.5:2;BA.5.2.32:1;BA.5.1.1:2;BA.5.2.3:2;BQ.1.1.3:1;BA.2.24:1;BA.2.3.12:1;BA.5.2.28:1;BA.2.3.11:1;BF.11:1;BA.2.49:2;BA.2.56:1;BA.5.1.24:1;BQ.1.1.18:3;BF.11.5:1;BA.5.1.2:2;BE.3:2;BF.7:1;BA.5.2.36:1;BA.4.1.1:1;BQ.1.26:1
2262026,BA.2_0.03_abundance_0.15,C9534T;T9540C;C9745A;A9760T;T9765A;G9770A;G9805A,ORF1a:T3090I;ORF1a:L3092P;ORF1a:Y3160*;ORF1a:V3165V;ORF1a:F3167Y;ORF1a:G3169S;ORF1a:L3180L,21,1879,0.0111761575306013,0,
2262026,BA.2_0.03_abundance_0.15,C9534T;T9540C;C9745A;A9760T;T9765A;G9770A;G9805A;T9813A,ORF1a:T3090I;ORF1a:L3092P;ORF1a:Y3160*;ORF1a:V3165V;ORF1a:F3167Y;ORF1a:G3169S;ORF1a:L3180L;ORF1a:F3183Y,28,1543,0.018146467919637,0,
2262026,BA.2_0.03_abundance_0.15,C9534T;T9540C;C9745A;A9760T;T9765A;G9770A;G9805A;T9813A;T9819A;A9820T,ORF1a:T3090I;ORF1a:L3092P;ORF1a:Y3160*;ORF1a:V3165V;ORF1a:F3167Y;ORF1a:G3169S;ORF1a:L3180L;ORF1a:F3183Y;ORF1a:L3185*;ORF1a:L3185F,26,702,0.037037037037037,0,
2262026,BA.2_0.03_abundance_0.15,C10029T;C9866T;C9977A,ORF1a:T3255I;ORF1a:L3201F;ORF1a:L3238I,17,155,0.1096774193548387,65,BA.2.12.1:44;BA.2:20;BA.2.10:1
2262026,BA.2_0.03_abundance_0.15,T10000C;C10029T;T10045G;A10069T;T10076A;C9866T;A9883C;T9915C;T9931C;G9947A;T9952A;T9958C;G9973C,ORF1a:G3245G;ORF1a:T3255I;ORF1a:A3260A;ORF1a:K3268N;ORF1a:F3271I;ORF1a:L3201F;ORF1a:R3206S;ORF1a:F3217S;ORF1a:D3222D;ORF1a:E3228K;ORF1a:A3229A;ORF1a:C3231C;ORF1a:K3236N,10,155,0.064516129032258,0,
2262026,BA.2_0.03_abundance_0.15,A10760G;A10767G;T10769G;A10781G;A10884T;C10969G;G10986A,ORF1a:K3499E;ORF1a:N3501S;ORF1a:Y3502D;ORF1a:T3506A;ORF1a:N3540I;ORF1a:F3568L;ORF1a:R3574K,54,805,0.0670807453416149,0,
2262026,BA.2_0.03_abundance_0.15,A10760G;A10767G;T10769G;A10781G;A10884T;C10969G;G10986A;A11041T,ORF1a:K3499E;ORF1a:N3501S;ORF1a:Y3502D;ORF1a:T3506A;ORF1a:N3540I;ORF1a:F3568L;ORF1a:R3574K;ORF1a:L3592F,6,110,0.0545454545454545,0,
2262026,BA.2_0.03_abundance_0.15,A11041T;T11045A;C11060G;T11137C;C11152T;T11180G;G11198T;C11208G;G11222A;A11237T;A11270T;G11312T,ORF1a:L3592F;ORF1a:L3594I;ORF1a:Q3599E;ORF1a:F3624F;ORF1a:V3629V;ORF1a:F3639V;ORF1a:A3645S;ORF1a:A3648G;ORF1a:V3653I;ORF1a:S3658C;ORF1a:M3669L;ORF1a:V3683F,100,1348,0.0741839762611275,0,
2262026,BA.2_0.03_abundance_0.15,C11345A;T11484C,ORF1a:L3694I;ORF1a:V3740A,20,1288,0.015527950310559,0,
2262026,BA.2_0.03_abundance_0.15,T11918G;C11967G;T12017C;G12019A;C12029T;C12084G;T12109C;G12131T;T12204C,ORF1a:S3885A;ORF1a:A3901G;ORF1a:L3918L;ORF1a:L3918L;ORF1a:Q3922*;ORF1a:T3940S;ORF1a:F3948F;ORF1a:A3956S;ORF1a:L3980S,82,1366,0.0600292825768667,0,
2262026,BA.2_0.03_abundance_0.15,T11918G;C11967G;T12017C;G12019A;C12029T;C12084G;T12109C;G12131T;T12166C;T12204C,ORF1a:S3885A;ORF1a:A3901G;ORF1a:L3918L;ORF1a:L3918L;ORF1a:Q3922*;ORF1a:T3940S;ORF1a:F3948F;ORF1a:A3956S;ORF1a:A3967A;ORF1a:L3980S,14,1366,0.0102489019033674,0,
2262026,BA.2_0.03_abundance_0.15,T12204C;A12250G;A12272G;A12306C;A12307T;G12311A;A12337T;G12373C;T12375A;A12397G;G12419T,ORF1a:L3980S;ORF1a:A3995A;ORF1a:K4003E;ORF1a:K4014T;ORF1a:K4014N;ORF1a:A4016T;ORF1a:K4024N;ORF1a:M4036I;ORF1a:L4037H;ORF1a:A4044A;ORF1a:A4052S,12,112,0.1071428571428571,0,
2262026,BA.2_0.03_abundance_0.15,T12619G;T12648A,ORF1a:N4118K;ORF1a:V4128E,22,1658,0.0132689987937273,0,
2262026,BA.2_0.03_abundance_0.15,T12648A;A12744C,ORF1a:V4128E;ORF1a:Q4160P,315,1477,0.2132701421800948,0,
2262026,BA.2_0.03_abundance_0.15,A12744C;C12880T,ORF1a:Q4160P;ORF1a:I4205I,113,337,0.3353115727002967,0,
2262026,BA.2_0.03_abundance_0.15,A12744C;A12782C;A12800C;C12809A;C12830A;T12856G;T12874A;C12880T;A12898G;A12936C;A12951T;A12960C;A12977T;G12989A;C13047G,ORF1a:Q4160P;ORF1a:N4173H;ORF1a:R4179R;ORF1a:L4182I;ORF1a:Q4189K;ORF1a:P4197P;ORF1a:G4203G;ORF1a:I4205I;ORF1a:P4211P;ORF1a:K4224T;ORF1a:Y4229F;ORF1a:K4232T;ORF1a:N4238Y;ORF1a:V4242I;ORF1a:P4261R,5,263,0.0190114068441064,0,
2262026,BA.2_0.03_abundance_0.15,A12744C;C12880T;T12934C,ORF1a:Q4160P;ORF1a:I4205I;ORF1a:P4223P,11,337,0.0326409495548961,0,
2262026,BA.2_0.03_abundance_0.15,A12782C;A12800C;C12809A;C12830A;T12856G;T12874A;C12880T;A12898G;A12936C;A12951T;A12960C;A12977T;G12989A;C13047G,ORF1a:N4173H;ORF1a:R4179R;ORF1a:L4182I;ORF1a:Q4189K;ORF1a:P4197P;ORF1a:G4203G;ORF1a:I4205I;ORF1a:P4211P;ORF1a:K4224T;ORF1a:Y4229F;ORF1a:K4232T;ORF1a:N4238Y;ORF1a:V4242I;ORF1a:P4261R,59,1064,0.0554511278195488,0,
2262026,BA.2_0.03_abundance_0.15,A12782C;A12800C;C12809A;C12830A;T12856G;T12874A;C12880T;A12898G;A12936C;A12951T;A12960C;A12977T;G12989A,ORF1a:N4173H;ORF1a:R4179R;ORF1a:L4182I;ORF1a:Q4189K;ORF1a:P4197P;ORF1a:G4203G;ORF1a:I4205I;ORF1a:P4211P;ORF1a:K4224T;ORF1a:Y4229F;ORF1a:K4232T;ORF1a:N4238Y;ORF1a:V4242I,14,1246,0.0112359550561797,0,
2262026,BA.2_0.03_abundance_0.15,C12880T;T12934C,ORF1a:I4205I;ORF1a:P4223P,87,1363,0.0638297872340425,22,B.1.1.519:18;BA.2.9:1;B.1:1;BA.2.75:1;BA.2.75.1:1
2262026,BA.2_0.03_abundance_0.15,C13047G;C13130G;A13204C;T13227C;C13236T;T13241C;G13293A;A13300T;T13331A,ORF1a:P4261R;ORF1a:Q4289E;ORF1a:E4313D;ORF1a:F4321S;ORF1a:A4324V;ORF1a:C4326R;ORF1a:C4343Y;ORF1a:L4345F;ORF1a:C4356S,98,1137,0.0861917326297273,0,
2262026,BA.2_0.03_abundance_0.15,G13639C;T13648A;A13675G;A13691T;T13705G;A13712G;C13808T;A13922C,ORF1b:D58H;ORF1b:F61I;ORF1b:N70D;ORF1b:E75V;ORF1b:L80V;ORF1b:K82R;ORF1b:T114I;ORF1b:D152A,7,58,0.1206896551724138,0,
2262026,BA.2_0.03_abundance_0.15,G13948T;C14006A;T14042G;T14064C;T14082G;A14107T;C14114A;C14115A;T14132C;T14152C;A14205G;T14238A;G14260T,ORF1b:D161Y;ORF1b:T180K;ORF1b:I192S;ORF1b:D199D;ORF1b:G205G;ORF1b:I214L;ORF1b:T216N;ORF1b:T216T;ORF1b:V222A;ORF1b:Y229H;ORF1b:S246S;ORF1b:I257I;ORF1b:D265Y,8,127,0.0629921259842519,0,
2262026,BA.2_0.03_abundance_0.15,G13948T;C14006A;T14042G;T14064C;T14082G;A14107T;C14114A;C14115A;T14132C;T14152C;A14205G;T14238A,ORF1b:D161Y;ORF1b:T180K;ORF1b:I192S;ORF1b:D199D;ORF1b:G205G;ORF1b:I214L;ORF1b:T216N;ORF1b:T216T;ORF1b:V222A;ORF1b:Y229H;ORF1b:S246S;ORF1b:I257I,9,293,0.030716723549488,0,
2262026,BA.2_0.03_abundance_0.15,C14006A;T14042G;T14064C;T14082G;A14107T;C14114A;C14115A;T14132C;T14152C;A14205G;T14238A;G14260T,ORF1b:T180K;ORF1b:I192S;ORF1b:D199D;ORF1b:G205G;ORF1b:I214L;ORF1b:T216N;ORF1b:T216T;ORF1b:V222A;ORF1b:Y229H;ORF1b:S246S;ORF1b:I257I;ORF1b:D265Y,54,834,0.0647482014388489,0,
2262026,BA.2_0.03_abundance_0.15,C14006A;T14042G;T14064C;T14082G;A14107T;C14114A;C14115A;T14132C;T14152C;A14205G;T14238A,ORF1b:T180K;ORF1b:I192S;ORF1b:D199D;ORF1b:G205G;ORF1b:I214L;ORF1b:T216N;ORF1b:T216T;ORF1b:V222A;ORF1b:Y229H;ORF1b:S246S;ORF1b:I257I,73,1940,0.0376288659793814,0,
2262026,BA.2_0.03_abundance_0.15,G14260T;A14302G;C14318A;A14339G;A14355G;C14408T;T14418C;A14457T;T14543C;A14550G,ORF1b:D265Y;ORF1b:K279E;ORF1b:T284K;ORF1b:N291S;ORF1b:R296R;ORF1b:P314L;ORF1b:F317F;ORF1b:P330P;ORF1b:F359S;ORF1b:E361E,8,152,0.0526315789473684,0,
2262026,BA.2_0.03_abundance_0.15,C14408T;A14477T,ORF1b:P314L;ORF1b:Y337F,22,171,0.1286549707602339,8,AY.47:1;B.1:2;BA.2:1;B.1.416:1;B.1.1.7:1;B.1.177.53:1;BA.1.1:1
2262026,BA.2_0.03_abundance_0.15,A15325T;T15350C,ORF1b:M620L;ORF1b:V628A,97,1362,0.0712187958883994,0,
2262026,BA.2_0.03_abundance_0.15,T15560G;A15582C;T15584C;A15626T;T15686G;C15714T;T15733C;T15817A,ORF1b:L698R;ORF1b:K705N;ORF1b:I706T;ORF1b:E720V;ORF1b:L740W;ORF1b:L749L;ORF1b:C756R;ORF1b:F784I,328,5357,0.0612282994213179,0,
2262026,BA.2_0.03_abundance_0.15,T15560G;A15582C;T15584C;A15626T;T15686G;C15714T;T15733C;T15817A;G15850A,ORF1b:L698R;ORF1b:K705N;ORF1b:I706T;ORF1b:E720V;ORF1b:L740W;ORF1b:L749L;ORF1b:C756R;ORF1b:F784I;ORF1b:D795N,84,1251,0.0671462829736211,0,
2262026,BA.2_0.03_abundance_0.15,C15714T;A15739C,ORF1b:L749L;ORF1b:N758H,195,5393,0.0361579825699981,0,
2262026,BA.2_0.03_abundance_0.15,T15880C;T15953A;T16023G;T16024C;T16025G;C16028T;G16075A;T16154G;T16157C;T16161G,ORF1b:S805P;ORF1b:L829Q;ORF1b:S852S;ORF1b:L853L;ORF1b:L853*;ORF1b:A854V;ORF1b:D870N;ORF1b:V896G;ORF1b:M897T;ORF1b:L898L,59,823,0.071688942891859,0,
2262026,BA.2_0.03_abundance_0.15,T16154G;T16157C;T16161G;C16234T;C16247G;T16287C;A16318C;A16341C;T16366A;C16394A;C16418A;C16423A,ORF1b:V896G;ORF1b:M897T;ORF1b:L898L;ORF1b:Q923*;ORF1b:A927G;ORF1b:G940G;ORF1b:K951Q;ORF1b:I958I;ORF1b:S967T;ORF1b:P976Q;ORF1b:T984N;ORF1b:L986I,8,168,0.0476190476190476,0,
2262026,BA.2_0.03_abundance_0.15,T16157C;T16161G;C16234T;C16247G;T16287C;A16318C;A16341C;T16366A;C16394A;C16418A;C16423A,ORF1b:M897T;ORF1b:L898L;ORF1b:Q923*;ORF1b:A927G;ORF1b:G940G;ORF1b:K951Q;ORF1b:I958I;ORF1b:S967T;ORF1b:P976Q;ORF1b:T984N;ORF1b:L986I,7,271,0.025830258302583,0,
2262026,BA.2_0.03_abundance_0.15,A16278C;T16324C,ORF1b:L937F;ORF1b:C953R,7,496,0.0141129032258064,0,
2262026,BA.2_0.03_abundance_0.15,A16278C;A16359T,ORF1b:L937F;ORF1b:L964F,69,496,0.1391129032258064,0,
2262026,BA.2_0.03_abundance_0.15,T16796A;T16860G;T17016A;C17069G;C17077G,ORF1b:V1110E;ORF1b:A1131A;ORF1b:D1183E;ORF1b:S1201C;ORF1b:Q1204E,38,528,0.0719696969696969,0,
2262026,BA.2_0.03_abundance_0.15,T17164C;C17410T,ORF1b:S1233P;ORF1b:R1315C,332,2082,0.159462055715658,1,BA.5.1:1
2262026,BA.2_0.03_abundance_0.15,T17164C;C17336G;C17410T,ORF1b:S1233P;ORF1b:T1290R;ORF1b:R1315C,457,2082,0.2195004803073967,0,
2262026,BA.2_0.03_abundance_0.15,T17164C;C17336G,ORF1b:S1233P;ORF1b:T1290R,226,3139,0.0719974514176489,0,
2262026,BA.2_0.03_abundance_0.15,C17336G;C17410T,ORF1b:T1290R;ORF1b:R1315C,704,2083,0.3379740758521363,0,
2262026,BA.2_0.03_abundance_0.15,C17410T;A17431G;A17477C;A17482G;C17483A;A17515G;A17542C;C17555T;A17576C;T17582C,ORF1b:R1315C;ORF1b:I1322V;ORF1b:K1337T;ORF1b:T1339A;ORF1b:T1339K;ORF1b:R1350G;ORF1b:M1359L;ORF1b:T1363I;ORF1b:E1370A;ORF1b:V1372A,27,265,0.1018867924528302,0,
2262026,BA.2_0.03_abundance_0.15,A17431G;A17477C;A17482G;C17483A;A17515G;A17542C;C17555T;A17576C;T17582C,ORF1b:I1322V;ORF1b:K1337T;ORF1b:T1339A;ORF1b:T1339K;ORF1b:R1350G;ORF1b:M1359L;ORF1b:T1363I;ORF1b:E1370A;ORF1b:V1372A,143,2127,0.0672308415608838,0,
2262026,BA.2_0.03_abundance_0.15,A17729T;T17785C,ORF1b:E1421V;ORF1b:S1440P,34,1125,0.0302222222222222,0,
2262026,BA.2_0.03_abundance_0.15,A17729T;T17785C;C17883A,ORF1b:E1421V;ORF1b:S1440P;ORF1b:T1472T,21,1125,0.0186666666666666,0,
2262026,BA.2_0.03_abundance_0.15,A17729T;C17883A,ORF1b:E1421V;ORF1b:T1472T,23,1125,0.0204444444444444,0,
2262026,BA.2_0.03_abundance_0.15,T17785C;C17883A,ORF1b:S1440P;ORF1b:T1472T,91,1125,0.0808888888888888,0,
2262026,BA.2_0.03_abundance_0.15,C18419A;T18435G;C18460G;C18493G;A18503C;T18521G;A18563T;T18608G;G18627C,ORF1b:T1651K;ORF1b:D1656E;ORF1b:P1665A;ORF1b:L1676V;ORF1b:K1679T;ORF1b:V1685G;ORF1b:K1699I;ORF1b:F1714C;ORF1b:K1720N,31,488,0.0635245901639344,0,
2262026,BA.2_0.03_abundance_0.15,T18436C;T18545A,ORF1b:F1657L;ORF1b:M1693K,36,643,0.0559875583203732,0,
2262026,BA.2_0.03_abundance_0.15,T18436C;A18533G,ORF1b:F1657L;ORF1b:K1689R,22,643,0.0342146189735614,0,
2262026,BA.2_0.03_abundance_0.15,A18533G;T18545A,ORF1b:K1689R;ORF1b:M1693K,8,643,0.0124416796267496,0,
2262026,BA.2_0.03_abundance_0.15,G18627C;T18741A;C18747T;C18775G;A18798T;C18823A;C18828A;A18868C,ORF1b:K1720N;ORF1b:D1758E;ORF1b:V1760V;ORF1b:Q1770E;ORF1b:L1777L;ORF1b:Q1786K;ORF1b:V1787V;ORF1b:T1801P,41,415,0.0987951807228915,0,
2262026,BA.2_0.03_abundance_0.15,T18741A;C18747T;C18775G;A18798T;C18823A;C18828A;A18868C,ORF1b:D1758E;ORF1b:V1760V;ORF1b:Q1770E;ORF1b:L1777L;ORF1b:Q1786K;ORF1b:V1787V;ORF1b:T1801P,156,2381,0.0655186896262074,0,
2262026,BA.2_0.03_abundance_0.15,T19025G;C19097G;T19139G;G19193T;A19210C;C19220A;T19224C,ORF1b:L1853R;ORF1b:A1877G;ORF1b:F1891C;ORF1b:W1909L;ORF1b:R1915R;ORF1b:A1918D;ORF1b:N1919N,177,2246,0.078806767586821,0,
2262026,BA.2_0.03_abundance_0.15,T19647A;A19652T;T19665G;G19670T;C19687A;A19720T;G19741A;C19781T;T19790A;G19794T;T19835A;T19874A;G19879A,ORF1b:V2060V;ORF1b:N2062I;ORF1b:F2066L;ORF1b:G2068V;ORF1b:P2074T;ORF1b:K2085*;ORF1b:E2092K;ORF1b:A2105V;ORF1b:L2108H;ORF1b:W2109C;ORF1b:L2123H;ORF1b:I2136N;ORF1b:D2138N,29,315,0.092063492063492,0,
2262026,BA.2_0.03_abundance_0.15,C21431T;G21438A;A21455C;G21463T;A21512C;G21538T;G21606A;C21618T;C21627G;A21647G;A21675C;A21685G,ORF1b:A2655V;ORF1b:M2657I;ORF1b:Q2663P;ORF1b:D2666Y;ORF1b:N2682T;ORF1b:V2691F;S:C15Y;S:T19I;S:T22S;S:T29A;S:Y38S;S:K41K,13,179,0.0726256983240223,0,
2262026,BA.2_0.03_abundance_0.15,T21537C;C21618T,ORF1b:D2690D;S:T19I,9,189,0.0476190476190476,179,BA.5.1:2;BE.1:1;BA.2.18:5;BA.2:51;BA.2.65:2;BA.2.64:67;BA.5.2:13;BA.2.10.1:5;BE.1.1:12;BA.2.75:2;BA.5.2.27:1;BQ.1.16:2;BA.4.1:1;BA.2.9:1;BF.10:1;BA.2.12.1:3;BA.2.38:1;CH.1.1:1;CF.1:1;BA.5.5:1;BA.5.2.1:3;BF.5:1;BA.5:1;BA.4.4:1
2262026,BA.2_0.03_abundance_0.15,A21685G;C21707A;G21746C;C21762A;C21840T;T21841G;T21842G;A21865C;A21875T;C21903G;T21940A;G21950T;G21987A,S:K41K;S:H49N;S:V62L;S:A67D;S:A93V;S:A93A;S:S94A;S:I101I;S:I105F;S:T114S;S:V126V;S:V130F;S:G142D,8,107,0.0747663551401869,0,
2262026,BA.2_0.03_abundance_0.15,C21707A;G21746C;C21762A;C21840T;T21841G;T21842G;A21865C;A21875T;C21903G;T21940A;G21950T;G21987A,S:H49N;S:V62L;S:A67D;S:A93V;S:A93A;S:S94A;S:I101I;S:I105F;S:T114S;S:V126V;S:V130F;S:G142D,77,1108,0.0694945848375451,0,
2262026,BA.2_0.03_abundance_0.15,C21707A;G21746C;C21762A;C21840T;T21841G;T21842G;A21865C;A21875T;C21903G;T21940A;G21950T,S:H49N;S:V62L;S:A67D;S:A93V;S:A93A;S:S94A;S:I101I;S:I105F;S:T114S;S:V126V;S:V130F,14,1237,0.0113177041228779,0,
2262026,BA.2_0.03_abundance_0.15,G21850T;G21987A,S:E96D;S:G142D,746,1109,0.672678088367899,650,BA.2.12.1:5;BA.5.1.5:3;AY.4:107;B.1.617.2:25;AY.57:2;BA.2.3:10;AY.43:22;AY.103:47;BF.4:1;AY.85:6;BA.5:1;AY.25.1:7;AY.100:12;BA.5.1.30:1;BA.5.2:20;AY.70:1;AY.27:2;BE.1:1;BF.7.4:6;AY.44:44;BA.2.9:12;AY.122:12;AY.119:4;AY.5:28;AY.120:10;BA.5.1:17;AY.4.2:16;BA.2.10:3;AY.125:8;AY.39:8;AY.106:7;AY.9.2:8;BF.7.5:3;BA.5.2.8:1;BE.1.4:1;AY.121:4;BA.2:30;AY.126:7;AY.127:1;BQ.1:1;BA.5.2.21:2;AY.33:1;BQ.1.1.18:1;AY.26:8;BA.1:1;BQ.1.10:3;B.1.1:1;AY.3:5;AY.99.2:2;BQ.1.1:4;BA.5.1.3:1;BA.5.5:1;AY.25:3;BE.1.1.2:2;AY.9:2;CH.1.1:1;BA.2.23:4;XG:39;AY.30:1;BA.5.1.2:1;AY.119.2:5;BA.4.6:1;AY.77:2;AY.98.1:15;BE.1.1:2;AY.20:2;AY.46.6:2;BA.4.1:2;AY.46.5:6;AY.75:1;AY.5.4:1;AY.78:1;BA.5.2.1:15;AY.109:1;AY.36:2;BA.2.75:2;BA.5.2.20:1;BA.4:1;AY.65:1
2262026,BA.2_0.03_abundance_0.15,G22578A;C22674T;T22679C;C22686T;A22688G;G22775A;G22778T;G22813T,S:G339D;S:S371F;S:S373P;S:S375F;S:T376A;S:D405N;S:E406*;S:K417N,59,451,0.130820399113082,1,BA.2:1
2262026,BA.2_0.03_abundance_0.15,T23152A;C23154G;T23189C;A23232C;T23287A;A23305C;C23327G;T23338A;G23340C;A23379T;A23403G;T23421C;G23438C;C23439G;A23445T;A23446C;G23465A;T23466C,S:S530S;S:T531S;S:F543L;S:K557T;S:A575A;S:T581T;S:P589A;S:F592L;S:G593A;S:N606I;S:D614G;S:V620A;S:A626P;S:A626G;S:Q628L;S:Q628H;S:V635I;S:V635A,28,260,0.1076923076923077,0,
2262026,BA.2_0.03_abundance_0.15,C23154G;T23189C;A23232C;T23287A;A23305C;C23327G;T23338A;G23340C;A23379T;A23403G;T23421C;G23438C;C23439G;A23445T;A23446C;G23465A;T23466C,S:T531S;S:F543L;S:K557T;S:A575A;S:T581T;S:P589A;S:F592L;S:G593A;S:N606I;S:D614G;S:V620A;S:A626P;S:A626G;S:Q628L;S:Q628H;S:V635I;S:V635A,10,326,0.0306748466257668,0,
2262026,BA.2_0.03_abundance_0.15,T23189C;A23232C;T23287A;A23305C;C23327G;T23338A;G23340C;A23379T;A23403G;T23421C;G23438C;C23439G;A23445T;A23446C;G23465A;T23466C,S:F543L;S:K557T;S:A575A;S:T581T;S:P589A;S:F592L;S:G593A;S:N606I;S:D614G;S:V620A;S:A626P;S:A626G;S:Q628L;S:Q628H;S:V635I;S:V635A,100,1698,0.0588928150765606,0,
2262026,BA.2_0.03_abundance_0.15,C23525T;T23599G;C23604A;C23778T,S:H655Y;S:N679K;S:P681H;S:T739I,541,830,0.6518072289156627,153,BA.5.1:16;BA.1.15:9;BA.2.12.1:10;BF.27:1;BA.2:5;BA.1.15.1:1;BA.2.3:3;BA.5.5:7;BQ.1:2;BF.11:2;BA.2.10:24;BA.5.2.1:45;BA.5.2.9:1;BQ.1.3:1;CH.1.1:1;BA.1.1:3;BF.5:3;BA.5.2:1;BQ.1.18:1;BE.1.1:2;BQ.1.12:2;BA.2.7:1;BE.1.4:1;BA.5.8:1;BA.2.76:1;BA.5.2.4:1;BA.5.1.10:1;BA.1:2;BA.5.1.3:2;BL.4:1;BA.2.75:2
2262026,BA.2_0.03_abundance_0.15,C23525T;C23557T;T23599G;C23604A;C23778T,S:H655Y;S:P665P;S:N679K;S:P681H;S:T739I,33,830,0.0397590361445783,0,
2262026,BA.2_0.03_abundance_0.15,C23525T;C23557T;T23599G;C23604A,S:H655Y;S:P665P;S:N679K;S:P681H,13,888,0.0146396396396396,5178,CN.1:55;BA.1.15:96;BQ.1.1.22:8;BA.2.3:23;BA.5.9:88;BA.4.6:60;BA.2.13:4;BA.5.1:242;BA.2.12.1:55;BA.5:131;BA.5.1.27:1;BE.4:10;BA.2:1422;BA.1.17.2:61;BF.28:77;BA.5.2.9:2;BA.5.2:151;BA.5.2.33:5;BA.1.1.18:33;BF.5:34;BA.5.6:43;BA.1.14:4;BA.1.12:1;BF.7:25;BA.5.2.1:387;BA.4.2:5;BA.2.75:12;BA.5.2.20:12;BA.1.1.14:8;BA.1.18:10;BA.5.2.2:1;BA.4.4:12;BA.4.1.8:4;BA.1.1:601;BF.1:1;BA.1.17:14;BA.2.10:48;BA.5.5:86;BA.1.1.17:29;BA.4:6;BQ.1:39;BA.1:227;BA.2.37:21;BA.5.2.6:9;BA.1.1.1:413;BA.5.5.3:1;BQ.1.1:34;BQ.1.5:1;BE.1:8;BA.4.1:13;BA.2.9:72;CK.2.1.1:4;BA.5.1.22:34;BA.4.1.5:2;BA.4.1.1:7;BA.5.2.26:6;BF.14:9;BA.1.20:17;BK.1:2;BF.27:9;BA.2.36:4;BA.2.5:2;CM.2:2;BA.2.29:3;BA.5.1.1:10;BA.5.1.23:3;BA.5.1.12:1;BA.2.24:1;CL.1:2;BW.1.1:124;BA.5.3.3:1;BA.5.2.19:2;CP.1:1;BA.2.1:6;BE.1.1:10;BF.10:6;BA.2.76:1;CM.5:1;BE.8:1;BA.2.23:5;XBB.1:25;BA.5.1.10:1;BA.2.38:20;BA.5.2.3:1;BA.1.15.1:10;BF.7.8:1;XBB.1.4:1;XBB.1.5:1;BA.5.2.8:2;BN.1.9:3;BA.5.2.28:11;BA.1.1.2:3;BQ.1.1.15:1;BA.2.18:3;BF.21:3;BA.2.31:7;BE.1.1.2:2;BQ.1.18:1;BQ.1.1.3:2;BA.2.38.4:1;BQ.1.1.13:1;BA.1.1.7:2;BA.5.2.7:1;BU.1:2;BA.1.1.15:6;BA.5.1.3:2;BA.5.2.27:1;BA.2.21:1;BA.5.1.9:2;BA.1.14.2:1;CH.1.1:2;BA.1.1.4:4;BQ.1.1.18:3;BQ.1.1.5:3;BA.5.1.30:1;BQ.1.13:2;BF.7.4:1;BF.1.1:3;BA.5.1.2:3;BA.2.74:1;BN.1.2:3;BA.1.8:1;XBB.2:5;BA.2.9.5:2;BA.4.5:1;BQ.1.14:1;BF.13:1;BA.2.4:1;BA.2.38.2:1;BF.7.10:1;BA.1.21:3;BA.1.13.1:1;CP.1.2:1;BA.1.14.1:2;BA.5.1.19:2;BQ.1.1.2:3;BF.8:1;BF.7.11:1;BA.5.3.1:1;BA.4.1.4:1;BA.2.13.1:1;BA.2.27:1;BA.2.3.5:1;BF.11:1;BA.2.56:4;BQ.1.1.28:2;BE.3:1;BC.1:1;XBB.3:1;BA.2.10.1:2;BE.1.2:1;BA.5.11:1;XBB:1;BL.1:1;BF.31:1;AY.120:2;BA.5.6.1:1
2262026,BA.2_0.03_abundance_0.15,C23854A;A23894G;G23948T,S:N764K;S:T778A;S:D796Y,104,342,0.3040935672514619,30,BA.2.42:9;BA.1:1;BA.5.1.2:1;BA.1.1:6;BA.1.15:9;BA.1.18:1;BA.2:1;BA.1.1.2:1;BA.2.5:1
2262026,BA.2_0.03_abundance_0.15,G24234T;A24241G;A24248T;C24270T;A24273T;T24274A;G24291A;G24301C;A24302C;T24304G;A24321C;A24325G;A24336G;A24353C;T24379G;A24409G;G24416C;A24424T,S:G891V;S:A893A;S:I896L;S:A903V;S:Y904F;S:Y904*;S:G910E;S:Q913H;S:N914H;S:N914K;S:Q920P;S:K921K;S:N925S;S:I931L;S:S939S;S:Q949Q;S:V952L;S:Q954H,61,1024,0.0595703125,0,
2262026,BA.2_0.03_abundance_0.15,G24234T;A24241G;A24248T;C24270T;A24273T;T24274A;G24291A;G24301C;A24302C;T24304G;A24321C;A24325G;A24336G;A24353C;T24379G;A24409G;G24416C,S:G891V;S:A893A;S:I896L;S:A903V;S:Y904F;S:Y904*;S:G910E;S:Q913H;S:N914H;S:N914K;S:Q920P;S:K921K;S:N925S;S:I931L;S:S939S;S:Q949Q;S:V952L,38,1309,0.029029793735676,0,
2262026,BA.2_0.03_abundance_0.15,A24366C;A24424T,S:Q935P;S:Q954H,49,1024,0.0478515625,0,
2262026,BA.2_0.03_abundance_0.15,A24424T;G24605A,S:Q954H;S:A1015T,11,80,0.1375,9,BA.2.74:2;BA.2:3;BA.5.2.6:1;BA.1.17:1;BA.1:1;BA.1.18:1
2262026,BA.2_0.03_abundance_0.15,A24424T;T24487A,S:Q954H;S:S975R,9,80,0.1125,0,
2262026,BA.2_0.03_abundance_0.15,A24424T;A24670G,S:Q954H;S:Q1036Q,8,76,0.1052631578947368,152,BA.1.15:3;BA.2.12.1:18;BA.1.1.16:1;BA.2:24;BA.5.5.3:10;CM.8:2;BA.5.1.10:1;BA.5.1:2;BA.2.75:5;BA.1.17:1;BA.1.1.1:2;BA.1:5;BA.1.17.2:1;BA.5.2:3;BA.1.1.18:2;BA.1.1:8;BA.5.3.2:4;BA.1.1.12:35;BA.5.1.22:3;BF.11:1;BA.2.9:5;BA.5.5:6;BA.2.3:1;BA.4.6:2;BA.5.2.1:4;BA.5.1.2:1;BE.2:1;BQ.1.1:1
2262026,BA.2_0.03_abundance_0.15,C24789T;C25000T,S:T1076I;S:D1146D,488,1769,0.2758620689655172,348,BA.5.2.22:5;BF.5:10;BA.5.2:33;BA.2:119;BA.5.2.1:17;BA.4.6:1;BA.1.1:37;BA.1.1.1:13;BA.4:2;BA.5.1.23:1;BA.2.9:11;BA.5.1:25;BA.1.1.2:2;BF.7.4.1:3;BA.2.12.1:7;BA.1:6;BE.1.1:17;BA.2.6:1;BA.1.15:6;B.1.466.2:1;BA.1.17.2:2;BA.2.3:4;BA.5:2;BA.1.1.4:1;BA.5.5.2:3;BA.5.2.2:2;B.1.1.529:1;BF.3:1;BA.5.1.1:1;BA.5.5:2;BA.5.2.8:1;BQ.1.1:1;BA.4.1:2;BF.26:1;BQ.1:1;BA.1.17:1;BQ.1.5:1;BE.3:1;BA.5.1.2:1;BF.32:2
2262026,BA.2_0.03_abundance_0.15,C24789T;A24791C;C24792A;C24909A;T24929A;T24946G;A24952G;C24990A;C25000T;T25001G,S:T1076I;S:T1077P;S:T1077N;S:T1116N;S:S1123T;S:V1128V;S:I1130M;S:P1143H;S:D1146D;S:S1147A,52,1768,0.0294117647058823,0,
2262026,BA.2_0.03_abundance_0.15,C24789T;T24903C;C25000T,S:T1076I;S:I1114T;S:D1146D,22,1769,0.0124364047484454,0,
2262026,BA.2_0.03_abundance_0.15,A24791C;C24792A;C24909A;T24929A;T24946G;A24952G;C24990A;C25000T;T25001G,S:T1077P;S:T1077N;S:T1116N;S:S1123T;S:V1128V;S:I1130M;S:P1143H;S:D1146D;S:S1147A,104,1768,0.0588235294117647,0,
2262026,BA.2_0.03_abundance_0.15,T24903C;C25000T,S:I1114T;S:D1146D,34,1769,0.0192198982475975,685,BA.5.1.10:95;BA.2.12.1:25;BA.2:190;BA.5.2:17;BA.5.1:10;BA.5.2.1:12;BA.5.2.2:1;BE.1.1:6;BA.1.1.14:1;BE.1:31;BA.5.5:1;BA.1.1:72;BA.1:20;BA.1.1.1:8;BA.5.1.24:1;BA.4.1:24;BA.2.33:12;BA.2.3:6;BA.5.2.9:12;BF.5:19;BA.2.9:10;CR.1:4;BA.4:1;BA.2.3.1:4;BA.2.18:31;BQ.1.1.25:1;BA.1.1.2:8;XBB.2:1;BA.4.6:6;BF.10:2;BQ.1.1:10;BA.5.1.3:2;BA.5.1.1:2;BA.1.15:8;BA.2.3.2:1;BA.1.1.18:8;BD.1:1;BA.2.23:2;BA.1.17.2:3;BF.1.1:1;BA.2.43:1;BA.2.5:2;BA.2.2:1;BA.4.1.1:1;BA.5.9:1;BA.5.2.14:1;CL.1:1;BA.5.2.21:1;BA.2.9.5:1;BA.1.15.1:1;BF.27:1;BA.2.64:1;BM.1.1.3:1;BA.2.75:1;BA.1.18:1
2262026,BA.2_0.03_abundance_0.15,G25364A;A25426G;T25434C;G25437A;C25487G;A25512G;T25520C;G25540A;T25557C;C25584T;G25593T;C25603T;T25604G;G25606C,S:V1268I;ORF3a:T12A;ORF3a:T14T;ORF3a:L15L;ORF3a:T32S;ORF3a:S40S;ORF3a:F43S;ORF3a:V50I;ORF3a:V55V;ORF3a:T64T;ORF3a:K67N;ORF3a:L71L;ORF3a:L71R;ORF3a:A72P,318,4017,0.0791635548917102,0,
2262026,BA.2_0.03_abundance_0.15,G25970C;C26270T,ORF3a:W193S;E:T9I,28,171,0.1637426900584795,24,BA.5.2.1:4;BA.1.1:3;BA.5.6:1;BA.5.2:1;BA.1.17.2:11;BA.2:2;BA.2.12:2
2262026,BA.2_0.03_abundance_0.15,G25970C;T26180C;C26270T,ORF3a:W193S;ORF3a:I263T;E:T9I,13,171,0.0760233918128654,0,
2262026,BA.2_0.03_abundance_0.15,G25970C;T26180C,ORF3a:W193S;ORF3a:I263T,7,216,0.0324074074074074,0,
2262026,BA.2_0.03_abundance_0.15,G25972A;C26042A;T26052G;A26092G;C26256T;C26270T,ORF3a:E194K;ORF3a:T217N;ORF3a:S220R;ORF3a:N234D;E:F4F;E:T9I,5,171,0.0292397660818713,0,
2262026,BA.2_0.03_abundance_0.15,C26256T;C26270T;T26324G;C26340A;T26342C;A26358T;C26370A;A26528G;T26543C,E:F4F;E:T9I;E:L27W;E:A32A;E:I33T;E:R38R;E:Y42*;M:A2A;M:T7T,103,1385,0.0743682310469314,0,
2262026,BA.2_0.03_abundance_0.15,C26256T;C26270T;T26324G;C26340A;T26342C;A26358T;C26370A;A26528G,E:F4F;E:T9I;E:L27W;E:A32A;E:I33T;E:R38R;E:Y42*;M:A2A,35,1642,0.0213154689403166,0,
2262026,BA.2_0.03_abundance_0.15,C26270T;T26330C,E:T9I;E:V29A,69,1777,0.0388294879009566,3,BA.1:1;BA.5.2.1:1;BA.1.13.1:1
2262026,BA.2_0.03_abundance_0.15,C26577G;T26661C;G26709A;C26858T,M:Q19E;M:Y47H;M:A63T;M:F112F,445,3568,0.124719730941704,5,BA.4.1:1;BA.2.1:1;BA.2.9:1;BA.2.12.1:1;BA.2:1
2262026,BA.2_0.03_abundance_0.15,C26577G;A26591C;G26709A;C26858T,M:Q19E;M:V23V;M:A63T;M:F112F,225,3568,0.0630605381165919,1,BA.2:1
2262026,BA.2_0.03_abundance_0.15,C26577G;T26624G;G26709A;C26858T,M:Q19E;M:L34L;M:A63T;M:F112F,247,3568,0.0692264573991031,12,BA.2.12.1:1;BA.2.9:2;BA.4:2;BA.2:6;BA.2.75:1
2262026,BA.2_0.03_abundance_0.15,C26577G;A26591C;T26624G;T26661C;G26709A;C26858T,M:Q19E;M:V23V;M:L34L;M:Y47H;M:A63T;M:F112F,52,3568,0.0145739910313901,0,
2262026,BA.2_0.03_abundance_0.15,C26577G;A26591C;T26661C;G26709A;C26858T,M:Q19E;M:V23V;M:Y47H;M:A63T;M:F112F,145,3568,0.0406390134529148,0,
2262026,BA.2_0.03_abundance_0.15,C26577G;G26709A;G26720T;C26858T,M:Q19E;M:A63T;M:V66V;M:F112F,387,3568,0.1084641255605381,259,BA.3:22;BA.2:179;BA.2.24:14;BA.2.53:7;BA.2.23:1;BA.2.75:9;BA.2.3:5;BA.2.12.1:9;BA.4:2;BA.2.3.13:1;BA.2.3.7:2;XBB.1:1;BA.2.10:3;BA.2.9:2;BA.2.65:2
2262026,BA.2_0.03_abundance_0.15,C26577G;T26661C;G26709A;G26720T;C26858T,M:Q19E;M:Y47H;M:A63T;M:V66V;M:F112F,232,3568,0.0650224215246636,0,
2262026,BA.2_0.03_abundance_0.15,C26577G;T26624G;T26661C;G26709A;G26720T;C26858T,M:Q19E;M:L34L;M:Y47H;M:A63T;M:V66V;M:F112F,83,3568,0.023262331838565,0,
2262026,BA.2_0.03_abundance_0.15,C26577G;A26591C;T26624G;G26709A;C26858T,M:Q19E;M:V23V;M:L34L;M:A63T;M:F112F,79,3568,0.0221412556053811,0,
2262026,BA.2_0.03_abundance_0.15,C26577G;A26591C;G26709A;G26720T;C26858T,M:Q19E;M:V23V;M:A63T;M:V66V;M:F112F,112,3568,0.0313901345291479,0,
2262026,BA.2_0.03_abundance_0.15,C26577G;T26624G;G26709A;G26720T;C26858T,M:Q19E;M:L34L;M:A63T;M:V66V;M:F112F,152,3568,0.0426008968609865,0,
2262026,BA.2_0.03_abundance_0.15,C26577G;T26624G;T26661C;G26709A;C26858T,M:Q19E;M:L34L;M:Y47H;M:A63T;M:F112F,148,3568,0.0414798206278026,0,
2262026,BA.2_0.03_abundance_0.15,C26577G;T26661C;G26709A,M:Q19E;M:Y47H;M:A63T,47,4036,0.0116451932606541,11,BA.4.1:1;BA.5.1:1;BA.5.2.1:1;BA.2.1:1;BA.2.9:1;BA.1.16:1;BA.2:1;BA.2.12.1:1;BF.26:2;BF.21:1
2262026,BA.2_0.03_abundance_0.15,C26577G;A26591C;T26624G;G26709A;G26720T;C26858T,M:Q19E;M:V23V;M:L34L;M:A63T;M:V66V;M:F112F,45,3568,0.0126121076233183,0,
2262026,BA.2_0.03_abundance_0.15,C26577G;A26591C;T26661C;G26709A;G26720T;C26858T,M:Q19E;M:V23V;M:Y47H;M:A63T;M:V66V;M:F112F,59,3568,0.0165358744394618,0,
2262026,BA.2_0.03_abundance_0.15,C26577G;G26709A;G26720T,M:Q19E;M:A63T;M:V66V,61,4036,0.0151139742319127,433,BA.3:22;BA.1.17.2:59;BA.5:1;BA.1.1.1:9;BA.5.1:12;BA.2:179;BA.2.24:14;BA.5.2.1:9;BA.2.53:7;BA.2.23:1;BA.5.2:13;BA.2.75:9;BA.2.3:5;BA.2.12.1:9;BA.1.1:29;BA.1:15;BA.1.18:2;BA.1.15.1:3;BA.4:2;BA.1.15:4;BF.5:1;BA.2.3.13:1;BA.2.3.7:2;BA.5.2.7:1;BA.1.14:2;XBB.1:1;BC.1:1;BA.2.10:3;BA.5.5:2;BA.1.20:1;BE.1.1:2;BA.1.1.2:2;BA.2.9:2;BA.2.65:2;BA.1.14.1:1;BE.1:1;CP.1:3;BA.5.6.2:1
2262026,BA.2_0.03_abundance_0.15,C26577G;C26642G;T26677A;A26702G;G26709A;G26720T;T26723C;G26727A;T26756G;C26768G;T26819G;C26845A;C26858T;A26874C,M:Q19E;M:A40A;M:I52N;M:V60V;M:A63T;M:V66V;M:L67L;M:A69T;M:G78G;M:I82M;M:S99S;M:S108Y;M:F112F;M:I118L,16,1534,0.0104302477183833,0,
2262026,BA.2_0.03_abundance_0.15,C26577G;C26642G;T26677A;A26702G;G26709A;T26723C;G26727A;T26756G;C26768G;T26819G;C26845A;C26858T,M:Q19E;M:A40A;M:I52N;M:V60V;M:A63T;M:L67L;M:A69T;M:G78G;M:I82M;M:S99S;M:S108Y;M:F112F,39,3567,0.0109335576114381,0,
2262026,BA.2_0.03_abundance_0.15,C26577G;T26661C;G26709A;G26720T,M:Q19E;M:Y47H;M:A63T;M:V66V,49,4036,0.0121407333994053,0,
2262026,BA.2_0.03_abundance_0.15,C26577G;C26642G;T26677A;A26702G;G26709A;T26723C;G26727A;T26756G;C26768G;T26819G;C26845A;C26858T;A26874C,M:Q19E;M:A40A;M:I52N;M:V60V;M:A63T;M:L67L;M:A69T;M:G78G;M:I82M;M:S99S;M:S108Y;M:F112F;M:I118L,31,1534,0.0202086049543676,0,
2262026,BA.2_0.03_abundance_0.15,T27173A;A27259C;G27382C;A27383T;T27384C,M:I217I;ORF6:R20R;ORF6:D61H;ORF6:D61V;ORF6:D61D,61,355,0.1718309859154929,0,
2262026,BA.2_0.03_abundance_0.15,T27178A;A27187T;G27217A;A27234C;T27251G;A27259C;A27302G;A27313T;T27319G;G27366T;G27382C;A27383T;T27384C;C27416G;A27417G;A27477C,M:L219*;M:Q222L;ORF6:D6N;ORF6:I11I;ORF6:I17S;ORF6:R20R;ORF6:N34S;ORF6:K38*;ORF6:L40V;ORF6:E55D;ORF6:D61H;ORF6:D61V;ORF6:D61D;ORF7a:A8G;ORF7a:A8A;ORF7a:T28T,53,746,0.0710455764075067,0,
2262026,BA.2_0.03_abundance_0.15,T27178A;A27187T;G27217A;A27234C;T27251G;A27259C;A27302G;A27313T;T27319G;G27366T;G27382C;A27383T;T27384C;C27416G;A27417G,M:L219*;M:Q222L;ORF6:D6N;ORF6:I11I;ORF6:I17S;ORF6:R20R;ORF6:N34S;ORF6:K38*;ORF6:L40V;ORF6:E55D;ORF6:D61H;ORF6:D61V;ORF6:D61D;ORF7a:A8G;ORF7a:A8A,8,780,0.0102564102564102,0,
2262026,BA.2_0.03_abundance_0.15,A27187T;G27217A;A27234C;T27251G;A27259C;A27302G;A27313T;T27319G;G27366T;G27382C;A27383T;T27384C;C27416G;A27417G;A27477C,M:Q222L;ORF6:D6N;ORF6:I11I;ORF6:I17S;ORF6:R20R;ORF6:N34S;ORF6:K38*;ORF6:L40V;ORF6:E55D;ORF6:D61H;ORF6:D61V;ORF6:D61D;ORF7a:A8G;ORF7a:A8A;ORF7a:T28T,69,1715,0.0402332361516035,0,
2262026,BA.2_0.03_abundance_0.15,A27259C;A27354C;G27382C;A27383T;T27384C,ORF6:R20R;ORF6:Q51H;ORF6:D61H;ORF6:D61V;ORF6:D61D,73,1800,0.0405555555555555,34,BA.2:14;BA.2.75:17;BA.2.37:1;BA.2.10:1;BA.4.1:1
2262026,BA.2_0.03_abundance_0.15,A27259C;G27382C;A27383T;T27384C;T27471C,ORF6:R20R;ORF6:D61H;ORF6:D61V;ORF6:D61D;ORF7a:G26G,79,1772,0.0445823927765237,48,BA.2.12.1:2;BA.2:24;BA.2.9:5;BA.2.3:11;BA.4.1:1;BA.2.10:2;BA.2.18:2;CM.5:1
2262026,BA.2_0.03_abundance_0.15,T27851G;A27859T;T27863C;C27944T;T27953A;T28002A;T28017A;T28029C;A28095G;A28126C,ORF7b:L32L;ORF7b:Q35L;ORF7b:D36D;ORF8:H17H;ORF8:C20*;ORF8:C37S;ORF8:Y42N;ORF8:Y46H;ORF8:K68E;ORF8:N78T,127,1246,0.1019261637239165,0,
2262026,BA.2_0.03_abundance_0.15,T27851G;A27859T;T27863C;C27944T;T27953A;T28002A;T28017A;T28029C;A28095G,ORF7b:L32L;ORF7b:Q35L;ORF7b:D36D;ORF8:H17H;ORF8:C20*;ORF8:C37S;ORF8:Y42N;ORF8:Y46H;ORF8:K68E,27,1543,0.01749837977965,0,
2262026,BA.2_0.03_abundance_0.15,A28126C;G28178T;C28205A;T28206A;C28308A;C28311T;G28325T;C28377T;A28387C,ORF8:N78T;ORF8:L95F;ORF8:F104L;ORF8:Y105N;N:A12E;N:P13L;N:G18C;N:A35V;N:K38N,79,2210,0.0357466063348416,0,
2262026,BA.2_0.03_abundance_0.15,A28126C;G28178T;C28205A;T28206A;C28308A;C28311T;G28325T;C28377T;A28387C;G28429T,ORF8:N78T;ORF8:L95F;ORF8:F104L;ORF8:Y105N;N:A12E;N:P13L;N:G18C;N:A35V;N:K38N;N:W52C,23,455,0.0505494505494505,0,
2262026,BA.2_0.03_abundance_0.15,A28126C;G28178T;C28205A;T28206A;C28311T;G28325T;C28377T;A28387C,ORF8:N78T;ORF8:L95F;ORF8:F104L;ORF8:Y105N;N:P13L;N:G18C;N:A35V;N:K38N,44,2210,0.0199095022624434,0,
2262026,BA.2_0.03_abundance_0.15,A28126C;G28178T;C28205A;T28206A;C28311T;G28325T;C28377T;A28387C;G28429T,ORF8:N78T;ORF8:L95F;ORF8:F104L;ORF8:Y105N;N:P13L;N:G18C;N:A35V;N:K38N;N:W52C,16,455,0.0351648351648351,0,
2262026,BA.2_0.03_abundance_0.15,C28308A;C28311T,N:A12E;N:P13L,1169,2372,0.4928330522765599,27,BF.5:16;BA.1.1.15:1;B.1.1.7:1;BA.1:2;BA.5.2.7:1;BA.1.1:2;BA.2.75:1;BA.5.2:1;BA.5.1.10:1;BA.1.15:1
2262026,BA.2_0.03_abundance_0.15,C28308A;C28311T;G28376T,N:A12E;N:P13L;N:A35S,131,2222,0.0589558955895589,0,
2262026,BA.2_0.03_abundance_0.15,C28311T;G28376T,N:P13L;N:A35S,98,2222,0.0441044104410441,535,BA.5.1:19;BF.7.4:88;BA.2.9:12;BF.7:119;BA.2:115;BA.5.2.1:24;BA.5.2.21:1;BA.1.18:14;BA.5.2:11;BA.2.56:1;BA.2.10:3;BA.1.1:46;BA.2.37:2;BA.2.12.1:6;BF.5:1;BA.1:8;C.37:3;B.1.526:13;BA.4:3;BE.1.1:2;BA.4.4:4;BQ.1.1:10;BF.27:3;BA.1.20:3;BQ.1.12:3;BY.1:1;BF.13:1;BA.2.74:1;BA.5.2.3:4;BA.2.18:1;BA.1.1.18:7;BA.1.17:1;BA.1.15:4;CP.1:1
2262026,BA.2_0.03_abundance_0.15,G28429T;G28479A;A28496G;C28500T;C28512A;C28542T;A28549C;A28571T;T28640G;T28667A;C28708A,N:W52C;N:G69E;N:N75D;N:T76I;N:P80Q;N:A90V;N:R92S;N:K100*;N:Y123D;N:W132R;N:H145Q,6,155,0.0387096774193548,0,
2262026,BA.2_0.03_abundance_0.15,G28479A;A28496G;C28500T;C28512A;C28542T;A28549C;A28571T;T28640G;T28667A;C28708A,N:G69E;N:N75D;N:T76I;N:P80Q;N:A90V;N:R92S;N:K100*;N:Y123D;N:W132R;N:H145Q,9,510,0.0176470588235294,0,
2262026,BA.2_0.03_abundance_0.15,G28479A;A28496G;C28500T;C28512A;A28538C;C28542T;A28549C;A28571T;T28640G;T28667A;C28708A,N:G69E;N:N75D;N:T76I;N:P80Q;N:R89R;N:A90V;N:R92S;N:K100*;N:Y123D;N:W132R;N:H145Q,12,510,0.0235294117647058,0,
2262026,BA.2_0.03_abundance_0.15,A28538C;G28669A,N:R89R;N:W132*,61,511,0.1193737769080234,0,
2262026,BA.2_0.03_abundance_0.15,A28538C;G28669A;C28740T,N:R89R;N:W132*;N:A156V,8,224,0.0357142857142857,0,
2262026,BA.2_0.03_abundance_0.15,A28538C;G28560A;G28669A,N:R89R;N:G96D;N:W132*,48,511,0.0939334637964774,0,
2262026,BA.2_0.03_abundance_0.15,A28538C;G28560A,N:R89R;N:G96D,20,558,0.03584229390681,0,
2262026,BA.2_0.03_abundance_0.15,A28538C;G28541C,N:R89R;N:A90P,9,558,0.0161290322580645,0,
2262026,BA.2_0.03_abundance_0.15,A28538C;G28541C;G28560A;G28669A,N:R89R;N:A90P;N:G96D;N:W132*,20,511,0.0391389432485322,0,
2262026,BA.2_0.03_abundance_0.15,A28538C;G28541C;G28669A,N:R89R;N:A90P;N:W132*,20,511,0.0391389432485322,0,
2262026,BA.2_0.03_abundance_0.15,G28541C;G28669A,N:A90P;N:W132*,41,511,0.0802348336594911,0,
2262026,BA.2_0.03_abundance_0.15,G28541C;G28560A;G28669A,N:A90P;N:G96D;N:W132*,18,511,0.035225048923679,0,
2262026,BA.2_0.03_abundance_0.15,G28541C;G28560A,N:A90P;N:G96D,6,558,0.010752688172043,0,
2262026,BA.2_0.03_abundance_0.15,G28560A;G28669A;C28740T,N:G96D;N:W132*;N:A156V,6,224,0.0267857142857142,0,
2262026,BA.2_0.03_abundance_0.15,G28560A;G28669A,N:G96D;N:W132*,51,511,0.0998043052837573,0,
2262026,BA.2_0.03_abundance_0.15,G28669A;C28740T,N:W132*;N:A156V,9,224,0.0401785714285714,0,
2262026,BA.2_0.03_abundance_0.15,T29021C;C29022G;G29024T;C29045G;A29078C;G29135A;A29168G;C29198G;C29211G;A29237T;G29240A;G29262T;C29268G;T29308G,N:S250P;N:S250C;N:A251S;N:P258A;N:N269H;N:D288N;N:K299E;N:P309A;N:A313G;N:M322L;N:E323K;N:W330L;N:T332S;N:N345K,74,1163,0.0636285468615649,0,
2262026,BA.2_0.03_abundance_0.15,C29045G;A29078C;G29135A;A29168G;C29198G;C29211G;A29237T;G29240A;G29262T;C29268G;T29308G,N:P258A;N:N269H;N:D288N;N:K299E;N:P309A;N:A313G;N:M322L;N:E323K;N:W330L;N:T332S;N:N345K,206,3308,0.062273276904474,0,
2262026,BA.2_0.03_abundance_0.15,A29412G;A29428T;G29440C;T29461A;T29471C;A29510C;T29512C,N:Q380R;N:R385S;N:Q389H;N:P396P;N:L400L;N:S413R;N:S413S,8,150,0.0533333333333333,0,
2262026,BA.2_0.03_abundance_0.15,A29510C;A29644G,N:S413R;ORF10:Q29Q,53,120,0.4416666666666666,83,BA.5.2.1:6;BA.2.12.1:7;BQ.1:1;CP.6:1;BA.2.47:37;BA.2:11;BA.5.1.23:1;BA.2.1:6;BA.4.6.3:2;BA.5.1:5;BA.2.12:2;BE.1.1:1;BQ.1.14:1;BF.7.5:2
3052026,BA.2_0.03_abundance_0.15,T276C;C320A;C366T;T369G,ORF1a:L4P;ORF1a:P19T;ORF1a:S34F;ORF1a:V35G,138,1225,0.1126530612244898,0,
3052026,BA.2_0.03_abundance_0.15,T276C;C320A,ORF1a:L4P;ORF1a:P19T,78,2010,0.0388059701492537,0,
3052026,BA.2_0.03_abundance_0.15,T276C;C320A;C366T,ORF1a:L4P;ORF1a:P19T;ORF1a:S34F,28,1477,0.0189573459715639,0,
3052026,BA.2_0.03_abundance_0.15,T276C;C320A;C366T;T369G;C379T,ORF1a:L4P;ORF1a:P19T;ORF1a:S34F;ORF1a:V35G;ORF1a:V38V,23,166,0.1385542168674698,0,
3052026,BA.2_0.03_abundance_0.15,C366T;T369G;C379T;A481T;C494G;A535T;T559G;A624C;A650C;T661A;T670G,ORF1a:S34F;ORF1a:V35G;ORF1a:V38V;ORF1a:K72N;ORF1a:R77G;ORF1a:A90A;ORF1a:G98G;ORF1a:K120T;ORF1a:K129Q;ORF1a:G132G;ORF1a:S135R,352,2251,0.1563749444691248,0,
3052026,BA.2_0.03_abundance_0.15,C366T;T369G;C379T;A481T;C494G;A535T;T559G;A624C;A650C;T661A,ORF1a:S34F;ORF1a:V35G;ORF1a:V38V;ORF1a:K72N;ORF1a:R77G;ORF1a:A90A;ORF1a:G98G;ORF1a:K120T;ORF1a:K129Q;ORF1a:G132G,28,2349,0.0119199659429544,0,
3052026,BA.2_0.03_abundance_0.15,C366T;T369G;C379T;A481T;C494G;A535T;T559G,ORF1a:S34F;ORF1a:V35G;ORF1a:V38V;ORF1a:K72N;ORF1a:R77G;ORF1a:A90A;ORF1a:G98G,38,2565,0.0148148148148148,0,
3052026,BA.2_0.03_abundance_0.15,T670G;A756C,ORF1a:S135R;ORF1a:K164T,156,597,0.2613065326633166,7,BA.2:3;BA.2.12.1:2;BA.2.59:1;BA.2.24:1
3052026,BA.2_0.03_abundance_0.15,C1026A;C1057G;T1081G;T1116A;A1133C;T1199C;C1201A;A1230C;A1249G;A1278C,ORF1a:P254H;ORF1a:D264E;ORF1a:N272K;ORF1a:I284N;ORF1a:K290Q;ORF1a:C312R;ORF1a:C312*;ORF1a:K322T;ORF1a:E328E;ORF1a:K338T,461,3036,0.1518445322793148,0,
3052026,BA.2_0.03_abundance_0.15,C1026A;C1057G;T1081G;T1116A;A1133C,ORF1a:P254H;ORF1a:D264E;ORF1a:N272K;ORF1a:I284N;ORF1a:K290Q,35,3356,0.0104290822407628,0,
3052026,BA.2_0.03_abundance_0.15,A1278C;A1316T;C1342A;T1362A;A1407G;A1423G;A1435C;G1505C;G1509A;A1558C;T1591G,ORF1a:K338T;ORF1a:K351*;ORF1a:Y359*;ORF1a:V366D;ORF1a:E381G;ORF1a:E386E;ORF1a:E390D;ORF1a:V414L;ORF1a:G415D;ORF1a:I431I;ORF1a:G442G,34,311,0.1093247588424437,0,
3052026,BA.2_0.03_abundance_0.15,A1278C;A1316T;C1342A;T1362A;A1407G;A1423G;A1435C;G1505C;G1509A;A1558C;T1591G;C1616T,ORF1a:K338T;ORF1a:K351*;ORF1a:Y359*;ORF1a:V366D;ORF1a:E381G;ORF1a:E386E;ORF1a:E390D;ORF1a:V414L;ORF1a:G415D;ORF1a:I431I;ORF1a:G442G;ORF1a:L451F,10,69,0.144927536231884,0,
3052026,BA.2_0.03_abundance_0.15,A1316T;C1342A;T1362A;A1407G;A1423G;A1435C;G1505C;G1509A;A1558C;T1591G,ORF1a:K351*;ORF1a:Y359*;ORF1a:V366D;ORF1a:E381G;ORF1a:E386E;ORF1a:E390D;ORF1a:V414L;ORF1a:G415D;ORF1a:I431I;ORF1a:G442G,51,816,0.0625,0,
3052026,BA.2_0.03_abundance_0.15,A1316T;C1342A;T1362A;A1407G;A1423G;A1435C;G1505C;G1509A;A1558C;T1591G;C1616T,ORF1a:K351*;ORF1a:Y359*;ORF1a:V366D;ORF1a:E381G;ORF1a:E386E;ORF1a:E390D;ORF1a:V414L;ORF1a:G415D;ORF1a:I431I;ORF1a:G442G;ORF1a:L451F,18,146,0.1232876712328767,0,
3052026,BA.2_0.03_abundance_0.15,C1616T;T1654A;G1655T;A1810G;C1825G;G1855A;C1889T,ORF1a:L451F;ORF1a:I463I;ORF1a:V464F;ORF1a:K515K;ORF1a:A520A;ORF1a:L530L;ORF1a:R542C,112,1283,0.0872954014029618,0,
3052026,BA.2_0.03_abundance_0.15,C1616T;T1654A;G1655T;T1789G;A1810G;C1825G;G1855A;C1889T,ORF1a:L451F;ORF1a:I463I;ORF1a:V464F;ORF1a:N508K;ORF1a:K515K;ORF1a:A520A;ORF1a:L530L;ORF1a:R542C,54,1283,0.0420888542478565,0,
3052026,BA.2_0.03_abundance_0.15,G1782C;T1813G,ORF1a:C506S;ORF1a:A516A,33,1421,0.0232230823363828,0,
3052026,BA.2_0.03_abundance_0.15,G1782C;T1789G,ORF1a:C506S;ORF1a:N508K,37,1421,0.0260380014074595,0,
3052026,BA.2_0.03_abundance_0.15,G1782C;T1789G;T1813G,ORF1a:C506S;ORF1a:N508K;ORF1a:A516A,17,1421,0.011963406052076,0,
3052026,BA.2_0.03_abundance_0.15,T1789G;T1813G,ORF1a:N508K;ORF1a:A516A,95,1421,0.0668543279380717,1,AY.23:1
3052026,BA.2_0.03_abundance_0.15,C2262G;G2265C;T2298G;A2342C;A2380T;A2466G;A2473C,ORF1a:T666S;ORF1a:C667S;ORF1a:F678C;ORF1a:I693L;ORF1a:L705F;ORF1a:K734R;ORF1a:P736P,121,859,0.1408614668218859,0,
3052026,BA.2_0.03_abundance_0.15,C2262G;G2265C;T2298G;A2342C;A2380T,ORF1a:T666S;ORF1a:C667S;ORF1a:F678C;ORF1a:I693L;ORF1a:L705F,15,937,0.016008537886873,0,
3052026,BA.2_0.03_abundance_0.15,G2582T;G2604T;C2607A;T2663C;G2686T;T2703C;A2767C;G2808T;T2851A,ORF1a:A773S;ORF1a:G780V;ORF1a:T781K;ORF1a:C800R;ORF1a:M807I;ORF1a:F813S;ORF1a:Q834H;ORF1a:R848M;ORF1a:V862V,22,120,0.1833333333333333,0,
3052026,BA.2_0.03_abundance_0.15,T2851A;C2892T;T2963A;C2976G;A2994T;A3003G;C3037T;T3055A;A3063T;A3098C;T3112G;T3124C,ORF1a:V862V;ORF1a:A876V;ORF1a:W900R;ORF1a:T904R;ORF1a:E910V;ORF1a:E913G;ORF1a:F924F;ORF1a:D930E;ORF1a:E933V;ORF1a:T945P;ORF1a:Y949*;ORF1a:D953D,9,91,0.0989010989010989,0,
3052026,BA.2_0.03_abundance_0.15,T2851A;C2892T;T2963A;C2976G;A2994T;A3003G;C3037T;T3055A;A3063T;A3084T;A3098C;T3112G;T3124C,ORF1a:V862V;ORF1a:A876V;ORF1a:W900R;ORF1a:T904R;ORF1a:E910V;ORF1a:E913G;ORF1a:F924F;ORF1a:D930E;ORF1a:E933V;ORF1a:E940V;ORF1a:T945P;ORF1a:Y949*;ORF1a:D953D,8,91,0.0879120879120879,0,
3052026,BA.2_0.03_abundance_0.15,C2892T;T2963A;C2976G;A2994T;A3003G;C3037T;T3055A;A3063T;A3084T;A3098C;T3112G;T3124C,ORF1a:A876V;ORF1a:W900R;ORF1a:T904R;ORF1a:E910V;ORF1a:E913G;ORF1a:F924F;ORF1a:D930E;ORF1a:E933V;ORF1a:E940V;ORF1a:T945P;ORF1a:Y949*;ORF1a:D953D,95,1305,0.0727969348659003,0,
3052026,BA.2_0.03_abundance_0.15,C2892T;T2963A;C2976G;A2994T;A3003G;C3037T;T3055A;A3063T;A3098C;T3112G;T3124C,ORF1a:A876V;ORF1a:W900R;ORF1a:T904R;ORF1a:E910V;ORF1a:E913G;ORF1a:F924F;ORF1a:D930E;ORF1a:E933V;ORF1a:T945P;ORF1a:Y949*;ORF1a:D953D,71,1305,0.0544061302681992,0,
3052026,BA.2_0.03_abundance_0.15,C3037T;A3084T,ORF1a:F924F;ORF1a:E940V,591,1305,0.4528735632183908,149,BA.2:9;BF.7.4:35;BE.1.2:2;AY.103:5;B.1.1.7:20;BA.5:1;AY.4:30;AY.47:1;BA.5.2:12;AY.39.2:1;BA.1:2;AY.44:2;B.1.466.2:2;BA.4:1;B.1:1;AY.122:1;BA.1.15:3;BA.5.2.1:12;BA.5.1.10:1;B.1.597:1;BF.6:2;BA.5.6:1;P.1.14:1;AY.29:1;AY.20:1;B.1.526:1
3052026,BA.2_0.03_abundance_0.15,A3235G;C3315G;G3323C;A3327T;A3332T;G3371A;G3392A;A3396G;A3408C;T3432A;A3461G;T3477G;G3479T,ORF1a:Q990Q;ORF1a:T1017R;ORF1a:V1020L;ORF1a:Q1021L;ORF1a:I1023F;ORF1a:D1036N;ORF1a:A1043T;ORF1a:D1044G;ORF1a:E1048A;ORF1a:V1056E;ORF1a:K1066E;ORF1a:V1071G;ORF1a:A1072S,44,280,0.1571428571428571,0,
3052026,BA.2_0.03_abundance_0.15,T3877G;A3887C;A3904C;T3968G;A4015C;A4044G;T4087A,ORF1a:A1204A;ORF1a:K1208Q;ORF1a:P1213P;ORF1a:C1235G;ORF1a:T1250T;ORF1a:N1260S;ORF1a:I1274I,20,149,0.1342281879194631,0,
3052026,BA.2_0.03_abundance_0.15,G4678C;T4693G;C4716T;A4731T;T4738A;T4771G;A4926G;A4971T,ORF1a:V1471V;ORF1a:S1476S;ORF1a:T1484I;ORF1a:Y1489F;ORF1a:T1491T;ORF1a:I1502M;ORF1a:D1554G;ORF1a:K1569M,12,69,0.1739130434782608,0,
3052026,BA.2_0.03_abundance_0.15,A5938T;A5949T;T6006G;A6013G;C6021T;A6090C;T6115G;T6174C;G6220T,ORF1a:E1891D;ORF1a:K1895M;ORF1a:L1914R;ORF1a:P1916P;ORF1a:P1919L;ORF1a:N1942T;ORF1a:P1950P;ORF1a:I1970T;ORF1a:L1985F,37,193,0.1917098445595854,0,
3052026,BA.2_0.03_abundance_0.15,T6496G;A6750G,ORF1a:L2077L;ORF1a:N2162S,11,126,0.0873015873015873,0,
3052026,BA.2_0.03_abundance_0.15,G6557C;T6580A;A6581C;A6601G;T6634C;T6643G;A6677C;G6713T;T6820C,ORF1a:A2098P;ORF1a:L2105L;ORF1a:T2106P;ORF1a:E2112E;ORF1a:A2123A;ORF1a:G2126G;ORF1a:I2138L;ORF1a:V2150F;ORF1a:S2185S,72,791,0.09102402022756,0,
3052026,BA.2_0.03_abundance_0.15,G6557C;T6580A;A6581C;A6601G;T6634C;T6643G;A6677C;G6713T;A6750G;T6820C,ORF1a:A2098P;ORF1a:L2105L;ORF1a:T2106P;ORF1a:E2112E;ORF1a:A2123A;ORF1a:G2126G;ORF1a:I2138L;ORF1a:V2150F;ORF1a:N2162S;ORF1a:S2185S,37,791,0.0467762326169405,0,
3052026,BA.2_0.03_abundance_0.15,G8018T;A8020T;T8038C;A8087T;T8119C;A8122T;A8159C;G8183T;A8211G;A8223T;A8241T;A8298G,ORF1a:E2585*;ORF1a:E2585D;ORF1a:F2591F;ORF1a:K2608*;ORF1a:A2618A;ORF1a:E2619D;ORF1a:T2632P;ORF1a:G2640W;ORF1a:K2649R;ORF1a:E2653V;ORF1a:H2659L;ORF1a:N2678S,164,1075,0.1525581395348837,0,
3052026,BA.2_0.03_abundance_0.15,G8018T;A8020T;T8038C;A8087T;T8119C;A8122T;A8159C;G8183T;A8211G;A8223T;A8241T,ORF1a:E2585*;ORF1a:E2585D;ORF1a:F2591F;ORF1a:K2608*;ORF1a:A2618A;ORF1a:E2619D;ORF1a:T2632P;ORF1a:G2640W;ORF1a:K2649R;ORF1a:E2653V;ORF1a:H2659L,61,1494,0.0408299866131191,0,
3052026,BA.2_0.03_abundance_0.15,G8018T;A8020T;T8038C;A8087T;T8119C;A8122T;A8159C;G8183T,ORF1a:E2585*;ORF1a:E2585D;ORF1a:F2591F;ORF1a:K2608*;ORF1a:A2618A;ORF1a:E2619D;ORF1a:T2632P;ORF1a:G2640W,20,1605,0.0124610591900311,0,
3052026,BA.2_0.03_abundance_0.15,A8298G;G8404C;T8431C;A8446C;A8474C;A8475G;T8569G;G8591T,ORF1a:N2678S;ORF1a:W2713C;ORF1a:S2722S;ORF1a:K2727N;ORF1a:N2737H;ORF1a:N2737S;ORF1a:N2768K;ORF1a:V2776F,40,319,0.1253918495297805,0,
3052026,BA.2_0.03_abundance_0.15,A8298G;G8333T;G8404C;T8431C;A8446C;A8474C;A8475G;T8569G;G8591T,ORF1a:N2678S;ORF1a:A2690S;ORF1a:W2713C;ORF1a:S2722S;ORF1a:K2727N;ORF1a:N2737H;ORF1a:N2737S;ORF1a:N2768K;ORF1a:V2776F,11,319,0.0344827586206896,0,
3052026,BA.2_0.03_abundance_0.15,A8754G;C8912A,ORF1a:K2830R;ORF1a:H2883N,22,124,0.1774193548387097,0,
3052026,BA.2_0.03_abundance_0.15,G8952T;T8978G;G8999A;G9014C;G9035C;G9063C;G9083C;C9159G;G9182C;G9190C;A9197C;C9223T,ORF1a:C2896F;ORF1a:Y2905D;ORF1a:A2912T;ORF1a:A2917P;ORF1a:D2924H;ORF1a:C2933S;ORF1a:E2940Q;ORF1a:P2965R;ORF1a:V2973L;ORF1a:V2975V;ORF1a:T2978P;ORF1a:H2986H,139,1547,0.0898513251454427,0,
3052026,BA.2_0.03_abundance_0.15,G8952T;T8978G;G8999A;G9014C;G9035C;G9063C;G9083C;C9159G;G9182C;G9190C;A9197C;C9223T;G9233A,ORF1a:C2896F;ORF1a:Y2905D;ORF1a:A2912T;ORF1a:A2917P;ORF1a:D2924H;ORF1a:C2933S;ORF1a:E2940Q;ORF1a:P2965R;ORF1a:V2973L;ORF1a:V2975V;ORF1a:T2978P;ORF1a:H2986H;ORF1a:E2990K,53,626,0.084664536741214,0,
3052026,BA.2_0.03_abundance_0.15,G8952T;T8978G;G8999A;G9014C;G9035C;G9063C;G9083C;C9159G;G9182C;G9190C;A9197C;C9223T;G9233A;A9238T,ORF1a:C2896F;ORF1a:Y2905D;ORF1a:A2912T;ORF1a:A2917P;ORF1a:D2924H;ORF1a:C2933S;ORF1a:E2940Q;ORF1a:P2965R;ORF1a:V2973L;ORF1a:V2975V;ORF1a:T2978P;ORF1a:H2986H;ORF1a:E2990K;ORF1a:R2991S,10,225,0.0444444444444444,0,
3052026,BA.2_0.03_abundance_0.15,G8952T;T8978G;G8999A;G9014C;G9035C;G9063C;G9083C;C9159G;G9182C;G9190C;A9197C,ORF1a:C2896F;ORF1a:Y2905D;ORF1a:A2912T;ORF1a:A2917P;ORF1a:D2924H;ORF1a:C2933S;ORF1a:E2940Q;ORF1a:P2965R;ORF1a:V2973L;ORF1a:V2975V;ORF1a:T2978P,49,1835,0.0267029972752043,0,
3052026,BA.2_0.03_abundance_0.15,G8952T;T8978G;G8999A;G9014C;G9035C;G9063C;G9083C;C9159G;G9182C;G9190C;A9197C;C9223T;G9233A;A9238T;A9243G,ORF1a:C2896F;ORF1a:Y2905D;ORF1a:A2912T;ORF1a:A2917P;ORF1a:D2924H;ORF1a:C2933S;ORF1a:E2940Q;ORF1a:P2965R;ORF1a:V2973L;ORF1a:V2975V;ORF1a:T2978P;ORF1a:H2986H;ORF1a:E2990K;ORF1a:R2991S;ORF1a:E2993G,10,91,0.1098901098901098,0,
3052026,BA.2_0.03_abundance_0.15,G9233A;A9238T;A9243G;G9273C;G9311A;G9335C;C9344T;A9353G;C9365A;G9414T;T9415G;A9424G;T9429A;T9455G;A9496G;T9513A;C9534T;T9540C,ORF1a:E2990K;ORF1a:R2991S;ORF1a:E2993G;ORF1a:R3003T;ORF1a:G3016R;ORF1a:V3024L;ORF1a:L3027F;ORF1a:M3030V;ORF1a:L3034I;ORF1a:G3050V;ORF1a:G3050G;ORF1a:V3053V;ORF1a:I3055N;ORF1a:F3064V;ORF1a:V3077V;ORF1a:L3083*;ORF1a:T3090I;ORF1a:L3092P,20,168,0.119047619047619,0,
3052026,BA.2_0.03_abundance_0.15,A9238T;A9243G;G9273C;G9311A;G9335C;C9344T;A9353G;C9365A;G9414T;T9415G;A9424G;T9429A;T9455G;A9496G;T9513A;C9534T;T9540C,ORF1a:R2991S;ORF1a:E2993G;ORF1a:R3003T;ORF1a:G3016R;ORF1a:V3024L;ORF1a:L3027F;ORF1a:M3030V;ORF1a:L3034I;ORF1a:G3050V;ORF1a:G3050G;ORF1a:V3053V;ORF1a:I3055N;ORF1a:F3064V;ORF1a:V3077V;ORF1a:L3083*;ORF1a:T3090I;ORF1a:L3092P,34,406,0.083743842364532,0,
3052026,BA.2_0.03_abundance_0.15,A9238T;A9243G;G9273C;G9311A;G9335C;C9344T;A9353G;C9365A;G9414T;T9415G;A9424G;T9429A;T9455G;A9496G;T9513A;C9534T,ORF1a:R2991S;ORF1a:E2993G;ORF1a:R3003T;ORF1a:G3016R;ORF1a:V3024L;ORF1a:L3027F;ORF1a:M3030V;ORF1a:L3034I;ORF1a:G3050V;ORF1a:G3050G;ORF1a:V3053V;ORF1a:I3055N;ORF1a:F3064V;ORF1a:V3077V;ORF1a:L3083*;ORF1a:T3090I,5,470,0.0106382978723404,0,
3052026,BA.2_0.03_abundance_0.15,A9243G;G9273C;G9311A;G9335C;C9344T;A9353G;C9365A;G9414T;T9415G;A9424G;T9429A;T9455G;A9496G;T9513A;C9534T,ORF1a:E2993G;ORF1a:R3003T;ORF1a:G3016R;ORF1a:V3024L;ORF1a:L3027F;ORF1a:M3030V;ORF1a:L3034I;ORF1a:G3050V;ORF1a:G3050G;ORF1a:V3053V;ORF1a:I3055N;ORF1a:F3064V;ORF1a:V3077V;ORF1a:L3083*;ORF1a:T3090I,12,1036,0.0115830115830115,0,
3052026,BA.2_0.03_abundance_0.15,A9243G;G9273C;G9311A;G9335C;C9344T;A9353G;C9365A;G9414T;T9415G;A9424G;T9429A;T9455G;A9496G;T9513A;C9534T;T9540C,ORF1a:E2993G;ORF1a:R3003T;ORF1a:G3016R;ORF1a:V3024L;ORF1a:L3027F;ORF1a:M3030V;ORF1a:L3034I;ORF1a:G3050V;ORF1a:G3050G;ORF1a:V3053V;ORF1a:I3055N;ORF1a:F3064V;ORF1a:V3077V;ORF1a:L3083*;ORF1a:T3090I;ORF1a:L3092P,58,877,0.0661345496009122,0,
3052026,BA.2_0.03_abundance_0.15,G9273C;G9311A;G9335C;C9344T;A9353G;C9365A;G9414T;T9415G;A9424G;T9429A;T9455G;A9496G;T9513A;C9534T,ORF1a:R3003T;ORF1a:G3016R;ORF1a:V3024L;ORF1a:L3027F;ORF1a:M3030V;ORF1a:L3034I;ORF1a:G3050V;ORF1a:G3050G;ORF1a:V3053V;ORF1a:I3055N;ORF1a:F3064V;ORF1a:V3077V;ORF1a:L3083*;ORF1a:T3090I,20,1761,0.0113571834185122,0,
3052026,BA.2_0.03_abundance_0.15,G9273C;G9311A;G9335C;C9344T;A9353G;C9365A;G9414T;T9415G;A9424G;T9429A;T9455G;A9496G;T9513A;C9534T;T9540C,ORF1a:R3003T;ORF1a:G3016R;ORF1a:V3024L;ORF1a:L3027F;ORF1a:M3030V;ORF1a:L3034I;ORF1a:G3050V;ORF1a:G3050G;ORF1a:V3053V;ORF1a:I3055N;ORF1a:F3064V;ORF1a:V3077V;ORF1a:L3083*;ORF1a:T3090I;ORF1a:L3092P,83,1489,0.0557421087978509,0,
3052026,BA.2_0.03_abundance_0.15,G9273C;G9311A;G9335C;C9344T;A9353G;C9365A;G9414T;T9415G;A9424G;T9429A;T9455G;A9496G;T9513A,ORF1a:R3003T;ORF1a:G3016R;ORF1a:V3024L;ORF1a:L3027F;ORF1a:M3030V;ORF1a:L3034I;ORF1a:G3050V;ORF1a:G3050G;ORF1a:V3053V;ORF1a:I3055N;ORF1a:F3064V;ORF1a:V3077V;ORF1a:L3083*,21,1946,0.0107913669064748,0,
3052026,BA.2_0.03_abundance_0.15,T9513A;C9534T;T9540C;C9745A;A9760T;T9765A;G9770A,ORF1a:L3083*;ORF1a:T3090I;ORF1a:L3092P;ORF1a:Y3160*;ORF1a:V3165V;ORF1a:F3167Y;ORF1a:G3169S,11,713,0.0154277699859747,0,
3052026,BA.2_0.03_abundance_0.15,T9513A;C9534T;T9540C;C9745A;A9760T;T9765A;G9770A;G9805A,ORF1a:L3083*;ORF1a:T3090I;ORF1a:L3092P;ORF1a:Y3160*;ORF1a:V3165V;ORF1a:F3167Y;ORF1a:G3169S;ORF1a:L3180L,20,647,0.0309119010819165,0,
3052026,BA.2_0.03_abundance_0.15,T9513A;C9534T;T9540C;C9745A;A9760T;T9765A;G9770A;G9805A;T9813A,ORF1a:L3083*;ORF1a:T3090I;ORF1a:L3092P;ORF1a:Y3160*;ORF1a:V3165V;ORF1a:F3167Y;ORF1a:G3169S;ORF1a:L3180L;ORF1a:F3183Y,30,526,0.0570342205323193,0,
3052026,BA.2_0.03_abundance_0.15,T9513A;C9534T;T9540C;C9745A;A9760T;T9765A;G9770A;G9805A;T9813A;T9819A;A9820T,ORF1a:L3083*;ORF1a:T3090I;ORF1a:L3092P;ORF1a:Y3160*;ORF1a:V3165V;ORF1a:F3167Y;ORF1a:G3169S;ORF1a:L3180L;ORF1a:F3183Y;ORF1a:L3185*;ORF1a:L3185F,27,229,0.1179039301310043,0,
3052026,BA.2_0.03_abundance_0.15,T9513A;C9534T;T9540C;C9745A;A9760T;T9765A;G9770A;G9805A;T9813A;T9819A,ORF1a:L3083*;ORF1a:T3090I;ORF1a:L3092P;ORF1a:Y3160*;ORF1a:V3165V;ORF1a:F3167Y;ORF1a:G3169S;ORF1a:L3180L;ORF1a:F3183Y;ORF1a:L3185*,5,285,0.0175438596491228,0,
3052026,BA.2_0.03_abundance_0.15,C9534T;T9540C;C9745A;A9760T;T9765A;G9770A;G9805A,ORF1a:T3090I;ORF1a:L3092P;ORF1a:Y3160*;ORF1a:V3165V;ORF1a:F3167Y;ORF1a:G3169S;ORF1a:L3180L,25,1807,0.0138350857775318,0,
3052026,BA.2_0.03_abundance_0.15,C9534T;T9540C;C9745A;A9760T;T9765A;G9770A;G9805A;T9813A;T9819A;A9820T,ORF1a:T3090I;ORF1a:L3092P;ORF1a:Y3160*;ORF1a:V3165V;ORF1a:F3167Y;ORF1a:G3169S;ORF1a:L3180L;ORF1a:F3183Y;ORF1a:L3185*;ORF1a:L3185F,48,652,0.0736196319018405,0,
3052026,BA.2_0.03_abundance_0.15,C9534T;T9540C;C9745A;A9760T;T9765A;G9770A;G9805A;T9813A,ORF1a:T3090I;ORF1a:L3092P;ORF1a:Y3160*;ORF1a:V3165V;ORF1a:F3167Y;ORF1a:G3169S;ORF1a:L3180L;ORF1a:F3183Y,54,1476,0.0365853658536585,0,
3052026,BA.2_0.03_abundance_0.15,C9534T;T9540C;C9745A;A9760T;T9765A;G9770A,ORF1a:T3090I;ORF1a:L3092P;ORF1a:Y3160*;ORF1a:V3165V;ORF1a:F3167Y;ORF1a:G3169S,23,1992,0.0115461847389558,0,
3052026,BA.2_0.03_abundance_0.15,G10447A;C10449A;A10691C,ORF1a:R3394R;ORF1a:P3395H;ORF1a:I3476L,154,648,0.2376543209876543,0,
3052026,BA.2_0.03_abundance_0.15,G10447A;C10449A;A10646C;A10691C,ORF1a:R3394R;ORF1a:P3395H;ORF1a:T3461P;ORF1a:I3476L,144,648,0.2222222222222222,0,
3052026,BA.2_0.03_abundance_0.15,G10447A;C10449A;A10646C,ORF1a:R3394R;ORF1a:P3395H;ORF1a:T3461P,181,654,0.2767584097859327,0,
3052026,BA.2_0.03_abundance_0.15,A10760G;A10767G;T10769G;A10781G;A10884T;C10969G;G10986A;A11041T;T11045A,ORF1a:K3499E;ORF1a:N3501S;ORF1a:Y3502D;ORF1a:T3506A;ORF1a:N3540I;ORF1a:F3568L;ORF1a:R3574K;ORF1a:L3592F;ORF1a:L3594I,7,32,0.21875,0,
3052026,BA.2_0.03_abundance_0.15,A10760G;A10767G;T10769G;A10781G;A10884T;C10969G;G10986A,ORF1a:K3499E;ORF1a:N3501S;ORF1a:Y3502D;ORF1a:T3506A;ORF1a:N3540I;ORF1a:F3568L;ORF1a:R3574K,83,574,0.1445993031358885,0,
3052026,BA.2_0.03_abundance_0.15,A11041T;T11045A;C11060G;T11137C;C11152T;T11180G;G11198T;C11208G;G11222A;A11237T;A11270T;G11312T,ORF1a:L3592F;ORF1a:L3594I;ORF1a:Q3599E;ORF1a:F3624F;ORF1a:V3629V;ORF1a:F3639V;ORF1a:A3645S;ORF1a:A3648G;ORF1a:V3653I;ORF1a:S3658C;ORF1a:M3669L;ORF1a:V3683F,194,1370,0.1416058394160584,0,
3052026,BA.2_0.03_abundance_0.15,A11041T;T11045A;C11060G;T11137C;C11152T;T11180G;G11198T;C11208G;G11222A;A11237T,ORF1a:L3592F;ORF1a:L3594I;ORF1a:Q3599E;ORF1a:F3624F;ORF1a:V3629V;ORF1a:F3639V;ORF1a:A3645S;ORF1a:A3648G;ORF1a:V3653I;ORF1a:S3658C,19,1488,0.012768817204301,0,
3052026,BA.2_0.03_abundance_0.15,A11041T;T11045A;C11060G;T11084A;T11137C;C11152T;T11180G;G11198T;C11208G;G11222A;A11237T;A11270T;G11312T,ORF1a:L3592F;ORF1a:L3594I;ORF1a:Q3599E;ORF1a:Y3607N;ORF1a:F3624F;ORF1a:V3629V;ORF1a:F3639V;ORF1a:A3645S;ORF1a:A3648G;ORF1a:V3653I;ORF1a:S3658C;ORF1a:M3669L;ORF1a:V3683F,22,1370,0.0160583941605839,0,
3052026,BA.2_0.03_abundance_0.15,T11675G;C11685G;T11705C;T11725C;A11841T;T11864A,ORF1a:F3804V;ORF1a:T3807S;ORF1a:L3814L;ORF1a:F3820F;ORF1a:Q3859L;ORF1a:C3867S,37,298,0.1241610738255033,0,
3052026,BA.2_0.03_abundance_0.15,T11675G;C11685G;T11705C;T11725C,ORF1a:F3804V;ORF1a:T3807S;ORF1a:L3814L;ORF1a:F3820F,5,321,0.0155763239875389,0,
3052026,BA.2_0.03_abundance_0.15,T11918G;C11967G;T12017C;G12019A;C12029T;C12084G;T12109C;G12131T;T12204C,ORF1a:S3885A;ORF1a:A3901G;ORF1a:L3918L;ORF1a:L3918L;ORF1a:Q3922*;ORF1a:T3940S;ORF1a:F3948F;ORF1a:A3956S;ORF1a:L3980S,235,1758,0.133674630261661,0,
3052026,BA.2_0.03_abundance_0.15,T11918G;C11967G;T12017C;G12019A;C12029T;C12084G;T12109C;G12131T,ORF1a:S3885A;ORF1a:A3901G;ORF1a:L3918L;ORF1a:L3918L;ORF1a:Q3922*;ORF1a:T3940S;ORF1a:F3948F;ORF1a:A3956S,34,1939,0.0175348117586384,0,
3052026,BA.2_0.03_abundance_0.15,T11918G;C11967G;T12017C;G12019A;C12029T;C12084G,ORF1a:S3885A;ORF1a:A3901G;ORF1a:L3918L;ORF1a:L3918L;ORF1a:Q3922*;ORF1a:T3940S,24,2072,0.0115830115830115,0,
3052026,BA.2_0.03_abundance_0.15,T12204C;A12250G;A12272G;A12306C;A12307T;G12311A;A12337T;G12373C;T12375A;A12397G;G12419T,ORF1a:L3980S;ORF1a:A3995A;ORF1a:K4003E;ORF1a:K4014T;ORF1a:K4014N;ORF1a:A4016T;ORF1a:K4024N;ORF1a:M4036I;ORF1a:L4037H;ORF1a:A4044A;ORF1a:A4052S,139,919,0.1512513601741023,0,
3052026,BA.2_0.03_abundance_0.15,A12782C;A12800C;C12809A;C12830A;T12856G;T12874A;C12880T;A12898G;A12936C;A12951T;A12960C;A12977T;G12989A;C13047G,ORF1a:N4173H;ORF1a:R4179R;ORF1a:L4182I;ORF1a:Q4189K;ORF1a:P4197P;ORF1a:G4203G;ORF1a:I4205I;ORF1a:P4211P;ORF1a:K4224T;ORF1a:Y4229F;ORF1a:K4232T;ORF1a:N4238Y;ORF1a:V4242I;ORF1a:P4261R,142,1032,0.1375968992248062,0,
3052026,BA.2_0.03_abundance_0.15,A12782C;A12800C;C12809A;C12830A;T12856G;T12874A;C12880T;A12898G;A12936C;A12951T;A12960C;A12977T;G12989A,ORF1a:N4173H;ORF1a:R4179R;ORF1a:L4182I;ORF1a:Q4189K;ORF1a:P4197P;ORF1a:G4203G;ORF1a:I4205I;ORF1a:P4211P;ORF1a:K4224T;ORF1a:Y4229F;ORF1a:K4232T;ORF1a:N4238Y;ORF1a:V4242I,17,1184,0.0143581081081081,0,
3052026,BA.2_0.03_abundance_0.15,A12782C;A12800C;C12809A;C12830A;T12856G;T12874A;C12880T;A12898G;A12936C;A12951T,ORF1a:N4173H;ORF1a:R4179R;ORF1a:L4182I;ORF1a:Q4189K;ORF1a:P4197P;ORF1a:G4203G;ORF1a:I4205I;ORF1a:P4211P;ORF1a:K4224T;ORF1a:Y4229F,13,1280,0.01015625,0,
3052026,BA.2_0.03_abundance_0.15,C13047G;C13130G;A13204C;T13227C;C13236T;T13241C;G13293A;A13300T;T13331A,ORF1a:P4261R;ORF1a:Q4289E;ORF1a:E4313D;ORF1a:F4321S;ORF1a:A4324V;ORF1a:C4326R;ORF1a:C4343Y;ORF1a:L4345F;ORF1a:C4356S,34,271,0.1254612546125461,0,
3052026,BA.2_0.03_abundance_0.15,C13181T;C13200A,ORF1a:Q4306*;ORF1a:P4312Q,13,311,0.0418006430868167,0,
3052026,BA.2_0.03_abundance_0.15,A13675G;A13691T;T13705G;A13712G;C13808T;A13922C,ORF1b:N70D;ORF1b:E75V;ORF1b:L80V;ORF1b:K82R;ORF1b:T114I;ORF1b:D152A,12,84,0.1428571428571428,0,
3052026,BA.2_0.03_abundance_0.15,G13948T;C14006A;T14042G;T14064C;T14082G;A14107T;C14114A;C14115A;T14132C;T14152C;A14205G;T14238A,ORF1b:D161Y;ORF1b:T180K;ORF1b:I192S;ORF1b:D199D;ORF1b:G205G;ORF1b:I214L;ORF1b:T216N;ORF1b:T216T;ORF1b:V222A;ORF1b:Y229H;ORF1b:S246S;ORF1b:I257I,10,108,0.0925925925925925,0,
3052026,BA.2_0.03_abundance_0.15,C14006A;T14042G;T14064C;T14082G;A14107T;C14114A;C14115A;T14132C;T14152C;A14205G;T14238A;G14260T,ORF1b:T180K;ORF1b:I192S;ORF1b:D199D;ORF1b:G205G;ORF1b:I214L;ORF1b:T216N;ORF1b:T216T;ORF1b:V222A;ORF1b:Y229H;ORF1b:S246S;ORF1b:I257I;ORF1b:D265Y,40,295,0.135593220338983,0,
3052026,BA.2_0.03_abundance_0.15,C14006A;T14042G;T14064C;T14082G;A14107T;C14114A;C14115A;T14132C;T14152C;A14205G;T14238A,ORF1b:T180K;ORF1b:I192S;ORF1b:D199D;ORF1b:G205G;ORF1b:I214L;ORF1b:T216N;ORF1b:T216T;ORF1b:V222A;ORF1b:Y229H;ORF1b:S246S;ORF1b:I257I,45,695,0.0647482014388489,0,
3052026,BA.2_0.03_abundance_0.15,T14238A;G14260T;A14302G;C14318A;A14339G;A14355G;C14408T;T14418C;A14457T;T14543C;A14550G,ORF1b:I257I;ORF1b:D265Y;ORF1b:K279E;ORF1b:T284K;ORF1b:N291S;ORF1b:R296R;ORF1b:P314L;ORF1b:F317F;ORF1b:P330P;ORF1b:F359S;ORF1b:E361E,9,81,0.1111111111111111,0,
3052026,BA.2_0.03_abundance_0.15,T14238A;G14260T;A14302G;C14318A;A14339G;A14355G;C14408T;T14418C;A14457T;T14543C;A14550G;C14567G,ORF1b:I257I;ORF1b:D265Y;ORF1b:K279E;ORF1b:T284K;ORF1b:N291S;ORF1b:R296R;ORF1b:P314L;ORF1b:F317F;ORF1b:P330P;ORF1b:F359S;ORF1b:E361E;ORF1b:A367G,6,16,0.375,0,
3052026,BA.2_0.03_abundance_0.15,G14260T;A14302G;C14318A;A14339G;A14355G;C14408T;T14418C;A14457T;T14543C;A14550G;C14567G,ORF1b:D265Y;ORF1b:K279E;ORF1b:T284K;ORF1b:N291S;ORF1b:R296R;ORF1b:P314L;ORF1b:F317F;ORF1b:P330P;ORF1b:F359S;ORF1b:E361E;ORF1b:A367G,10,72,0.1388888888888889,0,
3052026,BA.2_0.03_abundance_0.15,G14260T;A14302G;C14318A;A14339G;A14355G;C14408T;T14418C;A14457T;T14543C;A14550G,ORF1b:D265Y;ORF1b:K279E;ORF1b:T284K;ORF1b:N291S;ORF1b:R296R;ORF1b:P314L;ORF1b:F317F;ORF1b:P330P;ORF1b:F359S;ORF1b:E361E,34,405,0.0839506172839506,0,
3052026,BA.2_0.03_abundance_0.15,G14260T;A14302G;C14318A;A14339G;A14355G;C14408T;T14418C;A14457T,ORF1b:D265Y;ORF1b:K279E;ORF1b:T284K;ORF1b:N291S;ORF1b:R296R;ORF1b:P314L;ORF1b:F317F;ORF1b:P330P,5,451,0.0110864745011086,0,
3052026,BA.2_0.03_abundance_0.15,G14260T;A14302G;C14318A;A14339G;A14355G;C14408T;T14418C;A14457T;T14543C,ORF1b:D265Y;ORF1b:K279E;ORF1b:T284K;ORF1b:N291S;ORF1b:R296R;ORF1b:P314L;ORF1b:F317F;ORF1b:P330P;ORF1b:F359S,5,437,0.011441647597254,0,
3052026,BA.2_0.03_abundance_0.15,A15512C;C15714T,ORF1b:N682T;ORF1b:L749L,7,560,0.0125,0,
3052026,BA.2_0.03_abundance_0.15,T15560G;A15582C;T15584C;A15626T;T15686G;C15714T;T15733C;T15817A;G15850A,ORF1b:L698R;ORF1b:K705N;ORF1b:I706T;ORF1b:E720V;ORF1b:L740W;ORF1b:L749L;ORF1b:C756R;ORF1b:F784I;ORF1b:D795N,13,715,0.0181818181818181,0,
3052026,BA.2_0.03_abundance_0.15,T15560G;A15582C;T15584C;A15626T;T15686G;C15714T;T15733C;T15817A,ORF1b:L698R;ORF1b:K705N;ORF1b:I706T;ORF1b:E720V;ORF1b:L740W;ORF1b:L749L;ORF1b:C756R;ORF1b:F784I,41,3103,0.0132130196583951,0,
3052026,BA.2_0.03_abundance_0.15,A15582C;T15584C;A15626T;T15686G;C15714T;T15733C;T15817A;G15850A,ORF1b:K705N;ORF1b:I706T;ORF1b:E720V;ORF1b:L740W;ORF1b:L749L;ORF1b:C756R;ORF1b:F784I;ORF1b:D795N,90,715,0.1258741258741259,0,
3052026,BA.2_0.03_abundance_0.15,A15582C;T15584C;A15626T;T15686G;C15714T;T15733C;T15817A,ORF1b:K705N;ORF1b:I706T;ORF1b:E720V;ORF1b:L740W;ORF1b:L749L;ORF1b:C756R;ORF1b:F784I,285,3103,0.0918466000644537,0,
3052026,BA.2_0.03_abundance_0.15,C15714T;C15763G,ORF1b:L749L;ORF1b:L766V,428,3128,0.1368286445012787,10,BA.2:6;XBB.3:4
3052026,BA.2_0.03_abundance_0.15,C15714T;T15767A,ORF1b:L749L;ORF1b:V767E,78,3128,0.0249360613810741,2,BQ.1.1.4:1;BA.2:1
3052026,BA.2_0.03_abundance_0.15,T15880C;T15953A;T16023G;T16024C;T16025G;C16028T;G16075A;T16154G;T16157C;T16161G,ORF1b:S805P;ORF1b:L829Q;ORF1b:S852S;ORF1b:L853L;ORF1b:L853*;ORF1b:A854V;ORF1b:D870N;ORF1b:V896G;ORF1b:M897T;ORF1b:L898L,272,2730,0.0996336996336996,0,
3052026,BA.2_0.03_abundance_0.15,T15880C;T15939C;T15953A;T16023G;T16024C;T16025G;C16028T;G16075A;T16154G;T16157C;T16161G,ORF1b:S805P;ORF1b:D824D;ORF1b:L829Q;ORF1b:S852S;ORF1b:L853L;ORF1b:L853*;ORF1b:A854V;ORF1b:D870N;ORF1b:V896G;ORF1b:M897T;ORF1b:L898L,118,2730,0.0432234432234432,0,
3052026,BA.2_0.03_abundance_0.15,T15880C;T15939C;T15953A;T16023G;T16024C;T16025G;C16028T;T16154G;T16157C;T16161G,ORF1b:S805P;ORF1b:D824D;ORF1b:L829Q;ORF1b:S852S;ORF1b:L853L;ORF1b:L853*;ORF1b:A854V;ORF1b:V896G;ORF1b:M897T;ORF1b:L898L,49,3665,0.0133697135061391,0,
3052026,BA.2_0.03_abundance_0.15,T15880C;T15953A;T16023G;T16024C;T16025G;C16028T;T16154G;T16157C;T16161G,ORF1b:S805P;ORF1b:L829Q;ORF1b:S852S;ORF1b:L853L;ORF1b:L853*;ORF1b:A854V;ORF1b:V896G;ORF1b:M897T;ORF1b:L898L,78,3665,0.0212824010914051,0,
3052026,BA.2_0.03_abundance_0.15,T15880C;T15953A;T16023G;T16024C;T16025G;C16028T;G16075A,ORF1b:S805P;ORF1b:L829Q;ORF1b:S852S;ORF1b:L853L;ORF1b:L853*;ORF1b:A854V;ORF1b:D870N,39,3284,0.0118757612667478,0,
3052026,BA.2_0.03_abundance_0.15,T16154G;T16157C;T16161G;C16234T;C16247G;T16287C;A16318C;A16341C;T16366A;C16394A;C16418A;C16423A,ORF1b:V896G;ORF1b:M897T;ORF1b:L898L;ORF1b:Q923*;ORF1b:A927G;ORF1b:G940G;ORF1b:K951Q;ORF1b:I958I;ORF1b:S967T;ORF1b:P976Q;ORF1b:T984N;ORF1b:L986I,9,114,0.0789473684210526,0,
3052026,BA.2_0.03_abundance_0.15,C16234T;C16247G;T16287C;A16318C;A16341C;T16366A;C16394A;C16418A;C16423A,ORF1b:Q923*;ORF1b:A927G;ORF1b:G940G;ORF1b:K951Q;ORF1b:I958I;ORF1b:S967T;ORF1b:P976Q;ORF1b:T984N;ORF1b:L986I,10,285,0.0350877192982456,0,
3052026,BA.2_0.03_abundance_0.15,C16234T;C16247G;T16287C;A16318C;A16341C;T16366A;C16394A;C16418A;C16423A;A16471T,ORF1b:Q923*;ORF1b:A927G;ORF1b:G940G;ORF1b:K951Q;ORF1b:I958I;ORF1b:S967T;ORF1b:P976Q;ORF1b:T984N;ORF1b:L986I;ORF1b:I1002F,7,121,0.0578512396694214,0,
3052026,BA.2_0.03_abundance_0.15,T16796A;T16860G;T17016A;C17069G;C17077G,ORF1b:V1110E;ORF1b:A1131A;ORF1b:D1183E;ORF1b:S1201C;ORF1b:Q1204E,314,2592,0.1211419753086419,0,
3052026,BA.2_0.03_abundance_0.15,T16796A;T16860G;T17016A;C17028G;C17069G;C17077G,ORF1b:V1110E;ORF1b:A1131A;ORF1b:D1183E;ORF1b:S1187R;ORF1b:S1201C;ORF1b:Q1204E,66,2592,0.0254629629629629,0,
3052026,BA.2_0.03_abundance_0.15,T17142A;C17410T,ORF1b:A1225A;ORF1b:R1315C,143,2225,0.0642696629213483,121,BA.2.9:112;BA.2.64:1;BA.2:1;BA.2.38:1;AY.4.2:1;CH.1.1:1;BA.5.2.1:2;BA.5.5:1;BQ.1.1:1
3052026,BA.2_0.03_abundance_0.15,C17410T;A17431G;A17477C;A17482G;C17483A;A17515G;A17542C;C17555T;A17576C;T17582C,ORF1b:R1315C;ORF1b:I1322V;ORF1b:K1337T;ORF1b:T1339A;ORF1b:T1339K;ORF1b:R1350G;ORF1b:M1359L;ORF1b:T1363I;ORF1b:E1370A;ORF1b:V1372A,42,280,0.15,0,
3052026,BA.2_0.03_abundance_0.15,A17431G;A17477C;A17482G;C17483A;A17515G;A17542C;C17555T;A17576C;T17582C,ORF1b:I1322V;ORF1b:K1337T;ORF1b:T1339A;ORF1b:T1339K;ORF1b:R1350G;ORF1b:M1359L;ORF1b:T1363I;ORF1b:E1370A;ORF1b:V1372A,312,2446,0.1275551921504497,0,
3052026,BA.2_0.03_abundance_0.15,T18123C;A18163G,ORF1b:S1552S;ORF1b:I1566V,13,249,0.0522088353413654,93,BA.5.2.1:53;BA.1.15:1;BA.1.1:13;BA.2:8;BA.5.1:1;BA.4:1;BA.5.1.23:2;BA.2.9:1;BA.5.2.16:1;BA.1:1;BA.5.2:2;BF.10:1;BA.2.3:2;BA.2.10:2;BA.5.2.7:1;BA.1.20:1;BA.1.1.18:1;BA.4.4:1
3052026,BA.2_0.03_abundance_0.15,C18419A;T18435G;C18460G;C18493G;A18503C;T18521G;A18563T;T18608G;G18627C,ORF1b:T1651K;ORF1b:D1656E;ORF1b:P1665A;ORF1b:L1676V;ORF1b:K1679T;ORF1b:V1685G;ORF1b:K1699I;ORF1b:F1714C;ORF1b:K1720N,176,1374,0.1280931586608442,0,
3052026,BA.2_0.03_abundance_0.15,C18419A;T18435G;C18460G;C18493G;A18503C;T18521G;A18563T;T18608G,ORF1b:T1651K;ORF1b:D1656E;ORF1b:P1665A;ORF1b:L1676V;ORF1b:K1679T;ORF1b:V1685G;ORF1b:K1699I;ORF1b:F1714C,54,1788,0.0302013422818791,0,
3052026,BA.2_0.03_abundance_0.15,C18419A;T18435G;C18460G;C18493G,ORF1b:T1651K;ORF1b:D1656E;ORF1b:P1665A;ORF1b:L1676V,20,1935,0.0103359173126615,0,
3052026,BA.2_0.03_abundance_0.15,G18627C;T18741A;C18747T;C18775G;A18798T;C18823A;C18828A;A18868C,ORF1b:K1720N;ORF1b:D1758E;ORF1b:V1760V;ORF1b:Q1770E;ORF1b:L1777L;ORF1b:Q1786K;ORF1b:V1787V;ORF1b:T1801P,45,308,0.1461038961038961,0,
3052026,BA.2_0.03_abundance_0.15,G18627C;T18741A;C18747T;C18775G;A18798T;C18823A;C18828A,ORF1b:K1720N;ORF1b:D1758E;ORF1b:V1760V;ORF1b:Q1770E;ORF1b:L1777L;ORF1b:Q1786K;ORF1b:V1787V,5,331,0.0151057401812688,0,
3052026,BA.2_0.03_abundance_0.15,T18741A;C18747T;C18775G;A18798T;C18823A;C18828A,ORF1b:D1758E;ORF1b:V1760V;ORF1b:Q1770E;ORF1b:L1777L;ORF1b:Q1786K;ORF1b:V1787V,23,1848,0.0124458874458874,0,
3052026,BA.2_0.03_abundance_0.15,T18741A;C18747T;C18775G;A18798T;C18823A;C18828A;A18868C,ORF1b:D1758E;ORF1b:V1760V;ORF1b:Q1770E;ORF1b:L1777L;ORF1b:Q1786K;ORF1b:V1787V;ORF1b:T1801P,205,1721,0.1191167925624636,0,
3052026,BA.2_0.03_abundance_0.15,T19025G;C19097G;T19139G;G19193T;A19210C;C19220A;T19224C,ORF1b:L1853R;ORF1b:A1877G;ORF1b:F1891C;ORF1b:W1909L;ORF1b:R1915R;ORF1b:A1918D;ORF1b:N1919N,133,984,0.1351626016260162,0,
3052026,BA.2_0.03_abundance_0.15,T20205A;C20221G;A20223C;A20284T;T20338C;T20376A;T20414A;G20419T;A20453C;A20460C;A20463T;G20493T,ORF1b:T2246T;ORF1b:Q2252E;ORF1b:Q2252H;ORF1b:I2273F;ORF1b:F2291L;ORF1b:I2303I;ORF1b:L2316*;ORF1b:D2318Y;ORF1b:Y2329S;ORF1b:I2331I;ORF1b:T2332T;ORF1b:V2342V,5,43,0.1162790697674418,0,
3052026,BA.2_0.03_abundance_0.15,C20221G;A20223C;A20284T;T20338C;T20376A;T20414A;G20419T;A20453C;A20460C;A20463T;G20493T,ORF1b:Q2252E;ORF1b:Q2252H;ORF1b:I2273F;ORF1b:F2291L;ORF1b:I2303I;ORF1b:L2316*;ORF1b:D2318Y;ORF1b:Y2329S;ORF1b:I2331I;ORF1b:T2332T;ORF1b:V2342V,12,221,0.0542986425339366,0,
3052026,BA.2_0.03_abundance_0.15,C20221G;A20223C;A20284T;A20336T;T20338C;T20376A;T20414A;G20419T;A20453C;A20460C;A20463T;G20493T,ORF1b:Q2252E;ORF1b:Q2252H;ORF1b:I2273F;ORF1b:D2290V;ORF1b:F2291L;ORF1b:I2303I;ORF1b:L2316*;ORF1b:D2318Y;ORF1b:Y2329S;ORF1b:I2331I;ORF1b:T2332T;ORF1b:V2342V,12,221,0.0542986425339366,0,
3052026,BA.2_0.03_abundance_0.15,C21431T;G21438A;A21455C;G21463T;A21512C;G21538T,ORF1b:A2655V;ORF1b:M2657I;ORF1b:Q2663P;ORF1b:D2666Y;ORF1b:N2682T;ORF1b:V2691F,5,313,0.0159744408945686,0,
3052026,BA.2_0.03_abundance_0.15,C21431T;G21438A;A21455C;G21463T;A21512C;G21538T;G21606A;C21618T;C21627G;A21647G;A21675C;A21685G,ORF1b:A2655V;ORF1b:M2657I;ORF1b:Q2663P;ORF1b:D2666Y;ORF1b:N2682T;ORF1b:V2691F;S:C15Y;S:T19I;S:T22S;S:T29A;S:Y38S;S:K41K,22,281,0.0782918149466192,0,
3052026,BA.2_0.03_abundance_0.15,C21431T;G21438A;A21455C;G21463T;A21512C;G21538T;G21606A;C21618T;C21627G;A21647G;A21675C;A21685G;C21707A,ORF1b:A2655V;ORF1b:M2657I;ORF1b:Q2663P;ORF1b:D2666Y;ORF1b:N2682T;ORF1b:V2691F;S:C15Y;S:T19I;S:T22S;S:T29A;S:Y38S;S:K41K;S:H49N,7,77,0.0909090909090909,0,
3052026,BA.2_0.03_abundance_0.15,A21685G;C21707A;G21746C;C21762A;C21840T;T21841G;T21842G;A21865C;A21875T;C21903G;T21940A;G21950T;G21987A,S:K41K;S:H49N;S:V62L;S:A67D;S:A93V;S:A93A;S:S94A;S:I101I;S:I105F;S:T114S;S:V126V;S:V130F;S:G142D,17,150,0.1133333333333333,0,
3052026,BA.2_0.03_abundance_0.15,C21707A;G21746C;C21762A;C21840T;T21841G;T21842G;A21865C;A21875T;C21903G;T21940A;G21950T;G21987A,S:H49N;S:V62L;S:A67D;S:A93V;S:A93A;S:S94A;S:I101I;S:I105F;S:T114S;S:V126V;S:V130F;S:G142D,181,1493,0.1212324179504353,0,
3052026,BA.2_0.03_abundance_0.15,C21707A;G21746C;C21762A;C21840T;T21841G;T21842G;A21865C;A21875T;C21903G;T21940A;G21950T,S:H49N;S:V62L;S:A67D;S:A93V;S:A93A;S:S94A;S:I101I;S:I105F;S:T114S;S:V126V;S:V130F,17,1663,0.010222489476849,0,
3052026,BA.2_0.03_abundance_0.15,C21962T;G21987A,S:Q134*;S:G142D,101,1497,0.0674682698730795,6,BA.2.75:1;AY.4:2;AY.43:1;AY.122:2
3052026,BA.2_0.03_abundance_0.15,A22622T;C22674T;T22679C;C22686T;A22688G;A22786C;G22813T,S:N354Y;S:S371F;S:S373P;S:S375F;S:T376A;S:R408S;S:K417N,77,212,0.3632075471698113,7,BA.2:7
3052026,BA.2_0.03_abundance_0.15,A22622T;C22674T;T22679C;C22686T;A22688G,S:N354Y;S:S371F;S:S373P;S:S375F;S:T376A,7,221,0.0316742081447963,7,BA.2:7
3052026,BA.2_0.03_abundance_0.15,G22992A;C22995A;A23013C;A23040G;A23146C,S:S477N;S:T478K;S:E484A;S:Q493R;S:K528N,8,72,0.1111111111111111,0,
3052026,BA.2_0.03_abundance_0.15,A23146C;A23403G,S:K528N;S:D614G,12,88,0.1363636363636363,2,AY.120:1;AY.122:1
3052026,BA.2_0.03_abundance_0.15,T23150G;A23403G,S:S530A;S:D614G,6,149,0.0402684563758389,0,
3052026,BA.2_0.03_abundance_0.15,T23152A;C23154G;T23189C;A23232C;T23287A;A23305C;C23327G;T23338A;G23340C;A23379T;A23403G;T23421C;G23438C;C23439G;A23445T;A23446C;G23465A;T23466C,S:S530S;S:T531S;S:F543L;S:K557T;S:A575A;S:T581T;S:P589A;S:F592L;S:G593A;S:N606I;S:D614G;S:V620A;S:A626P;S:A626G;S:Q628L;S:Q628H;S:V635I;S:V635A,18,183,0.0983606557377049,0,
3052026,BA.2_0.03_abundance_0.15,C23154G;T23189C;A23232C;T23287A;A23305C;C23327G;T23338A;G23340C;A23379T;A23403G;T23421C;G23438C;C23439G;A23445T;A23446C;G23465A;T23466C,S:T531S;S:F543L;S:K557T;S:A575A;S:T581T;S:P589A;S:F592L;S:G593A;S:N606I;S:D614G;S:V620A;S:A626P;S:A626G;S:Q628L;S:Q628H;S:V635I;S:V635A,8,241,0.0331950207468879,0,
3052026,BA.2_0.03_abundance_0.15,T23189C;A23232C;T23287A;A23305C;C23327G;T23338A;G23340C;A23379T;A23403G;T23421C;G23438C;C23439G;A23445T;A23446C;G23465A;T23466C,S:F543L;S:K557T;S:A575A;S:T581T;S:P589A;S:F592L;S:G593A;S:N606I;S:D614G;S:V620A;S:A626P;S:A626G;S:Q628L;S:Q628H;S:V635I;S:V635A,142,1271,0.1117230527143981,0,
3052026,BA.2_0.03_abundance_0.15,G24234T;A24241G;A24248T;C24270T;A24273T;T24274A;G24291A;G24301C;A24302C;T24304G;A24321C;A24325G;A24336G;A24353C;T24379G;A24409G;G24416C,S:G891V;S:A893A;S:I896L;S:A903V;S:Y904F;S:Y904*;S:G910E;S:Q913H;S:N914H;S:N914K;S:Q920P;S:K921K;S:N925S;S:I931L;S:S939S;S:Q949Q;S:V952L,7,242,0.0289256198347107,0,
3052026,BA.2_0.03_abundance_0.15,G24234T;A24241G;A24248T;C24270T;A24273T;T24274A;G24291A;G24301C;A24302C;T24304G;A24321C;A24325G;A24336G;A24353C;T24379G;A24409G;G24416C;A24424T,S:G891V;S:A893A;S:I896L;S:A903V;S:Y904F;S:Y904*;S:G910E;S:Q913H;S:N914H;S:N914K;S:Q920P;S:K921K;S:N925S;S:I931L;S:S939S;S:Q949Q;S:V952L;S:Q954H,23,183,0.1256830601092896,0,
3052026,BA.2_0.03_abundance_0.15,C24245A;A24424T,S:Q895K;S:Q954H,21,183,0.1147540983606557,5,BA.5.2:1;BA.1.17.2:1;BA.1.1:1;BA.1:1;BA.2:1
3052026,BA.2_0.03_abundance_0.15,A24424T;G24547T;G24683T,S:Q954H;S:R995S;S:D1041Y,40,97,0.4123711340206185,0,
3052026,BA.2_0.03_abundance_0.15,A24424T;G24547T,S:Q954H;S:R995S,15,104,0.1442307692307692,1,BA.5.2.1:1
3052026,BA.2_0.03_abundance_0.15,A24424T;G24683T,S:Q954H;S:D1041Y,34,97,0.3505154639175257,2,BA.5.2:1;BA.2:1
3052026,BA.2_0.03_abundance_0.15,G24547T;G24683T,S:R995S;S:D1041Y,92,359,0.2562674094707521,0,
3052026,BA.2_0.03_abundance_0.15,A24791C;C24792A;C24909A;T24929A;T24946G;A24952G;C24990A;C25000T;T25001G,S:T1077P;S:T1077N;S:T1116N;S:S1123T;S:V1128V;S:I1130M;S:P1143H;S:D1146D;S:S1147A,94,1062,0.0885122410546139,0,
3052026,BA.2_0.03_abundance_0.15,A24791C;C24792A;C24909A;T24929A;G24932A;T24946G;A24952G;C24990A;C25000T;T25001G,S:T1077P;S:T1077N;S:T1116N;S:S1123T;S:G1124S;S:V1128V;S:I1130M;S:P1143H;S:D1146D;S:S1147A,27,1062,0.0254237288135593,0,
3052026,BA.2_0.03_abundance_0.15,A24791C;C24792A;C24909A;T24929A;T24946G;A24952G;C24989A;C24990A;C25000T;T25001G,S:T1077P;S:T1077N;S:T1116N;S:S1123T;S:V1128V;S:I1130M;S:P1143T;S:P1143H;S:D1146D;S:S1147A,25,1062,0.0235404896421845,0,
3052026,BA.2_0.03_abundance_0.15,A24936T;C25000T,S:N1125I;S:D1146D,65,1064,0.0610902255639097,2,BA.2:1;BA.4.1:1
3052026,BA.2_0.03_abundance_0.15,A24936T;C24989A;C25000T,S:N1125I;S:P1143T;S:D1146D,20,1064,0.018796992481203,0,
3052026,BA.2_0.03_abundance_0.15,C24989A;C25000T,S:P1143T;S:D1146D,131,1064,0.1231203007518797,35,BA.1:2;BA.2.12.1:3;BA.2.9:15;BE.1.1:1;DJ.1.1:1;BA.5.1:1;BA.1.1:2;BA.2:6;BA.2.3:1;BF.24:1;BF.10:2
3052026,BA.2_0.03_abundance_0.15,C25317G;G25364A;A25426G;T25434C;G25437A;C25487G;A25512G;T25520C;G25540A;T25557C;G25593T;C25603T;T25604G;G25606C,S:S1252C;S:V1268I;ORF3a:T12A;ORF3a:T14T;ORF3a:L15L;ORF3a:T32S;ORF3a:S40S;ORF3a:F43S;ORF3a:V50I;ORF3a:V55V;ORF3a:K67N;ORF3a:L71L;ORF3a:L71R;ORF3a:A72P,22,428,0.0514018691588785,0,
3052026,BA.2_0.03_abundance_0.15,G25364A;A25426G;T25434C;G25437A;C25487G;A25512G;T25520C;G25540A;T25557C;G25593T;C25603T;T25604G;G25606C,S:V1268I;ORF3a:T12A;ORF3a:T14T;ORF3a:L15L;ORF3a:T32S;ORF3a:S40S;ORF3a:F43S;ORF3a:V50I;ORF3a:V55V;ORF3a:K67N;ORF3a:L71L;ORF3a:L71R;ORF3a:A72P,100,905,0.1104972375690607,0,
3052026,BA.2_0.03_abundance_0.15,C26256T;C26270T;T26324G;C26340A;T26342C;A26358T;C26370A;A26528G;T26543C,E:F4F;E:T9I;E:L27W;E:A32A;E:I33T;E:R38R;E:Y42*;M:A2A;M:T7T,36,321,0.1121495327102803,0,
3052026,BA.2_0.03_abundance_0.15,C26256T;C26270T;T26324G;C26340A;T26342C;A26358T;C26370A;A26528G,E:F4F;E:T9I;E:L27W;E:A32A;E:I33T;E:R38R;E:Y42*;M:A2A,10,380,0.0263157894736842,0,
3052026,BA.2_0.03_abundance_0.15,C26256T;C26270T;T26324G;C26340A;T26342C;A26358T;C26370A,E:F4F;E:T9I;E:L27W;E:A32A;E:I33T;E:R38R;E:Y42*,8,427,0.018735362997658,0,
3052026,BA.2_0.03_abundance_0.15,C26256T;C26270T;T26324G;C26340A;T26342C;A26358T;C26370A;T26462G;A26528G;T26543C,E:F4F;E:T9I;E:L27W;E:A32A;E:I33T;E:R38R;E:Y42*;E:L73R;M:A2A;M:T7T,10,321,0.0311526479750778,0,
3052026,BA.2_0.03_abundance_0.15,T26543C;C26577G;C26642G;T26677A;A26702G;G26709A;T26723C;G26727A;T26756G;C26768G;T26819G;C26845A;C26858T,M:T7T;M:Q19E;M:A40A;M:I52N;M:V60V;M:A63T;M:L67L;M:A69T;M:G78G;M:I82M;M:S99S;M:S108Y;M:F112F,6,115,0.0521739130434782,0,
3052026,BA.2_0.03_abundance_0.15,T26543C;C26577G;C26642G;T26677A;A26702G;G26709A;T26723C;G26727A;T26756G;C26768G;T26819G;C26845A;C26858T;A26874C,M:T7T;M:Q19E;M:A40A;M:I52N;M:V60V;M:A63T;M:L67L;M:A69T;M:G78G;M:I82M;M:S99S;M:S108Y;M:F112F;M:I118L,7,42,0.1666666666666666,0,
3052026,BA.2_0.03_abundance_0.15,C26577G;C26642G;T26677A;A26702G;G26709A;T26723C;G26727A;T26756G;C26768G;T26819G;C26845A;C26858T,M:Q19E;M:A40A;M:I52N;M:V60V;M:A63T;M:L67L;M:A69T;M:G78G;M:I82M;M:S99S;M:S108Y;M:F112F,151,2031,0.0743476120137863,0,
3052026,BA.2_0.03_abundance_0.15,C26577G;C26642G;T26677A;A26702G;G26709A;T26723C;G26727A;T26756G;C26768G;T26819G;C26845A;C26858T;A26874C,M:Q19E;M:A40A;M:I52N;M:V60V;M:A63T;M:L67L;M:A69T;M:G78G;M:I82M;M:S99S;M:S108Y;M:F112F;M:I118L,127,903,0.1406423034330011,0,
3052026,BA.2_0.03_abundance_0.15,C26577G;G26709A;C26858T;C26882G,M:Q19E;M:A63T;M:F112F;M:L120L,9,206,0.0436893203883495,42,BA.2:17;BA.2.43:1;BA.2.10:14;BA.2.23:1;BA.2.26:3;BA.2.9:3;BA.2.12.1:2;BR.4:1
3052026,BA.2_0.03_abundance_0.15,C26577G;C26642G;T26677A;A26702G;G26709A;T26723C;G26727A;T26756G;C26768G;T26819G;C26845A;C26858T;A26874C;C26882G,M:Q19E;M:A40A;M:I52N;M:V60V;M:A63T;M:L67L;M:A69T;M:G78G;M:I82M;M:S99S;M:S108Y;M:F112F;M:I118L;M:L120L,5,205,0.024390243902439,0,
3052026,BA.2_0.03_abundance_0.15,A26874C;C26917T;C26958G;A26973C;T27032A;C27085T;G27115A;G27127T;G27163C;T27178A;A27187T,M:I118L;M:P132L;M:R146G;M:I151L;M:V170V;M:A188V;M:R198H;M:G202V;M:S214T;M:L219*;M:Q222L,12,101,0.1188118811881188,0,
3052026,BA.2_0.03_abundance_0.15,A26874C;C26917T;C26958G;A26973C;T27032A;C27085T;G27115A;G27127T;G27163C;T27178A,M:I118L;M:P132L;M:R146G;M:I151L;M:V170V;M:A188V;M:R198H;M:G202V;M:S214T;M:L219*,9,173,0.0520231213872832,0,
3052026,BA.2_0.03_abundance_0.15,C26917T;C26958G;A26973C;T27032A;C27085T;G27115A;G27127T;G27163C;T27178A;A27187T,M:P132L;M:R146G;M:I151L;M:V170V;M:A188V;M:R198H;M:G202V;M:S214T;M:L219*;M:Q222L,11,186,0.0591397849462365,0,
3052026,BA.2_0.03_abundance_0.15,C26917T;C26958G;A26973C;T27032A;C27085T;G27115A;G27127T;G27163C;T27178A,M:P132L;M:R146G;M:I151L;M:V170V;M:A188V;M:R198H;M:G202V;M:S214T;M:L219*,7,306,0.022875816993464,0,
3052026,BA.2_0.03_abundance_0.15,C26917T;C26958G;A26973C;T27032A;C27085T;G27115A;G27127T;G27163C,M:P132L;M:R146G;M:I151L;M:V170V;M:A188V;M:R198H;M:G202V;M:S214T,8,355,0.0225352112676056,0,
3052026,BA.2_0.03_abundance_0.15,T27178A;A27187T;G27217A;A27234C;T27251G;A27259C;A27302G;A27313T;T27319G;T27320G;G27366T;G27382C;A27383T;T27384C;C27416G;A27417G;A27477C,M:L219*;M:Q222L;ORF6:D6N;ORF6:I11I;ORF6:I17S;ORF6:R20R;ORF6:N34S;ORF6:K38*;ORF6:L40V;ORF6:L40*;ORF6:E55D;ORF6:D61H;ORF6:D61V;ORF6:D61D;ORF7a:A8G;ORF7a:A8A;ORF7a:T28T,54,891,0.0606060606060606,0,
3052026,BA.2_0.03_abundance_0.15,T27178A;A27187T;G27217A;A27234C;T27251G;A27259C;A27302G;A27313T;T27319G;G27366T;G27382C;A27383T;T27384C;C27416G;A27417G;A27477C,M:L219*;M:Q222L;ORF6:D6N;ORF6:I11I;ORF6:I17S;ORF6:R20R;ORF6:N34S;ORF6:K38*;ORF6:L40V;ORF6:E55D;ORF6:D61H;ORF6:D61V;ORF6:D61D;ORF7a:A8G;ORF7a:A8A;ORF7a:T28T,74,891,0.0830527497194163,0,
3052026,BA.2_0.03_abundance_0.15,A27187T;G27217A;A27234C;T27251G;A27259C;A27302G;A27313T;T27319G;G27366T;G27382C;A27383T;T27384C;C27416G;A27417G;A27477C,M:Q222L;ORF6:D6N;ORF6:I11I;ORF6:I17S;ORF6:R20R;ORF6:N34S;ORF6:K38*;ORF6:L40V;ORF6:E55D;ORF6:D61H;ORF6:D61V;ORF6:D61D;ORF7a:A8G;ORF7a:A8A;ORF7a:T28T,105,2169,0.0484094052558782,0,
3052026,BA.2_0.03_abundance_0.15,A27187T;G27217A;A27234C;T27251G;A27259C;A27302G;A27313T;T27319G;T27320G;G27366T;G27382C;A27383T;T27384C;C27416G;A27417G;A27477C,M:Q222L;ORF6:D6N;ORF6:I11I;ORF6:I17S;ORF6:R20R;ORF6:N34S;ORF6:K38*;ORF6:L40V;ORF6:L40*;ORF6:E55D;ORF6:D61H;ORF6:D61V;ORF6:D61D;ORF7a:A8G;ORF7a:A8A;ORF7a:T28T,77,2169,0.0355002305209774,0,
3052026,BA.2_0.03_abundance_0.15,A27259C;T27320G;G27382C;A27383T;T27384C,ORF6:R20R;ORF6:L40*;ORF6:D61H;ORF6:D61V;ORF6:D61D,751,2286,0.3285214348206474,0,
3052026,BA.2_0.03_abundance_0.15,A27259C;T27320G,ORF6:R20R;ORF6:L40*,54,2444,0.0220949263502455,1,BA.1.18:1
3052026,BA.2_0.03_abundance_0.15,T27851G;A27859T;T27863C;C27944T;T27953A;T28002A;T28017A;T28029C;A28095G;A28126C,ORF7b:L32L;ORF7b:Q35L;ORF7b:D36D;ORF8:H17H;ORF8:C20*;ORF8:C37S;ORF8:Y42N;ORF8:Y46H;ORF8:K68E;ORF8:N78T,56,452,0.1238938053097345,0,
3052026,BA.2_0.03_abundance_0.15,T27851G;A27859T;T27863C;C27944T;T27953A;T28002A;T28017A;T28029C;A28055T;A28095G;A28126C,ORF7b:L32L;ORF7b:Q35L;ORF7b:D36D;ORF8:H17H;ORF8:C20*;ORF8:C37S;ORF8:Y42N;ORF8:Y46H;ORF8:S54S;ORF8:K68E;ORF8:N78T,10,452,0.0221238938053097,0,
3052026,BA.2_0.03_abundance_0.15,T27851G;A27859T;T27863C;C27944T;T27953A;T28002A;T28017A;T28029C;A28095G,ORF7b:L32L;ORF7b:Q35L;ORF7b:D36D;ORF8:H17H;ORF8:C20*;ORF8:C37S;ORF8:Y42N;ORF8:Y46H;ORF8:K68E,17,565,0.0300884955752212,0,
3052026,BA.2_0.03_abundance_0.15,T27851G;A27859T;T27863C;C27944T;T27953A;T28002A;T28017A,ORF7b:L32L;ORF7b:Q35L;ORF7b:D36D;ORF8:H17H;ORF8:C20*;ORF8:C37S;ORF8:Y42N,10,602,0.0166112956810631,0,
3052026,BA.2_0.03_abundance_0.15,A28126C;G28178T;C28205A;T28206A;C28311T;G28325T;C28377T;A28387C,ORF8:N78T;ORF8:L95F;ORF8:F104L;ORF8:Y105N;N:P13L;N:G18C;N:A35V;N:K38N,131,1418,0.0923836389280677,0,
3052026,BA.2_0.03_abundance_0.15,A28126C;G28178T;C28205A;T28206A;C28311T;G28325T;G28357C;C28377T;A28387C,ORF8:N78T;ORF8:L95F;ORF8:F104L;ORF8:Y105N;N:P13L;N:G18C;N:Q28H;N:A35V;N:K38N,30,1418,0.0211565585331452,0,
3052026,BA.2_0.03_abundance_0.15,A28126C;G28178T;C28205A;T28206A;C28311T;G28325T;C28377T;A28387C;C28422A,ORF8:N78T;ORF8:L95F;ORF8:F104L;ORF8:Y105N;N:P13L;N:G18C;N:A35V;N:K38N;N:A50E,14,934,0.0149892933618843,0,
3052026,BA.2_0.03_abundance_0.15,A28126C;G28178T;C28205A;T28206A;C28311T;G28325T,ORF8:N78T;ORF8:L95F;ORF8:F104L;ORF8:Y105N;N:P13L;N:G18C,17,1511,0.0112508272667107,0,
3052026,BA.2_0.03_abundance_0.15,A28126C;G28178T;C28205A;T28206A;C28311T;G28325T;C28377T;A28387C;G28429T,ORF8:N78T;ORF8:L95F;ORF8:F104L;ORF8:Y105N;N:P13L;N:G18C;N:A35V;N:K38N;N:W52C,22,279,0.078853046594982,0,
3052026,BA.2_0.03_abundance_0.15,C28311T;G28357C,N:P13L;N:Q28H,238,1437,0.1656228253305497,60,BA.1.15:1;BA.2:11;BA.2.75:2;BA.1.1.2:2;BA.2.3:17;BA.2.9.5:1;BA.1.1.18:1;BA.4.6:1;BF.26:9;BF.7:1;BE.1.1:2;BG.5:1;BA.1.1.1:1;BA.2.12.1:1;BA.5.1:1;BA.5.6:2;BA.5.3:1;BA.2.10:1;BA.1.1:3;BA.5.2.1:1
3052026,BA.2_0.03_abundance_0.15,C28311T;C28422A,N:P13L;N:A50E,76,939,0.080937167199148,0,
3052026,BA.2_0.03_abundance_0.15,C28311T;G28357C;C28422A,N:P13L;N:Q28H;N:A50E,21,939,0.0223642172523961,0,
3052026,BA.2_0.03_abundance_0.15,G28429T;G28479A;A28496G;C28500T;C28512A;C28542T;A28549C;A28571T;T28640G;T28667A;C28708A,N:W52C;N:G69E;N:N75D;N:T76I;N:P80Q;N:A90V;N:R92S;N:K100*;N:Y123D;N:W132R;N:H145Q,39,249,0.1566265060240964,0,
3052026,BA.2_0.03_abundance_0.15,G28479A;A28496G;C28500T;C28512A;C28542T;A28549C;A28571T;T28640G;T28667A;C28708A;G28747T,N:G69E;N:N75D;N:T76I;N:P80Q;N:A90V;N:R92S;N:K100*;N:Y123D;N:W132R;N:H145Q;N:V158V,10,86,0.1162790697674418,0,
3052026,BA.2_0.03_abundance_0.15,G28479A;A28496G;C28500T;C28512A;C28542T;A28549C;A28571T;T28640G;T28667A;C28708A,N:G69E;N:N75D;N:T76I;N:P80Q;N:A90V;N:R92S;N:K100*;N:Y123D;N:W132R;N:H145Q,77,800,0.09625,0,
3052026,BA.2_0.03_abundance_0.15,G28673C;A28701G,N:A134P;N:K143R,9,807,0.0111524163568773,0,
3052026,BA.2_0.03_abundance_0.15,T29021C;C29022G;G29024T;C29045G;A29078C;G29135A;A29168G;C29198G;C29211G;A29237T;G29240A;G29262T;C29268G;T29308G,N:S250P;N:S250C;N:A251S;N:P258A;N:N269H;N:D288N;N:K299E;N:P309A;N:A313G;N:M322L;N:E323K;N:W330L;N:T332S;N:N345K,42,719,0.0584144645340751,0,
3052026,BA.2_0.03_abundance_0.15,T29021C;C29022G;G29024T;C29045G;A29078C;G29135A;A29150C;A29168G;C29198G;C29211G;A29237T;G29240A;G29262T;C29268G;T29308G,N:S250P;N:S250C;N:A251S;N:P258A;N:N269H;N:D288N;N:R293R;N:K299E;N:P309A;N:A313G;N:M322L;N:E323K;N:W330L;N:T332S;N:N345K,31,719,0.043115438108484,0,
3052026,BA.2_0.03_abundance_0.15,C29045G;A29078C;G29135A;A29168G;C29198G;C29211G;A29237T;G29240A;G29262T;C29268G;T29308G,N:P258A;N:N269H;N:D288N;N:K299E;N:P309A;N:A313G;N:M322L;N:E323K;N:W330L;N:T332S;N:N345K,109,2027,0.0537740503206709,0,
3052026,BA.2_0.03_abundance_0.15,C29045G;A29078C;G29135A;A29150C;A29168G;C29198G;C29211G;A29237T;G29240A;G29262T;C29268G;T29308G,N:P258A;N:N269H;N:D288N;N:R293R;N:K299E;N:P309A;N:A313G;N:M322L;N:E323K;N:W330L;N:T332S;N:N345K,95,2027,0.0468672915638875,0,
3052026,BA.2_0.03_abundance_0.15,A29412G;A29428T;G29440C;T29461A;T29471C;A29510C;T29512C;T29581A;T29588G;A29596C;T29626G;G29648T,N:Q380R;N:R385S;N:Q389H;N:P396P;N:L400L;N:S413R;N:S413S;ORF10:A8A;ORF10:F11V;ORF10:I13I;ORF10:S23S;ORF10:D31Y,8,105,0.0761904761904762,0,
3052026,BA.2_0.03_abundance_0.15,A29412G;A29428T;G29440C;T29461A;T29471C;A29510C;T29512C;T29581A;T29588G;A29596C;T29626G,N:Q380R;N:R385S;N:Q389H;N:P396P;N:L400L;N:S413R;N:S413S;ORF10:A8A;ORF10:F11V;ORF10:I13I;ORF10:S23S,5,132,0.0378787878787878,0,
3052026,BA.2_0.03_abundance_0.15,C29498A;A29510C,N:Q409K;N:S413R,28,139,0.2014388489208633,170,BA.5.1:3;BA.2:132;BA.5.2.9:10;BA.5.2.32:1;BA.2.9.5:1;BA.5.3.2:1;BF.3:1;BA.5.1.24:1;BA.2.18:1;BA.2.9:3;BA.5.2.1:2;BA.2.23:1;BA.2.65:10;BA.2.12.1:2;BA.5.5:1
