Date,Site,Nt Mutations,AA Mutations,Support DP,Total DP,Combined Freq,Overall Occurrence,Lineage Occurrence
1012026,BA.2_0.03_abundance_0.1,C609A;T670G,ORF1a:P115Q;ORF1a:S135R,92,2145,0.0428904428904428,15,BA.5.1:14;BA.5:1
1012026,BA.2_0.03_abundance_0.1,T2301C;T2349C,ORF1a:F679S;ORF1a:I695T,27,487,0.055441478439425,1,BA.2.10:1
1012026,BA.2_0.03_abundance_0.1,C2695A;C2790T,ORF1a:N810K;ORF1a:T842I,30,218,0.1376146788990825,0,
1012026,BA.2_0.03_abundance_0.1,C2695A;C2790T;G2809A,ORF1a:N810K;ORF1a:T842I;ORF1a:R848R,6,218,0.0275229357798165,0,
1012026,BA.2_0.03_abundance_0.1,C2790T;G2809A,ORF1a:T842I;ORF1a:R848R,27,218,0.1238532110091743,451,BA.5.2.21:160;BQ.1.1:5;BA.5.2:125;BA.2.1:28;BA.2.75:50;BA.2.41:1;CH.1.1:1;BA.2.12:6;BA.2:16;BA.5.2.9:1;BA.2.3.2:4;BA.2.9:5;BA.5.1.30:1;B.1.1.7:1;BA.5.1:14;BA.2.12.1:2;BN.1.3:6;BA.5.1.23:1;BA.5.9:1;BF.21:4;BA.4.6.5:1;BA.5:1;BF.5:1;BA.5.1.22:3;BA.5.6:2;BA.5.2.28:2;BN.1.2:1;BA.5.2.1:3;BF.7.5:4;BH.1:1
1012026,BA.2_0.03_abundance_0.1,C2980G;C3037T,ORF1a:Y905*;ORF1a:F924F,430,772,0.5569948186528497,0,
1012026,BA.2_0.03_abundance_0.1,C5694T;C5711G,ORF1a:P1810L;ORF1a:L1816V,5,354,0.0141242937853107,0,
1012026,BA.2_0.03_abundance_0.1,A7152G;T7293A,ORF1a:D2296G;ORF1a:L2343*,12,153,0.0784313725490196,0,
1012026,BA.2_0.03_abundance_0.1,T7490C;G7650A,ORF1a:C2409R;ORF1a:S2462N,42,1069,0.039289055191768,0,
1012026,BA.2_0.03_abundance_0.1,G8083A;A8310G,ORF1a:M2606I;ORF1a:N2682S,8,35,0.2285714285714285,1,B.1.2:1
1012026,BA.2_0.03_abundance_0.1,T8644G;C8922T,ORF1a:V2793V;ORF1a:P2886L,7,531,0.0131826741996233,0,
1012026,BA.2_0.03_abundance_0.1,C9344T;A9424G;C9442A;C9534T,ORF1a:L3027F;ORF1a:V3053V;ORF1a:C3059*;ORF1a:T3090I,26,126,0.2063492063492063,0,
1012026,BA.2_0.03_abundance_0.1,C10449A;T10484C;G10499T,ORF1a:P3395H;ORF1a:S3407P;ORF1a:G3412C,33,1706,0.0193434935521688,0,
1012026,BA.2_0.03_abundance_0.1,C10449A;T10484C,ORF1a:P3395H;ORF1a:S3407P,425,1706,0.2491207502930832,0,
1012026,BA.2_0.03_abundance_0.1,C10449A;G10499T,ORF1a:P3395H;ORF1a:G3412C,60,1706,0.0351699882766705,1,BA.5.2.9:1
1012026,BA.2_0.03_abundance_0.1,T11988G;G11990T,ORF1a:F3908C;ORF1a:E3909*,237,3127,0.0757914934441957,0,
1012026,BA.2_0.03_abundance_0.1,A15596C;C15714T,ORF1b:Y710S;ORF1b:L749L,334,2256,0.1480496453900709,1,BA.2.3.1:1
1012026,BA.2_0.03_abundance_0.1,C17213A;C17410T,ORF1b:P1249H;ORF1b:R1315C,76,2091,0.0363462458153993,1,BA.2:1
1012026,BA.2_0.03_abundance_0.1,T21775G;G21987A,S:S71S;S:G142D,363,3193,0.1136861885374256,71,BA.5.1:13;AY.25:10;AY.4:6;BA.2:19;BA.5:1;BA.2.9:12;AY.103:1;AY.6:2;BA.4.1:3;AY.39:1;AY.101:1;BA.5.1.1:1;AY.85:1
1012026,BA.2_0.03_abundance_0.1,T22074C;T22200G,S:V171A;S:V213G,102,531,0.192090395480226,31,BA.2:3;BA.5.6:5;BE.1:1;BA.5.2.1:5;BA.2.75:2;BA.5.3.1:2;BA.5.5:1;BA.2.12.1:3;BA.5.2:7;BE.1.1:1;BA.4.1:1
1012026,BA.2_0.03_abundance_0.1,T22662A;C22674T;T22679C;C22686T;A22688G;G22775A;G22813T,S:V367D;S:S371F;S:S373P;S:S375F;S:T376A;S:D405N;S:K417N,33,368,0.0896739130434782,0,
1012026,BA.2_0.03_abundance_0.1,T23227G;A23403G,S:S555S;S:D614G,321,2806,0.1143977191732002,225,AY.122.6:4;B.1.1.7:190;BA.1.15:3;P.1:1;BA.2.12.1:1;B.1.617.1:1;BA.1.1:1;BA.2.38:1;BA.2:2;B.1.221:6;BA.5.2.1:2;AY.4:3;B.1.1.258:1;BA.1.1.2:6;BA.1:1;BA.1.17.2:1;B.1.526:1
1012026,BA.2_0.03_abundance_0.1,T23227G;G23345A;A23403G,S:S555S;S:V595I;S:D614G,61,2806,0.0217391304347826,0,
1012026,BA.2_0.03_abundance_0.1,T23227G;A23299G;A23403G,S:S555S;S:P579P;S:D614G,62,2806,0.022095509622238,0,
1012026,BA.2_0.03_abundance_0.1,T23257G;G23345A;A23403G,S:F565L;S:V595I;S:D614G,31,2806,0.011047754811119,0,
1012026,BA.2_0.03_abundance_0.1,T23257G;A23403G,S:F565L;S:D614G,105,2806,0.0374198146828225,15,BA.2.12.1:1;AY.44:1;BA.1.17.2:4;BA.5.2.1:1;BA.1.1.18:1;B.1.1.7:2;AY.25.1:1;BF.26:1;AY.39.1:1;AY.29:1;AY.122:1
1012026,BA.2_0.03_abundance_0.1,A23299G;G23345A;A23403G,S:P579P;S:V595I;S:D614G,52,2806,0.0185317177476835,0,
1012026,BA.2_0.03_abundance_0.1,G23345A;A23403G,S:V595I;S:D614G,317,2806,0.1129722024233784,808,BA.5.1:19;AY.20:2;C.37:17;AY.103:36;AY.121:6;BA.2.75:1;AY.4.5:3;BA.5.5:4;AY.100:11;AY.29:47;AY.4:346;AY.25:10;B.1.1.7:64;B.1.609:15;B.1:2;BA.2:22;AY.98:1;AY.4.2:8;BA.1:6;BA.2.8:2;B.1.2:12;BA.5.2.1:7;BE.1.1:1;BA.5.2:3;BN.1.3.1:1;BF.10:3;AY.30:1;B.1.617.2:18;AY.102:4;B.1.1.519:1;AY.122:2;BA.1.1:8;BC.1:5;AY.99.2:6;AY.34:31;AY.5:6;BA.5.1.27:3;B.1.1.46:1;BA.5.1.23:3;AY.44:4;BA.1.1.1:3;BQ.1.1:1;B.1.36:3;AY.75:8;AY.113:10;BA.1.15:3;AY.43:1;BA.2.77:1;BA.2.5:2;BA.4.6:2;AY.101:2;BA.2.3:1;BE.1:2;AY.3.1:1;BE.1.1.2:1;BA.2.12.1:3;BF.7.5:1;AY.109:1;AY.1:2;AY.4.2.2:1;BA.2.40.1:2;AY.25.1:1;BA.1.17.2:2;BA.2.9:1;B.1.351:1;BA.5.9:1;BA.2.36:1;BA.5.6:1;AY.3:2;P.1.2:2;BA.5.2.12:1;XB:1;AY.70:1
1012026,BA.2_0.03_abundance_0.1,G24434C;T24469A,S:A958P;S:N969K,17,323,0.0526315789473684,0,
1012026,BA.2_0.03_abundance_0.1,G25124T;T25272A,S:E1188*;S:M1237K,7,371,0.0188679245283018,0,
1012026,BA.2_0.03_abundance_0.1,T25404A;C25584T,ORF3a:F4L;ORF3a:T64T,57,941,0.0605738575982996,0,
1012026,BA.2_0.03_abundance_0.1,C26270T;C26388A,E:T9I;E:N48K,30,1071,0.0280112044817927,3,BA.1.17.2:1;BA.5.2.1:2
1012026,BA.2_0.03_abundance_0.1,C26577G;G26709A;A26786C;C26858T,M:Q19E;M:A63T;M:V88V;M:F112F,1523,3356,0.4538140643623361,4,BA.2.12.1:1;BA.2:1;BA.4.1:2
1012026,BA.2_0.03_abundance_0.1,C26577G;G26709A;A26786C,M:Q19E;M:A63T;M:V88V,93,3536,0.0263009049773755,9,BA.2.12.1:1;BA.1.1:3;BA.2:1;BA.4.1:2;BA.1:1;BA.1.18:1
1012026,BA.2_0.03_abundance_0.1,A27259C;G27382C;A27383T;T27384C;T27407A,ORF6:R20R;ORF6:D61H;ORF6:D61V;ORF6:D61D;ORF7a:L5H,71,1343,0.0528667163067758,12,BA.2.75:1;BA.4.1:7;BA.4:1;BA.2.12.1:1;BA.2.9:1;BA.2.3.6:1
1012026,BA.2_0.03_abundance_0.1,C28311T;G28436C,N:P13L;N:A55P,17,68,0.25,388,BE.1:2;BK.1:1;BA.5.3.1:1;BA.2.75:3;BE.8:1;CK.1:3;BA.2.36:54;BA.2:230;BA.5.1.20:1;DF.1:1;BA.5.1:1;BA.5.5:8;BA.1.1.14:3;BA.1.1:23;BE.1.4:1;BA.5.2.26:1;BA.2.12.1:7;BA.1.15:2;BE.1.1:4;BA.1.1.1:4;BA.1.1.2:4;BA.4.6:4;BA.1.17.2:3;BA.5.1.30:1;BA.5.2.28:1;BA.5.2:5;BA.2.18:1;BA.2.56:2;BA.5.2.21:1;BQ.1.1.8:1;BA.2.76:1;BA.2.23:2;BF.26:1;BA.1.1.18:5;BA.5.2.1:1;BA.1.17:2;BA.2.9:2
1012026,BA.2_0.03_abundance_0.1,G28436C;A28731G,N:A55P;N:N153S,5,124,0.0403225806451612,0,
1012026,BA.2_0.03_abundance_0.1,A28731G;G28881A;G28882A;G28883C,N:N153S;N:R203K;N:R203R;N:G204R,8,114,0.0701754385964912,2,B.1.1.7:2
1012026,BA.2_0.03_abundance_0.1,T29480G;A29510C,N:F403V;N:S413R,60,679,0.0883652430044182,0,
1012026,BA.2_0.03_abundance_0.1,T29480G;A29510C;C29592A,N:F403V;N:S413R;ORF10:T12K,7,632,0.0110759493670886,0,
1012026,BA.2_0.03_abundance_0.1,A29510C;C29592A,N:S413R;ORF10:T12K,59,632,0.0933544303797468,13,BA.2.12.1:4;BA.5.2.3:6;BA.5.2.6:1;BA.2.10:1;BA.5.1:1
1082026,BA.2_0.03_abundance_0.1,T670G;G765C,ORF1a:S135R;ORF1a:S167T,109,266,0.4097744360902255,0,
1082026,BA.2_0.03_abundance_0.1,A1608C;T1813A,ORF1a:D448A;ORF1a:A516A,13,854,0.0152224824355971,0,
1082026,BA.2_0.03_abundance_0.1,G2286T;G2547C,ORF1a:S674I;ORF1a:G761A,28,320,0.0875,0,
1082026,BA.2_0.03_abundance_0.1,C3857A;G3890A,ORF1a:Q1198K;ORF1a:E1209K,44,1512,0.0291005291005291,0,
1082026,BA.2_0.03_abundance_0.1,G4184A;C4321T;G4409A,ORF1a:G1307S;ORF1a:A1352A;ORF1a:A1382T,134,431,0.3109048723897912,14,BF.5:3;BA.2:6;BA.2.12.1:1;BA.4:1;BA.5:1;BA.5.1:1;BA.2.9:1
1082026,BA.2_0.03_abundance_0.1,G5690A;A5783T,ORF1a:A1809T;ORF1a:T1840S,433,705,0.6141843971631206,0,
1082026,BA.2_0.03_abundance_0.1,A8307G;A8440C,ORF1a:E2681G;ORF1a:L2725L,10,46,0.217391304347826,0,
1082026,BA.2_0.03_abundance_0.1,T9265C;C9344T;A9424G;C9534T,ORF1a:T3000T;ORF1a:L3027F;ORF1a:V3053V;ORF1a:T3090I,14,327,0.0428134556574923,60,BA.5.2.1:2;BF.7:30;BF.5:2;BE.1.3:7;BA.5.1:2;BA.4.6:3;BF.21:4;BA.4:1;BA.2.29:2;BA.5.2.6:1;BA.2:2;BA.5.2:2;BA.2.12.1:2
1082026,BA.2_0.03_abundance_0.1,C9534T;G9575A,ORF1a:T3090I;ORF1a:V3104I,200,1435,0.1393728222996515,78,BA.5.2:5;BA.5.1:2;BA.2.75:1;BQ.1.1.4:3;BA.2:39;BA.2.65:3;BQ.1.1:1;BA.2.36:1;BA.2.3:3;BA.4.1:4;BA.2.3.15:1;BE.1:1;BA.5.2.1:3;BA.5.1.30:1;BA.5.5:2;BA.5.6:1;BF.10:2;BA.2.40.1:1;BA.2.9:1;BA.5.2.16:1;BA.2.76:1;BA.3:1
1082026,BA.2_0.03_abundance_0.1,G10447A;C10449A;A10646G,ORF1a:R3394R;ORF1a:P3395H;ORF1a:T3461A,97,310,0.3129032258064516,53,BA.5.2.1:7;BA.2.75:4;BA.2:6;BA.2.9:2;BA.2.1:1;BA.5.2:1;BA.4.1.1:1;BA.5:1;BA.4.6:5;BA.5.1:12;BE.2:1;BA.2.12.1:6;BA.2.10:3;BA.5.2.35:1;BA.2.9.5:1;BA.5.1.23:1
1082026,BA.2_0.03_abundance_0.1,A11384G;T11484A,ORF1a:R3707G;ORF1a:V3740D,42,1821,0.0230642504118616,0,
1082026,BA.2_0.03_abundance_0.1,C12880T;G13025T,ORF1a:I4205I;ORF1a:A4254S,15,210,0.0714285714285714,23,BA.2.3.17:8;BF.13:3;BA.2:4;BA.2.38:1;BA.5.2:2;BA.5.5:3;BA.2.10:2
1082026,BA.2_0.03_abundance_0.1,C14408T;T14416G,ORF1b:P314L;ORF1b:F317V,191,588,0.3248299319727891,1,B.1.1.216:1
1082026,BA.2_0.03_abundance_0.1,A15027G;T15065G,ORF1b:A520A;ORF1b:M533R,16,931,0.0171858216970998,0,
1082026,BA.2_0.03_abundance_0.1,A17168C;C17410T,ORF1b:H1234P;ORF1b:R1315C,189,2578,0.0733126454615981,0,
1082026,BA.2_0.03_abundance_0.1,A17168C;A17360C;C17410T,ORF1b:H1234P;ORF1b:E1298A;ORF1b:R1315C,38,2578,0.0147401086113266,0,
1082026,BA.2_0.03_abundance_0.1,A17360C;C17410T,ORF1b:E1298A;ORF1b:R1315C,406,2579,0.1574253586661496,0,
1082026,BA.2_0.03_abundance_0.1,C17410T;G17534C;T17610G,ORF1b:R1315C;ORF1b:G1356A;ORF1b:D1381E,45,268,0.167910447761194,0,
1082026,BA.2_0.03_abundance_0.1,C17410T;T17610G,ORF1b:R1315C;ORF1b:D1381E,67,268,0.25,3,BA.2.75:3
1082026,BA.2_0.03_abundance_0.1,C17410T;G17534C,ORF1b:R1315C;ORF1b:G1356A,59,268,0.2201492537313432,4,BA.2:4
1082026,BA.2_0.03_abundance_0.1,C17410T;G17534C;T17610G;T17688A,ORF1b:R1315C;ORF1b:G1356A;ORF1b:D1381E;ORF1b:V1407V,5,251,0.0199203187250996,0,
1082026,BA.2_0.03_abundance_0.1,C17507T;T17610G,ORF1b:S1347L;ORF1b:D1381E,24,2130,0.0112676056338028,0,
1082026,BA.2_0.03_abundance_0.1,G17534C;T17610G,ORF1b:G1356A;ORF1b:D1381E,388,2131,0.1820741435945565,0,
1082026,BA.2_0.03_abundance_0.1,G17534C;T17688A,ORF1b:G1356A;ORF1b:V1407V,21,1979,0.0106114199090449,0,
1082026,BA.2_0.03_abundance_0.1,T20982A;T20989G;C21020G,ORF1b:D2505E;ORF1b:L2508V;ORF1b:A2518G,18,1294,0.0139103554868624,0,
1082026,BA.2_0.03_abundance_0.1,T20989G;C21020G,ORF1b:L2508V;ORF1b:A2518G,410,1294,0.3168469860896445,0,
1082026,BA.2_0.03_abundance_0.1,T20989G;T21126G,ORF1b:L2508V;ORF1b:F2553L,14,838,0.0167064439140811,0,
1082026,BA.2_0.03_abundance_0.1,T20989G;C21020G;T21126G,ORF1b:L2508V;ORF1b:A2518G;ORF1b:F2553L,30,838,0.035799522673031,0,
1082026,BA.2_0.03_abundance_0.1,C21020G;T21126G,ORF1b:A2518G;ORF1b:F2553L,19,838,0.0226730310262529,0,
1082026,BA.2_0.03_abundance_0.1,A22546G;G22578A;C22674T;T22679C;C22686T;A22688G;G22775A;A22786C;G22813T,S:R328R;S:G339D;S:S371F;S:S373P;S:S375F;S:T376A;S:D405N;S:R408S;S:K417N,13,108,0.1203703703703703,177,BA.4.6:63;BA.2.3:1;BF.10:13;BA.2.10.1:1;BA.2:44;BA.5.2:19;BA.4.6.5:1;BA.5.2.1:8;BA.2.24:1;BA.5.2.13:2;BA.2.10:2;XBB.1:3;BF.11:2;BA.2.68:2;BA.5.5:2;BA.4.1:1;CH.1.1:1;BA.5:1;BA.5.2.6:2;BA.5.1:3;BE.1:1;BA.5.1.22:2;BA.2.49:1;BQ.1.26:1
1082026,BA.2_0.03_abundance_0.1,G22578A;C22674T;T22679C;C22686T;A22688G;G22775A;T22782G;A22786C;G22813T,S:G339D;S:S371F;S:S373P;S:S375F;S:T376A;S:D405N;S:V407G;S:R408S;S:K417N,96,860,0.1116279069767441,0,
1082026,BA.2_0.03_abundance_0.1,A24345G;A24424T,S:N928S;S:Q954H,65,291,0.2233676975945017,1,BA.5.2:1
1082026,BA.2_0.03_abundance_0.1,A24424T;A24594G,S:Q954H;S:Q1011R,6,274,0.0218978102189781,0,
1082026,BA.2_0.03_abundance_0.1,T25257C;T25283G,S:I1232T;S:C1241G,337,1477,0.2281651997291807,0,
1082026,BA.2_0.03_abundance_0.1,C25553A;C25584T,ORF3a:A54D;ORF3a:T64T,37,878,0.0421412300683371,42,BA.1.1:8;BA.2:19;BE.1:1;BF.4:6;BA.5.1.8:1;BA.2.12.1:2;BA.5.2.1:3;BA.1.17:1;BA.1.21:1
1082026,BA.2_0.03_abundance_0.1,C26270T;G26458T,E:T9I;E:D72Y,414,1021,0.4054848188050931,95,BA.2.38:1;BA.5.9:1;BA.1.18:2;BA.2.75:5;BA.1.13.1:2;BF.10:2;BA.1.1.1:1;BA.5.2:6;BA.1.1:10;BA.2.9:4;BA.5.1.30:1;BA.2:15;BA.1.1.14:4;BA.5.2.1:8;BA.4:3;CH.1.1:1;BA.1.17.2:3;BA.5.1:2;BM.1.1.3:1;BA.5.1.15:1;BE.1.1:1;BF.7.6:2;BQ.1.1.20:1;BA.2.3.17:1;BA.1.15:4;BF.5:1;XAD:1;BA.1.1.2:1;BF.28:1;BA.1.10:4;BF.1:1;BA.5.2.19:1;BA.5.6:1;BA.5.1.23:1;BA.1.17:1
1082026,BA.2_0.03_abundance_0.1,C26577G;G26709A;C26810G;C26858T,M:Q19E;M:A63T;M:F96L;M:F112F,1193,2236,0.5335420393559929,0,
1082026,BA.2_0.03_abundance_0.1,C26577G;G26709A;T26778A;C26810G;C26858T,M:Q19E;M:A63T;M:C86S;M:F96L;M:F112F,45,2236,0.0201252236135957,0,
1082026,BA.2_0.03_abundance_0.1,C26577G;A26671G;G26709A;C26858T,M:Q19E;M:K50R;M:A63T;M:F112F,59,2236,0.026386404293381,0,
1082026,BA.2_0.03_abundance_0.1,C26577G;A26671G;G26709A;C26810G;C26858T,M:Q19E;M:K50R;M:A63T;M:F96L;M:F112F,78,2236,0.0348837209302325,0,
1082026,BA.2_0.03_abundance_0.1,C26577G;G26709A;C26810G,M:Q19E;M:A63T;M:F96L,92,2358,0.0390161153519932,2,BA.1.18:1;BE.1.1.2:1
1082026,BA.2_0.03_abundance_0.1,C26577G;G26709A;T26778A;C26858T,M:Q19E;M:A63T;M:C86S;M:F112F,25,2236,0.0111806797853309,74,BA.2:70;BA.2.9:2;BA.2.36:1;BA.2.12.1:1
1082026,BA.2_0.03_abundance_0.1,A27259C;A27293C;G27382C;A27383T;T27384C,ORF6:R20R;ORF6:Y31S;ORF6:D61H;ORF6:D61V;ORF6:D61D,987,1797,0.5492487479131887,1,BA.2:1
1082026,BA.2_0.03_abundance_0.1,A27259C;A27293C;G27382C;A27383T;T27384C;T27436A,ORF6:R20R;ORF6:Y31S;ORF6:D61H;ORF6:D61V;ORF6:D61D;ORF7a:C15S,55,1797,0.0306065664997217,0,
1082026,BA.2_0.03_abundance_0.1,A27259C;G27382C;A27383T;T27384C;T27436A,ORF6:R20R;ORF6:D61H;ORF6:D61V;ORF6:D61D;ORF7a:C15S,39,1797,0.021702838063439,5,BA.4.2:1;BA.2:3;BA.2.3:1
1082026,BA.2_0.03_abundance_0.1,A27259C;A27293C,ORF6:R20R;ORF6:Y31S,70,1924,0.0363825363825363,5,BA.2:3;BA.1.1:1;BA.2.12.1:1
1082026,BA.2_0.03_abundance_0.1,T28197G;C28311T,ORF8:C102G;N:P13L,38,1191,0.0319059613769941,1,BA.1:1
1152026,BA.2_0.03_abundance_0.1,G386C;T670G,ORF1a:E41Q;ORF1a:S135R,46,1572,0.0292620865139949,287,BA.2.9:283;BA.2:2;BA.4:1;BQ.1.1:1
1152026,BA.2_0.03_abundance_0.1,G386C;T670G;C678T,ORF1a:E41Q;ORF1a:S135R;ORF1a:A138V,22,1411,0.0155917788802267,0,
1152026,BA.2_0.03_abundance_0.1,C461T;T670G,ORF1a:Q66*;ORF1a:S135R,43,1572,0.02735368956743,0,
1152026,BA.2_0.03_abundance_0.1,C461T;T670G;C678T,ORF1a:Q66*;ORF1a:S135R;ORF1a:A138V,15,1411,0.0106307583274273,0,
1152026,BA.2_0.03_abundance_0.1,A2938T;C3037T;A3060C,ORF1a:T891T;ORF1a:F924F;ORF1a:E932A,79,815,0.0969325153374233,0,
1152026,BA.2_0.03_abundance_0.1,A2938T;C3037T,ORF1a:T891T;ORF1a:F924F,72,815,0.0883435582822085,8,AY.44:1;BA.1.15:1;B.1.1.7:3;BA.2.9:2;B.1.416:1
1152026,BA.2_0.03_abundance_0.1,C3037T;A3060C,ORF1a:F924F;ORF1a:E932A,367,815,0.4503067484662577,63,AY.3:1;BA.5.2:26;B.1.1.7:2;B.1.177:3;AY.103:2;BE.1.1:2;BA.1.20:2;B.1.617.2:1;AY.85:1;BA.2:4;AY.44:1;BA.1.15:1;BA.1.1:1;AY.43:6;BA.1:4;AY.39:1;BA.5.2.34:1;BA.2.32:1;AY.99.2:1;AY.129:1;B.1.128:1
1152026,BA.2_0.03_abundance_0.1,G3851T;A4079C,ORF1a:E1196*;ORF1a:S1272R,6,208,0.0288461538461538,0,
1152026,BA.2_0.03_abundance_0.1,G3851T;A4103G,ORF1a:E1196*;ORF1a:K1280E,20,206,0.0970873786407767,0,
1152026,BA.2_0.03_abundance_0.1,A4079C;A4103G,ORF1a:S1272R;ORF1a:K1280E,12,215,0.055813953488372,0,
1152026,BA.2_0.03_abundance_0.1,C6701A;T6780A,ORF1a:L2146I;ORF1a:F2172Y,21,406,0.0517241379310344,0,
1152026,BA.2_0.03_abundance_0.1,A9284G;C9344T;A9424G;C9534T,ORF1a:N3007D;ORF1a:L3027F;ORF1a:V3053V;ORF1a:T3090I,55,163,0.3374233128834356,2,BA.2.54:1;BA.2.17:1
1152026,BA.2_0.03_abundance_0.1,A9284G;C9344T;T9376C;A9424G,ORF1a:N3007D;ORF1a:L3027F;ORF1a:P3037P;ORF1a:V3053V,9,196,0.0459183673469387,0,
1152026,BA.2_0.03_abundance_0.1,A9284G;C9344T;A9424G,ORF1a:N3007D;ORF1a:L3027F;ORF1a:V3053V,5,196,0.0255102040816326,2,BA.2.54:1;BA.2.17:1
1152026,BA.2_0.03_abundance_0.1,A9284G;C9344T;T9376C;A9424G;C9534T,ORF1a:N3007D;ORF1a:L3027F;ORF1a:P3037P;ORF1a:V3053V;ORF1a:T3090I,35,163,0.2147239263803681,0,
1152026,BA.2_0.03_abundance_0.1,C9344T;T9376C;A9424G;C9534T,ORF1a:L3027F;ORF1a:P3037P;ORF1a:V3053V;ORF1a:T3090I,24,163,0.147239263803681,62,BA.4.2:6;BA.5.2.1:5;BA.4.4:8;BA.2.42:1;BA.2.9:3;BA.2.3:6;BA.2.75:1;BA.2:5;BA.5.1:1;BA.5.2:10;BA.4.1:11;BQ.1.1:1;BF.7.4:1;BA.5.1.18:1;BA.5.1.10:1;BF.10:1
1152026,BA.2_0.03_abundance_0.1,C9344T;T9376C;A9424G,ORF1a:L3027F;ORF1a:P3037P;ORF1a:V3053V,12,196,0.0612244897959183,63,BA.4.2:6;BA.5.2.1:5;BA.2:6;BA.4.4:8;BA.2.42:1;BA.2.9:3;BA.2.3:6;BA.2.75:1;BA.5.1:1;BA.5.2:10;BA.4.1:11;BQ.1.1:1;BF.7.4:1;BA.5.1.18:1;BA.5.1.10:1;BF.10:1
1152026,BA.2_0.03_abundance_0.1,C9534T;T9772G,ORF1a:T3090I;ORF1a:G3169G,34,809,0.042027194066749,2,BA.2.75:1;BA.5.2:1
1152026,BA.2_0.03_abundance_0.1,G10447A;T10553G,ORF1a:R3394R;ORF1a:L3430V,15,33,0.4545454545454545,0,
1152026,BA.2_0.03_abundance_0.1,G12522A;A12526C,ORF1a:G4086D;ORF1a:T4087T,154,3091,0.0498220640569395,0,
1152026,BA.2_0.03_abundance_0.1,G12522A;A12627C,ORF1a:G4086D;ORF1a:N4121T,53,3091,0.0171465545131025,0,
1152026,BA.2_0.03_abundance_0.1,A12526C;A12627C,ORF1a:T4087T;ORF1a:N4121T,41,3091,0.0132643157554189,0,
1152026,BA.2_0.03_abundance_0.1,A12792C;C12880T,ORF1a:K4176T;ORF1a:I4205I,15,651,0.0230414746543778,27,BA.5.1:8;BA.2.9:15;BA.2.9.5:1;BF.21:1;BF.10:1;BA.5.2:1
1152026,BA.2_0.03_abundance_0.1,A12792C;C12880T;A12914C,ORF1a:K4176T;ORF1a:I4205I;ORF1a:T4217P,20,651,0.0307219662058371,0,
1152026,BA.2_0.03_abundance_0.1,C12880T;A12914C,ORF1a:I4205I;ORF1a:T4217P,231,653,0.3537519142419602,0,
1152026,BA.2_0.03_abundance_0.1,C14408T;A14549C,ORF1b:P314L;ORF1b:E361A,69,618,0.1116504854368932,35,BA.2:1;AY.44:2;AY.131:1;AY.25.1:21;B.1.177:1;B.1.1.7:5;AY.4:1;B.1:1;BA.2.3:1;BF.5:1
1152026,BA.2_0.03_abundance_0.1,T16820C;A16947C,ORF1b:I1118T;ORF1b:A1160A,53,1812,0.0292494481236203,0,
1152026,BA.2_0.03_abundance_0.1,T16820C;T17070C,ORF1b:I1118T;ORF1b:S1201S,76,1696,0.0448113207547169,2,AY.118:2
1152026,BA.2_0.03_abundance_0.1,A16947C;T17070C,ORF1b:A1160A;ORF1b:S1201S,20,1697,0.0117855038302887,0,
1152026,BA.2_0.03_abundance_0.1,G17261C;A17398G,ORF1b:C1265S;ORF1b:N1311D,114,3884,0.029351184346035,0,
1152026,BA.2_0.03_abundance_0.1,G17261C;C17410T,ORF1b:C1265S;ORF1b:R1315C,922,2744,0.3360058309037901,0,
1152026,BA.2_0.03_abundance_0.1,G17261C;A17398G;C17410T,ORF1b:C1265S;ORF1b:N1311D;ORF1b:R1315C,220,2744,0.0801749271137026,0,
1152026,BA.2_0.03_abundance_0.1,A17398G;C17410T,ORF1b:N1311D;ORF1b:R1315C,333,2745,0.121311475409836,1,BA.2.72:1
1152026,BA.2_0.03_abundance_0.1,C17410T;T17522G,ORF1b:R1315C;ORF1b:M1352R,77,236,0.326271186440678,0,
1152026,BA.2_0.03_abundance_0.1,G17797T;T17857G,ORF1b:V1444L;ORF1b:Y1464D,21,274,0.0766423357664233,0,
1152026,BA.2_0.03_abundance_0.1,C18101T;A18163G,ORF1b:T1545I;ORF1b:I1566V,40,285,0.1403508771929824,4,BA.1.13.1:1;BA.2.79:1;BQ.1.15:1;BA.2.12.1:1
1152026,BA.2_0.03_abundance_0.1,A18977T;A19077C,ORF1b:Q1837L;ORF1b:V1870V,89,643,0.1384136858475894,0,
1152026,BA.2_0.03_abundance_0.1,T23338G;A23403G,S:F592L;S:D614G,373,2577,0.1447419480015521,5,B.1.362:1;BE.1:1;AY.44:1;AY.122.5:1;BE.3:1
1152026,BA.2_0.03_abundance_0.1,C23525T;T23599G;C23604A;G23628C,S:H655Y;S:N679K;S:P681H;S:S689T,165,379,0.4353562005277044,46,BA.1.1:22;BA.2:3;BA.1.17.2:2;BA.5.3.1:1;XBB.1.5:2;BA.1.1.18:1;BA.5.2:8;BA.1.15:1;BE.1:2;BA.5.2.1:1;BA.2.74:1;BH.1:1;BA.2.9:1
1152026,BA.2_0.03_abundance_0.1,A24424T;C24704T,S:Q954H;S:H1048Y,19,231,0.0822510822510822,8,BA.1:1;BA.2:3;BA.5.2.1:1;BA.5.2:1;BA.5.2.27:1;BA.1.1:1
1152026,BA.2_0.03_abundance_0.1,A24853T;C25000T,S:S1097S;S:D1146D,98,1527,0.0641781270464963,56,BA.1.1:21;BF.5:1;BA.2:2;XM:3;BF.21:3;BA.2.18:14;BA.5.1:2;BA.5.2.34:6;BA.2.9:1;BA.1.17:1;BA.5.2:1;BA.5.2.1:1
1152026,BA.2_0.03_abundance_0.1,A25974T;C26270T,ORF3a:E194D;E:T9I,60,224,0.2678571428571428,16,BA.5.1:1;BA.1:4;BA.5.2.20:7;BE.1.1:1;BA.5.2.1:1;BA.5.2:1;BA.1.17:1
1152026,BA.2_0.03_abundance_0.1,G26709A;A26738T;C26858T,M:A63T;M:R72S;M:F112F,956,1351,0.7076239822353811,1,BA.2:1
1152026,BA.2_0.03_abundance_0.1,G26709A;A26738T,M:A63T;M:R72S,149,1534,0.0971316818774445,1,BA.2:1
1152026,BA.2_0.03_abundance_0.1,A27259C;T27374G;A27383T;T27384C,ORF6:R20R;ORF6:M58R;ORF6:D61V;ORF6:D61D,249,2633,0.0945689327763008,2,XBB.1:1;BA.2.3:1
1152026,BA.2_0.03_abundance_0.1,A27831T;C27937T,ORF7b:I26F;ORF8:A15V,93,428,0.2172897196261682,0,
1152026,BA.2_0.03_abundance_0.1,G28286C;C28311T,N:G5R;N:P13L,103,3588,0.0287068004459308,35,BA.2:8;BA.2.3.20:1;BA.1.1:4;BA.1.15:13;BA.1.1.1:1;BA.2.3:6;BA.5.1.27:1;BA.1.21:1
1152026,BA.2_0.03_abundance_0.1,G28286C;C28298T;C28311T,N:G5R;N:Q9*;N:P13L,48,3588,0.0133779264214046,0,
1152026,BA.2_0.03_abundance_0.1,C28298T;C28311T,N:Q9*;N:P13L,1144,3588,0.3188405797101449,4,BA.2.44:1;BA.1.15:1;BA.1.1:2
1152026,BA.2_0.03_abundance_0.1,G29017T;C29167A,N:K248N;N:Y298*,19,317,0.0599369085173501,0,
1222026,BA.2_0.03_abundance_0.1,C482G;T670G,ORF1a:R73G;ORF1a:S135R,396,5367,0.0737842370039128,1,BE.1.1:1
1222026,BA.2_0.03_abundance_0.1,A513G;T670G,ORF1a:H83R;ORF1a:S135R,114,5367,0.0212409167132476,220,BA.2.3.13:1;BA.5.1:10;BA.5.5:41;BA.2.3.11:6;BA.5.2:25;BA.4.6.5:4;BA.5.2.1:12;BA.5.1.24:1;BA.2:71;BQ.1.1.22:3;BF.7:7;BA.2.31:2;XBB.1:1;BE.1:3;BA.2.9:3;BA.2.12.1:6;BA.2.3:4;BA.2.76:1;BQ.1:3;BA.5.2.20:1;BA.5.1.1:1;BQ.1.1:1;BF.10:1;BA.2.75:1;BA.4.6:1;BA.4.1:2;BA.2.10.2:1;BQ.1.1.15:1;XBB:1;BQ.1.14:1;BA.2.10:2;BA.5.1.22:1;BA.2.10.1:1
1222026,BA.2_0.03_abundance_0.1,C3037T;T3100C,ORF1a:F924F;ORF1a:T945T,101,248,0.407258064516129,985,AY.103:5;B.1.619:11;AY.26:25;BA.2.52:5;BF.5:230;BA.5.2:230;B.1.1.7:319;AY.126:1;AY.4.2.1:7;AY.3:6;AY.121:2;BA.2:22;B.1.2:4;BQ.1.1.4:3;BA.5.2.1:5;AY.122:5;AY.4:3;BA.1.1:2;AY.100:1;BA.1.1.1:3;BA.2.9:2;BA.1.13:4;P.1.15:2;Q.2:1;BA.5.1.30:1;AY.5:1;XG:2;BA.1:2;BA.2.37:4;AY.99.2:3;B.1.177.12:28;AY.9.2:6;BF.25:1;BA.5.1.10:1;BA.5.3.4:3;B.1.243:2;AY.113:1;AY.7:5;BQ.1.1:1;AY.25:1;BA.1.17.2:2;B.1.351:1;AY.119:1;B.1.377:1;AY.120:1;AY.23:3;AY.4.2:1;AY.29:3;BE.1.1:1;AY.42:1;BA.2.12.1:1;C.37:1;B.1.427:1;AY.34.1:1;BQ.1.23:1;C.36.3:1;BA.4:3;AY.44:1
1222026,BA.2_0.03_abundance_0.1,T4741G;C4940T,ORF1a:S1492S;ORF1a:L1559F,84,235,0.3574468085106383,0,
1222026,BA.2_0.03_abundance_0.1,A8081G;G8114T,ORF1a:M2606V;ORF1a:E2617*,28,2264,0.0123674911660777,0,
1222026,BA.2_0.03_abundance_0.1,G8834A;C8888G,ORF1a:V2857I;ORF1a:R2875G,8,717,0.0111576011157601,0,
1222026,BA.2_0.03_abundance_0.1,C9344T;C9411A;A9424G;C9534T,ORF1a:L3027F;ORF1a:A3049D;ORF1a:V3053V;ORF1a:T3090I,72,427,0.1686182669789227,2,BA.5.2:1;BA.2:1
1222026,BA.2_0.03_abundance_0.1,C9344T;C9411A;A9424G,ORF1a:L3027F;ORF1a:A3049D;ORF1a:V3053V,27,524,0.0515267175572519,2,BA.5.2:1;BA.2:1
1222026,BA.2_0.03_abundance_0.1,C10029T;T10093A;C9886G,ORF1a:T3255I;ORF1a:V3276V;ORF1a:Y3207*,16,204,0.0784313725490196,0,
1222026,BA.2_0.03_abundance_0.1,C10029T;C9886G,ORF1a:T3255I;ORF1a:Y3207*,14,204,0.0686274509803921,0,
1222026,BA.2_0.03_abundance_0.1,C10029T;T10093A,ORF1a:T3255I;ORF1a:V3276V,77,204,0.3774509803921568,379,BE.3:1;BQ.1.3:2;BA.1.18:1;BA.5.2.25:19;AY.103:2;AY.5:6;BA.1.1.18:8;BA.1.1:44;BA.5:5;BA.5.1:16;BA.2.3:4;BQ.1.8:2;BA.2.38:1;BA.2:27;BQ.1.1.1:1;BA.5.2:21;BA.5.2.1:12;AY.43:26;BQ.1:13;BA.1.1.14:32;AY.4:14;BA.2.9:9;BA.1.20:1;AY.122:2;BA.4.6:5;AY.6:5;BQ.1.1.21:1;BA.2.12.1:12;AY.46.6:2;BA.2.75:1;BA.5.2.27:1;BA.1.15:4;BA.1:14;BA.5.1.30:9;BA.1.17.2:3;BA.5.2.22:1;BE.1.1:6;B.1.1.519:2;BA.5.2.44:11;BA.1.1.10:1;BF.7.4:4;B.1.617.2:7;BF.18:1;AY.125:1;AY.100:5;BA.4:1;BA.5.2.9:1;AY.23:1;BA.1.1.2:1;BA.2.75.3:1;BF.10:1;BA.5.9:1;BE.1:1;CH.1.1:1;BA.5.5:1;AY.44:2;AY.4.2:1;BA.1.1.15:1
1222026,BA.2_0.03_abundance_0.1,G11831T;G11842T,ORF1a:A3856S;ORF1a:Q3859H,12,114,0.1052631578947368,0,
1222026,BA.2_0.03_abundance_0.1,A12562C;C12638A,ORF1a:Q4099H;ORF1a:P4125T,346,2917,0.1186150154268083,0,
1222026,BA.2_0.03_abundance_0.1,T12842G;C12880T,ORF1a:W4193G;ORF1a:I4205I,57,1219,0.0467596390484003,2,BA.5.2.1:2
1222026,BA.2_0.03_abundance_0.1,C14408T;A14410T,ORF1b:P314L;ORF1b:T315S,164,551,0.2976406533575317,0,
1222026,BA.2_0.03_abundance_0.1,C14408T;G14566T,ORF1b:P314L;ORF1b:A367S,31,90,0.3444444444444444,13,AY.20:1;AY.39.1:1;AY.112:1;AY.91:1;AY.4:2;AY.29.2:3;AY.44:2;B.1.177:1;B.1:1
1222026,BA.2_0.03_abundance_0.1,C14408T;A14410T;G14566T,ORF1b:P314L;ORF1b:T315S;ORF1b:A367S,17,90,0.1888888888888888,0,
1222026,BA.2_0.03_abundance_0.1,A14617G;T14723A,ORF1b:T384A;ORF1b:F419Y,180,1964,0.0916496945010183,0,
1222026,BA.2_0.03_abundance_0.1,T15297C;C15381A,ORF1b:Y610Y;ORF1b:S638R,252,1902,0.1324921135646687,0,
1222026,BA.2_0.03_abundance_0.1,C15714T;T15728C,ORF1b:L749L;ORF1b:V754A,87,907,0.0959206174200661,13,BA.5.1:2;BE.1.1:10;BF.7:1
1222026,BA.2_0.03_abundance_0.1,T16835A;T17034G,ORF1b:F1123Y;ORF1b:V1189V,33,1643,0.0200852099817407,0,
1222026,BA.2_0.03_abundance_0.1,T17034G;A17071T,ORF1b:V1189V;ORF1b:T1202S,89,1643,0.0541692026780279,0,
1222026,BA.2_0.03_abundance_0.1,C17296A;C17410T,ORF1b:Q1277K;ORF1b:R1315C,984,2445,0.4024539877300613,6,BA.2:1;BF.4:2;BA.2.3:1;BF.7.11:1;BA.5.1:1
1222026,BA.2_0.03_abundance_0.1,T17778C;G17833T,ORF1b:P1437P;ORF1b:V1456F,14,1263,0.0110847189231987,0,
1222026,BA.2_0.03_abundance_0.1,G17833T;A17937T,ORF1b:V1456F;ORF1b:R1490S,14,1189,0.0117746005046257,0,
1222026,BA.2_0.03_abundance_0.1,C18107G;A18163G,ORF1b:A1547G;ORF1b:I1566V,18,308,0.0584415584415584,3,BA.5.1:1;BA.1.1:2
1222026,BA.2_0.03_abundance_0.1,A18163G;T18218A,ORF1b:I1566V;ORF1b:F1584Y,12,287,0.0418118466898954,1,BA.1:1
1222026,BA.2_0.03_abundance_0.1,G20670C;C20740A,ORF1b:A2401A;ORF1b:Q2425K,91,1752,0.0519406392694063,0,
1222026,BA.2_0.03_abundance_0.1,T21981C;G21987A,S:F140S;S:G142D,319,1974,0.1616008105369807,28,AY.44:1;AY.5:2;AY.122:1;AY.85:1;AY.39:1;AY.42:1;AY.29:1;BQ.1.1.18:1;AY.29.1:1;AY.4.2:7;BA.1:8;AY.46.6:1;AY.112:1;B.1.617.2:1
1222026,BA.2_0.03_abundance_0.1,A22161G;T22200G,S:Y200C;S:V213G,778,1251,0.6219024780175859,508,BF.5:25;BA.5.2.19:2;BA.5.3.1:4;BA.5.2:44;BA.4.6:6;BQ.1.10:1;BA.5.2.26:1;BF.14:2;BF.9:1;BA.5.2.9:10;BA.2.48:1;BE.1.1:11;BA.5:2;BF.7:13;BA.5.1.1:11;BA.4:3;BA.5.1.27:1;BA.2.12.1:5;BA.2:7;BF.26:10;BA.5.2.1:108;BA.5.2.24:1;BA.5.1.5:9;BA.2.9:2;BA.5.2.6:7;BA.5.1:77;BA.5.2.35:1;BA.5.11:7;BA.5.5:9;BA.5.10:10;BF.10:6;BA.4.1:8;CH.1.1:4;BA.1.1:1;BA.5.1.12:4;BA.5.1.8:1;BQ.1.1.22:1;BQ.1.1.15:1;BA.5.1.2:4;BA.2.75:5;BQ.1.1:3;BF.21:5;BA.5.1.10:1;BA.5.5.1:1;BK.1:2;BA.5.1.30:3;BA.5.1.24:2;BF.7.4:1;BQ.1:1;BF.27:7;BE.3:2;BA.5.1.25:4;BA.5.6:3;BA.5.2.4:1;BF.28:1;BF.7.9:2;BA.4.6.5:1;CQ.2:1;BA.5.1.7:1;BA.5.6.3:1;BE.1:6;BA.5.9:1;BA.5.2.21:2;BQ.1.23:1;BQ.1.1.8:1;BE.1.2:4;BA.5.1.22:2;BA.5.2.3:1;BF.1:1;BA.5.1.3:1;BA.5.1.6:2;BQ.1.12:1;XAZ:1;BA.5.1.23:2;BA.2.3:2;BF.11.1:1;BQ.1.1.3:1;BA.2.74:1;BA.5.2.13:1;BA.2.75.9:1;BA.5.2.27:1;BA.4.1.6:1;BF.11:3;BG.2:1
1222026,BA.2_0.03_abundance_0.1,A22563G;G22578A;C22674T;T22679C;C22686T;A22688G;G22775A;A22786C;G22813T,S:N334S;S:G339D;S:S371F;S:S373P;S:S375F;S:T376A;S:D405N;S:R408S;S:K417N,336,1156,0.2906574394463668,7,BF.5:2;BA.5.1:1;BA.2.9:1;BA.5.2.1:1;BA.2:1;BF.7:1
1222026,BA.2_0.03_abundance_0.1,A22563G;G22578A;A22653T;C22674T;T22679C;C22686T;A22688G;G22775A;A22786C;G22813T,S:N334S;S:G339D;S:D364V;S:S371F;S:S373P;S:S375F;S:T376A;S:D405N;S:R408S;S:K417N,50,1156,0.0432525951557093,0,
1222026,BA.2_0.03_abundance_0.1,A22563G;G22578A;C22674T;T22679C;C22686T;A22688G,S:N334S;S:G339D;S:S371F;S:S373P;S:S375F;S:T376A,32,1262,0.0253565768621236,7,BF.5:2;BA.5.1:1;BA.2.9:1;BA.5.2.1:1;BA.2:1;BF.7:1
1222026,BA.2_0.03_abundance_0.1,G22578A;A22653T;C22674T;T22679C;C22686T;A22688G;G22775A;A22786C;G22813T,S:G339D;S:D364V;S:S371F;S:S373P;S:S375F;S:T376A;S:D405N;S:R408S;S:K417N,93,1160,0.0801724137931034,0,
1222026,BA.2_0.03_abundance_0.1,A23321G;A23403G,S:I587V;S:D614G,1029,1847,0.5571196534921494,111,AY.44:8;BA.2.9.5:1;B.1.617.2:4;B.1.351:22;B.1.1.7:20;BA.2:4;N.9:4;BA.2.75:1;B.1:1;AY.4:33;BA.2.53:2;B.1.234:4;BA.1.17:1;BA.1.1:3;BA.1.17.2:1;BA.1.1.15:1;C.37:1
1222026,BA.2_0.03_abundance_0.1,A24424T;T24469A;A24647G,S:Q954H;S:N969K;S:M1029V,30,129,0.2325581395348837,30,BF.28:2;BA.4.1:3;BA.2.12.1:2;BA.2:5;BA.5.2:1;BA.1.15:2;BA.5.1:2;BA.5.2.1:3;BA.1.18:1;BA.2.76:1;BA.1.1:2;BA.5.2.20:1;BA.2.9:2;BA.1:1;BF.8:1;BF.6:1
1222026,BA.2_0.03_abundance_0.1,T24469A;A24647G,S:N969K;S:M1029V,96,549,0.174863387978142,30,BF.28:2;BA.4.1:3;BA.2.12.1:2;BA.2:5;BA.5.2:1;BA.1.15:2;BA.5.1:2;BA.5.2.1:3;BA.1.18:1;BA.2.76:1;BA.1.1:2;BA.5.2.20:1;BA.2.9:2;BA.1:1;BF.8:1;BF.6:1
1222026,BA.2_0.03_abundance_0.1,T25994A;T26035A;C26270T,ORF3a:V201D;ORF3a:Y215N;E:T9I,8,78,0.1025641025641025,0,
1222026,BA.2_0.03_abundance_0.1,T25994A;C26270T,ORF3a:V201D;E:T9I,7,78,0.0897435897435897,0,
1222026,BA.2_0.03_abundance_0.1,T26035A;C26201T;C26270T,ORF3a:Y215N;ORF3a:T270I;E:T9I,7,78,0.0897435897435897,0,
1222026,BA.2_0.03_abundance_0.1,T26035A;C26270T,ORF3a:Y215N;E:T9I,12,78,0.1538461538461538,1,BA.5.2.1:1
1222026,BA.2_0.03_abundance_0.1,T26035A;C26201T,ORF3a:Y215N;ORF3a:T270I,5,96,0.0520833333333333,0,
1222026,BA.2_0.03_abundance_0.1,C26270T;C26404T,E:T9I;E:P54S,49,111,0.4414414414414414,10,BA.1.15:1;BA.1.15.1:1;BA.5.2.3:1;BA.5.1:1;BF.21:1;BA.5.2.1:1;BA.1.16:1;BA.5.2.12:1;BA.1.17.2:1;BA.2:1
1222026,BA.2_0.03_abundance_0.1,C26270T;C26437G,E:T9I;E:L65V,5,111,0.045045045045045,1,BA.1:1
1222026,BA.2_0.03_abundance_0.1,C26270T;C26404T;C26437G,E:T9I;E:P54S;E:L65V,5,111,0.045045045045045,0,
1222026,BA.2_0.03_abundance_0.1,T27311A;G27382C;A27383T;T27384C,ORF6:I37N;ORF6:D61H;ORF6:D61V;ORF6:D61D,101,1202,0.084026622296173,0,
1222026,BA.2_0.03_abundance_0.1,T27311A;G27382C;A27383T;T27384C;C27454G,ORF6:I37N;ORF6:D61H;ORF6:D61V;ORF6:D61D;ORF7a:Q21E,42,1201,0.0349708576186511,0,
1222026,BA.2_0.03_abundance_0.1,T27311A;G27364A;G27382C;A27383T;T27384C,ORF6:I37N;ORF6:E55K;ORF6:D61H;ORF6:D61V;ORF6:D61D,20,1202,0.016638935108153,0,
1222026,BA.2_0.03_abundance_0.1,G27364A;G27382C;A27383T;T27384C,ORF6:E55K;ORF6:D61H;ORF6:D61V;ORF6:D61D,132,1202,0.1098169717138103,77,XBB:1;BA.2:12;BA.2.9:20;BA.4.1:32;BA.1.1:2;BA.2.65:1;BA.2.34:1;BA.2.3:3;BA.2.12.1:1;BA.2.2:2;BA.4.1.1:1;AY.44:1
1222026,BA.2_0.03_abundance_0.1,G27364A;G27382C;A27383T;T27384C;C27454G,ORF6:E55K;ORF6:D61H;ORF6:D61V;ORF6:D61D;ORF7a:Q21E,33,1201,0.0274771024146544,0,
1222026,BA.2_0.03_abundance_0.1,G27382C;A27383T;T27384C;C27454G,ORF6:D61H;ORF6:D61V;ORF6:D61D;ORF7a:Q21E,171,1201,0.1423813488759367,11,BA.2.38:2;BA.2.10:3;BA.2:4;BA.2.76:1;BA.2.12.1:1
1222026,BA.2_0.03_abundance_0.1,T27971G;T28015A,ORF8:T26T;ORF8:F41Y,30,637,0.0470957613814756,0,
1222026,BA.2_0.03_abundance_0.1,C28311T;A28408T,N:P13L;N:L45F,1178,1574,0.7484116899618806,1,BA.1.1:1
1222026,BA.2_0.03_abundance_0.1,A28815G;G28881A;G28882A;G28883C,N:Q181R;N:R203K;N:R203R;N:G204R,25,58,0.4310344827586206,160,BA.5.1.6:8;BA.1.1:33;BA.2.38:11;BA.2:27;BA.2.75.4:2;BA.1.15:2;BF.7.6:2;BE.1.1:1;BA.5.2.43:1;B.1.1.7:32;B.1.1.368:5;BA.2.33:6;BA.2.12.1:9;BA.5.2:3;BA.2.3:2;BA.5.2.1:1;B.1.1.328:1;B.1.1.519:1;BA.1.1.18:2;BA.1.1.1:1;BA.5.1:1;BA.2.13:1;BA.1:2;BA.5.2.37:1;BA.2.29:1;BF.7.5:1;BA.4.1:1;BE.1.2.1:1;P.1:1
1222026,BA.2_0.03_abundance_0.1,A29209T;A29275G,N:S312S;N:T334T,27,1415,0.0190812720848056,0,
1292026,BA.2_0.03_abundance_0.1,T580G;T670G,ORF1a:G105G;ORF1a:S135R,426,3965,0.1074401008827238,31,BA.5.1:3;BA.5.6:1;BA.5.2:7;BA.2.12.1:3;BF.10:1;BF.21:1;BA.5.2.16:1;BA.5.5:1;BQ.2:1;BA.5.2.1:1;BA.5.1.10:1;BF.8:1;BA.2.13:1;BQ.1.3:1;BA.2:2;BQ.1.1:2;BA.5.2.9:1;BF.26:1;BA.2.3:1
1292026,BA.2_0.03_abundance_0.1,T580G;G602C;T670G,ORF1a:G105G;ORF1a:E113Q;ORF1a:S135R,51,3965,0.0128625472887767,0,
1292026,BA.2_0.03_abundance_0.1,G602C;T670G,ORF1a:E113Q;ORF1a:S135R,324,3968,0.0816532258064516,0,
1292026,BA.2_0.03_abundance_0.1,C2880G;C3037T,ORF1a:A872G;ORF1a:F924F,341,644,0.5295031055900621,1,AY.126:1
1292026,BA.2_0.03_abundance_0.1,G3671A;A3690G,ORF1a:E1136K;ORF1a:E1142G,43,1145,0.0375545851528384,0,
1292026,BA.2_0.03_abundance_0.1,T4437C;T4639G,ORF1a:V1391A;ORF1a:N1458K,19,789,0.0240811153358681,0,
1292026,BA.2_0.03_abundance_0.1,C7844A;G7975A,ORF1a:L2527M;ORF1a:L2570L,5,47,0.1063829787234042,0,
1292026,BA.2_0.03_abundance_0.1,C9534T;G9730C,ORF1a:T3090I;ORF1a:W3155C,553,1338,0.4133034379671151,0,
1292026,BA.2_0.03_abundance_0.1,C12880T;G12962T,ORF1a:I4205I;ORF1a:G4233*,329,741,0.4439946018893387,0,
1292026,BA.2_0.03_abundance_0.1,C12880T;A12968C,ORF1a:I4205I;ORF1a:N4235H,20,741,0.0269905533063427,3,BA.5.2.1:1;BA.2.37:1;BA.2:1
1292026,BA.2_0.03_abundance_0.1,A16493T;A16499C,ORF1b:N1009I;ORF1b:Q1011P,13,215,0.0604651162790697,0,
1292026,BA.2_0.03_abundance_0.1,A16493T;A16499C;G16629C,ORF1b:N1009I;ORF1b:Q1011P;ORF1b:K1054N,19,215,0.0883720930232558,0,
1292026,BA.2_0.03_abundance_0.1,A16499C;G16629C,ORF1b:Q1011P;ORF1b:K1054N,64,215,0.2976744186046511,0,
1292026,BA.2_0.03_abundance_0.1,C16869G;A16962T,ORF1b:Y1134*;ORF1b:P1165P,1067,3528,0.302437641723356,0,
1292026,BA.2_0.03_abundance_0.1,C16869G;A16962T;A17039C,ORF1b:Y1134*;ORF1b:P1165P;ORF1b:N1191T,109,3308,0.0329504232164449,0,
1292026,BA.2_0.03_abundance_0.1,C16869G;A17039C,ORF1b:Y1134*;ORF1b:N1191T,37,3308,0.0111850060459492,0,
1292026,BA.2_0.03_abundance_0.1,A16962T;A17039C,ORF1b:P1165P;ORF1b:N1191T,123,3308,0.0371825876662636,0,
1292026,BA.2_0.03_abundance_0.1,C17127T;T17235G,ORF1b:L1220L;ORF1b:I1256M,72,3622,0.0198785201546107,0,
1292026,BA.2_0.03_abundance_0.1,C17127T;T17235G;C17410T,ORF1b:L1220L;ORF1b:I1256M;ORF1b:R1315C,114,2251,0.0506441581519324,0,
1292026,BA.2_0.03_abundance_0.1,T17166A;T17235G,ORF1b:S1233S;ORF1b:I1256M,91,3622,0.0251242407509663,0,
1292026,BA.2_0.03_abundance_0.1,T17166A;C17410T,ORF1b:S1233S;ORF1b:R1315C,88,2251,0.0390937361172812,310,BA.5.2:1;BF.5:4;BA.2.2:295;BA.5.2.3:2;BA.5.1:1;BQ.1.8:1;BA.5.5:1;BA.5.1.3:1;BA.2.12.1:1;BA.2:3
1292026,BA.2_0.03_abundance_0.1,T17166A;T17235G;C17410T,ORF1b:S1233S;ORF1b:I1256M;ORF1b:R1315C,170,2251,0.0755219902265659,0,
1292026,BA.2_0.03_abundance_0.1,T17235G;C17410T,ORF1b:I1256M;ORF1b:R1315C,1080,2251,0.4797867614393603,0,
1292026,BA.2_0.03_abundance_0.1,C17410T;G17533C,ORF1b:R1315C;ORF1b:G1356R,16,160,0.1,2,BA.5.2.1:2
1292026,BA.2_0.03_abundance_0.1,C17410T;T17647C,ORF1b:R1315C;ORF1b:C1394R,8,151,0.0529801324503311,0,
1292026,BA.2_0.03_abundance_0.1,A18871C;C18881T,ORF1b:R1802R;ORF1b:A1805V,10,552,0.0181159420289855,0,
1292026,BA.2_0.03_abundance_0.1,A21875G;G21987A,S:I105V;S:G142D,116,192,0.6041666666666666,1096,BF.5:7;AY.4.17:3;AY.43:257;BA.5.3.1:1;BA.5.5:7;BQ.1.16:2;AY.59:1;BA.5.1.10:59;BA.2:42;BA.2.10:31;AY.4:292;AY.52:3;AY.103:4;AY.127:7;BE.3:1;BA.5.2:20;AY.9.2:45;BA.2.9:2;AY.44:26;AY.20:1;BA.5.2.1:16;AY.122:9;XBB.1:1;AY.98.1:3;AY.4.6:1;AY.25:55;AY.4.2:37;BA.5:2;BA.4.1.8:1;BE.1:5;AY.25.1:3;AY.57:3;BA.5.2.23:1;AY.83:2;AY.5:1;BF.7.6:2;AY.39.1:13;AY.29:7;BA.5.1.1:1;AY.4.2.3:1;BA.5.1:10;BA.1:3;AY.72:1;AY.39:2;B.1.617.2:9;BA.5.6.2:5;BF.7.11:1;BA.4:4;BA.2.3.1:2;BA.2.3:28;BA.2.9.5:1;AY.46.2:1;BA.5.6:2;BF.6:2;BA.2.12.1:3;AY.42:4;BF.7:4;BE.1.1:1;AY.100:2;BQ.1.14:1;AY.4.2.1:2;AY.4.5:4;BA.2.29:1;AY.33:1;AY.25.3:1;BA.5.2.34:4;BQ.1.1.3:1;AY.113:1;BA.2.23:1;BA.5.2.20:1;BA.4.6.5:1;BQ.1.1.12:1;AY.23:1;BL.1:1;BF.27:1;AY.47:1;BA.4.1:1;AY.3:1;BQ.1:1;BA.5.1.30:2;BA.5.2.19:1;BA.2.75:1;AY.10:3;BF.10:1;BA.2.56:1
1292026,BA.2_0.03_abundance_0.1,C22183G;T22200G,S:H207Q;S:V213G,42,97,0.4329896907216495,0,
1292026,BA.2_0.03_abundance_0.1,G22352C;G22578A,S:A264P;S:G339D,24,150,0.16,3,BA.5:1;BA.1.1:1;BA.5.1:1
1292026,BA.2_0.03_abundance_0.1,A22429G;G22578A,S:V289V;S:G339D,14,150,0.0933333333333333,361,BA.2.3.1:22;BA.5.1:7;BA.1.1.1:1;BA.5.2.6:2;BA.1.1:29;BA.2.41:14;BA.1.20:2;BA.4:5;BA.5.1.10:1;BA.2:64;BA.5.2:7;BE.1.1:9;BF.10:1;BA.2.12.1:139;BA.5.2.1:7;BA.2.9:1;BQ.1.12:17;BA.2.37:1;BQ.1.1:1;BA.1:3;CH.1.1:1;BF.18:10;BA.1.1.18:3;BG.2:2;BA.1.15:3;BA.5.5:2;BA.2.10.1:1;BA.2.10:1;BA.5.6:1;BA.5.1.25:1;BF.7:1;BE.1:1;BA.1.1.15:1
1292026,BA.2_0.03_abundance_0.1,G22578A;C22659A;C22674T;T22679C;C22686T;A22688G;G22775A;A22786C;G22813T,S:G339D;S:S366Y;S:S371F;S:S373P;S:S375F;S:T376A;S:D405N;S:R408S;S:K417N,48,1193,0.0402347024308466,0,
1292026,BA.2_0.03_abundance_0.1,A27259C;G27382C;A27383T;T27384C;T27482C,ORF6:R20R;ORF6:D61H;ORF6:D61V;ORF6:D61D;ORF7a:L30P,80,1440,0.0555555555555555,20,BA.2:17;BA.4.6.4:1;BA.4.1:1;BA.2.21:1
1292026,BA.2_0.03_abundance_0.1,G28086A;A28100G,ORF8:A65T;ORF8:S69S,105,725,0.1448275862068965,0,
1292026,BA.2_0.03_abundance_0.1,T28306C;C28311T,N:N11N;N:P13L,562,2100,0.2676190476190476,299,BA.5.2:21;BA.5.5:27;BA.1.1:36;BA.2:103;BA.5:4;BA.2.12.1:15;BA.5.2.1:9;BA.1.1.12:11;BA.4.1:1;BA.1.17.2:4;BA.1.1.18:2;BA.1.18:2;BA.4.6:8;BA.1:11;BA.5.1:3;BA.4.6.5:1;C.37:2;BA.2.36:1;BQ.1.11:5;BF.5:1;BA.1.15:1;BA.1.17:1;BA.2.9:6;BN.1.5:2;BA.5.2.35:1;BA.5.2.20:2;BF.26:1;BQ.1.5:1;BA.5.1.10:2;BA.5.1.22:1;BA.5.2.22:1;BA.4.1.9:1;BA.2.75:6;BF.10:1;BR.1:1;BE.1.1:1;BA.2.3:1;BA.2.5:1;BN.1.3:1
1292026,BA.2_0.03_abundance_0.1,A29469G;A29510C,N:D399G;N:S413R,9,213,0.0422535211267605,43,BA.2:30;BA.2.7:1;BA.4.1:1;XAA:7;BA.5.2.1:1;BA.5.1.21:2;BA.5.6:1
2052026,BA.2_0.03_abundance_0.1,G1590T;A1610T,ORF1a:G442V;ORF1a:N449Y,11,50,0.22,0,
2052026,BA.2_0.03_abundance_0.1,T2943A;A3023T;C3037T;C3092T,ORF1a:L893Q;ORF1a:M920L;ORF1a:F924F;ORF1a:P943S,85,423,0.2009456264775413,0,
2052026,BA.2_0.03_abundance_0.1,T2943A;A3023T;C3037T,ORF1a:L893Q;ORF1a:M920L;ORF1a:F924F,48,455,0.1054945054945055,0,
2052026,BA.2_0.03_abundance_0.1,T2943A;C3037T;C3092T,ORF1a:L893Q;ORF1a:F924F;ORF1a:P943S,26,423,0.0614657210401891,0,
2052026,BA.2_0.03_abundance_0.1,A3023T;C3037T;C3092T,ORF1a:M920L;ORF1a:F924F;ORF1a:P943S,149,423,0.3522458628841607,0,
2052026,BA.2_0.03_abundance_0.1,A3023T;C3037T,ORF1a:M920L;ORF1a:F924F,76,455,0.167032967032967,11,AY.3:1;BA.1:1;B.1.617.2:7;AY.4:1;AY.35:1
2052026,BA.2_0.03_abundance_0.1,T4808A;A4939T,ORF1a:S1515T;ORF1a:T1558T,14,692,0.0202312138728323,0,
2052026,BA.2_0.03_abundance_0.1,G8015C;T8029G,ORF1a:A2584P;ORF1a:V2588V,49,665,0.0736842105263157,0,
2052026,BA.2_0.03_abundance_0.1,G8015C;G8198C,ORF1a:A2584P;ORF1a:D2645H,10,610,0.0163934426229508,0,
2052026,BA.2_0.03_abundance_0.1,G8015C;T8029G;G8198C,ORF1a:A2584P;ORF1a:V2588V;ORF1a:D2645H,10,610,0.0163934426229508,0,
2052026,BA.2_0.03_abundance_0.1,G8024A;T8029G,ORF1a:A2587T;ORF1a:V2588V,13,665,0.0195488721804511,0,
2052026,BA.2_0.03_abundance_0.1,T8029G;G8198C,ORF1a:V2588V;ORF1a:D2645H,45,610,0.0737704918032786,0,
2052026,BA.2_0.03_abundance_0.1,T8978G;G8999A;G9014C;G9035C;G9063C;G9083C,ORF1a:Y2905D;ORF1a:A2912T;ORF1a:A2917P;ORF1a:D2924H;ORF1a:C2933S;ORF1a:E2940Q,8,366,0.0218579234972677,0,
2052026,BA.2_0.03_abundance_0.1,A14397T;C14408T,ORF1b:T310T;ORF1b:P314L,16,536,0.0298507462686567,172,BE.1:7;AY.4:1;B.1.1.7:150;B.1.2:1;AY.29:2;AY.4.2:2;BA.1.1:3;BA.2:1;BA.1:1;BA.5.1:1;BA.1.17.2:1;B.1.36.21:1;B.1.526:1
2052026,BA.2_0.03_abundance_0.1,A14397T;C14408T;G14511A,ORF1b:T310T;ORF1b:P314L;ORF1b:Q348Q,32,499,0.064128256513026,0,
2052026,BA.2_0.03_abundance_0.1,A15640C;C15714T,ORF1b:N725H;ORF1b:L749L,150,3450,0.0434782608695652,3,BA.2.12.1:2;BA.5.2.20:1
2052026,BA.2_0.03_abundance_0.1,G15906A;T16155G,ORF1b:Q813Q;ORF1b:V896V,82,4737,0.017310534093308,0,
2052026,BA.2_0.03_abundance_0.1,T16155G;C16386G,ORF1b:V896V;ORF1b:C973W,14,198,0.0707070707070707,0,
2052026,BA.2_0.03_abundance_0.1,C21888A;G21987A,S:T109N;S:G142D,600,1740,0.3448275862068966,11,B.1.617.2:1;AY.127:5;AY.39:1;AY.36:1;BA.1.1:2;BA.1:1
2052026,BA.2_0.03_abundance_0.1,T22200G;T22220A,S:V213G;S:F220I,159,1945,0.0817480719794344,31,BQ.1.1.22:10;BA.2:12;BA.2.9:6;BA.2.10:2;BQ.1.1:1
2052026,BA.2_0.03_abundance_0.1,T22200G;C22267T,S:V213G;S:I235I,151,1943,0.0777148739063304,290,BA.5.6:9;BE.3:1;BA.2:253;BA.5.2.23:1;BQ.1.1.15:1;BA.5.2:4;BF.7:2;BA.2.3.16:1;BA.4:4;BQ.1.1:1;BA.2.65:2;BF.26:2;BQ.1.12:1;BA.2.12.1:1;BA.2.12:1;XAZ:2;BA.5.1:2;BA.5.2.35:1;BA.5.1.19:1
2052026,BA.2_0.03_abundance_0.1,G22578A;A22628C;C22674T;T22679C;C22686T;A22688G,S:G339D;S:K356Q;S:S371F;S:S373P;S:S375F;S:T376A,15,144,0.1041666666666666,6,XBB:1;BA.5.2.21:1;BE.1.1.2:1;BA.2:1;BA.5.1.22:1;BA.5.2:1
2052026,BA.2_0.03_abundance_0.1,C23525T;T23599G;C23604A;G23793T,S:H655Y;S:N679K;S:P681H;S:G744V,40,347,0.1152737752161383,3,BF.5:1;BA.1.1:1;BA.1.15:1
2052026,BA.2_0.03_abundance_0.1,C24896A;C25000T,S:P1112T;S:D1146D,20,1627,0.0122925629993853,6,BA.2:2;BA.5.1:1;BA.2.12.1:1;BA.1.1:1;BF.28:1
2052026,BA.2_0.03_abundance_0.1,C24896A;C25000T;G25010A,S:P1112T;S:D1146D;S:E1150K,27,1613,0.0167389956602603,0,
2052026,BA.2_0.03_abundance_0.1,C25000T;G25010A,S:D1146D;S:E1150K,1023,1613,0.634221946683199,158,BA.5.1.3:12;BA.1.1:30;BA.4.6:6;BA.2.24:3;BA.2.75:13;BA.2:9;BA.5.2:11;XN:1;BA.5.2.24:11;BA.2.9:3;BA.4:2;BA.4.1:1;BA.2.3.14:3;BA.5.2.1:8;BA.2.12.1:6;BA.2.12.2:1;BA.5.1:8;BA.1:5;BA.2.23:2;BA.2.3:3;BA.1.17:3;BA.1.15:2;BA.2.39:2;BA.4.6.4:1;BA.5.5:1;BA.1.17.2:3;BA.5.6.1:2;BA.1.1.18:3;BQ.1.18:1;BA.2.56:1;BA.5.1.15:1
2052026,BA.2_0.03_abundance_0.1,G25348A;C25584T;C25603T,S:E1262E;ORF3a:T64T;ORF3a:L71L,92,456,0.2017543859649122,0,
2052026,BA.2_0.03_abundance_0.1,G25348A;C25584T,S:E1262E;ORF3a:T64T,102,457,0.2231947483588621,338,BA.2.9:8;BQ.1.1.22:1;BF.5:2;BA.5.5:1;BA.1.1:32;BA.5.2.1:52;BA.5.1:11;BE.1.2:1;BA.2.3:2;BA.2:123;BA.1:9;BA.5.2:7;BA.2.12.1:23;BA.5:2;BA.1.1.14:1;BA.4.4:3;BE.1:1;BA.1.1.1:6;BA.4:2;BF.14:3;BA.4.1:3;BQ.1.1.28:3;BQ.1.1:2;BA.5.1.3:6;BK.1:2;BA.5.1.24:1;BE.1.1:3;BA.5.2.28:1;BA.5.6:3;BA.1.1.18:1;CL.1:2;BA.5.1.22:1;BA.5.1.5:1;BF.6:4;BF.7:1;BA.1.17:1;BA.2.24:1;BA.1.17.2:1;BA.1.18:1;BA.5.2.21:2;BA.5.9:1;BA.2.75.2:1;BE.3:2;BA.2.18:1;BA.2.6:1;BF.8:1;BF.7.4:1
2052026,BA.2_0.03_abundance_0.1,G25364A;A25426G;T25434C;G25437A;C25487G;A25512G;T25520C;C25584T;C25603T,S:V1268I;ORF3a:T12A;ORF3a:T14T;ORF3a:L15L;ORF3a:T32S;ORF3a:S40S;ORF3a:F43S;ORF3a:T64T;ORF3a:L71L,8,456,0.0175438596491228,0,
2052026,BA.2_0.03_abundance_0.1,G27877C;A27917G,ORF7b:C41S;ORF8:G8G,27,502,0.0537848605577689,0,
2052026,BA.2_0.03_abundance_0.1,A28154T;C28311T,ORF8:T87T;N:P13L,1282,2840,0.4514084507042253,61,BE.1.2.1:3;BA.5.2:3;BA.5.2.1:3;BA.5.1:3;BA.2:6;BA.1:14;BA.2.12.1:2;BF.1:1;BA.2.9:1;BA.1.15:2;BQ.1.1.22:1;BA.1.1.18:3;BA.5.1.12:1;BA.1.1.1:2;BA.1.1:7;BA.2.1:1;BE.1.1:5;BA.2.75:1;BA.2.3:1;BA.5.5:1
2052026,BA.2_0.03_abundance_0.1,A28154T;C28311T;A28389T,ORF8:T87T;N:P13L;N:Q39L,472,2649,0.1781804454511136,0,
2122026,BA.2_0.03_abundance_0.1,G656T;T670G,ORF1a:A131S;ORF1a:S135R,122,4255,0.0286721504112808,69,BA.5.1:7;BA.5.2.21:1;BA.2:17;BF.8:1;BA.2.9:2;BA.2.3:3;BA.5.2.18:1;BA.5.2.27:1;BA.5.2.1:7;BA.2.3.11:1;BQ.1.1.1:1;BA.2.10:2;BF.10:5;BU.1:1;BQ.1.1:1;BA.2.9.5:1;BA.5.2:4;BA.2.10.1:1;BA.2.12.1:4;BA.4.7:1;BA.2.75:1;BA.2.76:1;BA.5.6:1;BE.1.4:1;XBB.1.5:1;BF.18:1;BA.4.6:1
2122026,BA.2_0.03_abundance_0.1,C1026A;C1057G;T1081G;T1116A;A1133C;C1201A,ORF1a:P254H;ORF1a:D264E;ORF1a:N272K;ORF1a:I284N;ORF1a:K290Q;ORF1a:C312*,22,815,0.0269938650306748,0,
2122026,BA.2_0.03_abundance_0.1,C1613G;G1727A,ORF1a:L450V;ORF1a:V488M,57,2765,0.0206148282097649,0,
2122026,BA.2_0.03_abundance_0.1,C1616T;T1654A;G1655T;A1810G;C1825G;G1855A;C1889T,ORF1a:L451F;ORF1a:I463I;ORF1a:V464F;ORF1a:K515K;ORF1a:A520A;ORF1a:L530L;ORF1a:R542C,84,3673,0.0228695888919139,0,
2122026,BA.2_0.03_abundance_0.1,T2234A;A2421C,ORF1a:C657S;ORF1a:K719T,116,697,0.1664275466284074,0,
2122026,BA.2_0.03_abundance_0.1,T2234A;C2262G;G2265C;T2298G;A2342C;A2380T;A2466G;A2473C,ORF1a:C657S;ORF1a:T666S;ORF1a:C667S;ORF1a:F678C;ORF1a:I693L;ORF1a:L705F;ORF1a:K734R;ORF1a:P736P,8,649,0.012326656394453,0,
2122026,BA.2_0.03_abundance_0.1,G4678C;A4731T;T4771G,ORF1a:V1471V;ORF1a:Y1489F;ORF1a:I1502M,32,1630,0.0196319018404908,0,
2122026,BA.2_0.03_abundance_0.1,A5852G;C5886G,ORF1a:I1863V;ORF1a:T1874R,9,432,0.0208333333333333,0,
2122026,BA.2_0.03_abundance_0.1,C6279T;A6458C,ORF1a:P2005L;ORF1a:N2065H,38,401,0.0947630922693266,0,
2122026,BA.2_0.03_abundance_0.1,C6286A;A6332T;C6363G;A6375C;A6400G;G6413A;A6458C,ORF1a:T2007T;ORF1a:N2023Y;ORF1a:A2033G;ORF1a:D2037A;ORF1a:K2045K;ORF1a:E2050K;ORF1a:N2065H,5,401,0.0124688279301745,0,
2122026,BA.2_0.03_abundance_0.1,C6286A;A6332T;C6363G;A6375C;A6400G;G6413A,ORF1a:T2007T;ORF1a:N2023Y;ORF1a:A2033G;ORF1a:D2037A;ORF1a:K2045K;ORF1a:E2050K,6,401,0.0149625935162094,0,
2122026,BA.2_0.03_abundance_0.1,C7101A;T7157A;T7166G;C7173G;T7217C;A7242G;T7288C,ORF1a:A2279E;ORF1a:L2298I;ORF1a:Y2301D;ORF1a:S2303C;ORF1a:L2318L;ORF1a:E2326G;ORF1a:L2341L,8,211,0.0379146919431279,0,
2122026,BA.2_0.03_abundance_0.1,G8018T;A8020T;T8038C;A8087T;T8119C;A8122T;A8159C;G8183T;A8211G;A8223T;A8241T;A8298G,ORF1a:E2585*;ORF1a:E2585D;ORF1a:F2591F;ORF1a:K2608*;ORF1a:A2618A;ORF1a:E2619D;ORF1a:T2632P;ORF1a:G2640W;ORF1a:K2649R;ORF1a:E2653V;ORF1a:H2659L;ORF1a:N2678S,41,1851,0.02215018908698,0,
2122026,BA.2_0.03_abundance_0.1,G9273C;G9311A;G9335C;C9344T;A9353G;C9365A;G9414T;T9415G;A9424G;T9429A;T9455G;A9496G;T9513A;T9540C,ORF1a:R3003T;ORF1a:G3016R;ORF1a:V3024L;ORF1a:L3027F;ORF1a:M3030V;ORF1a:L3034I;ORF1a:G3050V;ORF1a:G3050G;ORF1a:V3053V;ORF1a:I3055N;ORF1a:F3064V;ORF1a:V3077V;ORF1a:L3083*;ORF1a:L3092P,9,562,0.0160142348754448,0,
2122026,BA.2_0.03_abundance_0.1,C9344T;A9424G;T9525C,ORF1a:L3027F;ORF1a:V3053V;ORF1a:M3087T,112,708,0.1581920903954802,86,BA.5.1:1;BA.2.75:7;BA.2:40;BA.5.2.9:2;BM.4.1:1;BQ.1.1:1;BA.2.9:4;BF.15:1;BA.2.76:1;BA.2.9.5:1;BA.5.2.1:16;BA.5.2:4;BA.2.12.1:1;BF.10:1;BQ.1.2:1;BA.5.1.25:1;BA.2.11:1;BA.5.6:1;BA.5.1.19:1
2122026,BA.2_0.03_abundance_0.1,T9513A;T9540C;C9745A;A9760T;T9765A;G9770A;G9805A,ORF1a:L3083*;ORF1a:L3092P;ORF1a:Y3160*;ORF1a:V3165V;ORF1a:F3167Y;ORF1a:G3169S;ORF1a:L3180L,20,1560,0.0128205128205128,0,
2122026,BA.2_0.03_abundance_0.1,T9540C;C9745A;A9760T;T9765A;G9770A;G9805A,ORF1a:L3092P;ORF1a:Y3160*;ORF1a:V3165V;ORF1a:F3167Y;ORF1a:G3169S;ORF1a:L3180L,47,4372,0.0107502287282708,0,
2122026,BA.2_0.03_abundance_0.1,C10449A;A10587T,ORF1a:P3395H;ORF1a:E3441V,5,94,0.0531914893617021,0,
2122026,BA.2_0.03_abundance_0.1,T10769G;C10969G,ORF1a:Y3502D;ORF1a:F3568L,40,2033,0.0196753566158386,0,
2122026,BA.2_0.03_abundance_0.1,T11918G;C11967G;T12017C;G12019A;C12029T;C12084G;T12109C;G12131T;T12204C,ORF1a:S3885A;ORF1a:A3901G;ORF1a:L3918L;ORF1a:L3918L;ORF1a:Q3922*;ORF1a:T3940S;ORF1a:F3948F;ORF1a:A3956S;ORF1a:L3980S,27,1938,0.0139318885448916,0,
2122026,BA.2_0.03_abundance_0.1,T12204C;A12250G;A12272G;A12306C;A12307T;G12311A;A12337T;G12373C;A12397G,ORF1a:L3980S;ORF1a:A3995A;ORF1a:K4003E;ORF1a:K4014T;ORF1a:K4014N;ORF1a:A4016T;ORF1a:K4024N;ORF1a:M4036I;ORF1a:A4044A,17,790,0.0215189873417721,0,
2122026,BA.2_0.03_abundance_0.1,A12293G;A12390C,ORF1a:T4010A;ORF1a:N4042T,9,790,0.0113924050632911,0,
2122026,BA.2_0.03_abundance_0.1,A12524C;T12655G,ORF1a:T4087P;ORF1a:A4130A,64,2869,0.0223074241896131,0,
2122026,BA.2_0.03_abundance_0.1,A12524C;G12578A;T12655G,ORF1a:T4087P;ORF1a:D4105N;ORF1a:A4130A,39,2869,0.0135935866155454,0,
2122026,BA.2_0.03_abundance_0.1,G12578A;T12655G,ORF1a:D4105N;ORF1a:A4130A,558,2869,0.1944928546531892,0,
2122026,BA.2_0.03_abundance_0.1,C12809A;C12880T;A12977T;C13047G,ORF1a:L4182I;ORF1a:I4205I;ORF1a:N4238Y;ORF1a:P4261R,31,1660,0.0186746987951807,0,
2122026,BA.2_0.03_abundance_0.1,C12880T;C13047G,ORF1a:I4205I;ORF1a:P4261R,19,1663,0.0114251352976548,0,
2122026,BA.2_0.03_abundance_0.1,C13047G;C13130G;A13204C;T13227C;C13236T;T13241C;G13293A;A13300T;T13331A,ORF1a:P4261R;ORF1a:Q4289E;ORF1a:E4313D;ORF1a:F4321S;ORF1a:A4324V;ORF1a:C4326R;ORF1a:C4343Y;ORF1a:L4345F;ORF1a:C4356S,27,892,0.0302690582959641,0,
2122026,BA.2_0.03_abundance_0.1,A13131C;T13258C,ORF1a:Q4289P;ORF1a:R4331R,21,932,0.0225321888412017,0,
2122026,BA.2_0.03_abundance_0.1,C14006A;T14042G;T14064C;T14082G;A14107T;C14114A;C14115A;T14132C;T14152C;A14205G,ORF1b:T180K;ORF1b:I192S;ORF1b:D199D;ORF1b:G205G;ORF1b:I214L;ORF1b:T216N;ORF1b:T216T;ORF1b:V222A;ORF1b:Y229H;ORF1b:S246S,24,1517,0.015820698747528,0,
2122026,BA.2_0.03_abundance_0.1,T14017C;C14206T,ORF1b:C184R;ORF1b:H247Y,23,1517,0.015161502966381,0,
2122026,BA.2_0.03_abundance_0.1,G14347A;C14408T,ORF1b:D294N;ORF1b:P314L,89,231,0.3852813852813853,386,B.1.351:1;BA.5.1:3;AY.26:63;P.2:1;AY.44:7;AY.103:3;BA.1.1:42;BA.2.75:4;AY.129:2;AY.121:7;BA.2:14;AY.46.1:1;AY.122:9;B.1.2:15;AY.34.2:2;AY.43:5;B.1.617.2:6;BA.5.2:13;AY.9.2:1;AY.32:1;AY.34:1;AY.4:32;AY.3:5;AY.99.2:1;P.1:2;B.1.36.36:1;BA.1.21:1;AY.101:1;B.1.1.284:1;BA.2.9:4;B.1.1.7:20;BA.1.16:3;AY.4.16:1;B.1.1.354:1;BA.1.1.1:1;B.1.160:3;AY.127:2;B.1.221:1;AY.113:9;BA.2.3:1;AY.126:2;AY.98:3;B.1.234:1;AY.100:3;BA.1.17.2:2;BA.5.2.1:2;BA.1:3;BF.5:5;BA.2.10:3;CH.1.1:1;BA.1.17:2;BA.1.1.2:2;BA.5.3:1;AY.25.1:1;BA.2.12.1:2;AY.25:1;BA.1.1.18:2;AY.6:11;AY.39:1;B.1.526:2;AY.4.9:1;AY.4.12:1;BA.4.5:1;AY.5:4;AY.9:17;AY.118:3;BA.5.6.1:1;BA.5.6:6;BF.28:1;BA.5.1.24:1;BA.4.1:1;B.1.177:1;B.1.1:2;BA.1.15:3;B.1.1.214:1;BA.2.40:1
2122026,BA.2_0.03_abundance_0.1,G14347A;C14408T;C14536G,ORF1b:D294N;ORF1b:P314L;ORF1b:L357V,11,219,0.0502283105022831,0,
2122026,BA.2_0.03_abundance_0.1,C14408T;C14536G,ORF1b:P314L;ORF1b:L357V,11,219,0.0502283105022831,4,BA.5.5:2;B.1.1.7:1;B.1.177.75:1
2122026,BA.2_0.03_abundance_0.1,T15560G;A15582C;T15584C;A15626T;T15686G;C15714T;T15733C,ORF1b:L698R;ORF1b:K705N;ORF1b:I706T;ORF1b:E720V;ORF1b:L740W;ORF1b:L749L;ORF1b:C756R,38,1982,0.0191725529767911,0,
2122026,BA.2_0.03_abundance_0.1,C15694T;C15714T,ORF1b:H743Y;ORF1b:L749L,195,2134,0.0913776944704779,1,BA.2:1
2122026,BA.2_0.03_abundance_0.1,T16486A;G16737C,ORF1b:C1007S;ORF1b:W1090C,5,68,0.0735294117647058,0,
2122026,BA.2_0.03_abundance_0.1,A16519T;G16737C,ORF1b:N1018Y;ORF1b:W1090C,8,68,0.1176470588235294,0,
2122026,BA.2_0.03_abundance_0.1,T16796A;T16860G;T17016A;C17069G;C17077G,ORF1b:V1110E;ORF1b:A1131A;ORF1b:D1183E;ORF1b:S1201C;ORF1b:Q1204E,36,1606,0.0224159402241594,0,
2122026,BA.2_0.03_abundance_0.1,A17337G;C17410T,ORF1b:T1290T;ORF1b:R1315C,272,2167,0.1255191508998615,120,BA.5.1:2;BA.5.2:11;BA.2.9:14;BA.4:16;BA.2:21;BA.5.1.2:2;BA.2.42:1;BE.1.1:2;BA.2.12.1:3;BA.4.6:8;Q.7:1;B.1.1.7:1;BA.5.2.1:3;BA.2.16:8;BQ.1.2:5;BA.2.10:8;BA.5:1;BA.5.1.3:1;BQ.1.1.23:5;XBB.1:2;BA.2.38:1;BA.2.36:1;BA.5.5:1;BA.2.75:1;BA.2.14:1
2122026,BA.2_0.03_abundance_0.1,A17337G;T17391A;C17410T,ORF1b:T1290T;ORF1b:S1308R;ORF1b:R1315C,83,2167,0.0383017997231195,0,
2122026,BA.2_0.03_abundance_0.1,A17337G;T17391A,ORF1b:T1290T;ORF1b:S1308R,36,3233,0.0111351685740798,0,
2122026,BA.2_0.03_abundance_0.1,T17391A;C17410T,ORF1b:S1308R;ORF1b:R1315C,389,2167,0.1795108444854637,0,
2122026,BA.2_0.03_abundance_0.1,C17410T;T17647C,ORF1b:R1315C;ORF1b:C1394R,60,485,0.1237113402061855,0,
2122026,BA.2_0.03_abundance_0.1,C17410T;A17431G;A17477C;A17482G;C17483A;A17515G;A17542C;C17555T;A17576C;T17582C,ORF1b:R1315C;ORF1b:I1322V;ORF1b:K1337T;ORF1b:T1339A;ORF1b:T1339K;ORF1b:R1350G;ORF1b:M1359L;ORF1b:T1363I;ORF1b:E1370A;ORF1b:V1372A,15,515,0.029126213592233,0,
2122026,BA.2_0.03_abundance_0.1,A17431G;A17477C;A17482G;C17483A;A17515G;A17542C;C17555T;A17576C;T17582C,ORF1b:I1322V;ORF1b:K1337T;ORF1b:T1339A;ORF1b:T1339K;ORF1b:R1350G;ORF1b:M1359L;ORF1b:T1363I;ORF1b:E1370A;ORF1b:V1372A,78,3825,0.0203921568627451,0,
2122026,BA.2_0.03_abundance_0.1,A17880T;A18008T,ORF1b:Q1471H;ORF1b:E1514V,372,1003,0.3708873379860419,0,
2122026,BA.2_0.03_abundance_0.1,A18008T;A18163G,ORF1b:E1514V;ORF1b:I1566V,233,477,0.4884696016771488,0,
2122026,BA.2_0.03_abundance_0.1,A18008T;G18090T;A18163G,ORF1b:E1514V;ORF1b:G1541G;ORF1b:I1566V,11,477,0.0230607966457023,0,
2122026,BA.2_0.03_abundance_0.1,G18090T;A18163G,ORF1b:G1541G;ORF1b:I1566V,28,493,0.0567951318458417,392,BF.5:131;BA.5.1:31;BA.4.6:1;BA.2.1:21;BF.27:49;BA.2:92;BA.2.10:2;BA.5.2.24:1;BA.1.14.1:1;BA.1.1:14;BG.5:1;BA.5.2.21:1;BA.2.9:10;BA.5.1.1:10;BQ.1:11;BA.2.3:2;BA.5:1;BA.2.12.1:3;BA.5.6:1;BA.1:2;BQ.1.1.4:1;BA.5.2.1:1;BF.7.4:2;BA.4.1:1;BA.5.2:1;BA.1.15:1
2122026,BA.2_0.03_abundance_0.1,G18627C;T18741A;C18747T;C18775G;A18798T;C18823A;C18828A;A18868C,ORF1b:K1720N;ORF1b:D1758E;ORF1b:V1760V;ORF1b:Q1770E;ORF1b:L1777L;ORF1b:Q1786K;ORF1b:V1787V;ORF1b:T1801P,16,442,0.0361990950226244,0,
2122026,BA.2_0.03_abundance_0.1,T18741A;C18747T;C18775G;A18798T;C18823A;C18828A;A18868C,ORF1b:D1758E;ORF1b:V1760V;ORF1b:Q1770E;ORF1b:L1777L;ORF1b:Q1786K;ORF1b:V1787V;ORF1b:T1801P,58,2716,0.0213549337260677,0,
2122026,BA.2_0.03_abundance_0.1,T19025G;C19097G;T19139G;G19193T,ORF1b:L1853R;ORF1b:A1877G;ORF1b:F1891C;ORF1b:W1909L,18,938,0.0191897654584221,0,
2122026,BA.2_0.03_abundance_0.1,T19692G;A19864C,ORF1b:V2075V;ORF1b:N2133H,6,26,0.2307692307692307,0,
2122026,BA.2_0.03_abundance_0.1,A20981G;A21006T,ORF1b:D2505G;ORF1b:A2513A,28,810,0.0345679012345679,0,
2122026,BA.2_0.03_abundance_0.1,T22128C;T22200G,S:L189P;S:V213G,138,581,0.2375215146299483,3,BE.1:1;BA.1.1:1;BA.5.2.6:1
2122026,BA.2_0.03_abundance_0.1,T23189C;A23232C;T23287A;A23305C;C23327G;T23338A;G23340C;A23379T;A23403G;T23421C;G23438C;C23439G;A23445T;A23446C;G23465A;T23466C;T23479A,S:F543L;S:K557T;S:A575A;S:T581T;S:P589A;S:F592L;S:G593A;S:N606I;S:D614G;S:V620A;S:A626P;S:A626G;S:Q628L;S:Q628H;S:V635I;S:V635A;S:G639G,37,1357,0.0272660280029476,0,
2122026,BA.2_0.03_abundance_0.1,A24791C;C24792A;C24909A;T24929A;T24946G;C25000T,S:T1077P;S:T1077N;S:T1116N;S:S1123T;S:V1128V;S:D1146D,51,2603,0.0195927775643488,0,
2122026,BA.2_0.03_abundance_0.1,G25323T;C25584T,S:C1254F;ORF3a:T64T,383,1857,0.2062466343564889,409,BD.1:1;BA.1.1:63;BA.4.6:12;BA.2.8:4;BA.5.2:7;BA.1.17.2:23;BA.2.3:9;BA.2.12.1:8;BA.4.1:125;BA.5.2.1:12;BA.2.10:2;BA.5:2;BA.5.6:36;BA.1.17:1;BA.1.15.1:3;BA.2:61;BA.1:3;BA.5.1:5;BA.5.5:3;BA.2.3.9:1;BA.2.9:2;BA.1.15:3;BE.1:1;BA.2.5:1;BE.1.1.2:1;BF.28:1;BA.2.65:1;BA.1.1.2:1;AY.33:1;BE.1.1:2;BA.2.9.3:1;BF.1:1;BF.26:1;BA.5.9:1;BQ.1.1:2;BQ.1.1.27:1;BA.1.20:1;BA.4:2;BA.2.3.13:1;BA.5.1.3:1;BA.1.14:1;BA.5.1.22:1
2122026,BA.2_0.03_abundance_0.1,G25323T;T25502G;C25584T,S:C1254F;ORF3a:I37R;ORF3a:T64T,24,1857,0.0129240710823909,0,
2122026,BA.2_0.03_abundance_0.1,T25502G;C25584T,ORF3a:I37R;ORF3a:T64T,76,1881,0.0404040404040404,23,BA.1.17:1;BF.5:1;BA.1.15:3;BA.2:1;BA.5.1:1;BA.2.3.13:4;BA.5.2:2;BE.1.1:2;BA.2.12.1:7;BA.1:1
2122026,BA.2_0.03_abundance_0.1,C25584T;T25643C,ORF3a:T64T;ORF3a:L84P,6,155,0.0387096774193548,5,BA.1.1:3;BA.1.20:1;BA.1:1
2122026,BA.2_0.03_abundance_0.1,C25672T;T25849C,ORF3a:L94F;ORF3a:C153R,11,92,0.1195652173913043,0,
2122026,BA.2_0.03_abundance_0.1,C26577G;T26706G;G26709A;C26858T,M:Q19E;M:L62V;M:A63T;M:F112F,560,1807,0.3099059214167128,0,
2122026,BA.2_0.03_abundance_0.1,C26577G;T26706G;G26709A,M:Q19E;M:L62V;M:A63T,99,2079,0.0476190476190476,0,
2122026,BA.2_0.03_abundance_0.1,C26577G;C26642G;T26677A;A26702G;G26709A;T26723C;G26727A;T26756G;C26768G;T26819G;C26845A;C26858T,M:Q19E;M:A40A;M:I52N;M:V60V;M:A63T;M:L67L;M:A69T;M:G78G;M:I82M;M:S99S;M:S108Y;M:F112F,42,1806,0.0232558139534883,0,
2122026,BA.2_0.03_abundance_0.1,C26858T;A27041G,M:F112F;M:S173S,9,13,0.6923076923076923,24,BA.2:10;BA.2.38:1;BA.2.9:5;BA.2.3:2;BA.4.6:2;BA.2.10:1;BA.2.12.1:1;BA.2.29:1;BA.4.1:1
2122026,BA.2_0.03_abundance_0.1,T27244A;G27382C;A27383T;T27384C,ORF6:L15I;ORF6:D61H;ORF6:D61V;ORF6:D61D,129,616,0.2094155844155844,1,AY.44:1
2122026,BA.2_0.03_abundance_0.1,T27851G;A27859T;T27863C;C27944T;T27953A;T28002A;T28017A;T28029C;A28126C,ORF7b:L32L;ORF7b:Q35L;ORF7b:D36D;ORF8:H17H;ORF8:C20*;ORF8:C37S;ORF8:Y42N;ORF8:Y46H;ORF8:N78T,16,814,0.0196560196560196,0,
2122026,BA.2_0.03_abundance_0.1,A28126C;G28178T;T28206A;C28311T;G28325T,ORF8:N78T;ORF8:L95F;ORF8:Y105N;N:P13L;N:G18C,36,1785,0.0201680672268907,0,
2122026,BA.2_0.03_abundance_0.1,C28256G;C28311T,ORF8:I121M;N:P13L,59,1823,0.0323642347778387,15,BA.2.12.1:5;BA.5.2.1:1;BA.2:2;BA.1.1:2;BQ.1.1:3;BA.5.3:1;BA.1.1.18:1
2122026,BA.2_0.03_abundance_0.1,C28445G;G28621T,N:Q58E;N:G116G,97,1476,0.0657181571815718,0,
2122026,BA.2_0.03_abundance_0.1,C28609G;G28621T,N:Y112*;N:G116G,15,1476,0.0101626016260162,0,
2122026,BA.2_0.03_abundance_0.1,C28776A;G28827C;A28874C;G28881A;G28882A;G28883T;T28897G;T28976G,N:P168Q;N:R185P;N:S201R;N:R203K;N:R203R;N:G204*;N:A208A;N:S235A,10,948,0.010548523206751,0,
2122026,BA.2_0.03_abundance_0.1,C28776A;G28827C;A28874C;G28881A;G28882A;G28883T;T28897G,N:P168Q;N:R185P;N:S201R;N:R203K;N:R203R;N:G204*;N:A208A,11,1028,0.0107003891050583,0,
2122026,BA.2_0.03_abundance_0.1,G28881A;G28882A;G28883C;T28976G,N:R203K;N:R203R;N:G204R;N:S235A,609,949,0.6417281348788199,44,BA.2:19;B.1.1.7:12;BA.5.2:3;BA.1.15:3;BQ.1.23:1;BA.5.2.34:1;BE.1:1;BA.1.1:1;BA.5.2.20:1;B.1.1.519:1;B.1.1:1
2192026,BA.2_0.03_abundance_0.1,T276C;C320A;C366T;T369G,ORF1a:L4P;ORF1a:P19T;ORF1a:S34F;ORF1a:V35G,15,391,0.0383631713554987,0,
2192026,BA.2_0.03_abundance_0.1,T276C;C320A,ORF1a:L4P;ORF1a:P19T,8,630,0.0126984126984126,0,
2192026,BA.2_0.03_abundance_0.1,C366T;T369G;C379T;A481T;C494G;A535T;T559G;A624C;A650C;T661A;T670G,ORF1a:S34F;ORF1a:V35G;ORF1a:V38V;ORF1a:K72N;ORF1a:R77G;ORF1a:A90A;ORF1a:G98G;ORF1a:K120T;ORF1a:K129Q;ORF1a:G132G;ORF1a:S135R,44,1391,0.0316319194823867,0,
2192026,BA.2_0.03_abundance_0.1,T670G;G677A,ORF1a:S135R;ORF1a:A138T,129,1512,0.0853174603174603,1351,BA.2.24:63;BE.1:8;BA.5.2:103;BA.4.6:14;BA.4.8:1;BF.13:1;BA.2.8:1;BA.2.3.18:1;BA.5.3.1:2;BA.2:207;BA.5.2.34:6;BA.5:10;BF.7:8;BA.4:51;BF.5:48;BA.2.70:13;BF.10:1;BA.2.12.1:30;BA.2.9:23;BA.4.1:33;BF.31:1;BA.5.1:345;BA.5.2.1:83;BA.5.1.22:12;BA.2.10:29;BE.1.1:11;BA.2.13:4;BF.14:8;BA.2.64:1;BF.7.4.1:15;BA.2.75:28;BF.4:1;BA.5.7:1;BA.2.36:2;BA.5.2.13:2;BQ.1.23:5;BA.5.5:13;BA.5.6:9;BA.5.2.33:7;BE.1.4.1:1;BF.28:5;BA.5.2.35:1;BE.1.4:10;BA.2.16:1;BQ.1.1:19;BA.5.2.6:4;BA.5.1.24:2;BQ.1.1.18:8;BE.3:2;BE.7:1;BA.2.1:5;BF.26:4;BQ.1.11:2;BA.4.1.1:4;BA.2.3:11;BA.2.65:4;BQ.1.1.1:1;BA.5.3:3;BA.5.1.23:2;BA.5.2.20:4;BF.21:2;BA.4.2:1;BA.5.2.9:1;BQ.1.15:1;BA.5.8:1;BL.1:1;BA.5.1.12:2;BN.1.3:1;BA.5.2.36:1;BF.1:5;BQ.1.5:1;BE.5:5;BA.2.38:3;BA.5.1.10:1;BF.6:11;BQ.1.9:1;BA.2.41:1;BN.1.8:1;BQ.1.12:1;XBB.2:1;BQ.1.3:1;BA.5.2.29:1;BA.4.6.4:1;BM.2:1;BL.1.4:1;BA.2.3.14:2;BF.27:2;BA.2.29:1;BA.5.2.12:1;BG.5:1;BQ.1.1.5:1;XBB.1:1
2192026,BA.2_0.03_abundance_0.1,T670G;G914A,ORF1a:S135R;ORF1a:E217K,78,221,0.3529411764705882,280,BA.5.2.6:1;BF.5:9;BA.5.2.12:54;BA.5.1.3:3;BA.5.2.1:24;BA.2:47;BA.5.2:15;BQ.1.5:2;BQ.1:5;BQ.1.8:1;BE.1.1:1;BA.2.9:22;BF.7:2;BQ.1.1:12;BA.5.2.34:1;BA.2.76:3;BA.2.12.1:38;BA.2.3:3;BA.5.1:13;BA.2.75:6;BA.4:1;BF.8:1;BF.14:2;BA.2.24:1;BA.4.1:1;BA.2.54:1;BA.5.2.3:4;BA.5.5:2;BE.1:1;BA.4.1.8:1;BF.7.13:1;BA.5.1.17:1;BA.2.51:1
2192026,BA.2_0.03_abundance_0.1,T670G;G914A;A924G,ORF1a:S135R;ORF1a:E217K;ORF1a:D220G,6,221,0.0271493212669683,0,
2192026,BA.2_0.03_abundance_0.1,T670G;G677A;G914A,ORF1a:S135R;ORF1a:A138T;ORF1a:E217K,7,221,0.0316742081447963,1,BA.5.2:1
2192026,BA.2_0.03_abundance_0.1,T670G;A924G,ORF1a:S135R;ORF1a:D220G,11,221,0.0497737556561085,68,BA.4.2:1;BA.2:9;BQ.1.1:1;BA.5.2.1:2;BA.2.75:2;BA.2.3.13:42;BA.2.9:1;BA.5.2.9:3;BA.5.2:1;BA.5.2.21:2;BA.5.6.2:2;BQ.1.1.17:1;BA.5.1.12:1
2192026,BA.2_0.03_abundance_0.1,G677A;G914A,ORF1a:A138T;ORF1a:E217K,19,674,0.0281899109792284,1,BA.5.2:1
2192026,BA.2_0.03_abundance_0.1,G914A;A924G,ORF1a:E217K;ORF1a:D220G,49,2058,0.0238095238095238,0,
2192026,BA.2_0.03_abundance_0.1,C1026A;C1057G;T1081G;T1116A;A1133C;T1199C;C1201A;A1230C;A1249G;A1278C,ORF1a:P254H;ORF1a:D264E;ORF1a:N272K;ORF1a:I284N;ORF1a:K290Q;ORF1a:C312R;ORF1a:C312*;ORF1a:K322T;ORF1a:E328E;ORF1a:K338T,41,1282,0.03198127925117,0,
2192026,BA.2_0.03_abundance_0.1,C1616T;T1654A;G1655T;A1810G;C1825G;G1855A;C1889T,ORF1a:L451F;ORF1a:I463I;ORF1a:V464F;ORF1a:K515K;ORF1a:A520A;ORF1a:L530L;ORF1a:R542C,62,1827,0.033935413245758,0,
2192026,BA.2_0.03_abundance_0.1,C2262G;G2265C;T2298G;A2342C;A2380T,ORF1a:T666S;ORF1a:C667S;ORF1a:F678C;ORF1a:I693L;ORF1a:L705F,11,424,0.025943396226415,0,
2192026,BA.2_0.03_abundance_0.1,G2582T;G2604T;C2607A;T2663C;G2686T;T2703C;A2767C;C2790G;G2808T;T2851A,ORF1a:A773S;ORF1a:G780V;ORF1a:T781K;ORF1a:C800R;ORF1a:M807I;ORF1a:F813S;ORF1a:Q834H;ORF1a:T842S;ORF1a:R848M;ORF1a:V862V,22,1531,0.0143696930111038,0,
2192026,BA.2_0.03_abundance_0.1,G2582T;G2604T;C2607A;T2663C;G2686T;T2703C;A2767C;C2790G;G2808T;T2839G;T2851A,ORF1a:A773S;ORF1a:G780V;ORF1a:T781K;ORF1a:C800R;ORF1a:M807I;ORF1a:F813S;ORF1a:Q834H;ORF1a:T842S;ORF1a:R848M;ORF1a:S858S;ORF1a:V862V,24,1531,0.015676028739386,0,
2192026,BA.2_0.03_abundance_0.1,C2790T;T2839G,ORF1a:T842I;ORF1a:S858S,781,1622,0.4815043156596794,6,BA.2:3;BA.5.6:1;BA.2.9:1;BA.5.2:1
2192026,BA.2_0.03_abundance_0.1,A3235G;C3315G;G3323C;A3327T;A3332T;G3371A;G3392A;A3396G;A3408C;T3432A;A3461G;T3477G;G3479T,ORF1a:Q990Q;ORF1a:T1017R;ORF1a:V1020L;ORF1a:Q1021L;ORF1a:I1023F;ORF1a:D1036N;ORF1a:A1043T;ORF1a:D1044G;ORF1a:E1048A;ORF1a:V1056E;ORF1a:K1066E;ORF1a:V1071G;ORF1a:A1072S,29,1079,0.0268767377201112,0,
2192026,BA.2_0.03_abundance_0.1,A3235G;C3315G;G3323C;A3327T;A3332T;G3371A;A3372C;G3392A;A3396G;A3408C;T3432A;A3461G;T3477G;G3479T,ORF1a:Q990Q;ORF1a:T1017R;ORF1a:V1020L;ORF1a:Q1021L;ORF1a:I1023F;ORF1a:D1036N;ORF1a:D1036A;ORF1a:A1043T;ORF1a:D1044G;ORF1a:E1048A;ORF1a:V1056E;ORF1a:K1066E;ORF1a:V1071G;ORF1a:A1072S,12,1079,0.0111214087117701,0,
2192026,BA.2_0.03_abundance_0.1,A3904C;T3968G,ORF1a:P1213P;ORF1a:C1235G,6,279,0.021505376344086,0,
2192026,BA.2_0.03_abundance_0.1,G4678C;T4693G;C4716T;A4731T;T4738A;T4771G;A4926G;A4971T,ORF1a:V1471V;ORF1a:S1476S;ORF1a:T1484I;ORF1a:Y1489F;ORF1a:T1491T;ORF1a:I1502M;ORF1a:D1554G;ORF1a:K1569M,23,593,0.0387858347386172,0,
2192026,BA.2_0.03_abundance_0.1,G4678C;T4693G;C4716T;A4731T;T4738A;T4771G;A4926G,ORF1a:V1471V;ORF1a:S1476S;ORF1a:T1484I;ORF1a:Y1489F;ORF1a:T1491T;ORF1a:I1502M;ORF1a:D1554G,9,758,0.0118733509234828,0,
2192026,BA.2_0.03_abundance_0.1,A5640C;A5652C,ORF1a:Q1792P;ORF1a:Y1796S,10,47,0.2127659574468085,0,
2192026,BA.2_0.03_abundance_0.1,T5916C;A5938T;A5949T;T6006G;A6013G;C6021T;A6090C;T6115G;T6174C;G6220T,ORF1a:L1884S;ORF1a:E1891D;ORF1a:K1895M;ORF1a:L1914R;ORF1a:P1916P;ORF1a:P1919L;ORF1a:N1942T;ORF1a:P1950P;ORF1a:I1970T;ORF1a:L1985F,12,285,0.0421052631578947,0,
2192026,BA.2_0.03_abundance_0.1,G5924A;A5999G,ORF1a:V1887I;ORF1a:I1912V,7,333,0.021021021021021,2,BA.1.17.2:2
2192026,BA.2_0.03_abundance_0.1,G6220T;C6286A;A6332T;C6363G;A6375C;A6400G;G6413A,ORF1a:L1985F;ORF1a:T2007T;ORF1a:N2023Y;ORF1a:A2033G;ORF1a:D2037A;ORF1a:K2045K;ORF1a:E2050K,47,1119,0.0420017873100983,0,
2192026,BA.2_0.03_abundance_0.1,G7070T;C7101A;T7157A;T7166G;C7173G;T7217C;A7242G;T7288C;G7294C;C7307A;T7325C;T7326C;T7327A,ORF1a:G2269C;ORF1a:A2279E;ORF1a:L2298I;ORF1a:Y2301D;ORF1a:S2303C;ORF1a:L2318L;ORF1a:E2326G;ORF1a:L2341L;ORF1a:L2343F;ORF1a:Q2348K;ORF1a:F2354L;ORF1a:F2354S;ORF1a:F2354L,6,123,0.048780487804878,0,
2192026,BA.2_0.03_abundance_0.1,C7101A;T7157A;T7166G;C7173G;T7217C;A7242G;T7288C;G7294C;C7307A;T7325C;T7326C;T7327A,ORF1a:A2279E;ORF1a:L2298I;ORF1a:Y2301D;ORF1a:S2303C;ORF1a:L2318L;ORF1a:E2326G;ORF1a:L2341L;ORF1a:L2343F;ORF1a:Q2348K;ORF1a:F2354L;ORF1a:F2354S;ORF1a:F2354L,9,390,0.023076923076923,0,
2192026,BA.2_0.03_abundance_0.1,A7795C;A7824C,ORF1a:Q2510H;ORF1a:H2520P,14,891,0.015712682379349,0,
2192026,BA.2_0.03_abundance_0.1,G8018T;A8020T;T8038C;A8087T;T8119C;A8122T;A8159C;G8183T;A8211G;A8223T;A8241T;A8298G,ORF1a:E2585*;ORF1a:E2585D;ORF1a:F2591F;ORF1a:K2608*;ORF1a:A2618A;ORF1a:E2619D;ORF1a:T2632P;ORF1a:G2640W;ORF1a:K2649R;ORF1a:E2653V;ORF1a:H2659L;ORF1a:N2678S,46,1047,0.043935052531041,0,
2192026,BA.2_0.03_abundance_0.1,G8018T;A8020T;T8038C;A8087T;T8119C;A8122T;A8159C;G8183T;A8211G;A8223T;A8241T,ORF1a:E2585*;ORF1a:E2585D;ORF1a:F2591F;ORF1a:K2608*;ORF1a:A2618A;ORF1a:E2619D;ORF1a:T2632P;ORF1a:G2640W;ORF1a:K2649R;ORF1a:E2653V;ORF1a:H2659L,20,1530,0.0130718954248366,0,
2192026,BA.2_0.03_abundance_0.1,A8298G;G8404C;T8431C;A8446C;A8474C;A8475G;T8569G;G8591T,ORF1a:N2678S;ORF1a:W2713C;ORF1a:S2722S;ORF1a:K2727N;ORF1a:N2737H;ORF1a:N2737S;ORF1a:N2768K;ORF1a:V2776F,21,555,0.0378378378378378,0,
2192026,BA.2_0.03_abundance_0.1,A8754G;C8912A,ORF1a:K2830R;ORF1a:H2883N,27,727,0.0371389270976616,0,
2192026,BA.2_0.03_abundance_0.1,G8952T;T8978G;G8999A;G9014C;G9035C;G9063C;G9083C;C9159G;G9182C;G9190C;A9197C;C9223T,ORF1a:C2896F;ORF1a:Y2905D;ORF1a:A2912T;ORF1a:A2917P;ORF1a:D2924H;ORF1a:C2933S;ORF1a:E2940Q;ORF1a:P2965R;ORF1a:V2973L;ORF1a:V2975V;ORF1a:T2978P;ORF1a:H2986H,19,625,0.0304,0,
2192026,BA.2_0.03_abundance_0.1,A9243G;G9273C;G9311A;G9335C;C9344T;A9353G;C9365A;G9414T;T9415G;A9424G;T9429A;T9455G;A9496G;T9513A;C9534T;T9540C,ORF1a:E2993G;ORF1a:R3003T;ORF1a:G3016R;ORF1a:V3024L;ORF1a:L3027F;ORF1a:M3030V;ORF1a:L3034I;ORF1a:G3050V;ORF1a:G3050G;ORF1a:V3053V;ORF1a:I3055N;ORF1a:F3064V;ORF1a:V3077V;ORF1a:L3083*;ORF1a:T3090I;ORF1a:L3092P,7,436,0.0160550458715596,0,
2192026,BA.2_0.03_abundance_0.1,T9247C;C9344T;A9424G,ORF1a:A2994A;ORF1a:L3027F;ORF1a:V3053V,46,1022,0.0450097847358121,233,BA.5.1:26;BA.5.2.19:5;BA.5.2.7:1;BA.5.2.1:36;BA.2.10.1:1;BA.2:47;BA.5.1.10:3;BA.2.2:1;BQ.1.1.22:1;BQ.1:7;BF.7:2;BA.4.6:6;BQ.1.1:17;BA.2.9:14;BA.5.9:2;BA.2.12.1:4;BA.4:15;BA.5.2.23:2;BA.2.3:15;BF.7.5:4;BA.5.2:12;BF.21:1;BA.2.10:1;BA.4.1:1;BA.5.5.1:1;BA.2.4:1;BA.2.56:2;BA.5.5:2;BA.5.3.1:1;BQ.1.1.18:1;CK.2.1.1:1
2192026,BA.2_0.03_abundance_0.1,T9247C;C9344T;A9424G;C9534T,ORF1a:A2994A;ORF1a:L3027F;ORF1a:V3053V;ORF1a:T3090I,250,870,0.2873563218390804,228,BA.5.1:25;BA.5.2.19:5;BA.5.2.7:1;BA.5.2.1:36;BA.2.10.1:1;BA.2:47;BA.2.2:1;BQ.1.1.22:1;BQ.1:7;BF.7:2;BA.4.6:5;BQ.1.1:17;BA.2.9:14;BA.5.9:2;BA.2.12.1:4;BA.4:15;BA.5.2.23:2;BA.2.3:14;BF.7.5:4;BA.5.2:12;BF.21:1;BA.2.10:1;BA.4.1:1;BA.5.5.1:1;BA.2.4:1;BA.2.56:2;BA.5.1.10:1;BA.5.5:2;BA.5.3.1:1;BQ.1.1.18:1;CK.2.1.1:1
2192026,BA.2_0.03_abundance_0.1,T9513A;C9534T;T9540C;C9745A;A9760T;T9765A;G9770A;G9805A;T9813A,ORF1a:L3083*;ORF1a:T3090I;ORF1a:L3092P;ORF1a:Y3160*;ORF1a:V3165V;ORF1a:F3167Y;ORF1a:G3169S;ORF1a:L3180L;ORF1a:F3183Y,8,430,0.0186046511627906,0,
2192026,BA.2_0.03_abundance_0.1,T9513A;C9534T;T9540C;C9745A;A9760T;T9765A;G9770A;G9805A;T9813A;A9820T,ORF1a:L3083*;ORF1a:T3090I;ORF1a:L3092P;ORF1a:Y3160*;ORF1a:V3165V;ORF1a:F3167Y;ORF1a:G3169S;ORF1a:L3180L;ORF1a:F3183Y;ORF1a:L3185F,9,187,0.0481283422459893,0,
2192026,BA.2_0.03_abundance_0.1,C9534T;T9540C;C9745A;A9760T;T9765A;G9770A;G9805A;T9813A;A9820T,ORF1a:T3090I;ORF1a:L3092P;ORF1a:Y3160*;ORF1a:V3165V;ORF1a:F3167Y;ORF1a:G3169S;ORF1a:L3180L;ORF1a:F3183Y;ORF1a:L3185F,16,556,0.0287769784172661,0,
2192026,BA.2_0.03_abundance_0.1,A10760G;A10767G;T10769G;A10781G;A10884T;C10969G;G10986A,ORF1a:K3499E;ORF1a:N3501S;ORF1a:Y3502D;ORF1a:T3506A;ORF1a:N3540I;ORF1a:F3568L;ORF1a:R3574K,41,1483,0.0276466621712744,0,
2192026,BA.2_0.03_abundance_0.1,A10760G;A10767G;T10769G;A10781G;A10884T;C10969G;G10986A;A11041T,ORF1a:K3499E;ORF1a:N3501S;ORF1a:Y3502D;ORF1a:T3506A;ORF1a:N3540I;ORF1a:F3568L;ORF1a:R3574K;ORF1a:L3592F,5,179,0.0279329608938547,0,
2192026,BA.2_0.03_abundance_0.1,A10760G;A10767G;T10769G;A10781G;A10884T;C10969G;G10986A;A11041T;T11045A,ORF1a:K3499E;ORF1a:N3501S;ORF1a:Y3502D;ORF1a:T3506A;ORF1a:N3540I;ORF1a:F3568L;ORF1a:R3574K;ORF1a:L3592F;ORF1a:L3594I,7,75,0.0933333333333333,0,
2192026,BA.2_0.03_abundance_0.1,A11041T;T11045A;C11060G;T11137C;C11152T;T11180G;G11198T;C11208G;G11222A;A11237T;A11270T;G11312T,ORF1a:L3592F;ORF1a:L3594I;ORF1a:Q3599E;ORF1a:F3624F;ORF1a:V3629V;ORF1a:F3639V;ORF1a:A3645S;ORF1a:A3648G;ORF1a:V3653I;ORF1a:S3658C;ORF1a:M3669L;ORF1a:V3683F,40,1014,0.039447731755424,0,
2192026,BA.2_0.03_abundance_0.1,T11675G;C11685G;T11705C;T11725C;A11841T;T11864A,ORF1a:F3804V;ORF1a:T3807S;ORF1a:L3814L;ORF1a:F3820F;ORF1a:Q3859L;ORF1a:C3867S,24,569,0.0421792618629174,0,
2192026,BA.2_0.03_abundance_0.1,T11918G;C11967G;T12017C;G12019A;C12029T;C12084G;T12109C;G12131T;T12204C,ORF1a:S3885A;ORF1a:A3901G;ORF1a:L3918L;ORF1a:L3918L;ORF1a:Q3922*;ORF1a:T3940S;ORF1a:F3948F;ORF1a:A3956S;ORF1a:L3980S,66,1793,0.0368098159509202,0,
2192026,BA.2_0.03_abundance_0.1,T12204C;A12250G;A12272G;A12273G;A12306C;A12307T;G12311A;A12337T;G12373C;T12375A;A12397G;G12419T,ORF1a:L3980S;ORF1a:A3995A;ORF1a:K4003E;ORF1a:K4003R;ORF1a:K4014T;ORF1a:K4014N;ORF1a:A4016T;ORF1a:K4024N;ORF1a:M4036I;ORF1a:L4037H;ORF1a:A4044A;ORF1a:A4052S,17,793,0.0214375788146279,0,
2192026,BA.2_0.03_abundance_0.1,T12204C;A12250G;A12272G;A12306C;A12307T;G12311A;A12337T;G12373C;T12375A;A12397G;G12419T,ORF1a:L3980S;ORF1a:A3995A;ORF1a:K4003E;ORF1a:K4014T;ORF1a:K4014N;ORF1a:A4016T;ORF1a:K4024N;ORF1a:M4036I;ORF1a:L4037H;ORF1a:A4044A;ORF1a:A4052S,11,793,0.0138713745271122,0,
2192026,BA.2_0.03_abundance_0.1,A12782C;A12800C;C12809A;C12830A;T12856G;T12874A;C12880T;A12898G;A12936C;A12951T;A12960C;A12977T;G12989A;C13047G,ORF1a:N4173H;ORF1a:R4179R;ORF1a:L4182I;ORF1a:Q4189K;ORF1a:P4197P;ORF1a:G4203G;ORF1a:I4205I;ORF1a:P4211P;ORF1a:K4224T;ORF1a:Y4229F;ORF1a:K4232T;ORF1a:N4238Y;ORF1a:V4242I;ORF1a:P4261R,83,2304,0.0360243055555555,0,
2192026,BA.2_0.03_abundance_0.1,C13047G;C13130G;A13204C;T13227C;C13236T;T13241C;G13293A;A13300T;T13331A,ORF1a:P4261R;ORF1a:Q4289E;ORF1a:E4313D;ORF1a:F4321S;ORF1a:A4324V;ORF1a:C4326R;ORF1a:C4343Y;ORF1a:L4345F;ORF1a:C4356S,150,3595,0.0417246175243393,0,
2192026,BA.2_0.03_abundance_0.1,A13675G;A13691T;T13705G;A13712G;C13808T,ORF1b:N70D;ORF1b:E75V;ORF1b:L80V;ORF1b:K82R;ORF1b:T114I,6,77,0.0779220779220779,0,
2192026,BA.2_0.03_abundance_0.1,G13948T;C14006A;T14042G;T14064C;T14082G;A14107T;C14114A;C14115A;T14132C;T14152C;A14205G;T14238A,ORF1b:D161Y;ORF1b:T180K;ORF1b:I192S;ORF1b:D199D;ORF1b:G205G;ORF1b:I214L;ORF1b:T216N;ORF1b:T216T;ORF1b:V222A;ORF1b:Y229H;ORF1b:S246S;ORF1b:I257I,9,296,0.0304054054054054,0,
2192026,BA.2_0.03_abundance_0.1,G13948T;C14006A;T14042G;T14064C;T14082G;A14107T;C14114A;C14115A;T14132C;T14152C;A14205G;T14238A;G14260T,ORF1b:D161Y;ORF1b:T180K;ORF1b:I192S;ORF1b:D199D;ORF1b:G205G;ORF1b:I214L;ORF1b:T216N;ORF1b:T216T;ORF1b:V222A;ORF1b:Y229H;ORF1b:S246S;ORF1b:I257I;ORF1b:D265Y,6,122,0.0491803278688524,0,
2192026,BA.2_0.03_abundance_0.1,C14006A;T14042G;T14064C;T14082G;A14107T;C14114A;C14115A;T14132C;T14152C;A14205G;T14238A;G14260T,ORF1b:T180K;ORF1b:I192S;ORF1b:D199D;ORF1b:G205G;ORF1b:I214L;ORF1b:T216N;ORF1b:T216T;ORF1b:V222A;ORF1b:Y229H;ORF1b:S246S;ORF1b:I257I;ORF1b:D265Y,24,853,0.0281359906213364,0,
2192026,BA.2_0.03_abundance_0.1,C14006A;T14042G;T14064C;T14082G;A14107T;C14114A;C14115A;T14132C;T14152C;A14205G;T14238A,ORF1b:T180K;ORF1b:I192S;ORF1b:D199D;ORF1b:G205G;ORF1b:I214L;ORF1b:T216N;ORF1b:T216T;ORF1b:V222A;ORF1b:Y229H;ORF1b:S246S;ORF1b:I257I,34,2026,0.016781836130306,0,
2192026,BA.2_0.03_abundance_0.1,C14106G;T14127C,ORF1b:F213L;ORF1b:S220S,150,2231,0.0672344240251008,0,
2192026,BA.2_0.03_abundance_0.1,G14260T;A14302G;C14318A;A14339G;A14355G;C14408T;T14418C;A14457T;T14543C,ORF1b:D265Y;ORF1b:K279E;ORF1b:T284K;ORF1b:N291S;ORF1b:R296R;ORF1b:P314L;ORF1b:F317F;ORF1b:P330P;ORF1b:F359S,16,479,0.0334029227557411,0,
2192026,BA.2_0.03_abundance_0.1,T15560G;A15582C;T15584C;A15626T;T15686G;C15714T;T15733C;T15817A;G15850A,ORF1b:L698R;ORF1b:K705N;ORF1b:I706T;ORF1b:E720V;ORF1b:L740W;ORF1b:L749L;ORF1b:C756R;ORF1b:F784I;ORF1b:D795N,20,729,0.027434842249657,0,
2192026,BA.2_0.03_abundance_0.1,T15560G;A15582C;T15584C;A15626T;T15686G;C15714T;T15733C;T15817A,ORF1b:L698R;ORF1b:K705N;ORF1b:I706T;ORF1b:E720V;ORF1b:L740W;ORF1b:L749L;ORF1b:C756R;ORF1b:F784I,90,3141,0.0286532951289398,0,
2192026,BA.2_0.03_abundance_0.1,T15880C;T15953A;T16023G;T16024C;T16025G;C16028T;G16075A;T16154G;T16157C;T16161G,ORF1b:S805P;ORF1b:L829Q;ORF1b:S852S;ORF1b:L853L;ORF1b:L853*;ORF1b:A854V;ORF1b:D870N;ORF1b:V896G;ORF1b:M897T;ORF1b:L898L,32,895,0.035754189944134,0,
2192026,BA.2_0.03_abundance_0.1,C16234T;C16247G;T16287C;A16318C;A16341C;T16366A,ORF1b:Q923*;ORF1b:A927G;ORF1b:G940G;ORF1b:K951Q;ORF1b:I958I;ORF1b:S967T,6,390,0.0153846153846153,0,
2192026,BA.2_0.03_abundance_0.1,T16796A;T16860G;T17016A;C17069G,ORF1b:V1110E;ORF1b:A1131A;ORF1b:D1183E;ORF1b:S1201C,27,921,0.0293159609120521,0,
2192026,BA.2_0.03_abundance_0.1,A17300C;G17325A;C17410T,ORF1b:Y1278S;ORF1b:L1286L;ORF1b:R1315C,801,1979,0.4047498736735725,0,
2192026,BA.2_0.03_abundance_0.1,A17300C;C17410T,ORF1b:Y1278S;ORF1b:R1315C,617,1979,0.3117736230419404,0,
2192026,BA.2_0.03_abundance_0.1,A17300C;G17325A,ORF1b:Y1278S;ORF1b:L1286L,457,3016,0.151525198938992,0,
2192026,BA.2_0.03_abundance_0.1,G17325A;C17410T,ORF1b:L1286L;ORF1b:R1315C,329,1979,0.1662455785750379,78,BF.5:13;BA.5.1:2;CL.1:5;BA.5.2.1:8;BA.2.75:1;BA.5.2.37:19;BA.2:8;BA.5.2:3;BA.5.1.23:5;BA.2.12.1:3;BA.2.36:1;BA.5.1.24:1;BF.4:4;BA.5.2.20:1;BA.2.38.4:2;BA.5.1.1:1;CM.2:1
2192026,BA.2_0.03_abundance_0.1,C17410T;A17627T,ORF1b:R1315C;ORF1b:H1387L,226,380,0.5947368421052631,1,BA.5.2:1
2192026,BA.2_0.03_abundance_0.1,C17410T;A17431G;A17477C;A17482G;C17483A;A17515G;A17542C;C17555T;A17576C;T17582C;A17627T;C17707G,ORF1b:R1315C;ORF1b:I1322V;ORF1b:K1337T;ORF1b:T1339A;ORF1b:T1339K;ORF1b:R1350G;ORF1b:M1359L;ORF1b:T1363I;ORF1b:E1370A;ORF1b:V1372A;ORF1b:H1387L;ORF1b:P1414A,7,360,0.0194444444444444,0,
2192026,BA.2_0.03_abundance_0.1,A17431G;A17477C;A17482G;C17483A;A17515G;A17542C;C17555T;A17576C;T17582C;C17707G,ORF1b:I1322V;ORF1b:K1337T;ORF1b:T1339A;ORF1b:T1339K;ORF1b:R1350G;ORF1b:M1359L;ORF1b:T1363I;ORF1b:E1370A;ORF1b:V1372A;ORF1b:P1414A,36,2842,0.0126671358198451,0,
2192026,BA.2_0.03_abundance_0.1,A17431G;A17477C;A17482G;C17483A;A17515G;A17542C;C17555T;A17576C;T17582C;A17627T;C17707G,ORF1b:I1322V;ORF1b:K1337T;ORF1b:T1339A;ORF1b:T1339K;ORF1b:R1350G;ORF1b:M1359L;ORF1b:T1363I;ORF1b:E1370A;ORF1b:V1372A;ORF1b:H1387L;ORF1b:P1414A,45,2842,0.0158339197748064,0,
2192026,BA.2_0.03_abundance_0.1,G18122C;A18163G,ORF1b:S1552T;ORF1b:I1566V,263,770,0.3415584415584415,1,BA.5.2:1
2192026,BA.2_0.03_abundance_0.1,G18627C;T18741A;C18747T;C18775G;A18798T;C18823A;C18828A;A18868C,ORF1b:K1720N;ORF1b:D1758E;ORF1b:V1760V;ORF1b:Q1770E;ORF1b:L1777L;ORF1b:Q1786K;ORF1b:V1787V;ORF1b:T1801P,25,610,0.040983606557377,0,
2192026,BA.2_0.03_abundance_0.1,T18741A;C18747T;C18775G;A18798T;C18823A;C18828A;A18868C,ORF1b:D1758E;ORF1b:V1760V;ORF1b:Q1770E;ORF1b:L1777L;ORF1b:Q1786K;ORF1b:V1787V;ORF1b:T1801P,96,3741,0.0256615878107457,0,
2192026,BA.2_0.03_abundance_0.1,A19002C;A19223C,ORF1b:L1845F;ORF1b:N1919T,95,337,0.2818991097922849,0,
2192026,BA.2_0.03_abundance_0.1,T19025G;C19097G;T19139G;G19193T;A19210C;C19220A;A19223C;T19224C,ORF1b:L1853R;ORF1b:A1877G;ORF1b:F1891C;ORF1b:W1909L;ORF1b:R1915R;ORF1b:A1918D;ORF1b:N1919T;ORF1b:N1919N,10,337,0.029673590504451,0,
2192026,BA.2_0.03_abundance_0.1,T19025G;C19097G;T19139G;G19193T;A19210C;C19220A;T19224C,ORF1b:L1853R;ORF1b:A1877G;ORF1b:F1891C;ORF1b:W1909L;ORF1b:R1915R;ORF1b:A1918D;ORF1b:N1919N,6,337,0.0178041543026706,0,
2192026,BA.2_0.03_abundance_0.1,T20612G;A20814T,ORF1b:L2382R;ORF1b:Q2449H,16,662,0.0241691842900302,0,
2192026,BA.2_0.03_abundance_0.1,T20989A;G21029T,ORF1b:L2508M;ORF1b:W2521L,39,884,0.0441176470588235,0,
2192026,BA.2_0.03_abundance_0.1,T21140A;A21244C,ORF1b:L2558Q;ORF1b:N2593H,16,85,0.188235294117647,0,
2192026,BA.2_0.03_abundance_0.1,A21244C;A21338G,ORF1b:N2593H;ORF1b:N2624S,14,79,0.1772151898734177,0,
2192026,BA.2_0.03_abundance_0.1,C21707A;G21746C;C21762A;C21840T;T21841G;T21842G;A21865C;A21875T;C21903G;T21940A;G21950T;G21987A,S:H49N;S:V62L;S:A67D;S:A93V;S:A93A;S:S94A;S:I101I;S:I105F;S:T114S;S:V126V;S:V130F;S:G142D,12,424,0.0283018867924528,0,
2192026,BA.2_0.03_abundance_0.1,A21712G;G21987A,S:S50S;S:G142D,5,424,0.0117924528301886,152,AY.120:2;BA.2.3:2;BA.5.2:4;AY.44:22;AY.103:5;AY.117:2;BF.10:6;BA.2:16;AY.122:5;BA.2.9:50;BA.2.3.20:1;AY.43:2;AY.4:4;BA.2.12.1:6;AY.85:5;BA.2.38.3:2;AY.100:4;BA.5.2.1:1;AY.23:2;BA.2.76:1;XBB.2:1;BF.4:2;AY.4.2.2:1;BA.2.9.5:2;AY.101:1;BE.1.1:1;AY.5.4:1;BA.5.6:1
2192026,BA.2_0.03_abundance_0.1,T21740A;G21987A,S:S60T;S:G142D,10,424,0.0235849056603773,44,AY.44:26;AY.103:1;AY.46.4:1;AY.111:1;AY.26:5;BA.5.1:1;BA.5.2.1:1;BN.1.2:1;AY.69:1;XJ:1;AY.6:1;AY.4:1;BA.2.75:1;BN.1.2.1:2
2192026,BA.2_0.03_abundance_0.1,T21740A;T21890G;G21987A,S:S60T;S:L110V;S:G142D,7,424,0.0165094339622641,0,
2192026,BA.2_0.03_abundance_0.1,A21768C;G21987A,S:H69P;S:G142D,17,424,0.0400943396226415,63,BF.5:4;BA.5.6:4;BE.1.2.1:1;BF.27:1;BA.5.5:3;BA.5.1.1:2;BE.1.2:1;BF.10:1;BA.5.2.1:15;BA.4:2;BA.5.2.20:1;BA.5.1:2;BA.4.1:3;BA.5.1.10:2;AY.20:1;BA.2:1;BA.4.4:1;BA.5.2.9:2;BA.5.2:6;AY.85:2;BE.1.1:1;BA.5.2.21:1;BF.1:1;BE.1:1;BF.4:1;BA.5.1.15:1;BF.28:2
2192026,BA.2_0.03_abundance_0.1,A21768C;T21890G;G21987A,S:H69P;S:L110V;S:G142D,8,424,0.0188679245283018,0,
2192026,BA.2_0.03_abundance_0.1,T21890G;G21987A,S:L110V;S:G142D,121,424,0.285377358490566,185,AY.112:1;AY.127:19;B.1.617.2:116;AY.44:1;AY.25:3;AY.122:8;AY.100:3;AY.43:1;BA.1:7;AY.59:6;AY.101:4;AY.4:1;AY.77:2;AY.119:2;AY.46:2;AY.103:1;AY.106:2;AY.30:1;AY.121:2;AY.69:1;AY.33:2
2192026,BA.2_0.03_abundance_0.1,T22200G;T22307A,S:V213G;S:L249M,99,386,0.2564766839378238,7,BA.2.75:7
2192026,BA.2_0.03_abundance_0.1,C22617T;C22674T;T22679C;C22686T;A22688G;G22775A,S:A352V;S:S371F;S:S373P;S:S375F;S:T376A;S:D405N,8,209,0.0382775119617224,23,BF.5:1;BA.5.2.43:1;BA.2.10:2;BA.5.2.9:1;BA.2.12.1:1;BF.4:1;BE.3:2;BA.2:8;BA.5.2:2;BA.2.82:1;BQ.1.1:1;BA.5.2.26:1;BF.10:1
2192026,BA.2_0.03_abundance_0.1,A22934G;G22992A;C22995A;A23013C;A23040G,S:K458E;S:S477N;S:T478K;S:E484A;S:Q493R,38,99,0.3838383838383838,38,BA.2.31:4;BA.1.1:1;BA.2.74:1;BA.2:18;BA.2.38:3;BA.2.3:2;BA.2.56:9
2192026,BA.2_0.03_abundance_0.1,A22934G;G22992A;C22995A;A23013C;A23021C;A23040G,S:K458E;S:S477N;S:T478K;S:E484A;S:N487H;S:Q493R,29,99,0.2929292929292929,0,
2192026,BA.2_0.03_abundance_0.1,G22992A;C22995A;A23013C;A23021C;A23040G,S:S477N;S:T478K;S:E484A;S:N487H;S:Q493R,15,99,0.1515151515151515,1,BA.1.1:1
2192026,BA.2_0.03_abundance_0.1,T23189C;A23232C;T23287A;A23305C;C23327G;T23338A;G23340C;A23379T;A23403G;T23421C;C23439G;A23445T;A23446C;G23465A,S:F543L;S:K557T;S:A575A;S:T581T;S:P589A;S:F592L;S:G593A;S:N606I;S:D614G;S:V620A;S:A626G;S:Q628L;S:Q628H;S:V635I,25,888,0.0281531531531531,0,
2192026,BA.2_0.03_abundance_0.1,T23599G;C23604A;A23648T,S:N679K;S:P681H;S:T696S,30,325,0.0923076923076923,4,BQ.1.1:1;BA.2.10:1;BA.2.5:1;BA.1.1:1
2192026,BA.2_0.03_abundance_0.1,G24234T;A24241G;A24248T;C24270T;A24273T;T24274A;G24291A;G24301C;A24302C;T24304G;A24321C;A24325G;A24336G,S:G891V;S:A893A;S:I896L;S:A903V;S:Y904F;S:Y904*;S:G910E;S:Q913H;S:N914H;S:N914K;S:Q920P;S:K921K;S:N925S,5,269,0.0185873605947955,0,
2192026,BA.2_0.03_abundance_0.1,G24234T;A24241G;A24248T;C24270T;A24273T;T24274A;G24291A;G24301C;A24302C;T24304G;A24321C;A24325G;A24336G;A24424T,S:G891V;S:A893A;S:I896L;S:A903V;S:Y904F;S:Y904*;S:G910E;S:Q913H;S:N914H;S:N914K;S:Q920P;S:K921K;S:N925S;S:Q954H,6,188,0.0319148936170212,0,
2192026,BA.2_0.03_abundance_0.1,A24791C;C24792A;C24909A;T24929A;T24946G;A24952G;C24990A;C25000T,S:T1077P;S:T1077N;S:T1116N;S:S1123T;S:V1128V;S:I1130M;S:P1143H;S:D1146D,16,899,0.0177975528364849,0,
2192026,BA.2_0.03_abundance_0.1,A24791C;C24792A;T24814A;C24909A;T24929A;T24946G;A24952G;C24990A;C25000T,S:T1077P;S:T1077N;S:D1084E;S:T1116N;S:S1123T;S:V1128V;S:I1130M;S:P1143H;S:D1146D,11,899,0.0122358175750834,0,
2192026,BA.2_0.03_abundance_0.1,T24814A;C25000T,S:D1084E;S:D1146D,393,899,0.4371523915461624,123,BA.5.2.7:1;BA.4.6:19;BA.5.1:1;BA.2.23:1;BA.1.15:1;BA.1.21:4;BA.2:10;BA.5.2.6:5;BK.1:1;BA.1.1:7;BQ.1.8:2;BA.5.8:9;BA.1.1.14:1;BA.5.2.2:1;BF.7.5.1:18;BA.2.24:1;BE.1:1;BA.2.12.1:2;BA.1:6;BA.5.2.1:6;BA.5.2.21:1;BA.1.1.2:2;BA.1.17.2:5;BQ.1.1:1;BF.31:1;BA.1.1.13:1;BA.2.76:1;BA.4.1:2;BA.2.3:8;BQ.1.1.11:1;BF.5:1;BA.2.75:1;BA.5.9:1
2192026,BA.2_0.03_abundance_0.1,T25343A;C25584T,S:S1261T;ORF3a:T64T,587,2878,0.2039610840861709,46,BA.2:36;BA.4.6:3;BA.2.38:2;BA.2.9:2;BQ.1.1.28:1;BA.1.1:1;BA.2.12.1:1
2192026,BA.2_0.03_abundance_0.1,G25364A;A25426G;T25434C;G25437A;C25487G;A25512G;T25520C;G25540A;T25557C;C25584T;G25593T;C25603T;T25604G;G25606C,S:V1268I;ORF3a:T12A;ORF3a:T14T;ORF3a:L15L;ORF3a:T32S;ORF3a:S40S;ORF3a:F43S;ORF3a:V50I;ORF3a:V55V;ORF3a:T64T;ORF3a:K67N;ORF3a:L71L;ORF3a:L71R;ORF3a:A72P,87,2852,0.0305049088359046,0,
2192026,BA.2_0.03_abundance_0.1,T26047A;C26270T,ORF3a:L219M;E:T9I,13,38,0.3421052631578947,1,BA.1.1:1
2192026,BA.2_0.03_abundance_0.1,T26047A;A26206G;C26270T,ORF3a:L219M;ORF3a:S272G;E:T9I,6,38,0.1578947368421052,0,
2192026,BA.2_0.03_abundance_0.1,C26270T;T26443G,E:T9I;E:S67A,7,98,0.0714285714285714,23,BA.1.1:14;BA.2.38:1;BA.2:1;BA.1:1;BA.4.1.1:2;BA.1.17.2:1;BA.2.12.1:2;BA.4.1:1
2192026,BA.2_0.03_abundance_0.1,C26577G;G26709A;G26824C;C26858T,M:Q19E;M:A63T;M:R101T;M:F112F,214,3605,0.0593619972260748,0,
2192026,BA.2_0.03_abundance_0.1,C26577G;C26642G;T26677A;A26702G;G26709A;T26723C;G26727A;T26756G;C26768G;T26819G;C26845A;C26858T,M:Q19E;M:A40A;M:I52N;M:V60V;M:A63T;M:L67L;M:A69T;M:G78G;M:I82M;M:S99S;M:S108Y;M:F112F,51,3604,0.0141509433962264,0,
2192026,BA.2_0.03_abundance_0.1,C26577G;C26642G;T26677A;A26702G;G26709A;T26723C;G26727A;T26756G;C26768G;T26819G;C26845A;C26858T;A26874C,M:Q19E;M:A40A;M:I52N;M:V60V;M:A63T;M:L67L;M:A69T;M:G78G;M:I82M;M:S99S;M:S108Y;M:F112F;M:I118L,59,1598,0.0369211514392991,0,
2192026,BA.2_0.03_abundance_0.1,G26959T;G26961A,M:R146L;M:G147R,5,222,0.0225225225225225,9,BA.1.1:1;BA.2.10:7;BA.2.38:1
2192026,BA.2_0.03_abundance_0.1,T27178A;A27187T;G27217A;A27234C;T27251G;A27302G;A27313T;T27319G;G27366T;G27382C;A27383T;T27384C;C27416G;A27417G;A27477C,M:L219*;M:Q222L;ORF6:D6N;ORF6:I11I;ORF6:I17S;ORF6:N34S;ORF6:K38*;ORF6:L40V;ORF6:E55D;ORF6:D61H;ORF6:D61V;ORF6:D61D;ORF7a:A8G;ORF7a:A8A;ORF7a:T28T,15,628,0.0238853503184713,0,
2192026,BA.2_0.03_abundance_0.1,A27187T;G27217A;A27234C;T27251G;A27302G;A27313T;T27319G;G27366T;G27382C;A27383T;T27384C;C27416G;A27417G;A27477C,M:Q222L;ORF6:D6N;ORF6:I11I;ORF6:I17S;ORF6:N34S;ORF6:K38*;ORF6:L40V;ORF6:E55D;ORF6:D61H;ORF6:D61V;ORF6:D61D;ORF7a:A8G;ORF7a:A8A;ORF7a:T28T,22,1472,0.014945652173913,0,
2192026,BA.2_0.03_abundance_0.1,G27382C;A27383T;T27384C;T27447C,ORF6:D61H;ORF6:D61V;ORF6:D61D;ORF7a:Y18Y,273,1574,0.1734434561626429,215,BA.2.3.17:1;BA.2:103;BA.2.24:1;BA.2.3:4;BA.2.31:4;BA.2.12.1:25;BA.2.1:1;BA.2.75:46;BA.4.1:1;BA.2.9:7;BA.4.6:9;BA.2.38:3;XBB:1;BN.1.4:1;BA.2.18:4;BA.4:1;BA.2.14:1;BA.2.3.1:1;BA.2.76:1
2192026,BA.2_0.03_abundance_0.1,T27851G;A27859T;T27863C;C27944T;T27953A;T28002A;T28017A;T28029C;A28095G;A28126C,ORF7b:L32L;ORF7b:Q35L;ORF7b:D36D;ORF8:H17H;ORF8:C20*;ORF8:C37S;ORF8:Y42N;ORF8:Y46H;ORF8:K68E;ORF8:N78T,12,421,0.0285035629453681,0,
2192026,BA.2_0.03_abundance_0.1,T27851G;A27859T;T27863C;C27944T;T27953A;T28002A;T28017A;T28029C;A28095G,ORF7b:L32L;ORF7b:Q35L;ORF7b:D36D;ORF8:H17H;ORF8:C20*;ORF8:C37S;ORF8:Y42N;ORF8:Y46H;ORF8:K68E,8,523,0.0152963671128107,0,
2192026,BA.2_0.03_abundance_0.1,A28126C;G28178T;C28205A;T28206A;C28311T;G28325T;C28377T;A28387C,ORF8:N78T;ORF8:L95F;ORF8:F104L;ORF8:Y105N;N:P13L;N:G18C;N:A35V;N:K38N,97,3680,0.0263586956521739,0,
2192026,BA.2_0.03_abundance_0.1,A28126C;G28178T;C28205A;T28206A;C28311T;G28325T;C28377T;A28387C;G28429T,ORF8:N78T;ORF8:L95F;ORF8:F104L;ORF8:Y105N;N:P13L;N:G18C;N:A35V;N:K38N;N:W52C,23,696,0.0330459770114942,0,
2192026,BA.2_0.03_abundance_0.1,G28429T;G28479A;A28496G;C28500T;C28512A;C28542T;A28549C;A28571T;T28640G;T28667A;C28708A,N:W52C;N:G69E;N:N75D;N:T76I;N:P80Q;N:A90V;N:R92S;N:K100*;N:Y123D;N:W132R;N:H145Q,11,345,0.0318840579710144,0,
2192026,BA.2_0.03_abundance_0.1,G28479A;A28496G;C28500T;C28512A;C28542T;A28549C;A28571T;T28640G;T28667A;C28708A,N:G69E;N:N75D;N:T76I;N:P80Q;N:A90V;N:R92S;N:K100*;N:Y123D;N:W132R;N:H145Q,24,1120,0.0214285714285714,0,
2192026,BA.2_0.03_abundance_0.1,G28479A;A28496G;C28500T;C28512A;C28542T;A28549C;A28571T;T28640G;T28667A;C28708A;G28747T,N:G69E;N:N75D;N:T76I;N:P80Q;N:A90V;N:R92S;N:K100*;N:Y123D;N:W132R;N:H145Q;N:V158V,5,123,0.040650406504065,0,
2192026,BA.2_0.03_abundance_0.1,C29045G;A29078C;G29135A;A29168G;C29198G;C29211G;A29237T;G29240A;G29262T;C29268G;T29308G,N:P258A;N:N269H;N:D288N;N:K299E;N:P309A;N:A313G;N:M322L;N:E323K;N:W330L;N:T332S;N:N345K,86,2438,0.0352748154224774,0,
2192026,BA.2_0.03_abundance_0.1,T29092G;G29156A,N:A273A;N:G295R,72,2619,0.0274914089347079,0,
2192026,BA.2_0.03_abundance_0.1,C29456A;A29510C;T29531G,N:L395I;N:S413R;N:*420GluexX,17,99,0.1717171717171717,0,
2192026,BA.2_0.03_abundance_0.1,C29456A;A29510C,N:L395I;N:S413R,7,99,0.0707070707070707,10,BQ.1.15:1;BA.5.2.1:1;BA.2:2;BA.2.9:1;BA.5.1:5
2192026,BA.2_0.03_abundance_0.1,A29510C;T29531G,N:S413R;N:*420GluexX,56,99,0.5656565656565656,0,
2262026,BA.2_0.03_abundance_0.1,T276C;C320A;C366T;T369G,ORF1a:L4P;ORF1a:P19T;ORF1a:S34F;ORF1a:V35G,8,217,0.0368663594470046,0,
2262026,BA.2_0.03_abundance_0.1,C366T;T369G;C379T;A481T;C494G;A535T;T559G;A624C;A650C;T661A;T670G,ORF1a:S34F;ORF1a:V35G;ORF1a:V38V;ORF1a:K72N;ORF1a:R77G;ORF1a:A90A;ORF1a:G98G;ORF1a:K120T;ORF1a:K129Q;ORF1a:G132G;ORF1a:S135R,92,2017,0.045612295488349,0,
2262026,BA.2_0.03_abundance_0.1,T670G;A720C;C813T,ORF1a:S135R;ORF1a:D152A;ORF1a:T183I,13,276,0.0471014492753623,0,
2262026,BA.2_0.03_abundance_0.1,T670G;C813T,ORF1a:S135R;ORF1a:T183I,142,276,0.5144927536231884,505,BF.7.6:2;BA.5.10:1;BA.2.3:21;BE.1:90;BA.5.6:5;BA.5.2:37;BA.5.2.6:7;BA.5.2.1:34;BA.5.1:24;BA.2.5:1;BA.5:1;BA.2:165;BF.11:6;BA.5.2.22:1;BA.2.9:34;BA.4.6:20;XBB.1:1;BA.5.5:8;BQ.1.1.4:2;BA.2.36:1;BA.2.12.1:8;BF.7.5:1;BQ.1.1:2;BA.2.68:1;BA.5.8:1;BA.2.75.4:1;BA.2.3.7:1;BA.2.10:3;BA.4:2;BA.4.1:2;BF.7:1;BA.5.2.31:1;BF.7.4:1;BA.2.21:5;BA.2.75:2;BE.1.1:2;BQ.1.1.19:2;BA.5.9:1;BQ.1.14:4;BQ.1.12:1;BQ.1.1.5:1;BA.2.56:1
2262026,BA.2_0.03_abundance_0.1,T670G;A720C,ORF1a:S135R;ORF1a:D152A,6,276,0.0217391304347826,27,BA.2.12.1:6;BA.2.42:1;BA.5.6:2;BA.2.37:1;BA.5.5:8;BA.2:5;BA.5.1:1;BF.28:1;BA.5.2.14:1;BA.2.24:1
2262026,BA.2_0.03_abundance_0.1,A720C;C813T,ORF1a:D152A;ORF1a:T183I,112,2981,0.0375712848037571,0,
2262026,BA.2_0.03_abundance_0.1,C1026A;C1057G;T1081G;T1116A;A1133C;T1199C;C1201A;A1230C;A1249G;A1278C,ORF1a:P254H;ORF1a:D264E;ORF1a:N272K;ORF1a:I284N;ORF1a:K290Q;ORF1a:C312R;ORF1a:C312*;ORF1a:K322T;ORF1a:E328E;ORF1a:K338T,119,2126,0.0559736594543744,0,
2262026,BA.2_0.03_abundance_0.1,C1616T;T1654A;G1655T;G1736T;A1810G;C1825G;G1855A;C1889T,ORF1a:L451F;ORF1a:I463I;ORF1a:V464F;ORF1a:V491L;ORF1a:K515K;ORF1a:A520A;ORF1a:L530L;ORF1a:R542C,88,2130,0.0413145539906103,0,
2262026,BA.2_0.03_abundance_0.1,C1616T;T1654A;G1655T;A1810G;C1825G;G1855A;C1889T,ORF1a:L451F;ORF1a:I463I;ORF1a:V464F;ORF1a:K515K;ORF1a:A520A;ORF1a:L530L;ORF1a:R542C,25,2130,0.0117370892018779,0,
2262026,BA.2_0.03_abundance_0.1,C2262G;G2265C;T2298G;A2342C;A2380T;A2466G;A2473C,ORF1a:T666S;ORF1a:C667S;ORF1a:F678C;ORF1a:I693L;ORF1a:L705F;ORF1a:K734R;ORF1a:P736P,43,836,0.0514354066985645,0,
2262026,BA.2_0.03_abundance_0.1,C2262G;G2265C;T2298G;A2342C;A2380T;A2466G;A2473C;G2547C,ORF1a:T666S;ORF1a:C667S;ORF1a:F678C;ORF1a:I693L;ORF1a:L705F;ORF1a:K734R;ORF1a:P736P;ORF1a:G761A,8,656,0.0121951219512195,0,
2262026,BA.2_0.03_abundance_0.1,G2282C;G2547C,ORF1a:E673Q;ORF1a:G761A,36,656,0.0548780487804878,0,
2262026,BA.2_0.03_abundance_0.1,C2892T;T2963A;C2976G;A2994T;A3003G;C3037T;T3055A;A3063T;A3098C;T3112G;T3124C,ORF1a:A876V;ORF1a:W900R;ORF1a:T904R;ORF1a:E910V;ORF1a:E913G;ORF1a:F924F;ORF1a:D930E;ORF1a:E933V;ORF1a:T945P;ORF1a:Y949*;ORF1a:D953D,36,599,0.0601001669449081,0,
2262026,BA.2_0.03_abundance_0.1,A3235G;C3315G;G3323C;A3327T;A3332T;G3371A;G3392A;A3396G;A3408C;T3432A;G3479T,ORF1a:Q990Q;ORF1a:T1017R;ORF1a:V1020L;ORF1a:Q1021L;ORF1a:I1023F;ORF1a:D1036N;ORF1a:A1043T;ORF1a:D1044G;ORF1a:E1048A;ORF1a:V1056E;ORF1a:A1072S,20,368,0.0543478260869565,0,
2262026,BA.2_0.03_abundance_0.1,T3367G;T3451A,ORF1a:L1034L;ORF1a:N1062K,7,394,0.0177664974619289,0,
2262026,BA.2_0.03_abundance_0.1,T3877G;A3887C;A3904C;T3968G;A4015C,ORF1a:A1204A;ORF1a:K1208Q;ORF1a:P1213P;ORF1a:C1235G;ORF1a:T1250T,9,155,0.0580645161290322,0,
2262026,BA.2_0.03_abundance_0.1,A4547C;A4593T,ORF1a:K1428Q;ORF1a:E1443V,49,542,0.0904059040590405,0,
2262026,BA.2_0.03_abundance_0.1,G4678C;T4693G;C4716T;A4731T;T4738A;T4771G;A4926G;A4971T,ORF1a:V1471V;ORF1a:S1476S;ORF1a:T1484I;ORF1a:Y1489F;ORF1a:T1491T;ORF1a:I1502M;ORF1a:D1554G;ORF1a:K1569M,29,597,0.0485762144053601,0,
2262026,BA.2_0.03_abundance_0.1,G4678C;T4693G;C4716T;A4731T;T4738A;T4771G;A4926G,ORF1a:V1471V;ORF1a:S1476S;ORF1a:T1484I;ORF1a:Y1489F;ORF1a:T1491T;ORF1a:I1502M;ORF1a:D1554G,9,724,0.0124309392265193,0,
2262026,BA.2_0.03_abundance_0.1,G7070T;C7101A;T7157A;T7166G;C7173G;T7217C;A7242G;T7288C;G7294C;C7307A;A7309C;T7325C;T7326C;T7327A,ORF1a:G2269C;ORF1a:A2279E;ORF1a:L2298I;ORF1a:Y2301D;ORF1a:S2303C;ORF1a:L2318L;ORF1a:E2326G;ORF1a:L2341L;ORF1a:L2343F;ORF1a:Q2348K;ORF1a:Q2348H;ORF1a:F2354L;ORF1a:F2354S;ORF1a:F2354L,15,338,0.044378698224852,0,
2262026,BA.2_0.03_abundance_0.1,C7101A;T7157A;T7166G;C7173G;T7217C;A7242G;T7288C;G7294C;C7307A;A7309C;T7325C;T7326C;T7327A,ORF1a:A2279E;ORF1a:L2298I;ORF1a:Y2301D;ORF1a:S2303C;ORF1a:L2318L;ORF1a:E2326G;ORF1a:L2341L;ORF1a:L2343F;ORF1a:Q2348K;ORF1a:Q2348H;ORF1a:F2354L;ORF1a:F2354S;ORF1a:F2354L,45,1084,0.0415129151291512,0,
2262026,BA.2_0.03_abundance_0.1,C7420G;T7477G,ORF1a:I2385M;ORF1a:C2404W,41,948,0.0432489451476793,0,
2262026,BA.2_0.03_abundance_0.1,G8018T;A8020T;T8038C;A8087T;T8119C;A8122T;A8159C;G8183T;A8211G;A8223T;A8241T;A8298G,ORF1a:E2585*;ORF1a:E2585D;ORF1a:F2591F;ORF1a:K2608*;ORF1a:A2618A;ORF1a:E2619D;ORF1a:T2632P;ORF1a:G2640W;ORF1a:K2649R;ORF1a:E2653V;ORF1a:H2659L;ORF1a:N2678S,59,1352,0.0436390532544378,0,
2262026,BA.2_0.03_abundance_0.1,G8018T;A8020T;T8038C;A8087T;T8119C;A8122T;A8159C;G8183T;A8211G;A8223T;A8241T,ORF1a:E2585*;ORF1a:E2585D;ORF1a:F2591F;ORF1a:K2608*;ORF1a:A2618A;ORF1a:E2619D;ORF1a:T2632P;ORF1a:G2640W;ORF1a:K2649R;ORF1a:E2653V;ORF1a:H2659L,30,1914,0.0156739811912225,0,
2262026,BA.2_0.03_abundance_0.1,C8299T;T8586A,ORF1a:N2678N;ORF1a:I2774N,8,128,0.0625,0,
2262026,BA.2_0.03_abundance_0.1,A8754G;C8912A,ORF1a:K2830R;ORF1a:H2883N,25,606,0.0412541254125412,0,
2262026,BA.2_0.03_abundance_0.1,G8952T;T8978G;G8999A;G9014C;G9035C;G9063C;G9083C;C9159G;G9182C;G9190C;A9197C;C9223T;G9233A,ORF1a:C2896F;ORF1a:Y2905D;ORF1a:A2912T;ORF1a:A2917P;ORF1a:D2924H;ORF1a:C2933S;ORF1a:E2940Q;ORF1a:P2965R;ORF1a:V2973L;ORF1a:V2975V;ORF1a:T2978P;ORF1a:H2986H;ORF1a:E2990K,11,450,0.0244444444444444,0,
2262026,BA.2_0.03_abundance_0.1,G8952T;T8978G;G8999A;G9014C;G9035C;G9063C;G9083C;C9159G;G9182C;G9190C;A9197C;C9223T,ORF1a:C2896F;ORF1a:Y2905D;ORF1a:A2912T;ORF1a:A2917P;ORF1a:D2924H;ORF1a:C2933S;ORF1a:E2940Q;ORF1a:P2965R;ORF1a:V2973L;ORF1a:V2975V;ORF1a:T2978P;ORF1a:H2986H,46,1109,0.0414788097385031,0,
2262026,BA.2_0.03_abundance_0.1,G8952T;T8978G;G8999A;G9014C;G9035C;G9063C;G9083C;C9159G;G9182C;G9190C;A9197C,ORF1a:C2896F;ORF1a:Y2905D;ORF1a:A2912T;ORF1a:A2917P;ORF1a:D2924H;ORF1a:C2933S;ORF1a:E2940Q;ORF1a:P2965R;ORF1a:V2973L;ORF1a:V2975V;ORF1a:T2978P,22,1312,0.0167682926829268,0,
2262026,BA.2_0.03_abundance_0.1,A9243G;G9273C;G9311A;G9335C;C9344T;A9353G;C9365A;G9414T;T9415G;A9424G;T9429A;T9455G;A9496G;T9513A;C9534T;T9540C,ORF1a:E2993G;ORF1a:R3003T;ORF1a:G3016R;ORF1a:V3024L;ORF1a:L3027F;ORF1a:M3030V;ORF1a:L3034I;ORF1a:G3050V;ORF1a:G3050G;ORF1a:V3053V;ORF1a:I3055N;ORF1a:F3064V;ORF1a:V3077V;ORF1a:L3083*;ORF1a:T3090I;ORF1a:L3092P,7,249,0.0281124497991967,0,
2262026,BA.2_0.03_abundance_0.1,G9273C;G9311A;G9335C;C9344T;A9353G;C9365A;G9414T;T9415G;A9424G;T9429A;T9455G;A9496G;T9513A;C9534T;T9540C,ORF1a:R3003T;ORF1a:G3016R;ORF1a:V3024L;ORF1a:L3027F;ORF1a:M3030V;ORF1a:L3034I;ORF1a:G3050V;ORF1a:G3050G;ORF1a:V3053V;ORF1a:I3055N;ORF1a:F3064V;ORF1a:V3077V;ORF1a:L3083*;ORF1a:T3090I;ORF1a:L3092P,11,435,0.025287356321839,0,
2262026,BA.2_0.03_abundance_0.1,T9513A;C9534T;T9540C;C9745A;A9760T;T9765A;G9770A;G9805A,ORF1a:L3083*;ORF1a:T3090I;ORF1a:L3092P;ORF1a:Y3160*;ORF1a:V3165V;ORF1a:F3167Y;ORF1a:G3169S;ORF1a:L3180L,7,582,0.0120274914089347,0,
2262026,BA.2_0.03_abundance_0.1,T9513A;C9534T;T9540C;C9745A;A9760T;T9765A;G9770A;G9805A;T9813A,ORF1a:L3083*;ORF1a:T3090I;ORF1a:L3092P;ORF1a:Y3160*;ORF1a:V3165V;ORF1a:F3167Y;ORF1a:G3169S;ORF1a:L3180L;ORF1a:F3183Y,10,487,0.0205338809034907,0,
2262026,BA.2_0.03_abundance_0.1,T9513A;C9534T;T9540C;C9745A;A9760T;T9765A;G9770A;G9805A;T9813A;T9819A;A9820T,ORF1a:L3083*;ORF1a:T3090I;ORF1a:L3092P;ORF1a:Y3160*;ORF1a:V3165V;ORF1a:F3167Y;ORF1a:G3169S;ORF1a:L3180L;ORF1a:F3183Y;ORF1a:L3185*;ORF1a:L3185F,10,231,0.0432900432900432,0,
2262026,BA.2_0.03_abundance_0.1,C9534T;T9540C;C9745A;A9760T;T9765A;G9770A;G9805A;T9813A,ORF1a:T3090I;ORF1a:L3092P;ORF1a:Y3160*;ORF1a:V3165V;ORF1a:F3167Y;ORF1a:G3169S;ORF1a:L3180L;ORF1a:F3183Y,17,1359,0.0125091979396615,0,
2262026,BA.2_0.03_abundance_0.1,C9534T;T9540C;C9745A;A9760T;T9765A;G9770A;G9805A;T9813A;T9819A;A9820T,ORF1a:T3090I;ORF1a:L3092P;ORF1a:Y3160*;ORF1a:V3165V;ORF1a:F3167Y;ORF1a:G3169S;ORF1a:L3180L;ORF1a:F3183Y;ORF1a:L3185*;ORF1a:L3185F,15,627,0.0239234449760765,0,
2262026,BA.2_0.03_abundance_0.1,C10029T;G9849A;C9866T,ORF1a:T3255I;ORF1a:S3195N;ORF1a:L3201F,196,328,0.5975609756097561,73,BA.2.36:1;BA.2:61;BA.2.14:7;BA.2.51:1;XBB.1.5:2;BA.2.75:1
2262026,BA.2_0.03_abundance_0.1,G9849A;C9866T,ORF1a:S3195N;ORF1a:L3201F,21,356,0.0589887640449438,73,BA.2.36:1;BA.2:61;BA.2.14:7;BA.2.51:1;XBB.1.5:2;BA.2.75:1
2262026,BA.2_0.03_abundance_0.1,T10000C;C10029T;T10045G;A10069T;T10076A;G9849A;C9866T;A9883C;T9915C;T9931C;G9947A;T9952A;T9958C;G9973C,ORF1a:G3245G;ORF1a:T3255I;ORF1a:A3260A;ORF1a:K3268N;ORF1a:F3271I;ORF1a:S3195N;ORF1a:L3201F;ORF1a:R3206S;ORF1a:F3217S;ORF1a:D3222D;ORF1a:E3228K;ORF1a:A3229A;ORF1a:C3231C;ORF1a:K3236N,9,328,0.0274390243902439,0,
2262026,BA.2_0.03_abundance_0.1,G10447A;C10449A;C10623G,ORF1a:R3394R;ORF1a:P3395H;ORF1a:T3453R,264,914,0.2888402625820569,7,BF.7:2;BA.5.2.1:1;BA.2:2;BA.2.38:1;BA.2.12.1:1
2262026,BA.2_0.03_abundance_0.1,A10760G;A10767G;T10769G;A10781G;A10884T;C10969G,ORF1a:K3499E;ORF1a:N3501S;ORF1a:Y3502D;ORF1a:T3506A;ORF1a:N3540I;ORF1a:F3568L,13,326,0.0398773006134969,0,
2262026,BA.2_0.03_abundance_0.1,A11041T;T11045A;C11060G;T11137C;C11152T;T11180G;G11198T;C11208G;G11222A;A11237T;A11270T;G11312T,ORF1a:L3592F;ORF1a:L3594I;ORF1a:Q3599E;ORF1a:F3624F;ORF1a:V3629V;ORF1a:F3639V;ORF1a:A3645S;ORF1a:A3648G;ORF1a:V3653I;ORF1a:S3658C;ORF1a:M3669L;ORF1a:V3683F,24,417,0.0575539568345323,0,
2262026,BA.2_0.03_abundance_0.1,A11041T;T11045A;C11060G;T11137C;C11152T;T11180G;G11198T;C11208G;G11222A;A11237T;A11270T;G11312T;C11339T,ORF1a:L3592F;ORF1a:L3594I;ORF1a:Q3599E;ORF1a:F3624F;ORF1a:V3629V;ORF1a:F3639V;ORF1a:A3645S;ORF1a:A3648G;ORF1a:V3653I;ORF1a:S3658C;ORF1a:M3669L;ORF1a:V3683F;ORF1a:L3692L,9,398,0.0226130653266331,0,
2262026,BA.2_0.03_abundance_0.1,T11075G;C11339T,ORF1a:F3604V;ORF1a:L3692L,7,414,0.0169082125603864,0,
2262026,BA.2_0.03_abundance_0.1,T11918G;C11967G;T12017C;G12019A;C12029T;C12084G;T12109C;G12131T;T12204C,ORF1a:S3885A;ORF1a:A3901G;ORF1a:L3918L;ORF1a:L3918L;ORF1a:Q3922*;ORF1a:T3940S;ORF1a:F3948F;ORF1a:A3956S;ORF1a:L3980S,109,1855,0.0587601078167115,0,
2262026,BA.2_0.03_abundance_0.1,T12204C;A12250G;A12272G;A12306C;A12307T;G12311A;A12337T;G12373C;T12375A;A12397G;G12419T,ORF1a:L3980S;ORF1a:A3995A;ORF1a:K4003E;ORF1a:K4014T;ORF1a:K4014N;ORF1a:A4016T;ORF1a:K4024N;ORF1a:M4036I;ORF1a:L4037H;ORF1a:A4044A;ORF1a:A4052S,46,682,0.0674486803519061,0,
2262026,BA.2_0.03_abundance_0.1,A12782C;A12800C;C12809A;C12830A;T12856G;T12874A;A12898G;A12936C;A12951T;A12960C;A12977T;G12989A;C13047G,ORF1a:N4173H;ORF1a:R4179R;ORF1a:L4182I;ORF1a:Q4189K;ORF1a:P4197P;ORF1a:G4203G;ORF1a:P4211P;ORF1a:K4224T;ORF1a:Y4229F;ORF1a:K4232T;ORF1a:N4238Y;ORF1a:V4242I;ORF1a:P4261R,102,2025,0.0503703703703703,0,
2262026,BA.2_0.03_abundance_0.1,C13047G;C13130G;A13204C;T13227C;C13236T;T13241C;G13293A;A13300T;T13331A,ORF1a:P4261R;ORF1a:Q4289E;ORF1a:E4313D;ORF1a:F4321S;ORF1a:A4324V;ORF1a:C4326R;ORF1a:C4343Y;ORF1a:L4345F;ORF1a:C4356S,132,2269,0.0581754076685764,0,
2262026,BA.2_0.03_abundance_0.1,A13675G;A13691T;T13705G;A13712G;C13808T;A13922C;G13948T,ORF1b:N70D;ORF1b:E75V;ORF1b:L80V;ORF1b:K82R;ORF1b:T114I;ORF1b:D152A;ORF1b:D161Y,12,182,0.0659340659340659,0,
2262026,BA.2_0.03_abundance_0.1,A13675G;A13691T;T13705G;A13712G;C13808T;A13922C,ORF1b:N70D;ORF1b:E75V;ORF1b:L80V;ORF1b:K82R;ORF1b:T114I;ORF1b:D152A,31,726,0.0426997245179063,0,
2262026,BA.2_0.03_abundance_0.1,G13948T;C14006A;T14042G;T14064C;T14082G;A14107T;C14114A;C14115A;T14132C;T14152C;A14205G;T14238A,ORF1b:D161Y;ORF1b:T180K;ORF1b:I192S;ORF1b:D199D;ORF1b:G205G;ORF1b:I214L;ORF1b:T216N;ORF1b:T216T;ORF1b:V222A;ORF1b:Y229H;ORF1b:S246S;ORF1b:I257I,13,363,0.0358126721763085,0,
2262026,BA.2_0.03_abundance_0.1,G13948T;C14006A;T14042G;T14064C;T14082G;A14107T;C14114A;C14115A;T14132C;T14152C;A14205G;T14238A;G14260T,ORF1b:D161Y;ORF1b:T180K;ORF1b:I192S;ORF1b:D199D;ORF1b:G205G;ORF1b:I214L;ORF1b:T216N;ORF1b:T216T;ORF1b:V222A;ORF1b:Y229H;ORF1b:S246S;ORF1b:I257I;ORF1b:D265Y,10,148,0.0675675675675675,0,
2262026,BA.2_0.03_abundance_0.1,C14006A;T14042G;T14064C;T14082G;A14107T;C14114A;C14115A;T14132C;T14152C;A14205G;T14238A;G14260T,ORF1b:T180K;ORF1b:I192S;ORF1b:D199D;ORF1b:G205G;ORF1b:I214L;ORF1b:T216N;ORF1b:T216T;ORF1b:V222A;ORF1b:Y229H;ORF1b:S246S;ORF1b:I257I;ORF1b:D265Y,52,1112,0.0467625899280575,0,
2262026,BA.2_0.03_abundance_0.1,C14006A;T14042G;T14064C;T14082G;A14107T;C14114A;C14115A;T14132C;T14152C;A14205G;T14238A,ORF1b:T180K;ORF1b:I192S;ORF1b:D199D;ORF1b:G205G;ORF1b:I214L;ORF1b:T216N;ORF1b:T216T;ORF1b:V222A;ORF1b:Y229H;ORF1b:S246S;ORF1b:I257I,79,2701,0.0292484265087004,0,
2262026,BA.2_0.03_abundance_0.1,T14238A;G14260T;A14302G;C14318A;A14339G;A14355G;C14408T;T14418C;A14457T;T14543C;A14550G,ORF1b:I257I;ORF1b:D265Y;ORF1b:K279E;ORF1b:T284K;ORF1b:N291S;ORF1b:R296R;ORF1b:P314L;ORF1b:F317F;ORF1b:P330P;ORF1b:F359S;ORF1b:E361E,5,98,0.0510204081632653,0,
2262026,BA.2_0.03_abundance_0.1,G14260T;A14302G;C14318A;A14339G;A14355G;C14408T;T14418C;A14457T;T14543C;A14550G,ORF1b:D265Y;ORF1b:K279E;ORF1b:T284K;ORF1b:N291S;ORF1b:R296R;ORF1b:P314L;ORF1b:F317F;ORF1b:P330P;ORF1b:F359S;ORF1b:E361E,31,607,0.0510708401976935,0,
2262026,BA.2_0.03_abundance_0.1,T15560G;A15582C;T15584C;A15626T;T15686G;C15714T;T15733C;T15817A,ORF1b:L698R;ORF1b:K705N;ORF1b:I706T;ORF1b:E720V;ORF1b:L740W;ORF1b:L749L;ORF1b:C756R;ORF1b:F784I,115,2524,0.0455625990491283,0,
2262026,BA.2_0.03_abundance_0.1,T15560G;A15582C;T15584C;A15626T;T15686G;C15714T;T15733C;T15817A;G15850A,ORF1b:L698R;ORF1b:K705N;ORF1b:I706T;ORF1b:E720V;ORF1b:L740W;ORF1b:L749L;ORF1b:C756R;ORF1b:F784I;ORF1b:D795N,46,567,0.0811287477954144,0,
2262026,BA.2_0.03_abundance_0.1,T15880C;T15953A;T16023G;T16024C;T16025G;C16028T;G16075A;T16154G;T16157C;T16161G,ORF1b:S805P;ORF1b:L829Q;ORF1b:S852S;ORF1b:L853L;ORF1b:L853*;ORF1b:A854V;ORF1b:D870N;ORF1b:V896G;ORF1b:M897T;ORF1b:L898L,110,2243,0.0490414623272403,0,
2262026,BA.2_0.03_abundance_0.1,G16014A;T16090A,ORF1b:R849R;ORF1b:Y875N,174,2683,0.0648527767424524,0,
2262026,BA.2_0.03_abundance_0.1,T16154G;T16157C;T16161G;C16234T;C16247G;T16287C;A16318C;A16341C;T16366A;C16394A;C16418A;C16423A,ORF1b:V896G;ORF1b:M897T;ORF1b:L898L;ORF1b:Q923*;ORF1b:A927G;ORF1b:G940G;ORF1b:K951Q;ORF1b:I958I;ORF1b:S967T;ORF1b:P976Q;ORF1b:T984N;ORF1b:L986I,7,213,0.0328638497652582,0,
2262026,BA.2_0.03_abundance_0.1,T16157C;T16161G;C16234T;C16247G;T16287C;A16318C;A16341C;T16366A;C16394A;C16418A;C16423A,ORF1b:M897T;ORF1b:L898L;ORF1b:Q923*;ORF1b:A927G;ORF1b:G940G;ORF1b:K951Q;ORF1b:I958I;ORF1b:S967T;ORF1b:P976Q;ORF1b:T984N;ORF1b:L986I,5,354,0.0141242937853107,0,
2262026,BA.2_0.03_abundance_0.1,C16234T;C16247G;T16287C;A16318C;A16341C;T16366A;C16394A;C16418A;C16423A;A16471T,ORF1b:Q923*;ORF1b:A927G;ORF1b:G940G;ORF1b:K951Q;ORF1b:I958I;ORF1b:S967T;ORF1b:P976Q;ORF1b:T984N;ORF1b:L986I;ORF1b:I1002F,7,230,0.0304347826086956,0,
2262026,BA.2_0.03_abundance_0.1,T16796A;T16860G;T17016A;C17069G;C17077G,ORF1b:V1110E;ORF1b:A1131A;ORF1b:D1183E;ORF1b:S1201C;ORF1b:Q1204E,82,1799,0.0455808782657031,0,
2262026,BA.2_0.03_abundance_0.1,T17387G;C17410T,ORF1b:L1307W;ORF1b:R1315C,956,1464,0.6530054644808743,1,BA.5.2.1:1
2262026,BA.2_0.03_abundance_0.1,C17410T;A17611C,ORF1b:R1315C;ORF1b:N1382H,67,176,0.3806818181818182,2,BA.2:1;BA.2.3:1
2262026,BA.2_0.03_abundance_0.1,C17410T;G17596T,ORF1b:R1315C;ORF1b:A1377S,17,176,0.096590909090909,11,BA.5.6:3;BA.5.1:1;BA.2.75:1;BA.2.10:1;BA.5.2.1:3;BA.5.5:2
2262026,BA.2_0.03_abundance_0.1,C17410T;G17596T;A17611C,ORF1b:R1315C;ORF1b:A1377S;ORF1b:N1382H,15,176,0.0852272727272727,0,
2262026,BA.2_0.03_abundance_0.1,A17431G;A17477C;A17482G;C17483A;A17515G;A17542C;C17555T;A17576C;T17582C;A17611C,ORF1b:I1322V;ORF1b:K1337T;ORF1b:T1339A;ORF1b:T1339K;ORF1b:R1350G;ORF1b:M1359L;ORF1b:T1363I;ORF1b:E1370A;ORF1b:V1372A;ORF1b:N1382H,48,1565,0.0306709265175718,0,
2262026,BA.2_0.03_abundance_0.1,A17431G;A17477C;A17482G;C17483A;A17515G;A17542C;C17555T;A17576C;T17582C,ORF1b:I1322V;ORF1b:K1337T;ORF1b:T1339A;ORF1b:T1339K;ORF1b:R1350G;ORF1b:M1359L;ORF1b:T1363I;ORF1b:E1370A;ORF1b:V1372A,31,1565,0.0198083067092651,0,
2262026,BA.2_0.03_abundance_0.1,A17521G;A17611C,ORF1b:M1352V;ORF1b:N1382H,40,1565,0.0255591054313099,0,
2262026,BA.2_0.03_abundance_0.1,G17596T;A17611C,ORF1b:A1377S;ORF1b:N1382H,100,1565,0.0638977635782747,0,
2262026,BA.2_0.03_abundance_0.1,C18419A;T18435G;C18460G;C18493G;A18503C;T18521G;A18563T;T18608G;G18627C,ORF1b:T1651K;ORF1b:D1656E;ORF1b:P1665A;ORF1b:L1676V;ORF1b:K1679T;ORF1b:V1685G;ORF1b:K1699I;ORF1b:F1714C;ORF1b:K1720N,19,380,0.05,0,
2262026,BA.2_0.03_abundance_0.1,C18419A;T18435G;C18460G;C18493G;A18503C;T18521G;A18563T;T18608G,ORF1b:T1651K;ORF1b:D1656E;ORF1b:P1665A;ORF1b:L1676V;ORF1b:K1679T;ORF1b:V1685G;ORF1b:K1699I;ORF1b:F1714C,6,468,0.0128205128205128,0,
2262026,BA.2_0.03_abundance_0.1,G18627C;T18741A;C18747T;C18775G;A18798T;C18823A;C18828A;A18868C,ORF1b:K1720N;ORF1b:D1758E;ORF1b:V1760V;ORF1b:Q1770E;ORF1b:L1777L;ORF1b:Q1786K;ORF1b:V1787V;ORF1b:T1801P,17,283,0.0600706713780918,0,
2262026,BA.2_0.03_abundance_0.1,T18741A;C18747T;C18775G;A18798T;C18823A;C18828A;A18868C,ORF1b:D1758E;ORF1b:V1760V;ORF1b:Q1770E;ORF1b:L1777L;ORF1b:Q1786K;ORF1b:V1787V;ORF1b:T1801P,96,1875,0.0512,0,
2262026,BA.2_0.03_abundance_0.1,T18750C;T18858G,ORF1b:Y1761Y;ORF1b:D1797E,36,1875,0.0192,0,
2262026,BA.2_0.03_abundance_0.1,C18775G;T18858G,ORF1b:Q1770E;ORF1b:D1797E,114,1875,0.0608,0,
2262026,BA.2_0.03_abundance_0.1,T19025G;C19097G;T19139G;G19193T;A19210C;C19220A;T19224C,ORF1b:L1853R;ORF1b:A1877G;ORF1b:F1891C;ORF1b:W1909L;ORF1b:R1915R;ORF1b:A1918D;ORF1b:N1919N,32,637,0.0502354788069073,0,
2262026,BA.2_0.03_abundance_0.1,T20205A;C20221G;A20223C;A20284T;T20338C;T20376A;T20414A;G20419T;A20453C;A20460C;A20463T;G20493T,ORF1b:T2246T;ORF1b:Q2252E;ORF1b:Q2252H;ORF1b:I2273F;ORF1b:F2291L;ORF1b:I2303I;ORF1b:L2316*;ORF1b:D2318Y;ORF1b:Y2329S;ORF1b:I2331I;ORF1b:T2332T;ORF1b:V2342V,6,164,0.0365853658536585,0,
2262026,BA.2_0.03_abundance_0.1,C20221G;A20223C;A20284T;T20338C;T20376A;T20414A;G20419T;A20453C;A20460C;A20463T;G20493T,ORF1b:Q2252E;ORF1b:Q2252H;ORF1b:I2273F;ORF1b:F2291L;ORF1b:I2303I;ORF1b:L2316*;ORF1b:D2318Y;ORF1b:Y2329S;ORF1b:I2331I;ORF1b:T2332T;ORF1b:V2342V,31,757,0.0409511228533685,0,
2262026,BA.2_0.03_abundance_0.1,C21707A;G21746C;C21762A;C21840T;T21841G;T21842G;A21865C;A21875T;C21903G;T21940A;G21950T,S:H49N;S:V62L;S:A67D;S:A93V;S:A93A;S:S94A;S:I101I;S:I105F;S:T114S;S:V126V;S:V130F,37,761,0.0486202365308804,0,
2262026,BA.2_0.03_abundance_0.1,T23152A;C23154G;T23189C;A23232C;T23287A;A23305C;C23327G;T23338A;G23340C;A23379T;A23403G;T23421C;G23438C;C23439G;A23445T;A23446C;G23465A;T23466C;T23479A,S:S530S;S:T531S;S:F543L;S:K557T;S:A575A;S:T581T;S:P589A;S:F592L;S:G593A;S:N606I;S:D614G;S:V620A;S:A626P;S:A626G;S:Q628L;S:Q628H;S:V635I;S:V635A;S:G639G,5,156,0.032051282051282,0,
2262026,BA.2_0.03_abundance_0.1,T23152A;C23154G;T23189C;A23232C;T23287A;A23305C;C23327G;T23338A;G23340C;A23379T;A23403G;A23409G;T23421C;G23438C;C23439G;A23445T;A23446C;G23465A;T23466C;T23479A,S:S530S;S:T531S;S:F543L;S:K557T;S:A575A;S:T581T;S:P589A;S:F592L;S:G593A;S:N606I;S:D614G;S:N616S;S:V620A;S:A626P;S:A626G;S:Q628L;S:Q628H;S:V635I;S:V635A;S:G639G,5,156,0.032051282051282,0,
2262026,BA.2_0.03_abundance_0.1,T23189C;A23232C;T23287A;A23305C;C23327G;T23338A;G23340C;A23379T;A23403G;T23421C;G23438C;C23439G;A23445T;A23446C;G23465A;T23466C;T23479A,S:F543L;S:K557T;S:A575A;S:T581T;S:P589A;S:F592L;S:G593A;S:N606I;S:D614G;S:V620A;S:A626P;S:A626G;S:Q628L;S:Q628H;S:V635I;S:V635A;S:G639G,37,1129,0.0327723649247121,0,
2262026,BA.2_0.03_abundance_0.1,T23189C;A23232C;T23287A;A23305C;C23327G;T23338A;G23340C;A23379T;A23403G;A23409G;T23421C;G23438C;C23439G;A23445T;A23446C;G23465A;T23466C;T23479A,S:F543L;S:K557T;S:A575A;S:T581T;S:P589A;S:F592L;S:G593A;S:N606I;S:D614G;S:N616S;S:V620A;S:A626P;S:A626G;S:Q628L;S:Q628H;S:V635I;S:V635A;S:G639G,18,1129,0.0159433126660761,0,
2262026,BA.2_0.03_abundance_0.1,A23403G;A23409G,S:D614G;S:N616S,456,1653,0.2758620689655172,551,B.1.1.519:5;B.1.36:1;AY.4.2:1;BF.5:3;B.1.1.7:502;BA.2:3;BA.1.1:9;B.1.617.2:2;AY.3.1:1;B.1.427:1;BA.5.2.1:2;BA.2.12.1:4;B.1.1.28:1;AY.43:6;BA.1.20:1;AY.46.6:1;BA.1.1.2:2;B.1.526:1;AY.122:1;AY.121:1;BA.1:1;BA.5.2:1;AY.4:1
2262026,BA.2_0.03_abundance_0.1,A23403G;T23489A,S:D614G;S:F643I,10,207,0.0483091787439613,53,BA.2:3;BQ.1:1;BE.3:1;BA.1:5;B.1.1.7:1;BA.1.15:1;BQ.1.1:4;BA.5.1:2;AY.43:2;B.1.1.10:1;BA.5.2.20:1;AY.117:1;BA.1.1:2;B.1.1.47:1;BA.1.1.18:1;B.1.617.2:1;BQ.1.1.7:1;P.1:1;BA.5.2:6;BA.5.2.1:3;BE.1:1;AY.122:1;BA.2.10:1;BA.2.3:1;B.1.2:2;BA.2.9:2;BQ.1.8:1;AY.5.4:1;BA.1.17.2:2;BA.1.13.1:1;BE.1.1.1:1
2262026,BA.2_0.03_abundance_0.1,C23854A;A23914G;G23948T,S:N764K;S:Q784Q;S:D796Y,279,902,0.3093126385809313,58,BA.1.1.18:11;BA.2.12.1:1;BA.2:7;BA.1.1:11;BA.5.1:12;BE.1.3:1;BA.1:2;BA.1.1.1:1;BA.1.15:1;BA.5.5:1;BA.5.2.1:4;BA.1.17.2:2;BA.2.75:1;BA.5:2;BA.5.9:1
2262026,BA.2_0.03_abundance_0.1,G24234T;A24241G;A24248T;C24270T;A24273T;T24274A;G24291A;G24301C;A24302C;T24304G;A24321C;A24325G;A24336G;A24353C;T24379G;A24409G;G24416C,S:G891V;S:A893A;S:I896L;S:A903V;S:Y904F;S:Y904*;S:G910E;S:Q913H;S:N914H;S:N914K;S:Q920P;S:K921K;S:N925S;S:I931L;S:S939S;S:Q949Q;S:V952L,13,816,0.0159313725490196,0,
2262026,BA.2_0.03_abundance_0.1,G24234T;A24241G;A24248T;C24270T;A24273T;T24274A;G24291A;G24301C;A24302C;T24304G;A24321C;A24325G;A24336G;A24353C;T24379G;A24409G;G24416C;A24424T,S:G891V;S:A893A;S:I896L;S:A903V;S:Y904F;S:Y904*;S:G910E;S:Q913H;S:N914H;S:N914K;S:Q920P;S:K921K;S:N925S;S:I931L;S:S939S;S:Q949Q;S:V952L;S:Q954H,33,622,0.0530546623794212,0,
2262026,BA.2_0.03_abundance_0.1,A24791C;C24792A;C24909A;T24929A;T24946G;A24952G;C24990A;C25000T;T25001G,S:T1077P;S:T1077N;S:T1116N;S:S1123T;S:V1128V;S:I1130M;S:P1143H;S:D1146D;S:S1147A,54,1029,0.0524781341107871,0,
2262026,BA.2_0.03_abundance_0.1,G24928T;C25000T,S:V1122V;S:D1146D,28,1029,0.0272108843537414,889,BA.5.2:30;BA.1.1:157;BF.10:4;BA.2.8:18;BA.2:295;BA.2.56:4;BA.5.2.28:2;BA.2.3:11;BA.1.1.2:3;BA.2.9:36;BA.5.2.24:1;BA.2.12.1:11;BA.2.36:3;BF.5:6;BA.2.1:1;BA.4.1:15;BA.2.3.18:1;BA.5.2.1:106;BF.21:10;BA.5.1.25:4;BA.2.63:17;BA.5.2.20:12;BF.14:1;BF.26:1;BA.5.1:23;BA.2.3.13:1;BA.2.10:2;BA.1:14;AY.5:2;BA.5.2.26:8;BA.5.2.3:1;BA.1.15.2:1;BA.5.5:15;BA.2.3.17:17;BC.1:1;BA.1.1.14:9;BA.2.75:3;BF.6:1;BA.1.1.15:1;BA.1.1.18:4;BE.1:1;BA.2.18:1;BQ.1:1;BA.1.1.1:2;BA.5.1.30:3;BA.2.6:2;BA.1.15.1:2;BA.4:2;BF.22:1;BA.5.2.12:4;BF.7:1;BE.1.1:1;BA.5.1.3:1;BA.2.3.12:1;XAL:1;BA.1.20:2;BA.2.38:1;BF.9:1;BF.13:1;BA.1.17.2:1;XBB.1:1;BA.1.15:4;BA.5.2.7:1;XBB.2:1
2262026,BA.2_0.03_abundance_0.1,G25364A;A25426G;T25434C;G25437A;C25487G;A25512G;T25520C;G25540A;T25557C;C25584T;G25593T;C25603T;T25604G;G25606C,S:V1268I;ORF3a:T12A;ORF3a:T14T;ORF3a:L15L;ORF3a:T32S;ORF3a:S40S;ORF3a:F43S;ORF3a:V50I;ORF3a:V55V;ORF3a:T64T;ORF3a:K67N;ORF3a:L71L;ORF3a:L71R;ORF3a:A72P,183,3391,0.0539663815983485,0,
2262026,BA.2_0.03_abundance_0.1,C26054A;C26270T,ORF3a:T221K;E:T9I,44,95,0.4631578947368421,37,BA.2:6;AY.127:9;BA.2.9:1;BQ.1.1.18:8;BA.1.1:2;BA.1:2;AY.122:4;BA.1.20:1;BA.5.2:1;BA.1.18:1;B.1.617.2:1;BA.1.17.2:1
2262026,BA.2_0.03_abundance_0.1,C26256T;C26270T;T26324G;C26340A;T26342C;A26358T;C26370A;T26543C,E:F4F;E:T9I;E:L27W;E:A32A;E:I33T;E:R38R;E:Y42*;M:T7T,6,87,0.0689655172413793,0,
2262026,BA.2_0.03_abundance_0.1,C26642G;T26677A;A26702G;G26709A;T26723C;G26727A;T26756G;C26768G;T26819G;C26845A;C26858T,M:A40A;M:I52N;M:V60V;M:A63T;M:L67L;M:A69T;M:G78G;M:I82M;M:S99S;M:S108Y;M:F112F,52,1938,0.0268317853457172,0,
2262026,BA.2_0.03_abundance_0.1,C26642G;T26677A;A26702G;G26709A;T26723C;G26727A;T26756G;C26768G;T26819G;C26845A;C26858T;A26874C,M:A40A;M:I52N;M:V60V;M:A63T;M:L67L;M:A69T;M:G78G;M:I82M;M:S99S;M:S108Y;M:F112F;M:I118L,56,852,0.0657276995305164,0,
2262026,BA.2_0.03_abundance_0.1,T27178A;A27187T;G27217A;A27234C;T27251G;A27259C;A27302G;A27313T;T27319G;G27366T;G27382C;T27384C;C27416G;A27417G;A27477C,M:L219*;M:Q222L;ORF6:D6N;ORF6:I11I;ORF6:I17S;ORF6:R20R;ORF6:N34S;ORF6:K38*;ORF6:L40V;ORF6:E55D;ORF6:D61H;ORF6:D61D;ORF7a:A8G;ORF7a:A8A;ORF7a:T28T,13,325,0.04,0,
2262026,BA.2_0.03_abundance_0.1,A27187T;G27217A;A27234C;T27251G;A27259C;A27302G;A27313T;T27319G;G27366T;G27382C;T27384C;C27416G;A27417G;A27477C,M:Q222L;ORF6:D6N;ORF6:I11I;ORF6:I17S;ORF6:R20R;ORF6:N34S;ORF6:K38*;ORF6:L40V;ORF6:E55D;ORF6:D61H;ORF6:D61D;ORF7a:A8G;ORF7a:A8A;ORF7a:T28T,25,742,0.0336927223719676,0,
2262026,BA.2_0.03_abundance_0.1,T27851G;A27859T;T27863C;C27944T;T27953A;T28002A;T28017A;T28029C;A28095G;A28126C,ORF7b:L32L;ORF7b:Q35L;ORF7b:D36D;ORF8:H17H;ORF8:C20*;ORF8:C37S;ORF8:Y42N;ORF8:Y46H;ORF8:K68E;ORF8:N78T,79,1354,0.0583456425406203,0,
2262026,BA.2_0.03_abundance_0.1,T27851G;A27859T;T27863C;C27944T;T27953A;T28002A;T28017A;T28029C;A28095G,ORF7b:L32L;ORF7b:Q35L;ORF7b:D36D;ORF8:H17H;ORF8:C20*;ORF8:C37S;ORF8:Y42N;ORF8:Y46H;ORF8:K68E,24,1678,0.0143027413587604,0,
2262026,BA.2_0.03_abundance_0.1,A28126C;G28178T;C28205A;T28206A;C28311T;G28325T;C28377T;A28387C,ORF8:N78T;ORF8:L95F;ORF8:F104L;ORF8:Y105N;N:P13L;N:G18C;N:A35V;N:K38N,212,4483,0.0472897613205442,0,
2262026,BA.2_0.03_abundance_0.1,A28126C;G28178T;C28205A;T28206A;C28311T;G28325T;C28377T;A28387C;G28429T,ORF8:N78T;ORF8:L95F;ORF8:F104L;ORF8:Y105N;N:P13L;N:G18C;N:A35V;N:K38N;N:W52C,64,894,0.0715883668903803,0,
2262026,BA.2_0.03_abundance_0.1,G28429T;G28479A;A28496G;C28500T;C28512A;C28542T;A28549C;A28571T;T28640G;T28667A;C28708A;A28733C,N:W52C;N:G69E;N:N75D;N:T76I;N:P80Q;N:A90V;N:R92S;N:K100*;N:Y123D;N:W132R;N:H145Q;N:N154H,16,275,0.0581818181818181,0,
2262026,BA.2_0.03_abundance_0.1,G28479A;A28496G;C28500T;C28512A;C28542T;A28549C;A28571T;T28640G;T28667A;C28708A,N:G69E;N:N75D;N:T76I;N:P80Q;N:A90V;N:R92S;N:K100*;N:Y123D;N:W132R;N:H145Q,11,1059,0.0103871576959395,0,
2262026,BA.2_0.03_abundance_0.1,G28479A;A28496G;C28500T;C28512A;C28542T;A28549C;A28571T;T28640G;T28667A;C28708A;A28733C,N:G69E;N:N75D;N:T76I;N:P80Q;N:A90V;N:R92S;N:K100*;N:Y123D;N:W132R;N:H145Q;N:N154H,30,874,0.034324942791762,0,
2262026,BA.2_0.03_abundance_0.1,C28491A;A28733C,N:P73Q;N:N154H,61,874,0.0697940503432494,0,
2262026,BA.2_0.03_abundance_0.1,A28733C;G28881A;G28882A;G28883C,N:N154H;N:R203K;N:R203R;N:G204R,43,54,0.7962962962962963,2,BA.2:1;BF.11:1
2262026,BA.2_0.03_abundance_0.1,A28733C;G28747T;C28776A;G28827C;A28874C;G28881A;G28882A;G28883T;T28897G;A28947C,N:N154H;N:V158V;N:P168Q;N:R185P;N:S201R;N:R203K;N:R203R;N:G204*;N:A208A;N:D225A,5,50,0.1,0,
2262026,BA.2_0.03_abundance_0.1,C29045G;A29078C;G29135A;A29168G;C29198G;C29211G;A29237T;G29240A;G29262T;C29268G;T29308G,N:P258A;N:N269H;N:D288N;N:K299E;N:P309A;N:A313G;N:M322L;N:E323K;N:W330L;N:T332S;N:N345K,81,1697,0.0477312905126694,0,
3052026,BA.2_0.03_abundance_0.1,T276C;C320A;C366T;T369G,ORF1a:L4P;ORF1a:P19T;ORF1a:S34F;ORF1a:V35G,17,371,0.045822102425876,0,
3052026,BA.2_0.03_abundance_0.1,T276C;C320A,ORF1a:L4P;ORF1a:P19T,20,616,0.0324675324675324,0,
3052026,BA.2_0.03_abundance_0.1,T276C;C320A;C366T,ORF1a:L4P;ORF1a:P19T;ORF1a:S34F,7,444,0.0157657657657657,0,
3052026,BA.2_0.03_abundance_0.1,C366T;T369G;C379T;A481T;C494G;A535T;T559G;A624C;A650C;T661A;T670G,ORF1a:S34F;ORF1a:V35G;ORF1a:V38V;ORF1a:K72N;ORF1a:R77G;ORF1a:A90A;ORF1a:G98G;ORF1a:K120T;ORF1a:K129Q;ORF1a:G132G;ORF1a:S135R,27,503,0.0536779324055666,0,
3052026,BA.2_0.03_abundance_0.1,C366T;T369G;C379T;A439T;A481T;C494G;A535T;T559G;A624C;A650C;T661A;T670G,ORF1a:S34F;ORF1a:V35G;ORF1a:V38V;ORF1a:K58N;ORF1a:K72N;ORF1a:R77G;ORF1a:A90A;ORF1a:G98G;ORF1a:K120T;ORF1a:K129Q;ORF1a:G132G;ORF1a:S135R,17,503,0.0337972166998011,0,
3052026,BA.2_0.03_abundance_0.1,T670G;T858C,ORF1a:S135R;ORF1a:L198P,80,505,0.1584158415841584,5,BA.2.12.1:2;BA.2:1;BA.5.1:1;BF.21:1
3052026,BA.2_0.03_abundance_0.1,C1026A;C1057G;T1081A;T1116A;A1133C;T1199C;C1201A;A1230C;A1249G;A1278C,ORF1a:P254H;ORF1a:D264E;ORF1a:N272K;ORF1a:I284N;ORF1a:K290Q;ORF1a:C312R;ORF1a:C312*;ORF1a:K322T;ORF1a:E328E;ORF1a:K338T,13,578,0.0224913494809688,0,
3052026,BA.2_0.03_abundance_0.1,C1026A;C1057G;T1081G;T1116A;A1133C;T1199C;C1201A;A1230C;A1249G;A1278C,ORF1a:P254H;ORF1a:D264E;ORF1a:N272K;ORF1a:I284N;ORF1a:K290Q;ORF1a:C312R;ORF1a:C312*;ORF1a:K322T;ORF1a:E328E;ORF1a:K338T,41,578,0.0709342560553633,0,
3052026,BA.2_0.03_abundance_0.1,C1076G;T1081A,ORF1a:P271A;ORF1a:N272K,24,640,0.0375,0,
3052026,BA.2_0.03_abundance_0.1,C1616T;T1654A;G1655T;A1810G;C1825G;G1855A;C1889T,ORF1a:L451F;ORF1a:I463I;ORF1a:V464F;ORF1a:K515K;ORF1a:A520A;ORF1a:L530L;ORF1a:R542C,488,5212,0.0936300844205679,0,
3052026,BA.2_0.03_abundance_0.1,C2262G;G2265C;T2298G;A2342C;A2380T;A2466G;A2473C,ORF1a:T666S;ORF1a:C667S;ORF1a:F678C;ORF1a:I693L;ORF1a:L705F;ORF1a:K734R;ORF1a:P736P,73,603,0.12106135986733,0,
3052026,BA.2_0.03_abundance_0.1,C2262G;G2265C;T2298G;A2342C;A2380T,ORF1a:T666S;ORF1a:C667S;ORF1a:F678C;ORF1a:I693L;ORF1a:L705F,8,650,0.0123076923076923,0,
3052026,BA.2_0.03_abundance_0.1,T2851A;C2892T;T2963A;C2976G;A2994T;A3003G;C3037T;T3055A;A3063T;A3098C;T3112G;T3124C,ORF1a:V862V;ORF1a:A876V;ORF1a:W900R;ORF1a:T904R;ORF1a:E910V;ORF1a:E913G;ORF1a:F924F;ORF1a:D930E;ORF1a:E933V;ORF1a:T945P;ORF1a:Y949*;ORF1a:D953D,10,101,0.099009900990099,0,
3052026,BA.2_0.03_abundance_0.1,C2892T;T2963A;C2976G;A2994T;A3003G;C3037T;T3055A;A3063T;A3098C;T3112G;T3124C,ORF1a:A876V;ORF1a:W900R;ORF1a:T904R;ORF1a:E910V;ORF1a:E913G;ORF1a:F924F;ORF1a:D930E;ORF1a:E933V;ORF1a:T945P;ORF1a:Y949*;ORF1a:D953D,125,1382,0.0904486251808972,0,
3052026,BA.2_0.03_abundance_0.1,A3205G;A3291G,ORF1a:L980L;ORF1a:Q1009R,63,913,0.0690032858707557,0,
3052026,BA.2_0.03_abundance_0.1,A3205G;A3235G;C3315G;G3323C;A3327T;A3332T;G3371A;G3392A;A3396G;A3408C;T3432A;A3461G;T3477G;G3479T,ORF1a:L980L;ORF1a:Q990Q;ORF1a:T1017R;ORF1a:V1020L;ORF1a:Q1021L;ORF1a:I1023F;ORF1a:D1036N;ORF1a:A1043T;ORF1a:D1044G;ORF1a:E1048A;ORF1a:V1056E;ORF1a:K1066E;ORF1a:V1071G;ORF1a:A1072S,46,764,0.0602094240837696,0,
3052026,BA.2_0.03_abundance_0.1,A3235G;C3315G;G3323C;A3327T;A3332T;G3371A;G3392A;A3396G;A3408C;T3432A;A3461G;T3477G;G3479T,ORF1a:Q990Q;ORF1a:T1017R;ORF1a:V1020L;ORF1a:Q1021L;ORF1a:I1023F;ORF1a:D1036N;ORF1a:A1043T;ORF1a:D1044G;ORF1a:E1048A;ORF1a:V1056E;ORF1a:K1066E;ORF1a:V1071G;ORF1a:A1072S,27,764,0.0353403141361256,0,
3052026,BA.2_0.03_abundance_0.1,T3877G;A3887C;A3904C;T3968G;A4015C;A4044G;T4087A,ORF1a:A1204A;ORF1a:K1208Q;ORF1a:P1213P;ORF1a:C1235G;ORF1a:T1250T;ORF1a:N1260S;ORF1a:I1274I,34,449,0.0757238307349666,0,
3052026,BA.2_0.03_abundance_0.1,T3877G;A3887C;A3904C;T3952C;T3968G;A4015C;A4044G;T4087A,ORF1a:A1204A;ORF1a:K1208Q;ORF1a:P1213P;ORF1a:D1229D;ORF1a:C1235G;ORF1a:T1250T;ORF1a:N1260S;ORF1a:I1274I,5,449,0.0111358574610244,0,
3052026,BA.2_0.03_abundance_0.1,G4678C;T4693G;C4716T;A4731T;T4738A;T4771G;A4926G;T4969G;A4971T,ORF1a:V1471V;ORF1a:S1476S;ORF1a:T1484I;ORF1a:Y1489F;ORF1a:T1491T;ORF1a:I1502M;ORF1a:D1554G;ORF1a:I1568M;ORF1a:K1569M,48,668,0.0718562874251497,0,
3052026,BA.2_0.03_abundance_0.1,G4678C;T4693G;C4716T;A4731T;T4738A;T4771G;A4926G,ORF1a:V1471V;ORF1a:S1476S;ORF1a:T1484I;ORF1a:Y1489F;ORF1a:T1491T;ORF1a:I1502M;ORF1a:D1554G,13,825,0.0157575757575757,0,
3052026,BA.2_0.03_abundance_0.1,G4678C;T4693G;C4716T;A4731T;T4738A;T4771G;A4926G;A4971T,ORF1a:V1471V;ORF1a:S1476S;ORF1a:T1484I;ORF1a:Y1489F;ORF1a:T1491T;ORF1a:I1502M;ORF1a:D1554G;ORF1a:K1569M,16,668,0.0239520958083832,0,
3052026,BA.2_0.03_abundance_0.1,T4744G;T4969G,ORF1a:S1493S;ORF1a:I1568M,26,740,0.0351351351351351,0,
3052026,BA.2_0.03_abundance_0.1,G4955A;T4969G,ORF1a:E1564K;ORF1a:I1568M,49,742,0.0660377358490566,0,
3052026,BA.2_0.03_abundance_0.1,A5026G;C5115G;T5127A;A5238C;T5254C,ORF1a:S1587S;ORF1a:T1617R;ORF1a:L1621*;ORF1a:Y1658S;ORF1a:G1663G,8,51,0.1568627450980392,0,
3052026,BA.2_0.03_abundance_0.1,A5938T;A5949T;T6006G;A6013G;C6021T;A6090C;T6115G;T6174C;G6220T,ORF1a:E1891D;ORF1a:K1895M;ORF1a:L1914R;ORF1a:P1916P;ORF1a:P1919L;ORF1a:N1942T;ORF1a:P1950P;ORF1a:I1970T;ORF1a:L1985F,5,36,0.1388888888888889,0,
3052026,BA.2_0.03_abundance_0.1,G6220T;C6286A;A6332T;C6363G;A6375C;A6400G;G6413A,ORF1a:L1985F;ORF1a:T2007T;ORF1a:N2023Y;ORF1a:A2033G;ORF1a:D2037A;ORF1a:K2045K;ORF1a:E2050K,77,693,0.1111111111111111,0,
3052026,BA.2_0.03_abundance_0.1,G6557C;T6580A;A6581C;A6601G;T6634C;T6643G;A6677C;G6713T;T6820C,ORF1a:A2098P;ORF1a:L2105L;ORF1a:T2106P;ORF1a:E2112E;ORF1a:A2123A;ORF1a:G2126G;ORF1a:I2138L;ORF1a:V2150F;ORF1a:S2185S,26,286,0.0909090909090909,0,
3052026,BA.2_0.03_abundance_0.1,C7101A;T7157A;T7166G;C7173G;T7217C;A7242G;T7288C;G7294C;C7307A;A7309C;T7326C,ORF1a:A2279E;ORF1a:L2298I;ORF1a:Y2301D;ORF1a:S2303C;ORF1a:L2318L;ORF1a:E2326G;ORF1a:L2341L;ORF1a:L2343F;ORF1a:Q2348K;ORF1a:Q2348H;ORF1a:F2354S,5,121,0.0413223140495867,0,
3052026,BA.2_0.03_abundance_0.1,G8018T;A8020T;T8038C;A8087T;T8119C;A8122T;A8159C;G8183T;A8211G;A8223T;A8241T;A8298G,ORF1a:E2585*;ORF1a:E2585D;ORF1a:F2591F;ORF1a:K2608*;ORF1a:A2618A;ORF1a:E2619D;ORF1a:T2632P;ORF1a:G2640W;ORF1a:K2649R;ORF1a:E2653V;ORF1a:H2659L;ORF1a:N2678S,60,728,0.0824175824175824,0,
3052026,BA.2_0.03_abundance_0.1,G8018T;A8020T;T8038C;A8087T;T8119C;A8122T;A8159C;G8183T;A8211G;A8223T;A8241T,ORF1a:E2585*;ORF1a:E2585D;ORF1a:F2591F;ORF1a:K2608*;ORF1a:A2618A;ORF1a:E2619D;ORF1a:T2632P;ORF1a:G2640W;ORF1a:K2649R;ORF1a:E2653V;ORF1a:H2659L,33,1051,0.0313986679352997,0,
3052026,BA.2_0.03_abundance_0.1,A8298G;G8404C;T8431C;A8446C;A8474C;A8475G;T8569G;G8591T,ORF1a:N2678S;ORF1a:W2713C;ORF1a:S2722S;ORF1a:K2727N;ORF1a:N2737H;ORF1a:N2737S;ORF1a:N2768K;ORF1a:V2776F,170,2188,0.0776965265082266,0,
3052026,BA.2_0.03_abundance_0.1,A8298G;G8404C;T8431C;A8446C;A8474C;A8475G;A8509T;T8569G;G8591T,ORF1a:N2678S;ORF1a:W2713C;ORF1a:S2722S;ORF1a:K2727N;ORF1a:N2737H;ORF1a:N2737S;ORF1a:R2748S;ORF1a:N2768K;ORF1a:V2776F,38,2187,0.0173754000914494,0,
3052026,BA.2_0.03_abundance_0.1,A8754G;C8912A,ORF1a:K2830R;ORF1a:H2883N,7,560,0.0125,0,
3052026,BA.2_0.03_abundance_0.1,A8754G;T8826G;C8912A,ORF1a:K2830R;ORF1a:I2854S;ORF1a:H2883N,15,560,0.0267857142857142,0,
3052026,BA.2_0.03_abundance_0.1,A8754G;A8833T;C8912A,ORF1a:K2830R;ORF1a:A2856A;ORF1a:H2883N,8,560,0.0142857142857142,0,
3052026,BA.2_0.03_abundance_0.1,A8754G;T8826G;A8833T;C8912A,ORF1a:K2830R;ORF1a:I2854S;ORF1a:A2856A;ORF1a:H2883N,10,560,0.0178571428571428,0,
3052026,BA.2_0.03_abundance_0.1,T8826G;A8833T,ORF1a:I2854S;ORF1a:A2856A,63,592,0.1064189189189189,0,
3052026,BA.2_0.03_abundance_0.1,T8826G;A8833T;A8882G,ORF1a:I2854S;ORF1a:A2856A;ORF1a:I2873V,85,560,0.1517857142857142,0,
3052026,BA.2_0.03_abundance_0.1,T8826G;A8833T;T8902C,ORF1a:I2854S;ORF1a:A2856A;ORF1a:G2879G,7,560,0.0125,0,
3052026,BA.2_0.03_abundance_0.1,T8826G;A8882G,ORF1a:I2854S;ORF1a:I2873V,60,560,0.1071428571428571,0,
3052026,BA.2_0.03_abundance_0.1,T8826G;A8833T;A8882G;T8902C,ORF1a:I2854S;ORF1a:A2856A;ORF1a:I2873V;ORF1a:G2879G,6,560,0.0107142857142857,0,
3052026,BA.2_0.03_abundance_0.1,T8826G;T8902C,ORF1a:I2854S;ORF1a:G2879G,6,560,0.0107142857142857,0,
3052026,BA.2_0.03_abundance_0.1,A8833T;A8882G,ORF1a:A2856A;ORF1a:I2873V,65,560,0.1160714285714285,0,
3052026,BA.2_0.03_abundance_0.1,A8833T;A8882G;T8902C,ORF1a:A2856A;ORF1a:I2873V;ORF1a:G2879G,8,560,0.0142857142857142,0,
3052026,BA.2_0.03_abundance_0.1,G8952A;A9193T,ORF1a:C2896Y;ORF1a:V2976V,10,665,0.0150375939849624,0,
3052026,BA.2_0.03_abundance_0.1,G8952T;T8978G;G8999A;G9014C;G9035C;G9063C;G9083C;C9159G;G9182C;G9190C;A9197C,ORF1a:C2896F;ORF1a:Y2905D;ORF1a:A2912T;ORF1a:A2917P;ORF1a:D2924H;ORF1a:C2933S;ORF1a:E2940Q;ORF1a:P2965R;ORF1a:V2973L;ORF1a:V2975V;ORF1a:T2978P,11,665,0.0165413533834586,0,
3052026,BA.2_0.03_abundance_0.1,G8952T;T8978G;G8999A;G9014C;G9035C;G9063C;G9083C;C9159G;G9182C;G9190C;A9197C;C9223T,ORF1a:C2896F;ORF1a:Y2905D;ORF1a:A2912T;ORF1a:A2917P;ORF1a:D2924H;ORF1a:C2933S;ORF1a:E2940Q;ORF1a:P2965R;ORF1a:V2973L;ORF1a:V2975V;ORF1a:T2978P;ORF1a:H2986H,32,566,0.0565371024734982,0,
3052026,BA.2_0.03_abundance_0.1,G8952T;T8978G;G8999A;G9014C;G9035C;G9063C;G9083C;C9159G;G9182C;G9190C;A9197C;C9223T;G9233A,ORF1a:C2896F;ORF1a:Y2905D;ORF1a:A2912T;ORF1a:A2917P;ORF1a:D2924H;ORF1a:C2933S;ORF1a:E2940Q;ORF1a:P2965R;ORF1a:V2973L;ORF1a:V2975V;ORF1a:T2978P;ORF1a:H2986H;ORF1a:E2990K,11,245,0.0448979591836734,0,
3052026,BA.2_0.03_abundance_0.1,G9273C;G9311A;G9335C;C9344T;A9353G;C9365A;G9414T;T9415G;A9424G;T9429A;T9455G;A9496G;T9513A;C9534T;T9540C,ORF1a:R3003T;ORF1a:G3016R;ORF1a:V3024L;ORF1a:L3027F;ORF1a:M3030V;ORF1a:L3034I;ORF1a:G3050V;ORF1a:G3050G;ORF1a:V3053V;ORF1a:I3055N;ORF1a:F3064V;ORF1a:V3077V;ORF1a:L3083*;ORF1a:T3090I;ORF1a:L3092P,9,155,0.0580645161290322,0,
3052026,BA.2_0.03_abundance_0.1,T9513A;C9534T;T9540C;C9745A;A9760T;T9765A;G9770A;G9805A,ORF1a:L3083*;ORF1a:T3090I;ORF1a:L3092P;ORF1a:Y3160*;ORF1a:V3165V;ORF1a:F3167Y;ORF1a:G3169S;ORF1a:L3180L,6,181,0.0331491712707182,0,
3052026,BA.2_0.03_abundance_0.1,C9534T;T9540C;C9745A;A9760T;T9765A;G9770A;G9805A;T9813A;T9819A;A9820T,ORF1a:T3090I;ORF1a:L3092P;ORF1a:Y3160*;ORF1a:V3165V;ORF1a:F3167Y;ORF1a:G3169S;ORF1a:L3180L;ORF1a:F3183Y;ORF1a:L3185*;ORF1a:L3185F,11,187,0.0588235294117647,0,
3052026,BA.2_0.03_abundance_0.1,C9534T;T9540C;C9745A;A9760T;T9765A;G9770A;G9805A,ORF1a:T3090I;ORF1a:L3092P;ORF1a:Y3160*;ORF1a:V3165V;ORF1a:F3167Y;ORF1a:G3169S;ORF1a:L3180L,8,513,0.0155945419103313,0,
3052026,BA.2_0.03_abundance_0.1,C9534T;T9540C;C9745A;A9760T;T9765A;G9770A;G9805A;T9813A,ORF1a:T3090I;ORF1a:L3092P;ORF1a:Y3160*;ORF1a:V3165V;ORF1a:F3167Y;ORF1a:G3169S;ORF1a:L3180L;ORF1a:F3183Y,14,427,0.0327868852459016,0,
3052026,BA.2_0.03_abundance_0.1,G10447A;C10635T,ORF1a:R3394R;ORF1a:A3457V,57,391,0.1457800511508951,111,BA.5.1:26;BA.2.36:2;BQ.1.3:1;BA.5.1.10:2;BA.2:21;BA.5.2.1:6;BA.5.2:4;BE.1.1:4;BF.7.6:1;BA.2.3:5;BA.2.74:1;BQ.1.1.3:3;BA.2.75:2;BA.2.9:3;BQ.1:4;BA.2.29:1;BF.7:2;BA.2.12.1:7;BG.3:1;BA.5.2.24:1;BA.5.2.12:1;BA.4.1.1:1;BA.4.1:3;BA.4:1;BF.5:1;BA.2.76:1;BA.5.6:3;BQ.1.12:1;BA.5.1.22:1;BA.2.10:1
3052026,BA.2_0.03_abundance_0.1,A10760G;A10767G;T10769G;A10781G;A10884T;C10969G;G10986A,ORF1a:K3499E;ORF1a:N3501S;ORF1a:Y3502D;ORF1a:T3506A;ORF1a:N3540I;ORF1a:F3568L;ORF1a:R3574K,47,416,0.1129807692307692,0,
3052026,BA.2_0.03_abundance_0.1,A10760G;A10767G;T10769G;A10781G;A10884T,ORF1a:K3499E;ORF1a:N3501S;ORF1a:Y3502D;ORF1a:T3506A;ORF1a:N3540I,5,444,0.0112612612612612,0,
3052026,BA.2_0.03_abundance_0.1,A11041T;T11045A;C11060G;T11137C;C11152T;T11180G;G11198T;C11208G;G11222A;A11237T;A11270T;G11312T,ORF1a:L3592F;ORF1a:L3594I;ORF1a:Q3599E;ORF1a:F3624F;ORF1a:V3629V;ORF1a:F3639V;ORF1a:A3645S;ORF1a:A3648G;ORF1a:V3653I;ORF1a:S3658C;ORF1a:M3669L;ORF1a:V3683F,58,646,0.0897832817337461,0,
3052026,BA.2_0.03_abundance_0.1,T11611G;T11675G;C11685G;T11705C;T11725C;A11841T;T11864A,ORF1a:V3782V;ORF1a:F3804V;ORF1a:T3807S;ORF1a:L3814L;ORF1a:F3820F;ORF1a:Q3859L;ORF1a:C3867S,6,473,0.0126849894291754,0,
3052026,BA.2_0.03_abundance_0.1,T11675G;C11685G;T11705C;T11725C;A11841T;T11864A,ORF1a:F3804V;ORF1a:T3807S;ORF1a:L3814L;ORF1a:F3820F;ORF1a:Q3859L;ORF1a:C3867S,37,473,0.0782241014799154,0,
3052026,BA.2_0.03_abundance_0.1,T11918G;C11967G;T12017C;G12019A;C12029T;C12084G;T12109C;G12131T;T12204C,ORF1a:S3885A;ORF1a:A3901G;ORF1a:L3918L;ORF1a:L3918L;ORF1a:Q3922*;ORF1a:T3940S;ORF1a:F3948F;ORF1a:A3956S;ORF1a:L3980S,128,1364,0.093841642228739,0,
3052026,BA.2_0.03_abundance_0.1,T12204C;A12250G;A12272G;A12306C;A12307T;G12311A;A12337T;G12373C;T12375A;A12397G;G12419T,ORF1a:L3980S;ORF1a:A3995A;ORF1a:K4003E;ORF1a:K4014T;ORF1a:K4014N;ORF1a:A4016T;ORF1a:K4024N;ORF1a:M4036I;ORF1a:L4037H;ORF1a:A4044A;ORF1a:A4052S,26,273,0.0952380952380952,0,
3052026,BA.2_0.03_abundance_0.1,A12782C;A12800C;C12809A;C12830A;T12856G;T12874A;C12880T;A12898G;A12936C;A12951T;A12960C;A12977T;G12989A;G13007A;C13047G,ORF1a:N4173H;ORF1a:R4179R;ORF1a:L4182I;ORF1a:Q4189K;ORF1a:P4197P;ORF1a:G4203G;ORF1a:I4205I;ORF1a:P4211P;ORF1a:K4224T;ORF1a:Y4229F;ORF1a:K4232T;ORF1a:N4238Y;ORF1a:V4242I;ORF1a:A4248T;ORF1a:P4261R,31,923,0.0335861321776814,0,
3052026,BA.2_0.03_abundance_0.1,A12782C;A12800C;C12809A;C12830A;T12856G;T12874A;C12880T;A12898G;A12936C;A12951T;A12960C;A12977T;G12989A;C13047G,ORF1a:N4173H;ORF1a:R4179R;ORF1a:L4182I;ORF1a:Q4189K;ORF1a:P4197P;ORF1a:G4203G;ORF1a:I4205I;ORF1a:P4211P;ORF1a:K4224T;ORF1a:Y4229F;ORF1a:K4232T;ORF1a:N4238Y;ORF1a:V4242I;ORF1a:P4261R,39,923,0.0422535211267605,0,
3052026,BA.2_0.03_abundance_0.1,C12880T;G13007A,ORF1a:I4205I;ORF1a:A4248T,261,1075,0.2427906976744186,13,BA.5.6:1;BA.5.2.1:5;BA.2.12.1:1;BF.5:1;BA.5.2:2;BA.5.1:1;BA.5.2.20:1;BA.2:1
3052026,BA.2_0.03_abundance_0.1,C12880T;A12884G,ORF1a:I4205I;ORF1a:T4207A,131,1157,0.1132238547968885,149,BF.2:1;BA.2.9.3:1;BE.1.1:7;BA.2.75:3;BA.5.1:7;BA.2.3:14;BA.2:56;BA.5.2.1:11;BA.2.12.1:11;BA.2.65:9;BA.5.1.25:1;BA.2.9:5;BA.5.2.2:5;BF.8:1;XBB:1;BA.2.38:2;BA.5.2.22:2;BA.2.8:2;BA.5.2:3;BA.4.1.8:1;XBB.3:1;BF.26:1;BF.7:1;BA.2.12:1;BE.1.2:1;BF.5:1
3052026,BA.2_0.03_abundance_0.1,C12880T;A12884G;G13007A,ORF1a:I4205I;ORF1a:T4207A;ORF1a:A4248T,80,1075,0.0744186046511627,0,
3052026,BA.2_0.03_abundance_0.1,C13047G;C13130G;A13204C;T13227C;C13236T;T13241C;G13293A;A13300T;T13331A,ORF1a:P4261R;ORF1a:Q4289E;ORF1a:E4313D;ORF1a:F4321S;ORF1a:A4324V;ORF1a:C4326R;ORF1a:C4343Y;ORF1a:L4345F;ORF1a:C4356S,76,674,0.1127596439169139,0,
3052026,BA.2_0.03_abundance_0.1,G13948T;C14006A;T14042G;T14064C;T14082G;A14107T;C14114A;C14115A;T14132C;T14152C;A14205G;T14238A,ORF1b:D161Y;ORF1b:T180K;ORF1b:I192S;ORF1b:D199D;ORF1b:G205G;ORF1b:I214L;ORF1b:T216N;ORF1b:T216T;ORF1b:V222A;ORF1b:Y229H;ORF1b:S246S;ORF1b:I257I,15,270,0.0555555555555555,0,
3052026,BA.2_0.03_abundance_0.1,G13948T;C14006A;T14042G;T14064C;T14082G;A14107T;C14114A;C14115A;T14132C;T14152C;A14205G;T14238A;G14260T,ORF1b:D161Y;ORF1b:T180K;ORF1b:I192S;ORF1b:D199D;ORF1b:G205G;ORF1b:I214L;ORF1b:T216N;ORF1b:T216T;ORF1b:V222A;ORF1b:Y229H;ORF1b:S246S;ORF1b:I257I;ORF1b:D265Y,12,109,0.110091743119266,0,
3052026,BA.2_0.03_abundance_0.1,C14006A;T14042G;T14064C;T14082G;A14107T;C14114A;C14115A;T14132C;T14152C;A14205G;T14238A;G14260T,ORF1b:T180K;ORF1b:I192S;ORF1b:D199D;ORF1b:G205G;ORF1b:I214L;ORF1b:T216N;ORF1b:T216T;ORF1b:V222A;ORF1b:Y229H;ORF1b:S246S;ORF1b:I257I;ORF1b:D265Y,81,851,0.0951821386603995,0,
3052026,BA.2_0.03_abundance_0.1,C14006A;T14042G;T14064C;T14082G;A14107T;C14114A;C14115A;T14132C;T14152C;A14205G;T14238A,ORF1b:T180K;ORF1b:I192S;ORF1b:D199D;ORF1b:G205G;ORF1b:I214L;ORF1b:T216N;ORF1b:T216T;ORF1b:V222A;ORF1b:Y229H;ORF1b:S246S;ORF1b:I257I,117,2052,0.0570175438596491,0,
3052026,BA.2_0.03_abundance_0.1,T14238A;G14260T;A14302G;C14318A;A14339G;A14355G;C14408T;T14418C;A14457T;T14543C;A14550G,ORF1b:I257I;ORF1b:D265Y;ORF1b:K279E;ORF1b:T284K;ORF1b:N291S;ORF1b:R296R;ORF1b:P314L;ORF1b:F317F;ORF1b:P330P;ORF1b:F359S;ORF1b:E361E,17,167,0.1017964071856287,0,
3052026,BA.2_0.03_abundance_0.1,G14260T;A14302G;C14318A;A14339G;A14355G;C14408T;T14418C;A14457T;T14543C;A14550G,ORF1b:D265Y;ORF1b:K279E;ORF1b:T284K;ORF1b:N291S;ORF1b:R296R;ORF1b:P314L;ORF1b:F317F;ORF1b:P330P;ORF1b:F359S;ORF1b:E361E,65,1013,0.0641658440276406,0,
3052026,BA.2_0.03_abundance_0.1,G14260T;A14302G;C14318A;A14339G;A14355G;C14408T;T14418C;A14457T;T14543C;A14550G;C14567G,ORF1b:D265Y;ORF1b:K279E;ORF1b:T284K;ORF1b:N291S;ORF1b:R296R;ORF1b:P314L;ORF1b:F317F;ORF1b:P330P;ORF1b:F359S;ORF1b:E361E;ORF1b:A367G,16,200,0.08,0,
3052026,BA.2_0.03_abundance_0.1,T14976C;A15142T,ORF1b:A503A;ORF1b:N559Y,12,602,0.0199335548172757,0,
3052026,BA.2_0.03_abundance_0.1,T15560G;A15582C;T15584C;A15626T;T15686G;C15714T;T15733C;T15817A,ORF1b:L698R;ORF1b:K705N;ORF1b:I706T;ORF1b:E720V;ORF1b:L740W;ORF1b:L749L;ORF1b:C756R;ORF1b:F784I,228,3071,0.0742429176164116,0,
3052026,BA.2_0.03_abundance_0.1,T15560G;A15582C;T15584C;A15626T;T15686G;C15714T;T15733C;T15817A;G15850A,ORF1b:L698R;ORF1b:K705N;ORF1b:I706T;ORF1b:E720V;ORF1b:L740W;ORF1b:L749L;ORF1b:C756R;ORF1b:F784I;ORF1b:D795N,66,746,0.0884718498659517,0,
3052026,BA.2_0.03_abundance_0.1,C15714T;T15728C,ORF1b:L749L;ORF1b:V754A,1023,3089,0.3311751375849789,13,BA.5.1:2;BE.1.1:10;BF.7:1
3052026,BA.2_0.03_abundance_0.1,T15880C;T15953A;T16023G;T16024C;T16025G;C16028T;G16075A;T16154G;T16157C;T16161G,ORF1b:S805P;ORF1b:L829Q;ORF1b:S852S;ORF1b:L853L;ORF1b:L853*;ORF1b:A854V;ORF1b:D870N;ORF1b:V896G;ORF1b:M897T;ORF1b:L898L,221,2300,0.0960869565217391,0,
3052026,BA.2_0.03_abundance_0.1,C16234T;C16247G;T16287C;A16318C;A16341C;T16366A;C16394A;C16418A;C16423A;A16471T,ORF1b:Q923*;ORF1b:A927G;ORF1b:G940G;ORF1b:K951Q;ORF1b:I958I;ORF1b:S967T;ORF1b:P976Q;ORF1b:T984N;ORF1b:L986I;ORF1b:I1002F,7,149,0.046979865771812,0,
3052026,BA.2_0.03_abundance_0.1,C16234T;C16247G;T16287C;A16318C;A16341C;T16366A;C16394A;C16418A;C16423A,ORF1b:Q923*;ORF1b:A927G;ORF1b:G940G;ORF1b:K951Q;ORF1b:I958I;ORF1b:S967T;ORF1b:P976Q;ORF1b:T984N;ORF1b:L986I,9,336,0.0267857142857142,0,
3052026,BA.2_0.03_abundance_0.1,T16796A;C16859G;T16860G;T17016A;C17069G;C17077G,ORF1b:V1110E;ORF1b:A1131G;ORF1b:A1131A;ORF1b:D1183E;ORF1b:S1201C;ORF1b:Q1204E,69,1796,0.0384187082405345,0,
3052026,BA.2_0.03_abundance_0.1,T16796A;T16860G;T17016A;C17069G;C17077G,ORF1b:V1110E;ORF1b:A1131A;ORF1b:D1183E;ORF1b:S1201C;ORF1b:Q1204E,112,1796,0.0623608017817371,0,
3052026,BA.2_0.03_abundance_0.1,C17410T;A17431G;A17477C;A17482G;C17483A;A17515G;A17542C;C17555T;A17576C;T17582C,ORF1b:R1315C;ORF1b:I1322V;ORF1b:K1337T;ORF1b:T1339A;ORF1b:T1339K;ORF1b:R1350G;ORF1b:M1359L;ORF1b:T1363I;ORF1b:E1370A;ORF1b:V1372A,24,273,0.0879120879120879,0,
3052026,BA.2_0.03_abundance_0.1,C17410T;G17683T,ORF1b:R1315C;ORF1b:D1406Y,8,254,0.0314960629921259,3,BA.5.3.1:1;BA.4:1;BA.2.9:1
3052026,BA.2_0.03_abundance_0.1,A17431G;A17477C;A17482G;C17483A;A17515G;A17542C;C17555T;A17576C;T17582C,ORF1b:I1322V;ORF1b:K1337T;ORF1b:T1339A;ORF1b:T1339K;ORF1b:R1350G;ORF1b:M1359L;ORF1b:T1363I;ORF1b:E1370A;ORF1b:V1372A,164,1980,0.0828282828282828,0,
3052026,BA.2_0.03_abundance_0.1,C18419A;T18435G;C18460G;C18493G;A18503C;T18521G;A18563T;T18608G;G18627C,ORF1b:T1651K;ORF1b:D1656E;ORF1b:P1665A;ORF1b:L1676V;ORF1b:K1679T;ORF1b:V1685G;ORF1b:K1699I;ORF1b:F1714C;ORF1b:K1720N,20,296,0.0675675675675675,0,
3052026,BA.2_0.03_abundance_0.1,C18419A;T18435G;C18460G;C18493G;A18503C;T18521G;A18563T;T18608G,ORF1b:T1651K;ORF1b:D1656E;ORF1b:P1665A;ORF1b:L1676V;ORF1b:K1679T;ORF1b:V1685G;ORF1b:K1699I;ORF1b:F1714C,12,384,0.03125,0,
3052026,BA.2_0.03_abundance_0.1,G18627C;T18741A;C18747T;C18775G;A18798T;C18823A;C18828A;A18868C,ORF1b:K1720N;ORF1b:D1758E;ORF1b:V1760V;ORF1b:Q1770E;ORF1b:L1777L;ORF1b:Q1786K;ORF1b:V1787V;ORF1b:T1801P,43,442,0.0972850678733031,0,
3052026,BA.2_0.03_abundance_0.1,G18627C;C18680T;T18741A;C18747T;C18775G;A18798T;C18823A;C18828A;A18868C,ORF1b:K1720N;ORF1b:A1738V;ORF1b:D1758E;ORF1b:V1760V;ORF1b:Q1770E;ORF1b:L1777L;ORF1b:Q1786K;ORF1b:V1787V;ORF1b:T1801P,9,442,0.0203619909502262,0,
3052026,BA.2_0.03_abundance_0.1,C18680T;T18741A;C18747T;C18775G;A18798T;C18823A;C18828A;A18868C,ORF1b:A1738V;ORF1b:D1758E;ORF1b:V1760V;ORF1b:Q1770E;ORF1b:L1777L;ORF1b:Q1786K;ORF1b:V1787V;ORF1b:T1801P,39,2499,0.0156062424969987,0,
3052026,BA.2_0.03_abundance_0.1,T18741A;C18747T;C18775G;A18798T;C18823A;C18828A;A18868C,ORF1b:D1758E;ORF1b:V1760V;ORF1b:Q1770E;ORF1b:L1777L;ORF1b:Q1786K;ORF1b:V1787V;ORF1b:T1801P,143,2503,0.0571314422692768,0,
3052026,BA.2_0.03_abundance_0.1,T19025G;C19097G;T19139G;G19193T;A19210C;C19220A;T19224C,ORF1b:L1853R;ORF1b:A1877G;ORF1b:F1891C;ORF1b:W1909L;ORF1b:R1915R;ORF1b:A1918D;ORF1b:N1919N,35,448,0.078125,0,
3052026,BA.2_0.03_abundance_0.1,T19025G;C19097G;T19139G,ORF1b:L1853R;ORF1b:A1877G;ORF1b:F1891C,5,489,0.0102249488752556,0,
3052026,BA.2_0.03_abundance_0.1,T20205A;C20221G;A20223C;A20284T;T20338C;T20376A;T20414A;G20419T;A20453C;A20460C;A20463T;G20493T,ORF1b:T2246T;ORF1b:Q2252E;ORF1b:Q2252H;ORF1b:I2273F;ORF1b:F2291L;ORF1b:I2303I;ORF1b:L2316*;ORF1b:D2318Y;ORF1b:Y2329S;ORF1b:I2331I;ORF1b:T2332T;ORF1b:V2342V,5,30,0.1666666666666666,0,
3052026,BA.2_0.03_abundance_0.1,C20221G;A20223C;A20284T;T20338C;T20376A;T20414A;G20419T;A20453C;A20460C;A20463T;G20493T,ORF1b:Q2252E;ORF1b:Q2252H;ORF1b:I2273F;ORF1b:F2291L;ORF1b:I2303I;ORF1b:L2316*;ORF1b:D2318Y;ORF1b:Y2329S;ORF1b:I2331I;ORF1b:T2332T;ORF1b:V2342V,14,158,0.0886075949367088,0,
3052026,BA.2_0.03_abundance_0.1,A21241C;C21257G,ORF1b:T2592P;ORF1b:S2597*,10,79,0.1265822784810126,0,
3052026,BA.2_0.03_abundance_0.1,C21707A;G21746C;C21762A;C21840T;T21841G;T21842G;A21865C;A21875T;C21903G;T21940A;G21950T;G21987A,S:H49N;S:V62L;S:A67D;S:A93V;S:A93A;S:S94A;S:I101I;S:I105F;S:T114S;S:V126V;S:V130F;S:G142D,49,530,0.0924528301886792,0,
3052026,BA.2_0.03_abundance_0.1,G22992A;C22995A;A23013C;A23040G;C23151G,S:S477N;S:T478K;S:E484A;S:Q493R;S:S530C,6,15,0.4,0,
3052026,BA.2_0.03_abundance_0.1,C23151G;A23403G,S:S530C;S:D614G,38,222,0.1711711711711711,2,B.1.1:1;AY.4.6:1
3052026,BA.2_0.03_abundance_0.1,C23151G;C23360T;A23403G,S:S530C;S:P600S;S:D614G,7,222,0.0315315315315315,0,
3052026,BA.2_0.03_abundance_0.1,T23152A;C23154G;T23189C;A23232C;T23287A;A23305C;C23327G;T23338A;G23340C;A23379T;A23403G;T23421C;G23438C;C23439G;A23445T;A23446C;G23465A;T23466C;T23479A,S:S530S;S:T531S;S:F543L;S:K557T;S:A575A;S:T581T;S:P589A;S:F592L;S:G593A;S:N606I;S:D614G;S:V620A;S:A626P;S:A626G;S:Q628L;S:Q628H;S:V635I;S:V635A;S:G639G,15,200,0.075,0,
3052026,BA.2_0.03_abundance_0.1,T23189C;A23232C;T23287A;A23305C;C23327G;T23338A;G23340C;A23379T;A23403G;T23421C;G23438C;C23439G;A23445T;A23446C;G23465A;T23466C;T23479A,S:F543L;S:K557T;S:A575A;S:T581T;S:P589A;S:F592L;S:G593A;S:N606I;S:D614G;S:V620A;S:A626P;S:A626G;S:Q628L;S:Q628H;S:V635I;S:V635A;S:G639G,85,1257,0.0676213206046141,0,
3052026,BA.2_0.03_abundance_0.1,T23189C;A23232C;T23287A;A23305C;C23327G;T23338A;G23340C;A23379T;A23403G;T23421C;G23438C;C23439G;A23445T;A23446C;G23465A;T23466C,S:F543L;S:K557T;S:A575A;S:T581T;S:P589A;S:F592L;S:G593A;S:N606I;S:D614G;S:V620A;S:A626P;S:A626G;S:Q628L;S:Q628H;S:V635I;S:V635A,31,1677,0.0184853905784138,0,
3052026,BA.2_0.03_abundance_0.1,C23360T;A23403G,S:P600S;S:D614G,275,1753,0.1568739304050199,19,AY.4:1;AY.25.1:1;BA.1.1:1;B.1.1.7:1;B.1:1;P.1:2;BA.2.3.13:1;BA.2.12.1:1;BE.1:2;BQ.1:1;AY.44:1;AY.33:1;P.1.2:1;BA.5.2.1:1;BA.1.20:1;BA.5.1:1;BA.1.17.2:1
3052026,BA.2_0.03_abundance_0.1,G24234T;A24241G;A24248T;C24270T;A24273T;T24274A;G24291A;G24301C;A24302C;T24304G;A24321C;A24325G;A24336G;A24353C;T24379G;A24409G;G24416C;A24423G;A24424T,S:G891V;S:A893A;S:I896L;S:A903V;S:Y904F;S:Y904*;S:G910E;S:Q913H;S:N914H;S:N914K;S:Q920P;S:K921K;S:N925S;S:I931L;S:S939S;S:Q949Q;S:V952L;S:Q954R;S:Q954H,21,212,0.0990566037735849,0,
3052026,BA.2_0.03_abundance_0.1,G24234T;A24241G;A24248T;C24270T;A24273T;T24274A;G24291A;G24301C;A24302C;T24304G;A24321C;A24325G;A24336G;A24353C;T24379G;A24409G;G24416C,S:G891V;S:A893A;S:I896L;S:A903V;S:Y904F;S:Y904*;S:G910E;S:Q913H;S:N914H;S:N914K;S:Q920P;S:K921K;S:N925S;S:I931L;S:S939S;S:Q949Q;S:V952L,5,272,0.0183823529411764,0,
3052026,BA.2_0.03_abundance_0.1,A24791C;C24792A;C24909A;T24929A;T24946G;A24952G;C24990A;C25000T;T25001G,S:T1077P;S:T1077N;S:T1116N;S:S1123T;S:V1128V;S:I1130M;S:P1143H;S:D1146D;S:S1147A,56,512,0.109375,0,
3052026,BA.2_0.03_abundance_0.1,G25364A;A25426G;T25434C;G25437A;C25487G;A25512G;T25520C;G25540A;T25557C;C25584T;G25593T;C25603T;T25604G;G25606C,S:V1268I;ORF3a:T12A;ORF3a:T14T;ORF3a:L15L;ORF3a:T32S;ORF3a:S40S;ORF3a:F43S;ORF3a:V50I;ORF3a:V55V;ORF3a:T64T;ORF3a:K67N;ORF3a:L71L;ORF3a:L71R;ORF3a:A72P,427,4343,0.0983191342390052,0,
3052026,BA.2_0.03_abundance_0.1,A25512T;C25584T,ORF3a:S40S;ORF3a:T64T,1602,4381,0.3656699383702351,38,BA.2.12.1:13;BA.5.2:2;BA.1.1:5;BA.5.2.1:4;BA.2.10:2;BA.2:7;BA.1.17:3;BA.2.12:1;BA.1.15:1
3052026,BA.2_0.03_abundance_0.1,A25512T;T25558A;C25584T,ORF3a:S40S;ORF3a:F56I;ORF3a:T64T,576,4381,0.1314768317735676,0,
3052026,BA.2_0.03_abundance_0.1,T25558A;C25584T,ORF3a:F56I;ORF3a:T64T,436,4381,0.0995206573841588,10,BA.5.1:4;BA.5.2:2;BA.2:1;BA.1:2;BA.1.1:1
3052026,BA.2_0.03_abundance_0.1,G25972A;C26042A;T26052G;A26092G;C26256T;C26270T,ORF3a:E194K;ORF3a:T217N;ORF3a:S220R;ORF3a:N234D;E:F4F;E:T9I,6,98,0.0612244897959183,0,
3052026,BA.2_0.03_abundance_0.1,C26256T;C26270T;T26324G;C26340A;T26342C;A26358T;C26370A;A26528G;T26543C,E:F4F;E:T9I;E:L27W;E:A32A;E:I33T;E:R38R;E:Y42*;M:A2A;M:T7T,19,366,0.0519125683060109,0,
3052026,BA.2_0.03_abundance_0.1,C26256T;C26270T;A26281G;T26324G;C26340A;T26342C;A26358T;C26370A;A26528G;T26543C,E:F4F;E:T9I;E:I13V;E:L27W;E:A32A;E:I33T;E:R38R;E:Y42*;M:A2A;M:T7T,16,366,0.0437158469945355,0,
3052026,BA.2_0.03_abundance_0.1,C26270T;A26281G,E:T9I;E:I13V,136,490,0.2775510204081632,90,BA.5.5.1:2;BA.2:44;BF.13:1;BA.1.1:13;BA.5.2.9:1;BA.1.15:6;BA.5.1:1;BA.1:3;BF.22:1;BQ.1.1:1;BA.1.17:1;BA.2.12.1:1;BA.2.10:1;BA.5.3:1;BC.1:1;BA.1.1.16:1;BA.2.38:1;BA.2.9:1;XBB.1:1;BA.1.1.2:2;BA.5.6:4;BA.1.14.1:1;BA.5.2:1
3052026,BA.2_0.03_abundance_0.1,C26270T;A26281G;C26464T,E:T9I;E:I13V;E:L74L,36,434,0.0829493087557603,0,
3052026,BA.2_0.03_abundance_0.1,T26543C;C26577G;C26642G;T26677A;A26702G;G26709A;T26723C;G26727A;T26756G;C26768G;T26819G;C26845A;C26858T,M:T7T;M:Q19E;M:A40A;M:I52N;M:V60V;M:A63T;M:L67L;M:A69T;M:G78G;M:I82M;M:S99S;M:S108Y;M:F112F,5,103,0.0485436893203883,0,
3052026,BA.2_0.03_abundance_0.1,T26543C;C26577G;C26642G;T26677A;A26702G;G26709A;T26723C;G26727A;T26756G;C26768G;T26819G;C26845A;C26858T;A26874C,M:T7T;M:Q19E;M:A40A;M:I52N;M:V60V;M:A63T;M:L67L;M:A69T;M:G78G;M:I82M;M:S99S;M:S108Y;M:F112F;M:I118L,5,43,0.1162790697674418,0,
3052026,BA.2_0.03_abundance_0.1,C26577G;G26709A;C26858T;A26860G,M:Q19E;M:A63T;M:F112F;M:N113S,147,1670,0.0880239520958083,3,BA.2:1;BA.4.6:1;BA.2.75:1
3052026,BA.2_0.03_abundance_0.1,C26577G;G26709A;C26858T;A26874T,M:Q19E;M:A63T;M:F112F;M:I118F,37,739,0.0500676589986468,0,
3052026,BA.2_0.03_abundance_0.1,C26577G;C26642G;T26677A;A26702G;G26709A;T26723C;G26727A;T26756G;C26768G;T26819G;C26845A;C26858T,M:Q19E;M:A40A;M:I52N;M:V60V;M:A63T;M:L67L;M:A69T;M:G78G;M:I82M;M:S99S;M:S108Y;M:F112F,92,1700,0.0541176470588235,0,
3052026,BA.2_0.03_abundance_0.1,C26577G;C26642G;T26677A;A26702G;G26709A;T26723C;G26727A;T26756G;C26768G;T26819G;C26845A;C26858T;A26874C,M:Q19E;M:A40A;M:I52N;M:V60V;M:A63T;M:L67L;M:A69T;M:G78G;M:I82M;M:S99S;M:S108Y;M:F112F;M:I118L,76,737,0.1031207598371777,0,
3052026,BA.2_0.03_abundance_0.1,C26577G;G26709A;C26858T;A26860G;A26874T,M:Q19E;M:A63T;M:F112F;M:N113S;M:I118F,9,739,0.0121786197564276,0,
3052026,BA.2_0.03_abundance_0.1,T27178A;A27187T;G27217A;A27234C;T27251G;A27259C;A27302G;A27313T;T27319G;G27366T;G27382C;A27383T;C27416G;A27417G;A27477C,M:L219*;M:Q222L;ORF6:D6N;ORF6:I11I;ORF6:I17S;ORF6:R20R;ORF6:N34S;ORF6:K38*;ORF6:L40V;ORF6:E55D;ORF6:D61H;ORF6:D61V;ORF7a:A8G;ORF7a:A8A;ORF7a:T28T,31,320,0.096875,0,
3052026,BA.2_0.03_abundance_0.1,A27187T;G27217A;A27234C;T27251G;A27259C;A27302G;A27313T;T27319G;G27366T;G27382C;A27383T;C27416G;A27417G;A27477C,M:Q222L;ORF6:D6N;ORF6:I11I;ORF6:I17S;ORF6:R20R;ORF6:N34S;ORF6:K38*;ORF6:L40V;ORF6:E55D;ORF6:D61H;ORF6:D61V;ORF7a:A8G;ORF7a:A8A;ORF7a:T28T,36,720,0.05,0,
3052026,BA.2_0.03_abundance_0.1,T27851G;A27859T;T27863C;C27944T;T27953A;T28002A;T28017A;T28029C;A28095G;A28126C,ORF7b:L32L;ORF7b:Q35L;ORF7b:D36D;ORF8:H17H;ORF8:C20*;ORF8:C37S;ORF8:Y42N;ORF8:Y46H;ORF8:K68E;ORF8:N78T,45,578,0.0778546712802768,0,
3052026,BA.2_0.03_abundance_0.1,T27851G;A27859T;T27863C;C27944T;T27953A;T28002A;T28017A;T28029C;A28095G;T28118C;A28126C,ORF7b:L32L;ORF7b:Q35L;ORF7b:D36D;ORF8:H17H;ORF8:C20*;ORF8:C37S;ORF8:Y42N;ORF8:Y46H;ORF8:K68E;ORF8:D75D;ORF8:N78T,10,578,0.0173010380622837,0,
3052026,BA.2_0.03_abundance_0.1,T27851G;A27859T;T27863C;C27944T;T27953A;T28002A;T28017A;T28029C;A28095G,ORF7b:L32L;ORF7b:Q35L;ORF7b:D36D;ORF8:H17H;ORF8:C20*;ORF8:C37S;ORF8:Y42N;ORF8:Y46H;ORF8:K68E,13,711,0.0182841068917018,0,
3052026,BA.2_0.03_abundance_0.1,T28118C;C28311T,ORF8:D75D;N:P13L,107,750,0.1426666666666666,765,B.1.526:1;BF.2:1;BA.5.2:16;BA.1.1:57;BA.4:16;BA.2:151;BE.1.1:69;BA.2.29:48;BA.2.3:5;BA.1.17:4;AY.4:4;BV.1:2;BA.2.9:3;BA.1.18:3;BA.2.12.1:31;BA.1.17.2:2;BA.5.2.1:207;BA.1.1.12:1;XBB.1:19;BF.10:1;BF.5:1;BQ.1.1.5:2;BA.2.23:17;BA.5.3.3:6;BQ.1.5:13;BA.1.15.1:7;BA.1.16:2;BA.5.1:9;BA.1:12;BA.1.1.1:8;BA.4.6:2;BA.1.15:6;BA.1.1.14:1;BA.2.10:3;BA.1.1.15:1;BG.5:5;BF.11.2:4;BA.5.2.2:1;BQ.1.10:1;BF.21:2;BA.2.22:1;BA.5.1.23:1;BA.1.1.18:1;BF.28:1;BE.1:1;BA.5.2.20:2;BQ.1.8:3;BE.1.4:1;BA.5.5:1;BA.5.1.24:1;BA.5.2.38:1;BA.5.7:1;BF.7:1;BA.2.49:2;BA.2.75:2;BA.5.2.9:1
3052026,BA.2_0.03_abundance_0.1,A28126C;G28178T;C28205A;T28206A;C28311T;G28325T;C28377T;A28387C,ORF8:N78T;ORF8:L95F;ORF8:F104L;ORF8:Y105N;N:P13L;N:G18C;N:A35V;N:K38N,111,1669,0.0665068903535051,0,
3052026,BA.2_0.03_abundance_0.1,A28126C;G28178T;C28205A;T28206A;C28311T;G28325T;C28377T;A28387C;G28429T,ORF8:N78T;ORF8:L95F;ORF8:F104L;ORF8:Y105N;N:P13L;N:G18C;N:A35V;N:K38N;N:W52C,35,333,0.1051051051051051,0,
3052026,BA.2_0.03_abundance_0.1,G28429T;G28479A;A28496G;C28500T;C28512A;C28542T;A28549C;A28571T;T28640G;T28667A;C28708A,N:W52C;N:G69E;N:N75D;N:T76I;N:P80Q;N:A90V;N:R92S;N:K100*;N:Y123D;N:W132R;N:H145Q,14,169,0.0828402366863905,0,
3052026,BA.2_0.03_abundance_0.1,G28479A;A28496G;C28500T;C28512A;C28542T;A28549C;A28571T;T28640G;T28667A;C28708A,N:G69E;N:N75D;N:T76I;N:P80Q;N:A90V;N:R92S;N:K100*;N:Y123D;N:W132R;N:H145Q,34,554,0.0613718411552346,0,
3052026,BA.2_0.03_abundance_0.1,G28747T;C28776A;G28827C;A28874C;G28881A;G28882A;G28883T;T28897G;A28947C,N:V158V;N:P168Q;N:R185P;N:S201R;N:R203K;N:R203R;N:G204*;N:A208A;N:D225A,14,153,0.0915032679738562,0,
3052026,BA.2_0.03_abundance_0.1,T29021C;C29022G;G29024T;C29045G;A29078C;G29135A;A29168G;C29198G;C29211G;A29237T;G29240A;G29262T;C29268G;T29308G,N:S250P;N:S250C;N:A251S;N:P258A;N:N269H;N:D288N;N:K299E;N:P309A;N:A313G;N:M322L;N:E323K;N:W330L;N:T332S;N:N345K,104,1497,0.0694722778891115,0,
3052026,BA.2_0.03_abundance_0.1,C29045G;A29078C;G29135A;A29168G;C29198G;C29211G;A29237T;G29240A;G29262T;C29268G;T29308G,N:P258A;N:N269H;N:D288N;N:K299E;N:P309A;N:A313G;N:M322L;N:E323K;N:W330L;N:T332S;N:N345K,269,4250,0.0632941176470588,0,
3052026,BA.2_0.03_abundance_0.1,G29277C;A29314C,N:G335A;N:K347N,176,4222,0.0416864045476077,0,
3052026,BA.2_0.03_abundance_0.1,A29412G;A29428T;G29440C;T29461A;T29471C;A29510C;T29512C;A29571C;T29581A;T29588G;A29596C;T29626G;G29648T,N:Q380R;N:R385S;N:Q389H;N:P396P;N:L400L;N:S413R;N:S413S;ORF10:N5T;ORF10:A8A;ORF10:F11V;ORF10:I13I;ORF10:S23S;ORF10:D31Y,19,228,0.0833333333333333,0,
3052026,BA.2_0.03_abundance_0.1,A29412G;A29428T;G29440C;T29461A;T29471C;A29510C;T29512C;A29571C;T29581A;T29588G;A29596C;T29626G,N:Q380R;N:R385S;N:Q389H;N:P396P;N:L400L;N:S413R;N:S413S;ORF10:N5T;ORF10:A8A;ORF10:F11V;ORF10:I13I;ORF10:S23S,5,301,0.0166112956810631,0,
3052026,BA.2_0.03_abundance_0.1,A29412G;A29428T;G29440C;T29461A;T29471C;A29510C;T29512C;A29571C;T29581A;T29588G;A29596C;T29626G;G29648T;T29661A,N:Q380R;N:R385S;N:Q389H;N:P396P;N:L400L;N:S413R;N:S413S;ORF10:N5T;ORF10:A8A;ORF10:F11V;ORF10:I13I;ORF10:S23S;ORF10:D31Y;ORF10:F35Y,5,31,0.1612903225806451,0,
3052026,BA.2_0.03_abundance_0.1,A29412G;A29428T;G29440C;T29461A;T29471C;A29510C;T29512C;T29581A;T29588G;A29596C;T29626G;G29648T,N:Q380R;N:R385S;N:Q389H;N:P396P;N:L400L;N:S413R;N:S413S;ORF10:A8A;ORF10:F11V;ORF10:I13I;ORF10:S23S;ORF10:D31Y,8,228,0.0350877192982456,0,
3052026,BA.2_0.03_abundance_0.1,A29510C;A29571C,N:S413R;ORF10:N5T,173,304,0.569078947368421,1,BA.5.2.1:1
