Date,Site,Nt Mutations,AA Mutations,Support DP,Total DP,Combined Freq,Overall Occurrence,Lineage Occurrence
1012026,BA.2_0.02_abundance_0.05,C534A;T670G,ORF1a:A90E;ORF1a:S135R,112,2519,0.0444620881302104,238,BQ.1.1:6;BA.2.9:33;BA.5.2.3:2;BF.10:1;BQ.1:7;BA.5.2.27:1;BA.5.2.1:13;BE.1:2;BA.5.1:15;BA.2.3:3;BA.4.6:3;BA.5.1.8:1;BA.2:110;BA.2.29:2;BA.4:1;BA.2.12.1:5;BA.2.10:1;CP.1:1;BA.2.72:1;BA.5.1.23:2;BF.5:3;BF.26:1;BA.2.75:2;BA.2.24:2;BA.4.4:1;BA.2.65:1;BA.5.1.24:2;BA.5.9:1;CM.2:1;BF.28:4;BA.5.1.5:1;BA.5.5:1;BA.5.6:2;BA.5.2.9:1;BA.5.2:1;BQ.1.1.24:1;BA.4.1:1;BA.2.1:2
1012026,BA.2_0.02_abundance_0.05,T670G;T746G,ORF1a:S135R;ORF1a:W161G,128,325,0.3938461538461538,22,BF.5:1;BA.2:17;BA.5.2.1:1;BA.2.9:1;BA.5.1.10:1;BA.2.36:1
1012026,BA.2_0.02_abundance_0.05,T2548G;A2573G,ORF1a:G761G;ORF1a:T770A,5,27,0.1851851851851851,0,
1012026,BA.2_0.02_abundance_0.05,A3858T;T3919G,ORF1a:Q1198L;ORF1a:S1218R,6,478,0.0125523012552301,0,
1012026,BA.2_0.02_abundance_0.05,G3880A;T3919G,ORF1a:E1205E;ORF1a:S1218R,5,478,0.0104602510460251,0,
1012026,BA.2_0.02_abundance_0.05,C5759A;C5884A,ORF1a:Q1832K;ORF1a:Y1873*,30,1939,0.0154718927282104,0,
1012026,BA.2_0.02_abundance_0.05,A6597T;T6736C,ORF1a:N2111I;ORF1a:V2157V,49,409,0.1198044009779951,0,
1012026,BA.2_0.02_abundance_0.05,T8141G;A8252T,ORF1a:L2626V;ORF1a:I2663L,15,464,0.0323275862068965,0,
1012026,BA.2_0.02_abundance_0.05,A8750T;T8778A,ORF1a:N2829Y;ORF1a:F2838Y,15,745,0.0201342281879194,0,
1012026,BA.2_0.02_abundance_0.05,C10029T;A9826T,ORF1a:T3255I;ORF1a:K3187N,5,45,0.1111111111111111,0,
1012026,BA.2_0.02_abundance_0.05,G10447A;C10449A;G10511A,ORF1a:R3394R;ORF1a:P3395H;ORF1a:D3416N,90,731,0.1231190150478796,4,BE.1.4.4:1;BA.2.12.1:1;BA.2.75:1;BA.2:1
1012026,BA.2_0.02_abundance_0.05,A11896T;T11968C,ORF1a:Q3877H;ORF1a:A3901A,123,768,0.16015625,0,
1012026,BA.2_0.02_abundance_0.05,T12568A;T12630C,ORF1a:V4101V;ORF1a:L4122S,152,1325,0.1147169811320754,0,
1012026,BA.2_0.02_abundance_0.05,T12568A;T12601C,ORF1a:V4101V;ORF1a:S4112S,33,1325,0.0249056603773584,0,
1012026,BA.2_0.02_abundance_0.05,T12601C;T12630C,ORF1a:S4112S;ORF1a:L4122S,31,1325,0.0233962264150943,0,
1012026,BA.2_0.02_abundance_0.05,C12880T;C12932G,ORF1a:I4205I;ORF1a:P4223A,1605,2220,0.722972972972973,0,
1012026,BA.2_0.02_abundance_0.05,C12880T;A13031C,ORF1a:I4205I;ORF1a:N4256H,35,2068,0.0169245647969052,1,BQ.1.1:1
1012026,BA.2_0.02_abundance_0.05,C12880T;C12932G;A13031C,ORF1a:I4205I;ORF1a:P4223A;ORF1a:N4256H,118,2068,0.0570599613152804,0,
1012026,BA.2_0.02_abundance_0.05,A14353G;C14408T,ORF1b:R296G;ORF1b:P314L,506,1121,0.4513826940231936,31,B.1.2:1;BA.1.1.18:2;B.1.526:2;AY.27:1;B.1.1.7:7;BA.1.15:2;BE.1:1;AY.122:4;B.1.617.2:1;AY.44:1;BA.5.2:2;BA.1.1:4;AY.21:1;BA.2.3:1;BA.5.2.1:1
1012026,BA.2_0.02_abundance_0.05,T16232A;C16338A,ORF1b:L922*;ORF1b:V957V,12,312,0.0384615384615384,0,
1012026,BA.2_0.02_abundance_0.05,T16232A;A16331C,ORF1b:L922*;ORF1b:D955A,41,312,0.1314102564102564,0,
1012026,BA.2_0.02_abundance_0.05,T17112C;C17410T,ORF1b:A1215A;ORF1b:R1315C,229,2770,0.0826714801444043,2103,CH.1.1:66;BA.2.9:1967;BF.5:2;BA.2:17;BA.5.1:13;BA.5.2:4;BF.26:1;BA.4.6:1;BA.2.11:1;BE.1:2;BF.3:1;BF.7:1;DF.1:1;BA.2.10:1;BA.2.9.5:2;BA.5.2.1:8;BA.2.12.1:5;BE.6:2;BA.4.1.1:1;BA.5.6.1:1;BQ.1:1;BA.5.6:1;BA.2.75:2;BA.2.3:1;BA.5.2.25:1
1012026,BA.2_0.02_abundance_0.05,A17230T;C17410T,ORF1b:R1255*;ORF1b:R1315C,210,2778,0.0755939524838013,0,
1012026,BA.2_0.02_abundance_0.05,C17410T;A17612C,ORF1b:R1315C;ORF1b:N1382T,30,321,0.0934579439252336,8,BA.5.2:1;BA.2:2;BA.2.10:4;BA.5:1
1012026,BA.2_0.02_abundance_0.05,C18058T;A18163G,ORF1b:L1531F;ORF1b:I1566V,93,1397,0.066571224051539,89,BA.5.2:15;BA.2:8;BA.5.6:11;BA.1:2;BA.2.9.3:1;XBB.3:2;BA.2.12.1:11;BA.1.1:7;BA.5.1.22:3;BA.5.2.1:8;BA.1.1.18:2;BA.5.1.17:2;BA.2.9:2;BA.5.1:2;BE.3:1;BA.1.1.2:1;BA.1.15.1:1;BA.1.15:2;XBB.1:2;BA.2.23:1;BF.10:1;BQ.1.1.17:1;BF.28:1;BQ.1.1:1;BE.1.1.2:1
1012026,BA.2_0.02_abundance_0.05,A18095T;A18163G,ORF1b:H1543L;ORF1b:I1566V,41,1397,0.0293486041517537,0,
1012026,BA.2_0.02_abundance_0.05,A18163G;G18307T,ORF1b:I1566V;ORF1b:D1614Y,74,785,0.0942675159235668,1,BA.1.1.18:1
1012026,BA.2_0.02_abundance_0.05,G18307T;A18532C,ORF1b:D1614Y;ORF1b:K1689Q,84,1776,0.0472972972972973,0,
1012026,BA.2_0.02_abundance_0.05,T18648A;A18673G,ORF1b:P1727P;ORF1b:R1736G,23,2220,0.0103603603603603,0,
1012026,BA.2_0.02_abundance_0.05,A18969G;A19077G,ORF1b:R1834R;ORF1b:V1870V,47,1334,0.0352323838080959,0,
1012026,BA.2_0.02_abundance_0.05,A18969G;A19167T,ORF1b:R1834R;ORF1b:K1900N,21,1256,0.0167197452229299,0,
1012026,BA.2_0.02_abundance_0.05,A19077G;A19167T,ORF1b:V1870V;ORF1b:K1900N,14,1256,0.0111464968152866,0,
1012026,BA.2_0.02_abundance_0.05,T21610G;C21618T,S:V16V;S:T19I,6,63,0.0952380952380952,0,
1012026,BA.2_0.02_abundance_0.05,G23948T;T23951G,S:D796Y;S:F797V,15,54,0.2777777777777778,3,BA.5.2.1:1;BA.2:2
1012026,BA.2_0.02_abundance_0.05,G23948T;G24038C,S:D796Y;S:V826L,12,48,0.25,5,BA.2:1;BA.5.2.1:1;BA.1:1;BA.1.1:1;BE.1.1:1
1012026,BA.2_0.02_abundance_0.05,G23948T;T23951G;G24038C,S:D796Y;S:F797V;S:V826L,19,48,0.3958333333333333,0,
1012026,BA.2_0.02_abundance_0.05,T24272A;A24424T,S:Y904N;S:Q954H,22,32,0.6875,0,
1012026,BA.2_0.02_abundance_0.05,C26060T;T26087C;C26270T,ORF3a:T223I;ORF3a:I232T;E:T9I,71,274,0.2591240875912409,60,BA.2:40;BA.5.5.2:11;BA.5.1:1;BA.4.6:1;BA.5.2:1;BE.1.2.1:2;BE.3:1;BA.2.1:1;BQ.1.1:1;BA.5.2.1:1
1012026,BA.2_0.02_abundance_0.05,C26060T;T26087C,ORF3a:T223I;ORF3a:I232T,22,374,0.0588235294117647,64,BA.2:41;BA.5.5.2:11;BA.5.2:2;BA.5.1:1;B.1.497:1;BA.4.6:1;B.1.2:1;BE.1.2.1:2;BE.3:1;BA.2.1:1;BQ.1.1:1;BA.5.2.1:1
1012026,BA.2_0.02_abundance_0.05,C26577G;T26707A;G26709A;C26858T,M:Q19E;M:L62*;M:A63T;M:F112F,304,2973,0.1022536158762193,0,
1012026,BA.2_0.02_abundance_0.05,C26577G;T26707A;G26709A,M:Q19E;M:L62*;M:A63T,65,3357,0.0193625260649389,0,
1012026,BA.2_0.02_abundance_0.05,C26577G;T26707A;G26709A;C26846G;C26858T,M:Q19E;M:L62*;M:A63T;M:S108S;M:F112F,221,2973,0.0743356878573831,0,
1012026,BA.2_0.02_abundance_0.05,C26577G;G26709A;C26846G;C26858T,M:Q19E;M:A63T;M:S108S;M:F112F,1088,2973,0.3659603094517322,1,BA.2.12.1:1
1012026,BA.2_0.02_abundance_0.05,C26577G;G26709A;C26846G,M:Q19E;M:A63T;M:S108S,69,3105,0.0222222222222222,3,BA.1.1:1;BA.2.12.1:1;BA.5.8:1
1012026,BA.2_0.02_abundance_0.05,C28311T;A28319G,N:P13L;N:T16A,962,2204,0.4364791288566243,165,BQ.1.1:6;BA.1:48;BE.1.1:1;BA.1.1.18:1;BA.1.15.1:1;BA.2.3:2;BA.5.2:9;BA.5.1.5:2;BA.5.1:1;BA.2:47;BA.1.1:14;BA.1.17:1;BA.5.1.1:2;BA.5.2.24:1;B.1.1.529:2;BA.5.2.1:4;BA.4:1;BF.7:1;BA.2.10:1;BA.1.18:1;BA.5.1.12:2;BE.1:1;BA.4.1:4;BA.5.1.30:1;BA.4.1.1:1;BA.2.12.1:6;BF.28:1;BA.5.2.7:1;BA.1.15:2
1012026,BA.2_0.02_abundance_0.05,G28593C;C28686G,N:R107T;N:A138G,29,1826,0.0158817086527929,0,
1082026,BA.2_0.02_abundance_0.05,A480G;T592C;T670G,ORF1a:K72R;ORF1a:P109P;ORF1a:S135R,81,2216,0.0365523465703971,0,
1082026,BA.2_0.02_abundance_0.05,A480G;T670G,ORF1a:K72R;ORF1a:S135R,33,2216,0.0148916967509025,119,BA.2:77;BA.5.6:3;BA.2.3:2;BA.2.9:4;BA.5.3:3;BA.4.6:4;BA.5.2.1:5;BA.5.5:1;BA.2.12.1:5;BA.5.2:2;BA.5.1:5;BQ.1.1:1;BF.7.8:1;BF.27:1;BE.1.1:1;BA.2.31:1;BA.5.1.2:2;XBB.1:1
1082026,BA.2_0.02_abundance_0.05,C842T;T998C,ORF1a:P193S;ORF1a:S245P,8,122,0.0655737704918032,1,BA.2.10:1
1082026,BA.2_0.02_abundance_0.05,C1190T;T998C,ORF1a:P309S;ORF1a:S245P,86,1013,0.0848963474827245,0,
1082026,BA.2_0.02_abundance_0.05,G1141A;T998C,ORF1a:K292K;ORF1a:S245P,75,1098,0.0683060109289617,0,
1082026,BA.2_0.02_abundance_0.05,A1020C;T998C,ORF1a:Q252P;ORF1a:S245P,25,1098,0.0227686703096539,0,
1082026,BA.2_0.02_abundance_0.05,G1141A;C1190T;T998C,ORF1a:K292K;ORF1a:P309S;ORF1a:S245P,41,1013,0.0404738400789733,0,
1082026,BA.2_0.02_abundance_0.05,A1020C;C1190T,ORF1a:Q252P;ORF1a:P309S,14,1013,0.0138203356367226,0,
1082026,BA.2_0.02_abundance_0.05,G1141A;C1190T,ORF1a:K292K;ORF1a:P309S,24,1013,0.0236920039486673,0,
1082026,BA.2_0.02_abundance_0.05,A2452G;G2494T,ORF1a:L729L;ORF1a:E743D,103,539,0.1910946196660482,0,
1082026,BA.2_0.02_abundance_0.05,A2568C;C2790T,ORF1a:Q768P;ORF1a:T842I,151,545,0.2770642201834862,44,BF.5:44
1082026,BA.2_0.02_abundance_0.05,T5601C;T5719G,ORF1a:F1779S;ORF1a:H1818Q,19,239,0.0794979079497908,0,
1082026,BA.2_0.02_abundance_0.05,T6004A;T6118A,ORF1a:D1913E;ORF1a:A1951A,32,263,0.1216730038022813,0,
1082026,BA.2_0.02_abundance_0.05,T7441C;A7606G,ORF1a:Y2392Y;ORF1a:L2447L,10,366,0.0273224043715847,0,
1082026,BA.2_0.02_abundance_0.05,A7803T;C7905T,ORF1a:Y2513F;ORF1a:S2547L,26,445,0.0584269662921348,0,
1082026,BA.2_0.02_abundance_0.05,G9237T;C9344T;A9424G,ORF1a:R2991I;ORF1a:L3027F;ORF1a:V3053V,9,140,0.0642857142857142,5,BA.2:5
1082026,BA.2_0.02_abundance_0.05,G9237T;C9344T;A9424G;C9534T,ORF1a:R2991I;ORF1a:L3027F;ORF1a:V3053V;ORF1a:T3090I,46,118,0.3898305084745763,5,BA.2:5
1082026,BA.2_0.02_abundance_0.05,G9237T;T9247C;C9344T;A9424G;C9534T,ORF1a:R2991I;ORF1a:A2994A;ORF1a:L3027F;ORF1a:V3053V;ORF1a:T3090I,7,118,0.059322033898305,0,
1082026,BA.2_0.02_abundance_0.05,T9247C;C9344T;A9424G;C9534T,ORF1a:A2994A;ORF1a:L3027F;ORF1a:V3053V;ORF1a:T3090I,34,424,0.080188679245283,228,BQ.1.1:17;BA.2.3:14;BA.2.56:2;BA.5.2.1:36;BA.2:47;BA.5.1:25;BA.4.6:5;BQ.1.1.18:1;BA.5.2:12;BA.2.10.1:1;CK.2.1.1:1;BA.2.9:14;BA.2.4:1;BA.5.3.1:1;BA.5.9:2;BF.21:1;BA.5.1.10:1;BF.7.5:4;BA.5.5.1:1;BA.4:15;BF.7:2;BA.5.2.23:2;BQ.1:7;BA.5.2.19:5;BQ.1.1.22:1;BA.2.12.1:4;BA.5.5:2;BA.4.1:1;BA.2.2:1;BA.5.2.7:1;BA.2.10:1
1082026,BA.2_0.02_abundance_0.05,T9247C;C9344T;A9424G,ORF1a:A2994A;ORF1a:L3027F;ORF1a:V3053V,9,506,0.0177865612648221,233,BQ.1.1:17;BA.2.3:15;BA.2.56:2;BA.5.2.1:36;BA.2:47;BA.5.1:26;BA.4.6:6;BQ.1.1.18:1;BA.5.2:12;BA.2.10.1:1;CK.2.1.1:1;BA.2.9:14;BA.2.4:1;BA.5.3.1:1;BA.5.9:2;BF.21:1;BA.5.1.10:3;BF.7.5:4;BA.5.5.1:1;BA.4:15;BF.7:2;BA.5.2.23:2;BQ.1:7;BA.5.2.19:5;BQ.1.1.22:1;BA.2.12.1:4;BA.5.5:2;BA.4.1:1;BA.2.2:1;BA.5.2.7:1;BA.2.10:1
1082026,BA.2_0.02_abundance_0.05,C9534T;T9757A;A9785G,ORF1a:T3090I;ORF1a:R3164R;ORF1a:T3174A,34,638,0.0532915360501567,0,
1082026,BA.2_0.02_abundance_0.05,C9534T;T9757A,ORF1a:T3090I;ORF1a:R3164R,190,641,0.296411856474259,0,
1082026,BA.2_0.02_abundance_0.05,C9534T;A9785G,ORF1a:T3090I;ORF1a:T3174A,61,638,0.0956112852664576,18,BA.5.2:2;BA.2.65:7;BA.2.9:1;BA.2:6;BE.1.4:1;BF.10:1
1082026,BA.2_0.02_abundance_0.05,A10518T;T10706C,ORF1a:D3418V;ORF1a:W3481R,5,42,0.119047619047619,0,
1082026,BA.2_0.02_abundance_0.05,C12880T;A13023T;C13038A,ORF1a:I4205I;ORF1a:Q4253L;ORF1a:T4258K,106,1694,0.0625737898465171,0,
1082026,BA.2_0.02_abundance_0.05,C12880T;A13023T,ORF1a:I4205I;ORF1a:Q4253L,107,1757,0.0608992601024473,0,
1082026,BA.2_0.02_abundance_0.05,C12880T;C13038A,ORF1a:I4205I;ORF1a:T4258K,702,1694,0.4144037780401416,1,BA.2:1
1082026,BA.2_0.02_abundance_0.05,G16843T;A16970C,ORF1b:G1126C;ORF1b:H1168P,410,2912,0.1407967032967033,0,
1082026,BA.2_0.02_abundance_0.05,C17410T;G17594C,ORF1b:R1315C;ORF1b:S1376T,47,246,0.1910569105691057,0,
1082026,BA.2_0.02_abundance_0.05,A18038C;A18068G;A18163G,ORF1b:Q1524P;ORF1b:D1534G;ORF1b:I1566V,62,1472,0.0421195652173913,0,
1082026,BA.2_0.02_abundance_0.05,A18038C;A18163G,ORF1b:Q1524P;ORF1b:I1566V,362,1472,0.2459239130434782,0,
1082026,BA.2_0.02_abundance_0.05,A18038C;A18102C;A18163G,ORF1b:Q1524P;ORF1b:T1545T;ORF1b:I1566V,142,1472,0.0964673913043478,0,
1082026,BA.2_0.02_abundance_0.05,A18038C;C18118A;A18163G,ORF1b:Q1524P;ORF1b:L1551I;ORF1b:I1566V,28,1472,0.0190217391304347,0,
1082026,BA.2_0.02_abundance_0.05,A18038C;A18068G;A18102C;A18163G,ORF1b:Q1524P;ORF1b:D1534G;ORF1b:T1545T;ORF1b:I1566V,23,1472,0.015625,0,
1082026,BA.2_0.02_abundance_0.05,A18068G;A18163G,ORF1b:D1534G;ORF1b:I1566V,65,1472,0.0441576086956521,3,BA.5:1;BA.5.2:1;BA.2.74:1
1082026,BA.2_0.02_abundance_0.05,A18068G;A18102C;A18163G,ORF1b:D1534G;ORF1b:T1545T;ORF1b:I1566V,26,1472,0.0176630434782608,0,
1082026,BA.2_0.02_abundance_0.05,A18102C;C18118A;A18163G,ORF1b:T1545T;ORF1b:L1551I;ORF1b:I1566V,17,1472,0.0115489130434782,0,
1082026,BA.2_0.02_abundance_0.05,A18102C;A18163G,ORF1b:T1545T;ORF1b:I1566V,227,1472,0.1542119565217391,5,BA.5.2:2;BA.2.1:1;BA.1.1.15:1;BA.2.71:1
1082026,BA.2_0.02_abundance_0.05,C18118A;A18163G,ORF1b:L1551I;ORF1b:I1566V,29,1472,0.0197010869565217,234,BA.1.1.18:7;BQ.1.1:66;BQ.1.1.24:5;BA.2.79.1:1;BA.1.20:3;BQ.1.1.18:13;BA.5.1.23:25;BA.2:56;BA.5.2:4;BA.5.1.12:1;BA.1.1:10;BA.4.1:2;BQ.1.1.1:1;BA.2.75:1;BA.2.9:2;BA.5.1.16:1;BA.1.1.2:16;BQ.1:6;BA.2.1:1;BQ.1.1.19:1;BA.5.2.1:3;XBB.1:1;BQ.1.1.17:1;BA.5.1:1;BA.2.3.15:1;BA.4.1.1:1;BA.1:2;BA.2.12.1:1;BA.1.17:1
1082026,BA.2_0.02_abundance_0.05,G19894C;A20055G,ORF1b:A2143P;ORF1b:E2196E,28,65,0.4307692307692308,1,BF.6:1
1082026,BA.2_0.02_abundance_0.05,T21480C;C21618T,ORF1b:L2671L;S:T19I,415,914,0.4540481400437637,30,BA.2:7;BA.2.37:1;BA.5.5:1;CM.2:1;BA.4.4:1;BA.5.2.24:1;BA.5.2:2;BQ.1.1:2;BQ.1.23:1;BA.4.6:6;BA.5.1.2:1;BA.2.10:1;BA.5.1.22:1;BA.5.1:1;BA.2.12.1:1;BA.2.38:2
1082026,BA.2_0.02_abundance_0.05,A21972C;G21987A,S:N137T;S:G142D,112,1871,0.0598610368786745,76,AY.4:8;B.1.617.2:6;BF.7:3;AY.9.2:1;AY.47:3;AY.122:51;BA.5.2.35:1;BA.5.1:1;AY.117:1;BA.2.9:1
1082026,BA.2_0.02_abundance_0.05,T22200G;T22254A,S:V213G;S:I231K,112,864,0.1296296296296296,0,
1082026,BA.2_0.02_abundance_0.05,C23921A;G23948T,S:Q787K;S:D796Y,7,241,0.0290456431535269,237,BA.1:7;BA.4:2;BA.5.2.31:13;BA.1.1.3:1;BA.2.9.5:1;BA.2:66;BA.2.10.1:1;BA.4.6:1;BA.2.42:3;BA.2.12.1:9;BF.7.4:29;BA.5.2:3;BA.1.1:39;BA.2.10:2;BA.1.15:16;BQ.1.23:2;BF.7:12;BA.1.1.13:2;BA.2.3:2;BA.2.75:3;BA.2.9:7;BF.26:1;BA.2.1:4;BA.5.5:1;BA.5.2.1:1;BA.2.76:1;BQ.1:1;BA.5.1.23:2;BA.5.1.25:1;BA.5.1:2;BA.1.1.1:1;BA.5.2.20:1
1082026,BA.2_0.02_abundance_0.05,T25557G;C25584T,ORF3a:V55V;ORF3a:T64T,120,1185,0.1012658227848101,21,BA.2:10;BA.5.1.5:1;BA.1.14.1:1;BA.5.2.21:1;BA.2.12.1:2;BA.1.1.1:2;BA.2.3.2:2;BA.1.15:1;BA.2.75:1
1082026,BA.2_0.02_abundance_0.05,C25584T;G25630T,ORF3a:T64T;ORF3a:V80F,35,807,0.0433705080545229,71,BA.2.12.1:7;BA.1.1.18:1;BA.5.2:1;BA.1.15:3;BA.2:18;BA.1.1:17;BA.2.38:1;BA.5.1.7:1;AY.43:1;BF.22:2;BA.5.1:3;BA.2.42:1;BE.1.1:3;BQ.1.1:1;BA.5.2.1:3;BA.1.1.8:1;BA.2.9:3;BA.2.5:1;BA.2.3:1;BQ.1.1.5:1;BF.5:1
1082026,BA.2_0.02_abundance_0.05,C26577G;G26709A;T26761A;C26858T,M:Q19E;M:A63T;M:I80N;M:F112F,2502,2737,0.9141395688710268,0,
1082026,BA.2_0.02_abundance_0.05,C26577G;G26709A;T26761A,M:Q19E;M:A63T;M:I80N,396,3121,0.1268824094841397,0,
1082026,BA.2_0.02_abundance_0.05,T28229G;C28311T,ORF8:H112Q;N:P13L,464,1677,0.2766845557543232,7,BA.5.2:2;BA.2.12.1:1;BA.2.9:1;BA.2.10:1;BA.2.3:1;BA.2:1
1082026,BA.2_0.02_abundance_0.05,G28517T;G28560T,N:D82Y;N:G96V,26,1376,0.0188953488372093,0,
1082026,BA.2_0.02_abundance_0.05,G28560T;G28669C,N:G96V;N:W132C,31,1289,0.0240496508921644,0,
1082026,BA.2_0.02_abundance_0.05,A29435C;A29510C,N:K388Q;N:S413R,6,151,0.0397350993377483,9,BA.2.75:2;BA.5.2.1:1;BA.4.6:1;BA.2.10:2;BA.2:2;BQ.1.11:1
1152026,BA.2_0.02_abundance_0.05,T2307G;C2507T,ORF1a:L681R;ORF1a:P748S,46,259,0.1776061776061776,0,
1152026,BA.2_0.02_abundance_0.05,T2934A;C3037T,ORF1a:L890H;ORF1a:F924F,38,702,0.0541310541310541,2,B.1.1.7:1;AY.3:1
1152026,BA.2_0.02_abundance_0.05,T2934A;C3037T;A3111T,ORF1a:L890H;ORF1a:F924F;ORF1a:Y949F,46,657,0.0700152207001522,0,
1152026,BA.2_0.02_abundance_0.05,C3037T;A3111T,ORF1a:F924F;ORF1a:Y949F,279,657,0.4246575342465753,12,AY.44:3;AY.43:3;AY.4:1;BA.5.2.44:4;B.1.351:1
1152026,BA.2_0.02_abundance_0.05,C3261G;A3303G,ORF1a:T999R;ORF1a:E1013G,21,663,0.0316742081447963,0,
1152026,BA.2_0.02_abundance_0.05,G4487T;A4624T,ORF1a:G1408C;ORF1a:V1453V,10,231,0.0432900432900432,0,
1152026,BA.2_0.02_abundance_0.05,G4487T;A4572C,ORF1a:G1408C;ORF1a:N1436T,14,232,0.0603448275862069,0,
1152026,BA.2_0.02_abundance_0.05,A4572C;A4624T,ORF1a:N1436T;ORF1a:V1453V,6,231,0.0259740259740259,0,
1152026,BA.2_0.02_abundance_0.05,G9277C;C9344T;A9424G;C9534T,ORF1a:W3004C;ORF1a:L3027F;ORF1a:V3053V;ORF1a:T3090I,15,95,0.1578947368421052,0,
1152026,BA.2_0.02_abundance_0.05,G9277C;C9344T;A9424G;T9455C;C9534T,ORF1a:W3004C;ORF1a:L3027F;ORF1a:V3053V;ORF1a:F3064L;ORF1a:T3090I,5,95,0.0526315789473684,0,
1152026,BA.2_0.02_abundance_0.05,C9344T;A9424G;T9455C;C9534T,ORF1a:L3027F;ORF1a:V3053V;ORF1a:F3064L;ORF1a:T3090I,13,95,0.1368421052631579,90,BQ.1:4;BE.1.3:49;BE.1.1:8;BA.2.38:10;BA.5.1:5;BA.5.10:1;BA.2:3;BA.5.2:2;BA.2.24:1;BA.5.1.1:2;BF.5:1;BA.2.12.1:3;BA.5.5:1
1152026,BA.2_0.02_abundance_0.05,C9534T;T9640A,ORF1a:T3090I;ORF1a:H3125Q,168,634,0.2649842271293375,0,
1152026,BA.2_0.02_abundance_0.05,C9534T;T9678A,ORF1a:T3090I;ORF1a:F3138Y,53,634,0.083596214511041,0,
1152026,BA.2_0.02_abundance_0.05,C9534T;T9640A;T9678A,ORF1a:T3090I;ORF1a:H3125Q;ORF1a:F3138Y,23,634,0.0362776025236593,0,
1152026,BA.2_0.02_abundance_0.05,G12078A;T12172C,ORF1a:R3938K;ORF1a:A3969A,1083,2530,0.4280632411067194,0,
1152026,BA.2_0.02_abundance_0.05,T12172C;C12374T,ORF1a:A3969A;ORF1a:L4037F,135,883,0.1528878822197055,0,
1152026,BA.2_0.02_abundance_0.05,G12516C;C12623G,ORF1a:C4084S;ORF1a:P4120A,10,942,0.0106157112526539,0,
1152026,BA.2_0.02_abundance_0.05,G12867T;C12880T,ORF1a:G4201V;ORF1a:I4205I,213,2659,0.080105302745393,0,
1152026,BA.2_0.02_abundance_0.05,G12867T;C12880T;C12899G,ORF1a:G4201V;ORF1a:I4205I;ORF1a:P4212A,157,2659,0.059044753666792,0,
1152026,BA.2_0.02_abundance_0.05,C12880T;C12899G,ORF1a:I4205I;ORF1a:P4212A,897,2659,0.3373448664911621,1,BA.2.36:1
1152026,BA.2_0.02_abundance_0.05,C14408T;A14436G,ORF1b:P314L;ORF1b:K323K,16,332,0.0481927710843373,182,BQ.1:13;BQ.1.1:29;BA.2.75:1;B.1.499:2;B.1.1.7:57;AY.43:2;B.1.617.2:1;BQ.1.1.8:1;AY.3:2;AY.20:1;AY.103:5;P.1.17:6;AY.14:3;BA.1.1.1:2;BA.1:1;BA.1.15:2;AY.122:8;B.1:2;BA.1.1:3;BA.1.1.15:1;P.1.15:1;BA.5.5:2;B.1.351:1;P.1.7.1:2;BA.5.2.1:3;AY.118:1;BA.5.1:1;B.1.429:1;BA.1.17.2:1;BQ.1.1.14:1;B.1.371:1;AY.25.1:1;BA.2.9:3;AY.4:3;B.1.618:1;B.1.160:2;BQ.1.1.24:1;B.1.2:2;BA.2:1;BA.2.10:1;AY.120:1;AY.100:8;BA.5.2.16:1
1152026,BA.2_0.02_abundance_0.05,T15707C;C15714T,ORF1b:M747T;ORF1b:L749L,145,4975,0.029145728643216,5,BA.5.2.20:2;BA.2.75:2;BM.1.1.3:1
1152026,BA.2_0.02_abundance_0.05,T17353A;C17410T,ORF1b:F1296I;ORF1b:R1315C,116,2136,0.0543071161048689,21,BA.2:20;BE.1.1:1
1152026,BA.2_0.02_abundance_0.05,A18163G;T18240A,ORF1b:I1566V;ORF1b:N1591K,5,22,0.2272727272727272,7,BA.2.3:3;BA.4.2:1;BA.5.1:1;BA.1.1:1;BF.5:1
1152026,BA.2_0.02_abundance_0.05,G18412T;G18546A,ORF1b:V1649F;ORF1b:M1693I,13,112,0.1160714285714285,0,
1152026,BA.2_0.02_abundance_0.05,G18412T;A18611G,ORF1b:V1649F;ORF1b:E1715G,5,111,0.045045045045045,0,
1152026,BA.2_0.02_abundance_0.05,G18546A;A18611G,ORF1b:M1693I;ORF1b:E1715G,7,111,0.063063063063063,0,
1152026,BA.2_0.02_abundance_0.05,T22200G;T22246A,S:V213G;S:D228E,41,92,0.4456521739130434,3,BA.2:1;CM.2:2
1152026,BA.2_0.02_abundance_0.05,G22992A;C22995A;A23013C;A23040G;A23055G;A23063T;T23075C;T23104A,S:S477N;S:T478K;S:E484A;S:Q493R;S:Q498R;S:N501Y;S:Y505H;S:S514S,25,862,0.0290023201856148,14,BA.1.1:10;BA.2:1;BA.2.1:3
1152026,BA.2_0.02_abundance_0.05,C23854A;G23948T;T24008G,S:N764K;S:D796Y;S:S816A,70,597,0.117252931323283,3,BA.1.15:2;BA.2:1
1152026,BA.2_0.02_abundance_0.05,T24379G;A24424T,S:S939S;S:Q954H,346,990,0.3494949494949494,31,BA.1.15:1;BA.2:7;BA.5.2.8:1;BA.2.12.1:3;BA.1.17.2:3;BA.2.31:5;BA.5.1:1;BA.1.1:8;BA.2.9.3:1;BA.5.2.1:1
1152026,BA.2_0.02_abundance_0.05,A24424T;A24582G,S:Q954H;S:Y1007C,9,133,0.0676691729323308,1,BA.5.2:1
1152026,BA.2_0.02_abundance_0.05,G26196C;C26270T;G26273T,ORF3a:T268T;E:T9I;E:G10V,7,96,0.0729166666666666,0,
1152026,BA.2_0.02_abundance_0.05,G26196C;C26270T,ORF3a:T268T;E:T9I,25,107,0.2336448598130841,4,BQ.1.1:1;BA.2:2;BE.3:1
1152026,BA.2_0.02_abundance_0.05,C26270T;G26273T,E:T9I;E:G10V,15,131,0.1145038167938931,10,BA.1.1:3;BA.2.3.4:1;BA.1:3;BA.2:2;BA.5.2:1
1152026,BA.2_0.02_abundance_0.05,C26577G;T26694G;G26709A;C26858T,M:Q19E;M:W58G;M:A63T;M:F112F,319,2430,0.131275720164609,0,
1152026,BA.2_0.02_abundance_0.05,C26577G;G26709A;G26787A;C26858T,M:Q19E;M:A63T;M:G89S;M:F112F,677,2430,0.2786008230452675,37,BA.2.75:3;BA.2:21;XE:1;BA.2.9:2;BA.2.3.2:1;BA.4.1:3;BA.2.12.1:1;XBB:1;CH.1.1:1;BA.2.17:3
1152026,BA.2_0.02_abundance_0.05,C26577G;T26694G;G26709A,M:Q19E;M:W58G;M:A63T,47,2743,0.0171345242435289,0,
1152026,BA.2_0.02_abundance_0.05,C26577G;G26709A;G26787A,M:Q19E;M:A63T;M:G89S,49,2568,0.0190809968847352,189,BA.1:10;BA.2.75:3;BA.1.17:1;BA.1.20:7;BA.1.15:41;BA.5.2:10;BA.2:21;BA.1.17.2:9;BA.5.2.6:2;BA.1.1:32;XE:1;BA.5.2.19:5;BA.5.2.1:5;BE.1.2.1:1;BA.2.9:2;BA.5.5:1;BA.5.9:1;BA.2.3.2:1;BA.1.1.2:3;BA.4.1:3;BA.5.1:3;BF.27:1;BE.1.1:5;BA.1.18:3;BA.2.12.1:1;BF.10:2;BA.5.1.10:1;BA.5.1.2:1;XBB:1;BA.1.1.18:2;CH.1.1:1;BA.1.1.15:2;BA.1.15.2:1;CG.1:1;BA.5.2.18:1;BA.2.17:3;BF.7.4:1
1152026,BA.2_0.02_abundance_0.05,C26577G;T26694G;G26709A;G26787A;C26858T,M:Q19E;M:W58G;M:A63T;M:G89S;M:F112F,183,2430,0.0753086419753086,0,
1152026,BA.2_0.02_abundance_0.05,A28294G;C28311T,N:Q7Q;N:P13L,1329,3446,0.385664538595473,164,BA.1:22;BA.1.1:22;BA.1.20:2;BA.1.1.1:3;BA.2:19;BA.2.3:27;BA.2.12.1:4;BA.5.1:13;BF.10:6;BA.2.9:2;BA.5.6:6;BF.7:2;BA.5.2:4;BA.4.1.1:1;BE.1.1:1;BA.5.2.26:5;BA.5.3.5:1;BA.5.2.1:8;BA.5.1.22:1;XBB.1:2;BA.4.6:1;BA.4.4:3;BF.28:1;XBB.3:1;BE.1.1.2:1;BA.5:1;BA.1.15:2;BA.1.1.2:1;BE.4:1;BA.5.1.3:1
1152026,BA.2_0.02_abundance_0.05,A28294G;C28311T;C28335T,N:Q7Q;N:P13L;N:S21L,84,3204,0.0262172284644194,0,
1152026,BA.2_0.02_abundance_0.05,C28311T;C28335T,N:P13L;N:S21L,138,3204,0.0430711610486891,149,BA.1.1.18:1;BA.1:11;BA.2.9:2;BA.1.1.1:8;BQ.1.1:2;BA.1.15:5;BA.5.2.1:14;BA.1.1:42;BA.5.2:2;BA.5.1:2;BA.2:9;BA.5.5:2;BD.1:1;DL.1:8;BA.5.6:1;BA.1.17.2:4;BA.1.16:10;BA.4.6:1;BA.5:3;BA.2.3:2;BA.5.1.1:1;BA.2.29:1;C.37:1;BA.1.1.2:3;BA.4.1:1;BA.1.1.15:1;BA.2.12.1:2;BF.5:1;BE.1:2;BQ.1.1.8:1;BA.2.36:1;BA.5.1.23:2;BA.5.9:1;BA.2.56:1
1152026,BA.2_0.02_abundance_0.05,T29410A;A29510C,N:T379T;N:S413R,31,118,0.2627118644067797,22,BQ.1.1:1;BA.5.2:7;BA.5.5:1;BA.2:6;BE.1.2:1;BA.5.2.1:2;BA.5.1:1;BA.5:1;BA.2.9:1;BA.4.1:1
1222026,BA.2_0.02_abundance_0.05,T670G;G896A,ORF1a:S135R;ORF1a:A211T,22,242,0.0909090909090909,390,BA.4.1.3:11;BA.5.2.23:15;BA.4.1:23;BF.10:1;BA.2:145;BE.1:3;BF.7.4.1:1;BA.5.2:94;BA.4.1.4:1;BA.5.1:17;BA.2.3:10;BF.7:9;BN.1.3:2;BE.1.1:2;BA.5.1.22:2;BA.2.13:1;BA.5.2.1:10;BE.3:4;BA.2.12.1:6;BF.5:1;BA.5.6:3;BA.5.1.1:1;BA.2.65:5;BA.5.5:6;BA.5.2.9:1;XBB.1:2;BA.2.36:1;BA.2.9:3;BF.14:1;BA.5.1.19:1;BA.5.2.28:2;BA.4.5:3;BQ.1.1:1;BA.2.1:1;BA.2.18:1
1222026,BA.2_0.02_abundance_0.05,T670G;A757G,ORF1a:S135R;ORF1a:K164K,25,265,0.0943396226415094,192,BA.2.9.5:2;BA.2.9:95;BQ.1.1.15:1;BA.5.5:3;BA.2:7;BA.4.1:1;BA.5.1:54;BA.5.2.3:1;BF.1:1;BA.5.2.1:7;BA.5.2:1;BA.2.12.1:13;BE.1.1:1;BA.5:1;BA.2.3.14:1;BA.5.2.26:1;CH.1.1:1;BA.2.75:1
1222026,BA.2_0.02_abundance_0.05,T670G;T833C,ORF1a:S135R;ORF1a:F190L,39,265,0.1471698113207547,290,BA.2.75:5;BE.1.1:19;BA.2.3:128;BA.5.2.1:44;BA.5.1:14;BA.5.2:12;BA.2.12.1:6;XBB.1.1:1;BA.2:30;BA.2.10:2;BA.5.1.1:2;BA.2.25:1;BE.1:1;BQ.1.18:1;BA.2.36:6;BA.2.9:1;BW.1.1:1;BQ.1.1.22:1;BA.5.5:7;CK.1:1;BA.2.37:1;BA.4.1:1;BQ.1:2;BA.4:1;BA.2.3.10:1;BA.5.2.28:1
1222026,BA.2_0.02_abundance_0.05,T670G;A757G;T833C,ORF1a:S135R;ORF1a:K164K;ORF1a:F190L,8,265,0.030188679245283,0,
1222026,BA.2_0.02_abundance_0.05,T670G;T833C;G896A,ORF1a:S135R;ORF1a:F190L;ORF1a:A211T,10,242,0.0413223140495867,0,
1222026,BA.2_0.02_abundance_0.05,A757G;G896A,ORF1a:K164K;ORF1a:A211T,36,2456,0.014657980456026,0,
1222026,BA.2_0.02_abundance_0.05,A757G;T833C,ORF1a:K164K;ORF1a:F190L,51,2648,0.0192598187311178,0,
1222026,BA.2_0.02_abundance_0.05,T833C;G896A,ORF1a:F190L;ORF1a:A211T,84,2457,0.0341880341880341,0,
1222026,BA.2_0.02_abundance_0.05,T1507C;T1537G,ORF1a:V414V;ORF1a:V424V,5,58,0.0862068965517241,0,
1222026,BA.2_0.02_abundance_0.05,T2955G;C3037T;G3134A,ORF1a:L897*;ORF1a:F924F;ORF1a:G957S,20,235,0.0851063829787234,0,
1222026,BA.2_0.02_abundance_0.05,T2955G;C3037T,ORF1a:L897*;ORF1a:F924F,23,252,0.0912698412698412,2,B.1.408:1;BA.1:1
1222026,BA.2_0.02_abundance_0.05,C3037T;G3134A,ORF1a:F924F;ORF1a:G957S,102,235,0.4340425531914894,229,B.1.1.7:34;AY.100:7;BA.2:24;BA.5.1:20;BA.1:2;BA.5.2.1:10;AY.6:4;AY.98:6;BA.4.1.5:2;AY.103:3;B.1:1;BA.1.1:26;AY.4.2.2:3;AY.44:4;B.1.177:1;BA.5.5:1;BA.1.1.14:1;B.1.1.387:1;B.1.617.1:1;AY.4:1;AY.122:1;AY.27:1;BE.1.1.1:1;AY.46.6:1;B.1.617.2:4;P.1:1;BA.2.12.1:14;AY.82:1;B.1.351:1;P.1.17:2;P.1.1:2;BA.5.1.1:1;AY.20:1;B.1.1.67:1;B.1.111:1;P.1.7:4;AY.75:1;BA.2.75.2:1;B.1.2:1;AY.120:1;BA.2.75:7;BA.2.24:1;AY.3:7;AY.43:1;AY.25.1:1;B.1.1.307:2;BF.7:1;AY.95:1;BF.28:1;BA.1.1.2:1;BA.2.3:4;BA.2.12:1;BA.5.6:1;BA.1.1.1:1;BA.5.1.5:2;BA.1.4:2;BA.5.9:1;BA.5.2.18:1
1222026,BA.2_0.02_abundance_0.05,A4568C;A4624C,ORF1a:I1435L;ORF1a:V1453V,480,3453,0.1390095569070373,0,
1222026,BA.2_0.02_abundance_0.05,A4568C;A4580C;A4624C,ORF1a:I1435L;ORF1a:N1439H;ORF1a:V1453V,74,3453,0.0214306400231682,0,
1222026,BA.2_0.02_abundance_0.05,A4580C;A4624C,ORF1a:N1439H;ORF1a:V1453V,318,3453,0.0920938314509122,0,
1222026,BA.2_0.02_abundance_0.05,C4605G;A4624C,ORF1a:T1447R;ORF1a:V1453V,108,3453,0.0312771503040834,0,
1222026,BA.2_0.02_abundance_0.05,C6021G;T6082C,ORF1a:P1919R;ORF1a:D1939D,17,1064,0.0159774436090225,0,
1222026,BA.2_0.02_abundance_0.05,A6243G;C6310A,ORF1a:H1993R;ORF1a:S2015R,103,850,0.1211764705882352,0,
1222026,BA.2_0.02_abundance_0.05,C7431G;T7568G,ORF1a:S2389*;ORF1a:Y2435D,80,2508,0.0318979266347687,0,
1222026,BA.2_0.02_abundance_0.05,C7563G;T7568G,ORF1a:S2433C;ORF1a:Y2435D,77,2509,0.0306895177361498,0,
1222026,BA.2_0.02_abundance_0.05,A8325C;C8480G,ORF1a:D2687A;ORF1a:P2739A,7,117,0.0598290598290598,0,
1222026,BA.2_0.02_abundance_0.05,G10959A;A10964C,ORF1a:G3565D;ORF1a:T3567P,11,513,0.0214424951267056,0,
1222026,BA.2_0.02_abundance_0.05,T11977C;T12169A,ORF1a:T3904T;ORF1a:V3968V,79,1484,0.0532345013477088,0,
1222026,BA.2_0.02_abundance_0.05,T11977C;C12123A,ORF1a:T3904T;ORF1a:S3953*,176,1484,0.1185983827493261,0,
1222026,BA.2_0.02_abundance_0.05,T11977C;C12123A;T12169A,ORF1a:T3904T;ORF1a:S3953*;ORF1a:V3968V,54,1484,0.036388140161725,0,
1222026,BA.2_0.02_abundance_0.05,C12100A;C12123A,ORF1a:A3945A;ORF1a:S3953*,19,1484,0.0128032345013477,0,
1222026,BA.2_0.02_abundance_0.05,C12123A;T12169A,ORF1a:S3953*;ORF1a:V3968V,84,1484,0.0566037735849056,0,
1222026,BA.2_0.02_abundance_0.05,G13240A;T13282C,ORF1a:S4325S;ORF1a:P4339P,18,734,0.0245231607629427,0,
1222026,BA.2_0.02_abundance_0.05,G14250C;C14408T,ORF1b:L261F;ORF1b:P314L,31,580,0.0534482758620689,8,AY.127:1;BF.10:1;BA.5.2.1:1;BA.2:1;BA.5.3.1:1;BA.1:2;AY.4.2.2:1
1222026,BA.2_0.02_abundance_0.05,G14250C;C14408T;T14551G,ORF1b:L261F;ORF1b:P314L;ORF1b:L362V,5,477,0.010482180293501,0,
1222026,BA.2_0.02_abundance_0.05,C14408T;T14551G,ORF1b:P314L;ORF1b:L362V,112,484,0.2314049586776859,3,B.1.1.7:1;AY.112:1;B.1:1
1222026,BA.2_0.02_abundance_0.05,T15507G;C15714T,ORF1b:Y680*;ORF1b:L749L,19,271,0.070110701107011,0,
1222026,BA.2_0.02_abundance_0.05,C15712T;C15714T,ORF1b:L749F;ORF1b:L749L,89,3369,0.0264173345206292,3,BA.5:1;BA.2:1;BA.5.2:1
1222026,BA.2_0.02_abundance_0.05,C15714T;A15831G,ORF1b:L749L;ORF1b:A788A,74,2964,0.024966261808367,15,BA.2.3:4;BA.2:2;BA.2.75:3;BA.5.2.1:1;BF.21:2;BA.5.6:1;BA.5.3.1:1;BA.2.24:1
1222026,BA.2_0.02_abundance_0.05,A16347T;C16376T,ORF1b:T960T;ORF1b:P970L,39,115,0.3391304347826087,0,
1222026,BA.2_0.02_abundance_0.05,T16921A;C16949G,ORF1b:S1152T;ORF1b:P1161R,39,2083,0.0187229956793086,0,
1222026,BA.2_0.02_abundance_0.05,T16921A;C17000T,ORF1b:S1152T;ORF1b:T1178I,22,1924,0.0114345114345114,0,
1222026,BA.2_0.02_abundance_0.05,T17161G;C17410T,ORF1b:C1232G;ORF1b:R1315C,70,3153,0.0222010783380907,4,BF.25:1;BA.5.5:1;BA.2.9:1;BF.7:1
1222026,BA.2_0.02_abundance_0.05,A18045T;A18163G,ORF1b:E1526D;ORF1b:I1566V,34,279,0.1218637992831541,1,BA.5.2.1:1
1222026,BA.2_0.02_abundance_0.05,A18045T;A18163G;T18216C,ORF1b:E1526D;ORF1b:I1566V;ORF1b:G1583G,16,265,0.060377358490566,0,
1222026,BA.2_0.02_abundance_0.05,A18163G;T18216C,ORF1b:I1566V;ORF1b:G1583G,69,266,0.2593984962406015,22,BA.1.18:1;BE.1.1:1;BA.2.75:1;BA.1.15:2;BA.1.1.1:1;BA.2:4;BA.5.1:3;BA.1:2;BA.2.3.1:1;BA.1.1:3;XAL:1;BA.1.1.14:1;BA.2.10:1
1222026,BA.2_0.02_abundance_0.05,G18391T;A18424G,ORF1b:V1642F;ORF1b:N1653D,12,315,0.0380952380952381,1,B.1.2:1
1222026,BA.2_0.02_abundance_0.05,A18706T;G18780T,ORF1b:T1747S;ORF1b:W1771C,37,2913,0.0127016821146584,0,
1222026,BA.2_0.02_abundance_0.05,T22045C;T22200G,S:S161S;S:V213G,108,1287,0.0839160839160839,37,BA.2:19;BA.5.1:7;BA.5.2.1:3;BA.5.2.13:2;BA.5.2:1;BA.2.12.1:1;BA.5.2.27:1;BF.7:2;BA.2.24:1
1222026,BA.2_0.02_abundance_0.05,T22200G;G22272T,S:V213G;S:R237M,43,1192,0.0360738255033557,61,BF.17:1;BA.5.1:10;BA.5.2:4;BA.2:5;BE.2:1;BF.7.6:14;BA.4.1:7;BA.2.9:2;BF.7:1;BA.5.2.1:2;BA.2.12.1:1;BQ.1.1.3:2;BQ.1:2;BQ.1.1:2;BA.5.1.22:2;BF.10:1;BA.4:1;BQ.1.5:1;BE.1:1;BA.5.2.28:1
1222026,BA.2_0.02_abundance_0.05,C22674T;T22679C;A22681C;C22686T;A22688G;G22775A;A22786C;G22813T,S:S371F;S:S373P;S:S373S;S:S375F;S:T376A;S:D405N;S:R408S;S:K417N,23,312,0.0737179487179487,905,BA.2:898;BA.2.65:4;BA.2.7:1;BA.2.56:1;BA.5.1:1
1222026,BA.2_0.02_abundance_0.05,C22674T;T22679C;C22686T;A22688G;C22752T;G22775A;A22786C;G22813T,S:S371F;S:S373P;S:S375F;S:T376A;S:A397V;S:D405N;S:R408S;S:K417N,10,312,0.032051282051282,51,BF.28:2;BA.5.6:1;BA.2.9:1;BA.5.2.1:9;BQ.1.1.22:2;BF.4:4;BA.2:4;BA.5.5.1:5;BA.5.2:6;BA.2.12.1:1;BF.26:1;BA.5:2;BA.5.6.3:1;BF.7:1;BA.5.1.10:1;BA.5.1:4;BF.7.5:1;BA.2.13:1;BE.1.1:1;BA.5.2.6:1;BF.8:1;BE.2:1
1222026,BA.2_0.02_abundance_0.05,T24272C;A24424T,S:Y904H;S:Q954H,48,889,0.0539932508436445,17,BA.5.2:3;BA.2:2;BA.4.6:5;BA.5.2.1:2;BF.14:1;BA.1.1:1;BA.5.1:1;XAZ:2
1222026,BA.2_0.02_abundance_0.05,T24940A;C25000T,S:C1126*;S:D1146D,115,2273,0.0505939287285525,0,
1222026,BA.2_0.02_abundance_0.05,C25318G;C25584T,S:S1252S;ORF3a:T64T,57,1149,0.0496083550913838,39,BA.2:12;BA.5.2.1:2;BA.5.1.30:8;BA.5.1:7;BA.5.2:2;BE.1.2.1:3;BA.5.5:1;BA.1.15:1;BA.1.1:3
1222026,BA.2_0.02_abundance_0.05,C26270T;G26452C,E:T9I;E:V70L,61,757,0.0805812417437252,11,BA.1:1;BA.2.12.1:1;BA.2:2;BA.1.1.12:1;BF.24:1;BA.1.1:4;BA.5.3:1
1222026,BA.2_0.02_abundance_0.05,C26577G;G26709A;T26729G;C26858T,M:Q19E;M:A63T;M:A69A;M:F112F,245,2149,0.1140065146579804,3,BA.2:1;BA.2.3:2
1222026,BA.2_0.02_abundance_0.05,C26577G;G26709A;T26729G,M:Q19E;M:A63T;M:A69A,44,2457,0.0179080179080179,42,BA.1.1:4;BA.1.1.15:33;BF.5:1;BA.2:1;BA.1:1;BA.2.3:2
1222026,BA.2_0.02_abundance_0.05,C27236T;A27259C;G27382C;A27383T;T27384C,ORF6:A12V;ORF6:R20R;ORF6:D61H;ORF6:D61V;ORF6:D61D,356,2186,0.1628545288197621,24,BA.2:13;BA.2.9:2;BA.2.38:1;BA.4.1:4;BA.2.12.1:1;XBB.1:1;BA.1:2
1222026,BA.2_0.02_abundance_0.05,C27236T;A27259C,ORF6:A12V;ORF6:R20R,28,2353,0.0118997025074373,54,BA.2:15;BA.1:19;BA.2.9:2;BA.2.38:1;BA.1.17.2:1;BA.4.1:4;BA.2.12.1:1;BA.1.1:8;XBB.1:1;BA.1.1.1:2
1222026,BA.2_0.02_abundance_0.05,C28311T;C28391G,N:P13L;N:R40G,564,2104,0.2680608365019011,0,
1222026,BA.2_0.02_abundance_0.05,G29123T;A29316T,N:G284*;N:D348V,21,1483,0.01416048550236,0,
1292026,BA.2_0.02_abundance_0.05,T670G;A780C,ORF1a:S135R;ORF1a:E172A,108,249,0.4337349397590361,25,BA.2.11:3;BA.5.2.3:1;BA.5.2.1:1;BA.2:3;BF.10:7;BQ.1.2:1;BA.5.2.21:5;BA.2.9:1;BA.5.1.24:1;BE.1.1.1:1;BA.5.2:1
1292026,BA.2_0.02_abundance_0.05,T670G;A780C;G789A,ORF1a:S135R;ORF1a:E172A;ORF1a:R175H,12,249,0.0481927710843373,0,
1292026,BA.2_0.02_abundance_0.05,T670G;G789A,ORF1a:S135R;ORF1a:R175H,10,249,0.0401606425702811,231,BA.4:3;BA.2.9:4;BA.2.3:16;BA.2.65:1;BA.2.49:1;BA.5.2:24;BA.2:71;BA.5:12;BA.5.1.22:1;BF.11:1;BF.4:1;BQ.1.5:1;BF.5:7;BF.8:1;BA.5.1:6;BA.5.2.1:12;BA.2.10:3;BA.5.2.34:4;XBB.2:1;BA.2.38:4;BA.5.6:11;BA.5.1.1:1;BF.10:4;BA.4.4:4;BF.28:3;BA.5.2.12:1;BA.2.18:2;BA.2.12.1:13;BA.4.1.8:1;BA.2.10.2:2;BA.5.5:2;BA.4.1.1:1;BA.2.3.15:2;BF.31.1:1;CH.1.1:2;BF.7.6:1;BA.2.3.20:1;BA.4.1:1;BA.2.31:1;BA.5.9:3
1292026,BA.2_0.02_abundance_0.05,A780C;G789A,ORF1a:E172A;ORF1a:R175H,95,2372,0.0400505902192242,0,
1292026,BA.2_0.02_abundance_0.05,A1024G;G1245T,ORF1a:T253T;ORF1a:G327V,122,2486,0.0490748189863234,0,
1292026,BA.2_0.02_abundance_0.05,A8317T;T8451A,ORF1a:T2684T;ORF1a:I2729K,15,282,0.0531914893617021,0,
1292026,BA.2_0.02_abundance_0.05,C9534T;A9645C,ORF1a:T3090I;ORF1a:Q3127P,28,995,0.0281407035175879,5,BE.1:1;BQ.1.5:1;BA.5.2.1:1;BA.5.1.1:1;BA.2:1
1292026,BA.2_0.02_abundance_0.05,C12880T;C13050G,ORF1a:I4205I;ORF1a:A4262G,59,457,0.1291028446389496,1,BA.2.65:1
1292026,BA.2_0.02_abundance_0.05,C12880T;A12969C,ORF1a:I4205I;ORF1a:N4235T,18,561,0.0320855614973262,0,
1292026,BA.2_0.02_abundance_0.05,T13422G;A13640C,ORF1a:L4386R;ORF1b:D58A,47,902,0.0521064301552106,0,
1292026,BA.2_0.02_abundance_0.05,T13544C;A13640C,ORF1b:F26S;ORF1b:D58A,57,902,0.0631929046563192,0,
1292026,BA.2_0.02_abundance_0.05,A13640C;A13907G,ORF1b:D58A;ORF1b:Y147C,30,93,0.3225806451612903,0,
1292026,BA.2_0.02_abundance_0.05,A13964G;C14068T;T14095C,ORF1b:Y166C;ORF1b:Q201*;ORF1b:F210L,149,2219,0.0671473636773321,0,
1292026,BA.2_0.02_abundance_0.05,A13964G;A13979C;C14068T;T14095C,ORF1b:Y166C;ORF1b:E171A;ORF1b:Q201*;ORF1b:F210L,28,2219,0.0126182965299684,0,
1292026,BA.2_0.02_abundance_0.05,A13964G;C14068T,ORF1b:Y166C;ORF1b:Q201*,96,2219,0.0432627309598918,0,
1292026,BA.2_0.02_abundance_0.05,A13964G;T14095C,ORF1b:Y166C;ORF1b:F210L,57,2219,0.0256872465074357,0,
1292026,BA.2_0.02_abundance_0.05,A13979C;C14068T,ORF1b:E171A;ORF1b:Q201*,81,2229,0.0363391655450874,0,
1292026,BA.2_0.02_abundance_0.05,A13979C;C14068T;T14095C,ORF1b:E171A;ORF1b:Q201*;ORF1b:F210L,111,2229,0.0497981157469717,0,
1292026,BA.2_0.02_abundance_0.05,A13979C;T14095C,ORF1b:E171A;ORF1b:F210L,59,2229,0.0264692687303723,0,
1292026,BA.2_0.02_abundance_0.05,C14068T;T14095C,ORF1b:Q201*;ORF1b:F210L,625,2229,0.2803947958725886,0,
1292026,BA.2_0.02_abundance_0.05,T14742C;G14777C,ORF1b:S425S;ORF1b:G437A,5,318,0.0157232704402515,0,
1292026,BA.2_0.02_abundance_0.05,T15622C;C15714T,ORF1b:Y719H;ORF1b:L749L,125,3696,0.0338203463203463,1,BA.2.3.1:1
1292026,BA.2_0.02_abundance_0.05,G16237C;T16342A,ORF1b:A924P;ORF1b:S959T,82,670,0.1223880597014925,0,
1292026,BA.2_0.02_abundance_0.05,A18809G;A18916C,ORF1b:H1781R;ORF1b:T1817P,40,1956,0.0204498977505112,0,
1292026,BA.2_0.02_abundance_0.05,T19668C;A19721T,ORF1b:D2067D;ORF1b:K2085I,7,584,0.011986301369863,0,
1292026,BA.2_0.02_abundance_0.05,A19721T;A19841C,ORF1b:K2085I;ORF1b:N2125T,65,545,0.1192660550458715,0,
1292026,BA.2_0.02_abundance_0.05,C21716A;G21987A,S:Q52K;S:G142D,423,880,0.4806818181818181,260,BQ.1.1:46;AY.34.1:5;BA.5.2:91;BA.2:23;BA.2.3:3;AY.119:31;AY.43:1;BA.4.1:5;BA.2.12.1:6;BA.4.6:2;B.1.617.2:1;BF.7.4:2;BA.2.38.4:1;AY.3:1;BA.5.1:5;AY.4:2;BF.6:16;BE.1.1.2:1;BQ.1.1.19:2;BA.5.2.26:4;CH.1.1:3;AY.4.4:1;AY.117:1;BA.5.5:1;BF.28:1;BA.2.75:1;AY.103:3;BA.5.2.28:1
1292026,BA.2_0.02_abundance_0.05,C22044G;T22200G,S:S161C;S:V213G,87,763,0.1140235910878112,1,BA.2.38.1:1
1292026,BA.2_0.02_abundance_0.05,C22044G;T22098C;T22200G,S:S161C;S:L179P;S:V213G,14,763,0.018348623853211,0,
1292026,BA.2_0.02_abundance_0.05,T22098C;T22200G,S:L179P;S:V213G,132,763,0.1730013106159895,1326,BQ.1.1:6;BA.2.75:7;BA.5.1.6:1;BA.2.9:1026;BA.2.21:12;BA.2.9.2:29;BQ.1.1.18:1;BA.5.2:76;BA.5.2.7:3;BA.5.2.6:2;BA.2.12.1:33;BA.5.2.1:86;BA.2.3:2;BA.2:17;BA.5.1:6;BQ.1.23:1;BF.25:1;BA.2.38:1;BA.5.1.12:1;BA.5:2;BF.7:2;BA.4.6:1;BA.4.4:1;BQ.1.1.6:2;BE.1.1.1:1;BA.4:1;BQ.1.1.22:2;BA.5.2.26:1;BA.5.2.32:1;BA.5.6:1
1292026,BA.2_0.02_abundance_0.05,A23403G;T23464C,S:D614G;S:R634R,518,1705,0.3038123167155425,164,B.1.177:1;BA.1.17.2:18;B.1.1.7:9;AY.4:5;BA.2.9.6:1;AY.43:6;BF.5:9;AY.44:21;BF.26:3;BF.7:1;B.1.2:14;BA.1:2;AY.127:18;AY.100:5;C.37:1;AY.121:11;BA.2.9:4;BE.1.1:2;AY.122:3;AY.37:1;BA.5.2.1:7;BA.1.20:1;AY.126:2;BA.5:2;P.1:1;BA.2.12.1:2;AY.25:2;BA.2.3:3;BA.2:2;B.1.526:1;BA.5.2:1;B.1.617.2:1;BA.5.1:1;AY.7.1:1;AY.103:1;BA.2.75.2:1
1292026,BA.2_0.02_abundance_0.05,C23854A;G23948T;G24020A,S:N764K;S:D796Y;S:D820N,133,413,0.3220338983050847,73,BA.5.2.1:15;BA.2.9.7:2;BE.1.1:1;BA.5.2.3:1;BA.5.2.20:1;BA.2.23:2;BA.5.2.16:1;BA.1.1.2:2;BA.2.12.1:1;BA.1:4;BQ.1.23:2;BA.1.17.2:1;BA.2.1:1;BA.2:6;BA.5.1:22;BA.1.17:1;BA.5.2:1;BA.2.38:1;BA.5.1.30:1;BA.5.2.18:1;BA.1.1:4;BA.5.1.6:1;BA.5.2.2:1
1292026,BA.2_0.02_abundance_0.05,C24174A;A24424T,S:A871D;S:Q954H,23,77,0.2987012987012987,3,BA.2:1;BA.1.1:1;BA.5.1.24:1
1292026,BA.2_0.02_abundance_0.05,A24335C;A24424T,S:N925H;S:Q954H,11,77,0.1428571428571428,14,BA.2:6;BA.2.75:2;BA.1.1:1;BQ.1.1:1;BA.1.1.18:1;BA.1.17.2:2;BA.1.20:1
1292026,BA.2_0.02_abundance_0.05,T26012A;C26270T,ORF3a:F207Y;E:T9I,14,126,0.1111111111111111,21,BA.4.4:3;BA.1.1.18:8;BA.2.9.5:1;BA.1.1:5;BA.2.12.1:1;BA.1.15:1;BA.1.1.1:2
1292026,BA.2_0.02_abundance_0.05,T26012A;G26193C;C26270T,ORF3a:F207Y;ORF3a:P267P;E:T9I,5,126,0.0396825396825396,0,
1292026,BA.2_0.02_abundance_0.05,T26012A;A26115G;C26270T,ORF3a:F207Y;ORF3a:E241E;E:T9I,8,126,0.0634920634920634,0,
1292026,BA.2_0.02_abundance_0.05,T26012A;A26115G,ORF3a:F207Y;ORF3a:E241E,5,177,0.0282485875706214,0,
1292026,BA.2_0.02_abundance_0.05,A26115G;C26270T,ORF3a:E241E;E:T9I,19,126,0.1507936507936507,90,BA.1.1:16;BA.1:1;BA.2:41;BA.2.29:1;BA.4.6:1;BA.2.12.1:7;BA.5.1:3;BE.1:2;BQ.1.10:1;BQ.1.1.15:1;BA.5.2:3;BA.5.1.28:1;BA.1.17.2:1;BA.2.3.17:2;BA.2.24:1;BA.1.15.1:1;BA.5.2.1:2;BA.2.3:1;BF.5:1;BQ.1.1:1;BA.2.9:1;BA.1.15:1
1292026,BA.2_0.02_abundance_0.05,A26115G;G26193C;C26270T,ORF3a:E241E;ORF3a:P267P;E:T9I,9,126,0.0714285714285714,0,
1292026,BA.2_0.02_abundance_0.05,G26193C;C26270T,ORF3a:P267P;E:T9I,20,126,0.1587301587301587,3,BA.5.2:1;BF.24:1;BA.5.2.26:1
1292026,BA.2_0.02_abundance_0.05,C26270T;T26448A,E:T9I;E:S68S,8,72,0.1111111111111111,8,BA.5.2.3:1;BQ.1.2:3;BA.1:1;BA.5.2.1:1;BA.1.1:1;BA.5.2:1
1292026,BA.2_0.02_abundance_0.05,C26577G;T26658A;G26709A;C26858T,M:Q19E;M:L46M;M:A63T;M:F112F,417,1935,0.2155038759689922,1,BA.2:1
1292026,BA.2_0.02_abundance_0.05,C26577G;T26658A;G26709A,M:Q19E;M:L46M;M:A63T,85,2238,0.0379803395889186,1,BA.2:1
1292026,BA.2_0.02_abundance_0.05,C26577G;G26709A;C26858T;G26865T,M:Q19E;M:A63T;M:F112F;M:E115*,74,1740,0.0425287356321839,2,BA.2:2
1292026,BA.2_0.02_abundance_0.05,C26577G;T26658A;G26709A;C26858T;G26865T,M:Q19E;M:L46M;M:A63T;M:F112F;M:E115*,26,1740,0.0149425287356321,0,
1292026,BA.2_0.02_abundance_0.05,A27259C;G27382C;A27383T;T27384C;C27448A,ORF6:R20R;ORF6:D61H;ORF6:D61V;ORF6:D61D;ORF7a:H19N,95,850,0.1117647058823529,0,
1292026,BA.2_0.02_abundance_0.05,C28311T;T28323A,N:P13L;N:F17Y,106,1334,0.0794602698650674,36,BQ.1.1:1;BA.1:26;BF.28:1;BA.2:1;BA.1.15:1;BA.1.1:2;BA.5.1.22:1;BA.5.2.9:1;BA.2.3:1;BA.1.1.2:1
1292026,BA.2_0.02_abundance_0.05,G28881A;G28882A;G28883C;T28952A,N:R203K;N:R203R;N:G204R;N:L227M,61,574,0.1062717770034843,12,BA.1.1.18:1;B.1.1.7:4;BF.28:1;BA.1:1;BA.2.12.1:1;BA.1.18:2;BA.5.6:1;BA.2.9:1
2052026,BA.2_0.02_abundance_0.05,A404C;T670G,ORF1a:K47Q;ORF1a:S135R,193,2699,0.0715079659133012,6,BF.26:1;BA.5.2.1:1;BA.2.3:1;BQ.1.1:2;BA.5.1:1
2052026,BA.2_0.02_abundance_0.05,T670G;C717A;C843T,ORF1a:S135R;ORF1a:T151N;ORF1a:P193L,45,432,0.1041666666666666,0,
2052026,BA.2_0.02_abundance_0.05,T670G;G890A,ORF1a:S135R;ORF1a:G209S,36,398,0.0904522613065326,204,BA.4.6.5:13;BA.2.12.1:11;BF.5:5;BQ.1.23:11;BA.2:53;BQ.1.1:2;BA.5.1:10;BA.2.75:4;BA.5.2.6:5;BA.5.2:5;BA.2.44:1;BA.2.10:6;BA.2.9:34;BA.4:3;BQ.1.2:2;BA.2.38:4;BA.5.2.1:5;XBB.3:2;BA.2.3.2:1;BA.2.40.1:1;BA.5.5:7;BQ.1.1.15:1;BF.26:1;BA.2.3:2;BA.5.6:2;BA.2.3.7:1;BQ.1.1.22:1;BA.5:2;BA.2.42:2;BA.2.9.5:1;BQ.1.1.23:2;BF.8:1;BQ.1.1.20:1;BA.5.2.18:1;BA.5.2.28:1
2052026,BA.2_0.02_abundance_0.05,T670G;C843T,ORF1a:S135R;ORF1a:P193L,73,432,0.1689814814814814,1210,BQ.1.1:23;BA.2.73:2;BA.2.75:10;BA.5.2.9:3;BA.2.3.2:2;BA.5.2.1:88;BA.2.52:1;BA.5.2.6:7;BA.5.1.23:2;BA.2.49:13;BA.2.3:24;BA.5.2:83;BA.5.1.22:4;BA.2.12.1:38;BA.2:307;BA.4.1:5;BA.5.1.7:35;BF.5:21;BA.5.5:24;BF.7:59;BF.1:8;CK.2.1.1:1;BE.3:3;BA.5.2.28:5;BE.1.1.2:2;BA.4.6:16;BA.5.2.20:8;BE.1:6;BA.2.10:4;BQ.1.1.5:7;BA.5.1.1:1;BA.4:2;BA.2.9:82;BA.2.61:4;BE.1.1:22;BA.2.18:4;BQ.1.1.6:1;BA.5.2.34:102;BA.5.1:57;BA.4.1.1:1;BQ.1:5;BQ.1.11:5;BA.2.10.1:3;BF.7.4.1:7;BA.5.2.44:2;BA.5.2.23:1;BE.5:3;BA.5.1.17:2;BA.2.3.15:1;BA.5.9:1;BF.2:1;BQ.1.1.3:1;BQ.1.13:2;BQ.1.1.24:3;BA.5.3.2:1;BF.26:2;BQ.1.23:1;BA.5.1.18:2;BA.2.65:4;BA.5.8:4;XBB.1:1;BA.2.3.12:1;BA.5.2.12:1;BA.2.76:4;BA.5.1.24:1;BA.5.2.25:1;BN.1.3:1;BA.2.36:1;BA.2.1:2;BQ.1.5:3;BQ.1.1.18:4;BQ.1.16:1;BA.5.1.5:1;BA.5.2.21:4;BA.4.1.8:2;BA.2.56:1;BF.3:1;BA.5.5.1:1;BA.2.31:2;BA.2.68:3;BA.5.1.3:1;BE.1.2.1:1;BF.27:1;BA.2.72:1;BF.10:3;BA.5.1.10:4;BA.4.1.4:1;DF.1:1;BL.1:1;BQ.1.8:1;DJ.1:1;BE.9:1;BA.5.1.30:1;BA.2.60:1;BA.2.3.18:3;BA.5.1.12:1;BA.5.1.8:1;BA.2.35:1;BA.5.1.28:1;BQ.1.1.22:1;BA.2.3.4:1;BA.2.4:1;BA.5.2.26:3;BA.4.6.5:1;BA.5.6:2;BA.2.12:1
2052026,BA.2_0.02_abundance_0.05,T670G;C717A,ORF1a:S135R;ORF1a:T151N,90,432,0.2083333333333333,46,BA.2:16;BE.1.1:5;BQ.1.1.12:1;BA.2.3.20:1;BA.5.2.2:7;BA.5.2.1:2;BA.2.75:2;BA.2.12.1:2;BA.5.1:1;BA.5.6:3;BQ.1.14:1;BF.7:2;BA.2.9:2;BA.2.3:1
2052026,BA.2_0.02_abundance_0.05,T670G;C717A;G890A,ORF1a:S135R;ORF1a:T151N;ORF1a:G209S,30,398,0.0753768844221105,0,
2052026,BA.2_0.02_abundance_0.05,T670G;C843T;G890A,ORF1a:S135R;ORF1a:P193L;ORF1a:G209S,17,398,0.0427135678391959,0,
2052026,BA.2_0.02_abundance_0.05,T670G;C717A;C843T;G890A,ORF1a:S135R;ORF1a:T151N;ORF1a:P193L;ORF1a:G209S,6,398,0.0150753768844221,0,
2052026,BA.2_0.02_abundance_0.05,C717A;C843T,ORF1a:T151N;ORF1a:P193L,333,3709,0.0897816122944189,0,
2052026,BA.2_0.02_abundance_0.05,C717A;G890A,ORF1a:T151N;ORF1a:G209S,224,3453,0.0648711265566174,0,
2052026,BA.2_0.02_abundance_0.05,C717A;C843T;G890A,ORF1a:T151N;ORF1a:P193L;ORF1a:G209S,94,3453,0.0272227048942948,0,
2052026,BA.2_0.02_abundance_0.05,C843T;G890A,ORF1a:P193L;ORF1a:G209S,136,3457,0.0393404686144055,0,
2052026,BA.2_0.02_abundance_0.05,T2950G;C3037T,ORF1a:I895M;ORF1a:F924F,106,1787,0.0593172915500839,14,AY.4:1;B.1.617.2:1;BA.2:1;B.1.499:1;BC.1:1;B.1.416:1;AY.39.1:1;AY.25.1:2;B.1.1:1;BA.1.1:1;BA.2.13:1;AY.47:2
2052026,BA.2_0.02_abundance_0.05,C3037T;C3176G,ORF1a:F924F;ORF1a:P971A,11,252,0.0436507936507936,24,AY.4:1;BA.2.13:1;AY.103:2;BA.5.2.1:3;BA.1.1.8:1;AY.122:1;B.1.526:1;BA.1:1;BA.5.2:1;BA.1.13:1;BA.2:4;BA.1.1:3;AY.121:1;B.1.234:1;B.1.1.7:2
2052026,BA.2_0.02_abundance_0.05,C4449G;A4485C,ORF1a:T1395S;ORF1a:K1407T,39,1243,0.0313757039420756,0,
2052026,BA.2_0.02_abundance_0.05,T4735A;T4882A,ORF1a:L1490L;ORF1a:S1539R,128,381,0.3359580052493438,0,
2052026,BA.2_0.02_abundance_0.05,A5607G;T5728C,ORF1a:K1781R;ORF1a:F1821F,415,1806,0.2297895902547065,0,
2052026,BA.2_0.02_abundance_0.05,A5607G;C5717T,ORF1a:K1781R;ORF1a:H1818Y,40,1806,0.0221483942414175,0,
2052026,BA.2_0.02_abundance_0.05,A5607G;A5894C,ORF1a:K1781R;ORF1a:I1877L,31,1679,0.0184633710541989,0,
2052026,BA.2_0.02_abundance_0.05,A5607G;T5728C;A5894C,ORF1a:K1781R;ORF1a:F1821F;ORF1a:I1877L,18,1679,0.0107206670637284,0,
2052026,BA.2_0.02_abundance_0.05,A5607G;C5717T;T5728C,ORF1a:K1781R;ORF1a:H1818Y;ORF1a:F1821F,24,1806,0.0132890365448504,0,
2052026,BA.2_0.02_abundance_0.05,C5717T;T5728C,ORF1a:H1818Y;ORF1a:F1821F,19,1827,0.0103995621237,0,
2052026,BA.2_0.02_abundance_0.05,A7097G;A7123T,ORF1a:I2278V;ORF1a:I2286I,35,1817,0.0192625206384149,0,
2052026,BA.2_0.02_abundance_0.05,T8672A;A8732G,ORF1a:S2803T;ORF1a:T2823A,35,808,0.0433168316831683,0,
2052026,BA.2_0.02_abundance_0.05,A8732G;G8824A,ORF1a:T2823A;ORF1a:L2853L,31,808,0.0383663366336633,0,
2052026,BA.2_0.02_abundance_0.05,C9534T;A9639T,ORF1a:T3090I;ORF1a:H3125L,323,871,0.3708381171067738,1,BA.2:1
2052026,BA.2_0.02_abundance_0.05,C9534T;A9591G,ORF1a:T3090I;ORF1a:Y3109C,14,871,0.0160734787600459,2,BA.2.65:1;BQ.1.1.4:1
2052026,BA.2_0.02_abundance_0.05,C9534T;A9639T;C9693G,ORF1a:T3090I;ORF1a:H3125L;ORF1a:A3143G,16,871,0.018369690011481,0,
2052026,BA.2_0.02_abundance_0.05,C9534T;C9693G,ORF1a:T3090I;ORF1a:A3143G,27,871,0.0309988518943742,2,BQ.1.1:1;BA.2.9:1
2052026,BA.2_0.02_abundance_0.05,C10029T;G9983A,ORF1a:T3255I;ORF1a:D3240N,42,47,0.8936170212765957,135,BA.1:17;B.1.617.2:27;AY.25.1:1;AY.122:1;BA.1.17.2:19;AY.43:2;BA.5.2.1:11;AY.4.2:1;BE.1.1:1;BA.5.2:8;BF.5:1;BE.1:3;AY.44:2;AY.103:3;AY.20:1;BA.2:2;BA.5.2.9:4;BA.5.6:1;BA.2.12.1:2;AY.126:1;BA.1.1:3;BA.4.6:1;AY.4:8;BA.1.18:1;AY.23:3;AY.3:1;BA.5.1.17:1;BA.1.15.1:2;AY.127:1;BA.1.15:3;BA.2.14:1;AY.111:1;AY.6:1
2052026,BA.2_0.02_abundance_0.05,T10426A;G10447A;C10449A,ORF1a:G3387G;ORF1a:R3394R;ORF1a:P3395H,55,650,0.0846153846153846,1,CT.1:1
2052026,BA.2_0.02_abundance_0.05,G10447A;C10449A;A10493G,ORF1a:R3394R;ORF1a:P3395H;ORF1a:S3410G,57,650,0.0876923076923077,0,
2052026,BA.2_0.02_abundance_0.05,A11413C;G11582A,ORF1a:T3716T;ORF1a:G3773S,15,1362,0.0110132158590308,0,
2052026,BA.2_0.02_abundance_0.05,T11419A;T11485G,ORF1a:V3718V;ORF1a:V3740V,40,1468,0.0272479564032697,0,
2052026,BA.2_0.02_abundance_0.05,T11419A;G11582A,ORF1a:V3718V;ORF1a:G3773S,35,1362,0.0256975036710719,0,
2052026,BA.2_0.02_abundance_0.05,T11485G;G11582A,ORF1a:V3740V;ORF1a:G3773S,82,1362,0.0602055800293685,0,
2052026,BA.2_0.02_abundance_0.05,C12813A;C12880T,ORF1a:A4183E;ORF1a:I4205I,933,2543,0.3668895005898545,0,
2052026,BA.2_0.02_abundance_0.05,T13188G;C13280T,ORF1a:I4308R;ORF1a:P4339S,23,1107,0.020776874435411,0,
2052026,BA.2_0.02_abundance_0.05,T14356C;C14408T,ORF1b:C297R;ORF1b:P314L,192,1023,0.187683284457478,6,AY.103:1;B:1;B.1.1.7:1;B.1.1:1;AY.39:1;B.1:1
2052026,BA.2_0.02_abundance_0.05,T14356C;C14408T;G14414C,ORF1b:C297R;ORF1b:P314L;ORF1b:S316T,102,1023,0.0997067448680351,0,
2052026,BA.2_0.02_abundance_0.05,T14356C;C14408T;A14475C,ORF1b:C297R;ORF1b:P314L;ORF1b:G336G,15,955,0.0157068062827225,0,
2052026,BA.2_0.02_abundance_0.05,T14356C;C14408T;G14414C;A14475C,ORF1b:C297R;ORF1b:P314L;ORF1b:S316T;ORF1b:G336G,15,955,0.0157068062827225,0,
2052026,BA.2_0.02_abundance_0.05,T14387A;C14408T,ORF1b:L307*;ORF1b:P314L,16,1023,0.0156402737047898,0,
2052026,BA.2_0.02_abundance_0.05,T14387A;C14408T;G14414C,ORF1b:L307*;ORF1b:P314L;ORF1b:S316T,11,1023,0.010752688172043,0,
2052026,BA.2_0.02_abundance_0.05,C14408T;G14414C,ORF1b:P314L;ORF1b:S316T,195,1023,0.1906158357771261,5,BA.2.75:1;B.1.617.2:1;AY.26:2;B.1.1.222:1
2052026,BA.2_0.02_abundance_0.05,C14408T;G14414C;A14475C,ORF1b:P314L;ORF1b:S316T;ORF1b:G336G,21,955,0.0219895287958115,0,
2052026,BA.2_0.02_abundance_0.05,G14632C;T14883C,ORF1b:V389L;ORF1b:D472D,34,175,0.1942857142857142,0,
2052026,BA.2_0.02_abundance_0.05,G14632C;T14744G,ORF1b:V389L;ORF1b:V426G,5,281,0.0177935943060498,0,
2052026,BA.2_0.02_abundance_0.05,T15397G;A15524C,ORF1b:Y644D;ORF1b:N686T,7,407,0.0171990171990172,0,
2052026,BA.2_0.02_abundance_0.05,A15524C;C15714T,ORF1b:N686T;ORF1b:L749L,105,3847,0.0272939953210293,0,
2052026,BA.2_0.02_abundance_0.05,G17338A;C17410T,ORF1b:A1291T;ORF1b:R1315C,155,2603,0.0595466769112562,376,BA.2.75:2;BA.2.81:9;BA.5.8:5;BA.2.3:1;BA.5.1:144;BA.5.1.2:11;BA.5.2:8;BA.2:107;BA.2.24:1;BA.2.12.1:11;BA.5.2.1:13;BA.5.1.1:1;BA.2.75.1:1;BF.5:6;B.1.1.294:1;BF.28:9;BA.5.2.9:2;BA.2.65:1;BA.5.1.10:13;BF.7:2;BA.2.76:1;BF.27:1;BA.5.2.28:3;BA.4.6:1;BA.2.9:3;BA.5.1.23:1;BA.5:2;BA.4.1.6:3;BA.4.1:3;BF.4:2;BQ.1.1:1;BA.5.2.6:2;BE.4:1;BA.2.21:1;BA.5.2.24:1;B.1.617.2:1;BA.5.2.20:1
2052026,BA.2_0.02_abundance_0.05,A18163G;A18288C,ORF1b:I1566V;ORF1b:V1607V,146,1229,0.1187957689178193,2,BA.5.2:1;BA.1.15:1
2052026,BA.2_0.02_abundance_0.05,A18288C;G18412C,ORF1b:V1607V;ORF1b:V1649L,5,165,0.0303030303030303,0,
2052026,BA.2_0.02_abundance_0.05,A19674C;A19757T,ORF1b:Q2069H;ORF1b:K2097I,28,2267,0.0123511248345831,0,
2052026,BA.2_0.02_abundance_0.05,A19757T;G19879A,ORF1b:K2097I;ORF1b:D2138N,57,2080,0.0274038461538461,0,
2052026,BA.2_0.02_abundance_0.05,A19757T;G19861A,ORF1b:K2097I;ORF1b:A2132T,43,2134,0.0201499531396438,0,
2052026,BA.2_0.02_abundance_0.05,T22160C;T22200G,S:Y200H;S:V213G,14,232,0.0603448275862069,176,BA.2:117;BA.5.1:4;BA.4.6:1;BA.2.3:1;BA.5.2:12;BA.5.1.25:11;BA.2.24:2;BF.7:5;BA.5.2.1:5;BQ.1.1.14:1;BE.1:1;BA.2.42:1;BA.4:2;BA.2.12.1:1;BA.2.23:2;BA.5:1;BA.2.3.1:1;BA.5.6:1;BE.3:1;DJ.1:1;BA.2.75:1;BA.2.9:1;BA.2.25:2;BA.5.2.12:1
2052026,BA.2_0.02_abundance_0.05,C22674T;T22679C;C22686T;A22688G;T22761C,S:S371F;S:S373P;S:S375F;S:T376A;S:F400S,6,29,0.2068965517241379,0,
2052026,BA.2_0.02_abundance_0.05,T23817G;G23948T,S:L752R;S:D796Y,6,25,0.24,6,BA.2:1;BA.1.1:2;BA.5.2:1;BA.2.9:1;BA.2.38:1
2052026,BA.2_0.02_abundance_0.05,G23903C;G23948T,S:V781L;S:D796Y,50,164,0.3048780487804878,1,BA.5.2:1
2052026,BA.2_0.02_abundance_0.05,G23903C;A23923C;G23948T,S:V781L;S:Q787H;S:D796Y,14,164,0.0853658536585365,0,
2052026,BA.2_0.02_abundance_0.05,A23923C;G23948T,S:Q787H;S:D796Y,23,164,0.1402439024390244,21,BA.5.5:1;BA.5.6:1;BA.1:1;BA.2.9:3;BA.5.2.23:4;BA.1.17.2:1;BA.1.1:4;BA.2:1;BA.1.15:1;BA.1.1.18:2;BA.2.23:1;BA.5.1.10:1
2052026,BA.2_0.02_abundance_0.05,T24153C;C24338A;A24424T,S:L864S;S:Q926K;S:Q954H,45,1019,0.0441609421000981,0,
2052026,BA.2_0.02_abundance_0.05,T24153C;C24338A,S:L864S;S:Q926K,22,1435,0.0153310104529616,0,
2052026,BA.2_0.02_abundance_0.05,T24153C;A24424T,S:L864S;S:Q954H,19,1019,0.0186457311089303,2,BA.2:1;BA.5.1:1
2052026,BA.2_0.02_abundance_0.05,A24253G;C24338A;A24424T,S:P897P;S:Q926K;S:Q954H,75,1021,0.0734573947110675,0,
2052026,BA.2_0.02_abundance_0.05,A24253G;C24338A,S:P897P;S:Q926K,37,1437,0.0257480862908837,0,
2052026,BA.2_0.02_abundance_0.05,C24338A;A24424T,S:Q926K;S:Q954H,626,1021,0.6131243878550441,6,BA.2.12.1:2;BA.1.1:1;BA.5.2.1:1;BA.2.3:1;BA.1:1
2052026,BA.2_0.02_abundance_0.05,G24858A;C25000T,S:G1099D;S:D1146D,725,827,0.8766626360338573,371,BA.1.18:1;BA.2.11:3;BQ.1.12:2;BA.1:17;BE.1.1:5;BA.1.1.12:2;BA.5.2:121;BA.2:48;BA.1.17.2:2;BF.27:7;BA.5.2.1:20;BA.1.1:32;BF.5:13;BA.5.6.1:1;BA.2.75:7;BF.28:1;BA.5.1:13;BA.5:8;BA.2.38:1;BQ.1.2:2;BF.26:1;BA.2.12.1:12;BA.5.2.2:1;BA.1.1.18:1;BQ.1.5:1;BA.1.15:4;BE.1.2:2;B.1.1.529:2;BA.1.1.16:2;BA.4.6.1:1;BA.1.20:1;CP.1.2:4;BA.5.2.9:4;BA.5.1.10:5;BA.1.1.14:1;BN.1.5:1;BA.4.6:1;XBB:1;BF.13:3;B.1.617.2:2;BA.1.17:1;BA.5.5:2;BQ.1.1.18:1;BA.5.2.21:2;BA.2.9:4;BA.1.1.1:1;BQ.1.1:1;BA.5.1.12:1;BA.4:1;BF.8:1
2052026,BA.2_0.02_abundance_0.05,T25054C;A25154T,S:V1164V;S:I1198F,17,287,0.0592334494773519,0,
2052026,BA.2_0.02_abundance_0.05,A25154T;T25248A,S:I1198F;S:M1229K,12,272,0.0441176470588235,0,
2122026,BA.2_0.02_abundance_0.05,C4716T;C4893G,ORF1a:T1484I;ORF1a:T1543R,6,233,0.0257510729613733,0,
2122026,BA.2_0.02_abundance_0.05,T8057C;G8236C,ORF1a:F2598L;ORF1a:L2657F,78,996,0.0783132530120482,0,
2122026,BA.2_0.02_abundance_0.05,C9534T;A9768C,ORF1a:T3090I;ORF1a:N3168T,249,1552,0.1604381443298969,0,
2122026,BA.2_0.02_abundance_0.05,C10029T;T9894A,ORF1a:T3255I;ORF1a:L3210H,10,60,0.1666666666666666,8,BA.2:1;BA.1.1:1;BA.1.20:1;AY.122:1;BA.1:2;BA.1.15:1;AY.114:1
2122026,BA.2_0.02_abundance_0.05,A10788G;G10922A,ORF1a:D3508G;ORF1a:E3553K,20,1476,0.013550135501355,0,
2122026,BA.2_0.02_abundance_0.05,G10835C;G10922A,ORF1a:V3524L;ORF1a:E3553K,327,1477,0.2213947190250507,0,
2122026,BA.2_0.02_abundance_0.05,A11493G;T11522A,ORF1a:N3743S;ORF1a:F3753I,41,1478,0.0277401894451962,0,
2122026,BA.2_0.02_abundance_0.05,T11959A;G12111A,ORF1a:I3898I;ORF1a:S3949N,1259,3375,0.373037037037037,0,
2122026,BA.2_0.02_abundance_0.05,C12540A;A12562C,ORF1a:A4092E;ORF1a:Q4099H,45,1431,0.0314465408805031,0,
2122026,BA.2_0.02_abundance_0.05,C12880T;A12920G,ORF1a:I4205I;ORF1a:T4219A,164,2536,0.0646687697160883,229,BQ.1:1;BA.2:190;XE:2;BF.8:1;BA.5.2:3;BF.7:11;BA.5.1:6;BA.5.2.1:5;BA.2.14:2;BA.2.3:1;BA.5:1;BE.1.1:1;BA.5.1.10:1;BA.2.10:2;BQ.1.5:1;BQ.1.1.3:1
2122026,BA.2_0.02_abundance_0.05,C12880T;G13049T,ORF1a:I4205I;ORF1a:A4262S,39,1930,0.0202072538860103,13,BA.2:9;BA.5.2:1;BF.2:1;BA.2.9:1;BA.5.1.15:1
2122026,BA.2_0.02_abundance_0.05,C12880T;C12899T,ORF1a:I4205I;ORF1a:P4212S,520,2536,0.2050473186119873,90,BA.5.1.3:1;BA.5.2:7;BA.2:58;BA.5.1:3;BA.2.75:1;BA.2.9:4;BA.2.9.5:1;BA.5.2.9:1;BA.2.36:1;BA.5.6:1;BA.4.6:1;BA.2.10.1:6;BA.2.3.7:2;BA.2.12.1:1;BA.5.2.1:2
2122026,BA.2_0.02_abundance_0.05,C12880T;C12899T;A12920G,ORF1a:I4205I;ORF1a:P4212S;ORF1a:T4219A,58,2536,0.0228706624605678,0,
2122026,BA.2_0.02_abundance_0.05,A14617G;T14837A,ORF1b:T384A;ORF1b:I457N,11,541,0.0203327171903881,0,
2122026,BA.2_0.02_abundance_0.05,A14617G;T14642C,ORF1b:T384A;ORF1b:L392P,6,582,0.0103092783505154,0,
2122026,BA.2_0.02_abundance_0.05,G14944C;A14963T;A15035G,ORF1b:A493P;ORF1b:K499I;ORF1b:K523R,5,438,0.0114155251141552,0,
2122026,BA.2_0.02_abundance_0.05,G14944C;A15035G,ORF1b:A493P;ORF1b:K523R,179,438,0.408675799086758,0,
2122026,BA.2_0.02_abundance_0.05,G14944C;A14963T,ORF1b:A493P;ORF1b:K499I,6,438,0.0136986301369863,0,
2122026,BA.2_0.02_abundance_0.05,T17088G;C17410T,ORF1b:P1207P;ORF1b:R1315C,19,122,0.1557377049180328,24,BA.5.3.1:4;BF.11:17;BA.2:3
2122026,BA.2_0.02_abundance_0.05,G18578A;A18629T,ORF1b:R1704K;ORF1b:Y1721F,40,1334,0.0299850074962518,0,
2122026,BA.2_0.02_abundance_0.05,A18629T;T18874C,ORF1b:Y1721F;ORF1b:C1803R,39,639,0.0610328638497652,0,
2122026,BA.2_0.02_abundance_0.05,G21701T;G21987A,S:V47F;S:G142D,182,581,0.3132530120481928,338,AY.25.1:39;AY.118:6;AY.43:38;AY.4:147;AY.109:4;AY.70:1;AY.122:4;BE.1:2;AY.4.2:1;AY.119:7;CL.1:1;AY.5:5;AY.103:6;AY.42:1;AY.3:6;AY.34:1;AY.44:7;B.1.617.2:5;AY.4.2.2:2;AY.127:1;AY.98.1:1;BA.2:7;BA.5.1:18;AY.125:3;AY.41:2;AY.1:3;AY.29:1;BA.5:1;AY.98:1;BA.2.9:2;AY.126:1;AY.25:1;BA.5.2.1:2;AY.20:4;BE.1.1:1;AY.113:1;AY.111:1;AY.4.6:1;AY.54:1;AY.100:1;AY.107:1
2122026,BA.2_0.02_abundance_0.05,G21701T;G21796A;G21987A,S:V47F;S:R78R;S:G142D,70,581,0.1204819277108433,0,
2122026,BA.2_0.02_abundance_0.05,G21701T;G21796A,S:V47F;S:R78R,8,679,0.0117820324005891,0,
2122026,BA.2_0.02_abundance_0.05,G21796A;G21987A,S:R78R;S:G142D,78,592,0.1317567567567567,251,AY.113:8;AY.4:12;BA.2.75:29;AY.29:11;AY.122:5;BA.2:40;BF.13:1;B.1.617.2:26;AY.103:2;BA.5.1.10:2;AY.100:2;BA.5.1:20;AY.3:2;AY.9.2:5;AY.26:8;BQ.1.23:2;BA.5.5:4;AY.25.1:5;BA.2.9:2;BE.1.1:1;AY.57:1;BK.1:10;AY.44:2;BA.5.2.1:19;BA.5.2:4;AY.39:2;AY.25:4;BA.2.12.1:3;AY.119.2:1;BA.2.10:2;BQ.1.1.22:1;BF.5:2;BQ.1.1.21:3;AY.43:1;BA.2.3:5;BE.1:1;BA.2.38:1;AY.4.2.1:1;BA.4:1
2122026,BA.2_0.02_abundance_0.05,T23174A;A23354G;A23403G,S:C538S;S:I598V;S:D614G,30,569,0.0527240773286467,0,
2122026,BA.2_0.02_abundance_0.05,T23174A;A23403G,S:C538S;S:D614G,33,569,0.0579964850615114,3,BA.1:2;BA.5.1.10:1
2122026,BA.2_0.02_abundance_0.05,A23310C;A23403G,S:E583A;S:D614G,24,569,0.0421792618629174,146,BA.5.2:1;B.1.160:79;BA.2:1;B.1.1.7:19;AY.127:3;AY.25.1:15;AY.29:1;AY.46.6:1;BF.10:4;AY.4:4;AY.102:1;AY.9.2:2;AY.100:2;BQ.1.11:1;BA.5.1:1;AY.4.5:4;BA.2.12.1:1;BA.1:1;B.1.526:1;BA.5.1.25:2;B.1.258:1;B.1.576:1
2122026,BA.2_0.02_abundance_0.05,A23310C;A23354G;A23403G,S:E583A;S:I598V;S:D614G,50,569,0.0878734622144112,0,
2122026,BA.2_0.02_abundance_0.05,A23354G;A23403G,S:I598V;S:D614G,230,569,0.4042179261862917,721,BA.2.45:1;BQ.1.1:6;AY.34:1;AY.4:24;BA.2.12.1:16;AY.125:6;BE.1.1:32;AY.122:4;AY.4.6:1;BA.1.15.1:6;B.1.1.7:88;AY.100:39;BQ.1.1.15:1;AY.42:19;BF.5:6;BA.5.1.12:1;BA.5.2:13;BA.5:6;BA.2:6;BA.4.6:3;BA.1.17.2:2;BA.5.1:104;B.1.526:1;BQ.1.1.18:1;BA.1.1.9:1;AY.29:205;AY.43:5;BA.1.1:7;AY.127:2;AY.114:6;P.1:3;AY.98:2;AY.69:1;BA.4.6.1:1;BA.5.1.15:1;BA.4.6.5:12;AY.5:2;BF.10:1;AY.25.1:3;CK.2.1.1:1;BA.2.9:4;B.1.621:1;BA.5.2.1:5;B.1.2:6;BA.1.18:2;AY.20:2;AY.36:5;AY.86:1;B.1.570:3;AY.80:1;BE.1:2;BA.4.2:1;BA.2.3:4;BE.1.2:1;BA.1:5;CM.4:1;AY.44:1;XBB.1:1;BA.2.53:2;BA.2.56:1;B.1.234:1;AY.45:1;XBD:1;B.1.36:1;AY.3:2;AY.39:1;BQ.1.1.1:1;BA.5.5:2;B.1.564:4;B.1.1.189:2;AY.120:1;BF.7:1;AY.103:1;AY.6:1;AY.98.1:1;AY.126:1;AY.129:2;BF.11.2:1;BA.5.2.12:2;AY.25:2;B.1:1;B.1.221:1;B.1.177:1
2122026,BA.2_0.02_abundance_0.05,C23525T;T23599G;C23604A;G23612C,S:H655Y;S:N679K;S:P681H;S:A684P,15,159,0.0943396226415094,23,BA.5.2:9;BE.1.1:2;BA.1.1.11:10;BA.5.2.1:1;BA.5.1.10:1
2122026,BA.2_0.02_abundance_0.05,C23525T;T23599G;C23604A;C23757G,S:H655Y;S:N679K;S:P681H;S:T732S,16,147,0.1088435374149659,1,BA.2.13:1
2122026,BA.2_0.02_abundance_0.05,C23525T;T23599G;C23604A;T23713G,S:H655Y;S:N679K;S:P681H;S:N717K,35,147,0.238095238095238,1,BA.1.1:1
2122026,BA.2_0.02_abundance_0.05,C23525T;T23599G;C23604A;T23713G;C23757G,S:H655Y;S:N679K;S:P681H;S:N717K;S:T732S,12,147,0.0816326530612244,0,
2122026,BA.2_0.02_abundance_0.05,C23525T;T23599G;C23604A;G23612C;T23713G,S:H655Y;S:N679K;S:P681H;S:A684P;S:N717K,7,147,0.0476190476190476,0,
2122026,BA.2_0.02_abundance_0.05,A23889T;G23948T,S:K776I;S:D796Y,28,187,0.1497326203208556,0,
2122026,BA.2_0.02_abundance_0.05,G23948T;T24015G,S:D796Y;S:I818S,19,187,0.1016042780748663,3,BA.1.1:1;BA.2:2
2122026,BA.2_0.02_abundance_0.05,T24327C;A24424T,S:L922S;S:Q954H,47,352,0.1335227272727272,23,BA.2:4;XJ:2;BA.1.15:1;BA.2.12.1:3;BE.1.1.2:1;BA.1.17.2:1;BA.5.2:1;BA.2.32:4;BA.1.1:1;BA.4:1;BE.1.1:1;BA.5.1:1;BE.1.2:1;BA.4.1:1
2122026,BA.2_0.02_abundance_0.05,A24424T;T24469A;G24649T,S:Q954H;S:N969K;S:M1029I,13,97,0.134020618556701,17,BA.5.1.22:4;BA.2.3.1:1;BA.5.2.1:1;BA.5:1;BA.2.12.1:2;BA.2.10:1;BA.5.1:1;BA.2.9:1;BE.1.1:4;BA.2:1
2122026,BA.2_0.02_abundance_0.05,A24424T;T24469A;A24670G,S:Q954H;S:N969K;S:Q1036Q,5,97,0.0515463917525773,152,BA.5.5.3:10;BA.1.1.12:35;BA.1:5;BA.2:24;BA.5.3.2:4;BA.2.75:5;BA.1.1.1:2;BA.5.2:3;BA.1.1.18:2;BA.5.1:2;BA.1.1:8;BA.5.5:6;BF.11:1;BA.2.12.1:18;BA.1.15:3;BE.2:1;BA.2.9:5;BA.4.6:2;BQ.1.1:1;BA.5.2.1:4;CM.8:2;BA.1.17.2:1;BA.5.1.2:1;BA.5.1.22:3;BA.5.1.10:1;BA.1.1.16:1;BA.1.17:1;BA.2.3:1
2122026,BA.2_0.02_abundance_0.05,T24469A;G24649T,S:N969K;S:M1029I,44,462,0.0952380952380952,18,BA.5.1.22:4;BA.2.3.1:1;BA.5.2.1:1;BA.5:1;BA.2.12.1:2;BA.2.10:1;BA.5.1:1;BA.2.9:1;BE.1.1:4;BQ.1.3:1;BA.2:1
2122026,BA.2_0.02_abundance_0.05,T24469A;A24670G,S:N969K;S:Q1036Q,10,462,0.0216450216450216,152,BA.5.5.3:10;BA.1.1.12:35;BA.1:5;BA.2:24;BA.5.3.2:4;BA.2.75:5;BA.1.1.1:2;BA.5.2:3;BA.1.1.18:2;BA.5.1:2;BA.1.1:8;BA.5.5:6;BF.11:1;BA.2.12.1:18;BA.1.15:3;BA.2.9:5;BE.2:1;BA.4.6:2;BQ.1.1:1;BA.5.2.1:4;CM.8:2;BA.1.17.2:1;BA.5.1.2:1;BA.5.1.22:3;BA.5.1.10:1;BA.1.1.16:1;BA.1.17:1;BA.2.3:1
2122026,BA.2_0.02_abundance_0.05,C24876A;C25000T,S:T1105K;S:D1146D,457,4128,0.1107073643410852,1,BA.2:1
2122026,BA.2_0.02_abundance_0.05,A25964C;C26270T,ORF3a:E191A;E:T9I,257,813,0.3161131611316113,30,BA.2.3:2;XBB.1:2;BA.1:6;BA.5.2.1:1;BA.5.1.12:2;BA.2.12.1:2;BQ.1.14:1;BA.5.2:1;BA.1.17.2:2;BA.1.1:3;BA.1.1.2:3;BA.1.15:1;BF.14:2;BA.5.1:1;BA.1.15.1:1
2122026,BA.2_0.02_abundance_0.05,A25965C;A25966C;G26257C;C26270T,ORF3a:E191D;ORF3a:K192Q;E:V5L;E:T9I,11,813,0.013530135301353,0,
2122026,BA.2_0.02_abundance_0.05,G26257C;C26270T,E:V5L;E:T9I,25,1914,0.0130616509926854,3,BA.1.15:1;BA.1.1.1:1;BA.2.18:1
2122026,BA.2_0.02_abundance_0.05,G27382C;A27383T;T27384C;G27415C,ORF6:D61H;ORF6:D61V;ORF6:D61D;ORF7a:A8P,30,469,0.0639658848614072,1,BA.2.38:1
2122026,BA.2_0.02_abundance_0.05,A27873G;A28069C,ORF7b:T40A;ORF8:E59A,23,1929,0.0119232763089683,0,
2122026,BA.2_0.02_abundance_0.05,C27925T;A28069C,ORF8:T11I;ORF8:E59A,58,1929,0.0300673924313115,2,B.1.526:2
2122026,BA.2_0.02_abundance_0.05,T27941A;A28069C,ORF8:F16L;ORF8:E59A,20,1929,0.0103680663556246,0,
2122026,BA.2_0.02_abundance_0.05,A28210T;C28311T,ORF8:E106V;N:P13L,122,1726,0.0706836616454229,42,BA.1.15.1:4;BA.1.1.1:1;BA.5.2.34:1;BA.1.1:3;BA.2:3;BA.5.2.1:8;BA.5.1:10;BA.2.12.1:4;BF.31:1;BA.4.1:2;BA.2.3:1;BA.5.1.23:2;BA.5.1.3:2
2122026,BA.2_0.02_abundance_0.05,A28210T;C28311T;A28358G,ORF8:E106V;N:P13L;N:N29D,28,1608,0.017412935323383,0,
2122026,BA.2_0.02_abundance_0.05,C28311T;A28358G,N:P13L;N:N29D,229,1609,0.1423244251087632,57,BA.1.1.18:3;BA.1:8;BA.1.1:18;BA.2:8;BF.5:1;BA.5.2:3;BA.5.2.1:1;BA.2.75:1;BA.5.1:3;BA.2.29:2;BA.1.18:2;XBB.1:3;BA.5.2.22:1;BA.2.12.1:1;BA.1.17:1;BA.2.76:1
2192026,BA.2_0.02_abundance_0.05,T670G;T772G,ORF1a:S135R;ORF1a:V169V,59,297,0.1986531986531986,0,
2192026,BA.2_0.02_abundance_0.05,T670G;T772G;G960A,ORF1a:S135R;ORF1a:V169V;ORF1a:R232H,47,272,0.1727941176470588,0,
2192026,BA.2_0.02_abundance_0.05,T772G;G960A,ORF1a:V169V;ORF1a:R232H,423,2519,0.167923779277491,0,
2192026,BA.2_0.02_abundance_0.05,T1030A;T1061C;G1085T;A1120C;A1137C;A1203G;T1216C;C1284A,ORF1a:F255L;ORF1a:F266L;ORF1a:V274L;ORF1a:Q285H;ORF1a:K291T;ORF1a:N313S;ORF1a:L317L;ORF1a:T340N,103,4980,0.0206827309236947,0,
2192026,BA.2_0.02_abundance_0.05,T2868A;A2909T;C2980A;G2993C;C3037T;T3073A,ORF1a:V868E;ORF1a:T882S;ORF1a:Y905*;ORF1a:E910Q;ORF1a:F924F;ORF1a:C936*,22,1424,0.0154494382022471,0,
2192026,BA.2_0.02_abundance_0.05,T2930A;C3037T,ORF1a:L889I;ORF1a:F924F,17,1578,0.0107731305449936,18,BQ.1.1:1;B.1.416:1;AY.121:1;AY.24:1;AY.43:1;B.1.2:1;AY.125:2;BE.3:1;AY.119.2:3;BA.2.3:1;AY.100:1;BA.1.1:2;BF.21:1;AY.122:1
2192026,BA.2_0.02_abundance_0.05,T2930A;G2960C;C3037T,ORF1a:L889I;ORF1a:E899Q;ORF1a:F924F,18,1578,0.0114068441064638,0,
2192026,BA.2_0.02_abundance_0.05,G2960C;C3037T,ORF1a:E899Q;ORF1a:F924F,488,1578,0.3092522179974651,2,BF.1:1;B.1:1
2192026,BA.2_0.02_abundance_0.05,G2960C;C3037T;A3138G,ORF1a:E899Q;ORF1a:F924F;ORF1a:K958R,84,1469,0.0571817562968005,0,
2192026,BA.2_0.02_abundance_0.05,T3256C;A3336G;A3344G;C3393A;A3414C,ORF1a:N997N;ORF1a:E1024G;ORF1a:S1027G;ORF1a:A1043E;ORF1a:K1050T,12,410,0.0292682926829268,0,
2192026,BA.2_0.02_abundance_0.05,A3891C;A3920C,ORF1a:E1209A;ORF1a:K1219Q,6,451,0.0133037694013303,0,
2192026,BA.2_0.02_abundance_0.05,T3930A;G3994T,ORF1a:V1222D;ORF1a:L1243L,9,451,0.0199556541019955,0,
2192026,BA.2_0.02_abundance_0.05,G4694C;C4746T;G4802T,ORF1a:V1477L;ORF1a:S1494F;ORF1a:D1513Y,30,1290,0.0232558139534883,0,
2192026,BA.2_0.02_abundance_0.05,T6547G;A6591T,ORF1a:D2094E;ORF1a:K2109I,10,367,0.0272479564032697,0,
2192026,BA.2_0.02_abundance_0.05,G8009T;G8083C,ORF1a:D2582Y;ORF1a:M2606I,11,963,0.0114226375908618,0,
2192026,BA.2_0.02_abundance_0.05,G8083C;G8105C,ORF1a:M2606I;ORF1a:A2614P,28,963,0.0290758047767393,0,
2192026,BA.2_0.02_abundance_0.05,A8955C;A8995T;T9043A;A9058G;A9079G;C9113G;G9128C,ORF1a:Y2897S;ORF1a:T2910T;ORF1a:S2926S;ORF1a:P2931P;ORF1a:V2938V;ORF1a:P2950A;ORF1a:V2955L,13,868,0.0149769585253456,0,
2192026,BA.2_0.02_abundance_0.05,C9113G;G9203A,ORF1a:P2950A;ORF1a:D2980N,34,808,0.042079207920792,0,
2192026,BA.2_0.02_abundance_0.05,A9243C;G9269T;G9321C;C9344T;C9402G;G9414A;A9424G;C9534T,ORF1a:E2993A;ORF1a:G3002C;ORF1a:C3019S;ORF1a:L3027F;ORF1a:S3046C;ORF1a:G3050D;ORF1a:V3053V;ORF1a:T3090I,5,306,0.0163398692810457,0,
2192026,BA.2_0.02_abundance_0.05,C9344T;A9424G;A9450T,ORF1a:L3027F;ORF1a:V3053V;ORF1a:Y3062F,19,570,0.0333333333333333,1,BA.2.5:1
2192026,BA.2_0.02_abundance_0.05,C9344T;A9424G;A9450T;C9534T,ORF1a:L3027F;ORF1a:V3053V;ORF1a:Y3062F;ORF1a:T3090I,136,515,0.2640776699029126,1,BA.2.5:1
2192026,BA.2_0.02_abundance_0.05,C9534T;C9755A,ORF1a:T3090I;ORF1a:R3164S,128,510,0.2509803921568627,6,BA.2:1;BE.1.4:3;BA.4.1:1;BA.5.2.1:1
2192026,BA.2_0.02_abundance_0.05,C9534T;A9820C,ORF1a:T3090I;ORF1a:L3185F,14,171,0.0818713450292397,0,
2192026,BA.2_0.02_abundance_0.05,C9534T;C9755A;A9820C,ORF1a:T3090I;ORF1a:R3164S;ORF1a:L3185F,6,171,0.0350877192982456,0,
2192026,BA.2_0.02_abundance_0.05,T10003A;T10008A;A10014G;C10029T,ORF1a:S3246S;ORF1a:V3248D;ORF1a:Y3250C;ORF1a:T3255I,5,205,0.024390243902439,0,
2192026,BA.2_0.02_abundance_0.05,C10419T;G10444C;G10447A;C10449A;T10534C;C10544T;G10574A;G10575C;T10598A,ORF1a:P3385L;ORF1a:M3393I;ORF1a:R3394R;ORF1a:P3395H;ORF1a:C3423C;ORF1a:H3427Y;ORF1a:G3437S;ORF1a:G3437A;ORF1a:Y3445N,25,1067,0.0234301780693533,0,
2192026,BA.2_0.02_abundance_0.05,T10812A;A10978C,ORF1a:L3516H;ORF1a:A3571A,43,958,0.0448851774530271,0,
2192026,BA.2_0.02_abundance_0.05,T10812A;T10910C;A10978C,ORF1a:L3516H;ORF1a:L3549L;ORF1a:A3571A,15,958,0.0156576200417536,0,
2192026,BA.2_0.02_abundance_0.05,G10850C;G10953T,ORF1a:A3529P;ORF1a:C3563F,12,958,0.0125260960334029,0,
2192026,BA.2_0.02_abundance_0.05,T10910C;A10978C,ORF1a:L3549L;ORF1a:A3571A,85,958,0.0887265135699373,0,
2192026,BA.2_0.02_abundance_0.05,T11038C;G11055A;T11110G;G11114A;T11129C,ORF1a:L3591L;ORF1a:S3597N;ORF1a:A3615A;ORF1a:G3617S;ORF1a:S3622P,12,848,0.0141509433962264,0,
2192026,BA.2_0.02_abundance_0.05,G11055A;T11110G;G11114A;T11129C,ORF1a:S3597N;ORF1a:A3615A;ORF1a:G3617S;ORF1a:S3622P,16,1446,0.0110650069156293,0,
2192026,BA.2_0.02_abundance_0.05,G11926C;C12043G;A12063G;A12065T;G12104T;G12185C,ORF1a:L3887F;ORF1a:D3926E;ORF1a:E3933G;ORF1a:M3934L;ORF1a:E3947*;ORF1a:E3974Q,32,2278,0.0140474100087796,0,
2192026,BA.2_0.02_abundance_0.05,G11926C;C12043G;A12063G;A12065T;G12104T;G12185C;A12219C,ORF1a:L3887F;ORF1a:D3926E;ORF1a:E3933G;ORF1a:M3934L;ORF1a:E3947*;ORF1a:E3974Q;ORF1a:N3985T,11,657,0.0167427701674277,0,
2192026,BA.2_0.02_abundance_0.05,G13425T;A13535G,ORF1a:R4387L;ORF1b:Y23C,17,649,0.0261941448382126,0,
2192026,BA.2_0.02_abundance_0.05,A14634G;C14670G;T14684C;T14704C;C14768G;G14773T,ORF1b:V389V;ORF1b:V401V;ORF1b:F406S;ORF1b:F413L;ORF1b:A434G;ORF1b:D436Y,12,341,0.0351906158357771,0,
2192026,BA.2_0.02_abundance_0.05,T15244A;G15268T;T15281G;A15283T;C15319G;G15446A,ORF1b:L593I;ORF1b:E601*;ORF1b:L605R;ORF1b:M606L;ORF1b:P618A;ORF1b:C660Y,59,3220,0.0183229813664596,0,
2192026,BA.2_0.02_abundance_0.05,A15554C;G15658T;C15680A;T15682C;C15714T;G15724T,ORF1b:N696T;ORF1b:D731Y;ORF1b:A738E;ORF1b:Y739H;ORF1b:L749L;ORF1b:A753S,56,3488,0.0160550458715596,0,
2192026,BA.2_0.02_abundance_0.05,C15587T;C15714T,ORF1b:A707V;ORF1b:L749L,35,3488,0.0100344036697247,158,BA.2.3.1:1;BA.2.9:9;BQ.1.1:1;BA.2.9.7:4;BA.2:58;BF.7:2;BA.5.6:3;BA.2.75:4;BA.4.6:1;BA.5.2:11;BA.5.1:5;BE.4.2:1;BA.4:5;BE.1.1:3;BA.5.2.1:22;CM.2:1;BA.2.75.5:2;BA.5.2.3:1;BA.5.2.7:1;BA.2.3.7:5;BQ.1.6:1;BA.5.2.22:2;BA.2.12.1:11;BA.5.1.10:1;BA.2.23:1;BA.2.10:1;BF.7.5:1
2192026,BA.2_0.02_abundance_0.05,T15661C;C15714T,ORF1b:F732L;ORF1b:L749L,849,3490,0.2432664756446991,13,BA.5.2.1:1;BF.7:1;BA.2.3.12:1;CL.1:1;BF.2:1;BA.5.2:1;BA.2.10:3;BA.5.2.6:1;BA.2.12.1:1;BA.2.9:1;BA.2.14:1
2192026,BA.2_0.02_abundance_0.05,T15661C;C15714T;T15817A,ORF1b:F732L;ORF1b:L749L;ORF1b:F784I,303,3217,0.0941871308672676,0,
2192026,BA.2_0.02_abundance_0.05,C15714T;T15817A,ORF1b:L749L;ORF1b:F784I,555,3217,0.1725209822816288,1,BA.2:1
2192026,BA.2_0.02_abundance_0.05,A15948C;T15978C;T16124G,ORF1b:R827S;ORF1b:D837D;ORF1b:L886*,23,1052,0.0218631178707224,0,
2192026,BA.2_0.02_abundance_0.05,T16209C;G16237A,ORF1b:A914A;ORF1b:A924T,62,346,0.1791907514450867,0,
2192026,BA.2_0.02_abundance_0.05,G16508A;T16530C,ORF1b:G1014D;ORF1b:V1021V,28,456,0.0614035087719298,0,
2192026,BA.2_0.02_abundance_0.05,T16820G;T16834A;T16854A;A16981T,ORF1b:I1118R;ORF1b:F1123I;ORF1b:G1129G;ORF1b:I1172F,61,3001,0.0203265578140619,0,
2192026,BA.2_0.02_abundance_0.05,C17125A;C17410T,ORF1b:L1220I;ORF1b:R1315C,37,1969,0.0187912646013204,104,BQ.1.1:1;BA.2.9:6;BA.2.10:1;BA.5.2:34;BA.2.76:1;BA.2:19;BA.5.1:13;BA.5.2.18:1;BQ.1.1.7:1;BA.5.1.6:6;BS.1.1:1;BA.5.5:1;BQ.1.1.6:10;BA.2.12.1:3;BF.5:4;BE.4:1;BQ.1:1
2192026,BA.2_0.02_abundance_0.05,C17321G;C17410T,ORF1b:A1285G;ORF1b:R1315C,61,1969,0.0309801929913661,1,BA.5.2.1:1
2192026,BA.2_0.02_abundance_0.05,C17430G;G17596C;C17597A;A17629G,ORF1b:Y1321*;ORF1b:A1377P;ORF1b:A1377D;ORF1b:K1388E,28,1429,0.0195941217634709,0,
2192026,BA.2_0.02_abundance_0.05,G18049T;G18090C;C18094T;A18116T;T18132G;A18153C;T18156G;A18163G;T18164C;G18194A;T18200A,ORF1b:V1528L;ORF1b:G1541G;ORF1b:H1543Y;ORF1b:H1550L;ORF1b:T1555T;ORF1b:L1562F;ORF1b:C1563W;ORF1b:I1566V;ORF1b:I1566T;ORF1b:R1576K;ORF1b:L1578H,15,736,0.0203804347826086,0,
2192026,BA.2_0.02_abundance_0.05,C18098A;A18163G,ORF1b:P1544H;ORF1b:I1566V,223,736,0.3029891304347826,0,
2192026,BA.2_0.02_abundance_0.05,C19152A;T19260G,ORF1b:A1895A;ORF1b:S1931S,8,324,0.0246913580246913,0,
2192026,BA.2_0.02_abundance_0.05,G19598A;T19697A,ORF1b:W2044*;ORF1b:I2077N,41,465,0.0881720430107526,0,
2192026,BA.2_0.02_abundance_0.05,T20573A;A20593C;G20672T,ORF1b:V2369D;ORF1b:T2376P;ORF1b:W2402L,6,444,0.0135135135135135,0,
2192026,BA.2_0.02_abundance_0.05,T21752A;T21773C;T21813A;T21823C;A21845C;A21884G;A21900C;G21987A,S:W64R;S:S71P;S:L84Q;S:N87N;S:T95P;S:T108A;S:K113T;S:G142D,17,709,0.0239774330042313,0,
2192026,BA.2_0.02_abundance_0.05,T22087A;T22200G,S:F175L;S:V213G,118,1453,0.0812112869924294,4,BA.5.10:4
2192026,BA.2_0.02_abundance_0.05,T22087A;T22170C;T22200G,S:F175L;S:I203T;S:V213G,70,1453,0.0481761871988988,0,
2192026,BA.2_0.02_abundance_0.05,T22170C;T22200G,S:I203T;S:V213G,480,1453,0.3303509979353062,12,BA.2:2;BA.5.1:8;BF.7:1;BA.5.2.1:1
2192026,BA.2_0.02_abundance_0.05,G22578A;C22674T;T22679C;C22686T;A22688G;A22753T;G22775A;A22786C;G22813T,S:G339D;S:S371F;S:S373P;S:S375F;S:T376A;S:A397A;S:D405N;S:R408S;S:K417N,287,916,0.3133187772925764,72,BA.2:40;BA.2.75:2;BF.6:5;BA.2.9:10;BA.5.2:2;BE.1.1.2:1;BA.5:1;BA.5.1:7;BA.2.12.1:1;BA.4.6:3
2192026,BA.2_0.02_abundance_0.05,G22578A;C22674T;T22679C;C22686T;A22688G;A22753T,S:G339D;S:S371F;S:S373P;S:S375F;S:T376A;S:A397A,28,998,0.0280561122244488,75,BA.2:40;BA.2.75:4;BF.6:5;BA.2.9:10;BA.5.2:3;BE.1.1.2:1;BA.5:1;BA.5.1:7;BA.2.12.1:1;BA.4.6:3
2192026,BA.2_0.02_abundance_0.05,A23168G;G23273A;A23295C;C23297G;T23346C;T23374A;A23403G;G23429A;G23478A,S:N536D;S:D571N;S:D578A;S:P579A;S:V595A;S:T604T;S:D614G;S:A623T;S:G639D,36,1650,0.0218181818181818,0,
2192026,BA.2_0.02_abundance_0.05,A24282G;A24424T,S:N907S;S:Q954H,38,201,0.1890547263681592,56,BA.2:15;BA.1:14;BA.5.6.1:1;BE.1:2;BA.5.1:1;BA.2.36:1;BF.10:4;BA.5.5:1;BA.2.20:2;BA.5.2:2;BA.2.3.18:1;BQ.1.11:1;BA.4.1:1;BA.1.1:4;BA.2.10:3;BF.5:1;BF.21:1;BA.5.2.22:1
2192026,BA.2_0.02_abundance_0.05,T24511A;T24622C;C24632G,S:R983R;S:A1020A;S:L1024V,6,127,0.0472440944881889,0,
2192026,BA.2_0.02_abundance_0.05,C24861G;C25000T,S:T1100R;S:D1146D,187,1692,0.1105200945626477,11,BA.1.15:7;BA.1:3;BA.2:1
2192026,BA.2_0.02_abundance_0.05,T24951A;A24952C;C25000T,S:I1130K;S:I1130I;S:D1146D,32,1692,0.0189125295508274,0,
2192026,BA.2_0.02_abundance_0.05,A25368C;T25402C;T25529A;C25584T;A25591G;G25599C;A25602C,S:K1269T;ORF3a:F4L;ORF3a:L46H;ORF3a:T64T;ORF3a:K67E;ORF3a:W69C;ORF3a:Q70H,49,1925,0.0254545454545454,0,
2192026,BA.2_0.02_abundance_0.05,A25664G;C25685G;T25707G;T25722C;T25813G;A25826C,ORF3a:Y91C;ORF3a:A98G;ORF3a:F105L;ORF3a:A110A;ORF3a:Y141D;ORF3a:Y145S,10,487,0.0205338809034907,0,
2192026,BA.2_0.02_abundance_0.05,A25965C;A25966C;T26156G;G26257C;C26270T,ORF3a:E191D;ORF3a:K192Q;ORF3a:V255G;E:V5L;E:T9I,18,847,0.0212514757969303,0,
2192026,BA.2_0.02_abundance_0.05,A26132G;C26270T,ORF3a:H247R;E:T9I,25,848,0.0294811320754717,66,BA.2:20;BA.1:2;BA.1.1:23;BA.5.1:1;BA.2.9:4;BA.5.2:3;BA.5.6:2;BA.5.2.1:3;BA.4:1;BA.1.17.2:1;BA.2.65:1;BA.1.16:1;BA.2.12.1:3;BA.2.75:1
2192026,BA.2_0.02_abundance_0.05,G26257C;C26270T,E:V5L;E:T9I,16,1512,0.0105820105820105,3,BA.1.15:1;BA.1.1.1:1;BA.2.18:1
2192026,BA.2_0.02_abundance_0.05,C26270T;T26320A,E:T9I;E:F26I,43,664,0.0647590361445783,3,BA.4:3
2192026,BA.2_0.02_abundance_0.05,A26557T;C26577G;G26709A;C26858T,M:E12V;M:Q19E;M:A63T;M:F112F,73,1176,0.0620748299319727,1,BA.2:1
2192026,BA.2_0.02_abundance_0.05,G27204A;T27257G;A27259C;A27301T;G27337C;C27352A;G27361T;G27382C;A27383T;T27384C;C27425T;C27476G;A27487T,ORF6:MX;ORF6:M19R;ORF6:R20R;ORF6:N34Y;ORF6:E46Q;ORF6:Q51K;ORF6:E54*;ORF6:D61H;ORF6:D61V;ORF6:D61D;ORF7a:T11I;ORF7a:T28R;ORF7a:K32*,37,1637,0.0226023213194868,0,
2192026,BA.2_0.02_abundance_0.05,G28038A;T28105A,ORF8:V49I;ORF8:I71N,21,555,0.0378378378378378,0,
2192026,BA.2_0.02_abundance_0.05,T28105A;T28241C;C28311T,ORF8:I71N;ORF8:V116V;N:P13L,11,207,0.0531400966183574,0,
2192026,BA.2_0.02_abundance_0.05,T28105A;T28241C;G28276A;C28311T,ORF8:I71N;ORF8:V116V;N:MX;N:P13L,10,207,0.0483091787439613,0,
2192026,BA.2_0.02_abundance_0.05,C28132A;T28241C;G28276C;G28307A;C28311T,ORF8:T80K;ORF8:V116V;N:MX;N:A12T;N:P13L,47,3056,0.0153795811518324,0,
2192026,BA.2_0.02_abundance_0.05,C28236G;T28241C;G28276A;C28311T,ORF8:R115G;ORF8:V116V;N:MX;N:P13L,143,3057,0.0467778868171409,0,
2192026,BA.2_0.02_abundance_0.05,C28236G;T28241C;C28311T,ORF8:R115G;ORF8:V116V;N:P13L,203,3057,0.0664049721949623,0,
2192026,BA.2_0.02_abundance_0.05,C28236G;G28276A;C28311T,ORF8:R115G;N:MX;N:P13L,38,3057,0.0124304874059535,0,
2192026,BA.2_0.02_abundance_0.05,C28236G;C28311T,ORF8:R115G;N:P13L,45,3057,0.014720314033366,2,BA.5.2:2
2192026,BA.2_0.02_abundance_0.05,T28241C;G28276A;C28311T,ORF8:V116V;N:MX;N:P13L,799,3057,0.2613673536146549,0,
2192026,BA.2_0.02_abundance_0.05,T28241C;C28311T,ORF8:V116V;N:P13L,1165,3057,0.3810925744193654,22,BE.1.1:1;BA.1.15:5;BA.2.12.1:1;BA.5.2:2;BA.1:3;BA.4.6:2;BA.2:5;BA.1.1:2;BA.2.75:1
2192026,BA.2_0.02_abundance_0.05,G28276A;C28311T,N:MX;N:P13L,225,3057,0.0736015701668302,4,BA.1.1:4
2192026,BA.2_0.02_abundance_0.05,A29365G;A29510C,N:P364P;N:S413R,37,291,0.127147766323024,107,BM.2:1;BQ.1.1:1;BA.4.6:3;BA.5.2.1:14;BM.4.1:2;BA.2:10;BE.1:6;BA.2.75:4;BA.5.1:15;BA.2.40.1:34;BQ.1.23:1;BA.2.12.1:4;BA.4.1:4;BA.5.2:1;BA.5.5:2;BN.1.3:1;BA.2.23:1;BM.4.1.1:2;BA.5.1.1:1
2192026,BA.2_0.02_abundance_0.05,T29452G;T29458C;C29498T;A29510C,N:T393T;N:L395L;N:Q409*;N:S413R,7,291,0.0240549828178694,0,
2262026,BA.2_0.02_abundance_0.05,T380G;T484C;G495C;G545C;A652C;G663A;T670G,ORF1a:L39V;ORF1a:R73R;ORF1a:R77P;ORF1a:G94R;ORF1a:K129N;ORF1a:G133D;ORF1a:S135R,35,914,0.0382932166301969,0,
2262026,BA.2_0.02_abundance_0.05,T670G;A764G,ORF1a:S135R;ORF1a:S167G,13,276,0.0471014492753623,239,BA.5.5.2:1;BM.2:3;BA.2.75:167;BA.4:10;BM.1.1:20;BA.5.2.1:3;BA.5.1.17:1;BA.2.3:1;BF.1:1;BA.5.1:1;BA.5.2.19:1;BA.5.2:2;BA.2:9;BA.4.6:1;BA.2.5:1;BA.2.56:1;BF.11.1:1;BF.34:1;BA.2.74:1;BA.2.10.1:1;BF.10:2;BA.2.12.1:1;XBB.1:1;BA.4.1:2;BM.1.1.1:1;BA.5.1.7:1;BA.2.9:2;BA.5.2.20:1;BA.2.21:1
2262026,BA.2_0.02_abundance_0.05,T1030A;T1061C;G1085T;A1120C;A1137C;A1203G;T1216C;C1284A,ORF1a:F255L;ORF1a:F266L;ORF1a:V274L;ORF1a:Q285H;ORF1a:K291T;ORF1a:N313S;ORF1a:L317L;ORF1a:T340N,38,1543,0.0246273493195074,0,
2262026,BA.2_0.02_abundance_0.05,A1866C;A1900T,ORF1a:Y534S;ORF1a:R545R,38,1453,0.026152787336545,0,
2262026,BA.2_0.02_abundance_0.05,C2065T;T2128G;A2215G,ORF1a:Y600Y;ORF1a:Y621*;ORF1a:K650K,23,907,0.0253583241455347,0,
2262026,BA.2_0.02_abundance_0.05,A2215G;A2275G;T2481C;T2489C;C2509A,ORF1a:K650K;ORF1a:E670E;ORF1a:I739T;ORF1a:L742L;ORF1a:P748P,9,247,0.0364372469635627,0,
2262026,BA.2_0.02_abundance_0.05,A2275G;T2481C;T2489C;C2509A,ORF1a:E670E;ORF1a:I739T;ORF1a:L742L;ORF1a:P748P,19,978,0.0194274028629856,0,
2262026,BA.2_0.02_abundance_0.05,T2868A;A2909T;C2980A;G2993C;C3037T;T3073A,ORF1a:V868E;ORF1a:T882S;ORF1a:Y905*;ORF1a:E910Q;ORF1a:F924F;ORF1a:C936*,7,243,0.0288065843621399,0,
2262026,BA.2_0.02_abundance_0.05,T3256C;A3336G;A3344G;C3393A;A3414C;G3418C;A3430C;T3454A,ORF1a:N997N;ORF1a:E1024G;ORF1a:S1027G;ORF1a:A1043E;ORF1a:K1050T;ORF1a:K1051N;ORF1a:T1055T;ORF1a:V1063V,23,885,0.0259887005649717,0,
2262026,BA.2_0.02_abundance_0.05,T3499G;C3656G;T3727A,ORF1a:A1078A;ORF1a:L1131V;ORF1a:F1154L,8,143,0.0559440559440559,0,
2262026,BA.2_0.02_abundance_0.05,T3930A;G3994T;T4041A;A4070G;C4113A,ORF1a:V1222D;ORF1a:L1243L;ORF1a:I1259N;ORF1a:T1269A;ORF1a:A1283D,22,608,0.0361842105263157,0,
2262026,BA.2_0.02_abundance_0.05,T4481G;C4563T,ORF1a:Y1406D;ORF1a:S1433L,7,60,0.1166666666666666,1,BA.2:1
2262026,BA.2_0.02_abundance_0.05,G4694C;C4746T;G4802T;A4957G,ORF1a:V1477L;ORF1a:S1494F;ORF1a:D1513Y;ORF1a:E1564E,37,789,0.0468948035487959,0,
2262026,BA.2_0.02_abundance_0.05,T5356G;T5359G;G5399T,ORF1a:D1697E;ORF1a:A1698A;ORF1a:A1712S,5,126,0.0396825396825396,0,
2262026,BA.2_0.02_abundance_0.05,A6206G;T6287C;C6318A;G6364T;C6395G;T6407A;C6432G;C6445A,ORF1a:K1981E;ORF1a:W2008R;ORF1a:P2018Q;ORF1a:A2033A;ORF1a:L2044V;ORF1a:S2048T;ORF1a:T2056S;ORF1a:D2060E,19,545,0.0348623853211009,0,
2262026,BA.2_0.02_abundance_0.05,A6613C;T6614A;C6636G;A6677T,ORF1a:V2116V;ORF1a:L2117I;ORF1a:T2124S;ORF1a:I2138L,12,533,0.0225140712945591,0,
2262026,BA.2_0.02_abundance_0.05,A7193C;T7202G;C7254G;C7279G;G7331C,ORF1a:T2310P;ORF1a:S2313A;ORF1a:A2330G;ORF1a:F2338L;ORF1a:V2356L,9,358,0.0251396648044692,0,
2262026,BA.2_0.02_abundance_0.05,T7211A;T7310G,ORF1a:W2316R;ORF1a:L2349V,5,358,0.0139664804469273,0,
2262026,BA.2_0.02_abundance_0.05,T7666A;C7688A;G7718C;G7866A;A7896C,ORF1a:D2467E;ORF1a:L2475I;ORF1a:D2485H;ORF1a:G2534D;ORF1a:D2544A,16,675,0.0237037037037037,0,
2262026,BA.2_0.02_abundance_0.05,A8636G;G8653C;T8822C,ORF1a:T2791A;ORF1a:M2796I;ORF1a:L2853L,7,190,0.0368421052631578,0,
2262026,BA.2_0.02_abundance_0.05,A8974G;G9209T,ORF1a:I2903M;ORF1a:E2982*,5,223,0.0224215246636771,0,
2262026,BA.2_0.02_abundance_0.05,G9209T;T9212G,ORF1a:E2982*;ORF1a:Y2983D,10,222,0.045045045045045,0,
2262026,BA.2_0.02_abundance_0.05,C9534T;T9722A,ORF1a:T3090I;ORF1a:F3153I,102,1118,0.0912343470483005,4,BE.4:4
2262026,BA.2_0.02_abundance_0.05,C9534T;C9592G,ORF1a:T3090I;ORF1a:Y3109*,21,1198,0.0175292153589315,0,
2262026,BA.2_0.02_abundance_0.05,C9534T;C9592G;T9818A,ORF1a:T3090I;ORF1a:Y3109*;ORF1a:L3185I,12,556,0.0215827338129496,0,
2262026,BA.2_0.02_abundance_0.05,C9534T;C9592G;T9818A;T9823A,ORF1a:T3090I;ORF1a:Y3109*;ORF1a:L3185I;ORF1a:N3186K,12,207,0.0579710144927536,0,
2262026,BA.2_0.02_abundance_0.05,G10850C;G10953T,ORF1a:A3529P;ORF1a:C3563F,20,1894,0.010559662090813,0,
2262026,BA.2_0.02_abundance_0.05,G10850C;G10953T;T11038C,ORF1a:A3529P;ORF1a:C3563F;ORF1a:L3591L,7,458,0.0152838427947598,0,
2262026,BA.2_0.02_abundance_0.05,T11038C;G11055A;T11110G;G11114A;T11129C;A11279G;A11302C;C11345A,ORF1a:L3591L;ORF1a:S3597N;ORF1a:A3615A;ORF1a:G3617S;ORF1a:S3622P;ORF1a:T3672A;ORF1a:L3679L;ORF1a:L3694I,24,891,0.0269360269360269,0,
2262026,BA.2_0.02_abundance_0.05,C11345A;A11519G,ORF1a:L3694I;ORF1a:M3752V,33,975,0.0338461538461538,0,
2262026,BA.2_0.02_abundance_0.05,G11926C;C12043G;A12063G;A12065T;G12104T;G12185C;T12214G,ORF1a:L3887F;ORF1a:D3926E;ORF1a:E3933G;ORF1a:M3934L;ORF1a:E3947*;ORF1a:E3974Q;ORF1a:S3983S,19,1169,0.0162532078699743,0,
2262026,BA.2_0.02_abundance_0.05,G11926C;C12043G;A12063G;A12065T;G12104T;G12185C,ORF1a:L3887F;ORF1a:D3926E;ORF1a:E3933G;ORF1a:M3934L;ORF1a:E3947*;ORF1a:E3974Q,22,1823,0.0120680197476686,0,
2262026,BA.2_0.02_abundance_0.05,G11926C;C12043G;A12063G;A12065T;G12104T;G12185C;T12214G;A12219C,ORF1a:L3887F;ORF1a:D3926E;ORF1a:E3933G;ORF1a:M3934L;ORF1a:E3947*;ORF1a:E3974Q;ORF1a:S3983S;ORF1a:N3985T,10,496,0.0201612903225806,0,
2262026,BA.2_0.02_abundance_0.05,G12185C;T12214G;A12219C;G12278C;A12324G;G12382T;G12386A,ORF1a:E3974Q;ORF1a:S3983S;ORF1a:N3985T;ORF1a:A4005P;ORF1a:D4020G;ORF1a:K4039N;ORF1a:D4041N,33,1109,0.0297565374211,0,
2262026,BA.2_0.02_abundance_0.05,T12799C;T12851G;T12862A;C12880A;T12908G;A12928G;C12970G,ORF1a:G4178G;ORF1a:F4196V;ORF1a:S4199R;ORF1a:I4205I;ORF1a:F4215V;ORF1a:K4221K;ORF1a:N4235K,90,3029,0.0297127764938923,0,
2262026,BA.2_0.02_abundance_0.05,C13072A;C13130G;T13250G;G13287A;T13310C,ORF1a:F4269L;ORF1a:Q4289E;ORF1a:Y4329D;ORF1a:G4341E;ORF1a:Y4349H,69,2680,0.0257462686567164,0,
2262026,BA.2_0.02_abundance_0.05,G13425T;A13535G,ORF1a:R4387L;ORF1b:Y23C,27,944,0.0286016949152542,0,
2262026,BA.2_0.02_abundance_0.05,A14010C;G14044C;T14094A;G14197T;C14204A;T14221A;T14222C;T14242C,ORF1b:V181V;ORF1b:V193L;ORF1b:D209E;ORF1b:A244S;ORF1b:S246*;ORF1b:L252I;ORF1b:L252S;ORF1b:W259R,62,2352,0.026360544217687,0,
2262026,BA.2_0.02_abundance_0.05,A14634G;C14670G;T14684C;T14704C;C14768G;G14773T;C14842A;T14855G,ORF1b:V389V;ORF1b:V401V;ORF1b:F406S;ORF1b:F413L;ORF1b:A434G;ORF1b:D436Y;ORF1b:Q459K;ORF1b:V463G,53,1566,0.0338441890166028,0,
2262026,BA.2_0.02_abundance_0.05,T15244A;G15268T;T15281G;A15283T;C15319G;G15446A,ORF1b:L593I;ORF1b:E601*;ORF1b:L605R;ORF1b:M606L;ORF1b:P618A;ORF1b:C660Y,30,1190,0.0252100840336134,0,
2262026,BA.2_0.02_abundance_0.05,C15356T;T15404A,ORF1b:A630V;ORF1b:L646*,20,1288,0.015527950310559,0,
2262026,BA.2_0.02_abundance_0.05,A15554C;G15658T;C15680A;T15682C;C15714T;G15724T;T15784G;A15831G,ORF1b:N696T;ORF1b:D731Y;ORF1b:A738E;ORF1b:Y739H;ORF1b:L749L;ORF1b:A753S;ORF1b:F773V;ORF1b:A788A,57,2498,0.0228182546036829,0,
2262026,BA.2_0.02_abundance_0.05,C15714T;T15750C,ORF1b:L749L;ORF1b:Y761Y,332,2641,0.1257099583491102,249,BF.13:1;BA.4.1:11;BA.2.75:4;BA.5.1.10:1;BA.5.2:72;BA.2.76:1;BA.2:56;BA.5.1:5;BA.2.75.1:1;BA.2.12.1:55;BA.5.1.3:1;BA.2.10:2;BF.5:1;BA.5.1.23:16;BF.7:1;BA.5.2.1:4;BQ.1.1.5:1;XBB.1:2;BA.5:1;BE.1.1:1;BA.2.32:1;BA.2.10.2:1;BQ.1.1.8:2;BA.2.9:4;BA.5.2.22:1;BA.5.5:3
2262026,BA.2_0.02_abundance_0.05,A15872G;C15951G,ORF1b:E802G;ORF1b:I828M,704,3560,0.197752808988764,0,
2262026,BA.2_0.02_abundance_0.05,A15872G;C15951G;T16079C,ORF1b:E802G;ORF1b:I828M;ORF1b:V871A,223,3331,0.0669468628039627,0,
2262026,BA.2_0.02_abundance_0.05,A15872G;T16079C,ORF1b:E802G;ORF1b:V871A,511,3331,0.1534073851696187,0,
2262026,BA.2_0.02_abundance_0.05,T15915A;A15948C;T15978C;A16108T;T16124G,ORF1b:D816E;ORF1b:R827S;ORF1b:D837D;ORF1b:K881*;ORF1b:L886*,64,3356,0.0190703218116805,0,
2262026,BA.2_0.02_abundance_0.05,C16215G;G16259C;A16296C,ORF1b:Y916*;ORF1b:C931S;ORF1b:I943I,12,568,0.0211267605633802,0,
2262026,BA.2_0.02_abundance_0.05,T16820G;T16834A;T16854A;A16981T,ORF1b:I1118R;ORF1b:F1123I;ORF1b:G1129G;ORF1b:I1172F,34,1361,0.0249816311535635,0,
2262026,BA.2_0.02_abundance_0.05,C17125A;A17187G;A17289T;C17372T,ORF1b:L1220I;ORF1b:L1240L;ORF1b:T1274T;ORF1b:A1302V,31,2551,0.0121520972167777,0,
2262026,BA.2_0.02_abundance_0.05,C17125A;A17187G;A17289T;C17372T;C17410T,ORF1b:L1220I;ORF1b:L1240L;ORF1b:T1274T;ORF1b:A1302V;ORF1b:R1315C,65,1724,0.0377030162412993,0,
2262026,BA.2_0.02_abundance_0.05,C17410T;T17531G,ORF1b:R1315C;ORF1b:I1355R,285,610,0.4672131147540984,0,
2262026,BA.2_0.02_abundance_0.05,C17410T;C17430G;G17596C;C17597A;A17629G;T17670G;A17691C;A17697G,ORF1b:R1315C;ORF1b:Y1321*;ORF1b:A1377P;ORF1b:A1377D;ORF1b:K1388E;ORF1b:G1401G;ORF1b:S1408S;ORF1b:A1410A,10,380,0.0263157894736842,0,
2262026,BA.2_0.02_abundance_0.05,C17430G;G17596C;C17597A;A17629G;T17670G;A17691C;A17697G,ORF1b:Y1321*;ORF1b:A1377P;ORF1b:A1377D;ORF1b:K1388E;ORF1b:G1401G;ORF1b:S1408S;ORF1b:A1410A,101,3088,0.0327072538860103,0,
2262026,BA.2_0.02_abundance_0.05,G18049T;G18090C;C18094T;A18116T;T18132G;A18153C;T18156G;A18163G;T18164C;G18194A;T18200A,ORF1b:V1528L;ORF1b:G1541G;ORF1b:H1543Y;ORF1b:H1550L;ORF1b:T1555T;ORF1b:L1562F;ORF1b:C1563W;ORF1b:I1566V;ORF1b:I1566T;ORF1b:R1576K;ORF1b:L1578H,29,870,0.0333333333333333,0,
2262026,BA.2_0.02_abundance_0.05,A18163G;G18268T,ORF1b:I1566V;ORF1b:E1601*,55,827,0.0665054413542926,2,BA.1:1;BA.1.15:1
2262026,BA.2_0.02_abundance_0.05,A18163G;G18197T,ORF1b:I1566V;ORF1b:R1577I,30,870,0.0344827586206896,0,
2262026,BA.2_0.02_abundance_0.05,T18621A;A18639T;C18681T;C18860A;T18866G;C18894G;C18917T,ORF1b:S1718S;ORF1b:K1724N;ORF1b:A1738A;ORF1b:A1798E;ORF1b:M1800R;ORF1b:C1809W;ORF1b:T1817I,6,280,0.0214285714285714,0,
2262026,BA.2_0.02_abundance_0.05,A18639T;C18681T;C18860A;T18866G;C18894G;C18917T,ORF1b:K1724N;ORF1b:A1738A;ORF1b:A1798E;ORF1b:M1800R;ORF1b:C1809W;ORF1b:T1817I,127,4138,0.0306911551474142,0,
2262026,BA.2_0.02_abundance_0.05,T20520A;T20526G;A20546C;T20573A;A20593C;G20672T,ORF1b:D2351E;ORF1b:F2353L;ORF1b:Q2360P;ORF1b:V2369D;ORF1b:T2376P;ORF1b:W2402L,25,860,0.0290697674418604,0,
2262026,BA.2_0.02_abundance_0.05,T20911A;T21000A;C21013T;A21026T;A21027T;G21044A;C21092G;T21111C,ORF1b:L2482I;ORF1b:D2511E;ORF1b:H2516Y;ORF1b:K2520I;ORF1b:K2520N;ORF1b:S2526N;ORF1b:S2542C;ORF1b:T2548T,34,1280,0.0265625,0,
2262026,BA.2_0.02_abundance_0.05,T21000A;A21026T,ORF1b:D2511E;ORF1b:K2520I,933,1440,0.6479166666666667,0,
2262026,BA.2_0.02_abundance_0.05,T21752A;T21773C;T21813A;T21823C;A21845C;A21884G;A21900C;A21979T;T21980G;G21987A,S:W64R;S:S71P;S:L84Q;S:N87N;S:T95P;S:T108A;S:K113T;S:P139P;S:F140V;S:G142D,27,1003,0.0269192422731804,0,
2262026,BA.2_0.02_abundance_0.05,T21752A;T21773C;T21813A;T21823C;A21845C;A21884G;A21900C,S:W64R;S:S71P;S:L84Q;S:N87N;S:T95P;S:T108A;S:K113T,13,1228,0.010586319218241,0,
2262026,BA.2_0.02_abundance_0.05,T21965A;G21987A,S:F135I;S:G142D,86,1004,0.0856573705179282,36,AY.4:4;BA.1:10;BA.1.15:1;BA.4.6:1;BE.4.1:8;BA.4:2;AY.122:1;BA.1.21.1:1;AY.112:1;AY.46.6:1;B.1.617.2:4;BA.1.1:1;BA.4.5:1
2262026,BA.2_0.02_abundance_0.05,G22992A;C22995A;A23013C;A23040G;A23055G;T23075C;A23110T,S:S477N;S:T478K;S:E484A;S:Q493R;S:Q498R;S:Y505H;S:E516D,60,147,0.4081632653061224,2,BA.2.3:1;BA.1.1:1
2262026,BA.2_0.02_abundance_0.05,G22992A;C22995A;A23013C;A23040G;A23055G;T23075C;C23151T,S:S477N;S:T478K;S:E484A;S:Q493R;S:Q498R;S:Y505H;S:S530F,20,144,0.1388888888888889,0,
2262026,BA.2_0.02_abundance_0.05,G22992A;C22995A;A23013C;A23040G;A23055G;T23075C;A23110T;C23151T,S:S477N;S:T478K;S:E484A;S:Q493R;S:Q498R;S:Y505H;S:E516D;S:S530F,18,144,0.125,0,
2262026,BA.2_0.02_abundance_0.05,A23168G;G23273A;A23295C;C23297G;T23346C;T23374A;A23403G;G23429A,S:N536D;S:D571N;S:D578A;S:P579A;S:V595A;S:T604T;S:D614G;S:A623T,29,1796,0.0161469933184855,0,
2262026,BA.2_0.02_abundance_0.05,A23168G;G23273A;A23295C;C23297G;T23346C;T23374A;A23403G;G23429A;A23484G,S:N536D;S:D571N;S:D578A;S:P579A;S:V595A;S:T604T;S:D614G;S:A623T;S:N641S,21,583,0.0360205831903945,0,
2262026,BA.2_0.02_abundance_0.05,A24401G;A24424T,S:K947E;S:Q954H,68,957,0.0710553814002089,26,BA.1:8;BA.5.2.1:2;BA.5.1.11:3;BA.2:4;BA.1.17:1;BA.1.1:5;BA.1.1.2:1;BA.5.1:1;BA.1.15:1
2262026,BA.2_0.02_abundance_0.05,A24424T;T24469A;A24679C,S:Q954H;S:N969K;S:R1039S,77,174,0.4425287356321839,0,
2262026,BA.2_0.02_abundance_0.05,T24447G;T24460G;T24469A;T24511A;T24622C;C24632G;A24674G,S:L962R;S:L966L;S:N969K;S:R983R;S:A1020A;S:L1024V;S:K1038E,12,749,0.0160213618157543,0,
2262026,BA.2_0.02_abundance_0.05,T24469A;A24679C,S:N969K;S:R1039S,247,749,0.3297730307076101,0,
2262026,BA.2_0.02_abundance_0.05,A25368C;T25402C;T25404C;T25529A;C25584T;A25591G;G25599C;A25602C,S:K1269T;ORF3a:F4L;ORF3a:F4F;ORF3a:L46H;ORF3a:T64T;ORF3a:K67E;ORF3a:W69C;ORF3a:Q70H,29,1201,0.0241465445462114,0,
2262026,BA.2_0.02_abundance_0.05,T25404C;C25584T,ORF3a:F4F;ORF3a:T64T,756,1204,0.627906976744186,23,BA.2.61:1;BA.2:4;BA.2.3:1;BA.1.1:3;BA.5.8:1;BA.5.2:2;BA.5.1:4;BA.1:2;BA.4.1:1;BA.1.17:1;BA.2.3.12:1;BA.5.1.24:2
2262026,BA.2_0.02_abundance_0.05,T25404C;T25518G;C25584T,ORF3a:F4F;ORF3a:P42P;ORF3a:T64T,25,1204,0.0207641196013289,0,
2262026,BA.2_0.02_abundance_0.05,A26041T;C26135G;C26270T,ORF3a:T217S;ORF3a:T248R;E:T9I,7,136,0.0514705882352941,0,
2262026,BA.2_0.02_abundance_0.05,A26041T;C26270T,ORF3a:T217S;E:T9I,12,136,0.088235294117647,2,BA.5.1:1;BA.1.1:1
2262026,BA.2_0.02_abundance_0.05,C26135G;C26270T,ORF3a:T248R;E:T9I,10,136,0.0735294117647058,0,
2262026,BA.2_0.02_abundance_0.05,A26137T;C26270T,ORF3a:I249F;E:T9I,17,136,0.125,2,BA.1.1.1:1;BA.2:1
2262026,BA.2_0.02_abundance_0.05,C26270T;C26376G,E:T9I;E:C44W,12,34,0.3529411764705882,0,
2262026,BA.2_0.02_abundance_0.05,C26577G;G26709A;G26851T;C26858T,M:Q19E;M:A63T;M:W110L;M:F112F,688,1663,0.4137101623571858,0,
2262026,BA.2_0.02_abundance_0.05,C26577G;G26709A;G26851T,M:Q19E;M:A63T;M:W110L,41,1737,0.0236039147956246,5,BA.1.1:1;BA.1:1;BA.1.18:1;BF.7:1;BA.5.1.24:1
2262026,BA.2_0.02_abundance_0.05,C26892G;A26896C;G26925T;G26937C;A27045C;C27145A,M:L124V;M:H125P;M:E135*;M:V139L;M:T175P;M:T208K,15,430,0.0348837209302325,0,
2262026,BA.2_0.02_abundance_0.05,G27204A;T27257G;A27259C;A27301T;G27337C;C27352A;G27361T;G27382C;A27383T;T27384C;C27425T;C27476G;A27487T;C27493T,ORF6:MX;ORF6:M19R;ORF6:R20R;ORF6:N34Y;ORF6:E46Q;ORF6:Q51K;ORF6:E54*;ORF6:D61H;ORF6:D61V;ORF6:D61D;ORF7a:T11I;ORF7a:T28R;ORF7a:K32*;ORF7a:P34S,70,2390,0.0292887029288702,0,
2262026,BA.2_0.02_abundance_0.05,G27204A;T27257G;A27259C;A27301T;G27337C;C27352A;G27361T;G27382C;A27383T;T27384C;C27425T;C27476G;A27487T,ORF6:MX;ORF6:M19R;ORF6:R20R;ORF6:N34Y;ORF6:E46Q;ORF6:Q51K;ORF6:E54*;ORF6:D61H;ORF6:D61V;ORF6:D61D;ORF7a:T11I;ORF7a:T28R;ORF7a:K32*,46,3808,0.0120798319327731,0,
2262026,BA.2_0.02_abundance_0.05,A27259C;T27266C;G27382C;A27383T;T27384C,ORF6:R20R;ORF6:F22S;ORF6:D61H;ORF6:D61V;ORF6:D61D,2198,4736,0.4641047297297297,87,BA.2:61;BA.4:1;BA.4.6.5:2;BG.5:1;BA.2.12.1:11;XBB.1.4:1;BA.2.9:2;BA.4.6:3;BA.2.10:1;BA.2.3.12:2;BA.2.12:1;BA.2.38:1
2262026,BA.2_0.02_abundance_0.05,A27259C;T27266C,ORF6:R20R;ORF6:F22S,158,5072,0.0311514195583596,97,BA.2:62;BA.1:1;BA.4:1;BA.4.6.5:2;BA.1.17:1;BG.5:1;BA.2.12.1:11;XBB.1.4:1;BA.2.9:2;BA.4.6:3;BA.2.10:1;BA.1.1:7;BA.2.3.12:2;BA.2.12:1;BA.2.38:1
2262026,BA.2_0.02_abundance_0.05,T27835G;A27867T;A27868T;G28036A;C28132A,ORF7b:I27S;ORF7b:N38Y;ORF7b:N38I;ORF8:R48K;ORF8:T80K,38,1133,0.0335392762577228,0,
2262026,BA.2_0.02_abundance_0.05,T27835G;A27867T;A27868T;G28036A,ORF7b:I27S;ORF7b:N38Y;ORF7b:N38I;ORF8:R48K,37,2238,0.016532618409294,0,
2262026,BA.2_0.02_abundance_0.05,C28132A;G28276C;G28307A;C28311T;C28397A,ORF8:T80K;N:MX;N:A12T;N:P13L;N:P42T,112,3545,0.0315937940761636,0,
2262026,BA.2_0.02_abundance_0.05,T28570A;A28612T,N:G99G;N:L113L,12,337,0.0356083086053412,1,BA.1:1
2262026,BA.2_0.02_abundance_0.05,T29059A;A29083T;A29150T;A29209G;C29211T;C29323A,N:R262R;N:V270V;N:R293*;N:S312S;N:A313V;N:V350V,58,1456,0.0398351648351648,0,
2262026,BA.2_0.02_abundance_0.05,C29323A;A29356G;T29452G;T29458C;C29498T;A29510C;T29602C;A29618T,N:V350V;N:K361K;N:T393T;N:L395L;N:Q409*;N:S413R;ORF10:S15S;ORF10:M21L,7,183,0.0382513661202185,0,
2262026,BA.2_0.02_abundance_0.05,G29329T;A29510C,N:L352F;N:S413R,9,610,0.0147540983606557,149,BA.2:24;BA.5.1:31;BF.13:12;BA.5.2:24;BA.2.12.1:19;BA.2.12:1;BA.5.5:5;BA.2.9:7;BA.5.2.28:1;BA.5.1.23:1;BA.5.9:2;BA.5.2.1:9;BA.4.1:2;BA.2.10:1;BE.2:1;BA.5.1.18:1;BA.2.3:1;BQ.1.1.1:1;BA.5.1.10:1;BA.5.1.12:1;BF.7:1;BQ.1.1:1;BA.5.2.7:2
2262026,BA.2_0.02_abundance_0.05,A29356G;T29452G;T29458C;C29498T;A29510C;T29602C;A29618T,N:K361K;N:T393T;N:L395L;N:Q409*;N:S413R;ORF10:S15S;ORF10:M21L,14,678,0.0206489675516224,0,
3052026,BA.2_0.02_abundance_0.05,T277C;T322C,ORF1a:L4L;ORF1a:P19P,70,1693,0.041346721795629,0,
3052026,BA.2_0.02_abundance_0.05,T380G;T484C;G495C;G545C;A652C;G663A;T670G,ORF1a:L39V;ORF1a:R73R;ORF1a:R77P;ORF1a:G94R;ORF1a:K129N;ORF1a:G133D;ORF1a:S135R,76,1428,0.0532212885154061,0,
3052026,BA.2_0.02_abundance_0.05,T1030A;T1061C;G1085T;A1120C;A1137C;A1203G;T1216C;C1284A,ORF1a:F255L;ORF1a:F266L;ORF1a:V274L;ORF1a:Q285H;ORF1a:K291T;ORF1a:N313S;ORF1a:L317L;ORF1a:T340N,121,2648,0.0456948640483383,0,
3052026,BA.2_0.02_abundance_0.05,A1866C;A1900T,ORF1a:Y534S;ORF1a:R545R,74,1679,0.0440738534842167,0,
3052026,BA.2_0.02_abundance_0.05,C2065T;T2128G,ORF1a:Y600Y;ORF1a:Y621*,14,333,0.042042042042042,0,
3052026,BA.2_0.02_abundance_0.05,T2868A;A2909T;C2980A;G2993C;C3037T;T3073A,ORF1a:V868E;ORF1a:T882S;ORF1a:Y905*;ORF1a:E910Q;ORF1a:F924F;ORF1a:C936*,7,172,0.0406976744186046,0,
3052026,BA.2_0.02_abundance_0.05,A2905G;C3037T,ORF1a:I880M;ORF1a:F924F,10,195,0.0512820512820512,236,BA.1.1.18:2;BA.1:11;BA.5.2.1:6;AY.20:3;B.1.369:1;BA.2:107;B.1.1.7:10;B.1.561:6;BN.5:1;AY.122:9;BA.1.1:11;AY.79:1;BA.2.9:1;B.1.427:1;BA.2.10:6;AY.4:5;B.1.1.50:5;BA.5.1.5:1;BQ.1.10:1;AY.121:3;AY.25:2;B.1.521:2;AY.14:3;B.1.351:1;AY.43:7;P.1.16:2;AY.103:1;AY.126:1;BA.2.75:1;AY.4.2.1:1;BF.5:1;BF.1:2;BA.5.2:3;AY.122.1:3;AY.3:1;BA.5.5:2;B.1.221:1;BF.7:1;AY.4.2.2:1;BA.2.56:1;BA.2.10.1:1;BA.5.1:1;B.1:1;B.1.1.326:1;BA.4.2:1;AY.42:1;B.1.1.420:1;AY.36.1:1
3052026,BA.2_0.02_abundance_0.05,T3256C;A3336G;A3344G;C3393A;A3414C;G3418C;A3430C;T3454A;G3483C,ORF1a:N997N;ORF1a:E1024G;ORF1a:S1027G;ORF1a:A1043E;ORF1a:K1050T;ORF1a:K1051N;ORF1a:T1055T;ORF1a:V1063V;ORF1a:G1073A,48,1193,0.0402347024308466,0,
3052026,BA.2_0.02_abundance_0.05,T3256C;A3336G;A3344G;C3393A;A3414C;G3418C;A3430C;T3454A;G3483C;T3499G,ORF1a:N997N;ORF1a:E1024G;ORF1a:S1027G;ORF1a:A1043E;ORF1a:K1050T;ORF1a:K1051N;ORF1a:T1055T;ORF1a:V1063V;ORF1a:G1073A;ORF1a:A1078A,9,141,0.0638297872340425,0,
3052026,BA.2_0.02_abundance_0.05,G4694C;C4746T;G4802T;A4957G,ORF1a:V1477L;ORF1a:S1494F;ORF1a:D1513Y;ORF1a:E1564E,13,937,0.0138740661686232,0,
3052026,BA.2_0.02_abundance_0.05,G4694C;C4746T;C4794G;G4802T;A4957G,ORF1a:V1477L;ORF1a:S1494F;ORF1a:S1510C;ORF1a:D1513Y;ORF1a:E1564E,20,937,0.0213447171824973,0,
3052026,BA.2_0.02_abundance_0.05,G4720C;C4794G,ORF1a:A1485A;ORF1a:S1510C,163,1023,0.1593352883675464,0,
3052026,BA.2_0.02_abundance_0.05,C5002T;T5057C;A5146G;T5158A,ORF1a:L1579L;ORF1a:Y1598H;ORF1a:L1627L;ORF1a:A1631A,16,384,0.0416666666666666,0,
3052026,BA.2_0.02_abundance_0.05,A6206G;T6287C;C6318A;G6364T;C6395G;T6407A;C6432G;C6445A;T6489C,ORF1a:K1981E;ORF1a:W2008R;ORF1a:P2018Q;ORF1a:A2033A;ORF1a:L2044V;ORF1a:S2048T;ORF1a:T2056S;ORF1a:D2060E;ORF1a:I2075T,23,790,0.0291139240506329,0,
3052026,BA.2_0.02_abundance_0.05,T6287C;C6318A;G6364T;C6395G;T6407A;C6432G;C6445A;T6489C,ORF1a:W2008R;ORF1a:P2018Q;ORF1a:A2033A;ORF1a:L2044V;ORF1a:S2048T;ORF1a:T2056S;ORF1a:D2060E;ORF1a:I2075T,17,1320,0.0128787878787878,0,
3052026,BA.2_0.02_abundance_0.05,T6448A;T6489C,ORF1a:V2061V;ORF1a:I2075T,38,1321,0.0287660862982588,0,
3052026,BA.2_0.02_abundance_0.05,A6613C;T6614A;C6636G;A6677T;T6736A;T6747G,ORF1a:V2116V;ORF1a:L2117I;ORF1a:T2124S;ORF1a:I2138L;ORF1a:V2157V;ORF1a:L2161*,47,913,0.0514786418400876,0,
3052026,BA.2_0.02_abundance_0.05,A7193C;T7202G;C7254G;C7279G,ORF1a:T2310P;ORF1a:S2313A;ORF1a:A2330G;ORF1a:F2338L,10,195,0.0512820512820512,0,
3052026,BA.2_0.02_abundance_0.05,T7666A;C7688A;G7718C;G7866A;A7896C;C7955T;A7966G,ORF1a:D2467E;ORF1a:L2475I;ORF1a:D2485H;ORF1a:G2534D;ORF1a:D2544A;ORF1a:L2564F;ORF1a:Q2567Q,45,842,0.0534441805225653,0,
3052026,BA.2_0.02_abundance_0.05,C7688A;G7718C;G7866A;A7896C;C7955T;A7966G,ORF1a:L2475I;ORF1a:D2485H;ORF1a:G2534D;ORF1a:D2544A;ORF1a:L2564F;ORF1a:Q2567Q,24,1222,0.0196399345335515,0,
3052026,BA.2_0.02_abundance_0.05,A8636G;G8653C;T8822C;T8902A,ORF1a:T2791A;ORF1a:M2796I;ORF1a:L2853L;ORF1a:G2879G,48,1086,0.0441988950276243,0,
3052026,BA.2_0.02_abundance_0.05,G8653C;T8822C;T8902A,ORF1a:M2796I;ORF1a:L2853L;ORF1a:G2879G,18,1349,0.0133432171979243,0,
3052026,BA.2_0.02_abundance_0.05,A8955C;A8995T;T9043A;A9058G;A9079G;G9128C,ORF1a:Y2897S;ORF1a:T2910T;ORF1a:S2926S;ORF1a:P2931P;ORF1a:V2938V;ORF1a:V2955L,26,608,0.0427631578947368,0,
3052026,BA.2_0.02_abundance_0.05,A9243C;G9269T;G9321C;C9344T;C9402G;G9414A;A9424G;G9463T;T9464G;C9534T,ORF1a:E2993A;ORF1a:G3002C;ORF1a:C3019S;ORF1a:L3027F;ORF1a:S3046C;ORF1a:G3050D;ORF1a:V3053V;ORF1a:R3066S;ORF1a:F3067V;ORF1a:T3090I,5,197,0.0253807106598984,0,
3052026,BA.2_0.02_abundance_0.05,G9269T;G9321C;C9344T;C9402G;G9414A;A9424G;G9463T;T9464G;C9534T,ORF1a:G3002C;ORF1a:C3019S;ORF1a:L3027F;ORF1a:S3046C;ORF1a:G3050D;ORF1a:V3053V;ORF1a:R3066S;ORF1a:F3067V;ORF1a:T3090I,5,325,0.0153846153846153,0,
3052026,BA.2_0.02_abundance_0.05,C9344T;A9424G;T9440C,ORF1a:L3027F;ORF1a:V3053V;ORF1a:C3059R,5,381,0.0131233595800524,2,BE.1:1;BA.2:1
3052026,BA.2_0.02_abundance_0.05,C9344T;A9424G;T9440C;C9534T,ORF1a:L3027F;ORF1a:V3053V;ORF1a:C3059R;ORF1a:T3090I,28,326,0.0858895705521472,2,BE.1:1;BA.2:1
3052026,BA.2_0.02_abundance_0.05,C9534T;T9728A,ORF1a:T3090I;ORF1a:W3155R,217,3213,0.0675381263616557,0,
3052026,BA.2_0.02_abundance_0.05,C9534T;C9592G;T9818A,ORF1a:T3090I;ORF1a:Y3109*;ORF1a:L3185I,47,1602,0.029338327091136,0,
3052026,BA.2_0.02_abundance_0.05,C9534T;C9592G,ORF1a:T3090I;ORF1a:Y3109*,103,3452,0.0298377752027809,0,
3052026,BA.2_0.02_abundance_0.05,C9534T;G9807A,ORF1a:T3090I;ORF1a:C3181Y,98,2872,0.0341225626740947,1,BE.1.1:1
3052026,BA.2_0.02_abundance_0.05,C9534T;C9592G;T9818A;T9823A,ORF1a:T3090I;ORF1a:Y3109*;ORF1a:L3185I;ORF1a:N3186K,26,605,0.0429752066115702,0,
3052026,BA.2_0.02_abundance_0.05,C10029T;G9849T,ORF1a:T3255I;ORF1a:S3195I,8,22,0.3636363636363636,4,AY.103:1;BA.2:1;BA.1.1:2
3052026,BA.2_0.02_abundance_0.05,C10419T;G10444C;G10447A;C10449A;T10534C;C10544T;G10574A;G10575C;T10598A,ORF1a:P3385L;ORF1a:M3393I;ORF1a:R3394R;ORF1a:P3395H;ORF1a:C3423C;ORF1a:H3427Y;ORF1a:G3437S;ORF1a:G3437A;ORF1a:Y3445N,28,580,0.0482758620689655,0,
3052026,BA.2_0.02_abundance_0.05,G10850C;G10953T,ORF1a:A3529P;ORF1a:C3563F,11,740,0.0148648648648648,0,
3052026,BA.2_0.02_abundance_0.05,G10850C;G10953T;C11003A;T11038C,ORF1a:A3529P;ORF1a:C3563F;ORF1a:H3580N;ORF1a:L3591L,7,177,0.03954802259887,0,
3052026,BA.2_0.02_abundance_0.05,G10850C;G10953T;C11003A,ORF1a:A3529P;ORF1a:C3563F;ORF1a:H3580N,15,737,0.0203527815468114,0,
3052026,BA.2_0.02_abundance_0.05,T11038C;G11055A;T11110G;G11114A;T11129C;A11279G;A11302C;C11345A,ORF1a:L3591L;ORF1a:S3597N;ORF1a:A3615A;ORF1a:G3617S;ORF1a:S3622P;ORF1a:T3672A;ORF1a:L3679L;ORF1a:L3694I,10,509,0.0196463654223968,0,
3052026,BA.2_0.02_abundance_0.05,G11161A;T11215C,ORF1a:K3632K;ORF1a:F3650F,80,1068,0.0749063670411985,0,
3052026,BA.2_0.02_abundance_0.05,T11215C;T11366C,ORF1a:F3650F;ORF1a:Y3701H,7,57,0.1228070175438596,0,
3052026,BA.2_0.02_abundance_0.05,C11345A;A11519G,ORF1a:L3694I;ORF1a:M3752V,12,587,0.0204429301533219,0,
3052026,BA.2_0.02_abundance_0.05,C11345A;T11366C;A11519G,ORF1a:L3694I;ORF1a:Y3701H;ORF1a:M3752V,18,587,0.0306643952299829,0,
3052026,BA.2_0.02_abundance_0.05,T11366C;A11519G,ORF1a:Y3701H;ORF1a:M3752V,13,1001,0.0129870129870129,0,
3052026,BA.2_0.02_abundance_0.05,A11749T;G11800C,ORF1a:L3828L;ORF1a:L3845F,45,931,0.0483351235230934,0,
3052026,BA.2_0.02_abundance_0.05,G11926C;C12043G;A12063G;A12065T;G12104T;G12185C;T12214G;A12219C,ORF1a:L3887F;ORF1a:D3926E;ORF1a:E3933G;ORF1a:M3934L;ORF1a:E3947*;ORF1a:E3974Q;ORF1a:S3983S;ORF1a:N3985T,43,773,0.055627425614489,0,
3052026,BA.2_0.02_abundance_0.05,G11926C;C12043G;A12063G;A12065T;G12104T;G12185C;T12214G,ORF1a:L3887F;ORF1a:D3926E;ORF1a:E3933G;ORF1a:M3934L;ORF1a:E3947*;ORF1a:E3974Q;ORF1a:S3983S,46,1881,0.024455077086656,0,
3052026,BA.2_0.02_abundance_0.05,G11926C;C12043G;A12063G;A12065T;G12104T;G12185C,ORF1a:L3887F;ORF1a:D3926E;ORF1a:E3933G;ORF1a:M3934L;ORF1a:E3947*;ORF1a:E3974Q,49,2778,0.0176385889128869,0,
3052026,BA.2_0.02_abundance_0.05,G12185C;T12214G;A12219C;G12278C;A12324G;G12382T;G12386A;A12422G;G12428A,ORF1a:E3974Q;ORF1a:S3983S;ORF1a:N3985T;ORF1a:A4005P;ORF1a:D4020G;ORF1a:K4039N;ORF1a:D4041N;ORF1a:R4053G;ORF1a:G4055S,21,375,0.056,0,
3052026,BA.2_0.02_abundance_0.05,T12711G;A12719T,ORF1a:L4149R;ORF1a:M4152L,37,2456,0.0150651465798045,0,
3052026,BA.2_0.02_abundance_0.05,T12799C;T12851G;T12862A;C12880A;T12908G;A12928G;C12970G,ORF1a:G4178G;ORF1a:F4196V;ORF1a:S4199R;ORF1a:I4205I;ORF1a:F4215V;ORF1a:K4221K;ORF1a:N4235K,75,1618,0.0463535228677379,0,
3052026,BA.2_0.02_abundance_0.05,T12856C;C12880T,ORF1a:P4197P;ORF1a:I4205I,237,1726,0.1373117033603708,63,XBD:11;BA.5.2:2;BA.2:30;BA.4.1:1;BA.2.10:1;BA.5.2.1:14;BE.1.1:1;BA.2.12.1:1;BA.5.1.25:1;BA.5.1:1
3052026,BA.2_0.02_abundance_0.05,C13072A;C13130G;T13250G;G13287A,ORF1a:F4269L;ORF1a:Q4289E;ORF1a:Y4329D;ORF1a:G4341E,12,213,0.056338028169014,0,
3052026,BA.2_0.02_abundance_0.05,A14010C;G14044C;T14094A;G14197T;C14204A;T14221A;T14222C,ORF1b:V181V;ORF1b:V193L;ORF1b:D209E;ORF1b:A244S;ORF1b:S246*;ORF1b:L252I;ORF1b:L252S,13,836,0.0155502392344497,0,
3052026,BA.2_0.02_abundance_0.05,A14010C;G14044C;T14094A;G14197T;C14204A;T14221A;T14222C;G14244A,ORF1b:V181V;ORF1b:V193L;ORF1b:D209E;ORF1b:A244S;ORF1b:S246*;ORF1b:L252I;ORF1b:L252S;ORF1b:W259*,28,783,0.0357598978288633,0,
3052026,BA.2_0.02_abundance_0.05,C14076T;G14244A,ORF1b:L203L;ORF1b:W259*,305,783,0.3895274584929757,0,
3052026,BA.2_0.02_abundance_0.05,C14076T;A14125T,ORF1b:L203L;ORF1b:S220C,15,898,0.0167037861915367,0,
3052026,BA.2_0.02_abundance_0.05,C14076T;A14125T;G14244A,ORF1b:L203L;ORF1b:S220C;ORF1b:W259*,22,783,0.0280970625798212,0,
3052026,BA.2_0.02_abundance_0.05,G14244A;C14408T,ORF1b:W259*;ORF1b:P314L,287,401,0.71571072319202,2,AY.24:1;B.1.1.519:1
3052026,BA.2_0.02_abundance_0.05,G14244A;C14408T;A14412G,ORF1b:W259*;ORF1b:P314L;ORF1b:T315T,9,401,0.0224438902743142,0,
3052026,BA.2_0.02_abundance_0.05,A14634G;C14670G;T14684C;T14704C;C14768G;G14773T;C14842A;T14855G,ORF1b:V389V;ORF1b:V401V;ORF1b:F406S;ORF1b:F413L;ORF1b:A434G;ORF1b:D436Y;ORF1b:Q459K;ORF1b:V463G,46,1317,0.034927866362946,0,
3052026,BA.2_0.02_abundance_0.05,A14634G;C14670G;T14684C;T14704C;C14768G;G14773T;C14842A;T14855G;T14892G,ORF1b:V389V;ORF1b:V401V;ORF1b:F406S;ORF1b:F413L;ORF1b:A434G;ORF1b:D436Y;ORF1b:Q459K;ORF1b:V463G;ORF1b:D475E,13,242,0.0537190082644628,0,
3052026,BA.2_0.02_abundance_0.05,T15244A;G15268T;T15281G;A15283T;C15319G;G15446A,ORF1b:L593I;ORF1b:E601*;ORF1b:L605R;ORF1b:M606L;ORF1b:P618A;ORF1b:C660Y,52,1710,0.0304093567251462,0,
3052026,BA.2_0.02_abundance_0.05,T15244A;G15268T;T15281G;A15283T;A15302T;C15319G;G15446A,ORF1b:L593I;ORF1b:E601*;ORF1b:L605R;ORF1b:M606L;ORF1b:K612I;ORF1b:P618A;ORF1b:C660Y,23,1710,0.0134502923976608,0,
3052026,BA.2_0.02_abundance_0.05,A15554C;G15658T;C15680A;T15682C;C15714T;G15724T;T15784G;A15831G,ORF1b:N696T;ORF1b:D731Y;ORF1b:A738E;ORF1b:Y739H;ORF1b:L749L;ORF1b:A753S;ORF1b:F773V;ORF1b:A788A,134,3360,0.0398809523809523,0,
3052026,BA.2_0.02_abundance_0.05,G15602C;C15714T,ORF1b:R712P;ORF1b:L749L,435,3801,0.1144435674822415,1,BF.5:1
3052026,BA.2_0.02_abundance_0.05,G15602C;C15714T;G15727T,ORF1b:R712P;ORF1b:L749L;ORF1b:V754F,111,3551,0.0312588003379329,0,
3052026,BA.2_0.02_abundance_0.05,C15714T;G15727T,ORF1b:L749L;ORF1b:V754F,606,3554,0.1705120990433314,20,BA.5.5:3;BA.2.5:9;BA.5.2.1:1;BA.2:3;BF.14:1;BA.5.1:1;BA.5.2:1;BA.2.21:1
3052026,BA.2_0.02_abundance_0.05,T15915A;A15948C;T15978C;A16108T;T16124G,ORF1b:D816E;ORF1b:R827S;ORF1b:D837D;ORF1b:K881*;ORF1b:L886*,60,1146,0.0523560209424083,0,
3052026,BA.2_0.02_abundance_0.05,C16215G;G16259C;A16296C;G16336T;A16421C;C16443G,ORF1b:Y916*;ORF1b:C931S;ORF1b:I943I;ORF1b:V957F;ORF1b:Q985P;ORF1b:S992R,7,332,0.0210843373493975,0,
3052026,BA.2_0.02_abundance_0.05,C16215G;G16259C;A16296C;G16336T;A16421C,ORF1b:Y916*;ORF1b:C931S;ORF1b:I943I;ORF1b:V957F;ORF1b:Q985P,7,335,0.0208955223880597,0,
3052026,BA.2_0.02_abundance_0.05,A16417T;C16443G,ORF1b:T984S;ORF1b:S992R,34,332,0.1024096385542168,0,
3052026,BA.2_0.02_abundance_0.05,C16630A;T16678G,ORF1b:L1055I;ORF1b:S1071A,5,269,0.0185873605947955,0,
3052026,BA.2_0.02_abundance_0.05,T16820G;T16834A;T16854A;A16981T,ORF1b:I1118R;ORF1b:F1123I;ORF1b:G1129G;ORF1b:I1172F,78,1632,0.0477941176470588,0,
3052026,BA.2_0.02_abundance_0.05,C17125A;A17187G;A17289T;C17372T;C17410T,ORF1b:L1220I;ORF1b:L1240L;ORF1b:T1274T;ORF1b:A1302V;ORF1b:R1315C,50,1283,0.0389711613406079,0,
3052026,BA.2_0.02_abundance_0.05,C17125A;A17187G;A17289T;C17372T,ORF1b:L1220I;ORF1b:L1240L;ORF1b:T1274T;ORF1b:A1302V,22,1941,0.011334363730036,0,
3052026,BA.2_0.02_abundance_0.05,G17140T;C17410T,ORF1b:A1225S;ORF1b:R1315C,192,1283,0.1496492595479345,54,BA.2:15;XBB.1.4.1:2;BA.2.75:3;BA.5.2:3;BA.2.12.1:6;BA.2.9:3;BA.5.1.1:1;BA.5.2.22:3;BE.1:3;BA.5.2.1:1;BA.5.6:2;BA.5:1;BE.1.1:2;BF.20:1;BF.5:1;BA.5.1.10:1;BQ.1.1:1;BA.5.1:2;BQ.1.2:1;BQ.1.8:1;BF.7:1
3052026,BA.2_0.02_abundance_0.05,C17410T;C17430G;G17596C;C17597A;A17629G;T17670G;A17691C;A17697G,ORF1b:R1315C;ORF1b:Y1321*;ORF1b:A1377P;ORF1b:A1377D;ORF1b:K1388E;ORF1b:G1401G;ORF1b:S1408S;ORF1b:A1410A,19,354,0.0536723163841807,0,
3052026,BA.2_0.02_abundance_0.05,C17430G;G17596C;C17597A;A17629G;T17670G;A17691C;A17697G,ORF1b:Y1321*;ORF1b:A1377P;ORF1b:A1377D;ORF1b:K1388E;ORF1b:G1401G;ORF1b:S1408S;ORF1b:A1410A,123,2797,0.0439756882373972,0,
3052026,BA.2_0.02_abundance_0.05,G18049T;G18090C;C18094T;A18116T;T18132G;A18153C;T18156G;A18163G;T18164C;G18194A;T18200A;A18272C,ORF1b:V1528L;ORF1b:G1541G;ORF1b:H1543Y;ORF1b:H1550L;ORF1b:T1555T;ORF1b:L1562F;ORF1b:C1563W;ORF1b:I1566V;ORF1b:I1566T;ORF1b:R1576K;ORF1b:L1578H;ORF1b:E1602A,50,1092,0.0457875457875457,0,
3052026,BA.2_0.02_abundance_0.05,A18163G;T18209G,ORF1b:I1566V;ORF1b:M1581R,423,1185,0.3569620253164557,2,BA.1.1.1:2
3052026,BA.2_0.02_abundance_0.05,C18356T;A18378C;T18537A;A18556G;G18578C;A18611G;T18621A,ORF1b:P1630L;ORF1b:T1637T;ORF1b:I1690I;ORF1b:T1697A;ORF1b:R1704T;ORF1b:E1715G;ORF1b:S1718S,30,940,0.0319148936170212,0,
3052026,BA.2_0.02_abundance_0.05,C18356T;A18378C;T18537A;A18556G;G18578C;A18611G;T18621A;A18639T,ORF1b:P1630L;ORF1b:T1637T;ORF1b:I1690I;ORF1b:T1697A;ORF1b:R1704T;ORF1b:E1715G;ORF1b:S1718S;ORF1b:K1724N,7,125,0.056,0,
3052026,BA.2_0.02_abundance_0.05,T18465A;C18617G,ORF1b:P1666P;ORF1b:T1717R,39,987,0.0395136778115501,0,
3052026,BA.2_0.02_abundance_0.05,T18621A;A18639T;C18681T;C18860A;T18866G;C18894G;C18917T,ORF1b:S1718S;ORF1b:K1724N;ORF1b:A1738A;ORF1b:A1798E;ORF1b:M1800R;ORF1b:C1809W;ORF1b:T1817I,7,159,0.0440251572327044,0,
3052026,BA.2_0.02_abundance_0.05,A18639T;C18681T;C18860A;T18866G;C18894G;C18917T,ORF1b:K1724N;ORF1b:A1738A;ORF1b:A1798E;ORF1b:M1800R;ORF1b:C1809W;ORF1b:T1817I,128,2442,0.0524160524160524,0,
3052026,BA.2_0.02_abundance_0.05,C19152A;C19245A,ORF1b:A1895A;ORF1b:D1926E,7,107,0.0654205607476635,0,
3052026,BA.2_0.02_abundance_0.05,C19152A;C19245A;T19260G,ORF1b:A1895A;ORF1b:D1926E;ORF1b:S1931S,5,41,0.1219512195121951,0,
3052026,BA.2_0.02_abundance_0.05,T20520A;T20526G;A20546C;T20573A;A20593C;G20672T,ORF1b:D2351E;ORF1b:F2353L;ORF1b:Q2360P;ORF1b:V2369D;ORF1b:T2376P;ORF1b:W2402L,31,812,0.0381773399014778,0,
3052026,BA.2_0.02_abundance_0.05,T20911A;C21013T;A21027T;G21044A;C21092G;T21111C,ORF1b:L2482I;ORF1b:H2516Y;ORF1b:K2520N;ORF1b:S2526N;ORF1b:S2542C;ORF1b:T2548T,100,1910,0.0523560209424083,0,
3052026,BA.2_0.02_abundance_0.05,A21215G;G21227A;G21296T;C21304T;G21305C;G21316T,ORF1b:H2583R;ORF1b:W2587*;ORF1b:G2610V;ORF1b:R2613C;ORF1b:R2613P;ORF1b:D2617Y,6,291,0.0206185567010309,0,
3052026,BA.2_0.02_abundance_0.05,T21752A;T21773C;T21813A;T21823C;A21845C;A21884G;A21900C;C21978T;A21979T;T21980G;G21987A,S:W64R;S:S71P;S:L84Q;S:N87N;S:T95P;S:T108A;S:K113T;S:P139L;S:P139P;S:F140V;S:G142D,13,625,0.0208,0,
3052026,BA.2_0.02_abundance_0.05,T21752A;T21773C;T21813A;T21823C;A21845C;A21884G;A21900C;T21921A;C21978T;A21979T;T21980G;G21987A,S:W64R;S:S71P;S:L84Q;S:N87N;S:T95P;S:T108A;S:K113T;S:V120D;S:P139L;S:P139P;S:F140V;S:G142D,10,625,0.016,0,
3052026,BA.2_0.02_abundance_0.05,T21771C;G21987A,S:V70A;S:G142D,11,625,0.0176,617,AY.43:2;BA.4:1;BA.2.32:8;BA.2.9:38;AY.98:15;AY.122:3;BA.2:438;AY.103:6;BA.2.3:30;AY.4.2:3;AY.23:1;AY.4:17;AY.4.2.2:1;BA.2.25:1;BA.5.5:1;BA.2.75:2;BA.5.1.24:1;AY.126:1;BA.2.9.5:4;BA.5.8:1;BQ.1.1.20:1;BA.1:1;AY.44:5;AY.25.1:1;BA.5.2.1:5;BA.2.12:1;BA.2.12.1:4;AY.34.1:1;BA.2.60:1;AY.39:2;BA.4.1:1;AY.3:5;BA.2.31.1:1;AY.100:8;BA.2.76:1;AY.36:1;BA.2.3.9:2;BA.2.10.2:1;AY.120.1:1
3052026,BA.2_0.02_abundance_0.05,T21921A;G21987A,S:V120D;S:G142D,175,625,0.28,4,AY.127:1;BA.1.1:1;AY.26:1;BA.5:1
3052026,BA.2_0.02_abundance_0.05,A22041G;T22200G,S:Y160C;S:V213G,509,1198,0.4248747913188648,1,BA.2.76:1
3052026,BA.2_0.02_abundance_0.05,A22041G;A22167T;T22200G,S:Y160C;S:K202I;S:V213G,18,1198,0.015025041736227,0,
3052026,BA.2_0.02_abundance_0.05,A22167T;T22200G,S:K202I;S:V213G,14,1198,0.011686143572621,1,CM.8:1
3052026,BA.2_0.02_abundance_0.05,G22578A;C22674T;T22679C;C22686T;A22688G;G22775A;A22786C;G22813T;T22825G,S:G339D;S:S371F;S:S373P;S:S375F;S:T376A;S:D405N;S:R408S;S:K417N;S:Y421*,375,767,0.4889178617992177,0,
3052026,BA.2_0.02_abundance_0.05,T22825G;T22882G;G22992A;C22995A;A23013C;A23040G;A23063T;T23075C,S:Y421*;S:N440K;S:S477N;S:T478K;S:E484A;S:Q493R;S:N501Y;S:Y505H,13,49,0.2653061224489796,0,
3052026,BA.2_0.02_abundance_0.05,T22882G;G22992A;C22995A;A23013C;A23040G;A23063T;T23075C;T23084A,S:N440K;S:S477N;S:T478K;S:E484A;S:Q493R;S:N501Y;S:Y505H;S:Y508N,85,470,0.1808510638297872,0,
3052026,BA.2_0.02_abundance_0.05,T22882G;A22935G;G22992A;C22995A;A23013C;A23040G;A23063T;T23075C,S:N440K;S:K458R;S:S477N;S:T478K;S:E484A;S:Q493R;S:N501Y;S:Y505H,14,470,0.0297872340425531,7,BA.2:2;BA.1.15:1;BA.2.12.1:2;BA.2.9:1;BA.1.1:1
3052026,BA.2_0.02_abundance_0.05,G23273A;A23295C;C23297G;T23346C;T23374A;A23403G;G23429A;G23478A;A23484G,S:D571N;S:D578A;S:P579A;S:V595A;S:T604T;S:D614G;S:A623T;S:G639D;S:N641S,20,340,0.0588235294117647,0,
3052026,BA.2_0.02_abundance_0.05,G23273A;A23295C;C23297G;T23346C;T23374A;A23403G;G23429A,S:D571N;S:D578A;S:P579A;S:V595A;S:T604T;S:D614G;S:A623T,16,1063,0.0150517403574788,0,
3052026,BA.2_0.02_abundance_0.05,G23273A;A23295C;C23297G;T23346C;T23374A;A23403G;G23429A;G23478A,S:D571N;S:D578A;S:P579A;S:V595A;S:T604T;S:D614G;S:A623T;S:G639D,25,768,0.0325520833333333,0,
3052026,BA.2_0.02_abundance_0.05,G23273A;A23295C;C23297G;T23346C,S:D571N;S:D578A;S:P579A;S:V595A,13,1162,0.0111876075731497,0,
3052026,BA.2_0.02_abundance_0.05,G23343T;G23351T;A23403G,S:G594V;S:V597F;S:D614G,12,1064,0.0112781954887218,0,
3052026,BA.2_0.02_abundance_0.05,G23343T;A23403G,S:G594V;S:D614G,36,1064,0.0338345864661654,27,B.1.617.1:1;AY.3:6;AY.122:3;AY.92:3;B.1.1.7:5;AY.4:1;AY.44:1;AY.45:1;B.1:1;B.1.623:1;AY.42:1;B.1.1.519:2;P.1.16:1
3052026,BA.2_0.02_abundance_0.05,G23351T;A23403G,S:V597F;S:D614G,203,1064,0.1907894736842105,2,AY.103:1;B.1.2:1
3052026,BA.2_0.02_abundance_0.05,G23351T;C23381T;A23403G,S:V597F;S:Q607*;S:D614G,23,1064,0.0216165413533834,0,
3052026,BA.2_0.02_abundance_0.05,C23381T;A23403G,S:Q607*;S:D614G,60,1064,0.056390977443609,1,B.1.609:1
3052026,BA.2_0.02_abundance_0.05,A23550C;T23599G;C23604A;G23790T,S:D663A;S:N679K;S:P681H;S:C743F,19,159,0.1194968553459119,0,
3052026,BA.2_0.02_abundance_0.05,A23550C;T23599G;C23604A,S:D663A;S:N679K;S:P681H,10,178,0.0561797752808988,0,
3052026,BA.2_0.02_abundance_0.05,T23599G;C23604A;G23790T,S:N679K;S:P681H;S:C743F,74,159,0.4654088050314465,24,BF.24:1;BA.2:5;BA.1.1:8;BA.1.15:1;BA.1:3;BA.1.1.1:4;BA.2.3:1;BA.1.17:1
3052026,BA.2_0.02_abundance_0.05,T23599G;C23604A;A23690T;G23790T,S:N679K;S:P681H;S:N710Y;S:C743F,8,159,0.050314465408805,0,
3052026,BA.2_0.02_abundance_0.05,C23844T;T23850A;C23854A;T23875C;A23899C;T23943C;G23948T;T23959G;T23967A;A24002T;T24091A,S:T761I;S:L763*;S:N764K;S:A771A;S:Q779H;S:I794T;S:D796Y;S:G799G;S:F802Y;S:K814*;S:D843E,39,804,0.0485074626865671,0,
3052026,BA.2_0.02_abundance_0.05,C23854A;C23865A;G23948T,S:N764K;S:T768N;S:D796Y,101,866,0.1166281755196304,836,BA.2.9.5:27;BA.2.9:641;BA.1:5;BA.5:4;BA.2:89;BA.1.17.2:5;BA.2.9.3:1;BA.1.1.18:2;BA.5.2:10;BA.4.6:2;BA.2.10:5;BA.1.1:16;BA.5.1:5;BA.2.37:2;BQ.1.1:2;BE.3:1;BF.7:1;BA.1.20:1;BA.5.2.1:1;BA.2.3.1:1;BA.2.12.1:1;BA.1.1.2:3;BA.2.14:1;BA.5.5:1;BA.1.17:1;BA.5.2.22:1;BA.2.36:1;BA.1.1.4:2;BA.2.45:2;BA.5.9:1;BA.1.15:1
3052026,BA.2_0.02_abundance_0.05,T24447G;T24460G;T24469A;T24511A;T24622C;C24632G;A24674G,S:L962R;S:L966L;S:N969K;S:R983R;S:A1020A;S:L1024V;S:K1038E,51,1149,0.0443864229765013,0,
3052026,BA.2_0.02_abundance_0.05,T24951A;A24952C;C25000T,S:I1130K;S:I1130I;S:D1146D,81,1717,0.0471753057658707,0,
3052026,BA.2_0.02_abundance_0.05,C25069A;A25105T;A25109T;G25112C;T25150A;C25275A,S:I1169I;S:K1181N;S:I1183F;S:D1184H;S:S1196S;S:T1238N,10,147,0.0680272108843537,0,
3052026,BA.2_0.02_abundance_0.05,A25368C;T25402C;T25529A;A25591G;G25599C;A25602C,S:K1269T;ORF3a:F4L;ORF3a:L46H;ORF3a:K67E;ORF3a:W69C;ORF3a:Q70H,44,859,0.0512223515715948,0,
3052026,BA.2_0.02_abundance_0.05,A25664G;C25685G;T25707G;T25722C;T25813G;A25826C;T25870G;T25887A;T25893A;C25924A,ORF3a:Y91C;ORF3a:A98G;ORF3a:F105L;ORF3a:A110A;ORF3a:Y141D;ORF3a:Y145S;ORF3a:Y160D;ORF3a:S165S;ORF3a:I167I;ORF3a:P178T,26,388,0.0670103092783505,0,
3052026,BA.2_0.02_abundance_0.05,T25837C;C25914G,ORF3a:W149R;ORF3a:G174G,13,389,0.0334190231362467,0,
3052026,BA.2_0.02_abundance_0.05,G26257C;C26270T;G26526T,E:V5L;E:T9I;M:A2S,77,1157,0.0665514261019879,0,
3052026,BA.2_0.02_abundance_0.05,T26572G;C26577G;T26657G;G26709A;C26858T,M:L17R;M:Q19E;M:F45L;M:A63T;M:F112F,147,3283,0.044776119402985,0,
3052026,BA.2_0.02_abundance_0.05,T26572G;C26577G;A26583G;T26657G;G26709A;C26858T,M:L17R;M:Q19E;M:N21D;M:F45L;M:A63T;M:F112F,77,3283,0.0234541577825159,0,
3052026,BA.2_0.02_abundance_0.05,T26572G;C26577G;G26709A;C26858T,M:L17R;M:Q19E;M:A63T;M:F112F,63,3283,0.0191897654584221,0,
3052026,BA.2_0.02_abundance_0.05,C26577G;A26583G;T26657G;G26709A,M:Q19E;M:N21D;M:F45L;M:A63T,87,3759,0.023144453312051,0,
3052026,BA.2_0.02_abundance_0.05,C26577G;T26657G;G26709A,M:Q19E;M:F45L;M:A63T,160,3759,0.0425645118382548,4,BA.2.9:3;BA.1.1:1
3052026,BA.2_0.02_abundance_0.05,C26577G;A26583G;T26657G;G26709A;C26858T,M:Q19E;M:N21D;M:F45L;M:A63T;M:F112F,461,3283,0.1404203472433749,0,
3052026,BA.2_0.02_abundance_0.05,C26577G;T26657G;G26709A;C26858T,M:Q19E;M:F45L;M:A63T;M:F112F,1018,3283,0.3100822418519646,3,BA.2.9:3
3052026,BA.2_0.02_abundance_0.05,C26577G;T26657G;G26709A;C26858T;A26859C,M:Q19E;M:F45L;M:A63T;M:F112F;M:N113H,90,3245,0.0277349768875192,0,
3052026,BA.2_0.02_abundance_0.05,C26577G;G26709A;A26751T;C26858T,M:Q19E;M:A63T;M:T77S;M:F112F,65,3283,0.0197989643618641,9,BN.1.2:1;BA.2:7;BA.2.12.1:1
3052026,BA.2_0.02_abundance_0.05,C26577G;A26583G;G26709A;C26858T,M:Q19E;M:N21D;M:A63T;M:F112F,208,3283,0.0633566859579652,17,BA.2:15;BA.2.81:1;BA.2.12.1:1
3052026,BA.2_0.02_abundance_0.05,C26577G;T26657G;G26709A;A26751T;C26858T,M:Q19E;M:F45L;M:A63T;M:T77S;M:F112F,133,3283,0.0405117270788912,0,
3052026,BA.2_0.02_abundance_0.05,C26577G;A26583G;T26657G;G26709A;A26751T;C26858T,M:Q19E;M:N21D;M:F45L;M:A63T;M:T77S;M:F112F,81,3283,0.0246725555893999,0,
3052026,BA.2_0.02_abundance_0.05,C26577G;T26657G;G26709A;T26715C;C26858T,M:Q19E;M:F45L;M:A63T;M:F65L;M:F112F,85,3283,0.0258909533962838,0,
3052026,BA.2_0.02_abundance_0.05,C26577G;A26583G;G26709A,M:Q19E;M:N21D;M:A63T,38,3759,0.0101090715615855,31,BA.2:16;BA.1:4;BA.2.81:1;BA.1.14:1;BA.1.1:3;BA.5.2.1:1;BA.1.17.2:1;BA.1.1.2:1;BA.1.16:1;BE.1:1;BA.2.12.1:1
3052026,BA.2_0.02_abundance_0.05,C26577G;G26709A;T26715C;C26858T,M:Q19E;M:A63T;M:F65L;M:F112F,35,3283,0.0106609808102345,0,
3052026,BA.2_0.02_abundance_0.05,C26577G;G26709A;C26858T;A26859C,M:Q19E;M:A63T;M:F112F;M:N113H,34,3245,0.010477657935285,0,
3052026,BA.2_0.02_abundance_0.05,C26577G;A26583G;T26657G;G26709A;C26858T;A26859C,M:Q19E;M:N21D;M:F45L;M:A63T;M:F112F;M:N113H,41,3245,0.0126348228043143,0,
3052026,BA.2_0.02_abundance_0.05,C26577G;A26583G;T26657G;G26709A;T26715C;C26858T,M:Q19E;M:N21D;M:F45L;M:A63T;M:F65L;M:F112F,37,3283,0.0112701797136765,0,
3052026,BA.2_0.02_abundance_0.05,T27181C;G27382C;A27383T;T27384C,M:L220P;ORF6:D61H;ORF6:D61V;ORF6:D61D,353,585,0.6034188034188034,0,
3052026,BA.2_0.02_abundance_0.05,T27181C;G27204A;T27257G;A27301T;G27337C;C27352A;G27361T;G27382C;A27383T;T27384C;C27425T;C27476G;A27487T;C27493T,M:L220P;ORF6:MX;ORF6:M19R;ORF6:N34Y;ORF6:E46Q;ORF6:Q51K;ORF6:E54*;ORF6:D61H;ORF6:D61V;ORF6:D61D;ORF7a:T11I;ORF7a:T28R;ORF7a:K32*;ORF7a:P34S,8,302,0.0264900662251655,0,
3052026,BA.2_0.02_abundance_0.05,G27204A;T27257G;A27301T;G27337C;C27352A;G27361T;G27382C;A27383T;T27384C;C27425T;C27476G;A27487T;C27493T,ORF6:MX;ORF6:M19R;ORF6:N34Y;ORF6:E46Q;ORF6:Q51K;ORF6:E54*;ORF6:D61H;ORF6:D61V;ORF6:D61D;ORF7a:T11I;ORF7a:T28R;ORF7a:K32*;ORF7a:P34S,16,442,0.0361990950226244,0,
3052026,BA.2_0.02_abundance_0.05,T27835G;A27867T;A27868T;G28036A;C28132A,ORF7b:I27S;ORF7b:N38Y;ORF7b:N38I;ORF8:R48K;ORF8:T80K,31,541,0.0573012939001848,0,
3052026,BA.2_0.02_abundance_0.05,T27835G;A27867T;A27868T;G28036A,ORF7b:I27S;ORF7b:N38Y;ORF7b:N38I;ORF8:R48K,33,1117,0.0295434198746642,0,
3052026,BA.2_0.02_abundance_0.05,C28132A;G28276C;G28307A;C28311T;C28397A,ORF8:T80K;N:MX;N:A12T;N:P13L;N:P42T,113,2487,0.0454362685967028,0,
3052026,BA.2_0.02_abundance_0.05,T28149C;C28311T,ORF8:F86L;N:P13L,99,2666,0.0371342835708927,135,BQ.1.1:1;BA.1.17.2:44;BF.6:4;BA.2:10;BA.5.3.1:4;BA.4.6:4;BA.1.1.1:1;BA.2.12.1:2;BA.5.2:4;BA.1.1:21;BA.5.6:5;BA.2.5:1;BF.3:1;C.37:3;BA.5.3.3:1;BA.5.2.44:2;BA.1.1.18:2;BA.5.2.1:1;BA.5.5:9;BA.5.2.23:1;BA.5.1.1:3;BA.1.18:3;BF.10:1;BA.5.1.5:2;BA.2.65:1;BA.1.15:2;BE.3:1;BQ.1.3:1
3052026,BA.2_0.02_abundance_0.05,T28726G;A28733C;T28825G;C28876A;G28881A;G28882A;G28883C;C28932T;C28961A;A29012G,N:P151P;N:N154H;N:S184S;N:S201R;N:R203K;N:R203R;N:G204R;N:A220V;N:L230I;N:T247A,27,709,0.0380818053596615,0,
3052026,BA.2_0.02_abundance_0.05,A29012G;T29059A;A29083T;A29150T;A29209G;C29211T;C29323A,N:T247A;N:R262R;N:V270V;N:R293*;N:S312S;N:A313V;N:V350V,5,91,0.0549450549450549,0,
3052026,BA.2_0.02_abundance_0.05,T29059A;A29083T;A29150T;A29209G;C29211T;C29323A,N:R262R;N:V270V;N:R293*;N:S312S;N:A313V;N:V350V,52,985,0.0527918781725888,0,
3052026,BA.2_0.02_abundance_0.05,C29323A;A29356G;T29452G;T29458C;C29498T;A29510C;T29602C;A29618T;A29630G,N:V350V;N:K361K;N:T393T;N:L395L;N:Q409*;N:S413R;ORF10:S15S;ORF10:M21L;ORF10:N25D,16,322,0.0496894409937888,0,
3052026,BA.2_0.02_abundance_0.05,A29356G;T29452G;T29458C;C29498T;A29510C;T29602C;A29618T;A29630G,N:K361K;N:T393T;N:L395L;N:Q409*;N:S413R;ORF10:S15S;ORF10:M21L;ORF10:N25D,27,1027,0.0262901655306718,0,
