Date,Site,Nt Mutations,AA Mutations,Support DP,Total DP,Combined Freq,Overall Occurrence,Lineage Occurrence
1012026,BA.2_0.04_abundance_0.15,T402A;A538G;T670G,ORF1a:L46H;ORF1a:E91E;ORF1a:S135R,75,6162,0.0121713729308666,0,
1012026,BA.2_0.04_abundance_0.15,A538G;T670G,ORF1a:E91E;ORF1a:S135R,3088,6162,0.5011359948068809,132,BA.2:58;CM.4:9;BA.2.12.1:12;BA.2.75:6;BF.27:3;BA.5.2:7;BA.5.5:1;BE.1.4.1:1;BA.5.1.10:2;BA.5.2.1:13;BA.2.9:5;BF.7:1;BA.4:1;CA.3:1;BA.5.2.6:1;BA.2.3:3;BF.5:3;BF.26:1;BF.10:1;BF.1:1;BF.13:1;BA.2.1:1
1012026,BA.2_0.04_abundance_0.15,T670G;A729C,ORF1a:S135R;ORF1a:E155A,88,471,0.1868365180467091,22,BA.5.2.6:1;BA.4.1:13;BA.5.2.1:2;BA.2:3;BA.5.1:2;BA.5.2:1
1012026,BA.2_0.04_abundance_0.15,T1116A;G1274A,ORF1a:I284N;ORF1a:V337I,25,1938,0.0128998968008255,0,
1012026,BA.2_0.04_abundance_0.15,G1274A;G1289A,ORF1a:V337I;ORF1a:E342K,58,1687,0.0343805572021339,0,
1012026,BA.2_0.04_abundance_0.15,T1603G;T1617G,ORF1a:L446L;ORF1a:L451R,19,325,0.0584615384615384,0,
1012026,BA.2_0.04_abundance_0.15,T2538G;C2790T,ORF1a:L758W;ORF1a:T842I,7,149,0.046979865771812,9,BA.2:1;BA.4.1:1;BA.5.2.1:2;BA.5.1:1;BA.5.1.3:4
1012026,BA.2_0.04_abundance_0.15,A2566C;C2790T,ORF1a:E767D;ORF1a:T842I,69,708,0.097457627118644,3,BA.2:2;XBB.1:1
1012026,BA.2_0.04_abundance_0.15,G2582A;C2790T,ORF1a:A773T;ORF1a:T842I,27,708,0.0381355932203389,137,BQ.1.1:3;BA.2:59;BA.5.2:15;BQ.1.1.1:10;BA.5.3.2:1;BA.2.3:7;BA.2.75:1;BF.10:5;BA.2.12.1:2;BA.5.5:1;BQ.1.22:1;BA.5.6:1;BA.5.9:4;BA.2.3.1:1;BA.2.9:9;BA.5.2.9:5;BA.5.1.3:1;BF.5:1;BA.5.2.16:1;BE.2:1;BA.5.2.1:3;BA.2.75.2:1;BA.4.6:1;BA.5.1:1;BE.1.1:2
1012026,BA.2_0.04_abundance_0.15,T4441A;C4563T,ORF1a:C1392*;ORF1a:S1433L,10,402,0.0248756218905472,0,
1012026,BA.2_0.04_abundance_0.15,T7727A;T7763A,ORF1a:S2488T;ORF1a:S2500T,16,153,0.1045751633986928,0,
1012026,BA.2_0.04_abundance_0.15,T8068C;C8157T,ORF1a:T2601T;ORF1a:S2631F,22,784,0.0280612244897959,0,
1012026,BA.2_0.04_abundance_0.15,A9299C;C9344T;A9424G;C9534T,ORF1a:R3012R;ORF1a:L3027F;ORF1a:V3053V;ORF1a:T3090I,35,130,0.2692307692307692,1,BA.2.9:1
1012026,BA.2_0.04_abundance_0.15,A9299C;C9344T;A9424G,ORF1a:R3012R;ORF1a:L3027F;ORF1a:V3053V,10,155,0.064516129032258,1,BA.2.9:1
1012026,BA.2_0.04_abundance_0.15,C9344T;A9424G;G9462T;C9534T,ORF1a:L3027F;ORF1a:V3053V;ORF1a:R3066M;ORF1a:T3090I,12,130,0.0923076923076923,3,BA.5:1;BA.5.1:2
1012026,BA.2_0.04_abundance_0.15,A10493C;G10494C,ORF1a:S3410R;ORF1a:S3410T,5,175,0.0285714285714285,0,
1012026,BA.2_0.04_abundance_0.15,G11401T;A11513T,ORF1a:M3712I;ORF1a:T3750S,114,1460,0.0780821917808219,0,
1012026,BA.2_0.04_abundance_0.15,C12036G;G12067T,ORF1a:A3924G;ORF1a:M3934I,72,946,0.0761099365750528,0,
1012026,BA.2_0.04_abundance_0.15,A12585T;A12709C,ORF1a:K4107I;ORF1a:A4148A,234,3362,0.0696014277215942,0,
1012026,BA.2_0.04_abundance_0.15,C13536A;T13560A,ORF1b:Y23*;ORF1b:D31E,7,151,0.0463576158940397,0,
1012026,BA.2_0.04_abundance_0.15,C14408T;G14430C,ORF1b:P314L;ORF1b:V321V,139,1066,0.1303939962476548,26,AY.36:1;B.1.221:4;AY.122:1;B.1.416:11;BA.1.1:2;AY.29:1;BA.2.76:1;B.1.177:1;AY.125:1;AY.4.2:1;BA.2.12.1:1;B.1.1.7:1
1012026,BA.2_0.04_abundance_0.15,C14408T;A14519C,ORF1b:P314L;ORF1b:N351T,26,988,0.0263157894736842,7,BA.1:2;AY.112:1;AY.85:1;BA.1.1.2:2;B.1:1
1012026,BA.2_0.04_abundance_0.15,G16245A;A16460C,ORF1b:G926G;ORF1b:H998P,14,538,0.0260223048327137,0,
1012026,BA.2_0.04_abundance_0.15,T18631C;G18816A,ORF1b:F1722L;ORF1b:L1783L,26,860,0.0302325581395348,0,
1012026,BA.2_0.04_abundance_0.15,T18631C;C18728G,ORF1b:F1722L;ORF1b:S1754C,41,860,0.0476744186046511,0,
1012026,BA.2_0.04_abundance_0.15,T18631C;C18728G;G18816A,ORF1b:F1722L;ORF1b:S1754C;ORF1b:L1783L,9,860,0.0104651162790697,0,
1012026,BA.2_0.04_abundance_0.15,C18728G;G18816A,ORF1b:S1754C;ORF1b:L1783L,103,2811,0.0366417644966204,0,
1012026,BA.2_0.04_abundance_0.15,A21229G;A21299T,ORF1b:T2588A;ORF1b:K2611I,25,154,0.1623376623376623,0,
1012026,BA.2_0.04_abundance_0.15,T21525A;T21529C;C21618T,ORF1b:V2686V;ORF1b:S2688P;S:T19I,13,254,0.0511811023622047,0,
1012026,BA.2_0.04_abundance_0.15,T21525A;C21618T,ORF1b:V2686V;S:T19I,30,254,0.1181102362204724,0,
1012026,BA.2_0.04_abundance_0.15,T21529C;C21618T,ORF1b:S2688P;S:T19I,70,254,0.2755905511811024,58,BA.5.1:3;BE.1.1:1;BA.2.10:1;BA.4.1:2;BA.5.2:3;BA.2:14;BA.2.75:5;BA.2.9:25;BA.4:1;BA.2.3.12:1;BA.5.3.1:1;CM.2:1
1012026,BA.2_0.04_abundance_0.15,C21904G;G21987A,S:T114T;S:G142D,80,1185,0.0675105485232067,1,AY.75:1
1012026,BA.2_0.04_abundance_0.15,T22143G;T22200G;G22203A,S:F194C;S:V213G;S:R214H,11,330,0.0333333333333333,0,
1012026,BA.2_0.04_abundance_0.15,T22143G;T22200G,S:F194C;S:V213G,8,330,0.0242424242424242,0,
1012026,BA.2_0.04_abundance_0.15,T22200G;G22203A,S:V213G;S:R214H,161,330,0.4878787878787878,1321,BA.5.2.6:1;BA.1:40;BA.2.5:131;BF.7:2;BA.2.9:175;BA.5.2:59;BF.28:1;BF.3:1;BA.2:386;BA.2.12.1:40;BA.2.3:6;BA.2.3.15:2;BE.1.1:5;BA.2.12:2;BA.1.1.15:6;BA.4.6.2:5;BA.5.2.20:11;BA.1.17.2:15;BA.2.24:1;BF.5:19;BA.5.6.3:1;BG.4:2;BA.1.1:17;BQ.1.1:6;BA.1.18:16;BA.5.5:29;BA.5.2.26:46;BA.5.1.2:47;BA.1.16:2;BA.2.1:3;BN.1.8:1;BA.1.15:5;BA.2.75:29;BF.12:1;BA.4.1:2;BA.2.10:2;BA.1.15.1:5;BA.5.2.1:65;BA.5:7;BA.5.6:7;BA.5.1:28;BF.26:5;BA.5.1.1:22;BQ.1:3;BA.5.1.10:2;BA.2.48:2;BA.1.17:3;BA.2.10.1:2;BA.5.2.31:1;BQ.1.1.6:1;BA.5.2.9:1;BA.4.6.5:1;BQ.1.23:2;BA.2.74:1;BA.5.2.12:1;BF.1:1;BE.1:2;BA.1.1.1:2;BA.2.3.7:1;BA.2.9.5:3;BA.2.38:1;BA.1.20:2;BA.2.32:1;BE.3:3;BA.2.62:1;BA.2.63:1;BF.10:1;BA.1.21:1;BA.2.7:1;BA.2.56:1;BL.1.4:1;BQ.1.11:1;BA.4:2;BD.1:1;BA.5.2.3:1;BQ.1.1.3:1;BA.5.1.15:1;BE.4:1;BA.2.23:2;BA.5.1.20:1;BN.1.5:1;BA.4.6:1;CM.2:1;BA.2.72:1;BA.2.3.20:2;BA.5.2.21:1;BN.1.3:1;BA.5.1.3:1;BA.4.4:1;BA.2.9.2:1
1012026,BA.2_0.04_abundance_0.15,C22674T;T22679C;C22686T;A22688G;G22775A;T22795A,S:S371F;S:S373P;S:S375F;S:T376A;S:D405N;S:A411A,170,377,0.4509283819628647,738,BA.2:687;BA.5.2:3;BA.2.75:8;BA.5.8:22;BA.2.76:1;BA.5.1.10:2;BA.5.2.1:4;BA.2.9:4;BA.2.37:2;BN.1.3:2;BA.2.10:1;BA.5.1:1;BA.5.1.30:1
1012026,BA.2_0.04_abundance_0.15,C22674T;T22679C;C22686T;A22688G;G22706T;G22775A,S:S371F;S:S373P;S:S375F;S:T376A;S:V382L;S:D405N,11,377,0.0291777188328912,79,BE.1:7;BF.7:2;BA.5.2:11;BA.4:1;BF.5:8;BA.4.6:1;BA.5.1.8:3;BE.1.1:5;BA.2.9:1;BA.2.47:1;BF.14:3;BF.10:2;CR.1:1;BA.5.1:6;BA.2:3;BA.5.7:1;BA.4.1:2;BA.5.2.1:13;BQ.1.1:2;BA.5.1.10:1;BA.5:1;BA.2.3:1;BQ.1:1;BA.5.5:2
1012026,BA.2_0.04_abundance_0.15,C22674T;T22679C;C22686T;A22688G;G22706T;G22775A;T22795A,S:S371F;S:S373P;S:S375F;S:T376A;S:V382L;S:D405N;S:A411A,8,377,0.0212201591511936,0,
1012026,BA.2_0.04_abundance_0.15,A23503C;T23599G;C23604A,S:A647A;S:N679K;S:P681H,46,68,0.6764705882352942,14,BA.1.1:1;BA.5.2.6:1;BA.2.3:1;BA.2.75:1;BA.5.2:1;BA.1:1;BA.2:1;BE.1.1:1;BA.5.2.1:2;BA.5.1:2;BA.1.15:2
1012026,BA.2_0.04_abundance_0.15,A24424T;G24678A,S:Q954H;S:R1039K,18,39,0.4615384615384615,1,BA.1.1:1
1012026,BA.2_0.04_abundance_0.15,A24424T;G24678A;A24723C,S:Q954H;S:R1039K;S:Q1054P,14,39,0.358974358974359,0,
1012026,BA.2_0.04_abundance_0.15,A24614G;G24678A;A24723C,S:I1018V;S:R1039K;S:Q1054P,8,146,0.0547945205479452,0,
1012026,BA.2_0.04_abundance_0.15,A24614G;G24678A,S:I1018V;S:R1039K,6,147,0.0408163265306122,0,
1012026,BA.2_0.04_abundance_0.15,G24678A;A24723C,S:R1039K;S:Q1054P,46,146,0.3150684931506849,0,
1012026,BA.2_0.04_abundance_0.15,A24723C;C25000T,S:Q1054P;S:D1146D,96,182,0.5274725274725275,0,
1012026,BA.2_0.04_abundance_0.15,C26079A;C26270T,ORF3a:T229T;E:T9I,213,521,0.4088291746641075,366,BA.1:152;BA.1.1:30;BA.5.2.1:18;BA.1.17:2;BQ.1.1.7:1;BA.1.15:2;BA.2.3.11:17;BA.2:65;BA.2.75:14;BA.2.9:10;BA.5.2.3:1;BA.2.1:24;BA.2.12.1:3;BA.2.3.14:1;BA.1.20:2;BQ.1.1.22:1;BA.5.2:2;BA.5.3.1:3;BA.1.1.18:5;BA.5.2.21:1;BA.5.1.24:3;BA.2.78:1;BA.5.1:1;XBB.3:2;BQ.1.1:1;BA.2.25:1;BE.1:2;BA.5.2.20:1
1012026,BA.2_0.04_abundance_0.15,C26577G;G26709A;G26775C;C26858T,M:Q19E;M:A63T;M:A85P;M:F112F,424,1847,0.2295614510016242,0,
1012026,BA.2_0.04_abundance_0.15,C26577G;G26709A;G26842C;C26858T,M:Q19E;M:A63T;M:R107P;M:F112F,91,1847,0.049269085002707,1,BA.4.6:1
1012026,BA.2_0.04_abundance_0.15,C26577G;A26594T;G26709A;C26858T,M:Q19E;M:I24I;M:A63T;M:F112F,62,1847,0.0335679480238224,14,BA.2.18:1;BA.2.12.1:6;BA.2.9:1;BA.2:5;BA.2.75:1
1012026,BA.2_0.04_abundance_0.15,C26577G;A26594T;G26709A;G26775C;C26858T,M:Q19E;M:I24I;M:A63T;M:A85P;M:F112F,25,1847,0.0135354629128316,0,
1012026,BA.2_0.04_abundance_0.15,C26577G;G26709A;G26775C,M:Q19E;M:A63T;M:A85P,27,1935,0.013953488372093,1,BA.1.15.1:1
1012026,BA.2_0.04_abundance_0.15,C26577G;G26709A;G26775C;G26842C;C26858T,M:Q19E;M:A63T;M:A85P;M:R107P;M:F112F,32,1847,0.0173253925284244,0,
1012026,BA.2_0.04_abundance_0.15,C26858T;A27007G,M:F112F;M:K162R,14,36,0.3888888888888889,82,BA.2.7:32;BG.1:3;BA.2.3:10;XBB.1.5:4;BA.2:18;BA.2.12.1:10;BA.2.9:1;AY.43:1;BA.5.2.1:1;BA.2.2:1;BA.2.56:1
1012026,BA.2_0.04_abundance_0.15,A27259C;A27298T;G27382C;A27383T;T27384C,ORF6:R20R;ORF6:I33L;ORF6:D61H;ORF6:D61V;ORF6:D61D,566,3880,0.1458762886597938,62,BA.2.9:6;BA.2.38:1;BA.2:47;BA.2.12.1:4;BA.4.4:3;BA.2.25:1
1012026,BA.2_0.04_abundance_0.15,A27259C;G27382C;A27383T;T27384C;T27405A,ORF6:R20R;ORF6:D61H;ORF6:D61V;ORF6:D61D;ORF7a:I4I,1253,3880,0.3229381443298969,13,BA.2:7;BA.2.9:3;BA.2.12.1:2;BA.2.38:1
1012026,BA.2_0.04_abundance_0.15,A27259C;A27298T;G27382C;A27383T;T27384C;T27405A,ORF6:R20R;ORF6:I33L;ORF6:D61H;ORF6:D61V;ORF6:D61D;ORF7a:I4I,467,3880,0.120360824742268,0,
1012026,BA.2_0.04_abundance_0.15,A27259C;A27298T,ORF6:R20R;ORF6:I33L,70,4142,0.0169000482858522,107,BA.1:23;BA.1.1:14;BA.2.9:7;BA.2.38:1;BA.2:47;BA.2.12.1:4;BA.4.4:3;BA.1.18:2;BA.2.25:1;BA.1.17.2:4;BA.1.1.2:1
1012026,BA.2_0.04_abundance_0.15,A27822G;C28045T,ORF7b:I23V;ORF8:A51V,45,1462,0.0307797537619699,0,
1012026,BA.2_0.04_abundance_0.15,A27822G;A27867G,ORF7b:I23V;ORF7b:N38D,95,1572,0.0604325699745547,0,
1012026,BA.2_0.04_abundance_0.15,A27867G;C28045T,ORF7b:N38D;ORF8:A51V,48,2974,0.0161398789509078,0,
1012026,BA.2_0.04_abundance_0.15,A29491T;A29510C,N:Q406H;N:S413R,7,49,0.1428571428571428,3,BA.2:1;BA.2.10:1;BA.5.1.30:1
1082026,BA.2_0.04_abundance_0.15,A405C;C635A;T670G,ORF1a:K47T;ORF1a:R124S;ORF1a:S135R,23,2272,0.0101232394366197,0,
1082026,BA.2_0.04_abundance_0.15,A405C;T670G,ORF1a:K47T;ORF1a:S135R,73,2272,0.0321302816901408,1,BA.2:1
1082026,BA.2_0.04_abundance_0.15,G569T;T670G,ORF1a:E102*;ORF1a:S135R,108,2271,0.047556142668428,0,
1082026,BA.2_0.04_abundance_0.15,G569T;C635A;T670G,ORF1a:E102*;ORF1a:R124S;ORF1a:S135R,28,2271,0.0123293703214442,0,
1082026,BA.2_0.04_abundance_0.15,C635A;T670G,ORF1a:R124S;ORF1a:S135R,481,2274,0.2115215479331574,16,BA.5:2;BA.2:8;BA.5.3:1;BA.5.1.23:3;BA.4.1:1;BA.2.9:1
1082026,BA.2_0.04_abundance_0.15,T670G;C811A,ORF1a:S135R;ORF1a:Y182*,52,447,0.116331096196868,315,BE.1:1;BA.5.2.26:10;BA.2:288;BA.2.65:2;BA.5.2.1:1;BA.5.2:2;BA.5.1.14:1;BA.2.12.1:3;BA.2.58:1;BF.5:1;BA.5.1:1;BQ.1.8:1;BA.5.5:1;BA.5.6:1;BA.4:1
1082026,BA.2_0.04_abundance_0.15,A1715T;A1764T,ORF1a:T484S;ORF1a:K500I,130,2467,0.0526955816781516,0,
1082026,BA.2_0.04_abundance_0.15,A2109G;T2115G,ORF1a:N615S;ORF1a:F617C,23,185,0.1243243243243243,0,
1082026,BA.2_0.04_abundance_0.15,G2944C;C3037T,ORF1a:L893L;ORF1a:F924F,33,141,0.2340425531914893,8,BQ.1.1:4;BA.2.9:1;B.1.177:2;B.1.36:1
1082026,BA.2_0.04_abundance_0.15,A3195G;T3271A;A3342C,ORF1a:E977G;ORF1a:I1002I;ORF1a:N1026T,18,267,0.0674157303370786,0,
1082026,BA.2_0.04_abundance_0.15,A3195G;T3271A,ORF1a:E977G;ORF1a:I1002I,28,267,0.1048689138576779,0,
1082026,BA.2_0.04_abundance_0.15,A3195G;A3342C,ORF1a:E977G;ORF1a:N1026T,20,267,0.0749063670411985,0,
1082026,BA.2_0.04_abundance_0.15,T3271A;A3342C,ORF1a:I1002I;ORF1a:N1026T,27,269,0.1003717472118959,0,
1082026,BA.2_0.04_abundance_0.15,A3712C;G3782C,ORF1a:L1149F;ORF1a:V1173L,14,526,0.026615969581749,0,
1082026,BA.2_0.04_abundance_0.15,T9279A;C9344T;A9424G;C9534T,ORF1a:V3005E;ORF1a:L3027F;ORF1a:V3053V;ORF1a:T3090I,31,106,0.2924528301886792,0,
1082026,BA.2_0.04_abundance_0.15,T9279A;C9344T;A9424G,ORF1a:V3005E;ORF1a:L3027F;ORF1a:V3053V,13,133,0.0977443609022556,0,
1082026,BA.2_0.04_abundance_0.15,T9279A;C9344T;A9424G;A9450C;C9534T,ORF1a:V3005E;ORF1a:L3027F;ORF1a:V3053V;ORF1a:Y3062S;ORF1a:T3090I,9,106,0.0849056603773584,0,
1082026,BA.2_0.04_abundance_0.15,C9344T;A9424G;A9450C;C9534T,ORF1a:L3027F;ORF1a:V3053V;ORF1a:Y3062S;ORF1a:T3090I,15,106,0.1415094339622641,1,BA.2:1
1082026,BA.2_0.04_abundance_0.15,C9534T;T9723A,ORF1a:T3090I;ORF1a:F3153Y,148,1217,0.1216105176663927,9,BA.5.2:8;BF.8:1
1082026,BA.2_0.04_abundance_0.15,C9534T;T9624G,ORF1a:T3090I;ORF1a:V3120G,75,1301,0.0576479631053036,0,
1082026,BA.2_0.04_abundance_0.15,C9534T;T9624G;T9723A,ORF1a:T3090I;ORF1a:V3120G;ORF1a:F3153Y,14,1217,0.0115036976170912,0,
1082026,BA.2_0.04_abundance_0.15,A11700G;A11736C,ORF1a:D3812G;ORF1a:N3824T,35,371,0.0943396226415094,0,
1082026,BA.2_0.04_abundance_0.15,A11736C;G11810C,ORF1a:N3824T;ORF1a:G3849R,11,346,0.0317919075144508,0,
1082026,BA.2_0.04_abundance_0.15,C12880T;G12988C,ORF1a:I4205I;ORF1a:M4241I,281,2033,0.1382193802262666,0,
1082026,BA.2_0.04_abundance_0.15,C12880T;T12955G,ORF1a:I4205I;ORF1a:F4230L,159,2033,0.0782095425479586,0,
1082026,BA.2_0.04_abundance_0.15,C12880T;T12955G;G12988C,ORF1a:I4205I;ORF1a:F4230L;ORF1a:M4241I,24,2033,0.0118052139695031,0,
1082026,BA.2_0.04_abundance_0.15,C15714T;A15811C,ORF1b:L749L;ORF1b:N782H,81,3313,0.0244491397524901,0,
1082026,BA.2_0.04_abundance_0.15,A17219C;C17410T,ORF1b:D1251A;ORF1b:R1315C,802,2887,0.2777970211291998,77,BA.5.2.1:8;BA.5:1;BA.2.9:1;BA.5.1:15;BA.2.3:4;BA.5.2.23:1;BF.11:6;BA.2:32;BA.2.38.1:2;BF.7:2;BA.2.12.1:2;BA.2.75:1;BA.5.2:1;BA.5.5:1
1082026,BA.2_0.04_abundance_0.15,C17410T;A17447G,ORF1b:R1315C;ORF1b:Q1327R,7,55,0.1272727272727272,0,
1082026,BA.2_0.04_abundance_0.15,C17410T;A17620G,ORF1b:R1315C;ORF1b:K1385E,9,55,0.1636363636363636,2,BF.11:1;BA.2.12.1:1
1082026,BA.2_0.04_abundance_0.15,A17447G;C17617A,ORF1b:Q1327R;ORF1b:L1384I,6,482,0.0124481327800829,0,
1082026,BA.2_0.04_abundance_0.15,A17447G;A17620G,ORF1b:Q1327R;ORF1b:K1385E,15,481,0.0311850311850311,0,
1082026,BA.2_0.04_abundance_0.15,C17617A;A17620G,ORF1b:L1384I;ORF1b:K1385E,10,481,0.0207900207900207,0,
1082026,BA.2_0.04_abundance_0.15,C17766G;G17847A,ORF1b:V1433V;ORF1b:Q1460Q,39,1031,0.037827352085354,0,
1082026,BA.2_0.04_abundance_0.15,C17766G;G17938A,ORF1b:V1433V;ORF1b:A1491T,68,962,0.0706860706860706,0,
1082026,BA.2_0.04_abundance_0.15,A18163G;G18268C,ORF1b:I1566V;ORF1b:E1601Q,68,400,0.17,4,BA.1.15:2;BA.2:1;BA.1:1
1082026,BA.2_0.04_abundance_0.15,T18521A;A18622T,ORF1b:V1685E;ORF1b:M1719L,177,468,0.3782051282051282,0,
1082026,BA.2_0.04_abundance_0.15,T18521A;C18591G;A18622T,ORF1b:V1685E;ORF1b:V1708V;ORF1b:M1719L,13,468,0.0277777777777777,0,
1082026,BA.2_0.04_abundance_0.15,T18521A;C18591G,ORF1b:V1685E;ORF1b:V1708V,32,531,0.0602636534839924,0,
1082026,BA.2_0.04_abundance_0.15,C18979A;A19153G,ORF1b:H1838N;ORF1b:T1896A,57,1015,0.0561576354679803,0,
1082026,BA.2_0.04_abundance_0.15,G19009T;A19153G,ORF1b:D1848Y;ORF1b:T1896A,24,1015,0.0236453201970443,0,
1082026,BA.2_0.04_abundance_0.15,T19034C;A19153G,ORF1b:I1856T;ORF1b:T1896A,13,1015,0.012807881773399,0,
1082026,BA.2_0.04_abundance_0.15,G22157C;T22200G,S:G199R;S:V213G,232,980,0.236734693877551,0,
1082026,BA.2_0.04_abundance_0.15,T22587A;C22674T;T22679C;C22686T;A22688G;G22775A;A22786C;G22813T,S:F342Y;S:S371F;S:S373P;S:S375F;S:T376A;S:D405N;S:R408S;S:K417N,41,764,0.0536649214659685,0,
1082026,BA.2_0.04_abundance_0.15,C22674T;T22679C;C22686T;A22688G;G22775A;A22786C;C22787T;G22813T,S:S371F;S:S373P;S:S375F;S:T376A;S:D405N;S:R408S;S:Q409*;S:K417N,36,764,0.0471204188481675,1,BA.2.9:1
1082026,BA.2_0.04_abundance_0.15,G22992A;C22995A;A23013C;A23040G;C23043A;A23063T,S:S477N;S:T478K;S:E484A;S:Q493R;S:S494*;S:N501Y,15,182,0.0824175824175824,1,BA.2:1
1082026,BA.2_0.04_abundance_0.15,C23243T;A23403G,S:P561S;S:D614G,247,1699,0.1453796350794585,766,B.1.1.317:8;BA.5.5:2;B.1.568:31;BA.1.1:20;BA.2.3:9;B.1.177:60;AY.75:4;B.1.596:7;AY.44:20;B.1.1.7:57;B.1.1.214:3;AY.23:14;AY.103:60;BE.1.1:7;AY.26:78;AY.46.5:2;B.1.617.2:8;P.1:16;B.1.526:22;B.1:7;AY.25:18;AY.122:16;AY.3:10;BA.5.5.2:30;AY.4.5:1;AY.4:89;BA.2:3;B.1.429:1;P.1.15:1;AY.127:2;AY.99.2:1;BQ.1:1;AY.126:6;BA.5.1.30:2;B.1.605:1;AY.100:7;BA.2.12.1:7;AY.29:1;AY.121:5;BA.5.2.3:2;BA.5.2.1:3;BA.5.2:3;B.1.582:1;BE.1:1;BA.2.3.20:19;AY.24:1;BA.5.1.6:1;BF.7.8:1;AY.34:2;AY.122.5:1;AY.116:1;AY.4.2.3:1;BQ.1.10.1:2;AY.29.1:2;D.2:1;BA.5.1.22:5;BA.1.1.18:1;BQ.1.1:4;BA.1:3;AY.39.1.2:1;BA.5.1.25:1;BA.1.21:1;B.1.1:1;AY.46.2:2;BQ.1.1.6:1;BA.1.17:1;AY.25.1:2;AY.119:3;B.1.1.222:1;B.1.36:1;BA.1.15.1:2;BA.2.12:1;BA.5.1.23:1;B.1.617.1:1;AY.5:5;AY.125:1;BA.1.15:3;BA.2.75:3;BA.4:3;AY.43:11;AY.1:1;BG.4:1;BF.7:1;AY.109:1;B.1.637:2;BA.5.2.12:1;BA.5.2.10:2;BF.19:1;BF.21:1;B.1.1.284:1;AY.33:1;AY.113:1;AY.20:1;AY.112:3;BA.2.10:1;BA.5.2.22:1;B.1.2:2;B.1.1.416:3;BA.1.17.2:1;C.37:1;AY.124:1
1082026,BA.2_0.04_abundance_0.15,A24340T;A24424T,S:Q926H;S:Q954H,327,1349,0.2424017790956263,3,BA.2.12.1:2;BA.5.1:1
1082026,BA.2_0.04_abundance_0.15,A24424T;T24482A,S:Q954H;S:S974T,5,28,0.1785714285714285,0,
1082026,BA.2_0.04_abundance_0.15,A24813T;C25000T,S:D1084V;S:D1146D,993,2684,0.3699701937406855,48,BA.1.1.1:1;BA.1.1:4;BA.5.2.1:11;BA.2.3.11:1;BA.5.5:4;BA.2.73:2;BA.1:4;BF.14:1;BA.5.2:8;BA.2.9:1;BA.2:2;BF.7.4:1;BA.1.1.2:1;BA.2.75:3;BA.1.1.16:1;BA.2.75.7:1;BE.1:1;BA.5:1
1082026,BA.2_0.04_abundance_0.15,G24815A;C25000T,S:G1085R;S:D1146D,41,2684,0.0152757078986587,986,BA.1:28;BA.1.1.2:4;BA.1.1:667;BF.7:8;BA.5.2.34:1;BA.5.2.1:43;BE.1:23;BA.2.3.12:3;BA.5.6:13;BA.2.12.1:8;BA.5.9:52;BA.5.1.22:12;B.1.1.529:1;BQ.1.1.18:8;XBB.1:5;BA.2.9:3;BA.2.3:2;BA.4.1.8:4;BA.4.7:1;BA.5.1.12:3;BQ.1.1:5;BA.2.10.1:1;BA.5.2:4;BA.5.1:11;BA.2.8:5;BQ.1:2;BA.2:17;BL.3:1;BQ.1.1.7:3;BA.2.75:2;BA.5.2.9:2;BA.5.3.2:1;BA.5.1.10:1;BF.5:9;BE.1.1:2;BA.5.1.21:1;BA.4.1.6:4;BF.11.1:1;BA.1.1.1:1;BA.4.1:7;BE.1.1.2:3;BA.5.2.22:2;BF.4:2;BA.2.10:3;BA.2.3.9:2;BL.1.4:1;BQ.1.1.17:1;BA.5.2.3:1;BA.1.15:1;BA.5:1
1082026,BA.2_0.04_abundance_0.15,C26270T;C26335T,E:T9I;E:L31L,28,518,0.054054054054054,355,BA.5.2.6:5;BA.1.1:21;BA.5.2:18;CP.2:27;BA.1.1.1:14;BA.2.3:2;BA.2.29:15;BA.5.1:40;BA.2:62;BA.2.12.1:8;BE.1.1:20;BF.2:6;BA.5.6:2;BA.1:6;BA.5.2.1:41;BA.5.2.31:2;BA.2.75:5;BA.5.2.34:1;BA.2.10:5;BA.1.18:18;BN.1.4:1;BA.4.4:7;BA.2.23:1;BA.1.15:2;BA.5.1.2:2;BA.5.1.22:2;BA.1.1.18:1;BQ.1.10:2;BA.2.9:7;BA.5.1.23:1;BA.5:1;BA.1.17:1;BA.5.1.10:1;BA.4.1.6:1;XB:2;BA.2.3.20:1;BA.4.6:2;BF.7.4:1;BA.4.1:1
1082026,BA.2_0.04_abundance_0.15,C26577G;G26709A;T26808G;C26858T,M:Q19E;M:A63T;M:F96V;M:F112F,215,2257,0.0952591936198493,0,
1082026,BA.2_0.04_abundance_0.15,A27259C;A27345C;G27382C;A27383T;T27384C,ORF6:R20R;ORF6:K48N;ORF6:D61H;ORF6:D61V;ORF6:D61D,432,1559,0.2771007055805003,34,BA.2.12.1:20;BA.2.33:7;BA.2.75:1;BA.2.3.15:1;BA.2:4;BY.1.1:1
1082026,BA.2_0.04_abundance_0.15,A27259C;A27345C,ORF6:R20R;ORF6:K48N,25,1686,0.0148279952550415,47,BA.2.12.1:20;BA.1.1:3;BA.1.17.2:8;BA.2.33:7;BA.2.75:1;BA.2.3.15:1;BA.2:4;BY.1.1:1;BA.1:1;BA.1.15:1
1082026,BA.2_0.04_abundance_0.15,A27918G;T28031A,ORF8:I9V;ORF8:Y46*,111,445,0.249438202247191,0,
1082026,BA.2_0.04_abundance_0.15,C28291G;C28311T;A28330T,N:P6P;N:P13L;N:G19G,138,1255,0.1099601593625498,0,
1082026,BA.2_0.04_abundance_0.15,C28291G;C28311T,N:P6P;N:P13L,192,1346,0.1426448736998514,4,BA.5.1.10:4
1082026,BA.2_0.04_abundance_0.15,C28311T;A28330T,N:P13L;N:G19G,392,1255,0.3123505976095617,4,BA.5.2:1;BF.5:1;BA.5.2.1:2
1082026,BA.2_0.04_abundance_0.15,T28835G;G28881A;G28882A;G28883C,N:S188A;N:R203K;N:R203R;N:G204R,9,130,0.0692307692307692,2,B.1.1.7:1;BA.5.5:1
1082026,BA.2_0.04_abundance_0.15,A29380T;A29510C,N:K369N;N:S413R,24,158,0.1518987341772152,63,BW.1.1:4;BA.2.12.1:5;BW.1:11;BF.11.4:1;BA.2.9:11;BA.5.1:6;BA.5.2:2;BA.2.76:1;BA.2:10;BE.1:1;BA.2.38.1:1;BA.4:1;BA.5.2.1:6;BA.2.65:1;BA.5.1.23:1;BF.5:1
1082026,BA.2_0.04_abundance_0.15,A29380T;A29510C;A29615T,N:K369N;N:S413R;ORF10:R20*,9,147,0.0612244897959183,0,
1082026,BA.2_0.04_abundance_0.15,A29380T;A29428T;A29510C,N:K369N;N:R385S;N:S413R,6,158,0.0379746835443038,0,
1082026,BA.2_0.04_abundance_0.15,A29380T;T29480C;A29510C,N:K369N;N:F403L;N:S413R,11,158,0.0696202531645569,0,
1082026,BA.2_0.04_abundance_0.15,A29428T;A29510C,N:R385S;N:S413R,11,158,0.0696202531645569,3,BA.5.2:1;BA.2.12.1:1;BA.2:1
1082026,BA.2_0.04_abundance_0.15,T29480C;A29510C,N:F403L;N:S413R,14,158,0.0886075949367088,1,BA.2:1
1082026,BA.2_0.04_abundance_0.15,A29510C;A29615T,N:S413R;ORF10:R20*,18,147,0.1224489795918367,38,BA.4.6:2;BA.2.3:11;BA.2.9:20;BA.2.3.1:1;BA.2:1;BA.5.1:1;BA.5.3:1;BA.2.43:1
1152026,BA.2_0.04_abundance_0.15,T670G;A726G,ORF1a:S135R;ORF1a:Y154C,434,488,0.889344262295082,63,BA.2.12.1:2;BA.2.9.3:3;BA.2:25;BA.2.43:1;BA.5.1:4;BA.2.10:2;BF.5:1;BQ.1:1;BA.5.5:2;BA.5.2:12;BE.1:1;BF.17:1;BA.2.3:1;BA.2.1:1;BA.2.38:1;BA.5.9:1;BA.5.2.1:2;BA.2.9:2
1152026,BA.2_0.04_abundance_0.15,T1090A;A1160T,ORF1a:F275L;ORF1a:R299*,48,4492,0.0106856634016028,0,
1152026,BA.2_0.04_abundance_0.15,T1090A;T1107G,ORF1a:F275L;ORF1a:I281S,45,4492,0.0100178094390026,0,
1152026,BA.2_0.04_abundance_0.15,C3037T;A3046G;C3162T,ORF1a:F924F;ORF1a:P927P;ORF1a:S966F,19,715,0.0265734265734265,0,
1152026,BA.2_0.04_abundance_0.15,A3895C;C4052T,ORF1a:E1210D;ORF1a:L1263F,22,866,0.0254041570438799,0,
1152026,BA.2_0.04_abundance_0.15,C9534T;A9716G,ORF1a:T3090I;ORF1a:K3151E,244,2331,0.1046761046761046,0,
1152026,BA.2_0.04_abundance_0.15,A12825T;C12880T,ORF1a:D4187V;ORF1a:I4205I,97,2600,0.0373076923076923,0,
1152026,BA.2_0.04_abundance_0.15,A12825T;C12880T;T12913G,ORF1a:D4187V;ORF1a:I4205I;ORF1a:V4216V,31,2600,0.0119230769230769,0,
1152026,BA.2_0.04_abundance_0.15,C12880T;T12913G,ORF1a:I4205I;ORF1a:V4216V,612,2601,0.2352941176470588,6,BA.2:6
1152026,BA.2_0.04_abundance_0.15,C14097T;G14186A,ORF1b:F210F;ORF1b:R240K,37,2084,0.0177543186180422,0,
1152026,BA.2_0.04_abundance_0.15,T16909A;A17015G,ORF1b:F1148I;ORF1b:D1183G,70,1105,0.0633484162895927,0,
1152026,BA.2_0.04_abundance_0.15,C17410T;T17600G,ORF1b:R1315C;ORF1b:L1378W,27,61,0.4426229508196721,3,BA.2.10.1:1;BA.5.2.1:1;BA.5.1.22:1
1152026,BA.2_0.04_abundance_0.15,A18529G;A18532T,ORF1b:I1688V;ORF1b:K1689*,125,826,0.1513317191283293,0,
1152026,BA.2_0.04_abundance_0.15,A18532T;G18583C,ORF1b:K1689*;ORF1b:V1706L,11,826,0.0133171912832929,0,
1152026,BA.2_0.04_abundance_0.15,G18677T;G18780T,ORF1b:R1737L;ORF1b:W1771C,64,3388,0.0188902007083825,0,
1152026,BA.2_0.04_abundance_0.15,A18776C;G18780T,ORF1b:Q1770P;ORF1b:W1771C,34,3391,0.010026540843409,1,B.1.1.7:1
1152026,BA.2_0.04_abundance_0.15,C21216G;T21414A,ORF1b:H2583Q;ORF1b:L2649L,26,138,0.1884057971014492,0,
1152026,BA.2_0.04_abundance_0.15,A21759T;G21987A,S:H66L;S:G142D,388,1041,0.3727185398655139,10,AY.4:2;BA.2:1;AY.98:1;B.1.617.2:1;BA.5.1.3:1;AY.25.1:1;BF.1:1;AY.103:1;AY.110:1
1152026,BA.2_0.04_abundance_0.15,A21759T;A21894T,S:H66L;S:D111V,20,1233,0.016220600162206,0,
1152026,BA.2_0.04_abundance_0.15,A21759T;A21894T;G21987A,S:H66L;S:D111V;S:G142D,89,1041,0.0854947166186359,0,
1152026,BA.2_0.04_abundance_0.15,A21894T;G21987A,S:D111V;S:G142D,109,1041,0.1047070124879923,13,AY.112:1;BA.5:1;AY.20:1;BA.4:1;AY.5:1;BA.1:6;AY.127:1;AY.126:1
1152026,BA.2_0.04_abundance_0.15,A22069G;T22200G,S:E169E;S:V213G,97,568,0.1707746478873239,146,BA.2:31;BQ.1.1.22:1;BA.5.5:63;BA.5.2:2;BA.2.12.1:4;BQ.1.1:18;BA.5.2.1:11;BA.2.9:2;BA.4.6:1;BQ.1.1.24:1;BA.5.1:4;BA.2.3.2:1;BA.2.3:2;BA.2.37:1;BA.1.1:1;BF.28:1;BF.26:1;BE.1.1:1
1152026,BA.2_0.04_abundance_0.15,A22069G;A22091C;T22200G,S:E169E;S:M177L;S:V213G,23,568,0.0404929577464788,0,
1152026,BA.2_0.04_abundance_0.15,A22069G;G22111T;T22200G,S:E169E;S:Q183H;S:V213G,13,568,0.0228873239436619,0,
1152026,BA.2_0.04_abundance_0.15,A22091C;T22200G,S:M177L;S:V213G,40,568,0.0704225352112676,1,BA.1:1
1152026,BA.2_0.04_abundance_0.15,A22091C;G22111T;T22200G,S:M177L;S:Q183H;S:V213G,13,568,0.0228873239436619,0,
1152026,BA.2_0.04_abundance_0.15,C23154G;A23403G,S:T531S;S:D614G,12,200,0.06,2,BA.2:1;AY.112:1
1152026,BA.2_0.04_abundance_0.15,A23403G;C23454T,S:D614G;S:P631L,303,966,0.3136645962732919,158,B.1.2:4;BA.5.2.1:2;BE.1:4;B.1.1.7:46;AD.2:1;BA.2.9:2;AY.43.4:1;AY.25:1;AY.4:2;BA.5.1:4;BA.5.2:6;B.1.243:15;AY.103:5;P.1.7:1;BA.2.3:1;BA.1.1:2;AY.4.2:2;BA.2.12.1:6;B.1.526:1;BA.4.2:2;AY.125:3;AY.29:3;BA.4:1;BQ.1.14:2;AY.102:3;AY.44:1;B.1.1.519:1;BA.2:1;BF.10:1;AY.92:5;BA.5.5:1;B.1.177:1;BA.5:3;P.1:1;B.1.588:1;B.1.159:1;BA.2.13:1;B.1.617.2:1;AY.3:3;AY.119:4;AY.25.1:1;AY.79:1;AY.54:5;AY.34:1;BA.1.15:1;BA.1:1;B.1.429:1;B.1:1
1152026,BA.2_0.04_abundance_0.15,G23948T;T23956A,S:D796Y;S:G798G,371,522,0.710727969348659,3,BA.2.75:1;BA.1.1:2
1152026,BA.2_0.04_abundance_0.15,T24187A;A24424T,S:S875S;S:Q954H,38,431,0.0881670533642691,88,BE.1.1:4;BA.1:9;BA.2.12:1;BA.5.5:3;BQ.1.1.23:3;BA.2.3:18;BA.1.17:4;BA.2.1:1;BA.1.1:10;BA.2.12.1:2;BA.5.2:5;BA.2:8;BA.2.75.1:2;BG.2:1;BA.1.15:3;BE.1:3;BA.5.2.27:1;BA.5.1:1;BQ.1.1:2;BA.5.2.21:7
1152026,BA.2_0.04_abundance_0.15,G25555C;C25584T,ORF3a:V55L;ORF3a:T64T,33,1275,0.0258823529411764,79,BQ.1.1:8;BA.2:13;BA.1.1:12;BA.2.23:1;BA.2.3:1;BE.1.1:9;BA.2.9:2;BA.5.2.1:5;BA.5.1.2:1;BN.1.5:1;BA.5.2.20:1;BA.1.15:2;BA.4:2;BA.1.17.2:2;BA.2.3.18:1;BA.2.29:1;BQ.1.1.5:1;BF.5:1;BA.5.2:3;BA.5:4;BQ.1.1.1:2;BA.1.1.2:1;BA.2.75:1;BA.5.6:2;BA.1.13.1:2
1152026,BA.2_0.04_abundance_0.15,G27916A;C27920G,ORF8:G8E;ORF8:I9M,116,903,0.1284606866002214,0,
1152026,BA.2_0.04_abundance_0.15,G27916A;C27920G;G28044A,ORF8:G8E;ORF8:I9M;ORF8:A51T,60,852,0.0704225352112676,0,
1152026,BA.2_0.04_abundance_0.15,G27916A;G28044A,ORF8:G8E;ORF8:A51T,190,852,0.2230046948356807,1,BA.1.1:1
1152026,BA.2_0.04_abundance_0.15,C27920G;G28044A,ORF8:I9M;ORF8:A51T,26,852,0.0305164319248826,0,
1152026,BA.2_0.04_abundance_0.15,T28224A;C28311T,ORF8:Y111N;N:P13L,179,1218,0.1469622331691297,19,BF.5:1;BA.4.1.1:1;BA.1.1:4;BA.5.2.1:2;C.36.3:2;BA.1:2;BA.5.1:2;BA.5.2:2;BA.2.75:1;BA.2.38:2
1152026,BA.2_0.04_abundance_0.15,G28881A;G28882A;G28883C;A28959C,N:R203K;N:R203R;N:G204R;N:Q229P,11,20,0.55,0,
1222026,BA.2_0.04_abundance_0.15,C384G;T670G,ORF1a:S40*;ORF1a:S135R,330,4388,0.0752051048313582,1,BA.5.1.27:1
1222026,BA.2_0.04_abundance_0.15,G625C;T670G,ORF1a:K120N;ORF1a:S135R,241,4392,0.0548724954462659,14,BF.5:7;BA.2.12.1:1;BA.5.2.1:1;BA.5.1:1;BQ.1.2:2;BA.2:1;BA.2.9:1
1222026,BA.2_0.04_abundance_0.15,T1702C;T1724C,ORF1a:S479S;ORF1a:F487L,30,2331,0.0128700128700128,0,
1222026,BA.2_0.04_abundance_0.15,T1724C;T1745C,ORF1a:F487L;ORF1a:L494L,87,2332,0.0373070325900514,0,
1222026,BA.2_0.04_abundance_0.15,C2942G;C3037T,ORF1a:L893V;ORF1a:F924F,72,341,0.2111436950146627,18,BA.1:1;AY.112:10;AY.103:2;B.1.617.2:2;AY.39:2;BA.1.1:1
1222026,BA.2_0.04_abundance_0.15,C2942G;T3024C;C3037T,ORF1a:L893V;ORF1a:M920T;ORF1a:F924F,11,341,0.032258064516129,0,
1222026,BA.2_0.04_abundance_0.15,A3673T;T3694G,ORF1a:E1136D;ORF1a:V1143V,5,155,0.032258064516129,0,
1222026,BA.2_0.04_abundance_0.15,A5664G;T5824A,ORF1a:Q1800R;ORF1a:L1853L,50,856,0.058411214953271,0,
1222026,BA.2_0.04_abundance_0.15,T5773G;T5824A,ORF1a:Y1836*;ORF1a:L1853L,38,857,0.0443407234539089,0,
1222026,BA.2_0.04_abundance_0.15,C12880T;T12966C,ORF1a:I4205I;ORF1a:L4234S,760,2121,0.3583215464403583,1,BA.5.2.1:1
1222026,BA.2_0.04_abundance_0.15,C14408T;G14528C,ORF1b:P314L;ORF1b:S354T,202,1050,0.1923809523809523,4,BA.1:2;BA.2.31:1;B.1.1.7:1
1222026,BA.2_0.04_abundance_0.15,C15714T;T15750G,ORF1b:L749L;ORF1b:Y761*,94,3398,0.0276633313713949,0,
1222026,BA.2_0.04_abundance_0.15,C17410T;C17485G,ORF1b:R1315C;ORF1b:L1340V,10,179,0.0558659217877094,0,
1222026,BA.2_0.04_abundance_0.15,A19686T;A19753G,ORF1b:V2073V;ORF1b:N2096D,21,536,0.0391791044776119,0,
1222026,BA.2_0.04_abundance_0.15,T20920C;T20957C,ORF1b:W2485R;ORF1b:L2497P,46,1240,0.0370967741935483,0,
1222026,BA.2_0.04_abundance_0.15,T20920C;A20954G;T20957C,ORF1b:W2485R;ORF1b:D2496G;ORF1b:L2497P,16,1240,0.0129032258064516,0,
1222026,BA.2_0.04_abundance_0.15,T20920C;A20954G,ORF1b:W2485R;ORF1b:D2496G,31,1240,0.025,0,
1222026,BA.2_0.04_abundance_0.15,A20954G;T20957C,ORF1b:D2496G;ORF1b:L2497P,57,1240,0.0459677419354838,0,
1222026,BA.2_0.04_abundance_0.15,C22083T;T22200G,S:P174L;S:V213G,211,849,0.2485276796230859,12,BE.1:1;BA.2.12.1:1;BA.5.2:1;CM.8:1;BF.5:2;BA.5.1:2;BA.5.2.1:1;BE.4:1;BA.5.2.20:1;CL.1:1
1222026,BA.2_0.04_abundance_0.15,C22083T;T22200G;A22237C,S:P174L;S:V213G;S:P225P,61,786,0.0776081424936386,0,
1222026,BA.2_0.04_abundance_0.15,C22083T;G22139C;T22200G;A22237C,S:P174L;S:V193L;S:V213G;S:P225P,8,786,0.010178117048346,0,
1222026,BA.2_0.04_abundance_0.15,C22083T;G22139C;T22200G,S:P174L;S:V193L;S:V213G,42,849,0.0494699646643109,0,
1222026,BA.2_0.04_abundance_0.15,G22139C;T22200G,S:V193L;S:V213G,45,850,0.0529411764705882,25,BA.1:1;BF.14:8;BA.4:1;BA.2:6;BA.2.10:4;BA.5.1.30:1;BA.1.17:2;BA.5.2.1:1;BA.2.12.1:1
1222026,BA.2_0.04_abundance_0.15,G22139C;T22200G;A22237C,S:V193L;S:V213G;S:P225P,17,787,0.0216010165184243,0,
1222026,BA.2_0.04_abundance_0.15,T22200G;A22237C,S:V213G;S:P225P,112,787,0.1423125794155019,13,BN.1.2:1;BE.1:1;BA.5.2:3;BA.2.12.1:1;BA.5.2.1:1;BU.3:1;BF.6:2;BA.5.1:3
1222026,BA.2_0.04_abundance_0.15,C22636A;C22674T;T22679C;C22686T;A22688G;A22786C;G22813T,S:I358I;S:S371F;S:S373P;S:S375F;S:T376A;S:R408S;S:K417N,351,427,0.8220140515222483,3,BA.2.38:2;BA.4.1:1
1222026,BA.2_0.04_abundance_0.15,C22636A;C22674T;T22679C;C22686T;A22688G,S:I358I;S:S371F;S:S373P;S:S375F;S:T376A,23,453,0.0507726269315673,4,BA.2.38:3;BA.4.1:1
1222026,BA.2_0.04_abundance_0.15,C22636A;C22674T;T22679C;C22686T;A22688G;A22786C;G22813T;T22819A,S:I358I;S:S371F;S:S373P;S:S375F;S:T376A;S:R408S;S:K417N;S:A419A,14,426,0.0328638497652582,0,
1222026,BA.2_0.04_abundance_0.15,C22636A;C22674T;T22679C;C22686T;A22688G;G22813T,S:I358I;S:S371F;S:S373P;S:S375F;S:T376A;S:K417N,5,427,0.0117096018735363,4,BA.2.38:3;BA.4.1:1
1222026,BA.2_0.04_abundance_0.15,C22636A;C22674T;T22679C;C22686T;A22688G;A22786C,S:I358I;S:S371F;S:S373P;S:S375F;S:T376A;S:R408S,8,427,0.018735362997658,3,BA.2.38:2;BA.4.1:1
1222026,BA.2_0.04_abundance_0.15,T22942C;G22992A;C22995A;A23013C;A23040G;T23075C,S:N460N;S:S477N;S:T478K;S:E484A;S:Q493R;S:Y505H,5,62,0.0806451612903225,825,BA.1:62;BA.1.1:43;BA.2:645;BA.2.23:3;BA.1.14.1:5;BA.2.3:13;BA.2.12.1:20;BA.1.18:1;BA.2.31:1;BA.2.9:10;BA.2.65:2;BA.1.15:9;BA.2.38:3;BA.2.38.1:2;BA.2.24:2;BA.2.13:1;XAG:1;BA.1.20:2
1222026,BA.2_0.04_abundance_0.15,G22992A;C22995A;A23013C;A23040G;T23075C;A23172C,S:S477N;S:T478K;S:E484A;S:Q493R;S:Y505H;S:K537T,10,40,0.25,2,BA.2.12.1:1;BA.1.1:1
1222026,BA.2_0.04_abundance_0.15,A23172C;A23403G,S:K537T;S:D614G,928,3345,0.2774289985052316,29,B.1.1.7:23;BA.1.1:2;BA.2.12.1:1;BA.5.2:1;B.1.617.2:1;B.1.1.176:1
1222026,BA.2_0.04_abundance_0.15,A23172C;G23349A;A23403G,S:K537T;S:S596N;S:D614G,96,3345,0.0286995515695067,0,
1222026,BA.2_0.04_abundance_0.15,G23349A;A23403G,S:S596N;S:D614G,180,3348,0.053763440860215,72,BA.5.1:3;AY.4.2.1:2;AY.122:4;BA.2.75:4;B.1.1.7:6;AY.9.2:5;B.1.617.2:1;BA.5.1.22:1;AY.43:7;BF.7.13.2:1;BA.5.2.1:1;BA.2.9:1;B.1.2:5;C.36.3:1;AY.69:1;AY.127:1;BA.1.18:1;B.1.206:1;B.1.582:1;AY.44:7;BA.4.2:1;BA.1.1:1;AY.25.1:1;AY.4:4;AY.4.7:1;P.1:4;BA.5.2:1;P.1.14:1;P.4:1;AY.103:1;BQ.1.1.5:2
1222026,BA.2_0.04_abundance_0.15,A24424T;T24437C,S:Q954H;S:L959L,14,117,0.1196581196581196,131,BA.5.5:1;BA.1:6;BA.1.1:24;BA.2.9:15;BA.5.2:7;BA.4.1.6:4;BF.7:1;BA.2.12.1:2;BA.2:28;BA.1.1.11:1;BA.1.1.15:6;BA.5.2.27:2;BQ.1.1:1;BA.1.15:5;BA.5.2.2:1;BE.3:1;BA.5.3.1:1;BA.5.6:3;BA.4.1:1;BA.5.2.1:13;BA.2.75:1;BA.5.2.44:1;BN.1.5:2;BQ.1.25:1;BA.5.1.1:1;BA.2.10:1;BF.5:1
1222026,BA.2_0.04_abundance_0.15,C26015T;C26270T,ORF3a:T208I;E:T9I,69,197,0.350253807106599,31,BA.1:7;BA.1.1:10;BF.7.4:2;BA.1.18:1;BA.1.15:4;BA.2:2;BA.1.17:2;BA.1.1.2:2;BA.1.17.2:1
1222026,BA.2_0.04_abundance_0.15,C26015T;C26270T;A26275C,ORF3a:T208I;E:T9I;E:T11P,8,128,0.0625,0,
1222026,BA.2_0.04_abundance_0.15,C26270T;A26275C,E:T9I;E:T11P,10,182,0.0549450549450549,0,
1222026,BA.2_0.04_abundance_0.15,C26270T;C26388G,E:T9I;E:N48K,24,53,0.4528301886792453,0,
1222026,BA.2_0.04_abundance_0.15,C26270T;A26275C;C26388G,E:T9I;E:T11P;E:N48K,5,53,0.0943396226415094,0,
1222026,BA.2_0.04_abundance_0.15,A27259C;A27340T;G27382C;A27383T;T27384C,ORF6:R20R;ORF6:N47Y;ORF6:D61H;ORF6:D61V;ORF6:D61D,82,1405,0.0583629893238434,4,BA.2:4
1222026,BA.2_0.04_abundance_0.15,T29206G;T29343A,N:A311A;N:I357N,7,556,0.0125899280575539,0,
1222026,BA.2_0.04_abundance_0.15,C29253G;T29343A,N:S327W;N:I357N,7,556,0.0125899280575539,0,
1292026,BA.2_0.04_abundance_0.15,A430C;T670G,ORF1a:E55D;ORF1a:S135R,82,3561,0.0230272395394552,32,BA.2.12.1:2;BA.5.2.7:1;BA.2.3.1:10;BA.2:8;BA.5.2.1:2;BA.4.1:5;BA.2.3:1;BA.5.6:1;BF.10:1;BA.5.1:1
1292026,BA.2_0.04_abundance_0.15,T670G;A827T,ORF1a:S135R;ORF1a:N188Y,30,179,0.1675977653631284,1,BA.2:1
1292026,BA.2_0.04_abundance_0.15,T1104G;T1187C,ORF1a:I280R;ORF1a:S308P,13,732,0.01775956284153,0,
1292026,BA.2_0.04_abundance_0.15,A3008C;C3037T,ORF1a:K915Q;ORF1a:F924F,8,226,0.0353982300884955,6,B.1.617.2:1;B.1.1.7:1;BA.1.15:1;B.1.427:1;AY.122:1;BA.1:1
1292026,BA.2_0.04_abundance_0.15,A5935G;T6006A;A6013T,ORF1a:T1890T;ORF1a:L1914H;ORF1a:P1916P,5,20,0.25,0,
1292026,BA.2_0.04_abundance_0.15,C6365T;A6431C,ORF1a:Q2034*;ORF1a:T2056P,57,1680,0.0339285714285714,0,
1292026,BA.2_0.04_abundance_0.15,A6431C;A6434C,ORF1a:T2056P;ORF1a:I2057L,42,1680,0.025,0,
1292026,BA.2_0.04_abundance_0.15,G7379C;C7423T,ORF1a:V2372L;ORF1a:F2386F,16,559,0.0286225402504472,0,
1292026,BA.2_0.04_abundance_0.15,C9534T;T9655G,ORF1a:T3090I;ORF1a:V3130V,363,1727,0.2101910828025477,0,
1292026,BA.2_0.04_abundance_0.15,T10944C;T10967A,ORF1a:V3560A;ORF1a:F3568I,113,4003,0.0282288283787159,0,
1292026,BA.2_0.04_abundance_0.15,T10944C;T11026C,ORF1a:V3560A;ORF1a:I3587I,450,3368,0.1336104513064133,0,
1292026,BA.2_0.04_abundance_0.15,G11055C;T11180A,ORF1a:S3597T;ORF1a:F3639I,11,388,0.0283505154639175,0,
1292026,BA.2_0.04_abundance_0.15,G11055C;C11202A,ORF1a:S3597T;ORF1a:T3646N,41,388,0.1056701030927835,0,
1292026,BA.2_0.04_abundance_0.15,C12029G;T12113C,ORF1a:Q3922E;ORF1a:S3950P,22,1990,0.0110552763819095,0,
1292026,BA.2_0.04_abundance_0.15,A12595T;G12749T,ORF1a:Q4110H;ORF1a:A4162S,47,2029,0.0231641202562838,0,
1292026,BA.2_0.04_abundance_0.15,A12595T;A12665T,ORF1a:Q4110H;ORF1a:N4134Y,53,2213,0.0239493899683687,0,
1292026,BA.2_0.04_abundance_0.15,A12595T;A12665T;G12749T,ORF1a:Q4110H;ORF1a:N4134Y;ORF1a:A4162S,73,2029,0.0359783144406111,0,
1292026,BA.2_0.04_abundance_0.15,A12665T;G12749T,ORF1a:N4134Y;ORF1a:A4162S,744,2029,0.3666830951207491,0,
1292026,BA.2_0.04_abundance_0.15,G12749T;C12880T,ORF1a:A4162S;ORF1a:I4205I,695,1600,0.434375,112,BF.14:68;CP.5:2;BA.5.2.1:2;BA.4.6:7;BF.28:23;BA.5.5:1;BA.5.1.6:1;BA.5.2.9:2;BA.2:4;BA.5.1:1;BA.2.75:1
1292026,BA.2_0.04_abundance_0.15,G12749T;A12869G;C12880T,ORF1a:A4162S;ORF1a:T4202A;ORF1a:I4205I,305,1600,0.190625,0,
1292026,BA.2_0.04_abundance_0.15,C14408T;G14566T,ORF1b:P314L;ORF1b:A367S,48,127,0.3779527559055118,13,AY.4:2;AY.91:1;AY.44:2;AY.112:1;AY.39.1:1;B.1:1;AY.29.2:3;AY.20:1;B.1.177:1
1292026,BA.2_0.04_abundance_0.15,A16878G;T16908A,ORF1b:T1137T;ORF1b:Y1147*,36,492,0.073170731707317,0,
1292026,BA.2_0.04_abundance_0.15,G17405C;C17410T,ORF1b:R1313T;ORF1b:R1315C,109,3243,0.0336108541473943,0,
1292026,BA.2_0.04_abundance_0.15,C17410T;A17527C,ORF1b:R1315C;ORF1b:T1354P,13,422,0.0308056872037914,0,
1292026,BA.2_0.04_abundance_0.15,T18059A;A18163G,ORF1b:L1531H;ORF1b:I1566V,51,279,0.1827956989247312,2,BA.5.2:1;BA.1:1
1292026,BA.2_0.04_abundance_0.15,T19680A;T19737C,ORF1b:G2071G;ORF1b:D2090D,9,41,0.2195121951219512,0,
1292026,BA.2_0.04_abundance_0.15,T20827A;A21062C,ORF1b:L2454I;ORF1b:K2532T,14,855,0.0163742690058479,0,
1292026,BA.2_0.04_abundance_0.15,T22032G;G22139A;T22200G,S:F157C;S:V193M;S:V213G,39,301,0.1295681063122923,0,
1292026,BA.2_0.04_abundance_0.15,T22032G;T22200G,S:F157C;S:V213G,22,301,0.0730897009966777,6,BA.5.6:1;BE.1.1:1;BA.5.1.22:3;BA.2:1
1292026,BA.2_0.04_abundance_0.15,G22139A;T22200G,S:V193M;S:V213G,141,301,0.4684385382059801,4,BA.5.2.6:1;BA.4.1:1;BA.5.2:1;BA.4.2:1
1292026,BA.2_0.04_abundance_0.15,T22929C;G22992A;C22995A;A23013C;A23040G;T23075C,S:F456S;S:S477N;S:T478K;S:E484A;S:Q493R;S:Y505H,15,594,0.0252525252525252,4,BA.1.1:3;BA.2:1
1292026,BA.2_0.04_abundance_0.15,A22964C;G22992A;C22995A;A23013C;A23040G;T23075C,S:I468L;S:S477N;S:T478K;S:E484A;S:Q493R;S:Y505H,18,594,0.0303030303030303,66,BA.2.41:1;BA.2.3:59;BA.2:3;BA.1.1:3
1292026,BA.2_0.04_abundance_0.15,C23854A;A23863G;G23948T,S:N764K;S:L767L;S:D796Y,47,1071,0.0438842203548085,112,BA.5.5:2;BA.5.2.21:29;BA.5.2.1:8;BA.5.2:3;BE.1.1:18;BF.27:1;BA.4.6:20;BA.5.3.1:1;BA.4.1.1:1;BA.2:4;BA.5.2.22:2;BA.5.2.33:2;BA.1.18:1;BA.2.10:1;BA.2.40.1:6;BA.2.3.20:1;BA.5.1:2;BA.1.1:3;BA.1.20:1;BA.1:1;BA.2.18:1;BA.5.2.9:2;BA.1.13.1:1;BA.4.4:1
1292026,BA.2_0.04_abundance_0.15,C23854A;G23948T;A23949G,S:N764K;S:D796Y;S:D796G,141,1071,0.1316526610644257,38,BA.2.75:1;BF.4:18;BA.1:1;BA.2:3;BE.4:3;BA.5.1:5;BA.5.2.1:1;BF.8:4;BF.5:1;BA.1.1.18:1
1292026,BA.2_0.04_abundance_0.15,C23854A;A23863G;G23948T;A23949G,S:N764K;S:L767L;S:D796Y;S:D796G,13,1071,0.0121381886087768,0,
1292026,BA.2_0.04_abundance_0.15,A24205T;A24248T,S:T881T;S:I896L,16,377,0.0424403183023872,0,
1292026,BA.2_0.04_abundance_0.15,A24205T;A24248T;A24424T,S:T881T;S:I896L;S:Q954H,28,244,0.1147540983606557,0,
1292026,BA.2_0.04_abundance_0.15,A24248T;A24424T,S:I896L;S:Q954H,208,244,0.8524590163934426,10,BA.1.1:2;BA.2:3;BA.1:1;BA.1.16:1;BA.5.1.23:1;BA.5.1:2
1292026,BA.2_0.04_abundance_0.15,T24948C;C25000T,S:V1129A;S:D1146D,224,1558,0.1437740693196405,31,BA.1:2;BA.2.9:3;BA.2:6;BA.1.1:3;BA.4:2;BA.1.17:2;BA.2.10:1;BA.2.12.1:2;BA.2.9.5:1;BQ.1.1:1;BA.1.1.1:1;BA.5.2:3;BA.5.2.28:1;BA.4.6:1;BA.2.38:1;BA.1.17.2:1
1292026,BA.2_0.04_abundance_0.15,T24948C;T24960C;C25000T,S:V1129A;S:V1133A;S:D1146D,28,1558,0.017971758664955,0,
1292026,BA.2_0.04_abundance_0.15,T24960C;C25000T,S:V1133A;S:D1146D,162,1558,0.10397946084724,203,BA.1:8;BA.5.2.1:5;BQ.1.3:98;BA.2.36:11;BA.2.75:10;BA.5.2:2;BA.1.1:10;BA.1.17:22;BA.2.3:1;BF.8:1;BA.2:6;BQ.1.13:1;BA.1.17.2:2;BA.5.2.21:3;BA.1.1.2:1;BA.2.23:3;BA.1.15:4;BA.1.1.18:4;BF.24:1;BA.2.12.1:2;BR.1.2:1;BF.5:1;BA.5.2.31:1;BF.1:1;BE.1.1:2;BQ.1.11:1;BA.5.1:1
1292026,BA.2_0.04_abundance_0.15,T26157G;C26270T,ORF3a:V255V;E:T9I,9,88,0.1022727272727272,5,BA.1:4;BA.1.15:1
1292026,BA.2_0.04_abundance_0.15,T26157G;A26206T;C26270T,ORF3a:V255V;ORF3a:S272C;E:T9I,7,88,0.0795454545454545,0,
1292026,BA.2_0.04_abundance_0.15,A26206T;C26270T,ORF3a:S272C;E:T9I,16,88,0.1818181818181818,55,BA.2.12.1:4;BA.2.9:39;BA.1.20:2;XBB.1:1;BA.5.2.9:1;BA.1.1:2;BA.5.2.2:1;BA.2:3;BA.5.2.1:1;BA.1:1
1292026,BA.2_0.04_abundance_0.15,C26270T;C26388G,E:T9I;E:N48K,22,234,0.094017094017094,0,
1292026,BA.2_0.04_abundance_0.15,C26270T;G26383T,E:T9I;E:V47F,8,234,0.0341880341880341,34,BA.1.1:7;BA.1.1.2:1;BA.1:2;BA.1.17:3;BA.5.1.9:1;BA.5.2:1;BA.2:5;BA.2.3:1;BA.2.3.1:1;BA.1.15:1;BA.5.2.1:4;BA.2.9:2;BA.5.8:1;BA.5.1.22:1;BE.4:1;BF.5:1;BA.2.75:1
1292026,BA.2_0.04_abundance_0.15,G27382C;A27383T;T27384C;A27440C,ORF6:D61H;ORF6:D61V;ORF6:D61D;ORF7a:E16A,344,1603,0.214597629444791,44,BA.2.12.1:6;BA.2.5:1;BA.2.64:32;XBB.1:4;BA.2:1
1292026,BA.2_0.04_abundance_0.15,G27382C;A27383T;T27384C;C27500T,ORF6:D61H;ORF6:D61V;ORF6:D61D;ORF7a:S36F,36,222,0.1621621621621621,169,BA.4.2:4;BA.2.76:1;BA.4.6:19;BA.2:58;B.1.1.7:12;BA.2.3:36;BA.2.9:20;BA.2.1:1;BA.2.12.1:2;BA.2.75:6;XJ:1;BA.2.56:1;BA.4.1:1;BA.2.13:2;BA.2.23:1;BA.2.10:2;XBB.1.5:1;BA.4.1.1:1
1292026,BA.2_0.04_abundance_0.15,G27382C;A27383T;T27384C;A27440C;C27500T,ORF6:D61H;ORF6:D61V;ORF6:D61D;ORF7a:E16A;ORF7a:S36F,9,222,0.0405405405405405,0,
1292026,BA.2_0.04_abundance_0.15,C28311T;C28394G,N:P13L;N:R41G,251,2130,0.1178403755868544,4,BA.2:2;BA.5.1:1;BA.5.2.1:1
1292026,BA.2_0.04_abundance_0.15,A28480G;G28620C,N:G69G;N:G116A,13,684,0.0190058479532163,0,
2052026,BA.2_0.04_abundance_0.15,A2018G;A2046G,ORF1a:M585V;ORF1a:N594S,27,521,0.0518234165067178,0,
2052026,BA.2_0.04_abundance_0.15,A2713T;A2772T,ORF1a:K816N;ORF1a:Y836F,8,385,0.0207792207792207,0,
2052026,BA.2_0.04_abundance_0.15,C4321T;T4369G,ORF1a:A1352A;ORF1a:L1368L,830,1038,0.7996146435452793,4,BA.2.12.1:1;BA.2:1;BA.2.3.13:1;BA.5.5:1
2052026,BA.2_0.04_abundance_0.15,T7876A;A7880G,ORF1a:P2537P;ORF1a:N2539D,12,870,0.0137931034482758,0,
2052026,BA.2_0.04_abundance_0.15,C9133A;C9144T,ORF1a:L2956L;ORF1a:S2960F,914,1397,0.6542591267000716,0,
2052026,BA.2_0.04_abundance_0.15,T9317G;C9344T;A9424G;C9534T,ORF1a:F3018V;ORF1a:L3027F;ORF1a:V3053V;ORF1a:T3090I,595,1536,0.3873697916666667,1,BA.5.1.3:1
2052026,BA.2_0.04_abundance_0.15,T9317G;C9344T;A9424G,ORF1a:F3018V;ORF1a:L3027F;ORF1a:V3053V,117,1807,0.0647482014388489,1,BA.5.1.3:1
2052026,BA.2_0.04_abundance_0.15,C9534T;G9692A,ORF1a:T3090I;ORF1a:A3143T,206,2122,0.0970782280867106,28,BA.2.10:2;BA.2.12.1:1;BA.2.7:1;BA.5.2.1:5;BA.5.2:1;BA.5.1:1;BA.4.6:1;BA.4.1:1;BA.2:8;BA.5.6:2;BA.2.38:1;BA.5.2.9:2;BA.2.75:2
2052026,BA.2_0.04_abundance_0.15,C9534T;G9692A;G9761T,ORF1a:T3090I;ORF1a:A3143T;ORF1a:V3166F,21,1961,0.0107088220295767,0,
2052026,BA.2_0.04_abundance_0.15,C11942A;A11952T;A11991G;T11997G;A12030G;G12052T;C12099A;A12103T;T12112G;A12126T,ORF1a:Q3893K;ORF1a:N3896I;ORF1a:E3909G;ORF1a:M3911R;ORF1a:Q3922R;ORF1a:K3929N;ORF1a:A3945D;ORF1a:S3946S;ORF1a:S3949R;ORF1a:Y3954F,21,1022,0.0205479452054794,0,
2052026,BA.2_0.04_abundance_0.15,C12880T;G13004A,ORF1a:I4205I;ORF1a:A4247T,161,1168,0.1378424657534246,24,BA.5.5:2;BA.2:9;BA.4.6:1;B.1.1.7:2;BE.1.1:4;BA.2.37:1;BA.2.75:1;BA.5.2:1;BF.10:1;BA.2.45:2
2052026,BA.2_0.04_abundance_0.15,C12880T;A13024C,ORF1a:I4205I;ORF1a:Q4253H,181,1158,0.1563039723661485,2,BQ.1.1.9:1;BQ.1:1
2052026,BA.2_0.04_abundance_0.15,C12880T;G13004A;A13024C,ORF1a:I4205I;ORF1a:A4247T;ORF1a:Q4253H,31,1158,0.0267702936096718,0,
2052026,BA.2_0.04_abundance_0.15,C14408T;T14532G,ORF1b:P314L;ORF1b:S355S,30,543,0.0552486187845303,5,B.1.1.7:1;B.1.2:1;BA.1.1:1;BA.1.17:2
2052026,BA.2_0.04_abundance_0.15,T15507G;C15714T,ORF1b:Y680*;ORF1b:L749L,31,407,0.0761670761670761,0,
2052026,BA.2_0.04_abundance_0.15,C15694A;C15714T,ORF1b:H743N;ORF1b:L749L,182,5234,0.0347726404279709,2,BA.2:2
2052026,BA.2_0.04_abundance_0.15,C17141A;C17410T,ORF1b:A1225D;ORF1b:R1315C,1459,2963,0.4924063449206884,1,BA.5.2.1:1
2052026,BA.2_0.04_abundance_0.15,C17410T;T17535G,ORF1b:R1315C;ORF1b:G1356G,110,146,0.7534246575342466,0,
2052026,BA.2_0.04_abundance_0.15,T17442G;T17535G,ORF1b:P1325P;ORF1b:G1356G,23,1112,0.02068345323741,0,
2052026,BA.2_0.04_abundance_0.15,C17762A;G17764T;T17771A;C17818T;T17859C;T17863G;C17885T;T17901G;T17922A,ORF1b:A1432D;ORF1b:V1433F;ORF1b:I1435N;ORF1b:L1451L;ORF1b:Y1464Y;ORF1b:Y1466D;ORF1b:T1473I;ORF1b:S1478S;ORF1b:N1485K,10,463,0.0215982721382289,0,
2052026,BA.2_0.04_abundance_0.15,A18163G;T18236A,ORF1b:I1566V;ORF1b:V1590D,62,1168,0.0530821917808219,1,BA.1.1:1
2052026,BA.2_0.04_abundance_0.15,A21460T;C21618T,ORF1b:N2665Y;S:T19I,29,207,0.1400966183574879,1,BA.2:1
2052026,BA.2_0.04_abundance_0.15,T21537C;C21618T,ORF1b:D2690D;S:T19I,5,207,0.0241545893719806,179,BA.2.18:5;BA.2.10.1:5;BA.5.2:13;BE.1:1;CH.1.1:1;BA.2.64:67;BE.1.1:12;BA.2:51;BA.4.1:1;BA.5.5:1;BQ.1.16:2;BA.5.1:2;BA.2.38:1;BA.2.75:2;BF.10:1;BA.2.12.1:3;BA.5.2.1:3;BA.5:1;CF.1:1;BA.2.65:2;BA.5.2.27:1;BA.2.9:1;BA.4.4:1;BF.5:1
2052026,BA.2_0.04_abundance_0.15,T21773G;G21987A,S:S71A;S:G142D,71,2070,0.0342995169082125,322,BA.5.2.3:1;BA.2:227;XBB.1:1;BA.2.65:2;BF.11:45;AY.4.2:3;BA.2.38:1;AY.20:1;AY.57:1;BA.4.6:1;AY.103:5;AY.110:1;BA.5.2.1:2;BA.5.1.30:1;BF.10:7;AY.4.4:2;BA.2.74:6;BA.2.12.1:2;AY.91:1;AY.3:1;BE.1.1:1;AY.25.1:1;AY.4:3;BA.5.1:1;BA.2.9:1;AY.25:4
2052026,BA.2_0.04_abundance_0.15,C22674T;T22679C;C22686T;A22688G;A22755C;G22813T,S:S371F;S:S373P;S:S375F;S:T376A;S:D398A;S:K417N,84,344,0.2441860465116279,0,
2052026,BA.2_0.04_abundance_0.15,C23525T;T23599G;C23604A;G23616A,S:H655Y;S:N679K;S:P681H;S:R685H,119,155,0.7677419354838709,7,BA.5.1.22:1;BA.2.75:1;BA.1.15:1;BA.2.10:2;BA.5:1;BA.1:1
2052026,BA.2_0.04_abundance_0.15,G23948T;A24021T,S:D796Y;S:D820V,8,124,0.064516129032258,2,BA.5.2:1;BA.5.5:1
2052026,BA.2_0.04_abundance_0.15,A24315C;A24424T,S:E918A;S:Q954H,61,396,0.154040404040404,13,BA.2:2;BA.1:1;BF.27:3;BA.1.1:2;BA.5.2.1:4;BA.2.12.1:1
2052026,BA.2_0.04_abundance_0.15,A24424T;T24682G,S:Q954H;S:V1040V,11,98,0.1122448979591836,5,BA.1.1:2;BA.5.2.1:1;BA.5.1:2
2052026,BA.2_0.04_abundance_0.15,T24799A;C25000T,S:P1079P;S:D1146D,97,1166,0.0831903945111492,101,BA.2:28;BA.1:12;BA.1.1:8;BA.1.14.1:1;BF.3:10;BF.7:5;BA.4:1;BA.5.2.1:14;BA.2.3:3;BA.4.6:3;BA.1.17.2:1;BA.5.1.22:1;BA.2.10:3;BA.2.12.1:1;BA.1.1.18:1;BA.2.9:1;BA.5.1:2;BA.5.2:2;BA.5.6:1;BQ.1.1.18:2;BF.28:1
2052026,BA.2_0.04_abundance_0.15,C25100T;G25173A,S:Q1180*;S:G1204E,15,314,0.0477707006369426,0,
2052026,BA.2_0.04_abundance_0.15,C25100T;G25173A;T25202A,S:Q1180*;S:G1204E;S:W1214R,16,314,0.0509554140127388,0,
2052026,BA.2_0.04_abundance_0.15,C25100T;T25202A,S:Q1180*;S:W1214R,36,314,0.1146496815286624,0,
2052026,BA.2_0.04_abundance_0.15,C25100T;G25173A;T25202A;T25322G,S:Q1180*;S:G1204E;S:W1214R;S:C1254G,5,241,0.0207468879668049,0,
2052026,BA.2_0.04_abundance_0.15,G25173A;T25202A,S:G1204E;S:W1214R,28,314,0.0891719745222929,0,
2052026,BA.2_0.04_abundance_0.15,T25202A;T25322G,S:W1214R;S:C1254G,9,241,0.0373443983402489,0,
2052026,BA.2_0.04_abundance_0.15,T25322G;C25584T,S:C1254G;ORF3a:T64T,108,966,0.1118012422360248,5,BA.5.1.7:1;BA.5.2:1;BA.1.1.14:1;BF.4:2
2052026,BA.2_0.04_abundance_0.15,T25404C;C25584T,ORF3a:F4F;ORF3a:T64T,32,996,0.0321285140562249,23,BA.5.1:4;BA.1.1:3;BA.2.3:1;BA.5.2:2;BA.4.1:1;BA.5.8:1;BA.2.3.12:1;BA.2:4;BA.1:2;BA.5.1.24:2;BA.1.17:1;BA.2.61:1
2052026,BA.2_0.04_abundance_0.15,A25506T;C25584T,ORF3a:Q38H;ORF3a:T64T,28,996,0.0281124497991967,131,BA.5.2:28;BA.2:11;BA.1.1:15;BA.5.2.1:8;BA.5.5:1;BA.4.1:17;BA.5.2.7:2;BE.1.1:4;BA.2.12.1:4;BA.2.8:5;BA.1:3;BA.2.9:11;BA.2.75:5;BA.5.1:2;BA.5.2.9:2;BA.1.15:3;BA.4.6:7;BA.2.3:2;BA.4:1
2052026,BA.2_0.04_abundance_0.15,C25549A;C25584T,ORF3a:L53I;ORF3a:T64T,18,996,0.0180722891566265,209,BF.21:61;BA.1:38;BQ.1.1:3;BA.1.1:7;BA.5.2.25:1;BA.4.1:2;BA.1.14.1:15;BA.5.1:28;BA.2.23.1:2;BA.5.2:8;BA.1.1.13:1;BA.5.2.1:2;BA.5.6:1;BA.5:8;BA.2.12.1:2;BA.5.3.1:1;BA.2:11;BA.5.1.10:1;BA.2.9:1;CA.5:1;BA.1.12:1;BA.5.5:2;BA.5.1.3:7;BF.7:1;BA.1.1.18:1;BA.1.17:2;BA.2.75.1:1
2052026,BA.2_0.04_abundance_0.15,T25554A;C25584T,ORF3a:A54A;ORF3a:T64T,29,996,0.0291164658634538,47,BA.1.1:1;BA.5.1:9;BQ.1.1.13:1;BQ.1.1.8:8;BA.4.1:1;BA.1.17:1;BA.2:15;BA.2.65:1;BA.1:1;BA.5.2.1:1;BF.10:1;BA.1.19:1;BE.1.1.1:1;BA.2.9:1;BQ.1.1.6:1;BA.1.20:1;BA.1.17.2:1;BQ.1.1.15:1
2052026,BA.2_0.04_abundance_0.15,T26038C;C26270T,ORF3a:S216P;E:T9I,69,210,0.3285714285714285,245,BA.1:14;BA.1.1:60;BA.2.40.1:3;BA.2.9:17;BA.5.2:8;BA.5.1.1:1;BA.2.75:3;BA.5.1:11;BA.4.6:66;BA.1.21:1;BA.2.12.2:1;XBB.1:2;BA.1.18:9;BF.8:2;BF.7:3;BA.1.20:4;BA.5.5:2;BA.2.10:2;BA.1.15:7;BA.1.17.2:1;BA.1.1.13:1;BA.5.6:3;BA.2.3:1;BA.1.1.2:1;BA.2:10;BA.5.2.1:2;BA.2.12.1:1;BA.4.1:1;BA.2.1:3;BE.1.1.1:1;BA.1.1.1:1;BA.4.6.5:1;BF.10:1;BA.1.1.11:1
2052026,BA.2_0.04_abundance_0.15,C26858T;T27049A,M:F112F;M:L176H,9,33,0.2727272727272727,0,
2052026,BA.2_0.04_abundance_0.15,G26899C;T27049A,M:G126A;M:L176H,6,510,0.0117647058823529,0,
2052026,BA.2_0.04_abundance_0.15,T27049A;C27085A,M:L176H;M:A188E,33,480,0.06875,0,
2052026,BA.2_0.04_abundance_0.15,T28196G;C28311T,ORF8:R101R;N:P13L,241,1960,0.1229591836734693,12,BA.1.1:2;BA.5.2.9:4;BA.1:2;BA.5.2:2;BA.1.17.2:1;BA.5.1.23:1
2052026,BA.2_0.04_abundance_0.15,T29036G;C29061T;A29079C;G29106T;G29132T;A29181T;G29204T;T29225G;A29237G;C29247T;C29280A,N:S255A;N:T263I;N:N269T;N:G278V;N:G287W;N:Q303L;N:A311S;N:S318A;N:M322V;N:T325I;N:A336D,30,1466,0.0204638472032742,0,
2122026,BA.2_0.04_abundance_0.15,G1018A;A1049G;T1073G;T1086C;A1109T;T1114C;C1122T;C1221A;T1240C;A1269C;T1285C,ORF1a:L251L;ORF1a:K262E;ORF1a:C270G;ORF1a:V274A;ORF1a:K282*;ORF1a:T283T;ORF1a:P286L;ORF1a:T319N;ORF1a:H325H;ORF1a:D335A;ORF1a:T340T,83,3272,0.0253667481662591,0,
2122026,BA.2_0.04_abundance_0.15,G1607T;C1645A;A1646T;G1661C;C1663A;G1748A;C1762G;A1799G;A1814G;A1844C;A1870T,ORF1a:D448Y;ORF1a:N460K;ORF1a:I461F;ORF1a:D466H;ORF1a:D466E;ORF1a:D495N;ORF1a:F499L;ORF1a:T512A;ORF1a:K517E;ORF1a:K527Q;ORF1a:A535A,11,482,0.0228215767634854,0,
2122026,BA.2_0.04_abundance_0.15,C1645A;A1646T;G1661C;C1663A;G1748A;C1762G;A1799G;A1814G;A1844C;A1870T,ORF1a:N460K;ORF1a:I461F;ORF1a:D466H;ORF1a:D466E;ORF1a:D495N;ORF1a:F499L;ORF1a:T512A;ORF1a:K517E;ORF1a:K527Q;ORF1a:A535A,46,1917,0.0239958268127282,0,
2122026,BA.2_0.04_abundance_0.15,A1652T;G1748C,ORF1a:I463F;ORF1a:D495H,77,2050,0.037560975609756,0,
2122026,BA.2_0.04_abundance_0.15,T2052G;G2144A,ORF1a:V596G;ORF1a:V627I,16,44,0.3636363636363636,0,
2122026,BA.2_0.04_abundance_0.15,G2875T;G2946A;T2959C;A2977T;A2986G;T3001C;A3010T;T3026G;C3037T;C3045T;G3059T;A3094T;T3106C;T3144A,ORF1a:E870D;ORF1a:G894D;ORF1a:D898D;ORF1a:T904T;ORF1a:L907L;ORF1a:G912G;ORF1a:K915N;ORF1a:Y921D;ORF1a:F924F;ORF1a:P927L;ORF1a:E932*;ORF1a:P943P;ORF1a:Y947Y;ORF1a:L960*,6,586,0.0102389078498293,0,
2122026,BA.2_0.04_abundance_0.15,G2875T;G2946A;T2959C;A2977T;A2986G;T3001C;A3010T;T3026G;C3037T;C3045T;A3094T;T3106C;T3144A,ORF1a:E870D;ORF1a:G894D;ORF1a:D898D;ORF1a:T904T;ORF1a:L907L;ORF1a:G912G;ORF1a:K915N;ORF1a:Y921D;ORF1a:F924F;ORF1a:P927L;ORF1a:P943P;ORF1a:Y947Y;ORF1a:L960*,12,586,0.0204778156996587,0,
2122026,BA.2_0.04_abundance_0.15,T3007C;C3037T;G3059T,ORF1a:F914F;ORF1a:F924F;ORF1a:E932*,12,644,0.0186335403726708,0,
2122026,BA.2_0.04_abundance_0.15,C3037T;G3059T,ORF1a:F924F;ORF1a:E932*,156,644,0.2422360248447205,17,B.1.525:10;BA.1.1:1;B.1.1.7:4;B.1.2:1;AY.122:1
2122026,BA.2_0.04_abundance_0.15,T4186C;C4321T,ORF1a:G1307G;ORF1a:A1352A,6,43,0.1395348837209302,64,BQ.1.1.1:1;BA.2:19;BQ.1.1.22:1;BA.2.3:1;BA.5.2:3;BA.5.5:1;BA.5.2.1:8;BE.1:1;BA.5.2.22:1;BA.5.2.19:1;BA.2.24:1;BA.2.9:20;BF.21:1;BA.5.1.18:2;BA.2.12.1:2;BE.1.1:1
2122026,BA.2_0.04_abundance_0.15,C4321T;C4374A,ORF1a:A1352A;ORF1a:T1370N,13,43,0.3023255813953488,2,BA.2:2
2122026,BA.2_0.04_abundance_0.15,C4374A;T4634A,ORF1a:T1370N;ORF1a:L1457I,28,624,0.0448717948717948,0,
2122026,BA.2_0.04_abundance_0.15,T6556C;G6589C;T6598G;G6632A;T6668G;T6699G,ORF1a:A2097A;ORF1a:K2108N;ORF1a:N2111K;ORF1a:A2123T;ORF1a:W2135G;ORF1a:F2145C,6,163,0.0368098159509202,0,
2122026,BA.2_0.04_abundance_0.15,C7392A;A7409G;G7476A;T7489A;T7499A;C7536G,ORF1a:P2376Q;ORF1a:R2382G;ORF1a:C2404Y;ORF1a:T2408T;ORF1a:C2412S;ORF1a:T2424R,6,115,0.0521739130434782,0,
2122026,BA.2_0.04_abundance_0.15,A7710C;G7761C;C7772A;G7781T;C7788G;G7790T;T7801A;C7860T;T7861A;T7876A,ORF1a:N2482T;ORF1a:G2499A;ORF1a:L2503I;ORF1a:D2506Y;ORF1a:A2508G;ORF1a:G2509C;ORF1a:T2512T;ORF1a:T2532I;ORF1a:T2532T;ORF1a:P2537P,13,465,0.0279569892473118,0,
2122026,BA.2_0.04_abundance_0.15,G8324T;G8459A,ORF1a:D2687Y;ORF1a:A2732T,7,424,0.0165094339622641,0,
2122026,BA.2_0.04_abundance_0.15,A8378G;A8388T;T8421A;G8422C,ORF1a:K2705E;ORF1a:N2708I;ORF1a:M2719K;ORF1a:M2719I,10,424,0.0235849056603773,0,
2122026,BA.2_0.04_abundance_0.15,G8939A;T8954C;G8975C;G9003C;A9023G;T9089A;C9122G;G9130C;G9137A;C9163T;G9173A;T9183C,ORF1a:V2892I;ORF1a:Y2897H;ORF1a:E2904Q;ORF1a:C2913S;ORF1a:T2920A;ORF1a:S2942T;ORF1a:R2953G;ORF1a:V2955V;ORF1a:D2958N;ORF1a:N2966N;ORF1a:E2970K;ORF1a:V2973A,14,400,0.035,0,
2122026,BA.2_0.04_abundance_0.15,C9344T;C9399G;A9424G;C9534T,ORF1a:L3027F;ORF1a:A3045G;ORF1a:V3053V;ORF1a:T3090I,94,549,0.1712204007285974,0,
2122026,BA.2_0.04_abundance_0.15,C9344T;C9399G;A9424G,ORF1a:L3027F;ORF1a:A3045G;ORF1a:V3053V,18,660,0.0272727272727272,0,
2122026,BA.2_0.04_abundance_0.15,C9534T;A9670T,ORF1a:T3090I;ORF1a:L3135F,477,1079,0.4420759962928637,1,BA.2:1
2122026,BA.2_0.04_abundance_0.15,C9534T;C9565G;T9574A;T9680A;T9695G;C9700A;G9705A;A9740C;A9748C;A9754C;C9755T,ORF1a:T3090I;ORF1a:F3100L;ORF1a:G3103G;ORF1a:W3139R;ORF1a:Y3144D;ORF1a:I3145I;ORF1a:C3147Y;ORF1a:N3159H;ORF1a:L3161L;ORF1a:R3163S;ORF1a:R3164C,14,1006,0.0139165009940357,0,
2122026,BA.2_0.04_abundance_0.15,C9534T;C9565G;T9574A;A9670T;T9680A;T9695G;C9700A;G9705A;A9740C;A9748C;A9754C;C9755T,ORF1a:T3090I;ORF1a:F3100L;ORF1a:G3103G;ORF1a:L3135F;ORF1a:W3139R;ORF1a:Y3144D;ORF1a:I3145I;ORF1a:C3147Y;ORF1a:N3159H;ORF1a:L3161L;ORF1a:R3163S;ORF1a:R3164C,11,1006,0.0109343936381709,0,
2122026,BA.2_0.04_abundance_0.15,A10431T;G10447A;C10449A;G10601C,ORF1a:Y3389F;ORF1a:R3394R;ORF1a:P3395H;ORF1a:G3446R,32,663,0.0482654600301659,0,
2122026,BA.2_0.04_abundance_0.15,A10431T;G10447A;C10449A,ORF1a:Y3389F;ORF1a:R3394R;ORF1a:P3395H,220,663,0.3318250377073906,0,
2122026,BA.2_0.04_abundance_0.15,A10431T;G10447A;C10449A;G10467T,ORF1a:Y3389F;ORF1a:R3394R;ORF1a:P3395H;ORF1a:G3401V,32,663,0.0482654600301659,0,
2122026,BA.2_0.04_abundance_0.15,G10447A;C10449A;G10467T,ORF1a:R3394R;ORF1a:P3395H;ORF1a:G3401V,51,663,0.0769230769230769,1,BA.2:1
2122026,BA.2_0.04_abundance_0.15,G10447A;C10449A;G10601C,ORF1a:R3394R;ORF1a:P3395H;ORF1a:G3446R,45,663,0.0678733031674208,1,BA.2.38:1
2122026,BA.2_0.04_abundance_0.15,C10714T;T10813G;A10842C;T10852A;C10871A;C10889G;T10913A;T10968G;A10972C;A10987G,ORF1a:L3483L;ORF1a:L3516L;ORF1a:D3526A;ORF1a:A3529A;ORF1a:Q3536K;ORF1a:R3542G;ORF1a:L3550I;ORF1a:F3568C;ORF1a:Q3569H;ORF1a:R3574R,33,1434,0.0230125523012552,0,
2122026,BA.2_0.04_abundance_0.15,G10961C;C10965T,ORF1a:V3566L;ORF1a:T3567I,36,1437,0.0250521920668058,0,
2122026,BA.2_0.04_abundance_0.15,G11064C;T11079G;T11107G;T11125G;T11135C;T11149A;T11164G;T11197G;G11230T;G11310T,ORF1a:W3600S;ORF1a:F3605C;ORF1a:F3614L;ORF1a:A3620A;ORF1a:F3624L;ORF1a:F3628L;ORF1a:H3633Q;ORF1a:L3644L;ORF1a:M3655I;ORF1a:C3682F,35,1277,0.0274079874706343,0,
2122026,BA.2_0.04_abundance_0.15,T11940C;C11942A;A11952T;A11991G;T11997G;C12005G;A12030G;G12052T;C12099A;A12103T;T12112G;C12123G;A12126T;A12130C,ORF1a:V3892A;ORF1a:Q3893K;ORF1a:N3896I;ORF1a:E3909G;ORF1a:M3911R;ORF1a:L3914V;ORF1a:Q3922R;ORF1a:K3929N;ORF1a:A3945D;ORF1a:S3946S;ORF1a:S3949R;ORF1a:S3953*;ORF1a:Y3954F;ORF1a:A3955A,75,2934,0.025562372188139,0,
2122026,BA.2_0.04_abundance_0.15,A12506C;G12554C,ORF1a:K4081Q;ORF1a:E4097Q,159,1029,0.1545189504373177,0,
2122026,BA.2_0.04_abundance_0.15,A12506C;T12542A,ORF1a:K4081Q;ORF1a:S4093T,18,1029,0.0174927113702623,0,
2122026,BA.2_0.04_abundance_0.15,T12542A;G12554C,ORF1a:S4093T;ORF1a:E4097Q,20,1029,0.0194363459669582,0,
2122026,BA.2_0.04_abundance_0.15,C12880T;G12938C,ORF1a:I4205I;ORF1a:V4225L,377,1415,0.2664310954063604,0,
2122026,BA.2_0.04_abundance_0.15,G13076A;G13100T;T13111A;C13134G;A13139G;G13148C;A13169C;A13187G;C13206T;A13237C;G13332T,ORF1a:A4271T;ORF1a:A4279S;ORF1a:D4282E;ORF1a:P4290R;ORF1a:T4292A;ORF1a:V4295L;ORF1a:T4302P;ORF1a:I4308V;ORF1a:A4314V;ORF1a:A4324A;ORF1a:C4356F,40,1629,0.0245549416820135,0,
2122026,BA.2_0.04_abundance_0.15,T13529A;T13545C;C13554A,ORF1b:V21D;ORF1b:F26F;ORF1b:Y29*,10,403,0.0248138957816377,0,
2122026,BA.2_0.04_abundance_0.15,A13947T;A13969G;C13987T;A14012T;T14019A;G14020A;T14037C;C14057G;C14110G;A14121T;T14136A;A14142C;A14164T;G14187T;G14202A;T14221A,ORF1b:P160P;ORF1b:N168D;ORF1b:R174C;ORF1b:Q182L;ORF1b:C184*;ORF1b:D185N;ORF1b:A190A;ORF1b:T197R;ORF1b:Q215E;ORF1b:P218P;ORF1b:P223P;ORF1b:V225V;ORF1b:M233L;ORF1b:R240S;ORF1b:E245E;ORF1b:L252I,7,203,0.0344827586206896,0,
2122026,BA.2_0.04_abundance_0.15,A13969G;C13987T;A14012T;T14019A;G14020A;T14037C;C14057G;C14110G;A14121T;T14136A;A14142C;A14164T;G14187T;G14202A;T14221A,ORF1b:N168D;ORF1b:R174C;ORF1b:Q182L;ORF1b:C184*;ORF1b:D185N;ORF1b:A190A;ORF1b:T197R;ORF1b:Q215E;ORF1b:P218P;ORF1b:P223P;ORF1b:V225V;ORF1b:M233L;ORF1b:R240S;ORF1b:E245E;ORF1b:L252I,32,1493,0.0214333556597454,0,
2122026,BA.2_0.04_abundance_0.15,C14583T;G14587C;C14618A;A14651C;T14652C;G14701T;C14760A;T14769G;A14795C,ORF1b:H372H;ORF1b:A374P;ORF1b:T384N;ORF1b:N395T;ORF1b:N395N;ORF1b:D412Y;ORF1b:F431L;ORF1b:A434A;ORF1b:D443A,6,413,0.0145278450363196,0,
2122026,BA.2_0.04_abundance_0.15,G14587C;C14618A;A14651C;T14652C;G14701T;C14760A;T14769G;A14795C,ORF1b:A374P;ORF1b:T384N;ORF1b:N395T;ORF1b:N395N;ORF1b:D412Y;ORF1b:F431L;ORF1b:A434A;ORF1b:D443A,12,801,0.0149812734082397,0,
2122026,BA.2_0.04_abundance_0.15,G15543A;G15550A;C15566A;A15580T;G15627C;G15649T;G15672A;C15714T;C15716T;T15729A;T15737A;A15742C;A15772G,ORF1b:T692T;ORF1b:V695I;ORF1b:S700Y;ORF1b:K705*;ORF1b:E720D;ORF1b:V728F;ORF1b:E735E;ORF1b:L749L;ORF1b:S750F;ORF1b:V754V;ORF1b:F757Y;ORF1b:S759R;ORF1b:S769G,64,2781,0.0230133045667026,0,
2122026,BA.2_0.04_abundance_0.15,C15688A;C15714T,ORF1b:R741S;ORF1b:L749L,447,2999,0.1490496832277426,1,BA.4.1:1
2122026,BA.2_0.04_abundance_0.15,T15915G;T15916C;A15917T;T15920G;G15961C;T16004G;G16027C;A16055T;A16128T;G16130A,ORF1b:D816E;ORF1b:Y817H;ORF1b:Y817F;ORF1b:V818G;ORF1b:G832R;ORF1b:M846R;ORF1b:A854P;ORF1b:H863L;ORF1b:T887T;ORF1b:G888E,63,2333,0.0270038576939562,0,
2122026,BA.2_0.04_abundance_0.15,T16908A;T16913C;A16923C;C16928T;G16959C;A16967G;C17000A;A17037T;G17058A;T17067G,ORF1b:Y1147*;ORF1b:V1149A;ORF1b:S1152S;ORF1b:T1154I;ORF1b:V1164V;ORF1b:E1167G;ORF1b:T1178K;ORF1b:A1190A;ORF1b:M1197I;ORF1b:Y1200*,46,1402,0.0328102710413694,0,
2122026,BA.2_0.04_abundance_0.15,T17150G;T17208C;T17224G;T17226G;A17233G;A17269C;T17319C;T17364A;C17372A;T17379C;C17403G,ORF1b:V1228G;ORF1b:Y1247Y;ORF1b:C1253G;ORF1b:C1253W;ORF1b:I1256V;ORF1b:K1268Q;ORF1b:N1284N;ORF1b:I1299I;ORF1b:A1302D;ORF1b:N1304N;ORF1b:A1312A,53,4362,0.0121503897294818,0,
2122026,BA.2_0.04_abundance_0.15,T17150G;T17208C;T17224G;T17226G;A17233G;A17269C;T17319C;T17364A;C17372A;T17379C;C17403G;C17410T,ORF1b:V1228G;ORF1b:Y1247Y;ORF1b:C1253G;ORF1b:C1253W;ORF1b:I1256V;ORF1b:K1268Q;ORF1b:N1284N;ORF1b:I1299I;ORF1b:A1302D;ORF1b:N1304N;ORF1b:A1312A;ORF1b:R1315C,39,3283,0.0118793786171184,0,
2122026,BA.2_0.04_abundance_0.15,G17298C;C17410T,ORF1b:Q1277H;ORF1b:R1315C,1335,3283,0.4066402680475175,0,
2122026,BA.2_0.04_abundance_0.15,G17298C;T17387G;C17410T,ORF1b:Q1277H;ORF1b:L1307W;ORF1b:R1315C,56,3283,0.0170575692963752,0,
2122026,BA.2_0.04_abundance_0.15,T17387G;C17410T,ORF1b:L1307W;ORF1b:R1315C,62,3286,0.0188679245283018,1,BA.5.2.1:1
2122026,BA.2_0.04_abundance_0.15,A17429C;T17442G;C17463A;G17469C;T17510G;A17525C;A17593G;G17602C;A17606C;A17614T;C17649T;T17714A,ORF1b:Y1321S;ORF1b:P1325P;ORF1b:R1332R;ORF1b:L1334F;ORF1b:V1348G;ORF1b:K1353T;ORF1b:S1376G;ORF1b:V1379L;ORF1b:Y1380S;ORF1b:K1383*;ORF1b:C1394C;ORF1b:I1416K,42,1785,0.0235294117647058,0,
2122026,BA.2_0.04_abundance_0.15,T18033A;A18163G,ORF1b:T1522T;ORF1b:I1566V,26,1361,0.0191036002939015,24,BA.5.2.21:2;BA.1:9;BA.1.1.2:4;BA.2:9
2122026,BA.2_0.04_abundance_0.15,C18041A;G18088C;C18094T;T18123G;G18145A;A18163G;G18213T;T18276A,ORF1b:A1525D;ORF1b:G1541R;ORF1b:H1543Y;ORF1b:S1552R;ORF1b:E1560K;ORF1b:I1566V;ORF1b:M1582I;ORF1b:A1603A,29,1258,0.0230524642289348,0,
2122026,BA.2_0.04_abundance_0.15,G18148T;A18163G,ORF1b:G1561C;ORF1b:I1566V,193,1362,0.1417033773861967,57,BA.1.1:24;BA.2.10:9;BA.5.2.9:2;BA.1.17.2:3;BA.1:3;BF.8:1;BE.1.1:2;BA.4.1:1;BA.2.3.2:1;BA.5.1.8:1;BA.2:3;BA.5.2.1:1;BA.5.2:4;BA.5.1:2
2122026,BA.2_0.04_abundance_0.15,C18976G;C19018T;G19072T;C19089A;C19099A;C19103G;T19146C;G19177A;G19194C;G19207A,ORF1b:Q1837E;ORF1b:P1851S;ORF1b:D1869Y;ORF1b:F1874L;ORF1b:Q1878K;ORF1b:P1879R;ORF1b:S1893S;ORF1b:G1904S;ORF1b:W1909C;ORF1b:D1914N,17,701,0.0242510699001426,0,
2122026,BA.2_0.04_abundance_0.15,A20539G;C20544G;C20648A;T20701C;A20741C;T20748G;G20750A;T20757G;A20761T;A20778C,ORF1b:K2358E;ORF1b:S2359S;ORF1b:P2394Q;ORF1b:Y2412H;ORF1b:Q2425P;ORF1b:Y2427*;ORF1b:G2428D;ORF1b:S2430R;ORF1b:T2432S;ORF1b:I2437I,11,242,0.0454545454545454,0,
2122026,BA.2_0.04_abundance_0.15,A22668T;C22674T;T22679C;C22686T;A22688G;G22775A;G22813T,S:Y369F;S:S371F;S:S373P;S:S375F;S:T376A;S:D405N;S:K417N,307,501,0.6127744510978044,3,BA.5.1:1;BA.2:1;BF.5:1
2122026,BA.2_0.04_abundance_0.15,A22668T;C22674T;T22679C;C22686T;A22688G,S:Y369F;S:S371F;S:S373P;S:S375F;S:T376A,21,534,0.0393258426966292,4,BA.5.1:1;BA.2:1;BF.5:1;BA.4.1.4:1
2122026,BA.2_0.04_abundance_0.15,T23178A;A23181C;T23183C;G23222T;G23264C;T23272A;C23280A;C23286G;G23288T;T23289A;T23308A;G23309C;T23322A;A23357G;T23377G;C23393A;A23397C;A23403G;T23421C,S:V539D;S:N540T;S:F541L;S:E554*;S:D568H;S:A570A;S:T573N;S:A575G;S:V576F;S:V576D;S:L582L;S:E583Q;S:I587N;S:T599A;S:S605S;S:L611I;S:Y612S;S:D614G;S:V620A,19,1096,0.0173357664233576,0,
2122026,BA.2_0.04_abundance_0.15,A23192G;A23403G,S:N544D;S:D614G,62,1097,0.056517775752051,5,BA.1.1:1;AY.33:1;XBB.1:1;BA.2:2
2122026,BA.2_0.04_abundance_0.15,A23541G;T23599G;C23604A,S:Y660C;S:N679K;S:P681H,58,506,0.1146245059288537,4,BF.10:2;BA.1.1:1;BA.5.5:1
2122026,BA.2_0.04_abundance_0.15,A24424T;G24546C,S:Q954H;S:R995T,11,25,0.44,0,
2122026,BA.2_0.04_abundance_0.15,C25000T;G25033C,S:D1146D;S:K1157N,158,548,0.2883211678832116,12,BA.5.2.35:5;BA.2.12.1:1;BA.1.1:2;BA.2:3;BF.26:1
2122026,BA.2_0.04_abundance_0.15,G25033C;C25276G,S:K1157N;S:T1238T,5,69,0.072463768115942,0,
2122026,BA.2_0.04_abundance_0.15,C25318G;T25343C;A25351G;T25370A;T25476G;C25484G;T25496G;C25508G;T25532G;C25549A;G25555A;C25584T;T25586A;T25628A,S:S1252S;S:S1261P;S:P1263P;S:L1270I;ORF3a:F28L;ORF3a:A31G;ORF3a:I35R;ORF3a:A39G;ORF3a:I47S;ORF3a:L53I;ORF3a:V55I;ORF3a:T64T;ORF3a:L65H;ORF3a:F79Y,25,745,0.0335570469798657,0,
2122026,BA.2_0.04_abundance_0.15,C25318G;T25343C;A25351G;T25370A;T25476G;C25484G;T25496G;C25508G;T25532G;C25549A;G25555A;C25584T;T25586A,S:S1252S;S:S1261P;S:P1263P;S:L1270I;ORF3a:F28L;ORF3a:A31G;ORF3a:I35R;ORF3a:A39G;ORF3a:I47S;ORF3a:L53I;ORF3a:V55I;ORF3a:T64T;ORF3a:L65H,12,1001,0.0119880119880119,0,
2122026,BA.2_0.04_abundance_0.15,C25584T;G25634A,ORF3a:T64T;ORF3a:C81Y,140,697,0.2008608321377331,138,BA.1:5;BA.1.1:47;BQ.1.1.22:3;BA.5.6:3;BF.5:3;BA.2.75:3;BA.2:41;BA.1.17.2:2;BA.4.6:1;B.1.1.529:1;BQ.1.1.28:1;BA.2.10.1:3;BA.1.15:6;BA.5.1:3;XBB.1:1;BF.7.4.2:1;BA.5.2.21:1;BA.1.12:1;BF.10:1;BA.5.2.22:1;BA.1.1.1:4;BA.5:1;BQ.1.1.25:2;BF.7:1;BA.2.12.1:1;BA.4:1
2122026,BA.2_0.04_abundance_0.15,T25994A;C26270T,ORF3a:V201D;E:T9I,131,508,0.2578740157480315,0,
2122026,BA.2_0.04_abundance_0.15,T25994A;G26063A,ORF3a:V201D;ORF3a:G224D,8,695,0.0115107913669064,0,
2122026,BA.2_0.04_abundance_0.15,T25994A;G26063A;C26270T,ORF3a:V201D;ORF3a:G224D;E:T9I,19,508,0.0374015748031496,0,
2122026,BA.2_0.04_abundance_0.15,G26063A;C26270T,ORF3a:G224D;E:T9I,41,508,0.0807086614173228,101,BA.1:18;BA.5.2.1:2;BA.1.1:24;BA.5:1;BA.1.21:2;BA.2.38.1:10;BF.7.4:3;BA.1.17:1;BA.1.18:1;BA.2:10;BA.2.3.14:1;BA.1.1.18:1;BQ.1.1:3;BA.5.1:3;BA.5.1.10:1;BA.4.6:1;BA.5.2:3;BA.2.10:4;BA.2.2:1;BA.2.75:2;BA.1.1.3:2;BA.2.12.1:1;BF.28:2;BA.1.13.1:1;BA.4.1:1;BA.5.6:1;BA.1.15:1
2122026,BA.2_0.04_abundance_0.15,C26577G;T26580G;A26592G;A26643T;T26657C;G26660C;G26696A;G26709A;G26713A;C26725A;A26738T;G26779C;T26794A;T26837A;G26852A;C26858T,M:Q19E;M:W20G;M:I24V;M:N41Y;M:F45F;M:L46F;M:W58*;M:A63T;M:C64Y;M:A68D;M:R72S;M:C86S;M:M91K;M:R105R;M:W110*;M:F112F,46,2412,0.0190713101160862,0,
2122026,BA.2_0.04_abundance_0.15,C26577G;G26709A;C26858T;T26879G,M:Q19E;M:A63T;M:F112F;M:L119L,96,391,0.2455242966751918,51,BA.2.12.1:19;BA.2.18:1;BA.2.36:3;XBB.1:1;BA.2:26;BA.2.9:1
2122026,BA.2_0.04_abundance_0.15,C26577G;G26709A;C26768T;C26858T;T26879G,M:Q19E;M:A63T;M:I82I;M:F112F;M:L119L,30,391,0.0767263427109974,0,
2122026,BA.2_0.04_abundance_0.15,C26858T;T26879G,M:F112F;M:L119L,9,413,0.0217917675544794,55,BA.2.12.1:21;BA.2.18:1;BA.2.36:3;XBB.1:1;BA.2:28;BA.2.9:1
2122026,BA.2_0.04_abundance_0.15,A27259C;C27303G;G27382C;A27383T;T27384C,ORF6:R20R;ORF6:N34K;ORF6:D61H;ORF6:D61V;ORF6:D61D,34,716,0.047486033519553,0,
2122026,BA.2_0.04_abundance_0.15,A27825C;T27837C;T27901G;T27902C;A27917G;A27965C;A27983T;T28010A;C28011A;T28130G,ORF7b:M24L;ORF7b:F28L;ORF8:F3C;ORF8:F3F;ORF8:G8G;ORF8:S24S;ORF8:P30P;ORF8:I39I;ORF8:H40N;ORF8:Y79*,13,719,0.0180806675938803,0,
2122026,BA.2_0.04_abundance_0.15,T28130G;A28173T;G28183A;T28192G;A28207C;T28224G;A28274C;C28291G;A28295T;G28307A;C28311T;G28337T;C28344A;G28375T,ORF8:Y79*;ORF8:K94*;ORF8:S97N;ORF8:V100G;ORF8:Y105S;ORF8:Y111D;N:MX;N:P6P;N:N8Y;N:A12T;N:P13L;N:D22Y;N:T24N;N:G34G,105,4096,0.025634765625,0,
2122026,BA.2_0.04_abundance_0.15,C28437A;C28471A;C28512A;G28551T;G28580A;A28626T;A28633G;T28678A;C28687T;A28701T;C28716T,N:A55D;N:F66L;N:P80Q;N:R93L;N:D103N;N:E118V;N:G120G;N:T135T;N:A138A;N:K143I;N:T148I,22,981,0.0224260958205912,0,
2122026,BA.2_0.04_abundance_0.15,G28643T;G28736T,N:G124C;N:A155S,27,720,0.0375,0,
2122026,BA.2_0.04_abundance_0.15,T29036G;A29039C;C29061T;C29067G;C29073A;A29079C;G29106T;G29132T;A29181T;G29204T;T29225G;A29237G;C29247T;A29267G;T29278C;C29280A;A29307G,N:S255A;N:K256Q;N:T263I;N:T265S;N:A267E;N:N269T;N:G278V;N:G287W;N:Q303L;N:A311S;N:S318A;N:M322V;N:T325I;N:T332A;N:G335G;N:A336D;N:N345S,31,2527,0.0122675108824693,0,
2122026,BA.2_0.04_abundance_0.15,C29073A;C29303G,N:A267E;N:P344A,280,2533,0.1105408606395578,0,
2122026,BA.2_0.04_abundance_0.15,C29416T;A29510C,N:A381A;N:S413R,12,94,0.1276595744680851,481,BA.5.2.9:37;BE.1:2;XBB.1:2;BA.2:188;BA.2.9:22;BA.2.12.1:19;BA.5.1:18;BA.5.2:33;BA.2.36:19;BA.5.1.30:8;BQ.1.1.22:1;BQ.1:4;BA.5.2.1:19;BN.1.4:1;BA.2.3:24;BA.2.38:14;BF.1:3;BQ.1.5:6;BA.2.75.2:1;BA.2.3.11:3;BA.5.6:2;BQ.1.1:18;BA.5.1.24:1;CQ.2:1;BA.2.10:7;BA.4.1.1:2;BA.2.12:1;BF.7:1;CL.1:1;BA.5.1.22:1;BQ.1.2:1;BA.2.8:3;BA.2.75:6;XBB.3:1;BA.5.5:2;BA.2.68:1;BA.2.64:3;BF.5:1;BA.4.1:2;BA.5.1.25:1;BQ.1.1.18:1
2122026,BA.2_0.04_abundance_0.15,C29484A;A29510C,N:S404Y;N:S413R,26,94,0.2765957446808511,0,
2192026,BA.2_0.04_abundance_0.15,G271A;T317A;A339G,ORF1a:E2E;ORF1a:L18M;ORF1a:D25G,20,526,0.0380228136882129,0,
2192026,BA.2_0.04_abundance_0.15,G600C;T670G,ORF1a:G112A;ORF1a:S135R,158,1163,0.1358555460017197,13,BA.5.1.25:8;BQ.1.10:1;BA.5.2:1;BA.2.1:1;BA.5.6:1;BA.5.5:1
2192026,BA.2_0.04_abundance_0.15,C629A;T670G,ORF1a:L122I;ORF1a:S135R,55,1163,0.0472914875322441,3,BA.2:2;BA.2.48:1
2192026,BA.2_0.04_abundance_0.15,G1018A;A1049G;T1073G;T1086C;A1109T;T1114C;C1122T;C1221A;T1240C;A1269C,ORF1a:L251L;ORF1a:K262E;ORF1a:C270G;ORF1a:V274A;ORF1a:K282*;ORF1a:T283T;ORF1a:P286L;ORF1a:T319N;ORF1a:H325H;ORF1a:D335A,64,1483,0.0431557653405259,0,
2192026,BA.2_0.04_abundance_0.15,G1607T;C1645A;A1646T;G1661C;C1663A;G1748A;C1762G;A1799G;A1814G;A1844C;A1870T,ORF1a:D448Y;ORF1a:N460K;ORF1a:I461F;ORF1a:D466H;ORF1a:D466E;ORF1a:D495N;ORF1a:F499L;ORF1a:T512A;ORF1a:K517E;ORF1a:K527Q;ORF1a:A535A,19,527,0.0360531309297912,0,
2192026,BA.2_0.04_abundance_0.15,C1645A;A1646T;G1661C;C1663A;G1748A;C1762G;A1799G;A1814G;A1844C;A1870T,ORF1a:N460K;ORF1a:I461F;ORF1a:D466H;ORF1a:D466E;ORF1a:D495N;ORF1a:F499L;ORF1a:T512A;ORF1a:K517E;ORF1a:K527Q;ORF1a:A535A,69,2029,0.0340068999507146,0,
2192026,BA.2_0.04_abundance_0.15,C1986G;A2176G,ORF1a:S574*;ORF1a:E637E,92,688,0.1337209302325581,0,
2192026,BA.2_0.04_abundance_0.15,A3210C;G3216C;A3309T;A3314T;G3353A;A3374C;T3378C;A3390C;G3407A;A3414C;G3443C;T3459G;A3461T,ORF1a:D982A;ORF1a:S984T;ORF1a:E1015V;ORF1a:T1017S;ORF1a:G1030S;ORF1a:N1037H;ORF1a:V1038A;ORF1a:N1042T;ORF1a:E1048K;ORF1a:K1050T;ORF1a:A1060P;ORF1a:L1065R;ORF1a:K1066*,13,308,0.0422077922077922,0,
2192026,BA.2_0.04_abundance_0.15,A3852T;T3862A;A3872C;G3878A;T3898C;T3930G;C3987A;G4016C;A4019T;A4032G;C4058A,ORF1a:E1196V;ORF1a:V1199V;ORF1a:I1203L;ORF1a:E1205K;ORF1a:V1211V;ORF1a:V1222G;ORF1a:T1241K;ORF1a:E1251Q;ORF1a:N1252Y;ORF1a:Y1256C;ORF1a:P1265T,19,410,0.0463414634146341,0,
2192026,BA.2_0.04_abundance_0.15,A5081G;A5082C;A5121C;G5135A;G5138A,ORF1a:K1606E;ORF1a:K1606T;ORF1a:Y1619S;ORF1a:D1624N;ORF1a:D1625N,6,235,0.025531914893617,0,
2192026,BA.2_0.04_abundance_0.15,G5751A;T5864C,ORF1a:G1829D;ORF1a:F1867L,11,739,0.0148849797023004,0,
2192026,BA.2_0.04_abundance_0.15,G5927T;T6074A,ORF1a:V1888F;ORF1a:F1937I,65,1900,0.0342105263157894,0,
2192026,BA.2_0.04_abundance_0.15,T5951A;A5970G;T5978G;T6047A;A6072T;A6098C;T6119A;G6123T;T6129C;T6175G,ORF1a:L1896M;ORF1a:K1902R;ORF1a:S1905A;ORF1a:F1928I;ORF1a:K1936I;ORF1a:T1945P;ORF1a:S1952T;ORF1a:R1953I;ORF1a:L1955P;ORF1a:I1970M,49,1755,0.0279202279202279,0,
2192026,BA.2_0.04_abundance_0.15,T5951A;A5970G;T5978G;T6047A;A6072T;T6074A;A6098C;T6119A;G6123T;T6129C;T6175G,ORF1a:L1896M;ORF1a:K1902R;ORF1a:S1905A;ORF1a:F1928I;ORF1a:K1936I;ORF1a:F1937I;ORF1a:T1945P;ORF1a:S1952T;ORF1a:R1953I;ORF1a:L1955P;ORF1a:I1970M,20,1755,0.0113960113960113,0,
2192026,BA.2_0.04_abundance_0.15,T7356C;C7392A;A7409G;G7476A;T7489A;T7499A;C7536G;A7569C;G7577A;G7599A;T7605G;T7612A;G7622A;G7629A,ORF1a:L2364P;ORF1a:P2376Q;ORF1a:R2382G;ORF1a:C2404Y;ORF1a:T2408T;ORF1a:C2412S;ORF1a:T2424R;ORF1a:Y2435S;ORF1a:A2438T;ORF1a:C2445Y;ORF1a:L2447R;ORF1a:N2449K;ORF1a:V2453I;ORF1a:C2455Y,52,1350,0.0385185185185185,0,
2192026,BA.2_0.04_abundance_0.15,A7710C;G7761C;C7772A;T7775C;G7781T;C7788G;G7790T;T7801A;C7860T;T7861A;T7876A;C7926G;G7962C;A7965T;C7967T,ORF1a:N2482T;ORF1a:G2499A;ORF1a:L2503I;ORF1a:Y2504H;ORF1a:D2506Y;ORF1a:A2508G;ORF1a:G2509C;ORF1a:T2512T;ORF1a:T2532I;ORF1a:T2532T;ORF1a:P2537P;ORF1a:A2554G;ORF1a:C2566S;ORF1a:Q2567L;ORF1a:P2568S,42,1710,0.0245614035087719,0,
2192026,BA.2_0.04_abundance_0.15,A7710C;G7761C;C7772A;G7781T;C7788G;G7790T;T7801A;C7860T;T7861A;T7876A;C7926G;G7962C;A7965T;C7967T,ORF1a:N2482T;ORF1a:G2499A;ORF1a:L2503I;ORF1a:D2506Y;ORF1a:A2508G;ORF1a:G2509C;ORF1a:T2512T;ORF1a:T2532I;ORF1a:T2532T;ORF1a:P2537P;ORF1a:A2554G;ORF1a:C2566S;ORF1a:Q2567L;ORF1a:P2568S,48,1710,0.0280701754385964,0,
2192026,BA.2_0.04_abundance_0.15,A8378G;A8388T;T8421A;G8422C;A8500T,ORF1a:K2705E;ORF1a:N2708I;ORF1a:M2719K;ORF1a:M2719I;ORF1a:A2745A,8,205,0.0390243902439024,0,
2192026,BA.2_0.04_abundance_0.15,C8637G;C8880A,ORF1a:T2791R;ORF1a:T2872K,33,275,0.12,0,
2192026,BA.2_0.04_abundance_0.15,C8664T;G8696C;T8854A;T8870C;A8882T;T8886C;T8918G;G8939A,ORF1a:T2800I;ORF1a:A2811P;ORF1a:G2863G;ORF1a:L2869L;ORF1a:I2873L;ORF1a:L2874S;ORF1a:L2885V;ORF1a:V2892I,8,213,0.0375586854460093,0,
2192026,BA.2_0.04_abundance_0.15,G8939A;T8954C;G8975C;G9003C;A9023G;T9089A;C9122G;G9130C;G9137A;C9163T;G9173A;T9178G;T9183C;A9213G,ORF1a:V2892I;ORF1a:Y2897H;ORF1a:E2904Q;ORF1a:C2913S;ORF1a:T2920A;ORF1a:S2942T;ORF1a:R2953G;ORF1a:V2955V;ORF1a:D2958N;ORF1a:N2966N;ORF1a:E2970K;ORF1a:G2971G;ORF1a:V2973A;ORF1a:Y2983C,35,450,0.0777777777777777,0,
2192026,BA.2_0.04_abundance_0.15,C9515G;C9534T;C9565G;T9574A;T9680A;T9695G;C9700A;G9705A;A9740C;A9748C;A9754C;C9755T;T9818A,ORF1a:L3084V;ORF1a:T3090I;ORF1a:F3100L;ORF1a:G3103G;ORF1a:W3139R;ORF1a:Y3144D;ORF1a:I3145I;ORF1a:C3147Y;ORF1a:N3159H;ORF1a:L3161L;ORF1a:R3163S;ORF1a:R3164C;ORF1a:L3185I,7,92,0.0760869565217391,0,
2192026,BA.2_0.04_abundance_0.15,C9534T;C9565G;T9574A;T9680A;T9695G;C9700A;G9705A;A9740C;A9748C;A9754C;C9755T,ORF1a:T3090I;ORF1a:F3100L;ORF1a:G3103G;ORF1a:W3139R;ORF1a:Y3144D;ORF1a:I3145I;ORF1a:C3147Y;ORF1a:N3159H;ORF1a:L3161L;ORF1a:R3163S;ORF1a:R3164C,5,361,0.0138504155124653,0,
2192026,BA.2_0.04_abundance_0.15,C9534T;C9565G;T9574A;T9680A;T9695G;C9700A;G9705A;A9740C;A9748C;A9754C;C9755T;T9818A,ORF1a:T3090I;ORF1a:F3100L;ORF1a:G3103G;ORF1a:W3139R;ORF1a:Y3144D;ORF1a:I3145I;ORF1a:C3147Y;ORF1a:N3159H;ORF1a:L3161L;ORF1a:R3163S;ORF1a:R3164C;ORF1a:L3185I,6,187,0.0320855614973262,0,
2192026,BA.2_0.04_abundance_0.15,A10716G;T11027C,ORF1a:N3484S;ORF1a:L3588L,11,452,0.0243362831858407,0,
2192026,BA.2_0.04_abundance_0.15,A10716G;A10888G,ORF1a:N3484S;ORF1a:G3541G,9,576,0.015625,0,
2192026,BA.2_0.04_abundance_0.15,A10716G;T10813G;A10842C;T10852A;C10871A;C10889G;T10913A;T10968G;A10972C;A10987G,ORF1a:N3484S;ORF1a:L3516L;ORF1a:D3526A;ORF1a:A3529A;ORF1a:Q3536K;ORF1a:R3542G;ORF1a:L3550I;ORF1a:F3568C;ORF1a:Q3569H;ORF1a:R3574R,7,539,0.0129870129870129,0,
2192026,BA.2_0.04_abundance_0.15,T10813G;A10842C;T10852A;C10871A;C10889G;T10913A;T10968G;A10972C;A10987G,ORF1a:L3516L;ORF1a:D3526A;ORF1a:A3529A;ORF1a:Q3536K;ORF1a:R3542G;ORF1a:L3550I;ORF1a:F3568C;ORF1a:Q3569H;ORF1a:R3574R,26,539,0.0482374768089053,0,
2192026,BA.2_0.04_abundance_0.15,A10888G;T11027C,ORF1a:G3541G;ORF1a:L3588L,8,452,0.0176991150442477,0,
2192026,BA.2_0.04_abundance_0.15,G11064C;T11079G;T11107G;T11125G;T11135C;T11149A;T11164G;T11197G;G11230T;G11310T;T11331A,ORF1a:W3600S;ORF1a:F3605C;ORF1a:F3614L;ORF1a:A3620A;ORF1a:F3624L;ORF1a:F3628L;ORF1a:H3633Q;ORF1a:L3644L;ORF1a:M3655I;ORF1a:C3682F;ORF1a:V3689E,169,3247,0.0520480443486295,0,
2192026,BA.2_0.04_abundance_0.15,A11393G;T11621C,ORF1a:T3710A;ORF1a:L3786L,200,2900,0.0689655172413793,0,
2192026,BA.2_0.04_abundance_0.15,T11890C;T11940C;C11942A;A11952T;A11991G;T11997G;C12005G;A12030G;G12052T;C12099A;A12103T;T12112G;C12123G;A12126T;A12130C,ORF1a:V3875V;ORF1a:V3892A;ORF1a:Q3893K;ORF1a:N3896I;ORF1a:E3909G;ORF1a:M3911R;ORF1a:L3914V;ORF1a:Q3922R;ORF1a:K3929N;ORF1a:A3945D;ORF1a:S3946S;ORF1a:S3949R;ORF1a:S3953*;ORF1a:Y3954F;ORF1a:A3955A,9,219,0.0410958904109589,0,
2192026,BA.2_0.04_abundance_0.15,T11940C;C11942A;A11952T;A11991G;T11997G;C12005G;A12030G;G12052T;C12099A;A12103T;T12112G;C12123G;A12126T;A12130C,ORF1a:V3892A;ORF1a:Q3893K;ORF1a:N3896I;ORF1a:E3909G;ORF1a:M3911R;ORF1a:L3914V;ORF1a:Q3922R;ORF1a:K3929N;ORF1a:A3945D;ORF1a:S3946S;ORF1a:S3949R;ORF1a:S3953*;ORF1a:Y3954F;ORF1a:A3955A,100,2323,0.0430477830391734,0,
2192026,BA.2_0.04_abundance_0.15,T12125G;T12214C,ORF1a:Y3954D;ORF1a:S3983S,16,1519,0.010533245556287,1,BA.2.12.1:1
2192026,BA.2_0.04_abundance_0.15,G13076A;G13100T;T13111A;C13134G;A13139G;G13148C;A13169C;A13187G;C13206T;A13237C;G13332T;T13354C,ORF1a:A4271T;ORF1a:A4279S;ORF1a:D4282E;ORF1a:P4290R;ORF1a:T4292A;ORF1a:V4295L;ORF1a:T4302P;ORF1a:I4308V;ORF1a:A4314V;ORF1a:A4324A;ORF1a:C4356F;ORF1a:F4363F,27,608,0.0444078947368421,0,
2192026,BA.2_0.04_abundance_0.15,T13086C;A13263G,ORF1a:V4274A;ORF1a:H4333R,8,736,0.0108695652173913,0,
2192026,BA.2_0.04_abundance_0.15,A13969G;A14012T;T14019A;G14020A;T14037C;C14057G;C14110G;A14121T;T14136A;A14142C;A14164T,ORF1b:N168D;ORF1b:Q182L;ORF1b:C184*;ORF1b:D185N;ORF1b:A190A;ORF1b:T197R;ORF1b:Q215E;ORF1b:P218P;ORF1b:P223P;ORF1b:V225V;ORF1b:M233L,5,229,0.0218340611353711,0,
2192026,BA.2_0.04_abundance_0.15,C14408T;T14438A,ORF1b:P314L;ORF1b:I324K,71,805,0.0881987577639751,3,AY.44:1;BA.5:1;BA.1.15:1
2192026,BA.2_0.04_abundance_0.15,G14587C;C14618A;A14651C;T14652C;G14701T;C14760A;T14769G;A14795C;T14828G;T14846G;T14864G,ORF1b:A374P;ORF1b:T384N;ORF1b:N395T;ORF1b:N395N;ORF1b:D412Y;ORF1b:F431L;ORF1b:A434A;ORF1b:D443A;ORF1b:M454R;ORF1b:L460R;ORF1b:V466G,5,298,0.0167785234899328,0,
2192026,BA.2_0.04_abundance_0.15,G15543A;G15550A;C15566A;A15580T;G15627C;G15644T;G15649T;G15672A;A15683G;C15714T;C15716T;T15729A;T15737A;A15742C;A15772G;A15845C,ORF1b:T692T;ORF1b:V695I;ORF1b:S700Y;ORF1b:K705*;ORF1b:E720D;ORF1b:R726I;ORF1b:V728F;ORF1b:E735E;ORF1b:Y739C;ORF1b:L749L;ORF1b:S750F;ORF1b:V754V;ORF1b:F757Y;ORF1b:S759R;ORF1b:S769G;ORF1b:E793A,29,1843,0.0157352143244709,0,
2192026,BA.2_0.04_abundance_0.15,G15543A;G15550A;C15566A;A15580T;G15627C;G15644T;G15649T;G15672A;C15714T;C15716T;T15729A;T15737A;A15742C;A15772G;A15845C,ORF1b:T692T;ORF1b:V695I;ORF1b:S700Y;ORF1b:K705*;ORF1b:E720D;ORF1b:R726I;ORF1b:V728F;ORF1b:E735E;ORF1b:L749L;ORF1b:S750F;ORF1b:V754V;ORF1b:F757Y;ORF1b:S759R;ORF1b:S769G;ORF1b:E793A,34,1843,0.0184481823114487,0,
2192026,BA.2_0.04_abundance_0.15,G15644T;A15683G;C15714T,ORF1b:R726I;ORF1b:Y739C;ORF1b:L749L,1213,5079,0.2388265406576097,0,
2192026,BA.2_0.04_abundance_0.15,G15644T;C15714T,ORF1b:R726I;ORF1b:L749L,1905,5079,0.3750738334317779,0,
2192026,BA.2_0.04_abundance_0.15,A15683G;C15714T,ORF1b:Y739C;ORF1b:L749L,642,5079,0.1264028352037802,1,BA.2:1
2192026,BA.2_0.04_abundance_0.15,T15915G;T15916C;A15917T;T15920G;G15961C;T16004G;G16027C;A16055T;A16128T;G16130A,ORF1b:D816E;ORF1b:Y817H;ORF1b:Y817F;ORF1b:V818G;ORF1b:G832R;ORF1b:M846R;ORF1b:A854P;ORF1b:H863L;ORF1b:T887T;ORF1b:G888E,90,4542,0.0198150594451783,0,
2192026,BA.2_0.04_abundance_0.15,T15915G;T15916C;A15917T;T15920G;G15961C;T16004A;G16027C;A16055T;A16128T;G16130A,ORF1b:D816E;ORF1b:Y817H;ORF1b:Y817F;ORF1b:V818G;ORF1b:G832R;ORF1b:M846K;ORF1b:A854P;ORF1b:H863L;ORF1b:T887T;ORF1b:G888E,77,4542,0.0169528841919859,0,
2192026,BA.2_0.04_abundance_0.15,T15915G;T15916C;A15917T;T15920G;G15961C;T16004A;G16027C;A16055T;A16128T;G16130A;T16176G,ORF1b:D816E;ORF1b:Y817H;ORF1b:Y817F;ORF1b:V818G;ORF1b:G832R;ORF1b:M846K;ORF1b:A854P;ORF1b:H863L;ORF1b:T887T;ORF1b:G888E;ORF1b:T903T,19,592,0.0320945945945945,0,
2192026,BA.2_0.04_abundance_0.15,T15915G;T15916C;A15917T;T15920G;G15961C;T16004G;G16027C;A16055T;A16128T;G16130A;T16176G,ORF1b:D816E;ORF1b:Y817H;ORF1b:Y817F;ORF1b:V818G;ORF1b:G832R;ORF1b:M846R;ORF1b:A854P;ORF1b:H863L;ORF1b:T887T;ORF1b:G888E;ORF1b:T903T,15,592,0.0253378378378378,0,
2192026,BA.2_0.04_abundance_0.15,T16004A;A16107T,ORF1b:M846K;ORF1b:R880S,414,4547,0.0910490433252694,0,
2192026,BA.2_0.04_abundance_0.15,T16511A;A16520T;C16559G;A16583T;A16620C;T16631A;T16632A;G16639A;G16654C;T16688A;T16752G,ORF1b:L1015*;ORF1b:N1018I;ORF1b:A1031G;ORF1b:N1039I;ORF1b:E1051D;ORF1b:L1055H;ORF1b:L1055L;ORF1b:A1058T;ORF1b:A1063P;ORF1b:I1074N;ORF1b:P1095P,18,292,0.0616438356164383,0,
2192026,BA.2_0.04_abundance_0.15,T16908A;T16913C;A16923C;C16928T;G16959C;A16967G;C17000A;A17037T;G17058A;T17067G,ORF1b:Y1147*;ORF1b:V1149A;ORF1b:S1152S;ORF1b:T1154I;ORF1b:V1164V;ORF1b:E1167G;ORF1b:T1178K;ORF1b:A1190A;ORF1b:M1197I;ORF1b:Y1200*,77,2021,0.0380999505195447,0,
2192026,BA.2_0.04_abundance_0.15,T17150G;T17208C;T17224G;T17226G;A17233G;A17269C;T17319C;T17364A;C17372A;T17379C;C17403G;A17409G;C17410T;T17415C,ORF1b:V1228G;ORF1b:Y1247Y;ORF1b:C1253G;ORF1b:C1253W;ORF1b:I1256V;ORF1b:K1268Q;ORF1b:N1284N;ORF1b:I1299I;ORF1b:A1302D;ORF1b:N1304N;ORF1b:A1312A;ORF1b:L1314L;ORF1b:R1315C;ORF1b:A1316A,72,1592,0.0452261306532663,0,
2192026,BA.2_0.04_abundance_0.15,T17150G;T17208C;T17224G;T17226G;A17233G;A17269C;T17319C;T17364A;C17372A;T17379C;C17403G,ORF1b:V1228G;ORF1b:Y1247Y;ORF1b:C1253G;ORF1b:C1253W;ORF1b:I1256V;ORF1b:K1268Q;ORF1b:N1284N;ORF1b:I1299I;ORF1b:A1302D;ORF1b:N1304N;ORF1b:A1312A,118,4882,0.0241704219582138,0,
2192026,BA.2_0.04_abundance_0.15,T17150G;T17208C;T17224G;T17226G;A17233G;A17269C;T17319C;T17364A;C17372A;T17379C;C17403G;A17409G;C17410T;T17415C;A17429C,ORF1b:V1228G;ORF1b:Y1247Y;ORF1b:C1253G;ORF1b:C1253W;ORF1b:I1256V;ORF1b:K1268Q;ORF1b:N1284N;ORF1b:I1299I;ORF1b:A1302D;ORF1b:N1304N;ORF1b:A1312A;ORF1b:L1314L;ORF1b:R1315C;ORF1b:A1316A;ORF1b:Y1321S,7,99,0.0707070707070707,0,
2192026,BA.2_0.04_abundance_0.15,T17164G;C17410T,ORF1b:S1233A;ORF1b:R1315C,421,3667,0.1148077447504772,151,BF.21:15;BA.5.1:54;BA.2.3:19;BA.2.75:1;BA.5.2.23:1;BA.2.3.13:2;BA.5.3:1;BA.2.9:4;BA.2:22;BF.8:2;BA.5.1.1:1;BA.5.5:1;BA.2.12.1:5;BE.4:1;BA.5.2.1:10;XAM:1;BF.28:7;BA.4.6:3;BA.5.2:1
2192026,BA.2_0.04_abundance_0.15,A17409G;C17410T;T17415C;A17429C;T17442G;C17463A;G17469C;T17510G;A17525C;A17593G;G17602C;A17606C;A17614T;C17649T;C17710G;T17714A,ORF1b:L1314L;ORF1b:R1315C;ORF1b:A1316A;ORF1b:Y1321S;ORF1b:P1325P;ORF1b:R1332R;ORF1b:L1334F;ORF1b:V1348G;ORF1b:K1353T;ORF1b:S1376G;ORF1b:V1379L;ORF1b:Y1380S;ORF1b:K1383*;ORF1b:C1394C;ORF1b:Q1415E;ORF1b:I1416K,6,172,0.0348837209302325,0,
2192026,BA.2_0.04_abundance_0.15,C17410T;A17621T,ORF1b:R1315C;ORF1b:K1385I,119,282,0.4219858156028369,0,
2192026,BA.2_0.04_abundance_0.15,A17429C;T17442G;C17463A;G17469C;T17510G;A17525C;A17593G;G17602C;A17606C;A17614T;C17649T;C17710G;T17714A,ORF1b:Y1321S;ORF1b:P1325P;ORF1b:R1332R;ORF1b:L1334F;ORF1b:V1348G;ORF1b:K1353T;ORF1b:S1376G;ORF1b:V1379L;ORF1b:Y1380S;ORF1b:K1383*;ORF1b:C1394C;ORF1b:Q1415E;ORF1b:I1416K,61,1750,0.0348571428571428,0,
2192026,BA.2_0.04_abundance_0.15,C17710G;T17714A;C17762A;G17764T;T17771A;C17818T;T17859C;T17863G;C17885T;T17901G;T17922A;T17925G;C17933G;T17963A;A17969C,ORF1b:Q1415E;ORF1b:I1416K;ORF1b:A1432D;ORF1b:V1433F;ORF1b:I1435N;ORF1b:L1451L;ORF1b:Y1464Y;ORF1b:Y1466D;ORF1b:T1473I;ORF1b:S1478S;ORF1b:N1485K;ORF1b:V1486V;ORF1b:T1489S;ORF1b:M1499K;ORF1b:D1501A,16,438,0.0365296803652968,0,
2192026,BA.2_0.04_abundance_0.15,T17714A;C17762A;G17764T;T17771A;C17818T;T17859C;T17863G;C17885T;T17901G;T17922A;T17925G;C17933G;T17963A;A17969C,ORF1b:I1416K;ORF1b:A1432D;ORF1b:V1433F;ORF1b:I1435N;ORF1b:L1451L;ORF1b:Y1464Y;ORF1b:Y1466D;ORF1b:T1473I;ORF1b:S1478S;ORF1b:N1485K;ORF1b:V1486V;ORF1b:T1489S;ORF1b:M1499K;ORF1b:D1501A,24,843,0.0284697508896797,0,
2192026,BA.2_0.04_abundance_0.15,C17762A;G17764T;T17771A;C17818T;T17859C;T17863G;C17885T;T17901G;T17922A;T17925G;C17933G;T17963A;A17969C,ORF1b:A1432D;ORF1b:V1433F;ORF1b:I1435N;ORF1b:L1451L;ORF1b:Y1464Y;ORF1b:Y1466D;ORF1b:T1473I;ORF1b:S1478S;ORF1b:N1485K;ORF1b:V1486V;ORF1b:T1489S;ORF1b:M1499K;ORF1b:D1501A,21,1266,0.0165876777251184,0,
2192026,BA.2_0.04_abundance_0.15,C18041A;G18088C;C18094T;T18123G;G18145A;A18163G;G18213T,ORF1b:A1525D;ORF1b:G1541R;ORF1b:H1543Y;ORF1b:S1552R;ORF1b:E1560K;ORF1b:I1566V;ORF1b:M1582I,9,242,0.0371900826446281,0,
2192026,BA.2_0.04_abundance_0.15,A18163G;C18275T,ORF1b:I1566V;ORF1b:A1603V,44,241,0.1825726141078838,15,BA.1.1:6;BA.2.12.1:3;BA.5.2:1;BA.1.18:1;BA.1:1;BA.2:1;BA.2.9:1;BA.2.42:1
2192026,BA.2_0.04_abundance_0.15,A18163G;A18262T,ORF1b:I1566V;ORF1b:T1599S,40,242,0.1652892561983471,18,BA.1.1.1:15;BQ.1.2:1;BA.5.1.23:1;BA.1:1
2192026,BA.2_0.04_abundance_0.15,A18163G;A18262T;C18275T,ORF1b:I1566V;ORF1b:T1599S;ORF1b:A1603V,15,241,0.0622406639004149,0,
2192026,BA.2_0.04_abundance_0.15,C18976G;C19018T;G19072T;C19089A;C19099A;C19103G;T19146C;G19177A;G19194C;G19207A;G19231A;A19237G;A19244T,ORF1b:Q1837E;ORF1b:P1851S;ORF1b:D1869Y;ORF1b:F1874L;ORF1b:Q1878K;ORF1b:P1879R;ORF1b:S1893S;ORF1b:G1904S;ORF1b:W1909C;ORF1b:D1914N;ORF1b:V1922I;ORF1b:R1924G;ORF1b:D1926V,37,942,0.0392781316348195,0,
2192026,BA.2_0.04_abundance_0.15,A20539G;C20544G;C20648A;T20701C;T20738G;A20741C;T20748G;G20750A;T20757G;A20761T;A20778C;C20803G,ORF1b:K2358E;ORF1b:S2359S;ORF1b:P2394Q;ORF1b:Y2412H;ORF1b:L2424R;ORF1b:Q2425P;ORF1b:Y2427*;ORF1b:G2428D;ORF1b:S2430R;ORF1b:T2432S;ORF1b:I2437I;ORF1b:Q2446E,23,597,0.0385259631490787,0,
2192026,BA.2_0.04_abundance_0.15,G21701A;G21987A,S:V47I;S:G142D,18,661,0.0272314674735249,90,AY.25:30;AY.4:3;BF.5:6;AY.121:1;AY.100:6;AY.5:1;BF.7:1;BA.2:16;BA.2.9:5;BA.5.1.22:1;BA.5.1.23:1;AY.4.2:2;BA.2.12.1:1;B.1.617.2:1;AY.9.2:1;AY.39:2;BA.5.2:5;XBB.1.4.1:2;AY.23:1;BA.5.3:2;BA.5.2.1:1;AY.33:1
2192026,BA.2_0.04_abundance_0.15,G22578A;C22674T;T22679C;C22686T;A22688G;G22696A;G22775A;A22786C;G22813T,S:G339D;S:S371F;S:S373P;S:S375F;S:T376A;S:K378K;S:D405N;S:R408S;S:K417N,51,327,0.1559633027522936,56,BA.4.1:1;BA.5.2:5;BF.7:10;BA.5.1:3;CH.1.1:1;BF.14:1;BE.1.1:19;BA.2:10;BA.5.6:1;BE.1.1.2:2;BA.5.2.1:1;BA.2.12.1:1;BA.5.2.20:1
2192026,BA.2_0.04_abundance_0.15,G22578A;C22674T;T22679C;C22686T;A22688G;G22696A,S:G339D;S:S371F;S:S373P;S:S375F;S:T376A;S:K378K,5,353,0.0141643059490084,60,BA.4.1:1;BA.5.2:5;BF.7:10;BA.5.1:3;CH.1.1:1;BF.14:1;BE.1.1:21;BA.2:11;BA.5.6:1;BE.1.1.2:2;BA.5.2.1:1;BA.2.12.1:1;BA.5.2.20:1;BQ.1.6:1
2192026,BA.2_0.04_abundance_0.15,T23178A;A23181C;T23183C;G23222T;G23264C;T23272A;C23280A;C23286G;G23288T;T23289A;T23308A;G23309C;T23322A;A23357G;T23377G;C23393A;A23397C;A23403G;T23421C;T23468A;T23479G,S:V539D;S:N540T;S:F541L;S:E554*;S:D568H;S:A570A;S:T573N;S:A575G;S:V576F;S:V576D;S:L582L;S:E583Q;S:I587N;S:T599A;S:S605S;S:L611I;S:Y612S;S:D614G;S:V620A;S:Y636N;S:G639G,19,664,0.0286144578313253,0,
2192026,BA.2_0.04_abundance_0.15,T23178A;A23181C;T23183C;G23222T;G23264C;T23272A;C23280A;C23286G;G23288T;T23289A;T23308A;G23309C;T23322A;A23357G;T23377G;C23393A;A23397C;A23403G;T23421C;T23468A;T23479G;T23487A,S:V539D;S:N540T;S:F541L;S:E554*;S:D568H;S:A570A;S:T573N;S:A575G;S:V576F;S:V576D;S:L582L;S:E583Q;S:I587N;S:T599A;S:S605S;S:L611I;S:Y612S;S:D614G;S:V620A;S:Y636N;S:G639G;S:V642D,6,166,0.036144578313253,0,
2192026,BA.2_0.04_abundance_0.15,T23178A;A23181C;T23183C;G23222T;G23264C;T23272A;C23280A;C23286G;G23288T;T23289A;T23308A;G23309C;T23322A;A23357G;T23377G;C23393A;A23397C;A23403G;T23421C;T23468A,S:V539D;S:N540T;S:F541L;S:E554*;S:D568H;S:A570A;S:T573N;S:A575G;S:V576F;S:V576D;S:L582L;S:E583Q;S:I587N;S:T599A;S:S605S;S:L611I;S:Y612S;S:D614G;S:V620A;S:Y636N,10,876,0.0114155251141552,0,
2192026,BA.2_0.04_abundance_0.15,A23319G;A23403G,S:D586G;S:D614G,48,957,0.0501567398119122,20,AY.4:2;B.1.617.2:2;AY.44:2;BA.2.10:2;BA.5.2.20:1;BA.5.2.28:1;B:1;BA.1.18:1;B.1.1.7:1;AY.43:2;BQ.1.1:1;BA.2:1;AY.39.1:1;AY.25:2
2192026,BA.2_0.04_abundance_0.15,T23599G;C23604A;G23755A,S:N679K;S:P681H;S:M731I,24,78,0.3076923076923077,19,BA.1.1.1:1;BA.1:4;BA.5.2:1;BA.2:7;BA.1.15.1:1;BA.2.75:2;BA.1.1:2;BA.1.14:1
2192026,BA.2_0.04_abundance_0.15,T24469A;C24606A,S:N969K;S:A1015D,6,63,0.0952380952380952,2,BA.1.1:1;BA.2:1
2192026,BA.2_0.04_abundance_0.15,A24918C;C25000T,S:N1119T;S:D1146D,157,1265,0.1241106719367589,0,
2192026,BA.2_0.04_abundance_0.15,C25318G;T25343C;A25351G;T25370A;T25476G;C25484G;T25496G;C25508G;T25532G;C25549A;G25555A;C25584T;T25586A;T25627A;T25628A,S:S1252S;S:S1261P;S:P1263P;S:L1270I;ORF3a:F28L;ORF3a:A31G;ORF3a:I35R;ORF3a:A39G;ORF3a:I47S;ORF3a:L53I;ORF3a:V55I;ORF3a:T64T;ORF3a:L65H;ORF3a:F79I;ORF3a:F79Y,80,1788,0.0447427293064877,0,
2192026,BA.2_0.04_abundance_0.15,T25343C;A25351G;T25370A;T25476G;C25484G;T25496G;C25508G;T25532G;C25549A;G25555A;C25584T;T25586A;T25627A;T25628A,S:S1261P;S:P1263P;S:L1270I;ORF3a:F28L;ORF3a:A31G;ORF3a:I35R;ORF3a:A39G;ORF3a:I47S;ORF3a:L53I;ORF3a:V55I;ORF3a:T64T;ORF3a:L65H;ORF3a:F79I;ORF3a:F79Y,52,3079,0.0168886001948684,0,
2192026,BA.2_0.04_abundance_0.15,A25799C;C25867G;G25879T;C25919G,ORF3a:K136T;ORF3a:P159A;ORF3a:V163L;ORF3a:T176R,7,101,0.0693069306930693,0,
2192026,BA.2_0.04_abundance_0.15,C26270T;G26428C,E:T9I;E:V62L,10,404,0.0247524752475247,38,BA.1.1:5;BA.5.8:4;BA.2.67:1;BA.1:2;BA.2:6;BA.5.1:4;BA.5.2:2;BA.5.5:2;BA.2.12.1:2;BF.27:1;BQ.1.1.13:1;BA.4:2;BA.1.1.2:1;BE.3:1;BA.2.9:2;BA.2.75:1;BA.2.13.1:1
2192026,BA.2_0.04_abundance_0.15,A26547G;T26551A;C26577G;T26580G;A26592G;A26643T;T26657C;G26660C;G26696A;G26709A;G26713A;C26725A;A26738T;G26779C;T26794A;T26805A;T26837A;G26852A;C26858T,M:T9A;M:V10D;M:Q19E;M:W20G;M:I24V;M:N41Y;M:F45F;M:L46F;M:W58*;M:A63T;M:C64Y;M:A68D;M:R72S;M:C86S;M:M91K;M:Y95N;M:R105R;M:W110*;M:F112F,11,229,0.0480349344978165,0,
2192026,BA.2_0.04_abundance_0.15,C26577G;G26709A;T26805A;C26858T,M:Q19E;M:A63T;M:Y95N;M:F112F,1330,2285,0.5820568927789934,0,
2192026,BA.2_0.04_abundance_0.15,C26577G;G26709A;T26805A,M:Q19E;M:A63T;M:Y95N,110,2432,0.0452302631578947,0,
2192026,BA.2_0.04_abundance_0.15,C26577G;T26580G;A26592G;A26643T;T26657C;G26660C;G26696A;G26709A;G26713A;C26725A;A26738T;G26779C;T26794A;T26837A;G26852A;C26858T,M:Q19E;M:W20G;M:I24V;M:N41Y;M:F45F;M:L46F;M:W58*;M:A63T;M:C64Y;M:A68D;M:R72S;M:C86S;M:M91K;M:R105R;M:W110*;M:F112F,23,2285,0.0100656455142231,0,
2192026,BA.2_0.04_abundance_0.15,C26577G;T26580G;A26592G;A26643T;T26657C;G26660C;G26696A;G26709A;G26713A;C26725A;A26738T;G26779C;T26794A;T26805A;T26837A;G26852A;C26858T,M:Q19E;M:W20G;M:I24V;M:N41Y;M:F45F;M:L46F;M:W58*;M:A63T;M:C64Y;M:A68D;M:R72S;M:C86S;M:M91K;M:Y95N;M:R105R;M:W110*;M:F112F,56,2285,0.024507658643326,0,
2192026,BA.2_0.04_abundance_0.15,C27180T;T27184G;A27234G;G27235C;A27237G;A27259C;C27263A;A27290G;A27293C;A27334T;G27382C;A27383T;T27384C;T27402G;A27423C;A27475T,M:L220F;M:V221G;ORF6:I11M;ORF6:A12P;ORF6:A12A;ORF6:R20R;ORF6:T21N;ORF6:D30G;ORF6:Y31S;ORF6:T45S;ORF6:D61H;ORF6:D61V;ORF6:D61D;ORF7a:I3M;ORF7a:I10I;ORF7a:T28S,31,910,0.034065934065934,0,
2192026,BA.2_0.04_abundance_0.15,C27180T;T27184G;A27234G;G27235C;A27237G;A27259C;C27263A;A27290G;A27293C;A27334T;G27382C;A27383T;T27384C;T27402G;A27423C;A27475T;T27496G;C27500A,M:L220F;M:V221G;ORF6:I11M;ORF6:A12P;ORF6:A12A;ORF6:R20R;ORF6:T21N;ORF6:D30G;ORF6:Y31S;ORF6:T45S;ORF6:D61H;ORF6:D61V;ORF6:D61D;ORF7a:I3M;ORF7a:I10I;ORF7a:T28S;ORF7a:C35G;ORF7a:S36Y,7,105,0.0666666666666666,0,
2192026,BA.2_0.04_abundance_0.15,C27180T;T27184G;A27234G;G27235C;A27237G;A27259C;C27263A;A27290G;A27293C;A27334T;G27382C;A27383T;T27384C;T27402G;A27423C;A27475T;T27496G,M:L220F;M:V221G;ORF6:I11M;ORF6:A12P;ORF6:A12A;ORF6:R20R;ORF6:T21N;ORF6:D30G;ORF6:Y31S;ORF6:T45S;ORF6:D61H;ORF6:D61V;ORF6:D61D;ORF7a:I3M;ORF7a:I10I;ORF7a:T28S;ORF7a:C35G,5,248,0.0201612903225806,0,
2192026,BA.2_0.04_abundance_0.15,T27184G;A27234G;G27235C;A27237G;A27259C;C27263A;A27290G;A27293C;A27334T;G27382C;A27383T;T27384C;T27402G;A27423C;A27475T,M:V221G;ORF6:I11M;ORF6:A12P;ORF6:A12A;ORF6:R20R;ORF6:T21N;ORF6:D30G;ORF6:Y31S;ORF6:T45S;ORF6:D61H;ORF6:D61V;ORF6:D61D;ORF7a:I3M;ORF7a:I10I;ORF7a:T28S,30,1516,0.0197889182058047,0,
2192026,BA.2_0.04_abundance_0.15,A27259C;G27382C;A27383T;T27384C;T27496G,ORF6:R20R;ORF6:D61H;ORF6:D61V;ORF6:D61D;ORF7a:C35G,5,439,0.0113895216400911,3,BA.2:3
2192026,BA.2_0.04_abundance_0.15,T27810A;A27825C;T27837C;T27901G;T27902C;A27917G;A27965C;A27983T;T28010A;C28011A;T28130G,ORF7b:F19I;ORF7b:M24L;ORF7b:F28L;ORF8:F3C;ORF8:F3F;ORF8:G8G;ORF8:S24S;ORF8:P30P;ORF8:I39I;ORF8:H40N;ORF8:Y79*,6,82,0.073170731707317,0,
2192026,BA.2_0.04_abundance_0.15,A27825C;T27837C;T27901G;T27902C;A27917G;A27965C;A27983T;T28010A;C28011A,ORF7b:M24L;ORF7b:F28L;ORF8:F3C;ORF8:F3F;ORF8:G8G;ORF8:S24S;ORF8:P30P;ORF8:I39I;ORF8:H40N,16,1162,0.0137693631669535,0,
2192026,BA.2_0.04_abundance_0.15,A27825C;T27837C;T27901G;T27902C;A27917G;A27965C;A27983T;T28010A;C28011A;T28130G,ORF7b:M24L;ORF7b:F28L;ORF8:F3C;ORF8:F3F;ORF8:G8G;ORF8:S24S;ORF8:P30P;ORF8:I39I;ORF8:H40N;ORF8:Y79*,25,716,0.0349162011173184,0,
2192026,BA.2_0.04_abundance_0.15,T28130G;A28173T;G28183A;T28192G;A28207C;T28224G;A28274C;C28291G;A28295T;G28307A;C28311T;G28337T;C28344A;G28375T,ORF8:Y79*;ORF8:K94*;ORF8:S97N;ORF8:V100G;ORF8:Y105S;ORF8:Y111D;N:MX;N:P6P;N:N8Y;N:A12T;N:P13L;N:D22Y;N:T24N;N:G34G,84,1627,0.0516287645974185,0,
2192026,BA.2_0.04_abundance_0.15,C28311T;A28352G,N:P13L;N:N27D,632,1629,0.3879680785758134,222,BF.21:3;BA.1.1:14;BA.2.7:1;BA.4:2;BA.5.2:102;BE.1:26;BA.1.17.2:3;C.37:3;BA.2.64:1;BQ.1.2:1;BA.2:21;BA.5.2.22:1;BA.5.2.28:3;BA.5.1:9;BE.1.1:3;BF.7:5;BA.5.2.27:2;BA.2.10:1;BA.4.6:1;BA.2.12.1:2;BQ.1:1;BA.5.2.1:1;BA.2.75:2;BA.2.3:1;BQ.1.23:3;BA.1.1.18:2;BA.1:4;BA.1.20:1;BA.1.15:1;BF.11:2
2192026,BA.2_0.04_abundance_0.15,C28311T;A28352G;A28390T,N:P13L;N:N27D;N:Q39H,138,1625,0.0849230769230769,0,
2192026,BA.2_0.04_abundance_0.15,C28311T;A28390T,N:P13L;N:Q39H,146,1625,0.0898461538461538,56,BA.5.1:6;BA.5.2:6;BA.2.9:18;BA.2.65:1;BA.5:1;BA.4:1;CH.1.1:3;BA.2:15;BA.1.15:1;BA.1.1:2;BF.5:1;BA.1.17.2:1
2192026,BA.2_0.04_abundance_0.15,C28437A;C28471A;C28512A;G28551T;G28580A;A28626T;A28633G;T28678A;C28687T;A28701T,N:A55D;N:F66L;N:P80Q;N:R93L;N:D103N;N:E118V;N:G120G;N:T135T;N:A138A;N:K143I,62,1163,0.053310404127257,0,
2192026,BA.2_0.04_abundance_0.15,C28830T;G28881A;G28882A;G28883C,N:S186F;N:R203K;N:R203R;N:G204R,90,707,0.1272984441301273,28,BA.1.1:5;BA.1:1;BA.5.2:3;P.1.14:4;BA.2.10:2;P.1.15:1;BA.5.5.2:1;B.1.1.159:1;B.1.1.7:1;BA.2.75:1;BA.1.1.2:1;BA.2.12.1:2;B.1.1.222:1;BA.2:1;B.1.1.311:1;B.1.1.37:1;BA.1.17:1
2192026,BA.2_0.04_abundance_0.15,T29036G;A29039C;C29061T;C29067G;A29079C;G29106T;G29132T;A29181T;G29204T;T29225G;A29237G;C29247T;A29267G;T29278C;C29280A;A29307G,N:S255A;N:K256Q;N:T263I;N:T265S;N:N269T;N:G278V;N:G287W;N:Q303L;N:A311S;N:S318A;N:M322V;N:T325I;N:T332A;N:G335G;N:A336D;N:N345S,49,1175,0.0417021276595744,0,
2192026,BA.2_0.04_abundance_0.15,T29036G;A29039C;C29061T;C29067G;A29079C;G29106T;G29132T;A29181T;G29204T;T29225G;A29237G;C29247T;A29267G;T29278C;C29280A;A29307G;G29345A,N:S255A;N:K256Q;N:T263I;N:T265S;N:N269T;N:G278V;N:G287W;N:Q303L;N:A311S;N:S318A;N:M322V;N:T325I;N:T332A;N:G335G;N:A336D;N:N345S;N:D358N,9,159,0.0566037735849056,0,
2262026,BA.2_0.04_abundance_0.15,G271A;T317A;A339G,ORF1a:E2E;ORF1a:L18M;ORF1a:D25G,83,1186,0.0699831365935919,0,
2262026,BA.2_0.04_abundance_0.15,G1018A;A1049G;T1073G;T1086C;A1109T;T1114C;C1122T;C1221A;T1240C;A1269C;T1285C,ORF1a:L251L;ORF1a:K262E;ORF1a:C270G;ORF1a:V274A;ORF1a:K282*;ORF1a:T283T;ORF1a:P286L;ORF1a:T319N;ORF1a:H325H;ORF1a:D335A;ORF1a:T340T,24,308,0.0779220779220779,0,
2262026,BA.2_0.04_abundance_0.15,G1018A;A1049G;T1073G;T1086C;A1109T;T1114C;C1122T,ORF1a:L251L;ORF1a:K262E;ORF1a:C270G;ORF1a:V274A;ORF1a:K282*;ORF1a:T283T;ORF1a:P286L,5,368,0.0135869565217391,0,
2262026,BA.2_0.04_abundance_0.15,G1607T;C1645A;A1646T;G1661C;C1663A;G1748A;C1762G;A1799G;A1814G;A1844C;A1870T,ORF1a:D448Y;ORF1a:N460K;ORF1a:I461F;ORF1a:D466H;ORF1a:D466E;ORF1a:D495N;ORF1a:F499L;ORF1a:T512A;ORF1a:K517E;ORF1a:K527Q;ORF1a:A535A,35,552,0.0634057971014492,0,
2262026,BA.2_0.04_abundance_0.15,G1607T;C1645A;A1646T;G1661C;C1663A;G1748A;C1762G;A1799G;A1814G;A1844C;A1870T;A1879C,ORF1a:D448Y;ORF1a:N460K;ORF1a:I461F;ORF1a:D466H;ORF1a:D466E;ORF1a:D495N;ORF1a:F499L;ORF1a:T512A;ORF1a:K517E;ORF1a:K527Q;ORF1a:A535A;ORF1a:S538S,8,552,0.0144927536231884,0,
2262026,BA.2_0.04_abundance_0.15,C1645A;A1646T;G1661C;C1663A;G1748A;C1762G;A1799G;A1814G;A1844C;A1870T;A1879C,ORF1a:N460K;ORF1a:I461F;ORF1a:D466H;ORF1a:D466E;ORF1a:D495N;ORF1a:F499L;ORF1a:T512A;ORF1a:K517E;ORF1a:K527Q;ORF1a:A535A;ORF1a:S538S,30,2155,0.0139211136890951,0,
2262026,BA.2_0.04_abundance_0.15,C1645A;A1646T;G1661C;C1663A;G1748A;C1762G;A1799G;A1814G;A1844C;A1870T,ORF1a:N460K;ORF1a:I461F;ORF1a:D466H;ORF1a:D466E;ORF1a:D495N;ORF1a:F499L;ORF1a:T512A;ORF1a:K517E;ORF1a:K527Q;ORF1a:A535A,101,2156,0.0468460111317254,0,
2262026,BA.2_0.04_abundance_0.15,T1647A;A1879C,ORF1a:I461N;ORF1a:S538S,49,2155,0.022737819025522,0,
2262026,BA.2_0.04_abundance_0.15,T2080G;G2129C,ORF1a:V605V;ORF1a:E622Q,23,175,0.1314285714285714,0,
2262026,BA.2_0.04_abundance_0.15,G2875T;G2946A;T2959C;A2977T;A2986G;T3001C;A3010T;T3026G;C3037T;C3045T;G3080A;A3094T;T3106C;T3144A,ORF1a:E870D;ORF1a:G894D;ORF1a:D898D;ORF1a:T904T;ORF1a:L907L;ORF1a:G912G;ORF1a:K915N;ORF1a:Y921D;ORF1a:F924F;ORF1a:P927L;ORF1a:E939K;ORF1a:P943P;ORF1a:Y947Y;ORF1a:L960*,25,402,0.0621890547263681,0,
2262026,BA.2_0.04_abundance_0.15,G2875T;G2946A;T2959C;A2977T;A2986G;T3001C;A3010T;T3026G;C3037T;C3045T;G3080A;A3094T;T3106C;T3144A;T3172G,ORF1a:E870D;ORF1a:G894D;ORF1a:D898D;ORF1a:T904T;ORF1a:L907L;ORF1a:G912G;ORF1a:K915N;ORF1a:Y921D;ORF1a:F924F;ORF1a:P927L;ORF1a:E939K;ORF1a:P943P;ORF1a:Y947Y;ORF1a:L960*;ORF1a:L969L,9,128,0.0703125,0,
2262026,BA.2_0.04_abundance_0.15,T3172G;A3210C;G3216C;A3309T;A3314T;G3353A;A3374C;T3378C;A3390C;G3407A;A3414C;G3443C;T3459G;A3461T,ORF1a:L969L;ORF1a:D982A;ORF1a:S984T;ORF1a:E1015V;ORF1a:T1017S;ORF1a:G1030S;ORF1a:N1037H;ORF1a:V1038A;ORF1a:N1042T;ORF1a:E1048K;ORF1a:K1050T;ORF1a:A1060P;ORF1a:L1065R;ORF1a:K1066*,37,330,0.1121212121212121,0,
2262026,BA.2_0.04_abundance_0.15,A3210C;G3216C;A3309T;A3314T;G3353A;A3374C;T3378C;A3390C;G3407A;A3414C;G3443C;T3459G;A3461T,ORF1a:D982A;ORF1a:S984T;ORF1a:E1015V;ORF1a:T1017S;ORF1a:G1030S;ORF1a:N1037H;ORF1a:V1038A;ORF1a:N1042T;ORF1a:E1048K;ORF1a:K1050T;ORF1a:A1060P;ORF1a:L1065R;ORF1a:K1066*,266,3154,0.0843373493975903,0,
2262026,BA.2_0.04_abundance_0.15,G3849T;A3852T;T3862A;A3872C;G3878A;T3898C;T3930G;C3987A;G4016C;A4019T;A4032G;C4058A,ORF1a:S1195I;ORF1a:E1196V;ORF1a:V1199V;ORF1a:I1203L;ORF1a:E1205K;ORF1a:V1211V;ORF1a:V1222G;ORF1a:T1241K;ORF1a:E1251Q;ORF1a:N1252Y;ORF1a:Y1256C;ORF1a:P1265T,10,482,0.0207468879668049,0,
2262026,BA.2_0.04_abundance_0.15,A3852T;T3862A;A3872C;G3878A;T3898C;T3930G;C3987A;G4016C;A4019T;A4032G;C4058A,ORF1a:E1196V;ORF1a:V1199V;ORF1a:I1203L;ORF1a:E1205K;ORF1a:V1211V;ORF1a:V1222G;ORF1a:T1241K;ORF1a:E1251Q;ORF1a:N1252Y;ORF1a:Y1256C;ORF1a:P1265T,27,482,0.0560165975103734,0,
2262026,BA.2_0.04_abundance_0.15,G4136A;T4149C;A4166G;C4245G;G4283T;A4308C,ORF1a:V1291I;ORF1a:V1295A;ORF1a:I1301V;ORF1a:T1327S;ORF1a:E1340*;ORF1a:K1348T,5,44,0.1136363636363636,0,
2262026,BA.2_0.04_abundance_0.15,T5951A;A5970G;T5978G;T6047A;A6072T;A6098C;T6119A;G6123T;T6129C;T6175G,ORF1a:L1896M;ORF1a:K1902R;ORF1a:S1905A;ORF1a:F1928I;ORF1a:K1936I;ORF1a:T1945P;ORF1a:S1952T;ORF1a:R1953I;ORF1a:L1955P;ORF1a:I1970M,35,487,0.0718685831622176,0,
2262026,BA.2_0.04_abundance_0.15,T6322G;A6371C,ORF1a:V2019V;ORF1a:M2036L,26,669,0.038863976083707,0,
2262026,BA.2_0.04_abundance_0.15,C7392A;A7409G;G7476A;T7489A;T7499A;C7536G;A7569C;G7577A;G7599A;T7605G;T7612A;G7622A;G7629A,ORF1a:P2376Q;ORF1a:R2382G;ORF1a:C2404Y;ORF1a:T2408T;ORF1a:C2412S;ORF1a:T2424R;ORF1a:Y2435S;ORF1a:A2438T;ORF1a:C2445Y;ORF1a:L2447R;ORF1a:N2449K;ORF1a:V2453I;ORF1a:C2455Y,117,1614,0.0724907063197026,0,
2262026,BA.2_0.04_abundance_0.15,A7710C;G7761C;C7772A;G7781T;C7788G;G7790T;T7801A;C7860T;T7861A;T7876A;C7926G;G7962C;A7965T;C7967T,ORF1a:N2482T;ORF1a:G2499A;ORF1a:L2503I;ORF1a:D2506Y;ORF1a:A2508G;ORF1a:G2509C;ORF1a:T2512T;ORF1a:T2532I;ORF1a:T2532T;ORF1a:P2537P;ORF1a:A2554G;ORF1a:C2566S;ORF1a:Q2567L;ORF1a:P2568S,54,768,0.0703125,0,
2262026,BA.2_0.04_abundance_0.15,A8378G;A8388T;T8421A;G8422C;A8500T;T8538G;T8545C;G8553C;T8554G;T8623G,ORF1a:K2705E;ORF1a:N2708I;ORF1a:M2719K;ORF1a:M2719I;ORF1a:A2745A;ORF1a:I2758R;ORF1a:L2760L;ORF1a:G2763A;ORF1a:G1945G;ORF1a:I2786M,10,210,0.0476190476190476,0,
2262026,BA.2_0.04_abundance_0.15,A8378G;A8388T;T8421A;G8422C;A8500T;T8538G;T8545C;G8553C;T8554G,ORF1a:K2705E;ORF1a:N2708I;ORF1a:M2719K;ORF1a:M2719I;ORF1a:A2745A;ORF1a:I2758R;ORF1a:L2760L;ORF1a:G2763A;ORF1a:G1945G,37,622,0.0594855305466238,0,
2262026,BA.2_0.04_abundance_0.15,A8378G;A8388T;T8421A;G8422C;A8500T;T8538G;T8545C;G8553C;T8554G;T8623G;C8626A,ORF1a:K2705E;ORF1a:N2708I;ORF1a:M2719K;ORF1a:M2719I;ORF1a:A2745A;ORF1a:I2758R;ORF1a:L2760L;ORF1a:G2763A;ORF1a:G1945G;ORF1a:I2786M;ORF1a:F2787L,10,120,0.0833333333333333,0,
2262026,BA.2_0.04_abundance_0.15,T8623G;C8626A;C8664T;G8696C;T8854A;T8870C;A8882T;T8886C;T8918G;G8939A,ORF1a:I2786M;ORF1a:F2787L;ORF1a:T2800I;ORF1a:A2811P;ORF1a:G2863G;ORF1a:L2869L;ORF1a:I2873L;ORF1a:L2874S;ORF1a:L2885V;ORF1a:V2892I,10,154,0.0649350649350649,0,
2262026,BA.2_0.04_abundance_0.15,C8626A;C8664T;G8696C;T8854A;T8870C;A8882T;T8886C;T8918G;G8939A,ORF1a:F2787L;ORF1a:T2800I;ORF1a:A2811P;ORF1a:G2863G;ORF1a:L2869L;ORF1a:I2873L;ORF1a:L2874S;ORF1a:L2885V;ORF1a:V2892I,7,254,0.0275590551181102,0,
2262026,BA.2_0.04_abundance_0.15,C8664T;G8696C;T8854A;T8870C;A8882T;T8886C;T8918G,ORF1a:T2800I;ORF1a:A2811P;ORF1a:G2863G;ORF1a:L2869L;ORF1a:I2873L;ORF1a:L2874S;ORF1a:L2885V,30,1969,0.0152361604875571,0,
2262026,BA.2_0.04_abundance_0.15,C8664T;G8696C;T8854A;T8870C;A8882T;T8886C;T8918G;G8939A,ORF1a:T2800I;ORF1a:A2811P;ORF1a:G2863G;ORF1a:L2869L;ORF1a:I2873L;ORF1a:L2874S;ORF1a:L2885V;ORF1a:V2892I,88,1485,0.0592592592592592,0,
2262026,BA.2_0.04_abundance_0.15,C8664T;G8696C;T8854A;T8870C;A8882T;T8886C;T8918G;G8939A;T8954C,ORF1a:T2800I;ORF1a:A2811P;ORF1a:G2863G;ORF1a:L2869L;ORF1a:I2873L;ORF1a:L2874S;ORF1a:L2885V;ORF1a:V2892I;ORF1a:Y2897H,6,114,0.0526315789473684,0,
2262026,BA.2_0.04_abundance_0.15,T8918G;G8939A;T8954C;G8975C;G9003C;A9023G;T9089A;C9122G;G9130C;G9137A;C9163T;G9173A;T9178G;T9183C;A9213G,ORF1a:L2885V;ORF1a:V2892I;ORF1a:Y2897H;ORF1a:E2904Q;ORF1a:C2913S;ORF1a:T2920A;ORF1a:S2942T;ORF1a:R2953G;ORF1a:V2955V;ORF1a:D2958N;ORF1a:N2966N;ORF1a:E2970K;ORF1a:G2971G;ORF1a:V2973A;ORF1a:Y2983C,8,110,0.0727272727272727,0,
2262026,BA.2_0.04_abundance_0.15,G8939A;T8954C;G8975C;G9003C;A9023G;T9089A;C9122G;G9130C;G9137A;C9163T;G9173A;T9178G;T9183C;A9213G,ORF1a:V2892I;ORF1a:Y2897H;ORF1a:E2904Q;ORF1a:C2913S;ORF1a:T2920A;ORF1a:S2942T;ORF1a:R2953G;ORF1a:V2955V;ORF1a:D2958N;ORF1a:N2966N;ORF1a:E2970K;ORF1a:G2971G;ORF1a:V2973A;ORF1a:Y2983C,69,839,0.0822407628128724,0,
2262026,BA.2_0.04_abundance_0.15,C9515G;C9534T;C9565G;T9574A;T9680A;T9695G;C9700A;G9705A;A9740C;A9748C;A9754C;C9755T;T9818A,ORF1a:L3084V;ORF1a:T3090I;ORF1a:F3100L;ORF1a:G3103G;ORF1a:W3139R;ORF1a:Y3144D;ORF1a:I3145I;ORF1a:C3147Y;ORF1a:N3159H;ORF1a:L3161L;ORF1a:R3163S;ORF1a:R3164C;ORF1a:L3185I,14,186,0.075268817204301,0,
2262026,BA.2_0.04_abundance_0.15,C9515G;C9534T;C9565G;T9574A;T9680A;T9695G;C9700A;G9705A;A9740C;A9748C;A9754C;C9755T,ORF1a:L3084V;ORF1a:T3090I;ORF1a:F3100L;ORF1a:G3103G;ORF1a:W3139R;ORF1a:Y3144D;ORF1a:I3145I;ORF1a:C3147Y;ORF1a:N3159H;ORF1a:L3161L;ORF1a:R3163S;ORF1a:R3164C,13,382,0.0340314136125654,0,
2262026,BA.2_0.04_abundance_0.15,C9534T;A9656G,ORF1a:T3090I;ORF1a:M3131V,113,813,0.1389913899138991,10,BE.1.1.2:1;XBB.3:1;BA.5.2:3;BA.2:1;BA.5.1.10:1;BQ.1.1.8:1;BE.1.1:2
2262026,BA.2_0.04_abundance_0.15,C9534T;A9591C,ORF1a:T3090I;ORF1a:Y3109S,68,813,0.083640836408364,0,
2262026,BA.2_0.04_abundance_0.15,C9534T;A9591C;A9656G,ORF1a:T3090I;ORF1a:Y3109S;ORF1a:M3131V,9,813,0.011070110701107,0,
2262026,BA.2_0.04_abundance_0.15,C9534T;C9565G;T9574A;T9680A;T9695G;C9700A;G9705A;A9740C;A9748C;A9754C;C9755T,ORF1a:T3090I;ORF1a:F3100L;ORF1a:G3103G;ORF1a:W3139R;ORF1a:Y3144D;ORF1a:I3145I;ORF1a:C3147Y;ORF1a:N3159H;ORF1a:L3161L;ORF1a:R3163S;ORF1a:R3164C,15,761,0.0197109067017082,0,
2262026,BA.2_0.04_abundance_0.15,C9534T;C9565G;T9574A;T9680A;T9695G;C9700A;G9705A;A9740C;A9748C;A9754C;C9755T;T9818A,ORF1a:T3090I;ORF1a:F3100L;ORF1a:G3103G;ORF1a:W3139R;ORF1a:Y3144D;ORF1a:I3145I;ORF1a:C3147Y;ORF1a:N3159H;ORF1a:L3161L;ORF1a:R3163S;ORF1a:R3164C;ORF1a:L3185I,10,380,0.0263157894736842,0,
2262026,BA.2_0.04_abundance_0.15,T10813G;A10842C;T10852A;C10871A;C10889G;T10913A;T10968G;A10972C;A10987G,ORF1a:L3516L;ORF1a:D3526A;ORF1a:A3529A;ORF1a:Q3536K;ORF1a:R3542G;ORF1a:L3550I;ORF1a:F3568C;ORF1a:Q3569H;ORF1a:R3574R,145,1388,0.1044668587896253,0,
2262026,BA.2_0.04_abundance_0.15,G11064C;T11079G;T11107G;T11125G;T11135C;T11149A;T11164G;T11197G;G11230T;G11310T;T11331A,ORF1a:W3600S;ORF1a:F3605C;ORF1a:F3614L;ORF1a:A3620A;ORF1a:F3624L;ORF1a:F3628L;ORF1a:H3633Q;ORF1a:L3644L;ORF1a:M3655I;ORF1a:C3682F;ORF1a:V3689E,350,4613,0.0758725341426403,0,
2262026,BA.2_0.04_abundance_0.15,T11940C;C11942A;A11952T;A11991G;T11997G;C12005G;A12030G;G12052T;C12099A;A12103T;T12112G;C12123G;A12126T;A12130C,ORF1a:V3892A;ORF1a:Q3893K;ORF1a:N3896I;ORF1a:E3909G;ORF1a:M3911R;ORF1a:L3914V;ORF1a:Q3922R;ORF1a:K3929N;ORF1a:A3945D;ORF1a:S3946S;ORF1a:S3949R;ORF1a:S3953*;ORF1a:Y3954F;ORF1a:A3955A,166,2831,0.058636524196397,0,
2262026,BA.2_0.04_abundance_0.15,T11940C;C11942A;A11952T;A11991G;T11997G;C12005G;A12030G;A12040G;G12052T;C12099A;A12103T;T12112G;C12123G;A12126T;A12130C,ORF1a:V3892A;ORF1a:Q3893K;ORF1a:N3896I;ORF1a:E3909G;ORF1a:M3911R;ORF1a:L3914V;ORF1a:Q3922R;ORF1a:V3925V;ORF1a:K3929N;ORF1a:A3945D;ORF1a:S3946S;ORF1a:S3949R;ORF1a:S3953*;ORF1a:Y3954F;ORF1a:A3955A,82,2831,0.0289650300247262,0,
2262026,BA.2_0.04_abundance_0.15,G13076A;G13100T;T13111A;C13134G;A13139G;G13148C;A13169C;A13187G;C13206T;A13237C;G13332T,ORF1a:A4271T;ORF1a:A4279S;ORF1a:D4282E;ORF1a:P4290R;ORF1a:T4292A;ORF1a:V4295L;ORF1a:T4302P;ORF1a:I4308V;ORF1a:A4314V;ORF1a:A4324A;ORF1a:C4356F,5,232,0.021551724137931,0,
2262026,BA.2_0.04_abundance_0.15,G13076A;G13100T;T13111A;C13134G;A13139G;G13148C;A13169C;A13187G;C13206T;A13237C;G13332T;T13354C,ORF1a:A4271T;ORF1a:A4279S;ORF1a:D4282E;ORF1a:P4290R;ORF1a:T4292A;ORF1a:V4295L;ORF1a:T4302P;ORF1a:I4308V;ORF1a:A4314V;ORF1a:A4324A;ORF1a:C4356F;ORF1a:F4363F,21,178,0.1179775280898876,0,
2262026,BA.2_0.04_abundance_0.15,T13354C;T13529A;T13545C;C13554A;A13581G;T13597G;A13611T;G13618C,ORF1a:F4363F;ORF1b:V21D;ORF1b:F26F;ORF1b:Y29*;ORF1b:K38K;ORF1b:C44G;ORF1b:Q48H;ORF1b:D51H,27,408,0.0661764705882353,0,
2262026,BA.2_0.04_abundance_0.15,T13529A;T13545C;C13554A;A13581G;T13597G;A13611T;G13618C,ORF1b:V21D;ORF1b:F26F;ORF1b:Y29*;ORF1b:K38K;ORF1b:C44G;ORF1b:Q48H;ORF1b:D51H,51,1300,0.0392307692307692,0,
2262026,BA.2_0.04_abundance_0.15,A13969G;C13987T;A14012T;T14019A;G14020A;T14037C;C14057G;C14110G;A14121T;T14136A;A14142C;A14164T;G14187T;G14202A;T14221A,ORF1b:N168D;ORF1b:R174C;ORF1b:Q182L;ORF1b:C184*;ORF1b:D185N;ORF1b:A190A;ORF1b:T197R;ORF1b:Q215E;ORF1b:P218P;ORF1b:P223P;ORF1b:V225V;ORF1b:M233L;ORF1b:R240S;ORF1b:E245E;ORF1b:L252I,58,759,0.0764163372859025,0,
2262026,BA.2_0.04_abundance_0.15,A13969G;C13987T;A14012T;T14019A;G14020A;T14037C;C14057G;C14110G;A14121T;T14136A;A14142C;A14164T;G14187T;G14202A;T14221A;A14253T,ORF1b:N168D;ORF1b:R174C;ORF1b:Q182L;ORF1b:C184*;ORF1b:D185N;ORF1b:A190A;ORF1b:T197R;ORF1b:Q215E;ORF1b:P218P;ORF1b:P223P;ORF1b:V225V;ORF1b:M233L;ORF1b:R240S;ORF1b:E245E;ORF1b:L252I;ORF1b:L262F,8,604,0.0132450331125827,0,
2262026,BA.2_0.04_abundance_0.15,A14253T;C14408T,ORF1b:L262F;ORF1b:P314L,68,297,0.2289562289562289,51,BA.1.1:4;BA.1:2;AY.122:2;BF.5:19;BA.1.1.2:2;AY.117:1;P.1:1;BF.10:1;BA.1.17.2:1;BA.2.75:1;BA.2:1;BQ.1.1.22:1;AY.127:1;AY.4:9;AY.111:1;BQ.1.1:1;BA.5.3.1:1;BQ.1.18:1;BA.2.1:1
2262026,BA.2_0.04_abundance_0.15,A14253T;C14408T;G14512T,ORF1b:L262F;ORF1b:P314L;ORF1b:D349Y,30,277,0.1083032490974729,0,
2262026,BA.2_0.04_abundance_0.15,C14408T;G14512T,ORF1b:P314L;ORF1b:D349Y,64,282,0.226950354609929,352,AY.44:12;AY.4:185;BA.1.1:5;B.1.1.519:1;B.1.36:1;B.1.1.7:7;AY.4.2:11;AY.35:1;AY.4.2.2:15;AY.25.1:5;B.1:5;BF.2:2;AY.106:2;AY.103:7;AY.9:1;AY.6:4;AY.3:5;BA.1.15.1:1;B.1.177.57:2;BA.1.1.14:1;B.1.617.2:4;AY.29:2;AY.121:5;AY.4.6:2;B.1.221:1;AY.122:3;BA.1:2;AY.26:15;AY.39:2;AY.100:1;AY.5:5;BF.4:1;AY.42:1;AY.84:2;BF.5:1;B.1.577:1;B.1.2:3;AY.126:1;B.1.340:2;BA.4.6.5:1;AY.98.1:1;B.1.177:2;B.1.429:1;BA.2.12.1:1;BA.2:3;AY.68:1;AY.85:1;BE.5:1;CM.2:1;AY.46.6:1;B.1.1.529:2;BA.5.2.1:1;B.1.443:1;BA.5.1:1;AY.118:2;AY.4.2.3:1;AY.43:1;AY.25:1;AY.105:1
2262026,BA.2_0.04_abundance_0.15,T14577A;C14583T;G14587C;C14618A;A14651C;T14652C;G14701T;C14760A;T14769G;A14795C;T14828G;T14846G;T14864G;T14880G;C14889A,ORF1b:A370A;ORF1b:H372H;ORF1b:A374P;ORF1b:T384N;ORF1b:N395T;ORF1b:N395N;ORF1b:D412Y;ORF1b:F431L;ORF1b:A434A;ORF1b:D443A;ORF1b:M454R;ORF1b:L460R;ORF1b:V466G;ORF1b:F471L;ORF1b:Y474*,6,74,0.081081081081081,0,
2262026,BA.2_0.04_abundance_0.15,T14577A;C14583T;G14587C;C14618A;A14651C;T14652C;G14701T;C14760A;T14769G;A14795C;T14828G;T14846G;T14864G;T14880G,ORF1b:A370A;ORF1b:H372H;ORF1b:A374P;ORF1b:T384N;ORF1b:N395T;ORF1b:N395N;ORF1b:D412Y;ORF1b:F431L;ORF1b:A434A;ORF1b:D443A;ORF1b:M454R;ORF1b:L460R;ORF1b:V466G;ORF1b:F471L,7,201,0.0348258706467661,0,
2262026,BA.2_0.04_abundance_0.15,C14583T;G14587C;C14618A;A14651C;T14652C;G14701T;C14760A;T14769G;A14795C;T14828G;T14846G;T14864G;T14880G,ORF1b:H372H;ORF1b:A374P;ORF1b:T384N;ORF1b:N395T;ORF1b:N395N;ORF1b:D412Y;ORF1b:F431L;ORF1b:A434A;ORF1b:D443A;ORF1b:M454R;ORF1b:L460R;ORF1b:V466G;ORF1b:F471L,18,538,0.0334572490706319,0,
2262026,BA.2_0.04_abundance_0.15,C14583T;G14587C;C14618A;A14651C;T14652C;G14701T;C14760A;T14769G;A14795C;T14828G;T14846G;T14864G;T14880G;C14889A,ORF1b:H372H;ORF1b:A374P;ORF1b:T384N;ORF1b:N395T;ORF1b:N395N;ORF1b:D412Y;ORF1b:F431L;ORF1b:A434A;ORF1b:D443A;ORF1b:M454R;ORF1b:L460R;ORF1b:V466G;ORF1b:F471L;ORF1b:Y474*,8,184,0.0434782608695652,0,
2262026,BA.2_0.04_abundance_0.15,G14587C;C14618A;A14651C;T14652C;G14701T;C14760A;T14769G;A14795C;T14828G;T14846G;T14864G;T14880G,ORF1b:A374P;ORF1b:T384N;ORF1b:N395T;ORF1b:N395N;ORF1b:D412Y;ORF1b:F431L;ORF1b:A434A;ORF1b:D443A;ORF1b:M454R;ORF1b:L460R;ORF1b:V466G;ORF1b:F471L,14,1018,0.0137524557956778,0,
2262026,BA.2_0.04_abundance_0.15,G14587C;C14618A;A14651C;T14652C;G14701T;C14760A;T14769G;A14795C;T14828G;T14846G;T14864G;T14880G;C14889A,ORF1b:A374P;ORF1b:T384N;ORF1b:N395T;ORF1b:N395N;ORF1b:D412Y;ORF1b:F431L;ORF1b:A434A;ORF1b:D443A;ORF1b:M454R;ORF1b:L460R;ORF1b:V466G;ORF1b:F471L;ORF1b:Y474*,10,369,0.02710027100271,0,
2262026,BA.2_0.04_abundance_0.15,G15543A;G15550A;C15566A;A15580T;G15627C;G15649T;G15672A;C15714T;C15716T;T15729A;T15737A;A15742C;A15772G,ORF1b:T692T;ORF1b:V695I;ORF1b:S700Y;ORF1b:K705*;ORF1b:E720D;ORF1b:V728F;ORF1b:E735E;ORF1b:L749L;ORF1b:S750F;ORF1b:V754V;ORF1b:F757Y;ORF1b:S759R;ORF1b:S769G,74,2872,0.0257660167130919,0,
2262026,BA.2_0.04_abundance_0.15,G15543A;G15550A;C15566A;A15580T;G15627C;G15649T;G15672A;C15714T;C15716T;T15729A;T15737A;A15742C;A15772G;A15845C,ORF1b:T692T;ORF1b:V695I;ORF1b:S700Y;ORF1b:K705*;ORF1b:E720D;ORF1b:V728F;ORF1b:E735E;ORF1b:L749L;ORF1b:S750F;ORF1b:V754V;ORF1b:F757Y;ORF1b:S759R;ORF1b:S769G;ORF1b:E793A,108,1744,0.0619266055045871,0,
2262026,BA.2_0.04_abundance_0.15,G15543A;G15550A;C15566A;A15580T;G15627C;G15649T;G15672A;C15714T;C15716T;T15723G;T15729A;T15737A;A15742C;A15772G;A15845C,ORF1b:T692T;ORF1b:V695I;ORF1b:S700Y;ORF1b:K705*;ORF1b:E720D;ORF1b:V728F;ORF1b:E735E;ORF1b:L749L;ORF1b:S750F;ORF1b:D752E;ORF1b:V754V;ORF1b:F757Y;ORF1b:S759R;ORF1b:S769G;ORF1b:E793A,18,1744,0.0103211009174311,0,
2262026,BA.2_0.04_abundance_0.15,C15714T;T15723G,ORF1b:L749L;ORF1b:D752E,413,3095,0.1334410339256866,0,
2262026,BA.2_0.04_abundance_0.15,C15714T;G15826C,ORF1b:L749L;ORF1b:E787Q,68,2800,0.0242857142857142,3,BA.5.1:1;BA.5.1.10:2
2262026,BA.2_0.04_abundance_0.15,T15915G;T15916C;A15917T;T15920G;G15961C;T16004G;G16027C;A16055T;A16128T;G16130A,ORF1b:D816E;ORF1b:Y817H;ORF1b:Y817F;ORF1b:V818G;ORF1b:G832R;ORF1b:M846R;ORF1b:A854P;ORF1b:H863L;ORF1b:T887T;ORF1b:G888E,101,1330,0.0759398496240601,0,
2262026,BA.2_0.04_abundance_0.15,T15915G;T15916C;A15917T;T15920G;G15961C;T16004G;G16027C;A16055T,ORF1b:D816E;ORF1b:Y817H;ORF1b:Y817F;ORF1b:V818G;ORF1b:G832R;ORF1b:M846R;ORF1b:A854P;ORF1b:H863L,17,1454,0.0116918844566712,0,
2262026,BA.2_0.04_abundance_0.15,G16871T;C16937G,ORF1b:R1135L;ORF1b:P1157R,115,1428,0.080532212885154,0,
2262026,BA.2_0.04_abundance_0.15,G16871T;T16908A;T16913C;A16923C;C16928T;G16959C;A16967G;C17000A;A17037T;G17058A;T17067G,ORF1b:R1135L;ORF1b:Y1147*;ORF1b:V1149A;ORF1b:S1152S;ORF1b:T1154I;ORF1b:V1164V;ORF1b:E1167G;ORF1b:T1178K;ORF1b:A1190A;ORF1b:M1197I;ORF1b:Y1200*,77,1333,0.0577644411102775,0,
2262026,BA.2_0.04_abundance_0.15,T16908A;T16913C;A16923C;C16928T;G16959C;A16967G;C17000A;A17037T;G17058A;T17067G,ORF1b:Y1147*;ORF1b:V1149A;ORF1b:S1152S;ORF1b:T1154I;ORF1b:V1164V;ORF1b:E1167G;ORF1b:T1178K;ORF1b:A1190A;ORF1b:M1197I;ORF1b:Y1200*,41,1333,0.0307576894223555,0,
2262026,BA.2_0.04_abundance_0.15,T17150G;T17208C;T17224G;T17226G;A17233G;A17269C;T17319C;T17364A;C17372A;T17379C;C17403G,ORF1b:V1228G;ORF1b:Y1247Y;ORF1b:C1253G;ORF1b:C1253W;ORF1b:I1256V;ORF1b:K1268Q;ORF1b:N1284N;ORF1b:I1299I;ORF1b:A1302D;ORF1b:N1304N;ORF1b:A1312A,150,3733,0.0401821591213501,0,
2262026,BA.2_0.04_abundance_0.15,T17150G;T17208C;T17224G;T17226G;A17233G;A17269C;T17319C;T17364A;C17372A;T17379C;C17403G;A17409G;C17410T;T17415C,ORF1b:V1228G;ORF1b:Y1247Y;ORF1b:C1253G;ORF1b:C1253W;ORF1b:I1256V;ORF1b:K1268Q;ORF1b:N1284N;ORF1b:I1299I;ORF1b:A1302D;ORF1b:N1304N;ORF1b:A1312A;ORF1b:L1314L;ORF1b:R1315C;ORF1b:A1316A,84,1245,0.0674698795180722,0,
2262026,BA.2_0.04_abundance_0.15,T17150G;T17208C;T17224G;T17226G;A17233G;A17269C;T17319C;T17364A;C17372A;T17379C,ORF1b:V1228G;ORF1b:Y1247Y;ORF1b:C1253G;ORF1b:C1253W;ORF1b:I1256V;ORF1b:K1268Q;ORF1b:N1284N;ORF1b:I1299I;ORF1b:A1302D;ORF1b:N1304N,72,4319,0.016670525584626,0,
2262026,BA.2_0.04_abundance_0.15,T17150G;T17208C;T17224G;T17226G;A17233G;A17269C;T17319C;T17364A;C17372A;T17379C;C17403G;A17409G;C17410T,ORF1b:V1228G;ORF1b:Y1247Y;ORF1b:C1253G;ORF1b:C1253W;ORF1b:I1256V;ORF1b:K1268Q;ORF1b:N1284N;ORF1b:I1299I;ORF1b:A1302D;ORF1b:N1304N;ORF1b:A1312A;ORF1b:L1314L;ORF1b:R1315C,35,2678,0.0130694548170276,0,
2262026,BA.2_0.04_abundance_0.15,T17150G;T17208C;T17224G;T17226G;A17233G;A17269C;T17319C;T17364A;C17372A;T17379C;C17403G;A17409G;C17410T;T17415C;A17429C,ORF1b:V1228G;ORF1b:Y1247Y;ORF1b:C1253G;ORF1b:C1253W;ORF1b:I1256V;ORF1b:K1268Q;ORF1b:N1284N;ORF1b:I1299I;ORF1b:A1302D;ORF1b:N1304N;ORF1b:A1312A;ORF1b:L1314L;ORF1b:R1315C;ORF1b:A1316A;ORF1b:Y1321S,9,70,0.1285714285714285,0,
2262026,BA.2_0.04_abundance_0.15,C17167G;T17247C;C17410T,ORF1b:H1234D;ORF1b:R1260R;ORF1b:R1315C,256,2678,0.0955937266616878,0,
2262026,BA.2_0.04_abundance_0.15,C17167G;T17247C,ORF1b:H1234D;ORF1b:R1260R,203,4664,0.04352487135506,0,
2262026,BA.2_0.04_abundance_0.15,C17167G;C17410T,ORF1b:H1234D;ORF1b:R1315C,355,2678,0.1325616131441374,0,
2262026,BA.2_0.04_abundance_0.15,T17247C;C17410T,ORF1b:R1260R;ORF1b:R1315C,781,2678,0.2916355489171023,283,BA.5.2.28:5;BA.2.12.1:201;BA.2.12:1;BK.1:5;BA.5.2.1:11;BA.2:20;BQ.1.1.15:1;BA.5.3.2:2;BA.5.1:9;BA.2.9:2;BA.4.6:1;BA.5.2:6;BA.5:4;BA.4.1.4:1;BA.2.10:5;BQ.1.15:2;BF.21:3;CM.3:1;BA.2.75:1;BA.5.1.18:1;BA.5.2.26:1
2262026,BA.2_0.04_abundance_0.15,A17409G;C17410T;T17415C;A17429C;T17442G;C17463A;G17469C;T17510G;A17525C;A17593G;G17602C;A17606C;A17614T;C17649T;C17710G;T17714A,ORF1b:L1314L;ORF1b:R1315C;ORF1b:A1316A;ORF1b:Y1321S;ORF1b:P1325P;ORF1b:R1332R;ORF1b:L1334F;ORF1b:V1348G;ORF1b:K1353T;ORF1b:S1376G;ORF1b:V1379L;ORF1b:Y1380S;ORF1b:K1383*;ORF1b:C1394C;ORF1b:Q1415E;ORF1b:I1416K,6,139,0.0431654676258992,0,
2262026,BA.2_0.04_abundance_0.15,A17429C;T17442G;C17463A;G17469C;T17510G;A17525C;A17593G;G17602C;A17606C;A17614T;C17649T;C17710G;T17714A,ORF1b:Y1321S;ORF1b:P1325P;ORF1b:R1332R;ORF1b:L1334F;ORF1b:V1348G;ORF1b:K1353T;ORF1b:S1376G;ORF1b:V1379L;ORF1b:Y1380S;ORF1b:K1383*;ORF1b:C1394C;ORF1b:Q1415E;ORF1b:I1416K,116,1393,0.0832735104091888,0,
2262026,BA.2_0.04_abundance_0.15,C17710G;T17714A;C17762A;G17764T;T17771A;C17818T;T17859C;T17863G;C17885T;T17901G;T17922A;T17925G;C17933G;T17963A;A17969C,ORF1b:Q1415E;ORF1b:I1416K;ORF1b:A1432D;ORF1b:V1433F;ORF1b:I1435N;ORF1b:L1451L;ORF1b:Y1464Y;ORF1b:Y1466D;ORF1b:T1473I;ORF1b:S1478S;ORF1b:N1485K;ORF1b:V1486V;ORF1b:T1489S;ORF1b:M1499K;ORF1b:D1501A,64,805,0.0795031055900621,0,
2262026,BA.2_0.04_abundance_0.15,T17714A;C17762A;G17764T;T17771A;C17818T;T17859C;T17863G;C17885T;T17901G;T17922A;T17925G;C17933G;T17963A;A17969C,ORF1b:I1416K;ORF1b:A1432D;ORF1b:V1433F;ORF1b:I1435N;ORF1b:L1451L;ORF1b:Y1464Y;ORF1b:Y1466D;ORF1b:T1473I;ORF1b:S1478S;ORF1b:N1485K;ORF1b:V1486V;ORF1b:T1489S;ORF1b:M1499K;ORF1b:D1501A,68,1529,0.0444735120994113,0,
2262026,BA.2_0.04_abundance_0.15,C17762A;G17764T;T17771A;C17818T;T17859C;T17863G;C17885T;T17901G;T17922A;T17925G;C17933G;T17963A;A17969C,ORF1b:A1432D;ORF1b:V1433F;ORF1b:I1435N;ORF1b:L1451L;ORF1b:Y1464Y;ORF1b:Y1466D;ORF1b:T1473I;ORF1b:S1478S;ORF1b:N1485K;ORF1b:V1486V;ORF1b:T1489S;ORF1b:M1499K;ORF1b:D1501A,39,2208,0.0176630434782608,0,
2262026,BA.2_0.04_abundance_0.15,C18041A;G18088C;C18094T;T18123G;G18145A;A18163G;G18213T;T18276A;C18303A,ORF1b:A1525D;ORF1b:G1541R;ORF1b:H1543Y;ORF1b:S1552R;ORF1b:E1560K;ORF1b:I1566V;ORF1b:M1582I;ORF1b:A1603A;ORF1b:G1612G,45,654,0.0688073394495412,0,
2262026,BA.2_0.04_abundance_0.15,C18041A;G18088C;C18094T;T18123G;G18145A;A18163G;G18213T;T18276A,ORF1b:A1525D;ORF1b:G1541R;ORF1b:H1543Y;ORF1b:S1552R;ORF1b:E1560K;ORF1b:I1566V;ORF1b:M1582I;ORF1b:A1603A,17,865,0.0196531791907514,0,
2262026,BA.2_0.04_abundance_0.15,A18134T;A18163G,ORF1b:K1556I;ORF1b:I1566V,149,933,0.1596998928188638,0,
2262026,BA.2_0.04_abundance_0.15,A18163G;G18255C,ORF1b:I1566V;ORF1b:M1596I,27,869,0.0310701956271576,11,BQ.1.25:3;BA.5.2:5;BA.1.1:3
2262026,BA.2_0.04_abundance_0.15,C18976G;C19018T;G19072T;C19089A;C19099A;C19103G;T19146C;G19177A;G19194C;G19207A;G19231A;A19237G;A19244T;T19258G,ORF1b:Q1837E;ORF1b:P1851S;ORF1b:D1869Y;ORF1b:F1874L;ORF1b:Q1878K;ORF1b:P1879R;ORF1b:S1893S;ORF1b:G1904S;ORF1b:W1909C;ORF1b:D1914N;ORF1b:V1922I;ORF1b:R1924G;ORF1b:D1926V;ORF1b:S1931A,17,711,0.0239099859353023,0,
2262026,BA.2_0.04_abundance_0.15,C18976G;C19018T;G19072T;C19089A;C19099A;C19103G;T19146C;G19177A;G19194C;G19207A;G19231A;A19237G;A19244T,ORF1b:Q1837E;ORF1b:P1851S;ORF1b:D1869Y;ORF1b:F1874L;ORF1b:Q1878K;ORF1b:P1879R;ORF1b:S1893S;ORF1b:G1904S;ORF1b:W1909C;ORF1b:D1914N;ORF1b:V1922I;ORF1b:R1924G;ORF1b:D1926V,94,1638,0.0573870573870573,0,
2262026,BA.2_0.04_abundance_0.15,C18976G;C19018T;G19072T;C19089A;C19099A;C19103G;T19146C;G19177A;G19194C;G19207A;G19231A;A19237G;A19244T;T19258G;T19260C,ORF1b:Q1837E;ORF1b:P1851S;ORF1b:D1869Y;ORF1b:F1874L;ORF1b:Q1878K;ORF1b:P1879R;ORF1b:S1893S;ORF1b:G1904S;ORF1b:W1909C;ORF1b:D1914N;ORF1b:V1922I;ORF1b:R1924G;ORF1b:D1926V;ORF1b:S1931A;ORF1b:S1931S,19,485,0.0391752577319587,0,
2262026,BA.2_0.04_abundance_0.15,A20539G;C20544G;C20648A;T20701C;T20738G;A20741C;T20748G;G20750A;T20757G;A20761T;A20778C;C20803G,ORF1b:K2358E;ORF1b:S2359S;ORF1b:P2394Q;ORF1b:Y2412H;ORF1b:L2424R;ORF1b:Q2425P;ORF1b:Y2427*;ORF1b:G2428D;ORF1b:S2430R;ORF1b:T2432S;ORF1b:I2437I;ORF1b:Q2446E,22,429,0.0512820512820512,0,
2262026,BA.2_0.04_abundance_0.15,A20539G;C20544G;C20648A;T20701C;T20738G;A20741C;T20748G;G20750A;T20757G;A20761T;A20778C;C20790A;C20803G,ORF1b:K2358E;ORF1b:S2359S;ORF1b:P2394Q;ORF1b:Y2412H;ORF1b:L2424R;ORF1b:Q2425P;ORF1b:Y2427*;ORF1b:G2428D;ORF1b:S2430R;ORF1b:T2432S;ORF1b:I2437I;ORF1b:V2441V;ORF1b:Q2446E,10,429,0.0233100233100233,0,
2262026,BA.2_0.04_abundance_0.15,C22127A;T22200G,S:L189I;S:V213G,550,831,0.6618531889290012,19,BA.2:1;BA.1.1:1;BE.1.1:6;BA.2.9:1;BF.10:6;BA.5:1;BA.5.2:1;BA.5.2.26:1;BA.2.75:1
2262026,BA.2_0.04_abundance_0.15,T22891A;T22937C;A22974C;G22992A;C22995A;A22996C;C22998G;G23001C;A23013C;T23032C;A23040G;A23148C;T23152A,S:S443S;S:S459P;S:E471A;S:S477N;S:T478K;S:T478T;S:P479R;S:C480S;S:E484A;S:F490F;S:Q493R;S:K529T;S:S530S,5,68,0.0735294117647058,0,
2262026,BA.2_0.04_abundance_0.15,A23148C;T23152A;T23178A;A23181C;T23183C;G23222T;G23264C;T23272A;C23280A;C23286G;G23288T;T23289A;T23308A;G23309C;T23322A;A23357G;T23377G;C23393A;A23397C;A23403G;T23421C;T23468A;T23479G,S:K529T;S:S530S;S:V539D;S:N540T;S:F541L;S:E554*;S:D568H;S:A570A;S:T573N;S:A575G;S:V576F;S:V576D;S:L582L;S:E583Q;S:I587N;S:T599A;S:S605S;S:L611I;S:Y612S;S:D614G;S:V620A;S:Y636N;S:G639G,6,82,0.073170731707317,0,
2262026,BA.2_0.04_abundance_0.15,T23152A;T23178A;A23181C;T23183C;G23222T;G23264C;T23272A;C23280A;C23286G;G23288T;T23289A;T23308A;G23309C;T23322A;A23357G;T23377G;C23393A;A23397C;A23403G;T23421C;T23468A;T23479G,S:S530S;S:V539D;S:N540T;S:F541L;S:E554*;S:D568H;S:A570A;S:T573N;S:A575G;S:V576F;S:V576D;S:L582L;S:E583Q;S:I587N;S:T599A;S:S605S;S:L611I;S:Y612S;S:D614G;S:V620A;S:Y636N;S:G639G,7,145,0.0482758620689655,0,
2262026,BA.2_0.04_abundance_0.15,T23178A;A23181C;T23183C;G23222T;G23264C;T23272A;C23280A;C23286G;G23288T;T23289A;T23308A;G23309C;T23322A;A23357G;T23377G;C23393A;A23397C;A23403G;T23421C;T23468A;T23479G,S:V539D;S:N540T;S:F541L;S:E554*;S:D568H;S:A570A;S:T573N;S:A575G;S:V576F;S:V576D;S:L582L;S:E583Q;S:I587N;S:T599A;S:S605S;S:L611I;S:Y612S;S:D614G;S:V620A;S:Y636N;S:G639G,50,1102,0.0453720508166969,0,
2262026,BA.2_0.04_abundance_0.15,T23178A;A23181C;T23183C;G23222T;G23264C;T23272A;C23280A;C23286G;G23288T;T23289A;T23308A;G23309C;T23322A;A23357G;T23377G;C23393A;A23397C;A23403G;T23421C;T23468A;T23479G;T23487A,S:V539D;S:N540T;S:F541L;S:E554*;S:D568H;S:A570A;S:T573N;S:A575G;S:V576F;S:V576D;S:L582L;S:E583Q;S:I587N;S:T599A;S:S605S;S:L611I;S:Y612S;S:D614G;S:V620A;S:Y636N;S:G639G;S:V642D,14,312,0.0448717948717948,0,
2262026,BA.2_0.04_abundance_0.15,T23178A;A23181C;T23183C;G23222T;G23264C;T23272A;C23280A;C23286G;G23288T;T23289A;T23308A;G23309C;T23322A;A23357G;T23377G;C23393A;A23397C;A23403G;T23421C;T23468A,S:V539D;S:N540T;S:F541L;S:E554*;S:D568H;S:A570A;S:T573N;S:A575G;S:V576F;S:V576D;S:L582L;S:E583Q;S:I587N;S:T599A;S:S605S;S:L611I;S:Y612S;S:D614G;S:V620A;S:Y636N,24,1487,0.0161398789509078,0,
2262026,BA.2_0.04_abundance_0.15,G23196C;A23403G,S:G545A;S:D614G,1024,1600,0.64,0,
2262026,BA.2_0.04_abundance_0.15,T23599G;C23604A;C23763A,S:N679K;S:P681H;S:T734K,11,57,0.1929824561403508,7,BA.1.13.1:1;BF.5:1;BA.2.38:1;BA.5.2:2;BA.5.2.1:1;BA.5.1:1
2262026,BA.2_0.04_abundance_0.15,G24872C;C25000T,S:V1104L;S:D1146D,469,1603,0.2925764192139738,179,BA.1:4;BA.2.31:9;BA.1.1:17;BA.1.17:2;BA.5.2:1;BA.2.75:5;BA.4.1:29;BA.2.3:1;BA.5.3.1:17;BA.5.2.1:8;BA.2:20;BA.2.10.1:2;BA.4.6:5;BE.1.1:2;BA.1.1.2:17;BQ.1.1.18:6;BA.1.17.2:1;BF.27:1;BA.2.12.1:2;BA.5.2.18:1;BA.2.9:4;BA.2.10:2;BA.2.23:1;BA.5.1.23:2;BA.1.15.1:3;BA.5.5:2;BL.3:1;CK.2.1.1:1;BA.2.3.11:1;BF.5:2;BA.1.15:1;BA.1.1.1:2;BA.5.2.21:1;BA.5.2.41:1;BA.5.1:1;BA.5.1.22:2;BF.28:1;BQ.1.14:1
2262026,BA.2_0.04_abundance_0.15,T25058C;T25070G;G25116T;T25129C;C25151T;A25195C;A25255T;T25265C;T25268A;C25318G,S:L1166L;S:S1170A;S:R1185L;S:V1189V;S:L1197F;S:K1211N;S:T1231T;S:C1235R;S:C1236S;S:S1252S,27,635,0.04251968503937,0,
2262026,BA.2_0.04_abundance_0.15,T25058C;T25070G;G25116T;T25129C;C25151T;G25166C;A25195C;A25255T;T25265C;T25268A;C25318G,S:L1166L;S:S1170A;S:R1185L;S:V1189V;S:L1197F;S:E1202Q;S:K1211N;S:T1231T;S:C1235R;S:C1236S;S:S1252S,34,635,0.0535433070866141,0,
2262026,BA.2_0.04_abundance_0.15,C25318G;T25343C;A25351G;T25370A;T25476G;C25484G;T25496G;C25508G;T25532G;C25549A;G25555A;C25584T;T25586A,S:S1252S;S:S1261P;S:P1263P;S:L1270I;ORF3a:F28L;ORF3a:A31G;ORF3a:I35R;ORF3a:A39G;ORF3a:I47S;ORF3a:L53I;ORF3a:V55I;ORF3a:T64T;ORF3a:L65H,23,1177,0.0195412064570943,0,
2262026,BA.2_0.04_abundance_0.15,C25318G;T25343C;A25351G;T25370A;T25476G;C25484G;T25496G;C25508G;T25532G;C25549A;G25555A;C25584T;T25586A;T25627A;T25628A,S:S1252S;S:S1261P;S:P1263P;S:L1270I;ORF3a:F28L;ORF3a:A31G;ORF3a:I35R;ORF3a:A39G;ORF3a:I47S;ORF3a:L53I;ORF3a:V55I;ORF3a:T64T;ORF3a:L65H;ORF3a:F79I;ORF3a:F79Y,82,919,0.089227421109902,0,
2262026,BA.2_0.04_abundance_0.15,T25343C;A25351G;T25370A;T25476G;C25484G;T25496G;C25508G;T25532G;C25549A;G25555A;C25584T;T25586A;T25627A;T25628A,S:S1261P;S:P1263P;S:L1270I;ORF3a:F28L;ORF3a:A31G;ORF3a:I35R;ORF3a:A39G;ORF3a:I47S;ORF3a:L53I;ORF3a:V55I;ORF3a:T64T;ORF3a:L65H;ORF3a:F79I;ORF3a:F79Y,42,1568,0.0267857142857142,0,
2262026,BA.2_0.04_abundance_0.15,C25441T;C25584T,ORF3a:Q17*;ORF3a:T64T,113,2020,0.0559405940594059,18,BA.1.1:2;BA.5.2:2;BF.31:1;BA.4:1;BA.5.1.17:1;BF.7:1;BA.1:1;BA.1.1.14:1;BF.5:1;BA.5.2.1:1;BA.2.3.11:1;BA.2.12.1:1;XBB:1;BA.2:3
2262026,BA.2_0.04_abundance_0.15,C26270T;T26294A,E:T9I;E:V17E,18,148,0.1216216216216216,5,BA.2:4;BA.1.1:1
2262026,BA.2_0.04_abundance_0.15,A26547G;T26551A;C26577G;T26580G;A26592G;A26643T;T26657C;G26660C;G26696A;G26709A;G26713A;C26725A;A26738T;G26779C;T26794A;T26837A;G26852A;C26858T,M:T9A;M:V10D;M:Q19E;M:W20G;M:I24V;M:N41Y;M:F45F;M:L46F;M:W58*;M:A63T;M:C64Y;M:A68D;M:R72S;M:C86S;M:M91K;M:R105R;M:W110*;M:F112F,7,166,0.0421686746987951,0,
2262026,BA.2_0.04_abundance_0.15,T26551A;C26577G;T26580G;A26592G;A26643T;T26657C;G26660C;G26696A;G26709A;G26713A;C26725A;A26738T;G26779C;T26794A;T26837A;G26852A;C26858T,M:V10D;M:Q19E;M:W20G;M:I24V;M:N41Y;M:F45F;M:L46F;M:W58*;M:A63T;M:C64Y;M:A68D;M:R72S;M:C86S;M:M91K;M:R105R;M:W110*;M:F112F,7,283,0.0247349823321554,0,
2262026,BA.2_0.04_abundance_0.15,C26577G;T26580G;A26592G;A26643T;T26657C;G26660C;G26696A;G26709A;G26713A;C26725A;A26738T;G26779C;T26794A;T26837A;G26852A;C26858T,M:Q19E;M:W20G;M:I24V;M:N41Y;M:F45F;M:L46F;M:W58*;M:A63T;M:C64Y;M:A68D;M:R72S;M:C86S;M:M91K;M:R105R;M:W110*;M:F112F,109,1693,0.0643827525103366,0,
2262026,BA.2_0.04_abundance_0.15,C27180T;T27184G;A27234G;G27235C;A27237G;A27259C;C27263A;A27290G;A27293C;A27334T;G27382C;A27383T;T27384C;T27402G;A27423C;A27475T,M:L220F;M:V221G;ORF6:I11M;ORF6:A12P;ORF6:A12A;ORF6:R20R;ORF6:T21N;ORF6:D30G;ORF6:Y31S;ORF6:T45S;ORF6:D61H;ORF6:D61V;ORF6:D61D;ORF7a:I3M;ORF7a:I10I;ORF7a:T28S,61,1108,0.0550541516245487,0,
2262026,BA.2_0.04_abundance_0.15,C27180T;T27184G;A27234G;G27235C;A27237G;A27259C;C27263A;A27290G;A27293C;A27334T;G27382C;A27383T;T27384C;T27402G;A27423C;A27475T;T27496G,M:L220F;M:V221G;ORF6:I11M;ORF6:A12P;ORF6:A12A;ORF6:R20R;ORF6:T21N;ORF6:D30G;ORF6:Y31S;ORF6:T45S;ORF6:D61H;ORF6:D61V;ORF6:D61D;ORF7a:I3M;ORF7a:I10I;ORF7a:T28S;ORF7a:C35G,15,311,0.0482315112540192,0,
2262026,BA.2_0.04_abundance_0.15,T27184G;A27234G;G27235C;A27237G;A27259C;C27263A;A27290G;A27293C;A27334T;G27382C;A27383T;T27384C;T27402G;A27423C;A27475T,M:V221G;ORF6:I11M;ORF6:A12P;ORF6:A12A;ORF6:R20R;ORF6:T21N;ORF6:D30G;ORF6:Y31S;ORF6:T45S;ORF6:D61H;ORF6:D61V;ORF6:D61D;ORF7a:I3M;ORF7a:I10I;ORF7a:T28S,43,2051,0.0209653827401267,0,
2262026,BA.2_0.04_abundance_0.15,T27184G;A27234G;G27235C;A27237G;A27259C;C27263A;A27290G;A27293C;A27334T;G27382C;A27383T;T27384C;T27402G;A27423C;A27475T;T27496G,M:V221G;ORF6:I11M;ORF6:A12P;ORF6:A12A;ORF6:R20R;ORF6:T21N;ORF6:D30G;ORF6:Y31S;ORF6:T45S;ORF6:D61H;ORF6:D61V;ORF6:D61D;ORF7a:I3M;ORF7a:I10I;ORF7a:T28S;ORF7a:C35G,13,577,0.022530329289428,0,
2262026,BA.2_0.04_abundance_0.15,A27259C;G27382C;A27383T;T27384C;G27396C,ORF6:R20R;ORF6:D61H;ORF6:D61V;ORF6:D61D;ORF7a:MX,222,2190,0.1013698630136986,8,BA.2.12.1:1;BA.2:5;BA.4.4:1;BA.4.1:1
2262026,BA.2_0.04_abundance_0.15,A27259C;G27382C;A27383T;T27384C;T27496G,ORF6:R20R;ORF6:D61H;ORF6:D61V;ORF6:D61D;ORF7a:C35G,7,594,0.0117845117845117,3,BA.2:3
2262026,BA.2_0.04_abundance_0.15,A27825C;T27837C;T27901G;T27902C;A27917G;A27965C;A27983T;T28010A;C28011A,ORF7b:M24L;ORF7b:F28L;ORF8:F3C;ORF8:F3F;ORF8:G8G;ORF8:S24S;ORF8:P30P;ORF8:I39I;ORF8:H40N,18,769,0.0234070221066319,0,
2262026,BA.2_0.04_abundance_0.15,A27825C;T27837C;T27901G;T27902C;A27917G;A27965C;A27983T;T28010A;C28011A;T28130G,ORF7b:M24L;ORF7b:F28L;ORF8:F3C;ORF8:F3F;ORF8:G8G;ORF8:S24S;ORF8:P30P;ORF8:I39I;ORF8:H40N;ORF8:Y79*,24,491,0.0488798370672097,0,
2262026,BA.2_0.04_abundance_0.15,T28130G;A28173T;G28183A;T28192G;A28207C;T28224G;A28274C;C28291G;A28295T;G28307A;C28311T;G28337T;C28344A;G28375T,ORF8:Y79*;ORF8:K94*;ORF8:S97N;ORF8:V100G;ORF8:Y105S;ORF8:Y111D;N:MX;N:P6P;N:N8Y;N:A12T;N:P13L;N:D22Y;N:T24N;N:G34G,180,2405,0.0748440748440748,0,
2262026,BA.2_0.04_abundance_0.15,T28130G;A28173T;G28183A;T28192G;A28207C;T28224G;A28274C;C28291G;A28295T;G28307A;C28311T;G28337T;C28344A;G28375T;C28437A,ORF8:Y79*;ORF8:K94*;ORF8:S97N;ORF8:V100G;ORF8:Y105S;ORF8:Y111D;N:MX;N:P6P;N:N8Y;N:A12T;N:P13L;N:D22Y;N:T24N;N:G34G;N:A55D,5,94,0.0531914893617021,0,
2262026,BA.2_0.04_abundance_0.15,G28193C;C28311T,ORF8:V100V;N:P13L,52,2587,0.0201005025125628,5,BA.2:2;BA.2.75:2;BA.5.2.1:1
2262026,BA.2_0.04_abundance_0.15,C28311T;G28395A,N:P13L;N:R41Q,90,2397,0.0375469336670838,1344,BA.5.2.20:4;BA.1:59;BA.1.1.2:7;BA.1.1:123;BA.5.2.1:48;BA.5.2:28;BA.5.1.1:13;BQ.1.1.5:1;BA.1.1.1:60;BA.5.1.24:4;BA.2.75:20;BA.5.6:30;BA.5.5:24;BA.2:236;C.37:3;BQ.1.3:7;BQ.1.8:34;BA.5.1:147;BA.2.12.1:28;CH.1.1:5;BA.2.9:26;BF.24:1;BA.1.17.2:25;CM.2:8;B.1.526:99;BM.4.1.1:2;DF.1:17;BA.5.1.3:18;BA.5.2.18:1;BQ.1.5:2;CR.1.1:2;BA.4.1:1;BE.1.1.2:1;BA.2.6:1;BA.2.3.17:1;BE.1.1:34;BA.1.16:1;BA.1.15:45;BA.1.1.10:1;BA.5.1.22:3;BM.1.1.3:1;BF.10:2;BA.1.21:1;AY.4:1;BA.1.1.13:1;BA.2.17:1;BA.5.1.12:3;BD.1:2;BF.18:2;BA.5.1.5:7;BE.1:13;BA.5.2.30:2;BQ.1:7;BF.5:15;BA.5:6;BA.1.17:6;BW.1:1;BA.5.2.6:1;BA.5.1.25:2;BQ.1.1.22:1;BA.1.1.15:3;BQ.1.1:5;BA.2.38:1;BA.4.6:2;XM:1;BF.11:1;BA.4:5;CQ.1:3;BF.21:1;BA.1.1.18:3;BA.2.75.6:1;BA.1.15.1:4;BA.5.1.30:1;XBB.2:1;BA.2.23:1;BA.5.1.10:1;BA.5.9:2;BA.2.3.1:1;BA.5.2.8:1;BA.2.3.20:1;BA.5.2.44:1;BF.3:1;BA.2.10.1:1;XBB.1:1;XJ:1;BQ.1.1.19:1;BA.1.20:4;CG.1:1;BN.1.3:2;BA.4.1.5:1;BF.4:1;BF.16:1;BA.1.14:1;BQ.1.1.20:3;BA.2.56:7;BA.2.68:1;XAZ:2;BA.5.2.21:1;BA.2.10:3;BA.2.3:3;BA.1.1.4:1;BA.2.73:3;BQ.1.14:3;BQ.1.10:5;BF.1:4;BQ.1.1.3:1;BE.9:1;BA.2.3.13:1;BA.2.3.16:1;BQ.1.1.8:1;BE.1.2:1;BA.2.65:1
2262026,BA.2_0.04_abundance_0.15,C28437A;C28471A;C28512A;G28551T;G28580A;A28626T;A28633G;T28678A;C28687T;A28701T;A28715C;C28716T;A28734T;T28735C,N:A55D;N:F66L;N:P80Q;N:R93L;N:D103N;N:E118V;N:G120G;N:T135T;N:A138A;N:K143I;N:T148P;N:T148I;N:N154I;N:N154N,38,693,0.0548340548340548,0,
2262026,BA.2_0.04_abundance_0.15,C28437A;C28471A;C28512A;G28551T;G28580A;A28626T;A28633G;T28678A;C28687T;A28701T;A28715C;C28716T,N:A55D;N:F66L;N:P80Q;N:R93L;N:D103N;N:E118V;N:G120G;N:T135T;N:A138A;N:K143I;N:T148P;N:T148I,14,906,0.0154525386313465,0,
2262026,BA.2_0.04_abundance_0.15,C28437A;C28471A;C28512A;G28551T;G28580A;A28626T;A28633G;T28678A;C28687T;A28701T;A28715C;C28716T;A28734T;T28735C;C28748A,N:A55D;N:F66L;N:P80Q;N:R93L;N:D103N;N:E118V;N:G120G;N:T135T;N:A138A;N:K143I;N:T148P;N:T148I;N:N154I;N:N154N;N:L159I,8,73,0.1095890410958904,0,
2262026,BA.2_0.04_abundance_0.15,T29010C;T29036G;A29039C;C29061T;C29067G;A29079C;G29106T;G29132T;A29181T;G29204T;T29225G;A29237G;C29247T;A29267G;T29278C;C29280A;A29307G,N:V246A;N:S255A;N:K256Q;N:T263I;N:T265S;N:N269T;N:G278V;N:G287W;N:Q303L;N:A311S;N:S318A;N:M322V;N:T325I;N:T332A;N:G335G;N:A336D;N:N345S,7,116,0.0603448275862069,0,
2262026,BA.2_0.04_abundance_0.15,T29036G;A29039C;C29061T;C29067G;A29079C;G29106T;G29132T;A29181T;G29204T;T29225G;A29237G;C29247T;A29267G;T29278C;C29280A;A29307G,N:S255A;N:K256Q;N:T263I;N:T265S;N:N269T;N:G278V;N:G287W;N:Q303L;N:A311S;N:S318A;N:M322V;N:T325I;N:T332A;N:G335G;N:A336D;N:N345S,113,1587,0.0712035286704473,0,
2262026,BA.2_0.04_abundance_0.15,C29485A;A29510C,N:S404S;N:S413R,145,739,0.196211096075778,54,BA.5.1.1:1;BA.2.29:25;BA.2:24;BE.1:1;BA.2.9:1;BA.5.1:1;BA.2.3.14:1
3052026,BA.2_0.04_abundance_0.15,G271A;T317A;A339G,ORF1a:E2E;ORF1a:L18M;ORF1a:D25G,13,100,0.13,0,
3052026,BA.2_0.04_abundance_0.15,C575A;T670G,ORF1a:L104I;ORF1a:S135R,229,4238,0.0540349221330816,94,BA.2.7:2;BA.2:13;BA.2.9.3:8;BA.2.3:3;BQ.1.26:3;BA.4:2;BE.2:1;BA.2.81:2;BA.5.1:38;BA.5.2:4;BA.2.9:1;BF.17:2;BA.2.3.2:1;BA.5.5:6;BF.3:3;BF.10:1;BA.2.75:1;BA.5.2.1:3
3052026,BA.2_0.04_abundance_0.15,T670G;A846C,ORF1a:S135R;ORF1a:D194A,24,224,0.1071428571428571,15,BF.21:1;BA.2.3:1;BA.5.2:1;BA.4:1;BA.4.1:1;BA.2.35:1;BA.5.1:2;BF.7:1;BA.2:2;BA.2.75:1;BF.7.5.1:2;BF.18:1
3052026,BA.2_0.04_abundance_0.15,T670G;T921G,ORF1a:S135R;ORF1a:L219R,16,208,0.0769230769230769,6,BA.2:1;BA.5.2:1;BA.5.2.1:1;BE.1:1;BA.5.1:2
3052026,BA.2_0.04_abundance_0.15,T670G;G777A,ORF1a:S135R;ORF1a:R171H,13,224,0.0580357142857142,441,BA.5.1.2:1;BQ.1.1:3;BA.2:220;BA.5.1.30:2;BA.5.2.20:2;BA.2.9:26;BA.2.12.1:24;BA.5.2:27;BF.11:4;BA.2.10:4;BF.5:7;BA.2.3:12;BA.5.1:13;BA.5.3.3:1;BA.4.1:2;BA.5.2.1:30;BQ.1:6;BE.1:1;BA.2.76:1;BA.4.6:1;BA.2.7:7;BA.5.3:1;BA.2.61:1;BF.7:3;BA.5.2.22:2;BA.2.29:1;BA.2.3.20:1;BA.2.1:2;BA.2.3.1:4;BA.2.14:1;DD.1:1;BA.4.6.5:1;BA.5.2.12:2;BE.3:1;BN.1:1;BA.5.2.34:1;BA.2.24:2;DL.1:1;BA.5:1;BA.2.75:2;BF.10:1;BA.2.36:1;CP.2:1;BF.21:1;BA.2.52:1;CM.3:1;BA.5.1.22:3;BF.7.4:1;BA.2.18:1;BA.5.2.45:1;BA.2.3.13:1;BF.7.4.2:2;BA.2.38:2;BA.5.5:1
3052026,BA.2_0.04_abundance_0.15,G777A;A846C,ORF1a:R171H;ORF1a:D194A,26,2268,0.0114638447971781,0,
3052026,BA.2_0.04_abundance_0.15,G1018A;A1049G;T1073G;T1086C;A1109T;T1114C;C1122T;C1221A;T1240C;A1269C,ORF1a:L251L;ORF1a:K262E;ORF1a:C270G;ORF1a:V274A;ORF1a:K282*;ORF1a:T283T;ORF1a:P286L;ORF1a:T319N;ORF1a:H325H;ORF1a:D335A,101,790,0.1278481012658227,0,
3052026,BA.2_0.04_abundance_0.15,T1390C;A1553C,ORF1a:N375N;ORF1a:N430H,66,240,0.275,0,
3052026,BA.2_0.04_abundance_0.15,T1390C;A1518G,ORF1a:N375N;ORF1a:N418S,5,240,0.0208333333333333,0,
3052026,BA.2_0.04_abundance_0.15,C1645A;A1646T;G1661C;C1663A;G1748A;C1762G;A1799G;A1814G;A1844C;A1870T,ORF1a:N460K;ORF1a:I461F;ORF1a:D466H;ORF1a:D466E;ORF1a:D495N;ORF1a:F499L;ORF1a:T512A;ORF1a:K517E;ORF1a:K527Q;ORF1a:A535A,266,1765,0.1507082152974504,0,
3052026,BA.2_0.04_abundance_0.15,G2875T;G2946A;T2959C;A2977T;A2986G;T3001C;A3010T;T3026G;C3037T;C3045T;G3080A;A3094T;T3106C;T3144A,ORF1a:E870D;ORF1a:G894D;ORF1a:D898D;ORF1a:T904T;ORF1a:L907L;ORF1a:G912G;ORF1a:K915N;ORF1a:Y921D;ORF1a:F924F;ORF1a:P927L;ORF1a:E939K;ORF1a:P943P;ORF1a:Y947Y;ORF1a:L960*,6,100,0.06,0,
3052026,BA.2_0.04_abundance_0.15,T3172G;A3210C;G3216C;A3309T;A3314T;G3353A;A3374C;T3378C;A3390C;G3407A;A3414C;G3443C;T3459G;A3461T,ORF1a:L969L;ORF1a:D982A;ORF1a:S984T;ORF1a:E1015V;ORF1a:T1017S;ORF1a:G1030S;ORF1a:N1037H;ORF1a:V1038A;ORF1a:N1042T;ORF1a:E1048K;ORF1a:K1050T;ORF1a:A1060P;ORF1a:L1065R;ORF1a:K1066*,7,37,0.1891891891891892,0,
3052026,BA.2_0.04_abundance_0.15,A3210C;G3216C;A3309T;A3314T;G3353A;A3374C;T3378C;A3390C;G3407A;A3414C;G3443C;T3459G;A3461T,ORF1a:D982A;ORF1a:S984T;ORF1a:E1015V;ORF1a:T1017S;ORF1a:G1030S;ORF1a:N1037H;ORF1a:V1038A;ORF1a:N1042T;ORF1a:E1048K;ORF1a:K1050T;ORF1a:A1060P;ORF1a:L1065R;ORF1a:K1066*,43,395,0.1088607594936708,0,
3052026,BA.2_0.04_abundance_0.15,G3560T;C3583A;A3600G;G3614C;A3643G;A3674G;A3684C;T3700C;C3702G;A3712C;C3717G;T3718G;G3720T;T3723G;T3733C;C3737G;T3798C,ORF1a:V1099L;ORF1a:S1106R;ORF1a:K1112R;ORF1a:V1117L;ORF1a:E1126E;ORF1a:N1137D;ORF1a:Q1140P;ORF1a:L1145L;ORF1a:A1146G;ORF1a:L1149F;ORF1a:A1151G;ORF1a:A1151A;ORF1a:G1152V;ORF1a:I1153S;ORF1a:A1156A;ORF1a:P1158A;ORF1a:F1178S,9,81,0.1111111111111111,0,
3052026,BA.2_0.04_abundance_0.15,A3852T;T3862A;A3872C;G3878A;T3898C;T3930G;C3987A;G4016C;A4019T;A4032G;C4058A,ORF1a:E1196V;ORF1a:V1199V;ORF1a:I1203L;ORF1a:E1205K;ORF1a:V1211V;ORF1a:V1222G;ORF1a:T1241K;ORF1a:E1251Q;ORF1a:N1252Y;ORF1a:Y1256C;ORF1a:P1265T,8,107,0.0747663551401869,0,
3052026,BA.2_0.04_abundance_0.15,T4375G;A4485T,ORF1a:T1370T;ORF1a:K1407M,23,369,0.062330623306233,0,
3052026,BA.2_0.04_abundance_0.15,T4375G;C4573A,ORF1a:T1370T;ORF1a:N1436K,6,332,0.0180722891566265,0,
3052026,BA.2_0.04_abundance_0.15,A4485T;C4573A,ORF1a:K1407M;ORF1a:N1436K,16,332,0.0481927710843373,0,
3052026,BA.2_0.04_abundance_0.15,G5048C;A5081G;A5082C;A5121C;G5135A;G5138A;A5177T;A5202C;T5218C;T5251C,ORF1a:G1595R;ORF1a:K1606E;ORF1a:K1606T;ORF1a:Y1619S;ORF1a:D1624N;ORF1a:D1625N;ORF1a:T1638S;ORF1a:Y1646S;ORF1a:N1651N;ORF1a:N1662N,8,38,0.2105263157894736,0,
3052026,BA.2_0.04_abundance_0.15,T5951A;A5970G;T5978G;T6047A;A6072T;A6098C;T6119A;G6123T;T6129C;T6175G;C6224T,ORF1a:L1896M;ORF1a:K1902R;ORF1a:S1905A;ORF1a:F1928I;ORF1a:K1936I;ORF1a:T1945P;ORF1a:S1952T;ORF1a:R1953I;ORF1a:L1955P;ORF1a:I1970M;ORF1a:H1987Y,9,66,0.1363636363636363,0,
3052026,BA.2_0.04_abundance_0.15,A6512G;T6535A;G6536A;T6556C;G6589C;T6598G;G6632A;T6668G;T6699G;A6731T;C6774G;G6819A,ORF1a:S2083G;ORF1a:V2090V;ORF1a:G2091S;ORF1a:A2097A;ORF1a:K2108N;ORF1a:N2111K;ORF1a:A2123T;ORF1a:W2135G;ORF1a:F2145C;ORF1a:I2156L;ORF1a:P2170R;ORF1a:S2185N,12,117,0.1025641025641025,0,
3052026,BA.2_0.04_abundance_0.15,C7392A;A7409G;G7476A;T7489A;T7499A;C7536G;A7569C;G7577A;T7612A,ORF1a:P2376Q;ORF1a:R2382G;ORF1a:C2404Y;ORF1a:T2408T;ORF1a:C2412S;ORF1a:T2424R;ORF1a:Y2435S;ORF1a:A2438T;ORF1a:N2449K,7,78,0.0897435897435897,0,
3052026,BA.2_0.04_abundance_0.15,C7674A;C7874G,ORF1a:A2470E;ORF1a:P2537A,54,641,0.0842433697347894,0,
3052026,BA.2_0.04_abundance_0.15,C7674A;A7710C;G7761C;C7772A;G7781T;C7788G;G7790T;T7801A;C7860T;T7861A;T7876A;C7926G;G7962C;A7965T;C7967T,ORF1a:A2470E;ORF1a:N2482T;ORF1a:G2499A;ORF1a:L2503I;ORF1a:D2506Y;ORF1a:A2508G;ORF1a:G2509C;ORF1a:T2512T;ORF1a:T2532I;ORF1a:T2532T;ORF1a:P2537P;ORF1a:A2554G;ORF1a:C2566S;ORF1a:Q2567L;ORF1a:P2568S,33,581,0.0567986230636833,0,
3052026,BA.2_0.04_abundance_0.15,C7674A;A7715T,ORF1a:A2470E;ORF1a:T2484S,24,688,0.0348837209302325,0,
3052026,BA.2_0.04_abundance_0.15,C7674A;A7715T;C7874G,ORF1a:A2470E;ORF1a:T2484S;ORF1a:P2537A,41,641,0.06396255850234,0,
3052026,BA.2_0.04_abundance_0.15,C7688T;A7715T;C7874G,ORF1a:L2475L;ORF1a:T2484S;ORF1a:P2537A,8,643,0.0124416796267496,0,
3052026,BA.2_0.04_abundance_0.15,C7688T;A7715T,ORF1a:L2475L;ORF1a:T2484S,10,690,0.0144927536231884,0,
3052026,BA.2_0.04_abundance_0.15,C7688T;C7874G,ORF1a:L2475L;ORF1a:P2537A,11,643,0.0171073094867807,0,
3052026,BA.2_0.04_abundance_0.15,A7710C;G7761C;C7772A;G7781T;C7788G;G7790T;T7801A;C7860T;T7861A;T7876A;C7926G;G7962C;A7965T;C7967T,ORF1a:N2482T;ORF1a:G2499A;ORF1a:L2503I;ORF1a:D2506Y;ORF1a:A2508G;ORF1a:G2509C;ORF1a:T2512T;ORF1a:T2532I;ORF1a:T2532T;ORF1a:P2537P;ORF1a:A2554G;ORF1a:C2566S;ORF1a:Q2567L;ORF1a:P2568S,50,583,0.0857632933104631,0,
3052026,BA.2_0.04_abundance_0.15,A7710C;G7761C;C7772A;G7781T;C7788G;G7790T;T7801A;C7860T;T7861A;T7876A;C7926G,ORF1a:N2482T;ORF1a:G2499A;ORF1a:L2503I;ORF1a:D2506Y;ORF1a:A2508G;ORF1a:G2509C;ORF1a:T2512T;ORF1a:T2532I;ORF1a:T2532T;ORF1a:P2537P;ORF1a:A2554G,7,643,0.0108864696734059,0,
3052026,BA.2_0.04_abundance_0.15,A7710C;G7761C;C7772A;G7781T;C7788G;G7790T;T7801A;C7860T;T7861A,ORF1a:N2482T;ORF1a:G2499A;ORF1a:L2503I;ORF1a:D2506Y;ORF1a:A2508G;ORF1a:G2509C;ORF1a:T2512T;ORF1a:T2532I;ORF1a:T2532T,7,690,0.0101449275362318,0,
3052026,BA.2_0.04_abundance_0.15,A7715T;C7874G,ORF1a:T2484S;ORF1a:P2537A,83,643,0.1290824261275272,0,
3052026,BA.2_0.04_abundance_0.15,A8378G;A8388T;T8421A;G8422C;A8500T;T8538G;T8545C;G8553C;T8554G,ORF1a:K2705E;ORF1a:N2708I;ORF1a:M2719K;ORF1a:M2719I;ORF1a:A2745A;ORF1a:I2758R;ORF1a:L2760L;ORF1a:G2763A;ORF1a:G1945G,14,214,0.0654205607476635,0,
3052026,BA.2_0.04_abundance_0.15,C8664T;G8696C;T8854A;T8870C;A8882T;T8886C;T8918G;G8939A,ORF1a:T2800I;ORF1a:A2811P;ORF1a:G2863G;ORF1a:L2869L;ORF1a:I2873L;ORF1a:L2874S;ORF1a:L2885V;ORF1a:V2892I,45,432,0.1041666666666666,0,
3052026,BA.2_0.04_abundance_0.15,C8664T;G8696C;T8854A;T8870C;A8882T;T8886C;T8918G,ORF1a:T2800I;ORF1a:A2811P;ORF1a:G2863G;ORF1a:L2869L;ORF1a:I2873L;ORF1a:L2874S;ORF1a:L2885V,25,592,0.0422297297297297,0,
3052026,BA.2_0.04_abundance_0.15,T8918G;G8939A;T8954C;G8975C;G9003C;A9023G;T9089A;C9122G;G9130C;G9137A;C9163T;G9173A;T9178G;T9183C;A9213G,ORF1a:L2885V;ORF1a:V2892I;ORF1a:Y2897H;ORF1a:E2904Q;ORF1a:C2913S;ORF1a:T2920A;ORF1a:S2942T;ORF1a:R2953G;ORF1a:V2955V;ORF1a:D2958N;ORF1a:N2966N;ORF1a:E2970K;ORF1a:G2971G;ORF1a:V2973A;ORF1a:Y2983C,21,157,0.1337579617834395,0,
3052026,BA.2_0.04_abundance_0.15,G8939A;T8954C;G8975C;G9003C;A9023G;T9089A;C9122G;G9130C;G9137A;C9163T;G9173A;G9177T;T9178G;T9183C;A9213G,ORF1a:V2892I;ORF1a:Y2897H;ORF1a:E2904Q;ORF1a:C2913S;ORF1a:T2920A;ORF1a:S2942T;ORF1a:R2953G;ORF1a:V2955V;ORF1a:D2958N;ORF1a:N2966N;ORF1a:E2970K;ORF1a:G2971V;ORF1a:G2971G;ORF1a:V2973A;ORF1a:Y2983C,18,1170,0.0153846153846153,0,
3052026,BA.2_0.04_abundance_0.15,G8939A;T8954C;G8975C;G9003C;A9023G;T9089A;C9122G;G9130C;G9137A;C9163T;G9173A;T9178G;T9183C;A9213G,ORF1a:V2892I;ORF1a:Y2897H;ORF1a:E2904Q;ORF1a:C2913S;ORF1a:T2920A;ORF1a:S2942T;ORF1a:R2953G;ORF1a:V2955V;ORF1a:D2958N;ORF1a:N2966N;ORF1a:E2970K;ORF1a:G2971G;ORF1a:V2973A;ORF1a:Y2983C,107,1170,0.0914529914529914,0,
3052026,BA.2_0.04_abundance_0.15,A9085C;G9177T,ORF1a:E2940D;ORF1a:G2971V,108,1215,0.0888888888888888,0,
3052026,BA.2_0.04_abundance_0.15,G9300T;C9344T;A9424G,ORF1a:R3012I;ORF1a:L3027F;ORF1a:V3053V,17,390,0.0435897435897435,3,BA.2:1;BA.5.1.24:1;BA.5.2.1:1
3052026,BA.2_0.04_abundance_0.15,G9300T;C9344T;A9424G;C9534T,ORF1a:R3012I;ORF1a:L3027F;ORF1a:V3053V;ORF1a:T3090I,132,340,0.388235294117647,3,BA.2:1;BA.5.1.24:1;BA.5.2.1:1
3052026,BA.2_0.04_abundance_0.15,C9534T;C9565G;T9574A;T9680A;T9695G;C9700A;G9705A;A9740C;A9748C;A9754C;C9755T;T9818A,ORF1a:T3090I;ORF1a:F3100L;ORF1a:G3103G;ORF1a:W3139R;ORF1a:Y3144D;ORF1a:I3145I;ORF1a:C3147Y;ORF1a:N3159H;ORF1a:L3161L;ORF1a:R3163S;ORF1a:R3164C;ORF1a:L3185I,27,229,0.1179039301310043,0,
3052026,BA.2_0.04_abundance_0.15,C9534T;T9734C,ORF1a:T3090I;ORF1a:F3157L,81,495,0.1636363636363636,11,BA.2.12.1:3;BA.5.1:1;BA.2:5;BE.1.1:1;BA.5.6:1
3052026,BA.2_0.04_abundance_0.15,C9534T;C9565G;T9574A;T9680A;T9695G;C9700A;G9705A;A9740C;A9748C;A9754C;C9755T,ORF1a:T3090I;ORF1a:F3100L;ORF1a:G3103G;ORF1a:W3139R;ORF1a:Y3144D;ORF1a:I3145I;ORF1a:C3147Y;ORF1a:N3159H;ORF1a:L3161L;ORF1a:R3163S;ORF1a:R3164C,28,495,0.0565656565656565,0,
3052026,BA.2_0.04_abundance_0.15,C9534T;T9612A,ORF1a:T3090I;ORF1a:L3116H,10,526,0.0190114068441064,0,
3052026,BA.2_0.04_abundance_0.15,T10690C;G10697C;T10813G;A10842C;T10852A;C10871A;C10889G;T10913A;T10968G;A10972C;A10987G,ORF1a:V3475V;ORF1a:G3478R;ORF1a:L3516L;ORF1a:D3526A;ORF1a:A3529A;ORF1a:Q3536K;ORF1a:R3542G;ORF1a:L3550I;ORF1a:F3568C;ORF1a:Q3569H;ORF1a:R3574R,6,51,0.1176470588235294,0,
3052026,BA.2_0.04_abundance_0.15,G10697C;T10813G;A10842C;T10852A;C10871A;C10889G;T10913A;A10917T;T10968G;A10972C;A10987G,ORF1a:G3478R;ORF1a:L3516L;ORF1a:D3526A;ORF1a:A3529A;ORF1a:Q3536K;ORF1a:R3542G;ORF1a:L3550I;ORF1a:E3551V;ORF1a:F3568C;ORF1a:Q3569H;ORF1a:R3574R,5,146,0.0342465753424657,0,
3052026,BA.2_0.04_abundance_0.15,T10795C;A10917T,ORF1a:V3510V;ORF1a:E3551V,29,829,0.0349819059107358,0,
3052026,BA.2_0.04_abundance_0.15,T10813G;A10842C;T10852A;C10871A;C10889G,ORF1a:L3516L;ORF1a:D3526A;ORF1a:A3529A;ORF1a:Q3536K;ORF1a:R3542G,13,905,0.0143646408839779,0,
3052026,BA.2_0.04_abundance_0.15,T10813G;A10842C;T10852A;C10871A;C10889G;T10913A;A10917T;T10968G;A10972C;A10987G,ORF1a:L3516L;ORF1a:D3526A;ORF1a:A3529A;ORF1a:Q3536K;ORF1a:R3542G;ORF1a:L3550I;ORF1a:E3551V;ORF1a:F3568C;ORF1a:Q3569H;ORF1a:R3574R,62,828,0.0748792270531401,0,
3052026,BA.2_0.04_abundance_0.15,T10813G;A10842C;T10852A;C10871A;C10889G;T10913A;T10968G;A10972C;A10987G,ORF1a:L3516L;ORF1a:D3526A;ORF1a:A3529A;ORF1a:Q3536K;ORF1a:R3542G;ORF1a:L3550I;ORF1a:F3568C;ORF1a:Q3569H;ORF1a:R3574R,40,828,0.0483091787439613,0,
3052026,BA.2_0.04_abundance_0.15,G11064C;T11079G;T11107G;T11125G;T11135C;T11149A;T11164G;T11197G;G11230T;G11310T;T11331A,ORF1a:W3600S;ORF1a:F3605C;ORF1a:F3614L;ORF1a:A3620A;ORF1a:F3624L;ORF1a:F3628L;ORF1a:H3633Q;ORF1a:L3644L;ORF1a:M3655I;ORF1a:C3682F;ORF1a:V3689E,118,731,0.161422708618331,0,
3052026,BA.2_0.04_abundance_0.15,G11064C;T11079G;T11107G;T11125G;T11135C;T11149A;T11164G;T11197G;G11230T,ORF1a:W3600S;ORF1a:F3605C;ORF1a:F3614L;ORF1a:A3620A;ORF1a:F3624L;ORF1a:F3628L;ORF1a:H3633Q;ORF1a:L3644L;ORF1a:M3655I,9,801,0.0112359550561797,0,
3052026,BA.2_0.04_abundance_0.15,T11890C;T11940C;C11942A;A11952T;A11991G;T11997G;C12005G;A12030G;G12052T;C12099A;A12103T;T12112G;C12123G;A12126T;A12130C,ORF1a:V3875V;ORF1a:V3892A;ORF1a:Q3893K;ORF1a:N3896I;ORF1a:E3909G;ORF1a:M3911R;ORF1a:L3914V;ORF1a:Q3922R;ORF1a:K3929N;ORF1a:A3945D;ORF1a:S3946S;ORF1a:S3949R;ORF1a:S3953*;ORF1a:Y3954F;ORF1a:A3955A,38,260,0.1461538461538461,0,
3052026,BA.2_0.04_abundance_0.15,T11890C;T11940C;C11942A;A11952T;A11991G;T11997G;C12005G;A12030G;G12052T;C12099A;A12103T,ORF1a:V3875V;ORF1a:V3892A;ORF1a:Q3893K;ORF1a:N3896I;ORF1a:E3909G;ORF1a:M3911R;ORF1a:L3914V;ORF1a:Q3922R;ORF1a:K3929N;ORF1a:A3945D;ORF1a:S3946S,5,285,0.0175438596491228,0,
3052026,BA.2_0.04_abundance_0.15,T11940C;C11942A;A11952T;A11991G;T11997G;C12005G;A12030G;G12052T;C12099A;A12103T;T12112G;C12123G;A12126T;A12130C,ORF1a:V3892A;ORF1a:Q3893K;ORF1a:N3896I;ORF1a:E3909G;ORF1a:M3911R;ORF1a:L3914V;ORF1a:Q3922R;ORF1a:K3929N;ORF1a:A3945D;ORF1a:S3946S;ORF1a:S3949R;ORF1a:S3953*;ORF1a:Y3954F;ORF1a:A3955A,355,2881,0.1232211037834085,0,
3052026,BA.2_0.04_abundance_0.15,G13076A;G13100T;T13111A;C13134G;A13139G;G13148C;A13169C;A13187G;C13206T;A13237C;G13332T;T13354C,ORF1a:A4271T;ORF1a:A4279S;ORF1a:D4282E;ORF1a:P4290R;ORF1a:T4292A;ORF1a:V4295L;ORF1a:T4302P;ORF1a:I4308V;ORF1a:A4314V;ORF1a:A4324A;ORF1a:C4356F;ORF1a:F4363F,223,1616,0.1379950495049505,0,
3052026,BA.2_0.04_abundance_0.15,G13076A;G13100T;T13111A;C13134G;A13139G;G13148C;A13169C;A13187G;C13206T;A13237C;G13332T,ORF1a:A4271T;ORF1a:A4279S;ORF1a:D4282E;ORF1a:P4290R;ORF1a:T4292A;ORF1a:V4295L;ORF1a:T4302P;ORF1a:I4308V;ORF1a:A4314V;ORF1a:A4324A;ORF1a:C4356F,55,2017,0.0272682201289043,0,
3052026,BA.2_0.04_abundance_0.15,G13076A;G13100T;T13111A;C13134G;A13139G;G13148C;A13169C;A13187G;C13206T;A13237C,ORF1a:A4271T;ORF1a:A4279S;ORF1a:D4282E;ORF1a:P4290R;ORF1a:T4292A;ORF1a:V4295L;ORF1a:T4302P;ORF1a:I4308V;ORF1a:A4314V;ORF1a:A4324A,34,2184,0.0155677655677655,0,
3052026,BA.2_0.04_abundance_0.15,T13354C;T13529A;T13545C;C13554A;A13581G;T13597G;A13611T;G13618C,ORF1a:F4363F;ORF1b:V21D;ORF1b:F26F;ORF1b:Y29*;ORF1b:K38K;ORF1b:C44G;ORF1b:Q48H;ORF1b:D51H,42,266,0.1578947368421052,0,
3052026,BA.2_0.04_abundance_0.15,T13529A;T13545C;C13554A;A13581G;T13597G;A13611T;G13618C,ORF1b:V21D;ORF1b:F26F;ORF1b:Y29*;ORF1b:K38K;ORF1b:C44G;ORF1b:Q48H;ORF1b:D51H,83,890,0.0932584269662921,0,
3052026,BA.2_0.04_abundance_0.15,A13947T;A13969G;C13987T;A14012T;T14019A;G14020A;T14037C;C14057G;C14110G;A14121T;T14136A;A14142C;A14164T;G14187T;G14202A;T14221A,ORF1b:P160P;ORF1b:N168D;ORF1b:R174C;ORF1b:Q182L;ORF1b:C184*;ORF1b:D185N;ORF1b:A190A;ORF1b:T197R;ORF1b:Q215E;ORF1b:P218P;ORF1b:P223P;ORF1b:V225V;ORF1b:M233L;ORF1b:R240S;ORF1b:E245E;ORF1b:L252I,59,382,0.1544502617801047,0,
3052026,BA.2_0.04_abundance_0.15,A13969G;C13987T;A14012T;T14019A;G14020A;T14037C;C14057G;C14110G;A14121T;T14136A;A14142C;A14164T;G14187T;G14202A;T14221A,ORF1b:N168D;ORF1b:R174C;ORF1b:Q182L;ORF1b:C184*;ORF1b:D185N;ORF1b:A190A;ORF1b:T197R;ORF1b:Q215E;ORF1b:P218P;ORF1b:P223P;ORF1b:V225V;ORF1b:M233L;ORF1b:R240S;ORF1b:E245E;ORF1b:L252I,343,2981,0.1150620597115062,0,
3052026,BA.2_0.04_abundance_0.15,A13969G;C13987T;A14012T;T14019A;G14020A;T14037C;C14057G;C14110G;A14121T;T14136A;A14142C,ORF1b:N168D;ORF1b:R174C;ORF1b:Q182L;ORF1b:C184*;ORF1b:D185N;ORF1b:A190A;ORF1b:T197R;ORF1b:Q215E;ORF1b:P218P;ORF1b:P223P;ORF1b:V225V,38,3230,0.0117647058823529,0,
3052026,BA.2_0.04_abundance_0.15,T14577A;C14583T;G14587C;C14618A;A14651C;T14652C;G14701T;C14760A;T14769G;A14795C;T14828G;T14846G;T14864G,ORF1b:A370A;ORF1b:H372H;ORF1b:A374P;ORF1b:T384N;ORF1b:N395T;ORF1b:N395N;ORF1b:D412Y;ORF1b:F431L;ORF1b:A434A;ORF1b:D443A;ORF1b:M454R;ORF1b:L460R;ORF1b:V466G,6,493,0.0121703853955375,0,
3052026,BA.2_0.04_abundance_0.15,T14577A;C14583T;G14587C;C14618A;C14645A;A14651C;T14652C;G14701T;C14760A;T14769G;A14795C;T14828G;T14846G;T14864G;T14880G,ORF1b:A370A;ORF1b:H372H;ORF1b:A374P;ORF1b:T384N;ORF1b:T393N;ORF1b:N395T;ORF1b:N395N;ORF1b:D412Y;ORF1b:F431L;ORF1b:A434A;ORF1b:D443A;ORF1b:M454R;ORF1b:L460R;ORF1b:V466G;ORF1b:F471L,28,392,0.0714285714285714,0,
3052026,BA.2_0.04_abundance_0.15,T14577A;C14583T;G14587C;C14618A;C14645A;A14651C;T14652C;G14701T;C14760A;T14769G;A14795C;T14828G;T14846G;T14864G;T14880G;C14889A,ORF1b:A370A;ORF1b:H372H;ORF1b:A374P;ORF1b:T384N;ORF1b:T393N;ORF1b:N395T;ORF1b:N395N;ORF1b:D412Y;ORF1b:F431L;ORF1b:A434A;ORF1b:D443A;ORF1b:M454R;ORF1b:L460R;ORF1b:V466G;ORF1b:F471L;ORF1b:Y474*,14,135,0.1037037037037037,0,
3052026,BA.2_0.04_abundance_0.15,T14577A;C14583T;G14587C;C14618A;A14651C;T14652C;G14701T;C14760A;T14769G;A14795C;T14828G;T14846G;T14864G;T14880G,ORF1b:A370A;ORF1b:H372H;ORF1b:A374P;ORF1b:T384N;ORF1b:N395T;ORF1b:N395N;ORF1b:D412Y;ORF1b:F431L;ORF1b:A434A;ORF1b:D443A;ORF1b:M454R;ORF1b:L460R;ORF1b:V466G;ORF1b:F471L,8,392,0.0204081632653061,0,
3052026,BA.2_0.04_abundance_0.15,T14577A;C14583T;G14587C;C14618A;A14651C;T14652C;G14701T;C14760A;T14769G;A14795C;T14828G;T14846G;T14864G;T14880G;C14889A,ORF1b:A370A;ORF1b:H372H;ORF1b:A374P;ORF1b:T384N;ORF1b:N395T;ORF1b:N395N;ORF1b:D412Y;ORF1b:F431L;ORF1b:A434A;ORF1b:D443A;ORF1b:M454R;ORF1b:L460R;ORF1b:V466G;ORF1b:F471L;ORF1b:Y474*,5,135,0.037037037037037,0,
3052026,BA.2_0.04_abundance_0.15,T14577A;C14583T;G14587C;C14618A;C14645A;A14651C;T14652C;G14701T;C14760A;T14769G;A14795C;T14828G;T14846G;T14864G,ORF1b:A370A;ORF1b:H372H;ORF1b:A374P;ORF1b:T384N;ORF1b:T393N;ORF1b:N395T;ORF1b:N395N;ORF1b:D412Y;ORF1b:F431L;ORF1b:A434A;ORF1b:D443A;ORF1b:M454R;ORF1b:L460R;ORF1b:V466G,15,493,0.0304259634888438,0,
3052026,BA.2_0.04_abundance_0.15,C14583T;G14587C;C14618A;C14645A;A14651C;T14652C;G14701T;C14760A;T14769G;A14795C;T14828G;T14846G;T14864G;T14880G;C14889A,ORF1b:H372H;ORF1b:A374P;ORF1b:T384N;ORF1b:T393N;ORF1b:N395T;ORF1b:N395N;ORF1b:D412Y;ORF1b:F431L;ORF1b:A434A;ORF1b:D443A;ORF1b:M454R;ORF1b:L460R;ORF1b:V466G;ORF1b:F471L;ORF1b:Y474*,15,381,0.0393700787401574,0,
3052026,BA.2_0.04_abundance_0.15,C14583T;G14587C;C14618A;A14651C;T14652C;G14701T;C14760A;T14769G;A14795C;T14828G;T14846G;T14864G;T14880G,ORF1b:H372H;ORF1b:A374P;ORF1b:T384N;ORF1b:N395T;ORF1b:N395N;ORF1b:D412Y;ORF1b:F431L;ORF1b:A434A;ORF1b:D443A;ORF1b:M454R;ORF1b:L460R;ORF1b:V466G;ORF1b:F471L,21,1055,0.0199052132701421,0,
3052026,BA.2_0.04_abundance_0.15,C14583T;G14587C;C14618A;C14645A;A14651C;T14652C;G14701T;C14760A;T14769G;A14795C;T14828G;T14846G;T14864G,ORF1b:H372H;ORF1b:A374P;ORF1b:T384N;ORF1b:T393N;ORF1b:N395T;ORF1b:N395N;ORF1b:D412Y;ORF1b:F431L;ORF1b:A434A;ORF1b:D443A;ORF1b:M454R;ORF1b:L460R;ORF1b:V466G,17,1348,0.0126112759643916,0,
3052026,BA.2_0.04_abundance_0.15,C14583T;G14587C;C14618A;A14651C;T14652C;G14701T;C14760A;T14769G;A14795C;T14828G;T14846G;T14864G;T14880G;C14889A,ORF1b:H372H;ORF1b:A374P;ORF1b:T384N;ORF1b:N395T;ORF1b:N395N;ORF1b:D412Y;ORF1b:F431L;ORF1b:A434A;ORF1b:D443A;ORF1b:M454R;ORF1b:L460R;ORF1b:V466G;ORF1b:F471L;ORF1b:Y474*,12,381,0.0314960629921259,0,
3052026,BA.2_0.04_abundance_0.15,C14583T;G14587C;C14618A;C14645A;A14651C;T14652C;G14701T;C14760A;T14769G;A14795C;T14828G;T14846G;T14864G;T14880G,ORF1b:H372H;ORF1b:A374P;ORF1b:T384N;ORF1b:T393N;ORF1b:N395T;ORF1b:N395N;ORF1b:D412Y;ORF1b:F431L;ORF1b:A434A;ORF1b:D443A;ORF1b:M454R;ORF1b:L460R;ORF1b:V466G;ORF1b:F471L,29,1055,0.0274881516587677,0,
3052026,BA.2_0.04_abundance_0.15,G14587C;C14618A;C14645A;A14651C;T14652C;G14701T;C14760A;T14769G;A14795C;T14828G;T14846G;T14864G;T14880G;C14889A,ORF1b:A374P;ORF1b:T384N;ORF1b:T393N;ORF1b:N395T;ORF1b:N395N;ORF1b:D412Y;ORF1b:F431L;ORF1b:A434A;ORF1b:D443A;ORF1b:M454R;ORF1b:L460R;ORF1b:V466G;ORF1b:F471L;ORF1b:Y474*,34,737,0.0461329715061058,0,
3052026,BA.2_0.04_abundance_0.15,G14587C;C14618A;C14645A;A14651C;T14652C;G14701T;C14760A;T14769G;A14795C;T14828G;T14846G;T14864G,ORF1b:A374P;ORF1b:T384N;ORF1b:T393N;ORF1b:N395T;ORF1b:N395N;ORF1b:D412Y;ORF1b:F431L;ORF1b:A434A;ORF1b:D443A;ORF1b:M454R;ORF1b:L460R;ORF1b:V466G,28,2578,0.0108611326609775,0,
3052026,BA.2_0.04_abundance_0.15,G14587C;C14618A;A14651C;T14652C;G14701T;C14760A;T14769G;A14795C;T14828G;T14846G;T14864G;T14880G,ORF1b:A374P;ORF1b:T384N;ORF1b:N395T;ORF1b:N395N;ORF1b:D412Y;ORF1b:F431L;ORF1b:A434A;ORF1b:D443A;ORF1b:M454R;ORF1b:L460R;ORF1b:V466G;ORF1b:F471L,40,2046,0.0195503421309872,0,
3052026,BA.2_0.04_abundance_0.15,G14587C;C14618A;A14651C;T14652C;G14701T;C14760A;T14769G;A14795C;T14828G;T14846G;T14864G;T14880G;C14889A,ORF1b:A374P;ORF1b:T384N;ORF1b:N395T;ORF1b:N395N;ORF1b:D412Y;ORF1b:F431L;ORF1b:A434A;ORF1b:D443A;ORF1b:M454R;ORF1b:L460R;ORF1b:V466G;ORF1b:F471L;ORF1b:Y474*,20,737,0.0271370420624151,0,
3052026,BA.2_0.04_abundance_0.15,G14587C;C14618A;C14645A;A14651C;T14652C;G14701T;C14760A;T14769G;A14795C;T14828G;T14846G;T14864G;T14880G,ORF1b:A374P;ORF1b:T384N;ORF1b:T393N;ORF1b:N395T;ORF1b:N395N;ORF1b:D412Y;ORF1b:F431L;ORF1b:A434A;ORF1b:D443A;ORF1b:M454R;ORF1b:L460R;ORF1b:V466G;ORF1b:F471L,59,2046,0.0288367546432062,0,
3052026,BA.2_0.04_abundance_0.15,T15354G;T15415C,ORF1b:L629L;ORF1b:C650R,29,918,0.0315904139433551,0,
3052026,BA.2_0.04_abundance_0.15,G15543A;G15550A;C15566A;A15580T;G15627C;G15649T;G15672A;C15714T;C15716T;T15729A;T15737A;A15742C;A15772G,ORF1b:T692T;ORF1b:V695I;ORF1b:S700Y;ORF1b:K705*;ORF1b:E720D;ORF1b:V728F;ORF1b:E735E;ORF1b:L749L;ORF1b:S750F;ORF1b:V754V;ORF1b:F757Y;ORF1b:S759R;ORF1b:S769G,118,3356,0.035160905840286,0,
3052026,BA.2_0.04_abundance_0.15,G15543A;G15550A;C15566A;A15580T;G15627C;G15649T;A15659G;G15672A;C15714T;C15716T;T15729A;T15737A;A15742C;A15772G;A15845C,ORF1b:T692T;ORF1b:V695I;ORF1b:S700Y;ORF1b:K705*;ORF1b:E720D;ORF1b:V728F;ORF1b:D731G;ORF1b:E735E;ORF1b:L749L;ORF1b:S750F;ORF1b:V754V;ORF1b:F757Y;ORF1b:S759R;ORF1b:S769G;ORF1b:E793A,104,2027,0.0513073507646768,0,
3052026,BA.2_0.04_abundance_0.15,G15543A;G15550A;C15566A;A15580T;G15627C;G15649T;G15672A;C15714T;C15716T;T15729A;T15737A;A15742C;A15772G;A15845C,ORF1b:T692T;ORF1b:V695I;ORF1b:S700Y;ORF1b:K705*;ORF1b:E720D;ORF1b:V728F;ORF1b:E735E;ORF1b:L749L;ORF1b:S750F;ORF1b:V754V;ORF1b:F757Y;ORF1b:S759R;ORF1b:S769G;ORF1b:E793A,203,2027,0.1001480019733596,0,
3052026,BA.2_0.04_abundance_0.15,G15543A;G15550A;C15566A;A15580T;G15627C;G15649T;A15659G;G15672A;C15714T;C15716T;T15729A;T15737A;A15742C;A15772G,ORF1b:T692T;ORF1b:V695I;ORF1b:S700Y;ORF1b:K705*;ORF1b:E720D;ORF1b:V728F;ORF1b:D731G;ORF1b:E735E;ORF1b:L749L;ORF1b:S750F;ORF1b:V754V;ORF1b:F757Y;ORF1b:S759R;ORF1b:S769G,57,3356,0.016984505363528,0,
3052026,BA.2_0.04_abundance_0.15,T15915G;T15916C;A15917T;T15920G;G15961C;T16004G;G16027C;A16055T;A16128T;G16130A,ORF1b:D816E;ORF1b:Y817H;ORF1b:Y817F;ORF1b:V818G;ORF1b:G832R;ORF1b:M846R;ORF1b:A854P;ORF1b:H863L;ORF1b:T887T;ORF1b:G888E,70,558,0.1254480286738351,0,
3052026,BA.2_0.04_abundance_0.15,C16498A;T16511A;A16520T;C16559G;A16583T;A16620C;T16631A;T16632A;G16639A;G16654C;T16688A;T16752G,ORF1b:Q1011K;ORF1b:L1015*;ORF1b:N1018I;ORF1b:A1031G;ORF1b:N1039I;ORF1b:E1051D;ORF1b:L1055H;ORF1b:L1055L;ORF1b:A1058T;ORF1b:A1063P;ORF1b:I1074N;ORF1b:P1095P,26,333,0.078078078078078,0,
3052026,BA.2_0.04_abundance_0.15,C16498A;C16729A,ORF1b:Q1011K;ORF1b:L1088I,5,333,0.015015015015015,0,
3052026,BA.2_0.04_abundance_0.15,T16511A;A16520T;C16559G;A16583T;A16620C;T16631A;T16632A;G16639A;G16654C;T16688A;T16752G,ORF1b:L1015*;ORF1b:N1018I;ORF1b:A1031G;ORF1b:N1039I;ORF1b:E1051D;ORF1b:L1055H;ORF1b:L1055L;ORF1b:A1058T;ORF1b:A1063P;ORF1b:I1074N;ORF1b:P1095P,33,333,0.0990990990990991,0,
3052026,BA.2_0.04_abundance_0.15,T16908A;T16913C;A16923C;C16928T;G16959C;A16967G;C17000A;A17037T;G17058A;T17067G,ORF1b:Y1147*;ORF1b:V1149A;ORF1b:S1152S;ORF1b:T1154I;ORF1b:V1164V;ORF1b:E1167G;ORF1b:T1178K;ORF1b:A1190A;ORF1b:M1197I;ORF1b:Y1200*,177,1193,0.1483654652137468,0,
3052026,BA.2_0.04_abundance_0.15,T17150G;T17208C;T17224G;T17226G;A17233G;A17269C;T17319C;T17364A;C17372A;T17379C;T17387A;C17403G;A17409G;C17410T;T17415C,ORF1b:V1228G;ORF1b:Y1247Y;ORF1b:C1253G;ORF1b:C1253W;ORF1b:I1256V;ORF1b:K1268Q;ORF1b:N1284N;ORF1b:I1299I;ORF1b:A1302D;ORF1b:N1304N;ORF1b:L1307*;ORF1b:A1312A;ORF1b:L1314L;ORF1b:R1315C;ORF1b:A1316A,77,1185,0.0649789029535864,0,
3052026,BA.2_0.04_abundance_0.15,T17150G;T17208C;T17224G;T17226G;A17233G;A17269C;T17319C;T17364A;C17372A;T17379C;T17387A;C17403G,ORF1b:V1228G;ORF1b:Y1247Y;ORF1b:C1253G;ORF1b:C1253W;ORF1b:I1256V;ORF1b:K1268Q;ORF1b:N1284N;ORF1b:I1299I;ORF1b:A1302D;ORF1b:N1304N;ORF1b:L1307*;ORF1b:A1312A,174,3721,0.0467616232195646,0,
3052026,BA.2_0.04_abundance_0.15,T17150G;T17208C;T17224G;T17226G;A17233G;A17269C,ORF1b:V1228G;ORF1b:Y1247Y;ORF1b:C1253G;ORF1b:C1253W;ORF1b:I1256V;ORF1b:K1268Q,49,4733,0.0103528417494189,0,
3052026,BA.2_0.04_abundance_0.15,T17150G;T17208C;T17224G;T17226G;A17233G;A17269C;T17319C;T17364A;C17372A;T17379C;C17403G,ORF1b:V1228G;ORF1b:Y1247Y;ORF1b:C1253G;ORF1b:C1253W;ORF1b:I1256V;ORF1b:K1268Q;ORF1b:N1284N;ORF1b:I1299I;ORF1b:A1302D;ORF1b:N1304N;ORF1b:A1312A,67,3721,0.0180059123891427,0,
3052026,BA.2_0.04_abundance_0.15,T17150G;T17208C;T17224G;T17226G;A17233G;A17269C;T17319C;T17364A;C17372A;T17379C;T17387A,ORF1b:V1228G;ORF1b:Y1247Y;ORF1b:C1253G;ORF1b:C1253W;ORF1b:I1256V;ORF1b:K1268Q;ORF1b:N1284N;ORF1b:I1299I;ORF1b:A1302D;ORF1b:N1304N;ORF1b:L1307*,80,4345,0.0184119677790563,0,
3052026,BA.2_0.04_abundance_0.15,T17150G;G17196A;T17208C;T17224G;T17226G;A17233G;A17269C;T17319C;T17364A;C17372A;T17379C;T17387A;C17403G;A17409G;C17410T;T17415C,ORF1b:V1228G;ORF1b:K1243K;ORF1b:Y1247Y;ORF1b:C1253G;ORF1b:C1253W;ORF1b:I1256V;ORF1b:K1268Q;ORF1b:N1284N;ORF1b:I1299I;ORF1b:A1302D;ORF1b:N1304N;ORF1b:L1307*;ORF1b:A1312A;ORF1b:L1314L;ORF1b:R1315C;ORF1b:A1316A,15,1185,0.0126582278481012,0,
3052026,BA.2_0.04_abundance_0.15,T17150G;T17208C;T17224G;T17226G;A17233G;A17269C;T17319C;T17364A;C17372A;T17379C;C17403G;A17409G;C17410T;T17415C,ORF1b:V1228G;ORF1b:Y1247Y;ORF1b:C1253G;ORF1b:C1253W;ORF1b:I1256V;ORF1b:K1268Q;ORF1b:N1284N;ORF1b:I1299I;ORF1b:A1302D;ORF1b:N1304N;ORF1b:A1312A;ORF1b:L1314L;ORF1b:R1315C;ORF1b:A1316A,31,1185,0.0261603375527426,0,
3052026,BA.2_0.04_abundance_0.15,T17150G;T17208C;T17224G;T17226G;A17233G;A17269C;T17319C;T17364A;C17372A;T17379C;T17387A;C17403G;A17409G;C17410T,ORF1b:V1228G;ORF1b:Y1247Y;ORF1b:C1253G;ORF1b:C1253W;ORF1b:I1256V;ORF1b:K1268Q;ORF1b:N1284N;ORF1b:I1299I;ORF1b:A1302D;ORF1b:N1304N;ORF1b:L1307*;ORF1b:A1312A;ORF1b:L1314L;ORF1b:R1315C,50,2669,0.0187336080929186,0,
3052026,BA.2_0.04_abundance_0.15,T17150G;T17208C;T17224G;T17226G;A17233G;A17269C;T17319C;T17364A;C17372A;T17379C;T17387A;C17403G;A17409G;C17410T;T17415C;A17429C,ORF1b:V1228G;ORF1b:Y1247Y;ORF1b:C1253G;ORF1b:C1253W;ORF1b:I1256V;ORF1b:K1268Q;ORF1b:N1284N;ORF1b:I1299I;ORF1b:A1302D;ORF1b:N1304N;ORF1b:L1307*;ORF1b:A1312A;ORF1b:L1314L;ORF1b:R1315C;ORF1b:A1316A;ORF1b:Y1321S,5,66,0.0757575757575757,0,
3052026,BA.2_0.04_abundance_0.15,T17169C;A17222G;T17387A;C17410T,ORF1b:H1234H;ORF1b:K1252R;ORF1b:L1307*;ORF1b:R1315C,38,2669,0.0142375421506182,0,
3052026,BA.2_0.04_abundance_0.15,T17169C;T17387A;C17410T,ORF1b:H1234H;ORF1b:L1307*;ORF1b:R1315C,35,2669,0.013113525665043,0,
3052026,BA.2_0.04_abundance_0.15,G17196A;A17222G;T17387A;C17410T,ORF1b:K1243K;ORF1b:K1252R;ORF1b:L1307*;ORF1b:R1315C,140,2669,0.0524541026601723,0,
3052026,BA.2_0.04_abundance_0.15,G17196A;T17387A;C17410T,ORF1b:K1243K;ORF1b:L1307*;ORF1b:R1315C,150,2669,0.056200824278756,0,
3052026,BA.2_0.04_abundance_0.15,G17196A;A17222G;C17410T,ORF1b:K1243K;ORF1b:K1252R;ORF1b:R1315C,43,2669,0.01611090295991,0,
3052026,BA.2_0.04_abundance_0.15,G17196A;A17222G;T17387A,ORF1b:K1243K;ORF1b:K1252R;ORF1b:L1307*,60,4345,0.0138089758342922,0,
3052026,BA.2_0.04_abundance_0.15,G17196A;T17387A,ORF1b:K1243K;ORF1b:L1307*,76,4345,0.0174913693901035,0,
3052026,BA.2_0.04_abundance_0.15,A17222G;C17410T,ORF1b:K1252R;ORF1b:R1315C,213,2670,0.0797752808988764,74,BA.5.8:4;BA.5.2:9;BA.2.75:1;BA.2.10:1;BA.2.3:10;BA.5.2.1:5;BF.7:2;BA.2:13;BA.5.2.22:1;BA.5.1:4;BF.2:4;BA.5.2.28:8;BA.2.9:1;BQ.1.1.19:2;BA.5.1.6:2;BA.2.12.1:1;AY.4:1;BA.5.5:3;BA.5.1.10:1;BA.2.23.1:1
3052026,BA.2_0.04_abundance_0.15,A17222G;T17387A;C17410T,ORF1b:K1252R;ORF1b:L1307*;ORF1b:R1315C,676,2670,0.2531835205992509,0,
3052026,BA.2_0.04_abundance_0.15,A17222G;T17387A,ORF1b:K1252R;ORF1b:L1307*,370,4346,0.0851357570179475,0,
3052026,BA.2_0.04_abundance_0.15,T17387A;C17410T,ORF1b:L1307*;ORF1b:R1315C,672,2670,0.251685393258427,0,
3052026,BA.2_0.04_abundance_0.15,A17409G;C17410T;T17415C;A17429C;T17442G;C17463A;G17469C;T17510G;A17525C;A17593G;G17602C;A17606C;A17614T;C17649T;C17710G,ORF1b:L1314L;ORF1b:R1315C;ORF1b:A1316A;ORF1b:Y1321S;ORF1b:P1325P;ORF1b:R1332R;ORF1b:L1334F;ORF1b:V1348G;ORF1b:K1353T;ORF1b:S1376G;ORF1b:V1379L;ORF1b:Y1380S;ORF1b:K1383*;ORF1b:C1394C;ORF1b:Q1415E,6,159,0.0377358490566037,0,
3052026,BA.2_0.04_abundance_0.15,A17409G;C17410T;T17415C;A17429C;T17442G;C17463A;G17469C;T17510G;A17525C;A17593G;G17602C;A17606C;A17614T;C17649T;C17710G;T17714A,ORF1b:L1314L;ORF1b:R1315C;ORF1b:A1316A;ORF1b:Y1321S;ORF1b:P1325P;ORF1b:R1332R;ORF1b:L1334F;ORF1b:V1348G;ORF1b:K1353T;ORF1b:S1376G;ORF1b:V1379L;ORF1b:Y1380S;ORF1b:K1383*;ORF1b:C1394C;ORF1b:Q1415E;ORF1b:I1416K,14,146,0.0958904109589041,0,
3052026,BA.2_0.04_abundance_0.15,A17429C;T17442G;C17463A;G17469C;T17510G;A17525C;A17593G;G17602C;A17606C;A17614T;C17649T,ORF1b:Y1321S;ORF1b:P1325P;ORF1b:R1332R;ORF1b:L1334F;ORF1b:V1348G;ORF1b:K1353T;ORF1b:S1376G;ORF1b:V1379L;ORF1b:Y1380S;ORF1b:K1383*;ORF1b:C1394C,22,1635,0.0134556574923547,0,
3052026,BA.2_0.04_abundance_0.15,A17429C;T17442G;C17463A;G17469C;T17510G;A17525C;A17593G;G17602C;A17606C;A17614T;C17649T;C17710G;T17714A,ORF1b:Y1321S;ORF1b:P1325P;ORF1b:R1332R;ORF1b:L1334F;ORF1b:V1348G;ORF1b:K1353T;ORF1b:S1376G;ORF1b:V1379L;ORF1b:Y1380S;ORF1b:K1383*;ORF1b:C1394C;ORF1b:Q1415E;ORF1b:I1416K,169,1376,0.1228197674418604,0,
3052026,BA.2_0.04_abundance_0.15,A17429C;T17442G;C17463A;G17469C;T17510G;A17525C;A17593G;G17602C;A17606C;A17614T;C17649T;C17710G,ORF1b:Y1321S;ORF1b:P1325P;ORF1b:R1332R;ORF1b:L1334F;ORF1b:V1348G;ORF1b:K1353T;ORF1b:S1376G;ORF1b:V1379L;ORF1b:Y1380S;ORF1b:K1383*;ORF1b:C1394C;ORF1b:Q1415E,17,1486,0.0114401076716016,0,
3052026,BA.2_0.04_abundance_0.15,C17710G;T17714A;C17762A;G17764T;T17771A;C17818T;T17859C;T17863G;C17885T;T17901G;T17922A;T17925G;C17933G;T17963A;A17969C,ORF1b:Q1415E;ORF1b:I1416K;ORF1b:A1432D;ORF1b:V1433F;ORF1b:I1435N;ORF1b:L1451L;ORF1b:Y1464Y;ORF1b:Y1466D;ORF1b:T1473I;ORF1b:S1478S;ORF1b:N1485K;ORF1b:V1486V;ORF1b:T1489S;ORF1b:M1499K;ORF1b:D1501A,78,486,0.1604938271604938,0,
3052026,BA.2_0.04_abundance_0.15,C17710G;T17714A;C17762A;G17764T;T17771A;C17818T;T17859C;T17863G;C17885T;T17901G,ORF1b:Q1415E;ORF1b:I1416K;ORF1b:A1432D;ORF1b:V1433F;ORF1b:I1435N;ORF1b:L1451L;ORF1b:Y1464Y;ORF1b:Y1466D;ORF1b:T1473I;ORF1b:S1478S,7,530,0.0132075471698113,0,
3052026,BA.2_0.04_abundance_0.15,T17714A;C17762A;G17764T;T17771A;C17818T;T17859C;T17863G;C17885T;T17901G;T17922A;T17925G;C17933G;T17963A;A17969C,ORF1b:I1416K;ORF1b:A1432D;ORF1b:V1433F;ORF1b:I1435N;ORF1b:L1451L;ORF1b:Y1464Y;ORF1b:Y1466D;ORF1b:T1473I;ORF1b:S1478S;ORF1b:N1485K;ORF1b:V1486V;ORF1b:T1489S;ORF1b:M1499K;ORF1b:D1501A,71,933,0.0760986066452304,0,
3052026,BA.2_0.04_abundance_0.15,C17762A;G17764T;T17771A;C17818T;T17859C;T17863G;C17885T;T17901G;T17922A;T17925G;C17933G;T17963A;A17969C,ORF1b:A1432D;ORF1b:V1433F;ORF1b:I1435N;ORF1b:L1451L;ORF1b:Y1464Y;ORF1b:Y1466D;ORF1b:T1473I;ORF1b:S1478S;ORF1b:N1485K;ORF1b:V1486V;ORF1b:T1489S;ORF1b:M1499K;ORF1b:D1501A,66,1372,0.0481049562682215,0,
3052026,BA.2_0.04_abundance_0.15,G18040T;A18163G;A18165G,ORF1b:A1525S;ORF1b:I1566V;ORF1b:I1566M,6,364,0.0164835164835164,1,BA.2.12.1:1
3052026,BA.2_0.04_abundance_0.15,G18040T;A18163G,ORF1b:A1525S;ORF1b:I1566V,145,364,0.3983516483516483,822,BA.1:45;BA.1.1.2:13;BA.1.1:169;BF.7:2;BA.5.2.1:66;BA.5.2:8;BQ.1.1.5:1;BA.2:64;BA.5.1.5:35;BA.5.1:19;BA.4.6:6;BA.4.1:7;BF.4:68;BA.1.1.18:144;BA.2.3.8:1;BE.1.1:8;BA.5.1.12:7;BE.2:1;BA.5.2.9:1;BF.5:15;BA.1.15:8;BA.5.1.10:16;BA.2.12.1:5;BA.5.2.16:22;BA.5.5:1;BQ.1:2;CH.1.1:2;BA.5.2.12:1;BA.1.1.1:2;BA.5:2;BA.5.2.33:3;BA.2.3.6:1;BQ.1.13:1;BA.2.9:8;BA.4.4:1;BA.2.65:2;BA.1.20:2;BA.1.1.12:1;BA.1.18:17;BA.2.10:2;BA.5.6:3;BA.2.3:11;CL.1:1;BF.26:1;BA.5.2.20:1;BA.2.6:1;BF.10:1;BA.1.16:1;BF.7.1:1;BA.1.1.10:1;BA.5.1.1:1;BA.1.17.2:2;B.1.1.529:1;BA.5.2.26:1;DL.1:1;BA.2.31:1;BK.1:1;BG.5:1;BA.2.29:1;BA.5.1.25:1;BF.21:1;XBB.3:2;BA.5.1.24:1;BE.5:1;XBB.2:1;BA.5.2.2:1;BA.2.13:1;BA.2.38:1;BA.1.17:1
3052026,BA.2_0.04_abundance_0.15,G18040T;C18041A;G18088C;C18094T;T18123G;G18145A;A18163G;G18213T;T18276A,ORF1b:A1525S;ORF1b:A1525D;ORF1b:G1541R;ORF1b:H1543Y;ORF1b:S1552R;ORF1b:E1560K;ORF1b:I1566V;ORF1b:M1582I;ORF1b:A1603A,31,339,0.0914454277286135,0,
3052026,BA.2_0.04_abundance_0.15,C18041A;G18088C;C18094T;T18123G;G18145A;A18163G;G18213T;T18276A,ORF1b:A1525D;ORF1b:G1541R;ORF1b:H1543Y;ORF1b:S1552R;ORF1b:E1560K;ORF1b:I1566V;ORF1b:M1582I;ORF1b:A1603A,20,339,0.0589970501474926,0,
3052026,BA.2_0.04_abundance_0.15,C18976G;C19018T;G19072T;C19089A;C19099A;C19103G;T19146C;G19177A;G19194C;G19207A;G19231A;A19237G,ORF1b:Q1837E;ORF1b:P1851S;ORF1b:D1869Y;ORF1b:F1874L;ORF1b:Q1878K;ORF1b:P1879R;ORF1b:S1893S;ORF1b:G1904S;ORF1b:W1909C;ORF1b:D1914N;ORF1b:V1922I;ORF1b:R1924G,6,363,0.0165289256198347,0,
3052026,BA.2_0.04_abundance_0.15,C18976G;C19018T;G19072T;C19089A;C19099A;C19103G;T19146C;G19177A;G19194C;G19207A;G19231A;A19237G;A19244T,ORF1b:Q1837E;ORF1b:P1851S;ORF1b:D1869Y;ORF1b:F1874L;ORF1b:Q1878K;ORF1b:P1879R;ORF1b:S1893S;ORF1b:G1904S;ORF1b:W1909C;ORF1b:D1914N;ORF1b:V1922I;ORF1b:R1924G;ORF1b:D1926V,32,348,0.0919540229885057,0,
3052026,BA.2_0.04_abundance_0.15,C18976G;C19018T;G19072T;C19089A;C19099A;C19103G;T19146C;G19177A;G19194C;G19207A;G19231A;A19237G;A19244T;T19258G,ORF1b:Q1837E;ORF1b:P1851S;ORF1b:D1869Y;ORF1b:F1874L;ORF1b:Q1878K;ORF1b:P1879R;ORF1b:S1893S;ORF1b:G1904S;ORF1b:W1909C;ORF1b:D1914N;ORF1b:V1922I;ORF1b:R1924G;ORF1b:D1926V;ORF1b:S1931A,8,152,0.0526315789473684,0,
3052026,BA.2_0.04_abundance_0.15,C18976G;C19018T;G19072T;C19089A;C19099A;C19103G;T19146C;G19177A;G19194C;G19207A;G19231A;A19237G;A19244T;T19258G;T19260C,ORF1b:Q1837E;ORF1b:P1851S;ORF1b:D1869Y;ORF1b:F1874L;ORF1b:Q1878K;ORF1b:P1879R;ORF1b:S1893S;ORF1b:G1904S;ORF1b:W1909C;ORF1b:D1914N;ORF1b:V1922I;ORF1b:R1924G;ORF1b:D1926V;ORF1b:S1931A;ORF1b:S1931S,8,92,0.0869565217391304,0,
3052026,BA.2_0.04_abundance_0.15,A20546T;A20675G,ORF1b:Q2360L;ORF1b:Q2403R,5,71,0.0704225352112676,0,
3052026,BA.2_0.04_abundance_0.15,A20546T;A20622T,ORF1b:Q2360L;ORF1b:K2385N,7,71,0.0985915492957746,0,
3052026,BA.2_0.04_abundance_0.15,G21753C;G21987A,S:W64S;S:G142D,676,1232,0.5487012987012987,3,AY.103:1;AY.3:1;BA.5.2:1
3052026,BA.2_0.04_abundance_0.15,G21753C;T21984C;G21987A,S:W64S;S:L141S;S:G142D,28,1232,0.0227272727272727,0,
3052026,BA.2_0.04_abundance_0.15,T22098C;T22200G,S:L179P;S:V213G,15,289,0.0519031141868512,1326,BA.2.9.2:29;BA.5.2.1:86;BQ.1.1:6;BF.7:2;BA.2.21:12;BA.2.9:1026;BA.5.2:76;BA.5.1:6;BA.2.75:7;BA.4.4:1;BA.2:17;BA.2.12.1:33;BQ.1.1.18:1;BA.5.6:1;BQ.1.1.6:2;BQ.1.1.22:2;BA.5.2.6:2;BA.2.3:2;BA.5:2;BA.5.2.26:1;BA.5.2.32:1;BA.2.38:1;BA.5.2.7:3;BE.1.1.1:1;BQ.1.23:1;BF.25:1;BA.5.1.12:1;BA.4:1;BA.5.1.6:1;BA.4.6:1
3052026,BA.2_0.04_abundance_0.15,C22674T;T22679C;A22681G;C22686T;A22688G,S:S371F;S:S373P;S:S373S;S:S375F;S:T376A,6,306,0.0196078431372549,207,BA.2.74:1;BA.2.3.1:1;BA.5.2.1:11;BA.2:49;BA.5.1.3:1;BA.4.4:1;BA.2.9.5:6;BQ.1.13:13;BQ.1.2:3;BF.22:2;BU.2:1;BA.4.6:32;BA.2.9:34;BA.2.12.1:9;BA.5.1:7;BF.12:2;BF.21:1;BA.4:1;BF.7:1;BA.2.37:2;BA.5:12;BF.10:1;BA.5.1.22:1;BA.5.6:1;BA.5.2.9:1;XBB.2:1;BA.5.2.23:1;BA.2.3:2;BE.1.1:1;BA.2.75:2;BA.5.5:1;BA.2.23:1;BA.4.1:1;BA.5.2:1;BE.1:1;BA.5.1.1:1
3052026,BA.2_0.04_abundance_0.15,C22674T;T22679C;A22681G;C22686T;A22688G;A22786C,S:S371F;S:S373P;S:S373S;S:S375F;S:T376A;S:R408S,88,281,0.3131672597864768,195,BA.2.74:1;BA.2.3.1:1;BA.5.2.1:11;BA.2:44;BA.5.1.3:1;BA.4.4:1;BA.2.9.5:6;BQ.1.13:10;BQ.1.2:3;BF.22:2;BU.2:1;BA.4.6:31;BA.2.9:31;BA.2.12.1:9;BF.12:2;BF.21:1;BA.4:1;BF.7:1;BA.2.37:2;BA.2.75:2;BA.5.1:7;BA.5:12;BF.10:1;BA.5.1.22:1;BA.5.6:1;BA.5.2.9:1;XBB.2:1;BA.5.2.23:1;BA.2.3:2;BE.1.1:1;BA.5.5:1;BA.2.23:1;BA.4.1:1;BA.5.2:1;BE.1:1;BA.5.1.1:1
3052026,BA.2_0.04_abundance_0.15,G22870C;T22891A;T22937C;A22974C;G22992A;C22995A;A22996C;C22998G;G23001C;A23013C;T23032C;A23040G;A23063T;C23130A;A23148C;T23152A,S:W436C;S:S443S;S:S459P;S:E471A;S:S477N;S:T478K;S:T478T;S:P479R;S:C480S;S:E484A;S:F490F;S:Q493R;S:N501Y;S:T523N;S:K529T;S:S530S,11,110,0.1,0,
3052026,BA.2_0.04_abundance_0.15,A23148C;T23152A;T23178A;A23181C;T23183C;G23222T;G23264C;T23272A;C23280A;C23286G;G23288T;T23289A;T23308A;G23309C;T23322A;A23357G;T23377G;C23393A;A23397C;A23403G;T23421C,S:K529T;S:S530S;S:V539D;S:N540T;S:F541L;S:E554*;S:D568H;S:A570A;S:T573N;S:A575G;S:V576F;S:V576D;S:L582L;S:E583Q;S:I587N;S:T599A;S:S605S;S:L611I;S:Y612S;S:D614G;S:V620A,61,356,0.1713483146067415,0,
3052026,BA.2_0.04_abundance_0.15,T23152A;T23178A;A23181C;T23183C;G23222T;G23264C;T23272A;C23280A;C23286G;G23288T;T23289A;T23308A;G23309C;T23322A;A23357G;T23377G;C23393A;A23397C;A23403G;T23421C,S:S530S;S:V539D;S:N540T;S:F541L;S:E554*;S:D568H;S:A570A;S:T573N;S:A575G;S:V576F;S:V576D;S:L582L;S:E583Q;S:I587N;S:T599A;S:S605S;S:L611I;S:Y612S;S:D614G;S:V620A,39,648,0.0601851851851851,0,
3052026,BA.2_0.04_abundance_0.15,T23178A;A23181C;T23183C;G23222T;G23264C;T23272A;C23280A;C23286G;G23288T;T23289A;T23308A;G23309C;T23322A;A23357G;T23377G;C23393A;A23397C;A23403G;T23421C,S:V539D;S:N540T;S:F541L;S:E554*;S:D568H;S:A570A;S:T573N;S:A575G;S:V576F;S:V576D;S:L582L;S:E583Q;S:I587N;S:T599A;S:S605S;S:L611I;S:Y612S;S:D614G;S:V620A,488,4513,0.1081320629293153,0,
3052026,BA.2_0.04_abundance_0.15,T24142G;A24424T,S:V860V;S:Q954H,27,751,0.0359520639147802,27,BA.5.1:3;BA.1:2;BA.1.1:4;BA.5:6;BA.1.15:3;BA.5.2.1:2;BA.2.12.1:1;BA.5.6:2;BA.5.9:1;BA.2:1;BF.7:1;BA.2.75:1
3052026,BA.2_0.04_abundance_0.15,T24142G;A24325T,S:V860V;S:K921N,13,1076,0.0120817843866171,0,
3052026,BA.2_0.04_abundance_0.15,T24142G;A24325T;A24424T,S:V860V;S:K921N;S:Q954H,25,751,0.033288948069241,0,
3052026,BA.2_0.04_abundance_0.15,A24325T;A24424T,S:K921N;S:Q954H,277,751,0.3688415446071904,5,BA.2.12.1:1;BA.5.2:1;BA.1.1:2;BA.1:1
3052026,BA.2_0.04_abundance_0.15,A24424T;T24733G,S:Q954H;S:P1057P,7,94,0.0744680851063829,47,BA.2.12.1:2;BA.5.5:1;BA.2:16;BA.5.1:3;BA.5.2.9:1;BA.1.17:1;BA.2.3.1:1;BA.1.1:6;BA.5.8:4;BA.1:5;BA.1.15:2;BA.2.3:2;BA.2.9:1;BA.2.14:1;BA.1.1.18:1
3052026,BA.2_0.04_abundance_0.15,T24733G;A24999G;C25000T,S:P1057P;S:D1146G;S:D1146D,73,2124,0.0343691148775894,0,
3052026,BA.2_0.04_abundance_0.15,T24733G;C25000T,S:P1057P;S:D1146D,57,2124,0.0268361581920903,47,BA.2:16;BA.2.3.1:1;BA.1.1:6;BA.2.9:1;BA.5.2.9:1;BA.5.8:4;BA.5.1:3;BA.5.5:1;BA.1:5;BA.1.15:2;BA.2.3:2;BA.2.14:1;BA.1.1.18:1;BA.2.12.1:2;BA.1.17:1
3052026,BA.2_0.04_abundance_0.15,A24999G;C25000T,S:D1146G;S:D1146D,1865,3490,0.5343839541547278,32,BA.5.2.22:2;BA.1:4;BE.1:1;BA.1.1:3;BF.5:1;BA.2.12.1:2;BA.5.1:4;BA.1.15:1;BA.1.17.2:2;BA.2:9;BA.2.9:1;BA.4.6:1;BA.5.2:1
3052026,BA.2_0.04_abundance_0.15,T25058C;T25070G;G25116T;T25129C;C25151T;A25195C;A25255T;T25265C;T25268A;C25318G,S:L1166L;S:S1170A;S:R1185L;S:V1189V;S:L1197F;S:K1211N;S:T1231T;S:C1235R;S:C1236S;S:S1252S,53,423,0.1252955082742316,0,
3052026,BA.2_0.04_abundance_0.15,T25058C;T25070G;G25116T;T25129C;C25151T;A25195C,S:L1166L;S:S1170A;S:R1185L;S:V1189V;S:L1197F;S:K1211N,6,518,0.0115830115830115,0,
3052026,BA.2_0.04_abundance_0.15,T25058C;T25070G;G25116T;T25129C;C25151T;A25195C;A25255T;T25265C;T25268A,S:L1166L;S:S1170A;S:R1185L;S:V1189V;S:L1197F;S:K1211N;S:T1231T;S:C1235R;S:C1236S,10,485,0.0206185567010309,0,
3052026,BA.2_0.04_abundance_0.15,C25318G;T25343C;A25351G;T25370A;T25476G;C25484G;T25496G;C25508G;T25532G;C25549A;G25555A;C25584T;T25586A;T25627A;T25628A,S:S1252S;S:S1261P;S:P1263P;S:L1270I;ORF3a:F28L;ORF3a:A31G;ORF3a:I35R;ORF3a:A39G;ORF3a:I47S;ORF3a:L53I;ORF3a:V55I;ORF3a:T64T;ORF3a:L65H;ORF3a:F79I;ORF3a:F79Y,21,147,0.1428571428571428,0,
3052026,BA.2_0.04_abundance_0.15,C25318G;T25343C;A25351G;T25370A;T25476G;C25484G;T25496G;C25508G;T25532G;C25549A;G25555A;C25584T;T25586A,S:S1252S;S:S1261P;S:P1263P;S:L1270I;ORF3a:F28L;ORF3a:A31G;ORF3a:I35R;ORF3a:A39G;ORF3a:I47S;ORF3a:L53I;ORF3a:V55I;ORF3a:T64T;ORF3a:L65H,6,193,0.0310880829015544,0,
3052026,BA.2_0.04_abundance_0.15,T25343C;A25351G;T25370A;T25476G;C25484G;T25496G;C25508G;T25532G;C25549A;G25555A;C25584T;T25586A;T25627A;T25628A,S:S1261P;S:P1263P;S:L1270I;ORF3a:F28L;ORF3a:A31G;ORF3a:I35R;ORF3a:A39G;ORF3a:I47S;ORF3a:L53I;ORF3a:V55I;ORF3a:T64T;ORF3a:L65H;ORF3a:F79I;ORF3a:F79Y,14,236,0.059322033898305,0,
3052026,BA.2_0.04_abundance_0.15,T25343C;A25351G;T25370A;T25476G;C25484G;T25496G;C25508G,S:S1261P;S:P1263P;S:L1270I;ORF3a:F28L;ORF3a:A31G;ORF3a:I35R;ORF3a:A39G,5,335,0.0149253731343283,0,
3052026,BA.2_0.04_abundance_0.15,A25786C;T25830C,ORF3a:K132Q;ORF3a:F146F,14,773,0.0181112548512289,0,
3052026,BA.2_0.04_abundance_0.15,A25799C;C25867G;G25879T;C25919G,ORF3a:K136T;ORF3a:P159A;ORF3a:V163L;ORF3a:T176R,96,709,0.1354019746121297,0,
3052026,BA.2_0.04_abundance_0.15,A26059G;T26080C;C26082T;A26115G;A26166C;T26168C;T26184G;G26196A;A26197T;C26270T,ORF3a:T223A;ORF3a:F230L;ORF3a:F230F;ORF3a:E241E;ORF3a:P258P;ORF3a:V259A;ORF3a:Y264*;ORF3a:T268T;ORF3a:T269S;E:T9I,8,47,0.1702127659574468,0,
3052026,BA.2_0.04_abundance_0.15,T26572C;C26577G;G26709A;C26858T,M:L17P;M:Q19E;M:A63T;M:F112F,59,3640,0.0162087912087912,0,
3052026,BA.2_0.04_abundance_0.15,T26572C;C26577G;G26709A;C26826T;C26858T,M:L17P;M:Q19E;M:A63T;M:L102L;M:F112F,47,3640,0.0129120879120879,0,
3052026,BA.2_0.04_abundance_0.15,C26577G;T26580G;A26592G;A26643T;T26657C;G26660C;G26696A;G26709A;G26713A;C26725A;A26738T;G26779C;T26794A;T26837A;G26852A;C26858T,M:Q19E;M:W20G;M:I24V;M:N41Y;M:F45F;M:L46F;M:W58*;M:A63T;M:C64Y;M:A68D;M:R72S;M:C86S;M:M91K;M:R105R;M:W110*;M:F112F,520,3642,0.14277869302581,0,
3052026,BA.2_0.04_abundance_0.15,C26577G;G26709A;C26826T;C26835A;C26858T,M:Q19E;M:A63T;M:L102L;M:R105S;M:F112F,151,3642,0.0414607358594179,0,
3052026,BA.2_0.04_abundance_0.15,C26577G;T26580G;A26592G;A26643T;T26657C;G26660C;G26696A;G26709A;G26713A;C26725A;A26738T,M:Q19E;M:W20G;M:I24V;M:N41Y;M:F45F;M:L46F;M:W58*;M:A63T;M:C64Y;M:A68D;M:R72S,46,4151,0.0110816670681763,0,
3052026,BA.2_0.04_abundance_0.15,C26577G;G26709A;C26835A;C26858T,M:Q19E;M:A63T;M:R105S;M:F112F,138,3642,0.0378912685337726,8,BA.2:8
3052026,BA.2_0.04_abundance_0.15,A27234G;G27235C;A27237G;A27259C;C27263A;A27290G;A27293C;A27334T;G27382C;A27383T;T27384C;T27402G;A27423C;A27475T,ORF6:I11M;ORF6:A12P;ORF6:A12A;ORF6:R20R;ORF6:T21N;ORF6:D30G;ORF6:Y31S;ORF6:T45S;ORF6:D61H;ORF6:D61V;ORF6:D61D;ORF7a:I3M;ORF7a:I10I;ORF7a:T28S,187,1442,0.1296809986130374,0,
3052026,BA.2_0.04_abundance_0.15,A27234G;G27235C;A27237G;A27259C;C27263A;A27290G;A27293C;A27334T;G27382C;A27383T;T27384C;T27402G;A27423C;A27475T;T27496G;C27500A,ORF6:I11M;ORF6:A12P;ORF6:A12A;ORF6:R20R;ORF6:T21N;ORF6:D30G;ORF6:Y31S;ORF6:T45S;ORF6:D61H;ORF6:D61V;ORF6:D61D;ORF7a:I3M;ORF7a:I10I;ORF7a:T28S;ORF7a:C35G;ORF7a:S36Y,7,182,0.0384615384615384,0,
3052026,BA.2_0.04_abundance_0.15,A27234G;G27235C;A27237G;A27259C;C27263A;A27290G;A27293C;A27334T;G27382C;A27383T;T27384C;T27402G;A27423C;A27475T;T27496G,ORF6:I11M;ORF6:A12P;ORF6:A12A;ORF6:R20R;ORF6:T21N;ORF6:D30G;ORF6:Y31S;ORF6:T45S;ORF6:D61H;ORF6:D61V;ORF6:D61D;ORF7a:I3M;ORF7a:I10I;ORF7a:T28S;ORF7a:C35G,27,417,0.0647482014388489,0,
3052026,BA.2_0.04_abundance_0.15,A27234G;G27235C;A27237G;A27259C;C27263A;A27290G;A27293C;A27334T;G27382C;A27383T;T27384C;T27402G;A27423C;A27475T;T27496G;C27500A;G27506T;A27507T,ORF6:I11M;ORF6:A12P;ORF6:A12A;ORF6:R20R;ORF6:T21N;ORF6:D30G;ORF6:Y31S;ORF6:T45S;ORF6:D61H;ORF6:D61V;ORF6:D61D;ORF7a:I3M;ORF7a:I10I;ORF7a:T28S;ORF7a:C35G;ORF7a:S36Y;ORF7a:G38V;ORF7a:G38G,6,44,0.1363636363636363,0,
3052026,BA.2_0.04_abundance_0.15,T27810A;A27825C;T27837C;T27901G;T27902C;A27917G;A27965C;A27983T;T28010A;C28011A;T28130G,ORF7b:F19I;ORF7b:M24L;ORF7b:F28L;ORF8:F3C;ORF8:F3F;ORF8:G8G;ORF8:S24S;ORF8:P30P;ORF8:I39I;ORF8:H40N;ORF8:Y79*,7,78,0.0897435897435897,0,
3052026,BA.2_0.04_abundance_0.15,A27825C;T27837C;T27901G;T27902C;A27917G;A27965C;A27983T;T28010A;C28011A;T28130G,ORF7b:M24L;ORF7b:F28L;ORF8:F3C;ORF8:F3F;ORF8:G8G;ORF8:S24S;ORF8:P30P;ORF8:I39I;ORF8:H40N;ORF8:Y79*,53,817,0.0648714810281517,0,
3052026,BA.2_0.04_abundance_0.15,A27825C;T27837C;T27901G;T27902C;A27917G;A27965C;A27983T;T28010A;C28011A;T28020A,ORF7b:M24L;ORF7b:F28L;ORF8:F3C;ORF8:F3F;ORF8:G8G;ORF8:S24S;ORF8:P30P;ORF8:I39I;ORF8:H40N;ORF8:S43T,32,1371,0.0233406272793581,0,
3052026,BA.2_0.04_abundance_0.15,A27825C;T27837C;T27901G;T27902C;A27917G;A27965C;A27983T;T28010A;C28011A,ORF7b:M24L;ORF7b:F28L;ORF8:F3C;ORF8:F3F;ORF8:G8G;ORF8:S24S;ORF8:P30P;ORF8:I39I;ORF8:H40N,27,1371,0.0196936542669584,0,
3052026,BA.2_0.04_abundance_0.15,A27825C;T27837C;T27901G;T27902C;A27917G;A27965C;A27983T;T28010A;C28011A;T28020A;T28130G,ORF7b:M24L;ORF7b:F28L;ORF8:F3C;ORF8:F3F;ORF8:G8G;ORF8:S24S;ORF8:P30P;ORF8:I39I;ORF8:H40N;ORF8:S43T;ORF8:Y79*,34,817,0.0416156670746634,0,
3052026,BA.2_0.04_abundance_0.15,A27825C;T27837C;T27901G;T27902C;A27917G;A27947T;A27965C;A27983T;T28010A;C28011A;T28130G,ORF7b:M24L;ORF7b:F28L;ORF8:F3C;ORF8:F3F;ORF8:G8G;ORF8:Q18H;ORF8:S24S;ORF8:P30P;ORF8:I39I;ORF8:H40N;ORF8:Y79*,9,817,0.011015911872705,0,
3052026,BA.2_0.04_abundance_0.15,A27947T;T28020A,ORF8:Q18H;ORF8:S43T,52,1696,0.0306603773584905,0,
3052026,BA.2_0.04_abundance_0.15,T28130G;A28173T;G28183A;T28192G;A28207C;T28224G;A28274C;C28291G;A28295T;G28307A;C28311T;G28337T;C28344A;G28375T,ORF8:Y79*;ORF8:K94*;ORF8:S97N;ORF8:V100G;ORF8:Y105S;ORF8:Y111D;N:MX;N:P6P;N:N8Y;N:A12T;N:P13L;N:D22Y;N:T24N;N:G34G,388,3135,0.1237639553429027,0,
3052026,BA.2_0.04_abundance_0.15,T28130G;A28173T;G28183A;T28192G;A28207C;T28224G;A28274C;C28291G;A28295T;G28307A;C28311T,ORF8:Y79*;ORF8:K94*;ORF8:S97N;ORF8:V100G;ORF8:Y105S;ORF8:Y111D;N:MX;N:P6P;N:N8Y;N:A12T;N:P13L,44,3367,0.013068013068013,0,
3052026,BA.2_0.04_abundance_0.15,T28130G;A28173T;G28183A;T28192G;A28207C;T28224G;A28274C;C28291G;A28295T;G28307A;C28311T;G28337T;C28344A;G28375T;C28437A,ORF8:Y79*;ORF8:K94*;ORF8:S97N;ORF8:V100G;ORF8:Y105S;ORF8:Y111D;N:MX;N:P6P;N:N8Y;N:A12T;N:P13L;N:D22Y;N:T24N;N:G34G;N:A55D,12,115,0.1043478260869565,0,
3052026,BA.2_0.04_abundance_0.15,C28437A;C28471A;C28512A;G28551T;G28580A;A28626T;A28633G;T28678A;C28687T;A28701T;A28715C;C28716T,N:A55D;N:F66L;N:P80Q;N:R93L;N:D103N;N:E118V;N:G120G;N:T135T;N:A138A;N:K143I;N:T148P;N:T148I,26,548,0.0474452554744525,0,
3052026,BA.2_0.04_abundance_0.15,C28437A;C28471A;C28512A;G28551T;G28580A;A28626T;A28633G;T28678A;C28687T;A28701T;A28715C;C28716T;A28734T;T28735C,N:A55D;N:F66L;N:P80Q;N:R93L;N:D103N;N:E118V;N:G120G;N:T135T;N:A138A;N:K143I;N:T148P;N:T148I;N:N154I;N:N154N,51,396,0.1287878787878787,0,
3052026,BA.2_0.04_abundance_0.15,C28437A;C28471A;C28512A;G28551T;G28580A;A28626T;A28633G,N:A55D;N:F66L;N:P80Q;N:R93L;N:D103N;N:E118V;N:G120G,8,594,0.0134680134680134,0,
3052026,BA.2_0.04_abundance_0.15,C28437A;C28471A;C28512A;G28551T;G28580A;A28626T;A28633G;T28678A;C28687T;A28701T;A28715C;C28716T;A28734T;T28735C;C28748A,N:A55D;N:F66L;N:P80Q;N:R93L;N:D103N;N:E118V;N:G120G;N:T135T;N:A138A;N:K143I;N:T148P;N:T148I;N:N154I;N:N154N;N:L159I,6,59,0.1016949152542373,0,
3052026,BA.2_0.04_abundance_0.15,T29008A;T29010C;T29036G;A29039C;C29061T;C29067G;A29079C;G29106T;G29132T;A29181T;G29204T;T29225G;A29237G;C29247T;A29267G;T29278C;C29280A;A29307G,N:T245T;N:V246A;N:S255A;N:K256Q;N:T263I;N:T265S;N:N269T;N:G278V;N:G287W;N:Q303L;N:A311S;N:S318A;N:M322V;N:T325I;N:T332A;N:G335G;N:A336D;N:N345S,9,167,0.0538922155688622,0,
3052026,BA.2_0.04_abundance_0.15,T29010C;T29036G;A29039C;C29061T;C29067G;A29079C;G29106T;G29132T;A29181T;G29204T;T29225G;A29237G;C29247T;A29267G;T29278C;C29280A;A29307G,N:V246A;N:S255A;N:K256Q;N:T263I;N:T265S;N:N269T;N:G278V;N:G287W;N:Q303L;N:A311S;N:S318A;N:M322V;N:T325I;N:T332A;N:G335G;N:A336D;N:N345S,26,210,0.1238095238095238,0,
3052026,BA.2_0.04_abundance_0.15,T29036G;A29039C;C29061T;C29067G;A29079C;G29106T;G29132T;A29181T;G29204T;T29225G;A29237G;C29247T;A29267G;T29278C;C29280A;A29307G,N:S255A;N:K256Q;N:T263I;N:T265S;N:N269T;N:G278V;N:G287W;N:Q303L;N:A311S;N:S318A;N:M322V;N:T325I;N:T332A;N:G335G;N:A336D;N:N345S,370,2863,0.1292350681103737,0,
3052026,BA.2_0.04_abundance_0.15,T29036G;A29039C;C29061T;C29067G;A29079C;G29106T;G29132T;A29181T;G29204T;T29225G,N:S255A;N:K256Q;N:T263I;N:T265S;N:N269T;N:G278V;N:G287W;N:Q303L;N:A311S;N:S318A,31,3082,0.0100584036340038,0,
