Date,Site,Nt Mutations,AA Mutations,Support DP,Total DP,Combined Freq,Overall Occurrence,Lineage Occurrence
1012026,BA.2_0.04_abundance_0.05,A468C;T670G,ORF1a:Y68S;ORF1a:S135R,192,2342,0.0819812126387702,1,BA.2:1
1012026,BA.2_0.04_abundance_0.05,A1110T;T1216C,ORF1a:K282M;ORF1a:L317L,314,1784,0.1760089686098654,0,
1012026,BA.2_0.04_abundance_0.05,T1360A;A1407T,ORF1a:V365V;ORF1a:E381V,17,66,0.2575757575757575,0,
1012026,BA.2_0.04_abundance_0.05,T2578A;C2790T,ORF1a:S771R;ORF1a:T842I,14,193,0.0725388601036269,28,BA.5:16;BA.5.1.2:1;BA.5.2:2;BA.2:1;BA.4.6:1;BA.2.9:2;BA.2.12.1:1;BA.5.2.1:1;BA.5.2.8:2;BQ.1.1.8:1
1012026,BA.2_0.04_abundance_0.05,A4179T;G4184A;C4321T,ORF1a:K1305M;ORF1a:G1307S;ORF1a:A1352A,54,833,0.0648259303721488,0,
1012026,BA.2_0.04_abundance_0.05,A4179T;G4184A;G4261A;C4321T,ORF1a:K1305M;ORF1a:G1307S;ORF1a:Q1332Q;ORF1a:A1352A,22,833,0.0264105642256902,0,
1012026,BA.2_0.04_abundance_0.05,G4184A;G4261A;C4321T,ORF1a:G1307S;ORF1a:Q1332Q;ORF1a:A1352A,229,833,0.2749099639855942,344,BA.2.12.1:93;BA.5.2.1:32;BA.2.75:4;BA.2:100;BA.5.2:36;CH.1.1:1;BA.4.2:4;BA.5.2.24:13;BE.1:2;BA.5.3.1:1;BA.2.23:2;BA.5.5:1;BA.2.3:4;BA.2.9:9;XBB.1.5:4;BA.5.1:7;BA.5.6.2:1;BE.1.1.1:1;BA.5.2.6:1;BE.1.1:1;BF.5:4;BA.2.40.1:1;BA.5.6:1;BQ.1.1.4:1;BA.2.56:1;BA.2.13:1;CP.6:1;BA.5.9:1;BF.27:1;BQ.1.1:2;BA.5.1.6:2;XBD:1;BA.4.6.1:2;BA.4.6:1;BA.5.2.27:1;BA.5.1.22:2;BA.2.36:1;BF.10:3
1012026,BA.2_0.04_abundance_0.05,G4184A;G4261A,ORF1a:G1307S;ORF1a:Q1332Q,25,910,0.0274725274725274,348,BA.2.12.1:93;BA.5.2.1:33;BA.2.75:4;BA.2:103;BA.5.2:36;CH.1.1:1;BA.4.2:4;BA.5.2.24:13;BE.1:2;BA.5.3.1:1;BA.2.23:2;BA.5.5:1;BA.2.3:4;BA.2.9:9;XBB.1.5:4;BA.5.1:7;BA.5.6.2:1;BE.1.1.1:1;BA.5.2.6:1;BE.1.1:1;BF.5:4;BA.2.40.1:1;BA.5.6:1;BQ.1.1.4:1;BA.2.56:1;BA.2.13:1;CP.6:1;BA.5.9:1;BF.27:1;BQ.1.1:2;BA.5.1.6:2;XBD:1;BA.4.6.1:2;BA.4.6:1;BA.5.2.27:1;BA.5.1.22:2;BA.2.36:1;BF.10:3
1012026,BA.2_0.04_abundance_0.05,T8058G;T8069C,ORF1a:F2598C;ORF1a:F2602L,14,976,0.0143442622950819,0,
1012026,BA.2_0.04_abundance_0.05,G10447A;C10718A,ORF1a:R3394R;ORF1a:R3485R,153,303,0.504950495049505,44,BA.2.24:15;BA.2:7;BA.5.3.1:1;BA.2.12.1:3;BA.2.37:1;BA.5.1.22:1;BA.5.2:4;BE.1.4:2;BA.5.1:2;BA.5.2.1:1;BQ.1.1.5:1;BQ.1.2:1;BA.2.9:3;BA.5.1.2:1;BA.2.65:1
1012026,BA.2_0.04_abundance_0.05,G10447A;T10548A,ORF1a:R3394R;ORF1a:M3428K,30,427,0.0702576112412178,1,AY.108:1
1012026,BA.2_0.04_abundance_0.05,G10447A;T10548A;C10718A,ORF1a:R3394R;ORF1a:M3428K;ORF1a:R3485R,25,303,0.0825082508250825,0,
1012026,BA.2_0.04_abundance_0.05,T11049C;A11126T,ORF1a:V3595A;ORF1a:M3621L,20,1715,0.0116618075801749,0,
1012026,BA.2_0.04_abundance_0.05,T11056A;A11126T,ORF1a:S3597R;ORF1a:M3621L,110,1715,0.0641399416909621,0,
1012026,BA.2_0.04_abundance_0.05,A11126T;T11253C,ORF1a:M3621L;ORF1a:I3663T,24,1584,0.0151515151515151,0,
1012026,BA.2_0.04_abundance_0.05,A12829G;C12880T,ORF1a:L4188L;ORF1a:I4205I,94,2136,0.0440074906367041,123,BA.2:44;BA.5.2.1:9;BA.2.5:2;BA.5.1:18;BA.2.38:17;BA.5.2:15;BE.1:3;BA.2.38.2:1;XBB.2:2;CQ.2:1;CK.1:1;BA.2.9:1;BA.2.12.1:2;BA.4.1:1;BA.5.1.23:1;XBB.3:2;BF.5:1;BS.1.1:1;BA.4.6:1
1012026,BA.2_0.04_abundance_0.05,A12829G;C12880T;C12933A,ORF1a:L4188L;ORF1a:I4205I;ORF1a:P4223H,59,2136,0.0276217228464419,0,
1012026,BA.2_0.04_abundance_0.05,C12880T;C12933A,ORF1a:I4205I;ORF1a:P4223H,877,2137,0.4103883949461862,89,BA.2.9:80;BF.5:4;BA.5.2:1;BA.2.3:1;BA.5.2.27:1;BL.1:1;BA.2:1
1012026,BA.2_0.04_abundance_0.05,C14029T;G14209C,ORF1b:R188*;ORF1b:V248L,62,2555,0.02426614481409,0,
1012026,BA.2_0.04_abundance_0.05,C14029T;T14042A,ORF1b:R188*;ORF1b:I192N,45,2730,0.0164835164835164,0,
1012026,BA.2_0.04_abundance_0.05,C14029T;T14042A;G14209C,ORF1b:R188*;ORF1b:I192N;ORF1b:V248L,28,2555,0.010958904109589,0,
1012026,BA.2_0.04_abundance_0.05,T14042A;G14209C,ORF1b:I192N;ORF1b:V248L,291,2555,0.1138943248532289,0,
1012026,BA.2_0.04_abundance_0.05,A14315G;C14408T,ORF1b:Q283R;ORF1b:P314L,381,1438,0.2649513212795549,5,B.1.1.7:2;B.1.177.45:1;AY.122:1;BA.1.1.1:1
1012026,BA.2_0.04_abundance_0.05,C15277T;A15367G,ORF1b:H604Y;ORF1b:T634A,15,1235,0.0121457489878542,0,
1012026,BA.2_0.04_abundance_0.05,G15535C;C15714T,ORF1b:A690P;ORF1b:L749L,131,3873,0.0338239091143816,1,BA.5.2.1:1
1012026,BA.2_0.04_abundance_0.05,C15933A;C16058T,ORF1b:Y822*;ORF1b:P864L,13,925,0.014054054054054,0,
1012026,BA.2_0.04_abundance_0.05,G16325T;G16381C,ORF1b:C953F;ORF1b:V972L,9,508,0.0177165354330708,0,
1012026,BA.2_0.04_abundance_0.05,C17410T;T17723G,ORF1b:R1315C;ORF1b:V1419G,5,84,0.0595238095238095,0,
1012026,BA.2_0.04_abundance_0.05,C17410T;A17715C,ORF1b:R1315C;ORF1b:I1416I,13,195,0.0666666666666666,21,BA.2:20;BA.5.2.26:1
1012026,BA.2_0.04_abundance_0.05,A17715C;T17924A,ORF1b:I1416I;ORF1b:V1486D,12,776,0.0154639175257731,0,
1012026,BA.2_0.04_abundance_0.05,T17723G;T17924A,ORF1b:V1419G;ORF1b:V1486D,24,930,0.0258064516129032,0,
1012026,BA.2_0.04_abundance_0.05,T20570G;C20703A;C20710G,ORF1b:V2368G;ORF1b:Y2412*;ORF1b:Q2415E,32,108,0.2962962962962963,0,
1012026,BA.2_0.04_abundance_0.05,T20570G;C20703A,ORF1b:V2368G;ORF1b:Y2412*,7,108,0.0648148148148148,0,
1012026,BA.2_0.04_abundance_0.05,T20570G;C20710G,ORF1b:V2368G;ORF1b:Q2415E,13,108,0.1203703703703703,0,
1012026,BA.2_0.04_abundance_0.05,C20703A;C20710G,ORF1b:Y2412*;ORF1b:Q2415E,29,108,0.2685185185185185,0,
1012026,BA.2_0.04_abundance_0.05,A20960T;A21089T,ORF1b:N2498I;ORF1b:D2541V,7,123,0.056910569105691,0,
1012026,BA.2_0.04_abundance_0.05,C21292T;A21400C,ORF1b:L2609F;ORF1b:S2645R,7,28,0.25,0,
1012026,BA.2_0.04_abundance_0.05,G22578A;C22674T;T22679C;T22683G;C22686T;A22688G;G22813T,S:G339D;S:S371F;S:S373P;S:F374C;S:S375F;S:T376A;S:K417N,213,319,0.6677115987460815,0,
1012026,BA.2_0.04_abundance_0.05,G22578A;C22674T;T22679C;T22683G;C22686T;A22688G,S:G339D;S:S371F;S:S373P;S:F374C;S:S375F;S:T376A,10,336,0.0297619047619047,0,
1012026,BA.2_0.04_abundance_0.05,T23584C;T23599G;C23604A,S:Y674Y;S:N679K;S:P681H,52,71,0.7323943661971831,845,BA.5.2.27:1;BF.7:1;BA.5.1:27;BA.5.2.28:2;BA.5.2.1:52;BA.2:212;BA.4.4:26;BA.2.9:24;BA.2.3:11;BE.1.1.2:1;BF.8:5;BA.2.3.11:5;BE.1.1:39;BA.2.3.20:1;BA.1:10;BE.1.4:1;BA.1.1:137;BA.2.6:1;BA.2.5:2;BA.1.17.2:5;BA.4:3;BA.2.38:2;BA.5.6:3;BA.5.5:4;BA.1.1.18:2;BA.1.1.15:3;BQ.1.1:7;BA.4.6.1:3;BA.5.1.23:25;BF.5:83;BA.4.1:1;BQ.1.1.1:6;XBB.2:1;BA.2.18:1;BA.5.2:21;BA.1.15:15;BF.1:1;BA.2.75:9;BA.2.75.5:1;BE.1:1;BA.5.2.6:1;BA.5.3.1:1;BA.5.2.31:12;XAZ:3;BN.1.4:4;BA.2.10:13;BA.2.36:2;BA.2.3.13:1;BF.17:2;BA.5.2.20:1;BA.2.12.1:9;BA.2.47:3;BA.1.1.2:2;XBB.1.1:4;BA.2.3.2:1;CM.2:9;BA.2.3.16:2;BA.1.14.1:1;BA.2.56:2;BA.5.1.30:3;BA.5.1.25:1;BT.1:1;BQ.1.3:1;BE.1.1.1:1;BF.7.4.1:1;BF.7.1:1;BA.2.3.1:1;BQ.1.1.18:1;BA.2.37:1;BQ.1.2:1;BA.1.18:2;BA.2.2:1;BA.1.1.1:1
1012026,BA.2_0.04_abundance_0.05,C23854A;T23943C;G23948T,S:N764K;S:I794T;S:D796Y,42,333,0.1261261261261261,189,BQ.1.1:31;BA.1.1:105;BA.2:9;BA.1:1;BA.5:1;BQ.1:3;BA.5.2:2;BA.1.21:2;BQ.1.17:3;BA.5.2.1:6;BA.2.12.1:3;BA.5.1:3;BF.22:1;BA.2.34:1;BE.1.1:1;BA.2.10:1;BA.1.17:1;BA.5.2.27:3;BE.2:1;BA.2.62:1;BF.10:1;BA.1.1.6:2;BE.1.2:1;BE.1:1;BA.2.23:1;BA.1.15:1;BA.4:1;BA.1.1.16:1;BA.5.2.20:1
1012026,BA.2_0.04_abundance_0.05,T24226C;A24424T,S:F888F;S:Q954H,243,413,0.5883777239709443,220,BA.2.3:9;BA.1.1:21;BA.5.2.9:1;BA.5.1:4;BA.2:21;BA.2.75:6;BA.2.10.1:14;BA.5.6:5;BA.2.12.1:17;BQ.1.2:18;BA.1.1.1:1;BE.1:4;BA.4.6:4;BA.2.10:30;BA.2.54:1;BA.1.1.14:4;BA.4.1:1;BA.5.1.1:5;BA.5.2:3;BA.5:1;BA.1.15:1;BA.1.20:2;BE.3:1;BQ.1.1.18:1;BA.5.2.1:1;BF.7:2;BF.7.5.1:1;BF.2:1;BA.1:9;BA.2.20:1;BA.5.3.1:1;BA.1.17.2:2;XBB.1:4;BA.2.9:4;BA.4:3;BA.5.5:1;BA.5.2.6:1;BA.5.1.22:1;BA.1.1.2:1;BF.5:2;BQ.1.1.3:1;BA.4.4:3;AY.126:1;BF.10:3;BA.2.23:2
1012026,BA.2_0.04_abundance_0.05,T24846C;C25000T,S:F1095S;S:D1146D,158,1896,0.0833333333333333,2,BA.2:2
1012026,BA.2_0.04_abundance_0.05,A25420C;C25584T,ORF3a:I10L;ORF3a:T64T,399,3186,0.1252354048964218,4,BA.1.15:2;BA.5.1:1;BA.1.17.2:1
1012026,BA.2_0.04_abundance_0.05,A25420C;C25584T;G25593A,ORF3a:I10L;ORF3a:T64T;ORF3a:K67K,64,3185,0.0200941915227629,0,
1012026,BA.2_0.04_abundance_0.05,A25420C;A25450G;C25584T,ORF3a:I10L;ORF3a:I20V;ORF3a:T64T,246,3186,0.0772128060263653,0,
1012026,BA.2_0.04_abundance_0.05,A25420C;A25450G;C25584T;G25593A,ORF3a:I10L;ORF3a:I20V;ORF3a:T64T;ORF3a:K67K,47,3185,0.014756671899529,0,
1012026,BA.2_0.04_abundance_0.05,A25450G;C25584T;G25593A,ORF3a:I20V;ORF3a:T64T;ORF3a:K67K,118,3187,0.0370254157514904,0,
1012026,BA.2_0.04_abundance_0.05,C25584T;G25593A,ORF3a:T64T;ORF3a:K67K,220,3187,0.0690304361468465,376,BA.5.2.1:61;BA.2.21:1;BF.7:2;BA.5.6:2;BA.1.15:5;BA.1.1:10;BA.2:25;BA.2.75:9;BA.2.23:1;BA.2.3:145;BF.5:1;BQ.1.1.23:58;BQ.1.3:1;BD.1:4;BE.2:2;BA.1.1.8:1;BE.1:2;CN.1:2;BA.2.12.1:3;BA.2.2:3;BA.5.1.5:3;BA.5.2:6;BA.5.1:1;BA.1:2;BE.1.1:2;BA.4.6:4;BF.11:1;BA.2.3.1:1;BA.2.10:1;BQ.1.1.13:2;BQ.1.18:1;BA.4:2;BA.2.1:1;BA.4.1:4;BA.2.9:2;BQ.1.1:2;XBB.1:1;BA.2.3.8:1;BA.2.75.2:1
1012026,BA.2_0.04_abundance_0.05,A26096C;C26270T,ORF3a:K235T;E:T9I,10,330,0.0303030303030303,9,AY.4:3;BA.1:1;BA.1.1:3;BA.1.1.18:1;BA.2:1
1012026,BA.2_0.04_abundance_0.05,C26577G;T26685A;G26709A;C26858T,M:Q19E;M:W55R;M:A63T;M:F112F,31,1709,0.0181392627267407,3,BA.4.1:1;BA.2.12.1:1;BA.2:1
1012026,BA.2_0.04_abundance_0.05,A27259C;G27382C;A27383T;T27384C;A27488G,ORF6:R20R;ORF6:D61H;ORF6:D61V;ORF6:D61D;ORF7a:K32R,148,1091,0.1356553620531622,66,BA.2:21;BG.5:30;BA.2.12.1:7;BA.2.9:2;BA.2.3:3;BA.2.75:2;BA.2.22:1
1012026,BA.2_0.04_abundance_0.05,A29439G;A29510C,N:Q389R;N:S413R,28,1101,0.0254314259763851,18,BA.4.6:2;BA.2:6;BA.2.9:3;BF.5:3;BA.5.1:1;BF.27:1;BF.11.2:1;BE.1:1
1012026,BA.2_0.04_abundance_0.05,C29502G;A29510C,N:S410C;N:S413R,110,1101,0.0999091734786557,2,BA.4.1:1;BA.2.36:1
1082026,BA.2_0.04_abundance_0.05,A382G;T670G,ORF1a:L39L;ORF1a:S135R,42,3483,0.012058570198105,387,BQ.1.1:2;BA.5.2.1:6;BA.2.75:14;BA.2:179;BA.4.6:63;BA.5.2:29;BA.2.3:15;BA.5.5:9;BA.2.12.1:6;BA.2.56:1;BA.5.1.22:1;XBB.2:1;BE.1:1;BQ.1.1.3:1;BA.2.66:1;BV.1:2;BA.2.9:6;BA.5.1:16;BA.5.1.27:2;BA.5.2.27:2;BA.5.3.2:2;BE.1.1:8;BA.2.10:5;BA.5.1.23:6;BK.1:1;BA.2.65:2;BA.5.2.20:1;BF.26:1;BA.2.31:1;BE.1.2.1:1;BA.5.2.9:1;BA.2.1:1
1082026,BA.2_0.04_abundance_0.05,T432A;T670G,ORF1a:V56D;ORF1a:S135R,748,3484,0.2146957520091848,15,BA.5.1.2:1;BF.7:1;BA.2.12.1:1;BA.5.1.25:1;BA.5.1:3;BF.34:1;BA.2.36:1;BA.5.1.10:1;BA.2:3;BA.5.2:1;BF.8:1
1082026,BA.2_0.04_abundance_0.05,T432A;T528A;T670G,ORF1a:V56D;ORF1a:L88Q;ORF1a:S135R,79,3484,0.0226750861079219,0,
1082026,BA.2_0.04_abundance_0.05,T432A;C583A;T670G,ORF1a:V56D;ORF1a:V106V;ORF1a:S135R,207,3483,0.0594315245478036,0,
1082026,BA.2_0.04_abundance_0.05,T528A;T670G,ORF1a:L88Q;ORF1a:S135R,158,3486,0.0453241537578886,28,BA.5.6:6;BA.4.2:1;BF.7:1;BA.2:5;BG.5:1;BA.2.3:1;BQ.1.1.19:1;BA.2.75:1;BA.2.9:2;BA.5.2.1:3;BA.5.1:1;BF.28:1;BE.1.1:1;BA.2.12.1:1;BA.5.1.23:1;BA.4.1:1
1082026,BA.2_0.04_abundance_0.05,T528A;C583A;T670G,ORF1a:L88Q;ORF1a:V106V;ORF1a:S135R,47,3485,0.0134863701578192,0,
1082026,BA.2_0.04_abundance_0.05,C583A;T670G,ORF1a:V106V;ORF1a:S135R,486,3485,0.139454806312769,77,BA.2:20;BA.5.2.1:10;XBB.1.5:1;BA.5.1:1;BA.5:20;BA.2.9:14;BA.5.2:6;BA.4.2:1;BA.2.75:1;BF.10:1;BF.7:1;BA.4.6.5:1
1082026,BA.2_0.04_abundance_0.05,T670G;T877G,ORF1a:S135R;ORF1a:L204L,5,169,0.029585798816568,63,BA.2.12.1:4;BA.2:9;BA.2.3.13:14;BA.4.1:5;BA.5.2.16:1;BA.5.2:18;BE.1.1:3;BA.2.9:1;BF.5:1;BE.3:2;BA.2.36:4;BA.5.2.19:1
1082026,BA.2_0.04_abundance_0.05,T1705G;A1839C,ORF1a:F480L;ORF1a:E525A,27,1389,0.019438444924406,1,B.1.221:1
1082026,BA.2_0.04_abundance_0.05,G2030T;C2146A,ORF1a:D589Y;ORF1a:V627V,13,125,0.104,0,
1082026,BA.2_0.04_abundance_0.05,A2929T;C3037T,ORF1a:E888D;ORF1a:F924F,320,1546,0.2069857697283312,45,BA.5.2.5:1;P.1:2;B.1.243:1;BA.2.3:13;BA.2:5;BA.5.2.1:4;BA.5.2.20:1;AY.122:2;B.1.1.7:1;BA.5.2:5;BA.1:1;BF.5:1;AY.119:1;BF.24:1;BA.2.32:1;BA.2.18:1;AY.100:1;B.1.1.214:1;AY.39:1;BE.1.1:1
1082026,BA.2_0.04_abundance_0.05,A3269G;T3488A,ORF1a:I1002V;ORF1a:L1075I,17,520,0.0326923076923076,0,
1082026,BA.2_0.04_abundance_0.05,A3840G;C4039A,ORF1a:E1192G;ORF1a:D1258E,134,567,0.2363315696649029,0,
1082026,BA.2_0.04_abundance_0.05,A3840G;A3853C;C4039A,ORF1a:E1192G;ORF1a:E1196D;ORF1a:D1258E,137,567,0.2416225749559082,0,
1082026,BA.2_0.04_abundance_0.05,A3840G;A3853C,ORF1a:E1192G;ORF1a:E1196D,68,604,0.1125827814569536,0,
1082026,BA.2_0.04_abundance_0.05,A3853C;C4039A,ORF1a:E1196D;ORF1a:D1258E,66,567,0.1164021164021164,0,
1082026,BA.2_0.04_abundance_0.05,A6704C;C6781A,ORF1a:N2147H;ORF1a:F2172L,18,268,0.0671641791044776,0,
1082026,BA.2_0.04_abundance_0.05,A7914T;C7945G,ORF1a:E2550V;ORF1a:Y2560*,12,373,0.032171581769437,0,
1082026,BA.2_0.04_abundance_0.05,A7986C;A8098T,ORF1a:Q2574P;ORF1a:T2611T,11,1052,0.0104562737642585,0,
1082026,BA.2_0.04_abundance_0.05,A7986C;T8053G,ORF1a:Q2574P;ORF1a:N2596K,26,1052,0.0247148288973384,0,
1082026,BA.2_0.04_abundance_0.05,T8053G;A8098T,ORF1a:N2596K;ORF1a:T2611T,14,1068,0.0131086142322097,0,
1082026,BA.2_0.04_abundance_0.05,C9534T;T9657A,ORF1a:T3090I;ORF1a:M3131K,118,938,0.1257995735607676,2,BA.5.1.4:1;BA.2:1
1082026,BA.2_0.04_abundance_0.05,G10447A;C10449A;T10653C,ORF1a:R3394R;ORF1a:P3395H;ORF1a:I3463T,538,665,0.8090225563909774,0,
1082026,BA.2_0.04_abundance_0.05,T10816A;A10938T,ORF1a:S3517S;ORF1a:D3558V,59,495,0.1191919191919192,0,
1082026,BA.2_0.04_abundance_0.05,T11959C;G12221C,ORF1a:I3898I;ORF1a:V3986L,10,726,0.0137741046831955,0,
1082026,BA.2_0.04_abundance_0.05,T13250A;T13345C,ORF1a:Y4329N;ORF1a:P4360P,38,2046,0.0185728250244379,0,
1082026,BA.2_0.04_abundance_0.05,T13345C;T13352C,ORF1a:P4360P;ORF1a:F4363L,41,1865,0.0219839142091152,1,B.1.1.7:1
1082026,BA.2_0.04_abundance_0.05,G13397T;C13452T,ORF1a:G4378C;ORF1a:A4396V,26,415,0.0626506024096385,0,
1082026,BA.2_0.04_abundance_0.05,C14408T;A14545C,ORF1b:P314L;ORF1b:K360Q,511,883,0.578708946772367,3,AY.44:1;B.1.177:1;B.1.1.222:1
1082026,BA.2_0.04_abundance_0.05,C14724T;C14845A,ORF1b:F419F;ORF1b:L460I,13,319,0.0407523510971786,0,
1082026,BA.2_0.04_abundance_0.05,T15650C;C15714T,ORF1b:V728A;ORF1b:L749L,1046,3959,0.2642081333670119,151,BQ.1.1:37;BA.2:54;BA.2.3.1:1;BA.2.9:18;BA.5.2.20:5;BQ.1.1.22:31;BA.5.2.26:1;BA.4.6:1;BA.2.13:1;BQ.1.18:1;BA.5.2.1:1
1082026,BA.2_0.04_abundance_0.05,A16895C;A17101T,ORF1b:N1143T;ORF1b:S1212C,26,851,0.0305522914218566,0,
1082026,BA.2_0.04_abundance_0.05,A17101T;C17410T,ORF1b:S1212C;ORF1b:R1315C,67,793,0.0844892812105926,0,
1082026,BA.2_0.04_abundance_0.05,A17121C;C17410T,ORF1b:L1218L;ORF1b:R1315C,51,2224,0.0229316546762589,74,BA.5.2.20:2;BA.5.1.22:66;BA.2.7:4;AY.43:2
1082026,BA.2_0.04_abundance_0.05,A21720T;G21987A,S:D53V;S:G142D,134,1242,0.107890499194847,1,BA.5:1
1082026,BA.2_0.04_abundance_0.05,A22046C;T22200G,S:S162R;S:V213G,82,518,0.1583011583011583,0,
1082026,BA.2_0.04_abundance_0.05,G22578A;C22674T;T22679C;C22686T;A22688G;G22734T;G22775A;G22813T,S:G339D;S:S371F;S:S373P;S:S375F;S:T376A;S:C391F;S:D405N;S:K417N,17,300,0.0566666666666666,0,
1082026,BA.2_0.04_abundance_0.05,C23893A;G23948T,S:N777K;S:D796Y,15,257,0.0583657587548638,2,BA.1:1;BA.2:1
1082026,BA.2_0.04_abundance_0.05,C23893A;G23948T;C24082A,S:N777K;S:D796Y;S:C840*,10,235,0.0425531914893617,0,
1082026,BA.2_0.04_abundance_0.05,G23948T;C24082A,S:D796Y;S:C840*,113,235,0.4808510638297872,1,BA.1:1
1082026,BA.2_0.04_abundance_0.05,T24153A;A24424T,S:L864*;S:Q954H,16,787,0.0203303684879288,0,
1082026,BA.2_0.04_abundance_0.05,C25413G;C25584T,ORF3a:I7M;ORF3a:T64T,43,1149,0.0374238468233246,62,BA.2:28;BA.4.1:23;BA.5.1.5:3;BA.5.2.1:1;BA.5.5:1;BA.2.9:1;BQ.1.1:1;BA.1.1.1:1;BA.1.1:2;BA.2.33:1
1082026,BA.2_0.04_abundance_0.05,C25413G;C25516T;C25584T,ORF3a:I7M;ORF3a:P42S;ORF3a:T64T,62,1149,0.0539599651871192,0,
1082026,BA.2_0.04_abundance_0.05,C25413G;C25516T;A25531C;C25584T,ORF3a:I7M;ORF3a:P42S;ORF3a:I47L;ORF3a:T64T,26,1149,0.0226283724978241,0,
1082026,BA.2_0.04_abundance_0.05,C25413G;A25531C;C25584T,ORF3a:I7M;ORF3a:I47L;ORF3a:T64T,30,1149,0.0261096605744125,0,
1082026,BA.2_0.04_abundance_0.05,C25516T;A25531C;C25584T,ORF3a:P42S;ORF3a:I47L;ORF3a:T64T,206,1150,0.1791304347826087,0,
1082026,BA.2_0.04_abundance_0.05,A25531C;C25584T,ORF3a:I47L;ORF3a:T64T,185,1150,0.1608695652173913,6,BA.2.3:1;BA.1.15.1:1;BA.2.9:1;BA.2:2;BA.1.17.2:1
1082026,BA.2_0.04_abundance_0.05,T26007C;A26137G;C26270T,ORF3a:S205S;ORF3a:I249V;E:T9I,6,94,0.0638297872340425,0,
1082026,BA.2_0.04_abundance_0.05,T26087G;A26137G;C26270T,ORF3a:I232S;ORF3a:I249V;E:T9I,38,95,0.4,0,
1082026,BA.2_0.04_abundance_0.05,T26087G;A26137G,ORF3a:I232S;ORF3a:I249V,23,149,0.1543624161073825,0,
1082026,BA.2_0.04_abundance_0.05,T26087G;C26270T,ORF3a:I232S;E:T9I,16,95,0.1684210526315789,1,BA.1.17:1
1082026,BA.2_0.04_abundance_0.05,A26137G;C26270T,ORF3a:I249V;E:T9I,21,95,0.2210526315789473,2,BA.2:2
1082026,BA.2_0.04_abundance_0.05,C26270T;C26343G,E:T9I;E:I33M,108,980,0.110204081632653,1,BA.2.10:1
1082026,BA.2_0.04_abundance_0.05,C26270T;A26523G,E:T9I;M:MX,131,913,0.1434830230010952,4,BA.2:2;BA.1.1:1;BA.1.15:1
1082026,BA.2_0.04_abundance_0.05,C26270T;G26539A,E:T9I;M:G6D,37,833,0.0444177671068427,29,BA.1.15:2;BA.2.12.1:1;BA.5:1;BA.2.40.1:1;BA.2:5;BA.2.9:1;BA.1.1:3;BA.2.3.15:1;BF.5:1;BA.1.14:1;BF.26:1;BA.1.15.1:1;BA.1:3;BA.1.1.1:2;BA.1.1.13:1;BA.5.1.1:1;BA.1.1.2:1;BA.1.20:1;BA.4.6:1
1082026,BA.2_0.04_abundance_0.05,C26270T;C26343G;A26523G,E:T9I;E:I33M;M:MX,19,913,0.0208105147864184,0,
1082026,BA.2_0.04_abundance_0.05,C26270T;C26343G;G26539A,E:T9I;E:I33M;M:G6D,11,833,0.0132052821128451,0,
1082026,BA.2_0.04_abundance_0.05,C26577G;G26709A;T26808C;C26858T,M:Q19E;M:A63T;M:F96L;M:F112F,298,3187,0.0935048635080012,0,
1082026,BA.2_0.04_abundance_0.05,T27384C;A27433T,ORF6:D61D;ORF7a:T14S,17,298,0.0570469798657718,4,BA.2:3;BA.2.56:1
1082026,BA.2_0.04_abundance_0.05,T28199A;A28274G;C28311T,ORF8:C102*;N:MX;N:P13L,56,1088,0.0514705882352941,0,
1082026,BA.2_0.04_abundance_0.05,T28199A;A28274G;G28276A;C28311T,ORF8:C102*;N:MX;N:MX;N:P13L,24,1088,0.0220588235294117,0,
1082026,BA.2_0.04_abundance_0.05,T28199A;C28311T,ORF8:C102*;N:P13L,79,1088,0.072610294117647,3,BA.1.1:1;BA.5.1:1;BA.1.20:1
1082026,BA.2_0.04_abundance_0.05,T28199A;G28276A;C28311T,ORF8:C102*;N:MX;N:P13L,38,1088,0.0349264705882352,0,
1082026,BA.2_0.04_abundance_0.05,A28274G;C28311T,N:MX;N:P13L,279,1089,0.256198347107438,1,BA.1.1:1
1082026,BA.2_0.04_abundance_0.05,A28274G;G28276A;C28311T,N:MX;N:MX;N:P13L,100,1089,0.0918273645546372,0,
1082026,BA.2_0.04_abundance_0.05,G28276A;C28311T,N:MX;N:P13L,122,1089,0.1120293847566574,4,BA.1.1:4
1082026,BA.2_0.04_abundance_0.05,C28686T;A28707G,N:A138V;N:H145R,135,1926,0.0700934579439252,0,
1082026,BA.2_0.04_abundance_0.05,A28707G;G28881A;G28882A;G28883C,N:H145R;N:R203K;N:R203R;N:G204R,7,22,0.3181818181818182,42,BA.5.6:6;BA.1.1:13;BF.7:2;BA.1:3;BA.2:4;BA.1.17.2:1;BA.5.5:1;BA.1.15:2;BF.26:1;BA.2.1:2;BA.5.2:1;BA.5.2.1:1;BA.2.9:2;BA.2.12.1:1;BF.5:1;BQ.1.1:1
1082026,BA.2_0.04_abundance_0.05,G29384C;A29510C,N:D371H;N:S413R,14,274,0.0510948905109489,11,BF.5:1;BA.5.2:7;BE.1.1:1;BE.3:1;BA.2.11:1
1082026,BA.2_0.04_abundance_0.05,G29384C;T29418G;A29510C,N:D371H;N:L382*;N:S413R,12,274,0.0437956204379562,0,
1082026,BA.2_0.04_abundance_0.05,T29418G;A29510C,N:L382*;N:S413R,94,274,0.3430656934306569,0,
1082026,BA.2_0.04_abundance_0.05,T29418G;A29510C;A29634G,N:L382*;N:S413R;ORF10:Y26C,5,239,0.0209205020920502,0,
1082026,BA.2_0.04_abundance_0.05,A29510C;A29634G,N:S413R;ORF10:Y26C,9,239,0.0376569037656903,97,BA.5.2.1:32;BA.2:25;BA.5.1:2;BA.5.1.2:5;BA.2.1:15;BA.4.6:7;BA.2.72:1;BA.4:3;BA.2.3.1:1;BA.2.6:1;BE.1.1:3;BA.5.2:1;BA.2.12.1:1
1152026,BA.2_0.04_abundance_0.05,T1144C;G1266C,ORF1a:L293L;ORF1a:G334A,30,2272,0.0132042253521126,0,
1152026,BA.2_0.04_abundance_0.05,A2303G;A2543T,ORF1a:K680E;ORF1a:T760S,10,340,0.0294117647058823,0,
1152026,BA.2_0.04_abundance_0.05,A2543T;C2790T,ORF1a:T760S;ORF1a:T842I,65,767,0.0847457627118644,1,BA.2.73:1
1152026,BA.2_0.04_abundance_0.05,C3272A;A3417T,ORF1a:Q1003K;ORF1a:K1051M,10,396,0.0252525252525252,0,
1152026,BA.2_0.04_abundance_0.05,C6213A;T6343G,ORF1a:A1983D;ORF1a:D2026E,14,51,0.2745098039215686,0,
1152026,BA.2_0.04_abundance_0.05,A7806G;C7948G,ORF1a:E2514G;ORF1a:Y2561*,65,1594,0.0407779171894604,0,
1152026,BA.2_0.04_abundance_0.05,G8353A;A8564T,ORF1a:A2696A;ORF1a:N2767Y,12,430,0.027906976744186,0,
1152026,BA.2_0.04_abundance_0.05,G8353A;G8371A,ORF1a:A2696A;ORF1a:Q2702Q,10,463,0.0215982721382289,1,B.1.1.7:1
1152026,BA.2_0.04_abundance_0.05,C9344T;A9424G;G9463A;C9534T,ORF1a:L3027F;ORF1a:V3053V;ORF1a:R3066R;ORF1a:T3090I,31,270,0.1148148148148148,120,BA.5.1.2:1;BA.2:20;BA.4.1.1:1;BF.5:8;BA.2.9:20;BA.5.2:31;BA.2.12.1:1;BF.18:1;BA.2.3:3;BA.5.2.1:3;BE.1.4.4:1;BA.5.6:16;CH.1.1:2;BQ.1.12:1;BA.2.3.16:3;BA.5.1.3:1;BA.4.6:1;BA.5.1:2;BE.1:2;BE.1.1:1;BA.5.1.10:1
1152026,BA.2_0.04_abundance_0.05,G11426C;A11438G,ORF1a:V3721L;ORF1a:N3725D,5,269,0.0185873605947955,0,
1152026,BA.2_0.04_abundance_0.05,C12880T;T12950C,ORF1a:I4205I;ORF1a:Y4229H,174,1218,0.1428571428571428,2,BA.2:1;BA.5.9:1
1152026,BA.2_0.04_abundance_0.05,C13274A;G13334T,ORF1a:P4337T;ORF1a:A4357S,11,743,0.0148048452220726,0,
1152026,BA.2_0.04_abundance_0.05,G17405A;C17410T,ORF1b:R1313K;ORF1b:R1315C,1068,3796,0.2813487881981033,18,BA.5.2.1:8;BA.2.9:1;BF.5:4;BA.2:2;BA.2.3:1;B.1.2:1;BA.2.12.1:1
1152026,BA.2_0.04_abundance_0.05,C17410T;G17683C,ORF1b:R1315C;ORF1b:D1406H,57,282,0.202127659574468,0,
1152026,BA.2_0.04_abundance_0.05,C17410T;A17466C,ORF1b:R1315C;ORF1b:T1333T,18,297,0.0606060606060606,1,BA.2:1
1152026,BA.2_0.04_abundance_0.05,C17410T;T17454C,ORF1b:R1315C;ORF1b:P1329P,11,297,0.037037037037037,186,BA.2:121;BA.2.75:1;BA.5.2.1:5;BA.2.12.1:13;BA.2.9:4;BA.2.54:5;BA.2.7:2;BA.2.3.13:1;BA.5.1.1:1;XAZ:1;BA.5.1:4;BA.5.2.28:1;BA.5.1.18:1;BA.5.1.21:2;BA.2.38:2;BA.5.5:1;BA.5.2.27:1;BE.3:1;BA.5.2.12:3;BA.4.6:1;BF.27:1;BA.4:3;BA.5.1.3:1;BA.5.2.20:1;BA.2.3:2;BF.7:1;BQ.1:1;BA.4.1:2;BE.1:1;BF.5:1;BA.5.2:1
1152026,BA.2_0.04_abundance_0.05,A17466C;G17683C,ORF1b:T1333T;ORF1b:D1406H,35,2052,0.0170565302144249,0,
1152026,BA.2_0.04_abundance_0.05,C18097A;A18163G,ORF1b:P1544T;ORF1b:I1566V,27,1062,0.0254237288135593,0,
1152026,BA.2_0.04_abundance_0.05,C18097A;G18106T;A18163G,ORF1b:P1544T;ORF1b:A1547S;ORF1b:I1566V,20,1062,0.0188323917137476,0,
1152026,BA.2_0.04_abundance_0.05,G18515C;A18529G,ORF1b:W1683S;ORF1b:I1688V,310,1063,0.2916274694261524,0,
1152026,BA.2_0.04_abundance_0.05,C20906T;T21104A,ORF1b:A2480V;ORF1b:F2546Y,16,379,0.0422163588390501,0,
1152026,BA.2_0.04_abundance_0.05,T21000G;T21104A,ORF1b:D2511E;ORF1b:F2546Y,7,379,0.0184696569920844,0,
1152026,BA.2_0.04_abundance_0.05,T21703A;G21987A,S:V47V;S:G142D,93,998,0.0931863727454909,3,AY.4.3:1;AY.6:1;BA.2:1
1152026,BA.2_0.04_abundance_0.05,G21901T;G21987A,S:K113N;S:G142D,38,1003,0.0378863409770687,67,BA.2:32;AY.4:3;BA.2.9:10;AY.26:2;AY.113:2;BA.2.47:1;AY.25.1:2;AY.33:1;BA.5.2.22:1;AY.43:1;AY.94:1;AY.4.4:1;AY.3:1;AY.44:1;BA.2.3:4;AY.25:2;BA.2.1:1;BA.2.23:1
1152026,BA.2_0.04_abundance_0.05,G22028T;T22200G,S:E156*;S:V213G,1005,1318,0.7625189681335357,0,
1152026,BA.2_0.04_abundance_0.05,G22028T;A22055T;T22200G,S:E156*;S:N165Y;S:V213G,52,1318,0.0394537177541729,0,
1152026,BA.2_0.04_abundance_0.05,G22578A;C22674T;T22679C;C22686T;A22688G;A22701G;A22786C;G22813T,S:G339D;S:S371F;S:S373P;S:S375F;S:T376A;S:Y380C;S:R408S;S:K417N,51,539,0.0946196660482374,4,BA.2:3;BA.2.3:1
1152026,BA.2_0.04_abundance_0.05,G22578A;G22580A;C22674T;T22679C;C22686T;A22688G;A22701G;A22786C;G22813T,S:G339D;S:E340K;S:S371F;S:S373P;S:S375F;S:T376A;S:Y380C;S:R408S;S:K417N,11,539,0.0204081632653061,0,
1152026,BA.2_0.04_abundance_0.05,A23261G;A23403G,S:R567G;S:D614G,758,2658,0.2851768246802106,2,B.1.617.2:1;AY.4.2:1
1152026,BA.2_0.04_abundance_0.05,A23261G;C23360A;A23403G,S:R567G;S:P600T;S:D614G,358,2658,0.1346877351392024,0,
1152026,BA.2_0.04_abundance_0.05,A23261G;C23360A,S:R567G;S:P600T,35,2839,0.012328284607256,0,
1152026,BA.2_0.04_abundance_0.05,C23360A;A23403G,S:P600T;S:D614G,487,2660,0.1830827067669173,5,AY.100:1;BA.2:1;P.1.10:1;AY.42:1;P.1:1
1152026,BA.2_0.04_abundance_0.05,G23508C;T23599G;C23604A,S:C649S;S:N679K;S:P681H,29,124,0.2338709677419354,0,
1152026,BA.2_0.04_abundance_0.05,G23508C;T23599G;C23604A;G23653T,S:C649S;S:N679K;S:P681H;S:M697I,9,124,0.0725806451612903,0,
1152026,BA.2_0.04_abundance_0.05,T23599G;C23604A;G23653T,S:N679K;S:P681H;S:M697I,27,124,0.2177419354838709,44,BQ.1.1:1;BQ.1:1;BA.1:1;BA.5.1:10;BF.10:1;BA.5.2.16:2;BA.5:1;BA.5.2:7;BA.5.2.1:9;BA.1.1:2;BA.2.12.1:1;BF.5:1;BA.2.3:1;BA.2.9:1;BA.1.15.1:1;BA.2:2;BA.1.1.1:1;BA.4.1:1
1152026,BA.2_0.04_abundance_0.05,G23948T;T23978C,S:D796Y;S:L806L,23,173,0.1329479768786127,223,BA.2.22:30;BA.1.1:23;BH.1:1;BN.1.5:1;BA.2:23;BA.5.1.22:34;BA.2.9:7;BA.5.5:27;BA.2.42:3;BA.1:2;BA.2.12.1:1;BA.2.48:2;BA.5.2.38:1;BA.5.2:25;BA.5.1.25:5;BA.1.1.1:1;BA.2.75:2;BA.5.2.28:1;BF.21:1;BF.14:1;BA.5:6;BA.5.2.1:17;BA.2.3:1;BA.5.2.9:1;BF.27:1;BF.7:4;XBB.3:1;BA.5.1:1
1152026,BA.2_0.04_abundance_0.05,C24237A;A24424T,S:A892D;S:Q954H,54,435,0.1241379310344827,0,
1152026,BA.2_0.04_abundance_0.05,A24300T;A24424T,S:Q913L;S:Q954H,6,435,0.0137931034482758,4,BA.5.2.1:2;BA.1.1:1;BA.5.1:1
1152026,BA.2_0.04_abundance_0.05,G24840A;C25000T,S:G1093D;S:D1146D,55,1948,0.0282340862422997,1,BA.2:1
1152026,BA.2_0.04_abundance_0.05,G25507T;C25584T,ORF3a:A39S;ORF3a:T64T,71,1150,0.0617391304347826,293,BA.5.2.33:1;BA.1.15:2;BA.5.1:8;BA.1.1.18:3;BA.2:64;BA.1.1:12;BA.4.6:2;BA.4.1.1:3;BA.2.3:5;DJ.1.1:5;BA.2.12.1:10;BA.5.2:27;BQ.1.1:2;BA.1.1.2:3;BA.1.1.14:49;BA.4.1:39;BA.1.1.1:2;BA.2.9:5;BA.4.4:6;BA.2.78:3;BA.5.2.6:1;BA.1.17.2:9;BA.5.2.1:6;BA.2.12:1;BA.2.75:2;BA.2.10:3;BA.2.73:1;XBB:1;BF.10:2;BA.1:2;BA.2.31:2;BA.2.38:1;BA.5:2;BF.28:4;BA.2.40.1:1;BA.4:1;BA.5.2.20:1;BF.7:1;BE.1.1.1:1
1152026,BA.2_0.04_abundance_0.05,C25584T;T25612G,ORF3a:T64T;ORF3a:S74A,77,1126,0.0683836589698046,266,BA.5.2.20:2;BA.5.6:2;BA.2:208;BF.5:1;BE.3:3;BA.2.65:22;BA.1.1.18:1;BA.5.2:8;BA.1.19:1;BA.2.3:1;BF.7:1;BA.1.15:2;BA.4.4:1;BA.1.17.2:3;BA.1.1:1;BA.1.17:1;BA.5.1:1;BA.5.2.13:1;BA.2.9:1;BA.2.1:1;BA.2.36:1;BA.5.2.1:2;BF.10:1
1152026,BA.2_0.04_abundance_0.05,T27875C;T27995C,ORF7b:T40T;ORF8:D34D,309,3088,0.1000647668393782,1,B.1.1.7:1
1152026,BA.2_0.04_abundance_0.05,T27875C;T28071G,ORF7b:T40T;ORF8:L60V,33,2876,0.0114742698191933,3,B.1.1:1;B.1:1;B.1.1.419:1
1152026,BA.2_0.04_abundance_0.05,T28224C;C28311T,ORF8:Y111H;N:P13L,67,1589,0.0421648835745752,140,BA.1.1.2:3;BA.1.1:6;BA.1.15:2;BA.5.6:36;BA.2:19;BA.2.9:6;BA.5.2.22:1;BA.2.10:3;BE.1:2;BA.5.2.7:4;BA.5.2.21:1;BA.5.2:27;BA.1:1;BA.1.16.1:1;BQ.1.1.5:1;BA.1.17.2:3;BA.2.75:1;BA.4.6:4;BQ.1:1;BA.2.38.1:1;BA.5.1.23:2;BF.27:1;BQ.1.5:5;BQ.1.1:1;BA.2.24:1;BA.5.1:2;BA.2.65:2;BA.5.2.9:1;BA.2.3:1;BA.1.1.18:1
1152026,BA.2_0.04_abundance_0.05,C28311T;C28434T,N:P13L;N:T54I,7,95,0.0736842105263157,1,BA.1:1
1222026,BA.2_0.04_abundance_0.05,G640T;T670G,ORF1a:K125N;ORF1a:S135R,1593,3148,0.5060355781448539,131,BA.5.2.1:3;BA.2:75;BA.5:2;BA.2.12.1:5;BA.5.1.1:12;BA.2.8:2;BA.5.2:2;BA.2.10:2;BA.4.1.4:1;BA.5.1.24:3;BA.2.9:2;BA.5.1:8;BF.16:2;BE.1.1:2;BA.5.2.20:1;BA.5.1.23:3;BQ.1.1.10:1;BA.2.76:1;BA.5.2.21:1;BF.11.3:1;BA.2.36:1;BA.5.1.30:1
1222026,BA.2_0.04_abundance_0.05,T670G;G890T,ORF1a:S135R;ORF1a:G209C,59,261,0.2260536398467433,23,BA.2.6:6;BF.5:2;XBB:6;BA.4:1;BA.2:3;BF.7:1;BA.2.75:4
1222026,BA.2_0.04_abundance_0.05,T670G;A969T,ORF1a:S135R;ORF1a:E235V,14,253,0.0553359683794466,25,BA.2.1:3;BA.2:21;BA.2.37:1
1222026,BA.2_0.04_abundance_0.05,T670G;G890T;A969T,ORF1a:S135R;ORF1a:G209C;ORF1a:E235V,8,253,0.0316205533596837,0,
1222026,BA.2_0.04_abundance_0.05,G890T;A969T,ORF1a:G209C;ORF1a:E235V,38,2505,0.0151696606786427,0,
1222026,BA.2_0.04_abundance_0.05,A2656C;C2790T,ORF1a:E797D;ORF1a:T842I,9,92,0.0978260869565217,60,BA.5.2.1:2;BA.2.3:1;BA.2:53;BA.4.6:1;BA.2.31:1;BA.5.2:1;BA.5.1.23:1
1222026,BA.2_0.04_abundance_0.05,C2790T;A2825C,ORF1a:T842I;ORF1a:N854H,10,93,0.1075268817204301,1,B.1.1.7:1
1222026,BA.2_0.04_abundance_0.05,A3504G;C3650A,ORF1a:N1080S;ORF1a:Q1129K,21,151,0.1390728476821192,0,
1222026,BA.2_0.04_abundance_0.05,C6541A;T6661G,ORF1a:H2092Q;ORF1a:S2132R,714,1140,0.6263157894736842,0,
1222026,BA.2_0.04_abundance_0.05,C6541A;C6548A;T6661G,ORF1a:H2092Q;ORF1a:L2095I;ORF1a:S2132R,61,1140,0.0535087719298245,0,
1222026,BA.2_0.04_abundance_0.05,C6541A;C6548A,ORF1a:H2092Q;ORF1a:L2095I,19,1140,0.0166666666666666,0,
1222026,BA.2_0.04_abundance_0.05,G8021T;G8265T,ORF1a:V2586F;ORF1a:G2667V,18,898,0.0200445434298441,0,
1222026,BA.2_0.04_abundance_0.05,A8254C;G8265T,ORF1a:I2663I;ORF1a:G2667V,55,900,0.0611111111111111,0,
1222026,BA.2_0.04_abundance_0.05,T9070A;T9132G,ORF1a:D2935E;ORF1a:L2956R,286,698,0.4097421203438395,0,
1222026,BA.2_0.04_abundance_0.05,C9319T;C9344T;A9424G;C9534T,ORF1a:F3018F;ORF1a:L3027F;ORF1a:V3053V;ORF1a:T3090I,561,1347,0.4164810690423162,2233,BA.5.2.1:116;BA.2.12.1:82;BA.2.3:31;BF.7:30;CF.1:1;BA.5:29;BA.5.1:109;BA.2.10:14;BA.2.3.1:11;BA.2.1:207;BA.2:666;BA.5.1.12:3;BA.2.9:139;BA.2.7:2;BF.28:65;BA.2.61:4;BA.5.1.3:6;BQ.1.1:44;BA.2.26:1;BE.1.1:37;BA.5.1.23:9;BA.5.2:188;BA.2.18:61;BE.1:1;BA.2.48:1;CH.1.1:4;BA.5.2.27:1;BA.5.1.2:1;BE.1.1.1:3;BA.5.2.21:11;BA.4:22;BA.2.3.20:1;BF.5:39;BA.5.1.6:5;BA.2.75:12;BQ.1.1.24:1;BN.2:1;BA.2.75.4:1;BA.5.3.5:2;BA.4.1:48;BQ.1:16;BA.5.1.15:1;BA.2.65:5;BF.7.5:3;BA.5.5.1:7;BA.5.1.24:1;BA.5.5:29;BA.5.2.6:1;BA.4.6.4:2;BA.5.1.17:3;BA.2.9.5:4;BA.2.3.13:1;BF.31:1;BA.2.3.11:2;BE.1.4:3;BA.5.2.2:2;BA.4.6:14;BQ.1.1.5:4;BA.2.13:4;BA.2.24:3;BF.7.4:5;BE.1.1.2:2;BA.5.2.23:4;BF.26:4;BA.5.1.30:1;BA.5.1.1:1;BA.2.37:1;BA.5.1.22:5;BA.5.2.22:2;BA.5.1.25:2;BA.2.29:4;DL.1:1;BA.2.36:4;BA.5.2.19:1;BA.5.5.2:1;XBB.1:7;BF.11:1;BQ.1.10:2;BE.1.2:8;BA.2.12:1;BA.2.38:3;BA.4.4:1;BA.5.6:4;BA.5.2.13:12;BA.5.2.12:1;BQ.1.1.22:2;BA.5.2.3:2;CM.2:3;BU.2:1;BF.10:3;BA.4.2:1;BM.1.1:1;BA.2.56:1;BA.2.17:4;BA.2.76:2;BA.2.9.3:1;BA.5.2.20:1;BA.2.3.9:1;BA.2.47:1;BQ.1.15:1;BA.5.2.34:1;BA.2.74:2;BF.8:1;BF.27:2;BA.4.1.8:1;BA.2.75.2:2;BA.5.2.18:1;BA.5.2.9:2;BQ.1.1.7:1;BE.1.2.1:1;BA.5.3.1:1
1222026,BA.2_0.04_abundance_0.05,C9319T;C9344T;A9424G;A9484C;C9534T,ORF1a:F3018F;ORF1a:L3027F;ORF1a:V3053V;ORF1a:E3073D;ORF1a:T3090I,62,1347,0.0460282108389012,0,
1222026,BA.2_0.04_abundance_0.05,C9319T;C9344T;A9424G,ORF1a:F3018F;ORF1a:L3027F;ORF1a:V3053V,125,1608,0.0777363184079601,2252,BA.5.2.1:117;BA.2.3:32;BA.2.12.1:82;BF.7:31;CF.1:1;BA.5:29;BA.5.1:110;BA.2.10:14;BA.2.3.1:11;BA.2.1:207;BA.2:671;BA.5.1.12:3;BA.2.9:139;BA.2.7:2;BF.28:66;BA.2.61:4;BA.5.1.3:6;BQ.1.1:45;BA.2.26:1;BE.1.1:37;BA.5.1.23:10;BA.5.2:192;BA.2.18:62;BE.1:1;BA.2.48:1;CH.1.1:4;BA.5.2.27:1;BA.5.1.2:1;BE.1.1.1:3;BA.5.2.21:11;BA.4:23;BA.2.3.20:1;BF.5:39;BA.5.1.6:5;BA.2.75:12;BQ.1.1.24:1;BN.2:1;BA.2.75.4:1;BA.5.3.5:2;BA.4.1:48;BQ.1:16;BA.5.1.15:1;BA.2.65:5;BF.7.5:3;BA.5.5.1:7;BA.5.1.24:1;BA.5.5:30;BA.5.2.6:1;BA.4.6.4:2;BA.5.1.17:3;BA.2.9.5:4;BA.2.3.13:1;BF.31:1;BA.2.3.11:2;BE.1.4:3;BA.5.2.2:2;BA.4.6:14;BQ.1.1.5:4;BA.2.13:4;BA.2.24:3;BF.7.4:5;BE.1.1.2:2;BA.5.2.23:4;BF.26:4;BA.5.1.30:1;BA.5.1.1:1;BA.2.37:1;BA.5.1.22:5;BA.5.2.22:2;BA.5.1.25:2;BA.2.29:4;DL.1:1;BA.2.36:4;BA.5.2.19:1;BA.5.5.2:1;XBB.1:7;BF.11:1;BQ.1.10:2;BE.1.2:8;BA.2.12:1;BA.2.38:3;BA.4.4:1;BA.5.6:4;BA.5.2.13:12;BA.5.2.12:1;BQ.1.1.22:2;BA.5.2.3:2;CM.2:3;BU.2:1;BF.10:3;BA.4.2:1;BM.1.1:1;BA.2.56:1;BA.2.17:4;BA.2.76:2;BA.2.9.3:1;BA.5.2.20:1;BA.2.3.9:1;BA.2.47:1;BQ.1.15:1;BA.5.2.34:1;BA.2.74:2;BF.8:1;BF.27:2;BA.4.1.8:1;BA.2.75.2:2;BA.5.2.18:1;BA.5.2.9:2;BQ.1.1.7:1;BE.1.2.1:1;BA.5.3.1:1
1222026,BA.2_0.04_abundance_0.05,C9344T;A9424G;A9484C;C9534T,ORF1a:L3027F;ORF1a:V3053V;ORF1a:E3073D;ORF1a:T3090I,92,1347,0.0682999257609502,21,BA.2.12.1:1;BA.2:13;BA.2.3:1;BA.4.1:2;BA.5.2.1:1;BA.2.3.14:1;BA.2.38:1;BA.2.10:1
1222026,BA.2_0.04_abundance_0.05,C9534T;T9757C,ORF1a:T3090I;ORF1a:R3164R,1032,1869,0.5521669341894061,176,BA.5:2;BA.2.8:1;BA.2:30;BA.2.38.1:1;BA.5.2.6:45;BQ.1:1;BA.2.24:33;BA.2.3:4;BA.2.9:18;BA.5.2:8;BA.2.10:2;BA.4.1:16;BA.5.2.1:4;BA.2.9.5:1;BQ.1.1.4:1;BA.5.1.10:1;BQ.1.3:1;BA.2.75:4;BA.2.44:1;BA.2.78:1;CK.2.1.1:1
1222026,BA.2_0.04_abundance_0.05,C9534T;T9578G,ORF1a:T3090I;ORF1a:Y3105D,131,1985,0.0659949622166246,0,
1222026,BA.2_0.04_abundance_0.05,C9534T;T9578G;T9757C,ORF1a:T3090I;ORF1a:Y3105D;ORF1a:R3164R,251,1869,0.1342964151952916,0,
1222026,BA.2_0.04_abundance_0.05,A11493C;T11538G,ORF1a:N3743T;ORF1a:I3758S,548,1161,0.4720068906115418,0,
1222026,BA.2_0.04_abundance_0.05,T12826G;C12880T;A12882G,ORF1a:D4187E;ORF1a:I4205I;ORF1a:Y4206C,309,2280,0.1355263157894737,0,
1222026,BA.2_0.04_abundance_0.05,T12826G;C12880T,ORF1a:D4187E;ORF1a:I4205I,90,2280,0.0394736842105263,165,BA.2.9:2;AY.4:53;BA.2:107;B.1.617.2:3
1222026,BA.2_0.04_abundance_0.05,C12880T;A12882G,ORF1a:I4205I;ORF1a:Y4206C,1455,2280,0.6381578947368421,5,BA.2.12.1:3;BA.2.75:1;BF.5:1
1222026,BA.2_0.04_abundance_0.05,A14304C;C14408T,ORF1b:K279N;ORF1b:P314L,62,462,0.1341991341991342,33,B.1.544:1;AY.103:8;BA.5.2:1;BA.5.2.1:3;BA.5.1:3;BA.1.1.18:5;AY.120.1:1;BA.1.1:1;AY.47:1;AY.43:1;P.1:1;AY.42:1;AY.101:1;BE.1.1:1;BA.5.3.1:2;AY.3:1;BA.2.23:1
1222026,BA.2_0.04_abundance_0.05,A15196T;C15396T;T15510A,ORF1b:T577S;ORF1b:F643F;ORF1b:A681A,6,166,0.036144578313253,0,
1222026,BA.2_0.04_abundance_0.05,A15196T;C15396T,ORF1b:T577S;ORF1b:F643F,8,198,0.0404040404040404,0,
1222026,BA.2_0.04_abundance_0.05,A15196T;T15510A,ORF1b:T577S;ORF1b:A681A,5,166,0.0301204819277108,0,
1222026,BA.2_0.04_abundance_0.05,C15396T;T15510A,ORF1b:F643F;ORF1b:A681A,369,2291,0.1610650371017023,0,
1222026,BA.2_0.04_abundance_0.05,T15510A;C15714T,ORF1b:A681A;ORF1b:L749L,50,295,0.1694915254237288,2,BA.5:1;BA.2:1
1222026,BA.2_0.04_abundance_0.05,T15510A;G15571C;C15714T,ORF1b:A681A;ORF1b:D702H;ORF1b:L749L,5,295,0.0169491525423728,0,
1222026,BA.2_0.04_abundance_0.05,T15510A;G15617T;C15714T,ORF1b:A681A;ORF1b:R717I;ORF1b:L749L,32,295,0.1084745762711864,0,
1222026,BA.2_0.04_abundance_0.05,G15571C;G15617T;C15714T,ORF1b:D702H;ORF1b:R717I;ORF1b:L749L,36,2490,0.0144578313253012,0,
1222026,BA.2_0.04_abundance_0.05,G15571C;C15714T,ORF1b:D702H;ORF1b:L749L,101,2490,0.0405622489959839,0,
1222026,BA.2_0.04_abundance_0.05,G15617T;C15714T,ORF1b:R717I;ORF1b:L749L,639,2490,0.2566265060240963,4,BA.5.1:1;BA.2:2;BA.2.75.2:1
1222026,BA.2_0.04_abundance_0.05,C17127A;C17410T,ORF1b:L1220L;ORF1b:R1315C,68,2851,0.0238512802525429,54,BA.2:27;BA.2.76:1;BA.2.36:1;BA.2.75:2;BA.5.1.1:1;BA.5.2.1:4;BA.5.1:6;BA.5.5:2;BA.4.6:3;BA.2.3:1;BA.2.3.17:1;BA.2.12.1:1;BA.5.1.6:1;BA.2.56:1;BQ.1.1.15:1;BQ.1.1:1
1222026,BA.2_0.04_abundance_0.05,C17127A;G17371T;C17410T,ORF1b:L1220L;ORF1b:A1302S;ORF1b:R1315C,161,2851,0.056471413539109,0,
1222026,BA.2_0.04_abundance_0.05,C17127A;G17371T,ORF1b:L1220L;ORF1b:A1302S,108,4299,0.0251221214235868,0,
1222026,BA.2_0.04_abundance_0.05,A17146C;G17371T;C17410T,ORF1b:I1227L;ORF1b:A1302S;ORF1b:R1315C,195,2851,0.0683970536653805,0,
1222026,BA.2_0.04_abundance_0.05,A17146C;C17410T,ORF1b:I1227L;ORF1b:R1315C,75,2851,0.0263065591020694,7,BA.5.2.1:3;BQ.1.1:3;BA.5.2:1
1222026,BA.2_0.04_abundance_0.05,A17146C;G17371T,ORF1b:I1227L;ORF1b:A1302S,105,4300,0.0244186046511627,0,
1222026,BA.2_0.04_abundance_0.05,G17371T;C17410T,ORF1b:A1302S;ORF1b:R1315C,1631,2855,0.5712784588441331,57,BA.5.2.1:8;BA.2.3:2;BF.7:16;BA.2:14;BA.5.1.22:1;BA.2.3.11:1;BQ.1.14:1;BA.2.9:1;BE.1.1:2;BE.3:2;BA.5.5:2;BA.5.1.12:1;BA.5.1.3:1;BA.5.6.1:1;BA.5.2:2;BA.5.2.9:1;BA.5.1.6:1
1222026,BA.2_0.04_abundance_0.05,C17410T;T17582C,ORF1b:R1315C;ORF1b:V1372A,56,707,0.0792079207920792,3,BA.5.1:1;BA.2:2
1222026,BA.2_0.04_abundance_0.05,A18163G;A18273T,ORF1b:I1566V;ORF1b:E1602D,315,576,0.546875,5,BA.2.12.1:1;BA.2:1;BA.1.15:1;BA.1:1;BA.1.18:1
1222026,BA.2_0.04_abundance_0.05,T22142G;T22200G,S:F194V;S:V213G,175,4113,0.0425480184779965,1,BA.2.10:1
1222026,BA.2_0.04_abundance_0.05,G23349A;A23403G,S:S596N;S:D614G,61,2689,0.022685013015991,72,AY.4.2.1:2;AY.122:4;BA.5.1.22:1;BA.4.2:1;B.1.2:5;BA.1.18:1;BA.2.75:4;AY.69:1;B.1.206:1;BA.5.1:3;P.1.14:1;C.36.3:1;AY.44:7;B.1.1.7:6;BQ.1.1.5:2;P.1:4;AY.4:4;AY.9.2:5;AY.25.1:1;AY.43:7;AY.127:1;BA.5.2:1;B.1.617.2:1;P.4:1;AY.4.7:1;AY.103:1;B.1.582:1;BA.5.2.1:1;BF.7.13.2:1;BA.2.9:1;BA.1.1:1
1222026,BA.2_0.04_abundance_0.05,G23349A;C23388A;A23403G,S:S596N;S:A609D;S:D614G,32,2689,0.0119003346969133,0,
1222026,BA.2_0.04_abundance_0.05,T23355A;C23388A;A23403G,S:I598K;S:A609D;S:D614G,123,2689,0.0457419114912606,0,
1222026,BA.2_0.04_abundance_0.05,T23355A;A23403G,S:I598K;S:D614G,233,2689,0.0866493120119003,0,
1222026,BA.2_0.04_abundance_0.05,C23388A;A23403G,S:A609D;S:D614G,775,2689,0.2882112309408702,0,
1222026,BA.2_0.04_abundance_0.05,C23506A;T23599G;C23604A,S:G648G;S:N679K;S:P681H,6,49,0.1224489795918367,84,BA.2.75:8;BA.1.1.2:7;BA.1.18:23;BA.2.18:1;BA.1.1:23;BA.2.31.1:1;BQ.1.1.10:1;BA.1:1;BA.5.1:1;BA.2:3;BE.1:1;BA.5.2:2;BA.1.15:3;BA.2.9:3;BA.5.2.1:1;BA.2.40.1:2;BA.4.1:1;BQ.1.8:1;BA.2.12.1:1
1222026,BA.2_0.04_abundance_0.05,T23599G;C23604A;T23617C,S:N679K;S:P681H;S:R685R,8,49,0.1632653061224489,23,BA.2.9:1;BA.2.10:1;BA.5.2:1;BA.5.2.1:1;BA.1.1:2;BF.10:2;BA.1:1;CM.2:5;BA.2.8:5;BA.2:2;BA.5.1.2:1;BA.2.12.1:1
1222026,BA.2_0.04_abundance_0.05,C24150A;A24424T,S:P863H;S:Q954H,133,427,0.3114754098360656,1,BA.5.2:1
1222026,BA.2_0.04_abundance_0.05,G24800T;C25000T,S:A1080S;S:D1146D,83,845,0.0982248520710059,30,BA.1.1:3;BA.5.5:8;BF.14:2;BA.5.2:2;BA.2:3;BA.5:1;BA.1.1.1:1;BA.5.1:1;BE.3:4;BF.4:1;XAZ:1;BA.5.2.1:2;BA.4:1
1222026,BA.2_0.04_abundance_0.05,T25345A;C25584T,S:S1261S;ORF3a:T64T,24,632,0.0379746835443038,200,BA.1.1:10;BA.2:11;BA.2.3:66;BA.5.5:19;BF.5:17;BA.5.2.9:1;BA.1:10;BA.2.9:3;BA.5.2:19;BA.5.1:25;BA.4.1:2;BA.5.1.6:3;BA.5.2.1:1;BA.5.1.21:1;BA.1.15:1;BQ.1.1.8:1;BA.1.17.2:1;BA.2.10:1;BA.2.12.1:3;BA.5.2.24:1;BA.1.1.2:2;BA.1.14.1:2
1222026,BA.2_0.04_abundance_0.05,G25523C;C25584T,ORF3a:G44A;ORF3a:T64T,24,632,0.0379746835443038,21,BA.1.20:2;BA.1.15:1;BA.1:1;BA.5.1.17:12;BA.2:1;BA.5:1;BE.1.1:1;BQ.1:1;BA.1.1:1
1222026,BA.2_0.04_abundance_0.05,T26159G;C26270T,ORF3a:V256G;E:T9I,31,155,0.2,1,BA.1:1
1222026,BA.2_0.04_abundance_0.05,C26577G;T26665G;G26709A;C26858T,M:Q19E;M:I48R;M:A63T;M:F112F,255,2775,0.0918918918918919,2,BA.2:1;BA.2.38:1
1222026,BA.2_0.04_abundance_0.05,C26577G;T26665G;G26709A,M:Q19E;M:I48R;M:A63T,34,3166,0.0107391029690461,2,BA.2:1;BA.2.38:1
1222026,BA.2_0.04_abundance_0.05,C26858T;A26993G,M:F112F;M:G157G,7,52,0.1346153846153846,14,BA.2:4;CM.8:1;BA.2.1:5;BA.2.3:1;BA.4.6:3
1222026,BA.2_0.04_abundance_0.05,A27259C;G27382C;A27383T;T27384C;T27435C,ORF6:R20R;ORF6:D61H;ORF6:D61V;ORF6:D61D;ORF7a:T14T,84,2184,0.0384615384615384,38,BL.2:1;BA.2.12.1:2;BA.2:15;BA.2.3.12:1;BA.2.3:7;BA.2.75:5;BA.4.1:3;BA.4:1;BA.4.1.8:1;BA.2.9:1;BA.2.17:1
1222026,BA.2_0.04_abundance_0.05,G29032C;C29250A,N:E253D;N:P326H,18,917,0.0196292257360959,0,
1222026,BA.2_0.04_abundance_0.05,A29388T;A29510C,N:K372I;N:S413R,16,33,0.4848484848484848,6,BA.4.1:4;BA.4.1.1:1;BA.5.2.1:1
1292026,BA.2_0.04_abundance_0.05,C589A;T670G,ORF1a:V108V;ORF1a:S135R,589,1352,0.4356508875739645,29,BA.4.1:1;BA.2:13;BA.2.82:1;BA.2.9:2;BQ.1.1:2;BA.2.1:1;BA.2.75:4;BA.2.43:1;BA.2.12.1:1;BA.5.2.1:2;BA.2.36:1
1292026,BA.2_0.04_abundance_0.05,T670G;T953G,ORF1a:S135R;ORF1a:C230G,81,234,0.3461538461538461,23,BA.5.2.1:3;BA.4.6:12;BA.4.1:3;BQ.1.1.18:2;BA.5.1:1;BA.2.75:1;BA.5.5:1
1292026,BA.2_0.04_abundance_0.05,T670G;G801T;T953G,ORF1a:S135R;ORF1a:G179V;ORF1a:C230G,7,234,0.0299145299145299,0,
1292026,BA.2_0.04_abundance_0.05,T670G;T907A,ORF1a:S135R;ORF1a:T214T,10,235,0.0425531914893617,10,BA.2.9:1;BA.2:5;BA.5.2:3;BA.5.2.12:1
1292026,BA.2_0.04_abundance_0.05,T670G;G801T,ORF1a:S135R;ORF1a:G179V,5,252,0.0198412698412698,6,BA.5.2.1:1;BA.5.1:1;BN.1.1:1;BA.5:1;BA.2:2
1292026,BA.2_0.04_abundance_0.05,T670G;T907A;T953G,ORF1a:S135R;ORF1a:T214T;ORF1a:C230G,7,234,0.0299145299145299,0,
1292026,BA.2_0.04_abundance_0.05,G801T;T953G,ORF1a:G179V;ORF1a:C230G,31,2217,0.0139828597203428,0,
1292026,BA.2_0.04_abundance_0.05,T907A;T953G,ORF1a:T214T;ORF1a:C230G,47,2217,0.0211998195760036,0,
1292026,BA.2_0.04_abundance_0.05,C2399G;G2477A,ORF1a:H712D;ORF1a:E738K,57,323,0.1764705882352941,1,BA.2:1
1292026,BA.2_0.04_abundance_0.05,A3941C;A4034G,ORF1a:K1226Q;ORF1a:I1257V,30,983,0.0305188199389623,0,
1292026,BA.2_0.04_abundance_0.05,G8790A;T8827A,ORF1a:G2842D;ORF1a:I2854I,31,746,0.0415549597855227,0,
1292026,BA.2_0.04_abundance_0.05,A12490G;C12525G,ORF1a:P4075P;ORF1a:T4087R,149,1288,0.1156832298136645,0,
1292026,BA.2_0.04_abundance_0.05,C12880T;C12952G,ORF1a:I4205I;ORF1a:Y4229*,1474,3043,0.4843904042063753,0,
1292026,BA.2_0.04_abundance_0.05,C12880T;T12993C,ORF1a:I4205I;ORF1a:L4243P,44,2827,0.0155642023346303,0,
1292026,BA.2_0.04_abundance_0.05,C12880T;C12952G;T12993C,ORF1a:I4205I;ORF1a:Y4229*;ORF1a:L4243P,31,2827,0.0109656880084895,0,
1292026,BA.2_0.04_abundance_0.05,C14408T;G14461A,ORF1b:P314L;ORF1b:V332I,142,582,0.2439862542955326,931,BQ.1.14:4;BA.2.75:2;B.1.258:2;AY.26:18;AY.4.4:1;AY.4:797;AY.122.6:36;CH.1.1:1;AY.25:9;B.1.588:1;AY.3:11;B.1.177:1;BA.1.1.2:2;AY.44:5;AY.59:1;AY.103:2;AY.43.8:1;AY.98:1;AY.33:1;AY.117:1;AY.9.2:4;AY.47:1;AY.43:5;B.1.466.2:1;B.1.459:1;B.1.1:1;AY.4.2:3;BF.7.6:1;AY.122:4;B.1.621:1;B.1.160:1;AY.39:2;BA.1:1;AY.29:1;B.1.617.2:2;B.1.1.216:1;AY.25.1:1;AY.20:1;B.1.2:1;AY.39.1:1
1292026,BA.2_0.04_abundance_0.05,G15586T;C15714T,ORF1b:A707S;ORF1b:L749L,20,1172,0.0170648464163822,12,BN.1.3:1;BQ.1:1;BA.5.1.27:1;BN.1.3.1:2;BA.5.2:1;BA.2.41:1;BA.5.1:2;BA.2.75:2;BA.2.12.1:1
1292026,BA.2_0.04_abundance_0.05,C15714T;T15813C,ORF1b:L749L;ORF1b:N782N,265,1082,0.2449168207024029,280,BA.5.1:55;BA.2:58;BA.2.9:4;BQ.1.23:1;BA.2.12.1:5;BA.5.2:8;BA.2.18:22;BA.5.2.21:23;BA.4.6:6;BA.5.5:4;BA.5.2.1:2;XBB.1:4;BA.2.56:1;BE.1.1:2;BQ.1.1.4:77;BQ.1:1;BQ.1.1:1;BA.4.4:1;BA.5:1;BA.2.65:1;BA.5.2.6:2;BF.5:1
1292026,BA.2_0.04_abundance_0.05,T15909A;A15977C,ORF1b:G814G;ORF1b:D837A,36,1207,0.0298260149130074,0,
1292026,BA.2_0.04_abundance_0.05,T15918A;A15977C,ORF1b:Y817*;ORF1b:D837A,19,1207,0.0157415078707539,0,
1292026,BA.2_0.04_abundance_0.05,C17410T;T17652G,ORF1b:R1315C;ORF1b:F1395L,6,157,0.0382165605095541,0,
1292026,BA.2_0.04_abundance_0.05,A18161G;A18163G,ORF1b:D1565G;ORF1b:I1566V,69,681,0.1013215859030837,20,BA.1.1:8;BA.1:4;BA.2:5;BA.2.38.2:2;BA.2.5:1
1292026,BA.2_0.04_abundance_0.05,T19034C;A19068T,ORF1b:I1856T;ORF1b:Q1867H,30,776,0.0386597938144329,0,
1292026,BA.2_0.04_abundance_0.05,C20441G;T20517A,ORF1b:T2325R;ORF1b:L2350L,14,125,0.112,0,
1292026,BA.2_0.04_abundance_0.05,T20517A;G20758A,ORF1b:L2350L;ORF1b:A2431T,28,1890,0.0148148148148148,0,
1292026,BA.2_0.04_abundance_0.05,T20517A;G20773A,ORF1b:L2350L;ORF1b:G2436S,20,1890,0.0105820105820105,0,
1292026,BA.2_0.04_abundance_0.05,A20884C;T21038A,ORF1b:K2473Q;ORF1b:I2524N,6,491,0.0122199592668024,0,
1292026,BA.2_0.04_abundance_0.05,T21038A;A21069G,ORF1b:I2524N;ORF1b:K2534K,35,492,0.0711382113821138,0,
1292026,BA.2_0.04_abundance_0.05,C22674T;T22679C;C22686T;A22688G;G22734A;G22775A,S:S371F;S:S373P;S:S375F;S:T376A;S:C391Y;S:D405N,18,85,0.2117647058823529,0,
1292026,BA.2_0.04_abundance_0.05,G23383C;A23403G,S:Q607H;S:D614G,32,1286,0.0248833592534992,37,AY.121:1;AY.47:22;AZ.5:2;B.1.258:1;B.1.1.404:1;B.1.36:1;P.1:4;B.1.1.7:1;AY.4:1;AY.14:1;AY.26:1;BA.5.2.12:1
1292026,BA.2_0.04_abundance_0.05,A25358C;C25584T,S:K1266Q;ORF3a:T64T,92,2042,0.0450538687561214,10,BA.2:4;BA.1.1.2:1;BA.1:1;BA.2.12.1:1;BQ.1.1.13:1;BA.5.2:1;BA.5:1
1292026,BA.2_0.04_abundance_0.05,A25984T;C26270T,ORF3a:K198*;E:T9I,7,137,0.0510948905109489,0,
1292026,BA.2_0.04_abundance_0.05,A26141C;C26270T,ORF3a:D250A;E:T9I,13,137,0.0948905109489051,0,
1292026,BA.2_0.04_abundance_0.05,C26270T;T26345A,E:T9I;E:L34H,65,507,0.1282051282051282,0,
1292026,BA.2_0.04_abundance_0.05,A27237T;A27259C;G27382C;A27383T;T27384C,ORF6:A12A;ORF6:R20R;ORF6:D61H;ORF6:D61V;ORF6:D61D,69,2504,0.0275559105431309,4,BA.2.7:1;XBB.1:1;BA.2:2
1292026,BA.2_0.04_abundance_0.05,A27237T;T27248C;A27259C;G27382C;A27383T;T27384C,ORF6:A12A;ORF6:L16P;ORF6:R20R;ORF6:D61H;ORF6:D61V;ORF6:D61D,42,2504,0.0167731629392971,0,
1292026,BA.2_0.04_abundance_0.05,T27248C;A27259C;G27382C;A27383T;T27384C,ORF6:L16P;ORF6:R20R;ORF6:D61H;ORF6:D61V;ORF6:D61D,883,2504,0.3526357827476038,5,BA.2:2;BA.4:2;BA.2.9:1
1292026,BA.2_0.04_abundance_0.05,T27248C;A27259C,ORF6:L16P;ORF6:R20R,68,2668,0.025487256371814,7,BA.2:2;BA.4:2;BA.1.17.2:1;BA.2.9:1;BA.1.15:1
1292026,BA.2_0.04_abundance_0.05,T27248C;A27259C;G27382C;A27383T;T27384C;T27464G,ORF6:L16P;ORF6:R20R;ORF6:D61H;ORF6:D61V;ORF6:D61D;ORF7a:V24G,97,2489,0.038971474487746,0,
1292026,BA.2_0.04_abundance_0.05,A27259C;G27382C;A27383T;T27384C;T27464G,ORF6:R20R;ORF6:D61H;ORF6:D61V;ORF6:D61D;ORF7a:V24G,119,2489,0.0478103656086781,4,BA.2:1;BA.2.12.1:2;BA.2.7:1
1292026,BA.2_0.04_abundance_0.05,T27829C;G28083C,ORF7b:L25P;ORF8:E64Q,516,1425,0.3621052631578947,0,
1292026,BA.2_0.04_abundance_0.05,T28234G;C28311T,ORF8:V114G;N:P13L,77,1352,0.0569526627218934,11,BA.1.1:4;BA.4.1:1;BF.7.6:2;BA.2:2;BF.7:1;BA.5.1.22:1
1292026,BA.2_0.04_abundance_0.05,T28234G;C28311T;C28335A,ORF8:V114G;N:P13L;N:S21*,37,1253,0.0295291300877893,0,
1292026,BA.2_0.04_abundance_0.05,C28311T;C28335A,N:P13L;N:S21*,413,1253,0.329608938547486,2,BA.1:1;BA.1.15:1
1292026,BA.2_0.04_abundance_0.05,C28311T;G28375C,N:P13L;N:G34G,64,1253,0.0510774142059058,6,BA.1.1.2:4;BA.1.1:2
1292026,BA.2_0.04_abundance_0.05,C28311T;C28335A;G28375C,N:P13L;N:S21*;N:G34G,50,1253,0.0399042298483639,0,
1292026,BA.2_0.04_abundance_0.05,C28311T;T28438A,N:P13L;N:A55A,13,49,0.2653061224489796,26,BA.2:7;BA.1.1:16;BA.5.2:1;BA.1:1;BA.5.1:1
1292026,BA.2_0.04_abundance_0.05,T28438A;T28602C,N:A55A;N:F110S,70,869,0.0805523590333717,0,
1292026,BA.2_0.04_abundance_0.05,T28438A;G28669T,N:A55A;N:W132C,18,806,0.0223325062034739,0,
1292026,BA.2_0.04_abundance_0.05,C29034T;A29168G,N:A254V;N:K299E,39,2889,0.0134994807892004,1,B.1.177:1
1292026,BA.2_0.04_abundance_0.05,C29421G;A29510C,N:P383R;N:S413R,98,613,0.1598694942903752,10,BA.5.2.1:4;BE.1.1:2;BA.2:3;BA.2.75:1
2052026,BA.2_0.04_abundance_0.05,T8103A;G8114C,ORF1a:V2613D;ORF1a:E2617Q,5,377,0.013262599469496,0,
2052026,BA.2_0.04_abundance_0.05,G10447A;C10449A;G10575C,ORF1a:R3394R;ORF1a:P3395H;ORF1a:G3437A,41,891,0.0460157126823793,0,
2052026,BA.2_0.04_abundance_0.05,G10447A;C10449A;A10579G,ORF1a:R3394R;ORF1a:P3395H;ORF1a:T3438T,119,891,0.1335578002244669,170,BF.7:3;BA.2:59;BA.5.2.1:42;BA.4.6:8;BA.5.2:4;BA.2.12.1:2;BA.5.2.18:2;BA.5.2.3:1;BA.2.9:10;BA.5.2.35:1;BA.5.1:4;BA.5.2.13:2;BA.5:6;BA.2.75:10;BA.5.5:9;BA.2.37:1;BA.5.2.37:1;BA.2.10:1;BA.2.51:1;BA.5.2.36:2;BQ.1.1:1
2052026,BA.2_0.04_abundance_0.05,G10447A;C10449A;A10669T,ORF1a:R3394R;ORF1a:P3395H;ORF1a:L3468F,19,817,0.0232558139534883,0,
2052026,BA.2_0.04_abundance_0.05,G10447A;C10449A;T10653C;T10696C,ORF1a:R3394R;ORF1a:P3395H;ORF1a:I3463T;ORF1a:N3477N,16,812,0.0197044334975369,0,
2052026,BA.2_0.04_abundance_0.05,G10447A;C10449A;T10653C,ORF1a:R3394R;ORF1a:P3395H;ORF1a:I3463T,58,817,0.0709914320685434,0,
2052026,BA.2_0.04_abundance_0.05,G10447A;C10449A;A10579G;T10696C,ORF1a:R3394R;ORF1a:P3395H;ORF1a:T3438T;ORF1a:N3477N,43,812,0.0529556650246305,0,
2052026,BA.2_0.04_abundance_0.05,G10447A;C10449A;G10575C;A10579G,ORF1a:R3394R;ORF1a:P3395H;ORF1a:G3437A;ORF1a:T3438T,16,891,0.0179573512906846,0,
2052026,BA.2_0.04_abundance_0.05,G10447A;C10449A;A10579G;T10653C,ORF1a:R3394R;ORF1a:P3395H;ORF1a:T3438T;ORF1a:I3463T,13,817,0.0159118727050183,0,
2052026,BA.2_0.04_abundance_0.05,G10447A;C10449A;G10575C;T10696C,ORF1a:R3394R;ORF1a:P3395H;ORF1a:G3437A;ORF1a:N3477N,10,812,0.0123152709359605,0,
2052026,BA.2_0.04_abundance_0.05,A11157C;T11236C,ORF1a:H3631P;ORF1a:A3657A,18,987,0.0182370820668693,0,
2052026,BA.2_0.04_abundance_0.05,A11157C;T11254C,ORF1a:H3631P;ORF1a:I3663I,16,918,0.0174291938997821,0,
2052026,BA.2_0.04_abundance_0.05,A11386T;T11619A,ORF1a:R3707S;ORF1a:F3785Y,59,1070,0.0551401869158878,0,
2052026,BA.2_0.04_abundance_0.05,T11619A;G11807T,ORF1a:F3785Y;ORF1a:G3848C,32,173,0.1849710982658959,0,
2052026,BA.2_0.04_abundance_0.05,G12812A;C12880T,ORF1a:A4183T;ORF1a:I4205I,42,1673,0.0251046025104602,1,BA.2:1
2052026,BA.2_0.04_abundance_0.05,T14356C;C14408T,ORF1b:C297R;ORF1b:P314L,164,2803,0.0585087406350338,6,B.1.1.7:1;B.1:1;AY.103:1;B:1;AY.39:1;B.1.1:1
2052026,BA.2_0.04_abundance_0.05,T15528C;C15714T,ORF1b:I687I;ORF1b:L749L,897,2807,0.3195582472390452,48,BA.5.2.1:2;BA.2:11;BA.5.1.5:2;BQ.1.23:1;BA.5.2:5;BA.2.10:1;BA.5.1.3:1;CQ.1:12;BA.2.9:2;BA.2.32:1;BF.26:1;BE.1:1;BA.5.1:1;BA.2.3:1;BA.2.1:1;BA.5.2.7:1;BA.4.6:1;BA.5.5:2;BF.5:1
2052026,BA.2_0.04_abundance_0.05,T15528C;C15714T;T15823C,ORF1b:I687I;ORF1b:L749L;ORF1b:S786P,116,2538,0.0457052797478329,0,
2052026,BA.2_0.04_abundance_0.05,T15528C;C15587A;C15714T,ORF1b:I687I;ORF1b:A707D;ORF1b:L749L,34,2807,0.0121125757035981,0,
2052026,BA.2_0.04_abundance_0.05,C15587A;C15714T,ORF1b:A707D;ORF1b:L749L,56,2813,0.0199075719872022,1,BA.5.1.19:1
2052026,BA.2_0.04_abundance_0.05,C15714T;T15823C,ORF1b:L749L;ORF1b:S786P,197,2548,0.0773155416012559,16,BA.2.5:9;BA.5.2.6:1;BA.5.2:1;BA.4.1.9:1;BF.5:1;BQ.1:1;BA.2.12.1:2
2052026,BA.2_0.04_abundance_0.05,A17384C;C17410T,ORF1b:D1306A;ORF1b:R1315C,212,2579,0.0822024040325707,0,
2052026,BA.2_0.04_abundance_0.05,C17410T;A17674G,ORF1b:R1315C;ORF1b:I1403V,30,84,0.3571428571428571,1233,BA.5.2.1:137;BA.5:17;BA.5.1:820;BA.5.1.1:3;BA.2.60:1;BF.10:6;BA.2:37;BA.2.37:1;BA.2.75:11;BA.2.3:3;BA.5.5:22;BQ.1.1:1;BL.2:3;BA.5.1.23:49;BF.12:1;BA.5.1.10:15;BA.2.38:3;CL.1:1;BA.5.2:31;BA.2.9:9;BF.7:8;BF.28:1;BA.2.12.1:11;AY.43:1;BA.4:2;BA.2.10:3;BF.7.4.2:2;XBB.1:3;BA.5.9:3;BA.4.1:4;BF.5:3;BF.11:1;BA.4.4:1;BA.5.1.25:1;BA.5.1.12:4;BA.5.1.6:2;BE.1.3:1;BA.4.6:2;BA.2.5:1;BA.5.3:1;BF.14:1;BN.6:1;BA.5.2.24:1;BA.5.2.20:1;BE.3:1;BF.1:2
2052026,BA.2_0.04_abundance_0.05,A18095C;C18101G;A18163G,ORF1b:H1543P;ORF1b:T1545R;ORF1b:I1566V,247,749,0.3297730307076101,0,
2052026,BA.2_0.04_abundance_0.05,A18095C;A18163G,ORF1b:H1543P;ORF1b:I1566V,22,749,0.0293724966622162,0,
2052026,BA.2_0.04_abundance_0.05,C18101G;A18163G,ORF1b:T1545R;ORF1b:I1566V,451,749,0.6021361815754339,0,
2052026,BA.2_0.04_abundance_0.05,A22179C;T22200G,S:K206T;S:V213G,47,985,0.0477157360406091,10,BA.5.3.1:3;BA.5.2.9:1;BE.5:1;BA.2.12.1:1;XAZ:3;BE.8:1
2052026,BA.2_0.04_abundance_0.05,T22200G;C22311A,S:V213G;S:T250N,47,169,0.2781065088757396,696,BA.5.2.1:32;BA.2.23:14;BA.2.75:4;BA.2:530;BA.5.5.1:2;BA.5.2:9;BF.5:2;BA.2.9:5;BQ.1.1.18:4;BA.2.3.14:1;BE.1:1;BQ.1.1:15;BA.5.2.12:21;BQ.1.22:1;BA.2.12.1:3;BQ.1.1.3:1;BA.5.1:12;BA.4.1:1;BA.5.5:2;BA.2.49:1;BA.2.38:1;BA.5.9:1;BE.1.1:1;BA.2.3:3;BA.5.6:3;BQ.1.1.6:1;BQ.1.1.8:1;BA.2.10:2;BA.5.1.21:6;BA.5.2.27:1;BA.4.6:1;BF.10:2;BE.1.4:1;BA.2.10.1:1;BF.11:1;BA.2.4:1;BA.5.1.23:1;BQ.1.10:1;BF.8:1;BA.2.76:1;BA.2.65:1;BA.2.24:1;BA.5.3.1:1;BA.2.18:1
2052026,BA.2_0.04_abundance_0.05,C22605T;C22674T;T22679C;C22686T;A22688G,S:A348V;S:S371F;S:S373P;S:S375F;S:T376A,7,48,0.1458333333333333,9,BF.7:1;BE.1:1;BA.2:5;BQ.1.1.4:1;BA.5.2.1:1
2052026,BA.2_0.04_abundance_0.05,G22992A;C22995A;A23013C;T23024A;A23040G;T23075C,S:S477N;S:T478K;S:E484A;S:C488S;S:Q493R;S:Y505H,60,116,0.5172413793103449,0,
2052026,BA.2_0.04_abundance_0.05,C23525T;A23583G;T23599G;C23604A,S:H655Y;S:Y674C;S:N679K;S:P681H,136,617,0.2204213938411669,4,BF.5:1;BA.2:1;BA.5.2.3:1;BA.5.2.1:1
2052026,BA.2_0.04_abundance_0.05,A24253C;A24424T,S:P897P;S:Q954H,42,88,0.4772727272727273,5,BA.5.1:3;BA.1.1.15:1;BA.2:1
2052026,BA.2_0.04_abundance_0.05,C24798T;C25000T,S:P1079L;S:D1146D,154,2898,0.0531400966183574,8,BA.2.75:2;BA.1.1:2;BA.5.2.9:1;BA.5.2:1;BA.2.24:1;BA.2:1
2052026,BA.2_0.04_abundance_0.05,C24798T;C24916A;C25000T,S:P1079L;S:D1118E;S:D1146D,49,2898,0.0169082125603864,0,
2052026,BA.2_0.04_abundance_0.05,C24798T;A24838C;C25000T,S:P1079L;S:E1092D;S:D1146D,37,2898,0.012767425810904,0,
2052026,BA.2_0.04_abundance_0.05,A24838C;C24916A;C25000T,S:E1092D;S:D1118E;S:D1146D,96,2898,0.0331262939958592,0,
2052026,BA.2_0.04_abundance_0.05,A24838C;C25000T,S:E1092D;S:D1146D,325,2898,0.1121463077984817,130,BA.5.2.1:82;BF.7:4;BA.5:1;BA.2.12.1:7;BA.1.15.1:2;BC.1:7;BA.5.2:3;BF.28:2;BA.5.1:8;BA.2:4;BA.1.1.1:1;BA.2.76:4;BA.1:1;BF.5:1;BA.2.75:3
2052026,BA.2_0.04_abundance_0.05,C24916A;C25000T,S:D1118E;S:D1146D,438,2898,0.1511387163561076,69,BA.1.14:33;BA.5.2:2;BA.1:3;BA.5.5:4;BF.5:13;BA.2.9:4;BA.1.1:3;BA.5.2.1:2;BF.7:1;BA.1.1.1:1;BA.2.3:1;BA.4.6:1;BQ.1.8:1
2052026,BA.2_0.04_abundance_0.05,T25382A;C25584T,S:*1274LysexX;ORF3a:T64T,179,2760,0.0648550724637681,1,BA.2:1
2052026,BA.2_0.04_abundance_0.05,T25468C;C25584T,ORF3a:S26P;ORF3a:T64T,99,2760,0.0358695652173913,376,BA.5.1.2:61;BA.5.2.1:18;BA.1.1:27;BA.5.6:17;BQ.1:2;BA.2:124;BA.2.40.1:1;BA.5:1;BA.5.2:7;BA.2.12.1:10;BA.2.3:12;BA.1:15;B.1.243:1;BE.1:2;BA.1.17.2:5;BA.2.3.2:1;BA.2.10:2;BE.1.4:3;BA.5.2.28:15;BF.5:2;BA.1.1.1:1;BA.5.2.21:1;BA.5.1:9;BE.2:1;BA.5.2.27:3;BA.5.2.6:1;BE.1.1:6;BA.1.1.15:3;BA.5.2.37:1;BA.5.5:3;BA.2.75.5:1;BA.1.14.1:1;BA.4.6:7;XBB.1:1;BF.9:1;BA.5.2.34:1;BQ.1.1:2;BA.2.3.9:2;BA.4.1:1;BA.5.1.12:1;BA.5.1.1:1;BA.2.9:2
2052026,BA.2_0.04_abundance_0.05,C26270T;G26329T,E:T9I;E:V29F,68,1229,0.0553295362082994,4,BA.2.12.1:1;BA.1.15:1;BA.5.2.1:2
2052026,BA.2_0.04_abundance_0.05,C26577G;T26639G;G26709A;C26858T,M:Q19E;M:Y39*;M:A63T;M:F112F,958,2789,0.3434922911437791,17,BA.2:9;BA.2.3:2;BA.2.10:1;BA.2.9:3;BA.2.12.1:2
2052026,BA.2_0.04_abundance_0.05,C26577G;T26639G;G26709A,M:Q19E;M:Y39*;M:A63T,138,3145,0.0438791732909379,43,BA.1.1.7:2;BA.2:9;BE.1:1;BQ.1.1.13:1;BF.6:1;BA.1.1.1:2;BA.2.3:2;BA.5.2.1:1;BA.2.10:1;BA.5.1:5;BA.2.9:3;BQ.1:1;BA.1:4;BA.1.1:3;BA.5.1.12:1;BA.2.12.1:2;BA.1.17:1;BA.1.17.2:3
2052026,BA.2_0.04_abundance_0.05,A29391C;A29510C,N:K373T;N:S413R,275,729,0.3772290809327846,7,BA.2.31:3;BA.2:3;BA.5.2.1:1
2052026,BA.2_0.04_abundance_0.05,A29510C;C29529G,N:S413R;N:A419G,10,729,0.0137174211248285,1,BA.2:1
2122026,BA.2_0.04_abundance_0.05,C601G;T670G,ORF1a:G112G;ORF1a:S135R,286,997,0.2868605817452357,42,BA.2.24:36;BA.5.2:2;BQ.1:2;BA.2.10.1:1;BA.4.1:1
2122026,BA.2_0.04_abundance_0.05,A1604G;C1648G,ORF1a:N447D;ORF1a:I461M,6,403,0.0148883374689826,0,
2122026,BA.2_0.04_abundance_0.05,T2302C;T2533A,ORF1a:F679F;ORF1a:V756V,19,1060,0.0179245283018867,0,
2122026,BA.2_0.04_abundance_0.05,T2302C;A2443G,ORF1a:F679F;ORF1a:E726E,47,1095,0.0429223744292237,0,
2122026,BA.2_0.04_abundance_0.05,T2575G;A2748C,ORF1a:T770T;ORF1a:D828A,17,227,0.0748898678414096,1,BA.2:1
2122026,BA.2_0.04_abundance_0.05,T2575G;A2622C;A2748C,ORF1a:T770T;ORF1a:N786T;ORF1a:D828A,12,227,0.052863436123348,0,
2122026,BA.2_0.04_abundance_0.05,A2622C;A2748C,ORF1a:N786T;ORF1a:D828A,49,227,0.2158590308370044,0,
2122026,BA.2_0.04_abundance_0.05,G2999T;C3037T,ORF1a:G912C;ORF1a:F924F,18,42,0.4285714285714285,116,B.1.1.7:20;AY.103:1;AY.44:13;AY.33:2;AY.46.5:3;B.1:1;AY.25:2;BA.5.2:7;AY.4.2:33;AY.42:2;AY.4:3;AY.43.7:1;AY.100:2;B.1.160:2;BA.1.1:2;BA.1.16:2;BA.2.12.1:1;AY.98.1:1;AY.43:1;BA.2.23:1;BA.2:2;BA.2.9:2;BA.4:2;BA.1.15.1:1;B.1.1.28:1;BA.5.2.1:1;B.1.617.2:1;AY.122:1;BA.4.1:2;AY.3:1;AY.4.9:2
2122026,BA.2_0.04_abundance_0.05,G3202T;T3453A,ORF1a:W979C;ORF1a:V1063D,9,394,0.0228426395939086,0,
2122026,BA.2_0.04_abundance_0.05,A5760G;T5799G,ORF1a:Q1832R;ORF1a:L1845W,14,363,0.0385674931129476,0,
2122026,BA.2_0.04_abundance_0.05,C6302G;G6383T,ORF1a:L2013V;ORF1a:A2040S,11,295,0.0372881355932203,0,
2122026,BA.2_0.04_abundance_0.05,A6324C;G6383T,ORF1a:E2020A;ORF1a:A2040S,8,295,0.0271186440677966,0,
2122026,BA.2_0.04_abundance_0.05,C9344T;A9424G;C9474A;C9534T,ORF1a:L3027F;ORF1a:V3053V;ORF1a:A3070D;ORF1a:T3090I,141,435,0.3241379310344827,0,
2122026,BA.2_0.04_abundance_0.05,C9344T;A9424G;C9474A;C9534T;T9544A,ORF1a:L3027F;ORF1a:V3053V;ORF1a:A3070D;ORF1a:T3090I;ORF1a:C3093*,46,301,0.1528239202657807,0,
2122026,BA.2_0.04_abundance_0.05,C9344T;A9424G;C9474A;T9504C;C9534T,ORF1a:L3027F;ORF1a:V3053V;ORF1a:A3070D;ORF1a:F3080S;ORF1a:T3090I,86,435,0.1977011494252873,0,
2122026,BA.2_0.04_abundance_0.05,C9344T;A9424G;C9474A;T9490A;C9534T;T9544A,ORF1a:L3027F;ORF1a:V3053V;ORF1a:A3070D;ORF1a:S3075R;ORF1a:T3090I;ORF1a:C3093*,6,301,0.0199335548172757,0,
2122026,BA.2_0.04_abundance_0.05,C9344T;A9424G;C9534T;T9544A,ORF1a:L3027F;ORF1a:V3053V;ORF1a:T3090I;ORF1a:C3093*,12,301,0.0398671096345514,0,
2122026,BA.2_0.04_abundance_0.05,C9344T;A9424G;C9474A;T9504C;C9534T;T9544A,ORF1a:L3027F;ORF1a:V3053V;ORF1a:A3070D;ORF1a:F3080S;ORF1a:T3090I;ORF1a:C3093*,31,301,0.1029900332225913,0,
2122026,BA.2_0.04_abundance_0.05,C9344T;A9424G;C9474A,ORF1a:L3027F;ORF1a:V3053V;ORF1a:A3070D,28,488,0.0573770491803278,0,
2122026,BA.2_0.04_abundance_0.05,C9344T;A9424G;C9474A;T9490A;C9534T,ORF1a:L3027F;ORF1a:V3053V;ORF1a:A3070D;ORF1a:S3075R;ORF1a:T3090I,13,435,0.0298850574712643,0,
2122026,BA.2_0.04_abundance_0.05,C9344T;A9424G;C9474A;T9490A;T9504C;C9534T,ORF1a:L3027F;ORF1a:V3053V;ORF1a:A3070D;ORF1a:S3075R;ORF1a:F3080S;ORF1a:T3090I,8,435,0.0183908045977011,0,
2122026,BA.2_0.04_abundance_0.05,C9344T;A9424G;C9474A;T9504C,ORF1a:L3027F;ORF1a:V3053V;ORF1a:A3070D;ORF1a:F3080S,21,488,0.0430327868852459,0,
2122026,BA.2_0.04_abundance_0.05,C9344T;A9424G;T9504C;C9534T;T9544A,ORF1a:L3027F;ORF1a:V3053V;ORF1a:F3080S;ORF1a:T3090I;ORF1a:C3093*,10,301,0.0332225913621262,0,
2122026,BA.2_0.04_abundance_0.05,C9344T;A9424G;T9504C;C9534T,ORF1a:L3027F;ORF1a:V3053V;ORF1a:F3080S;ORF1a:T3090I,25,435,0.057471264367816,116,BA.5.1.1:42;BA.2.75:1;BA.2:29;BF.7:2;BA.2.12.1:9;BA.5.1:2;BF.10:4;BA.5.2.1:1;BA.2.9:12;BA.4.6:2;BA.2.56:1;BA.5.2.23:2;BA.5.5:1;BA.5:4;BA.2.3:1;BA.5.2:2;BA.2.14:1
2122026,BA.2_0.04_abundance_0.05,T9504C;C9534T,ORF1a:F3080S;ORF1a:T3090I,57,669,0.085201793721973,119,BA.5.1.1:44;BA.2.75:1;BF.7:2;BA.2:30;BA.2.12.1:9;BA.5.1:2;BF.10:4;BA.5.2.1:1;BA.2.9:12;BA.4.6:2;BA.2.56:1;BA.5.2.23:2;BA.5.5:1;BA.5:4;BA.2.3:1;BA.5.2:2;BA.2.14:1
2122026,BA.2_0.04_abundance_0.05,T9504C;C9534T;T9544A,ORF1a:F3080S;ORF1a:T3090I;ORF1a:C3093*,29,535,0.0542056074766355,0,
2122026,BA.2_0.04_abundance_0.05,C9534T;T9735A,ORF1a:T3090I;ORF1a:F3157Y,69,2237,0.0308448815377738,2,BA.5.2:1;BF.5:1
2122026,BA.2_0.04_abundance_0.05,C9534T;T9544A,ORF1a:T3090I;ORF1a:C3093*,811,2695,0.3009276437847866,0,
2122026,BA.2_0.04_abundance_0.05,C9534T;T9544A;T9735A,ORF1a:T3090I;ORF1a:C3093*;ORF1a:F3157Y,35,2237,0.0156459544032185,0,
2122026,BA.2_0.04_abundance_0.05,A11384T;T11432G,ORF1a:R3707*;ORF1a:Y3723D,266,889,0.2992125984251969,0,
2122026,BA.2_0.04_abundance_0.05,G12031T;G12224A,ORF1a:Q3922H;ORF1a:A3987T,5,335,0.0149253731343283,0,
2122026,BA.2_0.04_abundance_0.05,G12224A;C12439G,ORF1a:A3987T;ORF1a:P4058P,5,294,0.0170068027210884,0,
2122026,BA.2_0.04_abundance_0.05,A12413T;C12439G,ORF1a:N4050Y;ORF1a:P4058P,33,294,0.1122448979591836,0,
2122026,BA.2_0.04_abundance_0.05,C12880T;C12952T,ORF1a:I4205I;ORF1a:Y4229Y,164,856,0.1915887850467289,490,BA.2.3:24;BA.5.1:25;BA.5.2.28:2;BA.5.2.1:24;BA.2:109;BA.2.9:127;BF.7:3;BF.25:2;CK.3:2;BA.2.64:1;BA.2.65:12;BA.5.2.20:2;BQ.1.1:3;BA.5.3:1;BA.2.6:3;BE.1.1:4;BA.2.3.13:14;BA.2.10:15;XBB.2:2;BA.2.75:1;BA.5.2:13;BF.21:31;BF.31:1;BE.1:2;BA.4:13;BA.2.9.3:12;BQ.1.1.14:2;BF.5:5;BA.5.1.22:4;BA.2.18:3;BE.3:2;BA.4.1:1;BA.5.1.25:1;BA.5.5:1;BA.2.12.1:3;BA.5.1.30:2;BA.2.3.15:1;BA.4.6:1;BA.5.1.3:2;BA.5.2.18:1;BA.2.3.1:3;BQ.1.12:1;BA.2.38:1;BQ.1.1.23:1;BF.10:2;BA.5.2.9:1;BA.5.1.23:1;BA.5.2.6:1;BA.2.76:2
2122026,BA.2_0.04_abundance_0.05,G13118A;C13119G,ORF1a:A4285T;ORF1a:A4285G,10,524,0.0190839694656488,0,
2122026,BA.2_0.04_abundance_0.05,G14290T;C14408T;T14532C,ORF1b:D275Y;ORF1b:P314L;ORF1b:S355S,89,700,0.1271428571428571,0,
2122026,BA.2_0.04_abundance_0.05,C14408T;T14532C,ORF1b:P314L;ORF1b:S355S,167,700,0.2385714285714285,219,BA.2.10.1:1;BA.5.2.18:7;BA.1.1:4;AY.27:7;AY.39:60;BA.4.6:3;BA.1:5;B.1.1.433:8;BA.2.12.1:4;B.1.1.7:21;BA.2.23:4;AY.124:4;B.1.577:1;BQ.1:3;BA.1.1.1:4;BA.5.2.1:7;AY.4:12;BA.2.75:1;BA.4.1:3;AY.122:6;B.1.617.2:4;B.1:3;AY.100:2;BA.4.5:1;B.1.2:4;AY.25:1;AY.33:1;BA.2.9:3;BQ.1.1:2;AY.23.1:10;BA.1.18:3;AY.28:1;BA.5:1;BA.5.2:1;AY.43.8:1;B.1.525:1;AY.102:1;AY.26:1;AY.125:1;BE.1.1:1;AY.103:6;BA.5.1:1;P.1:1;B.1.234:1;BA.2:2
2122026,BA.2_0.04_abundance_0.05,G15287C;T15347A;G15384T,ORF1b:G607A;ORF1b:L627H;ORF1b:L639F,178,1814,0.0981256890848952,0,
2122026,BA.2_0.04_abundance_0.05,G15287C;G15384T,ORF1b:G607A;ORF1b:L639F,384,1814,0.2116868798235942,0,
2122026,BA.2_0.04_abundance_0.05,G15287C;G15384T;C15470T,ORF1b:G607A;ORF1b:L639F;ORF1b:P668L,68,1704,0.0399061032863849,0,
2122026,BA.2_0.04_abundance_0.05,G15287C;T15347A;G15384T;C15470T,ORF1b:G607A;ORF1b:L627H;ORF1b:L639F;ORF1b:P668L,24,1704,0.0140845070422535,0,
2122026,BA.2_0.04_abundance_0.05,G15287C;T15347A,ORF1b:G607A;ORF1b:L627H,69,1814,0.038037486218302,0,
2122026,BA.2_0.04_abundance_0.05,G15287C;C15470T,ORF1b:G607A;ORF1b:P668L,49,1704,0.0287558685446009,0,
2122026,BA.2_0.04_abundance_0.05,T15347A;G15384T,ORF1b:L627H;ORF1b:L639F,140,1815,0.0771349862258953,0,
2122026,BA.2_0.04_abundance_0.05,T15347A;G15384T;C15470T,ORF1b:L627H;ORF1b:L639F;ORF1b:P668L,33,1705,0.0193548387096774,0,
2122026,BA.2_0.04_abundance_0.05,G15384T;C15470T,ORF1b:L639F;ORF1b:P668L,63,1705,0.0369501466275659,0,
2122026,BA.2_0.04_abundance_0.05,C15714T;G15844A,ORF1b:L749L;ORF1b:E793K,217,1202,0.1805324459234609,7,BA.2:3;BA.2.9:1;BA.5.6:1;BA.5.2.2:1;BA.2.12.1:1
2122026,BA.2_0.04_abundance_0.05,C16859G;T16909C,ORF1b:A1131G;ORF1b:F1148L,20,557,0.0359066427289048,0,
2122026,BA.2_0.04_abundance_0.05,C17410T;A17524G,ORF1b:R1315C;ORF1b:K1353E,24,541,0.044362292051756,6,BF.5:2;BA.2:2;BA.4.1:2
2122026,BA.2_0.04_abundance_0.05,C17410T;A17472C,ORF1b:R1315C;ORF1b:L1335L,9,541,0.0166358595194085,9,BA.2:1;BA.5.2.9:1;BA.5.2.1:7
2122026,BA.2_0.04_abundance_0.05,A18163G;G18310T,ORF1b:I1566V;ORF1b:V1615F,36,65,0.5538461538461539,16,BA.1:11;BA.2:4;BA.2.12.1:1
2122026,BA.2_0.04_abundance_0.05,G18310T;A18543G,ORF1b:V1615F;ORF1b:Q1692Q,9,305,0.0295081967213114,0,
2122026,BA.2_0.04_abundance_0.05,G18310T;T18447C;G18551C,ORF1b:V1615F;ORF1b:V1660V;ORF1b:S1695T,32,305,0.1049180327868852,0,
2122026,BA.2_0.04_abundance_0.05,G18310T;T18447C,ORF1b:V1615F;ORF1b:V1660V,26,314,0.0828025477707006,0,
2122026,BA.2_0.04_abundance_0.05,G18310T;A18543G;G18551C,ORF1b:V1615F;ORF1b:Q1692Q;ORF1b:S1695T,8,305,0.0262295081967213,0,
2122026,BA.2_0.04_abundance_0.05,G18310T;G18551C,ORF1b:V1615F;ORF1b:S1695T,33,305,0.1081967213114754,0,
2122026,BA.2_0.04_abundance_0.05,T18447C;G18551C,ORF1b:V1660V;ORF1b:S1695T,16,305,0.0524590163934426,0,
2122026,BA.2_0.04_abundance_0.05,A18543G;G18551C,ORF1b:Q1692Q;ORF1b:S1695T,10,305,0.0327868852459016,4,B.1.617.1:1;AY.73:2;B.1.617.2:1
2122026,BA.2_0.04_abundance_0.05,C21811G;G21987A,S:V83V;S:G142D,176,803,0.2191780821917808,416,AY.25.1:39;BF.26:18;AY.100:343;BA.2:2;AY.84:1;BA.1.1:1;AY.103:1;AY.121:1;AY.4:4;AY.122:1;XBB.1:1;BQ.1.1.24:1;BA.2.9:2;BA.5.1:1
2122026,BA.2_0.04_abundance_0.05,C21811G;T21970A;G21987A,S:V83V;S:C136*;S:G142D,24,803,0.0298879202988792,0,
2122026,BA.2_0.04_abundance_0.05,T21970A;G21987A,S:C136*;S:G142D,103,803,0.1282689912826899,8,BA.1.1:1;BA.1:4;BA.1.21.1:1;BA.1.15:1;AY.4:1
2122026,BA.2_0.04_abundance_0.05,C22176A;T22200G,S:S205Y;S:V213G,132,642,0.205607476635514,8,BA.4.2:5;BA.2.9:2;BA.5.5:1
2122026,BA.2_0.04_abundance_0.05,A23403G;T23411G,S:D614G;S:C617G,865,1315,0.6577946768060836,0,
2122026,BA.2_0.04_abundance_0.05,C23854A;G23948T;T24100C,S:N764K;S:D796Y;S:A846A,192,1363,0.1408657373440939,148,BA.2.12.1:42;BA.5.6:3;BF.26:3;BQ.1.2:15;BA.5.2.12:6;BA.2:20;BA.1.1:8;BA.1.15.1:6;BA.1.17.2:2;BA.5.1.1:15;BA.5.8:1;BA.5.2:8;BA.2.75:1;BA.1.1.15:1;BA.2.3.9:7;BA.2.3:2;BA.2.10:1;BA.1:2;BA.5.2.1:2;BA.2.2:1;BF.5:1;BA.2.75.2:1
2122026,BA.2_0.04_abundance_0.05,A24424T;T24549C,S:Q954H;S:L996S,11,61,0.180327868852459,26,BA.1:25;BA.2:1
2122026,BA.2_0.04_abundance_0.05,A24424T;C24559G,S:Q954H;S:G999G,5,61,0.081967213114754,0,
2122026,BA.2_0.04_abundance_0.05,T24760G;C25000T,S:T1066T;S:D1146D,834,1535,0.5433224755700325,14,BA.2:1;BA.1.15:3;BA.5.1.27:2;BA.2.56:1;CQ.2:1;BA.2.3.11:2;BA.2.9:1;BA.1.1:1;BA.1.17.2:2
2122026,BA.2_0.04_abundance_0.05,C25989G;C26060T;C26270T,ORF3a:D199E;ORF3a:T223I;E:T9I,17,497,0.0342052313883299,0,
2122026,BA.2_0.04_abundance_0.05,C26270T;A26319C,E:T9I;E:V25V,13,236,0.0550847457627118,38,BA.1.17:34;BA.1.1:1;BA.2:2;BA.1.15:1
2122026,BA.2_0.04_abundance_0.05,A27259C;A27325G;G27382C;A27383T;T27384C,ORF6:R20R;ORF6:K42E;ORF6:D61H;ORF6:D61V;ORF6:D61D,45,1977,0.0227617602427921,7,BA.2:2;BA.2.3.20:1;BA.2.75:1;BA.4.1:2;BA.2.3:1
2122026,BA.2_0.04_abundance_0.05,C28757A;G28881A;G28882A;G28883C,N:P162T;N:R203K;N:R203R;N:G204R,149,169,0.8816568047337278,35,BA.1.1.6:2;BA.2.9:5;BA.5.1:3;BA.2:4;B.1.1.7:5;BA.1.17:2;BA.5.2.1:8;BA.1:1;BA.1.1:3;XBB.4:2
2122026,BA.2_0.04_abundance_0.05,C29409T;A29510C;G29654A,N:T379I;N:S413R;ORF10:V33I,7,420,0.0166666666666666,0,
2122026,BA.2_0.04_abundance_0.05,A29510C;G29654A,N:S413R;ORF10:V33I,11,421,0.0261282660332541,19,BA.5.6:1;BA.2:4;BA.5.2.1:3;BA.2.3.7:1;BE.1.1.1:4;BA.5.2:1;BA.2.3:1;XBB.2:1;BA.5.2.12:1;BA.2.3.11:1;BQ.1.1.24:1
2192026,BA.2_0.04_abundance_0.05,T381G;T670G,ORF1a:L39*;ORF1a:S135R,108,3601,0.0299916689808386,1,BA.2.12.1:1
2192026,BA.2_0.04_abundance_0.05,C384T;T670G,ORF1a:S40L;ORF1a:S135R,476,3601,0.1321855040266592,1110,BA.5.2.1:379;BA.5.1:22;BA.2:344;BA.2.1:2;BA.2.9:43;BA.2.3.7:11;BA.2.3.1:4;BA.2.12.1:48;CH.1.1:1;BA.5.1.24:1;BA.5.2:52;BA.2.75:9;BA.2.3.9:1;BA.5.2.21:32;BA.2.3:6;BA.5.2.6:7;BF.13:1;BF.5:61;BQ.1.1:1;BA.2.76:1;BA.2.24:2;BE.1.1.2:2;BA.4.6:5;BA.2.36:1;BF.21:10;BF.7:2;BA.2.14:1;BA.5.3.1:7;BA.2.75.10:2;BA.2.3.13:1;BQ.1:3;BA.5.1.30:1;BA.5.2.26:1;BA.4:3;BF.12:2;BA.2.10:3;BA.4.1:2;BF.1:1;BA.5.2.34:1;BE.1.1:2;BF.28:1;BF.22:4;BA.5.1.23:1;BA.2.65:1;BQ.1.3:1;BA.5.1.22:1;BA.5.1.3:1;BL.2:1;BQ.1.1.4:3;BA.5.2.7:1;BA.5.5:2;BF.31:2;BQ.1.18:1;BE.1:1;BA.2.37:1;BA.2.75.5:1;BA.5.6:2;BA.2.52:1;BA.2.9.5:1;XBB.1:1;BA.2.10.1:1;BF.10:1;BA.5.10:1;CK.2.1.1:1
2192026,BA.2_0.04_abundance_0.05,T670G;A780C,ORF1a:S135R;ORF1a:E172A,77,296,0.2601351351351351,25,BA.5.2.21:5;BF.10:7;BA.2.11:3;BA.5.2.3:1;BE.1.1.1:1;BA.2.9:1;BQ.1.2:1;BA.5.2.1:1;BA.5.1.24:1;BA.2:3;BA.5.2:1
2192026,BA.2_0.04_abundance_0.05,G1018A;A1049G;T1073G;T1086C;A1109T;T1114C;C1122T;C1221A;T1240C;A1269C,ORF1a:L251L;ORF1a:K262E;ORF1a:C270G;ORF1a:V274A;ORF1a:K282*;ORF1a:T283T;ORF1a:P286L;ORF1a:T319N;ORF1a:H325H;ORF1a:D335A,44,2247,0.0195816644414775,0,
2192026,BA.2_0.04_abundance_0.05,G1607T;G1661C;A1844C;A1870T,ORF1a:D448Y;ORF1a:D466H;ORF1a:K527Q;ORF1a:A535A,8,416,0.0192307692307692,0,
2192026,BA.2_0.04_abundance_0.05,G1661C;A1844C;A1870T,ORF1a:D466H;ORF1a:K527Q;ORF1a:A535A,25,1681,0.0148720999405116,0,
2192026,BA.2_0.04_abundance_0.05,G2624C;C2790T,ORF1a:G787R;ORF1a:T842I,408,780,0.5230769230769231,0,
2192026,BA.2_0.04_abundance_0.05,G2624C;G2625A;C2790T,ORF1a:G787R;ORF1a:G787E;ORF1a:T842I,11,780,0.0141025641025641,0,
2192026,BA.2_0.04_abundance_0.05,G2875T;G2946A;T2959C;A2977T;A2986G;T3001C;A3010T;T3026G;C3037T;C3045T;G3080A;A3094T;T3106C,ORF1a:E870D;ORF1a:G894D;ORF1a:D898D;ORF1a:T904T;ORF1a:L907L;ORF1a:G912G;ORF1a:K915N;ORF1a:Y921D;ORF1a:F924F;ORF1a:P927L;ORF1a:E939K;ORF1a:P943P;ORF1a:Y947Y,27,1173,0.0230179028132992,0,
2192026,BA.2_0.04_abundance_0.05,T3032G;C3037T,ORF1a:S923A;ORF1a:F924F,46,1256,0.036624203821656,63,B.1.526:4;B.1.36:1;P.1:1;BA.5.1:1;BA.1:2;BA.1.17.2:12;B.1.1.7:11;AY.122:7;AY.119.1:1;AY.103:1;B.1.426:1;BA.5.2:1;BA.2.12.1:2;B.1.617.2:2;BA.2.10.1:1;BA.1.1:3;B.1.1:1;BA.2.9:2;AY.43:2;BA.4.6:2;BA.1.15.1:1;B.1:1;AY.102:1;AY.9.2:1;AY.26:1
2192026,BA.2_0.04_abundance_0.05,A3210C;G3216C;A3309T;A3314T;G3353A;A3374C;T3378C;A3390C,ORF1a:D982A;ORF1a:S984T;ORF1a:E1015V;ORF1a:T1017S;ORF1a:G1030S;ORF1a:N1037H;ORF1a:V1038A;ORF1a:N1042T,11,402,0.0273631840796019,0,
2192026,BA.2_0.04_abundance_0.05,A3507G;A3531C,ORF1a:N1081S;ORF1a:D1089A,8,109,0.073394495412844,0,
2192026,BA.2_0.04_abundance_0.05,A3507G;A3816T,ORF1a:N1081S;ORF1a:D1184V,6,22,0.2727272727272727,0,
2192026,BA.2_0.04_abundance_0.05,A3816T;A3938C,ORF1a:D1184V;ORF1a:R1225R,29,623,0.0465489566613162,0,
2192026,BA.2_0.04_abundance_0.05,A3816T;C4009A,ORF1a:D1184V;ORF1a:F1248L,72,623,0.1155698234349919,0,
2192026,BA.2_0.04_abundance_0.05,A3816T;A3938C;C4009A,ORF1a:D1184V;ORF1a:R1225R;ORF1a:F1248L,35,623,0.0561797752808988,0,
2192026,BA.2_0.04_abundance_0.05,A3852T;T3862A;A3872C;G3878A;T3898C;T3930G;C3987A;G4016C;A4019T;A4032G,ORF1a:E1196V;ORF1a:V1199V;ORF1a:I1203L;ORF1a:E1205K;ORF1a:V1211V;ORF1a:V1222G;ORF1a:T1241K;ORF1a:E1251Q;ORF1a:N1252Y;ORF1a:Y1256C,9,583,0.0154373927958833,0,
2192026,BA.2_0.04_abundance_0.05,A3938C;C4009A,ORF1a:R1225R;ORF1a:F1248L,74,624,0.1185897435897435,0,
2192026,BA.2_0.04_abundance_0.05,T7752G;T7977A,ORF1a:V2496G;ORF1a:L2571*,17,424,0.0400943396226415,0,
2192026,BA.2_0.04_abundance_0.05,T8954C;G8975C;G9003C;A9023G;T9089A;C9122G;G9130C;G9137A,ORF1a:Y2897H;ORF1a:E2904Q;ORF1a:C2913S;ORF1a:T2920A;ORF1a:S2942T;ORF1a:R2953G;ORF1a:V2955V;ORF1a:D2958N,15,592,0.0253378378378378,0,
2192026,BA.2_0.04_abundance_0.05,T9341G;C9344T;A9424G;C9534T,ORF1a:L3026V;ORF1a:L3027F;ORF1a:V3053V;ORF1a:T3090I,7,218,0.0321100917431192,0,
2192026,BA.2_0.04_abundance_0.05,C9534T;C9565G;A9740C,ORF1a:T3090I;ORF1a:F3100L;ORF1a:N3159H,24,1232,0.0194805194805194,0,
2192026,BA.2_0.04_abundance_0.05,T10813G;A10842C;T10852A;C10871A;C10889G;T10913A,ORF1a:L3516L;ORF1a:D3526A;ORF1a:A3529A;ORF1a:Q3536K;ORF1a:R3542G;ORF1a:L3550I,6,274,0.0218978102189781,0,
2192026,BA.2_0.04_abundance_0.05,G10922T;C10965G,ORF1a:E3553*;ORF1a:T3567S,16,274,0.0583941605839416,0,
2192026,BA.2_0.04_abundance_0.05,T11940C;C11942A;A11952T;A11991G;T11997G;C12005G;A12030G;G12052T;C12099A;A12103T;T12112G;C12123G;A12126T;A12130C,ORF1a:V3892A;ORF1a:Q3893K;ORF1a:N3896I;ORF1a:E3909G;ORF1a:M3911R;ORF1a:L3914V;ORF1a:Q3922R;ORF1a:K3929N;ORF1a:A3945D;ORF1a:S3946S;ORF1a:S3949R;ORF1a:S3953*;ORF1a:Y3954F;ORF1a:A3955A,56,2468,0.0226904376012965,0,
2192026,BA.2_0.04_abundance_0.05,C12325A;T12408G,ORF1a:D4020E;ORF1a:I4048S,62,2283,0.0271572492334647,0,
2192026,BA.2_0.04_abundance_0.05,C12880T;T12946C,ORF1a:I4205I;ORF1a:Y4227Y,412,1108,0.371841155234657,341,BA.2.9:115;AY.16:6;AY.14:113;BA.2:15;AY.54:33;BA.5.2.1:1;BA.2.65:1;B.1.617.2:32;BF.28:2;BA.5.1.10:1;BA.5.9:1;BA.5.3.2:9;AY.40:3;BA.4.7:2;BA.5.2:1;AY.15:1;BA.2.24:1;BA.5.1.1:1;BF.4:1;BA.2.9.5:1;AY.16.1:1
2192026,BA.2_0.04_abundance_0.05,G13100T;T13111A;C13134G;G13148C;A13169C;A13187G;C13206T;A13237C;G13332T;T13354C,ORF1a:A4279S;ORF1a:D4282E;ORF1a:P4290R;ORF1a:V4295L;ORF1a:T4302P;ORF1a:I4308V;ORF1a:A4314V;ORF1a:A4324A;ORF1a:C4356F;ORF1a:F4363F,48,2403,0.0199750312109862,0,
2192026,BA.2_0.04_abundance_0.05,T13529A;T13545C;C13554A,ORF1b:V21D;ORF1b:F26F;ORF1b:Y29*,6,334,0.0179640718562874,0,
2192026,BA.2_0.04_abundance_0.05,C14583T;C14618A;A14651C;T14652C;G14701T;C14760A;T14769G;A14795C;T14846G;T14864G,ORF1b:H372H;ORF1b:T384N;ORF1b:N395T;ORF1b:N395N;ORF1b:D412Y;ORF1b:F431L;ORF1b:A434A;ORF1b:D443A;ORF1b:L460R;ORF1b:V466G,5,141,0.0354609929078014,0,
2192026,BA.2_0.04_abundance_0.05,C14618A;A14651C;T14652C;G14701T;C14760A;T14769G;A14795C;T14846G;T14864G,ORF1b:T384N;ORF1b:N395T;ORF1b:N395N;ORF1b:D412Y;ORF1b:F431L;ORF1b:A434A;ORF1b:D443A;ORF1b:L460R;ORF1b:V466G,5,299,0.0167224080267558,0,
2192026,BA.2_0.04_abundance_0.05,C15341A;C15503G,ORF1b:A625D;ORF1b:A679G,19,1424,0.0133426966292134,0,
2192026,BA.2_0.04_abundance_0.05,G15543A;G15550A;C15566A;A15580T;G15627C;G15649T;G15672A;C15714T;C15716T;T15729A;T15737A;A15772G,ORF1b:T692T;ORF1b:V695I;ORF1b:S700Y;ORF1b:K705*;ORF1b:E720D;ORF1b:V728F;ORF1b:E735E;ORF1b:L749L;ORF1b:S750F;ORF1b:V754V;ORF1b:F757Y;ORF1b:S769G,48,2399,0.0200083368070029,0,
2192026,BA.2_0.04_abundance_0.05,T15621A;C15714T,ORF1b:L718L;ORF1b:L749L,623,2586,0.2409126063418406,13,BA.4.1:8;BA.2:2;BA.5.1.10:1;BA.2.18:1;BA.5.5:1
2192026,BA.2_0.04_abundance_0.05,T15621A;C15714T;C15755A,ORF1b:L718L;ORF1b:L749L;ORF1b:S763Y,80,2401,0.0333194502290712,0,
2192026,BA.2_0.04_abundance_0.05,C15714T;C15755A,ORF1b:L749L;ORF1b:S763Y,149,2401,0.0620574760516451,379,BA.5.2.9:3;BA.2:340;BA.5.2:6;BF.7.4.1:4;BA.2.12.1:2;BA.4.1:2;BA.5.2.23:3;BA.2.9:5;BA.5.2.1:3;BA.2.24:2;BA.2.56:1;BA.5.5:1;BA.5.1.28:1;BQ.1.25:1;BF.5:2;BA.2.10:3
2192026,BA.2_0.04_abundance_0.05,T15915G;T15916C;A15917T;T15920G;G15961C;T16004G;G16027C;A16055T;A16128T;G16130A,ORF1b:D816E;ORF1b:Y817H;ORF1b:Y817F;ORF1b:V818G;ORF1b:G832R;ORF1b:M846R;ORF1b:A854P;ORF1b:H863L;ORF1b:T887T;ORF1b:G888E,39,1820,0.0214285714285714,0,
2192026,BA.2_0.04_abundance_0.05,T15915G;T15916C;A15917T;T15920G;G15961C;T16004G;G16027C;A16055T;A16128T;G16130A;T16176G,ORF1b:D816E;ORF1b:Y817H;ORF1b:Y817F;ORF1b:V818G;ORF1b:G832R;ORF1b:M846R;ORF1b:A854P;ORF1b:H863L;ORF1b:T887T;ORF1b:G888E;ORF1b:T903T,11,232,0.0474137931034482,0,
2192026,BA.2_0.04_abundance_0.05,T16511A;A16520T;C16559G;A16583T;A16620C;T16631A;T16632A;G16639A;G16654C;T16688A,ORF1b:L1015*;ORF1b:N1018I;ORF1b:A1031G;ORF1b:N1039I;ORF1b:E1051D;ORF1b:L1055H;ORF1b:L1055L;ORF1b:A1058T;ORF1b:A1063P;ORF1b:I1074N,13,899,0.014460511679644,0,
2192026,BA.2_0.04_abundance_0.05,T16572A;G16618C,ORF1b:C1035*;ORF1b:E1051Q,60,958,0.0626304801670146,0,
2192026,BA.2_0.04_abundance_0.05,T16854C;G16930T,ORF1b:G1129G;ORF1b:V1155L,105,1624,0.0646551724137931,0,
2192026,BA.2_0.04_abundance_0.05,T16908A;T16913C;A16923C;C16928T;G16959C;A16967G;C17000A;A17037T;G17058A,ORF1b:Y1147*;ORF1b:V1149A;ORF1b:S1152S;ORF1b:T1154I;ORF1b:V1164V;ORF1b:E1167G;ORF1b:T1178K;ORF1b:A1190A;ORF1b:M1197I,21,1513,0.0138797091870456,0,
2192026,BA.2_0.04_abundance_0.05,C17138T;C17410T,ORF1b:S1224F;ORF1b:R1315C,2312,3825,0.6044444444444445,140,BA.5.2.9:1;BA.2.12.1:28;BA.5.1:2;BA.2:56;BF.7:3;BA.2.9:15;BA.5.5:1;BA.2.3:9;BA.5.2:2;BE.3:1;BA.5.9:2;BE.1:3;BA.5.11:1;BA.2.3.9:1;BA.5.2.1:5;BF.5:1;BA.4:1;BA.2.13.1:1;BA.2.11:1;BA.2.5:2;BF.7.4.1:1;BA.2.9.5:1;BE.1.1:1;BA.5.1.18:1
2192026,BA.2_0.04_abundance_0.05,C17138T;T17208C,ORF1b:S1224F;ORF1b:Y1247Y,154,6381,0.0241341482526249,0,
2192026,BA.2_0.04_abundance_0.05,C17138T;T17208C;C17410T,ORF1b:S1224F;ORF1b:Y1247Y;ORF1b:R1315C,271,3825,0.0708496732026143,0,
2192026,BA.2_0.04_abundance_0.05,C17410T;C17537A,ORF1b:R1315C;ORF1b:P1357Q,189,531,0.3559322033898305,1,BA.2.3:1
2192026,BA.2_0.04_abundance_0.05,A17429C;T17442G;C17463A;G17469C;T17510G;A17525C;A17593G;G17602C;A17606C;A17614T;C17649T;C17710G;T17714A,ORF1b:Y1321S;ORF1b:P1325P;ORF1b:R1332R;ORF1b:L1334F;ORF1b:V1348G;ORF1b:K1353T;ORF1b:S1376G;ORF1b:V1379L;ORF1b:Y1380S;ORF1b:K1383*;ORF1b:C1394C;ORF1b:Q1415E;ORF1b:I1416K,41,3444,0.0119047619047619,0,
2192026,BA.2_0.04_abundance_0.05,C18041A;G18088C;C18094T;T18123G;G18145A;A18163G;G18213T,ORF1b:A1525D;ORF1b:G1541R;ORF1b:H1543Y;ORF1b:S1552R;ORF1b:E1560K;ORF1b:I1566V;ORF1b:M1582I,27,1708,0.015807962529274,0,
2192026,BA.2_0.04_abundance_0.05,A18052T;A18163G,ORF1b:T1529S;ORF1b:I1566V,359,1813,0.1980143408714837,0,
2192026,BA.2_0.04_abundance_0.05,A18052T;A18163G;C18261T,ORF1b:T1529S;ORF1b:I1566V;ORF1b:I1598I,27,1707,0.015817223198594,0,
2192026,BA.2_0.04_abundance_0.05,G18079A;A18163G,ORF1b:V1538I;ORF1b:I1566V,71,1813,0.039161610590182,1453,BA.5.2.1:520;BE.1.1:2;BA.1.1:65;BA.2.75:8;BA.5.1:138;BA.5.1.6:1;BA.2:132;BF.7:2;BA.5.2:164;BF.5:2;BQ.1.1.21:1;BE.1.1.2:1;BQ.1.1.4:268;BA.5.2.6:3;BA.5.1.1:3;BA.1:10;BA.5.2.9:12;BA.5.6:11;BA.2.12.1:20;BA.5.2.13:4;BA.1.1.1:2;BE.1:4;BA.1.17:2;BA.4:2;BQ.1.1.22:11;BA.5.5:3;BF.26:2;BF.10:7;BA.1.17.2:5;BF.28:6;BA.4.2:2;BA.1.1.2:1;BA.4.1:2;BQ.1.1:1;BA.1.18:4;BA.2.23:1;BA.1.15:4;BA.1.20:1;BA.2.3:3;BA.1.13.1:1;BA.5.1.17:2;BA.1.16:2;BA.1.1.18:3;BA.5.2.16:2;BA.2.9.5:1;BA.5:1;BA.4.6:1;CL.1:1;BA.5.1.21:1;BQ.1.1.5:1;BA.2.75.1:1;BA.2.9:3;BA.2.3.11:1;BA.5.1.23:1;BF.1:1
2192026,BA.2_0.04_abundance_0.05,T18537A;C18557G,ORF1b:I1690I;ORF1b:T1697R,31,347,0.0893371757925072,0,
2192026,BA.2_0.04_abundance_0.05,C18976G;C19018T;G19072T;C19089A;C19099A;C19103G;T19146C;G19177A;G19194C,ORF1b:Q1837E;ORF1b:P1851S;ORF1b:D1869Y;ORF1b:F1874L;ORF1b:Q1878K;ORF1b:P1879R;ORF1b:S1893S;ORF1b:G1904S;ORF1b:W1909C,10,606,0.0165016501650165,0,
2192026,BA.2_0.04_abundance_0.05,G19150C;T19197C,ORF1b:A1895P;ORF1b:N1910N,24,606,0.0396039603960396,0,
2192026,BA.2_0.04_abundance_0.05,G20627C;A20822G,ORF1b:G2387A;ORF1b:N2452S,30,1626,0.018450184501845,0,
2192026,BA.2_0.04_abundance_0.05,G20627C;A20805G,ORF1b:G2387A;ORF1b:Q2446Q,49,1631,0.0300429184549356,0,
2192026,BA.2_0.04_abundance_0.05,A20741C;T20748G;G20750A;T20757G;A20761T;A20778C,ORF1b:Q2425P;ORF1b:Y2427*;ORF1b:G2428D;ORF1b:S2430R;ORF1b:T2432S;ORF1b:I2437I,20,1632,0.0122549019607843,0,
2192026,BA.2_0.04_abundance_0.05,A20805G;A20822G,ORF1b:Q2446Q;ORF1b:N2452S,31,1626,0.0190651906519065,0,
2192026,BA.2_0.04_abundance_0.05,T22129G;T22200G,S:L189L;S:V213G,479,1019,0.4700686947988223,14,BA.2.9:7;BA.2:4;BA.5.1:2;BA.4.4:1
2192026,BA.2_0.04_abundance_0.05,T22129G;T22200G;C22281T,S:L189L;S:V213G;S:T240I,42,940,0.0446808510638297,0,
2192026,BA.2_0.04_abundance_0.05,C22674T;T22679C;C22686T;A22688G;A22755T;G22775A,S:S371F;S:S373P;S:S375F;S:T376A;S:D398V;S:D405N,126,155,0.8129032258064516,0,
2192026,BA.2_0.04_abundance_0.05,C22674T;T22679C;C22686T;A22688G;A22719T;A22755T;G22775A,S:S371F;S:S373P;S:S375F;S:T376A;S:K386I;S:D398V;S:D405N,7,155,0.0451612903225806,0,
2192026,BA.2_0.04_abundance_0.05,C22674T;T22679C;C22686T;A22688G;A22755T,S:S371F;S:S373P;S:S375F;S:T376A;S:D398V,7,163,0.0429447852760736,0,
2192026,BA.2_0.04_abundance_0.05,G22992A;C22995A;A23013C;A23040G;C23053T;A23055G,S:S477N;S:T478K;S:E484A;S:Q493R;S:F497F;S:Q498R,19,235,0.0808510638297872,383,BA.2.3:23;BA.1.1:89;BA.1.15:35;BA.2:74;BA.2.23:1;BA.1.1.11:3;BA.2.34:3;BA.1:30;BA.2.12.1:4;BA.2.9:71;BA.1.17:6;BA.2.23.1:1;BA.1.17.2:9;BA.1.1.14:1;BA.1.1.1:12;BA.1.1.2:3;BA.1.21:1;BA.1.18:3;BA.1.1.18:2;XE:1;BA.1.1.15:1;BA.1.1.16:1;BA.1.20:2;BA.2.38:1;BA.1.15.1:5;BD.1:1
2192026,BA.2_0.04_abundance_0.05,T23178A;A23181C;T23183C;G23222T;G23264C;T23272A;C23280A;C23286G;G23288T;T23289A;T23308A;G23309C;T23322A;A23357G;T23377G;C23393A;A23397C;A23403G;T23421C,S:V539D;S:N540T;S:F541L;S:E554*;S:D568H;S:A570A;S:T573N;S:A575G;S:V576F;S:V576D;S:L582L;S:E583Q;S:I587N;S:T599A;S:S605S;S:L611I;S:Y612S;S:D614G;S:V620A,35,1373,0.0254916241806263,0,
2192026,BA.2_0.04_abundance_0.05,T23268A;A23403G,S:I569N;S:D614G,221,1374,0.160844250363901,4,B.1.429:1;B.1.1.7:2;BA.1.15:1
2192026,BA.2_0.04_abundance_0.05,G23504A;T23599G;C23604A,S:G648S;S:N679K;S:P681H,134,509,0.2632612966601179,1,BA.2.31:1
2192026,BA.2_0.04_abundance_0.05,G23504A;T23599G;C23604A;G23811T,S:G648S;S:N679K;S:P681H;S:S750I,23,104,0.2211538461538461,0,
2192026,BA.2_0.04_abundance_0.05,T23599G;C23604A;G23811T,S:N679K;S:P681H;S:S750I,50,104,0.4807692307692308,25,BA.2.12.1:2;BA.5.1:3;BA.2.75.1:1;BA.1:1;BA.5.2.20:2;BA.2:1;BA.1.15:4;BA.5.2:1;BE.1.1:1;BA.5.6:1;BA.2.10:1;BA.1.1:1;BA.5.5:2;BA.5:1;XBB.1:1;BA.1.17.2:1;BA.5.1.10:1
2192026,BA.2_0.04_abundance_0.05,C23854A;G23948T;G24007C,S:N764K;S:D796Y;S:R815S,281,2827,0.0993986558188892,1,BA.2.13:1
2192026,BA.2_0.04_abundance_0.05,T25058C;T25070G;G25116T;T25129C;C25151T;A25195C;T25270C;C25318G,S:L1166L;S:S1170A;S:R1185L;S:V1189V;S:L1197F;S:K1211N;S:C1236C;S:S1252S,7,619,0.011308562197092,0,
2192026,BA.2_0.04_abundance_0.05,C25066T;T25270C,S:D1168D;S:C1236C,69,699,0.0987124463519313,0,
2192026,BA.2_0.04_abundance_0.05,C25318G;T25343C;A25351G;T25370A;T25476G;C25484G;T25496G;C25508G;C25584T,S:S1252S;S:S1261P;S:P1263P;S:L1270I;ORF3a:F28L;ORF3a:A31G;ORF3a:I35R;ORF3a:A39G;ORF3a:T64T,49,2607,0.01879555044112,0,
2192026,BA.2_0.04_abundance_0.05,C25584T;T25604G,ORF3a:T64T;ORF3a:L71R,536,4419,0.1212944105001131,1,BA.1.1:1
2192026,BA.2_0.04_abundance_0.05,A25966C;C26270T,ORF3a:K192Q;E:T9I,11,250,0.044,29,BA.1.17.2:2;BA.4.4:4;BA.1:7;BA.1.15:1;BA.2:2;BA.1.1:3;BA.5.2.22:3;BE.1:4;BA.5.1:3
2192026,BA.2_0.04_abundance_0.05,A26059G;T26080C;C26082T;A26115G;A26166C;T26184G;G26196A;C26270T,ORF3a:T223A;ORF3a:F230L;ORF3a:F230F;ORF3a:E241E;ORF3a:P258P;ORF3a:Y264*;ORF3a:T268T;E:T9I,8,250,0.032,0,
2192026,BA.2_0.04_abundance_0.05,C26577G;G26709A;C26815G;C26858T,M:Q19E;M:A63T;M:A98G;M:F112F,464,2043,0.2271169848262359,2,BA.2.9:1;BA.2.72:1
2192026,BA.2_0.04_abundance_0.05,C26577G;G26709A;C26815G,M:Q19E;M:A63T;M:A98G,33,2160,0.0152777777777777,4,BA.2.9:1;BA.1:2;BA.2.72:1
2192026,BA.2_0.04_abundance_0.05,C26577G;T26580G;A26592G;A26643T;T26657C;G26660C;G26696A;G26709A;G26713A;C26725A;A26738T;G26779C;T26794A;T26837A;G26852A;C26858T,M:Q19E;M:W20G;M:I24V;M:N41Y;M:F45F;M:L46F;M:W58*;M:A63T;M:C64Y;M:A68D;M:R72S;M:C86S;M:M91K;M:R105R;M:W110*;M:F112F,41,2043,0.0200685266764561,0,
2192026,BA.2_0.04_abundance_0.05,C27180T;T27184G;C27223A;A27234G;G27235C;A27237G;A27259C;C27263A;A27290G;A27293C;A27334T;G27382C;A27383T;T27384C;T27402G;A27423C;A27475T,M:L220F;M:V221G;ORF6:Q8K;ORF6:I11M;ORF6:A12P;ORF6:A12A;ORF6:R20R;ORF6:T21N;ORF6:D30G;ORF6:Y31S;ORF6:T45S;ORF6:D61H;ORF6:D61V;ORF6:D61D;ORF7a:I3M;ORF7a:I10I;ORF7a:T28S,10,788,0.0126903553299492,0,
2192026,BA.2_0.04_abundance_0.05,A27209G;A27259C;G27382C;A27383T;T27384C,ORF6:H3R;ORF6:R20R;ORF6:D61H;ORF6:D61V;ORF6:D61D,32,1417,0.0225829216654904,126,BA.2:27;BA.4.4:1;BA.2.75:2;BA.2.9:81;BA.4.1:5;BA.2.12.1:1;BA.2.2:4;BA.4.5:1;BA.2.32:2;BA.2.13:1;BA.4:1
2192026,BA.2_0.04_abundance_0.05,A27209G;C27223A;A27259C;G27382C;A27383T;T27384C,ORF6:H3R;ORF6:Q8K;ORF6:R20R;ORF6:D61H;ORF6:D61V;ORF6:D61D,170,1417,0.1199717713479181,0,
2192026,BA.2_0.04_abundance_0.05,A27209G;C27223A;A27259C,ORF6:H3R;ORF6:Q8K;ORF6:R20R,17,1527,0.0111329404060248,0,
2192026,BA.2_0.04_abundance_0.05,C27223A;A27259C;G27382C;A27383T;T27384C,ORF6:Q8K;ORF6:R20R;ORF6:D61H;ORF6:D61V;ORF6:D61D,837,1417,0.5906845448129852,16,BA.2:9;BA.2.9:4;BA.2.18:1;BA.2.12.1:2
2192026,BA.2_0.04_abundance_0.05,C27223A;A27259C,ORF6:Q8K;ORF6:R20R,69,1527,0.0451866404715127,82,BA.2:9;BA.1.15.1:18;BA.1.1:40;BA.1:2;BA.2.9:5;BA.1.17.2:1;B.1:3;BA.2.18:1;BA.2.12.1:2;BC.1:1
2192026,BA.2_0.04_abundance_0.05,C27223A;A27259C;A27300T;G27382C;A27383T;T27384C,ORF6:Q8K;ORF6:R20R;ORF6:I33I;ORF6:D61H;ORF6:D61V;ORF6:D61D,92,1417,0.0649258997882851,0,
2192026,BA.2_0.04_abundance_0.05,T27496G;C27500A;G27506T;A27507T;C27538G;C27567G;A27578G;A27607C;C27619T;T27634A;T27640A;A27662T;G27670T;A27674G,ORF7a:C35G;ORF7a:S36Y;ORF7a:G38V;ORF7a:G38G;ORF7a:L49V;ORF7a:C58W;ORF7a:Q62R;ORF7a:K72Q;ORF7a:Q76*;ORF7a:S81T;ORF7a:S83T;ORF7a:Q90L;ORF7a:V93F;ORF7a:Q94R,18,947,0.0190073917634635,0,
2192026,BA.2_0.04_abundance_0.05,A27547T;C27807T,ORF7a:N52Y;ORF7b:L18L,402,713,0.5638148667601683,28,BA.5.2.1:8;BA.2.3.17:1;BF.1:5;BA.1:2;BA.1.1:3;BA.1.1.16:2;BA.2.12.1:1;BA.2:3;BA.1.17:2;BA.5.2:1
2192026,BA.2_0.04_abundance_0.05,A27825C;T27837C;T27901G;T27902C;A27917G;A27965C;A27983T;G27993C;T28010A;C28011A,ORF7b:M24L;ORF7b:F28L;ORF8:F3C;ORF8:F3F;ORF8:G8G;ORF8:S24S;ORF8:P30P;ORF8:D34H;ORF8:I39I;ORF8:H40N,5,454,0.0110132158590308,0,
2192026,BA.2_0.04_abundance_0.05,G27993C;G28027T,ORF8:D34H;ORF8:W45L,10,560,0.0178571428571428,0,
2192026,BA.2_0.04_abundance_0.05,T28130G;A28173T;G28183A;T28192G;A28207C;T28224G;A28274C;C28291G;A28295T;G28307A;C28311T;G28337T;C28344A,ORF8:Y79*;ORF8:K94*;ORF8:S97N;ORF8:V100G;ORF8:Y105S;ORF8:Y111D;N:MX;N:P6P;N:N8Y;N:A12T;N:P13L;N:D22Y;N:T24N,29,1446,0.0200553250345781,0,
2192026,BA.2_0.04_abundance_0.05,T29036G;A29039C;C29061T;C29067G;A29079C;G29106T;G29132T;A29181T;G29204T;T29225G;A29237G;C29247T;A29267G;T29278C,N:S255A;N:K256Q;N:T263I;N:T265S;N:N269T;N:G278V;N:G287W;N:Q303L;N:A311S;N:S318A;N:M322V;N:T325I;N:T332A;N:G335G,35,1749,0.0200114351057747,0,
2262026,BA.2_0.04_abundance_0.05,T670G;A880C,ORF1a:S135R;ORF1a:L205L,7,234,0.0299145299145299,0,
2262026,BA.2_0.04_abundance_0.05,C1076A;G1085A,ORF1a:P271T;ORF1a:V274I,239,1807,0.1322634200332042,1,B.1.1.7:1
2262026,BA.2_0.04_abundance_0.05,C1076A;C1281T,ORF1a:P271T;ORF1a:A339V,241,1600,0.150625,0,
2262026,BA.2_0.04_abundance_0.05,C1076A;G1085A;C1281T,ORF1a:P271T;ORF1a:V274I;ORF1a:A339V,233,1600,0.145625,0,
2262026,BA.2_0.04_abundance_0.05,G1085A;C1281T,ORF1a:V274I;ORF1a:A339V,169,1600,0.105625,0,
2262026,BA.2_0.04_abundance_0.05,G1607T;C1645A;A1646T;G1661C;C1663A;G1748A;C1762G;A1799G;A1814G;A1844C;A1870T,ORF1a:D448Y;ORF1a:N460K;ORF1a:I461F;ORF1a:D466H;ORF1a:D466E;ORF1a:D495N;ORF1a:F499L;ORF1a:T512A;ORF1a:K517E;ORF1a:K527Q;ORF1a:A535A,35,1143,0.0306211723534558,0,
2262026,BA.2_0.04_abundance_0.05,C1645A;A1646T;G1661C;C1663A;G1748A;C1762G;A1799G;A1814G;A1844C;A1870T,ORF1a:N460K;ORF1a:I461F;ORF1a:D466H;ORF1a:D466E;ORF1a:D495N;ORF1a:F499L;ORF1a:T512A;ORF1a:K517E;ORF1a:K527Q;ORF1a:A535A,98,4170,0.0235011990407673,0,
2262026,BA.2_0.04_abundance_0.05,T2733A;T2800C,ORF1a:V823D;ORF1a:L845L,5,337,0.0148367952522255,0,
2262026,BA.2_0.04_abundance_0.05,G2875T;G2946A;T2959C;A2977T;A2986G;T3001C;A3010T;T3026G;C3037T;C3045T;G3080A;A3094T;T3106C;T3144A,ORF1a:E870D;ORF1a:G894D;ORF1a:D898D;ORF1a:T904T;ORF1a:L907L;ORF1a:G912G;ORF1a:K915N;ORF1a:Y921D;ORF1a:F924F;ORF1a:P927L;ORF1a:E939K;ORF1a:P943P;ORF1a:Y947Y;ORF1a:L960*,26,864,0.0300925925925925,0,
2262026,BA.2_0.04_abundance_0.05,G2875T;G2946A;T2959C;A2977T;A2986G;T3001C;A3010T;T3026G;C3037T;C3045T;G3080A;A3094T;T3106C;T3144A;T3172G,ORF1a:E870D;ORF1a:G894D;ORF1a:D898D;ORF1a:T904T;ORF1a:L907L;ORF1a:G912G;ORF1a:K915N;ORF1a:Y921D;ORF1a:F924F;ORF1a:P927L;ORF1a:E939K;ORF1a:P943P;ORF1a:Y947Y;ORF1a:L960*;ORF1a:L969L,10,311,0.0321543408360128,0,
2262026,BA.2_0.04_abundance_0.05,T2931G;C3037T,ORF1a:L889*;ORF1a:F924F,47,941,0.0499468650371944,1,AY.85:1
2262026,BA.2_0.04_abundance_0.05,A3210C;G3216C;A3309T;A3314T;G3353A;A3374C;T3378C;A3390C;G3407A,ORF1a:D982A;ORF1a:S984T;ORF1a:E1015V;ORF1a:T1017S;ORF1a:G1030S;ORF1a:N1037H;ORF1a:V1038A;ORF1a:N1042T;ORF1a:E1048K,10,371,0.0269541778975741,0,
2262026,BA.2_0.04_abundance_0.05,A3852T;T3862A;A3872C;G3878A;T3898C;T3930G;C3987A;G4016C;A4019T;A4032G;C4058A,ORF1a:E1196V;ORF1a:V1199V;ORF1a:I1203L;ORF1a:E1205K;ORF1a:V1211V;ORF1a:V1222G;ORF1a:T1241K;ORF1a:E1251Q;ORF1a:N1252Y;ORF1a:Y1256C;ORF1a:P1265T,26,917,0.0283533260632497,0,
2262026,BA.2_0.04_abundance_0.05,G6266C;C6388A,ORF1a:A2001P;ORF1a:C2041*,10,75,0.1333333333333333,0,
2262026,BA.2_0.04_abundance_0.05,T6612A;A6613C,ORF1a:V2116E;ORF1a:V2116V,100,233,0.4291845493562232,0,
2262026,BA.2_0.04_abundance_0.05,T7356C;C7392A;A7409G;G7476A;T7489A;T7499A;C7536G;G7577A,ORF1a:L2364P;ORF1a:P2376Q;ORF1a:R2382G;ORF1a:C2404Y;ORF1a:T2408T;ORF1a:C2412S;ORF1a:T2424R;ORF1a:A2438T,12,322,0.0372670807453416,0,
2262026,BA.2_0.04_abundance_0.05,T8058C;T8153A,ORF1a:F2598S;ORF1a:L2630I,67,1726,0.0388180764774044,0,
2262026,BA.2_0.04_abundance_0.05,A8312T;A8378G;A8388T;T8421A;G8422C;A8500T;T8538G;T8545C;G8553C;T8554G,ORF1a:M2683L;ORF1a:K2705E;ORF1a:N2708I;ORF1a:M2719K;ORF1a:M2719I;ORF1a:A2745A;ORF1a:I2758R;ORF1a:L2760L;ORF1a:G2763A;ORF1a:G1945G,12,847,0.0141676505312868,0,
2262026,BA.2_0.04_abundance_0.05,A8312T;A8378G;A8388T;T8421A;G8422C;A8500T;T8538G;T8545C;G8553C;T8554G;T8623G,ORF1a:M2683L;ORF1a:K2705E;ORF1a:N2708I;ORF1a:M2719K;ORF1a:M2719I;ORF1a:A2745A;ORF1a:I2758R;ORF1a:L2760L;ORF1a:G2763A;ORF1a:G1945G;ORF1a:I2786M,8,263,0.0304182509505703,0,
2262026,BA.2_0.04_abundance_0.05,C8664T;G8696C;T8854A;T8870C;A8882T;T8886C;T8918G;G8939A,ORF1a:T2800I;ORF1a:A2811P;ORF1a:G2863G;ORF1a:L2869L;ORF1a:I2873L;ORF1a:L2874S;ORF1a:L2885V;ORF1a:V2892I,13,460,0.0282608695652173,0,
2262026,BA.2_0.04_abundance_0.05,C8664T;G8696C;T8854A;T8870C;A8882T;T8886C;T8918G,ORF1a:T2800I;ORF1a:A2811P;ORF1a:G2863G;ORF1a:L2869L;ORF1a:I2873L;ORF1a:L2874S;ORF1a:L2885V,7,629,0.0111287758346581,0,
2262026,BA.2_0.04_abundance_0.05,G8939A;T8954C;G8975C;G9003C;A9023G;T9089A;C9122G;G9130C;G9137A,ORF1a:V2892I;ORF1a:Y2897H;ORF1a:E2904Q;ORF1a:C2913S;ORF1a:T2920A;ORF1a:S2942T;ORF1a:R2953G;ORF1a:V2955V;ORF1a:D2958N,5,360,0.0138888888888888,0,
2262026,BA.2_0.04_abundance_0.05,A9019G;C9120G,ORF1a:E2918E;ORF1a:T2952R,14,392,0.0357142857142857,0,
2262026,BA.2_0.04_abundance_0.05,A9019G;A9210C,ORF1a:E2918E;ORF1a:E2982A,8,355,0.0225352112676056,0,
2262026,BA.2_0.04_abundance_0.05,C9515G;C9534T;C9565G;T9574A;T9680A;T9695G;C9700A;G9705A;A9740C;A9748C;A9754C;C9755T;T9818A,ORF1a:L3084V;ORF1a:T3090I;ORF1a:F3100L;ORF1a:G3103G;ORF1a:W3139R;ORF1a:Y3144D;ORF1a:I3145I;ORF1a:C3147Y;ORF1a:N3159H;ORF1a:L3161L;ORF1a:R3163S;ORF1a:R3164C;ORF1a:L3185I,13,668,0.0194610778443113,0,
2262026,BA.2_0.04_abundance_0.05,C9534T;G9805A,ORF1a:T3090I;ORF1a:L3180L,181,2582,0.0701006971340046,234,BQ.1.1:2;BA.2.12.1:77;BA.5:1;BA.2.75:7;BA.2:40;BF.13:3;BA.2.23:1;BA.2.9:12;BA.5.2:7;CH.1.1:15;BQ.1.8:1;BA.2.10:4;BF.7.5:2;BA.5.2.1:15;BQ.1.5:2;BA.5.5:3;BA.5.1:7;BA.2.1:1;BA.5.6:3;BA.4.6:2;BA.2.3.1:1;BA.4:1;BA.2.68:5;BA.2.75.1:1;BA.2.62:1;BA.4.1:1;BF.5:2;BA.5.1.3:4;BA.5.5.1:1;BA.2.38:1;BA.2.65:1;BG.5:7;BQ.1.1.5:2;BA.5.6.1:1
2262026,BA.2_0.04_abundance_0.05,C9534T;A9749G,ORF1a:T3090I;ORF1a:K3162E,245,2799,0.0875312611647016,48,BA.2:43;B.1.637:2;BA.2.9:2;BA.5.2:1
2262026,BA.2_0.04_abundance_0.05,C9534T;C9565G;T9574A;T9680A;T9695G;C9700A;G9705A;A9740C;A9748C;A9754C;C9755T;T9818A,ORF1a:T3090I;ORF1a:F3100L;ORF1a:G3103G;ORF1a:W3139R;ORF1a:Y3144D;ORF1a:I3145I;ORF1a:C3147Y;ORF1a:N3159H;ORF1a:L3161L;ORF1a:R3163S;ORF1a:R3164C;ORF1a:L3185I,15,1361,0.0110213078618662,0,
2262026,BA.2_0.04_abundance_0.05,T10813G;A10842C;T10852A;C10871A;C10889G;T10913A;A10987G,ORF1a:L3516L;ORF1a:D3526A;ORF1a:A3529A;ORF1a:Q3536K;ORF1a:R3542G;ORF1a:L3550I;ORF1a:R3574R,9,242,0.0371900826446281,0,
2262026,BA.2_0.04_abundance_0.05,G11064C;T11079G;T11107G;T11125G;T11135C;T11149A;T11164G;T11197G;G11230T;G11310T;T11331A,ORF1a:W3600S;ORF1a:F3605C;ORF1a:F3614L;ORF1a:A3620A;ORF1a:F3624L;ORF1a:F3628L;ORF1a:H3633Q;ORF1a:L3644L;ORF1a:M3655I;ORF1a:C3682F;ORF1a:V3689E,42,1289,0.0325833979829325,0,
2262026,BA.2_0.04_abundance_0.05,G12031A;T12109C,ORF1a:Q3922Q;ORF1a:F3948F,140,2142,0.065359477124183,0,
2262026,BA.2_0.04_abundance_0.05,G12031A;T12055G,ORF1a:Q3922Q;ORF1a:L3930L,262,2279,0.1149627029398859,0,
2262026,BA.2_0.04_abundance_0.05,G12031A;T12055G;T12109C,ORF1a:Q3922Q;ORF1a:L3930L;ORF1a:F3948F,164,2142,0.0765639589169001,0,
2262026,BA.2_0.04_abundance_0.05,T12055G;T12109C,ORF1a:L3930L;ORF1a:F3948F,309,2142,0.1442577030812324,0,
2262026,BA.2_0.04_abundance_0.05,C13038G;G13076A;G13100T;T13111A;C13134G;A13139G;G13148C;A13169C;A13187G;C13206T;A13237C;G13332T;T13354C,ORF1a:T4258R;ORF1a:A4271T;ORF1a:A4279S;ORF1a:D4282E;ORF1a:P4290R;ORF1a:T4292A;ORF1a:V4295L;ORF1a:T4302P;ORF1a:I4308V;ORF1a:A4314V;ORF1a:A4324A;ORF1a:C4356F;ORF1a:F4363F,15,575,0.0260869565217391,0,
2262026,BA.2_0.04_abundance_0.05,G13076A;G13100T;T13111A;C13134G;A13139G;G13148C;A13169C;A13187G;C13206T;A13237C;G13332T;T13354C,ORF1a:A4271T;ORF1a:A4279S;ORF1a:D4282E;ORF1a:P4290R;ORF1a:T4292A;ORF1a:V4295L;ORF1a:T4302P;ORF1a:I4308V;ORF1a:A4314V;ORF1a:A4324A;ORF1a:C4356F;ORF1a:F4363F,60,2621,0.022892025944296,0,
2262026,BA.2_0.04_abundance_0.05,A13969G;C13987T;A14012T;T14019A;G14020A;T14037C;C14057G;C14110G;A14121T;T14136A;A14142C;A14164T;G14187T;G14202A;T14221A,ORF1b:N168D;ORF1b:R174C;ORF1b:Q182L;ORF1b:C184*;ORF1b:D185N;ORF1b:A190A;ORF1b:T197R;ORF1b:Q215E;ORF1b:P218P;ORF1b:P223P;ORF1b:V225V;ORF1b:M233L;ORF1b:R240S;ORF1b:E245E;ORF1b:L252I,37,1518,0.0243741765480895,0,
2262026,BA.2_0.04_abundance_0.05,C14583T;G14587C;C14618A;A14651C;T14652C;G14701T;C14760A;T14769G;A14795C;T14828G;T14846G;T14864G;T14880G,ORF1b:H372H;ORF1b:A374P;ORF1b:T384N;ORF1b:N395T;ORF1b:N395N;ORF1b:D412Y;ORF1b:F431L;ORF1b:A434A;ORF1b:D443A;ORF1b:M454R;ORF1b:L460R;ORF1b:V466G;ORF1b:F471L,6,523,0.011472275334608,0,
2262026,BA.2_0.04_abundance_0.05,G14587C;C14618A;A14651C;T14652C;G14701T;C14760A;T14769G;A14795C;T14828G;T14846G;T14864G;T14880G,ORF1b:A374P;ORF1b:T384N;ORF1b:N395T;ORF1b:N395N;ORF1b:D412Y;ORF1b:F431L;ORF1b:A434A;ORF1b:D443A;ORF1b:M454R;ORF1b:L460R;ORF1b:V466G;ORF1b:F471L,19,1020,0.0186274509803921,0,
2262026,BA.2_0.04_abundance_0.05,G14587C;C14618A;A14651C;T14652C;G14701T;C14760A;T14769G;A14795C;T14828G;T14846G;T14864G;T14880G;C14889A,ORF1b:A374P;ORF1b:T384N;ORF1b:N395T;ORF1b:N395N;ORF1b:D412Y;ORF1b:F431L;ORF1b:A434A;ORF1b:D443A;ORF1b:M454R;ORF1b:L460R;ORF1b:V466G;ORF1b:F471L;ORF1b:Y474*,7,379,0.0184696569920844,0,
2262026,BA.2_0.04_abundance_0.05,G15543A;G15550A;C15566A;A15580T;G15627C;G15649T;G15672A;C15714T;C15716T;T15729A;T15737A;A15742C;A15772G;G15836T;A15845C,ORF1b:T692T;ORF1b:V695I;ORF1b:S700Y;ORF1b:K705*;ORF1b:E720D;ORF1b:V728F;ORF1b:E735E;ORF1b:L749L;ORF1b:S750F;ORF1b:V754V;ORF1b:F757Y;ORF1b:S759R;ORF1b:S769G;ORF1b:C790F;ORF1b:E793A,25,1441,0.0173490631505898,0,
2262026,BA.2_0.04_abundance_0.05,C15714T;G15836T,ORF1b:L749L;ORF1b:C790F,1048,2150,0.4874418604651163,26,BA.5.1.24:1;BA.2.12.1:3;BA.5.2:2;BA.5.1:1;BA.4.1:1;BF.13:1;BA.2.18:1;BK.1:4;BA.2:5;XBB.1:1;BA.5.2.12:1;BF.5:2;BA.2.56:1;BA.2.3:1;BA.2.12.2:1
2262026,BA.2_0.04_abundance_0.05,C15714T;T15804A,ORF1b:L749L;ORF1b:Y779*,102,2443,0.0417519443307408,0,
2262026,BA.2_0.04_abundance_0.05,C15714T;T15804A;G15836T,ORF1b:L749L;ORF1b:Y779*;ORF1b:C790F,121,2150,0.0562790697674418,0,
2262026,BA.2_0.04_abundance_0.05,C15714T;C15774T,ORF1b:L749L;ORF1b:S769S,79,2445,0.0323108384458077,536,BA.5.2.1:40;BA.2:232;BA.5.2.20:3;BF.10:2;BA.5.5:16;BA.4.1:2;BA.5.1.2:9;BA.5.2:67;BA.2.12.1:41;BF.5:4;BA.5.6:1;BA.5.1.30:2;BA.2.3:3;BA.5.1.5:1;BA.5:6;BA.4.6.4:3;BF.6:8;BQ.1:3;BA.2.9:31;BQ.1.1:2;BA.5.1:15;CL.1:1;BA.5.3:1;BA.2.10.1:1;BA.2.52:1;BA.5.1.10:4;BA.2.1:1;BA.5.1.22:5;BA.5.1.23:6;XBB.1:2;BA.5.1.18:4;BA.2.78:1;BA.2.75:3;BA.2.66:3;BA.4.6:2;BA.5.2.24:1;BA.2.3.13:2;BA.2.10:2;P.1.6:1;XAZ:1;BQ.1.23:1;BF.27:1;BA.2.3.1:1
2262026,BA.2_0.04_abundance_0.05,C15714T;C15774T;G15836T,ORF1b:L749L;ORF1b:S769S;ORF1b:C790F,79,2150,0.0367441860465116,0,
2262026,BA.2_0.04_abundance_0.05,T15915G;T15916C;A15917T;T15920G;G15961C;T16004G;G16027C;A16055T;A16128T;G16130A,ORF1b:D816E;ORF1b:Y817H;ORF1b:Y817F;ORF1b:V818G;ORF1b:G832R;ORF1b:M846R;ORF1b:A854P;ORF1b:H863L;ORF1b:T887T;ORF1b:G888E,95,3371,0.0281815485019282,0,
2262026,BA.2_0.04_abundance_0.05,T15915G;T15916C;A15917T;T15920G;G15961C;T16004G;G16027C;A16055T;A16128T;G16130A;T16176G,ORF1b:D816E;ORF1b:Y817H;ORF1b:Y817F;ORF1b:V818G;ORF1b:G832R;ORF1b:M846R;ORF1b:A854P;ORF1b:H863L;ORF1b:T887T;ORF1b:G888E;ORF1b:T903T,16,436,0.036697247706422,0,
2262026,BA.2_0.04_abundance_0.05,T16908A;T16913C;A16923C;C16928T;G16959C;A16967G;C17000A;A17037T;G17058A;T17067G,ORF1b:Y1147*;ORF1b:V1149A;ORF1b:S1152S;ORF1b:T1154I;ORF1b:V1164V;ORF1b:E1167G;ORF1b:T1178K;ORF1b:A1190A;ORF1b:M1197I;ORF1b:Y1200*,43,1637,0.0262675626145387,0,
2262026,BA.2_0.04_abundance_0.05,T17150G;T17208C;T17224G;T17226G;A17233G;A17269C;T17319C;T17364A;C17372A;T17379C;C17403G,ORF1b:V1228G;ORF1b:Y1247Y;ORF1b:C1253G;ORF1b:C1253W;ORF1b:I1256V;ORF1b:K1268Q;ORF1b:N1284N;ORF1b:I1299I;ORF1b:A1302D;ORF1b:N1304N;ORF1b:A1312A,82,5428,0.0151068533529845,0,
2262026,BA.2_0.04_abundance_0.05,T17150G;T17208C;T17224G;T17226G;A17233G;A17269C;T17319C;T17364A;C17372A;T17379C;C17403G;C17410T;T17415C,ORF1b:V1228G;ORF1b:Y1247Y;ORF1b:C1253G;ORF1b:C1253W;ORF1b:I1256V;ORF1b:K1268Q;ORF1b:N1284N;ORF1b:I1299I;ORF1b:A1302D;ORF1b:N1304N;ORF1b:A1312A;ORF1b:R1315C;ORF1b:A1316A,47,1742,0.0269804822043628,0,
2262026,BA.2_0.04_abundance_0.05,C17163T;C17410T,ORF1b:C1232C;ORF1b:R1315C,100,4101,0.0243842965130456,1697,BA.5.2.1:146;BA.2.3:7;BA.5:1;BA.5.2.12:1179;BA.2:138;BA.5.1.3:1;BA.2.56:3;BA.2.10:1;BA.4.1.8:1;CM.2:18;BE.1.1:5;BA.5.2:12;BA.2.12.1:29;BQ.1.1.4:37;BQ.1.1:6;BA.2.9:16;BA.5.5:11;BF.5:7;BQ.1:2;BA.5.2.18:5;CM.1:1;BA.5.2.34:1;BA.5.2.9:1;BA.4.1:2;BE.1:19;BF.7:4;BA.4:3;BA.5.1:8;BQ.1.1.18:1;BF.21:2;BA.5.1.12:1;BA.5.2.21:1;BQ.1.3:1;BA.4.4:2;BA.2.12:4;BA.5.1.18:1;BA.4.6:1;BA.5.7:5;BA.2.3.12:1;BA.5.6:1;BF.26:2;BA.5.2.6:6;BA.2.9.5:2;BA.5.2.35:1;BA.2.7:1
2262026,BA.2_0.04_abundance_0.05,C17165A;C17410T,ORF1b:S1233Y;ORF1b:R1315C,343,4101,0.0836381370397464,0,
2262026,BA.2_0.04_abundance_0.05,C17410T;A17477T,ORF1b:R1315C;ORF1b:K1337M,38,311,0.1221864951768488,2,BA.5:1;BA.2:1
2262026,BA.2_0.04_abundance_0.05,A17429C;T17442G;C17463A;G17469C;T17510G;A17525C;A17593G;G17602C;A17606C;A17614T;C17649T;C17710G;T17714A,ORF1b:Y1321S;ORF1b:P1325P;ORF1b:R1332R;ORF1b:L1334F;ORF1b:V1348G;ORF1b:K1353T;ORF1b:S1376G;ORF1b:V1379L;ORF1b:Y1380S;ORF1b:K1383*;ORF1b:C1394C;ORF1b:Q1415E;ORF1b:I1416K,37,1945,0.0190231362467866,0,
2262026,BA.2_0.04_abundance_0.05,A17770G;T17960G,ORF1b:I1435V;ORF1b:I1498R,7,392,0.0178571428571428,0,
2262026,BA.2_0.04_abundance_0.05,C18041A;G18088C;C18094T;T18123G;G18145A;A18163G;G18213T;T18276A,ORF1b:A1525D;ORF1b:G1541R;ORF1b:H1543Y;ORF1b:S1552R;ORF1b:E1560K;ORF1b:I1566V;ORF1b:M1582I;ORF1b:A1603A,61,2005,0.0304239401496259,0,
2262026,BA.2_0.04_abundance_0.05,C18458G;A18531G,ORF1b:P1664R;ORF1b:I1688M,15,989,0.0151668351870576,0,
2262026,BA.2_0.04_abundance_0.05,C18458G;A18554C,ORF1b:P1664R;ORF1b:D1696A,12,989,0.0121334681496461,0,
2262026,BA.2_0.04_abundance_0.05,C18976G;C19018T;G19072T;C19089A;C19099A;C19103G;T19146C;G19177A;G19194C;G19207A;G19231A;A19237G;A19244T,ORF1b:Q1837E;ORF1b:P1851S;ORF1b:D1869Y;ORF1b:F1874L;ORF1b:Q1878K;ORF1b:P1879R;ORF1b:S1893S;ORF1b:G1904S;ORF1b:W1909C;ORF1b:D1914N;ORF1b:V1922I;ORF1b:R1924G;ORF1b:D1926V,40,1035,0.038647342995169,0,
2262026,BA.2_0.04_abundance_0.05,T19034G;T19209G,ORF1b:I1856S;ORF1b:D1914E,42,1139,0.0368744512730465,0,
2262026,BA.2_0.04_abundance_0.05,A20539G;C20544G;C20648A;T20701C;T20738G;A20741C;T20748G;G20750A;T20757G;A20761T;A20778C;C20803G,ORF1b:K2358E;ORF1b:S2359S;ORF1b:P2394Q;ORF1b:Y2412H;ORF1b:L2424R;ORF1b:Q2425P;ORF1b:Y2427*;ORF1b:G2428D;ORF1b:S2430R;ORF1b:T2432S;ORF1b:I2437I;ORF1b:Q2446E,58,1924,0.0301455301455301,0,
2262026,BA.2_0.04_abundance_0.05,G22870C;T22882G;T22891A;T22937C;A22974C;G22992A;C22995A;A22996C;C22998G;G23001C;A23013C;T23032C;A23040G;A23148C;T23152A,S:W436C;S:N440K;S:S443S;S:S459P;S:E471A;S:S477N;S:T478K;S:T478T;S:P479R;S:C480S;S:E484A;S:F490F;S:Q493R;S:K529T;S:S530S,11,292,0.0376712328767123,0,
2262026,BA.2_0.04_abundance_0.05,T23178A;A23181C;T23183C;G23222T;G23264C;T23272A;C23280A;C23286G;G23288T;T23289A;T23308A;G23309C;T23322A;A23357G;T23377G;C23393A;A23397C;A23403G;T23421C;T23468A;T23479G,S:V539D;S:N540T;S:F541L;S:E554*;S:D568H;S:A570A;S:T573N;S:A575G;S:V576F;S:V576D;S:L582L;S:E583Q;S:I587N;S:T599A;S:S605S;S:L611I;S:Y612S;S:D614G;S:V620A;S:Y636N;S:G639G,31,1682,0.0184304399524375,0,
2262026,BA.2_0.04_abundance_0.05,T23178A;A23181C;T23183C;G23222T;G23264C;T23272A;C23280A;C23286G;G23288T;T23289A;T23308A;G23309C;T23322A;A23357G;T23377G;C23393A;A23397C;A23403G;T23421C;T23468A;T23479G;T23487A,S:V539D;S:N540T;S:F541L;S:E554*;S:D568H;S:A570A;S:T573N;S:A575G;S:V576F;S:V576D;S:L582L;S:E583Q;S:I587N;S:T599A;S:S605S;S:L611I;S:Y612S;S:D614G;S:V620A;S:Y636N;S:G639G;S:V642D,12,469,0.0255863539445629,0,
2262026,BA.2_0.04_abundance_0.05,A23348G;A23403G,S:S596G;S:D614G,414,2385,0.1735849056603773,5,AY.4:1;BE.3:1;P.1:1;AY.103:1;B.1.617.2:1
2262026,BA.2_0.04_abundance_0.05,A23348G;A23382T;A23403G,S:S596G;S:Q607L;S:D614G,35,2385,0.0146750524109014,0,
2262026,BA.2_0.04_abundance_0.05,A23382T;A23403G,S:Q607L;S:D614G,163,2385,0.0683438155136268,259,B.1:3;B.1.1.7:31;BA.5.1.21:1;AY.103:11;AY.122:3;AY.47:105;AY.57:1;B.1.177.23:1;AY.34:2;BE.1.4:1;AY.25.1:1;AY.20:31;AY.76:1;BE.1.1:4;BA.2.12.1:2;AY.100:2;BA.5.1:1;BA.2:8;C.37:1;B.1.36.8:1;AY.25:1;AY.43:30;AY.99.2:2;B.1.36:1;BQ.1.8:1;B.1.160.14:1;AY.4:1;AY.39.2:2;B.1.617.2:1;BA.5.5:1;BA.1:1;AY.14:1;B.1.2:1;B.1.206:1;AY.72:1;AY.102:1;AY.26:1
2262026,BA.2_0.04_abundance_0.05,C23854A;A23869G;G23948T,S:N764K;S:G769G;S:D796Y,526,1403,0.3749109052031361,90,BA.5.2.6:3;BA.2.12.1:3;BA.5.2.1:12;BA.1.18:2;BA.1.1:47;BE.5:1;BA.5.1:3;BA.1.1.18:2;BF.5:2;BA.2:2;BA.1:1;BA.1.20:2;BA.2.71:1;BA.1.1.1:2;BA.1.17.2:1;BA.2.65:1;BA.2.10:2;BC.1:1;BA.1.15:1;BE.3:1
2262026,BA.2_0.04_abundance_0.05,C23854A;A23869G;G23948T;T24126C,S:N764K;S:G769G;S:D796Y;S:F855S,18,949,0.0189673340358271,0,
2262026,BA.2_0.04_abundance_0.05,C23854A;G23948T;T24126C,S:N764K;S:D796Y;S:F855S,41,949,0.0432033719704952,14,BQ.1.1.4:1;BA.1.16:1;BA.1.1:3;BA.5.2.1:1;BA.1.1.12:4;BA.2:2;BA.1.1.18:1;BA.2.9.5:1
2262026,BA.2_0.04_abundance_0.05,A24424T;T24438G,S:Q954H;S:L959*,5,19,0.2631578947368421,0,
2262026,BA.2_0.04_abundance_0.05,C25318G;T25343C;A25351G;T25370A;T25476G;C25484G;T25496G;C25508G;T25532G;C25549A;G25555A;C25584T;T25586A;T25627A;T25628A,S:S1252S;S:S1261P;S:P1263P;S:L1270I;ORF3a:F28L;ORF3a:A31G;ORF3a:I35R;ORF3a:A39G;ORF3a:I47S;ORF3a:L53I;ORF3a:V55I;ORF3a:T64T;ORF3a:L65H;ORF3a:F79I;ORF3a:F79Y,16,547,0.0292504570383912,0,
2262026,BA.2_0.04_abundance_0.05,C25318G;T25343C;A25351G;A25367G;T25370A;T25476G;C25484G;T25496G;C25508G;T25532G;C25549A;G25555A;C25584T;T25586A;T25627A;T25628A,S:S1252S;S:S1261P;S:P1263P;S:K1269E;S:L1270I;ORF3a:F28L;ORF3a:A31G;ORF3a:I35R;ORF3a:A39G;ORF3a:I47S;ORF3a:L53I;ORF3a:V55I;ORF3a:T64T;ORF3a:L65H;ORF3a:F79I;ORF3a:F79Y,6,547,0.0109689213893967,0,
2262026,BA.2_0.04_abundance_0.05,A25367G;C25584T,S:K1269E;ORF3a:T64T,370,1149,0.3220191470844212,80,BA.2:6;BA.5.1.7:1;BA.1:65;BA.2.62:1;BA.2.3:1;BA.1.1:2;BA.4:1;BA.5:1;B.1.1.529:2
2262026,BA.2_0.04_abundance_0.05,A25367G;A25426C;C25584T,S:K1269E;ORF3a:T12P;ORF3a:T64T,14,1149,0.0121845082680591,0,
2262026,BA.2_0.04_abundance_0.05,A25426C;C25584T,ORF3a:T12P;ORF3a:T64T,21,1149,0.0182767624020887,4,BA.1.18:1;BA.2:2;BA.5.6:1
2262026,BA.2_0.04_abundance_0.05,C26270T;T26320G,E:T9I;E:F26V,192,648,0.2962962962962963,3,BA.2:1;BA.1:1;BA.5.2:1
2262026,BA.2_0.04_abundance_0.05,T26551A;C26577G;T26580G;A26592G;A26643T;T26657C;G26660C;G26696A;G26709A;G26713A;C26725A;A26738T;G26779C;T26794A;T26837A;G26852A;C26858T,M:V10D;M:Q19E;M:W20G;M:I24V;M:N41Y;M:F45F;M:L46F;M:W58*;M:A63T;M:C64Y;M:A68D;M:R72S;M:C86S;M:M91K;M:R105R;M:W110*;M:F112F,11,440,0.025,0,
2262026,BA.2_0.04_abundance_0.05,C26577G;T26580G;A26592G;A26643T;T26657C;G26660C;G26696A;G26709A;G26713A;C26725A;A26738T;G26779C;T26794A;T26837A;G26852A;C26858T,M:Q19E;M:W20G;M:I24V;M:N41Y;M:F45F;M:L46F;M:W58*;M:A63T;M:C64Y;M:A68D;M:R72S;M:C86S;M:M91K;M:R105R;M:W110*;M:F112F,59,2668,0.0221139430284857,0,
2262026,BA.2_0.04_abundance_0.05,C27180T;T27184G;A27234G;G27235C;A27237G;C27263A;A27290G;A27293C;A27334T;G27382C;T27384C,M:L220F;M:V221G;ORF6:I11M;ORF6:A12P;ORF6:A12A;ORF6:T21N;ORF6:D30G;ORF6:Y31S;ORF6:T45S;ORF6:D61H;ORF6:D61D,7,328,0.0213414634146341,0,
2262026,BA.2_0.04_abundance_0.05,C27263A;G27382C;T27384C,ORF6:T21N;ORF6:D61H;ORF6:D61D,155,576,0.2690972222222222,32,BA.2.12.1:8;BA.2:23;BA.2.3:1
2262026,BA.2_0.04_abundance_0.05,C27263A;G27382C;T27384C;G27415C,ORF6:T21N;ORF6:D61H;ORF6:D61D;ORF7a:A8P,12,576,0.0208333333333333,0,
2262026,BA.2_0.04_abundance_0.05,G27382C;T27384C;G27415C,ORF6:D61H;ORF6:D61D;ORF7a:A8P,29,576,0.0503472222222222,1,BA.2.38:1
2262026,BA.2_0.04_abundance_0.05,A27825C;T27837C;T27901G;T27902C;A27917G;A27965C;A27983T;T28010A;C28011A;T28130G,ORF7b:M24L;ORF7b:F28L;ORF8:F3C;ORF8:F3F;ORF8:G8G;ORF8:S24S;ORF8:P30P;ORF8:I39I;ORF8:H40N;ORF8:Y79*,9,339,0.0265486725663716,0,
2262026,BA.2_0.04_abundance_0.05,A27825C;T27837C;T27901G;T27902C;A27917G;A27965C;A27983T;T28010A;C28011A,ORF7b:M24L;ORF7b:F28L;ORF8:F3C;ORF8:F3F;ORF8:G8G;ORF8:S24S;ORF8:P30P;ORF8:I39I;ORF8:H40N,9,523,0.017208413001912,0,
2262026,BA.2_0.04_abundance_0.05,T28130G;A28173T;G28183A;T28192G;A28207C;T28224G;A28274C;C28291G;A28295T;G28307A;C28311T;G28337T;C28344A;G28375T,ORF8:Y79*;ORF8:K94*;ORF8:S97N;ORF8:V100G;ORF8:Y105S;ORF8:Y111D;N:MX;N:P6P;N:N8Y;N:A12T;N:P13L;N:D22Y;N:T24N;N:G34G,108,3277,0.0329569728410131,0,
2262026,BA.2_0.04_abundance_0.05,C28437A;C28471A;C28512A;G28551T;G28580A;A28626T;A28633G,N:A55D;N:F66L;N:P80Q;N:R93L;N:D103N;N:E118V;N:G120G,10,277,0.0361010830324909,0,
2262026,BA.2_0.04_abundance_0.05,T29010C;T29036G;A29039C;C29061T;C29067G;A29079C;G29106T;G29132T;A29181T;G29204T;T29225G;A29237G;C29247T;A29267G;T29278C;C29280A;A29307G,N:V246A;N:S255A;N:K256Q;N:T263I;N:T265S;N:N269T;N:G278V;N:G287W;N:Q303L;N:A311S;N:S318A;N:M322V;N:T325I;N:T332A;N:G335G;N:A336D;N:N345S,9,207,0.0434782608695652,0,
2262026,BA.2_0.04_abundance_0.05,T29036G;A29039C;C29061T;C29067G;A29079C;G29106T;G29132T;A29181T;G29204T;T29225G;A29237G;C29247T;A29267G;T29278C;C29280A;A29307G,N:S255A;N:K256Q;N:T263I;N:T265S;N:N269T;N:G278V;N:G287W;N:Q303L;N:A311S;N:S318A;N:M322V;N:T325I;N:T332A;N:G335G;N:A336D;N:N345S,77,2880,0.0267361111111111,0,
2262026,BA.2_0.04_abundance_0.05,A29394G;A29510C,N:K374R;N:S413R,44,631,0.0697305863708399,38,BQ.1.23:2;BQ.1.1.2:3;BQ.1.8.2:5;BA.5.2.1:1;BA.4.1:1;BA.2:8;BA.5.6.1:1;BA.2.3:1;BA.5.2.32:1;BA.5.1:7;BF.12:1;BA.4.2:1;BA.4:1;BA.5.1.17:1;BA.2.12.1:1;BA.2.75:1;BF.22:1;BA.5.5:1
2262026,BA.2_0.04_abundance_0.05,A29394G;A29510C;C29520T,N:K374R;N:S413R;N:S416L,18,631,0.028526148969889,0,
2262026,BA.2_0.04_abundance_0.05,A29510C;C29520T,N:S413R;N:S416L,171,631,0.2709984152139461,1238,BA.5.2.1:122;BA.2.12.1:73;BF.7:9;BA.5:10;BF.11:1;BA.2:277;BA.2.3:66;CH.1.1:4;BA.5.2.20:6;BA.5.6:11;BA.4:24;BQ.1.1.21:1;BA.2.75:12;BA.2.10:9;BE.1.1:10;BA.2.56:2;BA.4.1:14;BA.2.48:3;BA.5.1.2:1;BA.5.2:113;BA.5.2.29:8;BA.5.5:17;BA.5.1.21:42;BQ.1.2:1;BA.5.2.23:3;BA.5.3:2;BA.5.2.22:2;BQ.1:6;BA.5.3.1:1;BA.2.3.13:6;BE.3:2;BA.2.9:50;BA.4.6:15;BA.5.1:42;BQ.1.1:13;BA.5.2.21:2;BF.28:4;BA.5.2.6:29;BA.5.1.23:3;BF.5:10;BA.5.9:7;BA.5.2.3:6;BQ.1.1.20:1;BA.5.1.10:2;BA.5.2.18:1;BF.12:2;BA.2.13:20;BF.3:2;BF.26:6;BA.2.36:9;BQ.1.8:1;BA.2.40.1:4;BQ.1.1.5:8;BA.4.4:4;BE.1.4:4;CL.1:3;BA.4.8:1;BA.2.29:22;BT.1:1;BF.21:10;BA.2.10.1:3;BA.5.2.9:5;BA.2.3.1:1;BF.10:5;BQ.1.9:1;BA.5.1.1:1;BA.5.2.26:5;BA.4.6.5:2;XAZ:4;BA.2.65:2;BF.7.4.1:1;BA.2.24:3;BA.5.2.27:2;BA.5.1.3:3;BA.2.3.18:1;BQ.1.23:2;BA.2.31:1;BA.5.2.12:1;BA.5.2.19:1;BA.5.1.6:1;BF.4:1;XBB.1:1;BA.2.8:1;BA.5.1.30:5;BA.2.12:3;BA.5.2.28:1;BE.1:3;BA.2.3.4:1;CK.2:1;BA.2.9.3:1;BA.2.68:1;BQ.1.1.19:1;BA.2.75.3:1;BF.7.4:1;BF.1:2;BA.2.76:2;BF.7.10:1;DJ.1:1;BF.7.8:3;BA.2.37:1;BA.2.3.9:1;BA.5.1.25:1;BA.2.3.11:1;BA.2.38:3;BQ.1.1.22:1;BF.7.7:1;BE.6:2;BQ.1.1.23:3;BN.1.4:1;BA.5.2.34:1;BF.14:1;BF.24:1;BF.32:1;BA.2.2:2;BA.2.18:1
3052026,BA.2_0.04_abundance_0.05,G271A;T317A;A339G,ORF1a:E2E;ORF1a:L18M;ORF1a:D25G,13,217,0.0599078341013824,0,
3052026,BA.2_0.04_abundance_0.05,T670G;A726C,ORF1a:S135R;ORF1a:Y154S,48,360,0.1333333333333333,0,
3052026,BA.2_0.04_abundance_0.05,T670G;A825C,ORF1a:S135R;ORF1a:D187A,9,360,0.025,1,BE.1.1:1
3052026,BA.2_0.04_abundance_0.05,T670G;A726C;A825C,ORF1a:S135R;ORF1a:Y154S;ORF1a:D187A,7,360,0.0194444444444444,0,
3052026,BA.2_0.04_abundance_0.05,T670G;A726C;C934A,ORF1a:S135R;ORF1a:Y154S;ORF1a:D223E,6,332,0.0180722891566265,0,
3052026,BA.2_0.04_abundance_0.05,T670G;C934A,ORF1a:S135R;ORF1a:D223E,48,332,0.144578313253012,17,BA.2:1;CM.2:1;BA.5.1.23:10;BA.5.2:3;BA.5.2.1:1;BA.5.5:1
3052026,BA.2_0.04_abundance_0.05,A726C;C934A,ORF1a:Y154S;ORF1a:D223E,83,3076,0.0269830949284785,0,
3052026,BA.2_0.04_abundance_0.05,G1018A;A1049G;T1073G;T1086C;A1109T;T1114C;C1122T;C1221A;T1240C;A1269C,ORF1a:L251L;ORF1a:K262E;ORF1a:C270G;ORF1a:V274A;ORF1a:K282*;ORF1a:T283T;ORF1a:P286L;ORF1a:T319N;ORF1a:H325H;ORF1a:D335A,25,587,0.0425894378194207,0,
3052026,BA.2_0.04_abundance_0.05,G1126T;A1207G,ORF1a:R287S;ORF1a:Q314Q,8,592,0.0135135135135135,0,
3052026,BA.2_0.04_abundance_0.05,C1645A;A1646T;G1661C;C1663A;G1748A;C1762G;A1799G;A1814G;A1844C;A1870T,ORF1a:N460K;ORF1a:I461F;ORF1a:D466H;ORF1a:D466E;ORF1a:D495N;ORF1a:F499L;ORF1a:T512A;ORF1a:K517E;ORF1a:K527Q;ORF1a:A535A,211,4510,0.0467849223946784,0,
3052026,BA.2_0.04_abundance_0.05,A2018G;T2188G,ORF1a:M585V;ORF1a:F641L,15,563,0.0266429840142095,0,
3052026,BA.2_0.04_abundance_0.05,G2875T;G2946A;A2977T;A2986G;T3001C;A3010T;T3026G;C3037T;C3045T;G3080A;A3094T;T3106C;T3144A,ORF1a:E870D;ORF1a:G894D;ORF1a:T904T;ORF1a:L907L;ORF1a:G912G;ORF1a:K915N;ORF1a:Y921D;ORF1a:F924F;ORF1a:P927L;ORF1a:E939K;ORF1a:P943P;ORF1a:Y947Y;ORF1a:L960*,53,1495,0.0354515050167224,0,
3052026,BA.2_0.04_abundance_0.05,G2875T;G2946A;A2977T;A2986G;T3001C;A3010T;T3026G;C3037T;C3045T;G3080A;A3094T;T3106C;T3144A;T3172G,ORF1a:E870D;ORF1a:G894D;ORF1a:T904T;ORF1a:L907L;ORF1a:G912G;ORF1a:K915N;ORF1a:Y921D;ORF1a:F924F;ORF1a:P927L;ORF1a:E939K;ORF1a:P943P;ORF1a:Y947Y;ORF1a:L960*;ORF1a:L969L,20,493,0.0405679513184584,0,
3052026,BA.2_0.04_abundance_0.05,C3037T;G3107A,ORF1a:F924F;ORF1a:E948K,72,1509,0.0477137176938369,50,BA.1:2;AY.3:2;BE.1.1:6;BA.5.2.1:3;BA.1.1:3;B.1.160:2;BA.2:3;AY.122:3;AY.44:2;AY.25:1;BA.5.2:13;B.1.526:1;AY.109:1;AY.120.1:1;BF.15:1;BA.5.1.1:1;B.1.1.7:1;AY.4:2;BA.2.12.2:1;AY.103:1
3052026,BA.2_0.04_abundance_0.05,T3200G;A3301G,ORF1a:W979G;ORF1a:L1012L,9,593,0.0151770657672849,0,
3052026,BA.2_0.04_abundance_0.05,A3210C;G3216C;A3309T;A3314T;G3353A;A3374C;T3378C;A3390C;G3407A;A3414C;G3443C;T3459G;A3461T,ORF1a:D982A;ORF1a:S984T;ORF1a:E1015V;ORF1a:T1017S;ORF1a:G1030S;ORF1a:N1037H;ORF1a:V1038A;ORF1a:N1042T;ORF1a:E1048K;ORF1a:K1050T;ORF1a:A1060P;ORF1a:L1065R;ORF1a:K1066*,19,542,0.0350553505535055,0,
3052026,BA.2_0.04_abundance_0.05,A3210C;G3216C;A3301G;A3309T;A3314T;G3353A;A3374C;T3378C;A3390C;G3407A;A3414C;G3443C;T3459G;A3461T,ORF1a:D982A;ORF1a:S984T;ORF1a:L1012L;ORF1a:E1015V;ORF1a:T1017S;ORF1a:G1030S;ORF1a:N1037H;ORF1a:V1038A;ORF1a:N1042T;ORF1a:E1048K;ORF1a:K1050T;ORF1a:A1060P;ORF1a:L1065R;ORF1a:K1066*,6,542,0.011070110701107,0,
3052026,BA.2_0.04_abundance_0.05,A3234C;A3301G,ORF1a:Q990P;ORF1a:L1012L,10,593,0.0168634064080944,0,
3052026,BA.2_0.04_abundance_0.05,A3852T;T3930G;C3987A;G4016C;A4019T,ORF1a:E1196V;ORF1a:V1222G;ORF1a:T1241K;ORF1a:E1251Q;ORF1a:N1252Y,5,195,0.0256410256410256,0,
3052026,BA.2_0.04_abundance_0.05,T3877A;T4003A,ORF1a:A1204A;ORF1a:T1246T,7,210,0.0333333333333333,0,
3052026,BA.2_0.04_abundance_0.05,T6535A;G6536A;T6556C;G6589C;T6598G;G6632A;T6668G;T6699G;A6731T;C6774G,ORF1a:V2090V;ORF1a:G2091S;ORF1a:A2097A;ORF1a:K2108N;ORF1a:N2111K;ORF1a:A2123T;ORF1a:W2135G;ORF1a:F2145C;ORF1a:I2156L;ORF1a:P2170R,18,403,0.0446650124069478,0,
3052026,BA.2_0.04_abundance_0.05,C7392A;A7409G;G7476A;T7489A;T7499A;C7536G;A7569C;G7577A;G7599A;T7605G;T7612A;G7622A;G7629A,ORF1a:P2376Q;ORF1a:R2382G;ORF1a:C2404Y;ORF1a:T2408T;ORF1a:C2412S;ORF1a:T2424R;ORF1a:Y2435S;ORF1a:A2438T;ORF1a:C2445Y;ORF1a:L2447R;ORF1a:N2449K;ORF1a:V2453I;ORF1a:C2455Y,9,292,0.0308219178082191,0,
3052026,BA.2_0.04_abundance_0.05,G7427A;A7589G,ORF1a:A2388T;ORF1a:K2442E,8,292,0.0273972602739726,0,
3052026,BA.2_0.04_abundance_0.05,A7496C;A7589G,ORF1a:M2411L;ORF1a:K2442E,11,292,0.0376712328767123,0,
3052026,BA.2_0.04_abundance_0.05,A7496C;T7555C;A7589G,ORF1a:M2411L;ORF1a:V2430V;ORF1a:K2442E,5,292,0.0171232876712328,0,
3052026,BA.2_0.04_abundance_0.05,T7555C;T7613A,ORF1a:V2430V;ORF1a:W2450R,5,292,0.0171232876712328,0,
3052026,BA.2_0.04_abundance_0.05,T7555C;A7589G,ORF1a:V2430V;ORF1a:K2442E,29,292,0.0993150684931506,0,
3052026,BA.2_0.04_abundance_0.05,T7555C;A7589G;T7613A,ORF1a:V2430V;ORF1a:K2442E;ORF1a:W2450R,7,292,0.023972602739726,0,
3052026,BA.2_0.04_abundance_0.05,A7589G;T7613A,ORF1a:K2442E;ORF1a:W2450R,8,292,0.0273972602739726,0,
3052026,BA.2_0.04_abundance_0.05,A7710C;G7761C;C7772A;G7781T;C7788G;G7790T;T7801A;C7860T;T7861A;T7876A;C7926G;G7962C,ORF1a:N2482T;ORF1a:G2499A;ORF1a:L2503I;ORF1a:D2506Y;ORF1a:A2508G;ORF1a:G2509C;ORF1a:T2512T;ORF1a:T2532I;ORF1a:T2532T;ORF1a:P2537P;ORF1a:A2554G;ORF1a:C2566S,16,265,0.060377358490566,0,
3052026,BA.2_0.04_abundance_0.05,A8312T;A8378G;A8388T;T8421A;G8422C;T8545C;T8554C,ORF1a:M2683L;ORF1a:K2705E;ORF1a:N2708I;ORF1a:M2719K;ORF1a:M2719I;ORF1a:L2760L;ORF1a:G1945G,5,405,0.0123456790123456,0,
3052026,BA.2_0.04_abundance_0.05,A8312T;A8378G;A8388T;T8421A;G8422C;T8545C,ORF1a:M2683L;ORF1a:K2705E;ORF1a:N2708I;ORF1a:M2719K;ORF1a:M2719I;ORF1a:L2760L,6,405,0.0148148148148148,0,
3052026,BA.2_0.04_abundance_0.05,A8425G;T8554C,ORF1a:S2720S;ORF1a:G1945G,38,405,0.0938271604938271,0,
3052026,BA.2_0.04_abundance_0.05,G8939A;T8954C;G8975C;G9003C;A9023G;T9089A;C9122G;G9130C;G9137A;C9163T;G9173A;T9178G;T9183C,ORF1a:V2892I;ORF1a:Y2897H;ORF1a:E2904Q;ORF1a:C2913S;ORF1a:T2920A;ORF1a:S2942T;ORF1a:R2953G;ORF1a:V2955V;ORF1a:D2958N;ORF1a:N2966N;ORF1a:E2970K;ORF1a:G2971G;ORF1a:V2973A,16,361,0.0443213296398892,0,
3052026,BA.2_0.04_abundance_0.05,G8939A;T8954C;A8967T;G8975C;G9003C;A9023G;T9089A;C9122G;G9130C;G9137A;C9163T;G9173A;T9178G;T9183C,ORF1a:V2892I;ORF1a:Y2897H;ORF1a:K2901I;ORF1a:E2904Q;ORF1a:C2913S;ORF1a:T2920A;ORF1a:S2942T;ORF1a:R2953G;ORF1a:V2955V;ORF1a:D2958N;ORF1a:N2966N;ORF1a:E2970K;ORF1a:G2971G;ORF1a:V2973A,5,361,0.0138504155124653,0,
3052026,BA.2_0.04_abundance_0.05,T9282A;C9344T;A9424G;C9534T,ORF1a:L3006H;ORF1a:L3027F;ORF1a:V3053V;ORF1a:T3090I,12,66,0.1818181818181818,0,
3052026,BA.2_0.04_abundance_0.05,C9515G;C9534T;C9565G;T9574A;T9680A;T9695G;C9700A;G9705A;A9740C;A9748C;A9754C;C9755T;T9818A,ORF1a:L3084V;ORF1a:T3090I;ORF1a:F3100L;ORF1a:G3103G;ORF1a:W3139R;ORF1a:Y3144D;ORF1a:I3145I;ORF1a:C3147Y;ORF1a:N3159H;ORF1a:L3161L;ORF1a:R3163S;ORF1a:R3164C;ORF1a:L3185I,29,605,0.0479338842975206,0,
3052026,BA.2_0.04_abundance_0.05,C9515G;C9534T;C9565G;T9574A;T9680A;T9695G;C9700A;G9705A;A9740C;A9748C;A9754C;C9755T,ORF1a:L3084V;ORF1a:T3090I;ORF1a:F3100L;ORF1a:G3103G;ORF1a:W3139R;ORF1a:Y3144D;ORF1a:I3145I;ORF1a:C3147Y;ORF1a:N3159H;ORF1a:L3161L;ORF1a:R3163S;ORF1a:R3164C,31,1168,0.0265410958904109,0,
3052026,BA.2_0.04_abundance_0.05,C9534T;G9827A,ORF1a:T3090I;ORF1a:E3188K,42,188,0.2234042553191489,15,BA.2.12.1:4;BA.2:4;BA.2.9:2;BA.5.2:2;BA.5.1:1;XBB.1:1;BA.2.10:1
3052026,BA.2_0.04_abundance_0.05,C9534T;C9565G;T9574A;T9680A;T9695G;C9700A;G9705A;A9740C;A9748C;A9754C;C9755T,ORF1a:T3090I;ORF1a:F3100L;ORF1a:G3103G;ORF1a:W3139R;ORF1a:Y3144D;ORF1a:I3145I;ORF1a:C3147Y;ORF1a:N3159H;ORF1a:L3161L;ORF1a:R3163S;ORF1a:R3164C,27,2330,0.011587982832618,0,
3052026,BA.2_0.04_abundance_0.05,C9534T;C9565G;T9574A;T9680A;T9695G;C9700A;G9705A;A9740C;A9748C;A9754C;C9755T;T9818A,ORF1a:T3090I;ORF1a:F3100L;ORF1a:G3103G;ORF1a:W3139R;ORF1a:Y3144D;ORF1a:I3145I;ORF1a:C3147Y;ORF1a:N3159H;ORF1a:L3161L;ORF1a:R3163S;ORF1a:R3164C;ORF1a:L3185I,24,1189,0.0201850294365012,0,
3052026,BA.2_0.04_abundance_0.05,C10029T;G9827A;C9866T,ORF1a:T3255I;ORF1a:E3188K;ORF1a:L3201F,15,35,0.4285714285714285,11,BA.2.12.1:4;BA.2:3;BA.2.9:2;XBB.1:1;BA.2.10:1
3052026,BA.2_0.04_abundance_0.05,T10813G;A10842C;T10852A;C10871A;C10889G;T10913A;T10968G;A10972C;A10987G,ORF1a:L3516L;ORF1a:D3526A;ORF1a:A3529A;ORF1a:Q3536K;ORF1a:R3542G;ORF1a:L3550I;ORF1a:F3568C;ORF1a:Q3569H;ORF1a:R3574R,30,1383,0.0216919739696312,0,
3052026,BA.2_0.04_abundance_0.05,T10813G;A10842C;T10852A;C10871A;G10877A;C10889G;T10913A;T10968G;A10972C;A10987G,ORF1a:L3516L;ORF1a:D3526A;ORF1a:A3529A;ORF1a:Q3536K;ORF1a:G3538S;ORF1a:R3542G;ORF1a:L3550I;ORF1a:F3568C;ORF1a:Q3569H;ORF1a:R3574R,21,1383,0.0151843817787418,0,
3052026,BA.2_0.04_abundance_0.05,G10877A;T10914C;G10937A,ORF1a:G3538S;ORF1a:L3550S;ORF1a:D3558N,17,1383,0.012292118582791,0,
3052026,BA.2_0.04_abundance_0.05,G10877A;T10914C,ORF1a:G3538S;ORF1a:L3550S,124,1383,0.0896601590744757,0,
3052026,BA.2_0.04_abundance_0.05,G10877A;G10937A,ORF1a:G3538S;ORF1a:D3558N,70,1387,0.0504686373467916,0,
3052026,BA.2_0.04_abundance_0.05,T10914C;G10937A,ORF1a:L3550S;ORF1a:D3558N,22,1383,0.0159074475777295,0,
3052026,BA.2_0.04_abundance_0.05,G11064C;T11079G;T11107G;T11125G;T11135C;T11149A;T11164G;T11197G;G11230T,ORF1a:W3600S;ORF1a:F3605C;ORF1a:F3614L;ORF1a:A3620A;ORF1a:F3624L;ORF1a:F3628L;ORF1a:H3633Q;ORF1a:L3644L;ORF1a:M3655I,14,287,0.048780487804878,0,
3052026,BA.2_0.04_abundance_0.05,T11940C;C11942A;A11952T;A11991G;T11997G;C12005G;A12030G;G12052T;C12099A;A12103T;T12112G;C12123G;A12126T;A12130C,ORF1a:V3892A;ORF1a:Q3893K;ORF1a:N3896I;ORF1a:E3909G;ORF1a:M3911R;ORF1a:L3914V;ORF1a:Q3922R;ORF1a:K3929N;ORF1a:A3945D;ORF1a:S3946S;ORF1a:S3949R;ORF1a:S3953*;ORF1a:Y3954F;ORF1a:A3955A,115,2842,0.0404644616467276,0,
3052026,BA.2_0.04_abundance_0.05,C12880T;G12995A,ORF1a:I4205I;ORF1a:G4244S,748,1159,0.6453839516824849,1,B.1:1
3052026,BA.2_0.04_abundance_0.05,G13076A;G13100T;T13111A;C13134G;A13139G;G13148C;A13169C;A13187G;C13206T;A13237C;G13332T;T13354C,ORF1a:A4271T;ORF1a:A4279S;ORF1a:D4282E;ORF1a:P4290R;ORF1a:T4292A;ORF1a:V4295L;ORF1a:T4302P;ORF1a:I4308V;ORF1a:A4314V;ORF1a:A4324A;ORF1a:C4356F;ORF1a:F4363F,18,463,0.038876889848812,0,
3052026,BA.2_0.04_abundance_0.05,G13076A;G13100T;T13111A;C13134G;A13139G;G13148C;A13169C;A13187G;C13206T;A13237C;G13332T,ORF1a:A4271T;ORF1a:A4279S;ORF1a:D4282E;ORF1a:P4290R;ORF1a:T4292A;ORF1a:V4295L;ORF1a:T4302P;ORF1a:I4308V;ORF1a:A4314V;ORF1a:A4324A;ORF1a:C4356F,11,580,0.0189655172413793,0,
3052026,BA.2_0.04_abundance_0.05,T13116C;T13330A,ORF1a:L4284P;ORF1a:T4355T,20,581,0.0344234079173838,0,
3052026,BA.2_0.04_abundance_0.05,A13947T;A13969G;C13987T;A14012T;T14019A;G14020A;T14037C;C14057G;C14110G;A14121T;T14136A;A14142C;A14164T;G14187T;G14202A;T14221A,ORF1b:P160P;ORF1b:N168D;ORF1b:R174C;ORF1b:Q182L;ORF1b:C184*;ORF1b:D185N;ORF1b:A190A;ORF1b:T197R;ORF1b:Q215E;ORF1b:P218P;ORF1b:P223P;ORF1b:V225V;ORF1b:M233L;ORF1b:R240S;ORF1b:E245E;ORF1b:L252I,12,206,0.058252427184466,0,
3052026,BA.2_0.04_abundance_0.05,A13969G;C13987T;A14012T;T14019A;G14020A;T14037C;C14057G;C14110G;A14121T;T14136A;A14142C;A14164T;G14187T;G14202A;T14221A,ORF1b:N168D;ORF1b:R174C;ORF1b:Q182L;ORF1b:C184*;ORF1b:D185N;ORF1b:A190A;ORF1b:T197R;ORF1b:Q215E;ORF1b:P218P;ORF1b:P223P;ORF1b:V225V;ORF1b:M233L;ORF1b:R240S;ORF1b:E245E;ORF1b:L252I,54,1562,0.0345710627400768,0,
3052026,BA.2_0.04_abundance_0.05,C14408T;T14426C,ORF1b:P314L;ORF1b:L320P,103,942,0.1093418259023354,2,B.1.1.216:1;B.1.1.7:1
3052026,BA.2_0.04_abundance_0.05,G14587C;C14618A;A14651C;T14652C;G14701T;C14760A;T14769G;A14795C;T14828G;T14846G;T14864G;T14880G;C14889A,ORF1b:A374P;ORF1b:T384N;ORF1b:N395T;ORF1b:N395N;ORF1b:D412Y;ORF1b:F431L;ORF1b:A434A;ORF1b:D443A;ORF1b:M454R;ORF1b:L460R;ORF1b:V466G;ORF1b:F471L;ORF1b:Y474*,6,177,0.0338983050847457,0,
3052026,BA.2_0.04_abundance_0.05,A15247G;T15348C,ORF1b:K594E;ORF1b:L627L,280,3819,0.0733176224142445,0,
3052026,BA.2_0.04_abundance_0.05,A15247G;T15348C;T15528C,ORF1b:K594E;ORF1b:L627L;ORF1b:I687I,6,377,0.0159151193633952,0,
3052026,BA.2_0.04_abundance_0.05,A15296G;T15348C,ORF1b:Y610C;ORF1b:L627L,224,3819,0.0586540979313956,0,
3052026,BA.2_0.04_abundance_0.05,T15348C;T15528C,ORF1b:L627L;ORF1b:I687I,16,377,0.0424403183023872,0,
3052026,BA.2_0.04_abundance_0.05,T15528C;C15714T;T15790C,ORF1b:I687I;ORF1b:L749L;ORF1b:S775P,66,5244,0.0125858123569794,0,
3052026,BA.2_0.04_abundance_0.05,T15528C;C15714T,ORF1b:I687I;ORF1b:L749L,386,5603,0.0688916651793681,48,BA.5.2.1:2;BA.2:11;BA.5.1.5:2;BQ.1.23:1;BA.5.2:5;BA.2.10:1;BA.5.1.3:1;CQ.1:12;BA.2.9:2;BA.2.32:1;BF.26:1;BE.1:1;BA.5.1:1;BA.2.3:1;BA.2.1:1;BA.5.2.7:1;BA.4.6:1;BA.5.5:2;BF.5:1
3052026,BA.2_0.04_abundance_0.05,G15543A;G15550A;C15566A;A15580T;G15627C;G15649T;G15672A;C15714T;C15716T;T15737A;A15742C;A15772G;A15845C,ORF1b:T692T;ORF1b:V695I;ORF1b:S700Y;ORF1b:K705*;ORF1b:E720D;ORF1b:V728F;ORF1b:E735E;ORF1b:L749L;ORF1b:S750F;ORF1b:F757Y;ORF1b:S759R;ORF1b:S769G;ORF1b:E793A,55,3168,0.0173611111111111,0,
3052026,BA.2_0.04_abundance_0.05,G15543A;G15550A;C15566A;A15580T;G15627C;G15649T;G15672A;C15714T;C15716T;T15737A;A15742C;A15772G,ORF1b:T692T;ORF1b:V695I;ORF1b:S700Y;ORF1b:K705*;ORF1b:E720D;ORF1b:V728F;ORF1b:E735E;ORF1b:L749L;ORF1b:S750F;ORF1b:F757Y;ORF1b:S759R;ORF1b:S769G,59,5257,0.0112231310633441,0,
3052026,BA.2_0.04_abundance_0.05,G15543A;G15550A;C15566A;A15580T;G15627C;G15649T;G15672A;C15714T;C15716T;T15729A;T15737A;A15742C;A15772G;A15845C,ORF1b:T692T;ORF1b:V695I;ORF1b:S700Y;ORF1b:K705*;ORF1b:E720D;ORF1b:V728F;ORF1b:E735E;ORF1b:L749L;ORF1b:S750F;ORF1b:V754V;ORF1b:F757Y;ORF1b:S759R;ORF1b:S769G;ORF1b:E793A,47,1430,0.0328671328671328,0,
3052026,BA.2_0.04_abundance_0.05,G15543A;G15550A;C15566A;A15580T;G15627C;G15649T;G15672A;C15714T;C15716T;T15729A;T15737A;A15742C;A15772G,ORF1b:T692T;ORF1b:V695I;ORF1b:S700Y;ORF1b:K705*;ORF1b:E720D;ORF1b:V728F;ORF1b:E735E;ORF1b:L749L;ORF1b:S750F;ORF1b:V754V;ORF1b:F757Y;ORF1b:S759R;ORF1b:S769G,38,2402,0.015820149875104,0,
3052026,BA.2_0.04_abundance_0.05,C15701A;C15714T,ORF1b:S745*;ORF1b:L749L,121,5619,0.0215340807972948,1,BA.2:1
3052026,BA.2_0.04_abundance_0.05,C15714T;T15790C,ORF1b:L749L;ORF1b:S775P,594,5258,0.1129707112970711,1,BA.5:1
3052026,BA.2_0.04_abundance_0.05,T15915G;T15916C;A15917T;T15920G;G15961C;T16004G;G16027C;A16055T;A16128T;G16130A,ORF1b:D816E;ORF1b:Y817H;ORF1b:Y817F;ORF1b:V818G;ORF1b:G832R;ORF1b:M846R;ORF1b:A854P;ORF1b:H863L;ORF1b:T887T;ORF1b:G888E,29,1547,0.0187459599224305,0,
3052026,BA.2_0.04_abundance_0.05,T15915G;T15916C;A15917T;T15920G;G15961C;T15978G;T16004G;G16027C;A16055T;A16128T;G16130A,ORF1b:D816E;ORF1b:Y817H;ORF1b:Y817F;ORF1b:V818G;ORF1b:G832R;ORF1b:D837E;ORF1b:M846R;ORF1b:A854P;ORF1b:H863L;ORF1b:T887T;ORF1b:G888E,41,1547,0.02650290885585,0,
3052026,BA.2_0.04_abundance_0.05,G16280T;C16375A,ORF1b:R938I;ORF1b:P970T,25,756,0.033068783068783,0,
3052026,BA.2_0.04_abundance_0.05,T16353C;C16375A,ORF1b:H962H;ORF1b:P970T,40,756,0.0529100529100529,0,
3052026,BA.2_0.04_abundance_0.05,T16353C;G16435C,ORF1b:H962H;ORF1b:G990R,8,754,0.0106100795755968,0,
3052026,BA.2_0.04_abundance_0.05,C16375A;G16435C,ORF1b:P970T;ORF1b:G990R,26,754,0.0344827586206896,0,
3052026,BA.2_0.04_abundance_0.05,A16520T;C16559G;A16583T;A16620C;T16631A;T16632A;G16639A;G16654C,ORF1b:N1018I;ORF1b:A1031G;ORF1b:N1039I;ORF1b:E1051D;ORF1b:L1055H;ORF1b:L1055L;ORF1b:A1058T;ORF1b:A1063P,6,130,0.0461538461538461,0,
3052026,BA.2_0.04_abundance_0.05,T16908A;T16913C;A16923C;C16928T;G16959C;A16967G;C17000A;A17037T;G17058A;T17067G,ORF1b:Y1147*;ORF1b:V1149A;ORF1b:S1152S;ORF1b:T1154I;ORF1b:V1164V;ORF1b:E1167G;ORF1b:T1178K;ORF1b:A1190A;ORF1b:M1197I;ORF1b:Y1200*,109,1931,0.0564474365613671,0,
3052026,BA.2_0.04_abundance_0.05,T17150G;T17208C;T17224G;T17226G;A17233G;A17269C;T17319C;T17364A;C17372A;T17379C,ORF1b:V1228G;ORF1b:Y1247Y;ORF1b:C1253G;ORF1b:C1253W;ORF1b:I1256V;ORF1b:K1268Q;ORF1b:N1284N;ORF1b:I1299I;ORF1b:A1302D;ORF1b:N1304N,32,2941,0.0108806528391703,0,
3052026,BA.2_0.04_abundance_0.05,T17150G;T17208C;T17224G;T17226G;A17233G;A17269C;T17319C;T17364A;C17372A;T17379C;C17403G,ORF1b:V1228G;ORF1b:Y1247Y;ORF1b:C1253G;ORF1b:C1253W;ORF1b:I1256V;ORF1b:K1268Q;ORF1b:N1284N;ORF1b:I1299I;ORF1b:A1302D;ORF1b:N1304N;ORF1b:A1312A,57,2579,0.0221015897634742,0,
3052026,BA.2_0.04_abundance_0.05,T17150G;T17208C;T17224G;T17226G;A17233G;A17269C;T17319C;T17364A;C17372A;T17379C;C17403G;A17409G;C17410T;T17415C,ORF1b:V1228G;ORF1b:Y1247Y;ORF1b:C1253G;ORF1b:C1253W;ORF1b:I1256V;ORF1b:K1268Q;ORF1b:N1284N;ORF1b:I1299I;ORF1b:A1302D;ORF1b:N1304N;ORF1b:A1312A;ORF1b:L1314L;ORF1b:R1315C;ORF1b:A1316A,35,822,0.0425790754257907,0,
3052026,BA.2_0.04_abundance_0.05,A17409G;C17410T;T17415C;A17429C;T17442G;C17463A;G17469C;T17510G;A17525C;A17593G;G17602C;A17606C;A17614T;C17649T;C17710G;T17714A,ORF1b:L1314L;ORF1b:R1315C;ORF1b:A1316A;ORF1b:Y1321S;ORF1b:P1325P;ORF1b:R1332R;ORF1b:L1334F;ORF1b:V1348G;ORF1b:K1353T;ORF1b:S1376G;ORF1b:V1379L;ORF1b:Y1380S;ORF1b:K1383*;ORF1b:C1394C;ORF1b:Q1415E;ORF1b:I1416K,6,138,0.0434782608695652,0,
3052026,BA.2_0.04_abundance_0.05,C17410T;G17596C,ORF1b:R1315C;ORF1b:A1377P,27,207,0.1304347826086956,0,
3052026,BA.2_0.04_abundance_0.05,A17429C;T17442G;C17463A;G17469C;T17510G;A17525C;A17593G;G17602C;A17606C;A17614T;C17649T;C17710G;T17714A,ORF1b:Y1321S;ORF1b:P1325P;ORF1b:R1332R;ORF1b:L1334F;ORF1b:V1348G;ORF1b:K1353T;ORF1b:S1376G;ORF1b:V1379L;ORF1b:Y1380S;ORF1b:K1383*;ORF1b:C1394C;ORF1b:Q1415E;ORF1b:I1416K,59,1458,0.0404663923182441,0,
3052026,BA.2_0.04_abundance_0.05,T17714A;C17762A;G17764T;T17771A;C17818T;T17859C;T17863G;C17885T;T17901G;T17922A;T17925G;C17933G;T17963A;A17969C,ORF1b:I1416K;ORF1b:A1432D;ORF1b:V1433F;ORF1b:I1435N;ORF1b:L1451L;ORF1b:Y1464Y;ORF1b:Y1466D;ORF1b:T1473I;ORF1b:S1478S;ORF1b:N1485K;ORF1b:V1486V;ORF1b:T1489S;ORF1b:M1499K;ORF1b:D1501A,7,400,0.0175,0,
3052026,BA.2_0.04_abundance_0.05,C17762A;G17764T;T17771A;C17818T;T17859C;T17863G;C17885T;T17901G;T17922A;T17925G;C17933G;T17963A;A17969C,ORF1b:A1432D;ORF1b:V1433F;ORF1b:I1435N;ORF1b:L1451L;ORF1b:Y1464Y;ORF1b:Y1466D;ORF1b:T1473I;ORF1b:S1478S;ORF1b:N1485K;ORF1b:V1486V;ORF1b:T1489S;ORF1b:M1499K;ORF1b:D1501A,9,570,0.0157894736842105,0,
3052026,BA.2_0.04_abundance_0.05,C17845G;G18017A,ORF1b:Q1460E;ORF1b:R1517H,5,454,0.0110132158590308,0,
3052026,BA.2_0.04_abundance_0.05,G18017A;A18163G,ORF1b:R1517H;ORF1b:I1566V,241,730,0.3301369863013698,20,BA.5.2.9:5;BA.2:5;BA.2.34:1;BA.5.2:2;BQ.1.1:1;BA.1.1:3;BA.2.75:1;BA.4.1:1;BA.2.10:1
3052026,BA.2_0.04_abundance_0.05,G18017A;C18041A;G18088C;C18094T;T18123G;G18145A;A18163G;G18213T;T18276A;C18303A,ORF1b:R1517H;ORF1b:A1525D;ORF1b:G1541R;ORF1b:H1543Y;ORF1b:S1552R;ORF1b:E1560K;ORF1b:I1566V;ORF1b:M1582I;ORF1b:A1603A;ORF1b:G1612G,8,524,0.015267175572519,0,
3052026,BA.2_0.04_abundance_0.05,G18017A;A18116T;A18163G,ORF1b:R1517H;ORF1b:H1550L;ORF1b:I1566V,11,730,0.0150684931506849,0,
3052026,BA.2_0.04_abundance_0.05,C18041A;G18088C;C18094T;T18123G;G18145A;A18163G;G18213T;T18276A;C18303A,ORF1b:A1525D;ORF1b:G1541R;ORF1b:H1543Y;ORF1b:S1552R;ORF1b:E1560K;ORF1b:I1566V;ORF1b:M1582I;ORF1b:A1603A;ORF1b:G1612G,13,524,0.0248091603053435,0,
3052026,BA.2_0.04_abundance_0.05,A18116T;A18163G,ORF1b:H1550L;ORF1b:I1566V,16,730,0.021917808219178,1,BQ.1.10:1
3052026,BA.2_0.04_abundance_0.05,C18976G;C19018T;G19072T;C19089A;C19099A;C19103G;T19146C;G19177A;G19194C;G19207A;G19231A;A19237G;A19244T,ORF1b:Q1837E;ORF1b:P1851S;ORF1b:D1869Y;ORF1b:F1874L;ORF1b:Q1878K;ORF1b:P1879R;ORF1b:S1893S;ORF1b:G1904S;ORF1b:W1909C;ORF1b:D1914N;ORF1b:V1922I;ORF1b:R1924G;ORF1b:D1926V,19,979,0.0194075587334014,0,
3052026,BA.2_0.04_abundance_0.05,C18976G;C19018T;G19072T;C19089A;C19099A;C19103G;T19146C;G19177A;G19194C;G19207A;G19231A;A19237G;A19244T;T19258G;T19260C,ORF1b:Q1837E;ORF1b:P1851S;ORF1b:D1869Y;ORF1b:F1874L;ORF1b:Q1878K;ORF1b:P1879R;ORF1b:S1893S;ORF1b:G1904S;ORF1b:W1909C;ORF1b:D1914N;ORF1b:V1922I;ORF1b:R1924G;ORF1b:D1926V;ORF1b:S1931A;ORF1b:S1931S,10,319,0.0313479623824451,0,
3052026,BA.2_0.04_abundance_0.05,C18976G;C19018T;G19072T;C19089A;C19099A;C19103G;T19146C;G19177A;G19194C;G19207A;G19231A;A19237G;A19244T;T19258G,ORF1b:Q1837E;ORF1b:P1851S;ORF1b:D1869Y;ORF1b:F1874L;ORF1b:Q1878K;ORF1b:P1879R;ORF1b:S1893S;ORF1b:G1904S;ORF1b:W1909C;ORF1b:D1914N;ORF1b:V1922I;ORF1b:R1924G;ORF1b:D1926V;ORF1b:S1931A,7,441,0.0158730158730158,0,
3052026,BA.2_0.04_abundance_0.05,T19914A;A20055G,ORF1b:T2149T;ORF1b:E2196E,13,42,0.3095238095238095,4,BA.2.75:1;BA.5.2.20:1;BA.5.1:1;BF.7.5:1
3052026,BA.2_0.04_abundance_0.05,T21886G;G21987A,S:T108T;S:G142D,899,1693,0.5310100413467218,8,AY.44:1;AY.122:1;BQ.1.1.5:2;BA.1.1:2;BF.5:1;BA.5.2:1
3052026,BA.2_0.04_abundance_0.05,T22117A;T22200G,S:N185K;S:V213G,22,489,0.0449897750511247,20,BA.2.75:2;BA.5.1.25:2;BA.2.38:6;BA.2:6;BF.27:3;BA.2.68:1
3052026,BA.2_0.04_abundance_0.05,T22613A;C22674T;T22679C;C22686T;A22688G;G22775A;A22786C;G22813T,S:Y351N;S:S371F;S:S373P;S:S375F;S:T376A;S:D405N;S:R408S;S:K417N,42,194,0.2164948453608247,9,BA.2:6;BA.2.9:1;BA.2.5:2
3052026,BA.2_0.04_abundance_0.05,G22870C;T22891A;T22937C;A22974C;G22992A;C22995A;A22996C;C22998G;G23001C;A23013C;T23026A;T23032C;A23040G;A23148C;T23152A,S:W436C;S:S443S;S:S459P;S:E471A;S:S477N;S:T478K;S:T478T;S:P479R;S:C480S;S:E484A;S:C488*;S:F490F;S:Q493R;S:K529T;S:S530S,6,125,0.048,0,
3052026,BA.2_0.04_abundance_0.05,G22992A;C22995A;A23013C;T23026A;A23040G,S:S477N;S:T478K;S:E484A;S:C488*;S:Q493R,48,144,0.3333333333333333,0,
3052026,BA.2_0.04_abundance_0.05,T23178A;A23181C;T23183C;G23222T;G23264C;T23272A;C23280A;C23286G;G23288T;T23289A;T23308A;G23309C;T23322A;A23357G;T23377G;C23393A;A23397C;A23403G;T23421C;T23468A;T23479G,S:V539D;S:N540T;S:F541L;S:E554*;S:D568H;S:A570A;S:T573N;S:A575G;S:V576F;S:V576D;S:L582L;S:E583Q;S:I587N;S:T599A;S:S605S;S:L611I;S:Y612S;S:D614G;S:V620A;S:Y636N;S:G639G,46,1384,0.0332369942196531,0,
3052026,BA.2_0.04_abundance_0.05,T23178A;A23181C;T23183C;G23222T;G23264C;T23272A;C23280A;C23286G;G23288T;T23289A;T23308A;G23309C;T23322A;A23357G;T23377G;C23393A;A23397C;A23403G;T23421C;T23468A;T23479G;T23487A,S:V539D;S:N540T;S:F541L;S:E554*;S:D568H;S:A570A;S:T573N;S:A575G;S:V576F;S:V576D;S:L582L;S:E583Q;S:I587N;S:T599A;S:S605S;S:L611I;S:Y612S;S:D614G;S:V620A;S:Y636N;S:G639G;S:V642D,17,399,0.0426065162907268,0,
3052026,BA.2_0.04_abundance_0.05,C23854A;G23948T;T24024G,S:N764K;S:D796Y;S:L821R,90,378,0.238095238095238,0,
3052026,BA.2_0.04_abundance_0.05,T25058C;T25070G;G25116T;T25129C;C25151T;A25195C;A25255T;T25265C;T25268A;C25318G,S:L1166L;S:S1170A;S:R1185L;S:V1189V;S:L1197F;S:K1211N;S:T1231T;S:C1235R;S:C1236S;S:S1252S,35,660,0.053030303030303,0,
3052026,BA.2_0.04_abundance_0.05,C25318G;T25343C;A25351G;T25370A;T25476G;C25484G;T25496G;C25508G;T25532G;C25549A;G25555A;C25584T;T25586A,S:S1252S;S:S1261P;S:P1263P;S:L1270I;ORF3a:F28L;ORF3a:A31G;ORF3a:I35R;ORF3a:A39G;ORF3a:I47S;ORF3a:L53I;ORF3a:V55I;ORF3a:T64T;ORF3a:L65H,14,1103,0.0126926563916591,0,
3052026,BA.2_0.04_abundance_0.05,C25318G;T25343C;A25351G;T25370A;T25476G;C25484G;T25496G;C25508G;T25532G;C25549A;G25555A;C25584T;T25586A;T25627A;T25628A,S:S1252S;S:S1261P;S:P1263P;S:L1270I;ORF3a:F28L;ORF3a:A31G;ORF3a:I35R;ORF3a:A39G;ORF3a:I47S;ORF3a:L53I;ORF3a:V55I;ORF3a:T64T;ORF3a:L65H;ORF3a:F79I;ORF3a:F79Y,39,854,0.0456674473067915,0,
3052026,BA.2_0.04_abundance_0.05,T25343C;A25351G;T25370A;T25476G;C25484G;T25496G;C25508G;T25532G;C25549A;G25555A;C25584T;T25586A;T25627A;T25628A,S:S1261P;S:P1263P;S:L1270I;ORF3a:F28L;ORF3a:A31G;ORF3a:I35R;ORF3a:A39G;ORF3a:I47S;ORF3a:L53I;ORF3a:V55I;ORF3a:T64T;ORF3a:L65H;ORF3a:F79I;ORF3a:F79Y,25,1471,0.0169952413324269,0,
3052026,BA.2_0.04_abundance_0.05,A25397C;C25584T,ORF3a:D2A;ORF3a:T64T,94,1911,0.0491889063317634,62,BA.2:3;BA.5.6:3;BA.1.1:8;BA.1:27;BA.1.15:1;BA.5.1.23:2;BA.2.1:1;BA.5.2.1:8;BA.2.9:1;BA.2.12:1;BA.2.3.17:1;BA.4.1:1;BA.5.2:1;BE.1.1:2;BA.2.10:2
3052026,BA.2_0.04_abundance_0.05,A25397C;A25582C;C25584T,ORF3a:D2A;ORF3a:T64P;ORF3a:T64T,57,1911,0.0298273155416012,0,
3052026,BA.2_0.04_abundance_0.05,G25500C;C25584T,ORF3a:P36P;ORF3a:T64T,60,1914,0.0313479623824451,286,BA.1.1:16;BA.1.15:2;BA.2:117;BA.5:2;BA.2.24:1;BA.5.2.19:1;BA.1:25;BA.2.36:31;BA.2.9:11;B.1.1.7:1;BF.7:1;BA.2.3.20:5;BA.2.10.2:1;BA.2.56:16;BA.1.1.1:2;BA.2.3:2;BA.4.1:1;BA.5.1.10:4;BA.5.2.1:6;BA.1.14:1;BQ.1.1.22:8;BA.1.18:1;BA.5.2:3;BA.5.1:3;BA.1.1.18:1;BA.5.1.12:7;BE.1:1;BA.1.17.2:6;BL.1:1;BA.2.75:1;BQ.1.8:1;BF.10:2;DF.1:1;BA.1.15.1:1;BA.5.5:1;BA.2.3.14:1;B.1.1.529:1
3052026,BA.2_0.04_abundance_0.05,G25500C;A25582C;C25584T,ORF3a:P36P;ORF3a:T64P;ORF3a:T64T,27,1914,0.0141065830721003,0,
3052026,BA.2_0.04_abundance_0.05,A25582C;C25584T,ORF3a:T64P;ORF3a:T64T,498,1914,0.2601880877742947,2,BA.2.1:1;BA.2.3:1
3052026,BA.2_0.04_abundance_0.05,A25799C;C25867G;G25879T;C25919G,ORF3a:K136T;ORF3a:P159A;ORF3a:V163L;ORF3a:T176R,41,1488,0.0275537634408602,0,
3052026,BA.2_0.04_abundance_0.05,C26270T;G26466C,E:T9I;E:L74L,49,348,0.1408045977011494,2,BA.1:1;BA.2.10:1
3052026,BA.2_0.04_abundance_0.05,A26547G;T26551A;C26577G;T26580G;A26592G;A26643T;T26657C;G26660C;G26696A;G26709A;G26713A;C26725A;A26738T;G26779C;T26794A;T26837A;G26852A;C26858T,M:T9A;M:V10D;M:Q19E;M:W20G;M:I24V;M:N41Y;M:F45F;M:L46F;M:W58*;M:A63T;M:C64Y;M:A68D;M:R72S;M:C86S;M:M91K;M:R105R;M:W110*;M:F112F,20,398,0.050251256281407,0,
3052026,BA.2_0.04_abundance_0.05,T26551A;C26577G;T26580G;A26592G;A26643T;T26657C;G26660C;G26696A;G26709A;G26713A;C26725A;A26738T;G26779C;T26794A;T26837A;G26852A;C26858T,M:V10D;M:Q19E;M:W20G;M:I24V;M:N41Y;M:F45F;M:L46F;M:W58*;M:A63T;M:C64Y;M:A68D;M:R72S;M:C86S;M:M91K;M:R105R;M:W110*;M:F112F,14,690,0.0202898550724637,0,
3052026,BA.2_0.04_abundance_0.05,C26577G;T26580G;A26592G;A26643T;T26657C;G26660C;G26696A;G26709A;G26713A;C26725A;A26738T;G26779C;T26794A;T26837A;G26852A;C26858T,M:Q19E;M:W20G;M:I24V;M:N41Y;M:F45F;M:L46F;M:W58*;M:A63T;M:C64Y;M:A68D;M:R72S;M:C86S;M:M91K;M:R105R;M:W110*;M:F112F,165,4017,0.0410754294249439,0,
3052026,BA.2_0.04_abundance_0.05,C27180T;T27184G;A27234G;G27235C;A27237G;A27259C;C27263A;A27290G;A27293C;A27334T;G27382C;A27383T;T27384C;T27402G;A27423C;A27475T,M:L220F;M:V221G;ORF6:I11M;ORF6:A12P;ORF6:A12A;ORF6:R20R;ORF6:T21N;ORF6:D30G;ORF6:Y31S;ORF6:T45S;ORF6:D61H;ORF6:D61V;ORF6:D61D;ORF7a:I3M;ORF7a:I10I;ORF7a:T28S,35,774,0.045219638242894,0,
3052026,BA.2_0.04_abundance_0.05,C27180T;T27184G;A27234G;G27235C;A27237G;A27259C;C27263A;A27290G;A27293C;A27334T;G27382C;A27383T;T27384C;T27402G;A27423C;A27475T;T27496G,M:L220F;M:V221G;ORF6:I11M;ORF6:A12P;ORF6:A12A;ORF6:R20R;ORF6:T21N;ORF6:D30G;ORF6:Y31S;ORF6:T45S;ORF6:D61H;ORF6:D61V;ORF6:D61D;ORF7a:I3M;ORF7a:I10I;ORF7a:T28S;ORF7a:C35G,7,215,0.0325581395348837,0,
3052026,BA.2_0.04_abundance_0.05,T27184G;A27234G;G27235C;A27237G;A27259C;C27263A;A27290G;A27293C;A27334T;G27382C;A27383T;T27384C;T27402G;A27423C;A27475T,M:V221G;ORF6:I11M;ORF6:A12P;ORF6:A12A;ORF6:R20R;ORF6:T21N;ORF6:D30G;ORF6:Y31S;ORF6:T45S;ORF6:D61H;ORF6:D61V;ORF6:D61D;ORF7a:I3M;ORF7a:I10I;ORF7a:T28S,16,1243,0.0128720836685438,0,
3052026,BA.2_0.04_abundance_0.05,A27259C;A27284G;G27382C;A27383T;T27384C,ORF6:R20R;ORF6:N28S;ORF6:D61H;ORF6:D61V;ORF6:D61D,456,1338,0.3408071748878923,2,BA.2.9:1;BA.2.12.1:1
3052026,BA.2_0.04_abundance_0.05,A27259C;A27284G,ORF6:R20R;ORF6:N28S,35,1449,0.0241545893719806,3,BA.2.9:1;BA.2.12.1:1;BA.1.1:1
3052026,BA.2_0.04_abundance_0.05,A27259C;A27284G;A27372T;G27382C;A27383T;T27384C,ORF6:R20R;ORF6:N28S;ORF6:P57P;ORF6:D61H;ORF6:D61V;ORF6:D61D,16,1338,0.0119581464872944,0,
3052026,BA.2_0.04_abundance_0.05,T27810A;A27825C;T27837C;T27901G;T27902C;A27917G;A27965C;A27983T;T28010A;C28011A;T28130G,ORF7b:F19I;ORF7b:M24L;ORF7b:F28L;ORF8:F3C;ORF8:F3F;ORF8:G8G;ORF8:S24S;ORF8:P30P;ORF8:I39I;ORF8:H40N;ORF8:Y79*,5,95,0.0526315789473684,0,
3052026,BA.2_0.04_abundance_0.05,A27825C;T27837C;T27901G;T27902C;A27917G;A27965C;A27983T;T28010A;C28011A;T28130G,ORF7b:M24L;ORF7b:F28L;ORF8:F3C;ORF8:F3F;ORF8:G8G;ORF8:S24S;ORF8:P30P;ORF8:I39I;ORF8:H40N;ORF8:Y79*,38,962,0.0395010395010395,0,
3052026,BA.2_0.04_abundance_0.05,A27825C;T27837C;T27901G;T27902C;A27917G;A27965C;A27983T;T28010A;C28011A,ORF7b:M24L;ORF7b:F28L;ORF8:F3C;ORF8:F3F;ORF8:G8G;ORF8:S24S;ORF8:P30P;ORF8:I39I;ORF8:H40N,36,1609,0.0223741454319453,0,
3052026,BA.2_0.04_abundance_0.05,T27837C;T27901G;T27902C;A27917G;A27965C;A27983T;T28010A;C28011A;T28130G,ORF7b:F28L;ORF8:F3C;ORF8:F3F;ORF8:G8G;ORF8:S24S;ORF8:P30P;ORF8:I39I;ORF8:H40N;ORF8:Y79*,12,1187,0.0101095197978096,0,
3052026,BA.2_0.04_abundance_0.05,T28130G;A28173T;G28183A;T28192G;A28207C;T28224G;A28274C;C28291G;A28295T;G28307A;C28311T;G28337T;C28344A;G28375T,ORF8:Y79*;ORF8:K94*;ORF8:S97N;ORF8:V100G;ORF8:Y105S;ORF8:Y111D;N:MX;N:P6P;N:N8Y;N:A12T;N:P13L;N:D22Y;N:T24N;N:G34G,130,3237,0.0401606425702811,0,
3052026,BA.2_0.04_abundance_0.05,T28241A;C28311T,ORF8:V116V;N:P13L,902,3500,0.2577142857142857,2,BA.1.1:2
3052026,BA.2_0.04_abundance_0.05,C28437A;C28471A;C28512A;G28551T;G28580A;A28626T;A28633G;T28678A;C28687T;A28701T,N:A55D;N:F66L;N:P80Q;N:R93L;N:D103N;N:E118V;N:G120G;N:T135T;N:A138A;N:K143I,16,429,0.0372960372960372,0,
3052026,BA.2_0.04_abundance_0.05,T29036G;A29039C;C29061T;C29067G;A29079C;G29106T;G29132T;A29181T;G29204T;T29225G;A29237G;C29247T;A29267G;T29278C;C29280A;A29307G,N:S255A;N:K256Q;N:T263I;N:T265S;N:N269T;N:G278V;N:G287W;N:Q303L;N:A311S;N:S318A;N:M322V;N:T325I;N:T332A;N:G335G;N:A336D;N:N345S,85,1926,0.0441329179646936,0,
3052026,BA.2_0.04_abundance_0.05,T29036G;A29039C;C29061T;C29067G;A29079C;G29106T;G29132T;A29181T;G29204T;T29225G;A29237G;C29247T;A29267G;T29278C;C29280A;A29307G;G29345A,N:S255A;N:K256Q;N:T263I;N:T265S;N:N269T;N:G278V;N:G287W;N:Q303L;N:A311S;N:S318A;N:M322V;N:T325I;N:T332A;N:G335G;N:A336D;N:N345S;N:D358N,8,243,0.0329218106995884,0,
