Date,Site,Nt Mutations,AA Mutations,Support DP,Total DP,Combined Freq,Overall Occurrence,Lineage Occurrence
1012026,BA.2_0.05_abundance_0.05_0.2,G269C;A297C;C307A;T312A;T334C;C344T;G353C;G359T;T369G,ORF1a:E2Q;ORF1a:K11T;ORF1a:V14V;ORF1a:L16H;ORF1a:V23V;ORF1a:L27F;ORF1a:G30R;ORF1a:G32*;ORF1a:V35G,14,478,0.0292887029288702,0,
1012026,BA.2_0.05_abundance_0.05_0.2,G269C;A297C;C307A;T312A;T334C;C344T;G353C;G359T,ORF1a:E2Q;ORF1a:K11T;ORF1a:V14V;ORF1a:L16H;ORF1a:V23V;ORF1a:L27F;ORF1a:G30R;ORF1a:G32*,10,662,0.0151057401812688,0,
1012026,BA.2_0.05_abundance_0.05_0.2,C344T;G353C;G359T;T369G;C449T;G470T;G483C;G524T;G542T;G564C;T580G;C609T;A610C;G636A;A647C;A655T;T658C;T670G,ORF1a:L27F;ORF1a:G30R;ORF1a:G32*;ORF1a:V35G;ORF1a:P62S;ORF1a:V69L;ORF1a:R73P;ORF1a:E87*;ORF1a:E93*;ORF1a:S100T;ORF1a:G105G;ORF1a:P115L;ORF1a:P115P;ORF1a:R124H;ORF1a:N128H;ORF1a:G130G;ORF1a:A131A;ORF1a:S135R,8,134,0.0597014925373134,0,
1012026,BA.2_0.05_abundance_0.05_0.2,G353C;G359T;T369G;C449T;G470T;G483C;G524T;G542T;G564C;T580G;C609T;A610C;G636A;A647C;A655T;T658C;T670G,ORF1a:G30R;ORF1a:G32*;ORF1a:V35G;ORF1a:P62S;ORF1a:V69L;ORF1a:R73P;ORF1a:E87*;ORF1a:E93*;ORF1a:S100T;ORF1a:G105G;ORF1a:P115L;ORF1a:P115P;ORF1a:R124H;ORF1a:N128H;ORF1a:G130G;ORF1a:A131A;ORF1a:S135R,26,520,0.05,0,
1012026,BA.2_0.05_abundance_0.05_0.2,G359T;T369G;C449T;G470T;G483C;G524T;G542T;G564C;T580G;C609T;A610C;G636A;A647C;A655T;T658C;T670G,ORF1a:G32*;ORF1a:V35G;ORF1a:P62S;ORF1a:V69L;ORF1a:R73P;ORF1a:E87*;ORF1a:E93*;ORF1a:S100T;ORF1a:G105G;ORF1a:P115L;ORF1a:P115P;ORF1a:R124H;ORF1a:N128H;ORF1a:G130G;ORF1a:A131A;ORF1a:S135R,37,1432,0.0258379888268156,0,
1012026,BA.2_0.05_abundance_0.05_0.2,T369G;C449T;G470T;G483C;G524T;G542T;G564C;T580G;C609T;A610C;G636A;A647C;A655T;T658C;T670G,ORF1a:V35G;ORF1a:P62S;ORF1a:V69L;ORF1a:R73P;ORF1a:E87*;ORF1a:E93*;ORF1a:S100T;ORF1a:G105G;ORF1a:P115L;ORF1a:P115P;ORF1a:R124H;ORF1a:N128H;ORF1a:G130G;ORF1a:A131A;ORF1a:S135R,37,2444,0.0151391162029459,0,
1012026,BA.2_0.05_abundance_0.05_0.2,T670G;G801C;G896T,ORF1a:S135R;ORF1a:G179A;ORF1a:A211S,12,315,0.0380952380952381,0,
1012026,BA.2_0.05_abundance_0.05_0.2,T670G;G896T,ORF1a:S135R;ORF1a:A211S,194,315,0.6158730158730159,70,BF.10:3;BA.5.2.6:56;BA.2:6;BA.5.2:2;BF.21:1;BA.5:1;BE.1:1
1012026,BA.2_0.05_abundance_0.05_0.2,T670G;G801C,ORF1a:S135R;ORF1a:G179A,9,332,0.0271084337349397,1,BA.5.2.1:1
1012026,BA.2_0.05_abundance_0.05_0.2,G801C;G896T,ORF1a:G179A;ORF1a:A211S,133,2895,0.0459412780656304,0,
1012026,BA.2_0.05_abundance_0.05_0.2,T1623A;C1628A;A1629T;A1644G;A1646C;A1731C;T1745C;G1782C;G1784C;G1827A;A1829G;A1849T;A1852T;C1878G;G1883A,ORF1a:I453K;ORF1a:Q455K;ORF1a:Q455L;ORF1a:N460S;ORF1a:I461L;ORF1a:E489A;ORF1a:L494L;ORF1a:C506S;ORF1a:G507R;ORF1a:W521*;ORF1a:N522D;ORF1a:S528S;ORF1a:I529I;ORF1a:S538*;ORF1a:A540T,69,1638,0.0421245421245421,0,
1012026,BA.2_0.05_abundance_0.05_0.2,C2227G;T2230C;C2245T;T2307A;A2345T;A2367G;C2371A;A2430G;A2437C;G2447T;A2452T;C2453A;A2483G;G2494A,ORF1a:T654T;ORF1a:C655C;ORF1a:V660V;ORF1a:L681H;ORF1a:I694F;ORF1a:K701R;ORF1a:A702A;ORF1a:K722R;ORF1a:R724S;ORF1a:G728C;ORF1a:L729L;ORF1a:L730I;ORF1a:I740V;ORF1a:E743E,17,372,0.0456989247311828,0,
1012026,BA.2_0.05_abundance_0.05_0.2,T3031A;C3037T,ORF1a:C922*;ORF1a:F924F,12,84,0.1428571428571428,0,
1012026,BA.2_0.05_abundance_0.05_0.2,A3180C;A3186G;G3239C;T3265C;A3273G;A3277T;G3320A;A3341C;G3345C;A3357C;A3374C;A3381C;G3410C;C3426T;A3428T,ORF1a:E972A;ORF1a:E974G;ORF1a:D992H;ORF1a:T1000T;ORF1a:Q1003R;ORF1a:T1004T;ORF1a:V1019I;ORF1a:N1026H;ORF1a:S1027T;ORF1a:Y1031S;ORF1a:N1037H;ORF1a:Y1039S;ORF1a:A1049P;ORF1a:P1054L;ORF1a:T1055S,18,623,0.0288924558587479,0,
1012026,BA.2_0.05_abundance_0.05_0.2,A3186G;G3239C;T3265C;A3273G;A3277T;G3320A;A3341C;G3345C;A3357C;A3374C;A3381C;G3410C;C3426T;A3428T,ORF1a:E974G;ORF1a:D992H;ORF1a:T1000T;ORF1a:Q1003R;ORF1a:T1004T;ORF1a:V1019I;ORF1a:N1026H;ORF1a:S1027T;ORF1a:Y1031S;ORF1a:N1037H;ORF1a:Y1039S;ORF1a:A1049P;ORF1a:P1054L;ORF1a:T1055S,48,1619,0.0296479308214947,0,
1012026,BA.2_0.05_abundance_0.05_0.2,A3818T;G3824A;T3826C;T3827A;T3837A;T3843A;G3863C;A3895T;T3952A;T3981C;C3984T;A3989C;T4023A;A4034G;T4054G;A4079G;C4113G,ORF1a:K1185*;ORF1a:V1187I;ORF1a:V1187V;ORF1a:S1188T;ORF1a:L1191*;ORF1a:M1193K;ORF1a:E1200Q;ORF1a:E1210D;ORF1a:D1229E;ORF1a:V1239A;ORF1a:T1240I;ORF1a:T1242P;ORF1a:L1253*;ORF1a:I1257V;ORF1a:L1263L;ORF1a:S1272G;ORF1a:A1283G,14,313,0.0447284345047923,0,
1012026,BA.2_0.05_abundance_0.05_0.2,C4113G;G4130C;G4205A;G4207C;C4245T;T4270A;T4329C;C4338A;T4365C,ORF1a:A1283G;ORF1a:D1289H;ORF1a:A1314T;ORF1a:A1314A;ORF1a:T1327I;ORF1a:N1335K;ORF1a:I1355T;ORF1a:S1358Y;ORF1a:I1367T,6,73,0.0821917808219178,0,
1012026,BA.2_0.05_abundance_0.05_0.2,T4329C;C4338A;T4365C;G4432T;A4451C;C4499A;T4530G;A4588C;G4592C;C4596G;A4604T;A4607G;T4608C;A4645T,ORF1a:I1355T;ORF1a:S1358Y;ORF1a:I1367T;ORF1a:M1389I;ORF1a:K1396Q;ORF1a:Q1412K;ORF1a:F1422C;ORF1a:L1441L;ORF1a:E1443Q;ORF1a:T1444S;ORF1a:T1447S;ORF1a:M1448V;ORF1a:M1448T;ORF1a:E1460D,8,263,0.0304182509505703,0,
1012026,BA.2_0.05_abundance_0.05_0.2,C4338A;T4365C;G4432T;A4451C;C4499A;T4530G;A4588C;G4592C;C4596G;A4604T;A4607G;T4608C;A4645T,ORF1a:S1358Y;ORF1a:I1367T;ORF1a:M1389I;ORF1a:K1396Q;ORF1a:Q1412K;ORF1a:F1422C;ORF1a:L1441L;ORF1a:E1443Q;ORF1a:T1444S;ORF1a:T1447S;ORF1a:M1448V;ORF1a:M1448T;ORF1a:E1460D,23,804,0.0286069651741293,0,
1012026,BA.2_0.05_abundance_0.05_0.2,C4698T;C4780G;T4813C;G4854C;G4881C;T4924A;G4925C;T4933A;T4946A;A4956T,ORF1a:S1478F;ORF1a:I1505M;ORF1a:Y1516Y;ORF1a:R1530T;ORF1a:S1539T;ORF1a:F1553L;ORF1a:D1554H;ORF1a:L1556L;ORF1a:S1561T;ORF1a:E1564V,27,1033,0.026137463697967,0,
1012026,BA.2_0.05_abundance_0.05_0.2,C4698T;C4780G;T4813C;G4854C;G4881C;T4924A;G4925C;T4933A;T4946A;A4956T;C4980T,ORF1a:S1478F;ORF1a:I1505M;ORF1a:Y1516Y;ORF1a:R1530T;ORF1a:S1539T;ORF1a:F1553L;ORF1a:D1554H;ORF1a:L1556L;ORF1a:S1561T;ORF1a:E1564V;ORF1a:T1572I,10,288,0.0347222222222222,0,
1012026,BA.2_0.05_abundance_0.05_0.2,G5625C;T5635G;G5708C;T5732A;G5750A;C5832G;T5854G;T5860G;G5861A;T5864G;T5909A,ORF1a:C1787S;ORF1a:G1790G;ORF1a:E1815Q;ORF1a:C1823S;ORF1a:G1829S;ORF1a:S1856C;ORF1a:I1863M;ORF1a:D1865E;ORF1a:V1866I;ORF1a:F1867V;ORF1a:Y1882N,25,793,0.0315258511979823,0,
1012026,BA.2_0.05_abundance_0.05_0.2,C5702A;A5776G,ORF1a:Q1813K;ORF1a:K1837K,27,1035,0.0260869565217391,0,
1012026,BA.2_0.05_abundance_0.05_0.2,T5909A;T5928C;G5936T;C6005A;A6030T;G6056A;G6077A;A6081T;T6087C;A6133T;A6182T,ORF1a:Y1882N;ORF1a:V1888A;ORF1a:E1891*;ORF1a:L1914I;ORF1a:N1922I;ORF1a:V1931I;ORF1a:A1938T;ORF1a:D1939V;ORF1a:L1941S;ORF1a:K1956N;ORF1a:K1973*,10,121,0.0826446280991735,0,
1012026,BA.2_0.05_abundance_0.05_0.2,T7341A;A7358G;T7425A;T7438A;A7448C;C7485G;C7518A;G7526A;A7548C;T7554G;G7561A;T7566G;T7576C;C7578A,ORF1a:I2359N;ORF1a:M2365V;ORF1a:F2387Y;ORF1a:Y2391*;ORF1a:K2395Q;ORF1a:S2407*;ORF1a:A2418E;ORF1a:V2421I;ORF1a:N2428T;ORF1a:V2430G;ORF1a:R2432R;ORF1a:F2434C;ORF1a:Y2437Y;ORF1a:A2438D,11,270,0.0407407407407407,0,
1012026,BA.2_0.05_abundance_0.05_0.2,A7358G;T7425A;T7438A;A7448C;C7485G;C7518A;G7526A;A7548C;T7554G;G7561A;T7566G;T7576C;C7578A,ORF1a:M2365V;ORF1a:F2387Y;ORF1a:Y2391*;ORF1a:K2395Q;ORF1a:S2407*;ORF1a:A2418E;ORF1a:V2421I;ORF1a:N2428T;ORF1a:V2430G;ORF1a:R2432R;ORF1a:F2434C;ORF1a:Y2437Y;ORF1a:A2438D,21,727,0.0288858321870701,0,
1012026,BA.2_0.05_abundance_0.05_0.2,T7729G;T7876G,ORF1a:S2488S;ORF1a:P2537P,26,514,0.0505836575875486,0,
1012026,BA.2_0.05_abundance_0.05_0.2,C8318G;T8328G;A8343C;C8354A;A8360C;T8361C;T8439G;T8477G;T8484C;A8492G;C8493T,ORF1a:P2685A;ORF1a:L2688R;ORF1a:D2693A;ORF1a:R2697S;ORF1a:I2699L;ORF1a:I2699T;ORF1a:L2725R;ORF1a:L2738V;ORF1a:F2740S;ORF1a:T2743A;ORF1a:T2743I,14,347,0.0403458213256484,0,
1012026,BA.2_0.05_abundance_0.05_0.2,G9329C;C9344T;A9424G;C9534T,ORF1a:D3022H;ORF1a:L3027F;ORF1a:V3053V;ORF1a:T3090I,58,111,0.5225225225225225,0,
1012026,BA.2_0.05_abundance_0.05_0.2,G9329C;C9344T;A9424G,ORF1a:D3022H;ORF1a:L3027F;ORF1a:V3053V,9,126,0.0714285714285714,0,
1012026,BA.2_0.05_abundance_0.05_0.2,C9534T;T9606A,ORF1a:T3090I;ORF1a:F3114Y,83,1006,0.0825049701789264,2,BQ.1.6:2
1012026,BA.2_0.05_abundance_0.05_0.2,C9534T;G9807C,ORF1a:T3090I;ORF1a:C3181S,140,849,0.1648998822143698,2,BA.2:2
1012026,BA.2_0.05_abundance_0.05_0.2,C9534T;T9606A;G9807C,ORF1a:T3090I;ORF1a:F3114Y;ORF1a:C3181S,16,849,0.0188457008244994,0,
1012026,BA.2_0.05_abundance_0.05_0.2,A10005G;C10020G;C10029T;T10035G;T10047A;T10049G;G10059T;C10078T;A10090G;C9836G;G9856A;T9860G;A9862G;C9863G;C9866T;A9906T;T9915G;G9921T;C9936A;A9984G,ORF1a:D3247G;ORF1a:P3252R;ORF1a:T3255I;ORF1a:I3257S;ORF1a:V3261D;ORF1a:L3262V;ORF1a:G3265V;ORF1a:F3271F;ORF1a:K3275K;ORF1a:L3191V;ORF1a:V3197V;ORF1a:L3199V;ORF1a:L3199L;ORF1a:P3200A;ORF1a:L3201F;ORF1a:Y3214F;ORF1a:F3217C;ORF1a:G3219V;ORF1a:T3224N;ORF1a:D3240G,18,477,0.0377358490566037,0,
1012026,BA.2_0.05_abundance_0.05_0.2,C10029T;C10041A;C9866T,ORF1a:T3255I;ORF1a:S3259*;ORF1a:L3201F,60,478,0.1255230125523012,0,
1012026,BA.2_0.05_abundance_0.05_0.2,C10449A;T10529A,ORF1a:P3395H;ORF1a:F3422I,66,290,0.2275862068965517,0,
1012026,BA.2_0.05_abundance_0.05_0.2,T11046G;T11056C;T11070A;A11085T;T11118G;T11151G;G11222T;G11243A;A11258T;A11277T,ORF1a:L3594*;ORF1a:S3597S;ORF1a:L3602*;ORF1a:Y3607F;ORF1a:I3618S;ORF1a:V3629G;ORF1a:V3653F;ORF1a:V3660M;ORF1a:T3665S;ORF1a:D3671V,24,667,0.0359820089955022,0,
1012026,BA.2_0.05_abundance_0.05_0.2,G11378C;T11429A;T11432G;G11464A;G11483A;C11494T;G11504T;T11517A;C11518T;G11528C;T11539C;T11547C;A11567G,ORF1a:A3705P;ORF1a:Y3722N;ORF1a:Y3723D;ORF1a:M3733I;ORF1a:V3740I;ORF1a:N3743N;ORF1a:V3747L;ORF1a:V3751D;ORF1a:V3751V;ORF1a:A3755P;ORF1a:I3758I;ORF1a:M3761T;ORF1a:I3768V,84,2155,0.0389791183294663,0,
1012026,BA.2_0.05_abundance_0.05_0.2,G11378C;T11429A;T11432G;G11464A;G11483A;T11491G;C11494T;G11504T;T11517A;C11518T;G11528C;T11539C;T11547C;A11567G,ORF1a:A3705P;ORF1a:Y3722N;ORF1a:Y3723D;ORF1a:M3733I;ORF1a:V3740I;ORF1a:S3742S;ORF1a:N3743N;ORF1a:V3747L;ORF1a:V3751D;ORF1a:V3751V;ORF1a:A3755P;ORF1a:I3758I;ORF1a:M3761T;ORF1a:I3768V,22,2155,0.0102088167053364,0,
1012026,BA.2_0.05_abundance_0.05_0.2,G11683T;T11706A;T11729A;A11742T;A11759T;C11785A;T11806A;G11807C;A11827G;G11828A;A11839G;C11844G;A11854G;A11856C;C11866T;A11905G,ORF1a:L3806L;ORF1a:L3814*;ORF1a:Y3822N;ORF1a:Q3826L;ORF1a:K3832*;ORF1a:L3840L;ORF1a:V3847V;ORF1a:G3848R;ORF1a:K3854K;ORF1a:V3855I;ORF1a:V3858V;ORF1a:S3860C;ORF1a:S3863S;ORF1a:D3864A;ORF1a:C3867C;ORF1a:R3880R,34,1457,0.0233356211393273,0,
1012026,BA.2_0.05_abundance_0.05_0.2,G11683T;T11706A;T11729A;A11742T;A11759T;C11785A;T11806A;G11807C;A11827G;G11828A;A11839G;C11844G;A11854G;A11856C;C11866T;A11905G;A11911T,ORF1a:L3806L;ORF1a:L3814*;ORF1a:Y3822N;ORF1a:Q3826L;ORF1a:K3832*;ORF1a:L3840L;ORF1a:V3847V;ORF1a:G3848R;ORF1a:K3854K;ORF1a:V3855I;ORF1a:V3858V;ORF1a:S3860C;ORF1a:S3863S;ORF1a:D3864A;ORF1a:C3867C;ORF1a:R3880R;ORF1a:E3882D,24,679,0.0353460972017673,0,
1012026,BA.2_0.05_abundance_0.05_0.2,A11905G;A11911T;C11919G;G11944C;G11966T;T12013A;T12017G;A12026T;G12035A;T12039G;C12043A;C12081G;A12103G;T12112A;C12129A;C12138T;T12142A;T12168G;T12204C;A12206C,ORF1a:R3880R;ORF1a:E3882D;ORF1a:S3885C;ORF1a:Q3893H;ORF1a:A3901S;ORF1a:S3916S;ORF1a:L3918V;ORF1a:M3921L;ORF1a:A3924T;ORF1a:V3925G;ORF1a:D3926E;ORF1a:A3939G;ORF1a:S3946S;ORF1a:S3949R;ORF1a:A3955E;ORF1a:A3958V;ORF1a:T3959T;ORF1a:V3968G;ORF1a:L3980S;ORF1a:K3981Q,31,964,0.0321576763485477,0,
1012026,BA.2_0.05_abundance_0.05_0.2,T12168G;T12204C;A12206C;A12228G;T12244G;A12286G;A12316T;T12319G;G12330A;A12335G;G12355A;C12398A;A12414G;C12420A,ORF1a:V3968G;ORF1a:L3980S;ORF1a:K3981Q;ORF1a:K3988R;ORF1a:R3993R;ORF1a:Q4007Q;ORF1a:R4017S;ORF1a:S4018S;ORF1a:R4022K;ORF1a:K4024E;ORF1a:Q4030Q;ORF1a:L4045I;ORF1a:N4050S;ORF1a:A4052E,35,968,0.0361570247933884,0,
1012026,BA.2_0.05_abundance_0.05_0.2,C13200T;T13339G,ORF1a:P4312L;ORF1a:N4358K,11,848,0.0129716981132075,0,
1012026,BA.2_0.05_abundance_0.05_0.2,G14268T;A14317G;T14361C;T14378C;T14389C;C14403G;C14408T;G14419A;C14422G;A14470T;C14491T;G14495C;T14526A,ORF1b:T267T;ORF1b:T284A;ORF1b:I298I;ORF1b:F304S;ORF1b:F308L;ORF1b:F312L;ORF1b:P314L;ORF1b:G318R;ORF1b:P319A;ORF1b:T335S;ORF1b:L342L;ORF1b:G343A;ORF1b:H353Q,20,539,0.0371057513914656,0,
1012026,BA.2_0.05_abundance_0.05_0.2,G14923C;C14953A;A14977T;A14990T;T14992G;T15021C;C15024G;A15077C;T15084C;A15099C;G15115C;T15152A;T15163C;A15177T;G15178C;A15187C,ORF1b:V486L;ORF1b:P496T;ORF1b:R504*;ORF1b:D508V;ORF1b:S509A;ORF1b:L518L;ORF1b:F519L;ORF1b:Y537S;ORF1b:I539I;ORF1b:R544S;ORF1b:G550R;ORF1b:F562Y;ORF1b:L566L;ORF1b:I570I;ORF1b:A571P;ORF1b:R574R,23,411,0.0559610705596107,0,
1012026,BA.2_0.05_abundance_0.05_0.2,A15074T;A15139G,ORF1b:K536M;ORF1b:T558A,112,429,0.261072261072261,0,
1012026,BA.2_0.05_abundance_0.05_0.2,T15551G;A15564T;A15612C;C15631A;A15639C;G15644A;T15674C;C15714T;T15726C;A15740T;C15746A;T15756G;T15801A;T15815G;T15816C;T15817G;A15820T,ORF1b:V695G;ORF1b:L699F;ORF1b:Q715H;ORF1b:L722I;ORF1b:R724S;ORF1b:R726K;ORF1b:F736S;ORF1b:L749L;ORF1b:A753A;ORF1b:N758I;ORF1b:T760N;ORF1b:S763S;ORF1b:Y778*;ORF1b:V783G;ORF1b:V783V;ORF1b:F784V;ORF1b:M785L,44,1998,0.022022022022022,0,
1012026,BA.2_0.05_abundance_0.05_0.2,T15551G;A15564T;A15612C;C15631A;A15639C;G15644A;T15674C;C15714T;A15740T;C15746A;T15756G;T15801A;T15815G;T15816C;T15817G;A15820T,ORF1b:V695G;ORF1b:L699F;ORF1b:Q715H;ORF1b:L722I;ORF1b:R724S;ORF1b:R726K;ORF1b:F736S;ORF1b:L749L;ORF1b:N758I;ORF1b:T760N;ORF1b:S763S;ORF1b:Y778*;ORF1b:V783G;ORF1b:V783V;ORF1b:F784V;ORF1b:M785L,169,5555,0.0304230423042304,0,
1012026,BA.2_0.05_abundance_0.05_0.2,T15551G;A15564T;A15612C;C15631A;A15639C;G15644A;T15674C;C15714T;A15740T;C15746A;T15756G;T15801A;T15815G;T15816C;T15817G;A15820T;A15861G,ORF1b:V695G;ORF1b:L699F;ORF1b:Q715H;ORF1b:L722I;ORF1b:R724S;ORF1b:R726K;ORF1b:F736S;ORF1b:L749L;ORF1b:N758I;ORF1b:T760N;ORF1b:S763S;ORF1b:Y778*;ORF1b:V783G;ORF1b:V783V;ORF1b:F784V;ORF1b:M785L;ORF1b:K798K,5,140,0.0357142857142857,0,
1012026,BA.2_0.05_abundance_0.05_0.2,A15861G;C15904T;T15927C;G15955T;G15995C;G16027T;T16029A;T16074A;A16105G;C16134A;T16147A;T16155C;G16158A,ORF1b:K798K;ORF1b:Q813*;ORF1b:L820L;ORF1b:G830W;ORF1b:G843A;ORF1b:A854S;ORF1b:A854A;ORF1b:A869A;ORF1b:R880G;ORF1b:H889Q;ORF1b:Y894N;ORF1b:V896V;ORF1b:M897I,11,554,0.01985559566787,0,
1012026,BA.2_0.05_abundance_0.05_0.2,C15904T;T15927C;G15955T;G15995C;G16027T;T16029A;T16074A;A16105G;C16134A;T16147A;T16155C;G16158A,ORF1b:Q813*;ORF1b:L820L;ORF1b:G830W;ORF1b:G843A;ORF1b:A854S;ORF1b:A854A;ORF1b:A869A;ORF1b:R880G;ORF1b:H889Q;ORF1b:Y894N;ORF1b:V896V;ORF1b:M897I,39,2131,0.018301267010793,0,
1012026,BA.2_0.05_abundance_0.05_0.2,C15904T;T15927C;G15955T;G15995C;G16027T;T16029A;T16074A;A16105G;C16134A;T16147A;T16155C;G16158A;A16172C,ORF1b:Q813*;ORF1b:L820L;ORF1b:G830W;ORF1b:G843A;ORF1b:A854S;ORF1b:A854A;ORF1b:A869A;ORF1b:R880G;ORF1b:H889Q;ORF1b:Y894N;ORF1b:V896V;ORF1b:M897I;ORF1b:N902T,9,664,0.0135542168674698,0,
1012026,BA.2_0.05_abundance_0.05_0.2,T16778G;A16804C;T16809C;A16819C;A16824T;G16855C;T16863C;T16884G;A16889C;A16895C;T16911A;T16926C;T16931G;C16952A;C16961T;C17028T;T17052A;A17063G;A17101G,ORF1b:V1104G;ORF1b:N1113H;ORF1b:S1114S;ORF1b:I1118L;ORF1b:G1119G;ORF1b:D1130H;ORF1b:V1132V;ORF1b:T1139T;ORF1b:K1141T;ORF1b:N1143T;ORF1b:F1148L;ORF1b:H1153H;ORF1b:V1155G;ORF1b:T1162K;ORF1b:P1165L;ORF1b:S1187S;ORF1b:V1195V;ORF1b:K1199R;ORF1b:S1212G,14,476,0.0294117647058823,0,
1012026,BA.2_0.05_abundance_0.05_0.2,G16786C;C16919G,ORF1b:G1107R;ORF1b:T1151R,78,1984,0.0393145161290322,0,
1012026,BA.2_0.05_abundance_0.05_0.2,A16804C;T16809C;A16819C;A16824T;G16855C;T16863C;T16884G;A16889C;A16895C;T16911A;T16926C;T16931G;C16952A;C16961T;C17028T;T17052A;A17063G;A17101G,ORF1b:N1113H;ORF1b:S1114S;ORF1b:I1118L;ORF1b:G1119G;ORF1b:D1130H;ORF1b:V1132V;ORF1b:T1139T;ORF1b:K1141T;ORF1b:N1143T;ORF1b:F1148L;ORF1b:H1153H;ORF1b:V1155G;ORF1b:T1162K;ORF1b:P1165L;ORF1b:S1187S;ORF1b:V1195V;ORF1b:K1199R;ORF1b:S1212G,108,3377,0.0319810482676932,0,
1012026,BA.2_0.05_abundance_0.05_0.2,A16804C;T16809C;A16819C;A16824T;G16855C;T16863C;T16884G;A16889C;A16895C;T16911A;T16926C;T16931G;C16952A;C16961T;C17028T;T17052A;A17063G;A17101G;G17117T;C17119T,ORF1b:N1113H;ORF1b:S1114S;ORF1b:I1118L;ORF1b:G1119G;ORF1b:D1130H;ORF1b:V1132V;ORF1b:T1139T;ORF1b:K1141T;ORF1b:N1143T;ORF1b:F1148L;ORF1b:H1153H;ORF1b:V1155G;ORF1b:T1162K;ORF1b:P1165L;ORF1b:S1187S;ORF1b:V1195V;ORF1b:K1199R;ORF1b:S1212G;ORF1b:G1217V;ORF1b:L1218L,7,487,0.0143737166324435,0,
1012026,BA.2_0.05_abundance_0.05_0.2,A16804C;T16809C;A16819C;A16824T;G16855C;T16863C;T16884G;A16889C;A16895C;T16911A;T16926C;T16931G;C16952A;C16961T;C17028T;T17052A;A17063G;A17101G;G17117T,ORF1b:N1113H;ORF1b:S1114S;ORF1b:I1118L;ORF1b:G1119G;ORF1b:D1130H;ORF1b:V1132V;ORF1b:T1139T;ORF1b:K1141T;ORF1b:N1143T;ORF1b:F1148L;ORF1b:H1153H;ORF1b:V1155G;ORF1b:T1162K;ORF1b:P1165L;ORF1b:S1187S;ORF1b:V1195V;ORF1b:K1199R;ORF1b:S1212G;ORF1b:G1217V,8,716,0.0111731843575419,0,
1012026,BA.2_0.05_abundance_0.05_0.2,A17101G;G17117T;C17119T;T17126C;G17162A;T17166C;T17169A;A17199C;T17210C;T17255A;T17263A;A17270G;A17294G;A17300G;T17306C;G17320A;G17331A;A17332T;T17353A;G17359C;T17400G;C17410T,ORF1b:S1212G;ORF1b:G1217V;ORF1b:L1218L;ORF1b:L1220P;ORF1b:C1232Y;ORF1b:S1233S;ORF1b:H1234Q;ORF1b:A1244A;ORF1b:L1248S;ORF1b:V1263E;ORF1b:F1266I;ORF1b:K1268R;ORF1b:E1276G;ORF1b:Y1278C;ORF1b:F1280S;ORF1b:A1285T;ORF1b:E1288E;ORF1b:T1289S;ORF1b:F1296I;ORF1b:E1298Q;ORF1b:N1311K;ORF1b:R1315C,35,1074,0.0325884543761638,0,
1012026,BA.2_0.05_abundance_0.05_0.2,A17101G;G17117T;C17119T;T17126C;G17162A;T17166C;T17169A;A17199C;T17210C;T17255A;T17263A;A17270G;A17294G;A17300G;T17306C;G17320A;G17331A;A17332T;T17353A;G17359C;T17400G,ORF1b:S1212G;ORF1b:G1217V;ORF1b:L1218L;ORF1b:L1220P;ORF1b:C1232Y;ORF1b:S1233S;ORF1b:H1234Q;ORF1b:A1244A;ORF1b:L1248S;ORF1b:V1263E;ORF1b:F1266I;ORF1b:K1268R;ORF1b:E1276G;ORF1b:Y1278C;ORF1b:F1280S;ORF1b:A1285T;ORF1b:E1288E;ORF1b:T1289S;ORF1b:F1296I;ORF1b:E1298Q;ORF1b:N1311K,17,1492,0.0113941018766756,0,
1012026,BA.2_0.05_abundance_0.05_0.2,G17117T;C17119T;T17126C;G17162A;T17166C;T17169A;A17199C;T17210C;T17255A;T17263A;A17270G;A17294G;A17300G;T17306C;G17320A;G17331A;A17332T;T17353A;G17359C;T17400G;C17410T,ORF1b:G1217V;ORF1b:L1218L;ORF1b:L1220P;ORF1b:C1232Y;ORF1b:S1233S;ORF1b:H1234Q;ORF1b:A1244A;ORF1b:L1248S;ORF1b:V1263E;ORF1b:F1266I;ORF1b:K1268R;ORF1b:E1276G;ORF1b:Y1278C;ORF1b:F1280S;ORF1b:A1285T;ORF1b:E1288E;ORF1b:T1289S;ORF1b:F1296I;ORF1b:E1298Q;ORF1b:N1311K;ORF1b:R1315C,72,2963,0.0242996962537968,0,
1012026,BA.2_0.05_abundance_0.05_0.2,G17248C;C17410T,ORF1b:A1261P;ORF1b:R1315C,394,2966,0.1328388401888064,0,
1012026,BA.2_0.05_abundance_0.05_0.2,C17410T;A17645C,ORF1b:R1315C;ORF1b:Q1393P,105,206,0.5097087378640777,0,
1012026,BA.2_0.05_abundance_0.05_0.2,G17749C;G17753T;A17775T;A17791T;T17812A;G17815T;A17823G;A17853C;T17859A;A17889T;T17978C;A17984T;C18013T,ORF1b:A1428P;ORF1b:W1429L;ORF1b:S1436S;ORF1b:N1442Y;ORF1b:L1449M;ORF1b:G1450*;ORF1b:P1452P;ORF1b:S1462S;ORF1b:Y1464*;ORF1b:E1474D;ORF1b:L1504P;ORF1b:D1506V;ORF1b:P1516S,16,283,0.0565371024734982,0,
1012026,BA.2_0.05_abundance_0.05_0.2,G18968A;A18969G;A18982G;T19016G;G19056A;A19073G;G19086A;T19110A;A19116G;A19123T;A19134G;T19139C;T19146G;T19149C;A19210G;G19211T;A19212C;G19219A;C19227T;T19233A;T19241C;T19248G;C19255G,ORF1b:R1834K;ORF1b:R1834R;ORF1b:M1839V;ORF1b:F1850C;ORF1b:K1863K;ORF1b:D1869G;ORF1b:K1873K;ORF1b:S1881R;ORF1b:K1883K;ORF1b:K1886*;ORF1b:E1889E;ORF1b:F1891S;ORF1b:S1893S;ORF1b:Y1894Y;ORF1b:R1915G;ORF1b:R1915I;ORF1b:R1915S;ORF1b:A1918T;ORF1b:S1920S;ORF1b:V1922V;ORF1b:F1925S;ORF1b:T1927T;ORF1b:L1930V,25,691,0.0361794500723589,0,
1012026,BA.2_0.05_abundance_0.05_0.2,A19134C;C19170G,ORF1b:E1889D;ORF1b:F1901L,190,1021,0.1860920666013712,0,
1012026,BA.2_0.05_abundance_0.05_0.2,A19887C;C19938G;C19952A;T19968C;C19970A;C19979G;G19997C;C20030T;T20045A;A20055G;T20061C;G20083C;A20094G,ORF1b:K2140N;ORF1b:D2157E;ORF1b:P2162Q;ORF1b:C2167C;ORF1b:A2168E;ORF1b:T2171S;ORF1b:R2177T;ORF1b:A2188V;ORF1b:L2193H;ORF1b:E2196E;ORF1b:S2198S;ORF1b:V2206L;ORF1b:K2209K,5,157,0.0318471337579617,0,
1012026,BA.2_0.05_abundance_0.05_0.2,G19962T;A20055G;C20104G,ORF1b:T2165T;ORF1b:E2196E;ORF1b:L2213V,6,164,0.0365853658536585,0,
1012026,BA.2_0.05_abundance_0.05_0.2,A20055G;C20104G,ORF1b:E2196E;ORF1b:L2213V,20,164,0.1219512195121951,6,BE.1.1.2:1;BA.2:2;BA.5.1.26:2;BA.5.1:1
1012026,BA.2_0.05_abundance_0.05_0.2,C20515A;C20646T,ORF1b:L2350I;ORF1b:Y2393Y,54,553,0.0976491862567811,0,
1012026,BA.2_0.05_abundance_0.05_0.2,G20518A;G20548A;T20563A;T20570C;T20573G;T20579G;T20606G;T20609A;G20616T;G20618A;T20625G;C20629T;C20646A;T20671C;T20690G;G20691C;T20701G;A20711G;T20717A;T20723C;A20744T;A20766G;C20790T;A20796T;G20808C,ORF1b:D2351N;ORF1b:D2361N;ORF1b:S2366T;ORF1b:V2368A;ORF1b:V2369G;ORF1b:V2371G;ORF1b:F2380C;ORF1b:M2381K;ORF1b:W2383C;ORF1b:C2384Y;ORF1b:D2386E;ORF1b:H2388Y;ORF1b:Y2393*;ORF1b:W2402R;ORF1b:M2408R;ORF1b:M2408I;ORF1b:Y2412D;ORF1b:Q2415R;ORF1b:M2417K;ORF1b:L2419S;ORF1b:N2426I;ORF1b:L2433L;ORF1b:V2441V;ORF1b:K2443N;ORF1b:L2447L,25,525,0.0476190476190476,0,
1012026,BA.2_0.05_abundance_0.05_0.2,T21147A;G21152T;G21159A;A21176C;T21184G;A21203C;T21206C;C21230A;C21257T;A21290T;G21316A;T21322A;A21343G;T21385G,ORF1b:L2560L;ORF1b:G2562V;ORF1b:V2564V;ORF1b:E2570A;ORF1b:W2573G;ORF1b:K2579T;ORF1b:L2580P;ORF1b:T2588K;ORF1b:S2597L;ORF1b:Y2608F;ORF1b:D2617N;ORF1b:Y2619N;ORF1b:I2626V;ORF1b:S2640A,11,241,0.0456431535269709,0,
1012026,BA.2_0.05_abundance_0.05_0.2,T21702C;A21720T;T21756A;A21768C;G21795C;T21818C;C21843A;A21858G;G21869C;G21873T;A21875G;C21904G;C21910T;A21913T;A21917T;A21923C;T21937C;C21962A;G21987A,S:V47A;S:D53V;S:F65Y;S:H69P;S:R78T;S:F86L;S:S94Y;S:N99S;S:G103R;S:W104L;S:I105V;S:T114T;S:S116S;S:L117L;S:I119F;S:N121H;S:N125N;S:Q134K;S:G142D,50,1273,0.0392772977219167,0,
1012026,BA.2_0.05_abundance_0.05_0.2,T21702C;A21720T;T21756A;A21768C;G21795C;T21818C;C21843A;A21858G;G21869C;G21873T;A21875G;C21904G;C21910T;A21913T;A21917T;A21923C;T21937C;C21962A;G21987A;A22002T,S:V47A;S:D53V;S:F65Y;S:H69P;S:R78T;S:F86L;S:S94Y;S:N99S;S:G103R;S:W104L;S:I105V;S:T114T;S:S116S;S:L117L;S:I119F;S:N121H;S:N125N;S:Q134K;S:G142D;S:K147I,18,321,0.0560747663551401,0,
1012026,BA.2_0.05_abundance_0.05_0.2,A22071C;G22073T;T22200G,S:Y170S;S:V171F;S:V213G,9,91,0.0989010989010989,0,
1012026,BA.2_0.05_abundance_0.05_0.2,G22073T;T22200G,S:V171F;S:V213G,35,91,0.3846153846153846,21,BA.5.5:3;BQ.1.12:1;BA.2:3;BA.5.2.1:2;BA.2.76:1;BA.5:1;BA.2.12.1:2;BA.5.2:1;BA.5.1.1:1;BF.5:3;BA.2.75:1;BF.7:1;BA.5.1:1
1012026,BA.2_0.05_abundance_0.05_0.2,T22882G;C22943T;G22992A;C22995A;A23013C;A23040G;A23055G;T23075C,S:N440K;S:L461F;S:S477N;S:T478K;S:E484A;S:Q493R;S:Q498R;S:Y505H,10,331,0.0302114803625377,4,BA.2.38:3;BA.2.9:1
1012026,BA.2_0.05_abundance_0.05_0.2,G23282C;A23403G,S:D574H;S:D614G,656,1230,0.5333333333333333,144,BA.5.1.6:1;AY.42:2;BA.2:11;AY.103:1;BA.1.1.2:2;AY.23:1;BA.5.1.3:1;AY.44:2;BA.5.6:1;AY.112:2;BA.5.3.3:2;AY.43:5;B.1.2:3;AY.122:6;AY.100:2;BA.1.16:1;B.1.617.2:3;AY.34:6;AY.3.1:1;B.1.1.7:4;BA.5.2.6:1;BA.2.56:1;AY.3:5;BQ.1.10:1;AY.25:6;AY.101:1;AY.26:1;AY.4:13;BA.2.23.1:1;AY.5:1;BA.1:3;BA.5.5:2;BA.5.1:3;B.1.526:1;AY.4.7:1;BA.1.15:2;BA.5.2.27:1;BF.1:1;BA.5.2.1:1;BA.1.17.2:1;BA.5.2.12:1;CL.1:1;BQ.1.1:2;BA.5.2:1;BA.2.9:2;B.1:2;BA.2.75:1;B.1.351:3;BA.1.1:3;AY.14:1;AY.43.6:1;AY.4.5:1;BF.7:1;AY.6:2;B.1.1.306:1;AY.7:1;BF.14:2;AY.113:1;BQ.1.1.20:1;BQ.1.1.6:1;BA.5.1.22:1;AY.47:5;BA.2.12.1:2;AY.9.2:1;AY.45:1;BF.10:1
1012026,BA.2_0.05_abundance_0.05_0.2,G23331T;A23403G,S:C590F;S:D614G,20,1230,0.016260162601626,4,B.1.411:1;AY.44:1;BA.2:1;BA.1.15:1
1012026,BA.2_0.05_abundance_0.05_0.2,G24740C;G24757C;C24801G;A24820T;T24829A;A24860G;A24874C;C24878G;T24887G;A24894G;T24906G;G24933A;A24950G;T24951G;C24964G;C24986T;C25000T,S:V1060L;S:V1065V;S:A1080G;S:K1086N;S:F1089L;S:T1100A;S:V1104V;S:Q1106E;S:F1109V;S:E1111G;S:I1115S;S:G1124D;S:I1130V;S:I1130R;S:N1134K;S:Q1142*;S:D1146D,74,1576,0.0469543147208121,0,
1012026,BA.2_0.05_abundance_0.05_0.2,C24830G;C25000T,S:P1090A;S:D1146D,981,1602,0.6123595505617978,0,
1012026,BA.2_0.05_abundance_0.05_0.2,C24830G;A24874G;C25000T,S:P1090A;S:V1104V;S:D1146D,76,1602,0.0474406991260923,0,
1012026,BA.2_0.05_abundance_0.05_0.2,A24874G;C25000T,S:V1104V;S:D1146D,29,1604,0.0180798004987531,118,BA.5.2.1:16;BA.2.1:1;BA.5.5:13;BA.2.9:2;BA.2:32;BA.4.4:1;BA.1.1:16;BF.1:1;BF.12:1;BA.5.5.2:2;BA.5.6:2;BA.4.2:5;BA.1.1.15:1;BA.4.6:3;BA.5.2.13:1;BE.1.1:1;BA.1.1.18:4;BA.1.17.2:9;BF.5:1;BA.2.12.1:2;BA.5.2:1;BA.2.18:2;BA.1:1
1012026,BA.2_0.05_abundance_0.05_0.2,T25343C;A25360C;A25367G;T25414C;T25461A;A25462C;C25584T;T25633A,S:S1261P;S:K1266N;S:K1269E;ORF3a:F8L;ORF3a:A23A;ORF3a:T24P;ORF3a:T64T;ORF3a:C81S,29,564,0.051418439716312,0,
1012026,BA.2_0.05_abundance_0.05_0.2,T25343C;A25360C;A25367G;T25414C;T25461A;A25462C;C25584T,S:S1261P;S:K1266N;S:K1269E;ORF3a:F8L;ORF3a:A23A;ORF3a:T24P;ORF3a:T64T,27,1142,0.0236427320490367,0,
1012026,BA.2_0.05_abundance_0.05_0.2,G25456T;C25584T,ORF3a:D22Y;ORF3a:T64T,210,1143,0.1837270341207349,1374,BA.5.2.31:4;BA.1.14:1;BA.2.9:141;BA.5.2.20:12;BA.5.2.22:112;BA.2:332;BA.5.2:56;BA.2.3:9;BA.5.5.2:3;BA.2.78:1;BC.1:5;BA.4.1:22;BA.1.1.1:8;BA.1:41;BA.2.75:11;BA.5.2.1:59;BA.5.1:61;BA.1.1.2:9;BQ.1.1:6;BE.1:6;BA.4.6:2;BE.1.1.2:5;BA.1.17.2:9;BA.1.1.18:7;BA.2.10:14;BF.28:2;BA.2.12.1:22;BA.5.1.2:2;BA.1.17:2;BA.5.1.21:3;BA.5.1.5:4;BA.1.1.14:15;BA.5.1.26:4;BA.5.5:7;BA.5.2.10:4;BA.1.1:144;BA.1.1.15:3;BA.2.6:1;BA.5.2.26:2;XBB.1.5:2;BA.4.1.6:4;BA.5.8:1;BF.7:22;CP.1:16;BA.5.2.2:1;BA.5.1.23:8;BA.5.2.9:3;BA.1.15:16;BA.2.56:1;BA.1.18:14;BA.2.18:4;BF.7.4.1:1;BA.2.23:16;BQ.1:3;BA.1.20:4;BA.2.37:1;BE.1.1:6;BA.4.4:1;BF.31:3;BA.5.6:5;BA.5.2.44:1;BA.2.32:2;AY.4:1;BJ.1:2;BQ.1.1.13:1;BA.2.29:2;BA.4.1.8:1;BA.5.1.25:1;BA.5.3.1:2;BW.1.1:1;BA.5.2.21:2;BA.5:3;BA.1.1.10:3;BA.5.1.22:6;BA.5.2.12:1;BA.5.3.4:1;BA.5.1.1:1;BF.5:9;BA.2.9.5:1;BA.5.2.23:1;BE.2:1;BA.2.3.11:1;BA.5.1.10:1;BA.5.2.6:3;XE:1;BA.5.1.3:1;BQ.1.1.17:1;BF.26:2;BA.2.38:2;BA.4:5;CK.2.1.1:6;BF.4:1;BA.5.2.27:1;BA.2.31:1;XBB.1:5;BA.2.12.2:1;BA.2.1:1;BA.2.3.17:3;BF.1:1;BF.13:1;BE.1.4:1;BF.10:2;BA.4.2:3;CH.1.1:1;BA.1.13.1:1;B.1.1.529:1;BR.2.1:1
1012026,BA.2_0.05_abundance_0.05_0.2,C26270T;C26309G;G26314C;T26355C;C26376G;A26380C;T26409G;C26421G;A26472T;T26524A;A26541C,E:T9I;E:A22G;E:V24L;E:L37L;E:C44W;E:I46L;E:S55S;E:Y59*;E:*76TyrexX;M:MX;M:T7P,28,608,0.0460526315789473,0,
1012026,BA.2_0.05_abundance_0.05_0.2,C26270T;C26309G;G26314C;T26355C;C26376G;A26380C;T26409G;C26421G;A26472T;T26524A,E:T9I;E:A22G;E:V24L;E:L37L;E:C44W;E:I46L;E:S55S;E:Y59*;E:*76TyrexX;M:MX,7,686,0.010204081632653,0,
1012026,BA.2_0.05_abundance_0.05_0.2,G26558A;C26577G;G26709A;C26858T,M:E12E;M:Q19E;M:A63T;M:F112F,47,1229,0.0382424735557363,32,BA.2:20;BA.4.2:3;BA.2.75:2;BA.2.12.1:3;BA.4.1:1;BA.2.10:1;BA.2.38:1;BA.2.9:1
1012026,BA.2_0.05_abundance_0.05_0.2,C27208A;G27225T;A27246C;G27261C;C27263T;G27281A;T27291G;T27296G;A27317T;A27321C;G27327T;T27328G;A27359G;A27372G;G27382C;A27399G;G27420A;C27427A;G27430T;C27434A,ORF6:H3N;ORF6:Q8H;ORF6:L15F;ORF6:R20S;ORF6:T21I;ORF6:W27*;ORF6:D30E;ORF6:I32S;ORF6:N39I;ORF6:L40F;ORF6:K42N;ORF6:S43A;ORF6:D53G;ORF6:P57P;ORF6:D61H;ORF7a:K2K;ORF7a:L9L;ORF7a:L12I;ORF7a:A13S;ORF7a:T14N,10,497,0.0201207243460764,0,
1012026,BA.2_0.05_abundance_0.05_0.2,C27208A;G27225T;A27246C;G27261C;C27263T;G27281A;T27291G;T27296G;A27317T;A27321C;G27327T;T27328G;A27359G;A27372G;G27382C;A27399G;G27420A;C27427A;G27430T;C27434A;C27494A,ORF6:H3N;ORF6:Q8H;ORF6:L15F;ORF6:R20S;ORF6:T21I;ORF6:W27*;ORF6:D30E;ORF6:I32S;ORF6:N39I;ORF6:L40F;ORF6:K42N;ORF6:S43A;ORF6:D53G;ORF6:P57P;ORF6:D61H;ORF7a:K2K;ORF7a:L9L;ORF7a:L12I;ORF7a:A13S;ORF7a:T14N;ORF7a:P34H,6,203,0.0295566502463054,0,
1012026,BA.2_0.05_abundance_0.05_0.2,T27273G;G27382C,ORF6:V24V;ORF6:D61H,18,497,0.0362173038229376,0,
1012026,BA.2_0.05_abundance_0.05_0.2,A27313T;G27382C,ORF6:K38*;ORF6:D61H,57,497,0.1146881287726358,9,BA.2.12.1:1;BA.2.29:4;BA.2.38:1;BA.2:2;BA.4.1:1
1012026,BA.2_0.05_abundance_0.05_0.2,A28446G;C28491A;C28500T;G28514T;T28524C;T28529G;A28547T;G28548C;T28561A;T28635C;T28636C;C28638T;A28652G;A28692C;A28709C,N:Q58R;N:P73Q;N:T76I;N:D81Y;N:I84T;N:Y86D;N:R92*;N:R92T;N:G96G;N:L121P;N:L121L;N:P122L;N:K127E;N:N140T;N:I146L,11,245,0.0448979591836734,0,
1012026,BA.2_0.05_abundance_0.05_0.2,A29016T;G29030T;T29036G;C29048G;G29058T;A29078G;A29089G;C29091A;C29118G;G29156A;C29187A;T29194G;G29202A;G29240C;A29241G;G29254T;C29259T;T29264A;T29293G;C29304G;A29313C;C29318A;A29319T,N:K248M;N:E253*;N:S255A;N:R259G;N:R262L;N:N269D;N:Q272Q;N:A273D;N:T282S;N:G295R;N:A305E;N:F307L;N:S310N;N:E323Q;N:E323G;N:S327S;N:T329M;N:L331M;N:D340E;N:P344R;N:K347T;N:Q349K;N:Q349L,18,574,0.0313588850174216,0,
1012026,BA.2_0.05_abundance_0.05_0.2,A29016T;G29030T;T29036G;C29048G;G29058T;A29078G;A29089G;C29091A;C29118G;G29156A;C29187A;T29194G;G29202A;G29240C;A29241G;G29254T;C29259T;T29264A;T29293G;G29300C;C29304G;A29313C;C29318A;A29319T,N:K248M;N:E253*;N:S255A;N:R259G;N:R262L;N:N269D;N:Q272Q;N:A273D;N:T282S;N:G295R;N:A305E;N:F307L;N:S310N;N:E323Q;N:E323G;N:S327S;N:T329M;N:L331M;N:D340E;N:D343H;N:P344R;N:K347T;N:Q349K;N:Q349L,8,574,0.0139372822299651,0,
1012026,BA.2_0.05_abundance_0.05_0.2,G29030T;T29036G;C29048G;G29058T;A29078G;A29089G;C29091A;C29118G;G29156A;C29187A;T29194G;G29202A;G29240C;A29241G;G29254T;C29259T;T29264A;T29293G;C29304G;A29313C;C29318A;A29319T,N:E253*;N:S255A;N:R259G;N:R262L;N:N269D;N:Q272Q;N:A273D;N:T282S;N:G295R;N:A305E;N:F307L;N:S310N;N:E323Q;N:E323G;N:S327S;N:T329M;N:L331M;N:D340E;N:P344R;N:K347T;N:Q349K;N:Q349L,121,3674,0.0329341317365269,0,
1082026,BA.2_0.05_abundance_0.05_0.2,G269C;A297C;C307A;T312A;T334C;C344T;G353C;G359T;T369G,ORF1a:E2Q;ORF1a:K11T;ORF1a:V14V;ORF1a:L16H;ORF1a:V23V;ORF1a:L27F;ORF1a:G30R;ORF1a:G32*;ORF1a:V35G,13,315,0.0412698412698412,0,
1082026,BA.2_0.05_abundance_0.05_0.2,G269C;A297C;C307A;T312A;T334C;C344T;G353C;G359T,ORF1a:E2Q;ORF1a:K11T;ORF1a:V14V;ORF1a:L16H;ORF1a:V23V;ORF1a:L27F;ORF1a:G30R;ORF1a:G32*,7,459,0.0152505446623093,0,
1082026,BA.2_0.05_abundance_0.05_0.2,C344T;G353C;G359T;T369G;C449T;G470T;G483C;G524T;G542T;G564C;T580G;C609T;A610C;G636A;A647C;A655T;T658C;T670G,ORF1a:L27F;ORF1a:G30R;ORF1a:G32*;ORF1a:V35G;ORF1a:P62S;ORF1a:V69L;ORF1a:R73P;ORF1a:E87*;ORF1a:E93*;ORF1a:S100T;ORF1a:G105G;ORF1a:P115L;ORF1a:P115P;ORF1a:R124H;ORF1a:N128H;ORF1a:G130G;ORF1a:A131A;ORF1a:S135R,8,148,0.054054054054054,0,
1082026,BA.2_0.05_abundance_0.05_0.2,G353C;G359T;T369G;C449T;G470T;G483C;G524T;G542T;G564C;T580G;C609T;A610C;G636A;A647C;A655T;T658C;T670G,ORF1a:G30R;ORF1a:G32*;ORF1a:V35G;ORF1a:P62S;ORF1a:V69L;ORF1a:R73P;ORF1a:E87*;ORF1a:E93*;ORF1a:S100T;ORF1a:G105G;ORF1a:P115L;ORF1a:P115P;ORF1a:R124H;ORF1a:N128H;ORF1a:G130G;ORF1a:A131A;ORF1a:S135R,14,533,0.0262664165103189,0,
1082026,BA.2_0.05_abundance_0.05_0.2,G359T;T369G;C449T;G470T;G483C;G524T;G542T;G564C;T580G;C609T;A610C;G636A;A647C;A655T;T658C;T670G,ORF1a:G32*;ORF1a:V35G;ORF1a:P62S;ORF1a:V69L;ORF1a:R73P;ORF1a:E87*;ORF1a:E93*;ORF1a:S100T;ORF1a:G105G;ORF1a:P115L;ORF1a:P115P;ORF1a:R124H;ORF1a:N128H;ORF1a:G130G;ORF1a:A131A;ORF1a:S135R,44,1520,0.0289473684210526,0,
1082026,BA.2_0.05_abundance_0.05_0.2,T369G;C449T;G470T;G483C;G524T;G542T;G564C;T580G;C609T;A610C;G636A;A647C;A655T;T658C;T670G,ORF1a:V35G;ORF1a:P62S;ORF1a:V69L;ORF1a:R73P;ORF1a:E87*;ORF1a:E93*;ORF1a:S100T;ORF1a:G105G;ORF1a:P115L;ORF1a:P115P;ORF1a:R124H;ORF1a:N128H;ORF1a:G130G;ORF1a:A131A;ORF1a:S135R,60,2560,0.0234375,0,
1082026,BA.2_0.05_abundance_0.05_0.2,T670G;G747T,ORF1a:S135R;ORF1a:W161L,158,280,0.5642857142857143,10,BA.5.2.1:2;BA.5.2:1;BA.2:6;BF.21:1
1082026,BA.2_0.05_abundance_0.05_0.2,G747T;G860A,ORF1a:W161L;ORF1a:E199K,40,2734,0.0146305779078273,1,BA.2.10:1
1082026,BA.2_0.05_abundance_0.05_0.2,T1054G;T1177G,ORF1a:F263L;ORF1a:Y304*,33,2363,0.0139652983495556,0,
1082026,BA.2_0.05_abundance_0.05_0.2,T1054G;A1239T,ORF1a:F263L;ORF1a:H325L,67,2218,0.0302073940486925,0,
1082026,BA.2_0.05_abundance_0.05_0.2,T1054G;C1284G,ORF1a:F263L;ORF1a:T340S,33,2027,0.0162802170695609,0,
1082026,BA.2_0.05_abundance_0.05_0.2,T1177G;A1239T,ORF1a:Y304*;ORF1a:H325L,143,2220,0.0644144144144144,0,
1082026,BA.2_0.05_abundance_0.05_0.2,T1177G;C1284G,ORF1a:Y304*;ORF1a:T340S,71,2029,0.0349926071956628,0,
1082026,BA.2_0.05_abundance_0.05_0.2,T1177G;A1239T;C1284G,ORF1a:Y304*;ORF1a:H325L;ORF1a:T340S,35,2029,0.0172498767865943,0,
1082026,BA.2_0.05_abundance_0.05_0.2,A1239T;C1284G,ORF1a:H325L;ORF1a:T340S,110,2029,0.0542138984721537,0,
1082026,BA.2_0.05_abundance_0.05_0.2,T1623A;C1628A;A1629T;A1644G;A1646C;A1731C;T1745C;G1782C;G1784C;G1827A;A1829G;A1849T;A1852T;C1878G;G1883A,ORF1a:I453K;ORF1a:Q455K;ORF1a:Q455L;ORF1a:N460S;ORF1a:I461L;ORF1a:E489A;ORF1a:L494L;ORF1a:C506S;ORF1a:G507R;ORF1a:W521*;ORF1a:N522D;ORF1a:S528S;ORF1a:I529I;ORF1a:S538*;ORF1a:A540T,84,1688,0.0497630331753554,0,
1082026,BA.2_0.05_abundance_0.05_0.2,C2227G;T2230C;C2245T;T2307A;A2345T;A2367G;C2371A;A2430G;A2437C;G2447T;A2452T;C2453A;A2483G;G2494A;A2543T,ORF1a:T654T;ORF1a:C655C;ORF1a:V660V;ORF1a:L681H;ORF1a:I694F;ORF1a:K701R;ORF1a:A702A;ORF1a:K722R;ORF1a:R724S;ORF1a:G728C;ORF1a:L729L;ORF1a:L730I;ORF1a:I740V;ORF1a:E743E;ORF1a:T760S,63,1577,0.0399492707672796,0,
1082026,BA.2_0.05_abundance_0.05_0.2,C2227G;T2230C;C2245T;T2307A;A2345T;A2367G;C2371A;A2430G;A2437C;G2447T;A2452T;C2453A;A2483G;G2494A;A2543T;A2554T,ORF1a:T654T;ORF1a:C655C;ORF1a:V660V;ORF1a:L681H;ORF1a:I694F;ORF1a:K701R;ORF1a:A702A;ORF1a:K722R;ORF1a:R724S;ORF1a:G728C;ORF1a:L729L;ORF1a:L730I;ORF1a:I740V;ORF1a:E743E;ORF1a:T760S;ORF1a:L763F,25,613,0.0407830342577487,0,
1082026,BA.2_0.05_abundance_0.05_0.2,T2432A;A2541T,ORF1a:S723T;ORF1a:K759I,64,1638,0.039072039072039,0,
1082026,BA.2_0.05_abundance_0.05_0.2,T2882A;C3037T,ORF1a:C873S;ORF1a:F924F,614,862,0.7122969837587007,401,B.1.1:2;B.1.640.1:1;BA.2.3:384;P.1:6;BA.2:2;BA.4.6.5:1;BQ.1.1:2;B.1.1.7:1;B.1.617.2:1;BA.2.9:1
1082026,BA.2_0.05_abundance_0.05_0.2,T2882A;G3000T;C3037T,ORF1a:C873S;ORF1a:G912V;ORF1a:F924F,49,862,0.0568445475638051,0,
1082026,BA.2_0.05_abundance_0.05_0.2,T2882A;C3037T;C3177T,ORF1a:C873S;ORF1a:F924F;ORF1a:P971L,12,108,0.1111111111111111,0,
1082026,BA.2_0.05_abundance_0.05_0.2,G3239C;T3265C;A3273G;A3277T;T3282G;T3283G;G3320A;A3341C;G3345C;A3357C;A3374C;A3381C,ORF1a:D992H;ORF1a:T1000T;ORF1a:Q1003R;ORF1a:T1004T;ORF1a:V1006G;ORF1a:V1006V;ORF1a:V1019I;ORF1a:N1026H;ORF1a:S1027T;ORF1a:Y1031S;ORF1a:N1037H;ORF1a:Y1039S,7,176,0.0397727272727272,0,
1082026,BA.2_0.05_abundance_0.05_0.2,T3537A;C3551G,ORF1a:I1091K;ORF1a:P1096A,17,388,0.0438144329896907,1,P.1.7:1
1082026,BA.2_0.05_abundance_0.05_0.2,T3537A;T3561G,ORF1a:I1091K;ORF1a:V1099G,5,388,0.0128865979381443,0,
1082026,BA.2_0.05_abundance_0.05_0.2,C3551G;T3561G,ORF1a:P1096A;ORF1a:V1099G,9,388,0.0231958762886597,1,AY.44:1
1082026,BA.2_0.05_abundance_0.05_0.2,A3818T;G3824A;T3826C;T3827A;T3837A;T3843A;G3863C;A3895T;T3952A;T3981C;C3984T;A3989C;T4023A;A4034G;T4054G;A4079G;C4113G,ORF1a:K1185*;ORF1a:V1187I;ORF1a:V1187V;ORF1a:S1188T;ORF1a:L1191*;ORF1a:M1193K;ORF1a:E1200Q;ORF1a:E1210D;ORF1a:D1229E;ORF1a:V1239A;ORF1a:T1240I;ORF1a:T1242P;ORF1a:L1253*;ORF1a:I1257V;ORF1a:L1263L;ORF1a:S1272G;ORF1a:A1283G,31,739,0.0419485791610284,0,
1082026,BA.2_0.05_abundance_0.05_0.2,A3818T;G3824A;T3826C;T3827A;T3837A;T3843A;G3863C;A3895T;T3952A;T3981C;C3984T;A3989C;T4023A;A4034G;T4054G;A4079G;C4113G;G4130C,ORF1a:K1185*;ORF1a:V1187I;ORF1a:V1187V;ORF1a:S1188T;ORF1a:L1191*;ORF1a:M1193K;ORF1a:E1200Q;ORF1a:E1210D;ORF1a:D1229E;ORF1a:V1239A;ORF1a:T1240I;ORF1a:T1242P;ORF1a:L1253*;ORF1a:I1257V;ORF1a:L1263L;ORF1a:S1272G;ORF1a:A1283G;ORF1a:D1289H,9,121,0.0743801652892562,0,
1082026,BA.2_0.05_abundance_0.05_0.2,T4329C;C4338A;T4365C;G4432T;A4451C;C4499A;T4530G;A4588C;G4592C;C4596G;A4604T;A4607G;T4608C;A4645T,ORF1a:I1355T;ORF1a:S1358Y;ORF1a:I1367T;ORF1a:M1389I;ORF1a:K1396Q;ORF1a:Q1412K;ORF1a:F1422C;ORF1a:L1441L;ORF1a:E1443Q;ORF1a:T1444S;ORF1a:T1447S;ORF1a:M1448V;ORF1a:M1448T;ORF1a:E1460D,6,176,0.034090909090909,0,
1082026,BA.2_0.05_abundance_0.05_0.2,C4338A;T4365C;G4432T;A4451C;C4499A;T4530G;A4588C;G4592C;C4596G;A4604T;A4607G;T4608C;A4645T,ORF1a:S1358Y;ORF1a:I1367T;ORF1a:M1389I;ORF1a:K1396Q;ORF1a:Q1412K;ORF1a:F1422C;ORF1a:L1441L;ORF1a:E1443Q;ORF1a:T1444S;ORF1a:T1447S;ORF1a:M1448V;ORF1a:M1448T;ORF1a:E1460D,24,641,0.0374414976599064,0,
1082026,BA.2_0.05_abundance_0.05_0.2,T4667A;C4698T;C4780G;T4813C;G4854C;G4881C;T4924A;G4925C;T4933A;T4946A;A4956T,ORF1a:S1468T;ORF1a:S1478F;ORF1a:I1505M;ORF1a:Y1516Y;ORF1a:R1530T;ORF1a:S1539T;ORF1a:F1553L;ORF1a:D1554H;ORF1a:L1556L;ORF1a:S1561T;ORF1a:E1564V,6,164,0.0365853658536585,0,
1082026,BA.2_0.05_abundance_0.05_0.2,C4698T;C4780G;T4813C;G4854C;G4881C;T4924A;G4925C;T4933A;T4946A;A4956T;C4980T,ORF1a:S1478F;ORF1a:I1505M;ORF1a:Y1516Y;ORF1a:R1530T;ORF1a:S1539T;ORF1a:F1553L;ORF1a:D1554H;ORF1a:L1556L;ORF1a:S1561T;ORF1a:E1564V;ORF1a:T1572I,15,272,0.0551470588235294,0,
1082026,BA.2_0.05_abundance_0.05_0.2,C4698T;C4780G;T4813C;G4854C;G4881C;T4924A;G4925C;T4933A;T4946A;A4956T,ORF1a:S1478F;ORF1a:I1505M;ORF1a:Y1516Y;ORF1a:R1530T;ORF1a:S1539T;ORF1a:F1553L;ORF1a:D1554H;ORF1a:L1556L;ORF1a:S1561T;ORF1a:E1564V,46,1049,0.0438512869399428,0,
1082026,BA.2_0.05_abundance_0.05_0.2,G5625C;T5635G;G5708C;T5732A;G5750A;C5832G;T5854G;T5860G;G5861A;T5864G;T5909A,ORF1a:C1787S;ORF1a:G1790G;ORF1a:E1815Q;ORF1a:C1823S;ORF1a:G1829S;ORF1a:S1856C;ORF1a:I1863M;ORF1a:D1865E;ORF1a:V1866I;ORF1a:F1867V;ORF1a:Y1882N,72,1502,0.047936085219707,0,
1082026,BA.2_0.05_abundance_0.05_0.2,G5625C;T5635G;G5708C;T5732A;G5750A;C5832G;T5854G;T5860G;G5861A;T5864G,ORF1a:C1787S;ORF1a:G1790G;ORF1a:E1815Q;ORF1a:C1823S;ORF1a:G1829S;ORF1a:S1856C;ORF1a:I1863M;ORF1a:D1865E;ORF1a:V1866I;ORF1a:F1867V,18,1765,0.0101983002832861,0,
1082026,BA.2_0.05_abundance_0.05_0.2,G5625C;T5635G;G5708C;T5732A;G5750A;C5832G;T5854G;T5860G;G5861A;T5864G;T5909A;T5928C,ORF1a:C1787S;ORF1a:G1790G;ORF1a:E1815Q;ORF1a:C1823S;ORF1a:G1829S;ORF1a:S1856C;ORF1a:I1863M;ORF1a:D1865E;ORF1a:V1866I;ORF1a:F1867V;ORF1a:Y1882N;ORF1a:V1888A,7,93,0.075268817204301,0,
1082026,BA.2_0.05_abundance_0.05_0.2,T5909A;G5924T;T5928C;G5936T;C6005A;A6030T;C6037G;G6056A;G6077A;A6081T;T6087C;A6133T;A6182T,ORF1a:Y1882N;ORF1a:V1887F;ORF1a:V1888A;ORF1a:E1891*;ORF1a:L1914I;ORF1a:N1922I;ORF1a:S1924R;ORF1a:V1931I;ORF1a:A1938T;ORF1a:D1939V;ORF1a:L1941S;ORF1a:K1956N;ORF1a:K1973*,9,414,0.0217391304347826,0,
1082026,BA.2_0.05_abundance_0.05_0.2,T5909A;T5928C;G5936T;C6005A;A6030T;C6037G;G6056A;G6077A;A6081T;T6087C;A6133T;A6182T,ORF1a:Y1882N;ORF1a:V1888A;ORF1a:E1891*;ORF1a:L1914I;ORF1a:N1922I;ORF1a:S1924R;ORF1a:V1931I;ORF1a:A1938T;ORF1a:D1939V;ORF1a:L1941S;ORF1a:K1956N;ORF1a:K1973*,8,414,0.0193236714975845,0,
1082026,BA.2_0.05_abundance_0.05_0.2,T5909A;G5924T;T5928C;G5936T;C6005A;A6030T;G6056A;G6077A;A6081T;T6087C;A6133T;A6182T,ORF1a:Y1882N;ORF1a:V1887F;ORF1a:V1888A;ORF1a:E1891*;ORF1a:L1914I;ORF1a:N1922I;ORF1a:V1931I;ORF1a:A1938T;ORF1a:D1939V;ORF1a:L1941S;ORF1a:K1956N;ORF1a:K1973*,5,414,0.0120772946859903,0,
1082026,BA.2_0.05_abundance_0.05_0.2,T5909A;T5928C;G5936T;C6005A;A6030T;G6056A;G6077A;A6081T;T6087C;A6133T;A6182T,ORF1a:Y1882N;ORF1a:V1888A;ORF1a:E1891*;ORF1a:L1914I;ORF1a:N1922I;ORF1a:V1931I;ORF1a:A1938T;ORF1a:D1939V;ORF1a:L1941S;ORF1a:K1956N;ORF1a:K1973*,6,414,0.0144927536231884,0,
1082026,BA.2_0.05_abundance_0.05_0.2,G5924T;C6037G,ORF1a:V1887F;ORF1a:S1924R,63,461,0.1366594360086767,0,
1082026,BA.2_0.05_abundance_0.05_0.2,T7075C;C7119G;T7141G;T7147C;T7168A;C7195G;A7208C;A7210C;T7226C;T7227C;T7228A;T7305C;T7341A;A7358G,ORF1a:Y2270Y;ORF1a:S2285C;ORF1a:L2292L;ORF1a:G2294G;ORF1a:Y2301*;ORF1a:T2310T;ORF1a:K2315Q;ORF1a:K2315N;ORF1a:F2321L;ORF1a:F2321S;ORF1a:F2321L;ORF1a:M2347T;ORF1a:I2359N;ORF1a:M2365V,11,208,0.0528846153846153,0,
1082026,BA.2_0.05_abundance_0.05_0.2,T7341A;A7358G;T7425A;T7438A;A7448C;C7485G;C7518A;G7526A;A7548C;T7554G;G7561A;C7578A,ORF1a:I2359N;ORF1a:M2365V;ORF1a:F2387Y;ORF1a:Y2391*;ORF1a:K2395Q;ORF1a:S2407*;ORF1a:A2418E;ORF1a:V2421I;ORF1a:N2428T;ORF1a:V2430G;ORF1a:R2432R;ORF1a:A2438D,5,83,0.0602409638554216,0,
1082026,BA.2_0.05_abundance_0.05_0.2,A7358G;T7425A;T7438A;A7448C;C7485G;C7518A;G7526A;A7548C;T7554G;G7561A;C7578A,ORF1a:M2365V;ORF1a:F2387Y;ORF1a:Y2391*;ORF1a:K2395Q;ORF1a:S2407*;ORF1a:A2418E;ORF1a:V2421I;ORF1a:N2428T;ORF1a:V2430G;ORF1a:R2432R;ORF1a:A2438D,5,236,0.0211864406779661,0,
1082026,BA.2_0.05_abundance_0.05_0.2,G7829A;C7840G,ORF1a:V2522I;ORF1a:D2525E,21,521,0.0403071017274472,0,
1082026,BA.2_0.05_abundance_0.05_0.2,C8318G;T8328G;G8337C;A8343C;C8354A;A8360C;T8361C;C8424T;T8439G;T8477G;T8484C;A8492G;C8493T;T8562G;A8565C;T8603G,ORF1a:P2685A;ORF1a:L2688R;ORF1a:C2691S;ORF1a:D2693A;ORF1a:R2697S;ORF1a:I2699L;ORF1a:I2699T;ORF1a:S2720L;ORF1a:L2725R;ORF1a:L2738V;ORF1a:F2740S;ORF1a:T2743A;ORF1a:T2743I;ORF1a:V2766G;ORF1a:N2767T;ORF1a:F2780V,14,726,0.0192837465564738,0,
1082026,BA.2_0.05_abundance_0.05_0.2,C8318G;T8328G;A8343C;C8354A;A8360C;T8361C;C8424T;T8439G;T8477G;T8484C;A8492G;C8493T;T8562G;A8565C;T8603G,ORF1a:P2685A;ORF1a:L2688R;ORF1a:D2693A;ORF1a:R2697S;ORF1a:I2699L;ORF1a:I2699T;ORF1a:S2720L;ORF1a:L2725R;ORF1a:L2738V;ORF1a:F2740S;ORF1a:T2743A;ORF1a:T2743I;ORF1a:V2766G;ORF1a:N2767T;ORF1a:F2780V,22,726,0.0303030303030303,0,
1082026,BA.2_0.05_abundance_0.05_0.2,G8337C;C8424T,ORF1a:C2691S;ORF1a:S2720L,243,800,0.30375,0,
1082026,BA.2_0.05_abundance_0.05_0.2,G10447A;C10449A;T10659G,ORF1a:R3394R;ORF1a:P3395H;ORF1a:V3465G,35,980,0.0357142857142857,1,BA.2.3:1
1082026,BA.2_0.05_abundance_0.05_0.2,T11046G;T11056C;T11070A;A11085T;T11118G;T11151G;G11222T;G11243A;A11258T,ORF1a:L3594*;ORF1a:S3597S;ORF1a:L3602*;ORF1a:Y3607F;ORF1a:I3618S;ORF1a:V3629G;ORF1a:V3653F;ORF1a:V3660M;ORF1a:T3665S,13,379,0.0343007915567282,0,
1082026,BA.2_0.05_abundance_0.05_0.2,G11378C;T11429A;T11432G;G11464A;G11483A;C11494T;G11504T;T11517A;C11518T;G11528C;T11539C;T11547C;A11567G,ORF1a:A3705P;ORF1a:Y3722N;ORF1a:Y3723D;ORF1a:M3733I;ORF1a:V3740I;ORF1a:N3743N;ORF1a:V3747L;ORF1a:V3751D;ORF1a:V3751V;ORF1a:A3755P;ORF1a:I3758I;ORF1a:M3761T;ORF1a:I3768V,148,2688,0.0550595238095238,0,
1082026,BA.2_0.05_abundance_0.05_0.2,G11683T;T11706A;T11729A;A11742T;A11759T;C11785A;T11806A;G11807C;A11827G;G11828A;A11839G;C11844G;A11854G;A11856C;C11866T;A11905G,ORF1a:L3806L;ORF1a:L3814*;ORF1a:Y3822N;ORF1a:Q3826L;ORF1a:K3832*;ORF1a:L3840L;ORF1a:V3847V;ORF1a:G3848R;ORF1a:K3854K;ORF1a:V3855I;ORF1a:V3858V;ORF1a:S3860C;ORF1a:S3863S;ORF1a:D3864A;ORF1a:C3867C;ORF1a:R3880R,10,517,0.0193423597678916,0,
1082026,BA.2_0.05_abundance_0.05_0.2,G11683T;T11706A;T11729A;A11742T;A11759T;C11785A;T11806A;G11807C;A11827G;G11828A;A11839G;C11844G;A11854G;A11856C;C11866T,ORF1a:L3806L;ORF1a:L3814*;ORF1a:Y3822N;ORF1a:Q3826L;ORF1a:K3832*;ORF1a:L3840L;ORF1a:V3847V;ORF1a:G3848R;ORF1a:K3854K;ORF1a:V3855I;ORF1a:V3858V;ORF1a:S3860C;ORF1a:S3863S;ORF1a:D3864A;ORF1a:C3867C,10,664,0.0150602409638554,0,
1082026,BA.2_0.05_abundance_0.05_0.2,G11683T;T11706A;T11729A;A11742T;A11759T;C11785A;T11806A;G11807C;A11827G;G11828A;A11839G;C11844G;A11854G;A11856C;C11866T;A11905G;A11911T,ORF1a:L3806L;ORF1a:L3814*;ORF1a:Y3822N;ORF1a:Q3826L;ORF1a:K3832*;ORF1a:L3840L;ORF1a:V3847V;ORF1a:G3848R;ORF1a:K3854K;ORF1a:V3855I;ORF1a:V3858V;ORF1a:S3860C;ORF1a:S3863S;ORF1a:D3864A;ORF1a:C3867C;ORF1a:R3880R;ORF1a:E3882D,10,222,0.045045045045045,0,
1082026,BA.2_0.05_abundance_0.05_0.2,A11905G;A11911T;C11919G;G11944C;G11966T;T12013A;T12017G;C12025T;A12026T;G12035A;T12039G;C12043A;C12081G;A12103G;T12112A;C12138T;T12142A;T12168G;T12204C;A12206C,ORF1a:R3880R;ORF1a:E3882D;ORF1a:S3885C;ORF1a:Q3893H;ORF1a:A3901S;ORF1a:S3916S;ORF1a:L3918V;ORF1a:S3920S;ORF1a:M3921L;ORF1a:A3924T;ORF1a:V3925G;ORF1a:D3926E;ORF1a:A3939G;ORF1a:S3946S;ORF1a:S3949R;ORF1a:A3958V;ORF1a:T3959T;ORF1a:V3968G;ORF1a:L3980S;ORF1a:K3981Q,30,1239,0.0242130750605326,0,
1082026,BA.2_0.05_abundance_0.05_0.2,A11905G;A11911T;C11919G;G11944C;G11966T;T12013A;T12017G;A12026T;G12035A;T12039G;C12043A;C12081G;A12103G;T12112A;C12138T;T12142A;T12168G;T12204C;A12206C,ORF1a:R3880R;ORF1a:E3882D;ORF1a:S3885C;ORF1a:Q3893H;ORF1a:A3901S;ORF1a:S3916S;ORF1a:L3918V;ORF1a:M3921L;ORF1a:A3924T;ORF1a:V3925G;ORF1a:D3926E;ORF1a:A3939G;ORF1a:S3946S;ORF1a:S3949R;ORF1a:A3958V;ORF1a:T3959T;ORF1a:V3968G;ORF1a:L3980S;ORF1a:K3981Q,24,1239,0.0193704600484261,0,
1082026,BA.2_0.05_abundance_0.05_0.2,C12138T;T12142A;T12168G;T12204C;A12206C;A12228G;T12244G;A12286G;A12316T;T12319G;G12330A;A12335G;G12355A;C12398A;A12414G;C12420A,ORF1a:A3958V;ORF1a:T3959T;ORF1a:V3968G;ORF1a:L3980S;ORF1a:K3981Q;ORF1a:K3988R;ORF1a:R3993R;ORF1a:Q4007Q;ORF1a:R4017S;ORF1a:S4018S;ORF1a:R4022K;ORF1a:K4024E;ORF1a:Q4030Q;ORF1a:L4045I;ORF1a:N4050S;ORF1a:A4052E,10,308,0.0324675324675324,0,
1082026,BA.2_0.05_abundance_0.05_0.2,T12142A;T12168G;T12204C;A12206C;A12228G;T12244G;A12286G;A12316T;T12319G;G12330A;A12335G;G12355A;C12398A;A12414G;C12420A,ORF1a:T3959T;ORF1a:V3968G;ORF1a:L3980S;ORF1a:K3981Q;ORF1a:K3988R;ORF1a:R3993R;ORF1a:Q4007Q;ORF1a:R4017S;ORF1a:S4018S;ORF1a:R4022K;ORF1a:K4024E;ORF1a:Q4030Q;ORF1a:L4045I;ORF1a:N4050S;ORF1a:A4052E,11,537,0.0204841713221601,0,
1082026,BA.2_0.05_abundance_0.05_0.2,T12168G;T12204C;A12206C;A12228G;T12244G;A12286G;A12316T;T12319G;G12330A;A12335G;G12355A;C12398A;A12414G;C12420A,ORF1a:V3968G;ORF1a:L3980S;ORF1a:K3981Q;ORF1a:K3988R;ORF1a:R3993R;ORF1a:Q4007Q;ORF1a:R4017S;ORF1a:S4018S;ORF1a:R4022K;ORF1a:K4024E;ORF1a:Q4030Q;ORF1a:L4045I;ORF1a:N4050S;ORF1a:A4052E,107,2635,0.0406072106261859,0,
1082026,BA.2_0.05_abundance_0.05_0.2,T13412G;C13439A;A13455G;C13458A;T13463A;C13490G;C13492A;G13514A;C13517T;G13624T,ORF1a:C4383G;ORF1a:Q4392K;ORF1a:Q4397R;ORF1a:S4398*;ORF1a:L4400I;ORF1b:A8G;ORF1b:R9S;ORF1b:G16D;ORF1b:T17I;ORF1b:D53Y,32,1175,0.0272340425531914,0,
1082026,BA.2_0.05_abundance_0.05_0.2,C13439A;A13455G;C13458A;T13463A;C13490G;C13492A;G13514A;C13517T;G13624T,ORF1a:Q4392K;ORF1a:Q4397R;ORF1a:S4398*;ORF1a:L4400I;ORF1b:A8G;ORF1b:R9S;ORF1b:G16D;ORF1b:T17I;ORF1b:D53Y,50,1175,0.0425531914893617,0,
1082026,BA.2_0.05_abundance_0.05_0.2,A13696G;A13702C;T13728G;G13762T;T13820A;G13856T;T13878C;T13894A;G13921T;A13928C;T13929A;G13939T,ORF1b:I77V;ORF1b:N79H;ORF1b:V87V;ORF1b:G99C;ORF1b:L118H;ORF1b:C130F;ORF1b:L137L;ORF1b:C143S;ORF1b:D152Y;ORF1b:Y154S;ORF1b:Y154*;ORF1b:E158*,7,407,0.0171990171990172,0,
1082026,BA.2_0.05_abundance_0.05_0.2,A13696G;A13702C;T13728G;G13762T;T13820A;G13856T;T13878C;T13894A;G13921T;A13928C;T13929A;G13939T;C13945G,ORF1b:I77V;ORF1b:N79H;ORF1b:V87V;ORF1b:G99C;ORF1b:L118H;ORF1b:C130F;ORF1b:L137L;ORF1b:C143S;ORF1b:D152Y;ORF1b:Y154S;ORF1b:Y154*;ORF1b:E158*;ORF1b:P160A,13,208,0.0625,0,
1082026,BA.2_0.05_abundance_0.05_0.2,A13696G;A13702C;T13728G;G13762T;T13820A;G13856T;T13878C;T13894A;G13921T;A13928C;T13929A,ORF1b:I77V;ORF1b:N79H;ORF1b:V87V;ORF1b:G99C;ORF1b:L118H;ORF1b:C130F;ORF1b:L137L;ORF1b:C143S;ORF1b:D152Y;ORF1b:Y154S;ORF1b:Y154*,10,485,0.0206185567010309,0,
1082026,BA.2_0.05_abundance_0.05_0.2,A14317G;T14361C;T14378C;T14389C;C14403G;C14408T;G14419A;C14422G;A14470T;C14491T;G14495C;T14526A,ORF1b:T284A;ORF1b:I298I;ORF1b:F304S;ORF1b:F308L;ORF1b:F312L;ORF1b:P314L;ORF1b:G318R;ORF1b:P319A;ORF1b:T335S;ORF1b:L342L;ORF1b:G343A;ORF1b:H353Q,12,227,0.052863436123348,0,
1082026,BA.2_0.05_abundance_0.05_0.2,G14923C;C14953A;A14977T;A14990T;T14992G;T15021C;C15024G;A15077C;T15084C;A15099C;G15115C;T15152A;T15163C;A15177T;G15178C;A15187C,ORF1b:V486L;ORF1b:P496T;ORF1b:R504*;ORF1b:D508V;ORF1b:S509A;ORF1b:L518L;ORF1b:F519L;ORF1b:Y537S;ORF1b:I539I;ORF1b:R544S;ORF1b:G550R;ORF1b:F562Y;ORF1b:L566L;ORF1b:I570I;ORF1b:A571P;ORF1b:R574R,22,288,0.0763888888888889,0,
1082026,BA.2_0.05_abundance_0.05_0.2,T15551G;A15564T;A15612C;C15631A;A15639C;G15644A;T15674C;C15714T;T15726C;A15740T;C15746A;T15756G;T15801A;T15815G;T15816C;T15817G;A15820T,ORF1b:V695G;ORF1b:L699F;ORF1b:Q715H;ORF1b:L722I;ORF1b:R724S;ORF1b:R726K;ORF1b:F736S;ORF1b:L749L;ORF1b:A753A;ORF1b:N758I;ORF1b:T760N;ORF1b:S763S;ORF1b:Y778*;ORF1b:V783G;ORF1b:V783V;ORF1b:F784V;ORF1b:M785L,189,3762,0.0502392344497607,0,
1082026,BA.2_0.05_abundance_0.05_0.2,T15551G;A15564T;A15612C;C15631A;A15639C;G15644A;T15674C;C15714T;T15726C;A15740T;C15746A;T15756G;T15801A;T15815G;T15816C;T15817G;A15820T;A15861G,ORF1b:V695G;ORF1b:L699F;ORF1b:Q715H;ORF1b:L722I;ORF1b:R724S;ORF1b:R726K;ORF1b:F736S;ORF1b:L749L;ORF1b:A753A;ORF1b:N758I;ORF1b:T760N;ORF1b:S763S;ORF1b:Y778*;ORF1b:V783G;ORF1b:V783V;ORF1b:F784V;ORF1b:M785L;ORF1b:K798K,7,96,0.0729166666666666,0,
1082026,BA.2_0.05_abundance_0.05_0.2,T15661C;C15714T,ORF1b:F732L;ORF1b:L749L,481,4213,0.1141704248753857,13,BA.5.2:1;BA.2.10:3;CL.1:1;BA.2.3.12:1;BF.2:1;BA.5.2.6:1;BA.2.14:1;BA.2.9:1;BA.2.12.1:1;BF.7:1;BA.5.2.1:1
1082026,BA.2_0.05_abundance_0.05_0.2,T15661C;C15714T;C15824T,ORF1b:F732L;ORF1b:L749L;ORF1b:S786F,82,3815,0.0214941022280471,0,
1082026,BA.2_0.05_abundance_0.05_0.2,C15714T;C15824T,ORF1b:L749L;ORF1b:S786F,519,3815,0.1360419397116644,131,BA.2.75:2;BA.5.1:20;BA.2:16;BE.1:6;BA.5.2.2:1;BA.5.2.29:2;BA.5.1.1:1;BA.5.5:5;BA.4.4:2;BA.4.1:1;BA.2.12.1:13;BA.5.2.1:7;BA.5.2:7;BA.4.6.5:1;BF.5:6;BA.5.1.10:1;BE.3:3;BT.1:1;BQ.1.1.8:1;BA.2.3.14:1;BA.2.3.2:1;BF.7:1;BA.4.6:2;BW.1:2;BA.5.1.12:1;XBD:1;BA.2.3:3;BF.27:2;CM.8:1;BA.2.37:1;BA.2.7:2;BE.1.1:1;BF.4:1;BQ.1.1:3;BA.2.9:3;BA.2.10.2:2;BF.10:1;BA.5.1.23:2;BN.2:1;BE.1.4:1;BA.5.1.6:2
1082026,BA.2_0.05_abundance_0.05_0.2,C15904T;T15927C;G15955T;G15995C;G16027T;T16029A;T16074A;A16105G;C16134A;T16147A;T16155C;G16158A,ORF1b:Q813*;ORF1b:L820L;ORF1b:G830W;ORF1b:G843A;ORF1b:A854S;ORF1b:A854A;ORF1b:A869A;ORF1b:R880G;ORF1b:H889Q;ORF1b:Y894N;ORF1b:V896V;ORF1b:M897I,29,916,0.0316593886462882,0,
1082026,BA.2_0.05_abundance_0.05_0.2,C15904T;T15927C;G15955T;G15995C;G16027T;T16029A;T16074A;A16105G;C16134A;T16147A;T16155C;G16158A;A16172C,ORF1b:Q813*;ORF1b:L820L;ORF1b:G830W;ORF1b:G843A;ORF1b:A854S;ORF1b:A854A;ORF1b:A869A;ORF1b:R880G;ORF1b:H889Q;ORF1b:Y894N;ORF1b:V896V;ORF1b:M897I;ORF1b:N902T,7,278,0.0251798561151079,0,
1082026,BA.2_0.05_abundance_0.05_0.2,T16778G;A16804C;T16809C;A16819C;A16824T;G16855C;T16863C;T16884G;A16889C;A16895C;T16911A;T16926C;T16931G;C16952A;C16961T;C17028T;T17052A;A17063G,ORF1b:V1104G;ORF1b:N1113H;ORF1b:S1114S;ORF1b:I1118L;ORF1b:G1119G;ORF1b:D1130H;ORF1b:V1132V;ORF1b:T1139T;ORF1b:K1141T;ORF1b:N1143T;ORF1b:F1148L;ORF1b:H1153H;ORF1b:V1155G;ORF1b:T1162K;ORF1b:P1165L;ORF1b:S1187S;ORF1b:V1195V;ORF1b:K1199R,5,415,0.0120481927710843,0,
1082026,BA.2_0.05_abundance_0.05_0.2,T16778G;A16804C;T16809C;A16819C;A16824T;G16855C;T16863C;T16884G;A16889C;A16895C;T16911A;T16926C;T16931G;C16952A;C16961T;C17028T;T17052A;A17063G;A17101G,ORF1b:V1104G;ORF1b:N1113H;ORF1b:S1114S;ORF1b:I1118L;ORF1b:G1119G;ORF1b:D1130H;ORF1b:V1132V;ORF1b:T1139T;ORF1b:K1141T;ORF1b:N1143T;ORF1b:F1148L;ORF1b:H1153H;ORF1b:V1155G;ORF1b:T1162K;ORF1b:P1165L;ORF1b:S1187S;ORF1b:V1195V;ORF1b:K1199R;ORF1b:S1212G,11,375,0.0293333333333333,0,
1082026,BA.2_0.05_abundance_0.05_0.2,A16804C;T16809C;A16819C;A16824T;G16855C;T16863C;T16884G;A16889C;A16895C;T16911A;T16926C;T16931G;C16952A;C16961T;C17028T;T17052A;A17063G;A17101G,ORF1b:N1113H;ORF1b:S1114S;ORF1b:I1118L;ORF1b:G1119G;ORF1b:D1130H;ORF1b:V1132V;ORF1b:T1139T;ORF1b:K1141T;ORF1b:N1143T;ORF1b:F1148L;ORF1b:H1153H;ORF1b:V1155G;ORF1b:T1162K;ORF1b:P1165L;ORF1b:S1187S;ORF1b:V1195V;ORF1b:K1199R;ORF1b:S1212G,102,2689,0.0379323168464113,0,
1082026,BA.2_0.05_abundance_0.05_0.2,A16804C;T16809C;A16819C;A16824T;G16855C;T16863C;T16884G;A16889C;A16895C;T16911A;T16926C;T16931G;C16952A;C16961T;C17028T;T17052A;A17063G;A17101G;G17117T,ORF1b:N1113H;ORF1b:S1114S;ORF1b:I1118L;ORF1b:G1119G;ORF1b:D1130H;ORF1b:V1132V;ORF1b:T1139T;ORF1b:K1141T;ORF1b:N1143T;ORF1b:F1148L;ORF1b:H1153H;ORF1b:V1155G;ORF1b:T1162K;ORF1b:P1165L;ORF1b:S1187S;ORF1b:V1195V;ORF1b:K1199R;ORF1b:S1212G;ORF1b:G1217V,11,617,0.0178282009724473,0,
1082026,BA.2_0.05_abundance_0.05_0.2,A16804C;T16809C;A16819C;A16824T;G16855C;T16863C;T16884G;A16889C;A16895C;T16911A;T16926C;T16931G;C16952A;C16961T;C17028T;T17052A;A17063G;A17101G;G17117T;C17119T,ORF1b:N1113H;ORF1b:S1114S;ORF1b:I1118L;ORF1b:G1119G;ORF1b:D1130H;ORF1b:V1132V;ORF1b:T1139T;ORF1b:K1141T;ORF1b:N1143T;ORF1b:F1148L;ORF1b:H1153H;ORF1b:V1155G;ORF1b:T1162K;ORF1b:P1165L;ORF1b:S1187S;ORF1b:V1195V;ORF1b:K1199R;ORF1b:S1212G;ORF1b:G1217V;ORF1b:L1218L,10,429,0.0233100233100233,0,
1082026,BA.2_0.05_abundance_0.05_0.2,A17101G;G17117T;C17119T;T17126C;G17162A;T17166C;T17169A;A17199C;T17210C;T17255A;T17263A;A17270G;A17294G;A17300G;T17306C;G17320A;G17331A;A17332T;T17353A;G17359C;T17400G;C17410T,ORF1b:S1212G;ORF1b:G1217V;ORF1b:L1218L;ORF1b:L1220P;ORF1b:C1232Y;ORF1b:S1233S;ORF1b:H1234Q;ORF1b:A1244A;ORF1b:L1248S;ORF1b:V1263E;ORF1b:F1266I;ORF1b:K1268R;ORF1b:E1276G;ORF1b:Y1278C;ORF1b:F1280S;ORF1b:A1285T;ORF1b:E1288E;ORF1b:T1289S;ORF1b:F1296I;ORF1b:E1298Q;ORF1b:N1311K;ORF1b:R1315C,61,1144,0.0533216783216783,0,
1082026,BA.2_0.05_abundance_0.05_0.2,A17101G;G17117T;C17119T;T17126C;G17162A;T17166C;T17169A;A17199C;T17210C;T17255A;T17263A;A17270G;A17294G;A17300G;T17306C;G17320A;G17331A;A17332T;T17353A;G17359C;T17400G,ORF1b:S1212G;ORF1b:G1217V;ORF1b:L1218L;ORF1b:L1220P;ORF1b:C1232Y;ORF1b:S1233S;ORF1b:H1234Q;ORF1b:A1244A;ORF1b:L1248S;ORF1b:V1263E;ORF1b:F1266I;ORF1b:K1268R;ORF1b:E1276G;ORF1b:Y1278C;ORF1b:F1280S;ORF1b:A1285T;ORF1b:E1288E;ORF1b:T1289S;ORF1b:F1296I;ORF1b:E1298Q;ORF1b:N1311K,23,1576,0.0145939086294416,0,
1082026,BA.2_0.05_abundance_0.05_0.2,G17117T;C17119T;T17126C;G17162A;T17166C;T17169A;A17199C;T17210C;T17255A;T17263A;A17270G;A17294G;A17300G;T17306C;G17320A;G17331A;A17332T;T17353A;G17359C;T17400G,ORF1b:G1217V;ORF1b:L1218L;ORF1b:L1220P;ORF1b:C1232Y;ORF1b:S1233S;ORF1b:H1234Q;ORF1b:A1244A;ORF1b:L1248S;ORF1b:V1263E;ORF1b:F1266I;ORF1b:K1268R;ORF1b:E1276G;ORF1b:Y1278C;ORF1b:F1280S;ORF1b:A1285T;ORF1b:E1288E;ORF1b:T1289S;ORF1b:F1296I;ORF1b:E1298Q;ORF1b:N1311K,56,4396,0.0127388535031847,0,
1082026,BA.2_0.05_abundance_0.05_0.2,G17117T;C17119T;T17126C;G17162A;T17166C;T17169A;A17199C;T17210C;T17255A;T17263A;A17270G;A17294G;A17300G;T17306C;G17320A;G17331A;A17332T;T17353A;G17359C;T17400G;C17410T,ORF1b:G1217V;ORF1b:L1218L;ORF1b:L1220P;ORF1b:C1232Y;ORF1b:S1233S;ORF1b:H1234Q;ORF1b:A1244A;ORF1b:L1248S;ORF1b:V1263E;ORF1b:F1266I;ORF1b:K1268R;ORF1b:E1276G;ORF1b:Y1278C;ORF1b:F1280S;ORF1b:A1285T;ORF1b:E1288E;ORF1b:T1289S;ORF1b:F1296I;ORF1b:E1298Q;ORF1b:N1311K;ORF1b:R1315C,101,3166,0.0319014529374605,0,
1082026,BA.2_0.05_abundance_0.05_0.2,T17178G;C17410T,ORF1b:V1237V;ORF1b:R1315C,64,3167,0.0202083991158825,12,BA.5:1;BA.2:3;BA.5.1:2;BA.2.21:1;BF.5:1;BA.2.11:1;BA.5.2:1;BA.5.1.24:2
1082026,BA.2_0.05_abundance_0.05_0.2,C17326T;C17410T,ORF1b:P1287S;ORF1b:R1315C,616,3167,0.1945058414903694,489,BA.2.9:11;BA.2.12.1:28;BA.5.2:12;BA.5.5:36;BA.2.3.1:1;BF.28:7;BA.5.2.1:59;BA.5.1:159;BA.2:79;BA.2.39:1;BF.11:2;BA.2.3:8;BA.5.1.10:1;BA.5.1.23:2;BF.7:10;BA.5.1.1:5;BA.5.1.6:7;BA.2.38:4;BG.5:1;BA.2.18:4;BA.5.1.3:1;BF.26:3;BA.5.1.12:5;BA.2.75:2;BE.1:4;BA.5.7:1;BA.2.10.1:2;BF.5:8;BA.5:5;BA.2.38.1:1;BA.5.1.25:1;BE.1.1:1;BA.2.56:1;BA.2.1:3;BA.2.76:1;BA.2.16:1;BA.2.72:1;BA.5.1.16:5;BA.2.5:1;BA.2.71:1;BA.2.13:2;BA.5.3.1:1;BE.5:1
1082026,BA.2_0.05_abundance_0.05_0.2,C17326T;C17397A;C17410T,ORF1b:P1287S;ORF1b:V1310V;ORF1b:R1315C,63,3167,0.0198926428796968,0,
1082026,BA.2_0.05_abundance_0.05_0.2,C17397A;C17410T,ORF1b:V1310V;ORF1b:R1315C,205,3167,0.0647300284180612,509,BQ.1.1.17:1;BA.2.2:293;BA.2.75:3;BA.2:174;BA.5.5:1;BA.5.1:6;CM.2:1;BA.2.9:11;BA.5.1.1:3;BA.2.3:4;BQ.1.2:2;BA.5.1.23:1;BA.5.2.1:1;BA.1.18:1;BA.5:1;BA.5.2:2;BA.5.3.1:2;BA.5.1.15:1;BA.2.7:1
1082026,BA.2_0.05_abundance_0.05_0.2,C17410T;C17446G,ORF1b:R1315C;ORF1b:Q1327E,12,158,0.0759493670886076,0,
1082026,BA.2_0.05_abundance_0.05_0.2,G17749C;G17753T;A17775T;A17791T;T17812A;G17815T;A17823G;A17853C;T17859A;A17889T;T17978C;A17984T,ORF1b:A1428P;ORF1b:W1429L;ORF1b:S1436S;ORF1b:N1442Y;ORF1b:L1449M;ORF1b:G1450*;ORF1b:P1452P;ORF1b:S1462S;ORF1b:Y1464*;ORF1b:E1474D;ORF1b:L1504P;ORF1b:D1506V,21,352,0.0596590909090909,0,
1082026,BA.2_0.05_abundance_0.05_0.2,A17879C;C17927T,ORF1b:Q1471P;ORF1b:A1487V,26,354,0.0734463276836158,0,
1082026,BA.2_0.05_abundance_0.05_0.2,A18038T;A18163G,ORF1b:Q1524L;ORF1b:I1566V,105,511,0.2054794520547945,2,BA.1.13.1:1;BA.2:1
1082026,BA.2_0.05_abundance_0.05_0.2,A18038T;A18163G;A18172C,ORF1b:Q1524L;ORF1b:I1566V;ORF1b:I1569L,16,511,0.0313111545988258,0,
1082026,BA.2_0.05_abundance_0.05_0.2,A18163G;A18172C,ORF1b:I1566V;ORF1b:I1569L,52,511,0.1017612524461839,25,BA.1.1:5;BA.2:7;BA.2.9:10;BA.2.38:1;BA.2.68:1;BA.5.2.7:1
1082026,BA.2_0.05_abundance_0.05_0.2,A18941G;G18968A;A18969G;A18982G;T19016G;G19056A;A19073G;G19086A;T19110A;A19116G;A19123T;A19134G;T19139C;T19146G;T19149C;A19210G;G19211T;A19212C;G19219A;C19227T;T19233A;T19241C;T19248G;C19255G,ORF1b:D1825G;ORF1b:R1834K;ORF1b:R1834R;ORF1b:M1839V;ORF1b:F1850C;ORF1b:K1863K;ORF1b:D1869G;ORF1b:K1873K;ORF1b:S1881R;ORF1b:K1883K;ORF1b:K1886*;ORF1b:E1889E;ORF1b:F1891S;ORF1b:S1893S;ORF1b:Y1894Y;ORF1b:R1915G;ORF1b:R1915I;ORF1b:R1915S;ORF1b:A1918T;ORF1b:S1920S;ORF1b:V1922V;ORF1b:F1925S;ORF1b:T1927T;ORF1b:L1930V,24,353,0.0679886685552408,0,
1082026,BA.2_0.05_abundance_0.05_0.2,A18941G;G18968A;A18969G;A18982G;T19016G;G19056A;A19073G;G19086A;T19110A;A19116G;A19123T;A19134G;T19139C;T19146G;T19149C;A19210G;G19211T;A19212C;G19219A;C19227T;T19233A;T19241C;T19248G,ORF1b:D1825G;ORF1b:R1834K;ORF1b:R1834R;ORF1b:M1839V;ORF1b:F1850C;ORF1b:K1863K;ORF1b:D1869G;ORF1b:K1873K;ORF1b:S1881R;ORF1b:K1883K;ORF1b:K1886*;ORF1b:E1889E;ORF1b:F1891S;ORF1b:S1893S;ORF1b:Y1894Y;ORF1b:R1915G;ORF1b:R1915I;ORF1b:R1915S;ORF1b:A1918T;ORF1b:S1920S;ORF1b:V1922V;ORF1b:F1925S;ORF1b:T1927T,7,465,0.0150537634408602,0,
1082026,BA.2_0.05_abundance_0.05_0.2,A19195G;G19254T,ORF1b:N1910D;ORF1b:V1929V,79,374,0.2112299465240641,0,
1082026,BA.2_0.05_abundance_0.05_0.2,G20518A;G20548A;T20563A;T20570C;T20573G;T20579G;T20606G;T20609A;G20616T;G20618A;T20625G;C20629T;C20646A;T20671C;T20690G;G20691C;T20701G;A20711G;T20717A;T20723C;A20744T;A20766G;C20790T;A20796T;G20808C,ORF1b:D2351N;ORF1b:D2361N;ORF1b:S2366T;ORF1b:V2368A;ORF1b:V2369G;ORF1b:V2371G;ORF1b:F2380C;ORF1b:M2381K;ORF1b:W2383C;ORF1b:C2384Y;ORF1b:D2386E;ORF1b:H2388Y;ORF1b:Y2393*;ORF1b:W2402R;ORF1b:M2408R;ORF1b:M2408I;ORF1b:Y2412D;ORF1b:Q2415R;ORF1b:M2417K;ORF1b:L2419S;ORF1b:N2426I;ORF1b:L2433L;ORF1b:V2441V;ORF1b:K2443N;ORF1b:L2447L,28,571,0.0490367775831873,0,
1082026,BA.2_0.05_abundance_0.05_0.2,G20518A;G20548A;T20563A;T20570C;T20573G;T20579G;C20582T;T20606G;T20609A;G20616T;G20618A;T20625G;C20629T;C20646A;T20671C;T20690G;G20691C;T20701G;A20711G;T20717A;T20723C;A20744T;A20766G;C20790T;A20796T;G20808C,ORF1b:D2351N;ORF1b:D2361N;ORF1b:S2366T;ORF1b:V2368A;ORF1b:V2369G;ORF1b:V2371G;ORF1b:T2372I;ORF1b:F2380C;ORF1b:M2381K;ORF1b:W2383C;ORF1b:C2384Y;ORF1b:D2386E;ORF1b:H2388Y;ORF1b:Y2393*;ORF1b:W2402R;ORF1b:M2408R;ORF1b:M2408I;ORF1b:Y2412D;ORF1b:Q2415R;ORF1b:M2417K;ORF1b:L2419S;ORF1b:N2426I;ORF1b:L2433L;ORF1b:V2441V;ORF1b:K2443N;ORF1b:L2447L,7,571,0.0122591943957968,0,
1082026,BA.2_0.05_abundance_0.05_0.2,T21147A;G21152T;G21159A;A21176C;T21184G;A21203C;T21206C;C21230A;C21257T;A21290T;G21316A;T21322A;A21343G;G21354C;T21382A;T21385G;T21391C;A21400C;C21410G;C21412A,ORF1b:L2560L;ORF1b:G2562V;ORF1b:V2564V;ORF1b:E2570A;ORF1b:W2573G;ORF1b:K2579T;ORF1b:L2580P;ORF1b:T2588K;ORF1b:S2597L;ORF1b:Y2608F;ORF1b:D2617N;ORF1b:Y2619N;ORF1b:I2626V;ORF1b:R2629S;ORF1b:Y2639N;ORF1b:S2640A;ORF1b:F2642L;ORF1b:S2645R;ORF1b:P2648R;ORF1b:L2649I,12,117,0.1025641025641025,0,
1082026,BA.2_0.05_abundance_0.05_0.2,T21702C;A21720T;T21756A;A21768C;G21795C;T21818C;C21843A;A21858G;G21869C;G21873T;A21875G;C21904G;C21910T;A21913T;A21917T;A21923C;T21937C;C21962A;G21987A,S:V47A;S:D53V;S:F65Y;S:H69P;S:R78T;S:F86L;S:S94Y;S:N99S;S:G103R;S:W104L;S:I105V;S:T114T;S:S116S;S:L117L;S:I119F;S:N121H;S:N125N;S:Q134K;S:G142D,30,937,0.032017075773746,0,
1082026,BA.2_0.05_abundance_0.05_0.2,T21702C;A21720T;T21756A;A21768C;G21795C;T21818C;C21843A;A21858G;G21869C;G21873T;A21875G;C21904G;C21910T;A21913T;A21917T;A21923C;T21937C;A21944T;C21962A;G21987A,S:V47A;S:D53V;S:F65Y;S:H69P;S:R78T;S:F86L;S:S94Y;S:N99S;S:G103R;S:W104L;S:I105V;S:T114T;S:S116S;S:L117L;S:I119F;S:N121H;S:N125N;S:I128F;S:Q134K;S:G142D,14,937,0.0149413020277481,0,
1082026,BA.2_0.05_abundance_0.05_0.2,A21944T;G21987A,S:I128F;S:G142D,309,952,0.3245798319327731,19,BA.1.1.7:1;BA.1.1:2;AY.4:3;B.1.617.1:1;BA.1.21.1:1;AY.67:1;BA.1:4;AY.53:1;BA.2:1;BA.4:1;AY.75:2;BA.1.15:1
1082026,BA.2_0.05_abundance_0.05_0.2,T22200G;C22227T;C22267T,S:V213G;S:A222V;S:I235I,118,513,0.2300194931773879,0,
1082026,BA.2_0.05_abundance_0.05_0.2,T22200G;C22267T,S:V213G;S:I235I,75,513,0.1461988304093567,290,BA.2.3.16:1;BA.5.2.35:1;BA.2:253;BA.5.6:9;BA.2.12:1;BA.5.2:4;BE.3:1;BF.7:2;BA.2.65:2;BQ.1.12:1;BA.2.12.1:1;BA.5.1.19:1;BA.5.2.23:1;BF.26:2;BA.4:4;BQ.1.1:1;BA.5.1:2;XAZ:2;BQ.1.1.15:1
1082026,BA.2_0.05_abundance_0.05_0.2,T22200G;T22221G;C22227T,S:V213G;S:F220C;S:A222V,9,513,0.0175438596491228,0,
1082026,BA.2_0.05_abundance_0.05_0.2,T22200G;T22221G;C22227T;C22267T,S:V213G;S:F220C;S:A222V;S:I235I,6,513,0.0116959064327485,0,
1082026,BA.2_0.05_abundance_0.05_0.2,T22200G;T22221G,S:V213G;S:F220C,6,513,0.0116959064327485,0,
1082026,BA.2_0.05_abundance_0.05_0.2,G23499T;T23507A;C23530T;A23534C;T23540G;A23566C;A23570G;A23588T;T23599G;C23603A;C23604A;G23628A;A23665C;A23670C;G23675A;T23680G;A23696G;A23760C;A23772G,S:R646L;S:C649S;S:V656V;S:N658H;S:Y660D;S:A668A;S:I670V;S:T676S;S:N679K;S:P681T;S:P681H;S:S689N;S:A701A;S:N703T;S:V705I;S:A706A;S:I712V;S:K733T;S:D737G,14,147,0.0952380952380952,0,
1082026,BA.2_0.05_abundance_0.05_0.2,T23599G;C23604A;A23711C,S:N679K;S:P681H;S:N717H,15,148,0.1013513513513513,5,BA.1.1:1;BA.5.2:1;BW.1.1:1;BA.2:1;BA.1.17:1
1082026,BA.2_0.05_abundance_0.05_0.2,A24166T;A24424T,S:E868D;S:Q954H,95,457,0.2078774617067833,9,BA.2:2;BA.4.6:2;BA.4.1:1;BA.1.1.15:2;BA.1.1:2
1082026,BA.2_0.05_abundance_0.05_0.2,A24166T;T24289C,S:E868D;S:I909I,13,727,0.0178817056396148,0,
1082026,BA.2_0.05_abundance_0.05_0.2,A24166T;T24289C;A24424T,S:E868D;S:I909I;S:Q954H,11,457,0.024070021881838,0,
1082026,BA.2_0.05_abundance_0.05_0.2,A24166T;A24244G;A24424T,S:E868D;S:L894L;S:Q954H,5,457,0.0109409190371991,0,
1082026,BA.2_0.05_abundance_0.05_0.2,A24166T;C24378T;A24424T,S:E868D;S:S939F;S:Q954H,8,457,0.0175054704595186,0,
1082026,BA.2_0.05_abundance_0.05_0.2,C24174A;A24424T,S:A871D;S:Q954H,5,457,0.0109409190371991,3,BA.5.1.24:1;BA.2:1;BA.1.1:1
1082026,BA.2_0.05_abundance_0.05_0.2,A24244G;A24424T,S:L894L;S:Q954H,8,458,0.0174672489082969,186,BA.2.3.1:92;BA.1.1:15;BA.5.6:1;BA.2:13;BA.5.6.4:2;BA.1.21:1;BA.1:3;BA.2.38:43;BA.5.8:1;BE.2:1;BA.2.10.2:1;BA.5.1:1;BF.8:3;BA.2.3.2:2;BA.5.2.1:1;BA.2.9.5:1;BA.2.9:2;BA.5.2:1;CH.1.1:1;BA.4:1
1082026,BA.2_0.05_abundance_0.05_0.2,T24289C;A24424T,S:I909I;S:Q954H,34,458,0.074235807860262,61,BA.1.1:9;BA.1.1.1:1;BA.2.3:2;BA.5.2.1:9;BA.5.6:2;BA.1:2;BA.2:20;BA.2.12.1:3;BA.2.23:2;BF.5:1;BA.1.1.2:1;BQ.1.1:1;BA.1.17.2:1;BA.5.5:1;BE.1.1:1;BA.5.1:2;BA.1.17:1;BQ.1:1;BA.4.6:1
1082026,BA.2_0.05_abundance_0.05_0.2,A24424T;A24453G;C24458A;T24464G;A24468C;T24475A;C24477G;G24515A;G24533C;A24539C;C24555G;A24562T;A24602C;A24619T;T24625C;C24627A;A24630C;C24662A;A24673T;C24720A;T24721A;G24740C,S:Q954H;S:K964R;S:L966I;S:S968A;S:N969T;S:G971G;S:A972G;S:D985N;S:V991L;S:I993L;S:T998R;S:R1000S;S:R1014R;S:R1019S;S:S1021S;S:A1022D;S:N1023T;S:L1034I;S:S1037S;S:P1053H;S:P1053P;S:V1060L,6,88,0.0681818181818181,0,
1082026,BA.2_0.05_abundance_0.05_0.2,A24453G;C24458A;T24464G;A24468C;T24475A;C24477G;G24515A;G24533C;A24539C;C24555G;A24562T;A24602C;A24619T;T24625C;C24627A;A24630C;C24662A;A24673T;C24720A;T24721A;G24740C,S:K964R;S:L966I;S:S968A;S:N969T;S:G971G;S:A972G;S:D985N;S:V991L;S:I993L;S:T998R;S:R1000S;S:R1014R;S:R1019S;S:S1021S;S:A1022D;S:N1023T;S:L1034I;S:S1037S;S:P1053H;S:P1053P;S:V1060L,10,321,0.0311526479750778,0,
1082026,BA.2_0.05_abundance_0.05_0.2,G24740C;G24757C;C24801G;A24820T;T24829A;A24860G;A24874C;C24878G;T24887G;A24894G;T24906G;G24933A;A24950G;T24951G;C24964G;C24986T;C25000T,S:V1060L;S:V1065V;S:A1080G;S:K1086N;S:F1089L;S:T1100A;S:V1104V;S:Q1106E;S:F1109V;S:E1111G;S:I1115S;S:G1124D;S:I1130V;S:I1130R;S:N1134K;S:Q1142*;S:D1146D,61,1298,0.046995377503852,0,
1082026,BA.2_0.05_abundance_0.05_0.2,T24906G;C25000T,S:I1115S;S:D1146D,95,1316,0.0721884498480243,1,BA.1.1:1
1082026,BA.2_0.05_abundance_0.05_0.2,A24949T;C25000T,S:V1129V;S:D1146D,81,1316,0.0615501519756838,4,BA.1.15:1;BA.2:3
1082026,BA.2_0.05_abundance_0.05_0.2,T25343C;A25360C;A25367G;T25414C;T25461A;A25462C;C25584T,S:S1261P;S:K1266N;S:K1269E;ORF3a:F8L;ORF3a:A23A;ORF3a:T24P;ORF3a:T64T,13,546,0.0238095238095238,0,
1082026,BA.2_0.05_abundance_0.05_0.2,T25343C;A25360C;A25367G;T25414C;T25461A;A25462C;C25584T;T25633A,S:S1261P;S:K1266N;S:K1269E;ORF3a:F8L;ORF3a:A23A;ORF3a:T24P;ORF3a:T64T;ORF3a:C81S,12,289,0.0415224913494809,0,
1082026,BA.2_0.05_abundance_0.05_0.2,C25701G;T25713G;G25753C;C25824A;A25826C;C25840G;T25861C;A25891G;G25912C;C25914T;G25947C,ORF3a:A103A;ORF3a:Y107*;ORF3a:V121L;ORF3a:N144K;ORF3a:Y145S;ORF3a:H150D;ORF3a:C157R;ORF3a:I167V;ORF3a:G174R;ORF3a:G174G;ORF3a:Q185H,14,341,0.0410557184750733,0,
1082026,BA.2_0.05_abundance_0.05_0.2,C25701G;T25713G;G25753C;C25824A;A25826C;C25840G;T25861C;A25891G;G25912C;C25914T,ORF3a:A103A;ORF3a:Y107*;ORF3a:V121L;ORF3a:N144K;ORF3a:Y145S;ORF3a:H150D;ORF3a:C157R;ORF3a:I167V;ORF3a:G174R;ORF3a:G174G,7,408,0.017156862745098,0,
1082026,BA.2_0.05_abundance_0.05_0.2,C26270T;C26309G;G26314C;T26355C;C26376G;A26380C;T26409G;C26421G;A26472T,E:T9I;E:A22G;E:V24L;E:L37L;E:C44W;E:I46L;E:S55S;E:Y59*;E:*76TyrexX,11,239,0.0460251046025104,0,
1082026,BA.2_0.05_abundance_0.05_0.2,C27208A;G27225T;A27246C;G27261C;C27263T;G27281A;T27291G;T27296G;A27317T;A27321C;G27327T;T27328G;A27359G;A27372G;G27382C;A27383T;T27384C;A27399G;G27420A;C27427A;G27430T;C27434A;T27483G;A27491T;C27494A,ORF6:H3N;ORF6:Q8H;ORF6:L15F;ORF6:R20S;ORF6:T21I;ORF6:W27*;ORF6:D30E;ORF6:I32S;ORF6:N39I;ORF6:L40F;ORF6:K42N;ORF6:S43A;ORF6:D53G;ORF6:P57P;ORF6:D61H;ORF6:D61V;ORF6:D61D;ORF7a:K2K;ORF7a:L9L;ORF7a:L12I;ORF7a:A13S;ORF7a:T14N;ORF7a:L30L;ORF7a:E33V;ORF7a:P34H,14,324,0.0432098765432098,0,
1082026,BA.2_0.05_abundance_0.05_0.2,C27208A;G27225T;A27246C;G27261C;C27263T;G27281A;T27291G;T27296G;A27317T;A27321C;G27327T;T27328G;A27359G;A27372G;G27382C;A27383T;T27384C;A27399G;G27420A;C27427A;G27430T;C27434A;T27483G,ORF6:H3N;ORF6:Q8H;ORF6:L15F;ORF6:R20S;ORF6:T21I;ORF6:W27*;ORF6:D30E;ORF6:I32S;ORF6:N39I;ORF6:L40F;ORF6:K42N;ORF6:S43A;ORF6:D53G;ORF6:P57P;ORF6:D61H;ORF6:D61V;ORF6:D61D;ORF7a:K2K;ORF7a:L9L;ORF7a:L12I;ORF7a:A13S;ORF7a:T14N;ORF7a:L30L,9,663,0.0135746606334841,0,
1082026,BA.2_0.05_abundance_0.05_0.2,C28439T;A28446G;C28491A;C28500T;G28514T;T28524C;T28529G;A28547T;G28548C;T28561A;A28652G;A28692C;A28709C,N:L56F;N:Q58R;N:P73Q;N:T76I;N:D81Y;N:I84T;N:Y86D;N:R92*;N:R92T;N:G96G;N:K127E;N:N140T;N:I146L,23,410,0.0560975609756097,0,
1082026,BA.2_0.05_abundance_0.05_0.2,G29030T;T29036G;C29048G;G29058T;A29078G;A29089G;C29091A;C29118G;G29156A;C29187A;T29194G;G29202A;G29240C;A29241G;G29254T;C29259T;T29264A;T29293G;C29304G;A29313C;C29318A;A29319T;C29330G;T29335A,N:E253*;N:S255A;N:R259G;N:R262L;N:N269D;N:Q272Q;N:A273D;N:T282S;N:G295R;N:A305E;N:F307L;N:S310N;N:E323Q;N:E323G;N:S327S;N:T329M;N:L331M;N:D340E;N:P344R;N:K347T;N:Q349K;N:Q349L;N:L353V;N:N354K,60,1692,0.0354609929078014,0,
1152026,BA.2_0.05_abundance_0.05_0.2,G353C;G359T;T369G;C449T;G470T;G483C;G524T;G542T;G564C;T580G;C609T;A610C;G636A;A647C;A655T;T658C;T670G,ORF1a:G30R;ORF1a:G32*;ORF1a:V35G;ORF1a:P62S;ORF1a:V69L;ORF1a:R73P;ORF1a:E87*;ORF1a:E93*;ORF1a:S100T;ORF1a:G105G;ORF1a:P115L;ORF1a:P115P;ORF1a:R124H;ORF1a:N128H;ORF1a:G130G;ORF1a:A131A;ORF1a:S135R,7,209,0.0334928229665071,0,
1152026,BA.2_0.05_abundance_0.05_0.2,G359T;T369G;C449T;G470T;G483C;G524T;G542T;G564C;T580G;C609T;A610C;G636A;A647C;A655T;T658C;T670G,ORF1a:G32*;ORF1a:V35G;ORF1a:P62S;ORF1a:V69L;ORF1a:R73P;ORF1a:E87*;ORF1a:E93*;ORF1a:S100T;ORF1a:G105G;ORF1a:P115L;ORF1a:P115P;ORF1a:R124H;ORF1a:N128H;ORF1a:G130G;ORF1a:A131A;ORF1a:S135R,18,563,0.0319715808170515,0,
1152026,BA.2_0.05_abundance_0.05_0.2,T369G;C449T;G470T;G483C;G524T;G542T;G564C;T580G;C609T;A610C;G636A;A647C;A655T;T658C;T670G,ORF1a:V35G;ORF1a:P62S;ORF1a:V69L;ORF1a:R73P;ORF1a:E87*;ORF1a:E93*;ORF1a:S100T;ORF1a:G105G;ORF1a:P115L;ORF1a:P115P;ORF1a:R124H;ORF1a:N128H;ORF1a:G130G;ORF1a:A131A;ORF1a:S135R,23,963,0.023883696780893,0,
1152026,BA.2_0.05_abundance_0.05_0.2,C551T;T670G,ORF1a:Q96*;ORF1a:S135R,93,968,0.0960743801652892,2,BA.2.76:1;BA.5.1:1
1152026,BA.2_0.05_abundance_0.05_0.2,T1623A;C1628A;A1629T;A1644G;A1646C;A1731C;T1745C;G1782C;G1784C;G1827A;A1829G;T1847G;A1849T;A1852T;C1878G;G1883A,ORF1a:I453K;ORF1a:Q455K;ORF1a:Q455L;ORF1a:N460S;ORF1a:I461L;ORF1a:E489A;ORF1a:L494L;ORF1a:C506S;ORF1a:G507R;ORF1a:W521*;ORF1a:N522D;ORF1a:S528A;ORF1a:S528S;ORF1a:I529I;ORF1a:S538*;ORF1a:A540T,124,2834,0.0437544107268877,0,
1152026,BA.2_0.05_abundance_0.05_0.2,T1623A;C1628A;A1629T;A1644G;A1646C;A1731C;T1745C;G1782C;G1784C;G1827A;A1829G;A1849T;A1852T;C1878G;G1883A,ORF1a:I453K;ORF1a:Q455K;ORF1a:Q455L;ORF1a:N460S;ORF1a:I461L;ORF1a:E489A;ORF1a:L494L;ORF1a:C506S;ORF1a:G507R;ORF1a:W521*;ORF1a:N522D;ORF1a:S528S;ORF1a:I529I;ORF1a:S538*;ORF1a:A540T,63,2834,0.0222300635144671,0,
1152026,BA.2_0.05_abundance_0.05_0.2,T1974C;A2111G,ORF1a:L570P;ORF1a:I616V,133,380,0.35,0,
1152026,BA.2_0.05_abundance_0.05_0.2,C2227G;T2230C;C2245T;T2307A;A2345T;A2367G;C2371A;A2430G;A2437C;G2447T;A2452T;C2453A;A2483G;G2494A;A2543T;A2554T,ORF1a:T654T;ORF1a:C655C;ORF1a:V660V;ORF1a:L681H;ORF1a:I694F;ORF1a:K701R;ORF1a:A702A;ORF1a:K722R;ORF1a:R724S;ORF1a:G728C;ORF1a:L729L;ORF1a:L730I;ORF1a:I740V;ORF1a:E743E;ORF1a:T760S;ORF1a:L763F,8,164,0.048780487804878,0,
1152026,BA.2_0.05_abundance_0.05_0.2,C2227G;T2230C;C2245T;T2307A;A2345T;A2367G;C2371A;A2430G;A2437C;G2447T;A2452T;C2453A;A2483G;G2494A;A2543T,ORF1a:T654T;ORF1a:C655C;ORF1a:V660V;ORF1a:L681H;ORF1a:I694F;ORF1a:K701R;ORF1a:A702A;ORF1a:K722R;ORF1a:R724S;ORF1a:G728C;ORF1a:L729L;ORF1a:L730I;ORF1a:I740V;ORF1a:E743E;ORF1a:T760S,12,440,0.0272727272727272,0,
1152026,BA.2_0.05_abundance_0.05_0.2,A2874G;C3037T,ORF1a:E870G;ORF1a:F924F,24,97,0.2474226804123711,173,B.1.160:1;BA.2.42:6;BA.5.2.1:7;AY.44:2;BA.1.15:2;BA.2:6;AY.103:10;AY.45:7;AY.34:2;BA.2.75:9;Q.1:17;BA.2.9:1;AY.112:2;AY.43:2;BA.1.21:1;AY.98:6;B.1.1.7:12;BA.1.1:15;BA.1:1;AY.25:2;AY.3:5;BA.2.12.1:1;P.1:1;B.1.617.2:5;AY.6:1;B.1.1:2;AY.120:1;BA.1.15.1:1;B.1.621:3;C.37:8;AY.122:4;BA.5.2:2;BA.5.1.21:1;BA.5.5.1:2;AY.41:5;BA.5.1:5;AY.3.1:2;BA.2.74:1;AY.47:1;AY.4:2;B.1.234:1;BF.4:1;BA.1.1.14:1;B.1.351:1;B.1.466.1:1;B.1.2:2;AY.4.2:2
1152026,BA.2_0.05_abundance_0.05_0.2,T3827A;T3843A;G3863C;A3895T;T3952A;T3981C;C3984T;A3989C;A4034G;C4113G,ORF1a:S1188T;ORF1a:M1193K;ORF1a:E1200Q;ORF1a:E1210D;ORF1a:D1229E;ORF1a:V1239A;ORF1a:T1240I;ORF1a:T1242P;ORF1a:I1257V;ORF1a:A1283G,5,53,0.0943396226415094,0,
1152026,BA.2_0.05_abundance_0.05_0.2,C4113G;G4130C;G4205A;G4207C;C4245T;T4270A;T4329C;C4338A;T4365C,ORF1a:A1283G;ORF1a:D1289H;ORF1a:A1314T;ORF1a:A1314A;ORF1a:T1327I;ORF1a:N1335K;ORF1a:I1355T;ORF1a:S1358Y;ORF1a:I1367T,12,212,0.0566037735849056,0,
1152026,BA.2_0.05_abundance_0.05_0.2,T4329C;C4338A;T4365C;G4432T;A4451C;C4499A;T4530G;A4588C;G4592C;C4596G;A4604T;A4607G;T4608C;A4645T,ORF1a:I1355T;ORF1a:S1358Y;ORF1a:I1367T;ORF1a:M1389I;ORF1a:K1396Q;ORF1a:Q1412K;ORF1a:F1422C;ORF1a:L1441L;ORF1a:E1443Q;ORF1a:T1444S;ORF1a:T1447S;ORF1a:M1448V;ORF1a:M1448T;ORF1a:E1460D,37,659,0.0561456752655538,0,
1152026,BA.2_0.05_abundance_0.05_0.2,T4329C;C4338A;T4365C;G4432T;A4451C;C4499A;T4530G;A4588C;G4592C;C4596G;A4604T;A4607G;T4608C;A4645T;T4660G,ORF1a:I1355T;ORF1a:S1358Y;ORF1a:I1367T;ORF1a:M1389I;ORF1a:K1396Q;ORF1a:Q1412K;ORF1a:F1422C;ORF1a:L1441L;ORF1a:E1443Q;ORF1a:T1444S;ORF1a:T1447S;ORF1a:M1448V;ORF1a:M1448T;ORF1a:E1460D;ORF1a:Y1465*,8,171,0.0467836257309941,0,
1152026,BA.2_0.05_abundance_0.05_0.2,C4338A;T4365C;G4432T;A4451C;C4499A;T4530G;A4588C;G4592C;C4596G;A4604T;A4607G;T4608C;A4645T,ORF1a:S1358Y;ORF1a:I1367T;ORF1a:M1389I;ORF1a:K1396Q;ORF1a:Q1412K;ORF1a:F1422C;ORF1a:L1441L;ORF1a:E1443Q;ORF1a:T1444S;ORF1a:T1447S;ORF1a:M1448V;ORF1a:M1448T;ORF1a:E1460D,74,2077,0.0356283100625902,0,
1152026,BA.2_0.05_abundance_0.05_0.2,C4338A;T4365C;G4432T;A4451C;C4499A;T4530G;A4588C;G4592C;C4596G;A4604T;A4607G;T4608C;A4645T;T4660G,ORF1a:S1358Y;ORF1a:I1367T;ORF1a:M1389I;ORF1a:K1396Q;ORF1a:Q1412K;ORF1a:F1422C;ORF1a:L1441L;ORF1a:E1443Q;ORF1a:T1444S;ORF1a:T1447S;ORF1a:M1448V;ORF1a:M1448T;ORF1a:E1460D;ORF1a:Y1465*,21,525,0.04,0,
1152026,BA.2_0.05_abundance_0.05_0.2,C4338A;T4365C;G4432T;A4451C;C4499A;T4530G;A4588C;G4592C;C4596G;A4604T;A4607G;T4608C;A4645T;T4660G;T4667A,ORF1a:S1358Y;ORF1a:I1367T;ORF1a:M1389I;ORF1a:K1396Q;ORF1a:Q1412K;ORF1a:F1422C;ORF1a:L1441L;ORF1a:E1443Q;ORF1a:T1444S;ORF1a:T1447S;ORF1a:M1448V;ORF1a:M1448T;ORF1a:E1460D;ORF1a:Y1465*;ORF1a:S1468T,7,130,0.0538461538461538,0,
1152026,BA.2_0.05_abundance_0.05_0.2,C4698T;C4780G;T4813C;G4854C;G4881C;T4924A;G4925C;T4933A;T4946A;A4956T,ORF1a:S1478F;ORF1a:I1505M;ORF1a:Y1516Y;ORF1a:R1530T;ORF1a:S1539T;ORF1a:F1553L;ORF1a:D1554H;ORF1a:L1556L;ORF1a:S1561T;ORF1a:E1564V,18,322,0.0559006211180124,0,
1152026,BA.2_0.05_abundance_0.05_0.2,G5625C;T5635G;G5708C;T5732A;G5750A;C5832G;T5854G;T5860G;G5861A;T5864G,ORF1a:C1787S;ORF1a:G1790G;ORF1a:E1815Q;ORF1a:C1823S;ORF1a:G1829S;ORF1a:S1856C;ORF1a:I1863M;ORF1a:D1865E;ORF1a:V1866I;ORF1a:F1867V,7,619,0.011308562197092,0,
1152026,BA.2_0.05_abundance_0.05_0.2,G5625C;T5635G;G5708C;T5732A;G5750A;C5832G;T5854G;T5860G;G5861A;T5864G;T5909A,ORF1a:C1787S;ORF1a:G1790G;ORF1a:E1815Q;ORF1a:C1823S;ORF1a:G1829S;ORF1a:S1856C;ORF1a:I1863M;ORF1a:D1865E;ORF1a:V1866I;ORF1a:F1867V;ORF1a:Y1882N,29,496,0.0584677419354838,0,
1152026,BA.2_0.05_abundance_0.05_0.2,G6245T;A6276G;G6288A;T6298C;C6312G;A6325C;A6360C;A6425C;A6426G;A6466G;T6478G;T6489A;T6490A;A6493C,ORF1a:V1994F;ORF1a:K2004R;ORF1a:W2008*;ORF1a:R2011R;ORF1a:T2016R;ORF1a:E2020D;ORF1a:D2032A;ORF1a:N2054H;ORF1a:N2054S;ORF1a:K2067K;ORF1a:V2071V;ORF1a:I2075N;ORF1a:I2075I;ORF1a:I2076I,40,602,0.0664451827242525,0,
1152026,BA.2_0.05_abundance_0.05_0.2,T7341A;A7358G;T7425A;T7438A;A7448C;C7485G;C7518A;G7526A;A7548C;T7554G;G7561A;T7566G;T7576C;C7578A,ORF1a:I2359N;ORF1a:M2365V;ORF1a:F2387Y;ORF1a:Y2391*;ORF1a:K2395Q;ORF1a:S2407*;ORF1a:A2418E;ORF1a:V2421I;ORF1a:N2428T;ORF1a:V2430G;ORF1a:R2432R;ORF1a:F2434C;ORF1a:Y2437Y;ORF1a:A2438D,10,173,0.0578034682080924,0,
1152026,BA.2_0.05_abundance_0.05_0.2,A7358G;T7425A;T7438A;A7448C;C7485G;C7518A;G7526A;A7548C;T7554G;G7561A;T7566G;T7576C;C7578A,ORF1a:M2365V;ORF1a:F2387Y;ORF1a:Y2391*;ORF1a:K2395Q;ORF1a:S2407*;ORF1a:A2418E;ORF1a:V2421I;ORF1a:N2428T;ORF1a:V2430G;ORF1a:R2432R;ORF1a:F2434C;ORF1a:Y2437Y;ORF1a:A2438D,18,495,0.0363636363636363,0,
1152026,BA.2_0.05_abundance_0.05_0.2,T8328G;A8343C;C8354A;A8360C;T8361C;T8439G;T8477G;T8484C;A8492G;C8493T,ORF1a:L2688R;ORF1a:D2693A;ORF1a:R2697S;ORF1a:I2699L;ORF1a:I2699T;ORF1a:L2725R;ORF1a:L2738V;ORF1a:F2740S;ORF1a:T2743A;ORF1a:T2743I,7,101,0.0693069306930693,0,
1152026,BA.2_0.05_abundance_0.05_0.2,T9067C;T9124C,ORF1a:Y2934Y;ORF1a:R2953R,17,667,0.025487256371814,0,
1152026,BA.2_0.05_abundance_0.05_0.2,C9344T;A9424G;T9512A;C9534T,ORF1a:L3027F;ORF1a:V3053V;ORF1a:L3083I;ORF1a:T3090I,32,346,0.0924855491329479,2,BA.5:1;BA.2:1
1152026,BA.2_0.05_abundance_0.05_0.2,C9344T;T9401C;A9424G;C9534T,ORF1a:L3027F;ORF1a:S3046P;ORF1a:V3053V;ORF1a:T3090I,140,346,0.4046242774566474,22,BA.2:17;BA.5.2.1:1;BA.2.65:1;BA.2.12.1:1;BA.5:1;BA.5.1:1
1152026,BA.2_0.05_abundance_0.05_0.2,C9344T;T9401C;A9424G;T9512A;C9534T,ORF1a:L3027F;ORF1a:S3046P;ORF1a:V3053V;ORF1a:L3083I;ORF1a:T3090I,22,346,0.0635838150289017,0,
1152026,BA.2_0.05_abundance_0.05_0.2,C9344T;T9401C;A9424G,ORF1a:L3027F;ORF1a:S3046P;ORF1a:V3053V,39,421,0.0926365795724465,22,BA.2:17;BA.5.2.1:1;BA.2.65:1;BA.2.12.1:1;BA.5:1;BA.5.1:1
1152026,BA.2_0.05_abundance_0.05_0.2,C9344T;T9401C;A9424G;T9512A,ORF1a:L3027F;ORF1a:S3046P;ORF1a:V3053V;ORF1a:L3083I,6,391,0.0153452685421994,0,
1152026,BA.2_0.05_abundance_0.05_0.2,T9512A;C9534T,ORF1a:L3083I;ORF1a:T3090I,24,538,0.0446096654275092,2,BA.5:1;BA.2:1
1152026,BA.2_0.05_abundance_0.05_0.2,C9534T;A9587C,ORF1a:T3090I;ORF1a:I3108L,55,643,0.0855365474339035,0,
1152026,BA.2_0.05_abundance_0.05_0.2,C10029T;A9942C,ORF1a:T3255I;ORF1a:Y3226S,8,37,0.2162162162162162,0,
1152026,BA.2_0.05_abundance_0.05_0.2,C10408T;C10449A;A10564C,ORF1a:Y3381Y;ORF1a:P3395H;ORF1a:G3433G,74,1201,0.0616153205661948,0,
1152026,BA.2_0.05_abundance_0.05_0.2,C10449A;A10564C,ORF1a:P3395H;ORF1a:G3433G,212,1204,0.1760797342192691,30,BF.27:1;BA.1.1:5;BA.2:10;BA.1.15:1;BA.5.1.24:6;BQ.1:1;BA.2.12.1:1;BA.5.1:2;BA.5.2:2;BE.1:1
1152026,BA.2_0.05_abundance_0.05_0.2,T10837G;G10850C,ORF1a:V3524V;ORF1a:A3529P,20,425,0.0470588235294117,0,
1152026,BA.2_0.05_abundance_0.05_0.2,T10837G;G10850C;G10916C,ORF1a:V3524V;ORF1a:A3529P;ORF1a:E3551Q,19,411,0.0462287104622871,0,
1152026,BA.2_0.05_abundance_0.05_0.2,T10837G;G10916C,ORF1a:V3524V;ORF1a:E3551Q,13,411,0.0316301703163017,0,
1152026,BA.2_0.05_abundance_0.05_0.2,G10850C;G10916C,ORF1a:A3529P;ORF1a:E3551Q,113,411,0.2749391727493917,0,
1152026,BA.2_0.05_abundance_0.05_0.2,T11046G;T11056C;T11070A;A11085T;T11118G;T11151G;G11222T;G11243A;A11258T;A11277T,ORF1a:L3594*;ORF1a:S3597S;ORF1a:L3602*;ORF1a:Y3607F;ORF1a:I3618S;ORF1a:V3629G;ORF1a:V3653F;ORF1a:V3660M;ORF1a:T3665S;ORF1a:D3671V,24,502,0.047808764940239,0,
1152026,BA.2_0.05_abundance_0.05_0.2,T11046G;G11055C;T11056C;T11070A;A11085T;T11118G;T11151G;G11222T;G11243A;A11258T;A11277T,ORF1a:L3594*;ORF1a:S3597T;ORF1a:S3597S;ORF1a:L3602*;ORF1a:Y3607F;ORF1a:I3618S;ORF1a:V3629G;ORF1a:V3653F;ORF1a:V3660M;ORF1a:T3665S;ORF1a:D3671V,10,502,0.0199203187250996,0,
1152026,BA.2_0.05_abundance_0.05_0.2,G11378C;T11429A;T11432G;G11464A;G11483A;C11494T;G11504T;T11517A;C11518T;G11528C;T11539C;T11547C;C11565G;A11567G,ORF1a:A3705P;ORF1a:Y3722N;ORF1a:Y3723D;ORF1a:M3733I;ORF1a:V3740I;ORF1a:N3743N;ORF1a:V3747L;ORF1a:V3751D;ORF1a:V3751V;ORF1a:A3755P;ORF1a:I3758I;ORF1a:M3761T;ORF1a:P3767R;ORF1a:I3768V,70,2228,0.0314183123877917,0,
1152026,BA.2_0.05_abundance_0.05_0.2,G11378C;T11429A;T11432G;G11464A;G11483A;C11494T;G11504T;T11517A;C11518T;G11528C;T11539C;T11547C;A11567G,ORF1a:A3705P;ORF1a:Y3722N;ORF1a:Y3723D;ORF1a:M3733I;ORF1a:V3740I;ORF1a:N3743N;ORF1a:V3747L;ORF1a:V3751D;ORF1a:V3751V;ORF1a:A3755P;ORF1a:I3758I;ORF1a:M3761T;ORF1a:I3768V,71,2228,0.031867145421903,0,
1152026,BA.2_0.05_abundance_0.05_0.2,A11905G;A11911T;C11919G;G11944C;G11966T;T12013A;T12017G;A12026T;G12035A;T12039G;C12043A;C12081G;A12103G;T12112A;C12138T;T12142A;T12168G;T12204C;A12206C,ORF1a:R3880R;ORF1a:E3882D;ORF1a:S3885C;ORF1a:Q3893H;ORF1a:A3901S;ORF1a:S3916S;ORF1a:L3918V;ORF1a:M3921L;ORF1a:A3924T;ORF1a:V3925G;ORF1a:D3926E;ORF1a:A3939G;ORF1a:S3946S;ORF1a:S3949R;ORF1a:A3958V;ORF1a:T3959T;ORF1a:V3968G;ORF1a:L3980S;ORF1a:K3981Q,57,1204,0.0473421926910299,0,
1152026,BA.2_0.05_abundance_0.05_0.2,A11905G;A11911T;C11919G;G11944C;G11966T;T12013A;T12017G;A12026T;G12035A;T12039G;C12043A;C12081G;A12103G;T12112A;C12138T;T12142A;T12168G;T12204C;A12206C;A12228G,ORF1a:R3880R;ORF1a:E3882D;ORF1a:S3885C;ORF1a:Q3893H;ORF1a:A3901S;ORF1a:S3916S;ORF1a:L3918V;ORF1a:M3921L;ORF1a:A3924T;ORF1a:V3925G;ORF1a:D3926E;ORF1a:A3939G;ORF1a:S3946S;ORF1a:S3949R;ORF1a:A3958V;ORF1a:T3959T;ORF1a:V3968G;ORF1a:L3980S;ORF1a:K3981Q;ORF1a:K3988R,5,68,0.0735294117647058,0,
1152026,BA.2_0.05_abundance_0.05_0.2,T12168G;T12204C;A12206C;A12228G;T12244G;A12286G;A12316T;T12319G;G12330A;A12335G;G12355A;C12398A;A12414G;C12420A,ORF1a:V3968G;ORF1a:L3980S;ORF1a:K3981Q;ORF1a:K3988R;ORF1a:R3993R;ORF1a:Q4007Q;ORF1a:R4017S;ORF1a:S4018S;ORF1a:R4022K;ORF1a:K4024E;ORF1a:Q4030Q;ORF1a:L4045I;ORF1a:N4050S;ORF1a:A4052E,7,169,0.0414201183431952,0,
1152026,BA.2_0.05_abundance_0.05_0.2,C12880T;T12957G,ORF1a:I4205I;ORF1a:I4231S,122,2191,0.0556823368324965,0,
1152026,BA.2_0.05_abundance_0.05_0.2,C12880T;T12891C,ORF1a:I4205I;ORF1a:L4209P,184,2381,0.0772784544309113,0,
1152026,BA.2_0.05_abundance_0.05_0.2,C13439A;A13455G;C13458A;T13463A;C13490G;C13492A;G13514A;C13517T,ORF1a:Q4392K;ORF1a:Q4397R;ORF1a:S4398*;ORF1a:L4400I;ORF1b:A8G;ORF1b:R9S;ORF1b:G16D;ORF1b:T17I,5,95,0.0526315789473684,0,
1152026,BA.2_0.05_abundance_0.05_0.2,A14317G;T14361C;T14378C;T14389C;C14403G;C14408T;G14419A;C14422G;A14470T;C14491T;G14495C;T14526A;G14559A;T14560C,ORF1b:T284A;ORF1b:I298I;ORF1b:F304S;ORF1b:F308L;ORF1b:F312L;ORF1b:P314L;ORF1b:G318R;ORF1b:P319A;ORF1b:T335S;ORF1b:L342L;ORF1b:G343A;ORF1b:H353Q;ORF1b:V364V;ORF1b:Y365H,13,221,0.0588235294117647,0,
1152026,BA.2_0.05_abundance_0.05_0.2,A14317G;T14361C;T14378C;T14389C;C14403G;C14408T;G14419A;C14422G;A14470T;C14491T;G14495C;T14526A,ORF1b:T284A;ORF1b:I298I;ORF1b:F304S;ORF1b:F308L;ORF1b:F312L;ORF1b:P314L;ORF1b:G318R;ORF1b:P319A;ORF1b:T335S;ORF1b:L342L;ORF1b:G343A;ORF1b:H353Q,9,330,0.0272727272727272,0,
1152026,BA.2_0.05_abundance_0.05_0.2,T14781G;T14879G,ORF1b:N438K;ORF1b:F471C,43,672,0.0639880952380952,1,AY.122:1
1152026,BA.2_0.05_abundance_0.05_0.2,G14923C;C14953A;A14977T;A14990T;T14992G;T15021C;C15024G;A15077C;T15084C;G15093A;A15099C;G15115C;T15152A;T15163C;A15177T;G15178C;A15187C,ORF1b:V486L;ORF1b:P496T;ORF1b:R504*;ORF1b:D508V;ORF1b:S509A;ORF1b:L518L;ORF1b:F519L;ORF1b:Y537S;ORF1b:I539I;ORF1b:K542K;ORF1b:R544S;ORF1b:G550R;ORF1b:F562Y;ORF1b:L566L;ORF1b:I570I;ORF1b:A571P;ORF1b:R574R,29,930,0.0311827956989247,0,
1152026,BA.2_0.05_abundance_0.05_0.2,G14923C;C14953A;A14977T;A14990T;T14992G;T15021C;C15024G;A15077C;T15084C;A15099C;G15115C;T15152A;T15163C;A15177T;G15178C;A15187C,ORF1b:V486L;ORF1b:P496T;ORF1b:R504*;ORF1b:D508V;ORF1b:S509A;ORF1b:L518L;ORF1b:F519L;ORF1b:Y537S;ORF1b:I539I;ORF1b:R544S;ORF1b:G550R;ORF1b:F562Y;ORF1b:L566L;ORF1b:I570I;ORF1b:A571P;ORF1b:R574R,18,930,0.0193548387096774,0,
1152026,BA.2_0.05_abundance_0.05_0.2,C14993G;G15093A,ORF1b:S509*;ORF1b:K542K,174,1031,0.1687681862269641,0,
1152026,BA.2_0.05_abundance_0.05_0.2,T15551G;A15564T;A15612C;C15631A;A15639C;G15644A;T15674C;T15685G;C15714T;T15726C;A15740T;C15746A;T15756G;T15801A;T15815G;T15816C;T15817G;A15820T,ORF1b:V695G;ORF1b:L699F;ORF1b:Q715H;ORF1b:L722I;ORF1b:R724S;ORF1b:R726K;ORF1b:F736S;ORF1b:L740V;ORF1b:L749L;ORF1b:A753A;ORF1b:N758I;ORF1b:T760N;ORF1b:S763S;ORF1b:Y778*;ORF1b:V783G;ORF1b:V783V;ORF1b:F784V;ORF1b:M785L,129,3469,0.0371865090804266,0,
1152026,BA.2_0.05_abundance_0.05_0.2,T15551G;A15564T;A15612C;C15631A;A15639C;G15644A;T15674C;C15714T;T15726C;A15740T;C15746A;T15756G;T15801A;T15815G;T15816C;T15817G;A15820T,ORF1b:V695G;ORF1b:L699F;ORF1b:Q715H;ORF1b:L722I;ORF1b:R724S;ORF1b:R726K;ORF1b:F736S;ORF1b:L749L;ORF1b:A753A;ORF1b:N758I;ORF1b:T760N;ORF1b:S763S;ORF1b:Y778*;ORF1b:V783G;ORF1b:V783V;ORF1b:F784V;ORF1b:M785L,64,3469,0.0184491207840876,0,
1152026,BA.2_0.05_abundance_0.05_0.2,T15551G;A15564T;A15612C;C15631A;A15639C;G15644A;T15674C;T15685G;C15714T;T15726C;A15740T;C15746A;T15756G;T15801A;T15815G;T15816C;T15817G;A15820T;A15861G,ORF1b:V695G;ORF1b:L699F;ORF1b:Q715H;ORF1b:L722I;ORF1b:R724S;ORF1b:R726K;ORF1b:F736S;ORF1b:L740V;ORF1b:L749L;ORF1b:A753A;ORF1b:N758I;ORF1b:T760N;ORF1b:S763S;ORF1b:Y778*;ORF1b:V783G;ORF1b:V783V;ORF1b:F784V;ORF1b:M785L;ORF1b:K798K,7,97,0.0721649484536082,0,
1152026,BA.2_0.05_abundance_0.05_0.2,T15685G;C15714T,ORF1b:L740V;ORF1b:L749L,2859,4519,0.6326620933834919,4,BF.5:3;BF.24:1
1152026,BA.2_0.05_abundance_0.05_0.2,A15861G;C15904T;T15927C;G15955T;G15995C;G16027T;T16029A;T16074A;A16105G;C16134A;T16147A;T16155C;G16158A;A16172C,ORF1b:K798K;ORF1b:Q813*;ORF1b:L820L;ORF1b:G830W;ORF1b:G843A;ORF1b:A854S;ORF1b:A854A;ORF1b:A869A;ORF1b:R880G;ORF1b:H889Q;ORF1b:Y894N;ORF1b:V896V;ORF1b:M897I;ORF1b:N902T,5,83,0.0602409638554216,0,
1152026,BA.2_0.05_abundance_0.05_0.2,A15861G;C15904T;T15927C;G15955T;G15995C;G16027T;T16029A;T16074A;A16105G;C16134A;T16147A;T16155C;G16158A,ORF1b:K798K;ORF1b:Q813*;ORF1b:L820L;ORF1b:G830W;ORF1b:G843A;ORF1b:A854S;ORF1b:A854A;ORF1b:A869A;ORF1b:R880G;ORF1b:H889Q;ORF1b:Y894N;ORF1b:V896V;ORF1b:M897I,8,272,0.0294117647058823,0,
1152026,BA.2_0.05_abundance_0.05_0.2,C15904T;T15927C;G15955T;G15995C;G16027T;T16029A;T16074A;A16105G;C16134A;T16147A;T16155C;G16158A;A16172C,ORF1b:Q813*;ORF1b:L820L;ORF1b:G830W;ORF1b:G843A;ORF1b:A854S;ORF1b:A854A;ORF1b:A869A;ORF1b:R880G;ORF1b:H889Q;ORF1b:Y894N;ORF1b:V896V;ORF1b:M897I;ORF1b:N902T,8,346,0.0231213872832369,0,
1152026,BA.2_0.05_abundance_0.05_0.2,C15904T;T15927C;G15955T;G15995C;G16027T;T16029A;T16074A;A16105G;C16134A;T16147A;T16155C;G16158A,ORF1b:Q813*;ORF1b:L820L;ORF1b:G830W;ORF1b:G843A;ORF1b:A854S;ORF1b:A854A;ORF1b:A869A;ORF1b:R880G;ORF1b:H889Q;ORF1b:Y894N;ORF1b:V896V;ORF1b:M897I,31,1028,0.0301556420233463,0,
1152026,BA.2_0.05_abundance_0.05_0.2,T16778G;A16804C;T16809C;A16819C;A16824T;G16855C;T16863C;T16884G;A16889C;A16895C;T16911A;T16926C;T16931G;C16952A;C16961T;C17028T;T17052A;A17063G;A17101G,ORF1b:V1104G;ORF1b:N1113H;ORF1b:S1114S;ORF1b:I1118L;ORF1b:G1119G;ORF1b:D1130H;ORF1b:V1132V;ORF1b:T1139T;ORF1b:K1141T;ORF1b:N1143T;ORF1b:F1148L;ORF1b:H1153H;ORF1b:V1155G;ORF1b:T1162K;ORF1b:P1165L;ORF1b:S1187S;ORF1b:V1195V;ORF1b:K1199R;ORF1b:S1212G,7,260,0.0269230769230769,0,
1152026,BA.2_0.05_abundance_0.05_0.2,T16778G;A16804C;T16809C;A16819C;A16824T;G16855C;T16863C;T16884G;A16888G;A16889C;A16895C;T16911A;T16926C;T16931G;C16952A;C16961T;C17028T;T17052A;A17063G;A17101G,ORF1b:V1104G;ORF1b:N1113H;ORF1b:S1114S;ORF1b:I1118L;ORF1b:G1119G;ORF1b:D1130H;ORF1b:V1132V;ORF1b:T1139T;ORF1b:K1141E;ORF1b:K1141T;ORF1b:N1143T;ORF1b:F1148L;ORF1b:H1153H;ORF1b:V1155G;ORF1b:T1162K;ORF1b:P1165L;ORF1b:S1187S;ORF1b:V1195V;ORF1b:K1199R;ORF1b:S1212G,8,260,0.0307692307692307,0,
1152026,BA.2_0.05_abundance_0.05_0.2,A16804C;T16809C;A16819C;A16824T;G16855C;T16863C;T16884G;A16889C;A16895C;T16911A;T16926C;T16931G;C16952A;C16961T;C17028T;T17052A;A17063G;A17101G,ORF1b:N1113H;ORF1b:S1114S;ORF1b:I1118L;ORF1b:G1119G;ORF1b:D1130H;ORF1b:V1132V;ORF1b:T1139T;ORF1b:K1141T;ORF1b:N1143T;ORF1b:F1148L;ORF1b:H1153H;ORF1b:V1155G;ORF1b:T1162K;ORF1b:P1165L;ORF1b:S1187S;ORF1b:V1195V;ORF1b:K1199R;ORF1b:S1212G,24,1882,0.0127523910733262,0,
1152026,BA.2_0.05_abundance_0.05_0.2,A16804C;T16809C;A16819C;A16824T;G16855C;T16863C;T16884G;A16888G;A16889C;A16895C;T16911A;T16926C;T16931G;C16952A;C16961T;C17028T;T17052A;A17063G;A17101G,ORF1b:N1113H;ORF1b:S1114S;ORF1b:I1118L;ORF1b:G1119G;ORF1b:D1130H;ORF1b:V1132V;ORF1b:T1139T;ORF1b:K1141E;ORF1b:K1141T;ORF1b:N1143T;ORF1b:F1148L;ORF1b:H1153H;ORF1b:V1155G;ORF1b:T1162K;ORF1b:P1165L;ORF1b:S1187S;ORF1b:V1195V;ORF1b:K1199R;ORF1b:S1212G,49,1882,0.0260361317747077,0,
1152026,BA.2_0.05_abundance_0.05_0.2,A16804C;T16809C;A16819C;A16824T;G16855C;T16863C;T16884G;A16888G;A16889C;A16895C;T16911A;T16926C;T16931G;C16952A;C16961T;C17028T;T17052A;A17063G;A17101G;G17117T,ORF1b:N1113H;ORF1b:S1114S;ORF1b:I1118L;ORF1b:G1119G;ORF1b:D1130H;ORF1b:V1132V;ORF1b:T1139T;ORF1b:K1141E;ORF1b:K1141T;ORF1b:N1143T;ORF1b:F1148L;ORF1b:H1153H;ORF1b:V1155G;ORF1b:T1162K;ORF1b:P1165L;ORF1b:S1187S;ORF1b:V1195V;ORF1b:K1199R;ORF1b:S1212G;ORF1b:G1217V,8,396,0.0202020202020202,0,
1152026,BA.2_0.05_abundance_0.05_0.2,A16804C;T16809C;A16819C;A16824T;G16855C;T16863C;T16884G;A16889C;A16895C;T16911A;T16926C;T16931G;C16952A;C16961T;C17028T;T17052A;A17063G;A17101G;G17117T,ORF1b:N1113H;ORF1b:S1114S;ORF1b:I1118L;ORF1b:G1119G;ORF1b:D1130H;ORF1b:V1132V;ORF1b:T1139T;ORF1b:K1141T;ORF1b:N1143T;ORF1b:F1148L;ORF1b:H1153H;ORF1b:V1155G;ORF1b:T1162K;ORF1b:P1165L;ORF1b:S1187S;ORF1b:V1195V;ORF1b:K1199R;ORF1b:S1212G;ORF1b:G1217V,5,396,0.0126262626262626,0,
1152026,BA.2_0.05_abundance_0.05_0.2,A17101G;G17117T;T17126C;G17162A;T17166C;T17169A;A17199C;T17210C;T17255A;T17263A;A17270G;A17294G;A17300G;T17306C;G17320A;G17331A;A17332T;T17353A;G17359C;T17400G,ORF1b:S1212G;ORF1b:G1217V;ORF1b:L1220P;ORF1b:C1232Y;ORF1b:S1233S;ORF1b:H1234Q;ORF1b:A1244A;ORF1b:L1248S;ORF1b:V1263E;ORF1b:F1266I;ORF1b:K1268R;ORF1b:E1276G;ORF1b:Y1278C;ORF1b:F1280S;ORF1b:A1285T;ORF1b:E1288E;ORF1b:T1289S;ORF1b:F1296I;ORF1b:E1298Q;ORF1b:N1311K,23,1150,0.02,0,
1152026,BA.2_0.05_abundance_0.05_0.2,A17101G;G17117T;T17126C;G17162A;T17166C;T17169A;A17199C;T17210C;T17255A;T17263A;A17270G;A17294G;A17300G;T17306C;G17320A;G17331A;A17332T;T17353A;G17359C;T17400G;C17410T,ORF1b:S1212G;ORF1b:G1217V;ORF1b:L1220P;ORF1b:C1232Y;ORF1b:S1233S;ORF1b:H1234Q;ORF1b:A1244A;ORF1b:L1248S;ORF1b:V1263E;ORF1b:F1266I;ORF1b:K1268R;ORF1b:E1276G;ORF1b:Y1278C;ORF1b:F1280S;ORF1b:A1285T;ORF1b:E1288E;ORF1b:T1289S;ORF1b:F1296I;ORF1b:E1298Q;ORF1b:N1311K;ORF1b:R1315C,49,824,0.0594660194174757,0,
1152026,BA.2_0.05_abundance_0.05_0.2,G17117T;T17126C;G17162A;T17166C;T17169A;A17199C;T17210C;T17255A;T17263A;A17270G;A17294G;A17300G;T17306C;G17320A;G17331A;A17332T;T17353A;G17359C;T17400G;C17410T,ORF1b:G1217V;ORF1b:L1220P;ORF1b:C1232Y;ORF1b:S1233S;ORF1b:H1234Q;ORF1b:A1244A;ORF1b:L1248S;ORF1b:V1263E;ORF1b:F1266I;ORF1b:K1268R;ORF1b:E1276G;ORF1b:Y1278C;ORF1b:F1280S;ORF1b:A1285T;ORF1b:E1288E;ORF1b:T1289S;ORF1b:F1296I;ORF1b:E1298Q;ORF1b:N1311K;ORF1b:R1315C,83,2216,0.0374548736462093,0,
1152026,BA.2_0.05_abundance_0.05_0.2,G17117T;T17126C;G17162A;T17166C;T17169A;A17199C;T17210C;T17255A;T17263A;A17270G;A17294G;A17300G;T17306C;G17320A;G17331A;A17332T;T17353A;G17359C;T17400G,ORF1b:G1217V;ORF1b:L1220P;ORF1b:C1232Y;ORF1b:S1233S;ORF1b:H1234Q;ORF1b:A1244A;ORF1b:L1248S;ORF1b:V1263E;ORF1b:F1266I;ORF1b:K1268R;ORF1b:E1276G;ORF1b:Y1278C;ORF1b:F1280S;ORF1b:A1285T;ORF1b:E1288E;ORF1b:T1289S;ORF1b:F1296I;ORF1b:E1298Q;ORF1b:N1311K,46,3084,0.0149156939040207,0,
1152026,BA.2_0.05_abundance_0.05_0.2,C17708T;G17749C;G17753T;A17775T;A17791T;T17812A;G17815T;A17823G;A17853C;T17859A;A17889T;T17978C;A17984T,ORF1b:P1414L;ORF1b:A1428P;ORF1b:W1429L;ORF1b:S1436S;ORF1b:N1442Y;ORF1b:L1449M;ORF1b:G1450*;ORF1b:P1452P;ORF1b:S1462S;ORF1b:Y1464*;ORF1b:E1474D;ORF1b:L1504P;ORF1b:D1506V,7,152,0.0460526315789473,0,
1152026,BA.2_0.05_abundance_0.05_0.2,G17749C;G17753T;A17775T;A17791T;T17812A;G17815T;A17823G;A17853C;T17859A;A17889T;T17978C;A17984T,ORF1b:A1428P;ORF1b:W1429L;ORF1b:S1436S;ORF1b:N1442Y;ORF1b:L1449M;ORF1b:G1450*;ORF1b:P1452P;ORF1b:S1462S;ORF1b:Y1464*;ORF1b:E1474D;ORF1b:L1504P;ORF1b:D1506V,35,591,0.0592216582064297,0,
1152026,BA.2_0.05_abundance_0.05_0.2,A18163G;A18211C,ORF1b:I1566V;ORF1b:M1582L,61,517,0.1179883945841392,3,BA.1.1:1;BQ.1.1.7:1;BQ.1.18:1
1152026,BA.2_0.05_abundance_0.05_0.2,A18163G;T18173G,ORF1b:I1566V;ORF1b:I1569R,81,557,0.1454219030520646,1,BA.1.1:1
1152026,BA.2_0.05_abundance_0.05_0.2,A18163G;T18173G;A18211C,ORF1b:I1566V;ORF1b:I1569R;ORF1b:M1582L,8,517,0.0154738878143133,0,
1152026,BA.2_0.05_abundance_0.05_0.2,A18540G;A18564G,ORF1b:V1691V;ORF1b:K1699K,9,444,0.0202702702702702,1,B.1.1.7:1
1152026,BA.2_0.05_abundance_0.05_0.2,G19056A;A19073G;G19086A;T19110A;A19116G;A19123T;A19134G;T19139C,ORF1b:K1863K;ORF1b:D1869G;ORF1b:K1873K;ORF1b:S1881R;ORF1b:K1883K;ORF1b:K1886*;ORF1b:E1889E;ORF1b:F1891S,5,171,0.0292397660818713,0,
1152026,BA.2_0.05_abundance_0.05_0.2,G20518A;G20548A;T20563A;T20570C;T20573G;T20579G;T20606G;T20609A;G20616T;G20618A;T20625G;C20629T;C20646A;T20671C;T20690G;G20691C;T20701G;A20711G;T20717A;T20723C;A20744T;A20766G;C20790T;A20796T;G20808C,ORF1b:D2351N;ORF1b:D2361N;ORF1b:S2366T;ORF1b:V2368A;ORF1b:V2369G;ORF1b:V2371G;ORF1b:F2380C;ORF1b:M2381K;ORF1b:W2383C;ORF1b:C2384Y;ORF1b:D2386E;ORF1b:H2388Y;ORF1b:Y2393*;ORF1b:W2402R;ORF1b:M2408R;ORF1b:M2408I;ORF1b:Y2412D;ORF1b:Q2415R;ORF1b:M2417K;ORF1b:L2419S;ORF1b:N2426I;ORF1b:L2433L;ORF1b:V2441V;ORF1b:K2443N;ORF1b:L2447L,106,1727,0.0613781123335263,0,
1152026,BA.2_0.05_abundance_0.05_0.2,G20887C;T20982G,ORF1b:G2474R;ORF1b:D2505E,9,316,0.0284810126582278,0,
1152026,BA.2_0.05_abundance_0.05_0.2,A21136G;T21147A;G21152T;G21159A;A21176C;T21184G;A21203C;T21206C;C21230A;C21257T;A21290T;C21306G;G21316A;T21322A;A21343G;G21354C;T21382A;T21385G;T21391C;A21400C;C21410G;C21412A,ORF1b:K2557E;ORF1b:L2560L;ORF1b:G2562V;ORF1b:V2564V;ORF1b:E2570A;ORF1b:W2573G;ORF1b:K2579T;ORF1b:L2580P;ORF1b:T2588K;ORF1b:S2597L;ORF1b:Y2608F;ORF1b:R2613R;ORF1b:D2617N;ORF1b:Y2619N;ORF1b:I2626V;ORF1b:R2629S;ORF1b:Y2639N;ORF1b:S2640A;ORF1b:F2642L;ORF1b:S2645R;ORF1b:P2648R;ORF1b:L2649I,16,310,0.0516129032258064,0,
1152026,BA.2_0.05_abundance_0.05_0.2,A21136G;T21147A;G21152T;G21159A;A21176C;T21184G;A21203C;T21206C;C21230A;C21257T;A21290T;G21316A;T21322A;A21343G;G21354C;T21382A;T21385G;T21391C;A21400C;C21410G;C21412A,ORF1b:K2557E;ORF1b:L2560L;ORF1b:G2562V;ORF1b:V2564V;ORF1b:E2570A;ORF1b:W2573G;ORF1b:K2579T;ORF1b:L2580P;ORF1b:T2588K;ORF1b:S2597L;ORF1b:Y2608F;ORF1b:D2617N;ORF1b:Y2619N;ORF1b:I2626V;ORF1b:R2629S;ORF1b:Y2639N;ORF1b:S2640A;ORF1b:F2642L;ORF1b:S2645R;ORF1b:P2648R;ORF1b:L2649I,12,310,0.0387096774193548,0,
1152026,BA.2_0.05_abundance_0.05_0.2,T21702C;A21720T;T21756A;A21768C;G21795C;T21818C;C21843A;A21858G;G21869C;G21873T;A21875G;C21904G;C21910T;A21913T;A21917T;A21923C;T21937C;C21962A;G21987A,S:V47A;S:D53V;S:F65Y;S:H69P;S:R78T;S:F86L;S:S94Y;S:N99S;S:G103R;S:W104L;S:I105V;S:T114T;S:S116S;S:L117L;S:I119F;S:N121H;S:N125N;S:Q134K;S:G142D,90,1318,0.0682852807283763,0,
1152026,BA.2_0.05_abundance_0.05_0.2,A23403G;T23434C,S:D614G;S:I624I,297,759,0.391304347826087,532,BQ.1.1.1:1;BA.1.1:24;B.1.617.2:31;BE.5:12;BA.4.6:41;BA.5.2.20:2;B.1.258.17:24;BA.5.2.1:23;BA.5.6:9;BA.5:1;BF.7:5;B.1.478:3;BA.2.25:1;B.1.2:5;BQ.1.11:1;BA.2:56;AY.43.2:1;BA.5.5.3:1;BA.5.2:2;AY.75:1;AY.3:11;BF.26:3;AY.98.1:25;B.1.1.284:1;B.1.621:7;BA.1.17.2:6;AY.126:1;AY.25.1:3;AY.3.1:1;B.1.1.7:37;BA.5.1:6;B.1.428:1;BE.1.1:3;B.1.466.2:3;AY.100:3;BA.2.3:5;BA.1:14;AY.4:57;B.1.36:2;B.1.396:1;B.1.427:1;BA.1.1.1:4;AY.122:6;BA.5.5.2:1;AY.111:2;AY.112:1;BA.5.5:5;AY.102:4;BA.2.12.1:1;AY.103:6;BE.1:2;BA.1.1.18:4;B.1:4;AY.34:1;B.1.429:3;B.1.1.170:1;BQ.1.1:1;Q.4:2;BA.2.1:1;BA.1.20:1;BF.5:2;AY.127:2;B.1.1.434:3;AY.121:4;AY.29:1;AY.25:1;BQ.1.10:1;B.1.1.316:1;BA.1.15:2;BA.5.2.18:1;AY.44:1;BE.9:6;BA.2.3.14:4;BA.5.2.21:1;BA.2.75:2;CP.2:1;B.1.526:1;B.1.1.222:1;B.1.177.50:1;BQ.1:1;BQ.1.13:1;B.1.351:1;AY.39:4;BA.5.3.4:1;B.1.1.33:1;B.1.160:1;BA.1.18:1
1152026,BA.2_0.05_abundance_0.05_0.2,G24740C;G24757C;C24801G;A24820T;T24829A;A24860G;A24874C;C24878G;T24887G;A24894G;T24906G;G24933A;A24950G;T24951G;C24964G;C24986T;C25000T,S:V1060L;S:V1065V;S:A1080G;S:K1086N;S:F1089L;S:T1100A;S:V1104V;S:Q1106E;S:F1109V;S:E1111G;S:I1115S;S:G1124D;S:I1130V;S:I1130R;S:N1134K;S:Q1142*;S:D1146D,130,2480,0.0524193548387096,0,
1152026,BA.2_0.05_abundance_0.05_0.2,T25328A;C25584T,S:F1256I;ORF3a:T64T,186,1581,0.1176470588235294,1,BA.2:1
1152026,BA.2_0.05_abundance_0.05_0.2,T25328A;G25331T;T25343C;A25360C;A25367G;T25414C;T25461A;A25462C;C25584T;T25633A,S:F1256I;S:D1257Y;S:S1261P;S:K1266N;S:K1269E;ORF3a:F8L;ORF3a:A23A;ORF3a:T24P;ORF3a:T64T;ORF3a:C81S,12,772,0.0155440414507772,0,
1152026,BA.2_0.05_abundance_0.05_0.2,G25331T;T25343C;A25360C;A25367G;T25414C;T25461A;A25462C;C25584T;T25633A,S:D1257Y;S:S1261P;S:K1266N;S:K1269E;ORF3a:F8L;ORF3a:A23A;ORF3a:T24P;ORF3a:T64T;ORF3a:C81S,45,772,0.0582901554404145,0,
1152026,BA.2_0.05_abundance_0.05_0.2,G25331T;T25343C;A25360C;A25367G;T25414C;T25461A;A25462C;C25584T,S:D1257Y;S:S1261P;S:K1266N;S:K1269E;ORF3a:F8L;ORF3a:A23A;ORF3a:T24P;ORF3a:T64T,55,1582,0.0347661188369153,0,
1152026,BA.2_0.05_abundance_0.05_0.2,C26039T;C26270T,ORF3a:S216L;E:T9I,7,269,0.0260223048327137,583,BA.1.1:40;BA.1.1.2:26;BA.5.6.1:2;BA.4.6:1;BA.2:43;BA.2.9:338;BA.5.5:6;BA.5.2.12:3;BF.26:13;BA.2.10:34;BA.5.2:5;BQ.1.23:1;BA.2.12.1:2;BA.5.2.1:25;BE.1.1:2;BA.1.1.1:2;BA.2.75:2;BA.5.1:3;BA.1:3;BQ.1.1.8:1;BA.5:2;BC.1:2;BA.5.1.30:1;BF.7:1;BA.1.17:3;BA.5.1.10:5;BA.1.17.2:2;BE.3:1;BA.1.20:5;BF.10:2;BA.5.3:1;BA.1.15:3;BA.2.4:1;BA.4:1;BA.5.1.23:1
1152026,BA.2_0.05_abundance_0.05_0.2,C26270T;C26309G;G26314C;T26355C;C26376G;A26380C;T26409G;C26421G,E:T9I;E:A22G;E:V24L;E:L37L;E:C44W;E:I46L;E:S55S;E:Y59*,10,111,0.09009009009009,0,
1152026,BA.2_0.05_abundance_0.05_0.2,C26577G;G26709A;T26800A;C26858T,M:Q19E;M:A63T;M:L93H;M:F112F,108,3131,0.0344937719578409,0,
1152026,BA.2_0.05_abundance_0.05_0.2,C26577G;T26679G;G26709A;C26858T,M:Q19E;M:F53V;M:A63T;M:F112F,165,3131,0.0526988182689236,0,
1152026,BA.2_0.05_abundance_0.05_0.2,C27208A;G27225T;A27246C;G27261C;C27263T;G27281A;T27291G;T27296G;A27317T;A27321C;G27327T;T27328G;A27359G;A27372G;G27382C;A27383T;A27399G;G27420A;C27427A;G27430T;C27434A;T27483G;A27491T;C27494A,ORF6:H3N;ORF6:Q8H;ORF6:L15F;ORF6:R20S;ORF6:T21I;ORF6:W27*;ORF6:D30E;ORF6:I32S;ORF6:N39I;ORF6:L40F;ORF6:K42N;ORF6:S43A;ORF6:D53G;ORF6:P57P;ORF6:D61H;ORF6:D61V;ORF7a:K2K;ORF7a:L9L;ORF7a:L12I;ORF7a:A13S;ORF7a:T14N;ORF7a:L30L;ORF7a:E33V;ORF7a:P34H,26,400,0.065,0,
1152026,BA.2_0.05_abundance_0.05_0.2,C27208A;G27225T;A27246C;G27261C;C27263T;G27281A;T27291G;T27296G;A27317T;A27321C;G27327T;T27328G;A27359G;A27372G;G27382C;A27383T;A27399G;G27420A;C27427A;G27430T;C27434A;T27483G,ORF6:H3N;ORF6:Q8H;ORF6:L15F;ORF6:R20S;ORF6:T21I;ORF6:W27*;ORF6:D30E;ORF6:I32S;ORF6:N39I;ORF6:L40F;ORF6:K42N;ORF6:S43A;ORF6:D53G;ORF6:P57P;ORF6:D61H;ORF6:D61V;ORF7a:K2K;ORF7a:L9L;ORF7a:L12I;ORF7a:A13S;ORF7a:T14N;ORF7a:L30L,18,907,0.0198456449834619,0,
1152026,BA.2_0.05_abundance_0.05_0.2,C27208A;G27225T;A27246C;G27261C;C27263T;G27281A;T27291G;T27296G;A27317T;A27321C;G27327T;T27328G;A27359G;A27372G;G27382C;A27383T;A27399G;G27420A;C27427A;G27430T;C27434A;T27483G;A27491T,ORF6:H3N;ORF6:Q8H;ORF6:L15F;ORF6:R20S;ORF6:T21I;ORF6:W27*;ORF6:D30E;ORF6:I32S;ORF6:N39I;ORF6:L40F;ORF6:K42N;ORF6:S43A;ORF6:D53G;ORF6:P57P;ORF6:D61H;ORF6:D61V;ORF7a:K2K;ORF7a:L9L;ORF7a:L12I;ORF7a:A13S;ORF7a:T14N;ORF7a:L30L;ORF7a:E33V,18,678,0.0265486725663716,0,
1152026,BA.2_0.05_abundance_0.05_0.2,G27857C;G27877T,ORF7b:L34L;ORF7b:C41F,16,1337,0.0119670905011219,0,
1152026,BA.2_0.05_abundance_0.05_0.2,G27857C;G27877T;C28103T,ORF7b:L34L;ORF7b:C41F;ORF8:P70P,18,1246,0.0144462279293739,0,
1152026,BA.2_0.05_abundance_0.05_0.2,G27877T;C28103T,ORF7b:C41F;ORF8:P70P,262,1246,0.2102728731942215,0,
1152026,BA.2_0.05_abundance_0.05_0.2,G27877T;A28043C,ORF7b:C41F;ORF8:G50G,113,1251,0.0903277378097522,0,
1152026,BA.2_0.05_abundance_0.05_0.2,G27877T;A28043C;C28103T,ORF7b:C41F;ORF8:G50G;ORF8:P70P,69,1246,0.0553772070626003,0,
1152026,BA.2_0.05_abundance_0.05_0.2,A28043C;C28103T,ORF8:G50G;ORF8:P70P,27,1247,0.0216519647153167,0,
1152026,BA.2_0.05_abundance_0.05_0.2,C28439T;A28446G;C28491A;C28500T;G28514T;T28524C;T28529G;A28547T;G28548C;T28561A;A28652G;A28692C,N:L56F;N:Q58R;N:P73Q;N:T76I;N:D81Y;N:I84T;N:Y86D;N:R92*;N:R92T;N:G96G;N:K127E;N:N140T,81,1228,0.0659609120521172,0,
1152026,BA.2_0.05_abundance_0.05_0.2,G29030T;T29036G;C29048G;G29058T;A29078G;A29089G;C29091A;C29118G;G29156A;C29187A;T29194G;G29202A;G29240C;A29241G;G29254T;C29259T;T29264A;T29293G;C29304G;A29313C;C29318A;A29319T,N:E253*;N:S255A;N:R259G;N:R262L;N:N269D;N:Q272Q;N:A273D;N:T282S;N:G295R;N:A305E;N:F307L;N:S310N;N:E323Q;N:E323G;N:S327S;N:T329M;N:L331M;N:D340E;N:P344R;N:K347T;N:Q349K;N:Q349L,131,2400,0.0545833333333333,0,
1222026,BA.2_0.05_abundance_0.05_0.2,G269C;A297C;C307A;T312A;C344T;G353C;G359T;T369G,ORF1a:E2Q;ORF1a:K11T;ORF1a:V14V;ORF1a:L16H;ORF1a:L27F;ORF1a:G30R;ORF1a:G32*;ORF1a:V35G,5,94,0.0531914893617021,0,
1222026,BA.2_0.05_abundance_0.05_0.2,C344T;G353C;G359T;T369G;C449T;G470T;G483C;G524T;G542T;G564C;T580G;C609T;A610C;G636A;A647C;A655T;T658C;T670G,ORF1a:L27F;ORF1a:G30R;ORF1a:G32*;ORF1a:V35G;ORF1a:P62S;ORF1a:V69L;ORF1a:R73P;ORF1a:E87*;ORF1a:E93*;ORF1a:S100T;ORF1a:G105G;ORF1a:P115L;ORF1a:P115P;ORF1a:R124H;ORF1a:N128H;ORF1a:G130G;ORF1a:A131A;ORF1a:S135R,10,142,0.0704225352112676,0,
1222026,BA.2_0.05_abundance_0.05_0.2,G353C;G359T;T369G;C449T;G470T;G483C;G524T;G542T;G564C;T580G;A603T;C609T;A610C;G636A;A647C;A655T;T658C;T670G,ORF1a:G30R;ORF1a:G32*;ORF1a:V35G;ORF1a:P62S;ORF1a:V69L;ORF1a:R73P;ORF1a:E87*;ORF1a:E93*;ORF1a:S100T;ORF1a:G105G;ORF1a:E113V;ORF1a:P115L;ORF1a:P115P;ORF1a:R124H;ORF1a:N128H;ORF1a:G130G;ORF1a:A131A;ORF1a:S135R,8,468,0.017094017094017,0,
1222026,BA.2_0.05_abundance_0.05_0.2,G353C;G359T;T369G;C449T;G470T;G483C;G524T;G542T;G564C;T580G;C609T;A610C;G636A;A647C;A655T;T658C;T670G,ORF1a:G30R;ORF1a:G32*;ORF1a:V35G;ORF1a:P62S;ORF1a:V69L;ORF1a:R73P;ORF1a:E87*;ORF1a:E93*;ORF1a:S100T;ORF1a:G105G;ORF1a:P115L;ORF1a:P115P;ORF1a:R124H;ORF1a:N128H;ORF1a:G130G;ORF1a:A131A;ORF1a:S135R,21,468,0.0448717948717948,0,
1222026,BA.2_0.05_abundance_0.05_0.2,G359T;T369G;C449T;G470T;G483C;G524T;G542T;G564C;T580G;C609T;A610C;G636A;A647C;A655T;T658C;T670G,ORF1a:G32*;ORF1a:V35G;ORF1a:P62S;ORF1a:V69L;ORF1a:R73P;ORF1a:E87*;ORF1a:E93*;ORF1a:S100T;ORF1a:G105G;ORF1a:P115L;ORF1a:P115P;ORF1a:R124H;ORF1a:N128H;ORF1a:G130G;ORF1a:A131A;ORF1a:S135R,29,1217,0.0238290879211175,0,
1222026,BA.2_0.05_abundance_0.05_0.2,G359T;T369G;C449T;G470T;G483C;G524T;G542T;G564C;T580G;A603T;C609T;A610C;G636A;A647C;A655T;T658C;T670G,ORF1a:G32*;ORF1a:V35G;ORF1a:P62S;ORF1a:V69L;ORF1a:R73P;ORF1a:E87*;ORF1a:E93*;ORF1a:S100T;ORF1a:G105G;ORF1a:E113V;ORF1a:P115L;ORF1a:P115P;ORF1a:R124H;ORF1a:N128H;ORF1a:G130G;ORF1a:A131A;ORF1a:S135R,18,1217,0.0147904683648315,0,
1222026,BA.2_0.05_abundance_0.05_0.2,T369G;C449T;G470T;G483C;G524T;G542T;G564C;T580G;C609T;A610C;G636A;A647C;A655T;T658C;T670G,ORF1a:V35G;ORF1a:P62S;ORF1a:V69L;ORF1a:R73P;ORF1a:E87*;ORF1a:E93*;ORF1a:S100T;ORF1a:G105G;ORF1a:P115L;ORF1a:P115P;ORF1a:R124H;ORF1a:N128H;ORF1a:G130G;ORF1a:A131A;ORF1a:S135R,44,2031,0.0216642048252092,0,
1222026,BA.2_0.05_abundance_0.05_0.2,T369G;C449T;G470T;G483C;G524T;G542T;G564C;T580G;A603T;C609T;A610C;G636A;A647C;A655T;T658C;T670G,ORF1a:V35G;ORF1a:P62S;ORF1a:V69L;ORF1a:R73P;ORF1a:E87*;ORF1a:E93*;ORF1a:S100T;ORF1a:G105G;ORF1a:E113V;ORF1a:P115L;ORF1a:P115P;ORF1a:R124H;ORF1a:N128H;ORF1a:G130G;ORF1a:A131A;ORF1a:S135R,32,2031,0.0157557853274249,0,
1222026,BA.2_0.05_abundance_0.05_0.2,A603T;T670G,ORF1a:E113V;ORF1a:S135R,648,2037,0.3181148748159057,27,BA.2:23;BA.2.12.1:2;BA.5.2:2
1222026,BA.2_0.05_abundance_0.05_0.2,T670G;G845C;T867G,ORF1a:S135R;ORF1a:D194H;ORF1a:I201S,16,140,0.1142857142857142,0,
1222026,BA.2_0.05_abundance_0.05_0.2,T670G;G845C,ORF1a:S135R;ORF1a:D194H,92,140,0.6571428571428571,22,BE.1:6;BA.2.3:1;BA.5.2.1:7;BA.2.12.1:5;BA.2:2;BA.5.1:1
1222026,BA.2_0.05_abundance_0.05_0.2,T670G;T795C;G845C,ORF1a:S135R;ORF1a:L177P;ORF1a:D194H,5,140,0.0357142857142857,0,
1222026,BA.2_0.05_abundance_0.05_0.2,T795C;G845C,ORF1a:L177P;ORF1a:D194H,50,1334,0.0374812593703148,0,
1222026,BA.2_0.05_abundance_0.05_0.2,G845C;T867G,ORF1a:D194H;ORF1a:I201S,115,1334,0.0862068965517241,0,
1222026,BA.2_0.05_abundance_0.05_0.2,T1602A;T1791A,ORF1a:L446H;ORF1a:F509Y,8,600,0.0133333333333333,0,
1222026,BA.2_0.05_abundance_0.05_0.2,T1623A;C1628A;A1629T;A1644G;A1646C;A1731C;T1745C;G1782C;G1784C;G1827A;A1829G;A1849T;A1852T;C1878G;G1883A,ORF1a:I453K;ORF1a:Q455K;ORF1a:Q455L;ORF1a:N460S;ORF1a:I461L;ORF1a:E489A;ORF1a:L494L;ORF1a:C506S;ORF1a:G507R;ORF1a:W521*;ORF1a:N522D;ORF1a:S528S;ORF1a:I529I;ORF1a:S538*;ORF1a:A540T,260,4446,0.0584795321637426,0,
1222026,BA.2_0.05_abundance_0.05_0.2,T1623A;C1628A;A1629T;A1644G;A1646C;A1731C;T1745C;G1782C;G1784C;T1791A;G1827A;A1829G;A1849T;A1852T;C1878G;G1883A,ORF1a:I453K;ORF1a:Q455K;ORF1a:Q455L;ORF1a:N460S;ORF1a:I461L;ORF1a:E489A;ORF1a:L494L;ORF1a:C506S;ORF1a:G507R;ORF1a:F509Y;ORF1a:W521*;ORF1a:N522D;ORF1a:S528S;ORF1a:I529I;ORF1a:S538*;ORF1a:A540T,85,4446,0.0191183085919928,0,
1222026,BA.2_0.05_abundance_0.05_0.2,T2216C;C2227G;T2230C;C2245T;T2307A;A2345T;A2367G;C2371A;A2430G;A2437C;G2447T;A2452T;C2453A;A2483G;G2494A;A2543T,ORF1a:F651L;ORF1a:T654T;ORF1a:C655C;ORF1a:V660V;ORF1a:L681H;ORF1a:I694F;ORF1a:K701R;ORF1a:A702A;ORF1a:K722R;ORF1a:R724S;ORF1a:G728C;ORF1a:L729L;ORF1a:L730I;ORF1a:I740V;ORF1a:E743E;ORF1a:T760S,5,96,0.0520833333333333,0,
1222026,BA.2_0.05_abundance_0.05_0.2,C2227G;T2230C;C2245T;T2307A;A2345T;A2367G;C2371A;A2430G;A2437C;G2447T;A2452T;C2453A;A2483G;G2494A;A2543T,ORF1a:T654T;ORF1a:C655C;ORF1a:V660V;ORF1a:L681H;ORF1a:I694F;ORF1a:K701R;ORF1a:A702A;ORF1a:K722R;ORF1a:R724S;ORF1a:G728C;ORF1a:L729L;ORF1a:L730I;ORF1a:I740V;ORF1a:E743E;ORF1a:T760S,10,292,0.0342465753424657,0,
1222026,BA.2_0.05_abundance_0.05_0.2,C2227G;T2230C;C2245T;T2307A;A2345T;A2367G;C2371A;A2430G;A2437C;G2447T;A2452T;C2453A;A2483G;G2494A;A2543T;A2554T,ORF1a:T654T;ORF1a:C655C;ORF1a:V660V;ORF1a:L681H;ORF1a:I694F;ORF1a:K701R;ORF1a:A702A;ORF1a:K722R;ORF1a:R724S;ORF1a:G728C;ORF1a:L729L;ORF1a:L730I;ORF1a:I740V;ORF1a:E743E;ORF1a:T760S;ORF1a:L763F,5,121,0.0413223140495867,0,
1222026,BA.2_0.05_abundance_0.05_0.2,A2543T;A2554T;G2564T;C2567A;G2604C;T2605G;A2608G;A2645T;C2662G;C2708A;T2709A;A2725C;A2748T;A2766T;T2771C;A2807C;A2848T;G2849C,ORF1a:T760S;ORF1a:L763F;ORF1a:E767*;ORF1a:Q768K;ORF1a:G780A;ORF1a:G780G;ORF1a:T781T;ORF1a:K794*;ORF1a:Y799*;ORF1a:L815I;ORF1a:L815H;ORF1a:P820P;ORF1a:D828V;ORF1a:Q834L;ORF1a:Y836H;ORF1a:R848R;ORF1a:T861T;ORF1a:V862L,21,283,0.0742049469964664,0,
1222026,BA.2_0.05_abundance_0.05_0.2,A2554T;G2564T;C2567A;G2604C;T2605G;A2608G;A2645T;C2662G;C2708A;T2709A;A2725C;A2748T;A2766T;T2771C;A2807C;A2848T;G2849C,ORF1a:L763F;ORF1a:E767*;ORF1a:Q768K;ORF1a:G780A;ORF1a:G780G;ORF1a:T781T;ORF1a:K794*;ORF1a:Y799*;ORF1a:L815I;ORF1a:L815H;ORF1a:P820P;ORF1a:D828V;ORF1a:Q834L;ORF1a:Y836H;ORF1a:R848R;ORF1a:T861T;ORF1a:V862L,23,553,0.0415913200723327,0,
1222026,BA.2_0.05_abundance_0.05_0.2,G2687T;A2758T,ORF1a:V808L;ORF1a:I831I,9,586,0.015358361774744,0,
1222026,BA.2_0.05_abundance_0.05_0.2,A3019C;C3037T,ORF1a:S918S;ORF1a:F924F,8,389,0.0205655526992287,12,AY.100:3;AY.43:2;BA.1.1:1;AY.3:1;B.1.243:1;AY.4:1;AY.126:1;B.1.1.7:1;BA.1.15:1
1222026,BA.2_0.05_abundance_0.05_0.2,A3186G;G3239C;T3265C;A3273G;A3277T;T3282G;T3283G;G3320A;A3341C;G3345C;A3357C;A3374C;A3381C;G3410C;C3426T,ORF1a:E974G;ORF1a:D992H;ORF1a:T1000T;ORF1a:Q1003R;ORF1a:T1004T;ORF1a:V1006G;ORF1a:V1006V;ORF1a:V1019I;ORF1a:N1026H;ORF1a:S1027T;ORF1a:Y1031S;ORF1a:N1037H;ORF1a:Y1039S;ORF1a:A1049P;ORF1a:P1054L,7,151,0.0463576158940397,0,
1222026,BA.2_0.05_abundance_0.05_0.2,A3818T;G3824A;T3826C;T3827A;T3837A;T3843A;G3863C;A3895T;T3952A;T3981C;C3984T;A3989C;T4023A;A4034G;T4054G;A4079G;C4113G,ORF1a:K1185*;ORF1a:V1187I;ORF1a:V1187V;ORF1a:S1188T;ORF1a:L1191*;ORF1a:M1193K;ORF1a:E1200Q;ORF1a:E1210D;ORF1a:D1229E;ORF1a:V1239A;ORF1a:T1240I;ORF1a:T1242P;ORF1a:L1253*;ORF1a:I1257V;ORF1a:L1263L;ORF1a:S1272G;ORF1a:A1283G,24,368,0.0652173913043478,0,
1222026,BA.2_0.05_abundance_0.05_0.2,C4698T;C4780G;T4813C;G4854C;G4881C;T4924A;G4925C;T4933A;T4946A;A4956T,ORF1a:S1478F;ORF1a:I1505M;ORF1a:Y1516Y;ORF1a:R1530T;ORF1a:S1539T;ORF1a:F1553L;ORF1a:D1554H;ORF1a:L1556L;ORF1a:S1561T;ORF1a:E1564V,5,373,0.0134048257372654,0,
1222026,BA.2_0.05_abundance_0.05_0.2,C4698T;C4780G;T4813C;G4854C;G4881C;T4924A;G4925C;T4933A;T4946A;A4956T;C4980T,ORF1a:S1478F;ORF1a:I1505M;ORF1a:Y1516Y;ORF1a:R1530T;ORF1a:S1539T;ORF1a:F1553L;ORF1a:D1554H;ORF1a:L1556L;ORF1a:S1561T;ORF1a:E1564V;ORF1a:T1572I,6,106,0.0566037735849056,0,
1222026,BA.2_0.05_abundance_0.05_0.2,C4698T;C4780G;T4813C;G4854C;G4881C;T4906A;T4924A;G4925C;T4933A;T4946A;A4956T,ORF1a:S1478F;ORF1a:I1505M;ORF1a:Y1516Y;ORF1a:R1530T;ORF1a:S1539T;ORF1a:D1547E;ORF1a:F1553L;ORF1a:D1554H;ORF1a:L1556L;ORF1a:S1561T;ORF1a:E1564V,5,373,0.0134048257372654,0,
1222026,BA.2_0.05_abundance_0.05_0.2,T4906A;G4910C,ORF1a:D1547E;ORF1a:E1549Q,28,381,0.0734908136482939,0,
1222026,BA.2_0.05_abundance_0.05_0.2,G5625C;T5635G;G5708C;T5732A;G5750A;C5832G;T5854G;T5860G;G5861A;T5864G;T5909A,ORF1a:C1787S;ORF1a:G1790G;ORF1a:E1815Q;ORF1a:C1823S;ORF1a:G1829S;ORF1a:S1856C;ORF1a:I1863M;ORF1a:D1865E;ORF1a:V1866I;ORF1a:F1867V;ORF1a:Y1882N,38,545,0.0697247706422018,0,
1222026,BA.2_0.05_abundance_0.05_0.2,T7075C;C7119G;T7141G;T7147C;T7168A;C7195G;A7208C;A7210C;T7226C;T7227C;T7228A;T7305C;T7341A;A7358G,ORF1a:Y2270Y;ORF1a:S2285C;ORF1a:L2292L;ORF1a:G2294G;ORF1a:Y2301*;ORF1a:T2310T;ORF1a:K2315Q;ORF1a:K2315N;ORF1a:F2321L;ORF1a:F2321S;ORF1a:F2321L;ORF1a:M2347T;ORF1a:I2359N;ORF1a:M2365V,10,90,0.1111111111111111,0,
1222026,BA.2_0.05_abundance_0.05_0.2,A7358G;T7425A;T7438A;A7448C;C7485G;C7518A;G7526A;A7548C;T7554G;G7561A;T7566G;T7576C;C7578A,ORF1a:M2365V;ORF1a:F2387Y;ORF1a:Y2391*;ORF1a:K2395Q;ORF1a:S2407*;ORF1a:A2418E;ORF1a:V2421I;ORF1a:N2428T;ORF1a:V2430G;ORF1a:R2432R;ORF1a:F2434C;ORF1a:Y2437Y;ORF1a:A2438D,5,146,0.0342465753424657,0,
1222026,BA.2_0.05_abundance_0.05_0.2,T7711C;G7753C,ORF1a:N2482N;ORF1a:V2496V,66,356,0.1853932584269663,0,
1222026,BA.2_0.05_abundance_0.05_0.2,T7711C;G7753C;T7804C,ORF1a:N2482N;ORF1a:V2496V;ORF1a:Y2513Y,7,356,0.0196629213483146,0,
1222026,BA.2_0.05_abundance_0.05_0.2,T7711C;T7804C,ORF1a:N2482N;ORF1a:Y2513Y,6,356,0.0168539325842696,0,
1222026,BA.2_0.05_abundance_0.05_0.2,C8318G;T8328G;A8343C;C8354A;A8360C;T8361C;T8439G;T8477G;T8484C;A8492G;C8493T;T8562G;A8565C;T8603G,ORF1a:P2685A;ORF1a:L2688R;ORF1a:D2693A;ORF1a:R2697S;ORF1a:I2699L;ORF1a:I2699T;ORF1a:L2725R;ORF1a:L2738V;ORF1a:F2740S;ORF1a:T2743A;ORF1a:T2743I;ORF1a:V2766G;ORF1a:N2767T;ORF1a:F2780V,71,893,0.0795072788353863,0,
1222026,BA.2_0.05_abundance_0.05_0.2,T9016G;G9086T,ORF1a:A2917A;ORF1a:G2941C,18,1732,0.010392609699769,0,
1222026,BA.2_0.05_abundance_0.05_0.2,A10005G;C10020G;C10029T;T10035G;T10047A;T10049G;G10059T;C10078T;A10090G;C9836G;G9856A;T9860G;A9862G;C9863G;A9906T;T9915G;G9921T;C9936A;A9984G,ORF1a:D3247G;ORF1a:P3252R;ORF1a:T3255I;ORF1a:I3257S;ORF1a:V3261D;ORF1a:L3262V;ORF1a:G3265V;ORF1a:F3271F;ORF1a:K3275K;ORF1a:L3191V;ORF1a:V3197V;ORF1a:L3199V;ORF1a:L3199L;ORF1a:P3200A;ORF1a:Y3214F;ORF1a:F3217C;ORF1a:G3219V;ORF1a:T3224N;ORF1a:D3240G,13,159,0.0817610062893081,0,
1222026,BA.2_0.05_abundance_0.05_0.2,T11044G;T11046G;T11056C;T11070A;A11085T;T11118G;T11151G;G11222T;G11243A;A11258T;A11277T,ORF1a:V3593V;ORF1a:L3594*;ORF1a:S3597S;ORF1a:L3602*;ORF1a:Y3607F;ORF1a:I3618S;ORF1a:V3629G;ORF1a:V3653F;ORF1a:V3660M;ORF1a:T3665S;ORF1a:D3671V,8,761,0.0105124835742444,0,
1222026,BA.2_0.05_abundance_0.05_0.2,T11046G;T11056C;T11070A;A11085T;T11118G;T11151G;G11222T;G11243A;A11258T;A11277T,ORF1a:L3594*;ORF1a:S3597S;ORF1a:L3602*;ORF1a:Y3607F;ORF1a:I3618S;ORF1a:V3629G;ORF1a:V3653F;ORF1a:V3660M;ORF1a:T3665S;ORF1a:D3671V,52,762,0.0682414698162729,0,
1222026,BA.2_0.05_abundance_0.05_0.2,G11378C;T11429A;T11432G;G11464A;G11483A;C11494T;G11504T;T11517A;C11518T;G11528C;T11539C;T11547C;A11567G,ORF1a:A3705P;ORF1a:Y3722N;ORF1a:Y3723D;ORF1a:M3733I;ORF1a:V3740I;ORF1a:N3743N;ORF1a:V3747L;ORF1a:V3751D;ORF1a:V3751V;ORF1a:A3755P;ORF1a:I3758I;ORF1a:M3761T;ORF1a:I3768V,52,519,0.1001926782273603,0,
1222026,BA.2_0.05_abundance_0.05_0.2,A11905G;A11911T;C11919G;G11944C;G11966T;T12013A;T12017G;A12026T;G12035A;T12039G;C12043A;C12081G;A12103G;T12112A;C12138T;T12142A;T12168G;T12204C;A12206C,ORF1a:R3880R;ORF1a:E3882D;ORF1a:S3885C;ORF1a:Q3893H;ORF1a:A3901S;ORF1a:S3916S;ORF1a:L3918V;ORF1a:M3921L;ORF1a:A3924T;ORF1a:V3925G;ORF1a:D3926E;ORF1a:A3939G;ORF1a:S3946S;ORF1a:S3949R;ORF1a:A3958V;ORF1a:T3959T;ORF1a:V3968G;ORF1a:L3980S;ORF1a:K3981Q,138,1952,0.0706967213114754,0,
1222026,BA.2_0.05_abundance_0.05_0.2,A11905G;A11911T;C11919G;G11944C;G11966T;T12013A;T12017G;A12026T;G12035A;T12039G;C12043A;C12081G;A12103G;T12112A;C12138T;T12142A;T12168G;T12204C;A12206C;A12228G,ORF1a:R3880R;ORF1a:E3882D;ORF1a:S3885C;ORF1a:Q3893H;ORF1a:A3901S;ORF1a:S3916S;ORF1a:L3918V;ORF1a:M3921L;ORF1a:A3924T;ORF1a:V3925G;ORF1a:D3926E;ORF1a:A3939G;ORF1a:S3946S;ORF1a:S3949R;ORF1a:A3958V;ORF1a:T3959T;ORF1a:V3968G;ORF1a:L3980S;ORF1a:K3981Q;ORF1a:K3988R,5,110,0.0454545454545454,0,
1222026,BA.2_0.05_abundance_0.05_0.2,C12138T;T12142A;T12168G;T12204C;A12206C;A12228G;T12244G;A12286G;A12316T;T12319G;G12330A;A12335G;G12355A;C12398A;A12414G;C12420A,ORF1a:A3958V;ORF1a:T3959T;ORF1a:V3968G;ORF1a:L3980S;ORF1a:K3981Q;ORF1a:K3988R;ORF1a:R3993R;ORF1a:Q4007Q;ORF1a:R4017S;ORF1a:S4018S;ORF1a:R4022K;ORF1a:K4024E;ORF1a:Q4030Q;ORF1a:L4045I;ORF1a:N4050S;ORF1a:A4052E,19,268,0.0708955223880597,0,
1222026,BA.2_0.05_abundance_0.05_0.2,T12142A;T12168G;T12204C;A12206C;A12228G;T12244G;A12286G;A12316T;T12319G;G12330A;A12335G;G12355A;C12398A;A12414G;C12420A,ORF1a:T3959T;ORF1a:V3968G;ORF1a:L3980S;ORF1a:K3981Q;ORF1a:K3988R;ORF1a:R3993R;ORF1a:Q4007Q;ORF1a:R4017S;ORF1a:S4018S;ORF1a:R4022K;ORF1a:K4024E;ORF1a:Q4030Q;ORF1a:L4045I;ORF1a:N4050S;ORF1a:A4052E,15,500,0.03,0,
1222026,BA.2_0.05_abundance_0.05_0.2,T12168G;T12204C;A12206C;A12228G;T12244G;A12286G;A12316T;T12319G;G12330A;A12335G;G12355A;C12398A;A12414G;C12420A,ORF1a:V3968G;ORF1a:L3980S;ORF1a:K3981Q;ORF1a:K3988R;ORF1a:R3993R;ORF1a:Q4007Q;ORF1a:R4017S;ORF1a:S4018S;ORF1a:R4022K;ORF1a:K4024E;ORF1a:Q4030Q;ORF1a:L4045I;ORF1a:N4050S;ORF1a:A4052E,158,2588,0.0610510046367851,0,
1222026,BA.2_0.05_abundance_0.05_0.2,C12880T;C12915G,ORF1a:I4205I;ORF1a:T4217R,95,1680,0.056547619047619,2,BA.5.2.1:1;BA.5.1:1
1222026,BA.2_0.05_abundance_0.05_0.2,C13372T;C13439A;A13449T;A13455G;C13458A;T13463A;C13490G;C13492A;G13514A;C13517T;G13624T,ORF1a:V4369V;ORF1a:Q4392K;ORF1a:D4395V;ORF1a:Q4397R;ORF1a:S4398*;ORF1a:L4400I;ORF1b:A8G;ORF1b:R9S;ORF1b:G16D;ORF1b:T17I;ORF1b:D53Y,8,573,0.0139616055846422,0,
1222026,BA.2_0.05_abundance_0.05_0.2,C13372T;A13449T,ORF1a:V4369V;ORF1a:D4395V,39,607,0.0642504118616145,0,
1222026,BA.2_0.05_abundance_0.05_0.2,C13372T;A13449T;C13499G,ORF1a:V4369V;ORF1a:D4395V;ORF1b:T11R,9,607,0.014827018121911,0,
1222026,BA.2_0.05_abundance_0.05_0.2,C13439A;A13449T;A13455G;C13458A;T13463A;C13490G;C13492A;G13514A;C13517T;G13624T,ORF1a:Q4392K;ORF1a:D4395V;ORF1a:Q4397R;ORF1a:S4398*;ORF1a:L4400I;ORF1b:A8G;ORF1b:R9S;ORF1b:G16D;ORF1b:T17I;ORF1b:D53Y,25,573,0.0436300174520069,0,
1222026,BA.2_0.05_abundance_0.05_0.2,C13439A;A13449T;A13455G;C13458A;T13463A;C13490G;C13492A;C13499G;G13514A;C13517T;G13624T,ORF1a:Q4392K;ORF1a:D4395V;ORF1a:Q4397R;ORF1a:S4398*;ORF1a:L4400I;ORF1b:A8G;ORF1b:R9S;ORF1b:T11R;ORF1b:G16D;ORF1b:T17I;ORF1b:D53Y,9,573,0.0157068062827225,0,
1222026,BA.2_0.05_abundance_0.05_0.2,A13449T;C13499G,ORF1a:D4395V;ORF1b:T11R,67,607,0.1103789126853377,0,
1222026,BA.2_0.05_abundance_0.05_0.2,A13449T;C13536A,ORF1a:D4395V;ORF1b:Y23*,9,607,0.014827018121911,0,
1222026,BA.2_0.05_abundance_0.05_0.2,A14317G;T14361C;T14378C;T14389C;C14403G;C14408T;G14419A;C14422G;A14470T;C14491T;G14495C;T14526A;G14559A;T14560C,ORF1b:T284A;ORF1b:I298I;ORF1b:F304S;ORF1b:F308L;ORF1b:F312L;ORF1b:P314L;ORF1b:G318R;ORF1b:P319A;ORF1b:T335S;ORF1b:L342L;ORF1b:G343A;ORF1b:H353Q;ORF1b:V364V;ORF1b:Y365H,38,498,0.0763052208835341,0,
1222026,BA.2_0.05_abundance_0.05_0.2,A14317G;T14361C;T14378C;T14389C;C14403G;C14408T;G14419A;C14422G;A14470T;C14491T;G14495C;T14526A,ORF1b:T284A;ORF1b:I298I;ORF1b:F304S;ORF1b:F308L;ORF1b:F312L;ORF1b:P314L;ORF1b:G318R;ORF1b:P319A;ORF1b:T335S;ORF1b:L342L;ORF1b:G343A;ORF1b:H353Q,25,821,0.0304506699147381,0,
1222026,BA.2_0.05_abundance_0.05_0.2,G14923C;C14953A;A14977T;A14990T;T14992G;T15021C;C15024G;A15077C;T15084C;A15099C;G15115C,ORF1b:V486L;ORF1b:P496T;ORF1b:R504*;ORF1b:D508V;ORF1b:S509A;ORF1b:L518L;ORF1b:F519L;ORF1b:Y537S;ORF1b:I539I;ORF1b:R544S;ORF1b:G550R,6,62,0.0967741935483871,0,
1222026,BA.2_0.05_abundance_0.05_0.2,A15270G;A15322T,ORF1b:E601E;ORF1b:N619Y,27,2039,0.013241785188818,0,
1222026,BA.2_0.05_abundance_0.05_0.2,A15322T;A15442C,ORF1b:N619Y;ORF1b:M659L,29,1897,0.0152872957301001,0,
1222026,BA.2_0.05_abundance_0.05_0.2,T15551G;A15564T;A15612C;C15631A;A15639C;G15644A;T15674C;C15714T;T15726C;A15740T;C15746A;T15756G;T15801A;T15815G;T15816C;T15817G;A15820T,ORF1b:V695G;ORF1b:L699F;ORF1b:Q715H;ORF1b:L722I;ORF1b:R724S;ORF1b:R726K;ORF1b:F736S;ORF1b:L749L;ORF1b:A753A;ORF1b:N758I;ORF1b:T760N;ORF1b:S763S;ORF1b:Y778*;ORF1b:V783G;ORF1b:V783V;ORF1b:F784V;ORF1b:M785L,241,3628,0.0664277839029768,0,
1222026,BA.2_0.05_abundance_0.05_0.2,T15551G;A15564T;A15612C;C15631A;A15639C;G15644A;T15674C;C15714T;T15726C;A15740T;C15746A;T15756G;T15801A;T15815G;T15816C;T15817G;A15820T;A15861G,ORF1b:V695G;ORF1b:L699F;ORF1b:Q715H;ORF1b:L722I;ORF1b:R724S;ORF1b:R726K;ORF1b:F736S;ORF1b:L749L;ORF1b:A753A;ORF1b:N758I;ORF1b:T760N;ORF1b:S763S;ORF1b:Y778*;ORF1b:V783G;ORF1b:V783V;ORF1b:F784V;ORF1b:M785L;ORF1b:K798K,5,106,0.0471698113207547,0,
1222026,BA.2_0.05_abundance_0.05_0.2,C15714T;T15786A,ORF1b:L749L;ORF1b:F773L,414,4054,0.1021213616181549,2,BA.2:1;BA.5.2.1:1
1222026,BA.2_0.05_abundance_0.05_0.2,A15861G;C15904T;T15927C;G15955T;G15995C;G16027T;T16029A;T16074A;A16105G;C16134A;T16147A;T16155C;G16158A,ORF1b:K798K;ORF1b:Q813*;ORF1b:L820L;ORF1b:G830W;ORF1b:G843A;ORF1b:A854S;ORF1b:A854A;ORF1b:A869A;ORF1b:R880G;ORF1b:H889Q;ORF1b:Y894N;ORF1b:V896V;ORF1b:M897I,34,686,0.0495626822157434,0,
1222026,BA.2_0.05_abundance_0.05_0.2,A15861G;C15904T;T15927C;G15955T;G15995C;G16027T;T16029A;T16074A;A16105G;C16134A;T16147A;T16155C;G16158A;A16172C,ORF1b:K798K;ORF1b:Q813*;ORF1b:L820L;ORF1b:G830W;ORF1b:G843A;ORF1b:A854S;ORF1b:A854A;ORF1b:A869A;ORF1b:R880G;ORF1b:H889Q;ORF1b:Y894N;ORF1b:V896V;ORF1b:M897I;ORF1b:N902T,15,233,0.0643776824034334,0,
1222026,BA.2_0.05_abundance_0.05_0.2,C15904T;T15927C;G15955T;G15995C;G16027T;T16029A;T16074A;A16105G;C16134A;T16147A;T16155C;G16158A;A16172C,ORF1b:Q813*;ORF1b:L820L;ORF1b:G830W;ORF1b:G843A;ORF1b:A854S;ORF1b:A854A;ORF1b:A869A;ORF1b:R880G;ORF1b:H889Q;ORF1b:Y894N;ORF1b:V896V;ORF1b:M897I;ORF1b:N902T,33,853,0.0386869871043376,0,
1222026,BA.2_0.05_abundance_0.05_0.2,C15904T;T15927C;G15955T;G15995C;G16027T;T16029A;T16074A;A16105G;C16134A;T16147A;T16155C;G16158A,ORF1b:Q813*;ORF1b:L820L;ORF1b:G830W;ORF1b:G843A;ORF1b:A854S;ORF1b:A854A;ORF1b:A869A;ORF1b:R880G;ORF1b:H889Q;ORF1b:Y894N;ORF1b:V896V;ORF1b:M897I,108,2587,0.0417471975260919,0,
1222026,BA.2_0.05_abundance_0.05_0.2,C15904T;T15927C;G15955T;G15995C;G16027T;T16029A;T16074A;A16105G;C16134A;T16147A;T16155C;G16158A;A16172C;A16179C,ORF1b:Q813*;ORF1b:L820L;ORF1b:G830W;ORF1b:G843A;ORF1b:A854S;ORF1b:A854A;ORF1b:A869A;ORF1b:R880G;ORF1b:H889Q;ORF1b:Y894N;ORF1b:V896V;ORF1b:M897I;ORF1b:N902T;ORF1b:S904S,7,214,0.0327102803738317,0,
1222026,BA.2_0.05_abundance_0.05_0.2,T16809C;A16819C;A16824T;G16855C;T16863C;T16884G;A16889C;A16895C;T16911A;T16926C;T16931G;C16952A;C16961T;C17028T;T17052A;A17063G;A17101G,ORF1b:S1114S;ORF1b:I1118L;ORF1b:G1119G;ORF1b:D1130H;ORF1b:V1132V;ORF1b:T1139T;ORF1b:K1141T;ORF1b:N1143T;ORF1b:F1148L;ORF1b:H1153H;ORF1b:V1155G;ORF1b:T1162K;ORF1b:P1165L;ORF1b:S1187S;ORF1b:V1195V;ORF1b:K1199R;ORF1b:S1212G,97,1666,0.0582232893157262,0,
1222026,BA.2_0.05_abundance_0.05_0.2,T16809C;A16819C;A16824T;G16855C;T16863C;T16884G;A16889C;A16895C;T16911A;T16926C;T16931G;C16952A;C16961T;C17028T;T17052A;A17063G;A17101G;G17117T;C17119T,ORF1b:S1114S;ORF1b:I1118L;ORF1b:G1119G;ORF1b:D1130H;ORF1b:V1132V;ORF1b:T1139T;ORF1b:K1141T;ORF1b:N1143T;ORF1b:F1148L;ORF1b:H1153H;ORF1b:V1155G;ORF1b:T1162K;ORF1b:P1165L;ORF1b:S1187S;ORF1b:V1195V;ORF1b:K1199R;ORF1b:S1212G;ORF1b:G1217V;ORF1b:L1218L,10,222,0.045045045045045,0,
1222026,BA.2_0.05_abundance_0.05_0.2,T16809C;A16819C;A16824T;G16855C;T16863C;T16884G;A16889C;A16895C;T16911A;T16926C;T16931G;C16952A;C16961T;C17028T;T17052A;A17063G;A17101G;G17117T,ORF1b:S1114S;ORF1b:I1118L;ORF1b:G1119G;ORF1b:D1130H;ORF1b:V1132V;ORF1b:T1139T;ORF1b:K1141T;ORF1b:N1143T;ORF1b:F1148L;ORF1b:H1153H;ORF1b:V1155G;ORF1b:T1162K;ORF1b:P1165L;ORF1b:S1187S;ORF1b:V1195V;ORF1b:K1199R;ORF1b:S1212G;ORF1b:G1217V,11,347,0.031700288184438,0,
1222026,BA.2_0.05_abundance_0.05_0.2,A17101G;G17117T;C17119T;T17126C;G17162A;T17166C;T17169A;A17199C;T17210C;T17255A;T17263A;A17270G;A17294G;A17300G;T17306C;G17320A;G17331A;A17332T;T17353A;G17359C;T17400G;C17410T,ORF1b:S1212G;ORF1b:G1217V;ORF1b:L1218L;ORF1b:L1220P;ORF1b:C1232Y;ORF1b:S1233S;ORF1b:H1234Q;ORF1b:A1244A;ORF1b:L1248S;ORF1b:V1263E;ORF1b:F1266I;ORF1b:K1268R;ORF1b:E1276G;ORF1b:Y1278C;ORF1b:F1280S;ORF1b:A1285T;ORF1b:E1288E;ORF1b:T1289S;ORF1b:F1296I;ORF1b:E1298Q;ORF1b:N1311K;ORF1b:R1315C,53,773,0.0685640362225097,0,
1222026,BA.2_0.05_abundance_0.05_0.2,A17101G;G17117T;C17119T;T17126C;G17162A;T17166C;T17169A;A17199C;T17210C;T17255A;T17263A;A17270G;A17294G;A17300G;T17306C;G17320A;G17331A;A17332T;T17353A;G17359C;T17400G,ORF1b:S1212G;ORF1b:G1217V;ORF1b:L1218L;ORF1b:L1220P;ORF1b:C1232Y;ORF1b:S1233S;ORF1b:H1234Q;ORF1b:A1244A;ORF1b:L1248S;ORF1b:V1263E;ORF1b:F1266I;ORF1b:K1268R;ORF1b:E1276G;ORF1b:Y1278C;ORF1b:F1280S;ORF1b:A1285T;ORF1b:E1288E;ORF1b:T1289S;ORF1b:F1296I;ORF1b:E1298Q;ORF1b:N1311K,30,1066,0.0281425891181988,0,
1222026,BA.2_0.05_abundance_0.05_0.2,A17101G;G17117T;C17119T;T17126C;G17162A;T17166C;T17169A;A17199C;T17210C;T17255A;T17263A;A17270G;A17294G;A17300G;T17306C;G17320A;G17331A;A17332T;T17353A;G17359C,ORF1b:S1212G;ORF1b:G1217V;ORF1b:L1218L;ORF1b:L1220P;ORF1b:C1232Y;ORF1b:S1233S;ORF1b:H1234Q;ORF1b:A1244A;ORF1b:L1248S;ORF1b:V1263E;ORF1b:F1266I;ORF1b:K1268R;ORF1b:E1276G;ORF1b:Y1278C;ORF1b:F1280S;ORF1b:A1285T;ORF1b:E1288E;ORF1b:T1289S;ORF1b:F1296I;ORF1b:E1298Q,12,1182,0.0101522842639593,0,
1222026,BA.2_0.05_abundance_0.05_0.2,G17117T;C17119T;T17126C;G17162A;T17166C;T17169A;A17199C;T17210C;T17255A;T17263A;A17270G;A17294G;A17300G;T17306C;G17320A;G17331A;A17332T;T17353A;G17359C;T17400G,ORF1b:G1217V;ORF1b:L1218L;ORF1b:L1220P;ORF1b:C1232Y;ORF1b:S1233S;ORF1b:H1234Q;ORF1b:A1244A;ORF1b:L1248S;ORF1b:V1263E;ORF1b:F1266I;ORF1b:K1268R;ORF1b:E1276G;ORF1b:Y1278C;ORF1b:F1280S;ORF1b:A1285T;ORF1b:E1288E;ORF1b:T1289S;ORF1b:F1296I;ORF1b:E1298Q;ORF1b:N1311K,56,2910,0.0192439862542955,0,
1222026,BA.2_0.05_abundance_0.05_0.2,G17117T;C17119T;T17126C;G17162A;T17166C;T17169A;A17199C;T17210C;T17255A;T17263A;A17270G;A17294G;A17300G;T17306C;G17320A;G17331A;A17332T;T17353A;G17359C;T17400G;C17410T,ORF1b:G1217V;ORF1b:L1218L;ORF1b:L1220P;ORF1b:C1232Y;ORF1b:S1233S;ORF1b:H1234Q;ORF1b:A1244A;ORF1b:L1248S;ORF1b:V1263E;ORF1b:F1266I;ORF1b:K1268R;ORF1b:E1276G;ORF1b:Y1278C;ORF1b:F1280S;ORF1b:A1285T;ORF1b:E1288E;ORF1b:T1289S;ORF1b:F1296I;ORF1b:E1298Q;ORF1b:N1311K;ORF1b:R1315C,96,2118,0.0453257790368272,0,
1222026,BA.2_0.05_abundance_0.05_0.2,T17224G;C17410T,ORF1b:C1253G;ORF1b:R1315C,387,2119,0.1826333176026427,0,
1222026,BA.2_0.05_abundance_0.05_0.2,A17737T;G17749C;G17753T;A17775T;A17791T;T17812A;G17815T;A17823G;A17853C;T17859A;A17889T;T17978C;A17984T,ORF1b:T1424S;ORF1b:A1428P;ORF1b:W1429L;ORF1b:S1436S;ORF1b:N1442Y;ORF1b:L1449M;ORF1b:G1450*;ORF1b:P1452P;ORF1b:S1462S;ORF1b:Y1464*;ORF1b:E1474D;ORF1b:L1504P;ORF1b:D1506V,32,1926,0.0166147455867082,0,
1222026,BA.2_0.05_abundance_0.05_0.2,G17749C;G17753T;A17775T;A17791T;T17812A;G17815T;A17823G;A17853C;T17859A;A17889T;T17978C;A17984T,ORF1b:A1428P;ORF1b:W1429L;ORF1b:S1436S;ORF1b:N1442Y;ORF1b:L1449M;ORF1b:G1450*;ORF1b:P1452P;ORF1b:S1462S;ORF1b:Y1464*;ORF1b:E1474D;ORF1b:L1504P;ORF1b:D1506V,128,1926,0.0664589823468328,0,
1222026,BA.2_0.05_abundance_0.05_0.2,G18951T;G18968A;A18969G;A18982G;T19016G;G19056A;A19073G;G19086A;T19110A;A19116G;A19123T;A19134G;T19139C;C19145T;T19146G;T19149C;A19210G;G19211T;A19212C;G19219A;C19227T;T19233A;T19241C;T19248G;C19255G,ORF1b:K1828N;ORF1b:R1834K;ORF1b:R1834R;ORF1b:M1839V;ORF1b:F1850C;ORF1b:K1863K;ORF1b:D1869G;ORF1b:K1873K;ORF1b:S1881R;ORF1b:K1883K;ORF1b:K1886*;ORF1b:E1889E;ORF1b:F1891S;ORF1b:S1893F;ORF1b:S1893S;ORF1b:Y1894Y;ORF1b:R1915G;ORF1b:R1915I;ORF1b:R1915S;ORF1b:A1918T;ORF1b:S1920S;ORF1b:V1922V;ORF1b:F1925S;ORF1b:T1927T;ORF1b:L1930V,7,234,0.0299145299145299,0,
1222026,BA.2_0.05_abundance_0.05_0.2,G18951T;G18968A;A18969G;A18982G;T19016G;G19056A;A19073G;G19086A;T19110A;A19116G;A19123T;A19134G;T19139C,ORF1b:K1828N;ORF1b:R1834K;ORF1b:R1834R;ORF1b:M1839V;ORF1b:F1850C;ORF1b:K1863K;ORF1b:D1869G;ORF1b:K1873K;ORF1b:S1881R;ORF1b:K1883K;ORF1b:K1886*;ORF1b:E1889E;ORF1b:F1891S,5,395,0.0126582278481012,0,
1222026,BA.2_0.05_abundance_0.05_0.2,G18951T;G18968A;A18969G;A18982G;T19016G;G19056A;A19073G;G19086A;T19110A;A19116G;A19123T;A19134G;T19139C;T19146G;T19149C;A19210G;G19211T;A19212C;G19219A;C19227T;T19233A;T19241C;T19248G;C19255G,ORF1b:K1828N;ORF1b:R1834K;ORF1b:R1834R;ORF1b:M1839V;ORF1b:F1850C;ORF1b:K1863K;ORF1b:D1869G;ORF1b:K1873K;ORF1b:S1881R;ORF1b:K1883K;ORF1b:K1886*;ORF1b:E1889E;ORF1b:F1891S;ORF1b:S1893S;ORF1b:Y1894Y;ORF1b:R1915G;ORF1b:R1915I;ORF1b:R1915S;ORF1b:A1918T;ORF1b:S1920S;ORF1b:V1922V;ORF1b:F1925S;ORF1b:T1927T;ORF1b:L1930V,6,234,0.0256410256410256,0,
1222026,BA.2_0.05_abundance_0.05_0.2,A19010C;C19145T,ORF1b:D1848A;ORF1b:S1893F,94,363,0.2589531680440771,0,
1222026,BA.2_0.05_abundance_0.05_0.2,A19010C;C19145T;C19164G,ORF1b:D1848A;ORF1b:S1893F;ORF1b:D1899E,39,363,0.1074380165289256,0,
1222026,BA.2_0.05_abundance_0.05_0.2,A19010C;C19164G,ORF1b:D1848A;ORF1b:D1899E,30,363,0.0826446280991735,0,
1222026,BA.2_0.05_abundance_0.05_0.2,T20201A;A20448C,ORF1b:F2245Y;ORF1b:K2327N,5,59,0.0847457627118644,0,
1222026,BA.2_0.05_abundance_0.05_0.2,G20548A;T20563A;T20570C;T20573G;T20579G;T20606G;T20609A;G20616T;G20618A;T20625G;C20629T;C20646A;T20671C;T20690G;G20691C;T20701G;A20711G;T20717A;T20723C;A20744T;A20766G;C20790T;A20796T;G20808C,ORF1b:D2361N;ORF1b:S2366T;ORF1b:V2368A;ORF1b:V2369G;ORF1b:V2371G;ORF1b:F2380C;ORF1b:M2381K;ORF1b:W2383C;ORF1b:C2384Y;ORF1b:D2386E;ORF1b:H2388Y;ORF1b:Y2393*;ORF1b:W2402R;ORF1b:M2408R;ORF1b:M2408I;ORF1b:Y2412D;ORF1b:Q2415R;ORF1b:M2417K;ORF1b:L2419S;ORF1b:N2426I;ORF1b:L2433L;ORF1b:V2441V;ORF1b:K2443N;ORF1b:L2447L,69,799,0.0863579474342928,0,
1222026,BA.2_0.05_abundance_0.05_0.2,G20548A;T20563A;T20570C;T20573G;T20579G;T20606G;T20609A;G20616T;G20618A;T20625G;C20629T;C20646A;T20671C;T20690G;G20691C;T20701G;A20711G,ORF1b:D2361N;ORF1b:S2366T;ORF1b:V2368A;ORF1b:V2369G;ORF1b:V2371G;ORF1b:F2380C;ORF1b:M2381K;ORF1b:W2383C;ORF1b:C2384Y;ORF1b:D2386E;ORF1b:H2388Y;ORF1b:Y2393*;ORF1b:W2402R;ORF1b:M2408R;ORF1b:M2408I;ORF1b:Y2412D;ORF1b:Q2415R,11,874,0.0125858123569794,0,
1222026,BA.2_0.05_abundance_0.05_0.2,T21702C;A21720T;T21756A;A21768C;G21795C;T21818C;C21840G;C21843A;A21858G;G21869C;G21873T;A21875G;C21904G;C21910T;A21913T;A21917T;A21923C;T21937C;C21962A;G21987A,S:V47A;S:D53V;S:F65Y;S:H69P;S:R78T;S:F86L;S:A93G;S:S94Y;S:N99S;S:G103R;S:W104L;S:I105V;S:T114T;S:S116S;S:L117L;S:I119F;S:N121H;S:N125N;S:Q134K;S:G142D,45,1012,0.0444664031620553,0,
1222026,BA.2_0.05_abundance_0.05_0.2,T21702C;A21720T;T21756A;A21768C;G21795C;T21818C;C21843A;A21858G;G21869C;G21873T;A21875G;C21904G;C21910T;A21913T;A21917T;A21923C;T21937C;C21962A;G21987A,S:V47A;S:D53V;S:F65Y;S:H69P;S:R78T;S:F86L;S:S94Y;S:N99S;S:G103R;S:W104L;S:I105V;S:T114T;S:S116S;S:L117L;S:I119F;S:N121H;S:N125N;S:Q134K;S:G142D,46,1012,0.0454545454545454,0,
1222026,BA.2_0.05_abundance_0.05_0.2,G21848A;G21987A,S:E96K;S:G142D,116,1027,0.112950340798442,7,BA.4:1;AY.103:1;BA.1.1:1;BA.1:1;BA.2:1;AY.5.3:1;AY.100:1
1222026,BA.2_0.05_abundance_0.05_0.2,A22053T;T22200G,S:N164I;S:V213G,25,449,0.0556792873051225,55,BQ.1.1.5:12;BA.5.2.1:13;BE.1:18;BA.5.2:1;BN.2:1;BF.5:1;BE.1.1:1;BA.2:1;BA.5.1.6:6;BA.5.5:1
1222026,BA.2_0.05_abundance_0.05_0.2,A22053T;T22138G;T22200G,S:N164I;S:F192L;S:V213G,6,449,0.0133630289532293,0,
1222026,BA.2_0.05_abundance_0.05_0.2,T22138G;T22200G,S:F192L;S:V213G,105,449,0.2338530066815144,0,
1222026,BA.2_0.05_abundance_0.05_0.2,T22660A;C22674T;T22679C;C22686T;A22688G;A22786C;G22813T,S:S366S;S:S371F;S:S373P;S:S375F;S:T376A;S:R408S;S:K417N,17,129,0.1317829457364341,39,BA.5.2.1:11;BF.26:1;BA.2:9;BA.2.12.1:1;BA.5.2:7;BA.4.6:1;BA.2.46:2;BA.2.38.2:2;BA.2.3.8:1;BA.4.1:1;BQ.1.1:2;CH.1.1:1
1222026,BA.2_0.05_abundance_0.05_0.2,T23335G;A23403G,S:S591S;S:D614G,413,522,0.7911877394636015,61,BA.2.9:6;AY.4:1;BA.4.6:1;BA.2:2;BQ.1.1.28:11;B.1.1.7:5;BF.28:2;B.1.617.2:1;B.1.621:1;AY.122:1;AY.9:1;B.1:4;B.1.234:1;AY.45:5;AY.103:3;BF.15:4;BA.5.1.21:1;R.1:2;A.2.5:1;BA.5.6:1;P.1:2;BA.2.12.1:1;BQ.1.1:1;BA.2.38:1;BA.4.6.3:1;AY.4.2.2:1
1222026,BA.2_0.05_abundance_0.05_0.2,G23499T;T23507A;C23530T;A23534C;T23540G;A23566C;A23570G;A23588T;T23599G;C23604A;G23628A;A23665C;A23670C;G23675A;T23680G;A23696G;A23760C;A23772G,S:R646L;S:C649S;S:V656V;S:N658H;S:Y660D;S:A668A;S:I670V;S:T676S;S:N679K;S:P681H;S:S689N;S:A701A;S:N703T;S:V705I;S:A706A;S:I712V;S:K733T;S:D737G,45,944,0.0476694915254237,0,
1222026,BA.2_0.05_abundance_0.05_0.2,G23499T;T23507A;C23530T;A23534C;T23540G;A23566C;A23570G;A23588T;T23599G;C23604A;G23628A;A23665C;A23670C;G23675A;T23680G;A23696G;A23760C;A23772G;C23809T;A23810C,S:R646L;S:C649S;S:V656V;S:N658H;S:Y660D;S:A668A;S:I670V;S:T676S;S:N679K;S:P681H;S:S689N;S:A701A;S:N703T;S:V705I;S:A706A;S:I712V;S:K733T;S:D737G;S:C749C;S:S750R,22,254,0.0866141732283464,0,
1222026,BA.2_0.05_abundance_0.05_0.2,G23868C;G23948T,S:G769A;S:D796Y,115,767,0.1499348109517601,100,BF.10:2;BQ.1.15:1;BA.5.2.1:4;BA.2:15;BA.2.75.3:1;BA.5.5:4;BA.1.1:4;BA.5.2:2;BA.1.17.2:23;BQ.1.1.17:1;BA.2.38.2:1;BA.2.68:3;BA.4.6.1:2;BQ.1.1.8:10;BA.1.18:1;BA.1:2;BA.4.6:8;BA.2.9:10;BA.2.12.1:2;BQ.1.1.18:1;BA.5.1:3
1222026,BA.2_0.05_abundance_0.05_0.2,C24198T;T24249G;A24424T,S:A879V;S:I896R;S:Q954H,23,369,0.062330623306233,0,
1222026,BA.2_0.05_abundance_0.05_0.2,C24198T;T24249G,S:A879V;S:I896R,19,568,0.0334507042253521,0,
1222026,BA.2_0.05_abundance_0.05_0.2,T24249G;A24424T,S:I896R;S:Q954H,59,370,0.1594594594594594,0,
1222026,BA.2_0.05_abundance_0.05_0.2,C24477G;C24639G,S:A972G;S:A1026G,19,37,0.5135135135135135,0,
1222026,BA.2_0.05_abundance_0.05_0.2,G24740C;G24757C;C24801G;A24820T;T24829A;A24860G;A24874C;C24878G;T24887G;A24894G;T24906G;G24933A;A24950G;T24951G;C24964G;C24986T;C25000T,S:V1060L;S:V1065V;S:A1080G;S:K1086N;S:F1089L;S:T1100A;S:V1104V;S:Q1106E;S:F1109V;S:E1111G;S:I1115S;S:G1124D;S:I1130V;S:I1130R;S:N1134K;S:Q1142*;S:D1146D,50,2923,0.0171057133082449,0,
1222026,BA.2_0.05_abundance_0.05_0.2,G24740C;G24757C;C24801G;A24820T;T24829A;A24860G;A24874C;C24878G;T24887G;A24894G;T24906G;G24933A;A24950G;T24951G;C24964G;C24986T;C25000T;T25030A,S:V1060L;S:V1065V;S:A1080G;S:K1086N;S:F1089L;S:T1100A;S:V1104V;S:Q1106E;S:F1109V;S:E1111G;S:I1115S;S:G1124D;S:I1130V;S:I1130R;S:N1134K;S:Q1142*;S:D1146D;S:F1156L,193,2334,0.0826906598114824,0,
1222026,BA.2_0.05_abundance_0.05_0.2,G25311T;T25319C;G25331T;T25343C;A25360C;A25367G;T25414C;T25461A;A25462C;C25584T,S:C1250F;S:C1253R;S:D1257Y;S:S1261P;S:K1266N;S:K1269E;ORF3a:F8L;ORF3a:A23A;ORF3a:T24P;ORF3a:T64T,17,399,0.0426065162907268,0,
1222026,BA.2_0.05_abundance_0.05_0.2,G25311T;T25319C;G25331T;T25343C;A25360C;A25367G;T25414C;T25461A;A25462C;C25584T;T25633A,S:C1250F;S:C1253R;S:D1257Y;S:S1261P;S:K1266N;S:K1269E;ORF3a:F8L;ORF3a:A23A;ORF3a:T24P;ORF3a:T64T;ORF3a:C81S,12,208,0.0576923076923076,0,
1222026,BA.2_0.05_abundance_0.05_0.2,T25319C;G25331T;T25343C;A25360C;A25367G;T25414C;T25461A;A25462C;C25584T,S:C1253R;S:D1257Y;S:S1261P;S:K1266N;S:K1269E;ORF3a:F8L;ORF3a:A23A;ORF3a:T24P;ORF3a:T64T,39,1425,0.0273684210526315,0,
1222026,BA.2_0.05_abundance_0.05_0.2,T25319C;G25331T;T25343C;A25360C;A25367G;T25414C;T25461A;A25462C;C25584T;T25633A,S:C1253R;S:D1257Y;S:S1261P;S:K1266N;S:K1269E;ORF3a:F8L;ORF3a:A23A;ORF3a:T24P;ORF3a:T64T;ORF3a:C81S,34,708,0.0480225988700565,0,
1222026,BA.2_0.05_abundance_0.05_0.2,G25331T;T25343C;A25360C;A25367G;T25414C;T25461A;A25462C;C25584T;T25633A,S:D1257Y;S:S1261P;S:K1266N;S:K1269E;ORF3a:F8L;ORF3a:A23A;ORF3a:T24P;ORF3a:T64T;ORF3a:C81S,25,1026,0.0243664717348927,0,
1222026,BA.2_0.05_abundance_0.05_0.2,G25331T;T25343C;A25360C;A25367G;T25414C;T25461A;A25462C;C25584T,S:D1257Y;S:S1261P;S:K1266N;S:K1269E;ORF3a:F8L;ORF3a:A23A;ORF3a:T24P;ORF3a:T64T,28,2069,0.0135331077815369,0,
1222026,BA.2_0.05_abundance_0.05_0.2,C26270T;G26363A,E:T9I;E:C40Y,164,416,0.3942307692307692,1,BA.2:1
1222026,BA.2_0.05_abundance_0.05_0.2,C26270T;C26309G;G26314C;T26355C;C26376G;A26380C;T26409G;C26421G;A26472T;T26524A;A26541C,E:T9I;E:A22G;E:V24L;E:L37L;E:C44W;E:I46L;E:S55S;E:Y59*;E:*76TyrexX;M:MX;M:T7P,6,339,0.0176991150442477,0,
1222026,BA.2_0.05_abundance_0.05_0.2,C26270T;C26309G;G26314C;T26355C;G26363A;C26376G;A26380C;T26409G;C26421G;A26472T;T26524A;A26541C,E:T9I;E:A22G;E:V24L;E:L37L;E:C40Y;E:C44W;E:I46L;E:S55S;E:Y59*;E:*76TyrexX;M:MX;M:T7P,16,339,0.0471976401179941,0,
1222026,BA.2_0.05_abundance_0.05_0.2,C26577G;T26658C;G26709A;C26858T,M:Q19E;M:L46L;M:A63T;M:F112F,1225,5863,0.2089374040593553,3,BA.2:2;BA.2.3:1
1222026,BA.2_0.05_abundance_0.05_0.2,C26577G;T26658C;G26709A,M:Q19E;M:L46L;M:A63T,189,6662,0.0283698589012308,47,BA.1.1.1:25;BA.1.1:12;BA.2:2;BA.2.3:1;BA.5.6:1;BA.1.17.2:1;BA.1.15:2;BA.5.2.1:3
1222026,BA.2_0.05_abundance_0.05_0.2,C27208A;G27225T;A27246C;A27259C;G27261C;C27263T;G27281A;T27291G;T27296G;A27317T;A27321C;G27327T;T27328G;A27359G;A27372G;G27382C;A27383T;T27384C;A27399G;G27420A;C27427A;G27430T;C27434A;T27483G;A27491T,ORF6:H3N;ORF6:Q8H;ORF6:L15F;ORF6:R20R;ORF6:R20S;ORF6:T21I;ORF6:W27*;ORF6:D30E;ORF6:I32S;ORF6:N39I;ORF6:L40F;ORF6:K42N;ORF6:S43A;ORF6:D53G;ORF6:P57P;ORF6:D61H;ORF6:D61V;ORF6:D61D;ORF7a:K2K;ORF7a:L9L;ORF7a:L12I;ORF7a:A13S;ORF7a:T14N;ORF7a:L30L;ORF7a:E33V,68,3144,0.0216284987277353,0,
1222026,BA.2_0.05_abundance_0.05_0.2,C27208A;G27225T;A27246C;A27259C;G27261C;C27263T;G27281A;T27291G;T27296G;A27317T;A27321C;G27327T;T27328G;A27359G;A27372G;G27382C;A27383T;T27384C;A27399G;G27420A;C27427A;G27430T;C27434A;T27483G;A27491T;C27494A,ORF6:H3N;ORF6:Q8H;ORF6:L15F;ORF6:R20R;ORF6:R20S;ORF6:T21I;ORF6:W27*;ORF6:D30E;ORF6:I32S;ORF6:N39I;ORF6:L40F;ORF6:K42N;ORF6:S43A;ORF6:D53G;ORF6:P57P;ORF6:D61H;ORF6:D61V;ORF6:D61D;ORF7a:K2K;ORF7a:L9L;ORF7a:L12I;ORF7a:A13S;ORF7a:T14N;ORF7a:L30L;ORF7a:E33V;ORF7a:P34H,107,1984,0.0539314516129032,0,
1222026,BA.2_0.05_abundance_0.05_0.2,C27208A;G27225T;A27246C;A27259C;G27261C;C27263T;G27281A;T27291G;T27296G;A27317T;A27321C;G27327T;T27328G;A27359G;A27372G;G27382C;A27383T;T27384C;A27399G;G27420A;C27427A;G27430T;C27434A;T27483G,ORF6:H3N;ORF6:Q8H;ORF6:L15F;ORF6:R20R;ORF6:R20S;ORF6:T21I;ORF6:W27*;ORF6:D30E;ORF6:I32S;ORF6:N39I;ORF6:L40F;ORF6:K42N;ORF6:S43A;ORF6:D53G;ORF6:P57P;ORF6:D61H;ORF6:D61V;ORF6:D61D;ORF7a:K2K;ORF7a:L9L;ORF7a:L12I;ORF7a:A13S;ORF7a:T14N;ORF7a:L30L,65,4214,0.0154247745609871,0,
1222026,BA.2_0.05_abundance_0.05_0.2,C27208A;G27225T;A27246C;A27259C;G27261C;C27263T;G27281A;T27291G;T27296G;A27317T;A27321C;G27327T;T27328G;A27359G;A27372G;G27382C;A27383T;T27384C;A27397C;A27399G;G27420A;C27427A;G27430T;C27434A;T27483G;A27491T;C27494A,ORF6:H3N;ORF6:Q8H;ORF6:L15F;ORF6:R20R;ORF6:R20S;ORF6:T21I;ORF6:W27*;ORF6:D30E;ORF6:I32S;ORF6:N39I;ORF6:L40F;ORF6:K42N;ORF6:S43A;ORF6:D53G;ORF6:P57P;ORF6:D61H;ORF6:D61V;ORF6:D61D;ORF7a:K2Q;ORF7a:K2K;ORF7a:L9L;ORF7a:L12I;ORF7a:A13S;ORF7a:T14N;ORF7a:L30L;ORF7a:E33V;ORF7a:P34H,22,1984,0.0110887096774193,0,
1222026,BA.2_0.05_abundance_0.05_0.2,A27259C;G27382C;A27383T;T27384C;A27397C,ORF6:R20R;ORF6:D61H;ORF6:D61V;ORF6:D61D;ORF7a:K2Q,544,4768,0.1140939597315436,44,BA.2.10.3:1;BA.2:25;BA.2.19:2;XBB.1:1;BA.4:2;BA.2.9:2;BA.2.42:1;BA.2.65:1;BA.2.5:1;BA.2.6:1;BA.2.76:1;BA.2.18:1;BA.2.12.1:3;BA.2.7:1;BA.4.1:1
1222026,BA.2_0.05_abundance_0.05_0.2,A27961C;T28082C,ORF8:Q23P;ORF8:D63D,240,805,0.2981366459627329,0,
1222026,BA.2_0.05_abundance_0.05_0.2,C28311T;T28393C,N:P13L;N:R40R,698,2280,0.306140350877193,573,BA.2.9:6;BA.2.12.1:14;BA.2.75.1:1;BC.1:1;BA.4.1:2;BQ.1.1.22:1;BQ.1.1:75;BA.2:80;BA.1.16:16;BA.4.6:5;BA.5.2.26:1;BA.1.17:14;BA.1.17.2:19;BA.5.1:7;BE.3:19;BA.1.1:133;BA.2.75:7;BA.4:8;BQ.1.16:1;BA.5.2:25;BA.2.10:1;BA.4.4:1;BQ.1.9:2;BA.2.3.13:5;BQ.1.1.1:6;BA.5.2.1:23;BQ.1.1.6:14;BA.1:9;B.1.617.2:1;CM.4:1;BA.1.1.2:2;BA.5.2.21:5;BE.1.1:3;XM:1;BF.7:1;BQ.1.1.18:2;BA.5:12;BA.2.3:1;BA.2.76:1;BA.1.1.18:2;BE.1.1.1:2;BA.1.20:1;BQ.1.11:3;BF.27:2;BA.2.23:4;BA.2.29:2;BF.5:9;BA.5.1.22:1;BA.2.68:1;BA.1.1.1:1;XBB.1:3;BQ.1.1.3:1;BA.1.15:4;BQ.1.2:1;DF.1:1;BA.5.1.23:3;BF.14:1;BQ.1.1.13:1;BF.21:1;BQ.1.23:1;BA.5.1.7:1;BA.2.7:1
1222026,BA.2_0.05_abundance_0.05_0.2,A28446G;C28491A;C28500T;G28514T;T28524C;T28529G;A28547T;G28548C;T28561A;G28625T;A28652G;A28692C;A28709C,N:Q58R;N:P73Q;N:T76I;N:D81Y;N:I84T;N:Y86D;N:R92*;N:R92T;N:G96G;N:E118*;N:K127E;N:N140T;N:I146L,16,349,0.0458452722063037,0,
1222026,BA.2_0.05_abundance_0.05_0.2,A28446G;C28491A;C28500T;G28514T;T28524C;T28529G;A28547T;G28548C;T28561A;A28652G;A28692C;A28709C,N:Q58R;N:P73Q;N:T76I;N:D81Y;N:I84T;N:Y86D;N:R92*;N:R92T;N:G96G;N:K127E;N:N140T;N:I146L,15,349,0.0429799426934097,0,
1222026,BA.2_0.05_abundance_0.05_0.2,G28625T;G28643T,N:E118*;N:G124C,29,351,0.0826210826210826,1,BA.2:1
1222026,BA.2_0.05_abundance_0.05_0.2,A29016T;G29030T;T29036G;C29048G;G29058T;A29078G;A29089G;C29091A;C29118G;G29156A;C29187A;T29194G;G29202A;G29240C;A29241G;G29254T;C29259T;T29264A;T29293G;C29304G;A29313C;C29318A;A29319T;C29330G;T29335A,N:K248M;N:E253*;N:S255A;N:R259G;N:R262L;N:N269D;N:Q272Q;N:A273D;N:T282S;N:G295R;N:A305E;N:F307L;N:S310N;N:E323Q;N:E323G;N:S327S;N:T329M;N:L331M;N:D340E;N:P344R;N:K347T;N:Q349K;N:Q349L;N:L353V;N:N354K,18,205,0.0878048780487804,0,
1222026,BA.2_0.05_abundance_0.05_0.2,G29030T;T29036G;C29048G;G29058T;A29078G;A29089G;C29091A;C29118G;G29156A;C29187A;T29194G;G29202A;G29240C;A29241G;G29254T;C29259T;T29264A;T29293G;C29304G;A29313C;C29318A;A29319T;C29330G;T29335A,N:E253*;N:S255A;N:R259G;N:R262L;N:N269D;N:Q272Q;N:A273D;N:T282S;N:G295R;N:A305E;N:F307L;N:S310N;N:E323Q;N:E323G;N:S327S;N:T329M;N:L331M;N:D340E;N:P344R;N:K347T;N:Q349K;N:Q349L;N:L353V;N:N354K,78,1355,0.0575645756457564,0,
1222026,BA.2_0.05_abundance_0.05_0.2,G29030T;T29036G;C29048G;G29058T;A29078G;A29089G;C29091A;C29118G;G29156A;C29187A;T29194G;G29202A;G29240C;A29241G;G29254T;C29259T;T29264A;T29293G;C29304G;A29313C;C29318A;A29319T;C29330G,N:E253*;N:S255A;N:R259G;N:R262L;N:N269D;N:Q272Q;N:A273D;N:T282S;N:G295R;N:A305E;N:F307L;N:S310N;N:E323Q;N:E323G;N:S327S;N:T329M;N:L331M;N:D340E;N:P344R;N:K347T;N:Q349K;N:Q349L;N:L353V,17,1673,0.0101613867304243,0,
1292026,BA.2_0.05_abundance_0.05_0.2,G269C;A297C;C307A;T312A;T334C;C344T;G353C;G359T;T369G,ORF1a:E2Q;ORF1a:K11T;ORF1a:V14V;ORF1a:L16H;ORF1a:V23V;ORF1a:L27F;ORF1a:G30R;ORF1a:G32*;ORF1a:V35G,29,298,0.0973154362416107,0,
1292026,BA.2_0.05_abundance_0.05_0.2,G269C;A297C;C307A;T312A;T334C;C344T;G353C;G359T,ORF1a:E2Q;ORF1a:K11T;ORF1a:V14V;ORF1a:L16H;ORF1a:V23V;ORF1a:L27F;ORF1a:G30R;ORF1a:G32*,12,449,0.0267260579064587,0,
1292026,BA.2_0.05_abundance_0.05_0.2,C344T;G353C;G359T;T369G;C449T;G470T;G483C;G524T;G542T;A552C;G564C;T580G;C609T;A610C;G636A;A647C;A655T;T658C;T670G,ORF1a:L27F;ORF1a:G30R;ORF1a:G32*;ORF1a:V35G;ORF1a:P62S;ORF1a:V69L;ORF1a:R73P;ORF1a:E87*;ORF1a:E93*;ORF1a:Q96P;ORF1a:S100T;ORF1a:G105G;ORF1a:P115L;ORF1a:P115P;ORF1a:R124H;ORF1a:N128H;ORF1a:G130G;ORF1a:A131A;ORF1a:S135R,7,194,0.0360824742268041,0,
1292026,BA.2_0.05_abundance_0.05_0.2,C344T;G353C;G359T;T369G;C449T;G470T;G483C;G524T;G542T;G564C;T580G;C609T;A610C;G636A;A647C;A655T;T658C;T670G,ORF1a:L27F;ORF1a:G30R;ORF1a:G32*;ORF1a:V35G;ORF1a:P62S;ORF1a:V69L;ORF1a:R73P;ORF1a:E87*;ORF1a:E93*;ORF1a:S100T;ORF1a:G105G;ORF1a:P115L;ORF1a:P115P;ORF1a:R124H;ORF1a:N128H;ORF1a:G130G;ORF1a:A131A;ORF1a:S135R,6,194,0.0309278350515463,0,
1292026,BA.2_0.05_abundance_0.05_0.2,G353C;G359T;T369G;C449T;G470T;G483C;G524T;G542T;G564C;T580G;C609T;A610C;G636A;A647C;A655T;T658C;T670G,ORF1a:G30R;ORF1a:G32*;ORF1a:V35G;ORF1a:P62S;ORF1a:V69L;ORF1a:R73P;ORF1a:E87*;ORF1a:E93*;ORF1a:S100T;ORF1a:G105G;ORF1a:P115L;ORF1a:P115P;ORF1a:R124H;ORF1a:N128H;ORF1a:G130G;ORF1a:A131A;ORF1a:S135R,27,682,0.0395894428152492,0,
1292026,BA.2_0.05_abundance_0.05_0.2,G353C;G359T;T369G;C449T;G470T;G483C;G524T;G542T;A552C;G564C;T580G;C609T;A610C;G636A;A647C;A655T;T658C;T670G,ORF1a:G30R;ORF1a:G32*;ORF1a:V35G;ORF1a:P62S;ORF1a:V69L;ORF1a:R73P;ORF1a:E87*;ORF1a:E93*;ORF1a:Q96P;ORF1a:S100T;ORF1a:G105G;ORF1a:P115L;ORF1a:P115P;ORF1a:R124H;ORF1a:N128H;ORF1a:G130G;ORF1a:A131A;ORF1a:S135R,17,682,0.0249266862170087,0,
1292026,BA.2_0.05_abundance_0.05_0.2,G359T;T369G;C449T;G470T;G483C;G524T;G542T;A552C;G564C;T580G;C609T;A610C;G636A;A647C;A655T;T658C;T670G,ORF1a:G32*;ORF1a:V35G;ORF1a:P62S;ORF1a:V69L;ORF1a:R73P;ORF1a:E87*;ORF1a:E93*;ORF1a:Q96P;ORF1a:S100T;ORF1a:G105G;ORF1a:P115L;ORF1a:P115P;ORF1a:R124H;ORF1a:N128H;ORF1a:G130G;ORF1a:A131A;ORF1a:S135R,38,1834,0.0207197382769901,0,
1292026,BA.2_0.05_abundance_0.05_0.2,G359T;T369G;C449T;G470T;G483C;G524T;G542T;G564C;T580G;C609T;A610C;G636A;A647C;A655T;T658C;T670G,ORF1a:G32*;ORF1a:V35G;ORF1a:P62S;ORF1a:V69L;ORF1a:R73P;ORF1a:E87*;ORF1a:E93*;ORF1a:S100T;ORF1a:G105G;ORF1a:P115L;ORF1a:P115P;ORF1a:R124H;ORF1a:N128H;ORF1a:G130G;ORF1a:A131A;ORF1a:S135R,52,1834,0.0283533260632497,0,
1292026,BA.2_0.05_abundance_0.05_0.2,T369G;C449T;G470T;G483C;G524T;G542T;A552C;G564C;T580G;C609T;A610C;G636A;A647C;A655T;T658C;T670G,ORF1a:V35G;ORF1a:P62S;ORF1a:V69L;ORF1a:R73P;ORF1a:E87*;ORF1a:E93*;ORF1a:Q96P;ORF1a:S100T;ORF1a:G105G;ORF1a:P115L;ORF1a:P115P;ORF1a:R124H;ORF1a:N128H;ORF1a:G130G;ORF1a:A131A;ORF1a:S135R,57,3061,0.0186213655668082,0,
1292026,BA.2_0.05_abundance_0.05_0.2,T369G;C449T;G470T;G483C;G524T;G542T;G564C;T580G;C609T;A610C;G636A;A647C;A655T;T658C;T670G,ORF1a:V35G;ORF1a:P62S;ORF1a:V69L;ORF1a:R73P;ORF1a:E87*;ORF1a:E93*;ORF1a:S100T;ORF1a:G105G;ORF1a:P115L;ORF1a:P115P;ORF1a:R124H;ORF1a:N128H;ORF1a:G130G;ORF1a:A131A;ORF1a:S135R,49,3061,0.0160078405749754,0,
1292026,BA.2_0.05_abundance_0.05_0.2,A552C;T670G,ORF1a:Q96P;ORF1a:S135R,1067,3062,0.3484650555192684,15,BA.2.76:1;BA.5.2.1:3;BA.2:8;BA.5.1:1;BA.2.9:1;BA.5.1.3:1
1292026,BA.2_0.05_abundance_0.05_0.2,T670G;G779T,ORF1a:S135R;ORF1a:E172*,30,219,0.136986301369863,0,
1292026,BA.2_0.05_abundance_0.05_0.2,T670G;A730T,ORF1a:S135R;ORF1a:E155D,44,219,0.2009132420091324,6,BA.4.6.5:4;BA.2.3.1:2
1292026,BA.2_0.05_abundance_0.05_0.2,T670G;G713C,ORF1a:S135R;ORF1a:G150R,5,219,0.0228310502283105,0,
1292026,BA.2_0.05_abundance_0.05_0.2,A730T;G779T,ORF1a:E155D;ORF1a:E172*,44,1977,0.0222559433485078,0,
1292026,BA.2_0.05_abundance_0.05_0.2,T1623A;C1628A;A1629T;A1644G;A1646C;A1731C;T1745C;G1782C;G1784C;G1827A;A1829G;A1849T;A1852T;C1878G;G1883A,ORF1a:I453K;ORF1a:Q455K;ORF1a:Q455L;ORF1a:N460S;ORF1a:I461L;ORF1a:E489A;ORF1a:L494L;ORF1a:C506S;ORF1a:G507R;ORF1a:W521*;ORF1a:N522D;ORF1a:S528S;ORF1a:I529I;ORF1a:S538*;ORF1a:A540T,242,2913,0.0830758668039821,0,
1292026,BA.2_0.05_abundance_0.05_0.2,T2047C;A2071C,ORF1a:N594N;ORF1a:T602T,29,324,0.0895061728395061,0,
1292026,BA.2_0.05_abundance_0.05_0.2,C2245T;T2307A;A2345T;A2367G;C2371A;A2430G;A2437C;G2447T;A2452T;C2453A;A2483G;G2494A;A2543T,ORF1a:V660V;ORF1a:L681H;ORF1a:I694F;ORF1a:K701R;ORF1a:A702A;ORF1a:K722R;ORF1a:R724S;ORF1a:G728C;ORF1a:L729L;ORF1a:L730I;ORF1a:I740V;ORF1a:E743E;ORF1a:T760S,34,590,0.0576271186440678,0,
1292026,BA.2_0.05_abundance_0.05_0.2,C2245T;T2307A;A2345T;A2367G;C2371A;A2430G;A2437C;G2447T;A2452T;C2453A;A2483G;G2494A;A2543T;A2554T,ORF1a:V660V;ORF1a:L681H;ORF1a:I694F;ORF1a:K701R;ORF1a:A702A;ORF1a:K722R;ORF1a:R724S;ORF1a:G728C;ORF1a:L729L;ORF1a:L730I;ORF1a:I740V;ORF1a:E743E;ORF1a:T760S;ORF1a:L763F,19,244,0.0778688524590164,0,
1292026,BA.2_0.05_abundance_0.05_0.2,C2245T;T2307A;A2345T;A2367G;C2371A;A2430G;A2437C;G2447T;A2452T;C2453A;A2483G;G2494A,ORF1a:V660V;ORF1a:L681H;ORF1a:I694F;ORF1a:K701R;ORF1a:A702A;ORF1a:K722R;ORF1a:R724S;ORF1a:G728C;ORF1a:L729L;ORF1a:L730I;ORF1a:I740V;ORF1a:E743E,9,670,0.0134328358208955,0,
1292026,BA.2_0.05_abundance_0.05_0.2,A3180C;A3186G;G3239C;T3265C;A3273G;A3277T;G3320A;A3341C;G3345C;A3357C;A3374C;A3381C;G3410C;C3426T;A3428T,ORF1a:E972A;ORF1a:E974G;ORF1a:D992H;ORF1a:T1000T;ORF1a:Q1003R;ORF1a:T1004T;ORF1a:V1019I;ORF1a:N1026H;ORF1a:S1027T;ORF1a:Y1031S;ORF1a:N1037H;ORF1a:Y1039S;ORF1a:A1049P;ORF1a:P1054L;ORF1a:T1055S,12,111,0.1081081081081081,0,
1292026,BA.2_0.05_abundance_0.05_0.2,A3186G;G3239C;T3265C;A3273G;A3277T;G3320A;A3341C;G3345C;A3357C;A3374C;A3381C;G3410C;C3426T;A3428T,ORF1a:E974G;ORF1a:D992H;ORF1a:T1000T;ORF1a:Q1003R;ORF1a:T1004T;ORF1a:V1019I;ORF1a:N1026H;ORF1a:S1027T;ORF1a:Y1031S;ORF1a:N1037H;ORF1a:Y1039S;ORF1a:A1049P;ORF1a:P1054L;ORF1a:T1055S,16,295,0.0542372881355932,0,
1292026,BA.2_0.05_abundance_0.05_0.2,G3824A;T3826C;T3827A;T3837A;T3843A;G3863C;A3895T;T3952A;T3981C;C3984T;A3989C;T4023A;A4034G;T4054G;A4079G;C4113G,ORF1a:V1187I;ORF1a:V1187V;ORF1a:S1188T;ORF1a:L1191*;ORF1a:M1193K;ORF1a:E1200Q;ORF1a:E1210D;ORF1a:D1229E;ORF1a:V1239A;ORF1a:T1240I;ORF1a:T1242P;ORF1a:L1253*;ORF1a:I1257V;ORF1a:L1263L;ORF1a:S1272G;ORF1a:A1283G,95,1500,0.0633333333333333,0,
1292026,BA.2_0.05_abundance_0.05_0.2,G3824A;T3826C;T3827A;T3837A;T3843A;G3863C;A3895T;T3952A;T3981C;C3984T;A3989C;T4023A;A4034G;T4054G;A4079G,ORF1a:V1187I;ORF1a:V1187V;ORF1a:S1188T;ORF1a:L1191*;ORF1a:M1193K;ORF1a:E1200Q;ORF1a:E1210D;ORF1a:D1229E;ORF1a:V1239A;ORF1a:T1240I;ORF1a:T1242P;ORF1a:L1253*;ORF1a:I1257V;ORF1a:L1263L;ORF1a:S1272G,20,1682,0.0118906064209274,0,
1292026,BA.2_0.05_abundance_0.05_0.2,G3824A;T3826C;T3827A;T3837A;T3843A;G3863C;A3895T;T3952A;T3981C;C3984T;A3989C;T4023A;A4034G;T4054G;A4079G;C4113G;G4130C,ORF1a:V1187I;ORF1a:V1187V;ORF1a:S1188T;ORF1a:L1191*;ORF1a:M1193K;ORF1a:E1200Q;ORF1a:E1210D;ORF1a:D1229E;ORF1a:V1239A;ORF1a:T1240I;ORF1a:T1242P;ORF1a:L1253*;ORF1a:I1257V;ORF1a:L1263L;ORF1a:S1272G;ORF1a:A1283G;ORF1a:D1289H,28,304,0.0921052631578947,0,
1292026,BA.2_0.05_abundance_0.05_0.2,T4329C;C4338A;T4365C;G4432T;A4451C;C4499A;T4530G;A4588C;G4592C;C4596G;A4604T;A4607G;T4608C;A4645T,ORF1a:I1355T;ORF1a:S1358Y;ORF1a:I1367T;ORF1a:M1389I;ORF1a:K1396Q;ORF1a:Q1412K;ORF1a:F1422C;ORF1a:L1441L;ORF1a:E1443Q;ORF1a:T1444S;ORF1a:T1447S;ORF1a:M1448V;ORF1a:M1448T;ORF1a:E1460D,24,279,0.086021505376344,0,
1292026,BA.2_0.05_abundance_0.05_0.2,T4329C;C4338A;T4365C;G4432T;A4451C;C4499A;T4530G;A4588C;G4592C;C4596G;A4604T;A4607G;T4608C,ORF1a:I1355T;ORF1a:S1358Y;ORF1a:I1367T;ORF1a:M1389I;ORF1a:K1396Q;ORF1a:Q1412K;ORF1a:F1422C;ORF1a:L1441L;ORF1a:E1443Q;ORF1a:T1444S;ORF1a:T1447S;ORF1a:M1448V;ORF1a:M1448T,6,304,0.0197368421052631,0,
1292026,BA.2_0.05_abundance_0.05_0.2,C4338A;T4365C;G4432T;A4451C;C4499A;T4530G;A4588C;G4592C;C4596G;A4604T;A4607G;T4608C;A4645T;T4660G,ORF1a:S1358Y;ORF1a:I1367T;ORF1a:M1389I;ORF1a:K1396Q;ORF1a:Q1412K;ORF1a:F1422C;ORF1a:L1441L;ORF1a:E1443Q;ORF1a:T1444S;ORF1a:T1447S;ORF1a:M1448V;ORF1a:M1448T;ORF1a:E1460D;ORF1a:Y1465*,9,213,0.0422535211267605,0,
1292026,BA.2_0.05_abundance_0.05_0.2,C4338A;T4365C;G4432T;A4451C;C4499A;T4530G;A4588C;G4592C;C4596G;A4604T;A4607G;T4608C;A4645T,ORF1a:S1358Y;ORF1a:I1367T;ORF1a:M1389I;ORF1a:K1396Q;ORF1a:Q1412K;ORF1a:F1422C;ORF1a:L1441L;ORF1a:E1443Q;ORF1a:T1444S;ORF1a:T1447S;ORF1a:M1448V;ORF1a:M1448T;ORF1a:E1460D,42,869,0.048331415420023,0,
1292026,BA.2_0.05_abundance_0.05_0.2,T4667A;C4698T;C4780G;T4813C;G4854C;G4881C;T4924A;G4925C;T4933A;T4946A;A4956T,ORF1a:S1468T;ORF1a:S1478F;ORF1a:I1505M;ORF1a:Y1516Y;ORF1a:R1530T;ORF1a:S1539T;ORF1a:F1553L;ORF1a:D1554H;ORF1a:L1556L;ORF1a:S1561T;ORF1a:E1564V,7,172,0.0406976744186046,0,
1292026,BA.2_0.05_abundance_0.05_0.2,C4698T;C4780G;T4813C;G4854C;G4881C;T4924A;G4925C;T4933A;T4946A;A4956T,ORF1a:S1478F;ORF1a:I1505M;ORF1a:Y1516Y;ORF1a:R1530T;ORF1a:S1539T;ORF1a:F1553L;ORF1a:D1554H;ORF1a:L1556L;ORF1a:S1561T;ORF1a:E1564V,69,1112,0.0620503597122302,0,
1292026,BA.2_0.05_abundance_0.05_0.2,C4698T;C4780G;T4813C;G4854C;G4881C;T4924A;G4925C;T4933A;T4946A;A4956T;C4980T,ORF1a:S1478F;ORF1a:I1505M;ORF1a:Y1516Y;ORF1a:R1530T;ORF1a:S1539T;ORF1a:F1553L;ORF1a:D1554H;ORF1a:L1556L;ORF1a:S1561T;ORF1a:E1564V;ORF1a:T1572I,14,318,0.0440251572327044,0,
1292026,BA.2_0.05_abundance_0.05_0.2,G5625C;T5635G;G5708C;T5732A;G5750A;C5832G;T5854G;T5860G;G5861A;T5864G;T5909A,ORF1a:C1787S;ORF1a:G1790G;ORF1a:E1815Q;ORF1a:C1823S;ORF1a:G1829S;ORF1a:S1856C;ORF1a:I1863M;ORF1a:D1865E;ORF1a:V1866I;ORF1a:F1867V;ORF1a:Y1882N,28,386,0.0725388601036269,0,
1292026,BA.2_0.05_abundance_0.05_0.2,G5625C;T5635G;G5708C;T5732A;G5750A;C5832G;T5854G;T5860G;G5861A;T5864G,ORF1a:C1787S;ORF1a:G1790G;ORF1a:E1815Q;ORF1a:C1823S;ORF1a:G1829S;ORF1a:S1856C;ORF1a:I1863M;ORF1a:D1865E;ORF1a:V1866I;ORF1a:F1867V,6,457,0.0131291028446389,0,
1292026,BA.2_0.05_abundance_0.05_0.2,G5625C;T5635G;G5708C;T5732A;G5750A;C5832G;T5854G;T5860G;G5861A;T5864G;T5909A;T5928C,ORF1a:C1787S;ORF1a:G1790G;ORF1a:E1815Q;ORF1a:C1823S;ORF1a:G1829S;ORF1a:S1856C;ORF1a:I1863M;ORF1a:D1865E;ORF1a:V1866I;ORF1a:F1867V;ORF1a:Y1882N;ORF1a:V1888A,5,23,0.217391304347826,0,
1292026,BA.2_0.05_abundance_0.05_0.2,G6245T;A6276G;G6288A;T6298C;C6312G;A6325C;A6360C;A6425C;A6426G;A6466G;T6478G;T6489A;T6490A;A6493C,ORF1a:V1994F;ORF1a:K2004R;ORF1a:W2008*;ORF1a:R2011R;ORF1a:T2016R;ORF1a:E2020D;ORF1a:D2032A;ORF1a:N2054H;ORF1a:N2054S;ORF1a:K2067K;ORF1a:V2071V;ORF1a:I2075N;ORF1a:I2075I;ORF1a:I2076I,55,499,0.1102204408817635,0,
1292026,BA.2_0.05_abundance_0.05_0.2,A6761T;A6832T,ORF1a:T2166S;ORF1a:R2189S,62,200,0.31,0,
1292026,BA.2_0.05_abundance_0.05_0.2,G7067T;A7068T;T7073C;T7075C;C7119G;T7141G;T7147C;T7168A;C7195G;A7208C;A7210C;T7226C;T7227C;T7228A;T7305C;T7341A;A7358G,ORF1a:E2268*;ORF1a:E2268V;ORF1a:Y2270H;ORF1a:Y2270Y;ORF1a:S2285C;ORF1a:L2292L;ORF1a:G2294G;ORF1a:Y2301*;ORF1a:T2310T;ORF1a:K2315Q;ORF1a:K2315N;ORF1a:F2321L;ORF1a:F2321S;ORF1a:F2321L;ORF1a:M2347T;ORF1a:I2359N;ORF1a:M2365V,6,131,0.0458015267175572,0,
1292026,BA.2_0.05_abundance_0.05_0.2,T7075C;C7119G;T7141G;T7147C;T7168A;C7195G;A7208C;A7210C;T7226C;T7227C;T7228A;T7305C;T7341A;A7358G,ORF1a:Y2270Y;ORF1a:S2285C;ORF1a:L2292L;ORF1a:G2294G;ORF1a:Y2301*;ORF1a:T2310T;ORF1a:K2315Q;ORF1a:K2315N;ORF1a:F2321L;ORF1a:F2321S;ORF1a:F2321L;ORF1a:M2347T;ORF1a:I2359N;ORF1a:M2365V,12,483,0.0248447204968944,0,
1292026,BA.2_0.05_abundance_0.05_0.2,G7116T;C7195G,ORF1a:G2284V;ORF1a:T2310T,30,823,0.0364520048602673,0,
1292026,BA.2_0.05_abundance_0.05_0.2,C7119G;T7141G;T7147C;T7168A;C7195G;A7208C;A7210C;T7226C;T7227C;T7228A;T7305C;T7341A;A7358G,ORF1a:S2285C;ORF1a:L2292L;ORF1a:G2294G;ORF1a:Y2301*;ORF1a:T2310T;ORF1a:K2315Q;ORF1a:K2315N;ORF1a:F2321L;ORF1a:F2321S;ORF1a:F2321L;ORF1a:M2347T;ORF1a:I2359N;ORF1a:M2365V,41,728,0.0563186813186813,0,
1292026,BA.2_0.05_abundance_0.05_0.2,T7341A;A7358G;T7425A;T7438A;A7448C;C7485G;C7518A;G7526A;A7548C;T7554G;G7561A;T7566G;T7576C;C7578A,ORF1a:I2359N;ORF1a:M2365V;ORF1a:F2387Y;ORF1a:Y2391*;ORF1a:K2395Q;ORF1a:S2407*;ORF1a:A2418E;ORF1a:V2421I;ORF1a:N2428T;ORF1a:V2430G;ORF1a:R2432R;ORF1a:F2434C;ORF1a:Y2437Y;ORF1a:A2438D,17,158,0.1075949367088607,0,
1292026,BA.2_0.05_abundance_0.05_0.2,A7358G;T7425A;T7438A;A7448C;C7485G;C7518A;G7526A;A7548C;T7554G;G7561A;T7566G;T7576C;C7578A,ORF1a:M2365V;ORF1a:F2387Y;ORF1a:Y2391*;ORF1a:K2395Q;ORF1a:S2407*;ORF1a:A2418E;ORF1a:V2421I;ORF1a:N2428T;ORF1a:V2430G;ORF1a:R2432R;ORF1a:F2434C;ORF1a:Y2437Y;ORF1a:A2438D,24,413,0.0581113801452784,0,
1292026,BA.2_0.05_abundance_0.05_0.2,T8023C;G8039C,ORF1a:V2586V;ORF1a:D2592H,78,1459,0.0534612748457847,0,
1292026,BA.2_0.05_abundance_0.05_0.2,C8318G;T8328G;A8343C;C8354A;A8360C;T8361C;G8403T;T8439G;T8477G;T8484C;A8492G;C8493T;T8562G;A8565C;T8603G,ORF1a:P2685A;ORF1a:L2688R;ORF1a:D2693A;ORF1a:R2697S;ORF1a:I2699L;ORF1a:I2699T;ORF1a:W2713L;ORF1a:L2725R;ORF1a:L2738V;ORF1a:F2740S;ORF1a:T2743A;ORF1a:T2743I;ORF1a:V2766G;ORF1a:N2767T;ORF1a:F2780V,8,334,0.0239520958083832,0,
1292026,BA.2_0.05_abundance_0.05_0.2,C8318G;T8328G;A8343C;C8354A;A8360C;T8361C;T8439G;T8477G;T8484C;A8492G;C8493T;T8562G;A8565C;T8603G,ORF1a:P2685A;ORF1a:L2688R;ORF1a:D2693A;ORF1a:R2697S;ORF1a:I2699L;ORF1a:I2699T;ORF1a:L2725R;ORF1a:L2738V;ORF1a:F2740S;ORF1a:T2743A;ORF1a:T2743I;ORF1a:V2766G;ORF1a:N2767T;ORF1a:F2780V,18,334,0.0538922155688622,0,
1292026,BA.2_0.05_abundance_0.05_0.2,C9163G;A9174G,ORF1a:N2966K;ORF1a:E2970G,68,852,0.0798122065727699,0,
1292026,BA.2_0.05_abundance_0.05_0.2,C9534T;G9705T,ORF1a:T3090I;ORF1a:C3147F,73,620,0.1177419354838709,33,BA.2:5;BA.2.3.9:1;BA.2.9:1;BE.1.1:6;BA.5.2:3;BA.5.5:4;BA.2.10:4;BA.5.1:1;BA.4.1.8:3;BA.2.12.1:2;BA.5.1.10:1;BA.5.2.1:1;BA.5.2.6:1
1292026,BA.2_0.05_abundance_0.05_0.2,T11028G;T11056C;T11070A;A11085T;T11118G;T11151G;G11222T;G11243A;A11258T;A11277T,ORF1a:L3588W;ORF1a:S3597S;ORF1a:L3602*;ORF1a:Y3607F;ORF1a:I3618S;ORF1a:V3629G;ORF1a:V3653F;ORF1a:V3660M;ORF1a:T3665S;ORF1a:D3671V,10,148,0.0675675675675675,0,
1292026,BA.2_0.05_abundance_0.05_0.2,T11056C;T11070A;A11085T;T11118G;T11151G;G11222T;G11243A;A11258T;A11277T,ORF1a:S3597S;ORF1a:L3602*;ORF1a:Y3607F;ORF1a:I3618S;ORF1a:V3629G;ORF1a:V3653F;ORF1a:V3660M;ORF1a:T3665S;ORF1a:D3671V,85,1171,0.0725875320239111,0,
1292026,BA.2_0.05_abundance_0.05_0.2,T11056C;T11070A;A11085T;T11118G;T11125G;T11151G;G11222T;G11243A;A11258T;A11277T,ORF1a:S3597S;ORF1a:L3602*;ORF1a:Y3607F;ORF1a:I3618S;ORF1a:A3620A;ORF1a:V3629G;ORF1a:V3653F;ORF1a:V3660M;ORF1a:T3665S;ORF1a:D3671V,17,1171,0.0145175064047822,0,
1292026,BA.2_0.05_abundance_0.05_0.2,T11125G;A11228T,ORF1a:A3620A;ORF1a:M3655L,35,1253,0.0279329608938547,0,
1292026,BA.2_0.05_abundance_0.05_0.2,G11378C;T11429A;T11432G;G11464A;G11483A;C11494T;G11504T;T11517A;C11518T;G11528C;T11539C;T11547C;A11567G,ORF1a:A3705P;ORF1a:Y3722N;ORF1a:Y3723D;ORF1a:M3733I;ORF1a:V3740I;ORF1a:N3743N;ORF1a:V3747L;ORF1a:V3751D;ORF1a:V3751V;ORF1a:A3755P;ORF1a:I3758I;ORF1a:M3761T;ORF1a:I3768V,148,1500,0.0986666666666666,0,
1292026,BA.2_0.05_abundance_0.05_0.2,G11683T;T11706A;T11729A;A11742T;A11759T;C11785A;T11806A;G11807C;A11827G;G11828A;A11839G;C11844G;A11854G;A11856C;C11866T;A11905G,ORF1a:L3806L;ORF1a:L3814*;ORF1a:Y3822N;ORF1a:Q3826L;ORF1a:K3832*;ORF1a:L3840L;ORF1a:V3847V;ORF1a:G3848R;ORF1a:K3854K;ORF1a:V3855I;ORF1a:V3858V;ORF1a:S3860C;ORF1a:S3863S;ORF1a:D3864A;ORF1a:C3867C;ORF1a:R3880R,20,733,0.0272851296043656,0,
1292026,BA.2_0.05_abundance_0.05_0.2,G11683T;T11706A;T11729A;A11742T;A11759T;C11785A;T11806A;G11807C;A11827G;G11828A;A11839G;C11844G;A11854G;A11856C;C11866T;A11905G;A11911T,ORF1a:L3806L;ORF1a:L3814*;ORF1a:Y3822N;ORF1a:Q3826L;ORF1a:K3832*;ORF1a:L3840L;ORF1a:V3847V;ORF1a:G3848R;ORF1a:K3854K;ORF1a:V3855I;ORF1a:V3858V;ORF1a:S3860C;ORF1a:S3863S;ORF1a:D3864A;ORF1a:C3867C;ORF1a:R3880R;ORF1a:E3882D,18,336,0.0535714285714285,0,
1292026,BA.2_0.05_abundance_0.05_0.2,G11683T;T11706A;T11729A;A11742T;A11759T;C11785A;T11806A;G11807C;A11827G;G11828A;A11839G;C11844G;A11854G;A11856C;C11866T,ORF1a:L3806L;ORF1a:L3814*;ORF1a:Y3822N;ORF1a:Q3826L;ORF1a:K3832*;ORF1a:L3840L;ORF1a:V3847V;ORF1a:G3848R;ORF1a:K3854K;ORF1a:V3855I;ORF1a:V3858V;ORF1a:S3860C;ORF1a:S3863S;ORF1a:D3864A;ORF1a:C3867C,28,991,0.0282542885973763,0,
1292026,BA.2_0.05_abundance_0.05_0.2,A11905G;A11911T;C11919G;G11926A;G11944C;G11966T;T12013A;T12017G;A12026T;G12035A;T12039G;C12043A;C12081G;A12103G;T12112A;C12138T;T12142A;T12168G;T12204C;A12206C,ORF1a:R3880R;ORF1a:E3882D;ORF1a:S3885C;ORF1a:L3887L;ORF1a:Q3893H;ORF1a:A3901S;ORF1a:S3916S;ORF1a:L3918V;ORF1a:M3921L;ORF1a:A3924T;ORF1a:V3925G;ORF1a:D3926E;ORF1a:A3939G;ORF1a:S3946S;ORF1a:S3949R;ORF1a:A3958V;ORF1a:T3959T;ORF1a:V3968G;ORF1a:L3980S;ORF1a:K3981Q,33,2823,0.0116896918172157,0,
1292026,BA.2_0.05_abundance_0.05_0.2,A11905G;A11911T;C11919G;G11944C;G11966T;T12013A;T12017G;A12026T;G12035A;T12039G;C12043A;C12081G;A12103G;T12112A;C12138T;T12142A;T12168G;T12204C;A12206C,ORF1a:R3880R;ORF1a:E3882D;ORF1a:S3885C;ORF1a:Q3893H;ORF1a:A3901S;ORF1a:S3916S;ORF1a:L3918V;ORF1a:M3921L;ORF1a:A3924T;ORF1a:V3925G;ORF1a:D3926E;ORF1a:A3939G;ORF1a:S3946S;ORF1a:S3949R;ORF1a:A3958V;ORF1a:T3959T;ORF1a:V3968G;ORF1a:L3980S;ORF1a:K3981Q,195,2823,0.0690754516471838,0,
1292026,BA.2_0.05_abundance_0.05_0.2,A11905G;A11911T;C11919G;G11944C;G11966T;T12013A;T12017G;A12026T;G12035A;T12039G;C12043A;C12081G;A12103G;T12112A;C12138T;T12142A;T12168G;T12204C;A12206C;A12228G,ORF1a:R3880R;ORF1a:E3882D;ORF1a:S3885C;ORF1a:Q3893H;ORF1a:A3901S;ORF1a:S3916S;ORF1a:L3918V;ORF1a:M3921L;ORF1a:A3924T;ORF1a:V3925G;ORF1a:D3926E;ORF1a:A3939G;ORF1a:S3946S;ORF1a:S3949R;ORF1a:A3958V;ORF1a:T3959T;ORF1a:V3968G;ORF1a:L3980S;ORF1a:K3981Q;ORF1a:K3988R,8,165,0.0484848484848484,0,
1292026,BA.2_0.05_abundance_0.05_0.2,C12138T;T12142A;T12168G;T12204C;A12206C;A12228G;T12244G;A12286G;A12316T;T12319G;G12330A;A12335G;G12355A;C12398A;A12414G;C12420A,ORF1a:A3958V;ORF1a:T3959T;ORF1a:V3968G;ORF1a:L3980S;ORF1a:K3981Q;ORF1a:K3988R;ORF1a:R3993R;ORF1a:Q4007Q;ORF1a:R4017S;ORF1a:S4018S;ORF1a:R4022K;ORF1a:K4024E;ORF1a:Q4030Q;ORF1a:L4045I;ORF1a:N4050S;ORF1a:A4052E,14,103,0.1359223300970873,0,
1292026,BA.2_0.05_abundance_0.05_0.2,T12142A;T12168G;T12204C;A12206C;A12228G;T12244G;A12286G;A12316T;T12319G;G12330A;A12335G;G12355A;C12398A;A12414G;C12420A,ORF1a:T3959T;ORF1a:V3968G;ORF1a:L3980S;ORF1a:K3981Q;ORF1a:K3988R;ORF1a:R3993R;ORF1a:Q4007Q;ORF1a:R4017S;ORF1a:S4018S;ORF1a:R4022K;ORF1a:K4024E;ORF1a:Q4030Q;ORF1a:L4045I;ORF1a:N4050S;ORF1a:A4052E,16,220,0.0727272727272727,0,
1292026,BA.2_0.05_abundance_0.05_0.2,T12168G;T12204C;A12206C;A12228G;T12244G;A12286G;A12316T;T12319G;G12330A;A12335G;G12355A;C12398A;A12414G;C12420A,ORF1a:V3968G;ORF1a:L3980S;ORF1a:K3981Q;ORF1a:K3988R;ORF1a:R3993R;ORF1a:Q4007Q;ORF1a:R4017S;ORF1a:S4018S;ORF1a:R4022K;ORF1a:K4024E;ORF1a:Q4030Q;ORF1a:L4045I;ORF1a:N4050S;ORF1a:A4052E,86,1124,0.0765124555160142,0,
1292026,BA.2_0.05_abundance_0.05_0.2,G12806T;C12880T,ORF1a:V4181L;ORF1a:I4205I,97,2507,0.0386916633426406,1,B.1.466.2:1
1292026,BA.2_0.05_abundance_0.05_0.2,G12806T;C12880T;T12953C,ORF1a:V4181L;ORF1a:I4205I;ORF1a:F4230L,45,2507,0.0179497407259672,0,
1292026,BA.2_0.05_abundance_0.05_0.2,C12880T;T12953C,ORF1a:I4205I;ORF1a:F4230L,827,2508,0.3297448165869218,1,BA.4.6:1
1292026,BA.2_0.05_abundance_0.05_0.2,T13120C;A13154G,ORF1a:A4285A;ORF1a:M4297V,21,850,0.0247058823529411,0,
1292026,BA.2_0.05_abundance_0.05_0.2,C13439A;A13455G;C13458A;T13463A;C13490G;C13492A;G13514A;C13517T;G13624T,ORF1a:Q4392K;ORF1a:Q4397R;ORF1a:S4398*;ORF1a:L4400I;ORF1b:A8G;ORF1b:R9S;ORF1b:G16D;ORF1b:T17I;ORF1b:D53Y,15,119,0.1260504201680672,0,
1292026,BA.2_0.05_abundance_0.05_0.2,A14317G;T14361C;T14378C;T14389C;C14403G;C14408T;G14419A;C14422G;A14470T;C14491T;G14495C;T14526A;G14559A;T14560C,ORF1b:T284A;ORF1b:I298I;ORF1b:F304S;ORF1b:F308L;ORF1b:F312L;ORF1b:P314L;ORF1b:G318R;ORF1b:P319A;ORF1b:T335S;ORF1b:L342L;ORF1b:G343A;ORF1b:H353Q;ORF1b:V364V;ORF1b:Y365H,67,760,0.0881578947368421,0,
1292026,BA.2_0.05_abundance_0.05_0.2,A14317G;T14361C;T14378C;T14389C;C14403G;C14408T;G14419A;C14422G;A14470T;C14491T;G14495C;T14526A,ORF1b:T284A;ORF1b:I298I;ORF1b:F304S;ORF1b:F308L;ORF1b:F312L;ORF1b:P314L;ORF1b:G318R;ORF1b:P319A;ORF1b:T335S;ORF1b:L342L;ORF1b:G343A;ORF1b:H353Q,43,1238,0.0347334410339256,0,
1292026,BA.2_0.05_abundance_0.05_0.2,T14910C;G14923C;C14953A;A14977T;A14990T;T14992G;T15021C;C15024G;A15073G;A15077C;T15084C;A15099C;G15115C;T15152A;T15163C;A15177T;G15178C;A15187C,ORF1b:A481A;ORF1b:V486L;ORF1b:P496T;ORF1b:R504*;ORF1b:D508V;ORF1b:S509A;ORF1b:L518L;ORF1b:F519L;ORF1b:K536E;ORF1b:Y537S;ORF1b:I539I;ORF1b:R544S;ORF1b:G550R;ORF1b:F562Y;ORF1b:L566L;ORF1b:I570I;ORF1b:A571P;ORF1b:R574R,15,1333,0.0112528132033008,0,
1292026,BA.2_0.05_abundance_0.05_0.2,T14910C;A15073G,ORF1b:A481A;ORF1b:K536E,174,1492,0.1166219839142091,0,
1292026,BA.2_0.05_abundance_0.05_0.2,T14910C;G14923C;C14953A;A14977T;A14990T;T14992G;T15021C;C15024G;A15077C;T15084C;A15099C;G15115C;T15152A;T15163C;A15177T;G15178C;A15187C,ORF1b:A481A;ORF1b:V486L;ORF1b:P496T;ORF1b:R504*;ORF1b:D508V;ORF1b:S509A;ORF1b:L518L;ORF1b:F519L;ORF1b:Y537S;ORF1b:I539I;ORF1b:R544S;ORF1b:G550R;ORF1b:F562Y;ORF1b:L566L;ORF1b:I570I;ORF1b:A571P;ORF1b:R574R,32,1333,0.024006001500375,0,
1292026,BA.2_0.05_abundance_0.05_0.2,G14923C;C14953A;A14977T;A14990T;T14992G;T15021C;C15024G;A15073G;A15077C;T15084C;A15099C;G15115C;T15152A;T15163C;A15177T;G15178C;A15187C,ORF1b:V486L;ORF1b:P496T;ORF1b:R504*;ORF1b:D508V;ORF1b:S509A;ORF1b:L518L;ORF1b:F519L;ORF1b:K536E;ORF1b:Y537S;ORF1b:I539I;ORF1b:R544S;ORF1b:G550R;ORF1b:F562Y;ORF1b:L566L;ORF1b:I570I;ORF1b:A571P;ORF1b:R574R,21,1345,0.0156133828996282,0,
1292026,BA.2_0.05_abundance_0.05_0.2,G14923C;C14953A;A14977T;A14990T;T14992G;T15021C;C15024G;A15077C;T15084C;A15099C;G15115C;T15152A;T15163C;A15177T;G15178C;A15187C,ORF1b:V486L;ORF1b:P496T;ORF1b:R504*;ORF1b:D508V;ORF1b:S509A;ORF1b:L518L;ORF1b:F519L;ORF1b:Y537S;ORF1b:I539I;ORF1b:R544S;ORF1b:G550R;ORF1b:F562Y;ORF1b:L566L;ORF1b:I570I;ORF1b:A571P;ORF1b:R574R,58,1345,0.0431226765799256,0,
1292026,BA.2_0.05_abundance_0.05_0.2,T15551G;A15564T;A15612C;C15631A;A15639C;G15644A;T15674C;C15714T;T15726C;A15740T;C15746A;T15756G;T15801A;T15815G;T15816C;T15817G;A15820T,ORF1b:V695G;ORF1b:L699F;ORF1b:Q715H;ORF1b:L722I;ORF1b:R724S;ORF1b:R726K;ORF1b:F736S;ORF1b:L749L;ORF1b:A753A;ORF1b:N758I;ORF1b:T760N;ORF1b:S763S;ORF1b:Y778*;ORF1b:V783G;ORF1b:V783V;ORF1b:F784V;ORF1b:M785L,193,2579,0.074835207444746,0,
1292026,BA.2_0.05_abundance_0.05_0.2,T15551G;A15564T;A15612C;C15631A;A15639C;G15644A;T15674C;C15714T;T15726C;A15740T;C15746A;T15756G;T15801A;T15815G;T15816C;T15817G;A15820T;A15861G,ORF1b:V695G;ORF1b:L699F;ORF1b:Q715H;ORF1b:L722I;ORF1b:R724S;ORF1b:R726K;ORF1b:F736S;ORF1b:L749L;ORF1b:A753A;ORF1b:N758I;ORF1b:T760N;ORF1b:S763S;ORF1b:Y778*;ORF1b:V783G;ORF1b:V783V;ORF1b:F784V;ORF1b:M785L;ORF1b:K798K,8,69,0.1159420289855072,0,
1292026,BA.2_0.05_abundance_0.05_0.2,G15575T;C15714T,ORF1b:G703V;ORF1b:L749L,526,2814,0.1869225302061123,37,BA.2.9:2;BE.1.1:1;BA.2:9;BA.5.1:3;BA.5.5:2;BA.5.2.1:3;BF.1:1;BE.1.2.1:1;BA.2.12.1:5;BA.2.3:1;BA.5.1.30:1;BA.5.1.10:1;BF.7:1;BA.2.36:1;BA.4:3;BA.5.2:1;BA.5:1
1292026,BA.2_0.05_abundance_0.05_0.2,A15861G;C15904T;T15927C;G15955T;G15995C;G16027T;T16029A;T16074A;A16105G;C16134A;T16147A;T16155C;G16158A;A16172C,ORF1b:K798K;ORF1b:Q813*;ORF1b:L820L;ORF1b:G830W;ORF1b:G843A;ORF1b:A854S;ORF1b:A854A;ORF1b:A869A;ORF1b:R880G;ORF1b:H889Q;ORF1b:Y894N;ORF1b:V896V;ORF1b:M897I;ORF1b:N902T,12,143,0.0839160839160839,0,
1292026,BA.2_0.05_abundance_0.05_0.2,A15861G;C15904T;T15927C;G15955T;G15995C;G16027T;T16029A;T16074A;A16105G;C16134A;T16147A;T16155C;G16158A,ORF1b:K798K;ORF1b:Q813*;ORF1b:L820L;ORF1b:G830W;ORF1b:G843A;ORF1b:A854S;ORF1b:A854A;ORF1b:A869A;ORF1b:R880G;ORF1b:H889Q;ORF1b:Y894N;ORF1b:V896V;ORF1b:M897I,17,418,0.0406698564593301,0,
1292026,BA.2_0.05_abundance_0.05_0.2,C15904T;T15927C;G15955T;G15995C;G16027T;T16029A;T16074A;A16105G;C16134A;T16147A;T16155C;G16158A,ORF1b:Q813*;ORF1b:L820L;ORF1b:G830W;ORF1b:G843A;ORF1b:A854S;ORF1b:A854A;ORF1b:A869A;ORF1b:R880G;ORF1b:H889Q;ORF1b:Y894N;ORF1b:V896V;ORF1b:M897I,75,1605,0.0467289719626168,0,
1292026,BA.2_0.05_abundance_0.05_0.2,C15904T;T15927C;G15955T;G15995C;G16027T;T16029A;T16074A;A16105G;C16134A;T16147A;T16155C;G16158A;A16172C,ORF1b:Q813*;ORF1b:L820L;ORF1b:G830W;ORF1b:G843A;ORF1b:A854S;ORF1b:A854A;ORF1b:A869A;ORF1b:R880G;ORF1b:H889Q;ORF1b:Y894N;ORF1b:V896V;ORF1b:M897I;ORF1b:N902T,24,528,0.0454545454545454,0,
1292026,BA.2_0.05_abundance_0.05_0.2,C15904T;T15927C;G15955T;G15995C;G16027T;T16029A;T16074A;A16105G;C16134A;T16147A;T16155C;G16158A;A16172C;A16179C,ORF1b:Q813*;ORF1b:L820L;ORF1b:G830W;ORF1b:G843A;ORF1b:A854S;ORF1b:A854A;ORF1b:A869A;ORF1b:R880G;ORF1b:H889Q;ORF1b:Y894N;ORF1b:V896V;ORF1b:M897I;ORF1b:N902T;ORF1b:S904S,6,129,0.0465116279069767,0,
1292026,BA.2_0.05_abundance_0.05_0.2,T16778G;A16804C;T16809C;A16819C;A16824T;G16855C;T16863C;T16884G;A16889C;A16895C;T16911A;T16926C;T16931G;C16952A;C16961T;C17028T;T17052A;A17063G;A17101G,ORF1b:V1104G;ORF1b:N1113H;ORF1b:S1114S;ORF1b:I1118L;ORF1b:G1119G;ORF1b:D1130H;ORF1b:V1132V;ORF1b:T1139T;ORF1b:K1141T;ORF1b:N1143T;ORF1b:F1148L;ORF1b:H1153H;ORF1b:V1155G;ORF1b:T1162K;ORF1b:P1165L;ORF1b:S1187S;ORF1b:V1195V;ORF1b:K1199R;ORF1b:S1212G,25,462,0.0541125541125541,0,
1292026,BA.2_0.05_abundance_0.05_0.2,A16804C;T16809C;A16819C;A16824T;G16855C;T16863C;T16884G;A16889C;A16895C;T16911A;T16926C;T16931G;C16952A;C16961T;C17028T;T17052A;A17063G;A17101G,ORF1b:N1113H;ORF1b:S1114S;ORF1b:I1118L;ORF1b:G1119G;ORF1b:D1130H;ORF1b:V1132V;ORF1b:T1139T;ORF1b:K1141T;ORF1b:N1143T;ORF1b:F1148L;ORF1b:H1153H;ORF1b:V1155G;ORF1b:T1162K;ORF1b:P1165L;ORF1b:S1187S;ORF1b:V1195V;ORF1b:K1199R;ORF1b:S1212G,193,3265,0.0591117917304747,0,
1292026,BA.2_0.05_abundance_0.05_0.2,A16804C;T16809C;A16819C;A16824T;G16855C;T16863C;T16884G;A16889C;A16895C;T16911A;T16926C;T16931G;C16952A;C16961T;C17028T;T17052A;A17063G;A17101G;G17117T,ORF1b:N1113H;ORF1b:S1114S;ORF1b:I1118L;ORF1b:G1119G;ORF1b:D1130H;ORF1b:V1132V;ORF1b:T1139T;ORF1b:K1141T;ORF1b:N1143T;ORF1b:F1148L;ORF1b:H1153H;ORF1b:V1155G;ORF1b:T1162K;ORF1b:P1165L;ORF1b:S1187S;ORF1b:V1195V;ORF1b:K1199R;ORF1b:S1212G;ORF1b:G1217V,15,695,0.0215827338129496,0,
1292026,BA.2_0.05_abundance_0.05_0.2,A16804C;T16809C;A16819C;A16824T;G16855C;T16863C;T16884G;A16889C;A16895C;T16911A;T16926C;T16931G;C16952A;C16961T;C17028T;T17052A;A17063G;A17101G;G17117T;C17119T;T17126C,ORF1b:N1113H;ORF1b:S1114S;ORF1b:I1118L;ORF1b:G1119G;ORF1b:D1130H;ORF1b:V1132V;ORF1b:T1139T;ORF1b:K1141T;ORF1b:N1143T;ORF1b:F1148L;ORF1b:H1153H;ORF1b:V1155G;ORF1b:T1162K;ORF1b:P1165L;ORF1b:S1187S;ORF1b:V1195V;ORF1b:K1199R;ORF1b:S1212G;ORF1b:G1217V;ORF1b:L1218L;ORF1b:L1220P,12,139,0.0863309352517985,0,
1292026,BA.2_0.05_abundance_0.05_0.2,A16804C;T16809C;A16819C;A16824T;G16855C;T16863C;T16884G;A16889C;A16895C;T16911A;T16926C;T16931G;C16952A;C16961T;C17028T;T17052A;A17063G;A17101G;G17117T;C17119T,ORF1b:N1113H;ORF1b:S1114S;ORF1b:I1118L;ORF1b:G1119G;ORF1b:D1130H;ORF1b:V1132V;ORF1b:T1139T;ORF1b:K1141T;ORF1b:N1143T;ORF1b:F1148L;ORF1b:H1153H;ORF1b:V1155G;ORF1b:T1162K;ORF1b:P1165L;ORF1b:S1187S;ORF1b:V1195V;ORF1b:K1199R;ORF1b:S1212G;ORF1b:G1217V;ORF1b:L1218L,13,473,0.0274841437632135,0,
1292026,BA.2_0.05_abundance_0.05_0.2,A17101G;G17117T;C17119T;T17126C;G17162A;T17166C;T17169A;A17199C;T17210C;T17255A;T17263A;A17270G;A17294G;A17300G;T17306C;G17320A;G17331A;A17332T;T17353A;G17359C;T17400G;C17410T,ORF1b:S1212G;ORF1b:G1217V;ORF1b:L1218L;ORF1b:L1220P;ORF1b:C1232Y;ORF1b:S1233S;ORF1b:H1234Q;ORF1b:A1244A;ORF1b:L1248S;ORF1b:V1263E;ORF1b:F1266I;ORF1b:K1268R;ORF1b:E1276G;ORF1b:Y1278C;ORF1b:F1280S;ORF1b:A1285T;ORF1b:E1288E;ORF1b:T1289S;ORF1b:F1296I;ORF1b:E1298Q;ORF1b:N1311K;ORF1b:R1315C,49,633,0.0774091627172195,0,
1292026,BA.2_0.05_abundance_0.05_0.2,A17101G;G17117T;C17119T;T17126C;G17162A;T17166C;T17169A;A17199C;T17210C;T17255A;T17263A;A17270G;A17294G;A17300G;T17306C;G17320A;G17331A;A17332T;T17353A;G17359C;T17400G,ORF1b:S1212G;ORF1b:G1217V;ORF1b:L1218L;ORF1b:L1220P;ORF1b:C1232Y;ORF1b:S1233S;ORF1b:H1234Q;ORF1b:A1244A;ORF1b:L1248S;ORF1b:V1263E;ORF1b:F1266I;ORF1b:K1268R;ORF1b:E1276G;ORF1b:Y1278C;ORF1b:F1280S;ORF1b:A1285T;ORF1b:E1288E;ORF1b:T1289S;ORF1b:F1296I;ORF1b:E1298Q;ORF1b:N1311K,20,890,0.0224719101123595,0,
1292026,BA.2_0.05_abundance_0.05_0.2,G17117T;C17119T;T17126C;G17162A;T17166C;T17169A;A17199C;T17210C;T17255A;T17263A;A17270G;A17294G;A17300G;T17306C;G17320A;G17331A;A17332T;T17353A;G17359C;T17400G;C17410T,ORF1b:G1217V;ORF1b:L1218L;ORF1b:L1220P;ORF1b:C1232Y;ORF1b:S1233S;ORF1b:H1234Q;ORF1b:A1244A;ORF1b:L1248S;ORF1b:V1263E;ORF1b:F1266I;ORF1b:K1268R;ORF1b:E1276G;ORF1b:Y1278C;ORF1b:F1280S;ORF1b:A1285T;ORF1b:E1288E;ORF1b:T1289S;ORF1b:F1296I;ORF1b:E1298Q;ORF1b:N1311K;ORF1b:R1315C,84,1735,0.0484149855907781,0,
1292026,BA.2_0.05_abundance_0.05_0.2,G17117T;C17119T;T17126C;G17162A;T17166C;T17169A;A17199C;T17210C;T17255A;T17263A;A17270G;A17294G;A17300G;T17306C;G17320A;G17331A;A17332T;T17353A;G17359C;T17400G,ORF1b:G1217V;ORF1b:L1218L;ORF1b:L1220P;ORF1b:C1232Y;ORF1b:S1233S;ORF1b:H1234Q;ORF1b:A1244A;ORF1b:L1248S;ORF1b:V1263E;ORF1b:F1266I;ORF1b:K1268R;ORF1b:E1276G;ORF1b:Y1278C;ORF1b:F1280S;ORF1b:A1285T;ORF1b:E1288E;ORF1b:T1289S;ORF1b:F1296I;ORF1b:E1298Q;ORF1b:N1311K,43,2459,0.0174867832452216,0,
1292026,BA.2_0.05_abundance_0.05_0.2,G17392C;C17410T,ORF1b:V1309L;ORF1b:R1315C,495,1738,0.2848101265822785,8,BA.5.2:1;BA.2.1:5;BA.5.1:2
1292026,BA.2_0.05_abundance_0.05_0.2,C17410T;C17642T,ORF1b:R1315C;ORF1b:A1392V,20,61,0.3278688524590163,906,BA.5.2:11;BE.1:229;BQ.1.1.22:1;BE.1.3:11;BQ.1.1.17:2;BA.5.2.1:34;BQ.1.1:69;BA.2:79;BA.2.3.4:30;BA.5.2.13:1;BA.2.75:3;BA.2.3:5;BA.5.2.9:21;BF.5:297;BA.2.10:12;BA.5.1.12:7;BQ.1.1.24:1;BA.5.1.25:1;BF.7:35;BA.5.5:1;BA.5.2.19:1;BE.3:1;BA.4.6:5;BA.2.29:2;BQ.1.1.3:1;BA.2.12.1:6;BA.5.9:1;BA.5.1.9:1;CM.2:1;BA.5.1:3;BA.5:1;BF.22:2;BA.5.3:2;BA.2.23:2;BA.4:5;BA.5.2.6:7;BF.21:1;BA.5.1.2:1;BA.5.2.12:1;BA.5.1.22:1;CH.1.1:1;XBB.1:1;BA.2.9:1;BA.5.2.20:2;BA.2.40.1:1;BE.1.1:1;BQ.1.22:1;BA.5.3.1:1;BA.4.1:2
1292026,BA.2_0.05_abundance_0.05_0.2,G17749C;G17753T;A17775T;A17791T;T17812A;G17815T;A17823G;A17853C;T17859A;A17889T;T17978C;A17984T,ORF1b:A1428P;ORF1b:W1429L;ORF1b:S1436S;ORF1b:N1442Y;ORF1b:L1449M;ORF1b:G1450*;ORF1b:P1452P;ORF1b:S1462S;ORF1b:Y1464*;ORF1b:E1474D;ORF1b:L1504P;ORF1b:D1506V,111,968,0.1146694214876033,0,
1292026,BA.2_0.05_abundance_0.05_0.2,G18968A;A18969G;A18982G;T19016G;G19056A;A19073G;G19086A;T19110A;A19116G;A19123T;A19134G;T19139C;T19146G;T19149C;A19210G;G19211T;A19212C;G19219A;C19227T;T19233A;T19241C;T19248G;C19255G,ORF1b:R1834K;ORF1b:R1834R;ORF1b:M1839V;ORF1b:F1850C;ORF1b:K1863K;ORF1b:D1869G;ORF1b:K1873K;ORF1b:S1881R;ORF1b:K1883K;ORF1b:K1886*;ORF1b:E1889E;ORF1b:F1891S;ORF1b:S1893S;ORF1b:Y1894Y;ORF1b:R1915G;ORF1b:R1915I;ORF1b:R1915S;ORF1b:A1918T;ORF1b:S1920S;ORF1b:V1922V;ORF1b:F1925S;ORF1b:T1927T;ORF1b:L1930V,43,590,0.0728813559322033,0,
1292026,BA.2_0.05_abundance_0.05_0.2,G18968A;A18969G;A18982G;T19016G;G19056A;A19073G;G19086A;T19110A;A19116G;A19123T;A19134G;T19139C;T19146G;T19149C;A19210G;G19211T;A19212C;G19219A;C19227T;T19233A;T19241C;T19248G,ORF1b:R1834K;ORF1b:R1834R;ORF1b:M1839V;ORF1b:F1850C;ORF1b:K1863K;ORF1b:D1869G;ORF1b:K1873K;ORF1b:S1881R;ORF1b:K1883K;ORF1b:K1886*;ORF1b:E1889E;ORF1b:F1891S;ORF1b:S1893S;ORF1b:Y1894Y;ORF1b:R1915G;ORF1b:R1915I;ORF1b:R1915S;ORF1b:A1918T;ORF1b:S1920S;ORF1b:V1922V;ORF1b:F1925S;ORF1b:T1927T,14,783,0.0178799489144316,0,
1292026,BA.2_0.05_abundance_0.05_0.2,G20518A;G20548A;T20563A;T20570C;T20573G;T20579G;T20606G;T20609A;G20616T;G20618A;T20625G;C20629T;C20646A;T20671C;T20690G;G20691C;T20701G;A20711G;T20717A;T20723C;A20744T;A20766G;C20790T;A20796T;G20808C;T20815A,ORF1b:D2351N;ORF1b:D2361N;ORF1b:S2366T;ORF1b:V2368A;ORF1b:V2369G;ORF1b:V2371G;ORF1b:F2380C;ORF1b:M2381K;ORF1b:W2383C;ORF1b:C2384Y;ORF1b:D2386E;ORF1b:H2388Y;ORF1b:Y2393*;ORF1b:W2402R;ORF1b:M2408R;ORF1b:M2408I;ORF1b:Y2412D;ORF1b:Q2415R;ORF1b:M2417K;ORF1b:L2419S;ORF1b:N2426I;ORF1b:L2433L;ORF1b:V2441V;ORF1b:K2443N;ORF1b:L2447L;ORF1b:Y2450N,33,1688,0.0195497630331753,0,
1292026,BA.2_0.05_abundance_0.05_0.2,G20518A;G20548A;T20563A;T20570C;T20573G;T20579G;T20606G;T20609A;G20616T;G20618A;T20625G;C20629T;C20646A;T20671C;T20690G;G20691C;T20701G;A20711G;T20717A;T20723C;A20744T;A20766G;C20790T;A20796T;G20808C,ORF1b:D2351N;ORF1b:D2361N;ORF1b:S2366T;ORF1b:V2368A;ORF1b:V2369G;ORF1b:V2371G;ORF1b:F2380C;ORF1b:M2381K;ORF1b:W2383C;ORF1b:C2384Y;ORF1b:D2386E;ORF1b:H2388Y;ORF1b:Y2393*;ORF1b:W2402R;ORF1b:M2408R;ORF1b:M2408I;ORF1b:Y2412D;ORF1b:Q2415R;ORF1b:M2417K;ORF1b:L2419S;ORF1b:N2426I;ORF1b:L2433L;ORF1b:V2441V;ORF1b:K2443N;ORF1b:L2447L,85,1691,0.0502661147250147,0,
1292026,BA.2_0.05_abundance_0.05_0.2,T20643C;T20815A,ORF1b:F2392F;ORF1b:Y2450N,125,1694,0.0737898465171192,0,
1292026,BA.2_0.05_abundance_0.05_0.2,T20643C;A20652G,ORF1b:F2392F;ORF1b:K2395K,22,1839,0.0119630233822729,0,
1292026,BA.2_0.05_abundance_0.05_0.2,T21690G;G21987A,S:F43C;S:G142D,17,206,0.0825242718446602,1,BA.2:1
1292026,BA.2_0.05_abundance_0.05_0.2,T21690G;C21928T;G21987A,S:F43C;S:N122N;S:G142D,5,206,0.0242718446601941,0,
1292026,BA.2_0.05_abundance_0.05_0.2,T21702C;A21720T;T21756A;A21768C;G21795C;T21818C;C21843A;A21858G;G21869C;G21873T;A21875G;C21904G;C21910T;A21913T;A21917T;A21923C;T21937C;C21962A,S:V47A;S:D53V;S:F65Y;S:H69P;S:R78T;S:F86L;S:S94Y;S:N99S;S:G103R;S:W104L;S:I105V;S:T114T;S:S116S;S:L117L;S:I119F;S:N121H;S:N125N;S:Q134K,18,1162,0.0154905335628227,0,
1292026,BA.2_0.05_abundance_0.05_0.2,T21702C;A21720T;T21756A;A21768C;G21795C;T21818C;C21843A;A21858G;G21869C;G21873T;A21875G;C21904G;C21910T;A21913T;A21917T;A21923C;T21937C;C21962A;G21987A,S:V47A;S:D53V;S:F65Y;S:H69P;S:R78T;S:F86L;S:S94Y;S:N99S;S:G103R;S:W104L;S:I105V;S:T114T;S:S116S;S:L117L;S:I119F;S:N121H;S:N125N;S:Q134K;S:G142D,84,1013,0.0829220138203356,0,
1292026,BA.2_0.05_abundance_0.05_0.2,T22200G;T22204A;T22306G,S:V213G;S:R214R;S:Y248*,53,351,0.150997150997151,0,
1292026,BA.2_0.05_abundance_0.05_0.2,T22200G;T22204A,S:V213G;S:R214R,376,767,0.4902216427640156,109,BA.1.1:14;BA.1.15:5;BA.1.20:2;BA.1.18:16;BA.1.1.15:6;BA.1:38;BA.1.17.2:14;BA.1.16:2;BA.1.15.1:5;BD.1:1;BA.1.17:3;BA.1.21:1;BA.1.1.1:2
1292026,BA.2_0.05_abundance_0.05_0.2,T22200G;T22306G,S:V213G;S:Y248*,40,351,0.1139601139601139,2,BA.5.5:1;BQ.1:1
1292026,BA.2_0.05_abundance_0.05_0.2,C22674T;T22679C;C22686T;A22688G;C22806G,S:S371F;S:S373P;S:S375F;S:T376A;S:T415S,7,16,0.4375,5,BE.1:1;BA.2:2;BA.5.2.1:1;BA.2.76:1
1292026,BA.2_0.05_abundance_0.05_0.2,C23367A;A23403G,S:T602K;S:D614G,433,1746,0.2479954180985109,1,BA.1:1
1292026,BA.2_0.05_abundance_0.05_0.2,C23367A;A23403G;T23443C,S:T602K;S:D614G;S:D627D,293,1744,0.1680045871559633,0,
1292026,BA.2_0.05_abundance_0.05_0.2,G23499T;T23507A;C23530T;A23534C;T23540G;A23566C;A23570G;A23588T;T23599G;C23604A;G23628A;A23665C;A23670C;G23675A;T23680G;A23696G;A23760C;A23772G,S:R646L;S:C649S;S:V656V;S:N658H;S:Y660D;S:A668A;S:I670V;S:T676S;S:N679K;S:P681H;S:S689N;S:A701A;S:N703T;S:V705I;S:A706A;S:I712V;S:K733T;S:D737G,66,1004,0.0657370517928286,0,
1292026,BA.2_0.05_abundance_0.05_0.2,G23499T;T23507A;C23530T;A23534C;T23540G;A23566C;A23570G;A23588T;T23599G;C23604A;G23628A;A23665C;A23670C;G23675A;T23680G;A23696G;A23760C;A23772G;C23809T;A23810C,S:R646L;S:C649S;S:V656V;S:N658H;S:Y660D;S:A668A;S:I670V;S:T676S;S:N679K;S:P681H;S:S689N;S:A701A;S:N703T;S:V705I;S:A706A;S:I712V;S:K733T;S:D737G;S:C749C;S:S750R,24,290,0.0827586206896551,0,
1292026,BA.2_0.05_abundance_0.05_0.2,G23499T;T23507A;C23530T;A23534C;T23540G;A23566C;A23570G;A23588T;T23599G;C23604A;G23628A;A23665C;A23670C;G23675A;T23680G;A23696G;A23760C;A23772G;C23809T,S:R646L;S:C649S;S:V656V;S:N658H;S:Y660D;S:A668A;S:I670V;S:T676S;S:N679K;S:P681H;S:S689N;S:A701A;S:N703T;S:V705I;S:A706A;S:I712V;S:K733T;S:D737G;S:C749C,6,358,0.0167597765363128,0,
1292026,BA.2_0.05_abundance_0.05_0.2,G23519T;T23599G;C23604A,S:A653S;S:N679K;S:P681H,214,1076,0.1988847583643122,11,BA.2.12.1:1;BA.5.2.1:2;BA.2:3;BE.1.1:1;BA.1:1;BA.1.1:1;BA.2.9:1;BA.1.15:1
1292026,BA.2_0.05_abundance_0.05_0.2,G23948T;T23956C;A24032C,S:D796Y;S:G798G;S:N824H,44,585,0.0752136752136752,0,
1292026,BA.2_0.05_abundance_0.05_0.2,G23948T;T23956C,S:D796Y;S:G798G,201,585,0.3435897435897436,49,BA.1.1:9;BA.2:24;BA.5.2.20:1;BA.1.1.2:2;BA.1.13:1;BA.2.75:1;BA.2.9:1;BA.5.2.34:1;BA.4.4:2;BA.4.6:2;BF.21:1;BE.1.1:1;BF.5:1;BQ.1.1.14:1;BA.1.18:1
1292026,BA.2_0.05_abundance_0.05_0.2,G23948T;A24032C,S:D796Y;S:N824H,55,585,0.094017094017094,0,
1292026,BA.2_0.05_abundance_0.05_0.2,T24143A;A24424T,S:L861M;S:Q954H,8,114,0.0701754385964912,2,BA.2:2
1292026,BA.2_0.05_abundance_0.05_0.2,G24740C;G24757C;C24801G;A24820T;T24829A;A24860G;A24874C;C24878G;T24887G;A24894G;T24906G;G24933A;A24950G;T24951G;C24964G;C24986T;C25000T,S:V1060L;S:V1065V;S:A1080G;S:K1086N;S:F1089L;S:T1100A;S:V1104V;S:Q1106E;S:F1109V;S:E1111G;S:I1115S;S:G1124D;S:I1130V;S:I1130R;S:N1134K;S:Q1142*;S:D1146D,242,3723,0.0650013430029546,0,
1292026,BA.2_0.05_abundance_0.05_0.2,G24740C;G24757C;C24801G;A24817T;A24820T;T24829A;A24860G;A24874C;C24878G;T24887G;A24894G;T24906G;G24933A;A24950G;T24951G;C24964G;C24986T;C25000T,S:V1060L;S:V1065V;S:A1080G;S:G1085G;S:K1086N;S:F1089L;S:T1100A;S:V1104V;S:Q1106E;S:F1109V;S:E1111G;S:I1115S;S:G1124D;S:I1130V;S:I1130R;S:N1134K;S:Q1142*;S:D1146D,62,3723,0.0166532366371206,0,
1292026,BA.2_0.05_abundance_0.05_0.2,A24817T;C25000T,S:G1085G;S:D1146D,708,3765,0.1880478087649402,8,BA.2.3:1;BA.2.56:1;BQ.1.13:1;BA.2:1;BA.5.1:1;BA.1.6:1;BA.1:2
1292026,BA.2_0.05_abundance_0.05_0.2,A24817T;C24863T;C25000T,S:G1085G;S:H1101Y;S:D1146D,42,3765,0.0111553784860557,0,
1292026,BA.2_0.05_abundance_0.05_0.2,T24869G;C25000T,S:F1103V;S:D1146D,113,3767,0.0299973453676665,2,BA.2.12.1:1;BA.2.9:1
1292026,BA.2_0.05_abundance_0.05_0.2,T24945G;C25000T,S:V1128G;S:D1146D,112,3767,0.0297318821343243,0,
1292026,BA.2_0.05_abundance_0.05_0.2,C25000T;A25045G,S:D1146D;S:S1161S,11,330,0.0333333333333333,86,BA.2:22;BA.5.5:2;BA.5.2.19:18;BA.5.2:3;BA.1.1:10;BA.1.18:3;BA.2.10:1;BA.1:3;BA.5.2.1:3;BA.5.1:9;BA.2.72:1;BF.11:5;BA.2.12.1:4;BA.5.2.26:1;BA.1.19:1
1292026,BA.2_0.05_abundance_0.05_0.2,T25343C;A25360C;A25367G;T25414C;T25461A;A25462C;C25584T;T25633A,S:S1261P;S:K1266N;S:K1269E;ORF3a:F8L;ORF3a:A23A;ORF3a:T24P;ORF3a:T64T;ORF3a:C81S,56,765,0.0732026143790849,0,
1292026,BA.2_0.05_abundance_0.05_0.2,T25343C;A25360C;A25367G;T25414C;T25461A;A25462C;C25584T,S:S1261P;S:K1266N;S:K1269E;ORF3a:F8L;ORF3a:A23A;ORF3a:T24P;ORF3a:T64T,55,1505,0.0365448504983388,0,
1292026,BA.2_0.05_abundance_0.05_0.2,C25701G;T25713G;G25753C;C25824A;A25826C;C25840G;T25861C;A25891G,ORF3a:A103A;ORF3a:Y107*;ORF3a:V121L;ORF3a:N144K;ORF3a:Y145S;ORF3a:H150D;ORF3a:C157R;ORF3a:I167V,5,102,0.0490196078431372,0,
1292026,BA.2_0.05_abundance_0.05_0.2,C26270T;G26338C,E:T9I;E:A32P,32,59,0.5423728813559322,3,BA.1.17:1;BA.1.1:1;BA.5.1:1
1292026,BA.2_0.05_abundance_0.05_0.2,C26577G;G26709A;A26838T;C26858T,M:Q19E;M:A63T;M:T106S;M:F112F,549,1622,0.3384710234278668,1,BA.2:1
1292026,BA.2_0.05_abundance_0.05_0.2,C26577G;G26709A;A26838T,M:Q19E;M:A63T;M:T106S,39,1708,0.0228337236533957,10,BA.1.1.1:2;BA.1.1:4;BA.1.18:3;BA.2:1
1292026,BA.2_0.05_abundance_0.05_0.2,C27208A;G27225T;A27246C;G27261C;C27263T;G27281A;T27291G;T27296G;A27317T;A27321C;G27327T;T27328G;A27359G;A27372G;G27382C;A27383T;T27384C;A27399G;G27420A;C27427A;G27430T;C27434A;T27483G;A27491T,ORF6:H3N;ORF6:Q8H;ORF6:L15F;ORF6:R20S;ORF6:T21I;ORF6:W27*;ORF6:D30E;ORF6:I32S;ORF6:N39I;ORF6:L40F;ORF6:K42N;ORF6:S43A;ORF6:D53G;ORF6:P57P;ORF6:D61H;ORF6:D61V;ORF6:D61D;ORF7a:K2K;ORF7a:L9L;ORF7a:L12I;ORF7a:A13S;ORF7a:T14N;ORF7a:L30L;ORF7a:E33V,23,704,0.0326704545454545,0,
1292026,BA.2_0.05_abundance_0.05_0.2,C27208A;G27225T;A27246C;G27261C;C27263T;G27281A;T27291G;T27296G;A27317T;A27321C;G27327T;T27328G;A27359G;A27372G;G27382C;A27383T;T27384C;A27399G;G27420A;C27427A;G27430T;C27434A;T27483G,ORF6:H3N;ORF6:Q8H;ORF6:L15F;ORF6:R20S;ORF6:T21I;ORF6:W27*;ORF6:D30E;ORF6:I32S;ORF6:N39I;ORF6:L40F;ORF6:K42N;ORF6:S43A;ORF6:D53G;ORF6:P57P;ORF6:D61H;ORF6:D61V;ORF6:D61D;ORF7a:K2K;ORF7a:L9L;ORF7a:L12I;ORF7a:A13S;ORF7a:T14N;ORF7a:L30L,26,955,0.0272251308900523,0,
1292026,BA.2_0.05_abundance_0.05_0.2,C27208A;G27225T;A27246C;G27261C;C27263T;G27281A;T27291G;T27296G;A27317T;A27321C;G27327T;T27328G;A27359G;A27372G;G27382C;A27383T;T27384C;A27399G;G27420A;C27427A;G27430T;C27434A;T27483G;A27491T;C27494A,ORF6:H3N;ORF6:Q8H;ORF6:L15F;ORF6:R20S;ORF6:T21I;ORF6:W27*;ORF6:D30E;ORF6:I32S;ORF6:N39I;ORF6:L40F;ORF6:K42N;ORF6:S43A;ORF6:D53G;ORF6:P57P;ORF6:D61H;ORF6:D61V;ORF6:D61D;ORF7a:K2K;ORF7a:L9L;ORF7a:L12I;ORF7a:A13S;ORF7a:T14N;ORF7a:L30L;ORF7a:E33V;ORF7a:P34H,43,436,0.0986238532110091,0,
1292026,BA.2_0.05_abundance_0.05_0.2,C27208A;G27225T;A27246C;G27261C;C27263T;G27281A;T27291G;T27296G;A27317T;A27321C;G27327T;T27328G;A27359G;A27372G;G27382C;A27383T;T27384C;A27399G;G27420A;C27427A;G27430T;C27434A,ORF6:H3N;ORF6:Q8H;ORF6:L15F;ORF6:R20S;ORF6:T21I;ORF6:W27*;ORF6:D30E;ORF6:I32S;ORF6:N39I;ORF6:L40F;ORF6:K42N;ORF6:S43A;ORF6:D53G;ORF6:P57P;ORF6:D61H;ORF6:D61V;ORF6:D61D;ORF7a:K2K;ORF7a:L9L;ORF7a:L12I;ORF7a:A13S;ORF7a:T14N,18,1110,0.0162162162162162,0,
1292026,BA.2_0.05_abundance_0.05_0.2,G27382C;A27383T;T27384C;T27409G,ORF6:D61H;ORF6:D61V;ORF6:D61D;ORF7a:F6V,35,1110,0.0315315315315315,8,BA.2:5;BH.1:1;BN.1.3:1;BA.2.3:1
1292026,BA.2_0.05_abundance_0.05_0.2,C28290G;C28311T,N:P6R;N:P13L,245,1383,0.1771511207519884,0,
1292026,BA.2_0.05_abundance_0.05_0.2,C28439T;A28446G;C28491A;C28500T;G28514T;T28524C;T28529G;A28547T;G28548C;T28561A;A28652G;A28692C;A28709C,N:L56F;N:Q58R;N:P73Q;N:T76I;N:D81Y;N:I84T;N:Y86D;N:R92*;N:R92T;N:G96G;N:K127E;N:N140T;N:I146L,46,545,0.0844036697247706,0,
1292026,BA.2_0.05_abundance_0.05_0.2,C28849G;G28881A;G28882A;G28883C,N:N192K;N:R203K;N:R203R;N:G204R,19,211,0.0900473933649289,93,BA.5.2:1;BA.1.1:2;B.1.1.1:62;BA.2:6;P.1:2;BA.4.1:3;B.1.1.117:1;BA.5.2.1:4;CH.1.1:2;BA.2.3:2;BA.2.74:1;BA.5.5:1;BA.4:1;BA.2.9:2;BA.1.17.2:1;BA.5.2.6:1;BA.1:1
1292026,BA.2_0.05_abundance_0.05_0.2,G28881A;G28882A;G28883C;T28902G,N:R203K;N:R203R;N:G204R;N:M210R,19,211,0.0900473933649289,6,BA.1.1:2;BA.1.17.2:1;C.37:1;BA.5.2:1;B.1.1.318:1
1292026,BA.2_0.05_abundance_0.05_0.2,G28881A;G28882A;G28883C;G28954T,N:R203K;N:R203R;N:G204R;N:L227F,9,198,0.0454545454545454,69,BA.2:10;BF.5:2;BA.2.9:3;BA.5.2:6;BA.1.1:3;B.1.1.7:9;BA.4:1;BA.5.2.1:5;BF.10:3;BA.5.1:3;P.1:2;B.1.1.431:1;CK.2:5;BA.1.15:2;BA.1.1.13:1;BA.1.1.2:2;BA.2.10:2;BQ.1.1:1;BA.2.38:1;BA.2.75:1;BA.1:3;B.1.177.82:1;BA.1.1.18:1;BA.4.1:1
1292026,BA.2_0.05_abundance_0.05_0.2,G29030T;T29036G;C29048G;G29058T;A29078G;A29089G;C29091A;C29118G;G29156A;C29187A;T29194G;G29202A;G29240C;A29241G;G29254T;C29259T;T29264A;G29290C;T29293G;C29304G;A29313C;C29318A;A29319T;C29330G;T29335A,N:E253*;N:S255A;N:R259G;N:R262L;N:N269D;N:Q272Q;N:A273D;N:T282S;N:G295R;N:A305E;N:F307L;N:S310N;N:E323Q;N:E323G;N:S327S;N:T329M;N:L331M;N:L339F;N:D340E;N:P344R;N:K347T;N:Q349K;N:Q349L;N:L353V;N:N354K,31,1638,0.0189255189255189,0,
1292026,BA.2_0.05_abundance_0.05_0.2,G29030T;T29036G;C29048G;G29058T;A29078G;A29089G;C29091A;C29118G;G29156A;C29187A;T29194G;G29202A;G29240C;A29241G;G29254T;C29259T;T29264A;T29293G;C29304G;A29313C;C29318A;A29319T;C29330G;T29335A,N:E253*;N:S255A;N:R259G;N:R262L;N:N269D;N:Q272Q;N:A273D;N:T282S;N:G295R;N:A305E;N:F307L;N:S310N;N:E323Q;N:E323G;N:S327S;N:T329M;N:L331M;N:D340E;N:P344R;N:K347T;N:Q349K;N:Q349L;N:L353V;N:N354K,102,1638,0.0622710622710622,0,
1292026,BA.2_0.05_abundance_0.05_0.2,G29030T;T29036G;C29048G;G29058T;A29078G;A29089G;C29091A;C29118G;G29156A;C29187A;T29194G;G29202A;G29240C;A29241G;G29254T;C29259T;T29264A;T29293G;C29304G;A29313C;C29318A;A29319T;C29330G,N:E253*;N:S255A;N:R259G;N:R262L;N:N269D;N:Q272Q;N:A273D;N:T282S;N:G295R;N:A305E;N:F307L;N:S310N;N:E323Q;N:E323G;N:S327S;N:T329M;N:L331M;N:D340E;N:P344R;N:K347T;N:Q349K;N:Q349L;N:L353V,33,2032,0.0162401574803149,0,
1292026,BA.2_0.05_abundance_0.05_0.2,A29169T;G29277T,N:K299I;N:G335V,52,2450,0.0212244897959183,0,
1292026,BA.2_0.05_abundance_0.05_0.2,A29169T;G29290C,N:K299I;N:L339F,80,2450,0.0326530612244898,0,
1292026,BA.2_0.05_abundance_0.05_0.2,G29277T;G29290C,N:G335V;N:L339F,74,2450,0.030204081632653,0,
