Date,Site,Nt Mutations,AA Mutations,Support DP,Total DP,Combined Freq,Overall Occurrence,Lineage Occurrence
1012026,BA.2_0.04_abundance_0.1,T670G;G903C,ORF1a:S135R;ORF1a:C213S,57,218,0.2614678899082568,1,BQ.1.1.7:1
1012026,BA.2_0.04_abundance_0.1,T670G;A869T;G903C,ORF1a:S135R;ORF1a:K202*;ORF1a:C213S,6,218,0.0275229357798165,0,
1012026,BA.2_0.04_abundance_0.1,T670G;A869T,ORF1a:S135R;ORF1a:K202*,21,232,0.0905172413793103,1,BA.5.2.6:1
1012026,BA.2_0.04_abundance_0.1,A869T;G903C,ORF1a:K202*;ORF1a:C213S,81,2211,0.0366350067842605,0,
1012026,BA.2_0.04_abundance_0.1,T2256A;A2541G,ORF1a:I664N;ORF1a:K759R,12,1151,0.0104257167680278,0,
1012026,BA.2_0.04_abundance_0.1,G2323T;A2541G,ORF1a:L686F;ORF1a:K759R,14,1151,0.0121633362293657,0,
1012026,BA.2_0.04_abundance_0.1,A2541G;T2850C,ORF1a:K759R;ORF1a:V862A,11,55,0.2,0,
1012026,BA.2_0.04_abundance_0.1,G2946T;C3037T,ORF1a:G894V;ORF1a:F924F,148,577,0.2564991334488735,102,BA.2:1;B.1:1;AY.4.2:2;BA.5.2:1;BA.5.1.10:1;BA.1.17.2:1;AY.26:7;AY.46:1;AY.3:1;BA.1.1.14:2;AY.25:1;AY.4:4;AY.103:68;AY.47:2;BA.1.15:1;B.1.1:1;B.1.1.7:1;BA.1.18:3;AY.112:1;AY.100:1;AY.102:1
1012026,BA.2_0.04_abundance_0.1,G2946T;C3037T;C3096T,ORF1a:G894V;ORF1a:F924F;ORF1a:S944L,18,540,0.0333333333333333,0,
1012026,BA.2_0.04_abundance_0.1,T7356G;T7613C,ORF1a:L2364R;ORF1a:W2450R,7,401,0.0174563591022443,0,
1012026,BA.2_0.04_abundance_0.1,A7929C;G7936A,ORF1a:K2555T;ORF1a:A2557A,50,1303,0.0383729854182655,2,B.1.1.7:2
1012026,BA.2_0.04_abundance_0.1,A8339G;T8409G,ORF1a:I2692V;ORF1a:V2715G,8,218,0.036697247706422,0,
1012026,BA.2_0.04_abundance_0.1,G8977A;A9025T,ORF1a:E2904E;ORF1a:T2920T,17,898,0.0189309576837416,0,
1012026,BA.2_0.04_abundance_0.1,A9025T;T9100G,ORF1a:T2920T;ORF1a:Y2945*,62,898,0.0690423162583518,0,
1012026,BA.2_0.04_abundance_0.1,C9344T;A9424G;C9442G;C9534T,ORF1a:L3027F;ORF1a:V3053V;ORF1a:C3059W;ORF1a:T3090I,183,1267,0.1444356748224151,0,
1012026,BA.2_0.04_abundance_0.1,C9344T;A9424G;T9475C;C9534T,ORF1a:L3027F;ORF1a:V3053V;ORF1a:A3070A;ORF1a:T3090I,28,1267,0.0220994475138121,541,BA.2.12.1:479;BA.2.9:8;BA.4:1;BA.2:38;BE.1.4.4:1;BF.5:2;BA.5.2:2;BA.4.1:1;BV.1:1;BA.5.1:2;BA.2.10:1;BE.1.1:3;BA.5.1.30:1;BQ.1:1
1012026,BA.2_0.04_abundance_0.1,C9344T;A9424G;C9442G,ORF1a:L3027F;ORF1a:V3053V;ORF1a:C3059W,35,1496,0.0233957219251336,0,
1012026,BA.2_0.04_abundance_0.1,A11978G;C12068T,ORF1a:T3905A;ORF1a:L3935L,397,1582,0.2509481668773704,0,
1012026,BA.2_0.04_abundance_0.1,T12836C;C12880T;T12953C,ORF1a:L4191L;ORF1a:I4205I;ORF1a:F4230L,35,1512,0.0231481481481481,0,
1012026,BA.2_0.04_abundance_0.1,T12836C;C12880T,ORF1a:L4191L;ORF1a:I4205I,25,1513,0.0165234633179114,36,BA.4.6:2;BA.2.13:1;BA.5.1:3;BA.5.2:2;BF.7:1;BA.5.2.1:12;BA.2.9:1;BA.2.12.1:2;BA.2.65:1;BA.5.1.23:3;BE.1.3:1;BQ.1:2;BA.5.2.6:1;BA.2.2:1;BA.5.2.20:2;BA.2:1
1012026,BA.2_0.04_abundance_0.1,T12836C;C12880T;A12927G;T12953C,ORF1a:L4191L;ORF1a:I4205I;ORF1a:K4221R;ORF1a:F4230L,22,1512,0.0145502645502645,0,
1012026,BA.2_0.04_abundance_0.1,C12880T;T12953C,ORF1a:I4205I;ORF1a:F4230L,557,1512,0.3683862433862434,1,BA.4.6:1
1012026,BA.2_0.04_abundance_0.1,C12880T;A12927G;T12953C,ORF1a:I4205I;ORF1a:K4221R;ORF1a:F4230L,217,1512,0.1435185185185185,0,
1012026,BA.2_0.04_abundance_0.1,C12880T;A12927G,ORF1a:I4205I;ORF1a:K4221R,159,1513,0.1050892267019167,118,BF.27:1;BA.2.52:1;BA.5.1:5;BA.5.2:11;BA.2.9:8;BA.2:45;BA.2.12.1:29;BQ.1.1:1;BA.5.2.1:2;BF.7.4:5;BA.5:1;BA.5.2.9:3;BA.5.2.13:1;BA.5.2.28:1;BA.2.75:1;BA.5.3.2:1;XAF:1;CM.2:1
1012026,BA.2_0.04_abundance_0.1,C12880T;A12927G;T12947C;T12953C,ORF1a:I4205I;ORF1a:K4221R;ORF1a:L4228L;ORF1a:F4230L,20,1512,0.0132275132275132,0,
1012026,BA.2_0.04_abundance_0.1,C12880T;T12947C;T12953C,ORF1a:I4205I;ORF1a:L4228L;ORF1a:F4230L,58,1512,0.0383597883597883,0,
1012026,BA.2_0.04_abundance_0.1,C12880T;T12947C,ORF1a:I4205I;ORF1a:L4228L,37,1513,0.0244547257105089,201,BA.2.9:5;BA.5.2:13;BA.2.23:38;BA.5.1:2;BA.5.2.1:44;BQ.1.3:13;BA.2.12.1:2;BA.2:30;BA.2.75:13;BA.5.1.25:1;BA.5.1.10:1;BA.5.2.26:1;BF.5:1;XBB.1:4;BA.2.81:1;BF.7:2;BA.2.12:3;BA.2.24:1;BF.10:3;BE.1:4;CH.1.1:2;BQ.1.2:1;BA.5.2.6:1;BA.2.36:2;BA.2.10.2:1;BE.1.4:3;BA.2.56:1;XAZ:1;BQ.1.1.4:3;BA.5:1;BA.5.2.21:3
1012026,BA.2_0.04_abundance_0.1,T13389G;T13524G,ORF1a:M4375R;ORF1b:T19T,111,1504,0.0738031914893617,0,
1012026,BA.2_0.04_abundance_0.1,C14408T;C14411A,ORF1b:P314L;ORF1b:T315K,446,862,0.5174013921113689,6,B.1:1;BA.1:4;BA.1.15:1
1012026,BA.2_0.04_abundance_0.1,C14408T;C14411A;A14421C,ORF1b:P314L;ORF1b:T315K;ORF1b:G318G,64,862,0.074245939675174,0,
1012026,BA.2_0.04_abundance_0.1,C14408T;A14421C,ORF1b:P314L;ORF1b:G318G,48,862,0.0556844547563805,9,AY.68:1;AY.103:4;B.1.1.306:2;AY.4:1;AY.29.1:1
1012026,BA.2_0.04_abundance_0.1,G14638A;C14649G;A14681G,ORF1b:A391T;ORF1b:N394K;ORF1b:N405S,45,882,0.0510204081632653,0,
1012026,BA.2_0.04_abundance_0.1,G14638A;A14681G,ORF1b:A391T;ORF1b:N405S,127,882,0.1439909297052154,0,
1012026,BA.2_0.04_abundance_0.1,G14638A;C14649G,ORF1b:A391T;ORF1b:N394K,62,882,0.0702947845804988,0,
1012026,BA.2_0.04_abundance_0.1,C14649G;A14681G,ORF1b:N394K;ORF1b:N405S,61,882,0.0691609977324263,0,
1012026,BA.2_0.04_abundance_0.1,A15548T;C15714T,ORF1b:N694I;ORF1b:L749L,532,5688,0.0935302390998593,1,BA.5.1.4:1
1012026,BA.2_0.04_abundance_0.1,T15661A;C15714T,ORF1b:F732I;ORF1b:L749L,430,5692,0.0755446240337315,43,BE.1.2:43
1012026,BA.2_0.04_abundance_0.1,C17410T;G17602A,ORF1b:R1315C;ORF1b:V1379I,8,153,0.0522875816993464,178,BA.2.3:3;AY.117:3;BA.5.1:23;BA.4.1:3;BA.5.1.23:1;BA.2.12.1:16;BA.5.2.1:21;BF.7.9:1;BA.2:13;BA.5:2;BF.7:49;BF.8:13;BA.5.2:10;BF.10:3;BA.5.1.3:3;XBB.3:1;BA.5.1.6:2;BA.4:1;BA.2.10:1;BA.2.9:4;BF.26:1;BA.5.2.20:2;BA.5.2.21:1;BA.5.5:1
1012026,BA.2_0.04_abundance_0.1,T18446G;T18628C,ORF1b:V1660G;ORF1b:Y1721H,8,278,0.0287769784172661,0,
1012026,BA.2_0.04_abundance_0.1,A22145C;T22200G;C22236A,S:K195Q;S:V213G;S:P225Q,50,681,0.0734214390602055,0,
1012026,BA.2_0.04_abundance_0.1,A22145C;T22200G,S:K195Q;S:V213G,15,728,0.0206043956043956,0,
1012026,BA.2_0.04_abundance_0.1,A22182T;T22200G;C22236A,S:H207L;S:V213G;S:P225Q,11,681,0.0161527165932452,0,
1012026,BA.2_0.04_abundance_0.1,T22200G;C22236A,S:V213G;S:P225Q,489,681,0.7180616740088106,1,BA.1:1
1012026,BA.2_0.04_abundance_0.1,C22674T;T22679C;C22686T;A22688G;G22772T;G22775A;A22786C;G22813T,S:S371F;S:S373P;S:S375F;S:T376A;S:G404C;S:D405N;S:R408S;S:K417N,58,647,0.0896445131375579,1,BA.2.12.1:1
1012026,BA.2_0.04_abundance_0.1,A23378T;A23403G,S:N606Y;S:D614G,982,2988,0.3286479250334672,46,AY.125:1;AY.4:11;AY.103:10;AY.36:1;AY.25:3;B.1.1.7:3;BA.1.1:2;P.1:3;AY.43.1:2;BA.5.2:1;BA.2:1;AY.3:1;BA.4.6:1;AY.94:2;BA.5.1.16:1;B.1.1:2;AY.100:1
1012026,BA.2_0.04_abundance_0.1,A23378T;T23391G;A23403G,S:N606Y;S:V610G;S:D614G,64,2988,0.0214190093708166,0,
1012026,BA.2_0.04_abundance_0.1,T23391G;A23403G,S:V610G;S:D614G,92,2991,0.0307589434971581,0,
1012026,BA.2_0.04_abundance_0.1,A24177T;A24424T,S:Q872L;S:Q954H,26,144,0.1805555555555555,8,BA.1:2;BA.4.6:1;BA.1.1:2;BE.1:1;XBB.2:1;BA.5.1.3:1
1012026,BA.2_0.04_abundance_0.1,T24469A;G24570A,S:N969K;S:S1003N,20,654,0.0305810397553516,39,BA.5.1:10;BA.2:5;BA.5.2.20:1;BA.2.76:1;BA.5.2:11;BA.5.2.1:2;BF.5:1;BA.5:1;BA.5.2.34:1;BF.28:1;BF.10:2;BA.5.5:2;BQ.1.1.4:1
1012026,BA.2_0.04_abundance_0.1,T25343G;C25584T,S:S1261A;ORF3a:T64T,149,2903,0.0513262142611092,23,BA.2:5;BA.5.2.27:2;BF.31:1;BA.2.9:1;BA.2.36:3;BA.5.1:3;BA.1:2;BA.2.32:1;BA.1.15.1:1;BA.1.18:1;BA.1.1:2;BA.5.1.10:1
1012026,BA.2_0.04_abundance_0.1,C26577G;T26694C;G26709A;C26735T;C26858T,M:Q19E;M:W58R;M:A63T;M:Y71Y;M:F112F,135,1690,0.0798816568047337,0,
1012026,BA.2_0.04_abundance_0.1,C26577G;T26694C;G26709A;C26735T,M:Q19E;M:W58R;M:A63T;M:Y71Y,26,1930,0.0134715025906735,0,
1012026,BA.2_0.04_abundance_0.1,C26577G;T26694C;G26709A;C26858T,M:Q19E;M:W58R;M:A63T;M:F112F,900,1690,0.5325443786982249,0,
1012026,BA.2_0.04_abundance_0.1,C26577G;T26694C;G26709A,M:Q19E;M:W58R;M:A63T,139,1930,0.072020725388601,3,BA.5.2.1:1;BA.1.15:2
1012026,BA.2_0.04_abundance_0.1,G27281T;G27382C;A27383T;T27384C;T27464C,ORF6:W27L;ORF6:D61H;ORF6:D61V;ORF6:D61D;ORF7a:V24A,59,634,0.0930599369085173,0,
1012026,BA.2_0.04_abundance_0.1,G27281T;G27382C;A27383T;T27384C,ORF6:W27L;ORF6:D61H;ORF6:D61V;ORF6:D61D,254,642,0.3956386292834891,610,BA.2.12.1:27;BA.4.6:22;BA.4.1:19;BN.1.1:1;BA.4:4;BA.2.75:43;BA.2:357;BA.2.3.14:2;BA.2.2:1;BA.2.8:1;BA.2.9:22;BA.2.3:17;BA.2.66:1;XBB.1:22;AY.120:1;BA.2.3.1:20;BA.2.10.1:2;BA.2.76:1;BA.4.4:1;BA.2.40.1:2;BA.2.3.2:1;BA.2.18:15;BA.2.11:3;BA.2.21:5;BA.2.9.4:1;BA.2.23:2;BA.2.3.17:2;BA.2.49:1;BN.1.3:1;BN.1.4:1;B.1.617.2:3;BA.2.29:2;BA.2.13:1;BA.2.9.5:1;BA.2.65:1;AY.5:3;BA.4.6.5:1
1012026,BA.2_0.04_abundance_0.1,G27382C;A27383T;T27384C;T27464C,ORF6:D61H;ORF6:D61V;ORF6:D61D;ORF7a:V24A,37,635,0.058267716535433,42,BA.2:25;XE:16;BA.2.12.1:1
1012026,BA.2_0.04_abundance_0.1,A28295G;C28311T,N:N8D;N:P13L,54,1469,0.0367597004765146,546,BA.2.9:6;BA.1.1.18:8;BA.5.2:213;BF.5:154;BF.26:14;BA.5.1:9;BQ.1:1;BE.1.1:10;BQ.1.12:1;BA.2.12.1:3;BD.1:1;BA.1.1:50;BA.2:38;BA.2.3:1;BA.5.2.1:6;BF.7.6:3;BA.5.5:3;BA.5.2.2:4;BF.7.4.1:2;BA.1:3;BA.2.75:2;BQ.1.8.2:1;BA.1.20:2;BA.2.10:1;BA.1.15:6;B.1.1.7:1;BG.5:1;BA.1.18:1;C.37:1
1012026,BA.2_0.04_abundance_0.1,C28311T;C28422G,N:P13L;N:A50G,177,904,0.1957964601769911,5,BA.1.1:2;BA.2:1;B.1.617.2:1;BA.5.3.1:1
1012026,BA.2_0.04_abundance_0.1,C28422G;G28580T,N:A50G;N:D103Y,5,219,0.0228310502283105,0,
1082026,BA.2_0.04_abundance_0.1,T1865C;T1893C,ORF1a:Y534H;ORF1a:V543A,135,1913,0.0705697856769472,0,
1082026,BA.2_0.04_abundance_0.1,A2133G;G2185C,ORF1a:K623R;ORF1a:E640D,7,660,0.0106060606060606,0,
1082026,BA.2_0.04_abundance_0.1,C3811A;T3873G,ORF1a:L1182L;ORF1a:I1203S,29,1429,0.020293911826452,0,
1082026,BA.2_0.04_abundance_0.1,C3811A;G3875A,ORF1a:L1182L;ORF1a:A1204T,102,1429,0.0713785864240727,2,BE.1:2
1082026,BA.2_0.04_abundance_0.1,T3873G;G3875A,ORF1a:I1203S;ORF1a:A1204T,97,2117,0.0458195559754369,0,
1082026,BA.2_0.04_abundance_0.1,A4413T;A4493C,ORF1a:E1383V;ORF1a:K1410Q,125,1731,0.072212593876372,0,
1082026,BA.2_0.04_abundance_0.1,A4413T;A4459T,ORF1a:E1383V;ORF1a:I1398I,32,1731,0.0184864240323512,0,
1082026,BA.2_0.04_abundance_0.1,A4459T;A4493C,ORF1a:I1398I;ORF1a:K1410Q,25,1731,0.0144425187752744,0,
1082026,BA.2_0.04_abundance_0.1,T7439G;T7464G,ORF1a:Y2392D;ORF1a:V2400G,18,462,0.0389610389610389,0,
1082026,BA.2_0.04_abundance_0.1,G8048A;A8291C,ORF1a:V2595I;ORF1a:T2676P,67,2575,0.0260194174757281,0,
1082026,BA.2_0.04_abundance_0.1,G8075A;A8291C,ORF1a:V2604I;ORF1a:T2676P,29,2575,0.01126213592233,0,
1082026,BA.2_0.04_abundance_0.1,A8291C;G8353A,ORF1a:T2676P;ORF1a:A2696A,17,214,0.0794392523364486,0,
1082026,BA.2_0.04_abundance_0.1,G8353A;A8443C,ORF1a:A2696A;ORF1a:R2726R,5,224,0.0223214285714285,0,
1082026,BA.2_0.04_abundance_0.1,G9017C;G9095T,ORF1a:E2918Q;ORF1a:A2944S,425,1164,0.3651202749140893,0,
1082026,BA.2_0.04_abundance_0.1,C9281T;C9344T;A9424G;A9507G;C9534T,ORF1a:L3006F;ORF1a:L3027F;ORF1a:V3053V;ORF1a:N3081S;ORF1a:T3090I,279,1349,0.206819866567828,0,
1082026,BA.2_0.04_abundance_0.1,C9281T;C9344T;A9424G;C9534T,ORF1a:L3006F;ORF1a:L3027F;ORF1a:V3053V;ORF1a:T3090I,73,1349,0.0541141586360266,11,BA.2.9:1;BA.2.12.1:2;BA.5.2.1:2;BA.2.10:1;BQ.1.12:1;BA.5:1;BA.5.1:1;BA.2:2
1082026,BA.2_0.04_abundance_0.1,C9281T;C9344T;A9424G,ORF1a:L3006F;ORF1a:L3027F;ORF1a:V3053V,30,1616,0.0185643564356435,11,BA.2.9:1;BA.2.12.1:2;BA.5.2.1:2;BA.2.10:1;BQ.1.12:1;BA.5:1;BA.5.1:1;BA.2:2
1082026,BA.2_0.04_abundance_0.1,C9281T;C9344T;A9424G;A9507G,ORF1a:L3006F;ORF1a:L3027F;ORF1a:V3053V;ORF1a:N3081S,39,1516,0.0257255936675461,0,
1082026,BA.2_0.04_abundance_0.1,C9344T;A9424G;A9507G;C9534T,ORF1a:L3027F;ORF1a:V3053V;ORF1a:N3081S;ORF1a:T3090I,732,1349,0.5426241660489252,70,BA.2.9:16;BA.2:41;BA.2.42:1;BA.2.75:3;BA.5.2.1:1;BA.2.12.1:2;BF.5:4;BF.22:1;BA.2.3:1
1082026,BA.2_0.04_abundance_0.1,C9344T;A9424G;A9507G,ORF1a:L3027F;ORF1a:V3053V;ORF1a:N3081S,112,1516,0.0738786279683377,70,BA.2.9:16;BA.2:41;BA.2.42:1;BA.2.75:3;BA.5.2.1:1;BA.2.12.1:2;BF.5:4;BF.22:1;BA.2.3:1
1082026,BA.2_0.04_abundance_0.1,A9507G;C9534T,ORF1a:N3081S;ORF1a:T3090I,37,1410,0.026241134751773,71,BA.2:42;BA.2.9:16;BA.2.12.1:2;BF.5:4;BA.2.3:1;BA.2.75:3;BF.22:1;BA.2.42:1;BA.5.2.1:1
1082026,BA.2_0.04_abundance_0.1,A9507G;C9534T;T9723A,ORF1a:N3081S;ORF1a:T3090I;ORF1a:F3153Y,6,59,0.1016949152542373,0,
1082026,BA.2_0.04_abundance_0.1,C9534T;A9716G,ORF1a:T3090I;ORF1a:K3151E,31,457,0.0678336980306345,0,
1082026,BA.2_0.04_abundance_0.1,C9534T;A9716G;T9723A,ORF1a:T3090I;ORF1a:K3151E;ORF1a:F3153Y,6,425,0.0141176470588235,0,
1082026,BA.2_0.04_abundance_0.1,C9534T;T9723A,ORF1a:T3090I;ORF1a:F3153Y,71,425,0.1670588235294117,9,BA.5.2:8;BF.8:1
1082026,BA.2_0.04_abundance_0.1,T12343A;T12430C,ORF1a:T4026T;ORF1a:G4055G,154,1521,0.1012491781722551,0,
1082026,BA.2_0.04_abundance_0.1,T12343A;T12366C;T12430C,ORF1a:T4026T;ORF1a:F4034S;ORF1a:G4055G,23,1521,0.0151216305062458,0,
1082026,BA.2_0.04_abundance_0.1,T12366C;T12430C,ORF1a:F4034S;ORF1a:G4055G,81,1521,0.0532544378698224,0,
1082026,BA.2_0.04_abundance_0.1,A12825C;C12880T,ORF1a:D4187A;ORF1a:I4205I,631,1774,0.3556933483652762,2,BA.2:2
1082026,BA.2_0.04_abundance_0.1,A12825C;C12880T;A12956C,ORF1a:D4187A;ORF1a:I4205I;ORF1a:I4231L,159,1675,0.0949253731343283,0,
1082026,BA.2_0.04_abundance_0.1,C12880T;A12956C,ORF1a:I4205I;ORF1a:I4231L,194,1676,0.1157517899761336,0,
1082026,BA.2_0.04_abundance_0.1,C14405A;C14408T,ORF1b:P313Q;ORF1b:P314L,755,1338,0.5642750373692078,2,B.1.466.2:1;B.1.367:1
1082026,BA.2_0.04_abundance_0.1,A15210C;C15371A,ORF1b:G581G;ORF1b:T635K,20,1275,0.0156862745098039,0,
1082026,BA.2_0.04_abundance_0.1,T15330C;C15371A,ORF1b:L621L;ORF1b:T635K,100,2185,0.045766590389016,0,
1082026,BA.2_0.04_abundance_0.1,C16193G;T16366C,ORF1b:P909R;ORF1b:S967P,6,433,0.0138568129330254,0,
1082026,BA.2_0.04_abundance_0.1,G16858A;A16953C;C17004G,ORF1b:A1131T;ORF1b:T1162T;ORF1b:L1179L,346,2133,0.1622128457571495,0,
1082026,BA.2_0.04_abundance_0.1,G16858A;A16953C,ORF1b:A1131T;ORF1b:T1162T,210,2300,0.0913043478260869,0,
1082026,BA.2_0.04_abundance_0.1,G16858A;C17004G,ORF1b:A1131T;ORF1b:L1179L,110,2133,0.0515705578996718,0,
1082026,BA.2_0.04_abundance_0.1,A16953C;C17004G,ORF1b:T1162T;ORF1b:L1179L,732,2133,0.3431786216596343,0,
1082026,BA.2_0.04_abundance_0.1,G17371T;C17410T,ORF1b:A1302S;ORF1b:R1315C,97,1337,0.0725504861630516,57,BA.5.1.12:1;BE.1.1:2;BF.7:16;BA.2:14;BA.5.2.1:8;BA.5.1.22:1;BA.5.2:2;BA.2.3:2;BA.2.9:1;BE.3:2;BA.5.1.3:1;BA.5.6.1:1;BA.5.1.6:1;BA.5.2.9:1;BA.2.3.11:1;BA.5.5:2;BQ.1.14:1
1082026,BA.2_0.04_abundance_0.1,A17376C;C17410T,ORF1b:T1303T;ORF1b:R1315C,84,1337,0.06282722513089,3,BF.26:2;BA.2.76:1
1082026,BA.2_0.04_abundance_0.1,C17410T;T17514A,ORF1b:R1315C;ORF1b:C1349*,18,335,0.053731343283582,0,
1082026,BA.2_0.04_abundance_0.1,T19766G;G19771A,ORF1b:L2100*;ORF1b:V2102I,8,105,0.0761904761904762,0,
1082026,BA.2_0.04_abundance_0.1,T21787G;G21987A,S:G75G;S:G142D,59,1183,0.0498732037193575,1,AY.122:1
1082026,BA.2_0.04_abundance_0.1,T22200G;T22220A,S:V213G;S:F220I,73,370,0.1972972972972973,31,BA.2.9:6;BA.2:12;BQ.1.1.22:10;BA.2.10:2;BQ.1.1:1
1082026,BA.2_0.04_abundance_0.1,T23287G;A23403G;T23407A,S:A575A;S:D614G;S:V615V,11,622,0.017684887459807,0,
1082026,BA.2_0.04_abundance_0.1,A23403G;T23407A,S:D614G;S:V615V,135,622,0.2170418006430868,113,AY.4:109;BA.1.1:2;BA.1:1;BA.5.2:1
1082026,BA.2_0.04_abundance_0.1,A23552T;T23599G;C23604A,S:I664L;S:N679K;S:P681H,60,109,0.5504587155963303,4,BA.1:2;BU.1:1;BA.5.1.25:1
1082026,BA.2_0.04_abundance_0.1,A24424T;T24552G,S:Q954H;S:I997S,79,210,0.3761904761904762,0,
1082026,BA.2_0.04_abundance_0.1,A24424T;A24518T;T24552G,S:Q954H;S:K986*;S:I997S,56,210,0.2666666666666666,0,
1082026,BA.2_0.04_abundance_0.1,A24424T;A24518T,S:Q954H;S:K986*,29,210,0.1380952380952381,2,BA.2.12.1:1;BA.1.15:1
1082026,BA.2_0.04_abundance_0.1,A24518T;T24552G,S:K986*;S:I997S,187,855,0.2187134502923976,0,
1082026,BA.2_0.04_abundance_0.1,A27259C;A27383T;T27384C;T27484A,ORF6:R20R;ORF6:D61V;ORF6:D61D;ORF7a:L31I,561,948,0.5917721518987342,8,BA.2:1;CH.1.1:1;BA.2.9:3;BA.2.12.1:1;BA.2.36:2
1082026,BA.2_0.04_abundance_0.1,G27561A;T27696G,ORF7a:L56L;ORF7a:F101L,6,49,0.1224489795918367,0,
1082026,BA.2_0.04_abundance_0.1,T28759G;G28881A;G28882A;G28883C,N:P162P;N:R203K;N:R203R;N:G204R,7,23,0.3043478260869565,78,BA.2:20;B.1.1.7:11;BA.1.1.13:6;BA.1:5;BA.2.3:3;BA.1.1:14;BA.5:1;B.1.1:2;BA.5.2.3:1;BA.5.2.1:5;P.1.16:1;BA.5.1.1:2;BA.5.2.6:1;B.1.1.157:1;BA.2.12.1:2;BA.1.17.2:1;BA.5.5:1;BE.1.1:1
1152026,BA.2_0.04_abundance_0.1,T490G;T588C;T670G,ORF1a:D75E;ORF1a:V108A;ORF1a:S135R,254,1572,0.1615776081424936,0,
1152026,BA.2_0.04_abundance_0.1,T490G;T670G,ORF1a:D75E;ORF1a:S135R,212,1572,0.1348600508905852,6,BA.2:2;BA.4.6.5:2;BA.2.12.1:1;BA.5.1:1
1152026,BA.2_0.04_abundance_0.1,T490G;T588C,ORF1a:D75E;ORF1a:V108A,21,1653,0.0127041742286751,0,
1152026,BA.2_0.04_abundance_0.1,T670G;A756T,ORF1a:S135R;ORF1a:K164I,14,230,0.0608695652173913,3,BA.2.3.9:1;BF.7.8:1;BE.1.4:1
1152026,BA.2_0.04_abundance_0.1,T1073A;C1259A,ORF1a:C270S;ORF1a:Q332K,25,1432,0.0174581005586592,0,
1152026,BA.2_0.04_abundance_0.1,G7693A;C7851G,ORF1a:Q2476Q;ORF1a:A2529G,16,255,0.0627450980392156,0,
1152026,BA.2_0.04_abundance_0.1,C10419G;G10447A,ORF1a:P3385R;ORF1a:R3394R,14,319,0.0438871473354232,0,
1152026,BA.2_0.04_abundance_0.1,T12852G;C12880T,ORF1a:F4196C;ORF1a:I4205I,115,1784,0.0644618834080717,0,
1152026,BA.2_0.04_abundance_0.1,C13197G;G13257A,ORF1a:T4311R;ORF1a:R4331H,78,2465,0.0316430020283975,0,
1152026,BA.2_0.04_abundance_0.1,C13197G;G13230C,ORF1a:T4311R;ORF1a:G4322A,39,2647,0.0147336607480166,0,
1152026,BA.2_0.04_abundance_0.1,G13230C;G13257A,ORF1a:G4322A;ORF1a:R4331H,107,2465,0.0434077079107505,0,
1152026,BA.2_0.04_abundance_0.1,C14408T;T14496G,ORF1b:P314L;ORF1b:G343G,254,1753,0.1448944666286366,4,AY.104:1;BA.2:1;AY.4:1;B.1.1.7:1
1152026,BA.2_0.04_abundance_0.1,T15595G;C15714T,ORF1b:Y710D;ORF1b:L749L,160,4268,0.0374882849109653,7,BF.7:1;BA.5.2.1:5;BF.7.4:1
1152026,BA.2_0.04_abundance_0.1,T16015A;G16065T,ORF1b:F850I;ORF1b:Q866H,897,2184,0.4107142857142857,0,
1152026,BA.2_0.04_abundance_0.1,T16249A;T16473G,ORF1b:C928S;ORF1b:I1002M,7,116,0.0603448275862069,0,
1152026,BA.2_0.04_abundance_0.1,T16249A;A16356G,ORF1b:C928S;ORF1b:K963K,5,450,0.0111111111111111,0,
1152026,BA.2_0.04_abundance_0.1,T17209A;A17289T;C17410T,ORF1b:L1248M;ORF1b:T1274T;ORF1b:R1315C,24,2044,0.0117416829745596,0,
1152026,BA.2_0.04_abundance_0.1,T17209A;C17410T,ORF1b:L1248M;ORF1b:R1315C,146,2044,0.0714285714285714,1,BE.1:1
1152026,BA.2_0.04_abundance_0.1,A17289T;C17410T,ORF1b:T1274T;ORF1b:R1315C,334,2044,0.1634050880626223,1,BA.2:1
1152026,BA.2_0.04_abundance_0.1,C17410T;T17599G,ORF1b:R1315C;ORF1b:L1378V,11,185,0.0594594594594594,0,
1152026,BA.2_0.04_abundance_0.1,G18074C;A18163G,ORF1b:S1536T;ORF1b:I1566V,55,596,0.0922818791946308,0,
1152026,BA.2_0.04_abundance_0.1,A19012G;A19051C,ORF1b:K1849E;ORF1b:I1862L,237,1005,0.235820895522388,0,
1152026,BA.2_0.04_abundance_0.1,G21941C;G21987A,S:V127L;S:G142D,698,2006,0.3479561316051844,7,BA.5.2:5;AY.69:1;B.1.617.2:1
1152026,BA.2_0.04_abundance_0.1,C23525T;T23584A;T23599G;C23604A,S:H655Y;S:Y674*;S:N679K;S:P681H,74,654,0.1131498470948012,0,
1152026,BA.2_0.04_abundance_0.1,C23854A;G23948T;C24044A,S:N764K;S:D796Y;S:L828I,70,921,0.0760043431053203,45,BA.1.20:2;BA.2.75:2;BA.2:3;BA.5.2.1:2;BA.2.10.1:1;BA.1.1:11;BA.1:2;BA.5.1:14;BA.5.2:1;BF.10:2;BF.5:1;BF.4:1;BA.5.5:1;BA.5.6:1;BA.1.1.1:1
1152026,BA.2_0.04_abundance_0.1,C23854A;G23948T;T24115A,S:N764K;S:D796Y;S:C851*,29,864,0.0335648148148148,0,
1152026,BA.2_0.04_abundance_0.1,T24295G;A24424T,S:V911V;S:Q954H,56,366,0.1530054644808743,5,BA.2.9:5
1152026,BA.2_0.04_abundance_0.1,A24779T;C25000T,S:K1073*;S:D1146D,163,3679,0.044305517803751,0,
1152026,BA.2_0.04_abundance_0.1,T26012G;C26270T,ORF3a:F207C;E:T9I,11,548,0.0200729927007299,76,BA.1.1.15:3;BA.1.1.2:1;BA.2:20;BA.5.2.1:6;BA.5.2.12:21;CQ.2:3;BA.1.1:6;BQ.1.1:7;BA.2.6:5;BA.2.12.1:1;BA.5.2.6:2;BF.5:1
1152026,BA.2_0.04_abundance_0.1,A26053G;C26270T,ORF3a:T221A;E:T9I,12,548,0.0218978102189781,353,B.1.1.7:1;BA.4.1:29;BA.1.1.18:4;BA.1.15:25;BA.5.1:15;BA.1.1:94;BA.1:27;BA.2:76;BA.1.1.1:17;BA.2.9:6;BA.1.19:5;BA.2.12.1:6;BE.1.3:2;BA.5.2.1:1;BA.5.2:12;BA.5.1.3:2;BA.5.1.24:3;BA.5.6:3;BA.2.10:2;BA.1.17.2:8;BF.7:4;BA.5.2.27:1;BF.10:1;BA.4:1;BA.1.14:1;BA.5.1.1:1;BA.2.37:1;BA.1.1.15:2;BA.2.3.1:1;BA.4.6:1;BA.5.1.25:1
1152026,BA.2_0.04_abundance_0.1,C26270T;T26418C,E:T9I;E:V58V,7,94,0.0744680851063829,73,BA.5.1.31:1;BA.2.13.1:2;BA.2.9:2;BA.5.2:1;BA.1:41;BA.5.2.35:2;BA.5.1:4;BA.1.1:14;BA.1.17.2:2;BA.1.17:1;BA.2.12.1:1;BA.2:1;BA.1.15:1
1152026,BA.2_0.04_abundance_0.1,C26577G;T26602G;G26709A;C26858T,M:Q19E;M:L27R;M:A63T;M:F112F,203,2950,0.0688135593220339,0,
1152026,BA.2_0.04_abundance_0.1,C26577G;G26596C;G26709A;C26858T,M:Q19E;M:G25A;M:A63T;M:F112F,611,2950,0.2071186440677966,0,
1152026,BA.2_0.04_abundance_0.1,C26577G;G26596C;G26709A,M:Q19E;M:G25A;M:A63T,109,3338,0.0326542840023966,3,BA.1.1.9:1;BQ.1.1:2
1152026,BA.2_0.04_abundance_0.1,C26577G;G26709A;T26783G;C26858T,M:Q19E;M:A63T;M:L87L;M:F112F,80,2950,0.0271186440677966,21,BA.2:20;BA.2.10:1
1152026,BA.2_0.04_abundance_0.1,C26577G;T26602G;G26709A,M:Q19E;M:L27R;M:A63T,34,3338,0.0101857399640503,0,
1152026,BA.2_0.04_abundance_0.1,C26577G;G26596C;T26602G;G26709A;C26858T,M:Q19E;M:G25A;M:L27R;M:A63T;M:F112F,76,2950,0.0257627118644067,0,
1152026,BA.2_0.04_abundance_0.1,C26577G;G26596C;G26709A;T26783G;C26858T,M:Q19E;M:G25A;M:A63T;M:L87L;M:F112F,32,2950,0.0108474576271186,0,
1152026,BA.2_0.04_abundance_0.1,A27224T;A27259C;G27382C;A27383T;T27384C,ORF6:Q8L;ORF6:R20R;ORF6:D61H;ORF6:D61V;ORF6:D61D,894,1421,0.6291344123856439,1,BA.2.10:1
1152026,BA.2_0.04_abundance_0.1,A27224T;A27259C,ORF6:Q8L;ORF6:R20R,29,1470,0.0197278911564625,1,BA.2.10:1
1222026,BA.2_0.04_abundance_0.1,T528G;T670G,ORF1a:L88R;ORF1a:S135R,783,1238,0.6324717285945073,7,BA.5.1:2;BA.2:1;BA.2.9:1;BA.5.2:1;BA.2.12:2
1222026,BA.2_0.04_abundance_0.1,T528G;C573T;T670G,ORF1a:L88R;ORF1a:T103I;ORF1a:S135R,129,1236,0.1043689320388349,0,
1222026,BA.2_0.04_abundance_0.1,T670G;T986A,ORF1a:S135R;ORF1a:Y241N,9,103,0.087378640776699,1,BA.5.2.1:1
1222026,BA.2_0.04_abundance_0.1,T1690G;T1826A,ORF1a:I475M;ORF1a:W521R,33,3010,0.0109634551495016,0,
1222026,BA.2_0.04_abundance_0.1,G2885T;C3037T;T3071A,ORF1a:V874F;ORF1a:F924F;ORF1a:C936S,47,641,0.0733229329173166,0,
1222026,BA.2_0.04_abundance_0.1,G2885T;C3037T;A3069T,ORF1a:V874F;ORF1a:F924F;ORF1a:D935V,28,682,0.0410557184750733,0,
1222026,BA.2_0.04_abundance_0.1,G2885T;C3037T;A3069T;T3071A,ORF1a:V874F;ORF1a:F924F;ORF1a:D935V;ORF1a:C936S,18,641,0.0280811232449297,0,
1222026,BA.2_0.04_abundance_0.1,C3037T;A3069T,ORF1a:F924F;ORF1a:D935V,64,683,0.0937042459736456,81,B.1.258:7;AY.122:1;BE.1:3;AY.100:1;AY.119:17;AY.29.2:1;B.1.1:3;P.1:1;AY.39:10;AY.25.1:2;B.1.524:1;BA.1.1:5;BA.2.12.1:5;B.1.468:1;BA.1:5;AY.25:4;B.1:1;AY.103:4;BA.1.1.1:4;B.1.1.7:1;BA.2:1;AY.92:1;AY.4.17:1;BA.1.17:1
1222026,BA.2_0.04_abundance_0.1,C3037T;A3069T;T3071A,ORF1a:F924F;ORF1a:D935V;ORF1a:C936S,36,642,0.0560747663551401,0,
1222026,BA.2_0.04_abundance_0.1,C3037T;T3071A,ORF1a:F924F;ORF1a:C936S,104,642,0.1619937694704049,206,AY.43:21;AY.101:1;AY.103:106;AY.5:1;B.1.1.317:13;CV.1:1;AY.29.2:3;BA.5.1:1;B.1:1;B.1.2:2;BA.5.2.1:4;B.1.1:4;AY.25:2;AY.25.1:2;BA.1:5;BQ.1.1:3;BA.2.9:4;AY.4:3;B.1.617.2:8;B.1.1.7:3;BA.2.3:1;BF.11.5:1;BQ.1.1.28:3;BA.5.2:1;AY.122:1;AY.70:2;BA.2.12.1:1;BA.5.1.23:1;AY.26:1;BA.5.6.2:1;BA.2.3.13:3;BA.5.1.3:1;BA.2:1
1222026,BA.2_0.04_abundance_0.1,T3648G;T3772G,ORF1a:I1128S;ORF1a:V1169V,10,94,0.1063829787234042,0,
1222026,BA.2_0.04_abundance_0.1,T4129G;A4316T,ORF1a:G1288G;ORF1a:S1351C,21,60,0.35,0,
1222026,BA.2_0.04_abundance_0.1,T4744G;G4807T,ORF1a:S1493S;ORF1a:W1514C,11,333,0.033033033033033,0,
1222026,BA.2_0.04_abundance_0.1,T8767G;G8831C,ORF1a:F2834L;ORF1a:A2856P,667,2502,0.2665867306155076,0,
1222026,BA.2_0.04_abundance_0.1,T11066A;T11082A,ORF1a:S3601T;ORF1a:L3606*,55,1173,0.0468883205456095,0,
1222026,BA.2_0.04_abundance_0.1,T11066A;T11176C,ORF1a:S3601T;ORF1a:C3637C,16,1173,0.0136402387041773,0,
1222026,BA.2_0.04_abundance_0.1,T11066A;T11082A;T11176C,ORF1a:S3601T;ORF1a:L3606*;ORF1a:C3637C,14,1173,0.0119352088661551,0,
1222026,BA.2_0.04_abundance_0.1,T11082A;T11176C,ORF1a:L3606*;ORF1a:C3637C,143,1173,0.1219096334185848,0,
1222026,BA.2_0.04_abundance_0.1,C12876T;C12880T,ORF1a:T4204I;ORF1a:I4205I,28,762,0.0367454068241469,113,BA.2.12.1:4;BA.5.1:17;BA.2:17;BA.5:2;BA.5.2.1:1;BA.5.1.24:3;BE.1.1.2:21;BE.3:2;BA.5.6:2;BA.2.3:6;BA.4.6:3;BA.5.2:6;BF.7:1;BA.2.29:1;BA.5.1.25:1;BA.4.1:3;BE.1.1:5;BF.7.5:1;BA.5.2.20:1;BA.5.1.23:3;BA.5.1.15:1;BF.26:2;BA.4:1;BA.1.1:1;BQ.1.1:1;XBE:1;C.37:1;BA.4.1.5:1;AY.118:1;XBB:1;BQ.1.2:1;BA.4.6.5:1
1222026,BA.2_0.04_abundance_0.1,G13390T;T13527G,ORF1a:M4375I;ORF1b:D20E,5,450,0.0111111111111111,0,
1222026,BA.2_0.04_abundance_0.1,G13390T;A13561T,ORF1a:M4375I;ORF1b:K32*,10,450,0.0222222222222222,0,
1222026,BA.2_0.04_abundance_0.1,T14051A;T14203G,ORF1b:V195E;ORF1b:S246A,30,1811,0.0165654334621755,0,
1222026,BA.2_0.04_abundance_0.1,T15069A;A15161G,ORF1b:N534K;ORF1b:K565R,32,1347,0.0237564959168522,0,
1222026,BA.2_0.04_abundance_0.1,G15253C;T15321G,ORF1b:V596L;ORF1b:P618P,70,1387,0.0504686373467916,0,
1222026,BA.2_0.04_abundance_0.1,C17327A;C17410T,ORF1b:P1287H;ORF1b:R1315C,726,1759,0.4127345082433201,323,BA.5.2:8;BA.4.1:1;BA.2.75:12;BF.5:212;BA.5.1.25:12;BA.2.12.1:8;BA.5.2.1:6;BE.1:1;BA.4.1.1:2;BA.2:23;BA.5.1.10:11;BA.5.2.9:4;BA.5.1.1:1;BF.1:1;BF.11.5:1;BE.1.1:3;BA.5.1:1;BA.2.38:1;BF.2:1;BA.2.78:1;BA.2.10:1;BF.7:1;BA.5.5:2;XBB:1;BA.5:1;BA.5.1.26:1;XBB.1:1;BL.1:5
1222026,BA.2_0.04_abundance_0.1,C17410T;A17496T,ORF1b:R1315C;ORF1b:E1343D,35,189,0.1851851851851851,2,BQ.1.1:1;BQ.1.10:1
1222026,BA.2_0.04_abundance_0.1,C17852T;A17881T,ORF1b:S1462L;ORF1b:T1472S,18,1123,0.0160284951024042,0,
1222026,BA.2_0.04_abundance_0.1,A18163G;A18253G,ORF1b:I1566V;ORF1b:M1596V,145,698,0.2077363896848137,41,BA.1.1:32;BA.5.1.10:4;BF.32:3;BA.1:1;BA.2.75:1
1222026,BA.2_0.04_abundance_0.1,C18355A;T18447A,ORF1b:P1630T;ORF1b:V1660V,13,614,0.021172638436482,0,
1222026,BA.2_0.04_abundance_0.1,T18447A;C18559T,ORF1b:V1660V;ORF1b:L1698F,56,585,0.0957264957264957,0,
1222026,BA.2_0.04_abundance_0.1,T21695C;G21987A,S:S45P;S:G142D,60,266,0.225563909774436,22,BA.2:3;BA.5.2.26:1;AY.4:6;BA.2.3:1;BA.5.2.3:1;BE.1.1:1;BA.5.2:3;BA.5.1:2;AY.103:2;AY.98.1:1;AY.4.2:1
1222026,BA.2_0.04_abundance_0.1,T21695C;T21912A;G21987A,S:S45P;S:L117Q;S:G142D,5,266,0.018796992481203,0,
1222026,BA.2_0.04_abundance_0.1,T21912A;G21987A,S:L117Q;S:G142D,64,660,0.0969696969696969,3,BA.5:1;BA.1.1.18:1;AY.98.1:1
1222026,BA.2_0.04_abundance_0.1,T23317C;A23403G,S:L585L;S:D614G,554,3567,0.1553125876086347,1541,AY.4:612;AY.43:6;BA.2:692;BA.1.15:12;BA.2.9:17;BA.2.12.1:6;B.1.1.7:6;B.1.617.2:12;B.1.177.6:1;B.1.240:36;BA.2.56:2;AY.36:1;BA.2.51:4;BA.5.2:14;AY.103:15;BA.5.1:3;AY.3:10;B.1:2;BA.1.1.1:2;BQ.1.1:8;AY.4.2.2:1;BA.1.17:1;BA.2.10:1;B.1.1:1;AY.100:3;B.1.1.37:11;BQ.1.1.17:1;AY.122:5;B.1.351:5;BA.5.2.1:5;BA.2.75:1;BE.1.1.1:1;AY.5:1;AY.4.17:1;AY.29:5;BQ.1:2;BA.2.4:1;AY.117:1;AY.46.2:2;AY.25.1:3;BA.2.1:2;AY.25.3:1;BA.1:5;AY.30:1;AY.47:1;BA.1.1:4;AY.39:1;BQ.1.1.22:1;AY.34:2;BA.5.3.1:1;BA.1.20:1;B.1.2:1;BA.2.65:2;AY.121:1;P.1.14:1;BA.5.2.6:1;AY.4.6:1;BF.5:1
1222026,BA.2_0.04_abundance_0.1,C23854A;G23948T;A24065C,S:N764K;S:D796Y;S:K835Q,233,627,0.3716108452950558,4,BA.2.75:1;BA.2.3:1;BA.2.9.5:1;BA.5.2:1
1222026,BA.2_0.04_abundance_0.1,C23854A;G23948T;G24056A,S:N764K;S:D796Y;S:G832S,55,627,0.087719298245614,58,BA.1.15:1;BA.2:12;BA.1.1:14;BA.2.9:4;BA.1:6;BA.2.40.1:1;BA.5.2:6;BA.1.1.18:1;BA.1.20:1;BA.4.1:1;BA.2.12.1:1;BA.1.17.2:1;BA.4.6:1;BA.5.1:1;BE.1:1;BA.1.17:1;BA.2.75:1;BA.5.6:1;BF.13:1;BA.2.10:1;BQ.1.1.3:1
1222026,BA.2_0.04_abundance_0.1,C23854A;G23948T;G24056A;A24065C,S:N764K;S:D796Y;S:G832S;S:K835Q,26,627,0.0414673046251993,0,
1222026,BA.2_0.04_abundance_0.1,C25469A;C25584T,ORF3a:S26*;ORF3a:T64T,36,1732,0.0207852193995381,2,BA.2.12.1:1;BA.5.2:1
1222026,BA.2_0.04_abundance_0.1,G25481A;C25584T,ORF3a:R30H;ORF3a:T64T,320,1732,0.184757505773672,2034,BA.5.1.22:4;BA.1.1.15:2;BA.5.2:89;BA.4.6:21;BA.4.1:2;BQ.1.23:1;BA.5.3.2:2;BA.5.1.24:29;BA.1:18;BA.5.5:2;BA.1.12:1;BA.2.12.1:17;BA.5.1:21;BA.1.1:81;BA.2:1471;BA.1.1.1:1;BF.5:3;XBB.2:8;BA.2.9:38;BA.2.48:2;BA.1.1.10:1;BF.10:58;BA.1.17:7;BA.1.15:6;BA.2.3:4;BA.2.10:12;BA.5.2.1:16;BA.1.1.14:3;BA.5.1.23:2;BA.1.17.2:7;BQ.1.13:1;BF.7.4:1;BA.5.6:13;BA.1.1.18:7;BA.2.29:1;BA.1.1.2:4;BA.2.23:1;BE.4:1;BQ.1.18:1;BA.2.75:5;BA.2.65:15;BF.26:12;BA.1.14:1;BE.1.1:10;BA.5.2.20:7;BF.7:2;BQ.1:2;BA.2.56:6;BA.5.2.31:1;BA.5.1.2:1;BQ.1.1.6:1;BA.5:1;BQ.1.1.20:1;BA.2.5:3;BA.5.2.34:1;BA.2.7:1;BA.2.40.1:1;BF.3:1;BA.1.20:1;B.1.1.7:1;BA.2.1:1
1222026,BA.2_0.04_abundance_0.1,T26106C;C26270T,ORF3a:D238D;E:T9I,47,143,0.3286713286713286,980,BE.1.1:7;BA.1.15:2;BA.1.1:20;BA.2.12.1:11;BW.1:1;BA.1.15.1:6;BA.5.1:15;BA.2.61:5;BA.5.2.26:1;BF.7:20;BA.5.3.3:1;BA.2.9:167;BQ.1.1.18:5;BA.1.17:42;BE.1:1;BA.2:56;BA.5.2.1:12;BF.28:3;XBB.1:3;BQ.1.13:437;BA.2.10:2;BA.2.33:6;BA.5.6:1;BA.2.85:1;BA.5.2:8;BA.1:105;BA.1.20:1;BQ.1.1.15:2;XBB.3:5;BA.2.75:4;BA.5.1.3:2;BA.1.17.2:7;BA.5:1;BA.1.1.1:1;BA.5.5:1;BF.5:1;BA.5.1.30:1;BA.2.9.5:1;BA.4:2;BC.1:2;BA.5.3.1:1;BA.5.2.34:1;BA.5.1.23:1;BA.1.1.18:1;BA.4.1.1:1;BA.2.18:4;BA.1.18:1;BQ.1.14:1
1222026,BA.2_0.04_abundance_0.1,C26577G;G26709A;G26834A;C26858T,M:Q19E;M:A63T;M:A104A;M:F112F,182,4646,0.0391734825656478,230,BA.4.6:4;BA.2:190;BA.2.9:13;BA.4.1:3;BA.2.3:1;BA.2.12.1:4;BA.2.9.5:6;BA.2.5:4;BA.1.17.2:1;BA.4:1;XAG:1;XBB.1:1;BA.2.18:1
1222026,BA.2_0.04_abundance_0.1,A27383T;T27384C;C27431G,ORF6:D61V;ORF6:D61D;ORF7a:A13G,409,675,0.605925925925926,4,BA.2:3;BA.2.32:1
1222026,BA.2_0.04_abundance_0.1,T27840G;C28138A,ORF7b:W29G;ORF8:S82Y,40,421,0.0950118764845605,0,
1222026,BA.2_0.04_abundance_0.1,C28138A;C28311T,ORF8:S82Y;N:P13L,296,2147,0.1378667908709827,24,BA.2.75:3;BA.1:11;BA.5.1:1;BA.1.17.2:1;BE.1:1;BA.5.2.1:2;BA.4.6.1:3;BA.2:1;BA.1.1:1
1222026,BA.2_0.04_abundance_0.1,A29510C;A29600C,N:S413R;ORF10:S15R,13,91,0.1428571428571428,0,
1292026,BA.2_0.04_abundance_0.1,G347A;T670G,ORF1a:V28I;ORF1a:S135R,37,158,0.2341772151898734,2139,BA.5.2:81;BA.2.12.1:43;BA.4.1:7;BA.2.52:11;BA.4:7;BF.13:3;BA.5.1:50;BA.2.13:1;BF.14:2;BF.5:15;BA.5.8:4;BQ.1.1.10:2;BE.1.1:16;BA.4.6:16;CN.1:1;BF.21:23;BA.2.3.20:1;BA.2.9:38;BA.5.2.3:606;BA.2:747;BA.5:8;BA.2.38:2;BA.2.37:10;BA.5.10.1:1;CK.2.1.1:16;BF.7:32;BF.7.4:5;BE.1.1.2:21;BA.5.2.1:126;BT.2:2;BA.5.2.13:1;CK.2:7;BQ.1.1:28;BA.2.31:1;BA.2.10:23;BA.5.2.12:6;BA.2.12:2;XBB.1:3;BA.5.1.23:2;BA.5.1.17:1;BQ.1:7;BA.4.6.5:3;BQ.1.13:1;BA.4.6.4:1;BA.2.21:4;BA.2.76:1;BA.5.5:6;BA.5.1.1:2;BA.5.2.9:4;BF.2:1;BA.5.1.2:2;BA.5.1.25:1;BF.7.5:3;BA.2.36:11;BA.5.6:5;BE.1:9;BA.2.75:26;CM.2:1;BA.2.38.1:2;BQ.1.1.22:4;BF.1:2;BA.5.1.12:2;BA.5.1.22:2;BA.5.1.5:1;BQ.1.10:2;BA.2.9.2:1;BA.5.3.3:1;BA.5.1.6:1;BA.2.3:10;BE.1.2:2;BA.2.3.1:1;BF.7.6:1;BA.5.3:2;BQ.1.10.1:2;BA.5.2.19:4;BA.5.2.27:1;BA.5.2.21:1;BQ.1.5:5;BQ.1.2:1;BQ.1.1.5:1;BA.5.2.2:1;CL.1:1;XBB.3:1;XBB.1.4.1:1;BA.1:2;BQ.1.1.15:1;BF.10:1;BA.2.3.7:2;BA.5.1.10:1;BA.2.75.1:1;BA.5.2.35:1;BA.2.56:1;BF.26:1;BA.5.2.20:1;CM.8:2;XBB.2:2;BQ.1.14:2;BF.8:2;BG.5:1;BA.5.1.3:2;BA.2.29:1;BQ.1.1.18:2;BA.2.1:1
1292026,BA.2_0.04_abundance_0.1,C414T;T670G,ORF1a:T50I;ORF1a:S135R,42,1778,0.0236220472440944,327,BA.2.3:19;BA.2.9:6;BA.5.6:40;BA.5.2:19;BF.5:2;BQ.1.26:16;BA.5.1:38;BQ.1:47;BQ.1.14:1;BA.2:39;BA.2.12.1:31;BA.5.2.1:18;BQ.1.18:2;BF.28:1;BA.5:1;BF.7:1;BA.4.1:3;BA.5.2.28:9;BA.5.5:3;BE.1.1:2;BA.4:2;BN.1.3:1;BA.5.1.5:1;BA.5.2.44:1;XBB.1:2;BQ.1.1.7:1;BA.2.65:1;BA.2.18:6;BA.2.10:3;BA.2.9.4:2;BA.5.3.1:2;BA.5.1.18:1;BA.2.12.2:1;BQ.1.1:1;BA.5.2.20:2;BF.1:1;BF.10:1
1292026,BA.2_0.04_abundance_0.1,T670G;C855G,ORF1a:S135R;ORF1a:P197R,300,586,0.5119453924914675,0,
1292026,BA.2_0.04_abundance_0.1,T670G;C823G,ORF1a:S135R;ORF1a:V186V,30,586,0.0511945392491467,34,BQ.1:30;BA.2:2;BN.1.1:1;CK.2.1.1:1
1292026,BA.2_0.04_abundance_0.1,T670G;C823G;C855G,ORF1a:S135R;ORF1a:V186V;ORF1a:P197R,42,586,0.0716723549488054,0,
1292026,BA.2_0.04_abundance_0.1,C823G;C855G,ORF1a:V186V;ORF1a:P197R,366,5454,0.0671067106710671,0,
1292026,BA.2_0.04_abundance_0.1,A1087C;T1273C,ORF1a:V274V;ORF1a:F336F,233,2221,0.104907699234579,0,
1292026,BA.2_0.04_abundance_0.1,A1087C;T1116C,ORF1a:V274V;ORF1a:I284T,77,2422,0.0317919075144508,0,
1292026,BA.2_0.04_abundance_0.1,T3508A;T3749G,ORF1a:N1081K;ORF1a:L1162V,5,52,0.0961538461538461,0,
1292026,BA.2_0.04_abundance_0.1,A5828C;T5882G,ORF1a:K1855Q;ORF1a:Y1873D,22,1145,0.0192139737991266,0,
1292026,BA.2_0.04_abundance_0.1,T9336A;C9344T;A9424G;C9534T,ORF1a:V3024E;ORF1a:L3027F;ORF1a:V3053V;ORF1a:T3090I,191,498,0.3835341365461847,0,
1292026,BA.2_0.04_abundance_0.1,T9336A;C9344T;A9424G;T9459A;C9534T,ORF1a:V3024E;ORF1a:L3027F;ORF1a:V3053V;ORF1a:M3065K;ORF1a:T3090I,136,498,0.2730923694779116,0,
1292026,BA.2_0.04_abundance_0.1,T9336A;C9344T;A9424G;T9459A,ORF1a:V3024E;ORF1a:L3027F;ORF1a:V3053V;ORF1a:M3065K,14,542,0.025830258302583,0,
1292026,BA.2_0.04_abundance_0.1,T9336A;C9344T;A9424G;T9503C;C9534T,ORF1a:V3024E;ORF1a:L3027F;ORF1a:V3053V;ORF1a:F3080L;ORF1a:T3090I,35,498,0.0702811244979919,0,
1292026,BA.2_0.04_abundance_0.1,T9336A;C9344T;A9424G,ORF1a:V3024E;ORF1a:L3027F;ORF1a:V3053V,53,585,0.0905982905982906,0,
1292026,BA.2_0.04_abundance_0.1,T9336A;C9344T;A9424G;T9459A;T9503C;C9534T,ORF1a:V3024E;ORF1a:L3027F;ORF1a:V3053V;ORF1a:M3065K;ORF1a:F3080L;ORF1a:T3090I,17,498,0.0341365461847389,0,
1292026,BA.2_0.04_abundance_0.1,C9344T;A9424G;T9459A;C9534T,ORF1a:L3027F;ORF1a:V3053V;ORF1a:M3065K;ORF1a:T3090I,32,498,0.0642570281124498,0,
1292026,BA.2_0.04_abundance_0.1,C9344T;A9424G;T9459A;T9503C;C9534T,ORF1a:L3027F;ORF1a:V3053V;ORF1a:M3065K;ORF1a:F3080L;ORF1a:T3090I,11,498,0.0220883534136546,0,
1292026,BA.2_0.04_abundance_0.1,C9344T;A9424G;T9503C;C9534T,ORF1a:L3027F;ORF1a:V3053V;ORF1a:F3080L;ORF1a:T3090I,7,498,0.0140562248995983,185,BA.2.9:1;BA.2.38:1;BA.2:178;BS.1.1:1;BA.2.3.12:1;BA.5.2.1:1;BA.2.65:2
1292026,BA.2_0.04_abundance_0.1,T9503C;C9534T,ORF1a:F3080L;ORF1a:T3090I,20,706,0.0283286118980169,188,BA.2.9:1;BA.2.38:1;BA.2:180;BS.1.1:1;BA.2.3.12:1;BA.5.2.1:1;BA.2.10.1:1;BA.2.65:2
1292026,BA.2_0.04_abundance_0.1,C10449A;C10647A,ORF1a:P3395H;ORF1a:T3461K,443,807,0.5489467162329615,0,
1292026,BA.2_0.04_abundance_0.1,A12829T;C12880T,ORF1a:L4188F;ORF1a:I4205I,178,1031,0.1726479146459748,0,
1292026,BA.2_0.04_abundance_0.1,A12829T;C12880T;T13020C,ORF1a:L4188F;ORF1a:I4205I;ORF1a:L4252P,34,955,0.0356020942408377,0,
1292026,BA.2_0.04_abundance_0.1,A12829T;T12865G;C12880T,ORF1a:L4188F;ORF1a:D4200E;ORF1a:I4205I,36,1031,0.034917555771096,0,
1292026,BA.2_0.04_abundance_0.1,T12865G;C12880T,ORF1a:D4200E;ORF1a:I4205I,96,1031,0.093113482056256,1,BA.1.15:1
1292026,BA.2_0.04_abundance_0.1,T12865G;C12880T;T13020C,ORF1a:D4200E;ORF1a:I4205I;ORF1a:L4252P,26,955,0.0272251308900523,0,
1292026,BA.2_0.04_abundance_0.1,C12880T;T13020C,ORF1a:I4205I;ORF1a:L4252P,140,955,0.1465968586387434,0,
1292026,BA.2_0.04_abundance_0.1,C14599G;T14646C;T14812G,ORF1b:L378V;ORF1b:T393T;ORF1b:Y449D,27,708,0.0381355932203389,0,
1292026,BA.2_0.04_abundance_0.1,C14599G;G14622C;T14812G,ORF1b:L378V;ORF1b:T385T;ORF1b:Y449D,22,708,0.0310734463276836,0,
1292026,BA.2_0.04_abundance_0.1,C14599G;G14622C,ORF1b:L378V;ORF1b:T385T,61,759,0.0803689064558629,0,
1292026,BA.2_0.04_abundance_0.1,C14599G;T14646C,ORF1b:L378V;ORF1b:T393T,57,759,0.075098814229249,0,
1292026,BA.2_0.04_abundance_0.1,C14599G;T14812G,ORF1b:L378V;ORF1b:Y449D,90,708,0.1271186440677966,0,
1292026,BA.2_0.04_abundance_0.1,C14599G;G14622C;T14646C,ORF1b:L378V;ORF1b:T385T;ORF1b:T393T,16,759,0.0210803689064558,0,
1292026,BA.2_0.04_abundance_0.1,G14622C;T14812G,ORF1b:T385T;ORF1b:Y449D,12,708,0.0169491525423728,0,
1292026,BA.2_0.04_abundance_0.1,T14646C;T14812G,ORF1b:T393T;ORF1b:Y449D,9,708,0.0127118644067796,0,
1292026,BA.2_0.04_abundance_0.1,A15361T;A15379T;A15402T,ORF1b:K632*;ORF1b:S638C;ORF1b:R645S,70,1762,0.039727582292849,0,
1292026,BA.2_0.04_abundance_0.1,A15361T;A15379T,ORF1b:K632*;ORF1b:S638C,43,1762,0.0244040862656072,0,
1292026,BA.2_0.04_abundance_0.1,A15361T;A15402T,ORF1b:K632*;ORF1b:R645S,40,1762,0.0227014755959137,0,
1292026,BA.2_0.04_abundance_0.1,A15379T;A15402T,ORF1b:S638C;ORF1b:R645S,445,1762,0.2525539160045403,0,
1292026,BA.2_0.04_abundance_0.1,A15379T;T15510A,ORF1b:S638C;ORF1b:A681A,41,1463,0.0280246069719753,0,
1292026,BA.2_0.04_abundance_0.1,A15379T;A15402T;T15510A,ORF1b:S638C;ORF1b:R645S;ORF1b:A681A,35,1463,0.0239234449760765,0,
1292026,BA.2_0.04_abundance_0.1,A15402T;T15510A,ORF1b:R645S;ORF1b:A681A,46,1463,0.0314422419685577,0,
1292026,BA.2_0.04_abundance_0.1,T15510A;C15714T,ORF1b:A681A;ORF1b:L749L,41,396,0.1035353535353535,2,BA.2:1;BA.5:1
1292026,BA.2_0.04_abundance_0.1,T16079A;T16176A,ORF1b:V871D;ORF1b:T903T,6,308,0.0194805194805194,0,
1292026,BA.2_0.04_abundance_0.1,C17156A;T17313A;C17410T,ORF1b:T1230K;ORF1b:T1282T;ORF1b:R1315C,60,1810,0.0331491712707182,0,
1292026,BA.2_0.04_abundance_0.1,C17156A;C17410T,ORF1b:T1230K;ORF1b:R1315C,125,3287,0.038028597505324,0,
1292026,BA.2_0.04_abundance_0.1,C17156A;T17313A,ORF1b:T1230K;ORF1b:T1282T,39,2710,0.0143911439114391,0,
1292026,BA.2_0.04_abundance_0.1,A17230C;T17313A;C17410T,ORF1b:R1255R;ORF1b:T1282T;ORF1b:R1315C,39,1811,0.0215350635008282,0,
1292026,BA.2_0.04_abundance_0.1,A17230C;C17410T,ORF1b:R1255R;ORF1b:R1315C,62,3288,0.0188564476885644,0,
1292026,BA.2_0.04_abundance_0.1,T17313A;C17410T,ORF1b:T1282T;ORF1b:R1315C,856,1811,0.4726670347874103,21,BA.2:6;BA.2.9:1;BA.4.1:9;BA.4:3;BA.5.5:1;BE.1.2.1:1
1292026,BA.2_0.04_abundance_0.1,C17410T;A17606G,ORF1b:R1315C;ORF1b:Y1380C,19,124,0.1532258064516129,0,
1292026,BA.2_0.04_abundance_0.1,C18823T;A18890T,ORF1b:Q1786*;ORF1b:E1808V,34,2683,0.0126723816623183,0,
1292026,BA.2_0.04_abundance_0.1,A21821C;G21987A,S:N87H;S:G142D,159,515,0.3087378640776699,8,AY.43:1;AY.121.1:1;BA.1.1:2;AY.61:1;AY.4:1;BA.2:1;AY.103:1
1292026,BA.2_0.04_abundance_0.1,A23193C;A23303C;A23403G,S:N544T;S:T581P;S:D614G,116,3981,0.0291384074353177,0,
1292026,BA.2_0.04_abundance_0.1,A23193C;C23315G;A23403G,S:N544T;S:L585V;S:D614G,936,3981,0.2351168048229088,0,
1292026,BA.2_0.04_abundance_0.1,A23193C;A23403G,S:N544T;S:D614G,920,3981,0.2310977141421753,0,
1292026,BA.2_0.04_abundance_0.1,A23193C;A23303C;C23315G;A23403G,S:N544T;S:T581P;S:L585V;S:D614G,87,3981,0.0218538055764883,0,
1292026,BA.2_0.04_abundance_0.1,A23193C;C23315G,S:N544T;S:L585V,73,4257,0.017148226450552,0,
1292026,BA.2_0.04_abundance_0.1,A23303C;A23403G,S:T581P;S:D614G,87,3982,0.0218483174284279,0,
1292026,BA.2_0.04_abundance_0.1,A23303C;C23315G;A23403G,S:T581P;S:L585V;S:D614G,101,3982,0.0253641386238071,0,
1292026,BA.2_0.04_abundance_0.1,C23315G;A23403G,S:L585V;S:D614G,895,3982,0.2247614264188849,8,AY.4:1;P.1:5;BA.2.3:1;BA.2:1
1292026,BA.2_0.04_abundance_0.1,T23599G;C23604A;C23655A,S:N679K;S:P681H;S:S698*,38,443,0.0857787810383747,1,BA.5.5:1
1292026,BA.2_0.04_abundance_0.1,C26010A;C26270T,ORF3a:Y206*;E:T9I,23,45,0.5111111111111111,2,BA.2.36:1;BA.1.15:1
1292026,BA.2_0.04_abundance_0.1,C26010A;C26151G;C26270T,ORF3a:Y206*;ORF3a:S253S;E:T9I,5,45,0.1111111111111111,0,
1292026,BA.2_0.04_abundance_0.1,A27259C;G27382C;A27383T;T27511A,ORF6:R20R;ORF6:D61H;ORF6:D61V;ORF7a:Y40N,7,33,0.2121212121212121,7,BA.4.1:1;BA.2:4;BA.2.12.1:1;BA.4.6:1
1292026,BA.2_0.04_abundance_0.1,T28114G;C28311T,ORF8:I74S;N:P13L,33,289,0.1141868512110726,224,BA.2:12;XAZ:123;BE.1.1:45;BA.2.12.1:8;BA.1.17:1;BA.5.6:1;BA.1.1:7;BF.7:1;BA.1.14.2:1;BN.1:5;BA.1:2;BA.1.15.1:1;BA.2.75:1;BA.5.2.18:1;BA.1.17.2:1;BA.2.56:10;BA.5.2.1:1;BQ.1.1.7:1;BA.5.1:1;BA.4:1
1292026,BA.2_0.04_abundance_0.1,C28311T;C28335T,N:P13L;N:S21L,33,1222,0.0270049099836333,149,BA.2:9;BA.1.15:5;BA.2.9:2;BA.1.16:10;DL.1:8;BA.5.1:2;BA.1.1:42;BA.1:11;BA.5.2.1:14;BA.5.5:2;BA.1.1.1:8;BA.2.36:1;BA.2.12.1:2;BQ.1.1:2;BA.1.1.18:1;BA.5.9:1;BA.4.1:1;BA.1.1.2:3;BA.2.3:2;BA.5.1.1:1;BA.5:3;BE.1:2;BA.5.6:1;BA.1.1.15:1;C.37:1;BA.2.56:1;BA.5.2:2;BF.5:1;BA.5.1.23:2;BA.1.17.2:4;BD.1:1;BQ.1.1.8:1;BA.2.29:1;BA.4.6:1
1292026,BA.2_0.04_abundance_0.1,A29510C;G29560C,N:S413R;ORF10:MX,5,21,0.238095238095238,3,BA.5:2;BA.2.12.1:1
2052026,BA.2_0.04_abundance_0.1,T670G;A726T,ORF1a:S135R;ORF1a:Y154F,115,350,0.3285714285714285,3,BA.2.12:1;BF.21:1;BA.2.3:1
2052026,BA.2_0.04_abundance_0.1,T670G;T956A,ORF1a:S135R;ORF1a:C231S,15,327,0.0458715596330275,58,BA.2:5;BQ.1.8:1;BF.7.5:1;BA.2.9:2;BA.5.1.30:1;BA.5.2.1:3;BF.7:2;BA.5.1:29;BA.5.6:1;BA.5.2:2;BA.5.1.22:1;BQ.1.1.12:1;BA.5.2.20:8;BA.2.12.1:1
2052026,BA.2_0.04_abundance_0.1,T670G;A726T;C874T,ORF1a:S135R;ORF1a:Y154F;ORF1a:D203D,5,350,0.0142857142857142,0,
2052026,BA.2_0.04_abundance_0.1,A726T;T956A,ORF1a:Y154F;ORF1a:C231S,62,3257,0.0190359226281854,0,
2052026,BA.2_0.04_abundance_0.1,A1002G;A726T,ORF1a:E246G;ORF1a:Y154F,14,89,0.1573033707865168,0,
2052026,BA.2_0.04_abundance_0.1,A3210C;G3216C;A3309T;A3314T;G3353A;A3374C;T3378C;A3390C,ORF1a:D982A;ORF1a:S984T;ORF1a:E1015V;ORF1a:T1017S;ORF1a:G1030S;ORF1a:N1037H;ORF1a:V1038A;ORF1a:N1042T,12,654,0.018348623853211,0,
2052026,BA.2_0.04_abundance_0.1,A3917G;C4052G,ORF1a:S1218G;ORF1a:L1263V,11,369,0.029810298102981,0,
2052026,BA.2_0.04_abundance_0.1,C9344T;A9424G;C9430G;C9534T,ORF1a:L3027F;ORF1a:V3053V;ORF1a:I3055M;ORF1a:T3090I,72,243,0.2962962962962963,3,BA.5.1:2;BA.2:1
2052026,BA.2_0.04_abundance_0.1,C9344T;A9424G;C9430G,ORF1a:L3027F;ORF1a:V3053V;ORF1a:I3055M,18,286,0.0629370629370629,3,BA.5.1:2;BA.2:1
2052026,BA.2_0.04_abundance_0.1,C9534T;A9673G,ORF1a:T3090I;ORF1a:V3136V,288,1681,0.1713265913146936,22,BA.2.9:2;BA.5.2:5;BA.2:3;BA.5.2.20:1;BA.2.75:1;BA.5.1:4;BF.21:1;BA.4.4:1;BA.5.5:1;BQ.1.2:1;BE.1:1;BA.2.79:1
2052026,BA.2_0.04_abundance_0.1,T10899C;T10945G,ORF1a:L3545S;ORF1a:V3560V,6,237,0.0253164556962025,0,
2052026,BA.2_0.04_abundance_0.1,T10945G;A10946G,ORF1a:V3560V;ORF1a:R3561G,6,237,0.0253164556962025,0,
2052026,BA.2_0.04_abundance_0.1,C12880T;T12965G,ORF1a:I4205I;ORF1a:L4234V,1702,2700,0.6303703703703704,0,
2052026,BA.2_0.04_abundance_0.1,T13997A;T14190A,ORF1b:L177*;ORF1b:A241A,180,1081,0.1665124884366327,0,
2052026,BA.2_0.04_abundance_0.1,G15339T;C15441A,ORF1b:M624I;ORF1b:V658V,47,3254,0.0144437615242778,0,
2052026,BA.2_0.04_abundance_0.1,T15555G;C15714T,ORF1b:N696K;ORF1b:L749L,176,3041,0.0578756987832949,2,BA.5.2:1;BA.2:1
2052026,BA.2_0.04_abundance_0.1,T15555G;T15599G;C15714T,ORF1b:N696K;ORF1b:V711G;ORF1b:L749L,34,3041,0.0111805327195001,0,
2052026,BA.2_0.04_abundance_0.1,T15599G;C15714T,ORF1b:V711G;ORF1b:L749L,393,3041,0.1292338046695166,124,BA.2:3;BA.5.2:1;BA.5.2.1:109;BE.1:1;BA.5.1:3;BA.5:1;BF.5:3;BF.7:3
2052026,BA.2_0.04_abundance_0.1,A17101C;C17410T,ORF1b:S1212R;ORF1b:R1315C,47,947,0.0496304118268215,0,
2052026,BA.2_0.04_abundance_0.1,T17291G;C17410T,ORF1b:L1275*;ORF1b:R1315C,254,2714,0.0935887988209285,0,
2052026,BA.2_0.04_abundance_0.1,C17410T;G17469A,ORF1b:R1315C;ORF1b:L1334L,13,102,0.1274509803921568,92,BA.2:12;BF.17:14;BA.2.9:3;BA.4.1:14;BA.5.2:3;BA.5.2.1:3;BA.5.5:3;BA.5.1:6;BA.2.3:1;BA.2.12:1;BA.2.12.1:2;BF.10:6;BA.2.75:2;BA.5.2.22:1;BQ.1:8;BF.18:1;BA.2.23:1;BF.5:1;BA.4.6:1;BQ.1.1:2;XBB.2:2;BA.5.1.1:1;BA.5.6:2;BE.1:1;BA.2.3.5:1
2052026,BA.2_0.04_abundance_0.1,C17410T;G17455A,ORF1b:R1315C;ORF1b:A1330T,28,102,0.2745098039215686,2,BA.2:1;BA.2.9:1
2052026,BA.2_0.04_abundance_0.1,G17455A;G17469A,ORF1b:A1330T;ORF1b:L1334L,33,790,0.0417721518987341,0,
2052026,BA.2_0.04_abundance_0.1,A18163G;A18233C,ORF1b:I1566V;ORF1b:Q1589P,74,366,0.2021857923497267,3,BF.10:1;BA.2:1;BA.1:1
2052026,BA.2_0.04_abundance_0.1,T21021C;A21083T,ORF1b:A2518A;ORF1b:E2539V,46,469,0.0980810234541577,0,
2052026,BA.2_0.04_abundance_0.1,G22014A;T22200G;C22250A,S:S151N;S:V213G;S:P230T,27,1768,0.0152714932126696,0,
2052026,BA.2_0.04_abundance_0.1,T22200G;C22250A,S:V213G;S:P230T,22,1771,0.0124223602484472,3,BA.2:2;BA.1:1
2052026,BA.2_0.04_abundance_0.1,G22992A;C22993G;C22995A;A23013C;A23040G,S:S477N;S:S477R;S:T478K;S:E484A;S:Q493R,56,96,0.5833333333333334,4,BA.1.1:2;BA.2:2
2052026,BA.2_0.04_abundance_0.1,C23895G;G23948T,S:T778S;S:D796Y,9,238,0.0378151260504201,0,
2052026,BA.2_0.04_abundance_0.1,T24765C;C25000T,S:V1068A;S:D1146D,243,1342,0.1810730253353204,9,BA.1.1.15:1;BA.2.39:3;BA.2:1;BA.4.6:1;BA.4:1;BA.5.2.1:1;BA.1:1
2052026,BA.2_0.04_abundance_0.1,A25411T;C25584T,ORF3a:I7F;ORF3a:T64T,329,2392,0.1375418060200668,21,BA.2:6;BA.1.1.2:3;BA.5.8:1;BA.1.1.14:2;BA.1.15:2;BA.1:3;BA.1.18:1;BA.2.23:1;BA.1.1:1;BQ.1:1
2052026,BA.2_0.04_abundance_0.1,A25411T;T25514A;C25584T,ORF3a:I7F;ORF3a:L41H;ORF3a:T64T,43,2392,0.0179765886287625,0,
2052026,BA.2_0.04_abundance_0.1,T25514A;C25584T,ORF3a:L41H;ORF3a:T64T,223,2392,0.0932274247491638,141,BA.2.12.1:1;BA.5.2.2:5;BA.5.2:5;BA.5.2.9:1;BA.2.9:4;BF.5:5;BA.1:10;BA.5.2.1:9;BA.1.1:16;BE.1:4;BA.2:52;BA.1.17:1;BA.5.3.1:3;BA.5.2.26:2;BF.7:1;BE.4.1:4;BQ.1.1:3;BA.4.6.3:4;BE.1.1:1;BQ.1:4;BA.2.3.1:3;BA.1.17.2:1;BA.2.75:1;BA.5.1:1
2052026,BA.2_0.04_abundance_0.1,A26040C;C26270T,ORF3a:S216S;E:T9I,57,158,0.360759493670886,6,BA.2:1;BA.2.3:1;BA.5.2.1:1;BA.2.12.1:1;BA.1.1:2
2052026,BA.2_0.04_abundance_0.1,C26270T;A26283T,E:T9I;E:I13I,72,569,0.1265377855887522,9,BA.2.75:2;BF.5:1;BA.1.1:3;BA.4.6:1;BA.2:2
2052026,BA.2_0.04_abundance_0.1,C26270T;G26329T,E:T9I;E:V29F,96,551,0.1742286751361161,4,BA.5.2.1:2;BA.1.15:1;BA.2.12.1:1
2052026,BA.2_0.04_abundance_0.1,C26270T;A26283T;G26329T,E:T9I;E:I13I;E:V29F,16,551,0.029038112522686,0,
2052026,BA.2_0.04_abundance_0.1,C26577G;T26668C;G26709A,M:Q19E;M:I49T;M:A63T,174,2409,0.0722291407222914,52,BA.2.75:1;BA.2:6;BA.4.6:10;BA.2.38.4:1;BA.4.1:2;BA.5.1:6;BA.1:3;BA.5.2:4;BA.1.17.2:2;BA.2.3.4:1;BA.2.12.1:2;BQ.1.1:1;BA.5.2.5:1;BA.1.1:6;BA.2.9:1;BA.1.1.2:1;BA.5.2.1:2;BF.28:1;BA.1.17:1
2052026,BA.2_0.04_abundance_0.1,C26577G;T26668C;G26709A;C26858T,M:Q19E;M:I49T;M:A63T;M:F112F,1032,2120,0.4867924528301887,24,BA.2.75:1;BA.2:6;BA.4.6:10;BA.2.38.4:1;BA.4.1:2;BA.2.3.4:1;BA.2.12.1:2;BA.2.9:1
2052026,BA.2_0.04_abundance_0.1,C26577G;T26668C;G26709A;G26713C;C26858T,M:Q19E;M:I49T;M:A63T;M:C64S;M:F112F,41,2120,0.0193396226415094,0,
2052026,BA.2_0.04_abundance_0.1,C26577G;G26709A;G26713C;C26858T,M:Q19E;M:A63T;M:C64S;M:F112F,32,2120,0.0150943396226415,9,BA.2:5;BA.2.29:1;BA.4.6.4:2;BA.2.3.11:1
2052026,BA.2_0.04_abundance_0.1,A27373G;G27382C;A27383T;T27384C,ORF6:M58V;ORF6:D61H;ORF6:D61V;ORF6:D61D,783,1866,0.4196141479099678,111,BA.2:77;BA.2.3:1;BA.2.9:8;BA.2.12.1:16;BA.2.38:1;BA.2.76:7;BA.2.37:1
2052026,BA.2_0.04_abundance_0.1,A27947T;C28087T,ORF8:Q18H;ORF8:A65V,73,973,0.0750256937307297,42,B.1.1.7:42
2052026,BA.2_0.04_abundance_0.1,A27947T;T28110C,ORF8:Q18H;ORF8:Y73H,125,962,0.1299376299376299,0,
2052026,BA.2_0.04_abundance_0.1,A27947T;C28087T;T28110C,ORF8:Q18H;ORF8:A65V;ORF8:Y73H,86,962,0.0893970893970894,0,
2052026,BA.2_0.04_abundance_0.1,C28087T;T28110C,ORF8:A65V;ORF8:Y73H,99,962,0.1029106029106029,0,
2052026,BA.2_0.04_abundance_0.1,C28471A;C28512A;G28551T;G28580A;A28626T;A28633G,N:F66L;N:P80Q;N:R93L;N:D103N;N:E118V;N:G120G,13,618,0.0210355987055016,0,
2122026,BA.2_0.04_abundance_0.1,G536T;T670G,ORF1a:E91*;ORF1a:S135R,62,2053,0.0301997077447637,0,
2122026,BA.2_0.04_abundance_0.1,T670G;T809A,ORF1a:S135R;ORF1a:Y182N,31,425,0.0729411764705882,33,BA.2:9;BA.5.1.22:1;BA.5.2.1:19;BA.5.2.26:1;BN.1.1:1;BA.2.3.2:1;BA.5.2:1
2122026,BA.2_0.04_abundance_0.1,G1018A;A1049G;T1073G;T1086C;A1109T;T1114C;C1122T;C1221A;T1240C,ORF1a:L251L;ORF1a:K262E;ORF1a:C270G;ORF1a:V274A;ORF1a:K282*;ORF1a:T283T;ORF1a:P286L;ORF1a:T319N;ORF1a:H325H,31,1334,0.0232383808095952,0,
2122026,BA.2_0.04_abundance_0.1,G1796T;A1923T,ORF1a:V511F;ORF1a:E553V,397,2061,0.1926249393498302,0,
2122026,BA.2_0.04_abundance_0.1,G1796T;G1838A,ORF1a:V511F;ORF1a:E525K,262,3359,0.0779994045846978,0,
2122026,BA.2_0.04_abundance_0.1,G1796T;G1838A;A1923T,ORF1a:V511F;ORF1a:E525K;ORF1a:E553V,77,2061,0.0373605046094129,0,
2122026,BA.2_0.04_abundance_0.1,G1838A;A1923T,ORF1a:E525K;ORF1a:E553V,36,2061,0.0174672489082969,0,
2122026,BA.2_0.04_abundance_0.1,A3852T;T3862A;A3872C;G3878A;T3898C;T3930G;C3987A;G4016C;A4019T;A4032G;C4058A,ORF1a:E1196V;ORF1a:V1199V;ORF1a:I1203L;ORF1a:E1205K;ORF1a:V1211V;ORF1a:V1222G;ORF1a:T1241K;ORF1a:E1251Q;ORF1a:N1252Y;ORF1a:Y1256C;ORF1a:P1265T,32,1442,0.0221914008321775,0,
2122026,BA.2_0.04_abundance_0.1,T4691G;T4924G,ORF1a:S1476A;ORF1a:F1553L,32,647,0.0494590417310664,0,
2122026,BA.2_0.04_abundance_0.1,T6747A;G6759C,ORF1a:L2161*;ORF1a:C2165S,42,502,0.0836653386454183,0,
2122026,BA.2_0.04_abundance_0.1,T7356C;C7392A;A7409G;G7476A;T7489A;T7499A;C7536G;A7569C;T7612A,ORF1a:L2364P;ORF1a:P2376Q;ORF1a:R2382G;ORF1a:C2404Y;ORF1a:T2408T;ORF1a:C2412S;ORF1a:T2424R;ORF1a:Y2435S;ORF1a:N2449K,15,470,0.0319148936170212,0,
2122026,BA.2_0.04_abundance_0.1,A7993T;G8114A,ORF1a:L2576F;ORF1a:E2617K,106,1548,0.0684754521963824,0,
2122026,BA.2_0.04_abundance_0.1,A7993T;T8119A,ORF1a:L2576F;ORF1a:A2618A,16,1548,0.0103359173126615,0,
2122026,BA.2_0.04_abundance_0.1,G8114A;T8119A,ORF1a:E2617K;ORF1a:A2618A,37,1549,0.0238863783085861,0,
2122026,BA.2_0.04_abundance_0.1,A8378G;T8421A;G8422C,ORF1a:K2705E;ORF1a:M2719K;ORF1a:M2719I,5,201,0.0248756218905472,0,
2122026,BA.2_0.04_abundance_0.1,C8664T;G8696C,ORF1a:T2800I;ORF1a:A2811P,11,598,0.0183946488294314,0,
2122026,BA.2_0.04_abundance_0.1,C9344T;A9424G;C9534T;A9538T,ORF1a:L3027F;ORF1a:V3053V;ORF1a:T3090I;ORF1a:V3091V,263,1003,0.2622133599202393,7,BA.2.3:4;BA.2:2;BA.5.2.1:1
2122026,BA.2_0.04_abundance_0.1,C9534T;A9538T,ORF1a:T3090I;ORF1a:V3091V,130,1568,0.0829081632653061,8,BA.2.3:4;BA.2:2;BA.5.2.1:1;BA.2.12.1:1
2122026,BA.2_0.04_abundance_0.1,C9534T;C9565G;T9574A;T9680A;T9695G;C9700A;G9705A,ORF1a:T3090I;ORF1a:F3100L;ORF1a:G3103G;ORF1a:W3139R;ORF1a:Y3144D;ORF1a:I3145I;ORF1a:C3147Y,8,565,0.0141592920353982,0,
2122026,BA.2_0.04_abundance_0.1,T10397A;C10449A,ORF1a:L3378I;ORF1a:P3395H,34,118,0.288135593220339,0,
2122026,BA.2_0.04_abundance_0.1,A10407C;C10449A,ORF1a:Y3381S;ORF1a:P3395H,38,404,0.094059405940594,1,BA.1:1
2122026,BA.2_0.04_abundance_0.1,G11064C;T11079G;T11107G;T11125G;T11135C;T11149A;T11164G;T11197G;G11230T;G11310T,ORF1a:W3600S;ORF1a:F3605C;ORF1a:F3614L;ORF1a:A3620A;ORF1a:F3624L;ORF1a:F3628L;ORF1a:H3633Q;ORF1a:L3644L;ORF1a:M3655I;ORF1a:C3682F,48,2963,0.0161997975025312,0,
2122026,BA.2_0.04_abundance_0.1,G11083A;A11140G,ORF1a:L3606L;ORF1a:A3625A,36,3200,0.01125,0,
2122026,BA.2_0.04_abundance_0.1,T11940C;C11942A;A11952T;A11991G;T11997G;C12005G;A12030G;G12052T;C12099A;A12103T;T12112G;C12123G;A12126T;A12130C,ORF1a:V3892A;ORF1a:Q3893K;ORF1a:N3896I;ORF1a:E3909G;ORF1a:M3911R;ORF1a:L3914V;ORF1a:Q3922R;ORF1a:K3929N;ORF1a:A3945D;ORF1a:S3946S;ORF1a:S3949R;ORF1a:S3953*;ORF1a:Y3954F;ORF1a:A3955A,66,2778,0.0237580993520518,0,
2122026,BA.2_0.04_abundance_0.1,C12809T;C12880T,ORF1a:L4182F;ORF1a:I4205I,123,2138,0.0575304022450888,825,BA.2.12.1:38;BA.4.1:24;BA.5.2:45;AY.98:1;BA.2.75:7;BA.2.3.20:1;BA.2.56:1;BA.5.5:5;AY.3:73;BA.2.9:66;BA.5.1:10;BA.2:189;CM.2:4;BA.5.1.6:2;BA.5:81;BA.5.2.1:35;BA.2.29:3;BF.28:4;BA.2.3:61;BA.5.1.8:4;BA.5.6:3;BA.2.35:4;BQ.1.1:8;BA.2.10.1:2;BF.5:7;BA.5.5.2:2;BF.31:1;BA.5.2.21:5;BA.5.1.3:2;BA.5.1.22:1;BA.5.1.28:3;BA.4:18;BA.2.64:1;AY.109:1;BQ.1:5;BE.1.1:27;BA.4.6:6;BA.5.2.20:11;BA.5.1.24:1;BN.1.2:1;AY.25:1;BA.5.3:3;BA.5.1.25:1;BA.5.1.30:2;B.1.1.7:4;BA.5.2.6:2;BA.5.8:3;B.1.1.333:4;BE.3:1;BA.2.3.11:2;BE.5:1;BA.4.2:4;BA.2.3.13:2;BE.1.1.1:1;BA.5.1.10:5;BA.2.68:1;BA.2.38:1;BQ.1.10.1:6;BA.5.2.28:1;BY.1:1;AY.46:1;XBB.1:3;B.1.560:1;BA.2.24:1;BA.5.1.1:2;BA.2.6:1;BQ.1.14:2;BA.5.1.2:1;BA.2.10:2;BQ.1.2:1;BQ.1.1.4:1
2122026,BA.2_0.04_abundance_0.1,C12880T;T12955C,ORF1a:I4205I;ORF1a:F4230F,132,2005,0.0658354114713217,7,BA.2:1;BA.2.10.1:1;XBB.1:1;BA.5.2.1:2;BA.2.38:1;BA.2.3:1
2122026,BA.2_0.04_abundance_0.1,A14012T;G14020A,ORF1b:Q182L;ORF1b:D185N,7,396,0.0176767676767676,0,
2122026,BA.2_0.04_abundance_0.1,C14396A;C14408T,ORF1b:T310K;ORF1b:P314L,24,831,0.0288808664259927,26,BA.1.17:2;AY.5:1;B.1.617.3:10;P.1.13:3;B.1.1.7:1;AY.68:1;BA.2:2;P.1:1;BA.5.2:1;AY.103:1;BF.7:1;AY.126:1;BA.4:1
2122026,BA.2_0.04_abundance_0.1,C14583T;G14587C;C14618A;A14651C;T14652C;G14701T;C14760A;T14769G;A14795C;T14828G,ORF1b:H372H;ORF1b:A374P;ORF1b:T384N;ORF1b:N395T;ORF1b:N395N;ORF1b:D412Y;ORF1b:F431L;ORF1b:A434A;ORF1b:D443A;ORF1b:M454R,6,538,0.0111524163568773,0,
2122026,BA.2_0.04_abundance_0.1,G14587C;C14618A;A14651C;T14652C;G14701T;C14760A;T14769G;A14795C;T14828G,ORF1b:A374P;ORF1b:T384N;ORF1b:N395T;ORF1b:N395N;ORF1b:D412Y;ORF1b:F431L;ORF1b:A434A;ORF1b:D443A;ORF1b:M454R,12,1018,0.0117878192534381,0,
2122026,BA.2_0.04_abundance_0.1,A15541G;C15714T,ORF1b:T692A;ORF1b:L749L,273,5097,0.0535609181871689,5,BA.5.1:1;BA.2:3;BF.7:1
2122026,BA.2_0.04_abundance_0.1,G15543A;G15550A;C15566A;A15580T;G15627C;G15649T;G15672A;C15714T;C15716T;T15729A;T15737A;A15742C;A15772G;A15845C,ORF1b:T692T;ORF1b:V695I;ORF1b:S700Y;ORF1b:K705*;ORF1b:E720D;ORF1b:V728F;ORF1b:E735E;ORF1b:L749L;ORF1b:S750F;ORF1b:V754V;ORF1b:F757Y;ORF1b:S759R;ORF1b:S769G;ORF1b:E793A,34,1751,0.0194174757281553,0,
2122026,BA.2_0.04_abundance_0.1,T15915G;T15916C;A15917T;T15920G;G15961C;T16004G;G16027C;A16055T,ORF1b:D816E;ORF1b:Y817H;ORF1b:Y817F;ORF1b:V818G;ORF1b:G832R;ORF1b:M846R;ORF1b:A854P;ORF1b:H863L,18,652,0.0276073619631901,0,
2122026,BA.2_0.04_abundance_0.1,T16511A;A16520T;C16559G;A16583T;A16620C;T16631A;T16632A;G16639A;G16654C,ORF1b:L1015*;ORF1b:N1018I;ORF1b:A1031G;ORF1b:N1039I;ORF1b:E1051D;ORF1b:L1055H;ORF1b:L1055L;ORF1b:A1058T;ORF1b:A1063P,13,309,0.0420711974110032,0,
2122026,BA.2_0.04_abundance_0.1,T17353G;C17410T,ORF1b:F1296V;ORF1b:R1315C,564,1652,0.3414043583535109,6,BA.5.3.1:1;BA.5.1.1:2;BA.2:1;BA.5.2.1:1;BA.2.40.1:1
2122026,BA.2_0.04_abundance_0.1,T17442G;C17463A;T17510G;A17525C;A17593G;G17602C;A17606C;A17614T,ORF1b:P1325P;ORF1b:R1332R;ORF1b:V1348G;ORF1b:K1353T;ORF1b:S1376G;ORF1b:V1379L;ORF1b:Y1380S;ORF1b:K1383*,33,1742,0.0189437428243398,0,
2122026,BA.2_0.04_abundance_0.1,C18041A;G18088C;C18094T;T18123G;G18145A;A18163G;G18213T;T18276A,ORF1b:A1525D;ORF1b:G1541R;ORF1b:H1543Y;ORF1b:S1552R;ORF1b:E1560K;ORF1b:I1566V;ORF1b:M1582I;ORF1b:A1603A,29,1236,0.023462783171521,0,
2122026,BA.2_0.04_abundance_0.1,A18970T;C18976G;C19018T;G19072T;C19089A;C19099A;C19103G;T19146C,ORF1b:K1835*;ORF1b:Q1837E;ORF1b:P1851S;ORF1b:D1869Y;ORF1b:F1874L;ORF1b:Q1878K;ORF1b:P1879R;ORF1b:S1893S,5,479,0.0104384133611691,0,
2122026,BA.2_0.04_abundance_0.1,A20539G;C20544G;C20648A;T20701C;T20738G;A20741C;T20748G;G20750A;T20757G;A20761T;C20803G,ORF1b:K2358E;ORF1b:S2359S;ORF1b:P2394Q;ORF1b:Y2412H;ORF1b:L2424R;ORF1b:Q2425P;ORF1b:Y2427*;ORF1b:G2428D;ORF1b:S2430R;ORF1b:T2432S;ORF1b:Q2446E,44,2083,0.0211233797407585,0,
2122026,BA.2_0.04_abundance_0.1,T22200G;T22209C,S:V213G;S:L216P,224,814,0.2751842751842752,12,BA.5.2.1:3;BA.5.2.31:1;BA.1.1:2;BA.2.10:1;BA.4.6:2;BA.2.75:1;BA.2:1;BE.1.3:1
2122026,BA.2_0.04_abundance_0.1,T22200G;T22209C;T22260C,S:V213G;S:L216P;S:I233T,70,814,0.085995085995086,0,
2122026,BA.2_0.04_abundance_0.1,T22200G;T22260C,S:V213G;S:I233T,106,815,0.1300613496932515,3,BA.5.2.1:2;BF.7.4:1
2122026,BA.2_0.04_abundance_0.1,T22929G;G22992A;C22995A;A23013C;A23040G,S:F456C;S:S477N;S:T478K;S:E484A;S:Q493R,11,26,0.4230769230769231,3,BA.1.1.1:3
2122026,BA.2_0.04_abundance_0.1,A23181C;A23403G,S:N540T;S:D614G,16,902,0.0177383592017738,39,AY.4:8;BA.5.11:5;AY.122:3;BA.5.2.1:9;BG.5:1;BQ.1:1;B.1.1.7:3;AY.3:1;P.1:1;BA.1:1;BF.14:1;BA.5.2.20:1;BA.5.2:1;BA.5:1;AY.44:2
2122026,BA.2_0.04_abundance_0.1,C24387G;A24424T,S:A942G;S:Q954H,46,354,0.1299435028248587,3,BA.1.1:3
2122026,BA.2_0.04_abundance_0.1,C25318G;T25343C;A25351G;T25370A;T25476G;C25484G;T25496G;C25508G;T25532G;C25549A;G25555A;C25584T;T25586A,S:S1252S;S:S1261P;S:P1263P;S:L1270I;ORF3a:F28L;ORF3a:A31G;ORF3a:I35R;ORF3a:A39G;ORF3a:I47S;ORF3a:L53I;ORF3a:V55I;ORF3a:T64T;ORF3a:L65H,16,693,0.023088023088023,0,
2122026,BA.2_0.04_abundance_0.1,T25343C;A25351G;T25370A;T25476G;C25484G;T25496G;C25508G;T25532G;C25549A;G25555A;C25584T;T25586A,S:S1261P;S:P1263P;S:L1270I;ORF3a:F28L;ORF3a:A31G;ORF3a:I35R;ORF3a:A39G;ORF3a:I47S;ORF3a:L53I;ORF3a:V55I;ORF3a:T64T;ORF3a:L65H,18,1222,0.0147299509001636,0,
2122026,BA.2_0.04_abundance_0.1,C25441A;C25584T,ORF3a:Q17K;ORF3a:T64T,29,1224,0.0236928104575163,301,BA.2:249;BA.5.1:13;BA.4.1.1:20;CH.1.1:1;BA.2.12.1:6;BA.1.1:5;BA.5.2:1;BA.2.58:1;BA.2.56:1;BA.5.2.21:1;BA.2.75:1;BA.2.65:1;BF.5:1
2122026,BA.2_0.04_abundance_0.1,C25504T;C25584T,ORF3a:Q38*;ORF3a:T64T,54,1224,0.0441176470588235,42,BA.2:11;BA.1:1;BA.2.3:1;BA.2.9:1;BA.5.2.1:4;BA.5.1:2;BA.2.12.1:4;BA.5.2:1;BA.1.1:3;BA.2.3.1:8;BA.2.10:1;BA.1.15:1;BA.1.17.2:1;BA.1.18:1;BA.4.1:1;BA.5.1.30:1
2122026,BA.2_0.04_abundance_0.1,C26270T;G26350A,E:T9I;E:A36T,16,159,0.10062893081761,29,BA.2:5;BA.1.15:2;BA.2.9:2;BA.5.1.22:3;BA.1:2;BA.5.2:3;BA.2.3:1;BA.1.1:2;BA.2.37:3;BA.4.6.5:1;BA.5.2.1:1;BQ.1.1:1;BA.5.1:1;BA.1.1.1:1;BA.5.5:1
2122026,BA.2_0.04_abundance_0.1,C26577G;G26709A;A26741T;C26858T,M:Q19E;M:A63T;M:I73I;M:F112F,387,4294,0.0901257568700512,29,BA.4:4;BA.2.9:9;BA.2.3.1:1;BA.2:9;BA.4.6:3;BA.4.1.1:2;XAG:1
2122026,BA.2_0.04_abundance_0.1,C26577G;T26580G;A26592G;A26643T;T26657C;G26660C;G26696A;G26709A;G26713A;C26725A;A26738T;G26779C;T26794A;T26837A;G26852A;C26858T,M:Q19E;M:W20G;M:I24V;M:N41Y;M:F45F;M:L46F;M:W58*;M:A63T;M:C64Y;M:A68D;M:R72S;M:C86S;M:M91K;M:R105R;M:W110*;M:F112F,80,4294,0.0186306474149976,0,
2122026,BA.2_0.04_abundance_0.1,C26577G;G26709A;C26835A;C26858T,M:Q19E;M:A63T;M:R105S;M:F112F,561,4294,0.1306474149976711,8,BA.2:8
2122026,BA.2_0.04_abundance_0.1,C26577G;G26709A;C26835A,M:Q19E;M:A63T;M:R105S,48,4567,0.0105101817385592,10,BA.1.18:1;BA.2:8;BA.1:1
2122026,BA.2_0.04_abundance_0.1,C26577G;G26709A;A26741T;C26835A;C26858T,M:Q19E;M:A63T;M:I73I;M:R105S;M:F112F,70,4294,0.0163018164881229,0,
2122026,BA.2_0.04_abundance_0.1,C26577G;G26709A;A26741T,M:Q19E;M:A63T;M:I73I,73,4900,0.0148979591836734,125,BA.1.15:16;BA.5.2.22:4;CK.3:2;BA.5.1:14;BF.5:15;BA.4:4;BA.2.9:9;BA.1.17.2:1;BA.5.2.1:3;BA.2.3.1:1;BA.5.2:21;BA.1.1.1:2;BA.1.1:5;BA.2:10;BA.5.6:1;BA.1.1.2:1;BE.1.1.2:2;BA.1:3;BA.1.18:1;BA.4.6:3;BA.4.1.1:2;BA.5.8:1;BA.1.20:1;BA.5.1.1:1;XAG:1;BQ.1.1.20:1
2122026,BA.2_0.04_abundance_0.1,G27067T;G27183A,M:G182V;M:V221I,13,83,0.1566265060240964,0,
2122026,BA.2_0.04_abundance_0.1,T27170C;A27259C;G27382C;A27383T;T27384C,M:N216N;ORF6:R20R;ORF6:D61H;ORF6:D61V;ORF6:D61D,11,184,0.0597826086956521,8,BA.2:3;BA.4.1:1;BA.2.3:2;BA.2.38.1:1;BA.2.9.6:1
2122026,BA.2_0.04_abundance_0.1,G27183A;A27259C;G27382C;A27383T;T27384C,M:V221I;ORF6:R20R;ORF6:D61H;ORF6:D61V;ORF6:D61D,320,1539,0.2079272254710851,3,BA.2.10:1;BA.2.75:1;BA.2:1
2122026,BA.2_0.04_abundance_0.1,G27183A;A27259C,M:V221I;ORF6:R20R,27,1661,0.016255267910897,6,BA.2.10:1;BA.2:2;BA.2.75:1;BA.1.1:1;BA.1.17.2:1
2122026,BA.2_0.04_abundance_0.1,T27184G;A27234G;G27235C;A27237G;A27259C;C27263A;A27290G;A27293C;A27334T;G27382C;A27383T;T27384C;T27402G;A27423C,M:V221G;ORF6:I11M;ORF6:A12P;ORF6:A12A;ORF6:R20R;ORF6:T21N;ORF6:D30G;ORF6:Y31S;ORF6:T45S;ORF6:D61H;ORF6:D61V;ORF6:D61D;ORF7a:I3M;ORF7a:I10I,29,1564,0.018542199488491,0,
2122026,BA.2_0.04_abundance_0.1,A27825C;T27901G;T27902C;A27917G;A27965C;A27983T;T28010A;C28011A;T28130G,ORF7b:M24L;ORF8:F3C;ORF8:F3F;ORF8:G8G;ORF8:S24S;ORF8:P30P;ORF8:I39I;ORF8:H40N;ORF8:Y79*,15,951,0.0157728706624605,0,
2122026,BA.2_0.04_abundance_0.1,T28130G;C28311T,ORF8:Y79*;N:P13L,43,2129,0.0201972757162987,11,BA.1.1:2;BD.1:1;BA.1.1.18:1;BA.5.2.3:6;BA.2:1
2122026,BA.2_0.04_abundance_0.1,C28437A;C28471A;C28512A;G28551T;G28580A;A28626T;A28633G,N:A55D;N:F66L;N:P80Q;N:R93L;N:D103N;N:E118V;N:G120G,9,690,0.0130434782608695,0,
2122026,BA.2_0.04_abundance_0.1,T29036G;A29039C;G29058A;C29061T;C29067G;A29079C;G29106T;G29132T;A29181T;G29204T;T29225G;A29237G;C29247T;A29267G;T29278C;C29280A;A29307G,N:S255A;N:K256Q;N:R262H;N:T263I;N:T265S;N:N269T;N:G278V;N:G287W;N:Q303L;N:A311S;N:S318A;N:M322V;N:T325I;N:T332A;N:G335G;N:A336D;N:N345S,30,2344,0.0127986348122866,0,
2122026,BA.2_0.04_abundance_0.1,G29058A;A29159T,N:R262H;N:T296S,288,2516,0.1144674085850556,0,
2192026,BA.2_0.04_abundance_0.1,G581T;T670G,ORF1a:V106F;ORF1a:S135R,31,1012,0.0306324110671936,32,BA.2:13;BA.4.6:4;BF.8:1;BF.7:5;BA.2.38:2;BA.5.2.34:1;BA.5.2.1:2;BA.5.2:3;BQ.1.1:1
2192026,BA.2_0.04_abundance_0.1,G1018A;A1049G;T1073G;T1086C;A1109T;T1114C;C1122T;C1221A;T1240C,ORF1a:L251L;ORF1a:K262E;ORF1a:C270G;ORF1a:V274A;ORF1a:K282*;ORF1a:T283T;ORF1a:P286L;ORF1a:T319N;ORF1a:H325H,55,1273,0.0432050274941084,0,
2192026,BA.2_0.04_abundance_0.1,G1361C;A1554G,ORF1a:V366L;ORF1a:N430S,112,1581,0.0708412397216951,0,
2192026,BA.2_0.04_abundance_0.1,C1645A;A1646T;G1661C;C1663A;G1748A;C1762G;A1799G;A1814G;A1844C;A1870T,ORF1a:N460K;ORF1a:I461F;ORF1a:D466H;ORF1a:D466E;ORF1a:D495N;ORF1a:F499L;ORF1a:T512A;ORF1a:K517E;ORF1a:K527Q;ORF1a:A535A,52,1724,0.0301624129930394,0,
2192026,BA.2_0.04_abundance_0.1,G2875T;G2946A;T2959C;A2977T;A2986G;T3001C;A3010T;T3026G;C3037T;C3045T;G3080A;A3094T;T3106C;T3144A,ORF1a:E870D;ORF1a:G894D;ORF1a:D898D;ORF1a:T904T;ORF1a:L907L;ORF1a:G912G;ORF1a:K915N;ORF1a:Y921D;ORF1a:F924F;ORF1a:P927L;ORF1a:E939K;ORF1a:P943P;ORF1a:Y947Y;ORF1a:L960*,13,313,0.0415335463258785,0,
2192026,BA.2_0.04_abundance_0.1,A3210C;G3216C;A3309T;A3314T;G3353A;A3374C;T3378C;A3390C;G3407A;A3414C;G3443C,ORF1a:D982A;ORF1a:S984T;ORF1a:E1015V;ORF1a:T1017S;ORF1a:G1030S;ORF1a:N1037H;ORF1a:V1038A;ORF1a:N1042T;ORF1a:E1048K;ORF1a:K1050T;ORF1a:A1060P,13,360,0.0361111111111111,0,
2192026,BA.2_0.04_abundance_0.1,T3544A;G3560T;C3583A;A3600G;G3614C;A3643G;A3674G;A3684C;T3700C;C3702G;T3718G;T3798C,ORF1a:T1093T;ORF1a:V1099L;ORF1a:S1106R;ORF1a:K1112R;ORF1a:V1117L;ORF1a:E1126E;ORF1a:N1137D;ORF1a:Q1140P;ORF1a:L1145L;ORF1a:A1146G;ORF1a:A1151A;ORF1a:F1178S,6,419,0.0143198090692124,0,
2192026,BA.2_0.04_abundance_0.1,G3560T;C3583A;A3600G;G3614C;A3643G;A3674G;A3684C;T3700C;C3702G;T3718G;T3798C,ORF1a:V1099L;ORF1a:S1106R;ORF1a:K1112R;ORF1a:V1117L;ORF1a:E1126E;ORF1a:N1137D;ORF1a:Q1140P;ORF1a:L1145L;ORF1a:A1146G;ORF1a:A1151A;ORF1a:F1178S,6,419,0.0143198090692124,0,
2192026,BA.2_0.04_abundance_0.1,A3852T;T3862A;A3872C;G3878A;T3898C;T3930G;C3987A;G4016C;A4019T;A4032G;C4058A,ORF1a:E1196V;ORF1a:V1199V;ORF1a:I1203L;ORF1a:E1205K;ORF1a:V1211V;ORF1a:V1222G;ORF1a:T1241K;ORF1a:E1251Q;ORF1a:N1252Y;ORF1a:Y1256C;ORF1a:P1265T,37,1151,0.0321459600347523,0,
2192026,BA.2_0.04_abundance_0.1,T5951A;A5970G;T5978G;T6047A;A6072T;A6098C,ORF1a:L1896M;ORF1a:K1902R;ORF1a:S1905A;ORF1a:F1928I;ORF1a:K1936I;ORF1a:T1945P,9,285,0.031578947368421,0,
2192026,BA.2_0.04_abundance_0.1,T7356C;C7392A;A7409G;G7476A;T7489A;T7499A;C7536G;A7569C;G7577A;A7601C;T7605G;G7622A,ORF1a:L2364P;ORF1a:P2376Q;ORF1a:R2382G;ORF1a:C2404Y;ORF1a:T2408T;ORF1a:C2412S;ORF1a:T2424R;ORF1a:Y2435S;ORF1a:A2438T;ORF1a:K2446Q;ORF1a:L2447R;ORF1a:V2453I,6,283,0.0212014134275618,0,
2192026,BA.2_0.04_abundance_0.1,T7475C;A7601C,ORF1a:C2404R;ORF1a:K2446Q,6,283,0.0212014134275618,0,
2192026,BA.2_0.04_abundance_0.1,A7581T;A7601C,ORF1a:N2439I;ORF1a:K2446Q,9,283,0.0318021201413427,0,
2192026,BA.2_0.04_abundance_0.1,A7710C;G7761C;C7772A;G7781T;C7788G;G7790T;T7801A;C7860T;T7861A;T7876A;C7926G,ORF1a:N2482T;ORF1a:G2499A;ORF1a:L2503I;ORF1a:D2506Y;ORF1a:A2508G;ORF1a:G2509C;ORF1a:T2512T;ORF1a:T2532I;ORF1a:T2532T;ORF1a:P2537P;ORF1a:A2554G,13,301,0.0431893687707641,0,
2192026,BA.2_0.04_abundance_0.1,C8664T;G8696C;T8918G;G8939A,ORF1a:T2800I;ORF1a:A2811P;ORF1a:L2885V;ORF1a:V2892I,13,364,0.0357142857142857,0,
2192026,BA.2_0.04_abundance_0.1,T8918G;G8939A;T8954C;G8975C;G9003C;A9023G;T9089A;C9122G;G9130C;G9137A;C9163T;G9173A;T9178G;T9183C;A9213G,ORF1a:L2885V;ORF1a:V2892I;ORF1a:Y2897H;ORF1a:E2904Q;ORF1a:C2913S;ORF1a:T2920A;ORF1a:S2942T;ORF1a:R2953G;ORF1a:V2955V;ORF1a:D2958N;ORF1a:N2966N;ORF1a:E2970K;ORF1a:G2971G;ORF1a:V2973A;ORF1a:Y2983C,8,146,0.0547945205479452,0,
2192026,BA.2_0.04_abundance_0.1,G8939A;T8954C;G8975C;G9003C;A9023G;T9089A;C9122G;G9130C;G9137A;C9163T;G9173A;T9178G;T9183C;A9213G,ORF1a:V2892I;ORF1a:Y2897H;ORF1a:E2904Q;ORF1a:C2913S;ORF1a:T2920A;ORF1a:S2942T;ORF1a:R2953G;ORF1a:V2955V;ORF1a:D2958N;ORF1a:N2966N;ORF1a:E2970K;ORF1a:G2971G;ORF1a:V2973A;ORF1a:Y2983C,28,1123,0.0249332146037399,0,
2192026,BA.2_0.04_abundance_0.1,C9534T;C9565G;T9574A;T9680A;T9695G;C9700A;G9705A;A9740C;A9748C;A9754C;C9755T,ORF1a:T3090I;ORF1a:F3100L;ORF1a:G3103G;ORF1a:W3139R;ORF1a:Y3144D;ORF1a:I3145I;ORF1a:C3147Y;ORF1a:N3159H;ORF1a:L3161L;ORF1a:R3163S;ORF1a:R3164C,21,689,0.0304789550072568,0,
2192026,BA.2_0.04_abundance_0.1,C9534T;C9565G;T9574A;T9680A;T9695G;C9700A;G9705A;A9740C;A9748C;A9754C;C9755T;T9818A,ORF1a:T3090I;ORF1a:F3100L;ORF1a:G3103G;ORF1a:W3139R;ORF1a:Y3144D;ORF1a:I3145I;ORF1a:C3147Y;ORF1a:N3159H;ORF1a:L3161L;ORF1a:R3163S;ORF1a:R3164C;ORF1a:L3185I,14,360,0.0388888888888888,0,
2192026,BA.2_0.04_abundance_0.1,G10708T;T10813G;A10842C;T10852A;C10871A;C10889G;T10913A;A10972C,ORF1a:W3481C;ORF1a:L3516L;ORF1a:D3526A;ORF1a:A3529A;ORF1a:Q3536K;ORF1a:R3542G;ORF1a:L3550I;ORF1a:Q3569H,14,393,0.0356234096692111,0,
2192026,BA.2_0.04_abundance_0.1,G11064C;T11079G;T11107G;T11125G;T11135C;T11149A;T11164G;T11197G;G11230T,ORF1a:W3600S;ORF1a:F3605C;ORF1a:F3614L;ORF1a:A3620A;ORF1a:F3624L;ORF1a:F3628L;ORF1a:H3633Q;ORF1a:L3644L;ORF1a:M3655I,15,348,0.043103448275862,0,
2192026,BA.2_0.04_abundance_0.1,T11940C;C11942A;A11952T;A11991G;T11997G;C12005G;A12030G;G12052T;C12099A;A12103T;T12112G;C12123G;A12126T;A12130C,ORF1a:V3892A;ORF1a:Q3893K;ORF1a:N3896I;ORF1a:E3909G;ORF1a:M3911R;ORF1a:L3914V;ORF1a:Q3922R;ORF1a:K3929N;ORF1a:A3945D;ORF1a:S3946S;ORF1a:S3949R;ORF1a:S3953*;ORF1a:Y3954F;ORF1a:A3955A,89,2216,0.0401624548736462,0,
2192026,BA.2_0.04_abundance_0.1,C12633A;T12697A,ORF1a:A4123E;ORF1a:L4144L,230,3046,0.0755088640840446,0,
2192026,BA.2_0.04_abundance_0.1,C12633A;A12759G,ORF1a:A4123E;ORF1a:D4165G,39,2152,0.0181226765799256,0,
2192026,BA.2_0.04_abundance_0.1,A12759G;C12880T,ORF1a:D4165G;ORF1a:I4205I,56,1379,0.0406091370558375,344,BA.5.2.27:1;BA.2.2:13;BA.5.2:36;BA.2:178;BA.4.1:2;BA.2.9:8;BA.2.1:1;BA.5.1:13;BA.2.52:20;BA.2.23:2;BV.2:1;BA.2.3.17:1;BA.2.12.1:13;BA.5.2.1:4;BA.5.2.30:5;BA.2.3.13:5;BA.2.5:1;BA.2.74:1;BA.2.3:5;XBB.1:8;BA.5.5:1;BQ.1.1.22:1;BA.2.75:3;XBB.1.5:1;BF.21:1;BA.4:1;BE.1.1:2;BA.5.1.10:4;BA.2.10:3;BA.5.2.3:1;BF.5:1;BE.7:1;BA.5.6:1;BA.2.36:1;BQ.1:1;BA.2.3.2:1;BA.5:1;CM.2:1
2192026,BA.2_0.04_abundance_0.1,G13076A;G13100T;T13111A;C13134G;A13139G;G13148C;A13169C;A13187G;C13206T;A13237C;G13332T;T13354C,ORF1a:A4271T;ORF1a:A4279S;ORF1a:D4282E;ORF1a:P4290R;ORF1a:T4292A;ORF1a:V4295L;ORF1a:T4302P;ORF1a:I4308V;ORF1a:A4314V;ORF1a:A4324A;ORF1a:C4356F;ORF1a:F4363F,27,797,0.0338770388958594,0,
2192026,BA.2_0.04_abundance_0.1,G13076A;G13100T;T13111A;C13134G;A13139G;G13148C;A13169C;A13187G;C13206T;A13237C;G13332T,ORF1a:A4271T;ORF1a:A4279S;ORF1a:D4282E;ORF1a:P4290R;ORF1a:T4292A;ORF1a:V4295L;ORF1a:T4302P;ORF1a:I4308V;ORF1a:A4314V;ORF1a:A4324A;ORF1a:C4356F,11,997,0.0110330992978936,0,
2192026,BA.2_0.04_abundance_0.1,C13252G;T13282C,ORF1a:Y4329*;ORF1a:P4339P,40,1002,0.0399201596806387,0,
2192026,BA.2_0.04_abundance_0.1,T13529A;T13545C;C13554A,ORF1b:V21D;ORF1b:F26F;ORF1b:Y29*,5,218,0.0229357798165137,0,
2192026,BA.2_0.04_abundance_0.1,A13947T;A13969G;C13987T;A14012T;T14019A;G14020A;T14037C;C14057G;C14110G;A14121T;T14136A;A14142C;A14164T;G14187T;G14202A;T14221A,ORF1b:P160P;ORF1b:N168D;ORF1b:R174C;ORF1b:Q182L;ORF1b:C184*;ORF1b:D185N;ORF1b:A190A;ORF1b:T197R;ORF1b:Q215E;ORF1b:P218P;ORF1b:P223P;ORF1b:V225V;ORF1b:M233L;ORF1b:R240S;ORF1b:E245E;ORF1b:L252I,6,209,0.0287081339712918,0,
2192026,BA.2_0.04_abundance_0.1,A13969G;C13987T;A14012T;T14019A;G14020A;T14037C;C14057G;C14110G;A14121T;T14136A;A14142C;A14164T;G14187T;G14202A;T14221A,ORF1b:N168D;ORF1b:R174C;ORF1b:Q182L;ORF1b:C184*;ORF1b:D185N;ORF1b:A190A;ORF1b:T197R;ORF1b:Q215E;ORF1b:P218P;ORF1b:P223P;ORF1b:V225V;ORF1b:M233L;ORF1b:R240S;ORF1b:E245E;ORF1b:L252I,47,1693,0.0277613703484937,0,
2192026,BA.2_0.04_abundance_0.1,T14289A;C14408T,ORF1b:F274L;ORF1b:P314L,337,660,0.5106060606060606,100,BA.1.17.2:23;BA.2.45:5;BA.1.1:6;AY.4.2:3;BA.5.2.1:2;BT.2:15;B.1.1.7:3;B.1.1.189:10;BA.2.12.1:12;B.1.351:1;BA.2:7;B.1.177:3;BA.2.76:1;BA.1.1.2:1;BA.4.1:1;BA.1.15:3;AY.84:1;B.1.617.2:1;BE.3:1;BA.4.6:1
2192026,BA.2_0.04_abundance_0.1,T14289A;C14408T;T14496C,ORF1b:F274L;ORF1b:P314L;ORF1b:G343G,188,618,0.3042071197411003,0,
2192026,BA.2_0.04_abundance_0.1,C14408T;T14496C,ORF1b:P314L;ORF1b:G343G,54,619,0.0872374798061389,73,BA.2:11;B.1.1.529:1;BA.2.10:4;AY.4:1;B.1.1.7:12;BA.1.1:1;B.1.2:2;AY.29:1;AY.100:1;BA.1:4;BA.5.1:7;AY.34.1.1:1;AY.75:4;AY.98:2;BA.2.12.1:1;AY.103:14;B.1.466.2:1;AY.3:1;AY.59:2;AY.23:1;AY.101:1
2192026,BA.2_0.04_abundance_0.1,T15522G;G15543A;G15550A;C15566A;A15580T;G15627C;G15649T;G15672A;C15714T;C15716T;T15729A;T15737A;A15742C;A15772G;A15845C,ORF1b:F685L;ORF1b:T692T;ORF1b:V695I;ORF1b:S700Y;ORF1b:K705*;ORF1b:E720D;ORF1b:V728F;ORF1b:E735E;ORF1b:L749L;ORF1b:S750F;ORF1b:V754V;ORF1b:F757Y;ORF1b:S759R;ORF1b:S769G;ORF1b:E793A,56,1916,0.0292275574112734,0,
2192026,BA.2_0.04_abundance_0.1,T15522G;G15543A;G15550A;C15566A;A15580T;G15627C;G15649T;G15672A;C15714T;C15716T;T15729A;T15737A;A15742C;A15772G,ORF1b:F685L;ORF1b:T692T;ORF1b:V695I;ORF1b:S700Y;ORF1b:K705*;ORF1b:E720D;ORF1b:V728F;ORF1b:E735E;ORF1b:L749L;ORF1b:S750F;ORF1b:V754V;ORF1b:F757Y;ORF1b:S759R;ORF1b:S769G,40,3072,0.0130208333333333,0,
2192026,BA.2_0.04_abundance_0.1,C15714T;A15740C,ORF1b:L749L;ORF1b:N758T,88,3955,0.0222503160556257,0,
2192026,BA.2_0.04_abundance_0.1,G15906A;T16167A,ORF1b:Q813Q;ORF1b:N900K,125,1564,0.079923273657289,0,
2192026,BA.2_0.04_abundance_0.1,T15915G;T15916C;A15917T;T15920G;G15961C;T16004G;G16027C;A16055T;A16128T;G16130A,ORF1b:D816E;ORF1b:Y817H;ORF1b:Y817F;ORF1b:V818G;ORF1b:G832R;ORF1b:M846R;ORF1b:A854P;ORF1b:H863L;ORF1b:T887T;ORF1b:G888E,77,2373,0.0324483775811209,0,
2192026,BA.2_0.04_abundance_0.1,T16167A;T16224G,ORF1b:N900K;ORF1b:H919Q,34,421,0.0807600950118764,0,
2192026,BA.2_0.04_abundance_0.1,T16167A;T16224G;A16278T,ORF1b:N900K;ORF1b:H919Q;ORF1b:L937F,17,421,0.0403800475059382,0,
2192026,BA.2_0.04_abundance_0.1,T16167A;A16278T,ORF1b:N900K;ORF1b:L937F,9,421,0.0213776722090261,0,
2192026,BA.2_0.04_abundance_0.1,T16224G;A16278T,ORF1b:H919Q;ORF1b:L937F,74,421,0.175771971496437,0,
2192026,BA.2_0.04_abundance_0.1,T16908A;T16913C;A16923C;C16928T;G16959C;A16967G;C17000A;A17037T;G17058A;T17067G,ORF1b:Y1147*;ORF1b:V1149A;ORF1b:S1152S;ORF1b:T1154I;ORF1b:V1164V;ORF1b:E1167G;ORF1b:T1178K;ORF1b:A1190A;ORF1b:M1197I;ORF1b:Y1200*,44,1148,0.0383275261324041,0,
2192026,BA.2_0.04_abundance_0.1,T17150G;T17208C;T17224G;T17226G;A17233G;A17269C;T17319C;T17364A;C17372A;T17379C;C17403G,ORF1b:V1228G;ORF1b:Y1247Y;ORF1b:C1253G;ORF1b:C1253W;ORF1b:I1256V;ORF1b:K1268Q;ORF1b:N1284N;ORF1b:I1299I;ORF1b:A1302D;ORF1b:N1304N;ORF1b:A1312A,62,3844,0.0161290322580645,0,
2192026,BA.2_0.04_abundance_0.1,T17150G;T17208C;T17224G;T17226G;A17233G;A17269C;T17319C;T17364A;C17372A;T17379C;C17403G;A17409G;C17410T;T17415C,ORF1b:V1228G;ORF1b:Y1247Y;ORF1b:C1253G;ORF1b:C1253W;ORF1b:I1256V;ORF1b:K1268Q;ORF1b:N1284N;ORF1b:I1299I;ORF1b:A1302D;ORF1b:N1304N;ORF1b:A1312A;ORF1b:L1314L;ORF1b:R1315C;ORF1b:A1316A,54,1305,0.0413793103448275,0,
2192026,BA.2_0.04_abundance_0.1,T17209C;C17410T,ORF1b:L1248L;ORF1b:R1315C,178,2893,0.0615278257863809,11,BF.5:3;XBB.1:1;BA.2.3.17:6;BQ.1.10:1
2192026,BA.2_0.04_abundance_0.1,A17409G;C17410T;T17415C;A17429C;T17442G;C17463A;G17469C;T17510G;A17525C;A17593G;G17602C;A17606C;A17614T;C17649T;C17710G;T17714A,ORF1b:L1314L;ORF1b:R1315C;ORF1b:A1316A;ORF1b:Y1321S;ORF1b:P1325P;ORF1b:R1332R;ORF1b:L1334F;ORF1b:V1348G;ORF1b:K1353T;ORF1b:S1376G;ORF1b:V1379L;ORF1b:Y1380S;ORF1b:K1383*;ORF1b:C1394C;ORF1b:Q1415E;ORF1b:I1416K,5,189,0.0264550264550264,0,
2192026,BA.2_0.04_abundance_0.1,C17410T;T17670G,ORF1b:R1315C;ORF1b:G1401G,79,241,0.3278008298755187,215,BA.2:1;BA.4.6.5:214
2192026,BA.2_0.04_abundance_0.1,A17429C;T17442G;C17463A;G17469C;T17510G;A17525C;A17593G;G17602C;A17606C;A17614T;C17649T;T17670G;C17710G;T17714A,ORF1b:Y1321S;ORF1b:P1325P;ORF1b:R1332R;ORF1b:L1334F;ORF1b:V1348G;ORF1b:K1353T;ORF1b:S1376G;ORF1b:V1379L;ORF1b:Y1380S;ORF1b:K1383*;ORF1b:C1394C;ORF1b:G1401G;ORF1b:Q1415E;ORF1b:I1416K,21,1719,0.0122164048865619,0,
2192026,BA.2_0.04_abundance_0.1,A17429C;T17442G;C17463A;G17469C;T17510G;A17525C;A17593G;G17602C;A17606C;A17614T;C17649T;C17710G;T17714A,ORF1b:Y1321S;ORF1b:P1325P;ORF1b:R1332R;ORF1b:L1334F;ORF1b:V1348G;ORF1b:K1353T;ORF1b:S1376G;ORF1b:V1379L;ORF1b:Y1380S;ORF1b:K1383*;ORF1b:C1394C;ORF1b:Q1415E;ORF1b:I1416K,28,1719,0.0162885398487492,0,
2192026,BA.2_0.04_abundance_0.1,C18041A;G18088C;C18094T;T18123G;G18145A;A18163G;G18213T;T18276A,ORF1b:A1525D;ORF1b:G1541R;ORF1b:H1543Y;ORF1b:S1552R;ORF1b:E1560K;ORF1b:I1566V;ORF1b:M1582I;ORF1b:A1603A,22,569,0.0386643233743409,0,
2192026,BA.2_0.04_abundance_0.1,G20248A;T20286A;G20291T;C20325A;G20332A;G20335T;C20365T;T20408A,ORF1b:E2261K;ORF1b:I2273I;ORF1b:R2275L;ORF1b:I2286I;ORF1b:G2289R;ORF1b:D2290Y;ORF1b:H2300Y;ORF1b:F2314Y,8,345,0.0231884057971014,0,
2192026,BA.2_0.04_abundance_0.1,A20539G;C20544G;C20648A;T20701C;T20738G;A20741C;T20748G;G20750A;T20757G;A20761T;A20778C,ORF1b:K2358E;ORF1b:S2359S;ORF1b:P2394Q;ORF1b:Y2412H;ORF1b:L2424R;ORF1b:Q2425P;ORF1b:Y2427*;ORF1b:G2428D;ORF1b:S2430R;ORF1b:T2432S;ORF1b:I2437I,20,719,0.0278164116828929,0,
2192026,BA.2_0.04_abundance_0.1,A21852T;G21987A,S:K97M;S:G142D,420,1865,0.225201072386059,150,BA.5.3.1:7;BE.1:6;AY.29:130;BE.7:1;BE.1.1.2:2;BQ.1.1:1;BA.5.1.29:1;AY.127:1;BA.2.65:1
2192026,BA.2_0.04_abundance_0.1,T23164C;A23403G,S:V534V;S:D614G,576,2695,0.2137291280148423,421,BQ.1.10:1;B.1:8;P.1:30;AY.103:10;B.1.1.216:41;B.1.1.7:38;BE.1.1:17;C.4:1;AY.4.17:1;BA.2.37:2;AY.43:1;BF.5:2;AY.99.2:2;B.1.234:1;BQ.1.1.18:1;BA.1.1:8;BA.2:12;B.1.1.284:6;AY.122:156;BA.5.1:2;AY.29.2:1;BA.1:16;BF.1:2;BA.2.9.5:5;AY.100:1;AY.26:1;B.1.221:19;BA.5.2.21:4;AY.102:2;AY.4:4;AY.126:3;BA.5.2:2;BA.2.3:1;BA.5.2.9:1;C.37:1;BA.1.15:3;B.1.1.10:4;BA.2.12.1:2;B.1.617.2:1;Q.4:1;D.2:1;AY.121:1;B.1.36:1;AY.3.1:1;B.1.177.81:1;B.1.1:1;BA.5.2.1:1
2192026,BA.2_0.04_abundance_0.1,T23164C;A23279G;A23403G,S:V534V;S:T573A;S:D614G,450,2695,0.1669758812615955,0,
2192026,BA.2_0.04_abundance_0.1,T23164C;A23279G,S:V534V;S:T573A,33,2900,0.0113793103448275,0,
2192026,BA.2_0.04_abundance_0.1,T23178A;A23181C;T23183C;G23222T;G23264C;T23272A;C23280A;C23286G;G23288T;T23289A;T23308A;G23309C;T23322A;A23357G;T23377G;C23393A;A23397C;A23403G;T23421C;T23468A;T23479G;T23487A,S:V539D;S:N540T;S:F541L;S:E554*;S:D568H;S:A570A;S:T573N;S:A575G;S:V576F;S:V576D;S:L582L;S:E583Q;S:I587N;S:T599A;S:S605S;S:L611I;S:Y612S;S:D614G;S:V620A;S:Y636N;S:G639G;S:V642D,9,534,0.0168539325842696,0,
2192026,BA.2_0.04_abundance_0.1,A23279G;A23403G,S:T573A;S:D614G,672,2807,0.2394014962593516,83,B.1.1.7:3;BA.2:7;BA.1:6;BA.1.15:1;BA.1.17.2:43;BA.1.12:2;AY.4:6;BA.1.1:2;B.1.2:3;BA.1.15.1:4;BA.1.1.18:1;BA.2.2:1;B.1.526:2;BA.2.3.12:1;B.1.595:1
2192026,BA.2_0.04_abundance_0.1,T23599G;C23604A;A23696C,S:N679K;S:P681H;S:I712L,70,94,0.7446808510638298,2,BA.2.12.1:1;BA.1.15:1
2192026,BA.2_0.04_abundance_0.1,T23599G;T23602G;C23604A;A23696C,S:N679K;S:S680S;S:P681H;S:I712L,7,94,0.0744680851063829,0,
2192026,BA.2_0.04_abundance_0.1,T23817A;C23854A;G23948T,S:L752H;S:N764K;S:D796Y,36,70,0.5142857142857142,0,
2192026,BA.2_0.04_abundance_0.1,T23817A;C23854A;G23948T;A24014C,S:L752H;S:N764K;S:D796Y;S:I818L,9,70,0.1285714285714285,0,
2192026,BA.2_0.04_abundance_0.1,T23817A;C23854A;G23948T;T24080G,S:L752H;S:N764K;S:D796Y;S:C840G,6,64,0.09375,0,
2192026,BA.2_0.04_abundance_0.1,C23854A;G23948T;T24080G,S:N764K;S:D796Y;S:C840G,67,591,0.1133671742808798,0,
2192026,BA.2_0.04_abundance_0.1,C23854A;G23948T;A24014C,S:N764K;S:D796Y;S:I818L,105,638,0.164576802507837,0,
2192026,BA.2_0.04_abundance_0.1,C23854A;G23948T;A24014C;T24080G,S:N764K;S:D796Y;S:I818L;S:C840G,21,591,0.0355329949238578,0,
2192026,BA.2_0.04_abundance_0.1,C24174A;A24424T,S:A871D;S:Q954H,25,497,0.0503018108651911,3,BA.2:1;BA.1.1:1;BA.5.1.24:1
2192026,BA.2_0.04_abundance_0.1,C24174A;C24198A;A24424T,S:A871D;S:A879E;S:Q954H,13,497,0.0261569416498993,0,
2192026,BA.2_0.04_abundance_0.1,C24198A;A24424T,S:A879E;S:Q954H,163,497,0.3279678068410462,0,
2192026,BA.2_0.04_abundance_0.1,T24765C;C25000T,S:V1068A;S:D1146D,285,2968,0.0960242587601078,9,BA.1.1.15:1;BA.2.39:3;BA.2:1;BA.4.6:1;BA.4:1;BA.5.2.1:1;BA.1:1
2192026,BA.2_0.04_abundance_0.1,C25318G;T25343C;A25351G;T25370A;T25476G;C25484G;T25496G;C25508G;T25532G;C25549A;G25555A;C25584T;T25586A;T25627A;T25628A,S:S1252S;S:S1261P;S:P1263P;S:L1270I;ORF3a:F28L;ORF3a:A31G;ORF3a:I35R;ORF3a:A39G;ORF3a:I47S;ORF3a:L53I;ORF3a:V55I;ORF3a:T64T;ORF3a:L65H;ORF3a:F79I;ORF3a:F79Y,68,2476,0.0274636510500807,0,
2192026,BA.2_0.04_abundance_0.1,A25453C;T25530A;C25584T,ORF3a:K21Q;ORF3a:L46L;ORF3a:T64T,176,5242,0.0335749713849675,0,
2192026,BA.2_0.04_abundance_0.1,T25530A;C25584T,ORF3a:L46L;ORF3a:T64T,3144,5242,0.599771079740557,32,BQ.1:16;BA.1.17.2:1;BA.2.9:1;BA.2.3.18:11;BA.5.9:1;BA.1.1:1;BQ.1.23:1
2192026,BA.2_0.04_abundance_0.1,T25530A;A25582C;C25584T,ORF3a:L46L;ORF3a:T64P;ORF3a:T64T,678,5242,0.1293399465852727,0,
2192026,BA.2_0.04_abundance_0.1,A25582C;C25584T,ORF3a:T64P;ORF3a:T64T,142,5242,0.027088897367417,2,BA.2.3:1;BA.2.1:1
2192026,BA.2_0.04_abundance_0.1,A26059G;T26080C;C26082T;A26115G;T26168C;C26270T,ORF3a:T223A;ORF3a:F230L;ORF3a:F230F;ORF3a:E241E;ORF3a:V259A;E:T9I,6,133,0.0451127819548872,0,
2192026,BA.2_0.04_abundance_0.1,A26547G;T26551A;G26567A;C26577G;T26580G;A26592G;A26643T;T26657C;G26660C;G26696A;G26709A;G26713A;C26725A;A26738T;G26779C;T26794A;T26837A;G26852A;C26858T,M:T9A;M:V10D;M:K15K;M:Q19E;M:W20G;M:I24V;M:N41Y;M:F45F;M:L46F;M:W58*;M:A63T;M:C64Y;M:A68D;M:R72S;M:C86S;M:M91K;M:R105R;M:W110*;M:F112F,6,377,0.0159151193633952,0,
2192026,BA.2_0.04_abundance_0.1,A26547G;T26551A;C26577G;T26580G;A26592G;A26643T;T26657C;G26660C;G26696A;G26709A;G26713A;C26725A;A26738T;G26779C;T26794A;T26837A;G26852A;C26858T,M:T9A;M:V10D;M:Q19E;M:W20G;M:I24V;M:N41Y;M:F45F;M:L46F;M:W58*;M:A63T;M:C64Y;M:A68D;M:R72S;M:C86S;M:M91K;M:R105R;M:W110*;M:F112F,9,377,0.0238726790450928,0,
2192026,BA.2_0.04_abundance_0.1,T26551A;C26577G;T26580G;A26592G;A26643T;T26657C;G26660C;G26696A;G26709A;G26713A;C26725A;A26738T;G26779C;T26794A;T26837A;G26852A;C26858T,M:V10D;M:Q19E;M:W20G;M:I24V;M:N41Y;M:F45F;M:L46F;M:W58*;M:A63T;M:C64Y;M:A68D;M:R72S;M:C86S;M:M91K;M:R105R;M:W110*;M:F112F,9,665,0.0135338345864661,0,
2192026,BA.2_0.04_abundance_0.1,G26567A;C26577G;G26709A;C26858T,M:K15K;M:Q19E;M:A63T;M:F112F,661,3873,0.1706687322489026,244,BA.2:201;BA.4.6:6;BA.4.1:4;BA.2.24:3;BA.2.12.1:4;BA.4.1.5:1;BA.2.18:1;BA.4:1;BA.2.3:3;BA.2.2:2;BA.2.56:2;BA.2.9:6;BA.2.38:1;BA.2.75:7;CH.1.1:1;BA.4.1.8:1
2192026,BA.2_0.04_abundance_0.1,G26567A;C26577G;G26709A,M:K15K;M:Q19E;M:A63T,119,4386,0.0271317829457364,396,BQ.1.23:3;BA.1.1.15:1;BA.2:201;BF.22:1;BA.4.6:6;BA.4.1:4;BQ.1.19:12;BF.14:2;BE.1.1.1:1;BF.7:1;BA.2.24:3;BA.1:7;BA.5.2.21:5;BA.1.1:61;BA.2.12.1:4;BA.4.1.5:1;BA.2.18:1;BA.1.12:3;BA.4:1;BA.2.3:3;BA.1.1.18:1;BA.1.17:11;BQ.1.1.4:1;BA.2.2:2;BA.2.56:2;BA.1.15.1:1;BA.5.2:5;BA.2.9:6;BA.5.2.8:1;BA.2.38:1;BF.5:12;BA.1.1.1:2;BA.5.1.12:1;BF.21:1;BA.2.75:7;BA.5.1.22:1;BQ.1:1;BA.5.1.5:2;BA.5.2.1:2;BA.5.11:4;BA.5.1:1;CH.1.1:1;BF.4:1;BA.1.17.2:2;BA.5.2.6:1;BA.1.15:1;BQ.1.1:1;BA.4.1.8:1;BA.1.18:1;BE.1.1:1
2192026,BA.2_0.04_abundance_0.1,C26577G;T26580G;A26592G;A26643T;T26657C;G26660C;G26696A;G26709A;G26713A;C26725A;A26738T;G26779C;T26794A;T26837A;G26852A;C26858T,M:Q19E;M:W20G;M:I24V;M:N41Y;M:F45F;M:L46F;M:W58*;M:A63T;M:C64Y;M:A68D;M:R72S;M:C86S;M:M91K;M:R105R;M:W110*;M:F112F,89,3878,0.0229499742135121,0,
2192026,BA.2_0.04_abundance_0.1,C27180T;T27184G;A27234G;G27235C;A27237G;C27263A;A27290G;A27293C;A27334T;G27382C;A27383T;T27384C;T27402G;A27423C;A27475T,M:L220F;M:V221G;ORF6:I11M;ORF6:A12P;ORF6:A12A;ORF6:T21N;ORF6:D30G;ORF6:Y31S;ORF6:T45S;ORF6:D61H;ORF6:D61V;ORF6:D61D;ORF7a:I3M;ORF7a:I10I;ORF7a:T28S,17,583,0.0291595197255574,0,
2192026,BA.2_0.04_abundance_0.1,T27184G;A27234G;G27235C;A27237G;C27263A;A27290G;A27293C;A27334T;G27382C;A27383T;T27384C;T27402G;A27423C;A27475T,M:V221G;ORF6:I11M;ORF6:A12P;ORF6:A12A;ORF6:T21N;ORF6:D30G;ORF6:Y31S;ORF6:T45S;ORF6:D61H;ORF6:D61V;ORF6:D61D;ORF7a:I3M;ORF7a:I10I;ORF7a:T28S,19,905,0.0209944751381215,0,
2192026,BA.2_0.04_abundance_0.1,C27306A;G27382C;A27383T;T27384C,ORF6:L35L;ORF6:D61H;ORF6:D61V;ORF6:D61D,47,964,0.0487551867219917,2,BA.2.75:1;BA.2:1
2192026,BA.2_0.04_abundance_0.1,A27825C;T27837C;T27901G;T27902C;T27904C;A27917G;A27965C;A27983T;T28010A;C28011A;T28130G,ORF7b:M24L;ORF7b:F28L;ORF8:F3C;ORF8:F3F;ORF8:L4P;ORF8:G8G;ORF8:S24S;ORF8:P30P;ORF8:I39I;ORF8:H40N;ORF8:Y79*,7,382,0.0183246073298429,0,
2192026,BA.2_0.04_abundance_0.1,A27825C;T27837C;T27901G;T27902C;A27917G;A27965C;A27983T;T28010A;C28011A;T28130G,ORF7b:M24L;ORF7b:F28L;ORF8:F3C;ORF8:F3F;ORF8:G8G;ORF8:S24S;ORF8:P30P;ORF8:I39I;ORF8:H40N;ORF8:Y79*,8,382,0.0209424083769633,0,
2192026,BA.2_0.04_abundance_0.1,T28130G;A28173T;G28183A;T28192G;A28207C;T28224G;A28274C;C28291G;A28295T;G28307A;C28311T;G28337T;C28344A;G28375T,ORF8:Y79*;ORF8:K94*;ORF8:S97N;ORF8:V100G;ORF8:Y105S;ORF8:Y111D;N:MX;N:P6P;N:N8Y;N:A12T;N:P13L;N:D22Y;N:T24N;N:G34G,43,1262,0.0340729001584786,0,
2192026,BA.2_0.04_abundance_0.1,C28471A;C28512A;G28551T;G28580A;A28626T;A28633G,N:F66L;N:P80Q;N:R93L;N:D103N;N:E118V;N:G120G,11,495,0.0222222222222222,0,
2192026,BA.2_0.04_abundance_0.1,T29036G;A29039C;C29061T;C29067G;A29079C;G29106T;G29132T;A29181T;G29204T;T29225G;A29237G;C29247T;A29267G;T29278C;C29280A;A29307G,N:S255A;N:K256Q;N:T263I;N:T265S;N:N269T;N:G278V;N:G287W;N:Q303L;N:A311S;N:S318A;N:M322V;N:T325I;N:T332A;N:G335G;N:A336D;N:N345S,41,1271,0.032258064516129,0,
2192026,BA.2_0.04_abundance_0.1,A29510C;T29655A,N:S413R;ORF10:V33D,30,188,0.1595744680851064,2,BA.2:2
2262026,BA.2_0.04_abundance_0.1,G546C;T592G;T670G,ORF1a:G94A;ORF1a:P109P;ORF1a:S135R,21,1752,0.011986301369863,0,
2262026,BA.2_0.04_abundance_0.1,G546C;T670G,ORF1a:G94A;ORF1a:S135R,250,1752,0.1426940639269406,1,BA.2.12.1:1
2262026,BA.2_0.04_abundance_0.1,T592G;T670G,ORF1a:P109P;ORF1a:S135R,117,1752,0.0667808219178082,53,BA.2:27;BA.2.3.6:1;BA.5.2:5;BA.2.12.1:6;BA.5.2.1:2;XAZ:1;BA.5.2.26:1;BQ.1.1:1;BA.2.3:4;BA.5.6:1;BA.5.2.34:3;BA.5.1:1
2262026,BA.2_0.04_abundance_0.1,T670G;A939G,ORF1a:S135R;ORF1a:K225R,47,286,0.1643356643356643,772,BQ.1.23:5;BA.2.9:54;BA.2.3:498;BA.5.2:44;BA.2:46;BA.5.1.15:1;BF.5:18;BA.5.1:7;BE.1.2:4;BA.5.2.23:5;BE.1.1:1;BA.4.1.1:2;BA.2.1:1;BA.2.12.1:14;BA.5.2.1:20;BA.2.14:1;BQ.1.1:7;BA.5.2.20:3;BA.2.38:1;BQ.1:3;BF.1:1;BA.2.3.2:1;BA.5.1.19:1;BQ.1.18:2;BA.2.13:1;BA.2.65:5;BF.10:1;BQ.1.1.5:1;BA.2.3.15:1;BA.2.75:4;BA.4.1:1;BA.5.2.22:1;BA.2.10:2;BF.7:2;BA.5.2.34:3;BA.2.3.1:1;BA.2.7:1;BE.3:1;BA.5.1.3:2;BA.2.3.13:1;BA.5.5:1;BA.2.3.16:1;CM.4:1;BQ.1.1.24:1
2262026,BA.2_0.04_abundance_0.1,G1018A;A1049G;T1073G;T1086C;A1109T;T1114C;C1122T;C1221A;T1240C;A1269C,ORF1a:L251L;ORF1a:K262E;ORF1a:C270G;ORF1a:V274A;ORF1a:K282*;ORF1a:T283T;ORF1a:P286L;ORF1a:T319N;ORF1a:H325H;ORF1a:D335A,104,2038,0.0510304219823356,0,
2262026,BA.2_0.04_abundance_0.1,G1018A;A1049G;T1073G;T1086C;C1108G;A1109T;T1114C;C1122T;C1221A;T1240C;A1269C,ORF1a:L251L;ORF1a:K262E;ORF1a:C270G;ORF1a:V274A;ORF1a:I281M;ORF1a:K282*;ORF1a:T283T;ORF1a:P286L;ORF1a:T319N;ORF1a:H325H;ORF1a:D335A,29,2038,0.0142296368989205,0,
2262026,BA.2_0.04_abundance_0.1,C1645A;A1646T;G1661C;C1663A;G1748A;C1762G;A1799G;A1814G;A1844C;A1870T,ORF1a:N460K;ORF1a:I461F;ORF1a:D466H;ORF1a:D466E;ORF1a:D495N;ORF1a:F499L;ORF1a:T512A;ORF1a:K517E;ORF1a:K527Q;ORF1a:A535A,64,1318,0.0485584218512898,0,
2262026,BA.2_0.04_abundance_0.1,G2875T;G2946A;T2959C;A2977T;A2986G;T3001C;A3010T;T3026G;C3037T;C3045T;G3080A;A3094T;T3106C;T3144A,ORF1a:E870D;ORF1a:G894D;ORF1a:D898D;ORF1a:T904T;ORF1a:L907L;ORF1a:G912G;ORF1a:K915N;ORF1a:Y921D;ORF1a:F924F;ORF1a:P927L;ORF1a:E939K;ORF1a:P943P;ORF1a:Y947Y;ORF1a:L960*,28,646,0.0433436532507739,0,
2262026,BA.2_0.04_abundance_0.1,G2875T;G2946A;T2959C;A2977T;A2986G;T3001C;A3010T;T3026G;C3037T;C3045T;G3080A;A3094T;T3106C;T3144A;T3172G,ORF1a:E870D;ORF1a:G894D;ORF1a:D898D;ORF1a:T904T;ORF1a:L907L;ORF1a:G912G;ORF1a:K915N;ORF1a:Y921D;ORF1a:F924F;ORF1a:P927L;ORF1a:E939K;ORF1a:P943P;ORF1a:Y947Y;ORF1a:L960*;ORF1a:L969L,17,219,0.0776255707762557,0,
2262026,BA.2_0.04_abundance_0.1,A3210C;G3216C;A3309T;A3314T;G3353A;A3374C;T3378C;A3390C;A3461T,ORF1a:D982A;ORF1a:S984T;ORF1a:E1015V;ORF1a:T1017S;ORF1a:G1030S;ORF1a:N1037H;ORF1a:V1038A;ORF1a:N1042T;ORF1a:K1066*,6,71,0.0845070422535211,0,
2262026,BA.2_0.04_abundance_0.1,G3560T;C3583A;A3600G;G3614C;A3643G;A3674G;A3684C;T3700C;C3702G;A3712C;C3717G;T3718G;G3720T;T3723G;T3733C;C3737G;T3798C,ORF1a:V1099L;ORF1a:S1106R;ORF1a:K1112R;ORF1a:V1117L;ORF1a:E1126E;ORF1a:N1137D;ORF1a:Q1140P;ORF1a:L1145L;ORF1a:A1146G;ORF1a:L1149F;ORF1a:A1151G;ORF1a:A1151A;ORF1a:G1152V;ORF1a:I1153S;ORF1a:A1156A;ORF1a:P1158A;ORF1a:F1178S,12,127,0.0944881889763779,0,
2262026,BA.2_0.04_abundance_0.1,A3852T;T3862A;A3872C;G3878A;T3898C;T3930G;C3987A;G4016C;A4019T;A4032G;C4058A;T4081G,ORF1a:E1196V;ORF1a:V1199V;ORF1a:I1203L;ORF1a:E1205K;ORF1a:V1211V;ORF1a:V1222G;ORF1a:T1241K;ORF1a:E1251Q;ORF1a:N1252Y;ORF1a:Y1256C;ORF1a:P1265T;ORF1a:S1272R,13,577,0.022530329289428,0,
2262026,BA.2_0.04_abundance_0.1,A3852T;T3862A;A3872C;G3878A;T3898C;T3930G;C3987A;G4016C;A4019T;A4032G;C4058A,ORF1a:E1196V;ORF1a:V1199V;ORF1a:I1203L;ORF1a:E1205K;ORF1a:V1211V;ORF1a:V1222G;ORF1a:T1241K;ORF1a:E1251Q;ORF1a:N1252Y;ORF1a:Y1256C;ORF1a:P1265T,24,578,0.0415224913494809,0,
2262026,BA.2_0.04_abundance_0.1,A3895G;T4081G,ORF1a:E1210E;ORF1a:S1272R,88,577,0.1525129982668977,0,
2262026,BA.2_0.04_abundance_0.1,G6589C;T6598G;G6632A;T6668G;T6699G,ORF1a:K2108N;ORF1a:N2111K;ORF1a:A2123T;ORF1a:W2135G;ORF1a:F2145C,5,94,0.0531914893617021,0,
2262026,BA.2_0.04_abundance_0.1,T7249A;C7299A,ORF1a:F2328L;ORF1a:A2345E,22,652,0.0337423312883435,0,
2262026,BA.2_0.04_abundance_0.1,T7249A;T7305A,ORF1a:F2328L;ORF1a:M2347K,20,652,0.0306748466257668,0,
2262026,BA.2_0.04_abundance_0.1,C7392A;A7409G;G7476A;T7489A;T7499A;C7536G;A7569C;G7577A;G7599A;T7605G;T7612A;G7622A;G7629A,ORF1a:P2376Q;ORF1a:R2382G;ORF1a:C2404Y;ORF1a:T2408T;ORF1a:C2412S;ORF1a:T2424R;ORF1a:Y2435S;ORF1a:A2438T;ORF1a:C2445Y;ORF1a:L2447R;ORF1a:N2449K;ORF1a:V2453I;ORF1a:C2455Y,34,503,0.0675944333996023,0,
2262026,BA.2_0.04_abundance_0.1,A7710C;G7761C;C7772A;G7781T;C7788G;G7790T;T7801A;C7860T;T7861A;T7876A;C7926G;G7962C;A7965T;C7967T,ORF1a:N2482T;ORF1a:G2499A;ORF1a:L2503I;ORF1a:D2506Y;ORF1a:A2508G;ORF1a:G2509C;ORF1a:T2512T;ORF1a:T2532I;ORF1a:T2532T;ORF1a:P2537P;ORF1a:A2554G;ORF1a:C2566S;ORF1a:Q2567L;ORF1a:P2568S,20,460,0.0434782608695652,0,
2262026,BA.2_0.04_abundance_0.1,A7990T;A8211G,ORF1a:A2575A;ORF1a:K2649R,7,699,0.0100143061516452,0,
2262026,BA.2_0.04_abundance_0.1,A8128C;A8199C,ORF1a:A2621A;ORF1a:D2645A,10,700,0.0142857142857142,0,
2262026,BA.2_0.04_abundance_0.1,A8128C;A8211G,ORF1a:A2621A;ORF1a:K2649R,25,700,0.0357142857142857,0,
2262026,BA.2_0.04_abundance_0.1,A8199C;A8211G,ORF1a:D2645A;ORF1a:K2649R,9,700,0.0128571428571428,0,
2262026,BA.2_0.04_abundance_0.1,A8312T;A8378G;A8388T;T8421A;G8422C;A8500T;T8538G;T8545C;G8553C;T8554G;T8623G,ORF1a:M2683L;ORF1a:K2705E;ORF1a:N2708I;ORF1a:M2719K;ORF1a:M2719I;ORF1a:A2745A;ORF1a:I2758R;ORF1a:L2760L;ORF1a:G2763A;ORF1a:G1945G;ORF1a:I2786M,11,426,0.0258215962441314,0,
2262026,BA.2_0.04_abundance_0.1,A8312T;A8378G;A8388T;T8421A;G8422C;A8500T;T8538G;T8545C;G8553C;T8554G,ORF1a:M2683L;ORF1a:K2705E;ORF1a:N2708I;ORF1a:M2719K;ORF1a:M2719I;ORF1a:A2745A;ORF1a:I2758R;ORF1a:L2760L;ORF1a:G2763A;ORF1a:G1945G,67,1232,0.0543831168831168,0,
2262026,BA.2_0.04_abundance_0.1,A8312T;A8378G;A8388T;T8421A;G8422C;A8500T;T8538G;T8545C;G8553C;T8554G;T8623G;C8626A,ORF1a:M2683L;ORF1a:K2705E;ORF1a:N2708I;ORF1a:M2719K;ORF1a:M2719I;ORF1a:A2745A;ORF1a:I2758R;ORF1a:L2760L;ORF1a:G2763A;ORF1a:G1945G;ORF1a:I2786M;ORF1a:F2787L,15,238,0.0630252100840336,0,
2262026,BA.2_0.04_abundance_0.1,T8623G;C8626A;C8664T;G8696C;G8781T;T8854A;T8870C;A8882T;T8886C;T8918G;G8939A,ORF1a:I2786M;ORF1a:F2787L;ORF1a:T2800I;ORF1a:A2811P;ORF1a:S2839I;ORF1a:G2863G;ORF1a:L2869L;ORF1a:I2873L;ORF1a:L2874S;ORF1a:L2885V;ORF1a:V2892I,5,62,0.0806451612903225,0,
2262026,BA.2_0.04_abundance_0.1,C8664T;G8696C;T8854A;T8870C;A8882T;T8886C;T8918G;G8939A,ORF1a:T2800I;ORF1a:A2811P;ORF1a:G2863G;ORF1a:L2869L;ORF1a:I2873L;ORF1a:L2874S;ORF1a:L2885V;ORF1a:V2892I,11,515,0.0213592233009708,0,
2262026,BA.2_0.04_abundance_0.1,C8664T;G8696C;G8781T;T8854A;T8870C;A8882T;T8886C;T8918G;G8939A,ORF1a:T2800I;ORF1a:A2811P;ORF1a:S2839I;ORF1a:G2863G;ORF1a:L2869L;ORF1a:I2873L;ORF1a:L2874S;ORF1a:L2885V;ORF1a:V2892I,16,515,0.0310679611650485,0,
2262026,BA.2_0.04_abundance_0.1,G8742T;G8781T;G8807C,ORF1a:C2826F;ORF1a:S2839I;ORF1a:D2848H,12,728,0.0164835164835164,0,
2262026,BA.2_0.04_abundance_0.1,G8742T;G8781T,ORF1a:C2826F;ORF1a:S2839I,115,728,0.1579670329670329,0,
2262026,BA.2_0.04_abundance_0.1,G8742T;G8807C,ORF1a:C2826F;ORF1a:D2848H,12,728,0.0164835164835164,0,
2262026,BA.2_0.04_abundance_0.1,G8781T;G8807C,ORF1a:S2839I;ORF1a:D2848H,27,728,0.037087912087912,0,
2262026,BA.2_0.04_abundance_0.1,T8918G;G8939A;T8954C;G8975C;G9003C;A9023G;T9089A;C9122G;G9130C;G9137A;C9163T;G9173A;T9178G;T9183C;A9213G,ORF1a:L2885V;ORF1a:V2892I;ORF1a:Y2897H;ORF1a:E2904Q;ORF1a:C2913S;ORF1a:T2920A;ORF1a:S2942T;ORF1a:R2953G;ORF1a:V2955V;ORF1a:D2958N;ORF1a:N2966N;ORF1a:E2970K;ORF1a:G2971G;ORF1a:V2973A;ORF1a:Y2983C,16,235,0.0680851063829787,0,
2262026,BA.2_0.04_abundance_0.1,G8939A;T8954C;G8975C;G9003C;A9023G;T9089A;C9122G;G9130C;G9137A;C9163T;G9173A;T9178G;T9183C;A9213G,ORF1a:V2892I;ORF1a:Y2897H;ORF1a:E2904Q;ORF1a:C2913S;ORF1a:T2920A;ORF1a:S2942T;ORF1a:R2953G;ORF1a:V2955V;ORF1a:D2958N;ORF1a:N2966N;ORF1a:E2970K;ORF1a:G2971G;ORF1a:V2973A;ORF1a:Y2983C,74,1572,0.0470737913486005,0,
2262026,BA.2_0.04_abundance_0.1,G9312A;C9344T;A9424G;C9534T,ORF1a:G3016E;ORF1a:L3027F;ORF1a:V3053V;ORF1a:T3090I,32,484,0.0661157024793388,0,
2262026,BA.2_0.04_abundance_0.1,G9312A;C9344T;A9377G;A9424G;C9534T,ORF1a:G3016E;ORF1a:L3027F;ORF1a:I3038V;ORF1a:V3053V;ORF1a:T3090I,33,484,0.0681818181818181,0,
2262026,BA.2_0.04_abundance_0.1,G9312A;C9344T;A9377G;A9424G,ORF1a:G3016E;ORF1a:L3027F;ORF1a:I3038V;ORF1a:V3053V,9,560,0.0160714285714285,0,
2262026,BA.2_0.04_abundance_0.1,G9312A;C9344T;A9424G;T9445G;C9534T,ORF1a:G3016E;ORF1a:L3027F;ORF1a:V3053V;ORF1a:L3060L;ORF1a:T3090I,5,484,0.0103305785123966,0,
2262026,BA.2_0.04_abundance_0.1,C9344T;A9377G;A9424G;C9534T,ORF1a:L3027F;ORF1a:I3038V;ORF1a:V3053V;ORF1a:T3090I,180,484,0.371900826446281,286,BA.2:221;CK.2:8;BA.5.1:12;BA.2.12.1:5;BA.5.2:9;BA.4.6:1;BA.5.1.25:2;BA.2.9:1;BE.1:1;XBB.2:2;BF.5:2;BA.2.14:1;BA.5.1.23:5;BA.2.10:4;BA.2.75:3;BQ.1:2;BQ.1.1.4:1;BF.7.4.1:1;BA.5.2.21:1;BA.5:1;BF.7:1;BA.5.2.1:1;BF.10:1
2262026,BA.2_0.04_abundance_0.1,C9344T;A9377G;A9424G,ORF1a:L3027F;ORF1a:I3038V;ORF1a:V3053V,37,560,0.0660714285714285,287,BA.2:221;CK.2:8;BA.5.1:13;BA.2.12.1:5;BA.5.2:9;BA.4.6:1;BA.5.1.25:2;BA.2.9:1;BE.1:1;XBB.2:2;BF.5:2;BA.2.14:1;BA.5.1.23:5;BA.2.10:4;BA.2.75:3;BQ.1:2;BQ.1.1.4:1;BF.7.4.1:1;BA.5.2.21:1;BA.5:1;BF.7:1;BA.5.2.1:1;BF.10:1
2262026,BA.2_0.04_abundance_0.1,C9344T;C9399A;A9424G;C9534T,ORF1a:L3027F;ORF1a:A3045E;ORF1a:V3053V;ORF1a:T3090I,5,484,0.0103305785123966,1,BQ.1.1:1
2262026,BA.2_0.04_abundance_0.1,C9344T;A9377G;A9424G;T9445G;C9534T,ORF1a:L3027F;ORF1a:I3038V;ORF1a:V3053V;ORF1a:L3060L;ORF1a:T3090I,23,484,0.0475206611570247,0,
2262026,BA.2_0.04_abundance_0.1,C9344T;A9424G;T9445G;C9534T,ORF1a:L3027F;ORF1a:V3053V;ORF1a:L3060L;ORF1a:T3090I,21,484,0.0433884297520661,9,BA.5.5:1;BA.2.9:1;BA.2:2;BA.5.2.1:3;BA.2.12:2
2262026,BA.2_0.04_abundance_0.1,C9344T;A9377G;C9399A;A9424G;C9534T,ORF1a:L3027F;ORF1a:I3038V;ORF1a:A3045E;ORF1a:V3053V;ORF1a:T3090I,7,484,0.0144628099173553,0,
2262026,BA.2_0.04_abundance_0.1,C9534T;C9565G;T9574A;T9680A;T9695G;C9700A;G9705A;A9740C;A9748C;A9754C;C9755T;T9818A,ORF1a:T3090I;ORF1a:F3100L;ORF1a:G3103G;ORF1a:W3139R;ORF1a:Y3144D;ORF1a:I3145I;ORF1a:C3147Y;ORF1a:N3159H;ORF1a:L3161L;ORF1a:R3163S;ORF1a:R3164C;ORF1a:L3185I,60,902,0.0665188470066518,0,
2262026,BA.2_0.04_abundance_0.1,C9534T;C9565G;T9574A;T9680A;T9695G;C9700A;G9705A;A9740C;A9748C;A9754C;C9755T,ORF1a:T3090I;ORF1a:F3100L;ORF1a:G3103G;ORF1a:W3139R;ORF1a:Y3144D;ORF1a:I3145I;ORF1a:C3147Y;ORF1a:N3159H;ORF1a:L3161L;ORF1a:R3163S;ORF1a:R3164C,41,1724,0.0237819025522041,0,
2262026,BA.2_0.04_abundance_0.1,G10447A;C10449A;C10568G,ORF1a:R3394R;ORF1a:P3395H;ORF1a:H3435D,552,2194,0.2515952597994531,0,
2262026,BA.2_0.04_abundance_0.1,G10447A;C10449A;A10588T,ORF1a:R3394R;ORF1a:P3395H;ORF1a:E3441D,60,2194,0.0273473108477666,26,BA.2:7;BA.2.75:1;BA.5.1.27:14;BA.2.24:1;BA.5.2:2;BA.5.1.19:1
2262026,BA.2_0.04_abundance_0.1,G10447A;C10449A;A10505C,ORF1a:R3394R;ORF1a:P3395H;ORF1a:N3414H,376,2194,0.1713764813126709,0,
2262026,BA.2_0.04_abundance_0.1,G10447A;C10449A;C10568G;A10588T,ORF1a:R3394R;ORF1a:P3395H;ORF1a:H3435D;ORF1a:E3441D,42,2194,0.0191431175934366,0,
2262026,BA.2_0.04_abundance_0.1,G10447A;C10449A;A10505C;C10568G,ORF1a:R3394R;ORF1a:P3395H;ORF1a:N3414H;ORF1a:H3435D,281,2194,0.1280765724703737,0,
2262026,BA.2_0.04_abundance_0.1,G10447A;C10449A;A10505C;A10588T,ORF1a:R3394R;ORF1a:P3395H;ORF1a:N3414H;ORF1a:E3441D,30,2194,0.0136736554238833,0,
2262026,BA.2_0.04_abundance_0.1,C10802A;T10813G;A10842C;T10852A;C10871A;C10889G;T10913A;T10968G;A10972C;A10987G,ORF1a:L3513I;ORF1a:L3516L;ORF1a:D3526A;ORF1a:A3529A;ORF1a:Q3536K;ORF1a:R3542G;ORF1a:L3550I;ORF1a:F3568C;ORF1a:Q3569H;ORF1a:R3574R,21,1905,0.011023622047244,0,
2262026,BA.2_0.04_abundance_0.1,T10813G;A10842C;T10852A;C10871A;C10889G;T10913A;T10968G;A10972C;A10987G,ORF1a:L3516L;ORF1a:D3526A;ORF1a:A3529A;ORF1a:Q3536K;ORF1a:R3542G;ORF1a:L3550I;ORF1a:F3568C;ORF1a:Q3569H;ORF1a:R3574R,101,1905,0.053018372703412,0,
2262026,BA.2_0.04_abundance_0.1,G11064C;T11079G;T11107G;T11125G;T11135C;T11149A;T11164G;T11197G;G11230T;G11310T;T11331A,ORF1a:W3600S;ORF1a:F3605C;ORF1a:F3614L;ORF1a:A3620A;ORF1a:F3624L;ORF1a:F3628L;ORF1a:H3633Q;ORF1a:L3644L;ORF1a:M3655I;ORF1a:C3682F;ORF1a:V3689E,58,980,0.0591836734693877,0,
2262026,BA.2_0.04_abundance_0.1,T11890C;T11940C;C11942A;A11952T;A11991G;T11997G;C12005G;A12030G;G12052T;C12099A;A12103T;T12112G;C12123G;A12126T;A12130C,ORF1a:V3875V;ORF1a:V3892A;ORF1a:Q3893K;ORF1a:N3896I;ORF1a:E3909G;ORF1a:M3911R;ORF1a:L3914V;ORF1a:Q3922R;ORF1a:K3929N;ORF1a:A3945D;ORF1a:S3946S;ORF1a:S3949R;ORF1a:S3953*;ORF1a:Y3954F;ORF1a:A3955A,12,344,0.0348837209302325,0,
2262026,BA.2_0.04_abundance_0.1,T11940C;C11942A;A11952T;A11991G;T11997G;C12005G;A12030G;G12052T;C12099A;A12103T;T12112G;C12123G;A12126T;A12130C,ORF1a:V3892A;ORF1a:Q3893K;ORF1a:N3896I;ORF1a:E3909G;ORF1a:M3911R;ORF1a:L3914V;ORF1a:Q3922R;ORF1a:K3929N;ORF1a:A3945D;ORF1a:S3946S;ORF1a:S3949R;ORF1a:S3953*;ORF1a:Y3954F;ORF1a:A3955A,182,3720,0.0489247311827957,0,
2262026,BA.2_0.04_abundance_0.1,G13076A;G13100T;T13111A;C13134G;A13139G;G13148C;A13169C;A13187G;C13206T;A13237C;G13332T;T13354C,ORF1a:A4271T;ORF1a:A4279S;ORF1a:D4282E;ORF1a:P4290R;ORF1a:T4292A;ORF1a:V4295L;ORF1a:T4302P;ORF1a:I4308V;ORF1a:A4314V;ORF1a:A4324A;ORF1a:C4356F;ORF1a:F4363F,29,578,0.0501730103806228,0,
2262026,BA.2_0.04_abundance_0.1,A13098T;G13233A,ORF1a:K4278I;ORF1a:G4323D,16,762,0.0209973753280839,0,
2262026,BA.2_0.04_abundance_0.1,A13947T;A13969G;C13987T;A14012T;T14019A;G14020A;T14037C;C14057G;C14110G;A14121T;T14136A;A14142C;A14164T;G14187T;G14202A;T14221A,ORF1b:P160P;ORF1b:N168D;ORF1b:R174C;ORF1b:Q182L;ORF1b:C184*;ORF1b:D185N;ORF1b:A190A;ORF1b:T197R;ORF1b:Q215E;ORF1b:P218P;ORF1b:P223P;ORF1b:V225V;ORF1b:M233L;ORF1b:R240S;ORF1b:E245E;ORF1b:L252I,9,147,0.0612244897959183,0,
2262026,BA.2_0.04_abundance_0.1,A13969G;C13987T;A14012T;T14019A;G14020A;T14037C;C14057G;C14110G;A14121T;T14136A;A14142C;A14164T;G14187T;G14202A;T14221A,ORF1b:N168D;ORF1b:R174C;ORF1b:Q182L;ORF1b:C184*;ORF1b:D185N;ORF1b:A190A;ORF1b:T197R;ORF1b:Q215E;ORF1b:P218P;ORF1b:P223P;ORF1b:V225V;ORF1b:M233L;ORF1b:R240S;ORF1b:E245E;ORF1b:L252I,65,1239,0.0524616626311541,0,
2262026,BA.2_0.04_abundance_0.1,A14317G;G14354C;C14362T;C14408T,ORF1b:T284A;ORF1b:R296T;ORF1b:L299L;ORF1b:P314L,69,1709,0.0403744880046811,0,
2262026,BA.2_0.04_abundance_0.1,A14317G;G14354C;C14408T,ORF1b:T284A;ORF1b:R296T;ORF1b:P314L,301,1709,0.1761263897015798,0,
2262026,BA.2_0.04_abundance_0.1,A14317G;C14408T,ORF1b:T284A;ORF1b:P314L,191,1709,0.1117612638970158,305,BA.4.6:1;BA.2:35;BA.2.9:12;AY.46.6:14;B.1.617.2:92;AY.3:2;BA.2.12.1:3;B.1.2:5;AY.100:15;BA.5.2.27:1;BA.1.20:25;AY.59:9;B.1.177:2;BA.1.1:18;AY.117:1;B.1.1.7:7;AY.9:1;BA.1.1.2:1;BQ.1.11:1;P.1:1;BA.1:6;AY.106:1;BA.5.2.2:1;BA.2.9.5:1;BA.1.1.1:3;AY.122:2;BA.1.14.2:2;AY.120:1;AY.25.1:12;BA.5.1:3;AY.103:9;AY.44:1;B.1.1.176:1;AY.25.3:1;AY.91:1;BA.2.3:1;B.1.621:1;AY.47:2;BA.1.15:1;BQ.1.1:1;AY.4:3;B.1.177.44:1;B.1.1.230:2;BA.1.17:2
2262026,BA.2_0.04_abundance_0.1,A14317G;C14362T;C14408T,ORF1b:T284A;ORF1b:L299L;ORF1b:P314L,53,1709,0.0310122878876536,0,
2262026,BA.2_0.04_abundance_0.1,G14354C;C14408T,ORF1b:R296T;ORF1b:P314L,517,1709,0.3025160912814511,2,AY.25.1:1;AY.103:1
2262026,BA.2_0.04_abundance_0.1,G14354C;C14362T;C14408T,ORF1b:R296T;ORF1b:L299L;ORF1b:P314L,138,1709,0.0807489760093622,0,
2262026,BA.2_0.04_abundance_0.1,C14583T;G14587C;C14618A;A14651C;T14652C;G14701T;C14760A;T14769G;A14795C;T14828G;T14846G;T14864G;T14880G,ORF1b:H372H;ORF1b:A374P;ORF1b:T384N;ORF1b:N395T;ORF1b:N395N;ORF1b:D412Y;ORF1b:F431L;ORF1b:A434A;ORF1b:D443A;ORF1b:M454R;ORF1b:L460R;ORF1b:V466G;ORF1b:F471L,5,112,0.0446428571428571,0,
2262026,BA.2_0.04_abundance_0.1,G14587C;C14618A;A14651C;T14652C;G14701T;C14760A;T14769G;A14795C;T14828G;T14846G;T14864G;T14880G,ORF1b:A374P;ORF1b:T384N;ORF1b:N395T;ORF1b:N395N;ORF1b:D412Y;ORF1b:F431L;ORF1b:A434A;ORF1b:D443A;ORF1b:M454R;ORF1b:L460R;ORF1b:V466G;ORF1b:F471L,5,208,0.0240384615384615,0,
2262026,BA.2_0.04_abundance_0.1,G15538A;C15714T,ORF1b:V691I;ORF1b:L749L,60,4278,0.0140252454417952,456,BA.5.2:18;BA.4.6:54;BA.5.1.1:21;BA.5.1:16;BW.1:1;BA.2:144;BA.2.51:5;BA.2.9:7;BA.2.3:25;BA.2.75:35;BA.5.2.1:34;BA.5.6:13;BA.5.2.20:2;BA.5.2.23:1;BA.5.1.15:1;BA.4:2;CR.1:4;BA.5.1.24:2;XBB.1:2;BA.5.1.22:1;BA.5.9:1;BN.1.3:4;BA.5:5;BQ.1.1:3;BE.1:1;BA.5.1.21:3;BA.2.63:1;BA.2.3.13:7;BF.26:1;BA.2.36:1;BA.4.2:2;BA.2.12.1:9;BA.5.5:1;BA.5.1.10:1;BQ.1.10.1:9;BF.5:2;BA.5.2.28:3;BA.2.3.4:1;BA.4.1:4;BA.2.38:2;BA.5.2.9:3;BA.2.1:1;BA.4.1.6:1;BA.2.10:1;BF.28:1
2262026,BA.2_0.04_abundance_0.1,G15538A;C15701A;C15714T,ORF1b:V691I;ORF1b:S745*;ORF1b:L749L,53,4278,0.0123889668069191,0,
2262026,BA.2_0.04_abundance_0.1,G15543A;G15550A;C15566A;A15580T;G15627C;G15649T;G15672A;C15714T;C15716T;T15729A;T15737A;A15742C;A15772G;A15845C,ORF1b:T692T;ORF1b:V695I;ORF1b:S700Y;ORF1b:K705*;ORF1b:E720D;ORF1b:V728F;ORF1b:E735E;ORF1b:L749L;ORF1b:S750F;ORF1b:V754V;ORF1b:F757Y;ORF1b:S759R;ORF1b:S769G;ORF1b:E793A,53,2246,0.0235975066785396,0,
2262026,BA.2_0.04_abundance_0.1,G15543A;G15550A;C15566A;A15580T;G15627C;G15649T;G15672A;C15701A;C15714T;C15716T;T15729A;T15737A;A15742C;A15772G;A15845C,ORF1b:T692T;ORF1b:V695I;ORF1b:S700Y;ORF1b:K705*;ORF1b:E720D;ORF1b:V728F;ORF1b:E735E;ORF1b:S745*;ORF1b:L749L;ORF1b:S750F;ORF1b:V754V;ORF1b:F757Y;ORF1b:S759R;ORF1b:S769G;ORF1b:E793A,58,2246,0.0258236865538735,0,
2262026,BA.2_0.04_abundance_0.1,G15543A;G15550A;C15566A;A15580T;G15627C;G15649T;G15672A;C15701A;C15714T;C15716T;T15729A;T15737A;A15742C;A15772G,ORF1b:T692T;ORF1b:V695I;ORF1b:S700Y;ORF1b:K705*;ORF1b:E720D;ORF1b:V728F;ORF1b:E735E;ORF1b:S745*;ORF1b:L749L;ORF1b:S750F;ORF1b:V754V;ORF1b:F757Y;ORF1b:S759R;ORF1b:S769G,38,3740,0.0101604278074866,0,
2262026,BA.2_0.04_abundance_0.1,C15701A;C15714T,ORF1b:S745*;ORF1b:L749L,1914,4281,0.4470918009810792,1,BA.2:1
2262026,BA.2_0.04_abundance_0.1,C15701A;C15714T;G15844A,ORF1b:S745*;ORF1b:L749L;ORF1b:E793K,105,2599,0.0404001539053482,0,
2262026,BA.2_0.04_abundance_0.1,C15714T;G15844A,ORF1b:L749L;ORF1b:E793K,77,2599,0.0296267795305886,7,BA.2.9:1;BA.2:3;BA.5.2.2:1;BA.5.6:1;BA.2.12.1:1
2262026,BA.2_0.04_abundance_0.1,T15915G;T15916C;A15917T;T15920G;G15961C;T16004G;G16027C;A16055T;A16128T;G16130A,ORF1b:D816E;ORF1b:Y817H;ORF1b:Y817F;ORF1b:V818G;ORF1b:G832R;ORF1b:M846R;ORF1b:A854P;ORF1b:H863L;ORF1b:T887T;ORF1b:G888E,101,1789,0.0564561207378423,0,
2262026,BA.2_0.04_abundance_0.1,A16030C;C16049T,ORF1b:I855L;ORF1b:T861I,39,1920,0.0203125,0,
2262026,BA.2_0.04_abundance_0.1,T16908A;T16913C;A16923C;C16928T;G16959C;A16967G;C17000A;A17037T;A17038T;G17058A;T17067G,ORF1b:Y1147*;ORF1b:V1149A;ORF1b:S1152S;ORF1b:T1154I;ORF1b:V1164V;ORF1b:E1167G;ORF1b:T1178K;ORF1b:A1190A;ORF1b:N1191Y;ORF1b:M1197I;ORF1b:Y1200*,35,1723,0.02031340684852,0,
2262026,BA.2_0.04_abundance_0.1,T16908A;T16913C;A16923C;C16928T;G16959C;A16967G;C17000A;A17037T;G17058A;T17067G,ORF1b:Y1147*;ORF1b:V1149A;ORF1b:S1152S;ORF1b:T1154I;ORF1b:V1164V;ORF1b:E1167G;ORF1b:T1178K;ORF1b:A1190A;ORF1b:M1197I;ORF1b:Y1200*,54,1723,0.0313406848520023,0,
2262026,BA.2_0.04_abundance_0.1,T17150G;T17208C;T17224G;T17226G;A17233G;A17269C;T17319C;T17364A;C17372A;T17379C,ORF1b:V1228G;ORF1b:Y1247Y;ORF1b:C1253G;ORF1b:C1253W;ORF1b:I1256V;ORF1b:K1268Q;ORF1b:N1284N;ORF1b:I1299I;ORF1b:A1302D;ORF1b:N1304N,69,5800,0.0118965517241379,0,
2262026,BA.2_0.04_abundance_0.1,T17150G;T17208C;T17224G;T17226G;A17233G;A17269C;T17319C;T17364A;C17372A;T17379C;C17403G;A17409G;C17410T;T17415C,ORF1b:V1228G;ORF1b:Y1247Y;ORF1b:C1253G;ORF1b:C1253W;ORF1b:I1256V;ORF1b:K1268Q;ORF1b:N1284N;ORF1b:I1299I;ORF1b:A1302D;ORF1b:N1304N;ORF1b:A1312A;ORF1b:L1314L;ORF1b:R1315C;ORF1b:A1316A,70,1656,0.0422705314009661,0,
2262026,BA.2_0.04_abundance_0.1,T17150G;T17208C;T17224G;T17226G;A17233G;A17269C;T17319C;T17364A;C17372A;T17379C;C17403G,ORF1b:V1228G;ORF1b:Y1247Y;ORF1b:C1253G;ORF1b:C1253W;ORF1b:I1256V;ORF1b:K1268Q;ORF1b:N1284N;ORF1b:I1299I;ORF1b:A1302D;ORF1b:N1304N;ORF1b:A1312A,118,5011,0.0235481939732588,0,
2262026,BA.2_0.04_abundance_0.1,T17150G;T17208C;T17224G;T17226G;A17233G;A17269C;T17319C;T17364A;C17372A;T17379C;C17403G;A17409G;C17410T;T17415C;A17429C,ORF1b:V1228G;ORF1b:Y1247Y;ORF1b:C1253G;ORF1b:C1253W;ORF1b:I1256V;ORF1b:K1268Q;ORF1b:N1284N;ORF1b:I1299I;ORF1b:A1302D;ORF1b:N1304N;ORF1b:A1312A;ORF1b:L1314L;ORF1b:R1315C;ORF1b:A1316A;ORF1b:Y1321S,5,97,0.0515463917525773,0,
2262026,BA.2_0.04_abundance_0.1,T17169G;C17410T,ORF1b:H1234Q;ORF1b:R1315C,75,3768,0.0199044585987261,0,
2262026,BA.2_0.04_abundance_0.1,C17410T;T17450A,ORF1b:R1315C;ORF1b:L1328*,154,242,0.6363636363636364,0,
2262026,BA.2_0.04_abundance_0.1,A17429C;T17442G;T17450A;C17463A;G17469C;T17510G;A17525C;A17593G;G17602C;A17606C;A17614T;C17649T;C17710G;T17714A,ORF1b:Y1321S;ORF1b:P1325P;ORF1b:L1328*;ORF1b:R1332R;ORF1b:L1334F;ORF1b:V1348G;ORF1b:K1353T;ORF1b:S1376G;ORF1b:V1379L;ORF1b:Y1380S;ORF1b:K1383*;ORF1b:C1394C;ORF1b:Q1415E;ORF1b:I1416K,65,1665,0.039039039039039,0,
2262026,BA.2_0.04_abundance_0.1,A17429C;T17442G;C17463A;G17469C;T17510G;A17525C;A17593G;G17602C;A17606C;A17614T;C17649T;C17710G;T17714A,ORF1b:Y1321S;ORF1b:P1325P;ORF1b:R1332R;ORF1b:L1334F;ORF1b:V1348G;ORF1b:K1353T;ORF1b:S1376G;ORF1b:V1379L;ORF1b:Y1380S;ORF1b:K1383*;ORF1b:C1394C;ORF1b:Q1415E;ORF1b:I1416K,25,1665,0.015015015015015,0,
2262026,BA.2_0.04_abundance_0.1,C17710G;T17714A;C17762A;G17764T;T17771A;C17818T;T17859C;T17863G;C17885T;T17901G;T17922A;T17925G;C17933G;T17963A;A17969C,ORF1b:Q1415E;ORF1b:I1416K;ORF1b:A1432D;ORF1b:V1433F;ORF1b:I1435N;ORF1b:L1451L;ORF1b:Y1464Y;ORF1b:Y1466D;ORF1b:T1473I;ORF1b:S1478S;ORF1b:N1485K;ORF1b:V1486V;ORF1b:T1489S;ORF1b:M1499K;ORF1b:D1501A,16,306,0.0522875816993464,0,
2262026,BA.2_0.04_abundance_0.1,T17714A;C17762A;G17764T;T17771A;C17818T;T17859C;T17863G;C17885T;T17901G;T17922A;T17925G;C17933G;T17963A;A17969C,ORF1b:I1416K;ORF1b:A1432D;ORF1b:V1433F;ORF1b:I1435N;ORF1b:L1451L;ORF1b:Y1464Y;ORF1b:Y1466D;ORF1b:T1473I;ORF1b:S1478S;ORF1b:N1485K;ORF1b:V1486V;ORF1b:T1489S;ORF1b:M1499K;ORF1b:D1501A,20,586,0.0341296928327645,0,
2262026,BA.2_0.04_abundance_0.1,C17762A;G17764T;T17771A;C17818T;T17859C;T17863G;C17885T;T17901G;T17922A;T17925G;C17933G;T17963A;A17969C,ORF1b:A1432D;ORF1b:V1433F;ORF1b:I1435N;ORF1b:L1451L;ORF1b:Y1464Y;ORF1b:Y1466D;ORF1b:T1473I;ORF1b:S1478S;ORF1b:N1485K;ORF1b:V1486V;ORF1b:T1489S;ORF1b:M1499K;ORF1b:D1501A,14,859,0.0162980209545983,0,
2262026,BA.2_0.04_abundance_0.1,C18041A;G18088C;C18094T;T18123G;G18145A;A18163G;G18213T;T18276A,ORF1b:A1525D;ORF1b:G1541R;ORF1b:H1543Y;ORF1b:S1552R;ORF1b:E1560K;ORF1b:I1566V;ORF1b:M1582I;ORF1b:A1603A,12,220,0.0545454545454545,0,
2262026,BA.2_0.04_abundance_0.1,T18708C;G18851T,ORF1b:T1747T;ORF1b:S1795I,25,701,0.035663338088445,0,
2262026,BA.2_0.04_abundance_0.1,C18976G;C19018T;G19072T;C19089A;C19099A;C19103G;T19146C;G19177A;G19194C;G19207A;G19231A;A19237G;A19244T,ORF1b:Q1837E;ORF1b:P1851S;ORF1b:D1869Y;ORF1b:F1874L;ORF1b:Q1878K;ORF1b:P1879R;ORF1b:S1893S;ORF1b:G1904S;ORF1b:W1909C;ORF1b:D1914N;ORF1b:V1922I;ORF1b:R1924G;ORF1b:D1926V,39,857,0.0455075845974329,0,
2262026,BA.2_0.04_abundance_0.1,A20539G;C20544G;C20648A;T20701C;T20738G;A20741C;T20748G;G20750A;T20757G;A20761T;A20778C;C20803G,ORF1b:K2358E;ORF1b:S2359S;ORF1b:P2394Q;ORF1b:Y2412H;ORF1b:L2424R;ORF1b:Q2425P;ORF1b:Y2427*;ORF1b:G2428D;ORF1b:S2430R;ORF1b:T2432S;ORF1b:I2437I;ORF1b:Q2446E,113,2018,0.0559960356788899,0,
2262026,BA.2_0.04_abundance_0.1,G22132A;T22200G,S:R190R;S:V213G,78,1096,0.0711678832116788,703,BA.5.2:34;BA.2.12.1:29;BA.4:6;BF.5:9;BA.5.1:22;BA.2.9:52;BA.2:321;BA.2.38:6;BA.2.37:1;BF.28:5;BA.5.5:4;BA.5.1.17:5;BF.7:42;BA.2.76:1;BA.2.3:17;BF.10:2;BA.5.1.22:3;BE.1:3;BA.2.10:6;BA.5.2.1:44;BA.5.2.28:14;BA.5.5.2:2;BA.2.10.1:2;BQ.1.23:1;BA.2.3.1:3;BA.4.5:1;BA.4.1.1:1;BA.4.6:7;BA.5.2.26:8;BA.4.6.4:1;BA.5.2.31:1;BA.5.2.21:1;BA.5.1.10:1;BA.5.3:1;BA.2.36:2;BA.2.75:8;BA.5:2;BA.5.2.7:1;BE.1.1:3;BA.5.2.20:9;BQ.1.1:4;BQ.1.1.22:2;BE.1.3:1;BA.5.1.2:1;BA.5.2.23:3;BA.5.6:1;BE.1.2:1;BA.4.1:1;BA.1.1:2;BA.2.23:1;BA.5.3.1:1;BA.2.4:1;BQ.1:1;BA.5.2.3:1;BA.5.1.3:1
2262026,BA.2_0.04_abundance_0.1,T22882G;T22891A;T22937C;A22974C;G22992A;C22995A;A22996C;C22998G;G23001C;A23013C;T23032C;A23040G;A23063T;C23130A;A23148C;T23152A,S:N440K;S:S443S;S:S459P;S:E471A;S:S477N;S:T478K;S:T478T;S:P479R;S:C480S;S:E484A;S:F490F;S:Q493R;S:N501Y;S:T523N;S:K529T;S:S530S,24,347,0.069164265129683,0,
2262026,BA.2_0.04_abundance_0.1,T22882G;G22992A;C22995A;A23013C;A23040G;T23052G;A23063T,S:N440K;S:S477N;S:T478K;S:E484A;S:Q493R;S:F497C;S:N501Y,223,359,0.6211699164345403,0,
2262026,BA.2_0.04_abundance_0.1,A23148C;T23152A;T23178A;A23181C;T23183C;G23222T;G23264C;T23272A;C23280A;C23286G;G23288T;T23289A;T23308A;G23309C;T23322A;A23357G;T23377G;C23393A;A23397C;A23403G;T23421C;T23468A;T23479G,S:K529T;S:S530S;S:V539D;S:N540T;S:F541L;S:E554*;S:D568H;S:A570A;S:T573N;S:A575G;S:V576F;S:V576D;S:L582L;S:E583Q;S:I587N;S:T599A;S:S605S;S:L611I;S:Y612S;S:D614G;S:V620A;S:Y636N;S:G639G,14,283,0.0494699646643109,0,
2262026,BA.2_0.04_abundance_0.1,A23148C;T23152A;T23178A;A23181C;T23183C;G23222T;G23264C;T23272A;C23280A;C23286G;G23288T;T23289A;T23308A;G23309C;T23322A;A23357G;T23377G;C23393A;A23397C;A23403G;T23421C;T23468A,S:K529T;S:S530S;S:V539D;S:N540T;S:F541L;S:E554*;S:D568H;S:A570A;S:T573N;S:A575G;S:V576F;S:V576D;S:L582L;S:E583Q;S:I587N;S:T599A;S:S605S;S:L611I;S:Y612S;S:D614G;S:V620A;S:Y636N,8,381,0.0209973753280839,0,
2262026,BA.2_0.04_abundance_0.1,T23152A;T23178A;A23181C;T23183C;G23222T;G23264C;T23272A;C23280A;C23286G;G23288T;T23289A;T23308A;G23309C;T23322A;A23357G;T23377G;C23393A;A23397C;A23403G;T23421C;T23468A;T23479G,S:S530S;S:V539D;S:N540T;S:F541L;S:E554*;S:D568H;S:A570A;S:T573N;S:A575G;S:V576F;S:V576D;S:L582L;S:E583Q;S:I587N;S:T599A;S:S605S;S:L611I;S:Y612S;S:D614G;S:V620A;S:Y636N;S:G639G,8,493,0.0162271805273833,0,
2262026,BA.2_0.04_abundance_0.1,T23178A;A23181C;T23183C;G23222T;G23264C;T23272A;C23280A;C23286G;G23288T;T23289A;T23308A;G23309C;T23322A;A23357G;T23377G;C23393A;A23397C;A23403G;T23421C;T23468A;T23479G,S:V539D;S:N540T;S:F541L;S:E554*;S:D568H;S:A570A;S:T573N;S:A575G;S:V576F;S:V576D;S:L582L;S:E583Q;S:I587N;S:T599A;S:S605S;S:L611I;S:Y612S;S:D614G;S:V620A;S:Y636N;S:G639G,120,3450,0.0347826086956521,0,
2262026,BA.2_0.04_abundance_0.1,T23178A;A23181C;T23183C;G23222T;G23264C;T23272A;C23280A;C23286G;G23288T;T23289A;T23308A;G23309C;T23322A;A23357G;T23377G;C23393A;A23397C;A23403G;T23421C;T23468A,S:V539D;S:N540T;S:F541L;S:E554*;S:D568H;S:A570A;S:T573N;S:A575G;S:V576F;S:V576D;S:L582L;S:E583Q;S:I587N;S:T599A;S:S605S;S:L611I;S:Y612S;S:D614G;S:V620A;S:Y636N,54,4638,0.0116429495472186,0,
2262026,BA.2_0.04_abundance_0.1,T23178A;A23181C;T23183C;G23222T;G23264C;T23272A;C23280A;C23286G;G23288T;T23289A;T23308A;G23309C;T23322A;A23357G;T23377G;C23393A;A23397C;A23403G;T23421C;T23468A;T23479G;T23487A,S:V539D;S:N540T;S:F541L;S:E554*;S:D568H;S:A570A;S:T573N;S:A575G;S:V576F;S:V576D;S:L582L;S:E583Q;S:I587N;S:T599A;S:S605S;S:L611I;S:Y612S;S:D614G;S:V620A;S:Y636N;S:G639G;S:V642D,40,949,0.042149631190727,0,
2262026,BA.2_0.04_abundance_0.1,T23337A;A23403G,S:F592Y;S:D614G,1007,4972,0.2025341914722445,6,BA.1.1:1;BA.1.17:1;XBD:1;AY.42:2;BA.2.13:1
2262026,BA.2_0.04_abundance_0.1,C24133T;T24397G;A24424T,S:G857G;S:L945L;S:Q954H,69,386,0.1787564766839378,0,
2262026,BA.2_0.04_abundance_0.1,C24133T;T24397G,S:G857G;S:L945L,24,547,0.0438756855575868,0,
2262026,BA.2_0.04_abundance_0.1,T24397G;A24424T,S:L945L;S:Q954H,72,386,0.1865284974093264,17,BA.2:3;BA.2.75:1;BA.1.18:1;BA.5.5:1;BA.5.2.1:5;BA.5.3.1:4;BA.1:2
2262026,BA.2_0.04_abundance_0.1,A24908C;C25000T,S:T1116P;S:D1146D,622,1462,0.4254445964432284,0,
2262026,BA.2_0.04_abundance_0.1,A24908C;A24994C;C25000T,S:T1116P;S:E1144D;S:D1146D,30,1462,0.0205198358413132,0,
2262026,BA.2_0.04_abundance_0.1,T25058C;T25070G;G25116T;T25129C;C25151T;A25195C;A25255T;T25265C;T25268A;C25318G,S:L1166L;S:S1170A;S:R1185L;S:V1189V;S:L1197F;S:K1211N;S:T1231T;S:C1235R;S:C1236S;S:S1252S,28,537,0.0521415270018622,0,
2262026,BA.2_0.04_abundance_0.1,C25318G;T25343C;A25351G;T25370A;T25476G;C25484G;T25496G;C25508G;T25532G;C25549A;G25555A;C25584T;T25586A;T25627A;T25628A,S:S1252S;S:S1261P;S:P1263P;S:L1270I;ORF3a:F28L;ORF3a:A31G;ORF3a:I35R;ORF3a:A39G;ORF3a:I47S;ORF3a:L53I;ORF3a:V55I;ORF3a:T64T;ORF3a:L65H;ORF3a:F79I;ORF3a:F79Y,26,507,0.0512820512820512,0,
2262026,BA.2_0.04_abundance_0.1,C25318G;T25343C;A25351G;A25359C;T25370A;T25476G;C25484G;T25496G;C25508G;T25532G;C25549A;G25555A;C25584T;T25586A;T25627A;T25628A,S:S1252S;S:S1261P;S:P1263P;S:K1266T;S:L1270I;ORF3a:F28L;ORF3a:A31G;ORF3a:I35R;ORF3a:A39G;ORF3a:I47S;ORF3a:L53I;ORF3a:V55I;ORF3a:T64T;ORF3a:L65H;ORF3a:F79I;ORF3a:F79Y,6,507,0.0118343195266272,0,
2262026,BA.2_0.04_abundance_0.1,T25343C;A25351G;T25370A;T25476G;C25484G;T25496G;C25508G;T25532G;C25549A;G25555A;C25584T;T25586A;T25627A;T25628A,S:S1261P;S:P1263P;S:L1270I;ORF3a:F28L;ORF3a:A31G;ORF3a:I35R;ORF3a:A39G;ORF3a:I47S;ORF3a:L53I;ORF3a:V55I;ORF3a:T64T;ORF3a:L65H;ORF3a:F79I;ORF3a:F79Y,14,881,0.0158910329171396,0,
2262026,BA.2_0.04_abundance_0.1,A25359C;C25584T,S:K1266T;ORF3a:T64T,150,1145,0.131004366812227,4,BA.4:1;BA.2:1;BA.1.15.1:1;BA.5.1.22:1
2262026,BA.2_0.04_abundance_0.1,T25997C;C26270T,ORF3a:V202A;E:T9I,444,879,0.5051194539249146,304,BA.5.2:26;BA.2.12.1:20;BA.4:27;BA.5.1:57;BA.2.75.4:1;BA.1.1:30;BA.2:25;BA.5:3;BF.6:5;BA.1.17:9;BE.4:1;BE.1:2;BA.2.3.13:1;BA.5.2.1:6;BA.2.10:4;BA.5.2.21:2;BF.7.4:1;BA.2.29:2;BA.1:11;CK.1:11;BQ.1.1.2:1;BA.1.17.2:2;BA.5.1.10:1;BQ.1:7;BA.2.9:3;BA.5.5:2;BF.10:1;BF.21:2;BA.2.75:5;BA.2.3:2;BF.5:1;BF.14:1;BA.2.23:1;BA.5.2.9:1;BA.5.1.22:2;BA.1.15:2;BA.5.3.1:2;BA.4.1:1;BA.2.13:1;BA.1.20:2;BQ.1.1:8;BA.5.2.28:1;BE.1.1.1:1;BA.5.10.1:2;BQ.1.1.4:1;BA.2.76:1;BQ.1.5:1;BA.4.6:1;DJ.1.1:1;XBB.2:1;BA.5.2.6:1;BQ.1.23:1
2262026,BA.2_0.04_abundance_0.1,T25997C;A26059G;T26080C;C26082T;A26115G;A26166C;T26168C;T26184G;G26196A;A26197T;G26257A;C26270T,ORF3a:V202A;ORF3a:T223A;ORF3a:F230L;ORF3a:F230F;ORF3a:E241E;ORF3a:P258P;ORF3a:V259A;ORF3a:Y264*;ORF3a:T268T;ORF3a:T269S;E:V5I;E:T9I,25,877,0.0285062713797035,0,
2262026,BA.2_0.04_abundance_0.1,T25997C;A26059G;T26080C;C26082T;A26115G;A26166C;T26168C;T26184G;G26196A;A26197T;G26257A,ORF3a:V202A;ORF3a:T223A;ORF3a:F230L;ORF3a:F230F;ORF3a:E241E;ORF3a:P258P;ORF3a:V259A;ORF3a:Y264*;ORF3a:T268T;ORF3a:T269S;E:V5I,13,1107,0.011743450767841,0,
2262026,BA.2_0.04_abundance_0.1,A26059G;T26080C;C26082T;A26115G;A26166C;T26168C;T26184G;G26196A;A26197T;G26257A;C26270T,ORF3a:T223A;ORF3a:F230L;ORF3a:F230F;ORF3a:E241E;ORF3a:P258P;ORF3a:V259A;ORF3a:Y264*;ORF3a:T268T;ORF3a:T269S;E:V5I;E:T9I,21,877,0.0239452679589509,0,
2262026,BA.2_0.04_abundance_0.1,C26270T;A26449G,E:T9I;E:R69G,46,117,0.3931623931623931,14,BA.5.2.1:2;BA.2:4;BA.2.12.1:2;BA.5.2:2;BA.1.1.1:1;BA.1.1.2:1;BA.1.1:1;BA.5.5:1
2262026,BA.2_0.04_abundance_0.1,T26551A;C26577G;T26580G;A26592G;A26643T;T26657C;G26660C;G26696A;G26709A;G26713A;C26725A;A26738T;G26779C;T26794A;T26837A;G26852A;C26858T,M:V10D;M:Q19E;M:W20G;M:I24V;M:N41Y;M:F45F;M:L46F;M:W58*;M:A63T;M:C64Y;M:A68D;M:R72S;M:C86S;M:M91K;M:R105R;M:W110*;M:F112F,6,148,0.0405405405405405,0,
2262026,BA.2_0.04_abundance_0.1,C26577G;T26580G;A26592G;A26643T;T26657C;G26660C;G26696A;G26709A;G26713A;C26725A;A26738T;G26779C;T26794A;T26837A;G26852A;C26858T,M:Q19E;M:W20G;M:I24V;M:N41Y;M:F45F;M:L46F;M:W58*;M:A63T;M:C64Y;M:A68D;M:R72S;M:C86S;M:M91K;M:R105R;M:W110*;M:F112F,33,865,0.038150289017341,0,
2262026,BA.2_0.04_abundance_0.1,A27006T;A27109T,M:K162*;M:Y196F,74,88,0.8409090909090909,0,
2262026,BA.2_0.04_abundance_0.1,C27180T;T27184G;A27234G;G27235C;A27237G;C27263A;A27290G;A27293C;A27334T;G27382C;T27384C;T27402G;A27423C;A27475T,M:L220F;M:V221G;ORF6:I11M;ORF6:A12P;ORF6:A12A;ORF6:T21N;ORF6:D30G;ORF6:Y31S;ORF6:T45S;ORF6:D61H;ORF6:D61D;ORF7a:I3M;ORF7a:I10I;ORF7a:T28S,12,284,0.0422535211267605,0,
2262026,BA.2_0.04_abundance_0.1,T27184G;A27234G;G27235C;A27237G;C27263A;A27290G;A27293C;A27334T;G27382C;T27384C;T27402G;A27423C;A27475T,M:V221G;ORF6:I11M;ORF6:A12P;ORF6:A12A;ORF6:T21N;ORF6:D30G;ORF6:Y31S;ORF6:T45S;ORF6:D61H;ORF6:D61D;ORF7a:I3M;ORF7a:I10I;ORF7a:T28S,9,462,0.0194805194805194,0,
2262026,BA.2_0.04_abundance_0.1,G27382C;T27384C;A27475T,ORF6:D61H;ORF6:D61D;ORF7a:T28S,6,469,0.0127931769722814,37,BA.2.12.1:18;BA.4.6:10;BA.4:1;BA.4.6.5:1;BA.2:5;XBB.3:1;BA.2.10:1
2262026,BA.2_0.04_abundance_0.1,A27825C;T27837C;T27901G;T27902C;A27917G;A27965C;A27983T;T28002G;T28010A;C28011A;T28130G,ORF7b:M24L;ORF7b:F28L;ORF8:F3C;ORF8:F3F;ORF8:G8G;ORF8:S24S;ORF8:P30P;ORF8:C37G;ORF8:I39I;ORF8:H40N;ORF8:Y79*,16,1127,0.0141969831410825,0,
2262026,BA.2_0.04_abundance_0.1,A27825C;T27837C;T27901G;T27902C;A27917G;A27965C;A27983T;T28010A;C28011A;T28130G,ORF7b:M24L;ORF7b:F28L;ORF8:F3C;ORF8:F3F;ORF8:G8G;ORF8:S24S;ORF8:P30P;ORF8:I39I;ORF8:H40N;ORF8:Y79*,12,1127,0.0106477373558118,0,
2262026,BA.2_0.04_abundance_0.1,T28002G;T28046G,ORF8:C37G;ORF8:A51A,362,2097,0.1726275631855031,0,
2262026,BA.2_0.04_abundance_0.1,T28130G;A28173T;G28183A;T28192G;A28207C;T28224G;A28274C;C28291G;A28295T;G28307A;C28311T;G28337T;C28344A;G28375T,ORF8:Y79*;ORF8:K94*;ORF8:S97N;ORF8:V100G;ORF8:Y105S;ORF8:Y111D;N:MX;N:P6P;N:N8Y;N:A12T;N:P13L;N:D22Y;N:T24N;N:G34G,72,1645,0.0437689969604863,0,
2262026,BA.2_0.04_abundance_0.1,T28130G;A28173T;G28183A;T28192G;A28207C;T28224G;A28274C;C28291G;A28295T;G28307A;C28311T;G28337T;C28344A;G28375T;A28402C,ORF8:Y79*;ORF8:K94*;ORF8:S97N;ORF8:V100G;ORF8:Y105S;ORF8:Y111D;N:MX;N:P6P;N:N8Y;N:A12T;N:P13L;N:D22Y;N:T24N;N:G34G;N:Q43H,17,1616,0.010519801980198,0,
2262026,BA.2_0.04_abundance_0.1,C28311T;A28402C,N:P13L;N:Q43H,288,1618,0.1779975278121137,18,BA.2.75:3;BN.1:3;BN.1.4:1;BA.2:3;BA.1.1:5;BA.2.12.1:1;BN.1.5:1;BA.5.2:1
2262026,BA.2_0.04_abundance_0.1,C28311T;C28422G,N:P13L;N:A50G,30,1083,0.0277008310249307,5,BA.1.1:2;BA.2:1;B.1.617.2:1;BA.5.3.1:1
2262026,BA.2_0.04_abundance_0.1,C28437A;C28471A;C28512A;G28551T;G28580A;A28626T;A28633G;T28678A;A28701T;A28715C;C28716T,N:A55D;N:F66L;N:P80Q;N:R93L;N:D103N;N:E118V;N:G120G;N:T135T;N:K143I;N:T148P;N:T148I,11,191,0.0575916230366492,0,
2262026,BA.2_0.04_abundance_0.1,T29036G;A29039C;C29061T;C29067G;A29079C;G29106T;G29132T;A29181T;G29204T;T29225G;A29237G;C29247T;A29267G;T29278C;C29280A;A29307G,N:S255A;N:K256Q;N:T263I;N:T265S;N:N269T;N:G278V;N:G287W;N:Q303L;N:A311S;N:S318A;N:M322V;N:T325I;N:T332A;N:G335G;N:A336D;N:N345S,57,1771,0.0321852060982495,0,
2262026,BA.2_0.04_abundance_0.1,T29036G;A29039C;C29061T;C29067G;A29079C;G29106T;G29132T;A29181T;G29204T;T29225G;A29237G;C29247T;A29267G;T29278C;C29280A;A29307G;G29345A,N:S255A;N:K256Q;N:T263I;N:T265S;N:N269T;N:G278V;N:G287W;N:Q303L;N:A311S;N:S318A;N:M322V;N:T325I;N:T332A;N:G335G;N:A336D;N:N345S;N:D358N,6,213,0.028169014084507,0,
2262026,BA.2_0.04_abundance_0.1,T29036G;A29039C;C29061T;C29067G;A29079C;G29106T;G29132T;A29181T;G29204T;T29225G;A29237G;C29247T;A29267G;T29278C;C29280A;C29284T;A29307G,N:S255A;N:K256Q;N:T263I;N:T265S;N:N269T;N:G278V;N:G287W;N:Q303L;N:A311S;N:S318A;N:M322V;N:T325I;N:T332A;N:G335G;N:A336D;N:I337I;N:N345S,27,1771,0.0152456239412761,0,
2262026,BA.2_0.04_abundance_0.1,T29036G;A29039C;C29061T;C29067G;A29079C;G29106T;G29132T;A29181T;G29204T;T29225G;A29237G;C29247T;A29267G;T29278C;C29280A;C29284T;A29307G;G29345A,N:S255A;N:K256Q;N:T263I;N:T265S;N:N269T;N:G278V;N:G287W;N:Q303L;N:A311S;N:S318A;N:M322V;N:T325I;N:T332A;N:G335G;N:A336D;N:I337I;N:N345S;N:D358N,6,213,0.028169014084507,0,
2262026,BA.2_0.04_abundance_0.1,T29164G;C29284T,N:D297E;N:I337I,322,1778,0.1811023622047244,0,
3052026,BA.2_0.04_abundance_0.1,G271A;T317A;A339G,ORF1a:E2E;ORF1a:L18M;ORF1a:D25G,34,452,0.0752212389380531,0,
3052026,BA.2_0.04_abundance_0.1,G271A;T317A;T322G;A339G,ORF1a:E2E;ORF1a:L18M;ORF1a:P19P;ORF1a:D25G,12,452,0.0265486725663716,0,
3052026,BA.2_0.04_abundance_0.1,G571A;T670G,ORF1a:E102E;ORF1a:S135R,901,2544,0.3541666666666667,501,BA.2:102;BA.2.12.1:23;BE.1.1:2;BA.4.6:1;BA.5.1:10;BA.2.9:8;BA.2.3:6;BA.5.1.1:1;BA.2.56:1;BG.3:1;BF.7.12:7;BA.5.2.9:2;BA.5.2:126;BF.5:3;BA.4.1:4;BA.5.2.18:13;BA.5.2.1:46;BA.5.5:38;BQ.1.2:1;BA.2.25:2;BF.28:15;BA.5:4;BQ.1.1.4:2;BA.2.3.6:1;CK.2.1.1:1;BA.2.76:1;BA.5.2.28:2;BA.5.1.24:1;BQ.1.1.22:9;BQ.1.1.18:1;BA.5.1.5:3;BQ.1.14:3;BA.5.1.10:1;BA.5.1.25:4;BA.4:20;BE.1:7;BQ.1.1:1;BA.2.37:1;BQ.1.5:1;BA.5.1.30:1;BA.4.3:2;BA.5.3.1:1;BA.5.8:2;BF.10:2;CA.3:1;BA.2.9.1:2;BA.5.2.27:1;BA.4.6.5:2;XBB.1:1;BA.5.2.6:1;BA.5.6:2;BA.5.2.8:1;BA.5.2.20:3;CQ.2:1;BA.2.75:1;BA.2.3.20:1;BA.2.38.1:1
3052026,BA.2_0.04_abundance_0.1,A604T;T670G,ORF1a:E113D;ORF1a:S135R,35,2545,0.0137524557956778,4,BA.5:1;BA.5.2.12:1;BQ.1.15:2
3052026,BA.2_0.04_abundance_0.1,G1018A;A1049G;T1073G;T1086C;A1109T;T1114C;C1122T;C1221A;T1240C;A1269C;T1285C,ORF1a:L251L;ORF1a:K262E;ORF1a:C270G;ORF1a:V274A;ORF1a:K282*;ORF1a:T283T;ORF1a:P286L;ORF1a:T319N;ORF1a:H325H;ORF1a:D335A;ORF1a:T340T,71,1150,0.0617391304347826,0,
3052026,BA.2_0.04_abundance_0.1,G1018A;A1049G;T1073G;T1086C;A1109T;T1114C;C1122T;A1180G;C1221A;T1240C;A1269C;T1285C,ORF1a:L251L;ORF1a:K262E;ORF1a:C270G;ORF1a:V274A;ORF1a:K282*;ORF1a:T283T;ORF1a:P286L;ORF1a:P305P;ORF1a:T319N;ORF1a:H325H;ORF1a:D335A;ORF1a:T340T,20,1150,0.017391304347826,0,
3052026,BA.2_0.04_abundance_0.1,G1607T;C1645A;A1646T;G1661C;C1663A;G1748A;C1762G;A1799G;A1814G;A1844C;A1870T,ORF1a:D448Y;ORF1a:N460K;ORF1a:I461F;ORF1a:D466H;ORF1a:D466E;ORF1a:D495N;ORF1a:F499L;ORF1a:T512A;ORF1a:K517E;ORF1a:K527Q;ORF1a:A535A,88,808,0.1089108910891089,0,
3052026,BA.2_0.04_abundance_0.1,C1645A;A1646T;G1661C;C1663A;G1748A;C1762G;A1799G;A1814G;A1844C;A1870T,ORF1a:N460K;ORF1a:I461F;ORF1a:D466H;ORF1a:D466E;ORF1a:D495N;ORF1a:F499L;ORF1a:T512A;ORF1a:K517E;ORF1a:K527Q;ORF1a:A535A,184,3089,0.0595662026545807,0,
3052026,BA.2_0.04_abundance_0.1,G2875T;G2946A;T2959C;A2977T;A2986G;T3001C;A3010T;T3026G;C3037T;C3045T;G3080A;A3094T,ORF1a:E870D;ORF1a:G894D;ORF1a:D898D;ORF1a:T904T;ORF1a:L907L;ORF1a:G912G;ORF1a:K915N;ORF1a:Y921D;ORF1a:F924F;ORF1a:P927L;ORF1a:E939K;ORF1a:P943P,5,146,0.0342465753424657,0,
3052026,BA.2_0.04_abundance_0.1,C3037T;C3044A;A3048G,ORF1a:F924F;ORF1a:P927T;ORF1a:D928G,5,152,0.0328947368421052,0,
3052026,BA.2_0.04_abundance_0.1,C3037T;C3042A;A3048G,ORF1a:F924F;ORF1a:P926H;ORF1a:D928G,6,152,0.0394736842105263,0,
3052026,BA.2_0.04_abundance_0.1,T3172G;A3210C;G3216C;A3309T;A3314T;G3353A;A3374C;T3378C;A3390C;G3407A;A3414C;G3443C;T3459G;A3461T,ORF1a:L969L;ORF1a:D982A;ORF1a:S984T;ORF1a:E1015V;ORF1a:T1017S;ORF1a:G1030S;ORF1a:N1037H;ORF1a:V1038A;ORF1a:N1042T;ORF1a:E1048K;ORF1a:K1050T;ORF1a:A1060P;ORF1a:L1065R;ORF1a:K1066*,8,105,0.0761904761904762,0,
3052026,BA.2_0.04_abundance_0.1,A3210C;G3216C;A3309T;A3314T;G3353A;A3374C;T3378C;A3390C;G3407A;A3414C;G3443C;T3459G;A3461T,ORF1a:D982A;ORF1a:S984T;ORF1a:E1015V;ORF1a:T1017S;ORF1a:G1030S;ORF1a:N1037H;ORF1a:V1038A;ORF1a:N1042T;ORF1a:E1048K;ORF1a:K1050T;ORF1a:A1060P;ORF1a:L1065R;ORF1a:K1066*,94,948,0.0991561181434599,0,
3052026,BA.2_0.04_abundance_0.1,G3560T;C3583A;A3600G;G3614C;A3643G;A3674G;A3684C;T3700C;C3702G;A3712C;C3717G;T3718G;G3720T;T3723G;T3733C;C3737G;T3798C,ORF1a:V1099L;ORF1a:S1106R;ORF1a:K1112R;ORF1a:V1117L;ORF1a:E1126E;ORF1a:N1137D;ORF1a:Q1140P;ORF1a:L1145L;ORF1a:A1146G;ORF1a:L1149F;ORF1a:A1151G;ORF1a:A1151A;ORF1a:G1152V;ORF1a:I1153S;ORF1a:A1156A;ORF1a:P1158A;ORF1a:F1178S,23,208,0.110576923076923,0,
3052026,BA.2_0.04_abundance_0.1,T3798C;A3852T;T3862A;A3872C;G3878A;T3898C;T3930G;C3987A;G4016C;A4019T;A4032G;C4058A,ORF1a:F1178S;ORF1a:E1196V;ORF1a:V1199V;ORF1a:I1203L;ORF1a:E1205K;ORF1a:V1211V;ORF1a:V1222G;ORF1a:T1241K;ORF1a:E1251Q;ORF1a:N1252Y;ORF1a:Y1256C;ORF1a:P1265T,10,112,0.0892857142857142,0,
3052026,BA.2_0.04_abundance_0.1,A3852T;T3862A;A3872C;G3878A;T3898C;T3930G;C3987A;G4016C;A4019T;A4032G;C4058A,ORF1a:E1196V;ORF1a:V1199V;ORF1a:I1203L;ORF1a:E1205K;ORF1a:V1211V;ORF1a:V1222G;ORF1a:T1241K;ORF1a:E1251Q;ORF1a:N1252Y;ORF1a:Y1256C;ORF1a:P1265T,98,1267,0.0773480662983425,0,
3052026,BA.2_0.04_abundance_0.1,T4557G;A4620T,ORF1a:V1431G;ORF1a:Y1452F,8,256,0.03125,0,
3052026,BA.2_0.04_abundance_0.1,G5048C;A5081G;A5082C;A5121C;G5135A;G5138A;A5177T;A5202C;T5218C;T5251C,ORF1a:G1595R;ORF1a:K1606E;ORF1a:K1606T;ORF1a:Y1619S;ORF1a:D1624N;ORF1a:D1625N;ORF1a:T1638S;ORF1a:Y1646S;ORF1a:N1651N;ORF1a:N1662N,21,239,0.0878661087866108,0,
3052026,BA.2_0.04_abundance_0.1,A5592T;C5673G,ORF1a:Y1776F;ORF1a:P1803R,13,253,0.0513833992094861,0,
3052026,BA.2_0.04_abundance_0.1,A5592T;T5734A,ORF1a:Y1776F;ORF1a:C1823*,6,253,0.0237154150197628,0,
3052026,BA.2_0.04_abundance_0.1,C5673G;T5734A,ORF1a:P1803R;ORF1a:C1823*,98,1938,0.0505675954592363,0,
3052026,BA.2_0.04_abundance_0.1,A6378T;C6433T,ORF1a:N2038I;ORF1a:T2056T,30,398,0.0753768844221105,1,BA.2.3:1
3052026,BA.2_0.04_abundance_0.1,T6535A;G6536A;T6556C;G6589C;T6598G;G6632A;T6668G;T6699G;A6731T;C6774G,ORF1a:V2090V;ORF1a:G2091S;ORF1a:A2097A;ORF1a:K2108N;ORF1a:N2111K;ORF1a:A2123T;ORF1a:W2135G;ORF1a:F2145C;ORF1a:I2156L;ORF1a:P2170R,9,77,0.1168831168831168,0,
3052026,BA.2_0.04_abundance_0.1,T7356C;C7392A;A7409G;G7476A;T7489A;T7499A;C7536G;A7569C;G7577A;G7599A;T7605G;T7612A;G7622A;G7629A,ORF1a:L2364P;ORF1a:P2376Q;ORF1a:R2382G;ORF1a:C2404Y;ORF1a:T2408T;ORF1a:C2412S;ORF1a:T2424R;ORF1a:Y2435S;ORF1a:A2438T;ORF1a:C2445Y;ORF1a:L2447R;ORF1a:N2449K;ORF1a:V2453I;ORF1a:C2455Y,12,125,0.096,0,
3052026,BA.2_0.04_abundance_0.1,A7710C;G7761C;C7772A;G7781T;C7788G;G7790T;T7801A;C7860T;T7861A;T7876A;C7926G;G7962C;A7965T;C7967T,ORF1a:N2482T;ORF1a:G2499A;ORF1a:L2503I;ORF1a:D2506Y;ORF1a:A2508G;ORF1a:G2509C;ORF1a:T2512T;ORF1a:T2532I;ORF1a:T2532T;ORF1a:P2537P;ORF1a:A2554G;ORF1a:C2566S;ORF1a:Q2567L;ORF1a:P2568S,26,223,0.116591928251121,0,
3052026,BA.2_0.04_abundance_0.1,A8378G;A8388T;T8421A;G8422C;A8500T;T8538G;T8545C;G8553C;T8554G,ORF1a:K2705E;ORF1a:N2708I;ORF1a:M2719K;ORF1a:M2719I;ORF1a:A2745A;ORF1a:I2758R;ORF1a:L2760L;ORF1a:G2763A;ORF1a:G1945G,24,296,0.081081081081081,0,
3052026,BA.2_0.04_abundance_0.1,A8378G;A8388T;T8421A;G8422C;A8500T;T8538G;T8545C;G8553C;T8554G;T8623G,ORF1a:K2705E;ORF1a:N2708I;ORF1a:M2719K;ORF1a:M2719I;ORF1a:A2745A;ORF1a:I2758R;ORF1a:L2760L;ORF1a:G2763A;ORF1a:G1945G;ORF1a:I2786M,6,103,0.058252427184466,0,
3052026,BA.2_0.04_abundance_0.1,A8378G;A8388T;T8421A;G8422C;A8500T;T8538G;T8545C;G8553C;T8554G;T8623G;C8626A,ORF1a:K2705E;ORF1a:N2708I;ORF1a:M2719K;ORF1a:M2719I;ORF1a:A2745A;ORF1a:I2758R;ORF1a:L2760L;ORF1a:G2763A;ORF1a:G1945G;ORF1a:I2786M;ORF1a:F2787L,6,55,0.109090909090909,0,
3052026,BA.2_0.04_abundance_0.1,C8664T;G8696C;T8854A;T8870C;A8882T;T8886C;T8918G;G8939A,ORF1a:T2800I;ORF1a:A2811P;ORF1a:G2863G;ORF1a:L2869L;ORF1a:I2873L;ORF1a:L2874S;ORF1a:L2885V;ORF1a:V2892I,35,739,0.047361299052774,0,
3052026,BA.2_0.04_abundance_0.1,C8664T;G8696C;G8742T;T8854A;T8870C;A8882T;T8886C;T8918G;G8939A,ORF1a:T2800I;ORF1a:A2811P;ORF1a:C2826F;ORF1a:G2863G;ORF1a:L2869L;ORF1a:I2873L;ORF1a:L2874S;ORF1a:L2885V;ORF1a:V2892I,27,739,0.0365358592692828,0,
3052026,BA.2_0.04_abundance_0.1,C8664T;G8696C;G8742T;T8854A;T8870C;A8882T;T8886C;T8918G,ORF1a:T2800I;ORF1a:A2811P;ORF1a:C2826F;ORF1a:G2863G;ORF1a:L2869L;ORF1a:I2873L;ORF1a:L2874S;ORF1a:L2885V,11,991,0.0110998990918264,0,
3052026,BA.2_0.04_abundance_0.1,T8918G;G8939A;T8954C;G8975C;T8987G;G9003C;A9023G;T9089A;C9122G;G9130C;G9137A;C9163T;G9173A;T9178G;T9183C;A9213G,ORF1a:L2885V;ORF1a:V2892I;ORF1a:Y2897H;ORF1a:E2904Q;ORF1a:F2908V;ORF1a:C2913S;ORF1a:T2920A;ORF1a:S2942T;ORF1a:R2953G;ORF1a:V2955V;ORF1a:D2958N;ORF1a:N2966N;ORF1a:E2970K;ORF1a:G2971G;ORF1a:V2973A;ORF1a:Y2983C,16,192,0.0833333333333333,0,
3052026,BA.2_0.04_abundance_0.1,G8939A;T8954C;G8975C;T8987G;G9003C;A9023G;T9089A;C9122G;G9130C;G9137A;C9163T;G9173A;T9178G;T9183C;A9213G,ORF1a:V2892I;ORF1a:Y2897H;ORF1a:E2904Q;ORF1a:F2908V;ORF1a:C2913S;ORF1a:T2920A;ORF1a:S2942T;ORF1a:R2953G;ORF1a:V2955V;ORF1a:D2958N;ORF1a:N2966N;ORF1a:E2970K;ORF1a:G2971G;ORF1a:V2973A;ORF1a:Y2983C,85,1215,0.0699588477366255,0,
3052026,BA.2_0.04_abundance_0.1,C9534T;A9558G,ORF1a:T3090I;ORF1a:Y3098C,976,1716,0.5687645687645687,1,BA.2:1
3052026,BA.2_0.04_abundance_0.1,C9534T;A9558G;C9565G;T9574A;T9680A;T9695G;C9700A;G9705A;A9740C;A9748C;A9754C;C9755T,ORF1a:T3090I;ORF1a:Y3098C;ORF1a:F3100L;ORF1a:G3103G;ORF1a:W3139R;ORF1a:Y3144D;ORF1a:I3145I;ORF1a:C3147Y;ORF1a:N3159H;ORF1a:L3161L;ORF1a:R3163S;ORF1a:R3164C,39,1591,0.0245128849780012,0,
3052026,BA.2_0.04_abundance_0.1,C9534T;A9558G;C9565G;T9574A;T9680A;T9695G;C9700A;G9705A;A9740C;A9748C;A9754C;C9755T;T9818A,ORF1a:T3090I;ORF1a:Y3098C;ORF1a:F3100L;ORF1a:G3103G;ORF1a:W3139R;ORF1a:Y3144D;ORF1a:I3145I;ORF1a:C3147Y;ORF1a:N3159H;ORF1a:L3161L;ORF1a:R3163S;ORF1a:R3164C;ORF1a:L3185I,39,802,0.0486284289276807,0,
3052026,BA.2_0.04_abundance_0.1,C9534T;C9565G;T9574A;T9680A;T9695G;C9700A;G9705A;A9740C;A9748C;A9754C;C9755T,ORF1a:T3090I;ORF1a:F3100L;ORF1a:G3103G;ORF1a:W3139R;ORF1a:Y3144D;ORF1a:I3145I;ORF1a:C3147Y;ORF1a:N3159H;ORF1a:L3161L;ORF1a:R3163S;ORF1a:R3164C,27,1591,0.0169704588309239,0,
3052026,BA.2_0.04_abundance_0.1,C9534T;C9565G;T9574A;T9680A;T9695G;C9700A;G9705A;A9740C;A9748C;A9754C;C9755T;T9818A,ORF1a:T3090I;ORF1a:F3100L;ORF1a:G3103G;ORF1a:W3139R;ORF1a:Y3144D;ORF1a:I3145I;ORF1a:C3147Y;ORF1a:N3159H;ORF1a:L3161L;ORF1a:R3163S;ORF1a:R3164C;ORF1a:L3185I,22,802,0.027431421446384,0,
3052026,BA.2_0.04_abundance_0.1,G10708T;C10714T;T10813G;A10842C;T10852A;C10871A;C10889G;T10913A;T10968G;A10972C;A10987G,ORF1a:W3481C;ORF1a:L3483L;ORF1a:L3516L;ORF1a:D3526A;ORF1a:A3529A;ORF1a:Q3536K;ORF1a:R3542G;ORF1a:L3550I;ORF1a:F3568C;ORF1a:Q3569H;ORF1a:R3574R,12,485,0.0247422680412371,0,
3052026,BA.2_0.04_abundance_0.1,G10708T;C10714T;T10813G;A10842C;T10852A;C10871A;T10879G;C10889G;T10913A;T10968G;A10972C;A10987G;C11003A,ORF1a:W3481C;ORF1a:L3483L;ORF1a:L3516L;ORF1a:D3526A;ORF1a:A3529A;ORF1a:Q3536K;ORF1a:G3538G;ORF1a:R3542G;ORF1a:L3550I;ORF1a:F3568C;ORF1a:Q3569H;ORF1a:R3574R;ORF1a:H3580N,5,483,0.010351966873706,0,
3052026,BA.2_0.04_abundance_0.1,G10708T;C10714T;T10813G;A10842C;T10852A;C10871A;T10879G;C10889G;T10913A;T10968G;A10972C;A10987G,ORF1a:W3481C;ORF1a:L3483L;ORF1a:L3516L;ORF1a:D3526A;ORF1a:A3529A;ORF1a:Q3536K;ORF1a:G3538G;ORF1a:R3542G;ORF1a:L3550I;ORF1a:F3568C;ORF1a:Q3569H;ORF1a:R3574R,7,485,0.0144329896907216,0,
3052026,BA.2_0.04_abundance_0.1,G10708T;C10714T;T10813G;A10842C;T10852A;C10871A;C10889G;T10913A;T10968G;A10972C;A10987G;C11003A,ORF1a:W3481C;ORF1a:L3483L;ORF1a:L3516L;ORF1a:D3526A;ORF1a:A3529A;ORF1a:Q3536K;ORF1a:R3542G;ORF1a:L3550I;ORF1a:F3568C;ORF1a:Q3569H;ORF1a:R3574R;ORF1a:H3580N,9,483,0.0186335403726708,0,
3052026,BA.2_0.04_abundance_0.1,T10879G;C11003A,ORF1a:G3538G;ORF1a:H3580N,92,504,0.1825396825396825,0,
3052026,BA.2_0.04_abundance_0.1,G11064C;T11079G;T11107G;T11125G;T11135C;T11149A;T11164G;T11197G;G11230T;G11310T;T11331A,ORF1a:W3600S;ORF1a:F3605C;ORF1a:F3614L;ORF1a:A3620A;ORF1a:F3624L;ORF1a:F3628L;ORF1a:H3633Q;ORF1a:L3644L;ORF1a:M3655I;ORF1a:C3682F;ORF1a:V3689E,105,1043,0.1006711409395973,0,
3052026,BA.2_0.04_abundance_0.1,C11665T;A11759C,ORF1a:L3800L;ORF1a:K3832Q,32,561,0.0570409982174688,0,
3052026,BA.2_0.04_abundance_0.1,T11940C;C11942A;A11952T;A11991G;T11997G;C12005G;A12030G;G12052T;C12099A;A12103T;T12112G;C12123G;A12126T;A12130C;T12190C,ORF1a:V3892A;ORF1a:Q3893K;ORF1a:N3896I;ORF1a:E3909G;ORF1a:M3911R;ORF1a:L3914V;ORF1a:Q3922R;ORF1a:K3929N;ORF1a:A3945D;ORF1a:S3946S;ORF1a:S3949R;ORF1a:S3953*;ORF1a:Y3954F;ORF1a:A3955A;ORF1a:V3975V,259,2602,0.0995388162951575,0,
3052026,BA.2_0.04_abundance_0.1,T11940C;C11942A;A11952T;A11991G;T11997G;C12005G;A12030G;G12052T;C12099A;A12103T;T12112G;C12123G;A12126T;A12130C;T12190C;G12224A,ORF1a:V3892A;ORF1a:Q3893K;ORF1a:N3896I;ORF1a:E3909G;ORF1a:M3911R;ORF1a:L3914V;ORF1a:Q3922R;ORF1a:K3929N;ORF1a:A3945D;ORF1a:S3946S;ORF1a:S3949R;ORF1a:S3953*;ORF1a:Y3954F;ORF1a:A3955A;ORF1a:V3975V;ORF1a:A3987T,9,265,0.0339622641509433,0,
3052026,BA.2_0.04_abundance_0.1,A12407G;C12453T,ORF1a:I4048V;ORF1a:P4063L,9,27,0.3333333333333333,0,
3052026,BA.2_0.04_abundance_0.1,C12453T;C12732A,ORF1a:P4063L;ORF1a:A4156D,20,439,0.0455580865603644,0,
3052026,BA.2_0.04_abundance_0.1,G13076A;G13100T;T13111A;C13134G;A13139G;G13148C;A13169C;A13187G;C13206T;A13237C,ORF1a:A4271T;ORF1a:A4279S;ORF1a:D4282E;ORF1a:P4290R;ORF1a:T4292A;ORF1a:V4295L;ORF1a:T4302P;ORF1a:I4308V;ORF1a:A4314V;ORF1a:A4324A,19,1817,0.0104567969179966,0,
3052026,BA.2_0.04_abundance_0.1,G13076A;G13100T;T13111A;C13134G;A13139G;G13148C;A13169C;A13187G;C13206T;A13237C;G13332T;T13354C,ORF1a:A4271T;ORF1a:A4279S;ORF1a:D4282E;ORF1a:P4290R;ORF1a:T4292A;ORF1a:V4295L;ORF1a:T4302P;ORF1a:I4308V;ORF1a:A4314V;ORF1a:A4324A;ORF1a:C4356F;ORF1a:F4363F,140,1345,0.104089219330855,0,
3052026,BA.2_0.04_abundance_0.1,G13076A;G13100T;T13111A;C13134G;A13139G;G13148C;A13169C;A13187G;C13206T;A13237C;G13332T,ORF1a:A4271T;ORF1a:A4279S;ORF1a:D4282E;ORF1a:P4290R;ORF1a:T4292A;ORF1a:V4295L;ORF1a:T4302P;ORF1a:I4308V;ORF1a:A4314V;ORF1a:A4324A;ORF1a:C4356F,35,1674,0.0209080047789725,0,
3052026,BA.2_0.04_abundance_0.1,T13399A;T13529A;T13545C;C13554A;A13581G;T13597G;A13611T;G13618C,ORF1a:G4378G;ORF1b:V21D;ORF1b:F26F;ORF1b:Y29*;ORF1b:K38K;ORF1b:C44G;ORF1b:Q48H;ORF1b:D51H,8,108,0.074074074074074,0,
3052026,BA.2_0.04_abundance_0.1,A13969G;C13987T;A14012T;T14019A;G14020A;T14037C;C14057G;C14110G;A14121T;T14136A;A14142C;A14164T;G14187T;G14202A;T14221A;T14242C,ORF1b:N168D;ORF1b:R174C;ORF1b:Q182L;ORF1b:C184*;ORF1b:D185N;ORF1b:A190A;ORF1b:T197R;ORF1b:Q215E;ORF1b:P218P;ORF1b:P223P;ORF1b:V225V;ORF1b:M233L;ORF1b:R240S;ORF1b:E245E;ORF1b:L252I;ORF1b:W259R,87,1041,0.0835734870317002,0,
3052026,BA.2_0.04_abundance_0.1,C14408T;A14424C;T14514C,ORF1b:P314L;ORF1b:P319P;ORF1b:D349D,36,132,0.2727272727272727,0,
3052026,BA.2_0.04_abundance_0.1,T14577A;C14583T;G14587C;C14618A;A14651C;T14652C;G14701T;C14760A;T14769G;A14795C;T14828G;T14846G;T14864G;T14880G,ORF1b:A370A;ORF1b:H372H;ORF1b:A374P;ORF1b:T384N;ORF1b:N395T;ORF1b:N395N;ORF1b:D412Y;ORF1b:F431L;ORF1b:A434A;ORF1b:D443A;ORF1b:M454R;ORF1b:L460R;ORF1b:V466G;ORF1b:F471L,35,493,0.0709939148073022,0,
3052026,BA.2_0.04_abundance_0.1,T14577A;C14583T;G14587C;C14618A;A14651C;T14652C;G14701T;C14760A;T14769G;A14795C;T14828G;T14846G;T14864G;T14880G;C14889A,ORF1b:A370A;ORF1b:H372H;ORF1b:A374P;ORF1b:T384N;ORF1b:N395T;ORF1b:N395N;ORF1b:D412Y;ORF1b:F431L;ORF1b:A434A;ORF1b:D443A;ORF1b:M454R;ORF1b:L460R;ORF1b:V466G;ORF1b:F471L;ORF1b:Y474*,9,170,0.0529411764705882,0,
3052026,BA.2_0.04_abundance_0.1,T14577A;C14583T;G14587C;C14618A;A14651C;T14652C;G14701T;C14760A;T14769G;A14795C;T14828G;T14846G;T14864G,ORF1b:A370A;ORF1b:H372H;ORF1b:A374P;ORF1b:T384N;ORF1b:N395T;ORF1b:N395N;ORF1b:D412Y;ORF1b:F431L;ORF1b:A434A;ORF1b:D443A;ORF1b:M454R;ORF1b:L460R;ORF1b:V466G,14,612,0.022875816993464,0,
3052026,BA.2_0.04_abundance_0.1,C14583T;G14587C;C14618A;A14651C;T14652C;G14701T;C14760A;T14769G;A14795C;T14828G;T14846G;T14864G,ORF1b:H372H;ORF1b:A374P;ORF1b:T384N;ORF1b:N395T;ORF1b:N395N;ORF1b:D412Y;ORF1b:F431L;ORF1b:A434A;ORF1b:D443A;ORF1b:M454R;ORF1b:L460R;ORF1b:V466G,21,1633,0.0128597672994488,0,
3052026,BA.2_0.04_abundance_0.1,C14583T;G14587C;C14618A;A14651C;T14652C;G14701T;C14760A;T14769G;A14795C;T14828G;T14846G;T14864G;T14880G;C14889A,ORF1b:H372H;ORF1b:A374P;ORF1b:T384N;ORF1b:N395T;ORF1b:N395N;ORF1b:D412Y;ORF1b:F431L;ORF1b:A434A;ORF1b:D443A;ORF1b:M454R;ORF1b:L460R;ORF1b:V466G;ORF1b:F471L;ORF1b:Y474*,29,476,0.0609243697478991,0,
3052026,BA.2_0.04_abundance_0.1,C14583T;G14587C;C14618A;A14651C;T14652C;G14701T;C14760A;T14769G;A14795C;T14828G;T14846G;T14864G;T14880G,ORF1b:H372H;ORF1b:A374P;ORF1b:T384N;ORF1b:N395T;ORF1b:N395N;ORF1b:D412Y;ORF1b:F431L;ORF1b:A434A;ORF1b:D443A;ORF1b:M454R;ORF1b:L460R;ORF1b:V466G;ORF1b:F471L,38,1319,0.0288097043214556,0,
3052026,BA.2_0.04_abundance_0.1,G14587C;C14618A;A14651C;T14652C;G14701T;C14760A;T14769G;A14795C;T14828G;T14846G;T14864G;T14880G;C14889A,ORF1b:A374P;ORF1b:T384N;ORF1b:N395T;ORF1b:N395N;ORF1b:D412Y;ORF1b:F431L;ORF1b:A434A;ORF1b:D443A;ORF1b:M454R;ORF1b:L460R;ORF1b:V466G;ORF1b:F471L;ORF1b:Y474*,29,924,0.0313852813852813,0,
3052026,BA.2_0.04_abundance_0.1,G14587C;C14618A;A14651C;T14652C;G14701T;C14760A;T14769G;A14795C;T14828G;T14846G;T14864G,ORF1b:A374P;ORF1b:T384N;ORF1b:N395T;ORF1b:N395N;ORF1b:D412Y;ORF1b:F431L;ORF1b:A434A;ORF1b:D443A;ORF1b:M454R;ORF1b:L460R;ORF1b:V466G,32,3170,0.0100946372239747,0,
3052026,BA.2_0.04_abundance_0.1,G14587C;C14618A;A14651C;T14652C;G14701T;C14760A;T14769G;A14795C;T14828G;T14846G;T14864G;T14880G,ORF1b:A374P;ORF1b:T384N;ORF1b:N395T;ORF1b:N395N;ORF1b:D412Y;ORF1b:F431L;ORF1b:A434A;ORF1b:D443A;ORF1b:M454R;ORF1b:L460R;ORF1b:V466G;ORF1b:F471L,87,2570,0.033852140077821,0,
3052026,BA.2_0.04_abundance_0.1,G15543A;G15550A;C15566A;G15574C;A15580T;G15627C;G15649T;G15672A;C15714T;C15716T;T15729A;T15737A;A15742C;A15772G,ORF1b:T692T;ORF1b:V695I;ORF1b:S700Y;ORF1b:G703R;ORF1b:K705*;ORF1b:E720D;ORF1b:V728F;ORF1b:E735E;ORF1b:L749L;ORF1b:S750F;ORF1b:V754V;ORF1b:F757Y;ORF1b:S759R;ORF1b:S769G,70,2172,0.0322283609576427,0,
3052026,BA.2_0.04_abundance_0.1,G15543A;G15550A;C15566A;G15574C;A15580T;G15627C;G15649T;G15672A;C15714T;C15716T;T15729A;T15737A;A15742C;A15772G;A15845C,ORF1b:T692T;ORF1b:V695I;ORF1b:S700Y;ORF1b:G703R;ORF1b:K705*;ORF1b:E720D;ORF1b:V728F;ORF1b:E735E;ORF1b:L749L;ORF1b:S750F;ORF1b:V754V;ORF1b:F757Y;ORF1b:S759R;ORF1b:S769G;ORF1b:E793A,110,1340,0.0820895522388059,0,
3052026,BA.2_0.04_abundance_0.1,G15543A;G15550A;C15566A;A15580T;G15627C;G15649T;G15672A;C15714T;C15716T;T15729A;T15737A;A15742C;A15772G;A15845C,ORF1b:T692T;ORF1b:V695I;ORF1b:S700Y;ORF1b:K705*;ORF1b:E720D;ORF1b:V728F;ORF1b:E735E;ORF1b:L749L;ORF1b:S750F;ORF1b:V754V;ORF1b:F757Y;ORF1b:S759R;ORF1b:S769G;ORF1b:E793A,17,1340,0.0126865671641791,0,
3052026,BA.2_0.04_abundance_0.1,G15574C;C15714T,ORF1b:G703R;ORF1b:L749L,965,2335,0.4132762312633833,0,
3052026,BA.2_0.04_abundance_0.1,G15574C;C15714T;A15759G,ORF1b:G703R;ORF1b:L749L;ORF1b:Q764Q,817,2174,0.3758049678012879,0,
3052026,BA.2_0.04_abundance_0.1,C15714T;A15759G,ORF1b:L749L;ORF1b:Q764Q,117,2176,0.0537683823529411,107,BA.4:2;BA.4.6:1;BA.4.1:15;BA.5.1:22;BF.24:1;BA.2:15;BA.5.2.1:13;BA.2.9:2;BA.5.6:4;BA.2.3:4;BA.5.1.10:3;BA.5.2:2;BE.1:1;BA.2.24:1;BF.10:4;BA.2.12.1:2;BA.2.22:2;BA.5.2.9:1;BE.1.1.2:1;BA.2.75:2;BA.2.10:2;BF.7.4:2;BE.1.1:3;BF.12:1;BA.4.1.10:1
3052026,BA.2_0.04_abundance_0.1,T15915G;T15916C;A15917T;T15920G;G15961C;T16004G;G16027C;A16055T;A16128T;G16130A,ORF1b:D816E;ORF1b:Y817H;ORF1b:Y817F;ORF1b:V818G;ORF1b:G832R;ORF1b:M846R;ORF1b:A854P;ORF1b:H863L;ORF1b:T887T;ORF1b:G888E,100,1483,0.0674308833445718,0,
3052026,BA.2_0.04_abundance_0.1,T15915G;T15916C;A15917T;T15920G;G15961C;T16004G;G16018A;G16027C;A16055T;A16128T;G16130A,ORF1b:D816E;ORF1b:Y817H;ORF1b:Y817F;ORF1b:V818G;ORF1b:G832R;ORF1b:M846R;ORF1b:V851M;ORF1b:A854P;ORF1b:H863L;ORF1b:T887T;ORF1b:G888E,37,1483,0.0249494268374915,0,
3052026,BA.2_0.04_abundance_0.1,T16908A;T16913C;A16923C;C16928T;G16959C;A16967G;C17000A;A17037T;G17058A;T17067G,ORF1b:Y1147*;ORF1b:V1149A;ORF1b:S1152S;ORF1b:T1154I;ORF1b:V1164V;ORF1b:E1167G;ORF1b:T1178K;ORF1b:A1190A;ORF1b:M1197I;ORF1b:Y1200*,86,934,0.0920770877944325,0,
3052026,BA.2_0.04_abundance_0.1,T16908A;T16913C;A16923C;C16928T;G16959C;A16967G;C17000A;A17037T;G17058A;T17067G;G17116A,ORF1b:Y1147*;ORF1b:V1149A;ORF1b:S1152S;ORF1b:T1154I;ORF1b:V1164V;ORF1b:E1167G;ORF1b:T1178K;ORF1b:A1190A;ORF1b:M1197I;ORF1b:Y1200*;ORF1b:G1217S,8,198,0.0404040404040404,0,
3052026,BA.2_0.04_abundance_0.1,G16912C;G17116A,ORF1b:V1149L;ORF1b:G1217S,9,198,0.0454545454545454,0,
3052026,BA.2_0.04_abundance_0.1,G17116A;C17410T,ORF1b:G1217S;ORF1b:R1315C,1446,2735,0.5287020109689214,81,BK.1:6;BA.2.9:1;BA.5.2:3;BA.5.11:3;BA.2.3:3;BA.5.1:4;BA.2.75:3;BA.2:30;BF.1:1;BA.2.3.7:1;BF.5:2;BF.7:1;BA.5.1.10:8;BA.5.5:1;BA.5:1;BA.5.2.1:6;BA.2.12.1:2;BA.5.1.5:2;BA.5.1.23:1;XBB.3:1;BF.28:1
3052026,BA.2_0.04_abundance_0.1,G17116A;T17150G;T17208C;T17224G;T17226G;A17233G;A17269C;T17319C;T17364A;C17372A;T17379C;C17403G;A17409G;C17410T;T17415C,ORF1b:G1217S;ORF1b:V1228G;ORF1b:Y1247Y;ORF1b:C1253G;ORF1b:C1253W;ORF1b:I1256V;ORF1b:K1268Q;ORF1b:N1284N;ORF1b:I1299I;ORF1b:A1302D;ORF1b:N1304N;ORF1b:A1312A;ORF1b:L1314L;ORF1b:R1315C;ORF1b:A1316A,57,1225,0.0465306122448979,0,
3052026,BA.2_0.04_abundance_0.1,G17116A;T17150G;T17208C;T17224G;T17226G;A17233G;A17269C;T17319C;T17364A;C17372A;T17379C;C17403G,ORF1b:G1217S;ORF1b:V1228G;ORF1b:Y1247Y;ORF1b:C1253G;ORF1b:C1253W;ORF1b:I1256V;ORF1b:K1268Q;ORF1b:N1284N;ORF1b:I1299I;ORF1b:A1302D;ORF1b:N1304N;ORF1b:A1312A,119,3730,0.0319034852546916,0,
3052026,BA.2_0.04_abundance_0.1,G17116A;T17150G;T17208C;T17224G;T17226G;A17233G;A17269C;T17319C;T17364A;C17372A;T17379C,ORF1b:G1217S;ORF1b:V1228G;ORF1b:Y1247Y;ORF1b:C1253G;ORF1b:C1253W;ORF1b:I1256V;ORF1b:K1268Q;ORF1b:N1284N;ORF1b:I1299I;ORF1b:A1302D;ORF1b:N1304N,54,4349,0.0124166475051736,0,
3052026,BA.2_0.04_abundance_0.1,T17150G;T17208C;T17224G;T17226G;A17233G;A17269C;T17319C;T17364A;C17372A;T17379C;C17403G,ORF1b:V1228G;ORF1b:Y1247Y;ORF1b:C1253G;ORF1b:C1253W;ORF1b:I1256V;ORF1b:K1268Q;ORF1b:N1284N;ORF1b:I1299I;ORF1b:A1302D;ORF1b:N1304N;ORF1b:A1312A,53,3731,0.0142053068882337,0,
3052026,BA.2_0.04_abundance_0.1,T17150G;T17208C;T17224G;T17226G;A17233G;A17269C;T17319C;T17364A;C17372A;T17379C;C17403G;A17409G;C17410T;T17415C,ORF1b:V1228G;ORF1b:Y1247Y;ORF1b:C1253G;ORF1b:C1253W;ORF1b:I1256V;ORF1b:K1268Q;ORF1b:N1284N;ORF1b:I1299I;ORF1b:A1302D;ORF1b:N1304N;ORF1b:A1312A;ORF1b:L1314L;ORF1b:R1315C;ORF1b:A1316A,39,1225,0.0318367346938775,0,
3052026,BA.2_0.04_abundance_0.1,A17409G;C17410T;T17415C;A17429C;T17442G;C17463A;G17469C;T17510G;A17525C;A17593G;G17602C;A17606C;A17614T;C17649T;C17710G;T17714A,ORF1b:L1314L;ORF1b:R1315C;ORF1b:A1316A;ORF1b:Y1321S;ORF1b:P1325P;ORF1b:R1332R;ORF1b:L1334F;ORF1b:V1348G;ORF1b:K1353T;ORF1b:S1376G;ORF1b:V1379L;ORF1b:Y1380S;ORF1b:K1383*;ORF1b:C1394C;ORF1b:Q1415E;ORF1b:I1416K,13,223,0.0582959641255605,0,
3052026,BA.2_0.04_abundance_0.1,T17415C;A17429C;T17442G;C17463A;G17469C;T17510G;A17525C;A17593G;G17602C;A17606C;A17614T;C17649T;C17710G;T17714A,ORF1b:A1316A;ORF1b:Y1321S;ORF1b:P1325P;ORF1b:R1332R;ORF1b:L1334F;ORF1b:V1348G;ORF1b:K1353T;ORF1b:S1376G;ORF1b:V1379L;ORF1b:Y1380S;ORF1b:K1383*;ORF1b:C1394C;ORF1b:Q1415E;ORF1b:I1416K,6,524,0.0114503816793893,0,
3052026,BA.2_0.04_abundance_0.1,A17429C;T17442G;C17463A;G17469C;T17510G;A17525C;A17593G;G17602C;A17606C;A17614T;C17649T;C17710G;T17714A,ORF1b:Y1321S;ORF1b:P1325P;ORF1b:R1332R;ORF1b:L1334F;ORF1b:V1348G;ORF1b:K1353T;ORF1b:S1376G;ORF1b:V1379L;ORF1b:Y1380S;ORF1b:K1383*;ORF1b:C1394C;ORF1b:Q1415E;ORF1b:I1416K,178,2076,0.0857418111753371,0,
3052026,BA.2_0.04_abundance_0.1,A17429C;T17442G;C17463A;G17469C;T17510G;A17525C;A17593G;G17602C;A17606C;A17614T;C17649T;C17710G,ORF1b:Y1321S;ORF1b:P1325P;ORF1b:R1332R;ORF1b:L1334F;ORF1b:V1348G;ORF1b:K1353T;ORF1b:S1376G;ORF1b:V1379L;ORF1b:Y1380S;ORF1b:K1383*;ORF1b:C1394C;ORF1b:Q1415E,25,2246,0.0111308993766696,0,
3052026,BA.2_0.04_abundance_0.1,A17429C;T17442G;C17463A;G17469C;T17510G;A17525C;A17593G;G17602C;A17606C;A17614T;C17649T,ORF1b:Y1321S;ORF1b:P1325P;ORF1b:R1332R;ORF1b:L1334F;ORF1b:V1348G;ORF1b:K1353T;ORF1b:S1376G;ORF1b:V1379L;ORF1b:Y1380S;ORF1b:K1383*;ORF1b:C1394C,31,2515,0.0123260437375745,0,
3052026,BA.2_0.04_abundance_0.1,C17710G;T17714A;C17762A;G17764T;T17771A;C17818T;T17859C;T17863G;C17885T;T17901G;T17922A;T17925G;C17933G;T17963A;A17969C,ORF1b:Q1415E;ORF1b:I1416K;ORF1b:A1432D;ORF1b:V1433F;ORF1b:I1435N;ORF1b:L1451L;ORF1b:Y1464Y;ORF1b:Y1466D;ORF1b:T1473I;ORF1b:S1478S;ORF1b:N1485K;ORF1b:V1486V;ORF1b:T1489S;ORF1b:M1499K;ORF1b:D1501A,27,281,0.096085409252669,0,
3052026,BA.2_0.04_abundance_0.1,T17714A;C17762A;G17764T;T17771A;C17818T;T17859C;T17863G;C17885T;T17901G;T17922A;T17925G;C17933G;T17963A;A17969C,ORF1b:I1416K;ORF1b:A1432D;ORF1b:V1433F;ORF1b:I1435N;ORF1b:L1451L;ORF1b:Y1464Y;ORF1b:Y1466D;ORF1b:T1473I;ORF1b:S1478S;ORF1b:N1485K;ORF1b:V1486V;ORF1b:T1489S;ORF1b:M1499K;ORF1b:D1501A,26,549,0.0473588342440801,0,
3052026,BA.2_0.04_abundance_0.1,C17762A;G17764T;T17771A;C17818T;T17859C;T17863G;C17885T;T17901G;T17922A;T17925G;C17933G;T17963A;A17969C,ORF1b:A1432D;ORF1b:V1433F;ORF1b:I1435N;ORF1b:L1451L;ORF1b:Y1464Y;ORF1b:Y1466D;ORF1b:T1473I;ORF1b:S1478S;ORF1b:N1485K;ORF1b:V1486V;ORF1b:T1489S;ORF1b:M1499K;ORF1b:D1501A,26,811,0.032059186189889,0,
3052026,BA.2_0.04_abundance_0.1,C18041A;G18088C;C18094T;T18123G;G18145A;A18163G;G18213T;T18276A;C18303A,ORF1b:A1525D;ORF1b:G1541R;ORF1b:H1543Y;ORF1b:S1552R;ORF1b:E1560K;ORF1b:I1566V;ORF1b:M1582I;ORF1b:A1603A;ORF1b:G1612G,5,133,0.037593984962406,0,
3052026,BA.2_0.04_abundance_0.1,C18041A;G18088C;C18094T;T18123G;G18145A;A18163G;G18213T;T18276A;C18283A;C18303A,ORF1b:A1525D;ORF1b:G1541R;ORF1b:H1543Y;ORF1b:S1552R;ORF1b:E1560K;ORF1b:I1566V;ORF1b:M1582I;ORF1b:A1603A;ORF1b:H1606N;ORF1b:G1612G,10,133,0.075187969924812,0,
3052026,BA.2_0.04_abundance_0.1,A18163G;C18283A,ORF1b:I1566V;ORF1b:H1606N,115,177,0.6497175141242938,11,BA.2:1;BA.5.1.10:3;BA.1.1:5;BA.1.1.2:1;BA.1:1
3052026,BA.2_0.04_abundance_0.1,C18976G;C19018T;G19072T;C19089A;C19099A;C19103G;T19146C;G19177A;G19194C;G19207A;G19231A;A19237G;A19244T,ORF1b:Q1837E;ORF1b:P1851S;ORF1b:D1869Y;ORF1b:F1874L;ORF1b:Q1878K;ORF1b:P1879R;ORF1b:S1893S;ORF1b:G1904S;ORF1b:W1909C;ORF1b:D1914N;ORF1b:V1922I;ORF1b:R1924G;ORF1b:D1926V,42,818,0.0513447432762836,0,
3052026,BA.2_0.04_abundance_0.1,C18976G;C19018T;G19072T;C19089A;C19099A;C19103G;T19146C;G19177A;G19194C;G19207A;G19231A;A19237G;A19244T;T19258G;T19260C,ORF1b:Q1837E;ORF1b:P1851S;ORF1b:D1869Y;ORF1b:F1874L;ORF1b:Q1878K;ORF1b:P1879R;ORF1b:S1893S;ORF1b:G1904S;ORF1b:W1909C;ORF1b:D1914N;ORF1b:V1922I;ORF1b:R1924G;ORF1b:D1926V;ORF1b:S1931A;ORF1b:S1931S,11,254,0.0433070866141732,0,
3052026,BA.2_0.04_abundance_0.1,C18976G;C19018T;G19072T;C19089A;C19099A;C19103G;T19146C;G19177A;G19194C;G19207A;G19231A;A19237G;A19244T;T19258G,ORF1b:Q1837E;ORF1b:P1851S;ORF1b:D1869Y;ORF1b:F1874L;ORF1b:Q1878K;ORF1b:P1879R;ORF1b:S1893S;ORF1b:G1904S;ORF1b:W1909C;ORF1b:D1914N;ORF1b:V1922I;ORF1b:R1924G;ORF1b:D1926V;ORF1b:S1931A,13,365,0.0356164383561643,0,
3052026,BA.2_0.04_abundance_0.1,C18976G;C19018T;G19072T;C19089A;C19099A;C19103G;T19146C;G19177A;G19194C;G19207A;G19231A;A19237G;A19244T;T19258G;T19260C;A19267T,ORF1b:Q1837E;ORF1b:P1851S;ORF1b:D1869Y;ORF1b:F1874L;ORF1b:Q1878K;ORF1b:P1879R;ORF1b:S1893S;ORF1b:G1904S;ORF1b:W1909C;ORF1b:D1914N;ORF1b:V1922I;ORF1b:R1924G;ORF1b:D1926V;ORF1b:S1931A;ORF1b:S1931S;ORF1b:N1934Y,5,67,0.0746268656716417,0,
3052026,BA.2_0.04_abundance_0.1,A20539G;C20544G;C20648A;T20701C;T20738G;A20741C;T20748G;G20750A;T20757G;A20761T;A20778C;C20803G,ORF1b:K2358E;ORF1b:S2359S;ORF1b:P2394Q;ORF1b:Y2412H;ORF1b:L2424R;ORF1b:Q2425P;ORF1b:Y2427*;ORF1b:G2428D;ORF1b:S2430R;ORF1b:T2432S;ORF1b:I2437I;ORF1b:Q2446E,64,683,0.0937042459736456,0,
3052026,BA.2_0.04_abundance_0.1,G21754A;G21987A,S:W64*;S:G142D,50,801,0.062421972534332,14,BA.2:11;BH.1:1;AY.127:1;B.1.617.2:1
3052026,BA.2_0.04_abundance_0.1,T22574G;G22578A;C22674T;T22679C;C22686T;A22688G;A22786C,S:F338V;S:G339D;S:S371F;S:S373P;S:S375F;S:T376A;S:R408S,91,453,0.2008830022075055,2,BA.5.2.20:1;BA.5.2:1
3052026,BA.2_0.04_abundance_0.1,T22574G;G22578A;C22674T;T22679C;C22686T;A22688G,S:F338V;S:G339D;S:S371F;S:S373P;S:S375F;S:T376A,5,475,0.0105263157894736,2,BA.5.2.20:1;BA.5.2:1
3052026,BA.2_0.04_abundance_0.1,A23148C;T23152A;T23178A;A23181C;T23183C;G23222T;G23264C;T23272A;C23280A;C23286G;G23288T;T23289A;T23308A;G23309C;T23322A;A23357G;T23377G;C23393A;A23397C;A23403G;T23421C;T23468A;T23479G,S:K529T;S:S530S;S:V539D;S:N540T;S:F541L;S:E554*;S:D568H;S:A570A;S:T573N;S:A575G;S:V576F;S:V576D;S:L582L;S:E583Q;S:I587N;S:T599A;S:S605S;S:L611I;S:Y612S;S:D614G;S:V620A;S:Y636N;S:G639G,8,89,0.0898876404494382,0,
3052026,BA.2_0.04_abundance_0.1,A23148C;T23152A;T23178A;A23181C;T23183C;G23222T;G23264C;T23272A;C23280A;C23286G;G23288T;T23289A;T23308A;G23309C;T23322A;A23357G;T23377G;C23393A;A23397C;A23403G;T23421C;T23468A,S:K529T;S:S530S;S:V539D;S:N540T;S:F541L;S:E554*;S:D568H;S:A570A;S:T573N;S:A575G;S:V576F;S:V576D;S:L582L;S:E583Q;S:I587N;S:T599A;S:S605S;S:L611I;S:Y612S;S:D614G;S:V620A;S:Y636N,6,122,0.0491803278688524,0,
3052026,BA.2_0.04_abundance_0.1,T23152A;T23178A;A23181C;T23183C;G23222T;G23264C;T23272A;C23280A;C23286G;G23288T;T23289A;T23308A;G23309C;T23322A;A23357G;T23377G;C23393A;A23397C;A23403G;T23421C;T23468A;T23479G,S:S530S;S:V539D;S:N540T;S:F541L;S:E554*;S:D568H;S:A570A;S:T573N;S:A575G;S:V576F;S:V576D;S:L582L;S:E583Q;S:I587N;S:T599A;S:S605S;S:L611I;S:Y612S;S:D614G;S:V620A;S:Y636N;S:G639G,8,170,0.0470588235294117,0,
3052026,BA.2_0.04_abundance_0.1,T23178A;A23181C;T23183C;G23222T;G23264C;T23272A;C23280A;C23286G;G23288T;T23289A;T23308A;G23309C;T23322A;A23357G;T23377G;C23393A;A23397C;A23403G;T23421C;T23468A;T23479G,S:V539D;S:N540T;S:F541L;S:E554*;S:D568H;S:A570A;S:T573N;S:A575G;S:V576F;S:V576D;S:L582L;S:E583Q;S:I587N;S:T599A;S:S605S;S:L611I;S:Y612S;S:D614G;S:V620A;S:Y636N;S:G639G,73,1229,0.0593978844589096,0,
3052026,BA.2_0.04_abundance_0.1,T23178A;A23181C;T23183C;G23222T;G23264C;T23272A;C23280A;C23286G;G23288T;T23289A;T23308A;G23309C;T23322A;A23357G;T23377G;C23393A;A23397C;A23403G;T23421C;T23468A,S:V539D;S:N540T;S:F541L;S:E554*;S:D568H;S:A570A;S:T573N;S:A575G;S:V576F;S:V576D;S:L582L;S:E583Q;S:I587N;S:T599A;S:S605S;S:L611I;S:Y612S;S:D614G;S:V620A;S:Y636N,39,1649,0.023650697392359,0,
3052026,BA.2_0.04_abundance_0.1,T23178A;A23181C;T23183C;G23222T;G23264C;T23272A;C23280A;C23286G;G23288T;T23289A;T23308A;G23309C;T23322A;A23357G;T23377G;C23393A;A23397C;A23403G;T23421C;T23468A;T23479G;T23487A,S:V539D;S:N540T;S:F541L;S:E554*;S:D568H;S:A570A;S:T573N;S:A575G;S:V576F;S:V576D;S:L582L;S:E583Q;S:I587N;S:T599A;S:S605S;S:L611I;S:Y612S;S:D614G;S:V620A;S:Y636N;S:G639G;S:V642D,35,371,0.0943396226415094,0,
3052026,BA.2_0.04_abundance_0.1,C23525T;T23599G;C23604A;G23660T,S:H655Y;S:N679K;S:P681H;S:G700C,18,45,0.4,6,BA.1.1:2;BA.2:3;BA.1:1
3052026,BA.2_0.04_abundance_0.1,A24966C;C25000T,S:N1135T;S:D1146D,68,1587,0.0428481411468179,3,BA.1.1:1;BA.2:1;BA.5.2.1:1
3052026,BA.2_0.04_abundance_0.1,T25058C;T25070G;G25116T;T25129C;C25151T;A25195C;A25255T;T25265C;T25268A;C25318G,S:L1166L;S:S1170A;S:R1185L;S:V1189V;S:L1197F;S:K1211N;S:T1231T;S:C1235R;S:C1236S;S:S1252S,36,806,0.0446650124069478,0,
3052026,BA.2_0.04_abundance_0.1,T25058C;T25070G;G25116T;T25129C;C25151T;A25195C;A25255T;T25265C;T25268A;G25281T;C25318G,S:L1166L;S:S1170A;S:R1185L;S:V1189V;S:L1197F;S:K1211N;S:T1231T;S:C1235R;S:C1236S;S:C1240F;S:S1252S,42,806,0.0521091811414392,0,
3052026,BA.2_0.04_abundance_0.1,C25318G;T25343C;A25351G;T25370A;T25476G;C25484G;T25496G;C25508G;T25532G;C25549A;G25555A;C25584T;T25586A;T25627A;T25628A,S:S1252S;S:S1261P;S:P1263P;S:L1270I;ORF3a:F28L;ORF3a:A31G;ORF3a:I35R;ORF3a:A39G;ORF3a:I47S;ORF3a:L53I;ORF3a:V55I;ORF3a:T64T;ORF3a:L65H;ORF3a:F79I;ORF3a:F79Y,60,605,0.0991735537190082,0,
3052026,BA.2_0.04_abundance_0.1,C25318G;T25343C;A25351G;T25370A;T25476G;C25484G;T25496G;C25508G,S:S1252S;S:S1261P;S:P1263P;S:L1270I;ORF3a:F28L;ORF3a:A31G;ORF3a:I35R;ORF3a:A39G,9,849,0.0106007067137809,0,
3052026,BA.2_0.04_abundance_0.1,C25318G;T25343C;A25351G;T25370A;T25476G;C25484G;T25496G;C25508G;T25532G;C25549A;G25555A;C25584T;T25586A,S:S1252S;S:S1261P;S:P1263P;S:L1270I;ORF3a:F28L;ORF3a:A31G;ORF3a:I35R;ORF3a:A39G;ORF3a:I47S;ORF3a:L53I;ORF3a:V55I;ORF3a:T64T;ORF3a:L65H,16,791,0.0202275600505689,0,
3052026,BA.2_0.04_abundance_0.1,T25343C;A25351G;T25370A;T25476G;C25484G;T25496G;C25508G;T25532G;C25549A;G25555A;C25584T;T25586A;T25627A;T25628A,S:S1261P;S:P1263P;S:L1270I;ORF3a:F28L;ORF3a:A31G;ORF3a:I35R;ORF3a:A39G;ORF3a:I47S;ORF3a:L53I;ORF3a:V55I;ORF3a:T64T;ORF3a:L65H;ORF3a:F79I;ORF3a:F79Y,25,989,0.025278058645096,0,
3052026,BA.2_0.04_abundance_0.1,A25799C;G25879T;C25919G,ORF3a:K136T;ORF3a:V163L;ORF3a:T176R,5,31,0.1612903225806451,0,
3052026,BA.2_0.04_abundance_0.1,A26059G;T26080C;C26082T;A26115G;A26166C;T26168C;T26184G;G26196A;A26197T;G26257A;C26270T,ORF3a:T223A;ORF3a:F230L;ORF3a:F230F;ORF3a:E241E;ORF3a:P258P;ORF3a:V259A;ORF3a:Y264*;ORF3a:T268T;ORF3a:T269S;E:V5I;E:T9I,36,315,0.1142857142857142,0,
3052026,BA.2_0.04_abundance_0.1,A26059G;T26080C;C26082T;A26115G;A26166C;T26168C;T26184G;G26196A;A26197T;G26257A,ORF3a:T223A;ORF3a:F230L;ORF3a:F230F;ORF3a:E241E;ORF3a:P258P;ORF3a:V259A;ORF3a:Y264*;ORF3a:T268T;ORF3a:T269S;E:V5I,7,395,0.0177215189873417,0,
3052026,BA.2_0.04_abundance_0.1,C26091A;C26270T,ORF3a:Y233*;E:T9I,50,317,0.1577287066246056,1,BA.5.2:1
3052026,BA.2_0.04_abundance_0.1,A26547G;T26551A;C26577G;T26580G;A26592G;A26643T;T26657C;G26660C;G26696A;G26709A;G26713A;C26725A;A26738T;G26779C;T26794A;T26837A;G26852A;C26858T,M:T9A;M:V10D;M:Q19E;M:W20G;M:I24V;M:N41Y;M:F45F;M:L46F;M:W58*;M:A63T;M:C64Y;M:A68D;M:R72S;M:C86S;M:M91K;M:R105R;M:W110*;M:F112F,35,383,0.0913838120104438,0,
3052026,BA.2_0.04_abundance_0.1,A26547G;T26551A;C26577G;T26580G;A26592G;A26643T;T26657C;G26660C;G26696A;G26709A;G26713A;C26725A;A26738T,M:T9A;M:V10D;M:Q19E;M:W20G;M:I24V;M:N41Y;M:F45F;M:L46F;M:W58*;M:A63T;M:C64Y;M:A68D;M:R72S,6,439,0.0136674259681093,0,
3052026,BA.2_0.04_abundance_0.1,T26551A;C26577G;T26580G;A26592G;A26643T;T26657C;G26660C;G26696A;G26709A;G26713A;C26725A;A26738T;G26779C;T26794A;T26837A;G26852A;C26858T,M:V10D;M:Q19E;M:W20G;M:I24V;M:N41Y;M:F45F;M:L46F;M:W58*;M:A63T;M:C64Y;M:A68D;M:R72S;M:C86S;M:M91K;M:R105R;M:W110*;M:F112F,40,715,0.0559440559440559,0,
3052026,BA.2_0.04_abundance_0.1,C26577G;T26580G;A26592G;A26643T;T26657C;G26660C;G26696A;G26709A;G26713A;C26725A;A26738T;G26779C;T26794A;T26837A;G26852A;C26858T,M:Q19E;M:W20G;M:I24V;M:N41Y;M:F45F;M:L46F;M:W58*;M:A63T;M:C64Y;M:A68D;M:R72S;M:C86S;M:M91K;M:R105R;M:W110*;M:F112F,330,4343,0.0759843426203085,0,
3052026,BA.2_0.04_abundance_0.1,A27234G;G27235C;A27237G;A27259C;G27261C;C27263A;A27290G;A27293C;A27334T;G27382C;A27383T;T27384C;T27402G;A27423C;A27475T,ORF6:I11M;ORF6:A12P;ORF6:A12A;ORF6:R20R;ORF6:R20S;ORF6:T21N;ORF6:D30G;ORF6:Y31S;ORF6:T45S;ORF6:D61H;ORF6:D61V;ORF6:D61D;ORF7a:I3M;ORF7a:I10I;ORF7a:T28S,50,961,0.0520291363163371,0,
3052026,BA.2_0.04_abundance_0.1,A27234G;G27235C;A27237G;A27259C;G27261C;C27263A;A27290G;A27293C;A27334T;G27382C;A27383T;T27384C;T27402G;A27423C;A27475T;T27496G,ORF6:I11M;ORF6:A12P;ORF6:A12A;ORF6:R20R;ORF6:R20S;ORF6:T21N;ORF6:D30G;ORF6:Y31S;ORF6:T45S;ORF6:D61H;ORF6:D61V;ORF6:D61D;ORF7a:I3M;ORF7a:I10I;ORF7a:T28S;ORF7a:C35G,9,275,0.0327272727272727,0,
3052026,BA.2_0.04_abundance_0.1,A27234G;G27235C;A27237G;A27259C;C27263A;A27290G;A27293C;A27334T;G27382C;A27383T;T27384C;T27402G;A27423C;A27475T,ORF6:I11M;ORF6:A12P;ORF6:A12A;ORF6:R20R;ORF6:T21N;ORF6:D30G;ORF6:Y31S;ORF6:T45S;ORF6:D61H;ORF6:D61V;ORF6:D61D;ORF7a:I3M;ORF7a:I10I;ORF7a:T28S,18,961,0.0187304890738813,0,
3052026,BA.2_0.04_abundance_0.1,A27246G;A27259C;G27261C;T27355G;G27382C;A27383T;T27384C,ORF6:L15L;ORF6:R20R;ORF6:R20S;ORF6:L52V;ORF6:D61H;ORF6:D61V;ORF6:D61D,43,989,0.0434782608695652,0,
3052026,BA.2_0.04_abundance_0.1,A27246G;A27259C;G27261C;G27382C;A27383T;T27384C,ORF6:L15L;ORF6:R20R;ORF6:R20S;ORF6:D61H;ORF6:D61V;ORF6:D61D,19,989,0.019211324570273,0,
3052026,BA.2_0.04_abundance_0.1,A27246G;A27259C;T27355G;G27382C;A27383T;T27384C,ORF6:L15L;ORF6:R20R;ORF6:L52V;ORF6:D61H;ORF6:D61V;ORF6:D61D,20,989,0.0202224469160768,0,
3052026,BA.2_0.04_abundance_0.1,A27259C;G27261C;G27382C;A27383T;T27384C,ORF6:R20R;ORF6:R20S;ORF6:D61H;ORF6:D61V;ORF6:D61D,146,989,0.1476238624873609,4,BA.2.3:1;BA.2.10:1;BA.2:2
3052026,BA.2_0.04_abundance_0.1,A27259C;G27261C;T27355G;G27382C;A27383T;T27384C,ORF6:R20R;ORF6:R20S;ORF6:L52V;ORF6:D61H;ORF6:D61V;ORF6:D61D,446,989,0.4509605662285136,0,
3052026,BA.2_0.04_abundance_0.1,A27259C;T27355G;G27382C;A27383T;T27384C,ORF6:R20R;ORF6:L52V;ORF6:D61H;ORF6:D61V;ORF6:D61D,136,989,0.1375126390293225,3,BA.2.12.1:3
3052026,BA.2_0.04_abundance_0.1,A27259C;G27261C;T27355G,ORF6:R20R;ORF6:R20S;ORF6:L52V,26,1052,0.0247148288973384,0,
3052026,BA.2_0.04_abundance_0.1,A27259C;G27261C,ORF6:R20R;ORF6:R20S,13,1052,0.0123574144486692,143,BA.1.14:137;BA.2.3:1;B.1.1.529:1;BA.2.10:1;BA.1.1:1;BA.2:2
3052026,BA.2_0.04_abundance_0.1,T27810A;A27825C;T27837C;T27901G;T27902C;A27917G;A27965C;A27983T;T28010A;C28011A;T28130G,ORF7b:F19I;ORF7b:M24L;ORF7b:F28L;ORF8:F3C;ORF8:F3F;ORF8:G8G;ORF8:S24S;ORF8:P30P;ORF8:I39I;ORF8:H40N;ORF8:Y79*,16,131,0.1221374045801526,0,
3052026,BA.2_0.04_abundance_0.1,T27810A;A27825C;T27837C;T27901G;T27902C;A27917G;A27965C;A27983T;T28010A;C28011A,ORF7b:F19I;ORF7b:M24L;ORF7b:F28L;ORF8:F3C;ORF8:F3F;ORF8:G8G;ORF8:S24S;ORF8:P30P;ORF8:I39I;ORF8:H40N,11,222,0.0495495495495495,0,
3052026,BA.2_0.04_abundance_0.1,A27825C;T27837C;T27901G;T27902C;A27917G;A27965C;A27983T;T28010A;C28011A,ORF7b:M24L;ORF7b:F28L;ORF8:F3C;ORF8:F3F;ORF8:G8G;ORF8:S24S;ORF8:P30P;ORF8:I39I;ORF8:H40N,85,2227,0.0381679389312977,0,
3052026,BA.2_0.04_abundance_0.1,A27825C;T27837C;T27901G;T27902C;A27917G;A27965C;A27983T;T28010A;C28011A;T28130G,ORF7b:M24L;ORF7b:F28L;ORF8:F3C;ORF8:F3F;ORF8:G8G;ORF8:S24S;ORF8:P30P;ORF8:I39I;ORF8:H40N;ORF8:Y79*,115,1384,0.0830924855491329,0,
3052026,BA.2_0.04_abundance_0.1,T27837C;T27901G;T27902C;A27917G;A27965C;A27983T;T28010A;C28011A;T28130G,ORF7b:F28L;ORF8:F3C;ORF8:F3F;ORF8:G8G;ORF8:S24S;ORF8:P30P;ORF8:I39I;ORF8:H40N;ORF8:Y79*,25,1688,0.0148104265402843,0,
3052026,BA.2_0.04_abundance_0.1,T28130G;A28173T;G28183A;T28192G;A28207C;T28224G;A28274C;C28291G;A28295T;G28307A;C28311T;G28337T;C28344A;G28375T,ORF8:Y79*;ORF8:K94*;ORF8:S97N;ORF8:V100G;ORF8:Y105S;ORF8:Y111D;N:MX;N:P6P;N:N8Y;N:A12T;N:P13L;N:D22Y;N:T24N;N:G34G,138,2438,0.0566037735849056,0,
3052026,BA.2_0.04_abundance_0.1,T28130G;A28173T;G28183A;T28192G;A28207C;T28224G;A28274C;C28291G;A28295T;G28307A;C28311T;G28337T;C28344A;G28375T;C28410G,ORF8:Y79*;ORF8:K94*;ORF8:S97N;ORF8:V100G;ORF8:Y105S;ORF8:Y111D;N:MX;N:P6P;N:N8Y;N:A12T;N:P13L;N:D22Y;N:T24N;N:G34G;N:P46R,91,2264,0.0401943462897526,0,
3052026,BA.2_0.04_abundance_0.1,T28130G;A28173T;G28183A;T28192G;A28207C;T28224G;A28274C;C28291G;A28295T;G28307A;C28311T;G28337T;C28344A;G28375T;C28410G;C28437A,ORF8:Y79*;ORF8:K94*;ORF8:S97N;ORF8:V100G;ORF8:Y105S;ORF8:Y111D;N:MX;N:P6P;N:N8Y;N:A12T;N:P13L;N:D22Y;N:T24N;N:G34G;N:P46R;N:A55D,8,106,0.0754716981132075,0,
3052026,BA.2_0.04_abundance_0.1,C28311T;C28410G,N:P13L;N:P46R,775,2267,0.3418614909572122,4,BA.1.1:2;BF.2:1;B.1.617.2:1
3052026,BA.2_0.04_abundance_0.1,C28437A;C28471A;C28512A;G28551T;G28580A;A28626T;A28633G;T28678A;C28687T;A28701T;A28715C;C28716T,N:A55D;N:F66L;N:P80Q;N:R93L;N:D103N;N:E118V;N:G120G;N:T135T;N:A138A;N:K143I;N:T148P;N:T148I,16,649,0.024653312788906,0,
3052026,BA.2_0.04_abundance_0.1,C28437A;C28471A;C28512A;G28551T;G28580A;A28626T;A28633G;T28678A;C28687T;A28701T;A28715C;C28716T;A28734T;T28735C,N:A55D;N:F66L;N:P80Q;N:R93L;N:D103N;N:E118V;N:G120G;N:T135T;N:A138A;N:K143I;N:T148P;N:T148I;N:N154I;N:N154N,29,482,0.0601659751037344,0,
3052026,BA.2_0.04_abundance_0.1,C28437A;C28471A;C28512A;G28551T;G28580A;A28626T;A28633G,N:A55D;N:F66L;N:P80Q;N:R93L;N:D103N;N:E118V;N:G120G,8,719,0.0111265646731571,0,
3052026,BA.2_0.04_abundance_0.1,C28437A;C28471A;C28512A;G28551T;G28580A;A28626T;A28633G;T28678A;C28687T;A28701T;A28715C;C28716T;A28734T;T28735C;C28748A,N:A55D;N:F66L;N:P80Q;N:R93L;N:D103N;N:E118V;N:G120G;N:T135T;N:A138A;N:K143I;N:T148P;N:T148I;N:N154I;N:N154N;N:L159I,5,62,0.0806451612903225,0,
3052026,BA.2_0.04_abundance_0.1,T29010C;T29036G;A29039C;C29061T;C29067G;A29079C;G29106T;G29132T;A29181T;G29204T;T29225G;A29237G;C29247T;A29267G;T29278C;C29280A;A29307G,N:V246A;N:S255A;N:K256Q;N:T263I;N:T265S;N:N269T;N:G278V;N:G287W;N:Q303L;N:A311S;N:S318A;N:M322V;N:T325I;N:T332A;N:G335G;N:A336D;N:N345S,7,96,0.0729166666666666,0,
3052026,BA.2_0.04_abundance_0.1,T29036G;A29039C;C29061T;C29067G;A29079C;G29106T;G29132T;A29181T;G29204T;T29225G;A29237G;C29247T;A29267G;T29278C;C29280A;A29307G,N:S255A;N:K256Q;N:T263I;N:T265S;N:N269T;N:G278V;N:G287W;N:Q303L;N:A311S;N:S318A;N:M322V;N:T325I;N:T332A;N:G335G;N:A336D;N:N345S,124,1413,0.0877565463552724,0,
