Date,Site,Nt Mutations,AA Mutations,Support DP,Total DP,Combined Freq,Overall Occurrence,Lineage Occurrence
1012026,BA.2_0.005_abundance_0.15,T2290A;T2343G,ORF1a:V675V;ORF1a:I693S,16,722,0.0221606648199446,0,
1012026,BA.2_0.005_abundance_0.15,T4341C;A4479T,ORF1a:I1359T;ORF1a:K1405I,35,227,0.1541850220264317,0,
1012026,BA.2_0.005_abundance_0.15,T4341C;T4538A,ORF1a:I1359T;ORF1a:Y1425N,7,227,0.0308370044052863,0,
1012026,BA.2_0.005_abundance_0.15,C5717T;T5801G,ORF1a:H1818Y;ORF1a:Y1846D,11,493,0.0223123732251521,0,
1012026,BA.2_0.005_abundance_0.15,G8706C;G8863C,ORF1a:G2814A;ORF1a:V2866V,11,418,0.0263157894736842,0,
1012026,BA.2_0.005_abundance_0.15,C10029T;A9848T,ORF1a:T3255I;ORF1a:S3195C,133,501,0.2654690618762475,68,AY.25.1:1;AY.114:5;AY.103:4;AY.3:1;BA.1.17.2:4;BA.2:24;BA.1.1:11;BA.1.15:2;AY.4:9;AY.100:1;AY.25:2;AY.122:1;BQ.1.1:3
1012026,BA.2_0.005_abundance_0.15,C10029T;C10032A;A9848T,ORF1a:T3255I;ORF1a:S3256Y;ORF1a:S3195C,112,501,0.2235528942115768,0,
1012026,BA.2_0.005_abundance_0.15,C10029T;C10032A,ORF1a:T3255I;ORF1a:S3256Y,111,501,0.2215568862275449,1,BA.2:1
1012026,BA.2_0.005_abundance_0.15,T10546G;T10591C,ORF1a:H3427Q;ORF1a:G3442G,7,281,0.0249110320284697,0,
1012026,BA.2_0.005_abundance_0.15,C10824A;T10926A,ORF1a:T3520N;ORF1a:F3554Y,18,733,0.024556616643929,0,
1012026,BA.2_0.005_abundance_0.15,A12527T;A12562C;T12711C,ORF1a:T4088S;ORF1a:Q4099H;ORF1a:L4149P,23,2055,0.0111922141119221,0,
1012026,BA.2_0.005_abundance_0.15,A12527T;T12711C,ORF1a:T4088S;ORF1a:L4149P,100,2055,0.048661800486618,0,
1012026,BA.2_0.005_abundance_0.15,A12562C;T12711C,ORF1a:Q4099H;ORF1a:L4149P,290,2056,0.1410505836575875,0,
1012026,BA.2_0.005_abundance_0.15,A16026G;C16042A,ORF1b:L853L;ORF1b:P859T,260,1773,0.1466441060349689,0,
1012026,BA.2_0.005_abundance_0.15,A17153T;C17410T,ORF1b:Y1229F;ORF1b:R1315C,926,2432,0.3807565789473684,7,BA.5:2;BA.5.2.1:3;BA.2:2
1012026,BA.2_0.005_abundance_0.15,C17410T;T17545C,ORF1b:R1315C;ORF1b:F1360L,14,147,0.0952380952380952,4,BQ.1.1.1:1;BA.4.1:1;BA.5.1.8:1;BA.2.9:1
1012026,BA.2_0.005_abundance_0.15,C17747A;T17765A,ORF1b:P1427H;ORF1b:V1433D,5,300,0.0166666666666666,0,
1012026,BA.2_0.005_abundance_0.15,T19624G;A19683G;G19800C,ORF1b:L2053V;ORF1b:E2072E;ORF1b:K2111N,9,553,0.0162748643761302,0,
1012026,BA.2_0.005_abundance_0.15,T19624G;A19683G,ORF1b:L2053V;ORF1b:E2072E,12,590,0.0203389830508474,0,
1012026,BA.2_0.005_abundance_0.15,T19624G;G19800C,ORF1b:L2053V;ORF1b:K2111N,10,553,0.0180831826401446,0,
1012026,BA.2_0.005_abundance_0.15,A19683G;G19800C,ORF1b:E2072E;ORF1b:K2111N,75,553,0.1356238698010849,0,
1012026,BA.2_0.005_abundance_0.15,T20614A;T20731A,ORF1b:W2383R;ORF1b:C2422S,7,303,0.0231023102310231,0,
1012026,BA.2_0.005_abundance_0.15,T20614A;A20724T,ORF1b:W2383R;ORF1b:L2419F,14,303,0.0462046204620462,0,
1012026,BA.2_0.005_abundance_0.15,A20724T;T20731A,ORF1b:L2419F;ORF1b:C2422S,14,303,0.0462046204620462,0,
1012026,BA.2_0.005_abundance_0.15,T21984A;G21987A,S:L141*;S:G142D,274,1138,0.2407732864674868,3,AY.122:1;A.2.5.1:1;A.2.5:1
1012026,BA.2_0.005_abundance_0.15,C22674T;T22679C;C22686T;C22687T;A22688G,S:S371F;S:S373P;S:S375F;S:S375S;S:T376A,38,119,0.3193277310924369,1307,BA.5.2.32:22;BQ.1:4;BA.5.2:98;BA.5.2.22:43;BA.5.5:21;BA.5.1.24:4;BA.2.3:24;BA.2.24:2;BA.2.9:32;BA.5.1:81;BA.2:515;BA.2.12.1:72;BA.2.38:1;BQ.1.1:24;BA.4:5;BA.5.2.1:57;BA.5.1.16:1;BA.5.2.34:1;BA.5.5.1:3;BA.2.23:2;BF.7:7;BA.5.2.9:50;BA.4.6.1:12;BF.5:15;BF.26:9;BA.5.1.17:7;BA.2.5:1;BA.2.79:1;BA.5.1.22:11;BQ.1.1.4:2;BA.5:3;BA.4.6:10;BA.2.10.1:1;BA.5.2.31:66;BA.4.1:5;BA.5.2.18:1;BQ.1.11:1;BA.5.1.7:1;BA.2.17:1;BA.5.1.1:4;BA.5.6:4;BA.2.75:12;BE.1:2;BA.5.2.35:2;BA.2.13.1:1;BF.6:1;BA.2.36:5;BA.2.1:3;BE.1.1:6;BA.5.9:1;XBB.1.5:1;BE.1.2:1;BF.28:1;BA.5.1.5:1;BQ.1.1.18:2;BA.2.34:2;BA.2.40.1:1;CG.1:1;BA.5.1.21:1;XBB.1:1;BQ.1.1.3:1;BA.2.10:2;BA.4.1.3:1;BQ.1.2:8;BA.5.10:1;BA.5.2.13:1;BA.5.3.5:1;BA.2.9.3:4;BA.2.2:1;BA.5.2.6:1;BA.5.2.20:1;BA.5.2.3:1;BQ.1.23:1;BA.2.3.16:2;BA.2.56:1;BA.4.1.1:1;BA.2.3.14:1;BA.2.65:2;BE.7:1;BE.3:3;BE.1.1.2:1;BE.5:1;BA.2.69:1
1012026,BA.2_0.005_abundance_0.15,G22992A;C22995A;A23013C;G23015A;A23040G;A23055G;A23063T,S:S477N;S:T478K;S:E484A;S:G485S;S:Q493R;S:Q498R;S:N501Y,11,41,0.2682926829268293,18,BA.1.1:9;BA.2.12.1:3;BA.2.65:1;BA.2.76:1;BA.1:2;BA.1.15:1;BA.1.18:1
1012026,BA.2_0.005_abundance_0.15,C23290A;A23403G;C23435G,S:V576V;S:D614G;S:H625D,18,1194,0.0150753768844221,0,
1012026,BA.2_0.005_abundance_0.15,C23290A;A23403G,S:V576V;S:D614G,38,1195,0.0317991631799163,95,BA.1.1:4;AY.3:7;BA.5.2.1:11;BA.1.18:1;AY.57:2;B.1.1.7:22;AY.4:16;AY.4.2:1;B.1:1;BA.2.9:2;B.1.177:1;AY.122:2;BA.2:1;AY.25.1:1;AY.44:3;B.1.2:3;BA.5.2.6:1;B.1.1.222:3;AY.43:7;BA.1:2;AY.103:1;P.1:1;B.1.407:1;B.1.617.2:1
1012026,BA.2_0.005_abundance_0.15,A23403G;C23435G,S:D614G;S:H625D,422,1194,0.3534338358458961,5,BD.1:2;BA.2:1;B.1.177.2:1;BA.5.5:1
1012026,BA.2_0.005_abundance_0.15,C23557G;T23599G;C23604A,S:P665P;S:N679K;S:P681H,5,115,0.0434782608695652,37,BA.5.1:3;BA.5.2.8:12;BA.1.15:1;BA.5.6:1;BA.2.65:1;BA.2.10:1;BA.4.1:1;BA.1.1:4;BA.2:3;BF.7.5:1;BA.5.2.1:1;BA.2.9:1;BA.1:2;BA.1.1.2:1;BA.2.3:2;BA.4.2:1;BA.4.6.5:1
1012026,BA.2_0.005_abundance_0.15,G23832T;G23948T,S:G757V;S:D796Y,233,1364,0.1708211143695014,13,BA.2.9:1;BA.1.1:2;BA.2:1;BA.5.5:1;BA.5.1.1:1;BA.1.15:1;BA.5.1.24:1;BF.5:1;BF.10:2;BA.5.2:1;BA.5.2.1:1
1012026,BA.2_0.005_abundance_0.15,G24328A;A24424T,S:L922L;S:Q954H,186,418,0.4449760765550239,74,BA.1.15:2;BA.5.2:7;BA.1.17.2:2;BA.2.9:21;BA.2:21;BQ.1.1:1;BA.5.1.30:1;BA.5.1:1;BA.1.1:5;BA.5.2.1:5;BA.1:3;BA.5.1.22:1;BA.2.9.3:2;BN.1.4:1;BA.5.1.2:1
1012026,BA.2_0.005_abundance_0.15,C24797G;C25000T,S:P1079A;S:D1146D,394,4254,0.0926187118006582,3,BA.1.15:1;BA.2.3:1;BA.5.2:1
1012026,BA.2_0.005_abundance_0.15,T25211A;T25279C,S:W1217R;S:S1239S,10,396,0.0252525252525252,0,
1012026,BA.2_0.005_abundance_0.15,A25432T;C25584T,ORF3a:T14S;ORF3a:T64T,1036,2145,0.482983682983683,8,BQ.1.1.1:2;BA.1.1:5;BA.1.15:1
1012026,BA.2_0.005_abundance_0.15,C26577G;G26709A;T26853G;C26858T,M:Q19E;M:A63T;M:S111A;M:F112F,228,3487,0.0653857183825638,0,
1012026,BA.2_0.005_abundance_0.15,C26577G;G26709A;T26773C;C26858T,M:Q19E;M:A63T;M:M84T;M:F112F,171,3486,0.0490533562822719,101,BA.2.12.1:56;BA.1.15:1;BA.2:28;BA.2.9:3;BA.2.75:2;BA.2.3:3;XBB.1:2;BA.4.1.6:1;BA.4.6:3;BA.5:1;BM.1.1.3:1
1012026,BA.2_0.005_abundance_0.15,C26577G;T26590A;G26709A;C26858T,M:Q19E;M:V23E;M:A63T;M:F112F,220,3487,0.0630914826498422,0,
1012026,BA.2_0.005_abundance_0.15,T27257A;G27382C;A27383T;T27384C,ORF6:M19K;ORF6:D61H;ORF6:D61V;ORF6:D61D,21,689,0.0304789550072568,896,BA.2.36:106;BA.2.10:12;BA.2:495;CM.2:10;BA.2.10.1:10;BA.4.1:6;BA.4.6:7;BA.2.33:8;BA.2.3:43;BA.2.24:5;BA.2.13:6;BA.2.9:62;BA.2.12.1:47;BA.4.1.3:1;BA.4:9;BA.2.23:13;BA.2.60:1;BA.2.8:4;BA.2.29:2;BA.2.3.13:2;BA.2.62:1;BA.2.7:1;BA.2.3.17:11;BA.4.6.5:1;BA.2.5:1;BA.2.56:1;XQ:1;BA.2.65:1;BA.2.18:1;BA.2.2:8;BA.2.3.1:5;XBB:1;BA.2.9.3:1;BA.4.2:2;BA.2.75:6;BL.1:1;BA.2.9.6:1;BA.2.3.2:1;BA.2.3.20:1;BA.2.3.12:1
1012026,BA.2_0.005_abundance_0.15,G28122A;C28311T;A28359C,ORF8:G77S;N:P13L;N:N29T,595,2926,0.2033492822966507,0,
1012026,BA.2_0.005_abundance_0.15,G28122A;C28311T,ORF8:G77S;N:P13L,346,3152,0.1097715736040609,291,BA.2.36:2;BA.2.11:2;BA.1.15:7;BE.1.1:6;BA.5.6:3;BF.5:2;BA.5.2:33;BA.1.1:57;BA.5.2.1:15;BA.5.1.19:1;BQ.1.3:1;BA.2:70;BQ.1.23:1;BA.4.1:2;BA.5.1:2;BA.1.1.18:3;BA.4.1.1:4;BA.5.2.19:1;BA.2.9:1;BA.5.2.25:1;BA.1.19:1;BA.5.5:2;BA.5.2.9:4;BA.1.17.2:12;BF.7:10;BA.1:13;BA.1.1.1:6;BA.5.1.27:2;BA.1.20:1;BA.5.1.1:1;BD.1:2;BA.2.75:2;BA.1.17:1;BN.1.1:3;BQ.1.6:2;BA.2.12.2:1;BA.5.2.12:2;BA.2.12.1:3;BA.5.1.10:2;BA.1.1.10:1;BA.5.1.22:1;BA.2.21:1;BA.4.4:1;XBB.2:1;BE.1.1.2:1;BA.4.6:1
1012026,BA.2_0.005_abundance_0.15,C28311T;A28359C,N:P13L;N:N29T,1893,3613,0.5239413230002767,264,XBB.1:2;BA.1.1.15:221;BA.1.1:17;BA.2:7;BA.5.5:1;BA.5.1:2;BA.1:2;BA.5.2:1;BA.2.10:2;BA.2.3:4;BA.1.17.2:3;BQ.1.1:1;BA.1.1.2:1
1082026,BA.2_0.005_abundance_0.15,T670G;G968A,ORF1a:S135R;ORF1a:E235K,18,424,0.0424528301886792,33,BA.5.5:2;BA.5.2:1;BA.2.3.2:1;BA.5.1:2;BA.5.2.1:1;BA.2:10;BA.5.2.3:6;BA.4:1;BE.1.2.1:2;BA.2.3:1;BA.2.12.1:2;BQ.1.23:1;BA.2.38:2;BA.2.36:1
1082026,BA.2_0.005_abundance_0.15,G1055C;G968A,ORF1a:D264H;ORF1a:E235K,5,106,0.0471698113207547,0,
1082026,BA.2_0.005_abundance_0.15,G1055C;A1229T,ORF1a:D264H;ORF1a:K322*,25,1417,0.0176429075511644,0,
1082026,BA.2_0.005_abundance_0.15,A1639T;C1800G,ORF1a:K458N;ORF1a:T512R,87,2904,0.0299586776859504,0,
1082026,BA.2_0.005_abundance_0.15,A1639T;C1825G,ORF1a:K458N;ORF1a:A520A,28,2684,0.0104321907600596,0,
1082026,BA.2_0.005_abundance_0.15,C1800G;C1825G,ORF1a:T512R;ORF1a:A520A,69,2685,0.0256983240223463,0,
1082026,BA.2_0.005_abundance_0.15,G3194A;C3464A,ORF1a:E977K;ORF1a:H1067N,56,478,0.1171548117154811,0,
1082026,BA.2_0.005_abundance_0.15,C9344T;A9424G;C9510A;C9534T,ORF1a:L3027F;ORF1a:V3053V;ORF1a:T3082N;ORF1a:T3090I,13,150,0.0866666666666666,0,
1082026,BA.2_0.005_abundance_0.15,C9510A;C9534T,ORF1a:T3082N;ORF1a:T3090I,23,558,0.0412186379928315,0,
1082026,BA.2_0.005_abundance_0.15,C9510A;C9534T;A9639T,ORF1a:T3082N;ORF1a:T3090I;ORF1a:H3125L,7,408,0.017156862745098,0,
1082026,BA.2_0.005_abundance_0.15,C9534T;A9639T,ORF1a:T3090I;ORF1a:H3125L,280,1740,0.160919540229885,1,BA.2:1
1082026,BA.2_0.005_abundance_0.15,C9534T;A9639T;T9667C,ORF1a:T3090I;ORF1a:H3125L;ORF1a:P3134P,20,1740,0.0114942528735632,0,
1082026,BA.2_0.005_abundance_0.15,C9534T;T9667C,ORF1a:T3090I;ORF1a:P3134P,87,1740,0.05,63,BA.2.10:2;BA.2:13;BA.5.5:1;BF.5:12;BA.5.2.26:6;BQ.1.23:3;BA.4.1:3;BA.2.9:1;BA.2.23:3;BA.2.12.1:2;BA.5.2:1;BA.5.2.1:3;XBB.3:1;BQ.1.1.8:1;BF.3:1;BQ.1.1:1;BF.7:2;BA.2.2:1;BA.2.75:3;BA.5.1.10:1;BA.2.1:1;BA.5.2.28:1
1082026,BA.2_0.005_abundance_0.15,C9534T;A9793C,ORF1a:T3090I;ORF1a:E3176D,37,1579,0.0234325522482583,56,CL.1:3;BA.5.2.1:11;BA.2.3:2;BA.4.6:1;BA.5.1:3;BA.2:21;BA.4:1;BA.5.5.1:6;BA.5.2:2;CK.2.1.1:2;BE.1.1:1;BA.2.12.1:1;BA.4.1.6:2
1082026,BA.2_0.005_abundance_0.15,C9534T;A9829G,ORF1a:T3090I;ORF1a:E3188E,9,102,0.088235294117647,31,BA.5.2:6;BA.2:6;BA.5.1.5:2;BA.5.2.1:2;BA.5.3.1:1;BA.2.3:1;BA.4.4:2;BF.7.4.1:3;BA.2.9.5:1;BE.1.1:4;BA.5.1:2;BA.5.2.28:1
1082026,BA.2_0.005_abundance_0.15,C10029T;A9829G;C9866T,ORF1a:T3255I;ORF1a:E3188E;ORF1a:L3201F,85,1013,0.0839091806515301,8,BA.2:6;BA.2.9.5:1;BA.2.3:1
1082026,BA.2_0.005_abundance_0.15,T11836G;A11847C,ORF1a:T3857T;ORF1a:K3861T,10,95,0.1052631578947368,0,
1082026,BA.2_0.005_abundance_0.15,C12880T;A12914C,ORF1a:I4205I;ORF1a:T4217P,138,2701,0.0510921880784894,0,
1082026,BA.2_0.005_abundance_0.15,C15610A;C15714T,ORF1b:Q715K;ORF1b:L749L,335,3189,0.1050486045782377,0,
1082026,BA.2_0.005_abundance_0.15,A15639C;C15714T,ORF1b:R724S;ORF1b:L749L,277,3189,0.0868610849796174,0,
1082026,BA.2_0.005_abundance_0.15,C17183G;C17410T,ORF1b:A1239G;ORF1b:R1315C,1162,3866,0.3005690636316606,1,BA.2.12.1:1
1082026,BA.2_0.005_abundance_0.15,C17183G;T17210A;C17410T,ORF1b:A1239G;ORF1b:L1248*;ORF1b:R1315C,190,3866,0.049146404552509,0,
1082026,BA.2_0.005_abundance_0.15,C17183G;T17210A,ORF1b:A1239G;ORF1b:L1248*,128,6325,0.0202371541501976,0,
1082026,BA.2_0.005_abundance_0.15,T17210A;C17410T,ORF1b:L1248*;ORF1b:R1315C,365,3867,0.0943884147918282,0,
1082026,BA.2_0.005_abundance_0.15,C21812G;G21987A,S:L84V;S:G142D,70,447,0.1565995525727069,16,AY.25.1:5;BA.5.1:5;BA.4.6:1;BA.2:1;AY.127:1;AY.44:1;AY.112:1;BA.5.2.1:1
1082026,BA.2_0.005_abundance_0.15,T22200G;A22252C,S:V213G;S:P230P,261,343,0.760932944606414,6,BA.2.9:1;BA.2:3;BA.2.38:1;BA.1.1:1
1082026,BA.2_0.005_abundance_0.15,C23854A;C23896A;G23948T,S:N764K;S:T778T;S:D796Y,59,266,0.2218045112781954,110,BA.5.2.1:2;BA.2.18:1;BA.2:30;BA.2.9:15;BA.5.1.3:14;BA.1.1.18:3;XBB.2:5;BA.5.1.17:3;BA.1.1:15;BA.2.10:2;BA.2.12.1:2;BF.28:2;BA.5:1;BA.1:3;BA.5.2:1;BF.7:3;XBB.1:1;BE.1.1:3;BA.2.9.3:1;BA.2.16:1;BQ.1.12:1;BA.1.15:1
1082026,BA.2_0.005_abundance_0.15,A24424T;T24469A;A24495C,S:Q954H;S:N969K;S:N978T,16,19,0.8421052631578947,7,BA.5.2.8:1;BA.1.15:3;BA.2.9:1;BA.2.3:1;BA.2:1
1082026,BA.2_0.005_abundance_0.15,T24469A;A24495C,S:N969K;S:N978T,65,106,0.6132075471698113,7,BA.5.2.8:1;BA.1.15:3;BA.2.9:1;BA.2.3:1;BA.2:1
1082026,BA.2_0.005_abundance_0.15,A24775G;C25000T,S:Q1071Q;S:D1146D,162,1495,0.1083612040133779,332,BA.2:31;BA.5:16;BA.1.15:3;BE.2:1;BA.5.2.21:2;BF.10:110;BA.5.2.1:8;BA.5.1:8;BQ.1.1.24:3;BA.1.1:4;BA.1:4;BA.5.6:13;BA.2.75:4;BA.5.1.23:14;BA.2.9:3;BA.5.2:5;B.1.617.2:1;BA.1.1.18:7;BQ.1.1:7;BA.5.3.4:2;BA.1.17.2:8;BQ.1.1.18:1;BA.2.28:1;BA.5.1.10:2;BF.7:1;BE.1.1:2;BA.5.2.28:14;BA.1.1.16:13;CK.3:25;BA.5.1.12:2;BA.1.15.1:1;BA.1.1.1:5;BA.4.1:3;BN.1.3.1:1;BA.2.12.1:2;BA.2.3:2;BF.16:2;BF.7.5.1:1
1082026,BA.2_0.005_abundance_0.15,A24775G;C25000T;T25028A,S:Q1071Q;S:D1146D;S:F1156I,89,1259,0.0706910246227164,0,
1082026,BA.2_0.005_abundance_0.15,C25000T;T25028A,S:D1146D;S:F1156I,471,1260,0.3738095238095238,2,BA.2.12.1:1;BA.1.1:1
1082026,BA.2_0.005_abundance_0.15,T25028A;C25132A,S:F1156I;S:A1190A,5,159,0.0314465408805031,0,
1082026,BA.2_0.005_abundance_0.15,A25439C;C25584T,ORF3a:K16T;ORF3a:T64T,123,997,0.1233701103309929,89,BA.2.75:3;BA.2:28;BA.5.2.1:7;BA.5.2:12;BA.1.1:10;AY.126:10;BA.1:4;BA.2.9:1;BA.5.2.34:1;BA.1.1.18:2;BA.2.6:1;CH.1.1:1;BA.5.1:1;BA.1.15.1:1;BA.1.17.2:1;BA.1.1.1:2;BF.7:2;BN.1.5:1;BF.21:1
1082026,BA.2_0.005_abundance_0.15,A27259C;A27293T;G27382C;A27383T;T27384C;C27429G,ORF6:R20R;ORF6:Y31F;ORF6:D61H;ORF6:D61V;ORF6:D61D;ORF7a:L12L,277,2357,0.1175222740772168,0,
1082026,BA.2_0.005_abundance_0.15,A27259C;G27382C;A27383T;T27384C;C27429G,ORF6:R20R;ORF6:D61H;ORF6:D61V;ORF6:D61D;ORF7a:L12L,671,2357,0.2846839202375901,3,BA.2.9.3:3
1082026,BA.2_0.005_abundance_0.15,A27259C;A27293T;G27382C;A27383T;T27384C,ORF6:R20R;ORF6:Y31F;ORF6:D61H;ORF6:D61V;ORF6:D61D,391,2357,0.1658888417479847,24,BA.2:16;BA.2.75:6;BA.2.14:1;BA.4.6:1
1082026,BA.2_0.005_abundance_0.15,A27259C;A27293T,ORF6:R20R;ORF6:Y31F,39,2532,0.0154028436018957,30,BA.2:17;BA.2.75:6;BA.1.1:1;BA.1:3;BA.2.14:1;BA.1.15:1;BA.4.6:1
1082026,BA.2_0.005_abundance_0.15,T28244C;C28311T,ORF8:V117V;N:P13L,61,2649,0.0230275575688939,216,BA.2.75:1;BA.2.12.1:15;BA.2.13:1;BA.1.1:14;BA.5.2.1:13;BA.2:8;BA.5.5:2;BA.2.9:3;BA.1.15:5;BA.5.2:3;BA.1.17.2:122;BA.5.1:5;BA.1:3;BQ.1.10:1;BF.26:2;BA.2.3:1;BA.5:1;BA.1.1.2:3;BE.3:1;BA.4:1;BA.5.6:1;BA.1.14:1;BA.1.16:1;BF.18:1;BA.4.1:2;BF.5:2;BA.1.15.1:1;BW.1:1;BA.2.65:1
1152026,BA.2_0.005_abundance_0.15,T670G;C853G,ORF1a:S135R;ORF1a:Y196*,10,337,0.029673590504451,0,
1152026,BA.2_0.005_abundance_0.15,C2880G;C3037T,ORF1a:A872G;ORF1a:F924F,170,352,0.4829545454545454,1,AY.126:1
1152026,BA.2_0.005_abundance_0.15,C2880G;C3037T;A3061T,ORF1a:A872G;ORF1a:F924F;ORF1a:E932D,6,352,0.0170454545454545,0,
1152026,BA.2_0.005_abundance_0.15,C2880G;C3037T;A3064T,ORF1a:A872G;ORF1a:F924F;ORF1a:E933D,7,352,0.0198863636363636,0,
1152026,BA.2_0.005_abundance_0.15,C3037T;A3061T,ORF1a:F924F;ORF1a:E932D,15,352,0.0426136363636363,39,B.1.1.7:11;P.1:5;B.1.2:1;BQ.1.1:3;BA.2:2;BA.1.1.2:4;BQ.1.8.2:1;BE.1.1:1;B.1.177:1;C.37:1;AY.122:2;AY.4:4;BA.5.2:2;AY.3:1
1152026,BA.2_0.005_abundance_0.15,C3037T;A3064T,ORF1a:F924F;ORF1a:E933D,5,352,0.0142045454545454,37,BA.2.75:9;BA.2.56:1;BA.5.5:1;B.1.617.2:2;BA.1.13:1;AY.122:2;BA.1.1:8;B.1.1.7:1;BA.4.6:1;BE.1:1;AY.26:1;AY.23:3;B.1.517:2;BN.1.3:1;K.3:1;AY.25.1:1;AY.125:1
1152026,BA.2_0.005_abundance_0.15,A3887G;T4031A,ORF1a:K1208E;ORF1a:Y1256N,70,809,0.0865265760197775,0,
1152026,BA.2_0.005_abundance_0.15,A4606T;G4631T,ORF1a:T1447T;ORF1a:G1456C,14,298,0.046979865771812,0,
1152026,BA.2_0.005_abundance_0.15,C7072A;T7341G,ORF1a:G2269G;ORF1a:I2359S,10,360,0.0277777777777777,0,
1152026,BA.2_0.005_abundance_0.15,A7188G;T7341G,ORF1a:Q2308R;ORF1a:I2359S,9,862,0.0104408352668213,0,
1152026,BA.2_0.005_abundance_0.15,T7341G;G7553T,ORF1a:I2359S;ORF1a:V2430F,7,110,0.0636363636363636,0,
1152026,BA.2_0.005_abundance_0.15,G10424C;G10447A;C10449A,ORF1a:G3387R;ORF1a:R3394R;ORF1a:P3395H,41,1302,0.0314900153609831,0,
1152026,BA.2_0.005_abundance_0.15,G10424C;G10447A;C10449A;G10511T,ORF1a:G3387R;ORF1a:R3394R;ORF1a:P3395H;ORF1a:D3416Y,45,1302,0.0345622119815668,0,
1152026,BA.2_0.005_abundance_0.15,G10447A;C10449A;G10511T,ORF1a:R3394R;ORF1a:P3395H;ORF1a:D3416Y,462,1302,0.3548387096774194,2,BA.2:1;BA.2.10:1
1152026,BA.2_0.005_abundance_0.15,G10447A;C10449A;T10531G,ORF1a:R3394R;ORF1a:P3395H;ORF1a:F3422L,28,1302,0.021505376344086,3,BA.5.5:2;BA.2.12.1:1
1152026,BA.2_0.005_abundance_0.15,G10447A;C10449A;G10511T;T10531G,ORF1a:R3394R;ORF1a:P3395H;ORF1a:D3416Y;ORF1a:F3422L,22,1302,0.0168970814132104,0,
1152026,BA.2_0.005_abundance_0.15,G11243T;G11354A,ORF1a:V3660L;ORF1a:A3697T,215,1859,0.1156535771920387,0,
1152026,BA.2_0.005_abundance_0.15,G12311C;A12335C,ORF1a:A4016P;ORF1a:K4024Q,21,1749,0.0120068610634648,0,
1152026,BA.2_0.005_abundance_0.15,A12791G;C12880T,ORF1a:K4176E;ORF1a:I4205I,85,1273,0.0667714061272584,1,BA.2.1:1
1152026,BA.2_0.005_abundance_0.15,A14329G;T14343C;C14408T,ORF1b:N288D;ORF1b:C292C;ORF1b:P314L,45,738,0.0609756097560975,0,
1152026,BA.2_0.005_abundance_0.15,A14329G;C14408T;G14515T,ORF1b:N288D;ORF1b:P314L;ORF1b:V350L,17,681,0.0249632892804698,0,
1152026,BA.2_0.005_abundance_0.15,A14329G;T14343C;C14408T;G14515T,ORF1b:N288D;ORF1b:C292C;ORF1b:P314L;ORF1b:V350L,15,681,0.0220264317180616,0,
1152026,BA.2_0.005_abundance_0.15,A14329G;C14408T,ORF1b:N288D;ORF1b:P314L,84,738,0.1138211382113821,8,R.1:3;BA.5.1.23:1;BA.1:2;AY.3:1;B.1.1.7:1
1152026,BA.2_0.005_abundance_0.15,A14329G;C14408T;A14519G,ORF1b:N288D;ORF1b:P314L;ORF1b:N351S,8,681,0.0117474302496328,0,
1152026,BA.2_0.005_abundance_0.15,A14329G;C14408T;T14530G,ORF1b:N288D;ORF1b:P314L;ORF1b:S355A,9,678,0.0132743362831858,0,
1152026,BA.2_0.005_abundance_0.15,T14343C;C14408T,ORF1b:C292C;ORF1b:P314L,141,738,0.1910569105691057,3812,BF.21:25;AY.29:2;BA.5.5:20;AY.122:3040;BA.5.2.22:275;AY.4:15;AY.44:7;BA.5.1:29;BA.5.2:4;BA.2.3:22;B.1.1.7:42;BA.2:20;AY.54:94;B.1.238:1;BA.5.2.20:1;B.1.609:2;AY.7:1;AY.25:8;B.1.1.63:1;AY.122.1:1;AY.103:54;BA.5.2.1:3;BA.1.15.1:1;AY.9.2:5;BA.4.6:2;BE.9:4;BA.1.1.4:3;AY.25.1:1;B.1.617.2:5;BA.1.1:15;BA.1.17.2:2;AY.98:6;BQ.1.1:1;AY.4.7:1;BA.5.6:6;BE.1:4;AY.39.1.4:4;BA.1.15:5;BA.2.49:12;BA.2.9:1;M.1:3;BA.2.1:1;B.1.1:3;AY.111:1;BA.2.73:5;BA.2.12.2:1;BA.1.1.1:2;B.1.1.70:1;AY.127:1;B.1.621:2;AY.39:1;BA.2.76:1;DL.1:2;AY.4.2:1;AY.126:9;AY.100:4;AY.29.2:1;BA.1.1.15:9;AY.43:2;BA.2.29:1;AY.13:3;BA.2.12.1:1;BE.1.1:1;B.1.234:1;P.1:1;B.1:3;AY.9:1;BE.5:3;B.1.351.2:1;BA.1.18:1
1152026,BA.2_0.005_abundance_0.15,T14343C;C14408T;T14530G,ORF1b:C292C;ORF1b:P314L;ORF1b:S355A,14,678,0.0206489675516224,0,
1152026,BA.2_0.005_abundance_0.15,T14343C;C14408T;G14515T,ORF1b:C292C;ORF1b:P314L;ORF1b:V350L,33,681,0.0484581497797356,0,
1152026,BA.2_0.005_abundance_0.15,C14408T;T14530G,ORF1b:P314L;ORF1b:S355A,28,678,0.0412979351032448,49,BA.5.6:2;AY.100:2;BA.1.15:1;B.1.1.7:3;AY.122:6;BA.5.2.20:1;BA.5.1:3;AY.3:1;B.1.2:3;B.1.177:1;BA.2:1;B.1.177.41:3;BA.5.2.9:3;AY.43:1;BA.2.3:2;BA.2.62:1;B.1.466.2:1;BA.2.12.1:1;B.1:1;AY.4:1;AY.120:3;BA.2.10.1:1;B.1.1:4;BA.1.1:1;BA.5.2.1:2
1152026,BA.2_0.005_abundance_0.15,C14408T;G14515T,ORF1b:P314L;ORF1b:V350L,48,681,0.0704845814977973,29,B.1.177:6;BA.2.12.1:1;AY.4:4;B.1.1.317:5;AY.25.1:1;B.1.1.7:2;AY.26:1;AY.4.2.3:1;B.1:1;B.1.1:1;BA.2:1;AY.9.2:2;AY.106:2;AY.46.4:1
1152026,BA.2_0.005_abundance_0.15,C14408T;A14519G,ORF1b:P314L;ORF1b:N351S,14,681,0.0205580029368575,29,AY.122:8;BA.1.15:2;AY.44:4;BE.1.1:1;BA.5.7:1;BA.2:3;AY.4.11:1;B.1.160:1;AY.122.1:2;B.1.526:1;BA.5.2:2;B.1.1.7:2;BA.1.1:1
1152026,BA.2_0.005_abundance_0.15,C14408T;G14515T;T14530G,ORF1b:P314L;ORF1b:V350L;ORF1b:S355A,10,678,0.0147492625368731,0,
1152026,BA.2_0.005_abundance_0.15,C15714T;C15853T,ORF1b:L749L;ORF1b:L796F,23,338,0.0680473372781065,40,BF.7:8;BA.5.1:8;BA.5.2.1:5;BF.5:1;XW:1;BA.5.2.7:1;BA.5.1.12:3;BA.5:1;BA.5.2.9:2;BA.5.5:1;BA.4.6:1;BA.5.2:1;BA.2:2;BF.31:1;BA.4.1:2;BW.1:1;BA.2.13:1
1152026,BA.2_0.005_abundance_0.15,C17134G;A17337T;C17410T,ORF1b:P1223A;ORF1b:T1290T;ORF1b:R1315C,596,2995,0.1989983305509182,0,
1152026,BA.2_0.005_abundance_0.15,C17134G;A17337T,ORF1b:P1223A;ORF1b:T1290T,346,4656,0.0743127147766323,0,
1152026,BA.2_0.005_abundance_0.15,C17134G;C17410T,ORF1b:P1223A;ORF1b:R1315C,462,2995,0.1542570951585976,3,BA.2.9:3
1152026,BA.2_0.005_abundance_0.15,C17134G;T17303A;A17337T;C17410T,ORF1b:P1223A;ORF1b:V1279D;ORF1b:T1290T;ORF1b:R1315C,152,2995,0.0507512520868113,0,
1152026,BA.2_0.005_abundance_0.15,C17134G;T17303A;A17337T,ORF1b:P1223A;ORF1b:V1279D;ORF1b:T1290T,89,4656,0.019115120274914,0,
1152026,BA.2_0.005_abundance_0.15,C17134G;T17303A;C17410T,ORF1b:P1223A;ORF1b:V1279D;ORF1b:R1315C,110,2995,0.0367278797996661,0,
1152026,BA.2_0.005_abundance_0.15,C17134G;T17303A,ORF1b:P1223A;ORF1b:V1279D,91,4983,0.0182620911097732,0,
1152026,BA.2_0.005_abundance_0.15,T17303A;A17337T;C17410T,ORF1b:V1279D;ORF1b:T1290T;ORF1b:R1315C,182,3000,0.0606666666666666,0,
1152026,BA.2_0.005_abundance_0.15,T17303A;C17410T,ORF1b:V1279D;ORF1b:R1315C,133,3000,0.0443333333333333,1,BA.5.2.1:1
1152026,BA.2_0.005_abundance_0.15,T17303A;A17337T,ORF1b:V1279D;ORF1b:T1290T,117,4661,0.0251019094614889,0,
1152026,BA.2_0.005_abundance_0.15,A17337T;C17410T,ORF1b:T1290T;ORF1b:R1315C,749,3002,0.2495003331112591,2,BA.5.1.5:1;BA.5.1.30:1
1152026,BA.2_0.005_abundance_0.15,C17410T;A17503G,ORF1b:R1315C;ORF1b:N1346D,5,90,0.0555555555555555,0,
1152026,BA.2_0.005_abundance_0.15,T18087C;A18163G,ORF1b:T1540T;ORF1b:I1566V,547,1989,0.2750125691302162,408,BA.1.13.1:3;BQ.1.1.5:1;BT.2:16;BA.2.12.1:201;BA.5.2:2;BA.5.1:37;BF.31:2;BA.4.6:1;BA.1.1:23;BA.5.2.1:9;BA.2.24:20;BA.2:41;BA.2.9:2;BF.5:4;BE.1.1:1;BA.1.15:1;BA.1.17:1;BA.1:3;BA.1.17.2:4;BA.5:1;BA.5.1.23:1;BA.5.2.24:1;BQ.1.14:6;BA.1.18:1;BA.1.1.15:1;BA.5.9:4;BA.1.15.1:3;BA.5.1.3:1;BF.7.4:4;BA.1.1.1:1;BA.4.1:3;BA.1.1.18:1;BA.1.1.13:3;BA.5.2.6:1;BQ.1.1.4:2;BA.2.3:2
1152026,BA.2_0.005_abundance_0.15,C18361G;G18546C,ORF1b:Q1632E;ORF1b:M1693I,46,776,0.0592783505154639,0,
1152026,BA.2_0.005_abundance_0.15,C19952G;A20055G,ORF1b:P2162R;ORF1b:E2196E,6,33,0.1818181818181818,0,
1152026,BA.2_0.005_abundance_0.15,T20619G;T20765C,ORF1b:C2384W;ORF1b:L2433S,44,824,0.0533980582524271,0,
1152026,BA.2_0.005_abundance_0.15,C21871T;G21987A,S:G103G;S:G142D,51,501,0.1017964071856287,478,AY.34.2:15;AY.98:6;AY.127:5;AY.6:2;BA.5.5:2;BA.5.1:15;AY.4:25;BA.5.2.1:14;BQ.1.12:1;AY.20:66;AY.122:111;BE.1.1:1;AY.43:6;B.1.617.2:1;BA.2:84;AY.121:4;BA.2.9:14;BF.5:1;BQ.1.1.17:1;BA.5.2.13:1;BA.2.3:25;AY.103:9;AY.85:2;BA.2.1:2;BA.5.1.23:1;AY.47:1;BA.1.1:1;BA.5.2:26;AY.39.1.2:1;XBB.2:2;BF.7:3;AY.25.1:3;AY.113:3;BA.2.29:1;AY.25:2;BF.21:1;BE.1.1.1:1;AY.9.2:1;BF.14:1;AY.100:3;BA.5.3.1:1;AY.29:1;B.1:1;AY.26:1;AY.54:1;BA.5.9:1;AY.3:1;BF.28:1;BA.5.1.5:4;BQ.1.1:1;AY.4.2.1:1
1152026,BA.2_0.005_abundance_0.15,T21889A;G21987A,S:T109T;S:G142D,11,501,0.0219560878243512,22,BA.1.1:2;BA.2.10:8;BA.2:2;BA.1:5;BA.1.15:1;BA.1.1.7:1;AY.127:1;BA.5.2:1;BA.1.21.1:1
1152026,BA.2_0.005_abundance_0.15,T22645G;C22674T;T22679C;C22686T;A22688G;A22786C;G22813T,S:C361W;S:S371F;S:S373P;S:S375F;S:T376A;S:R408S;S:K417N,27,559,0.0483005366726296,0,
1152026,BA.2_0.005_abundance_0.15,T22990G;G22992A;C22995A;A23013C;A23040G;A23063T,S:G476G;S:S477N;S:T478K;S:E484A;S:Q493R;S:N501Y,12,53,0.2264150943396226,1,BA.2.12.1:1
1152026,BA.2_0.005_abundance_0.15,G22992A;C22995A;A23013C;G23025T;A23040G;A23063T,S:S477N;S:T478K;S:E484A;S:C488F;S:Q493R;S:N501Y,10,53,0.1886792452830188,1,BA.1.1:1
1152026,BA.2_0.005_abundance_0.15,T23346C;A23403G,S:V595A;S:D614G,230,876,0.2625570776255708,9,BA.2.23:1;P.1.14:6;AY.44:1;AY.43:1
1152026,BA.2_0.005_abundance_0.15,A25503T;C25584T,ORF3a:I37I;ORF3a:T64T,165,855,0.1929824561403508,49,XBB.1:4;BF.5:3;BA.1.1:3;BA.5.1:6;BA.2:8;BA.1.1.18:1;BA.2.3:2;BA.1.1.2:3;BE.1.2:2;BA.1.1.14:1;BA.2.12.1:5;AY.25.1:1;BA.1.18:4;BA.5.2:2;B.1.1.7:1;BA.4.6.5:1;BA.1.15:1;BE.1.1:1
1152026,BA.2_0.005_abundance_0.15,C26577G;G26709A;T26722G;C26858T,M:Q19E;M:A63T;M:L67R;M:F112F,294,2870,0.1024390243902439,0,
1152026,BA.2_0.005_abundance_0.15,C26577G;G26709A;T26722G,M:Q19E;M:A63T;M:L67R,48,3264,0.0147058823529411,3,BE.1.1:2;BA.5.2.20:1
1152026,BA.2_0.005_abundance_0.15,A27239G;A27383T;A27417G,ORF6:E13G;ORF6:D61V;ORF7a:A8A,13,688,0.0188953488372093,0,
1152026,BA.2_0.005_abundance_0.15,A27239G;A27383T,ORF6:E13G;ORF6:D61V,7,688,0.0101744186046511,20,BA.2.9:8;BA.4:2;BA.2:5;BA.2.12.1:5
1152026,BA.2_0.005_abundance_0.15,A27383T;A27417G,ORF6:D61V;ORF7a:A8A,228,688,0.3313953488372093,30,BA.4.1:1;BA.2.3.20:2;BA.2:17;BA.4.7:5;BA.2.12.1:3;BA.2.38:1;BA.4.1.1:1
1152026,BA.2_0.005_abundance_0.15,A27383T;A27394T;A27417G,ORF6:D61V;ORF7a:MX;ORF7a:A8A,10,688,0.0145348837209302,0,
1152026,BA.2_0.005_abundance_0.15,A27383T;A27394T,ORF6:D61V;ORF7a:MX,25,688,0.0363372093023255,2,BA.2.3.20:1;BA.2:1
1152026,BA.2_0.005_abundance_0.15,T27984A;C27999A,ORF8:Y31N;ORF8:P36T,32,727,0.0440165061898211,0,
1222026,BA.2_0.005_abundance_0.15,T670G;G677A,ORF1a:S135R;ORF1a:A138T,289,3200,0.0903125,1351,BA.4.1:33;BA.5:10;BF.5:48;BA.5.2:103;BA.4.6:14;BA.2.64:1;BA.5.1.22:12;BE.1.4:10;BF.7.4.1:15;BA.2.9:23;BA.5.1:345;BA.4:51;BA.2.12.1:30;BA.4.6.4:1;BA.5.2.20:4;BA.2.10:29;BA.2.38:3;BQ.1.1:19;BF.14:8;BA.5.2.1:83;BQ.1.1.18:8;BA.5.2.34:6;BF.7:8;BA.5.2.12:1;BF.1:5;BA.2.75:28;BA.2.70:13;BA.4.8:1;BA.2.41:1;BE.1.4.1:1;BA.5.1.10:1;BA.5.3.1:2;BA.2.3.18:1;BG.5:1;BE.1.1:11;BA.5.8:1;BA.2.24:63;BA.5.6:9;BA.2.3.14:2;BA.2:207;BA.2.36:2;BA.5.5:13;BQ.1.3:1;BA.2.65:4;BA.5.2.29:1;BA.2.3:11;BA.5.3:3;BA.5.7:1;BQ.1.9:1;BA.5.1.12:2;BA.5.1.23:2;XBB.1:1;BL.1.4:1;BF.4:1;BE.1:8;BF.28:5;BA.2.1:5;BA.5.1.24:2;BE.3:2;BF.31:1;BF.26:4;BQ.1.1.5:1;BA.5.2.6:4;BA.5.2.13:2;BA.2.13:4;BQ.1.23:5;BF.6:11;BA.4.2:1;BQ.1.12:1;BA.4.1.1:4;BA.5.2.35:1;BQ.1.15:1;XBB.2:1;BA.2.8:1;BQ.1.5:1;BE.5:5;BA.2.16:1;BE.7:1;BN.1.3:1;BM.2:1;BA.5.2.9:1;BN.1.8:1;BQ.1.1.1:1;BF.13:1;BF.10:1;BL.1:1;BF.27:2;BA.5.2.36:1;BA.2.29:1;BF.21:2;BQ.1.11:2;BA.5.2.33:7
1222026,BA.2_0.005_abundance_0.15,T670G;G922T,ORF1a:S135R;ORF1a:L219L,18,622,0.0289389067524115,465,BA.2:136;BA.5.2:29;BA.2.10:4;BA.2.12.1:29;BA.5.2.20:2;BA.5.1:36;BA.5.2.3:2;BA.5.2.1:13;BA.2.3:129;BF.5:4;BE.1:2;BA.2.9:15;BA.5.1.3:3;BA.2.64:1;BA.5.2.21:1;BA.2.75:1;BF.7.5:2;BA.5.1.22:2;BQ.1.10:2;BA.5:4;BA.5.6:3;BA.5.2.28:2;BQ.1.1:3;BA.5.1.1:2;BA.2.37:1;BQ.1.14:1;BA.2.2:1;BA.5.2.34:1;BA.2.12:1;BF.10:1;BF.11:5;BT.1:6;BA.2.36:1;BA.2.56:1;BQ.1.23:2;BQ.1.3:1;BW.1:1;BQ.1.1.4:1;BA.2.18:1;BA.4:1;BA.5.5:5;BA.2.75.1:1;BA.5.3.5:1;BA.5.2.19:1;BA.4.6:2;BA.5.2.35:1;BA.5.1.12:1
1222026,BA.2_0.005_abundance_0.15,T670G;T712A,ORF1a:S135R;ORF1a:L149L,14,672,0.0208333333333333,227,BA.5.2:94;BA.2.12.1:1;BA.5.1:3;BA.2:16;BF.7:13;BA.2.3:54;BA.5.2.1:27;BA.2.3.13:1;BA.2.3.17:1;BA.2.9:2;BA.2.65:1;BA.2.18:1;BA.2.10:2;BF.28:2;CK.1:1;BA.2.6:2;BF.18:1;BA.2.3.12:1;BE.1.1:1;BQ.1.1:1;BA.4.1.6:1;BA.5:1
1222026,BA.2_0.005_abundance_0.15,T1993C;A2071G,ORF1a:Y576Y;ORF1a:T602T,49,220,0.2227272727272727,0,
1222026,BA.2_0.005_abundance_0.15,A3021T;C3037T,ORF1a:H919L;ORF1a:F924F,23,579,0.0397236614853195,478,BA.5.2.1:3;AY.4:345;B.1.617.2:3;B.1.1.519:113;AY.116.1:2;BA.2.9:2;B.1:1;AY.4.6:2;BE.1.1:4;AY.44:1;BA.5.1.23:1;B.1.351:1
1222026,BA.2_0.005_abundance_0.15,A15091C;A15145T,ORF1b:K542Q;ORF1b:R560*,57,427,0.1334894613583138,0,
1222026,BA.2_0.005_abundance_0.15,T15707C;C15714T,ORF1b:M747T;ORF1b:L749L,1102,3438,0.3205351948807446,5,BA.5.2.20:2;BM.1.1.3:1;BA.2.75:2
1222026,BA.2_0.005_abundance_0.15,A16819G;T17052G,ORF1b:I1118V;ORF1b:V1195V,17,585,0.029059829059829,0,
1222026,BA.2_0.005_abundance_0.15,A17384T;C17410T,ORF1b:D1306V;ORF1b:R1315C,303,4401,0.0688479890933878,2,BA.2:2
1222026,BA.2_0.005_abundance_0.15,C17410T;G17561C,ORF1b:R1315C;ORF1b:R1365P,28,109,0.2568807339449541,0,
1222026,BA.2_0.005_abundance_0.15,C18053A;A18163G,ORF1b:T1529K;ORF1b:I1566V,28,901,0.0310765815760266,0,
1222026,BA.2_0.005_abundance_0.15,G18105T;A18163G,ORF1b:Q1546H;ORF1b:I1566V,251,901,0.2785793562708102,2187,BQ.1:6;BA.5:11;BA.5.2.14:13;BF.8:1;BA.2.12:3;BA.5.2.20:14;BA.4.7:228;BA.5.2.28:35;BA.5.2:126;BA.5.2.26:16;BA.5.1.17:14;BA.5.3.1:2;BA.5.2.22:1;BA.2.74:1;BA.5.5:7;BA.2.1:6;BA.4.1.8:19;BF.27:1;BF.7.3:2;BA.2.9:60;BA.5.1:88;BA.2.3:31;BA.2:376;BA.2.12.1:189;BA.1:55;BA.5.2.6:8;BA.1.1:160;BA.5.2.21:10;BA.4:23;BA.5.2.1:57;BF.7:4;BA.2.44:2;BF.7.6:3;BA.1.15.1:20;BA.1.1.18:5;BA.5.1.2:3;BA.1.1.2:19;BE.1.1.2:19;BA.5.1.1:3;BA.5.2.9:20;BA.2.54:21;XE:8;BA.4.6:4;BA.2.76:1;BE.1.4:21;BA.2.3.1:2;BA.2.75:26;BF.10:22;BE.1.1:122;BA.1.20:22;XBB.2:2;BA.1.15:21;BA.5.2.44:24;BA.1.17.2:22;BA.5.6:10;BA.2.24:4;BA.2.49:3;BA.1.1.1:7;BQ.1.1:24;BA.1.17:9;BA.4.1:19;BA.1.1.13:5;BA.1.16:2;BA.2.3.17:6;BE.3:3;BQ.1.15:2;BA.2.38:5;BE.1.1.1:1;BF.1:1;XBB.1.5:3;BQ.1.1.18:1;BA.5.1.23:2;BA.1.12:1;BA.5.1.25:2;BA.5.2.12:4;BF.4:1;BF.7.5:3;BA.1.18:3;XAZ:1;BA.2.32:1;BA.5.2.2:2;BQ.1.14:2;BA.2.10:9;BF.28:3;BA.2.18:1;BA.5.1.10:1;BA.2.9.5:5;BC.1:1;BA.4.1.5:2;BA.1.21:1;BN.1.2:3;BF.5:7;BF.26:1;CR.1:1;BE.1.4.2:1;BA.4.5:2;BA.5.9:1;BA.2.20:1;BA.5.1.22:1;CH.1.1:3;BA.5.1.8:1;BA.5.1.24:1;BA.2.66:1;BQ.1.23:2;BA.5.3.2:1;BA.2.2:2;BA.5.2.3:2;CM.2:1;BQ.1.8:1;BA.1.1.7:1;BQ.1.5:1;BA.2.22:1;BA.4.2:1;BA.5.2.35:4;BA.5.1.28:1;BA.2.38.2:2;BA.2.36:1;BQ.1.18:1;XBB.1:1;BA.2.42:1;BA.2.13:1;BF.21:1;BA.2.8:1;BA.2.9.3:1;BA.2.3.2:1;BA.2.9.4:2;BQ.1.1.3:1;DL.1:1;BA.4.4:1
1222026,BA.2_0.005_abundance_0.15,T20653A;A20713C,ORF1b:L2396I;ORF1b:R2416R,8,478,0.0167364016736401,0,
1222026,BA.2_0.005_abundance_0.15,T21695C;G21987A,S:S45P;S:G142D,56,669,0.0837070254110612,22,AY.4:6;AY.103:2;BA.2:3;BA.5.2.3:1;BA.5.2:3;BA.5.2.26:1;BA.5.1:2;AY.98.1:1;BA.2.3:1;AY.4.2:1;BE.1.1:1
1222026,BA.2_0.005_abundance_0.15,T22200G;A22243T,S:V213G;S:V227V,97,579,0.1675302245250431,206,BA.2:3;BA.5.6:1;BA.2.3:191;BA.5.1:1;BA.2.9:5;BA.1:1;BA.2.3.13:2;BQ.1.1:1;BF.7:1
1222026,BA.2_0.005_abundance_0.15,G22578A;A22671G;C22674T;T22679C;C22686T;A22688G;A22786C;G22813T,S:G339D;S:N370S;S:S371F;S:S373P;S:S375F;S:T376A;S:R408S;S:K417N,155,351,0.4415954415954416,20,BA.5.2.44:1;BQ.1.12:1;BA.2.13:1;BE.1.1:3;BA.2:1;BA.2.9:2;BA.5.1:2;BA.5.2:5;BQ.1.1.13:1;XBB.1:1;BA.5.1.23:1;BF.5:1
1222026,BA.2_0.005_abundance_0.15,G22578A;T22657A;A22671G;C22674T;T22679C;C22686T;A22688G;A22786C;G22813T,S:G339D;S:Y365*;S:N370S;S:S371F;S:S373P;S:S375F;S:T376A;S:R408S;S:K417N,51,351,0.1452991452991453,0,
1222026,BA.2_0.005_abundance_0.15,G22578A;A22671G;C22674T;T22679C;C22686T;A22688G,S:G339D;S:N370S;S:S371F;S:S373P;S:S375F;S:T376A,13,376,0.0345744680851063,21,BA.5.2.44:1;BQ.1.12:1;BA.2.13:1;BE.1.1:3;BA.2:1;BA.2.9:2;BA.5.1:2;BA.5.2:5;BQ.1.1.13:1;XBB.1:1;BA.5.1.23:1;BF.5:1;BA.4:1
1222026,BA.2_0.005_abundance_0.15,G22578A;T22657A;C22674T;T22679C;C22686T;A22688G;A22786C;G22813T,S:G339D;S:Y365*;S:S371F;S:S373P;S:S375F;S:T376A;S:R408S;S:K417N,34,351,0.0968660968660968,1,BA.2:1
1222026,BA.2_0.005_abundance_0.15,C23854A;G23948T;A23999T,S:N764K;S:D796Y;S:S813C,72,626,0.1150159744408945,18,BA.1.10:1;BA.2:15;BA.1.1:1;BA.2.75:1
1222026,BA.2_0.005_abundance_0.15,C23854A;G23948T;G24006A,S:N764K;S:D796Y;S:R815K,33,626,0.0527156549520766,57,BA.1.17.2:2;BA.5.2.1:16;BA.2.9.3:2;BA.2.9:3;BA.2.3:2;BA.2:14;BA.5.1:2;BF.5:2;BF.26:1;BA.5.2:3;XBB.2:2;BA.5.2.20:1;BQ.1.1.13:1;BA.2.12.1:2;BQ.1.23:1;BA.1:1;BQ.1.1:1;BF.1:1
1222026,BA.2_0.005_abundance_0.15,C23854A;G23948T;C24061T,S:N764K;S:D796Y;S:F833F,80,580,0.1379310344827586,278,BF.5:1;BA.4.1.1:3;BA.2.10:4;BA.2.12.1:41;BA.1.15:9;BA.5.3.1:2;BA.1.1:69;BA.5.2.1:12;BA.2:35;BA.1:12;BA.1.1.1:2;BA.2.3:1;BA.2.31:3;CP.2:1;BA.2.3.20:3;BA.5.2:40;CM.3:1;XBB.1.5:4;BA.1.17.2:2;BA.1.14.2:10;BA.1.21:1;BA.1.1.18:2;BQ.1.1.7:1;BA.2.3.12:1;BA.5.2.12:3;BA.1.1.11:1;BA.5.5:1;BA.5.2.21:1;XAE:1;BA.1.17:2;BA.5.1:1;BA.5.1.24:2;BA.2.54:1;BA.2.75:1;BA.2.9:1;BQ.1.1.5:2;BA.5.2.6:1
1222026,BA.2_0.005_abundance_0.15,C23854A;G23948T;T23950C;C24061T,S:N764K;S:D796Y;S:D796D;S:F833F,8,580,0.0137931034482758,0,
1222026,BA.2_0.005_abundance_0.15,C23854A;G23948T;T24059C;C24061T,S:N764K;S:D796Y;S:F833L;S:F833F,6,580,0.0103448275862068,0,
1222026,BA.2_0.005_abundance_0.15,C23854A;G23948T;T24059C,S:N764K;S:D796Y;S:F833L,21,580,0.0362068965517241,9,BA.2.10.1:1;BA.2:1;BA.2.12.1:1;BQ.1.1.17:1;BA.2.3:1;BA.2.3.11:1;BA.1:2;BA.5.1.24:1
1222026,BA.2_0.005_abundance_0.15,C23854A;G23948T;A23999T;C24061T,S:N764K;S:D796Y;S:S813C;S:F833F,13,580,0.0224137931034482,0,
1222026,BA.2_0.005_abundance_0.15,C23854A;G23948T;T23950C,S:N764K;S:D796Y;S:D796D,29,626,0.0463258785942492,327,BA.2.40.1:46;BQ.1:1;BA.5.2.12:1;BA.5.2:24;BE.1:5;BA.5.1:7;BQ.1.12:2;BQ.1.23:1;BA.1.1:64;BA.5.2.1:68;BA.2.15:1;BA.2:39;BF.11:1;BA.2.9:6;BA.4:3;BA.1.15.1:7;BQ.1.1.7:11;BA.1:7;BA.1.15:1;BA.2.56:2;BN.1.2:1;BF.27:1;BA.2.75:1;BA.2.12.1:2;BA.1.17.2:14;BA.5.6:1;BE.1.1:1;BA.1.1.1:1;BA.2.10:1;BA.1.17:1;BA.1.1.2:1;BA.5:2;CM.2:1;BA.2.3.1:1;BA.5.2.6:1
1222026,BA.2_0.005_abundance_0.15,C23854A;G23948T;G24006A;C24061T,S:N764K;S:D796Y;S:R815K;S:F833F,6,580,0.0103448275862068,0,
1222026,BA.2_0.005_abundance_0.15,C23854A;A23928T;G23948T,S:N764K;S:Y789F;S:D796Y,13,626,0.0207667731629392,46,BA.2.23:24;BA.2.3:20;BA.2:2
1222026,BA.2_0.005_abundance_0.15,C23854A;G23948T;T23950C;A23999T,S:N764K;S:D796Y;S:D796D;S:S813C,11,626,0.0175718849840255,0,
1222026,BA.2_0.005_abundance_0.15,C24319T;A24424T,S:N919N;S:Q954H,46,133,0.3458646616541353,750,BA.5.2:30;BA.5.5:4;BA.2.9:47;BF.5:3;BA.2.3.1:6;BA.2:220;BF.10:106;BA.2.12.1:9;BA.1.1:107;BA.5.1.23:5;BA.5.1.5:3;BE.1:2;BA.5.2.1:12;BA.5.1:31;BA.1:20;BA.1.1.2:2;BE.2:1;BA.1.15:3;BA.4.6:8;BA.2.23.1:3;BA.2.3:13;BQ.1.11:1;BA.1.17.2:7;BA.5.5.1:2;BA.2.24:1;BA.2.65:6;BA.1.15.1:1;BF.7.4:2;BA.2.13:1;BA.1.1.1:13;BQ.1.1:2;BA.5.6:13;BA.1.1.13:1;BA.2.10:4;BA.2.75:6;BA.1.14.2:1;BA.5.2.20:4;BA.5.2.21:1;BF.7:4;BA.1.1.18:4;BA.5:3;BQ.1.8:6;BA.2.3.14:1;BF.8:1;BQ.1.26:1;BA.1.17:5;BA.5.2.27:3;BA.1.18:1;BA.4:2;BA.1.1.14:2;BA.5.1.3:1;BA.5.1.22:2;BA.1.1.4:1;BE.1.4:4;BA.5.2.26:1;B.1.1.529:1;BA.1.20:1;BA.5.2.9:1;BA.2.2:2;BA.5.1.21:1;BA.5.2.12:1
1222026,BA.2_0.005_abundance_0.15,C24319T;A24424T;A24425T,S:N919N;S:Q954H;S:N955Y,12,122,0.0983606557377049,0,
1222026,BA.2_0.005_abundance_0.15,A24424T;A24425T,S:Q954H;S:N955Y,17,275,0.0618181818181818,0,
1222026,BA.2_0.005_abundance_0.15,A24424T;A24425T;T24469A,S:Q954H;S:N955Y;S:N969K,22,153,0.1437908496732026,0,
1222026,BA.2_0.005_abundance_0.15,A24424T;A24425T;T24469A;G24558C,S:Q954H;S:N955Y;S:N969K;S:G999A,5,153,0.0326797385620915,0,
1222026,BA.2_0.005_abundance_0.15,A24424T;A24425T;T24469A;T24506G,S:Q954H;S:N955Y;S:N969K;S:S982A,9,153,0.0588235294117647,0,
1222026,BA.2_0.005_abundance_0.15,A24424T;T24469A;T24506G,S:Q954H;S:N969K;S:S982A,12,153,0.0784313725490196,182,BA.1.15:2;BA.5:9;BA.5.1:38;BA.5.2.28:1;BA.5.3.1:4;BA.1.1:2;BA.5.2.1:14;BF.5:4;BF.7.4:1;BA.1:18;BE.1.1.1:6;BA.5.2:18;BA.4:7;BQ.1.1.5:1;BA.2:24;BE.1:5;BA.5.2.27:1;BA.2.3:1;BA.2.12.1:3;BA.4.1.2:1;BA.5.1.22:1;BE.4:1;XAZ:1;BA.2.9:4;BA.5.9:1;XBB.1:1;BA.4.6:1;BF.8:1;BA.4.1:1;BF.7.5:1;BA.5.2.22:1;BF.14:1;BA.5.1.10:5;CK.2.1.1:1;BA.4.7:1
1222026,BA.2_0.005_abundance_0.15,A24424T;T24469A;G24558C,S:Q954H;S:N969K;S:G999A,7,153,0.0457516339869281,3,BA.1:1;BA.1.17.2:1;BA.5:1
1222026,BA.2_0.005_abundance_0.15,T24469A;T24506G,S:N969K;S:S982A,70,621,0.1127214170692431,184,BA.1.15:2;BA.5:9;BA.5.1:38;BA.5.2.28:1;BA.5.3.1:4;BA.1.1:2;BA.5.2.1:14;BF.5:4;BF.7.4:1;BA.1:19;BE.1.1.1:6;BA.5.2:18;BA.4:7;BQ.1.1.5:1;BA.2:24;BE.1:5;BA.5.2.27:1;BA.2.3:1;BA.2.12.1:3;BA.4.1.2:1;BA.5.1.22:1;BE.4:1;XAZ:1;BA.2.9:4;BA.5.9:1;XBB.1:1;BA.4.6:1;BF.8:1;BA.4.1:1;BF.7.5:1;BA.5.2.22:1;BF.14:1;BA.5.1.10:5;CK.2.1.1:1;B.1.1.7:1;BA.4.7:1
1222026,BA.2_0.005_abundance_0.15,T24469A;T24506G;G24558C,S:N969K;S:S982A;S:G999A,9,621,0.0144927536231884,0,
1222026,BA.2_0.005_abundance_0.15,T24469A;G24558C,S:N969K;S:G999A,28,621,0.0450885668276972,3,BA.1:1;BA.1.17.2:1;BA.5:1
1222026,BA.2_0.005_abundance_0.15,G26116A;C26270T,ORF3a:E242K;E:T9I,6,262,0.0229007633587786,101,BA.1.15:10;BF.28:1;BA.5.5:1;BE.1.1:4;BA.2.3.2:2;BA.1.1.16:1;BA.5.9:2;BA.2:10;BA.2.12.1:5;BA.1:7;BA.2.9:9;BA.5.2:4;BA.1.1.18:1;BQ.1.1:2;BA.1.1:9;BA.2.18:1;BA.1.17.2:2;BA.5.2.1:6;BA.1.18:5;BA.2.75:2;BA.1.1.13:1;BA.1.15.1:3;BA.4.6:1;BA.5.1:4;BA.5.1.3:1;BA.4.4:1;BA.1.1.1:1;BA.2.1:1;BA.5.1.25:1;BA.2.23:1;BQ.1.1.6:1;BA.2.5:1
1222026,BA.2_0.005_abundance_0.15,C26568A;C26577G;G26709A;C26858T,M:L16I;M:Q19E;M:A63T;M:F112F,151,1452,0.1039944903581267,8,BA.2.9:2;BA.2.74:2;BA.2.3.7:1;BA.2:3
1222026,BA.2_0.005_abundance_0.15,C26577G;T26617C;G26709A;C26858T,M:Q19E;M:I32T;M:A63T;M:F112F,76,1452,0.0523415977961432,3,BA.2.38:1;BA.2:2
1222026,BA.2_0.005_abundance_0.15,C26858T;G26929C;G27065A,M:F112F;M:S136T;M:L181L,10,33,0.303030303030303,0,
1222026,BA.2_0.005_abundance_0.15,C26858T;G26929C,M:F112F;M:S136T,9,33,0.2727272727272727,1,BA.4.1:1
1222026,BA.2_0.005_abundance_0.15,G26929C;G27065A,M:S136T;M:L181L,261,1066,0.2448405253283302,0,
1222026,BA.2_0.005_abundance_0.15,G26929C;A27083T,M:S136T;M:V187V,48,986,0.0486815415821501,0,
1222026,BA.2_0.005_abundance_0.15,G26929C;G27065A;A27083T,M:S136T;M:L181L;M:V187V,39,986,0.0395537525354969,0,
1222026,BA.2_0.005_abundance_0.15,G27065A;A27083T,M:L181L;M:V187V,17,987,0.0172239108409321,0,
1222026,BA.2_0.005_abundance_0.15,T27312A;G27382C;A27383T;T27384C,ORF6:I37I;ORF6:D61H;ORF6:D61V;ORF6:D61D,720,1483,0.4855023600809171,3,BA.4.1:1;BA.2:1;BA.2.38:1
1292026,BA.2_0.005_abundance_0.15,A666C;T670G,ORF1a:H134P;ORF1a:S135R,1484,2528,0.5870253164556962,4,BE.1:2;BA.2.12.1:1;BA.2:1
1292026,BA.2_0.005_abundance_0.15,A2253C;G2408C,ORF1a:Q663P;ORF1a:G715R,5,64,0.078125,0,
1292026,BA.2_0.005_abundance_0.15,A6656T;T6700G,ORF1a:N2131Y;ORF1a:F2145L,22,582,0.0378006872852233,0,
1292026,BA.2_0.005_abundance_0.15,C9534T;T9647G,ORF1a:T3090I;ORF1a:W3128G,1345,2338,0.5752780153977759,0,
1292026,BA.2_0.005_abundance_0.15,C9534T;T9633A;T9647G,ORF1a:T3090I;ORF1a:L3123*;ORF1a:W3128G,200,2338,0.0855431993156544,0,
1292026,BA.2_0.005_abundance_0.15,C9534T;T9633A,ORF1a:T3090I;ORF1a:L3123*,75,2338,0.0320786997433704,1,BA.2:1
1292026,BA.2_0.005_abundance_0.15,T10744G;A10823C,ORF1a:F3493L;ORF1a:T3520P,99,1813,0.0546056260341974,0,
1292026,BA.2_0.005_abundance_0.15,A11260C;A11315T,ORF1a:T3665T;ORF1a:M3684L,59,487,0.1211498973305954,0,
1292026,BA.2_0.005_abundance_0.15,G12251C;T12436A,ORF1a:A3996P;ORF1a:V4057V,30,2517,0.0119189511323003,0,
1292026,BA.2_0.005_abundance_0.15,A15238T;T15317A,ORF1b:N591Y;ORF1b:M617K,152,1699,0.0894643908181283,0,
1292026,BA.2_0.005_abundance_0.15,C15680T;C15714T,ORF1b:A738V;ORF1b:L749L,145,2946,0.0492192803801765,2,BA.2.9:1;BA.2:1
1292026,BA.2_0.005_abundance_0.15,T17142G;C17410T,ORF1b:A1225A;ORF1b:R1315C,161,1458,0.1104252400548696,90,BQ.1:1;BA.2:23;BA.5.5:1;BA.5.2:17;BA.2.37:4;BA.4.1.1:1;BA.2.10:2;BA.2.12.1:15;BA.5.2.34:2;BA.5.1:1;BA.5.1.10:4;BF.7:2;BA.5.2.1:5;BA.2.75:2;BA.5.1.3:2;BA.2.65:1;BA.2.9:3;BA.5.1.22:2;BF.7.9:1;BA.4.1:1
1292026,BA.2_0.005_abundance_0.15,T17142G;A17227C;C17410T,ORF1b:A1225A;ORF1b:S1254R;ORF1b:R1315C,25,1458,0.0171467764060356,0,
1292026,BA.2_0.005_abundance_0.15,A17227C;C17410T,ORF1b:S1254R;ORF1b:R1315C,125,1458,0.0857338820301783,0,
1292026,BA.2_0.005_abundance_0.15,G17242C;C17410T,ORF1b:A1259P;ORF1b:R1315C,59,1458,0.0404663923182441,0,
1292026,BA.2_0.005_abundance_0.15,C17410T;T17471A,ORF1b:R1315C;ORF1b:L1335Q,55,201,0.2736318407960199,15,BA.5.1.30:2;BA.5.1:3;BA.5.2.1:3;BA.2.3:1;BA.5.2:2;BA.5.1.25:1;BF.32:1;BA.2:1;BA.5.1.3:1
1292026,BA.2_0.005_abundance_0.15,A18163G;G18268C,ORF1b:I1566V;ORF1b:E1601Q,76,317,0.2397476340694006,4,BA.1.15:2;BA.1:1;BA.2:1
1292026,BA.2_0.005_abundance_0.15,A18675G;A18824G,ORF1b:R1736R;ORF1b:Q1786R,97,6448,0.0150434243176178,0,
1292026,BA.2_0.005_abundance_0.15,A18824G;T18925C,ORF1b:Q1786R;ORF1b:Y1820H,219,5601,0.0391001606855918,0,
1292026,BA.2_0.005_abundance_0.15,G21941C;G21987A,S:V127L;S:G142D,31,1535,0.0201954397394136,7,B.1.617.2:1;BA.5.2:5;AY.69:1
1292026,BA.2_0.005_abundance_0.15,T22099G;T22200G,S:L179L;S:V213G,1088,1561,0.6969891095451634,1,BF.26:1
1292026,BA.2_0.005_abundance_0.15,C22674T;T22679C;C22686T;A22688G;A22694C;A22786C;G22813T,S:S371F;S:S373P;S:S375F;S:T376A;S:K378Q;S:R408S;S:K417N,9,172,0.0523255813953488,1,BA.2.12.1:1
1292026,BA.2_0.005_abundance_0.15,A23403G;A23418C,S:D614G;S:E619A,270,1043,0.2588686481303931,94,BF.7:4;BA.5.1:1;B.1.617.2:43;BA.5.2.1:6;BA.2.12.1:3;BA.1.15.1:2;BA.4.1.5:9;AY.103:1;BA.2:2;AY.122:1;BQ.1.10:2;BQ.1.1:1;B.1.177:1;BA.1.1:6;B.1.1.7:2;AY.4.3:1;AY.25:1;AY.98:1;BA.5.3.2:1;AY.13:1;CL.1:1;BA.1.15:2;BA.1.1.14:2
1292026,BA.2_0.005_abundance_0.15,G23528C;T23599G;C23604A,S:V656L;S:N679K;S:P681H,18,279,0.064516129032258,1,BA.1:1
1292026,BA.2_0.005_abundance_0.15,C23854A;G23948T;G24075A,S:N764K;S:D796Y;S:G838D,107,648,0.1651234567901234,68,BA.1.1:7;BA.1.17.2:5;BA.5.5:8;BA.1.1.18:1;BA.5.1:7;BA.1.15:2;BA.5.2.1:1;BA.2:15;BA.2.9:10;BA.1.17:1;BF.5:2;BA.1:4;BA.5.2.28:1;BQ.1.1.18:1;BE.1:1;BA.4:1;BA.5.2.9:1
1292026,BA.2_0.005_abundance_0.15,A24424T;G24574C,S:Q954H;S:L1004F,9,25,0.36,1,BA.2:1
1292026,BA.2_0.005_abundance_0.15,A24567T;G24574C,S:Q1002L;S:L1004F,5,101,0.0495049504950495,0,
1292026,BA.2_0.005_abundance_0.15,A24988G;C25000T,S:Q1142Q;S:D1146D,86,793,0.1084489281210592,91,BA.5.2.20:9;BA.1.1.8:60;BA.1.1:4;BA.1:2;BA.5.2.6:1;BA.1.1.1:1;BA.1.1.2:1;BA.2:1;BA.5.6:1;BA.2.12.1:2;BA.2.9:1;BA.2.76:1;BA.4.1.3:1;BA.1.1.18:1;BA.5.1:2;B.1.1.529:1;BQ.1.1.5:1;BA.5.2:1
1292026,BA.2_0.005_abundance_0.15,C26577G;A26644G;G26709A;C26858T,M:Q19E;M:N41S;M:A63T;M:F112F,308,2356,0.1307300509337861,12,BA.2.45:3;BA.2:8;BA.2.75:1
1292026,BA.2_0.005_abundance_0.15,C26577G;A26644G;G26709A,M:Q19E;M:N41S;M:A63T,40,2637,0.0151687523701175,61,BA.1.1:39;BA.1.1.2:1;BA.2.45:3;BA.1.15:1;BA.2:8;BA.2.75:1;BA.5.2.1:1;BA.1:2;BA.1.1.18:1;BF.6:1;BA.1.1.15:1;BE.8:1;BA.1.17.2:1
1292026,BA.2_0.005_abundance_0.15,G28123T;C28311T,ORF8:G77V;N:P13L,282,2627,0.1073467834031214,149,BA.5.2.12:1;BA.1.15:1;BA.5.2:13;BA.5.6:23;BA.5.2.1:13;BA.5.1.6:3;BA.5.8:1;BA.5.2.29:10;BA.4.6:9;BA.5.5:4;BA.2.3:2;BA.1.1:12;BA.2:20;BA.1.17:3;BA.1:1;BA.2.9:4;BA.1.1.13:1;BA.5.1.23:2;BA.5.1:6;BQ.1.1:3;B.1.619:1;BA.5.2.18:1;BA.5:1;BA.1.18:2;BQ.1.1.1:1;BA.2.12.1:1;BA.1.17.2:2;BA.5.2.9:1;BA.5.1.15:1;BA.5.2.7:2;BA.2.75.1:1;BA.5.1.21:1;BA.2.65:1;BF.11.2:1
1292026,BA.2_0.005_abundance_0.15,G28123T;A28211G;C28311T,ORF8:G77V;ORF8:E106E;N:P13L,135,2627,0.0513894175866006,1,BA.1.1:1
1292026,BA.2_0.005_abundance_0.15,A28211G;C28311T,ORF8:E106E;N:P13L,748,2740,0.272992700729927,109,BA.2.75:1;BA.1.15:4;BA.1.1:19;BA.5.2.1:12;BF.3:1;BA.2:17;BA.2.12:3;BA.5.1:5;BA.4.6.5:15;BF.10:1;BA.1.1.1:1;BA.1.1.18:3;BA.2.12.1:5;BA.2.9:2;BA.5.2.31:2;BF.7:3;BF.26:1;BA.1:4;BA.2.3:5;BA.1.17.2:1;BA.1.15.1:2;BA.5.2.6:1;BA.2.65:1
2052026,BA.2_0.005_abundance_0.15,T467A;T670G,ORF1a:Y68N;ORF1a:S135R,33,1660,0.0198795180722891,9,BA.5.5:1;BQ.1.1:1;BA.2:2;BA.5.2.1:1;BA.5.1.1:2;BA.5.2:2
2052026,BA.2_0.005_abundance_0.15,T670G;A905G,ORF1a:S135R;ORF1a:T214A,12,424,0.0283018867924528,121,BF.7:2;BQ.1.1.19:1;BE.1:3;BA.5.1.10:64;BA.5.2:23;BA.5.2.1:7;BF.31:2;BF.8:9;BQ.1.1:1;BA.2:5;BA.2.12.1:1;BE.1.1:1;BA.5.1:1;BE.4:1
2052026,BA.2_0.005_abundance_0.15,A2251G;G2494C,ORF1a:G662G;ORF1a:E743D,5,406,0.0123152709359605,0,
2052026,BA.2_0.005_abundance_0.15,C4345G;T4536G,ORF1a:I1360M;ORF1a:F1424C,6,77,0.0779220779220779,0,
2052026,BA.2_0.005_abundance_0.15,A7062C;C7329T,ORF1a:Y2266S;ORF1a:A2355V,14,230,0.0608695652173913,0,
2052026,BA.2_0.005_abundance_0.15,A7062C;C7104T,ORF1a:Y2266S;ORF1a:T2280I,15,243,0.0617283950617283,0,
2052026,BA.2_0.005_abundance_0.15,C7104T;C7329T,ORF1a:T2280I;ORF1a:A2355V,32,2475,0.0129292929292929,0,
2052026,BA.2_0.005_abundance_0.15,A7981G;G8264A,ORF1a:L2572L;ORF1a:G2667S,6,255,0.0235294117647058,3,B.1.258:3
2052026,BA.2_0.005_abundance_0.15,G8720A;C8786T,ORF1a:D2819N;ORF1a:R2841C,10,346,0.0289017341040462,0,
2052026,BA.2_0.005_abundance_0.15,C8961A;T8970G,ORF1a:P2899Q;ORF1a:L2902R,9,699,0.0128755364806866,0,
2052026,BA.2_0.005_abundance_0.15,A9338C;C9344T;A9424G;C9534T,ORF1a:N3025H;ORF1a:L3027F;ORF1a:V3053V;ORF1a:T3090I,18,498,0.036144578313253,6,BA.2:2;BA.5.11:3;BF.8:1
2052026,BA.2_0.005_abundance_0.15,C9344T;A9350T;A9424G;C9534T,ORF1a:L3027F;ORF1a:N3029Y;ORF1a:V3053V;ORF1a:T3090I,313,499,0.627254509018036,0,
2052026,BA.2_0.005_abundance_0.15,C9344T;A9350T;A9424G,ORF1a:L3027F;ORF1a:N3029Y;ORF1a:V3053V,63,594,0.106060606060606,0,
2052026,BA.2_0.005_abundance_0.15,T10426A;C10449A;T10522A,ORF1a:G3387G;ORF1a:P3395H;ORF1a:C3419*,81,826,0.0980629539951573,0,
2052026,BA.2_0.005_abundance_0.15,T10426A;C10449A,ORF1a:G3387G;ORF1a:P3395H,106,826,0.1283292978208232,2,CT.1:1;BA.1.1:1
2052026,BA.2_0.005_abundance_0.15,C10449A;T10522A,ORF1a:P3395H;ORF1a:C3419*,260,826,0.3147699757869249,1,BA.5.2.9:1
2052026,BA.2_0.005_abundance_0.15,C12880A;A13003C,ORF1a:I4205I;ORF1a:L4246F,109,2258,0.0482728077945084,0,
2052026,BA.2_0.005_abundance_0.15,C12880T;A13003C,ORF1a:I4205I;ORF1a:L4246F,285,2258,0.1262178919397697,0,
2052026,BA.2_0.005_abundance_0.15,T13461G;C13523T,ORF1a:F4399C;ORF1b:T19I,12,81,0.1481481481481481,0,
2052026,BA.2_0.005_abundance_0.15,A14373T;C14408T,ORF1b:A302A;ORF1b:P314L,93,1369,0.0679327976625274,62,B.1.1.7:4;AY.4:38;BA.5.1:1;BA.2.9:2;B.1:1;BA.2.3.13:1;BA.1.1:2;BA.2:3;AY.3:2;AY.122:1;BA.4.1.3:1;B.1.617.2:1;BA.5.2.33:1;B.1.243:2;AY.100:2
2052026,BA.2_0.005_abundance_0.15,T15599A;C15714T,ORF1b:V711D;ORF1b:L749L,460,7964,0.0577599196383726,0,
2052026,BA.2_0.005_abundance_0.15,A16992G;A17073C,ORF1b:L1175L;ORF1b:T1202T,76,514,0.1478599221789883,0,
2052026,BA.2_0.005_abundance_0.15,G17814C;T17870C,ORF1b:L1449F;ORF1b:I1468T,36,1578,0.0228136882129277,0,
2052026,BA.2_0.005_abundance_0.15,A18163G;C18189A,ORF1b:I1566V;ORF1b:T1574T,15,238,0.0630252100840336,52,BA.2.9.4:8;BA.5.1:6;BA.1.14:1;BA.1.17.2:1;BA.5.1.2:6;BA.5.2:5;BA.1.1:6;BA.2.75:2;BA.5.1.21:2;BE.1.1:3;BA.2.12.1:4;BF.11:1;BA.2.9.5:1;CM.8:1;BA.1.14.1:1;BA.2.10:1;CK.1:1;BA.5.2.3:1;BA.4.1:1
2052026,BA.2_0.005_abundance_0.15,T18748A;A18763C,ORF1b:Y1761N;ORF1b:I1766L,57,3575,0.0159440559440559,0,
2052026,BA.2_0.005_abundance_0.15,T18748A;A18862G,ORF1b:Y1761N;ORF1b:I1799V,35,3333,0.0105010501050105,0,
2052026,BA.2_0.005_abundance_0.15,C20380A;C20402T,ORF1b:L2305I;ORF1b:S2312L,5,74,0.0675675675675675,0,
2052026,BA.2_0.005_abundance_0.15,G20725A;T20731G,ORF1b:E2420K;ORF1b:C2422G,23,1157,0.0198789974070872,0,
2052026,BA.2_0.005_abundance_0.15,T21883A;G21987A,S:G107G;S:G142D,182,696,0.2614942528735632,2,BA.1:1;AY.127:1
2052026,BA.2_0.005_abundance_0.15,C22079A;T22089G;T22200G,S:Q173K;S:L176R;S:V213G,19,841,0.0225921521997621,0,
2052026,BA.2_0.005_abundance_0.15,C22079A;T22200G,S:Q173K;S:V213G,17,841,0.0202140309155766,349,BA.5.2.44:1;BA.2.36:1;BA.4.1:1;BA.5.2:40;BA.5:1;BQ.1.1.22:1;BA.2:86;BA.4.5:1;BA.2.9:139;BA.2.3:18;BA.5.1:11;BA.2.52:2;BQ.1.1:4;BF.25:1;BA.4.2:1;BA.2.75:1;BA.5.2.1:17;BA.2.3.2:1;BE.1.1:5;BA.2.76:2;BA.2.1:1;BA.5.9:1;BA.5.3.1:1;BA.4.6.1:1;BA.2.18:1;BF.27:1;BA.2.12.1:3;BF.5:1;BA.2.10:1;BA.5.1.26:1;BA.4.6:1;BQ.1.1.17:1;BG.5:1
2052026,BA.2_0.005_abundance_0.15,T22089G;T22200G,S:L176R;S:V213G,247,841,0.2936979785969084,1,BA.2:1
2052026,BA.2_0.005_abundance_0.15,T22089G;A22122G;T22200G,S:L176R;S:K187R;S:V213G,14,841,0.0166468489892984,0,
2052026,BA.2_0.005_abundance_0.15,A22122G;T22200G,S:K187R;S:V213G,43,841,0.0511296076099881,121,BA.2.23:101;BA.4.1:2;BA.2.52:5;BA.5.6:1;BA.2.9:7;BA.2:2;BF.27:1;BA.2.16:1;BF.34:1
2052026,BA.2_0.005_abundance_0.15,T22499C;G22578A,S:Y313H;S:G339D,27,65,0.4153846153846154,28,BA.1.1:12;BA.2.10:1;BA.1.20:1;BQ.1:1;BA.5.1:1;BA.5.2.6:1;BA.5.2.1:5;BA.2.75:1;BA.1.1.18:1;BA.2:1;BA.5.9:1;BA.4:1;BA.5.2:1
2052026,BA.2_0.005_abundance_0.15,A23586T;T23599G;C23604A;T23658C,S:Q675L;S:N679K;S:P681H;S:L699P,99,1608,0.0615671641791044,0,
2052026,BA.2_0.005_abundance_0.15,A23586T;T23599G;C23604A,S:Q675L;S:N679K;S:P681H,20,1608,0.0124378109452736,287,BA.4.1:82;BE.1.1:3;BA.5.1.1:26;BA.5.2.1:9;BA.4.6:1;BA.1.1:12;BA.2:103;BA.5.5:1;BA.5.1:4;BF.5:8;BA.1.17:1;BA.2.65:1;BA.1.20:1;BA.1.1.2:1;BQ.1.1:5;BA.1:2;CH.1.1:4;BA.5.2:2;BA.2.12.1:10;BA.2.3:2;BA.5:1;BA.2.9:4;BQ.1.1.15:2;BA.5.6:1;BA.2.20:1
2052026,BA.2_0.005_abundance_0.15,T23599G;C23604A;T23658C,S:N679K;S:P681H;S:L699P,1205,1608,0.7493781094527363,4,BA.4:1;BA.1.17.2:1;BA.2.3.2:1;BA.1.1:1
2052026,BA.2_0.005_abundance_0.15,C23854A;G23948T;C23988A,S:N764K;S:D796Y;S:P809Q,70,517,0.1353965183752417,27,BA.5.2:2;BA.2.9:3;BA.2.10:1;BA.2.75:1;BA.5.2.12:1;BA.5.5:8;BA.1.1:4;BA.5.2.1:1;BA.1:4;BA.2.3.9:1;BQ.1.1:1
2052026,BA.2_0.005_abundance_0.15,C23854A;T23943A;G23948T,S:N764K;S:I794N;S:D796Y,42,517,0.081237911025145,57,BA.2.9:10;BA.2.3:4;BA.1:8;BA.2:28;BA.1.1.1:1;BA.2.23:1;BA.1.1:2;BA.2.1:1;BA.1.17:1;BA.2.47:1
2052026,BA.2_0.005_abundance_0.15,C23854A;T23943A;G23948T;C23988A,S:N764K;S:I794N;S:D796Y;S:P809Q,7,517,0.0135396518375241,0,
2052026,BA.2_0.005_abundance_0.15,A24170T;T24218A;G24257T,S:I870F;S:W886R;S:A899S,10,966,0.010351966873706,0,
2052026,BA.2_0.005_abundance_0.15,A24170T;T24218A;G24257T;A24424T,S:I870F;S:W886R;S:A899S;S:Q954H,10,617,0.0162074554294975,0,
2052026,BA.2_0.005_abundance_0.15,G24836A;C25000T,S:E1092K;S:D1146D,70,1699,0.0412007062978222,10,BA.2.12.1:2;BA.5.2:3;BA.2.75:1;P.3:1;BA.2:1;BA.4:1;BA.1:1
2052026,BA.2_0.005_abundance_0.15,C24964G;C25000T,S:N1134K;S:D1146D,99,1700,0.058235294117647,4,BQ.1.1.22:1;BQ.1.1.15:2;BA.4:1
2052026,BA.2_0.005_abundance_0.15,G25266C;T25291A,S:C1235S;S:C1243*,32,1153,0.0277536860364267,0,
2052026,BA.2_0.005_abundance_0.15,A27259C;G27382C;A27383T;T27384C;G27469A,ORF6:R20R;ORF6:D61H;ORF6:D61V;ORF6:D61D;ORF7a:G26S,233,1485,0.1569023569023569,74,BA.2.10:1;BA.2.12:10;BA.2.3.15:2;BA.2:23;BA.2.9:2;BA.4.6:5;BA.2.54:6;XBB.1:7;BA.2.12.1:6;BA.2.14:1;BA.2.38:1;XBB.4:4;BA.2.75:2;CH.1.1:1;BA.2.3:1;BA.4.1:1;BA.2.65:1
2052026,BA.2_0.005_abundance_0.15,A27259C;G27382C;A27383T;T27384C;T27504C,ORF6:R20R;ORF6:D61H;ORF6:D61V;ORF6:D61D;ORF7a:S37S,46,85,0.5411764705882353,2658,BA.2.75:3;BA.2:2598;XBB.1.4:16;BA.2.3:4;BA.2.9:11;BA.4.6.5:4;BA.2.36:2;BA.2.62:2;BA.2.18:1;BA.2.3.14:1;BA.2.7:9;BA.4.4:2;CH.1.1:1;BA.4.1.4:1;BA.2.3.2:1;BA.2.13:1;BA.2.12.1:1
2052026,BA.2_0.005_abundance_0.15,A27259C;G27382C;A27383T;T27384C;G27469A;T27504C,ORF6:R20R;ORF6:D61H;ORF6:D61V;ORF6:D61D;ORF7a:G26S;ORF7a:S37S,13,85,0.1529411764705882,0,
2122026,BA.2_0.005_abundance_0.15,T467A;T670G,ORF1a:Y68N;ORF1a:S135R,30,1047,0.0286532951289398,9,BA.5.5:1;BQ.1.1:1;BA.2:2;BA.5.2.1:1;BA.5.1.1:2;BA.5.2:2
2122026,BA.2_0.005_abundance_0.15,T670G;T820C;A905G,ORF1a:S135R;ORF1a:Y185Y;ORF1a:T214A,5,190,0.0263157894736842,0,
2122026,BA.2_0.005_abundance_0.15,T820C;A905G,ORF1a:Y185Y;ORF1a:T214A,39,1622,0.0240443896424167,0,
2122026,BA.2_0.005_abundance_0.15,G3013A;C3037T;A3108G,ORF1a:L916L;ORF1a:F924F;ORF1a:E948G,21,465,0.0451612903225806,0,
2122026,BA.2_0.005_abundance_0.15,G3013A;C3037T;T3038A,ORF1a:L916L;ORF1a:F924F;ORF1a:Y925N,5,499,0.0100200400801603,0,
2122026,BA.2_0.005_abundance_0.15,C3037T;A3108G,ORF1a:F924F;ORF1a:E948G,102,465,0.2193548387096774,129,AY.119:4;AY.4:15;AY.100:1;B.1:4;AY.98.1:4;BA.5.5:19;BA.1.1:2;BA.2.9.5:2;AY.47:33;BA.2:4;B.1.1.7:2;B.1.1.519:6;AY.122:1;AY.20:9;BA.1:3;AY.25.1:6;B.1.416:1;BA.2.10:1;AY.26:2;AY.42:1;AY.75:1;BA.5.2.1:1;BE.9:1;BA.5.1:1;BA.2.3:1;AY.44:1;BA.2.14:1;B.1.36:1;AY.5:1
2122026,BA.2_0.005_abundance_0.15,C3037T;T3038A;A3108G,ORF1a:F924F;ORF1a:Y925N;ORF1a:E948G,19,465,0.0408602150537634,0,
2122026,BA.2_0.005_abundance_0.15,A4774T;G4836T;A4853T,ORF1a:E1503D;ORF1a:G1524V;ORF1a:R1530*,10,788,0.0126903553299492,0,
2122026,BA.2_0.005_abundance_0.15,A4774T;G4836T;A4853T;T4906C,ORF1a:E1503D;ORF1a:G1524V;ORF1a:R1530*;ORF1a:D1547D,11,734,0.0149863760217983,0,
2122026,BA.2_0.005_abundance_0.15,T6199C;A6216G,ORF1a:S1978S;ORF1a:K1984R,19,144,0.1319444444444444,0,
2122026,BA.2_0.005_abundance_0.15,A6591T;A6725T,ORF1a:K2109I;ORF1a:T2154S,55,519,0.1059730250481695,0,
2122026,BA.2_0.005_abundance_0.15,A6722T;A6725T;A6729T,ORF1a:T2153S;ORF1a:T2154S;ORF1a:N2155I,8,519,0.0154142581888246,0,
2122026,BA.2_0.005_abundance_0.15,A6722T;A6729T,ORF1a:T2153S;ORF1a:N2155I,6,519,0.0115606936416184,0,
2122026,BA.2_0.005_abundance_0.15,A6725T;A6815C,ORF1a:T2154S;ORF1a:R2184R,21,506,0.0415019762845849,0,
2122026,BA.2_0.005_abundance_0.15,T7228A;C7299G,ORF1a:F2321L;ORF1a:A2345G,5,123,0.040650406504065,0,
2122026,BA.2_0.005_abundance_0.15,G9087T;T9135A,ORF1a:G2941V;ORF1a:M2957K,5,186,0.0268817204301075,0,
2122026,BA.2_0.005_abundance_0.15,A9338C;C9344T;A9424G;C9534T,ORF1a:N3025H;ORF1a:L3027F;ORF1a:V3053V;ORF1a:T3090I,19,882,0.0215419501133786,6,BA.2:2;BA.5.11:3;BF.8:1
2122026,BA.2_0.005_abundance_0.15,C9344T;G9380T;A9424G,ORF1a:L3027F;ORF1a:G3039C;ORF1a:V3053V,18,1055,0.0170616113744075,0,
2122026,BA.2_0.005_abundance_0.15,C9344T;G9380T;A9424G;C9534T,ORF1a:L3027F;ORF1a:G3039C;ORF1a:V3053V;ORF1a:T3090I,119,882,0.1349206349206349,0,
2122026,BA.2_0.005_abundance_0.15,C9344T;A9424G;T9475C;C9534T,ORF1a:L3027F;ORF1a:V3053V;ORF1a:A3070A;ORF1a:T3090I,53,882,0.0600907029478458,541,BA.2.12.1:479;BA.2.10:1;BQ.1:1;BE.1.1:3;BA.2:38;BV.1:1;BA.2.9:8;BA.5.2:2;BA.5.1.30:1;BA.5.1:2;BF.5:2;BA.4:1;BE.1.4.4:1;BA.4.1:1
2122026,BA.2_0.005_abundance_0.15,C9534T;T9610C,ORF1a:T3090I;ORF1a:Y3115Y,783,1997,0.3920881321982974,45,BA.5.2.1:3;BA.2:12;BA.2.23:1;BA.2.9:3;BA.5.1.10:2;BA.5.1.17:2;BA.5.2.20:2;BA.2.75:4;BA.2.36:1;BA.2.12.1:2;BA.5.2:2;BA.5.1.22:2;BA.4.1:1;XBB.3:1;BF.7.6:1;XBB.2:1;BA.5.1.25:1;BQ.1.1.5:1;BA.5.1.7:1;BA.5.1:1;BA.2.3:1
2122026,BA.2_0.005_abundance_0.15,C9534T;T9690C,ORF1a:T3090I;ORF1a:I3142T,45,1997,0.0225338007010515,80,BA.5.2.21:1;BA.2.10:2;BF.7.6:3;BA.5.3.5:4;BA.5.5:37;BA.4.6:3;BA.2.75:2;BA.2:11;BA.5.1.2:2;BA.2.47:1;BA.2.9:4;BA.5.2.9:1;BA.2.75.5:2;BF.5:5;BF.26:1;BA.5.2:1
2122026,BA.2_0.005_abundance_0.15,C9534T;T9610C;T9690C,ORF1a:T3090I;ORF1a:Y3115Y;ORF1a:I3142T,26,1997,0.0130195292939409,0,
2122026,BA.2_0.005_abundance_0.15,G11222T;A11360G,ORF1a:V3653F;ORF1a:T3699A,5,260,0.0192307692307692,0,
2122026,BA.2_0.005_abundance_0.15,A11360G;T11459A,ORF1a:T3699A;ORF1a:S3732T,41,1514,0.0270805812417437,0,
2122026,BA.2_0.005_abundance_0.15,T11915C;T11988C;A12159G;T12182G,ORF1a:S3884P;ORF1a:F3908S;ORF1a:E3965G;ORF1a:S3973A,62,5065,0.0122408687068114,0,
2122026,BA.2_0.005_abundance_0.15,T11915C;A12159G;T12182G,ORF1a:S3884P;ORF1a:E3965G;ORF1a:S3973A,78,5065,0.0153998025666337,0,
2122026,BA.2_0.005_abundance_0.15,A12159G;T12182G;A12303G;G12332T,ORF1a:E3965G;ORF1a:S3973A;ORF1a:Y4013C;ORF1a:A4023S,23,714,0.0322128851540616,0,
2122026,BA.2_0.005_abundance_0.15,T12752G;A12780G;C12880T;C13059G,ORF1a:C4163G;ORF1a:Y4172C;ORF1a:I4205I;ORF1a:T4265S,17,497,0.0342052313883299,0,
2122026,BA.2_0.005_abundance_0.15,T12752G;A12780G;C12880T,ORF1a:C4163G;ORF1a:Y4172C;ORF1a:I4205I,43,1883,0.0228359001593202,0,
2122026,BA.2_0.005_abundance_0.15,C13059G;C13101G;A13203C,ORF1a:T4265S;ORF1a:A4279G;ORF1a:E4313A,41,2260,0.0181415929203539,0,
2122026,BA.2_0.005_abundance_0.15,A13483G;G13651C,ORF1b:S6G;ORF1b:V62L,18,1167,0.0154241645244215,0,
2122026,BA.2_0.005_abundance_0.15,G14335T;T14382C;C14408T,ORF1b:V290F;ORF1b:N305N;ORF1b:P314L,14,524,0.0267175572519083,2,B.1.1.63:2
2122026,BA.2_0.005_abundance_0.15,G14335T;T14382C;C14408T;A14410G,ORF1b:V290F;ORF1b:N305N;ORF1b:P314L;ORF1b:T315A,10,524,0.0190839694656488,0,
2122026,BA.2_0.005_abundance_0.15,C14408T;A14410G,ORF1b:P314L;ORF1b:T315A,198,524,0.3778625954198473,2,AY.68:1;BA.1.1:1
2122026,BA.2_0.005_abundance_0.15,G15652C;C15714T;A15788T,ORF1b:D729H;ORF1b:L749L;ORF1b:K774M,100,3716,0.0269106566200215,0,
2122026,BA.2_0.005_abundance_0.15,T15682C;C15714T,ORF1b:Y739H;ORF1b:L749L,120,3978,0.0301659125188536,4,BA.2.3:1;BA.5.2:1;BA.2.9:1;BA.4.7:1
2122026,BA.2_0.005_abundance_0.15,C17410T;C17617G,ORF1b:R1315C;ORF1b:L1384V,68,142,0.4788732394366197,0,
2122026,BA.2_0.005_abundance_0.15,G17814C;T17870C,ORF1b:L1449F;ORF1b:I1468T,6,177,0.0338983050847457,0,
2122026,BA.2_0.005_abundance_0.15,G18337T;T18539G;T18561A,ORF1b:A1624S;ORF1b:V1691G;ORF1b:L1698L,16,664,0.0240963855421686,0,
2122026,BA.2_0.005_abundance_0.15,G19129A;C19140A,ORF1b:E1888K;ORF1b:F1891L,16,1403,0.0114041339985744,0,
2122026,BA.2_0.005_abundance_0.15,C19140A;T19149G,ORF1b:F1891L;ORF1b:Y1894*,30,1300,0.023076923076923,0,
2122026,BA.2_0.005_abundance_0.15,T20324C;A20418T;C20462A;T20482G,ORF1b:I2286T;ORF1b:E2317D;ORF1b:T2332K;ORF1b:S2339A,23,816,0.0281862745098039,0,
2122026,BA.2_0.005_abundance_0.15,G20725A;T20731G,ORF1b:E2420K;ORF1b:C2422G,33,1269,0.0260047281323877,0,
2122026,BA.2_0.005_abundance_0.15,C21816A;G21987A,S:P85Q;S:G142D,23,779,0.0295250320924261,41,B.1.617.2:2;AY.69:1;AY.127:1;AY.4.2:1;AY.122:5;AY.43:1;AY.42:1;AY.29:7;AY.5.4:1;AY.39:1;AY.25:1;AY.46.6:1;BA.1.15:1;AY.119:3;AY.4:1;AY.103:2;BA.1.18:1;AY.33:1;BA.4.6:1;BA.2:1;BF.1:1;BQ.1:1;AY.44:1;AY.36:1;BA.1:3
2122026,BA.2_0.005_abundance_0.15,T22200G;A22294G,S:V213G;S:L244L,120,1527,0.0785854616895874,63,BA.2:21;BQ.1.1:1;BA.5.1:1;BA.5.2.1:17;BA.2.10:1;BA.4.1:4;BF.10:1;BA.2.9:11;BF.21:1;BA.2.36:1;BE.3:1;BA.2.12.1:3
2122026,BA.2_0.005_abundance_0.15,A22634C;C22674T;T22679C;C22686T;A22688G,S:I358L;S:S371F;S:S373P;S:S375F;S:T376A,11,29,0.3793103448275862,5,BA.2.9.5:2;BQ.1.1.5:1;BA.5.2:1;BA.2.9:1
2122026,BA.2_0.005_abundance_0.15,C22674T;T22679C;C22686T;A22688G;G22770C,S:S371F;S:S373P;S:S375F;S:T376A;S:R403T,7,28,0.25,0,
2122026,BA.2_0.005_abundance_0.15,G23210C;A23403G,S:G550R;S:D614G,44,2123,0.0207253886010362,0,
2122026,BA.2_0.005_abundance_0.15,T23322A;A23403G,S:I587N;S:D614G,196,2124,0.0922787193973634,1,BA.1.1.1:1
2122026,BA.2_0.005_abundance_0.15,C23895T;G23948T,S:T778I;S:D796Y,6,198,0.0303030303030303,806,BA.1.20:2;BA.2.23.1:5;BQ.1:6;BA.5.2:13;BA.2.1:49;BA.5.2.6:1;BA.2.3.1:5;BA.2.9:9;BA.2.3:6;BA.4:3;BA.1.1.14:2;BA.1:87;BA.1.1:293;BA.2.10:4;BA.5.1:17;B.1:1;BQ.1.1.18:2;BF.7:4;BA.5.2.1:15;BA.2.56:3;BA.2.9.5:3;BA.1.18:6;BE.1:3;BA.2.7:1;BA.1.1.16:1;BA.1.15:11;BE.1.4:2;BA.5.3.1:1;BA.4.6:5;BQ.1.1:5;BA.4.1:11;BA.1.17.2:9;BE.1.1:7;BF.10:3;BA.2:116;BF.27:5;BA.2.75:6;BA.2.12.1:13;BF.5:2;BA.5.2.31:18;BA.1.17:5;BA.4.2:1;BA.2.37:4;BA.1.1.15:4;BA.1.1.13:2;BA.5.2.9:2;BA.1.14:1;BA.1.1.10:3;BF.22:2;BA.5.5:5;BA.2.76:1;BA.5.1.22:1;BA.1.1.1:3;BA.5:2;BA.2.9.3:1;BA.1.1.2:3;BA.1.1.6:1;BF.6:1;BA.1.1.18:4;BA.2.8:2;BE.3:2;BA.5.2.21:1
2122026,BA.2_0.005_abundance_0.15,C23896A;G23948T,S:T778T;S:D796Y,11,198,0.0555555555555555,115,BA.2.12.1:3;BA.5.2.1:2;BA.2.18:1;BA.2:31;BA.2.9:16;BA.5.1.3:14;BA.1.1.18:3;XBB.2:5;BA.5.1.17:3;BA.1.1:15;BA.2.10:2;BF.28:2;BA.5.1:1;BA.5:1;BA.1:4;BA.5.2:1;BF.7:3;XBB.1:1;BE.1.1:3;BA.2.9.3:1;BA.2.16:1;BQ.1.12:1;BA.1.15:1
2122026,BA.2_0.005_abundance_0.15,G23948T;T24008C,S:D796Y;S:S816P,14,198,0.0707070707070707,3,BA.1.1:2;BA.1.15:1
2122026,BA.2_0.005_abundance_0.15,A24170T;T24218A;G24257T;A24424T,S:I870F;S:W886R;S:A899S;S:Q954H,24,775,0.0309677419354838,0,
2122026,BA.2_0.005_abundance_0.15,T24341A;A24424T,S:F927I;S:Q954H,117,775,0.1509677419354838,2,BA.2:1;BA.5.2:1
2122026,BA.2_0.005_abundance_0.15,C25355G;C25584T,S:L1265V;ORF3a:T64T,186,1032,0.1802325581395348,30,BA.2:29;BA.2.3:1
2122026,BA.2_0.005_abundance_0.15,C25355G;A25384G;C25584T,S:L1265V;S:*1274X;ORF3a:T64T,51,1032,0.0494186046511627,0,
2122026,BA.2_0.005_abundance_0.15,A25372T;C25584T,S:L1270F;ORF3a:T64T,16,1032,0.0155038759689922,5,BA.5.2:1;BA.2:2;BA.5:1;BQ.1.1.13:1
2122026,BA.2_0.005_abundance_0.15,A25384G;C25584T,S:*1274X;ORF3a:T64T,136,1032,0.1317829457364341,153,BA.2.9.5:1;BA.1.15:6;BA.5.5:5;BA.2.10:8;BE.1.1:1;BA.1.1:40;BF.5:1;BA.2:15;BA.1:23;BA.2.40.1:1;BA.1.15.1:16;BA.5.1.22:4;BA.5.2.1:4;BA.5.2:1;BA.1.1.18:1;BA.5.1.19:4;BA.5.1:4;BA.5.2.28:1;BA.5:1;BA.2.12.1:2;BE.1:1;BA.1.1.17:2;BA.5.2.20:2;BA.1.17.2:8;BA.5.2.6:1
2122026,BA.2_0.005_abundance_0.15,G25954C;C25989A;C26270T,ORF3a:G188R;ORF3a:D199E;E:T9I,5,115,0.0434782608695652,0,
2122026,BA.2_0.005_abundance_0.15,C26270T;T26397A,E:T9I;E:L51L,592,1046,0.5659655831739961,5,BA.5.1.23:4;BA.1.1:1
2122026,BA.2_0.005_abundance_0.15,C26577G;G26709A;A26738C;C26858T,M:Q19E;M:A63T;M:R72S;M:F112F,193,3205,0.0602184087363494,0,
2122026,BA.2_0.005_abundance_0.15,C26577G;G26709A;T26848A;C26858T,M:Q19E;M:A63T;M:M109K;M:F112F,900,3205,0.2808112324492979,0,
2122026,BA.2_0.005_abundance_0.15,C26577G;G26709A;T26848A,M:Q19E;M:A63T;M:M109K,77,3372,0.0228351126927639,0,
2122026,BA.2_0.005_abundance_0.15,C26577G;G26709A;A26738C;T26848A;C26858T,M:Q19E;M:A63T;M:R72S;M:M109K;M:F112F,106,3205,0.0330733229329173,0,
2122026,BA.2_0.005_abundance_0.15,C26577G;G26709A;C26750A;C26858T,M:Q19E;M:A63T;M:I76I;M:F112F,85,3205,0.0265210608424337,18,BA.2.75:1;BA.2.38:3;BA.2:6;BA.2.9:1;BA.2.37:3;BA.2.3.2:1;BA.2.12.1:2;BA.2.10:1
2122026,BA.2_0.005_abundance_0.15,C26577G;G26709A;A26738C,M:Q19E;M:A63T;M:R72S,39,3650,0.0106849315068493,1,BA.1.1.2:1
2122026,BA.2_0.005_abundance_0.15,C26577G;A26578T;G26709A;C26858T,M:Q19E;M:Q19L;M:A63T;M:F112F,51,3205,0.0159126365054602,0,
2122026,BA.2_0.005_abundance_0.15,C26577G;G26709A;C26750A;T26848A;C26858T,M:Q19E;M:A63T;M:I76I;M:M109K;M:F112F,42,3205,0.0131045241809672,0,
2122026,BA.2_0.005_abundance_0.15,A27983T;A28095C,ORF8:P30P;ORF8:K68Q,46,1733,0.0265435660703981,0,
2122026,BA.2_0.005_abundance_0.15,T28151A;A28222G;T28251A;C28311T;C28331G,ORF8:F86L;ORF8:E110G;ORF8:F120I;N:P13L;N:P20A,34,1184,0.0287162162162162,0,
2122026,BA.2_0.005_abundance_0.15,C28301A;C28311T,N:R10R;N:P13L,72,1272,0.0566037735849056,201,BA.1.20:1;BA.1.15:98;BA.2.42:1;BA.1.1:20;BA.2:20;BA.5.2:2;BA.4:6;BA.1.14:1;BE.1.2:1;BA.1.18:1;BA.5.6:1;BA.2.85:4;BF.7:3;BA.1:8;B.1.1.529:9;BN.1.3:3;BA.2.1:4;BA.5.2.1:3;BA.2.9:4;C.37:1;BA.5.3.1:1;BA.2.12.1:1;BF.7.1:1;BA.1.17.2:2;BF.2:1;BA.1.1.1:1;BA.2.72:1;BA.5.1:1;BA.4.6:1
2122026,BA.2_0.005_abundance_0.15,A28496C;A28702T,N:N75H;N:K143N,20,1277,0.0156617071260767,0,
2122026,BA.2_0.005_abundance_0.15,C28657G;T28662G,N:D128E;N:I130S,92,1283,0.0717069368667186,0,
2122026,BA.2_0.005_abundance_0.15,A29031T;A29188C,N:E253V;N:A305A,18,1542,0.0116731517509727,0,
2122026,BA.2_0.005_abundance_0.15,G29427T;A29510T,N:R385I;N:S413C,14,476,0.0294117647058823,0,
2192026,BA.2_0.005_abundance_0.15,T467A;T670G,ORF1a:Y68N;ORF1a:S135R,188,3633,0.0517478667767685,9,BA.5.5:1;BQ.1.1:1;BA.2:2;BA.5.2.1:1;BA.5.1.1:2;BA.5.2:2
2192026,BA.2_0.005_abundance_0.15,A518C;T670G,ORF1a:M85L;ORF1a:S135R,1741,3635,0.4789546079779917,154,BA.2:86;XBB.1:1;BA.2.12.1:10;BA.4.1:1;BA.2.38:1;BA.5.2.20:1;BA.5.2.1:6;BA.5.3.1:8;BQ.1.1.22:1;BF.8:1;BA.2.34:1;BA.2.3:7;BA.2.9:13;BA.2.10:4;BQ.1.1:1;BA.5:2;BA.4.6:1;BN.1.3:1;BA.2.10.1:1;BA.5.2.24:1;BA.2.42:1;BE.1.1:1;BF.10:1;BA.2.7:1;BA.5.1:1;BA.2.21:1
2192026,BA.2_0.005_abundance_0.15,T670G;A905G,ORF1a:S135R;ORF1a:T214A,11,269,0.0408921933085501,121,BF.7:2;BQ.1.1.19:1;BE.1:3;BA.5.1.10:64;BA.5.2:23;BA.5.2.1:7;BF.31:2;BF.8:9;BQ.1.1:1;BA.2:5;BA.2.12.1:1;BE.1.1:1;BA.5.1:1;BE.4:1
2192026,BA.2_0.005_abundance_0.15,C2571A;G2732C,ORF1a:P769H;ORF1a:V823L,6,61,0.0983606557377049,0,
2192026,BA.2_0.005_abundance_0.15,G2944T;C3037T;T3171C,ORF1a:L893L;ORF1a:F924F;ORF1a:L969P,20,569,0.0351493848857645,0,
2192026,BA.2_0.005_abundance_0.15,A2948C;C3037T,ORF1a:I895L;ORF1a:F924F,194,1411,0.1374911410347271,40,B.1.617.2:3;AY.20:13;AY.98:1;BA.2.12.1:1;AY.122:7;AY.4:2;AY.102:1;B.1.1.519:1;BA.2.9:1;AY.9.2:1;BF.5:4;AY.25.1:1;B.1.1:1;AY.26:1;BA.1.1:2
2192026,BA.2_0.005_abundance_0.15,T3171C;A3189T;A3423G,ORF1a:L969P;ORF1a:Q975L;ORF1a:K1053R,9,191,0.0471204188481675,0,
2192026,BA.2_0.005_abundance_0.15,T3171C;A3423G,ORF1a:L969P;ORF1a:K1053R,5,191,0.0261780104712041,0,
2192026,BA.2_0.005_abundance_0.15,A3189T;T3300C;A3423G,ORF1a:Q975L;ORF1a:L1012S;ORF1a:K1053R,141,2148,0.0656424581005586,0,
2192026,BA.2_0.005_abundance_0.15,A3189T;A3423G,ORF1a:Q975L;ORF1a:K1053R,611,2148,0.2844506517690875,0,
2192026,BA.2_0.005_abundance_0.15,A3189T;G3212C;A3423G,ORF1a:Q975L;ORF1a:D983H;ORF1a:K1053R,36,2148,0.0167597765363128,0,
2192026,BA.2_0.005_abundance_0.15,A3189T;T3300C,ORF1a:Q975L;ORF1a:L1012S,43,2309,0.0186227804244261,0,
2192026,BA.2_0.005_abundance_0.15,G3212C;A3423G,ORF1a:D983H;ORF1a:K1053R,43,2165,0.0198614318706697,0,
2192026,BA.2_0.005_abundance_0.15,T3300C;A3423G,ORF1a:L1012S;ORF1a:K1053R,178,2166,0.0821791320406278,0,
2192026,BA.2_0.005_abundance_0.15,A4350G;G4403T,ORF1a:N1362S;ORF1a:A1380S,13,1068,0.0121722846441947,0,
2192026,BA.2_0.005_abundance_0.15,G4403T;A4496C,ORF1a:A1380S;ORF1a:I1411L,11,1061,0.0103675777568331,0,
2192026,BA.2_0.005_abundance_0.15,A4774T;G4836T;A4853T,ORF1a:E1503D;ORF1a:G1524V;ORF1a:R1530*,19,410,0.0463414634146341,0,
2192026,BA.2_0.005_abundance_0.15,A4774T;C4832A;G4836T;A4853T,ORF1a:E1503D;ORF1a:L1523I;ORF1a:G1524V;ORF1a:R1530*,6,410,0.0146341463414634,0,
2192026,BA.2_0.005_abundance_0.15,T5074A;A5084T,ORF1a:D1603E;ORF1a:I1607L,15,317,0.0473186119873817,0,
2192026,BA.2_0.005_abundance_0.15,T5074A;G5109C;A5198G;G5210A,ORF1a:D1603E;ORF1a:G1615A;ORF1a:R1645G;ORF1a:A1649T,5,304,0.0164473684210526,0,
2192026,BA.2_0.005_abundance_0.15,G5109C;A5198G;G5210A,ORF1a:G1615A;ORF1a:R1645G;ORF1a:A1649T,7,304,0.0230263157894736,0,
2192026,BA.2_0.005_abundance_0.15,A5949C;C6037A;C6114T;A6183C,ORF1a:K1895T;ORF1a:S1924R;ORF1a:P1950L;ORF1a:K1973T,37,559,0.0661896243291592,0,
2192026,BA.2_0.005_abundance_0.15,A6604C;C6762G,ORF1a:L2113F;ORF1a:T2166S,13,940,0.0138297872340425,0,
2192026,BA.2_0.005_abundance_0.15,A6722T;A6729T;C6762G;G6816T,ORF1a:T2153S;ORF1a:N2155I;ORF1a:T2166S;ORF1a:R2184I,19,894,0.0212527964205816,0,
2192026,BA.2_0.005_abundance_0.15,A6722T;A6729T;G6816T,ORF1a:T2153S;ORF1a:N2155I;ORF1a:R2184I,16,894,0.017897091722595,0,
2192026,BA.2_0.005_abundance_0.15,T7084C;T7176G;G7273T,ORF1a:S2273S;ORF1a:L2304*;ORF1a:R2336S,15,282,0.0531914893617021,0,
2192026,BA.2_0.005_abundance_0.15,G7664A;G7791A,ORF1a:D2467N;ORF1a:G2509D,18,446,0.0403587443946188,0,
2192026,BA.2_0.005_abundance_0.15,G7664A;G7791A;T7827G,ORF1a:D2467N;ORF1a:G2509D;ORF1a:F2521C,5,446,0.0112107623318385,0,
2192026,BA.2_0.005_abundance_0.15,T8142G;T8286A,ORF1a:L2626*;ORF1a:M2674K,57,1162,0.0490533562822719,0,
2192026,BA.2_0.005_abundance_0.15,T8286A;A8469T,ORF1a:M2674K;ORF1a:K2735M,8,201,0.0398009950248756,0,
2192026,BA.2_0.005_abundance_0.15,G9087T;T9135A;T9172C,ORF1a:G2941V;ORF1a:M2957K;ORF1a:L2969L,67,1165,0.0575107296137339,0,
2192026,BA.2_0.005_abundance_0.15,A9338C;C9344T;A9424G;C9534T,ORF1a:N3025H;ORF1a:L3027F;ORF1a:V3053V;ORF1a:T3090I,84,1653,0.0508166969147005,6,BA.2:2;BA.5.11:3;BF.8:1
2192026,BA.2_0.005_abundance_0.15,C9534T;T9690C,ORF1a:T3090I;ORF1a:I3142T,42,910,0.0461538461538461,80,BA.5.2.21:1;BA.2.10:2;BF.7.6:3;BA.5.3.5:4;BA.5.5:37;BA.4.6:3;BA.2.75:2;BA.2:11;BA.5.1.2:2;BA.2.47:1;BA.2.9:4;BA.5.2.9:1;BA.2.75.5:2;BF.5:5;BF.26:1;BA.5.2:1
2192026,BA.2_0.005_abundance_0.15,G11113A;A11307T,ORF1a:M3616I;ORF1a:D3681V,17,72,0.2361111111111111,0,
2192026,BA.2_0.005_abundance_0.15,A11360G;T11459A,ORF1a:T3699A;ORF1a:S3732T,16,382,0.0418848167539267,0,
2192026,BA.2_0.005_abundance_0.15,T11915C;A12159G;T12182G,ORF1a:S3884P;ORF1a:E3965G;ORF1a:S3973A,17,638,0.0266457680250783,0,
2192026,BA.2_0.005_abundance_0.15,A12159G;T12182G;A12303G;G12332T,ORF1a:E3965G;ORF1a:S3973A;ORF1a:Y4013C;ORF1a:A4023S,74,1480,0.05,0,
2192026,BA.2_0.005_abundance_0.15,T12752G;A12780G;C12880T,ORF1a:C4163G;ORF1a:Y4172C;ORF1a:I4205I,82,2056,0.0398832684824902,0,
2192026,BA.2_0.005_abundance_0.15,T12752G;A12780G;C12880T;C13059G,ORF1a:C4163G;ORF1a:Y4172C;ORF1a:I4205I;ORF1a:T4265S,20,554,0.0361010830324909,0,
2192026,BA.2_0.005_abundance_0.15,C12880T;A12898T,ORF1a:I4205I;ORF1a:P4211P,331,2125,0.1557647058823529,21,BA.5.2:19;BA.5.1.1:2
2192026,BA.2_0.005_abundance_0.15,C12880T;C13059G,ORF1a:I4205I;ORF1a:T4265S,7,575,0.0121739130434782,0,
2192026,BA.2_0.005_abundance_0.15,C13059G;C13101G;A13203C,ORF1a:T4265S;ORF1a:A4279G;ORF1a:E4313A,23,946,0.0243128964059196,0,
2192026,BA.2_0.005_abundance_0.15,C13059G;C13083T;C13101G;A13203C,ORF1a:T4265S;ORF1a:A4273V;ORF1a:A4279G;ORF1a:E4313A,32,946,0.0338266384778012,0,
2192026,BA.2_0.005_abundance_0.15,G14335T;T14382C;C14408T,ORF1b:V290F;ORF1b:N305N;ORF1b:P314L,27,452,0.0597345132743362,2,B.1.1.63:2
2192026,BA.2_0.005_abundance_0.15,C14403A;C14408T,ORF1b:F312L;ORF1b:P314L,12,452,0.0265486725663716,27,B.1.2:13;BA.1.15:1;AY.25.1:2;B.1:2;BA.1.1:1;BA.2:2;BA.5:1;BA.5.2.20:1;AY.68:1;AY.3:3
2192026,BA.2_0.005_abundance_0.15,C14408T;A14436T,ORF1b:P314L;ORF1b:K323N,13,452,0.0287610619469026,6,AY.119:2;BA.5.1.9:1;BA.1.15:1;AY.34:1;BA.5.1.22:1
2192026,BA.2_0.005_abundance_0.15,G14580T;T14606A;T14803C,ORF1b:M371I;ORF1b:L380Q;ORF1b:Y446H,8,175,0.0457142857142857,0,
2192026,BA.2_0.005_abundance_0.15,T14606A;T14803C,ORF1b:L380Q;ORF1b:Y446H,27,663,0.0407239819004524,0,
2192026,BA.2_0.005_abundance_0.15,T15584G;C15714T,ORF1b:I706S;ORF1b:L749L,75,2638,0.0284306292645943,3,BA.5.3.2:2;BA.4.1:1
2192026,BA.2_0.005_abundance_0.15,G15652C;C15714T;A15788T,ORF1b:D729H;ORF1b:L749L;ORF1b:K774M,116,2485,0.0466800804828973,0,
2192026,BA.2_0.005_abundance_0.15,T17364G;C17410T,ORF1b:I1299M;ORF1b:R1315C,390,3181,0.1226029550455831,11,BA.2.12.2:4;BA.5.2.1:2;BA.2:1;BA.2.10.1:1;BA.5.2.2:1;BA.5.2.20:2
2192026,BA.2_0.005_abundance_0.15,C17410T;A17614T,ORF1b:R1315C;ORF1b:K1383*,11,165,0.0666666666666666,1,BA.2.5:1
2192026,BA.2_0.005_abundance_0.15,G17814C;T17870C,ORF1b:L1449F;ORF1b:I1468T,13,363,0.0358126721763085,0,
2192026,BA.2_0.005_abundance_0.15,A18163G;T18295C,ORF1b:I1566V;ORF1b:W1610R,105,270,0.3888888888888889,2,BA.2.12.1:1;BA.2:1
2192026,BA.2_0.005_abundance_0.15,T18295C;G18337T,ORF1b:W1610R;ORF1b:A1624S,5,347,0.0144092219020172,0,
2192026,BA.2_0.005_abundance_0.15,T18690G;A18740T,ORF1b:F1741L;ORF1b:D1758V,38,1991,0.0190858864892014,0,
2192026,BA.2_0.005_abundance_0.15,T18690G;G18720A,ORF1b:F1741L;ORF1b:W1751*,23,1991,0.0115519839276745,0,
2192026,BA.2_0.005_abundance_0.15,A18977T;A19008T,ORF1b:Q1837L;ORF1b:A1847A,27,296,0.0912162162162162,0,
2192026,BA.2_0.005_abundance_0.15,A18977T;T18989G;A19008T,ORF1b:Q1837L;ORF1b:V1841G;ORF1b:A1847A,12,296,0.0405405405405405,0,
2192026,BA.2_0.005_abundance_0.15,A18977T;T18989G,ORF1b:Q1837L;ORF1b:V1841G,7,296,0.0236486486486486,0,
2192026,BA.2_0.005_abundance_0.15,T18989G;A19008T,ORF1b:V1841G;ORF1b:A1847A,16,296,0.054054054054054,0,
2192026,BA.2_0.005_abundance_0.15,T20833G;T20912G,ORF1b:L2456V;ORF1b:L2482*,55,1036,0.053088803088803,0,
2192026,BA.2_0.005_abundance_0.15,C21221T;T21235G;T21252A,ORF1b:A2585V;ORF1b:F2590V;ORF1b:N2595K,37,1348,0.0274480712166172,0,
2192026,BA.2_0.005_abundance_0.15,C21221T;T21235G;G21249T;T21252A,ORF1b:A2585V;ORF1b:F2590V;ORF1b:V2594V;ORF1b:N2595K,37,1348,0.0274480712166172,0,
2192026,BA.2_0.005_abundance_0.15,A21788G;G21987A,S:T76A;S:G142D,687,1889,0.3636844891476972,140,AY.26:9;AY.4:20;AY.112:44;BA.5.2:7;AY.25.1:6;BA.5.2.28:1;CR.1:2;BF.7:2;AY.44:2;BA.2.20:3;AY.121:1;AY.103:3;BA.5:2;BA.1.1:1;BE.1.4:1;BA.2:3;B.1.617.2:3;AY.122:1;AY.3:1;BA.5.2.1:5;AY.25:1;XBB.1:1;BA.2.12.1:1;AY.100:1;BA.2.75:2;BA.5.5:8;AY.99.2:1;AY.4.5:4;BA.5.1:1;AY.59:1;BA.4.5:1;AY.5.4:1
2192026,BA.2_0.005_abundance_0.15,C21816A;G21987A,S:P85Q;S:G142D,91,1889,0.0481736368448914,41,B.1.617.2:2;AY.69:1;AY.127:1;AY.4.2:1;AY.122:5;AY.43:1;AY.42:1;AY.29:7;AY.5.4:1;AY.39:1;AY.25:1;AY.46.6:1;BA.1.15:1;AY.119:3;AY.4:1;AY.103:2;BA.1.18:1;AY.33:1;BA.4.6:1;BA.2:1;BF.1:1;BQ.1:1;AY.44:1;AY.36:1;BA.1:3
2192026,BA.2_0.005_abundance_0.15,A22161C;T22200G,S:Y200S;S:V213G,47,334,0.1407185628742515,14,BA.5.1:5;BA.5.1.30:1;BA.2.75:1;BA.2.67:1;BA.5.2.1:2;BA.2:1;BA.5.2.34:1;BE.1:1;BA.5.6.3:1
2192026,BA.2_0.005_abundance_0.15,T22200G;T22306A,S:V213G;S:Y248*,7,154,0.0454545454545454,0,
2192026,BA.2_0.005_abundance_0.15,T22618C;A22623C;C22674T;T22679C;C22686T;A22688G;G22775A;A22786C,S:A352A;S:N354T;S:S371F;S:S373P;S:S375F;S:T376A;S:D405N;S:R408S,9,198,0.0454545454545454,0,
2192026,BA.2_0.005_abundance_0.15,C22674T;T22679A;C22686T;A22688G;G22775A;A22786C,S:S371F;S:S373T;S:S375F;S:T376A;S:D405N;S:R408S,15,198,0.0757575757575757,3,BF.25:1;BA.5.2:1;BA.2:1
2192026,BA.2_0.005_abundance_0.15,G23210C;A23403G,S:G550R;S:D614G,96,1683,0.0570409982174688,0,
2192026,BA.2_0.005_abundance_0.15,C23525T;T23599G;C23604A;C23745T;A23767T,S:H655Y;S:N679K;S:P681H;S:P728L;S:S735S,51,953,0.0535152151101783,0,
2192026,BA.2_0.005_abundance_0.15,C23525T;T23599G;C23604A;A23767T,S:H655Y;S:N679K;S:P681H;S:S735S,11,953,0.0115424973767051,36,BA.1.1:9;BA.4.6:1;BA.1.1.1:1;BA.1.15:4;BA.2.3.20:10;BQ.1.1.18:2;BA.5.2.1:1;BA.1:3;BA.2:1;BA.5.9:1;BA.4:2;BA.5.5:1
2192026,BA.2_0.005_abundance_0.15,G23856A;C23895T;T23906C;G23948T,S:R765H;S:T778I;S:F782L;S:D796Y,7,216,0.0324074074074074,0,
2192026,BA.2_0.005_abundance_0.15,C23917T;G23948T,S:V785V;S:D796Y,69,216,0.3194444444444444,823,BQ.1.8.2:2;BQ.1:5;BF.7.6:1;BA.5.2:53;BA.5.5:8;BA.5.2.6:2;BA.1:14;BA.2.9:10;BA.2:166;BA.2.12.1:54;BQ.1.3:7;BA.1.1:56;BQ.1.1.13:1;BF.26:169;BA.5.2.1:63;BA.5.1:27;BA.2.1:1;BA.2.23:5;BA.1.1.2:34;BA.5:41;BE.1:3;BA.1.15:17;BA.2.38:1;BQ.1.1.17:1;BQ.1.1.24:1;BQ.1.1:1;BA.1.17.2:17;BA.2.3:2;BE.1.1:1;BA.5.2.7:1;BA.4.1:5;BQ.1.1.22:3;BA.1.1.1:1;BA.5.2.44:6;BA.2.10:8;BQ.1.23:1;BA.2.36:2;BA.2.42:1;BA.2.57:3;BQ.1.1.7:1;BA.5.2.9:1;BQ.1.12:1;BA.5.1.24:2;BF.3:1;BA.1.18:1;BA.2.56:1;BA.5.2.8:1;BA.5.2.22:2;BF.7:1;BA.5.1.16:1;BA.2.3.1:1;BF.12:1;BA.5.3.1:1;BA.2.75:4;BA.5.2.34:4;XAZ:1;BA.5.1.22:1;BA.5.9:1;BQ.1.2:1;BA.5.1.10:1
2192026,BA.2_0.005_abundance_0.15,G23948T;A24036T,S:D796Y;S:K825I,7,203,0.0344827586206896,2,BQ.1.1:1;BA.2.12.1:1
2192026,BA.2_0.005_abundance_0.15,A24335G;A24424T,S:N925D;S:Q954H,73,164,0.4451219512195122,26,BQ.1.1.4:1;BA.5.2.16:1;BA.2:11;BA.2.3:2;BA.5.5:1;BQ.1.1.17:1;BA.2.9:1;BA.5.1.22:1;BA.5.2:2;BA.5.1:1;BA.1.1:1;BA.1.14:1;BA.1:1;BA.4.1:1
2192026,BA.2_0.005_abundance_0.15,A24424T;T24469A;C24639G,S:Q954H;S:N969K;S:A1026G,5,71,0.0704225352112676,1,BA.5.2:1
2192026,BA.2_0.005_abundance_0.15,A24424T;T24469A;T24481A,S:Q954H;S:N969K;S:I973I,5,81,0.0617283950617283,59,BE.1:52;BA.5.1:1;BA.1.15:1;BF.7:3;BA.1:2
2192026,BA.2_0.005_abundance_0.15,T24469A;T24481A,S:N969K;S:I973I,16,346,0.0462427745664739,59,BE.1:52;BA.5.1:1;BA.1.15:1;BF.7:3;BA.1:2
2192026,BA.2_0.005_abundance_0.15,T24469A;C24639G,S:N969K;S:A1026G,15,321,0.0467289719626168,1,BA.5.2:1
2192026,BA.2_0.005_abundance_0.15,G24867C;T24890A;C25000T,S:W1102S;S:Y1110N;S:D1146D,133,778,0.1709511568123393,0,
2192026,BA.2_0.005_abundance_0.15,G24867C;C25000T,S:W1102S;S:D1146D,380,778,0.4884318766066838,13,BA.5.2:2;BA.1.15:1;BA.5.2.9:1;BA.5.2.8:1;BA.1:1;BA.5.2.1:2;BA.2:1;BA.2.13.1:1;BA.1.1:2;BA.2.12.1:1
2192026,BA.2_0.005_abundance_0.15,G24867C;C24980A;C25000T,S:W1102S;S:P1140T;S:D1146D,15,778,0.0192802056555269,0,
2192026,BA.2_0.005_abundance_0.15,G24867C;T24890A,S:W1102S;S:Y1110N,18,851,0.0211515863689776,0,
2192026,BA.2_0.005_abundance_0.15,T24890A;C25000T,S:Y1110N;S:D1146D,62,778,0.0796915167095115,4,BA.4.1:1;BA.2:1;BQ.1.2:1;B.1.1.529:1
2192026,BA.2_0.005_abundance_0.15,A25372T;C25584T,S:L1270F;ORF3a:T64T,45,1580,0.0284810126582278,5,BA.5.2:1;BA.2:2;BA.5:1;BQ.1.1.13:1
2192026,BA.2_0.005_abundance_0.15,A25372T;G25424T;C25584T,S:L1270F;ORF3a:G11V;ORF3a:T64T,40,1580,0.0253164556962025,0,
2192026,BA.2_0.005_abundance_0.15,G25424T;C25584T,ORF3a:G11V;ORF3a:T64T,633,1580,0.4006329113924051,158,BA.1.15:11;BA.2.81:1;BQ.1.1.22:1;BA.1.1:22;BA.2:43;BA.5.5:2;BA.2.9:4;BA.4.1:3;BA.4:1;BA.1.10:8;BA.1:8;BA.1.18:1;BA.5.2.1:3;BA.5.2.7:1;BA.5.1:8;BA.5.6:2;BA.2.10:2;BQ.1.1:3;BE.3:1;BF.5:1;BA.1.20:1;BA.5.1.16:2;BA.1.1.14:2;BA.1.15.1:5;BA.2.3:1;BA.5.1.23:1;BA.5.2.28:4;BF.21:1;XE:1;BA.5.1.17:1;BA.5.1.30:1;BA.2.12.1:3;BA.1.17.2:2;BA.2.75:2;BA.5.2:1;BA.5.1.5:1;AY.33:1;BA.2.14:1;BA.4.6:1
2192026,BA.2_0.005_abundance_0.15,G25954C;C25989A;T26138G;C26270T,ORF3a:G188R;ORF3a:D199E;ORF3a:I249S;E:T9I,41,1076,0.0381040892193308,0,
2192026,BA.2_0.005_abundance_0.15,G25954C;C25989A;C26270T,ORF3a:G188R;ORF3a:D199E;E:T9I,17,1076,0.0157992565055762,0,
2192026,BA.2_0.005_abundance_0.15,G25954C;C25989A;T26138G,ORF3a:G188R;ORF3a:D199E;ORF3a:I249S,15,1488,0.0100806451612903,0,
2192026,BA.2_0.005_abundance_0.15,T26106G;T26138G;C26270T,ORF3a:D238E;ORF3a:I249S;E:T9I,35,1077,0.032497678737233,0,
2192026,BA.2_0.005_abundance_0.15,T26106G;C26270T,ORF3a:D238E;E:T9I,19,1077,0.0176415970287836,33,BA.1.1:4;BA.5.2:1;BA.2:27;BA.5.1:1
2192026,BA.2_0.005_abundance_0.15,T26106G;T26138G,ORF3a:D238E;ORF3a:I249S,22,1489,0.0147750167897918,0,
2192026,BA.2_0.005_abundance_0.15,T26138G;C26270T,ORF3a:I249S;E:T9I,606,1077,0.5626740947075209,3,BA.5.2.22:1;BA.2.9:2
2192026,BA.2_0.005_abundance_0.15,C26270T;G26375T,E:T9I;E:C44F,123,1781,0.069062324536777,35,BA.1.1.15:1;BA.2:3;BA.4.1:2;BA.2.12.1:2;BA.2.9:4;BA.5.6:2;BA.5.2:13;BA.2.10:1;BF.14:1;CP.1.1:1;BA.5.1.30:1;BQ.1.8:1;BQ.1.1:1;BA.2.36:1;BA.5.2.22:1
2192026,BA.2_0.005_abundance_0.15,C26577G;G26709A;A26766C;C26858T,M:Q19E;M:A63T;M:I82L;M:F112F,1060,3103,0.3416048984853367,0,
2192026,BA.2_0.005_abundance_0.15,C26577G;A26578T;G26709A;C26858T,M:Q19E;M:Q19L;M:A63T;M:F112F,183,4146,0.0441389290882778,0,
2192026,BA.2_0.005_abundance_0.15,C26577G;G26709A;A26766C,M:Q19E;M:A63T;M:I82L,102,3300,0.0309090909090909,2,BA.5.2:1;BA.1.1.2:1
2192026,BA.2_0.005_abundance_0.15,T27523G;G27621C;T27781G;C27807T,ORF7a:S44A;ORF7a:Q76H;ORF7b:F9C;ORF7b:L18L,18,491,0.0366598778004073,0,
2192026,BA.2_0.005_abundance_0.15,T27614A;C27807T,ORF7a:V74D;ORF7b:L18L,50,491,0.1018329938900203,6,BA.1.1:1;BA.2:1;BA.5.1.10:1;BA.2.12.1:2;BA.1.17:1
2192026,BA.2_0.005_abundance_0.15,A27983T;A28095C,ORF8:P30P;ORF8:K68Q,70,1586,0.0441361916771752,0,
2192026,BA.2_0.005_abundance_0.15,T28148G;C28311T,ORF8:P85P;N:P13L,61,2442,0.0249795249795249,32,BA.1.1:13;BA.2.12.1:14;BE.1:2;BA.2:1;BA.1.1.18:1;BA.1.15:1
2192026,BA.2_0.005_abundance_0.15,T28151A;A28222G;T28251A;C28311T;C28331G;C28411A,ORF8:F86L;ORF8:E110G;ORF8:F120I;N:P13L;N:P20A;N:P46P,32,2109,0.0151730678046467,0,
2192026,BA.2_0.005_abundance_0.15,T28151A;A28222G;T28251A;C28311T;C28331G,ORF8:F86L;ORF8:E110G;ORF8:F120I;N:P13L;N:P20A,82,2275,0.036043956043956,0,
2192026,BA.2_0.005_abundance_0.15,T28189A;C28311T,ORF8:V99E;N:P13L,94,2442,0.0384930384930384,9,BA.5.1:2;BA.2:1;BA.1.1:4;BA.1:1;BA.5.2.1:1
2192026,BA.2_0.005_abundance_0.15,T28189A;C28311T;C28411A,ORF8:V99E;N:P13L;N:P46P,30,2109,0.0142247510668563,0,
2192026,BA.2_0.005_abundance_0.15,C28311T;C28411A,N:P13L;N:P46P,524,2109,0.2484589853010905,8,BA.1.1:5;BA.2.12.1:1;BF.5:1;BE.1.1:1
2192026,BA.2_0.005_abundance_0.15,A28496C;A28702T,N:N75H;N:K143N,40,661,0.0605143721633888,0,
2192026,BA.2_0.005_abundance_0.15,G29427T;A29510T,N:R385I;N:S413C,5,78,0.0641025641025641,0,
2192026,BA.2_0.005_abundance_0.15,A29510C;A29521C,N:S413R;N:S416S,33,78,0.4230769230769231,9,BA.5.2.1:6;BA.2:2;BA.5.5.1:1
2262026,BA.2_0.005_abundance_0.15,T467A;T670G,ORF1a:Y68N;ORF1a:S135R,214,2530,0.0845849802371541,9,BA.5.5:1;BQ.1.1:1;BA.2:2;BA.5.2.1:1;BA.5.1.1:2;BA.5.2:2
2262026,BA.2_0.005_abundance_0.15,T670G;A905G,ORF1a:S135R;ORF1a:T214A,15,225,0.0666666666666666,121,BF.7:2;BQ.1.1.19:1;BE.1:3;BA.5.1.10:64;BA.5.2:23;BA.5.2.1:7;BF.31:2;BF.8:9;BQ.1.1:1;BA.2:5;BA.2.12.1:1;BE.1.1:1;BA.5.1:1;BE.4:1
2262026,BA.2_0.005_abundance_0.15,T670G;T826G,ORF1a:S135R;ORF1a:D187E,76,253,0.300395256916996,0,
2262026,BA.2_0.005_abundance_0.15,T826G;A905G,ORF1a:D187E;ORF1a:T214A,48,2105,0.0228028503562945,0,
2262026,BA.2_0.005_abundance_0.15,G1636A;A1763T,ORF1a:E457E;ORF1a:K500*,105,3298,0.0318374772589448,0,
2262026,BA.2_0.005_abundance_0.15,G1636A;G1747A;A1763T,ORF1a:E457E;ORF1a:L494L;ORF1a:K500*,40,3298,0.0121285627653123,0,
2262026,BA.2_0.005_abundance_0.15,G1636A;A1846T,ORF1a:E457E;ORF1a:K527N,59,3068,0.0192307692307692,0,
2262026,BA.2_0.005_abundance_0.15,G1636A;G1747A,ORF1a:E457E;ORF1a:L494L,69,3298,0.0209217707701637,0,
2262026,BA.2_0.005_abundance_0.15,G1747A;A1763T,ORF1a:L494L;ORF1a:K500*,167,3299,0.050621400424371,0,
2262026,BA.2_0.005_abundance_0.15,G1747A;A1846T,ORF1a:L494L;ORF1a:K527N,94,3069,0.0306288693385467,0,
2262026,BA.2_0.005_abundance_0.15,A1763T;A1846T,ORF1a:K500*;ORF1a:K527N,127,3069,0.0413815575105897,0,
2262026,BA.2_0.005_abundance_0.15,T3034C;C3037T,ORF1a:S923S;ORF1a:F924F,8,75,0.1066666666666666,652,AY.5:3;AY.25:1;AY.34.1:113;B.1.637:4;B.1.1.434:2;B.1.617.2:10;AY.103:8;BC.1:1;B.1.177:12;BA.5.5:5;CM.1:12;AY.3:26;B.1.1.7:284;B.1.564:1;P.1.7:4;BA.5.2.1:3;BA.5.1:3;BA.2:22;BF.10:1;BA.5.1.2:2;B.1.619:1;BA.1:7;BA.1.1.2:1;BA.2.9:2;BA.5.2:4;BA.1.17:1;AY.20:21;B.1.2:4;AY.43:5;BA.2.12.1:3;AY.4:12;BA.1.1:5;B.1:5;BA.2.37:1;BE.1.1:7;B.1.480:1;BA.4:1;B.1.1.519:1;B.1.1.318:2;BF.21:1;AY.6:1;BQ.1.14:4;BA.4.6.2:2;B.1.1.524:2;AY.98.1:1;BA.1.16:3;AY.42:2;BA.5.6:1;AY.126:1;P.1:2;AY.100:1;AY.26:1;BA.1.17.2:3;BA.4.1.6:2;AY.25.1:1;AY.35:1;AY.91:1;BA.2.9.5:1;AY.3.1:1;B.1.438.1:7;AY.122:5;AY.44:2;AY.85:3;AY.129:1;C.37:1
2262026,BA.2_0.005_abundance_0.15,C3037T;T3055G,ORF1a:F924F;ORF1a:D930E,6,75,0.08,66,AY.44:13;B.1.258.17:1;AY.4:7;BA.5.1.30:5;AY.39:28;BQ.1.1:3;B.1.221:1;B.1:1;BA.1:2;AY.122:1;BA.5.1:1;B.1.617.2:1;B.1.1.7:1;AY.43.4:1
2262026,BA.2_0.005_abundance_0.15,A4774T;G4836T;A4853T,ORF1a:E1503D;ORF1a:G1524V;ORF1a:R1530*,36,480,0.075,0,
2262026,BA.2_0.005_abundance_0.15,G5109C;A5198G;G5210A,ORF1a:G1615A;ORF1a:R1645G;ORF1a:A1649T,17,254,0.0669291338582677,0,
2262026,BA.2_0.005_abundance_0.15,A6722T;A6729T;G6816T,ORF1a:T2153S;ORF1a:N2155I;ORF1a:R2184I,12,227,0.052863436123348,0,
2262026,BA.2_0.005_abundance_0.15,T7084C;T7176G;G7273T,ORF1a:S2273S;ORF1a:L2304*;ORF1a:R2336S,103,1412,0.0729461756373937,0,
2262026,BA.2_0.005_abundance_0.15,G7664A;G7791A;G7936T,ORF1a:D2467N;ORF1a:G2509D;ORF1a:A2557A,33,529,0.0623818525519848,0,
2262026,BA.2_0.005_abundance_0.15,G7664A;G7791A,ORF1a:D2467N;ORF1a:G2509D,28,560,0.05,0,
2262026,BA.2_0.005_abundance_0.15,G7791A;G7936T,ORF1a:G2509D;ORF1a:A2557A,26,1087,0.0239190432382704,0,
2262026,BA.2_0.005_abundance_0.15,T8142G;T8286A,ORF1a:L2626*;ORF1a:M2674K,87,885,0.0983050847457627,0,
2262026,BA.2_0.005_abundance_0.15,T8286A;A8469T,ORF1a:M2674K;ORF1a:K2735M,12,129,0.0930232558139534,0,
2262026,BA.2_0.005_abundance_0.15,G9087T;T9135A;T9172C,ORF1a:G2941V;ORF1a:M2957K;ORF1a:L2969L,26,402,0.0646766169154228,0,
2262026,BA.2_0.005_abundance_0.15,G9276T;C9344T;A9424G;C9534T,ORF1a:W3004L;ORF1a:L3027F;ORF1a:V3053V;ORF1a:T3090I,177,490,0.3612244897959183,0,
2262026,BA.2_0.005_abundance_0.15,G9276T;C9344T;A9424G,ORF1a:W3004L;ORF1a:L3027F;ORF1a:V3053V,33,571,0.0577933450087565,0,
2262026,BA.2_0.005_abundance_0.15,G9276T;A9291C;C9344T;A9424G,ORF1a:W3004L;ORF1a:D3009A;ORF1a:L3027F;ORF1a:V3053V,12,571,0.021015761821366,0,
2262026,BA.2_0.005_abundance_0.15,G9276T;A9338C;C9344T;A9424G;C9534T,ORF1a:W3004L;ORF1a:N3025H;ORF1a:L3027F;ORF1a:V3053V;ORF1a:T3090I,20,490,0.0408163265306122,0,
2262026,BA.2_0.005_abundance_0.15,G9276T;A9291C;C9344T;A9424G;C9534T,ORF1a:W3004L;ORF1a:D3009A;ORF1a:L3027F;ORF1a:V3053V;ORF1a:T3090I,53,490,0.1081632653061224,0,
2262026,BA.2_0.005_abundance_0.15,G9276T;A9291C;C9344T;A9424G;A9486C;C9534T,ORF1a:W3004L;ORF1a:D3009A;ORF1a:L3027F;ORF1a:V3053V;ORF1a:Y3074S;ORF1a:T3090I,5,490,0.010204081632653,0,
2262026,BA.2_0.005_abundance_0.15,G9276T;C9344T;A9424G;A9486C;C9534T,ORF1a:W3004L;ORF1a:L3027F;ORF1a:V3053V;ORF1a:Y3074S;ORF1a:T3090I,12,490,0.0244897959183673,0,
2262026,BA.2_0.005_abundance_0.15,A9291C;C9344T;A9424G;C9534T,ORF1a:D3009A;ORF1a:L3027F;ORF1a:V3053V;ORF1a:T3090I,35,490,0.0714285714285714,724,BA.2.12.1:1;BA.2.9.5:36;BA.4.1:1;BA.2:37;BA.2.9:616;BA.2.9.3:2;XBB.1.5:1;BF.11:11;XBB.3:2;BQ.1.1:8;BA.5.2.1:3;BA.5.2:1;BA.2.3:1;BF.26:1;BA.5.1:2;BA.2.10:1
2262026,BA.2_0.005_abundance_0.15,A9291C;C9344T;A9424G,ORF1a:D3009A;ORF1a:L3027F;ORF1a:V3053V,8,571,0.0140105078809106,726,BA.2.12.1:1;BA.2.9.5:36;BA.4.1:1;BA.2:38;BA.2.9:617;BA.2.9.3:2;XBB.1.5:1;BF.11:11;XBB.3:2;BQ.1.1:8;BA.5.2.1:3;BA.5.2:1;BA.2.3:1;BF.26:1;BA.5.1:2;BA.2.10:1
2262026,BA.2_0.005_abundance_0.15,A9338C;C9344T;A9424G;C9534T,ORF1a:N3025H;ORF1a:L3027F;ORF1a:V3053V;ORF1a:T3090I,18,490,0.036734693877551,6,BA.2:2;BA.5.11:3;BF.8:1
2262026,BA.2_0.005_abundance_0.15,C9344T;A9424G;A9486C;C9534T,ORF1a:L3027F;ORF1a:V3053V;ORF1a:Y3074S;ORF1a:T3090I,15,490,0.0306122448979591,2,BA.5.1.25:1;BA.4.1:1
2262026,BA.2_0.005_abundance_0.15,C9534T;T9690C,ORF1a:T3090I;ORF1a:I3142T,73,691,0.1056439942112879,80,BA.5.2.21:1;BA.2.10:2;BF.7.6:3;BA.5.3.5:4;BA.5.5:37;BA.4.6:3;BA.2.75:2;BA.2:11;BA.5.1.2:2;BA.2.47:1;BA.2.9:4;BA.5.2.9:1;BA.2.75.5:2;BF.5:5;BF.26:1;BA.5.2:1
2262026,BA.2_0.005_abundance_0.15,C10029T;C9866T;G9923C,ORF1a:T3255I;ORF1a:L3201F;ORF1a:A3220P,79,885,0.0892655367231638,0,
2262026,BA.2_0.005_abundance_0.15,G10517C;G10685C,ORF1a:D3418H;ORF1a:A3474P,13,293,0.0443686006825938,0,
2262026,BA.2_0.005_abundance_0.15,G10517C;A10585G,ORF1a:D3418H;ORF1a:L3440L,6,308,0.0194805194805194,0,
2262026,BA.2_0.005_abundance_0.15,A10585G;G10685C,ORF1a:L3440L;ORF1a:A3474P,6,293,0.0204778156996587,0,
2262026,BA.2_0.005_abundance_0.15,G10638C;G10685C,ORF1a:G3458A;ORF1a:A3474P,6,293,0.0204778156996587,0,
2262026,BA.2_0.005_abundance_0.15,G11222T;A11360G,ORF1a:V3653F;ORF1a:T3699A,19,299,0.0635451505016722,0,
2262026,BA.2_0.005_abundance_0.15,A11359T;C11416A,ORF1a:R3698S;ORF1a:L3717L,8,317,0.0252365930599369,0,
2262026,BA.2_0.005_abundance_0.15,A11360G;T11459A,ORF1a:T3699A;ORF1a:S3732T,24,317,0.0757097791798107,0,
2262026,BA.2_0.005_abundance_0.15,C11775T;T11864G,ORF1a:A3837V;ORF1a:C3867G,13,190,0.0684210526315789,0,
2262026,BA.2_0.005_abundance_0.15,T11915C;A12159G;T12182G,ORF1a:S3884P;ORF1a:E3965G;ORF1a:S3973A,303,3692,0.0820693391115926,0,
2262026,BA.2_0.005_abundance_0.15,A12159G;T12182G;A12303G;G12332T,ORF1a:E3965G;ORF1a:S3973A;ORF1a:Y4013C;ORF1a:A4023S,36,845,0.0426035502958579,0,
2262026,BA.2_0.005_abundance_0.15,A12159G;T12182G;A12297T;A12303G;G12332T,ORF1a:E3965G;ORF1a:S3973A;ORF1a:Q4011L;ORF1a:Y4013C;ORF1a:A4023S,23,845,0.0272189349112426,0,
2262026,BA.2_0.005_abundance_0.15,T12752G;A12780G;C12880T,ORF1a:C4163G;ORF1a:Y4172C;ORF1a:I4205I,31,572,0.0541958041958041,0,
2262026,BA.2_0.005_abundance_0.15,T12752G;A12780G;C12880T;C13059G,ORF1a:C4163G;ORF1a:Y4172C;ORF1a:I4205I;ORF1a:T4265S,7,160,0.04375,0,
2262026,BA.2_0.005_abundance_0.15,T12799C;C12880T,ORF1a:G4178G;ORF1a:I4205I,74,583,0.1269296740994854,26,BA.5.2.1:19;BA.4:3;BA.4.6:1;BA.5.1.2:1;BA.2:2
2262026,BA.2_0.005_abundance_0.15,T12799C;C12880T;G12903T,ORF1a:G4178G;ORF1a:I4205I;ORF1a:C4213F,8,583,0.0137221269296741,0,
2262026,BA.2_0.005_abundance_0.15,C12880T;G12903T,ORF1a:I4205I;ORF1a:C4213F,54,584,0.0924657534246575,1,BA.5.2.16:1
2262026,BA.2_0.005_abundance_0.15,C13059G;C13101G;A13203C,ORF1a:T4265S;ORF1a:A4279G;ORF1a:E4313A,123,1757,0.0700056915196357,0,
2262026,BA.2_0.005_abundance_0.15,G13651C;A13791C;A13928T,ORF1b:V62L;ORF1b:Q108H;ORF1b:Y154F,93,1030,0.0902912621359223,0,
2262026,BA.2_0.005_abundance_0.15,G13651C;A13791C,ORF1b:V62L;ORF1b:Q108H,14,1153,0.0121422376409366,0,
2262026,BA.2_0.005_abundance_0.15,G14335T;T14382C;C14408T,ORF1b:V290F;ORF1b:N305N;ORF1b:P314L,60,706,0.0849858356940509,2,B.1.1.63:2
2262026,BA.2_0.005_abundance_0.15,G14580T;T14606A;T14803C,ORF1b:M371I;ORF1b:L380Q;ORF1b:Y446H,9,144,0.0625,0,
2262026,BA.2_0.005_abundance_0.15,T14606A;T14803C,ORF1b:L380Q;ORF1b:Y446H,37,511,0.0724070450097847,0,
2262026,BA.2_0.005_abundance_0.15,G15652C;C15714T;A15788T,ORF1b:D729H;ORF1b:L749L;ORF1b:K774M,595,6967,0.0854026123152002,0,
2262026,BA.2_0.005_abundance_0.15,A16500G;A16583C;A16606C;T16631A,ORF1b:Q1011Q;ORF1b:N1039T;ORF1b:N1047H;ORF1b:L1055H,7,94,0.0744680851063829,0,
2262026,BA.2_0.005_abundance_0.15,A16998C;T17021A,ORF1b:P1177P;ORF1b:F1185Y,114,1748,0.0652173913043478,0,
2262026,BA.2_0.005_abundance_0.15,A17277T;C17410T,ORF1b:K1270N;ORF1b:R1315C,1280,3850,0.3324675324675324,0,
2262026,BA.2_0.005_abundance_0.15,A17277T;T17369A,ORF1b:K1270N;ORF1b:M1301K,217,5917,0.0366739901977353,0,
2262026,BA.2_0.005_abundance_0.15,A17277T;T17369A;C17410T,ORF1b:K1270N;ORF1b:M1301K;ORF1b:R1315C,402,3850,0.1044155844155844,0,
2262026,BA.2_0.005_abundance_0.15,A17277T;T17284G;C17410T,ORF1b:K1270N;ORF1b:S1273A;ORF1b:R1315C,132,3850,0.0342857142857142,0,
2262026,BA.2_0.005_abundance_0.15,A17277T;T17284G,ORF1b:K1270N;ORF1b:S1273A,94,6310,0.0148969889064976,0,
2262026,BA.2_0.005_abundance_0.15,A17277T;T17284G;T17369A;C17410T,ORF1b:K1270N;ORF1b:S1273A;ORF1b:M1301K;ORF1b:R1315C,40,3850,0.0103896103896103,0,
2262026,BA.2_0.005_abundance_0.15,T17284G;C17410T,ORF1b:S1273A;ORF1b:R1315C,188,3850,0.0488311688311688,44,BE.1.1:27;BA.5.5:1;BA.5.2.1:2;BA.4.1:2;BA.2:3;BA.5.1.10:1;BA.5.2.39:1;BA.4:1;BA.5.2:2;BA.2.36:4
2262026,BA.2_0.005_abundance_0.15,T17284G;T17369A;C17410T,ORF1b:S1273A;ORF1b:M1301K;ORF1b:R1315C,53,3850,0.0137662337662337,0,
2262026,BA.2_0.005_abundance_0.15,T17369A;C17410T,ORF1b:M1301K;ORF1b:R1315C,423,3852,0.1098130841121495,0,
2262026,BA.2_0.005_abundance_0.15,G17814C;T17870C,ORF1b:L1449F;ORF1b:I1468T,204,2442,0.0835380835380835,0,
2262026,BA.2_0.005_abundance_0.15,G18124A;A18163G,ORF1b:V1553I;ORF1b:I1566V,8,311,0.0257234726688102,1,BA.4.6:1
2262026,BA.2_0.005_abundance_0.15,A18163G;A18251G,ORF1b:I1566V;ORF1b:N1595S,28,299,0.0936454849498327,31,BA.5.1:6;BA.2.12.1:1;BA.1.1.2:1;BA.5.5:2;BU.1:6;BA.1:9;BA.5.2:1;BQ.1.1:1;BA.2.3:1;BA.2.9:2;BA.1.1.1:1
2262026,BA.2_0.005_abundance_0.15,G18337T;T18539G;T18561A,ORF1b:A1624S;ORF1b:V1691G;ORF1b:L1698L,23,231,0.0995670995670995,0,
2262026,BA.2_0.005_abundance_0.15,G18720A;G18782A,ORF1b:W1751*;ORF1b:G1772D,183,4441,0.0412069353749155,0,
2262026,BA.2_0.005_abundance_0.15,G20725A;T20731G;T20833G,ORF1b:E2420K;ORF1b:C2422G;ORF1b:L2456V,14,167,0.0838323353293413,0,
2262026,BA.2_0.005_abundance_0.15,T20833G;T20912G,ORF1b:L2456V;ORF1b:L2482*,44,685,0.0642335766423357,0,
2262026,BA.2_0.005_abundance_0.15,T20833G;T20912G;C21114A,ORF1b:L2456V;ORF1b:L2482*;ORF1b:Y2549*,17,611,0.027823240589198,0,
2262026,BA.2_0.005_abundance_0.15,C21221T;T21235G;T21252A,ORF1b:A2585V;ORF1b:F2590V;ORF1b:N2595K,7,159,0.0440251572327044,0,
2262026,BA.2_0.005_abundance_0.15,A21712G;G21987A,S:S50S;S:G142D,111,448,0.2477678571428571,152,BA.2.12.1:6;AY.44:22;AY.5.4:1;BA.2:16;AY.120:2;BF.4:2;AY.122:5;AY.43:2;BA.2.3:2;BA.2.9:50;BF.10:6;AY.4:4;BA.2.38.3:2;BA.5.2:4;BA.5.6:1;AY.100:4;BA.2.9.5:2;BA.2.76:1;BA.2.3.20:1;AY.103:5;BA.5.2.1:1;AY.23:2;XBB.2:1;AY.101:1;BE.1.1:1;AY.117:2;AY.4.2.2:1;AY.85:5
2262026,BA.2_0.005_abundance_0.15,A21712G;C21816A;G21987A,S:S50S;S:P85Q;S:G142D,5,448,0.0111607142857142,0,
2262026,BA.2_0.005_abundance_0.15,C21816A;G21987A,S:P85Q;S:G142D,31,448,0.0691964285714285,41,B.1.617.2:2;AY.69:1;AY.127:1;AY.4.2:1;AY.122:5;AY.43:1;AY.42:1;AY.29:7;AY.5.4:1;AY.39:1;AY.25:1;AY.46.6:1;BA.1.15:1;AY.119:3;AY.4:1;AY.103:2;BA.1.18:1;AY.33:1;BA.4.6:1;BA.2:1;BF.1:1;BQ.1:1;AY.44:1;AY.36:1;BA.1:3
2262026,BA.2_0.005_abundance_0.15,C22077A;T22200G,S:S172Y;S:V213G,197,889,0.2215973003374578,10,BA.5.1:1;BA.2:2;BA.5.2.20:1;BA.5.2.28:1;BA.5.2.1:2;BA.4:1;BF.5:1;BA.2.76:1
2262026,BA.2_0.005_abundance_0.15,T22200G;T22306A,S:V213G;S:Y248*,43,413,0.1041162227602905,0,
2262026,BA.2_0.005_abundance_0.15,T22618C;A22623C;C22674T;T22679C;C22686T;A22688G;G22775A;A22786C;G22813T,S:A352A;S:N354T;S:S371F;S:S373P;S:S375F;S:T376A;S:D405N;S:R408S;S:K417N,15,193,0.077720207253886,0,
2262026,BA.2_0.005_abundance_0.15,C22674T;T22679C;C22686T;A22688G;G22703C;G22775A;A22786C;G22813T,S:S371F;S:S373P;S:S375F;S:T376A;S:G381R;S:D405N;S:R408S;S:K417N,32,193,0.1658031088082901,0,
2262026,BA.2_0.005_abundance_0.15,C22674T;T22679C;C22686T;A22688G;A22719G;G22775A;A22786C;G22813T,S:S371F;S:S373P;S:S375F;S:T376A;S:K386R;S:D405N;S:R408S;S:K417N,7,193,0.0362694300518134,1,BF.5:1
2262026,BA.2_0.005_abundance_0.15,T22882G;G22936T;G22992A;C22995A;A23013C;A23040G;A23055G;T23075C,S:N440K;S:K458N;S:S477N;S:T478K;S:E484A;S:Q493R;S:Q498R;S:Y505H,76,391,0.1943734015345268,8,BA.2.12.1:3;BA.1.13.1:1;BA.2.2:1;BA.2.9:2;BA.1.1:1
2262026,BA.2_0.005_abundance_0.15,G23210C;A23403G,S:G550R;S:D614G,107,1412,0.0757790368271954,0,
2262026,BA.2_0.005_abundance_0.15,T23599G;C23604A;C23745T;A23767T,S:N679K;S:P681H;S:P728L;S:S735S,16,165,0.0969696969696969,0,
2262026,BA.2_0.005_abundance_0.15,G23856A;C23895T;T23906C;G23948T;C24099A,S:R765H;S:T778I;S:F782L;S:D796Y;S:A846D,94,1087,0.0864765409383624,0,
2262026,BA.2_0.005_abundance_0.15,A24170T;T24218A;G24257T,S:I870F;S:W886R;S:A899S,30,1346,0.0222882615156017,0,
2262026,BA.2_0.005_abundance_0.15,A24170T;T24218A;G24257T;A24424T,S:I870F;S:W886R;S:A899S;S:Q954H,49,888,0.0551801801801801,0,
2262026,BA.2_0.005_abundance_0.15,A24170T;T24218A;G24257T;T24288G;A24424T,S:I870F;S:W886R;S:A899S;S:I909S;S:Q954H,17,888,0.0191441441441441,0,
2262026,BA.2_0.005_abundance_0.15,T24288G;A24424T,S:I909S;S:Q954H,189,888,0.2128378378378378,1,BA.2:1
2262026,BA.2_0.005_abundance_0.15,T24811A;C25000T,S:H1083Q;S:D1146D,29,946,0.0306553911205074,92,BF.10:6;BA.1.17.2:2;BA.5.3.1:1;BA.1.1.8:1;BA.2.9:25;BQ.1.1.3:10;BM.1.1.3:1;BA.1.1:30;BA.5.1.19:1;BA.2:2;BQ.1.1:3;BA.1:1;BQ.1.1.17:1;BA.1.15:1;BA.2.75:7
2262026,BA.2_0.005_abundance_0.15,T24811A;T24910G;C25000T,S:H1083Q;S:T1116T;S:D1146D,30,946,0.0317124735729386,0,
2262026,BA.2_0.005_abundance_0.15,T24910G;C25000T,S:T1116T;S:D1146D,395,946,0.4175475687103594,2,BA.2.7:1;BA.1.21.1:1
2262026,BA.2_0.005_abundance_0.15,T25152C;T25251C,S:L1197P;S:V1230A,24,615,0.0390243902439024,0,
2262026,BA.2_0.005_abundance_0.15,T25202C;T25251C,S:W1214R;S:V1230A,58,615,0.0943089430894309,0,
2262026,BA.2_0.005_abundance_0.15,A25372T;C25584T,S:L1270F;ORF3a:T64T,131,1503,0.0871590153027278,5,BA.5.2:1;BA.2:2;BA.5:1;BQ.1.1.13:1
2262026,BA.2_0.005_abundance_0.15,G25954C;C25989A;C26270T,ORF3a:G188R;ORF3a:D199E;E:T9I,9,112,0.0803571428571428,0,
2262026,BA.2_0.005_abundance_0.15,C26577G;G26709A;C26770A;C26858T,M:Q19E;M:A63T;M:A83E;M:F112F,680,2887,0.2355386214063041,0,
2262026,BA.2_0.005_abundance_0.15,C26577G;G26709A;C26858T;T26870C,M:Q19E;M:A63T;M:F112F;M:T116T,169,2149,0.078641228478362,120,BA.4.1:2;BA.2:42;BA.2.10:5;BA.4.6:28;BA.2.52:3;BA.5.2:1;BA.2.9:11;BA.2.12.1:20;BA.2.18:2;BA.2.3:1;BA.2.57:1;BA.2.75:4
2262026,BA.2_0.005_abundance_0.15,C26577G;A26578T;G26709A;C26858T,M:Q19E;M:Q19L;M:A63T;M:F112F,224,2887,0.0775891929338413,0,
2262026,BA.2_0.005_abundance_0.15,C26577G;G26709A;G26795C;C26858T,M:Q19E;M:A63T;M:M91I;M:F112F,356,2887,0.1233113959127121,0,
2262026,BA.2_0.005_abundance_0.15,C26577G;G26709A;C26770A;G26795C;C26858T,M:Q19E;M:A63T;M:A83E;M:M91I;M:F112F,266,2887,0.0921371666089366,0,
2262026,BA.2_0.005_abundance_0.15,C26577G;G26709A;C26770A,M:Q19E;M:A63T;M:A83E,56,3056,0.0183246073298429,0,
2262026,BA.2_0.005_abundance_0.15,C26577G;G26709A;C26770A;G26795C;C26858T;T26870C,M:Q19E;M:A63T;M:A83E;M:M91I;M:F112F;M:T116T,41,2149,0.0190786412284783,0,
2262026,BA.2_0.005_abundance_0.15,C26577G;G26709A;C26770A;C26858T;T26870C,M:Q19E;M:A63T;M:A83E;M:F112F;M:T116T,110,2149,0.0511865984178687,0,
2262026,BA.2_0.005_abundance_0.15,C26577G;G26709A;G26795C;C26858T;T26870C,M:Q19E;M:A63T;M:M91I;M:F112F;M:T116T,67,2149,0.0311772917636109,0,
2262026,BA.2_0.005_abundance_0.15,C26577G;G26709A;G26795C,M:Q19E;M:A63T;M:M91I,42,3056,0.0137434554973822,1,BA.5.2:1
2262026,BA.2_0.005_abundance_0.15,C26577G;A26578T;G26709A;C26858T;T26870C,M:Q19E;M:Q19L;M:A63T;M:F112F;M:T116T,32,2149,0.0148906468124709,0,
2262026,BA.2_0.005_abundance_0.15,A27983T;A28095C,ORF8:P30P;ORF8:K68Q,152,2021,0.0752102919346858,0,
2262026,BA.2_0.005_abundance_0.15,T28151A;A28222G;T28251A;C28311T;C28331G,ORF8:F86L;ORF8:E110G;ORF8:F120I;N:P13L;N:P20A,146,1783,0.0818844643858665,0,
2262026,BA.2_0.005_abundance_0.15,A28496C;A28702T,N:N75H;N:K143N,71,996,0.071285140562249,0,
2262026,BA.2_0.005_abundance_0.15,A28496C;G28596C;A28702T,N:N75H;N:W108S;N:K143N,14,996,0.0140562248995983,0,
2262026,BA.2_0.005_abundance_0.15,G28596C;G28643T,N:W108S;N:G124C,26,998,0.0260521042084168,0,
2262026,BA.2_0.005_abundance_0.15,G28881A;G28882A;G28883C;T28894A,N:R203K;N:R203R;N:G204R;N:P207P,24,51,0.4705882352941176,158,B.1.1.284:58;BA.5.5:10;B.1.1:3;B.1.1.7:17;BA.1.1:7;BA.2:15;BA.2.36:1;BA.1.1.2:13;BA.5.2:18;B.1.1.33:2;P.1.17:1;BA.1.15:2;BA.1.15.1:1;B.1.1.222:1;BA.5.2.6:3;BA.4:1;BA.2.12.1:1;BA.5.3.1:1;BA.5.2.1:1;BA.1.17.2:1;P.1:1
2262026,BA.2_0.005_abundance_0.15,C29367T;A29510C,N:P365L;N:S413R,184,826,0.2227602905569007,3320,BQ.1:8;CK.2.1.1:7;BA.2.21:9;BA.2.3.20:6;BA.5.2:291;BA.4.6:16;BA.2.38:9;BA.5.3.1:29;BA.4.1:21;BA.5.2.20:43;BQ.1.11:1;BA.5.5:15;BA.2.1:4;BA.2.9:212;BF.1:5;BF.5:23;BA.2.3:77;BA.2.12:11;BA.5.2.26:1;BA.2.18:180;BE.1.1:22;BA.2:907;BA.4:12;BA.5.2.18:1;BA.2.12.1:255;BA.2.23:52;BA.2.36:128;BA.4.5:1;BA.2.63:46;BQ.1.10:1;BE.1.1.2:3;BA.2.10:37;BA.2.29:47;BF.10:9;BF.26:7;BA.5.2.1:142;BA.5.1:159;BF.7:52;BQ.1.1.22:5;BA.5.2.9:5;BA.5.9:1;BQ.1.14:1;BA.5.2.28:1;BA.5.6:38;BA.4.6.5:1;BA.2.75:53;BA.5.1.21:2;BA.5:67;BA.5.2.27:29;BA.2.3.2:1;BA.2.10.1:5;BA.5.2.34:1;XE:1;BQ.1.1.15:1;BA.4.1.8:1;BA.2.9.3:42;XBB.2:7;BU.1:2;BA.5.1.22:5;BA.5.2.7:2;BA.2.65:10;BQ.1.1:21;BF.7.4:1;BA.2.37:3;BF.3:1;BQ.1.12:1;BA.2.56:3;BE.4:2;BA.2.62:2;BA.2.40.1:1;BN.1.3.1:1;BA.5.3.2:1;BA.4.1.9:3;BA.5.1.12:4;BE.1:6;CM.2:2;BA.5.1.3:13;BA.5.3.3:1;BA.5.1.23:12;BF.27:2;BA.5.2.3:1;BE.7:2;BA.5.5.1:2;BF.4:12;BA.5.8:5;BF.7.5:16;BF.8:2;BA.5.2.21:2;BQ.1.1.5:1;BA.5.2.6:6;BQ.1.1.6:1;BA.5.1.10:1;BA.2.76:1;BA.2.75.2:1;BA.2.9.4:1;BA.5.1.1:3;BF.21:3;BA.2.3.16:1;BA.2.74:2;BA.2.75.10:1;BA.5.10:3;BA.5.2.11:2;BA.2.82:1;BA.2.22:1;BQ.1.22:1;BF.7.4.1:1;BA.5.2.35:10;BE.1.4:1;BA.5.5.2:3;BA.5.1.30:1;BA.2.8:1;BA.2.24:1;BA.2.3.1:4;BF.22:2;BF.11:1;BA.2.9.5:1;XBB.1:1;BA.5.1.27:1;BA.2.3.13:2;BA.5.5.3:1;BA.2.43:1;BA.5.2.12:1;BF.14:1;BA.5.1.24:1;BQ.1.1.25:1;BA.5.1.15:1;BA.2.2:1
2262026,BA.2_0.005_abundance_0.15,C29367T;G29427T;A29510T;A29622C,N:P365L;N:R385I;N:S413C;ORF10:N22T,12,766,0.0156657963446475,0,
2262026,BA.2_0.005_abundance_0.15,G29427T;A29510T;A29622C,N:R385I;N:S413C;ORF10:N22T,51,766,0.0665796344647519,0,
3052026,BA.2_0.005_abundance_0.15,A439C;T467A;T670G,ORF1a:K58N;ORF1a:Y68N;ORF1a:S135R,327,4591,0.0712263123502505,0,
3052026,BA.2_0.005_abundance_0.15,T467A;T670G,ORF1a:Y68N;ORF1a:S135R,318,4591,0.0692659551296013,9,BA.5.5:1;BQ.1.1:1;BA.2:2;BA.5.2.1:1;BA.5.1.1:2;BA.5.2:2
3052026,BA.2_0.005_abundance_0.15,T670G;A916C,ORF1a:S135R;ORF1a:E217D,109,406,0.2684729064039409,2,BA.2:1;BA.5.1:1
3052026,BA.2_0.005_abundance_0.15,T670G;A905G,ORF1a:S135R;ORF1a:T214A,37,406,0.0911330049261083,121,BF.7:2;BQ.1.1.19:1;BE.1:3;BA.5.1.10:64;BA.5.2:23;BA.5.2.1:7;BF.31:2;BF.8:9;BQ.1.1:1;BA.2:5;BA.2.12.1:1;BE.1.1:1;BA.5.1:1;BE.4:1
3052026,BA.2_0.005_abundance_0.15,T670G;A905G;A916C,ORF1a:S135R;ORF1a:T214A;ORF1a:E217D,14,406,0.0344827586206896,0,
3052026,BA.2_0.005_abundance_0.15,T670G;A808T,ORF1a:S135R;ORF1a:A181A,6,434,0.0138248847926267,82,BA.4.1.8:22;BA.2.12:2;BA.5.6:8;BA.2:16;BA.5.2:5;BA.2.3.17:1;BE.2:1;BA.2.10:2;BA.5.2.1:13;BF.7:1;BA.2.3:1;BA.4.1:3;BA.2.12.1:5;BA.2.9:1;BF.12:1
3052026,BA.2_0.005_abundance_0.15,A905G;A916C,ORF1a:T214A;ORF1a:E217D,154,3929,0.0391957241028251,0,
3052026,BA.2_0.005_abundance_0.15,A1624T;C1713A,ORF1a:I453I;ORF1a:S483Y,20,1117,0.0179051029543419,0,
3052026,BA.2_0.005_abundance_0.15,T2373C;A2400C,ORF1a:L703S;ORF1a:H712P,37,2472,0.014967637540453,0,
3052026,BA.2_0.005_abundance_0.15,T2868G;C3037T,ORF1a:V868G;ORF1a:F924F,45,237,0.189873417721519,2,BA.1:1;B.1.1.7:1
3052026,BA.2_0.005_abundance_0.15,G2944T;C3037T;T3171C,ORF1a:L893L;ORF1a:F924F;ORF1a:L969P,5,103,0.0485436893203883,0,
3052026,BA.2_0.005_abundance_0.15,C4320T;C4321T;A4350G,ORF1a:A1352V;ORF1a:A1352A;ORF1a:N1362S,11,92,0.1195652173913043,0,
3052026,BA.2_0.005_abundance_0.15,A4774T;G4836T;A4853T,ORF1a:E1503D;ORF1a:G1524V;ORF1a:R1530*,112,1063,0.1053621825023518,0,
3052026,BA.2_0.005_abundance_0.15,A4774T;G4836T;A4853T;A4967C,ORF1a:E1503D;ORF1a:G1524V;ORF1a:R1530*;ORF1a:I1568L,35,872,0.040137614678899,0,
3052026,BA.2_0.005_abundance_0.15,A4967C;A4970T,ORF1a:I1568L;ORF1a:K1569*,153,827,0.185006045949214,0,
3052026,BA.2_0.005_abundance_0.15,A5620C;A5671G,ORF1a:I1785I;ORF1a:S1802S,21,355,0.0591549295774647,0,
3052026,BA.2_0.005_abundance_0.15,A5949C;C5997T;C6037A;C6114T;A6183C,ORF1a:K1895T;ORF1a:P1911L;ORF1a:S1924R;ORF1a:P1950L;ORF1a:K1973T,43,1147,0.037489102005231,0,
3052026,BA.2_0.005_abundance_0.15,A5949C;C6037A;C6114T;A6183C,ORF1a:K1895T;ORF1a:S1924R;ORF1a:P1950L;ORF1a:K1973T,106,1147,0.092414995640802,0,
3052026,BA.2_0.005_abundance_0.15,T5962G;C5997T,ORF1a:Y1899*;ORF1a:P1911L,71,1241,0.0572119258662369,1,B.1.1.7:1
3052026,BA.2_0.005_abundance_0.15,T5962G;T5984G,ORF1a:Y1899*;ORF1a:F1907V,17,1241,0.0136986301369863,0,
3052026,BA.2_0.005_abundance_0.15,T5984G;C5997T,ORF1a:F1907V;ORF1a:P1911L,33,1241,0.0265914585012087,0,
3052026,BA.2_0.005_abundance_0.15,C6555A;A6561C,ORF1a:A2097D;ORF1a:Y2099S,14,738,0.018970189701897,0,
3052026,BA.2_0.005_abundance_0.15,C6555A;A6590C,ORF1a:A2097D;ORF1a:K2109Q,45,738,0.0609756097560975,0,
3052026,BA.2_0.005_abundance_0.15,A6590C;A6722T;A6729T;G6816T,ORF1a:K2109Q;ORF1a:T2153S;ORF1a:N2155I;ORF1a:R2184I,10,659,0.015174506828528,0,
3052026,BA.2_0.005_abundance_0.15,A6722T;A6729T;G6816T,ORF1a:T2153S;ORF1a:N2155I;ORF1a:R2184I,86,659,0.1305007587253414,0,
3052026,BA.2_0.005_abundance_0.15,T7084C;T7176G;G7273T,ORF1a:S2273S;ORF1a:L2304*;ORF1a:R2336S,19,155,0.1225806451612903,0,
3052026,BA.2_0.005_abundance_0.15,T7084C;T7144G;T7176G;G7273T,ORF1a:S2273S;ORF1a:S2293R;ORF1a:L2304*;ORF1a:R2336S,5,155,0.032258064516129,0,
3052026,BA.2_0.005_abundance_0.15,G7664A;G7791A,ORF1a:D2467N;ORF1a:G2509D,28,172,0.1627906976744186,0,
3052026,BA.2_0.005_abundance_0.15,T8142G;T8286A,ORF1a:L2626*;ORF1a:M2674K,95,533,0.1782363977485928,0,
3052026,BA.2_0.005_abundance_0.15,G9087T;T9135A;T9172C,ORF1a:G2941V;ORF1a:M2957K;ORF1a:L2969L,114,838,0.1360381861575179,0,
3052026,BA.2_0.005_abundance_0.15,T9316C;C9344T;A9424G;C9534T,ORF1a:V3017V;ORF1a:L3027F;ORF1a:V3053V;ORF1a:T3090I,20,263,0.0760456273764258,274,BA.2.10:3;BA.5.2.20:3;BA.4.1:1;BF.7:51;BA.5.1:36;BA.5.6:10;BQ.1.23:1;BA.2:94;BA.5.5:2;BA.2.9:9;BA.2.3:1;BE.1.1:4;BA.5.1.30:1;BA.5.2.1:28;BA.4.6.4:1;BA.5.2:8;BQ.1.2:1;BA.2.12.1:4;BA.5.1.2:2;BM.1:1;BE.5:2;BA.2.75:3;BQ.1.1:1;BF.7.4:1;BA.2.8:2;BQ.1.1.11:1;BA.5.11:1;BF.26:2
3052026,BA.2_0.005_abundance_0.15,T9316C;A9338C;C9344T;A9424G;C9534T,ORF1a:V3017V;ORF1a:N3025H;ORF1a:L3027F;ORF1a:V3053V;ORF1a:T3090I,5,263,0.0190114068441064,0,
3052026,BA.2_0.005_abundance_0.15,A9338C;C9344T;A9424G;C9534T,ORF1a:N3025H;ORF1a:L3027F;ORF1a:V3053V;ORF1a:T3090I,32,263,0.1216730038022813,6,BA.2:2;BA.5.11:3;BF.8:1
3052026,BA.2_0.005_abundance_0.15,A9338C;C9344T;A9424G,ORF1a:N3025H;ORF1a:L3027F;ORF1a:V3053V,10,309,0.0323624595469255,6,BA.2:2;BA.5.11:3;BF.8:1
3052026,BA.2_0.005_abundance_0.15,C9534T;G9648T,ORF1a:T3090I;ORF1a:W3128L,12,133,0.0902255639097744,3,BA.2:1;B.1:1;BA.5.2:1
3052026,BA.2_0.005_abundance_0.15,C9534T;T9566C;C9808G,ORF1a:T3090I;ORF1a:L3101L;ORF1a:C3181W,17,117,0.1452991452991453,0,
3052026,BA.2_0.005_abundance_0.15,C9534T;T9566C;G9648T;C9808G,ORF1a:T3090I;ORF1a:L3101L;ORF1a:W3128L;ORF1a:C3181W,9,117,0.0769230769230769,0,
3052026,BA.2_0.005_abundance_0.15,C9534T;C9808G,ORF1a:T3090I;ORF1a:C3181W,38,117,0.3247863247863248,0,
3052026,BA.2_0.005_abundance_0.15,C9534T;G9648T;C9808G,ORF1a:T3090I;ORF1a:W3128L;ORF1a:C3181W,11,117,0.094017094017094,0,
3052026,BA.2_0.005_abundance_0.15,C9534T;T9690C;C9808G,ORF1a:T3090I;ORF1a:I3142T;ORF1a:C3181W,10,117,0.0854700854700854,0,
3052026,BA.2_0.005_abundance_0.15,C9534T;T9690C,ORF1a:T3090I;ORF1a:I3142T,5,133,0.037593984962406,80,BA.5.2.21:1;BA.2.10:2;BF.7.6:3;BA.5.3.5:4;BA.5.5:37;BA.4.6:3;BA.2.75:2;BA.2:11;BA.5.1.2:2;BA.2.47:1;BA.2.9:4;BA.5.2.9:1;BA.2.75.5:2;BF.5:5;BF.26:1;BA.5.2:1
3052026,BA.2_0.005_abundance_0.15,C10449A;A10555T,ORF1a:P3395H;ORF1a:L3430F,193,540,0.3574074074074074,0,
3052026,BA.2_0.005_abundance_0.15,C10449A;G10638C,ORF1a:P3395H;ORF1a:G3458A,46,512,0.08984375,28,BA.1.1:5;BA.2:7;BA.1.1.1:2;BA.2.12.1:2;BF.7.6:1;BA.1.17:2;BA.5.2.1:1;BA.5.5:1;BQ.1.1:1;BA.2.9:1;BA.1.17.2:1;BA.2.74:1;BA.5.1.30:1;AY.121:1;BA.1.14:1
3052026,BA.2_0.005_abundance_0.15,C10449A;A10555T;G10638C,ORF1a:P3395H;ORF1a:L3430F;ORF1a:G3458A,30,512,0.05859375,0,
3052026,BA.2_0.005_abundance_0.15,T10836C;T10966A,ORF1a:V3524A;ORF1a:T3567T,73,775,0.0941935483870967,0,
3052026,BA.2_0.005_abundance_0.15,G11222T;C11232G;A11360G,ORF1a:V3653F;ORF1a:P3656R;ORF1a:T3699A,6,290,0.0206896551724137,0,
3052026,BA.2_0.005_abundance_0.15,G11222T;A11360G,ORF1a:V3653F;ORF1a:T3699A,47,290,0.1620689655172413,0,
3052026,BA.2_0.005_abundance_0.15,A11360G;T11459A,ORF1a:T3699A;ORF1a:S3732T,193,1243,0.1552695092518101,0,
3052026,BA.2_0.005_abundance_0.15,C11775T;T11864G,ORF1a:A3837V;ORF1a:C3867G,157,1195,0.1313807531380753,0,
3052026,BA.2_0.005_abundance_0.15,C11775T;T11864G;T11915C,ORF1a:A3837V;ORF1a:C3867G;ORF1a:S3884P,37,187,0.1978609625668449,0,
3052026,BA.2_0.005_abundance_0.15,T11915C;A12159G;T12182G,ORF1a:S3884P;ORF1a:E3965G;ORF1a:S3973A,403,2755,0.1462794918330308,0,
3052026,BA.2_0.005_abundance_0.15,A12159G;T12182G;A12303G;G12332T,ORF1a:E3965G;ORF1a:S3973A;ORF1a:Y4013C;ORF1a:A4023S,93,721,0.1289875173370319,0,
3052026,BA.2_0.005_abundance_0.15,T12752G;A12780G;C12880T;A12991G;C13059G,ORF1a:C4163G;ORF1a:Y4172C;ORF1a:I4205I;ORF1a:V4242V;ORF1a:T4265S,34,330,0.103030303030303,0,
3052026,BA.2_0.005_abundance_0.15,T12752G;A12780G;C12880T,ORF1a:C4163G;ORF1a:Y4172C;ORF1a:I4205I,46,1267,0.0363062352012628,0,
3052026,BA.2_0.005_abundance_0.15,T12752G;A12780G;C12880T;A12991G,ORF1a:C4163G;ORF1a:Y4172C;ORF1a:I4205I;ORF1a:V4242V,104,1191,0.0873215785054576,0,
3052026,BA.2_0.005_abundance_0.15,T12752G;A12780G;C12880T;C13059G,ORF1a:C4163G;ORF1a:Y4172C;ORF1a:I4205I;ORF1a:T4265S,6,330,0.0181818181818181,0,
3052026,BA.2_0.005_abundance_0.15,C12880T;A12991G,ORF1a:I4205I;ORF1a:V4242V,848,1251,0.6778577138289369,89,BA.2.3.1:1;BA.5.2.1:1;BA.5.2.20:1;BA.2:37;BA.5.3:21;BA.5.2:5;BF.5:1;BF.14:4;AY.103:1;BA.5.1.3:2;BA.2.9:5;BA.2.12.1:1;BA.5.6:1;BA.5.8:1;BA.2.75:2;BF.31:2;BA.5.2.7:1;BA.5.1:2
3052026,BA.2_0.005_abundance_0.15,C13059G;C13101G;A13203C,ORF1a:T4265S;ORF1a:A4279G;ORF1a:E4313A,310,2089,0.1483963618956438,0,
3052026,BA.2_0.005_abundance_0.15,G13651C;A13791C;A13928T,ORF1b:V62L;ORF1b:Q108H;ORF1b:Y154F,26,151,0.1721854304635761,0,
3052026,BA.2_0.005_abundance_0.15,G13651C;A13791C,ORF1b:V62L;ORF1b:Q108H,5,170,0.0294117647058823,0,
3052026,BA.2_0.005_abundance_0.15,G14335T;T14382C;C14408T,ORF1b:V290F;ORF1b:N305N;ORF1b:P314L,121,932,0.1298283261802575,2,B.1.1.63:2
3052026,BA.2_0.005_abundance_0.15,G14335T;T14382C;C14407G;C14408T,ORF1b:V290F;ORF1b:N305N;ORF1b:P314A;ORF1b:P314L,30,932,0.0321888412017167,0,
3052026,BA.2_0.005_abundance_0.15,C14407G;C14408T;C14479G,ORF1b:P314A;ORF1b:P314L;ORF1b:H338D,14,867,0.0161476355247981,0,
3052026,BA.2_0.005_abundance_0.15,C14408T;C14479G,ORF1b:P314L;ORF1b:H338D,27,867,0.0311418685121107,2,B.1.617.1:1;B.1.1.216:1
3052026,BA.2_0.005_abundance_0.15,G14580T;T14606A;T14803C;G14810T,ORF1b:M371I;ORF1b:L380Q;ORF1b:Y446H;ORF1b:R448L,7,240,0.0291666666666666,0,
3052026,BA.2_0.005_abundance_0.15,G14580T;T14606A;T14803C,ORF1b:M371I;ORF1b:L380Q;ORF1b:Y446H,27,240,0.1125,0,
3052026,BA.2_0.005_abundance_0.15,T14606A;T14803C;G14810T,ORF1b:L380Q;ORF1b:Y446H;ORF1b:R448L,15,727,0.0206327372764786,0,
3052026,BA.2_0.005_abundance_0.15,T14606A;T14803C,ORF1b:L380Q;ORF1b:Y446H,60,727,0.0825309491059147,0,
3052026,BA.2_0.005_abundance_0.15,T15420G;C15509T,ORF1b:A651A;ORF1b:A681V,55,1650,0.0333333333333333,0,
3052026,BA.2_0.005_abundance_0.15,C15509T;T15563A;C15714T,ORF1b:A681V;ORF1b:L699*;ORF1b:L749L,69,489,0.1411042944785276,0,
3052026,BA.2_0.005_abundance_0.15,C15509T;C15714T,ORF1b:A681V;ORF1b:L749L,52,489,0.1063394683026584,1,BA.2.12.1:1
3052026,BA.2_0.005_abundance_0.15,C15509T;T15563A;G15652C;C15714T;A15788T,ORF1b:A681V;ORF1b:L699*;ORF1b:D729H;ORF1b:L749L;ORF1b:K774M,11,448,0.0245535714285714,0,
3052026,BA.2_0.005_abundance_0.15,C15509T;G15652C;C15714T;A15788T,ORF1b:A681V;ORF1b:D729H;ORF1b:L749L;ORF1b:K774M,8,448,0.0178571428571428,0,
3052026,BA.2_0.005_abundance_0.15,T15563A;G15652C;C15714T;A15788T,ORF1b:L699*;ORF1b:D729H;ORF1b:L749L;ORF1b:K774M,355,4200,0.0845238095238095,0,
3052026,BA.2_0.005_abundance_0.15,T15563A;C15714T,ORF1b:L699*;ORF1b:L749L,2201,4508,0.488243123336291,0,
3052026,BA.2_0.005_abundance_0.15,G15652C;C15714T;A15788T,ORF1b:D729H;ORF1b:L749L;ORF1b:K774M,242,4205,0.0575505350772889,0,
3052026,BA.2_0.005_abundance_0.15,G17329C;C17410T,ORF1b:E1288Q;ORF1b:R1315C,93,3081,0.0301850048685491,0,
3052026,BA.2_0.005_abundance_0.15,C17410T;A17614T,ORF1b:R1315C;ORF1b:K1383*,8,101,0.0792079207920792,1,BA.2.5:1
3052026,BA.2_0.005_abundance_0.15,A17614T;C17617A,ORF1b:K1383*;ORF1b:L1384I,10,873,0.0114547537227949,0,
3052026,BA.2_0.005_abundance_0.15,G17814C;T17870C,ORF1b:L1449F;ORF1b:I1468T,97,624,0.1554487179487179,0,
3052026,BA.2_0.005_abundance_0.15,A18163G;C18206A,ORF1b:I1566V;ORF1b:S1580Y,44,626,0.0702875399361022,2,BA.5.2:1;BA.2:1
3052026,BA.2_0.005_abundance_0.15,A18163G;C18206A;T18249A,ORF1b:I1566V;ORF1b:S1580Y;ORF1b:P1594P,6,590,0.0101694915254237,0,
3052026,BA.2_0.005_abundance_0.15,A18163G;T18249A,ORF1b:I1566V;ORF1b:P1594P,44,590,0.0745762711864406,62,BA.1.18:1;BQ.1.2:1;BA.2.3:1;BA.2.9.6:7;BA.2:35;BA.4.1:4;BA.1.1:8;BA.5.1.3:1;BA.1:4
3052026,BA.2_0.005_abundance_0.15,G18337T;T18539G;T18561A,ORF1b:A1624S;ORF1b:V1691G;ORF1b:L1698L,75,569,0.1318101933216168,0,
3052026,BA.2_0.005_abundance_0.15,T18690G;C18724G,ORF1b:F1741L;ORF1b:H1753D,80,2441,0.0327734535026628,0,
3052026,BA.2_0.005_abundance_0.15,T18690G;G18720A,ORF1b:F1741L;ORF1b:W1751*,28,2441,0.0114707087259319,0,
3052026,BA.2_0.005_abundance_0.15,G18720A;C18724G,ORF1b:W1751*;ORF1b:H1753D,100,2441,0.0409668168783285,0,
3052026,BA.2_0.005_abundance_0.15,A19031C;A19142G,ORF1b:D1855A;ORF1b:Y1892C,20,1962,0.0101936799184505,0,
3052026,BA.2_0.005_abundance_0.15,A19031C;T19143G;A19163G,ORF1b:D1855A;ORF1b:Y1892*;ORF1b:D1899G,32,1962,0.0163098878695209,0,
3052026,BA.2_0.005_abundance_0.15,A19031C;A19142G;T19143G,ORF1b:D1855A;ORF1b:Y1892C;ORF1b:Y1892*,29,1962,0.0147808358817533,0,
3052026,BA.2_0.005_abundance_0.15,A19031C;T19143G,ORF1b:D1855A;ORF1b:Y1892*,113,1962,0.0575942915392456,0,
3052026,BA.2_0.005_abundance_0.15,A19142G;T19143G,ORF1b:Y1892C;ORF1b:Y1892*,211,1964,0.1074338085539714,0,
3052026,BA.2_0.005_abundance_0.15,A19142G;T19143G;A19163G,ORF1b:Y1892C;ORF1b:Y1892*;ORF1b:D1899G,52,1964,0.0264765784114052,0,
3052026,BA.2_0.005_abundance_0.15,T19143G;A19163G,ORF1b:Y1892*;ORF1b:D1899G,140,1964,0.0712830957230142,0,
3052026,BA.2_0.005_abundance_0.15,T19143G;A19195T,ORF1b:Y1892*;ORF1b:N1910Y,28,1964,0.0142566191446028,0,
3052026,BA.2_0.005_abundance_0.15,T19143G;G19254C,ORF1b:Y1892*;ORF1b:V1929V,30,1380,0.0217391304347826,0,
3052026,BA.2_0.005_abundance_0.15,T19143G;C19151T,ORF1b:Y1892*;ORF1b:A1895V,28,1964,0.0142566191446028,0,
3052026,BA.2_0.005_abundance_0.15,G20725A;T20731G;T20833G,ORF1b:E2420K;ORF1b:C2422G;ORF1b:L2456V,43,305,0.140983606557377,0,
3052026,BA.2_0.005_abundance_0.15,T20833G;T20912G,ORF1b:L2456V;ORF1b:L2482*,31,391,0.0792838874680307,0,
3052026,BA.2_0.005_abundance_0.15,T20833G;T20912G;A21026C,ORF1b:L2456V;ORF1b:L2482*;ORF1b:K2520T,29,391,0.0741687979539642,0,
3052026,BA.2_0.005_abundance_0.15,G21148T;C21221T;T21235G;T21252A,ORF1b:G2561*;ORF1b:A2585V;ORF1b:F2590V;ORF1b:N2595K,15,753,0.0199203187250996,0,
3052026,BA.2_0.005_abundance_0.15,C21221T;T21235G;T21252A,ORF1b:A2585V;ORF1b:F2590V;ORF1b:N2595K,68,753,0.0903054448871182,0,
3052026,BA.2_0.005_abundance_0.15,C21221T;T21235G;T21252A;G21424C,ORF1b:A2585V;ORF1b:F2590V;ORF1b:N2595K;ORF1b:G2653R,7,71,0.0985915492957746,0,
3052026,BA.2_0.005_abundance_0.15,C21816A;T21854C;G21987A,S:P85Q;S:S98P;S:G142D,53,736,0.0720108695652173,0,
3052026,BA.2_0.005_abundance_0.15,C21816A;G21987A,S:P85Q;S:G142D,73,736,0.0991847826086956,41,B.1.617.2:2;AY.69:1;AY.127:1;AY.4.2:1;AY.122:5;AY.43:1;AY.42:1;AY.29:7;AY.5.4:1;AY.39:1;AY.25:1;AY.46.6:1;BA.1.15:1;AY.119:3;AY.4:1;AY.103:2;BA.1.18:1;AY.33:1;BA.4.6:1;BA.2:1;BF.1:1;BQ.1:1;AY.44:1;AY.36:1;BA.1:3
3052026,BA.2_0.005_abundance_0.15,C21816A;T21854C,S:P85Q;S:S98P,9,864,0.0104166666666666,0,
3052026,BA.2_0.005_abundance_0.15,T22039C;T22200G,S:V159V;S:V213G,354,1419,0.2494714587737843,113,BE.1:5;BA.2:95;BA.2.12.1:1;BA.2.18:2;BA.2.65:6;BA.5.1.12:1;BA.2.38.1:1;BA.2.10:1;BA.2.3:1
3052026,BA.2_0.005_abundance_0.15,T22039C;T22200G;T22247C,S:V159V;S:V213G;S:L229L,14,1332,0.0105105105105105,0,
3052026,BA.2_0.005_abundance_0.15,T22200G;T22247C,S:V213G;S:L229L,33,1332,0.0247747747747747,144,BA.2:76;DL.1:2;BE.1.1:1;BA.4.6:6;BA.4:11;BF.10:1;BA.5.1.27:3;BA.5.2.1:1;BQ.1.1:25;BF.26:1;BQ.1.1.24:2;BA.2.12.1:3;BF.1:1;BF.7:3;BA.2.3:2;BA.5.2.8:1;BA.5.1:3;BA.5.5:1;BA.5.2:1
3052026,BA.2_0.005_abundance_0.15,T22200G;T22306A,S:V213G;S:Y248*,105,668,0.1571856287425149,0,
3052026,BA.2_0.005_abundance_0.15,G22578A;T22618C;A22623C;C22674T;T22679C;C22686T;A22688G;G22775A;A22786C;G22813T,S:G339D;S:A352A;S:N354T;S:S371F;S:S373P;S:S375F;S:T376A;S:D405N;S:R408S;S:K417N,146,1137,0.1284080914687775,0,
3052026,BA.2_0.005_abundance_0.15,G22578A;T22618C;A22623C;C22674T;T22679C;C22686T;A22688G,S:G339D;S:A352A;S:N354T;S:S371F;S:S373P;S:S375F;S:T376A,17,1235,0.0137651821862348,0,
3052026,BA.2_0.005_abundance_0.15,G23210C;A23403G,S:G550R;S:D614G,335,3230,0.1037151702786377,0,
3052026,BA.2_0.005_abundance_0.15,G23210C;T23341C;A23403G,S:G550R;S:G593G;S:D614G,93,3230,0.0287925696594427,0,
3052026,BA.2_0.005_abundance_0.15,G23210C;T23214G;A23403G,S:G550R;S:V551G;S:D614G,58,3230,0.0179566563467492,0,
3052026,BA.2_0.005_abundance_0.15,T23214G;A23403G,S:V551G;S:D614G,350,3230,0.1083591331269349,2,BA.1.1:1;AY.122:1
3052026,BA.2_0.005_abundance_0.15,T23214G;T23341C;A23403G,S:V551G;S:G593G;S:D614G,76,3230,0.0235294117647058,0,
3052026,BA.2_0.005_abundance_0.15,G23856A;C23895T;T23906C;G23948T;C24099A,S:R765H;S:T778I;S:F782L;S:D796Y;S:A846D,5,29,0.1724137931034483,0,
3052026,BA.2_0.005_abundance_0.15,A24170T;T24218A;G24257T;A24424T,S:I870F;S:W886R;S:A899S;S:Q954H,61,376,0.1622340425531915,0,
3052026,BA.2_0.005_abundance_0.15,A24170T;T24218A;G24257T,S:I870F;S:W886R;S:A899S,34,589,0.0577249575551782,0,
3052026,BA.2_0.005_abundance_0.15,A24424T;T24481A,S:Q954H;S:I973I,10,56,0.1785714285714285,59,BE.1:52;BA.5.1:1;BA.1.15:1;BF.7:3;BA.1:2
3052026,BA.2_0.005_abundance_0.15,T25152C;G25249C,S:L1197P;S:M1229I,32,1179,0.0271416454622561,0,
3052026,BA.2_0.005_abundance_0.15,A25372T;C25584T,S:L1270F;ORF3a:T64T,353,2644,0.1335098335854765,5,BA.5.2:1;BA.2:2;BA.5:1;BQ.1.1.13:1
3052026,BA.2_0.005_abundance_0.15,G25954C;C25989A;C26270T,ORF3a:G188R;ORF3a:D199E;E:T9I,5,54,0.0925925925925925,0,
3052026,BA.2_0.005_abundance_0.15,G26199C;C26270T,ORF3a:T269T;E:T9I,12,54,0.2222222222222222,111,XBB.1:1;BQ.1.10:1;BA.5.2.21:13;BF.5:4;BE.1.1:2;BQ.1.1.4:1;BA.2:10;BA.1.17:1;BA.5.2.18:10;BF.18:7;BA.5.2:14;BA.2.75:5;BA.1.1:2;BA.2.9:4;BA.5.6:2;BA.5.1.22:1;BA.2.12.1:4;BQ.1.25:3;BF.26:3;BA.5.2.1:9;BA.1.1.11:1;BA.5.9:3;BA.5.1.3:1;BF.10:1;BA.1.17.2:2;BQ.1:1;BA.2.3:1;BQ.1.1.15:1;BA.5.1.24:2;BQ.1.3:1
3052026,BA.2_0.005_abundance_0.15,C26270T;A26378G,E:T9I;E:N45S,19,65,0.2923076923076923,1,BA.1:1
3052026,BA.2_0.005_abundance_0.15,C26577G;A26667C;G26709A,M:Q19E;M:I49L;M:A63T,187,2689,0.0695425808850874,23,BA.5.2.1:10;BA.5.1.22:1;BA.2.67:2;BA.1.1:5;BA.1:1;BA.2:1;BE.1:1;BA.2.12.1:1;BA.5.2:1
3052026,BA.2_0.005_abundance_0.15,C26577G;A26667C;G26709A;C26858T,M:Q19E;M:I49L;M:A63T;M:F112F,1059,2361,0.4485387547649301,5,BA.2.67:2;BA.2:1;BE.1:1;BA.2.12.1:1
3052026,BA.2_0.005_abundance_0.15,C26577G;A26578T;A26667C;G26709A;C26858T,M:Q19E;M:Q19L;M:I49L;M:A63T;M:F112F,190,2361,0.0804743752647183,0,
3052026,BA.2_0.005_abundance_0.15,C26577G;A26578T;G26709A;C26858T,M:Q19E;M:Q19L;M:A63T;M:F112F,183,2361,0.0775095298602287,0,
3052026,BA.2_0.005_abundance_0.15,C26577G;A26578T;A26667C;G26709A,M:Q19E;M:Q19L;M:I49L;M:A63T,31,2689,0.0115284492376348,0,
3052026,BA.2_0.005_abundance_0.15,A27983T;G28038T,ORF8:P30P;ORF8:V49L,8,140,0.0571428571428571,1,BA.5.2:1
3052026,BA.2_0.005_abundance_0.15,T28151A;A28222G;T28251A;C28311T;C28331G,ORF8:F86L;ORF8:E110G;ORF8:F120I;N:P13L;N:P20A,212,1569,0.1351179094964945,0,
3052026,BA.2_0.005_abundance_0.15,T28151A;A28222G;T28251A;C28311T;C28313T;C28331G,ORF8:F86L;ORF8:E110G;ORF8:F120I;N:P13L;N:R14C;N:P20A,18,1569,0.011472275334608,0,
3052026,BA.2_0.005_abundance_0.15,C28311T;C28313T,N:P13L;N:R14C,104,1677,0.0620155038759689,2138,BA.2.23:5;BA.2.38:2;BA.1.20:8;BA.5:8;BF.28:5;BA.5.2.20:17;BF.8:6;BA.5.2:92;BA.5.3.1:7;BA.5.5:14;BA.2.3.12:2;BA.2.9:114;BA.1:133;BF.5:6;BA.2.3:53;BF.31:1;BA.1.1.1:46;BA.5.1:125;BA.4.6:9;BA.2.8:3;BA.2:506;B.1.617.2:1;BA.4:8;BA.1.18:11;BA.2.3.1:2;BA.2.12.1:81;BA.5.2.6:15;BA.1.1:291;BQ.1.1.22:1;B.1.367:1;BA.5.8:3;BE.1:21;BA.5.2.1:88;XAJ:2;BF.7.4.2:1;BA.5.1.4:1;B.1.526:8;BA.1.1.18:15;BG.5:3;BE.3:1;BA.1.1.2:28;BA.5.1.1:4;BA.4.6.5:2;BA.2.40.1:1;XAZ:4;BA.5.6:23;BA.2.1:3;BA.5.1.23:7;BA.1.15.1:10;BA.1.15:48;BA.2.7:1;BA.2.9.5:2;XBB.3:1;BA.1.17:19;BA.2.75:20;BA.1.1.10:1;BA.1.21:3;BA.5.2.12:1;BA.4.1:15;BA.1.17.2:105;BA.2.74:1;BE.1.1:9;BA.5.2.21:5;BA.2.65:2;BA.2.51:1;BA.5.1.8:1;BF.2:2;XM:1;XBB.2:2;BA.2.10:4;BA.5.1.5:1;BA.2.20:1;BF.10:3;BA.2.70:1;BA.2.36:3;BA.2.18:3;BA.2.3.9:1;BA.5.1.22:1;BA.1.14:2;BF.26:1;C.37:6;BF.21:1;BA.2.31:1;BA.5.2.9:4;BA.1.1.11:1;BC.1:6;BA.5.2.28:2;BA.4.2:1;BF.7.4:2;BA.1.14.1:3;BA.5.3:1;BF.13:1;BN.1.3:1;BA.5.1.6:3;BA.5.1.10:2;B.1.2:1;BA.1.1.15:1;BF.7:3;BA.2.81:2;BA.5.9:3;B.1.239:1;BF.11:1;BA.5.10:2;BF.27:3;BA.2.29:1;CH.1.1:1;BA.1.1.14:1;BA.2.9.3:1;BE.1.3:1;BA.2.37:1;BF.22:1;BA.1.1.8:1;BA.2.24:1;BA.2.13:1;BA.2.75.2:1;BA.5.2.35:1;BA.5.2.19:1;BA.1.1.13:1;XBE:1;BA.2.12:1;BA.5.1.27:1;BQ.1.1.19:1;BA.2.56:1;BA.2.47:2;BA.5.2.2:1;BA.5.11:2;BE.1.1.2:1;BA.5.1.24:1;BA.5.1.3:1
3052026,BA.2_0.005_abundance_0.15,A28496C;A28702T,N:N75H;N:K143N,126,822,0.1532846715328467,0,
3052026,BA.2_0.005_abundance_0.15,G28881A;G28882A;G28883C;G28919T,N:R203K;N:R203R;N:G204R;N:D216Y,55,290,0.1896551724137931,51,BA.5.2.1:2;BA.1.1.18:1;BA.2.12.1:3;B.1.1.46:1;BA.1.15:1;BA.2.3:1;BE.1.1:1;BA.5.1:2;B.1.1.7:4;B.1.1.74:1;BA.2:9;BA.1.1:10;BA.2.9:2;BA.1:2;BF.5:2;BA.5.2:4;BF.10:1;BA.1.1.1:1;BA.5.1.10:1;BA.1.17:2
3052026,BA.2_0.005_abundance_0.15,G29427T;A29510T;A29622C,N:R385I;N:S413C;ORF10:N22T,32,251,0.1274900398406374,0,
